ISO-10303-21;
HEADER;
FILE_DESCRIPTION (( 'STEP AP214' ),
    '1' );
FILE_NAME ('MPM3811GG.STEP',
    '2022-08-01T03:04:50',
    ( '' ),
    ( '' ),
    'SwSTEP 2.0',
    'SolidWorks 2017',
    '' );
FILE_SCHEMA (( 'AUTOMOTIVE_DESIGN' ));
ENDSEC;

DATA;
#1 = ORIENTED_EDGE ( 'NONE', *, *, #2846, .F. ) ;
#2 = UNCERTAINTY_MEASURE_WITH_UNIT (LENGTH_MEASURE( 1.000000000000000100E-005 ), #2275, 'distance_accuracy_value', 'NONE');
#3 = CARTESIAN_POINT ( 'NONE',  ( -0.3999999999999999700, 0.0000000000000000000, 0.2000000000000000100 ) ) ;
#4 = DIRECTION ( 'NONE',  ( -0.0000000000000000000, 0.0000000000000000000, -1.000000000000000000 ) ) ;
#5 = DIRECTION ( 'NONE',  ( -0.0000000000000000000, 0.0000000000000000000, -1.000000000000000000 ) ) ;
#6 = VERTEX_POINT ( 'NONE', #3030 ) ;
#7 = CARTESIAN_POINT ( 'NONE',  ( -1.600000000000000100, 0.5000000000000000000, 0.2000000000000000100 ) ) ;
#8 = FILL_AREA_STYLE ('',( #4364 ) ) ;
#9 = CARTESIAN_POINT ( 'NONE',  ( -1.725000000000000100, 1.600000000000000100, 0.0000000000000000000 ) ) ;
#10 = FACE_OUTER_BOUND ( 'NONE', #1612, .T. ) ;
#11 = AXIS2_PLACEMENT_3D ( 'NONE', #4075, #424, #2562 ) ;
#12 = VECTOR ( 'NONE', #2416, 1000.000000000000000 ) ;
#13 = MECHANICAL_DESIGN_GEOMETRIC_PRESENTATION_REPRESENTATION (  '', ( #625 ), #2043 ) ;
#14 = EDGE_CURVE ( 'NONE', #3171, #1175, #4058, .T. ) ;
#15 = DIRECTION ( 'NONE',  ( 1.000000000000000000, 0.0000000000000000000, 0.0000000000000000000 ) ) ;
#16 = CARTESIAN_POINT ( 'NONE',  ( -1.000000000000000000, 0.0000000000000000000, 0.2000000000000000100 ) ) ;
#17 = SURFACE_STYLE_FILL_AREA ( #2397 ) ;
#18 = DIRECTION ( 'NONE',  ( -0.0000000000000000000, 0.0000000000000000000, 1.000000000000000000 ) ) ;
#19 = PRESENTATION_LAYER_ASSIGNMENT (  '', '', ( #1657 ) ) ;
#20 = FILL_AREA_STYLE ('',( #4347 ) ) ;
#21 = SURFACE_SIDE_STYLE ('',( #97 ) ) ;
#22 = SURFACE_STYLE_FILL_AREA ( #1365 ) ;
#23 = UNCERTAINTY_MEASURE_WITH_UNIT (LENGTH_MEASURE( 1.000000000000000100E-005 ), #2717, 'distance_accuracy_value', 'NONE');
#24 = PRESENTATION_STYLE_ASSIGNMENT (( #4712 ) ) ;
#25 =( NAMED_UNIT ( * ) SI_UNIT ( $, .STERADIAN. ) SOLID_ANGLE_UNIT ( ) );
#26 = COLOUR_RGB ( '',0.7529411764705882200, 0.7529411764705882200, 0.7529411764705882200 ) ;
#27 = VECTOR ( 'NONE', #3664, 1000.000000000000000 ) ;
#28 = ORIENTED_EDGE ( 'NONE', *, *, #3503, .T. ) ;
#29 = DIRECTION ( 'NONE',  ( -0.0000000000000000000, 0.0000000000000000000, -1.000000000000000000 ) ) ;
#30 = ADVANCED_FACE ( 'NONE', ( #621 ), #3784, .T. ) ;
#31 = EDGE_CURVE ( 'NONE', #954, #3308, #2469, .T. ) ;
#32 = ORIENTED_EDGE ( 'NONE', *, *, #1639, .F. ) ;
#33 = SURFACE_STYLE_USAGE ( .BOTH. , #2983 ) ;
#34 = PRODUCT_CONTEXT ( 'NONE', #4694, 'mechanical' ) ;
#35 = ORIENTED_EDGE ( 'NONE', *, *, #2468, .F. ) ;
#36 = FACE_OUTER_BOUND ( 'NONE', #1978, .T. ) ;
#37 = VECTOR ( 'NONE', #15, 1000.000000000000000 ) ;
#38 = EDGE_LOOP ( 'NONE', ( #884, #948, #1355, #171 ) ) ;
#39 = MECHANICAL_DESIGN_GEOMETRIC_PRESENTATION_REPRESENTATION (  '', ( #4266 ), #257 ) ;
#40 = ORIENTED_EDGE ( 'NONE', *, *, #2011, .T. ) ;
#41 = CARTESIAN_POINT ( 'NONE',  ( -1.600000000000000100, 1.000000000000000000, 0.2000000000000000100 ) ) ;
#42 = VECTOR ( 'NONE', #4291, 1000.000000000000000 ) ;
#43 = LINE ( 'NONE', #4511, #1353 ) ;
#44 = CARTESIAN_POINT ( 'NONE',  ( -1.850000000000000100, 0.3999999999999999700, 0.0000000000000000000 ) ) ;
#45 = ORIENTED_EDGE ( 'NONE', *, *, #2438, .T. ) ;
#46 = ORIENTED_EDGE ( 'NONE', *, *, #493, .F. ) ;
#47 = CARTESIAN_POINT ( 'NONE',  ( -0.1499999999999999700, 1.000000000000000000, 0.0000000000000000000 ) ) ;
#48 = CARTESIAN_POINT ( 'NONE',  ( -1.600000000000000100, 0.2500000000000000000, 0.2000000000000000100 ) ) ;
#49 = STYLED_ITEM ( 'NONE', ( #1323 ), #868 ) ;
#50 = CARTESIAN_POINT ( 'NONE',  ( -1.850000000000000100, 1.800000000000000300, 0.2000000000000000100 ) ) ;
#51 = VERTEX_POINT ( 'NONE', #1198 ) ;
#52 = APPLICATION_CONTEXT ( 'automotive_design' ) ;
#53 = MECHANICAL_DESIGN_GEOMETRIC_PRESENTATION_REPRESENTATION (  '', ( #1360 ), #605 ) ;
#54 = LINE ( 'NONE', #270, #770 ) ;
#55 = ADVANCED_FACE ( 'NONE', ( #1950 ), #4538, .F. ) ;
#56 = ORIENTED_EDGE ( 'NONE', *, *, #4373, .T. ) ;
#57 = UNCERTAINTY_MEASURE_WITH_UNIT (LENGTH_MEASURE( 1.000000000000000100E-005 ), #4049, 'distance_accuracy_value', 'NONE');
#58 = SURFACE_SIDE_STYLE ('',( #3376 ) ) ;
#59 = VECTOR ( 'NONE', #2240, 1000.000000000000000 ) ;
#60 = PLANE ( 'NONE',  #2348 ) ;
#61 = FILL_AREA_STYLE_COLOUR ( '', #574 ) ;
#62 = DIRECTION ( 'NONE',  ( 0.0000000000000000000, -1.000000000000000000, -0.0000000000000000000 ) ) ;
#63 = CARTESIAN_POINT ( 'NONE',  ( -0.6500000000000001300, 0.1499999999999999900, 0.2000000000000000100 ) ) ;
#64 = VERTEX_POINT ( 'NONE', #2686 ) ;
#65 = PRESENTATION_STYLE_ASSIGNMENT (( #238 ) ) ;
#66 = FILL_AREA_STYLE_COLOUR ( '', #4715 ) ;
#67 = SURFACE_SIDE_STYLE ('',( #4295 ) ) ;
#68 = VECTOR ( 'NONE', #3614, 1000.000000000000000 ) ;
#69 = EDGE_CURVE ( 'NONE', #1000, #533, #249, .T. ) ;
#70 = DIRECTION ( 'NONE',  ( 0.0000000000000000000, -0.0000000000000000000, 1.000000000000000000 ) ) ;
#71 =( GEOMETRIC_REPRESENTATION_CONTEXT ( 3 ) GLOBAL_UNCERTAINTY_ASSIGNED_CONTEXT ( ( #4452 ) ) GLOBAL_UNIT_ASSIGNED_CONTEXT ( ( #654, #4289, #2122 ) ) REPRESENTATION_CONTEXT ( 'NONE', 'WORKASPACE' ) );
#72 = DIRECTION ( 'NONE',  ( 1.000000000000000000, -0.0000000000000000000, 0.0000000000000000000 ) ) ;
#73 = MECHANICAL_DESIGN_GEOMETRIC_PRESENTATION_REPRESENTATION (  '', ( #4564 ), #1773 ) ;
#74 = DIRECTION ( 'NONE',  ( -0.0000000000000000000, 0.0000000000000000000, 1.000000000000000000 ) ) ;
#75 = PRESENTATION_STYLE_ASSIGNMENT (( #3981 ) ) ;
#76 = CARTESIAN_POINT ( 'NONE',  ( -0.4000000000000000200, 1.800000000000000300, 0.2000000000000000100 ) ) ;
#77 = DIRECTION ( 'NONE',  ( 0.0000000000000000000, -0.0000000000000000000, -1.000000000000000000 ) ) ;
#78 = ORIENTED_EDGE ( 'NONE', *, *, #4476, .T. ) ;
#79 = PRESENTATION_LAYER_ASSIGNMENT (  '', '', ( #4632 ) ) ;
#80 = LINE ( 'NONE', #2923, #2226 ) ;
#81 = CARTESIAN_POINT ( 'NONE',  ( -0.1499999999999999700, 0.4000000000000000200, 0.2000000000000000100 ) ) ;
#82 = LINE ( 'NONE', #2509, #921 ) ;
#83 = UNCERTAINTY_MEASURE_WITH_UNIT (LENGTH_MEASURE( 1.000000000000000100E-005 ), #3235, 'distance_accuracy_value', 'NONE');
#84 = VECTOR ( 'NONE', #2764, 1000.000000000000000 ) ;
#85 = VECTOR ( 'NONE', #1005, 1000.000000000000000 ) ;
#86 = ORIENTED_EDGE ( 'NONE', *, *, #2152, .T. ) ;
#87 = LINE ( 'NONE', #446, #3559 ) ;
#88 = CARTESIAN_POINT ( 'NONE',  ( -1.024999999999999900, 1.850000000000000100, 0.2000000000000000100 ) ) ;
#89 = ORIENTED_EDGE ( 'NONE', *, *, #2154, .F. ) ;
#90 = ADVANCED_FACE ( 'NONE', ( #2176 ), #129, .T. ) ;
#91 = EDGE_CURVE ( 'NONE', #2505, #1105, #4638, .T. ) ;
#92 = FILL_AREA_STYLE_COLOUR ( '', #3119 ) ;
#93 = CARTESIAN_POINT ( 'NONE',  ( -0.1499999999999999900, 2.000000000000000000, 0.2000000000000000100 ) ) ;
#94 = ORIENTED_EDGE ( 'NONE', *, *, #3172, .T. ) ;
#95 =( LENGTH_UNIT ( ) NAMED_UNIT ( * ) SI_UNIT ( .MILLI., .METRE. ) );
#96 = FILL_AREA_STYLE ('',( #3345 ) ) ;
#97 = SURFACE_STYLE_FILL_AREA ( #3320 ) ;
#98 = SURFACE_SIDE_STYLE ('',( #309 ) ) ;
#99 = ORIENTED_EDGE ( 'NONE', *, *, #3170, .T. ) ;
#100 = PLANE ( 'NONE',  #3753 ) ;
#101 = VECTOR ( 'NONE', #534, 1000.000000000000000 ) ;
#102 = ORIENTED_EDGE ( 'NONE', *, *, #3821, .F. ) ;
#103 = ORIENTED_EDGE ( 'NONE', *, *, #618, .F. ) ;
#104 = AXIS2_PLACEMENT_3D ( 'NONE', #1215, #127, #3370 ) ;
#105 = FILL_AREA_STYLE_COLOUR ( '', #2807 ) ;
#106 = ADVANCED_FACE ( 'NONE', ( #3326 ), #2323, .T. ) ;
#107 = CARTESIAN_POINT ( 'NONE',  ( -0.1499999999999999900, 0.2000000000000000100, 0.2000000000000000100 ) ) ;
#108 =( GEOMETRIC_REPRESENTATION_CONTEXT ( 3 ) GLOBAL_UNCERTAINTY_ASSIGNED_CONTEXT ( ( #4318 ) ) GLOBAL_UNIT_ASSIGNED_CONTEXT ( ( #3041, #4513, #1193 ) ) REPRESENTATION_CONTEXT ( 'NONE', 'WORKASPACE' ) );
#109 = LINE ( 'NONE', #3241, #1066 ) ;
#110 = EDGE_CURVE ( 'NONE', #449, #2890, #683, .T. ) ;
#111 = DIRECTION ( 'NONE',  ( 0.0000000000000000000, -1.000000000000000000, 0.0000000000000000000 ) ) ;
#112 = CLOSED_SHELL ( 'NONE', ( #900, #844, #1186, #3048, #2980, #1217, #3070, #3824, #3723, #2677, #3262, #4167, #550, #3329, #1927, #406, #4598, #478, #4035, #1652, #3004, #3396, #1593, #106, #602, #1955, #455, #2328, #3026, #177, #3755, #420, #130, #3799, #1934, #1529, #3738, #4191, #3000, #2415, #1294, #1117, #3771, #3704, #3307, #2726, #4490, #4497, #4055, #30 ) ) ;
#113 =( NAMED_UNIT ( * ) SI_UNIT ( $, .STERADIAN. ) SOLID_ANGLE_UNIT ( ) );
#114 = DIRECTION ( 'NONE',  ( -0.0000000000000000000, 0.0000000000000000000, -1.000000000000000000 ) ) ;
#115 = DIRECTION ( 'NONE',  ( 0.0000000000000000000, 0.0000000000000000000, -1.000000000000000000 ) ) ;
#116 = CARTESIAN_POINT ( 'NONE',  ( -1.750000000000000000, 0.5000000000000000000, 0.2000000000000000900 ) ) ;
#117 = ORIENTED_EDGE ( 'NONE', *, *, #3075, .T. ) ;
#118 = UNCERTAINTY_MEASURE_WITH_UNIT (LENGTH_MEASURE( 1.000000000000000100E-005 ), #1712, 'distance_accuracy_value', 'NONE');
#119 = VECTOR ( 'NONE', #1060, 1000.000000000000000 ) ;
#120 = EDGE_CURVE ( 'NONE', #2779, #3850, #1542, .T. ) ;
#121 = EDGE_CURVE ( 'NONE', #313, #859, #4699, .T. ) ;
#122 = DIRECTION ( 'NONE',  ( 1.000000000000000000, 0.0000000000000000000, -0.0000000000000000000 ) ) ;
#123 = CARTESIAN_POINT ( 'NONE',  ( -0.4000000000000000200, 0.1499999999999999900, 0.2000000000000000100 ) ) ;
#124 = LINE ( 'NONE', #1936, #2212 ) ;
#125 = CARTESIAN_POINT ( 'NONE',  ( -0.4000000000000000200, 2.000000000000000000, 0.2000000000000000100 ) ) ;
#126 = DIRECTION ( 'NONE',  ( -0.0000000000000000000, -1.000000000000000000, -0.0000000000000000000 ) ) ;
#127 = DIRECTION ( 'NONE',  ( 0.0000000000000000000, -1.000000000000000000, 0.0000000000000000000 ) ) ;
#128 = VECTOR ( 'NONE', #2111, 1000.000000000000000 ) ;
#129 = PLANE ( 'NONE',  #3938 ) ;
#130 = ADVANCED_FACE ( 'NONE', ( #3720 ), #3096, .T. ) ;
#131 = DIRECTION ( 'NONE',  ( 0.0000000000000000000, 1.000000000000000000, -0.0000000000000000000 ) ) ;
#132 = STYLED_ITEM ( 'NONE', ( #3901 ), #1854 ) ;
#133 = EDGE_CURVE ( 'NONE', #3005, #959, #2575, .T. ) ;
#134 = VECTOR ( 'NONE', #4045, 1000.000000000000000 ) ;
#135 = PRESENTATION_STYLE_ASSIGNMENT (( #2789 ) ) ;
#136 = COLOUR_RGB ( '',0.5019607843137254800, 0.5019607843137254800, 0.5019607843137254800 ) ;
#137 = MECHANICAL_DESIGN_GEOMETRIC_PRESENTATION_REPRESENTATION (  '', ( #2591 ), #3668 ) ;
#138 = FACE_OUTER_BOUND ( 'NONE', #1906, .T. ) ;
#139 = STYLED_ITEM ( 'NONE', ( #1666 ), #2726 ) ;
#140 = DIRECTION ( 'NONE',  ( 0.0000000000000000000, 0.0000000000000000000, 1.000000000000000000 ) ) ;
#141 = ORIENTED_EDGE ( 'NONE', *, *, #3803, .T. ) ;
#142 = STYLED_ITEM ( 'NONE', ( #2975 ), #772 ) ;
#143 = LINE ( 'NONE', #4122, #4252 ) ;
#144 = SURFACE_SIDE_STYLE ('',( #1145 ) ) ;
#145 = CARTESIAN_POINT ( 'NONE',  ( -1.399999999999999900, 1.600000000000000100, 0.2000000000000000100 ) ) ;
#146 = UNCERTAINTY_MEASURE_WITH_UNIT (LENGTH_MEASURE( 1.000000000000000100E-005 ), #1032, 'distance_accuracy_value', 'NONE');
#147 = COLOUR_RGB ( '',0.7529411764705882200, 0.7529411764705882200, 0.7529411764705882200 ) ;
#148 = PRESENTATION_LAYER_ASSIGNMENT (  '', '', ( #4325 ) ) ;
#149 = ORIENTED_EDGE ( 'NONE', *, *, #2154, .T. ) ;
#150 = FILL_AREA_STYLE_COLOUR ( '', #864 ) ;
#151 = FILL_AREA_STYLE ('',( #3757 ) ) ;
#152 = FACE_OUTER_BOUND ( 'NONE', #4379, .T. ) ;
#153 = ORIENTED_EDGE ( 'NONE', *, *, #3012, .F. ) ;
#154 = PRESENTATION_STYLE_ASSIGNMENT (( #4008 ) ) ;
#155 = DIRECTION ( 'NONE',  ( 0.0000000000000000000, -0.0000000000000000000, 1.000000000000000000 ) ) ;
#156 = EDGE_CURVE ( 'NONE', #51, #3685, #348, .T. ) ;
#157 = ORIENTED_EDGE ( 'NONE', *, *, #2103, .F. ) ;
#158 = ADVANCED_FACE ( 'NONE', ( #2174 ), #4259, .F. ) ;
#159 = CARTESIAN_POINT ( 'NONE',  ( -1.000000000000000000, 2.000000000000000000, 0.0000000000000000000 ) ) ;
#160 = EDGE_LOOP ( 'NONE', ( #3510, #2248, #1627, #1785 ) ) ;
#161 = ORIENTED_EDGE ( 'NONE', *, *, #2554, .T. ) ;
#162 = CARTESIAN_POINT ( 'NONE',  ( -1.850000000000000100, 1.600000000000000100, 0.0000000000000000000 ) ) ;
#163 = PRESENTATION_LAYER_ASSIGNMENT (  '', '', ( #246 ) ) ;
#164 =( NAMED_UNIT ( * ) PLANE_ANGLE_UNIT ( ) SI_UNIT ( $, .RADIAN. ) );
#165 = CARTESIAN_POINT ( 'NONE',  ( -1.024999999999999900, 0.1499999999999999900, 0.2000000000000000100 ) ) ;
#166 = VERTEX_POINT ( 'NONE', #2719 ) ;
#167 = SURFACE_STYLE_USAGE ( .BOTH. , #2324 ) ;
#168 = ORIENTED_EDGE ( 'NONE', *, *, #845, .T. ) ;
#169 =( NAMED_UNIT ( * ) SI_UNIT ( $, .STERADIAN. ) SOLID_ANGLE_UNIT ( ) );
#170 = LINE ( 'NONE', #3167, #42 ) ;
#171 = ORIENTED_EDGE ( 'NONE', *, *, #4315, .F. ) ;
#172 = STYLED_ITEM ( 'NONE', ( #2648 ), #2173 ) ;
#173 = ORIENTED_EDGE ( 'NONE', *, *, #1143, .T. ) ;
#174 = STYLED_ITEM ( 'NONE', ( #1374 ), #4035 ) ;
#175 = CARTESIAN_POINT ( 'NONE',  ( -1.000000000000000000, 0.0000000000000000000, 0.0000000000000000000 ) ) ;
#176 = LINE ( 'NONE', #3286, #3813 ) ;
#177 = ADVANCED_FACE ( 'NONE', ( #495 ), #2769, .F. ) ;
#178 = CARTESIAN_POINT ( 'NONE',  ( -0.9000000000000001300, 0.1499999999999999900, 0.2000000000000000100 ) ) ;
#179 = DIRECTION ( 'NONE',  ( 0.0000000000000000000, -0.0000000000000000000, -1.000000000000000000 ) ) ;
#180 = CARTESIAN_POINT ( 'NONE',  ( -0.2750000000000000200, 0.0000000000000000000, 0.2000000000000000100 ) ) ;
#181 =( NAMED_UNIT ( * ) PLANE_ANGLE_UNIT ( ) SI_UNIT ( $, .RADIAN. ) );
#182 = ORIENTED_EDGE ( 'NONE', *, *, #1939, .F. ) ;
#183 = FACE_OUTER_BOUND ( 'NONE', #765, .T. ) ;
#184 = LINE ( 'NONE', #1016, #1378 ) ;
#185 =( LENGTH_UNIT ( ) NAMED_UNIT ( * ) SI_UNIT ( .MILLI., .METRE. ) );
#186 = SURFACE_STYLE_FILL_AREA ( #1457 ) ;
#187 = CARTESIAN_POINT ( 'NONE',  ( -0.2750000000000000200, 0.0000000000000000000, 0.2000000000000000100 ) ) ;
#188 = PLANE ( 'NONE',  #3468 ) ;
#189 = SURFACE_STYLE_FILL_AREA ( #1993 ) ;
#190 = DIRECTION ( 'NONE',  ( 1.000000000000000000, 0.0000000000000000000, -0.0000000000000000000 ) ) ;
#191 = CARTESIAN_POINT ( 'NONE',  ( -1.600000000000000100, 0.5000000000000000000, 0.2000000000000000100 ) ) ;
#192 =( NAMED_UNIT ( * ) SI_UNIT ( $, .STERADIAN. ) SOLID_ANGLE_UNIT ( ) );
#193 = CARTESIAN_POINT ( 'NONE',  ( -1.000000000000000000, 2.000000000000000000, 0.2000000000000000100 ) ) ;
#194 = AXIS2_PLACEMENT_3D ( 'NONE', #1701, #3564, #2804 ) ;
#195 = VECTOR ( 'NONE', #4448, 1000.000000000000000 ) ;
#196 = DIRECTION ( 'NONE',  ( -1.000000000000000000, 0.0000000000000000000, -0.0000000000000000000 ) ) ;
#197 = EDGE_CURVE ( 'NONE', #1953, #578, #1033, .T. ) ;
#198 = VECTOR ( 'NONE', #2133, 1000.000000000000000 ) ;
#199 = COLOUR_RGB ( '',0.5019607843137254800, 0.5019607843137254800, 0.5019607843137254800 ) ;
#200 = ORIENTED_EDGE ( 'NONE', *, *, #2247, .F. ) ;
#201 = CARTESIAN_POINT ( 'NONE',  ( -1.600000000000000100, 0.2999999999999999900, 1.600000000000000100 ) ) ;
#202 = UNCERTAINTY_MEASURE_WITH_UNIT (LENGTH_MEASURE( 1.000000000000000100E-005 ), #4356, 'distance_accuracy_value', 'NONE');
#203 = VERTEX_POINT ( 'NONE', #655 ) ;
#204 = PLANE ( 'NONE',  #2824 ) ;
#205 = CARTESIAN_POINT ( 'NONE',  ( -1.600000000000000100, 1.600000000000000100, 0.0000000000000000000 ) ) ;
#206 = FACE_OUTER_BOUND ( 'NONE', #893, .T. ) ;
#207 = PRESENTATION_STYLE_ASSIGNMENT (( #4701 ) ) ;
#208 = SURFACE_SIDE_STYLE ('',( #3487 ) ) ;
#209 = CARTESIAN_POINT ( 'NONE',  ( -0.6500000000000001300, 0.07499999999999999700, 0.2000000000000000100 ) ) ;
#210 = VERTEX_POINT ( 'NONE', #996 ) ;
#211 = FILL_AREA_STYLE ('',( #2413 ) ) ;
#212 = FACE_OUTER_BOUND ( 'NONE', #1960, .T. ) ;
#213 = FILL_AREA_STYLE_COLOUR ( '', #4507 ) ;
#214 = VERTEX_POINT ( 'NONE', #4686 ) ;
#215 = EDGE_CURVE ( 'NONE', #3359, #4363, #2919, .T. ) ;
#216 = FACE_OUTER_BOUND ( 'NONE', #1237, .T. ) ;
#217 = ORIENTED_EDGE ( 'NONE', *, *, #2530, .F. ) ;
#218 = VERTEX_POINT ( 'NONE', #752 ) ;
#219 = SURFACE_STYLE_USAGE ( .BOTH. , #1256 ) ;
#220 = EDGE_LOOP ( 'NONE', ( #3254, #902, #689, #1965 ) ) ;
#221 = SURFACE_SIDE_STYLE ('',( #1172 ) ) ;
#222 = PRESENTATION_LAYER_ASSIGNMENT (  '', '', ( #4287 ) ) ;
#223 = CARTESIAN_POINT ( 'NONE',  ( -0.4000000000000000200, 0.1499999999999999900, 0.2000000000000000100 ) ) ;
#224 = DIRECTION ( 'NONE',  ( 0.0000000000000000000, -0.0000000000000000000, 1.000000000000000000 ) ) ;
#225 = EDGE_CURVE ( 'NONE', #2940, #2309, #4454, .T. ) ;
#226 = ORIENTED_EDGE ( 'NONE', *, *, #1741, .F. ) ;
#227 = SURFACE_SIDE_STYLE ('',( #2486 ) ) ;
#228 = FILL_AREA_STYLE_COLOUR ( '', #3877 ) ;
#229 = LINE ( 'NONE', #2335, #4094 ) ;
#230 = UNCERTAINTY_MEASURE_WITH_UNIT (LENGTH_MEASURE( 1.000000000000000100E-005 ), #4430, 'distance_accuracy_value', 'NONE');
#231 = STYLED_ITEM ( 'NONE', ( #1778 ), #2707 ) ;
#232 = ORIENTED_EDGE ( 'NONE', *, *, #3247, .T. ) ;
#233 = PRESENTATION_LAYER_ASSIGNMENT (  '', '', ( #2110 ) ) ;
#234 = CARTESIAN_POINT ( 'NONE',  ( -1.600000000000000100, 1.125000000000000200, 0.2000000000000000100 ) ) ;
#235 = MECHANICAL_DESIGN_GEOMETRIC_PRESENTATION_REPRESENTATION (  '', ( #4660 ), #2230 ) ;
#236 = PLANE ( 'NONE',  #815 ) ;
#237 = SURFACE_SIDE_STYLE ('',( #2754 ) ) ;
#238 = SURFACE_STYLE_USAGE ( .BOTH. , #1302 ) ;
#239 = VECTOR ( 'NONE', #1669, 1000.000000000000000 ) ;
#240 = CARTESIAN_POINT ( 'NONE',  ( -1.399999999999999900, 2.000000000000000000, 0.2000000000000000100 ) ) ;
#241 = LINE ( 'NONE', #3773, #3992 ) ;
#242 = EDGE_CURVE ( 'NONE', #2349, #2879, #4240, .T. ) ;
#243 = VECTOR ( 'NONE', #2393, 1000.000000000000000 ) ;
#244 = FACE_OUTER_BOUND ( 'NONE', #2293, .T. ) ;
#245 = CARTESIAN_POINT ( 'NONE',  ( -0.6500000000000001300, 1.850000000000000100, 0.2000000000000000100 ) ) ;
#246 = STYLED_ITEM ( 'NONE', ( #1377 ), #1186 ) ;
#247 = CARTESIAN_POINT ( 'NONE',  ( -0.6500000000000001300, 0.1499999999999999700, 0.0000000000000000000 ) ) ;
#248 = EDGE_CURVE ( 'NONE', #1052, #600, #1822, .T. ) ;
#249 = LINE ( 'NONE', #1947, #2345 ) ;
#250 = DIRECTION ( 'NONE',  ( -0.0000000000000000000, 0.0000000000000000000, 1.000000000000000000 ) ) ;
#251 =( NAMED_UNIT ( * ) SI_UNIT ( $, .STERADIAN. ) SOLID_ANGLE_UNIT ( ) );
#252 = PLANE ( 'NONE',  #194 ) ;
#253 = STYLED_ITEM ( 'NONE', ( #395 ), #2577 ) ;
#254 = FILL_AREA_STYLE ('',( #1335 ) ) ;
#255 = PLANE ( 'NONE',  #789 ) ;
#256 = ORIENTED_EDGE ( 'NONE', *, *, #612, .T. ) ;
#257 =( GEOMETRIC_REPRESENTATION_CONTEXT ( 3 ) GLOBAL_UNCERTAINTY_ASSIGNED_CONTEXT ( ( #3653 ) ) GLOBAL_UNIT_ASSIGNED_CONTEXT ( ( #3867, #3849, #1680 ) ) REPRESENTATION_CONTEXT ( 'NONE', 'WORKASPACE' ) );
#258 = UNCERTAINTY_MEASURE_WITH_UNIT (LENGTH_MEASURE( 1.000000000000000100E-005 ), #1311, 'distance_accuracy_value', 'NONE');
#259 =( GEOMETRIC_REPRESENTATION_CONTEXT ( 3 ) GLOBAL_UNCERTAINTY_ASSIGNED_CONTEXT ( ( #403 ) ) GLOBAL_UNIT_ASSIGNED_CONTEXT ( ( #572, #1280, #1645 ) ) REPRESENTATION_CONTEXT ( 'NONE', 'WORKASPACE' ) );
#260 = ORIENTED_EDGE ( 'NONE', *, *, #863, .F. ) ;
#261 = FILL_AREA_STYLE ('',( #2070 ) ) ;
#262 = ORIENTED_EDGE ( 'NONE', *, *, #4374, .F. ) ;
#263 = VERTEX_POINT ( 'NONE', #4189 ) ;
#264 = DIRECTION ( 'NONE',  ( -1.000000000000000000, -0.0000000000000000000, 0.0000000000000000000 ) ) ;
#265 = EDGE_LOOP ( 'NONE', ( #1161, #2028, #1464, #3533 ) ) ;
#266 = CARTESIAN_POINT ( 'NONE',  ( -0.7750000000000001300, 0.0000000000000000000, 0.2000000000000000100 ) ) ;
#267 = VERTEX_POINT ( 'NONE', #3386 ) ;
#268 = EDGE_CURVE ( 'NONE', #2716, #1871, #1263, .T. ) ;
#269 = ORIENTED_EDGE ( 'NONE', *, *, #4525, .T. ) ;
#270 = CARTESIAN_POINT ( 'NONE',  ( -1.149999999999999900, 1.850000000000000100, 0.2000000000000000100 ) ) ;
#271 = ORIENTED_EDGE ( 'NONE', *, *, #2880, .F. ) ;
#272 = CARTESIAN_POINT ( 'NONE',  ( -2.000000000000000000, 0.8750000000000000000, 0.2000000000000000100 ) ) ;
#273 = DIRECTION ( 'NONE',  ( -0.0000000000000000000, 0.0000000000000000000, 1.000000000000000000 ) ) ;
#274 = VECTOR ( 'NONE', #2514, 1000.000000000000000 ) ;
#275 = ORIENTED_EDGE ( 'NONE', *, *, #4671, .T. ) ;
#276 = AXIS2_PLACEMENT_3D ( 'NONE', #1132, #3702, #2237 ) ;
#277 = FILL_AREA_STYLE_COLOUR ( '', #2391 ) ;
#278 = DIRECTION ( 'NONE',  ( 1.000000000000000000, 0.0000000000000000000, -0.0000000000000000000 ) ) ;
#279 = EDGE_CURVE ( 'NONE', #3684, #4389, #790, .T. ) ;
#280 = FILL_AREA_STYLE ('',( #609 ) ) ;
#281 = UNCERTAINTY_MEASURE_WITH_UNIT (LENGTH_MEASURE( 1.000000000000000100E-005 ), #4684, 'distance_accuracy_value', 'NONE');
#282 = SURFACE_STYLE_USAGE ( .BOTH. , #2818 ) ;
#283 = STYLED_ITEM ( 'NONE', ( #2220 ), #3396 ) ;
#284 = CARTESIAN_POINT ( 'NONE',  ( -0.9000000000000001300, 1.850000000000000100, 0.0000000000000000000 ) ) ;
#285 = EDGE_LOOP ( 'NONE', ( #2657, #4130, #2820, #4394 ) ) ;
#286 = PRESENTATION_LAYER_ASSIGNMENT (  '', '', ( #4695 ) ) ;
#287 = FACE_OUTER_BOUND ( 'NONE', #3226, .T. ) ;
#288 = DIRECTION ( 'NONE',  ( 0.0000000000000000000, -0.0000000000000000000, -1.000000000000000000 ) ) ;
#289 =( GEOMETRIC_REPRESENTATION_CONTEXT ( 3 ) GLOBAL_UNCERTAINTY_ASSIGNED_CONTEXT ( ( #2909 ) ) GLOBAL_UNIT_ASSIGNED_CONTEXT ( ( #3109, #2387, #1299 ) ) REPRESENTATION_CONTEXT ( 'NONE', 'WORKASPACE' ) );
#290 = PLANE ( 'NONE',  #419 ) ;
#292 = DIRECTION ( 'NONE',  ( 0.0000000000000000000, -0.0000000000000000000, -1.000000000000000000 ) ) ;
#291 = LINE ( 'NONE', #3212, #4339 ) ;
#293 = CARTESIAN_POINT ( 'NONE',  ( -1.725000000000000100, 0.2500000000000000000, 0.2000000000000000100 ) ) ;
#294 = DIRECTION ( 'NONE',  ( 0.0000000000000000000, 0.0000000000000000000, 1.000000000000000000 ) ) ;
#295 = EDGE_CURVE ( 'NONE', #1572, #4313, #2116, .T. ) ;
#296 = CARTESIAN_POINT ( 'NONE',  ( -0.9000000000000001300, 1.850000000000000100, 0.2000000000000000100 ) ) ;
#297 = SURFACE_SIDE_STYLE ('',( #3601 ) ) ;
#298 = FACE_OUTER_BOUND ( 'NONE', #415, .T. ) ;
#299 = CARTESIAN_POINT ( 'NONE',  ( -1.675000000000000000, 0.5000000000000000000, 0.0000000000000000000 ) ) ;
#300 = FACE_OUTER_BOUND ( 'NONE', #3248, .T. ) ;
#301 = VECTOR ( 'NONE', #4614, 1000.000000000000000 ) ;
#302 = PRESENTATION_LAYER_ASSIGNMENT (  '', '', ( #3666 ) ) ;
#303 = VERTEX_POINT ( 'NONE', #2271 ) ;
#304 = EDGE_CURVE ( 'NONE', #4203, #1512, #2276, .T. ) ;
#305 = SURFACE_STYLE_FILL_AREA ( #8 ) ;
#306 =( NAMED_UNIT ( * ) PLANE_ANGLE_UNIT ( ) SI_UNIT ( $, .RADIAN. ) );
#307 = ORIENTED_EDGE ( 'NONE', *, *, #2364, .F. ) ;
#308 = STYLED_ITEM ( 'NONE', ( #75 ), #2980 ) ;
#309 = SURFACE_STYLE_FILL_AREA ( #3043 ) ;
#310 = SURFACE_STYLE_USAGE ( .BOTH. , #3204 ) ;
#311 = VECTOR ( 'NONE', #1412, 1000.000000000000000 ) ;
#312 = STYLED_ITEM ( 'NONE', ( #490 ), #420 ) ;
#313 = VERTEX_POINT ( 'NONE', #4505 ) ;
#314 = CARTESIAN_POINT ( 'NONE',  ( -0.6500000000000001300, 1.850000000000000100, 0.0000000000000000000 ) ) ;
#315 = CARTESIAN_POINT ( 'NONE',  ( -0.6500000000000001300, 1.000000000000000000, 0.0000000000000000000 ) ) ;
#316 = VECTOR ( 'NONE', #3275, 1000.000000000000000 ) ;
#317 =( GEOMETRIC_REPRESENTATION_CONTEXT ( 3 ) GLOBAL_UNCERTAINTY_ASSIGNED_CONTEXT ( ( #547 ) ) GLOBAL_UNIT_ASSIGNED_CONTEXT ( ( #661, #4705, #3188 ) ) REPRESENTATION_CONTEXT ( 'NONE', 'WORKASPACE' ) );
#318 = VECTOR ( 'NONE', #756, 1000.000000000000000 ) ;
#319 = ORIENTED_EDGE ( 'NONE', *, *, #2274, .F. ) ;
#320 = EDGE_LOOP ( 'NONE', ( #3899, #880, #2424, #4616 ) ) ;
#321 = ORIENTED_EDGE ( 'NONE', *, *, #4077, .F. ) ;
#322 = CARTESIAN_POINT ( 'NONE',  ( -0.9000000000000001300, 1.925000000000000000, 0.2000000000000000100 ) ) ;
#323 = CARTESIAN_POINT ( 'NONE',  ( -1.600000000000000100, 0.2999999999999999900, 1.600000000000000100 ) ) ;
#324 = EDGE_CURVE ( 'NONE', #3805, #203, #973, .T. ) ;
#325 =( NAMED_UNIT ( * ) SI_UNIT ( $, .STERADIAN. ) SOLID_ANGLE_UNIT ( ) );
#326 = EDGE_CURVE ( 'NONE', #1097, #3295, #440, .T. ) ;
#327 = DIRECTION ( 'NONE',  ( -1.000000000000000000, -0.0000000000000000000, -0.0000000000000000000 ) ) ;
#328 = DIRECTION ( 'NONE',  ( -0.0000000000000000000, -1.000000000000000000, -0.0000000000000000000 ) ) ;
#329 =( LENGTH_UNIT ( ) NAMED_UNIT ( * ) SI_UNIT ( .MILLI., .METRE. ) );
#330 = EDGE_LOOP ( 'NONE', ( #4477, #256, #1418, #375 ) ) ;
#331 = CARTESIAN_POINT ( 'NONE',  ( -1.600000000000000100, 1.125000000000000200, 0.2000000000000000100 ) ) ;
#332 = ORIENTED_EDGE ( 'NONE', *, *, #1640, .T. ) ;
#333 = VECTOR ( 'NONE', #4293, 1000.000000000000000 ) ;
#334 = UNCERTAINTY_MEASURE_WITH_UNIT (LENGTH_MEASURE( 1.000000000000000100E-005 ), #2080, 'distance_accuracy_value', 'NONE');
#335 = MECHANICAL_DESIGN_GEOMETRIC_PRESENTATION_REPRESENTATION (  '', ( #3280 ), #1861 ) ;
#336 = DIRECTION ( 'NONE',  ( 0.0000000000000000000, -0.0000000000000000000, 1.000000000000000000 ) ) ;
#337 = ORIENTED_EDGE ( 'NONE', *, *, #3012, .T. ) ;
#338 = CARTESIAN_POINT ( 'NONE',  ( -1.399999999999999900, 1.800000000000000300, 0.0000000000000000000 ) ) ;
#339 = AXIS2_PLACEMENT_3D ( 'NONE', #165, #4506, #1916 ) ;
#340 = SURFACE_SIDE_STYLE ('',( #3569 ) ) ;
#341 = PRESENTATION_STYLE_ASSIGNMENT (( #1746 ) ) ;
#342 = PLANE ( 'NONE',  #3907 ) ;
#343 = AXIS2_PLACEMENT_3D ( 'NONE', #2256, #111, #2995 ) ;
#344 =( NAMED_UNIT ( * ) SI_UNIT ( $, .STERADIAN. ) SOLID_ANGLE_UNIT ( ) );
#345 = FACE_OUTER_BOUND ( 'NONE', #4546, .T. ) ;
#346 = SURFACE_STYLE_FILL_AREA ( #818 ) ;
#347 = CARTESIAN_POINT ( 'NONE',  ( -1.000000000000000000, 1.000000000000000000, 1.600000000000000100 ) ) ;
#348 = LINE ( 'NONE', #3514, #4401 ) ;
#349 = FILL_AREA_STYLE ('',( #2534 ) ) ;
#350 = VECTOR ( 'NONE', #2198, 1000.000000000000000 ) ;
#351 =( NAMED_UNIT ( * ) SI_UNIT ( $, .STERADIAN. ) SOLID_ANGLE_UNIT ( ) );
#352 = EDGE_CURVE ( 'NONE', #3296, #2408, #1321, .T. ) ;
#353 = COLOUR_RGB ( '',0.7529411764705882200, 0.7529411764705882200, 0.7529411764705882200 ) ;
#354 =( NAMED_UNIT ( * ) PLANE_ANGLE_UNIT ( ) SI_UNIT ( $, .RADIAN. ) );
#355 =( NAMED_UNIT ( * ) SI_UNIT ( $, .STERADIAN. ) SOLID_ANGLE_UNIT ( ) );
#356 = LINE ( 'NONE', #555, #1447 ) ;
#357 = VERTEX_POINT ( 'NONE', #2409 ) ;
#358 = UNCERTAINTY_MEASURE_WITH_UNIT (LENGTH_MEASURE( 1.000000000000000100E-005 ), #4417, 'distance_accuracy_value', 'NONE');
#359 = STYLED_ITEM ( 'NONE', ( #872 ), #1652 ) ;
#360 = VERTEX_POINT ( 'NONE', #539 ) ;
#361 = EDGE_CURVE ( 'NONE', #2085, #1643, #1144, .T. ) ;
#362 = LINE ( 'NONE', #776, #3290 ) ;
#363 = STYLED_ITEM ( 'NONE', ( #1411 ), #3032 ) ;
#364 = PLANE ( 'NONE',  #2961 ) ;
#365 = ORIENTED_EDGE ( 'NONE', *, *, #1585, .T. ) ;
#366 = PRESENTATION_LAYER_ASSIGNMENT (  '', '', ( #4562 ) ) ;
#367 = CARTESIAN_POINT ( 'NONE',  ( -1.850000000000000100, 0.0000000000000000000, 0.0000000000000000000 ) ) ;
#368 = VECTOR ( 'NONE', #4177, 1000.000000000000000 ) ;
#369 = SURFACE_SIDE_STYLE ('',( #4709 ) ) ;
#370 = FILL_AREA_STYLE_COLOUR ( '', #1107 ) ;
#371 = ORIENTED_EDGE ( 'NONE', *, *, #4334, .F. ) ;
#372 = MECHANICAL_DESIGN_GEOMETRIC_PRESENTATION_REPRESENTATION (  '', ( #174 ), #2020 ) ;
#373 = ORIENTED_EDGE ( 'NONE', *, *, #481, .T. ) ;
#374 = ADVANCED_FACE ( 'NONE', ( #4635 ), #2355, .F. ) ;
#375 = ORIENTED_EDGE ( 'NONE', *, *, #4572, .T. ) ;
#376 = EDGE_LOOP ( 'NONE', ( #173, #4545, #2544, #2979 ) ) ;
#377 = DIRECTION ( 'NONE',  ( -1.000000000000000000, -0.0000000000000000000, -0.0000000000000000000 ) ) ;
#378 = CARTESIAN_POINT ( 'NONE',  ( -1.850000000000000100, 1.600000000000000100, 0.2000000000000000100 ) ) ;
#379 = ORIENTED_EDGE ( 'NONE', *, *, #1171, .T. ) ;
#380 =( NAMED_UNIT ( * ) PLANE_ANGLE_UNIT ( ) SI_UNIT ( $, .RADIAN. ) );
#381 = VECTOR ( 'NONE', #418, 1000.000000000000000 ) ;
#382 = PRESENTATION_LAYER_ASSIGNMENT (  '', '', ( #1034 ) ) ;
#383 = UNCERTAINTY_MEASURE_WITH_UNIT (LENGTH_MEASURE( 1.000000000000000100E-005 ), #786, 'distance_accuracy_value', 'NONE');
#384 =( GEOMETRIC_REPRESENTATION_CONTEXT ( 3 ) GLOBAL_UNCERTAINTY_ASSIGNED_CONTEXT ( ( #2473 ) ) GLOBAL_UNIT_ASSIGNED_CONTEXT ( ( #659, #3621, #2911 ) ) REPRESENTATION_CONTEXT ( 'NONE', 'WORKASPACE' ) );
#385 = PRESENTATION_LAYER_ASSIGNMENT (  '', '', ( #1715 ) ) ;
#386 = PRESENTATION_LAYER_ASSIGNMENT (  '', '', ( #2512 ) ) ;
#387 = SURFACE_STYLE_USAGE ( .BOTH. , #658 ) ;
#388 = DIRECTION ( 'NONE',  ( 0.0000000000000000000, -0.0000000000000000000, 1.000000000000000000 ) ) ;
#389 = SURFACE_SIDE_STYLE ('',( #3593 ) ) ;
#390 = STYLED_ITEM ( 'NONE', ( #2745 ), #4055 ) ;
#391 = DIRECTION ( 'NONE',  ( 1.000000000000000000, 0.0000000000000000000, -0.0000000000000000000 ) ) ;
#392 = LINE ( 'NONE', #3934, #4405 ) ;
#393 = SURFACE_STYLE_FILL_AREA ( #489 ) ;
#394 = DIRECTION ( 'NONE',  ( 0.0000000000000000000, -0.0000000000000000000, -1.000000000000000000 ) ) ;
#395 = PRESENTATION_STYLE_ASSIGNMENT (( #4221 ) ) ;
#396 = LINE ( 'NONE', #1106, #3332 ) ;
#397 = DIRECTION ( 'NONE',  ( 0.7071067811865475700, -0.7071067811865475700, 0.0000000000000000000 ) ) ;
#398 = ORIENTED_EDGE ( 'NONE', *, *, #484, .T. ) ;
#399 = CARTESIAN_POINT ( 'NONE',  ( -1.600000000000000100, 1.600000000000000100, 0.2000000000000000100 ) ) ;
#400 = PLANE ( 'NONE',  #1477 ) ;
#401 = ORIENTED_EDGE ( 'NONE', *, *, #1240, .F. ) ;
#402 = FILL_AREA_STYLE_COLOUR ( '', #2864 ) ;
#403 = UNCERTAINTY_MEASURE_WITH_UNIT (LENGTH_MEASURE( 1.000000000000000100E-005 ), #572, 'distance_accuracy_value', 'NONE');
#404 = PRESENTATION_STYLE_ASSIGNMENT (( #2272 ) ) ;
#405 = VERTEX_POINT ( 'NONE', #2786 ) ;
#406 = ADVANCED_FACE ( 'NONE', ( #345 ), #3496, .T. ) ;
#407 = LINE ( 'NONE', #1047, #1847 ) ;
#408 = FILL_AREA_STYLE_COLOUR ( '', #3430 ) ;
#409 = COLOUR_RGB ( '',0.7529411764705882200, 0.7529411764705882200, 0.7529411764705882200 ) ;
#410 = MECHANICAL_DESIGN_GEOMETRIC_PRESENTATION_REPRESENTATION (  '', ( #2217 ), #3363 ) ;
#411 = ORIENTED_EDGE ( 'NONE', *, *, #898, .T. ) ;
#412 = CARTESIAN_POINT ( 'NONE',  ( -0.4000000000000000200, 0.0000000000000000000, 0.0000000000000000000 ) ) ;
#413 = SURFACE_STYLE_FILL_AREA ( #280 ) ;
#414 = STYLED_ITEM ( 'NONE', ( #1886 ), #3591 ) ;
#415 = EDGE_LOOP ( 'NONE', ( #2825, #2183, #1408, #182 ) ) ;
#416 = ORIENTED_EDGE ( 'NONE', *, *, #2564, .T. ) ;
#417 = FILL_AREA_STYLE_COLOUR ( '', #1149 ) ;
#418 = DIRECTION ( 'NONE',  ( 0.0000000000000000000, -0.0000000000000000000, -1.000000000000000000 ) ) ;
#419 = AXIS2_PLACEMENT_3D ( 'NONE', #2845, #3210, #4633 ) ;
#420 = ADVANCED_FACE ( 'NONE', ( #3610 ), #4602, .F. ) ;
#421 = ORIENTED_EDGE ( 'NONE', *, *, #554, .F. ) ;
#422 = MECHANICAL_DESIGN_GEOMETRIC_PRESENTATION_REPRESENTATION (  '', ( #3373 ), #2973 ) ;
#423 = ORIENTED_EDGE ( 'NONE', *, *, #718, .F. ) ;
#424 = DIRECTION ( 'NONE',  ( 0.0000000000000000000, 0.0000000000000000000, 1.000000000000000000 ) ) ;
#425 = EDGE_CURVE ( 'NONE', #263, #755, #4689, .T. ) ;
#426 = VERTEX_POINT ( 'NONE', #591 ) ;
#427 = SURFACE_STYLE_USAGE ( .BOTH. , #4499 ) ;
#428 = ADVANCED_FACE ( 'NONE', ( #1077 ), #2750, .F. ) ;
#429 = CARTESIAN_POINT ( 'NONE',  ( -0.1499999999999999900, 1.800000000000000300, 0.2000000000000000100 ) ) ;
#430 = SURFACE_SIDE_STYLE ('',( #4040 ) ) ;
#431 = ORIENTED_EDGE ( 'NONE', *, *, #1518, .T. ) ;
#432 = LINE ( 'NONE', #4316, #3599 ) ;
#433 = DIRECTION ( 'NONE',  ( 1.000000000000000000, -0.0000000000000000000, 0.0000000000000000000 ) ) ;
#434 = FILL_AREA_STYLE ('',( #1248 ) ) ;
#435 = FACE_OUTER_BOUND ( 'NONE', #3124, .T. ) ;
#436 =( LENGTH_UNIT ( ) NAMED_UNIT ( * ) SI_UNIT ( .MILLI., .METRE. ) );
#437 = PRESENTATION_LAYER_ASSIGNMENT (  '', '', ( #941 ) ) ;
#438 = EDGE_CURVE ( 'NONE', #2143, #1492, #2619, .T. ) ;
#439 = AXIS2_PLACEMENT_3D ( 'NONE', #3382, #1942, #995 ) ;
#440 = LINE ( 'NONE', #4144, #2056 ) ;
#441 = CARTESIAN_POINT ( 'NONE',  ( -1.600000000000000100, 0.2999999999999999900, 1.550000000000000300 ) ) ;
#442 = STYLED_ITEM ( 'NONE', ( #3139 ), #478 ) ;
#443 = CARTESIAN_POINT ( 'NONE',  ( -0.4000000000000000200, 1.125000000000000200, 0.0000000000000000000 ) ) ;
#444 = FACE_OUTER_BOUND ( 'NONE', #2721, .T. ) ;
#445 = MECHANICAL_DESIGN_GEOMETRIC_PRESENTATION_REPRESENTATION (  '', ( #1390 ), #956 ) ;
#446 = CARTESIAN_POINT ( 'NONE',  ( -0.7750000000000001300, 2.000000000000000000, 0.0000000000000000000 ) ) ;
#447 = CARTESIAN_POINT ( 'NONE',  ( -1.600000000000000100, 0.2999999999999999900, 1.600000000000000100 ) ) ;
#448 = CARTESIAN_POINT ( 'NONE',  ( -2.000000000000000000, 1.000000000000000000, 0.0000000000000000000 ) ) ;
#449 = VERTEX_POINT ( 'NONE', #4636 ) ;
#450 = SURFACE_STYLE_FILL_AREA ( #1664 ) ;
#451 = SURFACE_STYLE_FILL_AREA ( #349 ) ;
#452 = SURFACE_SIDE_STYLE ('',( #3208 ) ) ;
#453 = ORIENTED_EDGE ( 'NONE', *, *, #1586, .T. ) ;
#454 = EDGE_CURVE ( 'NONE', #2251, #831, #785, .T. ) ;
#455 = ADVANCED_FACE ( 'NONE', ( #183 ), #2120, .T. ) ;
#456 = SURFACE_STYLE_FILL_AREA ( #1558 ) ;
#457 =( NAMED_UNIT ( * ) PLANE_ANGLE_UNIT ( ) SI_UNIT ( $, .RADIAN. ) );
#458 = ORIENTED_EDGE ( 'NONE', *, *, #324, .T. ) ;
#459 = FILL_AREA_STYLE ('',( #2702 ) ) ;
#460 = LINE ( 'NONE', #1432, #871 ) ;
#461 =( GEOMETRIC_REPRESENTATION_CONTEXT ( 3 ) GLOBAL_UNCERTAINTY_ASSIGNED_CONTEXT ( ( #512 ) ) GLOBAL_UNIT_ASSIGNED_CONTEXT ( ( #1651, #3114, #4557 ) ) REPRESENTATION_CONTEXT ( 'NONE', 'WORKASPACE' ) );
#462 = DIRECTION ( 'NONE',  ( 0.0000000000000000000, -0.0000000000000000000, -1.000000000000000000 ) ) ;
#463 = EDGE_LOOP ( 'NONE', ( #2369, #570, #1461, #3680 ) ) ;
#464 = FILL_AREA_STYLE_COLOUR ( '', #1989 ) ;
#465 = VERTEX_POINT ( 'NONE', #1364 ) ;
#466 = EDGE_LOOP ( 'NONE', ( #3415, #4408, #1759, #1516 ) ) ;
#467 = PRESENTATION_LAYER_ASSIGNMENT (  '', '', ( #253 ) ) ;
#468 =( NAMED_UNIT ( * ) PLANE_ANGLE_UNIT ( ) SI_UNIT ( $, .RADIAN. ) );
#469 = EDGE_CURVE ( 'NONE', #3635, #2587, #3987, .T. ) ;
#470 = VERTEX_POINT ( 'NONE', #3908 ) ;
#471 =( NAMED_UNIT ( * ) SI_UNIT ( $, .STERADIAN. ) SOLID_ANGLE_UNIT ( ) );
#472 = MECHANICAL_DESIGN_GEOMETRIC_PRESENTATION_REPRESENTATION (  '', ( #2200 ), #2883 ) ;
#473 = ADVANCED_FACE ( 'NONE', ( #2266 ), #2831, .F. ) ;
#474 = PLANE ( 'NONE',  #1718 ) ;
#475 = VERTEX_POINT ( 'NONE', #2495 ) ;
#476 = SURFACE_SIDE_STYLE ('',( #1219 ) ) ;
#477 = DIRECTION ( 'NONE',  ( -0.0000000000000000000, -1.000000000000000000, -0.0000000000000000000 ) ) ;
#478 = ADVANCED_FACE ( 'NONE', ( #1189 ), #4700, .T. ) ;
#479 = FILL_AREA_STYLE_COLOUR ( '', #3935 ) ;
#480 = ORIENTED_EDGE ( 'NONE', *, *, #3872, .F. ) ;
#481 = EDGE_CURVE ( 'NONE', #2957, #4599, #692, .T. ) ;
#482 = LINE ( 'NONE', #2912, #2797 ) ;
#483 =( NAMED_UNIT ( * ) SI_UNIT ( $, .STERADIAN. ) SOLID_ANGLE_UNIT ( ) );
#484 = EDGE_CURVE ( 'NONE', #3685, #3641, #3948, .T. ) ;
#485 =( LENGTH_UNIT ( ) NAMED_UNIT ( * ) SI_UNIT ( .MILLI., .METRE. ) );
#486 = LINE ( 'NONE', #1997, #3823 ) ;
#487 = SURFACE_STYLE_FILL_AREA ( #596 ) ;
#488 =( LENGTH_UNIT ( ) NAMED_UNIT ( * ) SI_UNIT ( .MILLI., .METRE. ) );
#489 = FILL_AREA_STYLE ('',( #3419 ) ) ;
#490 = PRESENTATION_STYLE_ASSIGNMENT (( #2431 ) ) ;
#491 =( GEOMETRIC_REPRESENTATION_CONTEXT ( 3 ) GLOBAL_UNCERTAINTY_ASSIGNED_CONTEXT ( ( #2093 ) ) GLOBAL_UNIT_ASSIGNED_CONTEXT ( ( #3951, #713, #2179 ) ) REPRESENTATION_CONTEXT ( 'NONE', 'WORKASPACE' ) );
#492 = ADVANCED_FACE ( 'NONE', ( #2233 ), #3980, .F. ) ;
#493 = EDGE_CURVE ( 'NONE', #64, #3474, #3098, .T. ) ;
#494 = PRESENTATION_STYLE_ASSIGNMENT (( #1168 ) ) ;
#495 = FACE_OUTER_BOUND ( 'NONE', #694, .T. ) ;
#496 = COLOUR_RGB ( '',0.5019607843137254800, 0.5019607843137254800, 0.5019607843137254800 ) ;
#497 = DIRECTION ( 'NONE',  ( 0.0000000000000000000, 0.0000000000000000000, -1.000000000000000000 ) ) ;
#498 = MECHANICAL_DESIGN_GEOMETRIC_PRESENTATION_REPRESENTATION (  '', ( #283 ), #753 ) ;
#499 = ORIENTED_EDGE ( 'NONE', *, *, #3699, .T. ) ;
#500 =( NAMED_UNIT ( * ) SI_UNIT ( $, .STERADIAN. ) SOLID_ANGLE_UNIT ( ) );
#501 = FILL_AREA_STYLE_COLOUR ( '', #651 ) ;
#502 = PRESENTATION_STYLE_ASSIGNMENT (( #606 ) ) ;
#503 = ORIENTED_EDGE ( 'NONE', *, *, #3881, .F. ) ;
#504 = CARTESIAN_POINT ( 'NONE',  ( 0.0000000000000000000, 0.0000000000000000000, 0.0000000000000000000 ) ) ;
#505 = CARTESIAN_POINT ( 'NONE',  ( -0.7750000000000001300, 1.600000000000000100, 0.0000000000000000000 ) ) ;
#506 = FILL_AREA_STYLE ('',( #1285 ) ) ;
#507 = FILL_AREA_STYLE ('',( #1637 ) ) ;
#508 = DIRECTION ( 'NONE',  ( 1.000000000000000000, -0.0000000000000000000, 0.0000000000000000000 ) ) ;
#509 = VERTEX_POINT ( 'NONE', #3624 ) ;
#510 = ORIENTED_EDGE ( 'NONE', *, *, #2411, .F. ) ;
#511 = FILL_AREA_STYLE_COLOUR ( '', #520 ) ;
#512 = UNCERTAINTY_MEASURE_WITH_UNIT (LENGTH_MEASURE( 1.000000000000000100E-005 ), #1651, 'distance_accuracy_value', 'NONE');
#513 = LINE ( 'NONE', #2378, #368 ) ;
#514 = DIRECTION ( 'NONE',  ( -1.000000000000000000, -0.0000000000000000000, 0.0000000000000000000 ) ) ;
#515 = EDGE_LOOP ( 'NONE', ( #1897, #3502, #4328, #836 ) ) ;
#516 = FILL_AREA_STYLE_COLOUR ( '', #496 ) ;
#517 = DIRECTION ( 'NONE',  ( -0.0000000000000000000, 0.0000000000000000000, -1.000000000000000000 ) ) ;
#518 = MECHANICAL_DESIGN_GEOMETRIC_PRESENTATION_REPRESENTATION (  '', ( #3666 ), #779 ) ;
#519 = CARTESIAN_POINT ( 'NONE',  ( -0.4000000000000000200, 0.0000000000000000000, 0.2000000000000000100 ) ) ;
#520 = COLOUR_RGB ( '',0.7529411764705882200, 0.7529411764705882200, 0.7529411764705882200 ) ;
#521 = DIRECTION ( 'NONE',  ( 0.0000000000000000000, -0.0000000000000000000, 1.000000000000000000 ) ) ;
#522 = ORIENTED_EDGE ( 'NONE', *, *, #14, .F. ) ;
#523 = EDGE_CURVE ( 'NONE', #709, #2435, #2877, .T. ) ;
#524 = EDGE_CURVE ( 'NONE', #3047, #214, #3158, .T. ) ;
#525 = DIRECTION ( 'NONE',  ( 0.0000000000000000000, 1.000000000000000000, 0.0000000000000000000 ) ) ;
#526 = ORIENTED_EDGE ( 'NONE', *, *, #2441, .F. ) ;
#527 = ADVANCED_FACE ( 'NONE', ( #1500 ), #1074, .F. ) ;
#528 = CARTESIAN_POINT ( 'NONE',  ( -0.1499999999999999700, 0.4000000000000000200, 0.0000000000000000000 ) ) ;
#529 = DIRECTION ( 'NONE',  ( 1.000000000000000000, -0.0000000000000000000, 0.0000000000000000000 ) ) ;
#530 = ORIENTED_EDGE ( 'NONE', *, *, #1400, .T. ) ;
#531 =( GEOMETRIC_REPRESENTATION_CONTEXT ( 3 ) GLOBAL_UNCERTAINTY_ASSIGNED_CONTEXT ( ( #1065 ) ) GLOBAL_UNIT_ASSIGNED_CONTEXT ( ( #1039, #1425, #1381 ) ) REPRESENTATION_CONTEXT ( 'NONE', 'WORKASPACE' ) );
#532 = SURFACE_STYLE_FILL_AREA ( #2840 ) ;
#533 = VERTEX_POINT ( 'NONE', #3257 ) ;
#534 = DIRECTION ( 'NONE',  ( 0.0000000000000000000, -0.0000000000000000000, 1.000000000000000000 ) ) ;
#535 = PRESENTATION_LAYER_ASSIGNMENT (  '', '', ( #2917 ) ) ;
#536 = CARTESIAN_POINT ( 'NONE',  ( -0.1499999999999999700, 1.800000000000000300, 0.0000000000000000000 ) ) ;
#537 = DIRECTION ( 'NONE',  ( 1.000000000000000000, 0.0000000000000000000, -0.0000000000000000000 ) ) ;
#538 = EDGE_LOOP ( 'NONE', ( #32, #1734, #4146, #3965 ) ) ;
#539 = CARTESIAN_POINT ( 'NONE',  ( -1.800000000000000300, 0.2999999999999999900, 1.550000000000000300 ) ) ;
#540 = CARTESIAN_POINT ( 'NONE',  ( -2.000000000000000000, 1.000000000000000000, 0.0000000000000000000 ) ) ;
#541 = FILL_AREA_STYLE ('',( #4604 ) ) ;
#542 = DIRECTION ( 'NONE',  ( 0.0000000000000000000, -0.0000000000000000000, 1.000000000000000000 ) ) ;
#543 = DIRECTION ( 'NONE',  ( 1.000000000000000000, 0.0000000000000000000, -0.0000000000000000000 ) ) ;
#544 =( LENGTH_UNIT ( ) NAMED_UNIT ( * ) SI_UNIT ( .MILLI., .METRE. ) );
#545 = EDGE_CURVE ( 'NONE', #3860, #2246, #3223, .T. ) ;
#546 = SURFACE_STYLE_FILL_AREA ( #2743 ) ;
#547 = UNCERTAINTY_MEASURE_WITH_UNIT (LENGTH_MEASURE( 1.000000000000000100E-005 ), #661, 'distance_accuracy_value', 'NONE');
#548 = EDGE_CURVE ( 'NONE', #218, #3238, #1334, .T. ) ;
#549 = PRESENTATION_STYLE_ASSIGNMENT (( #167 ) ) ;
#550 = ADVANCED_FACE ( 'NONE', ( #3034 ), #3605, .T. ) ;
#551 = FILL_AREA_STYLE_COLOUR ( '', #1670 ) ;
#552 = LINE ( 'NONE', #1553, #4052 ) ;
#553 = DIRECTION ( 'NONE',  ( -0.0000000000000000000, 0.0000000000000000000, -1.000000000000000000 ) ) ;
#554 = EDGE_CURVE ( 'NONE', #3906, #4203, #2229, .T. ) ;
#555 = CARTESIAN_POINT ( 'NONE',  ( -2.000000000000000000, 1.000000000000000000, 0.2000000000000000100 ) ) ;
#556 = DIRECTION ( 'NONE',  ( 1.000000000000000000, 0.0000000000000000000, -0.0000000000000000000 ) ) ;
#557 = VECTOR ( 'NONE', #1080, 1000.000000000000000 ) ;
#558 = FACE_OUTER_BOUND ( 'NONE', #466, .T. ) ;
#559 = AXIS2_PLACEMENT_3D ( 'NONE', #3064, #2359, #2723 ) ;
#560 = DIRECTION ( 'NONE',  ( 0.0000000000000000000, 0.0000000000000000000, -1.000000000000000000 ) ) ;
#561 =( NAMED_UNIT ( * ) SI_UNIT ( $, .STERADIAN. ) SOLID_ANGLE_UNIT ( ) );
#562 = LINE ( 'NONE', #47, #3029 ) ;
#563 =( NAMED_UNIT ( * ) PLANE_ANGLE_UNIT ( ) SI_UNIT ( $, .RADIAN. ) );
#564 = VECTOR ( 'NONE', #2866, 1000.000000000000000 ) ;
#565 = EDGE_CURVE ( 'NONE', #465, #3438, #396, .T. ) ;
#566 = SURFACE_STYLE_FILL_AREA ( #1057 ) ;
#567 = VECTOR ( 'NONE', #2005, 1000.000000000000000 ) ;
#568 = ORIENTED_EDGE ( 'NONE', *, *, #4374, .T. ) ;
#569 = COLOUR_RGB ( '',0.7529411764705882200, 0.7529411764705882200, 0.7529411764705882200 ) ;
#570 = ORIENTED_EDGE ( 'NONE', *, *, #1306, .F. ) ;
#571 = CARTESIAN_POINT ( 'NONE',  ( -0.1499999999999999900, 0.2000000000000000100, 0.2000000000000000100 ) ) ;
#572 =( LENGTH_UNIT ( ) NAMED_UNIT ( * ) SI_UNIT ( .MILLI., .METRE. ) );
#573 = PRESENTATION_STYLE_ASSIGNMENT (( #2617 ) ) ;
#574 = COLOUR_RGB ( '',0.7529411764705882200, 0.7529411764705882200, 0.7529411764705882200 ) ;
#575 =( NAMED_UNIT ( * ) PLANE_ANGLE_UNIT ( ) SI_UNIT ( $, .RADIAN. ) );
#576 = DIRECTION ( 'NONE',  ( 0.0000000000000000000, 0.0000000000000000000, -1.000000000000000000 ) ) ;
#577 = FILL_AREA_STYLE_COLOUR ( '', #3150 ) ;
#578 = VERTEX_POINT ( 'NONE', #2915 ) ;
#579 = VECTOR ( 'NONE', #720, 1000.000000000000000 ) ;
#580 = DIRECTION ( 'NONE',  ( -0.0000000000000000000, 0.0000000000000000000, 1.000000000000000000 ) ) ;
#581 = ORIENTED_EDGE ( 'NONE', *, *, #1985, .F. ) ;
#582 = EDGE_CURVE ( 'NONE', #2879, #2325, #1888, .T. ) ;
#583 = UNCERTAINTY_MEASURE_WITH_UNIT (LENGTH_MEASURE( 1.000000000000000100E-005 ), #1331, 'distance_accuracy_value', 'NONE');
#584 = ORIENTED_EDGE ( 'NONE', *, *, #1036, .T. ) ;
#585 = EDGE_LOOP ( 'NONE', ( #2433, #1845, #1116, #4429 ) ) ;
#586 =( NAMED_UNIT ( * ) PLANE_ANGLE_UNIT ( ) SI_UNIT ( $, .RADIAN. ) );
#587 = CARTESIAN_POINT ( 'NONE',  ( -0.1499999999999999700, 1.600000000000000100, 0.0000000000000000000 ) ) ;
#588 = ORIENTED_EDGE ( 'NONE', *, *, #2538, .F. ) ;
#589 = ORIENTED_EDGE ( 'NONE', *, *, #4623, .F. ) ;
#590 =( GEOMETRIC_REPRESENTATION_CONTEXT ( 3 ) GLOBAL_UNCERTAINTY_ASSIGNED_CONTEXT ( ( #2585 ) ) GLOBAL_UNIT_ASSIGNED_CONTEXT ( ( #4115, #457, #2665 ) ) REPRESENTATION_CONTEXT ( 'NONE', 'WORKASPACE' ) );
#591 = CARTESIAN_POINT ( 'NONE',  ( -1.850000000000000100, 2.000000000000000000, 0.0000000000000000000 ) ) ;
#592 = CARTESIAN_POINT ( 'NONE',  ( -1.725000000000000100, 0.2500000000000000000, 0.2000000000000000100 ) ) ;
#593 = EDGE_CURVE ( 'NONE', #3238, #2616, #1151, .T. ) ;
#594 = SURFACE_STYLE_USAGE ( .BOTH. , #998 ) ;
#595 = ORIENTED_EDGE ( 'NONE', *, *, #326, .T. ) ;
#596 = FILL_AREA_STYLE ('',( #1351 ) ) ;
#597 = FILL_AREA_STYLE ('',( #627 ) ) ;
#598 = PRESENTATION_STYLE_ASSIGNMENT (( #3059 ) ) ;
#599 = MECHANICAL_DESIGN_GEOMETRIC_PRESENTATION_REPRESENTATION (  '', ( #4562 ), #71 ) ;
#600 = VERTEX_POINT ( 'NONE', #4335 ) ;
#601 =( GEOMETRIC_REPRESENTATION_CONTEXT ( 3 ) GLOBAL_UNCERTAINTY_ASSIGNED_CONTEXT ( ( #886 ) ) GLOBAL_UNIT_ASSIGNED_CONTEXT ( ( #4724, #3638, #355 ) ) REPRESENTATION_CONTEXT ( 'NONE', 'WORKASPACE' ) );
#602 = ADVANCED_FACE ( 'NONE', ( #300 ), #663, .T. ) ;
#603 = CARTESIAN_POINT ( 'NONE',  ( -1.600000000000000100, 0.2500000000000000000, 0.0000000000000000000 ) ) ;
#604 = ORIENTED_EDGE ( 'NONE', *, *, #2815, .F. ) ;
#605 =( GEOMETRIC_REPRESENTATION_CONTEXT ( 3 ) GLOBAL_UNCERTAINTY_ASSIGNED_CONTEXT ( ( #1205 ) ) GLOBAL_UNIT_ASSIGNED_CONTEXT ( ( #2718, #1262, #1594 ) ) REPRESENTATION_CONTEXT ( 'NONE', 'WORKASPACE' ) );
#606 = SURFACE_STYLE_USAGE ( .BOTH. , #3527 ) ;
#607 =( NAMED_UNIT ( * ) PLANE_ANGLE_UNIT ( ) SI_UNIT ( $, .RADIAN. ) );
#608 = EDGE_LOOP ( 'NONE', ( #2856, #2581, #2312, #3809 ) ) ;
#609 = FILL_AREA_STYLE_COLOUR ( '', #3236 ) ;
#610 = LINE ( 'NONE', #1368, #4397 ) ;
#611 = CARTESIAN_POINT ( 'NONE',  ( -1.850000000000000100, 0.0000000000000000000, 0.0000000000000000000 ) ) ;
#612 = EDGE_CURVE ( 'NONE', #1641, #1840, #3781, .T. ) ;
#613 = EDGE_CURVE ( 'NONE', #4645, #3359, #2406, .T. ) ;
#614 = FACE_OUTER_BOUND ( 'NONE', #1564, .T. ) ;
#615 = CARTESIAN_POINT ( 'NONE',  ( -1.800000000000000300, 0.8750000000000000000, 0.2000000000000000100 ) ) ;
#616 = AXIS2_PLACEMENT_3D ( 'NONE', #448, #1234, #2634 ) ;
#617 = DIRECTION ( 'NONE',  ( 0.0000000000000000000, 1.000000000000000000, 0.0000000000000000000 ) ) ;
#618 = EDGE_CURVE ( 'NONE', #509, #4127, #2703, .T. ) ;
#619 = VECTOR ( 'NONE', #617, 1000.000000000000000 ) ;
#620 = PRESENTATION_LAYER_ASSIGNMENT (  '', '', ( #363 ) ) ;
#621 = FACE_OUTER_BOUND ( 'NONE', #38, .T. ) ;
#622 = SURFACE_STYLE_USAGE ( .BOTH. , #4302 ) ;
#623 = FILL_AREA_STYLE ('',( #4342 ) ) ;
#624 = CARTESIAN_POINT ( 'NONE',  ( -1.600000000000000100, 0.0000000000000000000, 0.0000000000000000000 ) ) ;
#625 = STYLED_ITEM ( 'NONE', ( #154 ), #2255 ) ;
#626 = CARTESIAN_POINT ( 'NONE',  ( -0.4000000000000000200, 0.07499999999999999700, 0.2000000000000000100 ) ) ;
#627 = FILL_AREA_STYLE_COLOUR ( '', #1183 ) ;
#628 = VERTEX_POINT ( 'NONE', #4567 ) ;
#629 = VECTOR ( 'NONE', #858, 1000.000000000000000 ) ;
#630 = VECTOR ( 'NONE', #2742, 1000.000000000000000 ) ;
#631 = CARTESIAN_POINT ( 'NONE',  ( -0.4000000000000000200, 0.0000000000000000000, 0.2000000000000000100 ) ) ;
#632 = PRESENTATION_LAYER_ASSIGNMENT (  '', '', ( #174 ) ) ;
#633 = EDGE_LOOP ( 'NONE', ( #1167, #28, #2489, #3629, #365, #604, #3688, #3976, #1112, #1152, #3066, #1552 ) ) ;
#634 = CARTESIAN_POINT ( 'NONE',  ( -0.9000000000000001300, 0.1499999999999999900, 0.0000000000000000000 ) ) ;
#635 = ORIENTED_EDGE ( 'NONE', *, *, #2010, .F. ) ;
#636 = SURFACE_SIDE_STYLE ('',( #4231 ) ) ;
#637 = COLOUR_RGB ( '',0.5019607843137254800, 0.5019607843137254800, 0.5019607843137254800 ) ;
#638 = CARTESIAN_POINT ( 'NONE',  ( -1.149999999999999900, 0.07499999999999999700, 0.2000000000000000100 ) ) ;
#639 = ORIENTED_EDGE ( 'NONE', *, *, #454, .F. ) ;
#640 = SURFACE_STYLE_USAGE ( .BOTH. , #1059 ) ;
#641 = COLOUR_RGB ( '',0.5019607843137254800, 0.5019607843137254800, 0.5019607843137254800 ) ;
#642 = DIRECTION ( 'NONE',  ( 0.0000000000000000000, -0.0000000000000000000, -1.000000000000000000 ) ) ;
#643 = ORIENTED_EDGE ( 'NONE', *, *, #4020, .T. ) ;
#644 = VERTEX_POINT ( 'NONE', #1673 ) ;
#645 = SURFACE_SIDE_STYLE ('',( #971 ) ) ;
#646 = CARTESIAN_POINT ( 'NONE',  ( 0.0000000000000000000, 0.0000000000000000000, 0.0000000000000000000 ) ) ;
#647 = LINE ( 'NONE', #1188, #2496 ) ;
#648 = ORIENTED_EDGE ( 'NONE', *, *, #4030, .T. ) ;
#649 = ADVANCED_FACE ( 'NONE', ( #1273 ), #204, .F. ) ;
#650 =( NAMED_UNIT ( * ) PLANE_ANGLE_UNIT ( ) SI_UNIT ( $, .RADIAN. ) );
#651 = COLOUR_RGB ( '',0.2509803921568627400, 0.2509803921568627400, 0.2509803921568627400 ) ;
#652 = ORIENTED_EDGE ( 'NONE', *, *, #1920, .F. ) ;
#653 = STYLED_ITEM ( 'NONE', ( #1054 ), #1915 ) ;
#654 =( LENGTH_UNIT ( ) NAMED_UNIT ( * ) SI_UNIT ( .MILLI., .METRE. ) );
#655 = CARTESIAN_POINT ( 'NONE',  ( -1.600000000000000100, 1.125000000000000200, 0.0000000000000000000 ) ) ;
#656 = COLOUR_RGB ( '',0.7529411764705882200, 0.7529411764705882200, 0.7529411764705882200 ) ;
#657 =( GEOMETRIC_REPRESENTATION_CONTEXT ( 3 ) GLOBAL_UNCERTAINTY_ASSIGNED_CONTEXT ( ( #1735 ) ) GLOBAL_UNIT_ASSIGNED_CONTEXT ( ( #2633, #4105, #1599 ) ) REPRESENTATION_CONTEXT ( 'NONE', 'WORKASPACE' ) );
#658 = SURFACE_SIDE_STYLE ('',( #456 ) ) ;
#659 =( LENGTH_UNIT ( ) NAMED_UNIT ( * ) SI_UNIT ( .MILLI., .METRE. ) );
#660 = ORIENTED_EDGE ( 'NONE', *, *, #304, .T. ) ;
#661 =( LENGTH_UNIT ( ) NAMED_UNIT ( * ) SI_UNIT ( .MILLI., .METRE. ) );
#662 = MECHANICAL_DESIGN_GEOMETRIC_PRESENTATION_REPRESENTATION (  '', ( #4270 ), #3679 ) ;
#663 = PLANE ( 'NONE',  #3625 ) ;
#664 = CARTESIAN_POINT ( 'NONE',  ( -0.1499999999999999700, 2.000000000000000000, 0.0000000000000000000 ) ) ;
#665 = COLOUR_RGB ( '',0.5019607843137254800, 0.5019607843137254800, 0.5019607843137254800 ) ;
#666 = DIRECTION ( 'NONE',  ( 0.0000000000000000000, 0.0000000000000000000, 1.000000000000000000 ) ) ;
#667 = ORIENTED_EDGE ( 'NONE', *, *, #2898, .T. ) ;
#668 =( GEOMETRIC_REPRESENTATION_CONTEXT ( 3 ) GLOBAL_UNCERTAINTY_ASSIGNED_CONTEXT ( ( #4073 ) ) GLOBAL_UNIT_ASSIGNED_CONTEXT ( ( #2976, #782, #3349 ) ) REPRESENTATION_CONTEXT ( 'NONE', 'WORKASPACE' ) );
#669 = VECTOR ( 'NONE', #4640, 1000.000000000000000 ) ;
#670 = AXIS2_PLACEMENT_3D ( 'NONE', #2503, #666, #3224 ) ;
#671 = LINE ( 'NONE', #4124, #3480 ) ;
#672 = UNCERTAINTY_MEASURE_WITH_UNIT (LENGTH_MEASURE( 1.000000000000000100E-005 ), #1252, 'distance_accuracy_value', 'NONE');
#673 = DIRECTION ( 'NONE',  ( 1.000000000000000000, 0.0000000000000000000, -0.0000000000000000000 ) ) ;
#674 =( NAMED_UNIT ( * ) PLANE_ANGLE_UNIT ( ) SI_UNIT ( $, .RADIAN. ) );
#675 = CARTESIAN_POINT ( 'NONE',  ( -0.1499999999999999700, 2.000000000000000000, 0.2000000000000000100 ) ) ;
#676 = VECTOR ( 'NONE', #1127, 1000.000000000000000 ) ;
#677 = EDGE_CURVE ( 'NONE', #2600, #3912, #1725, .T. ) ;
#678 = SURFACE_SIDE_STYLE ('',( #1604 ) ) ;
#679 = CARTESIAN_POINT ( 'NONE',  ( -1.149999999999999900, 0.1499999999999999900, 0.2000000000000000100 ) ) ;
#680 = CARTESIAN_POINT ( 'NONE',  ( -1.600000000000000100, 1.600000000000000100, 0.2000000000000000100 ) ) ;
#681 = CARTESIAN_POINT ( 'NONE',  ( -1.725000000000000100, 0.0000000000000000000, 0.2000000000000000100 ) ) ;
#682 = LINE ( 'NONE', #2580, #2222 ) ;
#683 = LINE ( 'NONE', #505, #4516 ) ;
#684 = LINE ( 'NONE', #1943, #4060 ) ;
#685 = FACE_OUTER_BOUND ( 'NONE', #2290, .T. ) ;
#686 = LINE ( 'NONE', #3463, #567 ) ;
#687 = LINE ( 'NONE', #2826, #1949 ) ;
#688 = STYLED_ITEM ( 'NONE', ( #207 ), #1600 ) ;
#689 = ORIENTED_EDGE ( 'NONE', *, *, #4112, .T. ) ;
#690 = EDGE_CURVE ( 'NONE', #2561, #1953, #744, .T. ) ;
#691 = LINE ( 'NONE', #3061, #2929 ) ;
#692 = LINE ( 'NONE', #2132, #3337 ) ;
#693 = CARTESIAN_POINT ( 'NONE',  ( -0.9000000000000001300, 1.925000000000000000, 0.2000000000000000100 ) ) ;
#694 = EDGE_LOOP ( 'NONE', ( #997, #2904, #1867, #4169, #1465, #588, #3694, #4044, #3317, #951, #589, #768 ) ) ;
#695 =( LENGTH_UNIT ( ) NAMED_UNIT ( * ) SI_UNIT ( .MILLI., .METRE. ) );
#696 = DIRECTION ( 'NONE',  ( -0.0000000000000000000, 0.0000000000000000000, 1.000000000000000000 ) ) ;
#697 = LINE ( 'NONE', #3764, #3678 ) ;
#698 = MECHANICAL_DESIGN_GEOMETRIC_PRESENTATION_REPRESENTATION (  '', ( #442 ), #2457 ) ;
#699 = EDGE_LOOP ( 'NONE', ( #3844, #3355, #1449, #3902 ) ) ;
#700 = FILL_AREA_STYLE_COLOUR ( '', #1138 ) ;
#701 = CARTESIAN_POINT ( 'NONE',  ( -0.4000000000000000200, 0.1499999999999999900, 0.0000000000000000000 ) ) ;
#702 = LINE ( 'NONE', #4321, #2988 ) ;
#703 = AXIS2_PLACEMENT_3D ( 'NONE', #3485, #4560, #3518 ) ;
#704 = LINE ( 'NONE', #1439, #4475 ) ;
#705 = ORIENTED_EDGE ( 'NONE', *, *, #3393, .T. ) ;
#706 = UNCERTAINTY_MEASURE_WITH_UNIT (LENGTH_MEASURE( 1.000000000000000100E-005 ), #1288, 'distance_accuracy_value', 'NONE');
#707 = PRESENTATION_STYLE_ASSIGNMENT (( #3606 ) ) ;
#708 = DIRECTION ( 'NONE',  ( 1.000000000000000000, 0.0000000000000000000, -0.0000000000000000000 ) ) ;
#709 = VERTEX_POINT ( 'NONE', #1644 ) ;
#710 = ORIENTED_EDGE ( 'NONE', *, *, #3724, .F. ) ;
#711 = CARTESIAN_POINT ( 'NONE',  ( -0.8000000000000000400, 1.125000000000000200, 0.0000000000000000000 ) ) ;
#712 = VECTOR ( 'NONE', #901, 1000.000000000000000 ) ;
#713 =( NAMED_UNIT ( * ) PLANE_ANGLE_UNIT ( ) SI_UNIT ( $, .RADIAN. ) );
#714 = ORIENTED_EDGE ( 'NONE', *, *, #2656, .T. ) ;
#715 = ORIENTED_EDGE ( 'NONE', *, *, #2076, .F. ) ;
#716 = CARTESIAN_POINT ( 'NONE',  ( -1.399999999999999900, 1.800000000000000300, 0.2000000000000000100 ) ) ;
#717 = DIRECTION ( 'NONE',  ( 1.000000000000000000, 0.0000000000000000000, -0.0000000000000000000 ) ) ;
#718 = EDGE_CURVE ( 'NONE', #2069, #2716, #4411, .T. ) ;
#719 = CARTESIAN_POINT ( 'NONE',  ( -1.800000000000000300, 0.8750000000000000000, 0.2000000000000000100 ) ) ;
#720 = DIRECTION ( 'NONE',  ( -0.0000000000000000000, 0.0000000000000000000, 1.000000000000000000 ) ) ;
#721 = ORIENTED_EDGE ( 'NONE', *, *, #3964, .F. ) ;
#722 = PRESENTATION_LAYER_ASSIGNMENT (  '', '', ( #2444 ) ) ;
#723 = LINE ( 'NONE', #145, #2794 ) ;
#724 = EDGE_LOOP ( 'NONE', ( #1181, #4139, #4161, #1305 ) ) ;
#725 =( GEOMETRIC_REPRESENTATION_CONTEXT ( 3 ) GLOBAL_UNCERTAINTY_ASSIGNED_CONTEXT ( ( #3270 ) ) GLOBAL_UNIT_ASSIGNED_CONTEXT ( ( #1818, #1086, #4385 ) ) REPRESENTATION_CONTEXT ( 'NONE', 'WORKASPACE' ) );
#726 = CARTESIAN_POINT ( 'NONE',  ( -1.000000000000000000, 0.1499999999999999700, 0.0000000000000000000 ) ) ;
#727 = PRESENTATION_LAYER_ASSIGNMENT (  '', '', ( #3617 ) ) ;
#728 = CARTESIAN_POINT ( 'NONE',  ( -1.274999999999999900, 2.000000000000000000, 0.2000000000000000100 ) ) ;
#729 = EDGE_LOOP ( 'NONE', ( #3522, #4473, #3113, #3229, #1802, #639, #4666, #899, #2599, #745, #2666, #3742 ) ) ;
#730 = LINE ( 'NONE', #193, #4631 ) ;
#731 = DIRECTION ( 'NONE',  ( -1.000000000000000000, 0.0000000000000000000, -0.0000000000000000000 ) ) ;
#732 = DIRECTION ( 'NONE',  ( 0.0000000000000000000, -0.0000000000000000000, 1.000000000000000000 ) ) ;
#733 = VECTOR ( 'NONE', #4615, 1000.000000000000000 ) ;
#734 = UNCERTAINTY_MEASURE_WITH_UNIT (LENGTH_MEASURE( 1.000000000000000100E-005 ), #3201, 'distance_accuracy_value', 'NONE');
#735 = CARTESIAN_POINT ( 'NONE',  ( -0.6500000000000001300, 1.925000000000000000, 0.0000000000000000000 ) ) ;
#736 = SURFACE_STYLE_FILL_AREA ( #2578 ) ;
#737 = DIRECTION ( 'NONE',  ( -0.0000000000000000000, -1.000000000000000000, -0.0000000000000000000 ) ) ;
#738 = EDGE_CURVE ( 'NONE', #755, #2547, #686, .T. ) ;
#739 = CARTESIAN_POINT ( 'NONE',  ( -0.4000000000000000200, 0.8750000000000000000, 0.2000000000000000100 ) ) ;
#740 = CARTESIAN_POINT ( 'NONE',  ( -0.4000000000000000200, 1.925000000000000000, 0.2000000000000000100 ) ) ;
#741 = PRESENTATION_STYLE_ASSIGNMENT (( #3971 ) ) ;
#742 = CARTESIAN_POINT ( 'NONE',  ( -1.399999999999999900, 0.0000000000000000000, 0.2000000000000000100 ) ) ;
#743 = VECTOR ( 'NONE', #928, 1000.000000000000000 ) ;
#744 = LINE ( 'NONE', #1279, #1952 ) ;
#745 = ORIENTED_EDGE ( 'NONE', *, *, #1094, .F. ) ;
#746 = ADVANCED_FACE ( 'NONE', ( #3556 ), #2811, .F. ) ;
#747 = PRESENTATION_LAYER_ASSIGNMENT (  '', '', ( #2560 ) ) ;
#748 = CARTESIAN_POINT ( 'NONE',  ( -0.6500000000000001300, 0.0000000000000000000, 0.0000000000000000000 ) ) ;
#749 = ORIENTED_EDGE ( 'NONE', *, *, #1517, .F. ) ;
#750 = EDGE_CURVE ( 'NONE', #628, #4677, #4642, .T. ) ;
#751 = CARTESIAN_POINT ( 'NONE',  ( -0.9000000000000001300, 1.850000000000000100, 0.2000000000000000100 ) ) ;
#752 = CARTESIAN_POINT ( 'NONE',  ( -0.3999999999999999700, 0.0000000000000000000, 0.0000000000000000000 ) ) ;
#753 =( GEOMETRIC_REPRESENTATION_CONTEXT ( 3 ) GLOBAL_UNCERTAINTY_ASSIGNED_CONTEXT ( ( #1421 ) ) GLOBAL_UNIT_ASSIGNED_CONTEXT ( ( #3953, #2136, #1029 ) ) REPRESENTATION_CONTEXT ( 'NONE', 'WORKASPACE' ) );
#754 = CARTESIAN_POINT ( 'NONE',  ( -1.000000000000000000, 0.0000000000000000000, 0.0000000000000000000 ) ) ;
#755 = VERTEX_POINT ( 'NONE', #2090 ) ;
#756 = DIRECTION ( 'NONE',  ( 1.000000000000000000, 0.0000000000000000000, 0.0000000000000000000 ) ) ;
#757 =( NAMED_UNIT ( * ) PLANE_ANGLE_UNIT ( ) SI_UNIT ( $, .RADIAN. ) );
#758 = STYLED_ITEM ( 'NONE', ( #24 ), #844 ) ;
#759 = CARTESIAN_POINT ( 'NONE',  ( -1.000000000000000000, 1.600000000000000100, 0.0000000000000000000 ) ) ;
#760 = ORIENTED_EDGE ( 'NONE', *, *, #4702, .T. ) ;
#761 = VERTEX_POINT ( 'NONE', #587 ) ;
#762 = UNCERTAINTY_MEASURE_WITH_UNIT (LENGTH_MEASURE( 1.000000000000000100E-005 ), #485, 'distance_accuracy_value', 'NONE');
#763 = AXIS2_PLACEMENT_3D ( 'NONE', #1577, #4534, #4205 ) ;
#764 = SURFACE_STYLE_FILL_AREA ( #2383 ) ;
#765 = EDGE_LOOP ( 'NONE', ( #1692, #269, #4491, #1849, #3405 ) ) ;
#766 = ORIENTED_EDGE ( 'NONE', *, *, #3545, .T. ) ;
#767 = FILL_AREA_STYLE_COLOUR ( '', #1383 ) ;
#768 = ORIENTED_EDGE ( 'NONE', *, *, #3609, .F. ) ;
#769 = FILL_AREA_STYLE ('',( #1876 ) ) ;
#770 = VECTOR ( 'NONE', #2823, 1000.000000000000000 ) ;
#771 = FILL_AREA_STYLE ('',( #61 ) ) ;
#772 = ADVANCED_FACE ( 'NONE', ( #4301 ), #1696, .F. ) ;
#773 = CARTESIAN_POINT ( 'NONE',  ( -0.8000000000000000400, 0.8750000000000000000, 0.2000000000000000100 ) ) ;
#774 = VERTEX_POINT ( 'NONE', #2052 ) ;
#775 = SURFACE_STYLE_USAGE ( .BOTH. , #2647 ) ;
#776 = CARTESIAN_POINT ( 'NONE',  ( -1.850000000000000100, 0.4000000000000000200, 0.2000000000000000100 ) ) ;
#777 = VECTOR ( 'NONE', #1194, 1000.000000000000000 ) ;
#778 = ORIENTED_EDGE ( 'NONE', *, *, #1169, .F. ) ;
#779 =( GEOMETRIC_REPRESENTATION_CONTEXT ( 3 ) GLOBAL_UNCERTAINTY_ASSIGNED_CONTEXT ( ( #2526 ) ) GLOBAL_UNIT_ASSIGNED_CONTEXT ( ( #4652, #1743, #2060 ) ) REPRESENTATION_CONTEXT ( 'NONE', 'WORKASPACE' ) );
#780 = SURFACE_STYLE_FILL_AREA ( #597 ) ;
#781 = EDGE_CURVE ( 'NONE', #2940, #4026, #2282, .T. ) ;
#782 =( NAMED_UNIT ( * ) PLANE_ANGLE_UNIT ( ) SI_UNIT ( $, .RADIAN. ) );
#783 = AXIS2_PLACEMENT_3D ( 'NONE', #2151, #3581, #2107 ) ;
#784 = SURFACE_STYLE_USAGE ( .BOTH. , #2678 ) ;
#785 = LINE ( 'NONE', #4682, #2214 ) ;
#786 =( LENGTH_UNIT ( ) NAMED_UNIT ( * ) SI_UNIT ( .MILLI., .METRE. ) );
#787 = CARTESIAN_POINT ( 'NONE',  ( -1.850000000000000100, 1.800000000000000300, 0.2000000000000000100 ) ) ;
#788 = CARTESIAN_POINT ( 'NONE',  ( -1.600000000000000100, 2.000000000000000000, 0.2000000000000000100 ) ) ;
#789 = AXIS2_PLACEMENT_3D ( 'NONE', #3954, #2806, #3928 ) ;
#790 = LINE ( 'NONE', #1931, #917 ) ;
#791 = VECTOR ( 'NONE', #874, 1000.000000000000000 ) ;
#792 = FILL_AREA_STYLE ('',( #2621 ) ) ;
#793 = LINE ( 'NONE', #3367, #2873 ) ;
#794 = VECTOR ( 'NONE', #514, 1000.000000000000000 ) ;
#795 = COLOUR_RGB ( '',0.5019607843137254800, 0.5019607843137254800, 0.5019607843137254800 ) ;
#796 = ORIENTED_EDGE ( 'NONE', *, *, #2280, .T. ) ;
#797 = EDGE_CURVE ( 'NONE', #426, #3806, #2696, .T. ) ;
#798 = DIRECTION ( 'NONE',  ( 1.000000000000000000, -0.0000000000000000000, 0.0000000000000000000 ) ) ;
#799 = VECTOR ( 'NONE', #1932, 1000.000000000000000 ) ;
#800 =( NAMED_UNIT ( * ) PLANE_ANGLE_UNIT ( ) SI_UNIT ( $, .RADIAN. ) );
#801 =( NAMED_UNIT ( * ) PLANE_ANGLE_UNIT ( ) SI_UNIT ( $, .RADIAN. ) );
#802 = PRESENTATION_STYLE_ASSIGNMENT (( #4707 ) ) ;
#803 = ORIENTED_EDGE ( 'NONE', *, *, #2712, .T. ) ;
#804 = CARTESIAN_POINT ( 'NONE',  ( -0.6500000000000001300, 1.850000000000000100, 0.2000000000000000100 ) ) ;
#805 = SURFACE_SIDE_STYLE ('',( #3205 ) ) ;
#806 = LINE ( 'NONE', #1535, #866 ) ;
#807 = EDGE_LOOP ( 'NONE', ( #3516, #217, #1623, #4381 ) ) ;
#808 =( GEOMETRIC_REPRESENTATION_CONTEXT ( 3 ) GLOBAL_UNCERTAINTY_ASSIGNED_CONTEXT ( ( #672 ) ) GLOBAL_UNIT_ASSIGNED_CONTEXT ( ( #1252, #4211, #561 ) ) REPRESENTATION_CONTEXT ( 'NONE', 'WORKASPACE' ) );
#809 = VECTOR ( 'NONE', #1503, 1000.000000000000000 ) ;
#810 = EDGE_CURVE ( 'NONE', #3069, #2362, #3086, .T. ) ;
#811 = AXIS2_PLACEMENT_3D ( 'NONE', #447, #838, #3434 ) ;
#812 = VERTEX_POINT ( 'NONE', #1733 ) ;
#813 = DIRECTION ( 'NONE',  ( -1.000000000000000000, 0.0000000000000000000, -0.0000000000000000000 ) ) ;
#814 = COLOUR_RGB ( '',0.7529411764705882200, 0.7529411764705882200, 0.7529411764705882200 ) ;
#815 = AXIS2_PLACEMENT_3D ( 'NONE', #2783, #3091, #904 ) ;
#816 = FILL_AREA_STYLE ('',( #3353 ) ) ;
#817 = ORIENTED_EDGE ( 'NONE', *, *, #4360, .F. ) ;
#818 = FILL_AREA_STYLE ('',( #3384 ) ) ;
#819 = UNCERTAINTY_MEASURE_WITH_UNIT (LENGTH_MEASURE( 1.000000000000000100E-005 ), #1040, 'distance_accuracy_value', 'NONE');
#820 = DIRECTION ( 'NONE',  ( -0.0000000000000000000, 0.0000000000000000000, -1.000000000000000000 ) ) ;
#821 =( NAMED_UNIT ( * ) PLANE_ANGLE_UNIT ( ) SI_UNIT ( $, .RADIAN. ) );
#822 = ORIENTED_EDGE ( 'NONE', *, *, #1349, .F. ) ;
#823 = ADVANCED_FACE ( 'NONE', ( #1490 ), #290, .F. ) ;
#824 = PLANE ( 'NONE',  #2844 ) ;
#825 = AXIS2_PLACEMENT_3D ( 'NONE', #2084, #2470, #1372 ) ;
#826 = LINE ( 'NONE', #3207, #4676 ) ;
#827 = ORIENTED_EDGE ( 'NONE', *, *, #3269, .F. ) ;
#828 = CARTESIAN_POINT ( 'NONE',  ( -0.9000000000000001300, 0.1499999999999999700, 0.0000000000000000000 ) ) ;
#829 = PRESENTATION_STYLE_ASSIGNMENT (( #775 ) ) ;
#830 = EDGE_CURVE ( 'NONE', #3794, #449, #392, .T. ) ;
#831 = VERTEX_POINT ( 'NONE', #634 ) ;
#832 = PLANE ( 'NONE',  #2822 ) ;
#833 = LINE ( 'NONE', #2958, #59 ) ;
#834 = SURFACE_STYLE_USAGE ( .BOTH. , #3750 ) ;
#835 = DIRECTION ( 'NONE',  ( 0.0000000000000000000, 1.000000000000000000, 0.0000000000000000000 ) ) ;
#836 = ORIENTED_EDGE ( 'NONE', *, *, #4359, .T. ) ;
#837 = DIRECTION ( 'NONE',  ( 0.0000000000000000000, -0.0000000000000000000, 1.000000000000000000 ) ) ;
#838 = DIRECTION ( 'NONE',  ( -0.0000000000000000000, -0.0000000000000000000, -1.000000000000000000 ) ) ;
#839 = CARTESIAN_POINT ( 'NONE',  ( -0.8000000000000000400, 1.000000000000000000, 0.2000000000000000100 ) ) ;
#840 = PRODUCT_DEFINITION_CONTEXT ( 'detailed design', #52, 'design' ) ;
#841 = MECHANICAL_DESIGN_GEOMETRIC_PRESENTATION_REPRESENTATION (  '', ( #4287 ), #3878 ) ;
#842 = EDGE_LOOP ( 'NONE', ( #4661, #1015, #3690, #652 ) ) ;
#843 = LINE ( 'NONE', #1614, #2327 ) ;
#844 = ADVANCED_FACE ( 'NONE', ( #985, #1388 ), #2428, .T. ) ;
#845 = EDGE_CURVE ( 'NONE', #2638, #1873, #3775, .T. ) ;
#846 = DIRECTION ( 'NONE',  ( -1.000000000000000000, -0.0000000000000000000, -0.0000000000000000000 ) ) ;
#847 = PRESENTATION_LAYER_ASSIGNMENT (  '', '', ( #3550 ) ) ;
#848 = LINE ( 'NONE', #1986, #1197 ) ;
#849 = UNCERTAINTY_MEASURE_WITH_UNIT (LENGTH_MEASURE( 1.000000000000000100E-005 ), #1050, 'distance_accuracy_value', 'NONE');
#850 = MECHANICAL_DESIGN_GEOMETRIC_PRESENTATION_REPRESENTATION (  '', ( #2596 ), #2016 ) ;
#851 = VECTOR ( 'NONE', #4468, 1000.000000000000000 ) ;
#852 = FACE_OUTER_BOUND ( 'NONE', #3173, .T. ) ;
#853 = SURFACE_STYLE_USAGE ( .BOTH. , #1590 ) ;
#854 =( GEOMETRIC_REPRESENTATION_CONTEXT ( 3 ) GLOBAL_UNCERTAINTY_ASSIGNED_CONTEXT ( ( #3526 ) ) GLOBAL_UNIT_ASSIGNED_CONTEXT ( ( #3178, #3905, #3541 ) ) REPRESENTATION_CONTEXT ( 'NONE', 'WORKASPACE' ) );
#855 = FILL_AREA_STYLE_COLOUR ( '', #3327 ) ;
#856 = SURFACE_SIDE_STYLE ('',( #1579 ) ) ;
#857 = VECTOR ( 'NONE', #521, 1000.000000000000000 ) ;
#858 = DIRECTION ( 'NONE',  ( 0.0000000000000000000, -0.0000000000000000000, -1.000000000000000000 ) ) ;
#859 = VERTEX_POINT ( 'NONE', #3643 ) ;
#860 = VECTOR ( 'NONE', #1713, 1000.000000000000000 ) ;
#861 = VECTOR ( 'NONE', #3956, 1000.000000000000000 ) ;
#862 = ORIENTED_EDGE ( 'NONE', *, *, #1766, .T. ) ;
#863 = EDGE_CURVE ( 'NONE', #2759, #1550, #1832, .T. ) ;
#864 = COLOUR_RGB ( '',0.5019607843137254800, 0.5019607843137254800, 0.5019607843137254800 ) ;
#865 = DIRECTION ( 'NONE',  ( -1.000000000000000000, -0.0000000000000000000, 0.0000000000000000000 ) ) ;
#866 = VECTOR ( 'NONE', #798, 1000.000000000000000 ) ;
#867 = ORIENTED_EDGE ( 'NONE', *, *, #2064, .T. ) ;
#868 = ADVANCED_FACE ( 'NONE', ( #298 ), #2593, .F. ) ;
#869 = DIRECTION ( 'NONE',  ( 0.0000000000000000000, -1.000000000000000000, -0.0000000000000000000 ) ) ;
#870 =( NAMED_UNIT ( * ) PLANE_ANGLE_UNIT ( ) SI_UNIT ( $, .RADIAN. ) );
#871 = VECTOR ( 'NONE', #1488, 1000.000000000000000 ) ;
#872 = PRESENTATION_STYLE_ASSIGNMENT (( #4464 ) ) ;
#873 = PLANE ( 'NONE',  #1770 ) ;
#874 = DIRECTION ( 'NONE',  ( 0.0000000000000000000, 1.000000000000000000, 0.0000000000000000000 ) ) ;
#875 = ORIENTED_EDGE ( 'NONE', *, *, #3872, .T. ) ;
#876 = ADVANCED_FACE ( 'NONE', ( #444 ), #2249, .F. ) ;
#877 =( NAMED_UNIT ( * ) SI_UNIT ( $, .STERADIAN. ) SOLID_ANGLE_UNIT ( ) );
#878 =( GEOMETRIC_REPRESENTATION_CONTEXT ( 3 ) GLOBAL_UNCERTAINTY_ASSIGNED_CONTEXT ( ( #3671 ) ) GLOBAL_UNIT_ASSIGNED_CONTEXT ( ( #3812, #1295, #471 ) ) REPRESENTATION_CONTEXT ( 'NONE', 'WORKASPACE' ) );
#879 = PRESENTATION_STYLE_ASSIGNMENT (( #1668 ) ) ;
#880 = ORIENTED_EDGE ( 'NONE', *, *, #3170, .F. ) ;
#881 = EDGE_LOOP ( 'NONE', ( #46, #1283, #1337, #2358 ) ) ;
#882 = MECHANICAL_DESIGN_GEOMETRIC_PRESENTATION_REPRESENTATION (  '', ( #1653 ), #808 ) ;
#883 = ORIENTED_EDGE ( 'NONE', *, *, #4428, .T. ) ;
#884 = ORIENTED_EDGE ( 'NONE', *, *, #2538, .T. ) ;
#885 = DIRECTION ( 'NONE',  ( 0.7071067811865475700, -0.7071067811865475700, 0.0000000000000000000 ) ) ;
#886 = UNCERTAINTY_MEASURE_WITH_UNIT (LENGTH_MEASURE( 1.000000000000000100E-005 ), #4724, 'distance_accuracy_value', 'NONE');
#887 = MECHANICAL_DESIGN_GEOMETRIC_PRESENTATION_REPRESENTATION (  '', ( #390 ), #2113 ) ;
#888 = LINE ( 'NONE', #4337, #274 ) ;
#889 =( NAMED_UNIT ( * ) PLANE_ANGLE_UNIT ( ) SI_UNIT ( $, .RADIAN. ) );
#890 = ORIENTED_EDGE ( 'NONE', *, *, #2134, .F. ) ;
#891 =( NAMED_UNIT ( * ) SI_UNIT ( $, .STERADIAN. ) SOLID_ANGLE_UNIT ( ) );
#892 = CARTESIAN_POINT ( 'NONE',  ( -1.850000000000000100, 1.600000000000000100, 0.2000000000000000100 ) ) ;
#893 = EDGE_LOOP ( 'NONE', ( #522, #2493, #2211, #4209 ) ) ;
#894 = FILL_AREA_STYLE_COLOUR ( '', #637 ) ;
#895 = CARTESIAN_POINT ( 'NONE',  ( -0.6500000000000001300, 1.925000000000000000, 0.2000000000000000100 ) ) ;
#896 = PRESENTATION_STYLE_ASSIGNMENT (( #4086 ) ) ;
#897 = ADVANCED_FACE ( 'NONE', ( #1826 ), #3338, .F. ) ;
#898 = EDGE_CURVE ( 'NONE', #4542, #166, #4298, .T. ) ;
#899 = ORIENTED_EDGE ( 'NONE', *, *, #1682, .F. ) ;
#900 = ADVANCED_FACE ( 'NONE', ( #558 ), #1320, .F. ) ;
#901 = DIRECTION ( 'NONE',  ( 1.000000000000000000, 0.0000000000000000000, -0.0000000000000000000 ) ) ;
#902 = ORIENTED_EDGE ( 'NONE', *, *, #4315, .T. ) ;
#903 = LINE ( 'NONE', #1981, #3988 ) ;
#904 = DIRECTION ( 'NONE',  ( -0.0000000000000000000, 0.0000000000000000000, -1.000000000000000000 ) ) ;
#905 = PLANE ( 'NONE',  #4206 ) ;
#906 = FILL_AREA_STYLE_COLOUR ( '', #2689 ) ;
#907 = CARTESIAN_POINT ( 'NONE',  ( -0.8000000000000000400, 1.125000000000000200, 0.0000000000000000000 ) ) ;
#908 = SURFACE_STYLE_FILL_AREA ( #1345 ) ;
#909 =( NAMED_UNIT ( * ) PLANE_ANGLE_UNIT ( ) SI_UNIT ( $, .RADIAN. ) );
#910 = CARTESIAN_POINT ( 'NONE',  ( -0.4000000000000000200, 1.125000000000000200, 0.2000000000000000100 ) ) ;
#911 =( GEOMETRIC_REPRESENTATION_CONTEXT ( 3 ) GLOBAL_UNCERTAINTY_ASSIGNED_CONTEXT ( ( #4515 ) ) GLOBAL_UNIT_ASSIGNED_CONTEXT ( ( #3497, #1994, #2025 ) ) REPRESENTATION_CONTEXT ( 'NONE', 'WORKASPACE' ) );
#912 = PLANE ( 'NONE',  #559 ) ;
#913 = SURFACE_SIDE_STYLE ('',( #2618 ) ) ;
#914 = MECHANICAL_DESIGN_GEOMETRIC_PRESENTATION_REPRESENTATION (  '', ( #2727 ), #1156 ) ;
#915 = LINE ( 'NONE', #748, #1661 ) ;
#916 = UNCERTAINTY_MEASURE_WITH_UNIT (LENGTH_MEASURE( 1.000000000000000100E-005 ), #3897, 'distance_accuracy_value', 'NONE');
#917 = VECTOR ( 'NONE', #4158, 1000.000000000000000 ) ;
#918 = LINE ( 'NONE', #1608, #4241 ) ;
#919 = AXIS2_PLACEMENT_3D ( 'NONE', #2927, #731, #3989 ) ;
#920 = DIRECTION ( 'NONE',  ( 1.000000000000000000, 0.0000000000000000000, -0.0000000000000000000 ) ) ;
#921 = VECTOR ( 'NONE', #2463, 1000.000000000000000 ) ;
#922 = CARTESIAN_POINT ( 'NONE',  ( -0.4000000000000000200, 1.800000000000000300, 0.0000000000000000000 ) ) ;
#923 = SURFACE_STYLE_USAGE ( .BOTH. , #221 ) ;
#924 = PRESENTATION_LAYER_ASSIGNMENT (  '', '', ( #1423 ) ) ;
#925 = PRESENTATION_STYLE_ASSIGNMENT (( #2843 ) ) ;
#926 = ORIENTED_EDGE ( 'NONE', *, *, #3644, .F. ) ;
#927 = CARTESIAN_POINT ( 'NONE',  ( -1.000000000000000000, 1.000000000000000000, 0.0000000000000000000 ) ) ;
#928 = DIRECTION ( 'NONE',  ( -0.0000000000000000000, 0.0000000000000000000, -1.000000000000000000 ) ) ;
#929 =( LENGTH_UNIT ( ) NAMED_UNIT ( * ) SI_UNIT ( .MILLI., .METRE. ) );
#930 = VECTOR ( 'NONE', #1436, 1000.000000000000000 ) ;
#931 = FILL_AREA_STYLE_COLOUR ( '', #2298 ) ;
#932 = ORIENTED_EDGE ( 'NONE', *, *, #4223, .F. ) ;
#933 = EDGE_CURVE ( 'NONE', #3684, #2146, #915, .T. ) ;
#934 = EDGE_LOOP ( 'NONE', ( #2485, #4149, #1469, #1444 ) ) ;
#935 = DIRECTION ( 'NONE',  ( 0.0000000000000000000, -0.0000000000000000000, -1.000000000000000000 ) ) ;
#936 = VECTOR ( 'NONE', #2588, 1000.000000000000000 ) ;
#937 = SURFACE_STYLE_FILL_AREA ( #2153 ) ;
#938 = DIRECTION ( 'NONE',  ( 1.000000000000000000, 0.0000000000000000000, -0.0000000000000000000 ) ) ;
#939 = ORIENTED_EDGE ( 'NONE', *, *, #2907, .F. ) ;
#940 = CARTESIAN_POINT ( 'NONE',  ( -1.850000000000000100, 1.600000000000000100, 0.2000000000000000100 ) ) ;
#941 = STYLED_ITEM ( 'NONE', ( #2361 ), #1570 ) ;
#942 = FILL_AREA_STYLE_COLOUR ( '', #3142 ) ;
#943 = DIRECTION ( 'NONE',  ( -0.0000000000000000000, 0.0000000000000000000, 1.000000000000000000 ) ) ;
#944 = DIRECTION ( 'NONE',  ( -1.000000000000000000, 0.0000000000000000000, -0.0000000000000000000 ) ) ;
#945 = VERTEX_POINT ( 'NONE', #1904 ) ;
#946 = EDGE_CURVE ( 'NONE', #3334, #2069, #2623, .T. ) ;
#947 =( LENGTH_UNIT ( ) NAMED_UNIT ( * ) SI_UNIT ( .MILLI., .METRE. ) );
#948 = ORIENTED_EDGE ( 'NONE', *, *, #1142, .F. ) ;
#949 =( LENGTH_UNIT ( ) NAMED_UNIT ( * ) SI_UNIT ( .MILLI., .METRE. ) );
#950 = FILL_AREA_STYLE ('',( #213 ) ) ;
#951 = ORIENTED_EDGE ( 'NONE', *, *, #2795, .F. ) ;
#952 = STYLED_ITEM ( 'NONE', ( #3031 ), #2673 ) ;
#953 = AXIS2_PLACEMENT_3D ( 'NONE', #180, #3130, #224 ) ;
#954 = VERTEX_POINT ( 'NONE', #3669 ) ;
#955 = ADVANCED_FACE ( 'NONE', ( #4238 ), #2952, .F. ) ;
#956 =( GEOMETRIC_REPRESENTATION_CONTEXT ( 3 ) GLOBAL_UNCERTAINTY_ASSIGNED_CONTEXT ( ( #2055 ) ) GLOBAL_UNIT_ASSIGNED_CONTEXT ( ( #2836, #3927, #1787 ) ) REPRESENTATION_CONTEXT ( 'NONE', 'WORKASPACE' ) );
#957 = COLOUR_RGB ( '',0.7529411764705882200, 0.7529411764705882200, 0.7529411764705882200 ) ;
#958 = DIRECTION ( 'NONE',  ( -0.0000000000000000000, -1.000000000000000000, -0.0000000000000000000 ) ) ;
#959 = VERTEX_POINT ( 'NONE', #3025 ) ;
#960 =( LENGTH_UNIT ( ) NAMED_UNIT ( * ) SI_UNIT ( .MILLI., .METRE. ) );
#961 = CARTESIAN_POINT ( 'NONE',  ( -1.850000000000000100, 0.2500000000000000000, 0.2000000000000000100 ) ) ;
#962 = DIRECTION ( 'NONE',  ( -1.000000000000000000, 0.0000000000000000000, -0.0000000000000000000 ) ) ;
#963 = LINE ( 'NONE', #3752, #1584 ) ;
#964 = CARTESIAN_POINT ( 'NONE',  ( -1.024999999999999900, 0.1499999999999999900, 0.2000000000000000100 ) ) ;
#965 = CARTESIAN_POINT ( 'NONE',  ( -1.725000000000000100, 0.5000000000000000000, 0.2000000000000000100 ) ) ;
#966 = SURFACE_STYLE_FILL_AREA ( #4655 ) ;
#967 = EDGE_LOOP ( 'NONE', ( #2231, #3409, #2730, #2315 ) ) ;
#968 = CARTESIAN_POINT ( 'NONE',  ( 0.0000000000000000000, 2.000000000000000000, 1.600000000000000100 ) ) ;
#969 = AXIS2_PLACEMENT_3D ( 'NONE', #1493, #3354, #4082 ) ;
#970 = SURFACE_STYLE_USAGE ( .BOTH. , #3558 ) ;
#971 = SURFACE_STYLE_FILL_AREA ( #3184 ) ;
#972 = CARTESIAN_POINT ( 'NONE',  ( -0.1499999999999999900, 1.800000000000000300, 0.2000000000000000100 ) ) ;
#973 = LINE ( 'NONE', #2339, #2168 ) ;
#974 =( NAMED_UNIT ( * ) PLANE_ANGLE_UNIT ( ) SI_UNIT ( $, .RADIAN. ) );
#975 =( LENGTH_UNIT ( ) NAMED_UNIT ( * ) SI_UNIT ( .MILLI., .METRE. ) );
#976 =( NAMED_UNIT ( * ) PLANE_ANGLE_UNIT ( ) SI_UNIT ( $, .RADIAN. ) );
#977 = SURFACE_STYLE_FILL_AREA ( #1507 ) ;
#978 = UNCERTAINTY_MEASURE_WITH_UNIT (LENGTH_MEASURE( 1.000000000000000100E-005 ), #1879, 'distance_accuracy_value', 'NONE');
#979 = AXIS2_PLACEMENT_3D ( 'NONE', #3357, #4518, #3009 ) ;
#980 = PRESENTATION_STYLE_ASSIGNMENT (( #1996 ) ) ;
#981 = CARTESIAN_POINT ( 'NONE',  ( -2.000000000000000000, 1.125000000000000200, 0.0000000000000000000 ) ) ;
#982 = VECTOR ( 'NONE', #2209, 1000.000000000000000 ) ;
#983 =( LENGTH_UNIT ( ) NAMED_UNIT ( * ) SI_UNIT ( .MILLI., .METRE. ) );
#984 =( GEOMETRIC_REPRESENTATION_CONTEXT ( 3 ) GLOBAL_UNCERTAINTY_ASSIGNED_CONTEXT ( ( #3725 ) ) GLOBAL_UNIT_ASSIGNED_CONTEXT ( ( #3768, #3754, #2669 ) ) REPRESENTATION_CONTEXT ( 'NONE', 'WORKASPACE' ) );
#985 = FACE_OUTER_BOUND ( 'NONE', #3239, .T. ) ;
#986 = PRESENTATION_STYLE_ASSIGNMENT (( #1933 ) ) ;
#987 = APPLICATION_PROTOCOL_DEFINITION ( 'draft international standard', 'automotive_design', 1998, #4694 ) ;
#988 = MECHANICAL_DESIGN_GEOMETRIC_PRESENTATION_REPRESENTATION (  '', ( #414 ), #3701 ) ;
#989 = COLOUR_RGB ( '',0.7529411764705882200, 0.7529411764705882200, 0.7529411764705882200 ) ;
#990 = PLANE ( 'NONE',  #1588 ) ;
#991 = ORIENTED_EDGE ( 'NONE', *, *, #1124, .F. ) ;
#992 = FILL_AREA_STYLE ('',( #2700 ) ) ;
#993 = PRESENTATION_STYLE_ASSIGNMENT (( #1231 ) ) ;
#994 = FILL_AREA_STYLE_COLOUR ( '', #1430 ) ;
#995 = DIRECTION ( 'NONE',  ( -0.0000000000000000000, 0.0000000000000000000, -1.000000000000000000 ) ) ;
#996 = CARTESIAN_POINT ( 'NONE',  ( 0.0000000000000000000, 1.125000000000000200, 0.2000000000000000100 ) ) ;
#997 = ORIENTED_EDGE ( 'NONE', *, *, #3930, .F. ) ;
#998 = SURFACE_SIDE_STYLE ('',( #2241 ) ) ;
#999 = PLANE ( 'NONE',  #2049 ) ;
#1000 = VERTEX_POINT ( 'NONE', #1238 ) ;
#1001 = PLANE ( 'NONE',  #825 ) ;
#1002 = COLOUR_RGB ( '',0.5019607843137254800, 0.5019607843137254800, 0.5019607843137254800 ) ;
#1003 = ORIENTED_EDGE ( 'NONE', *, *, #3661, .F. ) ;
#1004 = ORIENTED_EDGE ( 'NONE', *, *, #3311, .F. ) ;
#1005 = DIRECTION ( 'NONE',  ( -0.0000000000000000000, 0.0000000000000000000, -1.000000000000000000 ) ) ;
#1006 = VECTOR ( 'NONE', #2761, 1000.000000000000000 ) ;
#1007 = DIRECTION ( 'NONE',  ( 0.0000000000000000000, -0.0000000000000000000, 1.000000000000000000 ) ) ;
#1008 = ORIENTED_EDGE ( 'NONE', *, *, #197, .T. ) ;
#1009 = ORIENTED_EDGE ( 'NONE', *, *, #3644, .T. ) ;
#1010 = MECHANICAL_DESIGN_GEOMETRIC_PRESENTATION_REPRESENTATION (  '', ( #2722 ), #1491 ) ;
#1011 = FILL_AREA_STYLE ('',( #3197 ) ) ;
#1012 = SURFACE_STYLE_USAGE ( .BOTH. , #3216 ) ;
#1013 = EDGE_CURVE ( 'NONE', #1840, #303, #3712, .T. ) ;
#1014 =( NAMED_UNIT ( * ) SI_UNIT ( $, .STERADIAN. ) SOLID_ANGLE_UNIT ( ) );
#1015 = ORIENTED_EDGE ( 'NONE', *, *, #3172, .F. ) ;
#1016 = CARTESIAN_POINT ( 'NONE',  ( -1.600000000000000100, 1.000000000000000000, 0.2000000000000000100 ) ) ;
#1017 =( NAMED_UNIT ( * ) PLANE_ANGLE_UNIT ( ) SI_UNIT ( $, .RADIAN. ) );
#1018 = FACE_OUTER_BOUND ( 'NONE', #515, .T. ) ;
#1019 = ORIENTED_EDGE ( 'NONE', *, *, #1013, .F. ) ;
#1020 = CARTESIAN_POINT ( 'NONE',  ( -0.1499999999999999900, 0.2000000000000000100, 0.2000000000000000100 ) ) ;
#1021 = PRESENTATION_LAYER_ASSIGNMENT (  '', '', ( #1592 ) ) ;
#1022 = LINE ( 'NONE', #2270, #2504 ) ;
#1023 = PLANE ( 'NONE',  #4132 ) ;
#1024 = PRESENTATION_LAYER_ASSIGNMENT (  '', '', ( #2891 ) ) ;
#1025 = FILL_AREA_STYLE ('',( #2782 ) ) ;
#1026 = CARTESIAN_POINT ( 'NONE',  ( -1.800000000000000300, 0.8750000000000000000, 0.2000000000000000100 ) ) ;
#1027 = LINE ( 'NONE', #3132, #1253 ) ;
#1028 = FILL_AREA_STYLE ('',( #3546 ) ) ;
#1029 =( NAMED_UNIT ( * ) SI_UNIT ( $, .STERADIAN. ) SOLID_ANGLE_UNIT ( ) );
#1030 = SURFACE_SIDE_STYLE ('',( #2654 ) ) ;
#1031 = COLOUR_RGB ( '',0.5019607843137254800, 0.5019607843137254800, 0.5019607843137254800 ) ;
#1032 =( LENGTH_UNIT ( ) NAMED_UNIT ( * ) SI_UNIT ( .MILLI., .METRE. ) );
#1033 = LINE ( 'NONE', #1739, #4180 ) ;
#1034 = STYLED_ITEM ( 'NONE', ( #4269 ), #1529 ) ;
#1035 = LINE ( 'NONE', #3352, #3837 ) ;
#1036 = EDGE_CURVE ( 'NONE', #1969, #1953, #2053, .T. ) ;
#1037 = UNCERTAINTY_MEASURE_WITH_UNIT (LENGTH_MEASURE( 1.000000000000000100E-005 ), #3597, 'distance_accuracy_value', 'NONE');
#1038 = FILL_AREA_STYLE ('',( #277 ) ) ;
#1039 =( LENGTH_UNIT ( ) NAMED_UNIT ( * ) SI_UNIT ( .MILLI., .METRE. ) );
#1040 =( LENGTH_UNIT ( ) NAMED_UNIT ( * ) SI_UNIT ( .MILLI., .METRE. ) );
#1041 = MECHANICAL_DESIGN_GEOMETRIC_PRESENTATION_REPRESENTATION (  '', ( #308 ), #2420 ) ;
#1042 = DIRECTION ( 'NONE',  ( 1.000000000000000000, 0.0000000000000000000, -0.0000000000000000000 ) ) ;
#1043 = DIRECTION ( 'NONE',  ( 0.0000000000000000000, -1.000000000000000000, -0.0000000000000000000 ) ) ;
#1044 = LINE ( 'NONE', #234, #301 ) ;
#1045 = ORIENTED_EDGE ( 'NONE', *, *, #31, .F. ) ;
#1046 =( GEOMETRIC_REPRESENTATION_CONTEXT ( 3 ) GLOBAL_UNCERTAINTY_ASSIGNED_CONTEXT ( ( #3785 ) ) GLOBAL_UNIT_ASSIGNED_CONTEXT ( ( #929, #1665, #4555 ) ) REPRESENTATION_CONTEXT ( 'NONE', 'WORKASPACE' ) );
#1047 = CARTESIAN_POINT ( 'NONE',  ( -1.600000000000000100, 0.8750000000000000000, 0.2000000000000000100 ) ) ;
#1048 = VECTOR ( 'NONE', #1528, 1000.000000000000000 ) ;
#1049 =( LENGTH_UNIT ( ) NAMED_UNIT ( * ) SI_UNIT ( .MILLI., .METRE. ) );
#1050 =( LENGTH_UNIT ( ) NAMED_UNIT ( * ) SI_UNIT ( .MILLI., .METRE. ) );
#1051 = PRESENTATION_LAYER_ASSIGNMENT (  '', '', ( #3592 ) ) ;
#1052 = VERTEX_POINT ( 'NONE', #3792 ) ;
#1053 = PRESENTATION_STYLE_ASSIGNMENT (( #2997 ) ) ;
#1054 = PRESENTATION_STYLE_ASSIGNMENT (( #1287 ) ) ;
#1055 = ORIENTED_EDGE ( 'NONE', *, *, #4609, .F. ) ;
#1056 = DIRECTION ( 'NONE',  ( -0.0000000000000000000, -1.000000000000000000, -0.0000000000000000000 ) ) ;
#1057 = FILL_AREA_STYLE ('',( #3937 ) ) ;
#1058 = ORIENTED_EDGE ( 'NONE', *, *, #469, .F. ) ;
#1059 = SURFACE_SIDE_STYLE ('',( #186 ) ) ;
#1060 = DIRECTION ( 'NONE',  ( 0.0000000000000000000, -0.0000000000000000000, -1.000000000000000000 ) ) ;
#1061 = CARTESIAN_POINT ( 'NONE',  ( -0.4000000000000000200, 0.1499999999999999900, 0.2000000000000000100 ) ) ;
#1062 = DIRECTION ( 'NONE',  ( -1.000000000000000000, -0.0000000000000000000, -0.0000000000000000000 ) ) ;
#1063 = ORIENTED_EDGE ( 'NONE', *, *, #1171, .F. ) ;
#1064 = ORIENTED_EDGE ( 'NONE', *, *, #1585, .F. ) ;
#1065 = UNCERTAINTY_MEASURE_WITH_UNIT (LENGTH_MEASURE( 1.000000000000000100E-005 ), #1039, 'distance_accuracy_value', 'NONE');
#1066 = VECTOR ( 'NONE', #4658, 1000.000000000000000 ) ;
#1067 = VERTEX_POINT ( 'NONE', #828 ) ;
#1068 =( GEOMETRIC_REPRESENTATION_CONTEXT ( 3 ) GLOBAL_UNCERTAINTY_ASSIGNED_CONTEXT ( ( #1333 ) ) GLOBAL_UNIT_ASSIGNED_CONTEXT ( ( #329, #3975, #344 ) ) REPRESENTATION_CONTEXT ( 'NONE', 'WORKASPACE' ) );
#1069 = CARTESIAN_POINT ( 'NONE',  ( -2.000000000000000000, 1.000000000000000000, 0.2000000000000000100 ) ) ;
#1070 = DIRECTION ( 'NONE',  ( 0.0000000000000000000, -0.0000000000000000000, 1.000000000000000000 ) ) ;
#1071 = SURFACE_STYLE_USAGE ( .BOTH. , #2553 ) ;
#1072 = SURFACE_SIDE_STYLE ('',( #2395 ) ) ;
#1073 = PRESENTATION_LAYER_ASSIGNMENT (  '', '', ( #2968 ) ) ;
#1074 = PLANE ( 'NONE',  #1834 ) ;
#1075 = CARTESIAN_POINT ( 'NONE',  ( -1.149999999999999900, 0.0000000000000000000, 0.2000000000000000100 ) ) ;
#1076 = VECTOR ( 'NONE', #1043, 1000.000000000000000 ) ;
#1077 = FACE_OUTER_BOUND ( 'NONE', #4036, .T. ) ;
#1078 = CARTESIAN_POINT ( 'NONE',  ( -0.7750000000000001300, 2.000000000000000000, 0.0000000000000000000 ) ) ;
#1079 = COLOUR_RGB ( '',0.7921568627450980000, 0.8196078431372548800, 0.9333333333333333500 ) ;
#1080 = DIRECTION ( 'NONE',  ( -0.0000000000000000000, 1.000000000000000000, 0.0000000000000000000 ) ) ;
#1081 =( NAMED_UNIT ( * ) PLANE_ANGLE_UNIT ( ) SI_UNIT ( $, .RADIAN. ) );
#1082 = SURFACE_STYLE_FILL_AREA ( #1971 ) ;
#1083 = EDGE_CURVE ( 'NONE', #4363, #1891, #552, .T. ) ;
#1084 = CARTESIAN_POINT ( 'NONE',  ( -1.000000000000000000, 0.5000000000000000000, 0.0000000000000000000 ) ) ;
#1085 = CARTESIAN_POINT ( 'NONE',  ( -1.600000000000000100, 0.2500000000000000000, 0.0000000000000000000 ) ) ;
#1086 =( NAMED_UNIT ( * ) PLANE_ANGLE_UNIT ( ) SI_UNIT ( $, .RADIAN. ) );
#1087 = LINE ( 'NONE', #3297, #4404 ) ;
#1088 = APPLICATION_PROTOCOL_DEFINITION ( 'draft international standard', 'automotive_design', 1998, #52 ) ;
#1089 = LINE ( 'NONE', #125, #2518 ) ;
#1090 = VECTOR ( 'NONE', #1007, 1000.000000000000000 ) ;
#1091 = UNCERTAINTY_MEASURE_WITH_UNIT (LENGTH_MEASURE( 1.000000000000000100E-005 ), #2462, 'distance_accuracy_value', 'NONE');
#1092 = VECTOR ( 'NONE', #2402, 1000.000000000000000 ) ;
#1093 = MECHANICAL_DESIGN_GEOMETRIC_PRESENTATION_REPRESENTATION (  '', ( #688 ), #4126 ) ;
#1094 = EDGE_CURVE ( 'NONE', #1891, #2893, #2273, .T. ) ;
#1095 = PRESENTATION_STYLE_ASSIGNMENT (( #4023 ) ) ;
#1096 = CARTESIAN_POINT ( 'NONE',  ( -1.149999999999999900, 0.1999999999999990100, 0.2000000000000000100 ) ) ;
#1097 = VERTEX_POINT ( 'NONE', #1225 ) ;
#1098 = STYLED_ITEM ( 'NONE', ( #2464 ), #3358 ) ;
#1099 = CARTESIAN_POINT ( 'NONE',  ( -0.9000000000000001300, 2.000000000000000000, 0.0000000000000000000 ) ) ;
#1100 =( GEOMETRIC_REPRESENTATION_CONTEXT ( 3 ) GLOBAL_UNCERTAINTY_ASSIGNED_CONTEXT ( ( #3900 ) ) GLOBAL_UNIT_ASSIGNED_CONTEXT ( ( #2265, #4444, #1533 ) ) REPRESENTATION_CONTEXT ( 'NONE', 'WORKASPACE' ) );
#1101 = LINE ( 'NONE', #2260, #1048 ) ;
#1102 =( NAMED_UNIT ( * ) PLANE_ANGLE_UNIT ( ) SI_UNIT ( $, .RADIAN. ) );
#1103 = DIRECTION ( 'NONE',  ( 0.0000000000000000000, 1.000000000000000000, 0.0000000000000000000 ) ) ;
#1104 = MECHANICAL_DESIGN_GEOMETRIC_PRESENTATION_REPRESENTATION (  '', ( #758 ), #4038 ) ;
#1105 = VERTEX_POINT ( 'NONE', #4165 ) ;
#1106 = CARTESIAN_POINT ( 'NONE',  ( -1.399999999999999900, 0.2000000000000000100, 0.2000000000000000100 ) ) ;
#1107 = COLOUR_RGB ( '',0.7921568627450980000, 0.8196078431372548800, 0.9333333333333333500 ) ;
#1108 =( GEOMETRIC_REPRESENTATION_CONTEXT ( 3 ) GLOBAL_UNCERTAINTY_ASSIGNED_CONTEXT ( ( #3406 ) ) GLOBAL_UNIT_ASSIGNED_CONTEXT ( ( #3780, #1979, #1961 ) ) REPRESENTATION_CONTEXT ( 'NONE', 'WORKASPACE' ) );
#1109 = ORIENTED_EDGE ( 'NONE', *, *, #3536, .F. ) ;
#1110 = PRESENTATION_STYLE_ASSIGNMENT (( #594 ) ) ;
#1111 = EDGE_LOOP ( 'NONE', ( #2590, #2720, #3001, #4260, #2539, #2953, #3400, #3955, #3739, #2933, #862, #1702 ) ) ;
#1112 = ORIENTED_EDGE ( 'NONE', *, *, #3311, .T. ) ;
#1113 = CARTESIAN_POINT ( 'NONE',  ( -1.149999999999999900, 0.07499999999999999700, 0.2000000000000000100 ) ) ;
#1114 = LINE ( 'NONE', #1658, #3962 ) ;
#1115 = DIRECTION ( 'NONE',  ( 0.0000000000000000000, -0.0000000000000000000, -1.000000000000000000 ) ) ;
#1116 = ORIENTED_EDGE ( 'NONE', *, *, #1647, .F. ) ;
#1117 = ADVANCED_FACE ( 'NONE', ( #1434 ), #1202, .T. ) ;
#1118 = ORIENTED_EDGE ( 'NONE', *, *, #1812, .T. ) ;
#1119 = CARTESIAN_POINT ( 'NONE',  ( -1.274999999999999900, 0.0000000000000000000, 0.2000000000000000100 ) ) ;
#1120 = ORIENTED_EDGE ( 'NONE', *, *, #1795, .F. ) ;
#1121 = UNCERTAINTY_MEASURE_WITH_UNIT (LENGTH_MEASURE( 1.000000000000000100E-005 ), #1359, 'distance_accuracy_value', 'NONE');
#1122 = AXIS2_PLACEMENT_3D ( 'NONE', #1367, #1758, #3582 ) ;
#1123 = COLOUR_RGB ( '',0.7529411764705882200, 0.7529411764705882200, 0.7529411764705882200 ) ;
#1124 = EDGE_CURVE ( 'NONE', #3101, #3860, #848, .T. ) ;
#1125 = ORIENTED_EDGE ( 'NONE', *, *, #2785, .F. ) ;
#1126 = STYLED_ITEM ( 'NONE', ( #1510 ), #3133 ) ;
#1127 = DIRECTION ( 'NONE',  ( -0.0000000000000000000, -1.000000000000000000, 0.0000000000000000000 ) ) ;
#1128 = STYLED_ITEM ( 'NONE', ( #4200 ), #1927 ) ;
#1129 = CARTESIAN_POINT ( 'NONE',  ( 0.0000000000000000000, 2.000000000000000000, 0.0000000000000000000 ) ) ;
#1130 = CARTESIAN_POINT ( 'NONE',  ( -0.6500000000000001300, 1.850000000000000100, 0.0000000000000000000 ) ) ;
#1131 = MECHANICAL_DESIGN_GEOMETRIC_PRESENTATION_REPRESENTATION (  '', ( #1656 ), #4065 ) ;
#1132 = CARTESIAN_POINT ( 'NONE',  ( -1.000000000000000000, 1.000000000000000000, 0.0000000000000000000 ) ) ;
#1133 = PLANE ( 'NONE',  #3946 ) ;
#1134 = ORIENTED_EDGE ( 'NONE', *, *, #2011, .F. ) ;
#1135 = PRESENTATION_LAYER_ASSIGNMENT (  '', '', ( #390 ) ) ;
#1136 = LINE ( 'NONE', #965, #2965 ) ;
#1137 = SURFACE_STYLE_FILL_AREA ( #1011 ) ;
#1138 = COLOUR_RGB ( '',0.2509803921568627400, 0.2509803921568627400, 0.2509803921568627400 ) ;
#1139 = LINE ( 'NONE', #1703, #2690 ) ;
#1140 = DIRECTION ( 'NONE',  ( 0.0000000000000000000, -1.000000000000000000, 0.0000000000000000000 ) ) ;
#1141 = LINE ( 'NONE', #296, #3429 ) ;
#1142 = EDGE_CURVE ( 'NONE', #1067, #3727, #4179, .T. ) ;
#1143 = EDGE_CURVE ( 'NONE', #2435, #2362, #241, .T. ) ;
#1144 = LINE ( 'NONE', #2389, #1771 ) ;
#1145 = SURFACE_STYLE_FILL_AREA ( #1230 ) ;
#1146 =( NAMED_UNIT ( * ) PLANE_ANGLE_UNIT ( ) SI_UNIT ( $, .RADIAN. ) );
#1147 = SURFACE_SIDE_STYLE ('',( #3508 ) ) ;
#1148 = DIRECTION ( 'NONE',  ( 0.0000000000000000000, 1.000000000000000000, 0.0000000000000000000 ) ) ;
#1149 = COLOUR_RGB ( '',0.7921568627450980000, 0.8196078431372548800, 0.9333333333333333500 ) ;
#1150 = CARTESIAN_POINT ( 'NONE',  ( -0.6500000000000001300, 2.000000000000000000, 0.0000000000000000000 ) ) ;
#1151 = LINE ( 'NONE', #1061, #4187 ) ;
#1152 = ORIENTED_EDGE ( 'NONE', *, *, #781, .T. ) ;
#1153 = MECHANICAL_DESIGN_GEOMETRIC_PRESENTATION_REPRESENTATION (  '', ( #4653 ), #725 ) ;
#1154 = CARTESIAN_POINT ( 'NONE',  ( -0.8000000000000000400, 0.8750000000000000000, 0.2000000000000000100 ) ) ;
#1155 = ORIENTED_EDGE ( 'NONE', *, *, #3003, .F. ) ;
#1156 =( GEOMETRIC_REPRESENTATION_CONTEXT ( 3 ) GLOBAL_UNCERTAINTY_ASSIGNED_CONTEXT ( ( #2284 ) ) GLOBAL_UNIT_ASSIGNED_CONTEXT ( ( #2041, #3146, #3880 ) ) REPRESENTATION_CONTEXT ( 'NONE', 'WORKASPACE' ) );
#1157 = FILL_AREA_STYLE ('',( #92 ) ) ;
#1158 = FACE_OUTER_BOUND ( 'NONE', #2925, .T. ) ;
#1159 = PRESENTATION_LAYER_ASSIGNMENT (  '', '', ( #2944 ) ) ;
#1160 = FILL_AREA_STYLE_COLOUR ( '', #3394 ) ;
#1161 = ORIENTED_EDGE ( 'NONE', *, *, #2412, .T. ) ;
#1162 = LINE ( 'NONE', #1869, #1341 ) ;
#1163 =( GEOMETRIC_REPRESENTATION_CONTEXT ( 3 ) GLOBAL_UNCERTAINTY_ASSIGNED_CONTEXT ( ( #1685 ) ) GLOBAL_UNIT_ASSIGNED_CONTEXT ( ( #3575, #3141, #4312 ) ) REPRESENTATION_CONTEXT ( 'NONE', 'WORKASPACE' ) );
#1164 = ORIENTED_EDGE ( 'NONE', *, *, #1985, .T. ) ;
#1165 =( GEOMETRIC_REPRESENTATION_CONTEXT ( 3 ) GLOBAL_UNCERTAINTY_ASSIGNED_CONTEXT ( ( #978 ) ) GLOBAL_UNIT_ASSIGNED_CONTEXT ( ( #1879, #4102, #113 ) ) REPRESENTATION_CONTEXT ( 'NONE', 'WORKASPACE' ) );
#1166 = ORIENTED_EDGE ( 'NONE', *, *, #4031, .F. ) ;
#1167 = ORIENTED_EDGE ( 'NONE', *, *, #3689, .T. ) ;
#1168 = SURFACE_STYLE_USAGE ( .BOTH. , #3362 ) ;
#1169 = EDGE_CURVE ( 'NONE', #2190, #3906, #3020, .T. ) ;
#1170 = ORIENTED_EDGE ( 'NONE', *, *, #2865, .F. ) ;
#1171 = EDGE_CURVE ( 'NONE', #3685, #1559, #1821, .T. ) ;
#1172 = SURFACE_STYLE_FILL_AREA ( #2370 ) ;
#1173 =( NAMED_UNIT ( * ) PLANE_ANGLE_UNIT ( ) SI_UNIT ( $, .RADIAN. ) );
#1174 = CARTESIAN_POINT ( 'NONE',  ( -0.6500000000000001300, 0.0000000000000000000, 0.2000000000000000100 ) ) ;
#1175 = VERTEX_POINT ( 'NONE', #1130 ) ;
#1176 = DIRECTION ( 'NONE',  ( -0.0000000000000000000, 0.0000000000000000000, 1.000000000000000000 ) ) ;
#1177 = MANIFOLD_SOLID_BREP ( 'Rectangle1_7-1-solid1', #1922 ) ;
#1178 = FILL_AREA_STYLE_COLOUR ( '', #2421 ) ;
#1179 = CARTESIAN_POINT ( 'NONE',  ( -1.725000000000000100, 2.000000000000000000, 0.2000000000000000100 ) ) ;
#1180 =( NAMED_UNIT ( * ) SI_UNIT ( $, .STERADIAN. ) SOLID_ANGLE_UNIT ( ) );
#1181 = ORIENTED_EDGE ( 'NONE', *, *, #3930, .T. ) ;
#1182 = MECHANICAL_DESIGN_GEOMETRIC_PRESENTATION_REPRESENTATION (  '', ( #941 ), #491 ) ;
#1183 = COLOUR_RGB ( '',0.7529411764705882200, 0.7529411764705882200, 0.7529411764705882200 ) ;
#1184 = EDGE_CURVE ( 'NONE', #1067, #357, #291, .T. ) ;
#1185 = CARTESIAN_POINT ( 'NONE',  ( -0.9000000000000001300, 0.1499999999999999900, 0.2000000000000000100 ) ) ;
#1186 = ADVANCED_FACE ( 'NONE', ( #1938 ), #3033, .T. ) ;
#1187 = PRESENTATION_LAYER_ASSIGNMENT (  '', '', ( #952 ) ) ;
#1188 = CARTESIAN_POINT ( 'NONE',  ( -1.274999999999999900, 0.0000000000000000000, 0.2000000000000000100 ) ) ;
#1189 = FACE_OUTER_BOUND ( 'NONE', #3339, .T. ) ;
#1190 =( GEOMETRIC_REPRESENTATION_CONTEXT ( 3 ) GLOBAL_UNCERTAINTY_ASSIGNED_CONTEXT ( ( #1450 ) ) GLOBAL_UNIT_ASSIGNED_CONTEXT ( ( #960, #974, #4553 ) ) REPRESENTATION_CONTEXT ( 'NONE', 'WORKASPACE' ) );
#1191 = SURFACE_STYLE_USAGE ( .BOTH. , #2267 ) ;
#1192 = COLOUR_RGB ( '',0.5019607843137254800, 0.5019607843137254800, 0.5019607843137254800 ) ;
#1193 =( NAMED_UNIT ( * ) SI_UNIT ( $, .STERADIAN. ) SOLID_ANGLE_UNIT ( ) );
#1194 = DIRECTION ( 'NONE',  ( -0.0000000000000000000, -1.000000000000000000, -0.0000000000000000000 ) ) ;
#1195 = STYLED_ITEM ( 'NONE', ( #2800 ), #4140 ) ;
#1196 = CARTESIAN_POINT ( 'NONE',  ( -1.399999999999999900, 0.4000000000000000200, 0.2000000000000000100 ) ) ;
#1197 = VECTOR ( 'NONE', #846, 1000.000000000000000 ) ;
#1198 = CARTESIAN_POINT ( 'NONE',  ( -0.6500000000000001300, 2.000000000000000000, 0.2000000000000000100 ) ) ;
#1199 = CARTESIAN_POINT ( 'NONE',  ( -1.000000000000000000, 0.0000000000000000000, 0.0000000000000000000 ) ) ;
#1200 = PRESENTATION_STYLE_ASSIGNMENT (( #2071 ) ) ;
#1201 = LINE ( 'NONE', #2614, #1543 ) ;
#1202 = PLANE ( 'NONE',  #4053 ) ;
#1203 = EDGE_CURVE ( 'NONE', #405, #4322, #1431, .T. ) ;
#1204 = SURFACE_STYLE_FILL_AREA ( #3562 ) ;
#1205 = UNCERTAINTY_MEASURE_WITH_UNIT (LENGTH_MEASURE( 1.000000000000000100E-005 ), #2718, 'distance_accuracy_value', 'NONE');
#1206 = CARTESIAN_POINT ( 'NONE',  ( -1.850000000000000100, 1.800000000000000300, 0.2000000000000000100 ) ) ;
#1207 = ORIENTED_EDGE ( 'NONE', *, *, #4314, .T. ) ;
#1208 = FILL_AREA_STYLE_COLOUR ( '', #3391 ) ;
#1209 = ADVANCED_FACE ( 'NONE', ( #3323 ), #1899, .F. ) ;
#1210 = LINE ( 'NONE', #2738, #3331 ) ;
#1211 = CARTESIAN_POINT ( 'NONE',  ( -0.7750000000000001300, 1.850000000000000100, 0.2000000000000000100 ) ) ;
#1212 =( GEOMETRIC_REPRESENTATION_CONTEXT ( 3 ) GLOBAL_UNCERTAINTY_ASSIGNED_CONTEXT ( ( #1525 ) ) GLOBAL_UNIT_ASSIGNED_CONTEXT ( ( #1049, #1537, #4029 ) ) REPRESENTATION_CONTEXT ( 'NONE', 'WORKASPACE' ) );
#1213 = VERTEX_POINT ( 'NONE', #116 ) ;
#1214 = CARTESIAN_POINT ( 'NONE',  ( -2.000000000000000000, 1.000000000000000000, 1.600000000000000100 ) ) ;
#1215 = CARTESIAN_POINT ( 'NONE',  ( -0.5250000000000000200, 1.850000000000000100, 0.2000000000000000100 ) ) ;
#1216 =( NAMED_UNIT ( * ) PLANE_ANGLE_UNIT ( ) SI_UNIT ( $, .RADIAN. ) );
#1217 = ADVANCED_FACE ( 'NONE', ( #2569 ), #824, .T. ) ;
#1218 = FILL_AREA_STYLE ('',( #4508 ) ) ;
#1219 = SURFACE_STYLE_FILL_AREA ( #2685 ) ;
#1220 = MECHANICAL_DESIGN_GEOMETRIC_PRESENTATION_REPRESENTATION (  '', ( #1255 ), #1466 ) ;
#1221 = FACE_OUTER_BOUND ( 'NONE', #729, .T. ) ;
#1222 = ORIENTED_EDGE ( 'NONE', *, *, #4594, .F. ) ;
#1223 = STYLED_ITEM ( 'NONE', ( #993 ), #2415 ) ;
#1224 = FACE_OUTER_BOUND ( 'NONE', #4706, .T. ) ;
#1225 = CARTESIAN_POINT ( 'NONE',  ( -2.000000000000000000, 1.125000000000000200, 0.2000000000000000100 ) ) ;
#1226 = EDGE_CURVE ( 'NONE', #2036, #4026, #671, .T. ) ;
#1227 = CLOSED_SHELL ( 'NONE', ( #1854, #158, #374, #4012, #1719, #4140, #823, #3420, #428, #3471, #4625, #649, #772, #4520 ) ) ;
#1228 =( GEOMETRIC_REPRESENTATION_CONTEXT ( 3 ) GLOBAL_UNCERTAINTY_ASSIGNED_CONTEXT ( ( #2196 ) ) GLOBAL_UNIT_ASSIGNED_CONTEXT ( ( #1575, #3027, #2681 ) ) REPRESENTATION_CONTEXT ( 'NONE', 'WORKASPACE' ) );
#1229 = VERTEX_POINT ( 'NONE', #1601 ) ;
#1230 = FILL_AREA_STYLE ('',( #855 ) ) ;
#1231 = SURFACE_STYLE_USAGE ( .BOTH. , #476 ) ;
#1232 = SURFACE_SIDE_STYLE ('',( #393 ) ) ;
#1233 = ORIENTED_EDGE ( 'NONE', *, *, #120, .T. ) ;
#1234 = DIRECTION ( 'NONE',  ( -1.000000000000000000, 0.0000000000000000000, 0.0000000000000000000 ) ) ;
#1235 = ORIENTED_EDGE ( 'NONE', *, *, #1855, .T. ) ;
#1236 = SURFACE_STYLE_USAGE ( .BOTH. , #1654 ) ;
#1237 = EDGE_LOOP ( 'NONE', ( #3741, #714, #2098, #2994 ) ) ;
#1238 = CARTESIAN_POINT ( 'NONE',  ( -1.149999999999999900, 2.000000000000000000, 0.2000000000000000100 ) ) ;
#1239 = ADVANCED_FACE ( 'NONE', ( #1313 ), #100, .F. ) ;
#1240 = EDGE_CURVE ( 'NONE', #1213, #1404, #2963, .T. ) ;
#1241 = ORIENTED_EDGE ( 'NONE', *, *, #2401, .F. ) ;
#1242 = CARTESIAN_POINT ( 'NONE',  ( -1.149999999999999900, 2.000000000000000000, 0.2000000000000000100 ) ) ;
#1243 = UNCERTAINTY_MEASURE_WITH_UNIT (LENGTH_MEASURE( 1.000000000000000100E-005 ), #2568, 'distance_accuracy_value', 'NONE');
#1244 = LINE ( 'NONE', #1429, #3193 ) ;
#1245 = CARTESIAN_POINT ( 'NONE',  ( -0.9000000000000001300, 2.000000000000000000, 0.2000000000000000100 ) ) ;
#1246 = CARTESIAN_POINT ( 'NONE',  ( -1.024999999999999900, 1.850000000000000100, 0.2000000000000000100 ) ) ;
#1247 = DIRECTION ( 'NONE',  ( 1.000000000000000000, 0.0000000000000000000, -0.0000000000000000000 ) ) ;
#1248 = FILL_AREA_STYLE_COLOUR ( '', #3088 ) ;
#1249 = SURFACE_STYLE_USAGE ( .BOTH. , #4521 ) ;
#1250 = AXIS2_PLACEMENT_3D ( 'NONE', #1926, #4478, #3749 ) ;
#1251 = ORIENTED_EDGE ( 'NONE', *, *, #2955, .T. ) ;
#1252 =( LENGTH_UNIT ( ) NAMED_UNIT ( * ) SI_UNIT ( .MILLI., .METRE. ) );
#1253 = VECTOR ( 'NONE', #4246, 1000.000000000000000 ) ;
#1254 = STYLED_ITEM ( 'NONE', ( #4005 ), #90 ) ;
#1255 = STYLED_ITEM ( 'NONE', ( #4447 ), #3420 ) ;
#1256 = SURFACE_SIDE_STYLE ('',( #764 ) ) ;
#1257 = AXIS2_PLACEMENT_3D ( 'NONE', #2234, #1482, #70 ) ;
#1258 = CARTESIAN_POINT ( 'NONE',  ( -1.725000000000000100, 1.600000000000000100, 0.2000000000000000100 ) ) ;
#1259 = ADVANCED_FACE ( 'NONE', ( #4395 ), #2688, .F. ) ;
#1260 = PRESENTATION_STYLE_ASSIGNMENT (( #2658 ) ) ;
#1261 = FILL_AREA_STYLE ('',( #4218 ) ) ;
#1262 =( NAMED_UNIT ( * ) PLANE_ANGLE_UNIT ( ) SI_UNIT ( $, .RADIAN. ) );
#1263 = LINE ( 'NONE', #4517, #851 ) ;
#1264 = SURFACE_STYLE_USAGE ( .BOTH. , #2410 ) ;
#1265 = SURFACE_STYLE_USAGE ( .BOTH. , #3481 ) ;
#1266 = LINE ( 'NONE', #1096, #557 ) ;
#1267 = CARTESIAN_POINT ( 'NONE',  ( -0.8000000000000000400, 1.000000000000000000, 0.2000000000000000100 ) ) ;
#1268 = FACE_OUTER_BOUND ( 'NONE', #1526, .T. ) ;
#1269 =( LENGTH_UNIT ( ) NAMED_UNIT ( * ) SI_UNIT ( .MILLI., .METRE. ) );
#1270 = VECTOR ( 'NONE', #2583, 1000.000000000000000 ) ;
#1271 =( LENGTH_UNIT ( ) NAMED_UNIT ( * ) SI_UNIT ( .MILLI., .METRE. ) );
#1272 = UNCERTAINTY_MEASURE_WITH_UNIT (LENGTH_MEASURE( 1.000000000000000100E-005 ), #95, 'distance_accuracy_value', 'NONE');
#1273 = FACE_OUTER_BOUND ( 'NONE', #265, .T. ) ;
#1274 = VECTOR ( 'NONE', #935, 1000.000000000000000 ) ;
#1275 = ORIENTED_EDGE ( 'NONE', *, *, #91, .T. ) ;
#1276 = CARTESIAN_POINT ( 'NONE',  ( -1.800000000000000300, 0.4500000000000000700, 0.0000000000000000000 ) ) ;
#1277 = COLOUR_RGB ( '',0.5019607843137254800, 0.5019607843137254800, 0.5019607843137254800 ) ;
#1278 = ORIENTED_EDGE ( 'NONE', *, *, #4495, .F. ) ;
#1279 = CARTESIAN_POINT ( 'NONE',  ( -1.000000000000000000, 1.125000000000000200, 0.0000000000000000000 ) ) ;
#1280 =( NAMED_UNIT ( * ) PLANE_ANGLE_UNIT ( ) SI_UNIT ( $, .RADIAN. ) );
#1281 = VECTOR ( 'NONE', #3289, 1000.000000000000000 ) ;
#1282 = DIRECTION ( 'NONE',  ( -1.000000000000000000, -0.0000000000000000000, 0.0000000000000000000 ) ) ;
#1283 = ORIENTED_EDGE ( 'NONE', *, *, #4360, .T. ) ;
#1284 = EDGE_CURVE ( 'NONE', #3054, #210, #124, .T. ) ;
#1285 = FILL_AREA_STYLE_COLOUR ( '', #1192 ) ;
#1286 = VECTOR ( 'NONE', #732, 1000.000000000000000 ) ;
#1287 = SURFACE_STYLE_USAGE ( .BOTH. , #1602 ) ;
#1288 =( LENGTH_UNIT ( ) NAMED_UNIT ( * ) SI_UNIT ( .MILLI., .METRE. ) );
#1289 = VECTOR ( 'NONE', #3316, 1000.000000000000000 ) ;
#1290 = ORIENTED_EDGE ( 'NONE', *, *, #593, .F. ) ;
#1291 = AXIS2_PLACEMENT_3D ( 'NONE', #2357, #4620, #556 ) ;
#1292 = ORIENTED_EDGE ( 'NONE', *, *, #738, .T. ) ;
#1293 = ORIENTED_EDGE ( 'NONE', *, *, #2846, .T. ) ;
#1294 = ADVANCED_FACE ( 'NONE', ( #1816 ), #3822, .T. ) ;
#1295 =( NAMED_UNIT ( * ) PLANE_ANGLE_UNIT ( ) SI_UNIT ( $, .RADIAN. ) );
#1296 = PRESENTATION_LAYER_ASSIGNMENT (  '', '', ( #1390 ) ) ;
#1297 =( NAMED_UNIT ( * ) PLANE_ANGLE_UNIT ( ) SI_UNIT ( $, .RADIAN. ) );
#1298 = ORIENTED_EDGE ( 'NONE', *, *, #481, .F. ) ;
#1299 =( NAMED_UNIT ( * ) SI_UNIT ( $, .STERADIAN. ) SOLID_ANGLE_UNIT ( ) );
#1300 = CARTESIAN_POINT ( 'NONE',  ( -1.149999999999999900, 1.925000000000000000, 0.2000000000000000100 ) ) ;
#1301 = FILL_AREA_STYLE ('',( #4208 ) ) ;
#1302 = SURFACE_SIDE_STYLE ('',( #4046 ) ) ;
#1303 = ORIENTED_EDGE ( 'NONE', *, *, #545, .T. ) ;
#1304 = SURFACE_STYLE_USAGE ( .BOTH. , #913 ) ;
#1305 = ORIENTED_EDGE ( 'NONE', *, *, #593, .T. ) ;
#1306 = EDGE_CURVE ( 'NONE', #3850, #4607, #3319, .T. ) ;
#1307 = SURFACE_STYLE_USAGE ( .BOTH. , #1731 ) ;
#1308 =( NAMED_UNIT ( * ) SI_UNIT ( $, .STERADIAN. ) SOLID_ANGLE_UNIT ( ) );
#1309 = CARTESIAN_POINT ( 'NONE',  ( -0.5250000000000000200, 0.1499999999999999900, 0.2000000000000000100 ) ) ;
#1310 = LINE ( 'NONE', #4227, #3261 ) ;
#1311 =( LENGTH_UNIT ( ) NAMED_UNIT ( * ) SI_UNIT ( .MILLI., .METRE. ) );
#1312 = FILL_AREA_STYLE ('',( #4571 ) ) ;
#1313 = FACE_OUTER_BOUND ( 'NONE', #463, .T. ) ;
#1314 = DIRECTION ( 'NONE',  ( -1.000000000000000000, -0.0000000000000000000, 0.0000000000000000000 ) ) ;
#1315 = LINE ( 'NONE', #3871, #239 ) ;
#1316 = AXIS2_PLACEMENT_3D ( 'NONE', #50, #391, #2558 ) ;
#1317 = CARTESIAN_POINT ( 'NONE',  ( -1.149999999999999900, 1.850000000000000100, 0.0000000000000000000 ) ) ;
#1318 = CARTESIAN_POINT ( 'NONE',  ( -0.9000000000000001300, 2.000000000000000000, 0.2000000000000000100 ) ) ;
#1319 = EDGE_CURVE ( 'NONE', #2998, #4363, #1027, .T. ) ;
#1320 = CYLINDRICAL_SURFACE ( 'NONE', #11, 0.2000000000000000900 ) ;
#1321 = LINE ( 'NONE', #1214, #2000 ) ;
#1322 = MECHANICAL_DESIGN_GEOMETRIC_PRESENTATION_REPRESENTATION (  '', ( #3023 ), #2286 ) ;
#1323 = PRESENTATION_STYLE_ASSIGNMENT (( #3683 ) ) ;
#1324 =( NAMED_UNIT ( * ) SI_UNIT ( $, .STERADIAN. ) SOLID_ANGLE_UNIT ( ) );
#1325 = COLOUR_RGB ( '',0.5019607843137254800, 0.5019607843137254800, 0.5019607843137254800 ) ;
#1326 = VECTOR ( 'NONE', #4392, 1000.000000000000000 ) ;
#1327 =( NAMED_UNIT ( * ) PLANE_ANGLE_UNIT ( ) SI_UNIT ( $, .RADIAN. ) );
#1328 = VECTOR ( 'NONE', #1753, 1000.000000000000000 ) ;
#1329 =( NAMED_UNIT ( * ) SI_UNIT ( $, .STERADIAN. ) SOLID_ANGLE_UNIT ( ) );
#1330 =( NAMED_UNIT ( * ) SI_UNIT ( $, .STERADIAN. ) SOLID_ANGLE_UNIT ( ) );
#1331 =( LENGTH_UNIT ( ) NAMED_UNIT ( * ) SI_UNIT ( .MILLI., .METRE. ) );
#1332 = CARTESIAN_POINT ( 'NONE',  ( -1.600000000000000100, 0.5000000000000000000, 0.0000000000000000000 ) ) ;
#1333 = UNCERTAINTY_MEASURE_WITH_UNIT (LENGTH_MEASURE( 1.000000000000000100E-005 ), #329, 'distance_accuracy_value', 'NONE');
#1334 = LINE ( 'NONE', #2542, #4010 ) ;
#1335 = FILL_AREA_STYLE_COLOUR ( '', #3202 ) ;
#1336 = DIRECTION ( 'NONE',  ( 0.0000000000000000000, 1.000000000000000000, 0.0000000000000000000 ) ) ;
#1337 = ORIENTED_EDGE ( 'NONE', *, *, #677, .T. ) ;
#1338 = EDGE_CURVE ( 'NONE', #263, #2128, #843, .T. ) ;
#1339 = LINE ( 'NONE', #1150, #1900 ) ;
#1340 = VERTEX_POINT ( 'NONE', #3498 ) ;
#1341 = VECTOR ( 'NONE', #4419, 1000.000000000000000 ) ;
#1342 = VECTOR ( 'NONE', #2628, 1000.000000000000000 ) ;
#1343 = ORIENTED_EDGE ( 'NONE', *, *, #3856, .T. ) ;
#1344 =( NAMED_UNIT ( * ) SI_UNIT ( $, .STERADIAN. ) SOLID_ANGLE_UNIT ( ) );
#1345 = FILL_AREA_STYLE ('',( #2802 ) ) ;
#1346 =( NAMED_UNIT ( * ) PLANE_ANGLE_UNIT ( ) SI_UNIT ( $, .RADIAN. ) );
#1347 = LINE ( 'NONE', #3080, #4370 ) ;
#1348 = VERTEX_POINT ( 'NONE', #2771 ) ;
#1349 = EDGE_CURVE ( 'NONE', #267, #1175, #486, .T. ) ;
#1350 = ORIENTED_EDGE ( 'NONE', *, *, #1534, .T. ) ;
#1351 = FILL_AREA_STYLE_COLOUR ( '', #1079 ) ;
#1352 = FILL_AREA_STYLE ('',( #228 ) ) ;
#1353 = VECTOR ( 'NONE', #2351, 1000.000000000000000 ) ;
#1354 = PRESENTATION_LAYER_ASSIGNMENT (  '', '', ( #1098 ) ) ;
#1355 = ORIENTED_EDGE ( 'NONE', *, *, #1184, .T. ) ;
#1356 = ORIENTED_EDGE ( 'NONE', *, *, #1403, .F. ) ;
#1357 =( GEOMETRIC_REPRESENTATION_CONTEXT ( 3 ) GLOBAL_UNCERTAINTY_ASSIGNED_CONTEXT ( ( #2801 ) ) GLOBAL_UNIT_ASSIGNED_CONTEXT ( ( #3726, #4441, #1874 ) ) REPRESENTATION_CONTEXT ( 'NONE', 'WORKASPACE' ) );
#1358 = ORIENTED_EDGE ( 'NONE', *, *, #2247, .T. ) ;
#1359 =( LENGTH_UNIT ( ) NAMED_UNIT ( * ) SI_UNIT ( .MILLI., .METRE. ) );
#1360 = STYLED_ITEM ( 'NONE', ( #1361 ), #4520 ) ;
#1361 = PRESENTATION_STYLE_ASSIGNMENT (( #3402 ) ) ;
#1362 = UNCERTAINTY_MEASURE_WITH_UNIT (LENGTH_MEASURE( 1.000000000000000100E-005 ), #1745, 'distance_accuracy_value', 'NONE');
#1363 = EDGE_LOOP ( 'NONE', ( #2529, #3457, #3292, #1045 ) ) ;
#1364 = CARTESIAN_POINT ( 'NONE',  ( -1.399999999999999900, 0.4000000000000000200, 0.2000000000000000100 ) ) ;
#1365 = FILL_AREA_STYLE ('',( #4650 ) ) ;
#1366 = LINE ( 'NONE', #3706, #381 ) ;
#1367 = CARTESIAN_POINT ( 'NONE',  ( -0.6500000000000001300, 1.925000000000000000, 0.2000000000000000100 ) ) ;
#1368 = CARTESIAN_POINT ( 'NONE',  ( -0.6500000000000001300, 2.000000000000000000, 0.2000000000000000100 ) ) ;
#1369 = ORIENTED_EDGE ( 'NONE', *, *, #3335, .T. ) ;
#1370 = DIRECTION ( 'NONE',  ( 0.0000000000000000000, -1.000000000000000000, -0.0000000000000000000 ) ) ;
#1371 = COLOUR_RGB ( '',0.5019607843137254800, 0.5019607843137254800, 0.5019607843137254800 ) ;
#1372 = DIRECTION ( 'NONE',  ( -0.0000000000000000000, 0.0000000000000000000, -1.000000000000000000 ) ) ;
#1373 = ORIENTED_EDGE ( 'NONE', *, *, #3760, .F. ) ;
#1374 = PRESENTATION_STYLE_ASSIGNMENT (( #4626 ) ) ;
#1375 = AXIS2_PLACEMENT_3D ( 'NONE', #1581, #4471, #2999 ) ;
#1376 = SURFACE_STYLE_FILL_AREA ( #3249 ) ;
#1377 = PRESENTATION_STYLE_ASSIGNMENT (( #1837 ) ) ;
#1378 = VECTOR ( 'NONE', #4639, 1000.000000000000000 ) ;
#1379 = PRESENTATION_LAYER_ASSIGNMENT (  '', '', ( #1126 ) ) ;
#1380 = DIRECTION ( 'NONE',  ( 1.000000000000000000, 0.0000000000000000000, -0.0000000000000000000 ) ) ;
#1381 =( NAMED_UNIT ( * ) SI_UNIT ( $, .STERADIAN. ) SOLID_ANGLE_UNIT ( ) );
#1382 = CARTESIAN_POINT ( 'NONE',  ( -1.000000000000000000, 2.000000000000000000, 0.0000000000000000000 ) ) ;
#1383 = COLOUR_RGB ( '',0.7529411764705882200, 0.7529411764705882200, 0.7529411764705882200 ) ;
#1384 = LINE ( 'NONE', #4204, #3940 ) ;
#1385 = DIRECTION ( 'NONE',  ( 0.0000000000000000000, -0.0000000000000000000, 1.000000000000000000 ) ) ;
#1386 =( GEOMETRIC_REPRESENTATION_CONTEXT ( 3 ) GLOBAL_UNCERTAINTY_ASSIGNED_CONTEXT ( ( #118 ) ) GLOBAL_UNIT_ASSIGNED_CONTEXT ( ( #1712, #4258, #1329 ) ) REPRESENTATION_CONTEXT ( 'NONE', 'WORKASPACE' ) );
#1387 = VECTOR ( 'NONE', #1842, 1000.000000000000000 ) ;
#1388 = FACE_BOUND ( 'NONE', #3115, .T. ) ;
#1389 =( LENGTH_UNIT ( ) NAMED_UNIT ( * ) SI_UNIT ( .MILLI., .METRE. ) );
#1390 = STYLED_ITEM ( 'NONE', ( #2163 ), #4012 ) ;
#1391 = VECTOR ( 'NONE', #4175, 1000.000000000000000 ) ;
#1392 = CARTESIAN_POINT ( 'NONE',  ( -1.600000000000000100, 0.8750000000000000000, 0.2000000000000000100 ) ) ;
#1393 = ORIENTED_EDGE ( 'NONE', *, *, #3075, .F. ) ;
#1394 = UNCERTAINTY_MEASURE_WITH_UNIT (LENGTH_MEASURE( 1.000000000000000100E-005 ), #2989, 'distance_accuracy_value', 'NONE');
#1395 = PRESENTATION_STYLE_ASSIGNMENT (( #1798 ) ) ;
#1396 = SURFACE_STYLE_USAGE ( .BOTH. , #636 ) ;
#1397 = DIRECTION ( 'NONE',  ( 0.0000000000000000000, 1.000000000000000000, 0.0000000000000000000 ) ) ;
#1398 = ORIENTED_EDGE ( 'NONE', *, *, #3246, .F. ) ;
#1399 = SURFACE_STYLE_USAGE ( .BOTH. , #3926 ) ;
#1400 = EDGE_CURVE ( 'NONE', #1000, #2838, #730, .T. ) ;
#1401 = FILL_AREA_STYLE_COLOUR ( '', #3710 ) ;
#1402 = LINE ( 'NONE', #2908, #311 ) ;
#1403 = EDGE_CURVE ( 'NONE', #4539, #755, #4170, .T. ) ;
#1404 = VERTEX_POINT ( 'NONE', #4224 ) ;
#1405 = DIRECTION ( 'NONE',  ( 0.0000000000000000000, 0.0000000000000000000, -1.000000000000000000 ) ) ;
#1406 = ORIENTED_EDGE ( 'NONE', *, *, #438, .T. ) ;
#1407 = EDGE_LOOP ( 'NONE', ( #2091, #2679, #3179, #3961 ) ) ;
#1408 = ORIENTED_EDGE ( 'NONE', *, *, #3350, .T. ) ;
#1409 =( GEOMETRIC_REPRESENTATION_CONTEXT ( 3 ) GLOBAL_UNCERTAINTY_ASSIGNED_CONTEXT ( ( #2376 ) ) GLOBAL_UNIT_ASSIGNED_CONTEXT ( ( #1967, #2326, #3454 ) ) REPRESENTATION_CONTEXT ( 'NONE', 'WORKASPACE' ) );
#1410 = CARTESIAN_POINT ( 'NONE',  ( -1.850000000000000100, 0.0000000000000000000, 0.0000000000000000000 ) ) ;
#1411 = PRESENTATION_STYLE_ASSIGNMENT (( #3022 ) ) ;
#1412 = DIRECTION ( 'NONE',  ( 0.0000000000000000000, 1.000000000000000000, 0.0000000000000000000 ) ) ;
#1413 = ORIENTED_EDGE ( 'NONE', *, *, #1789, .T. ) ;
#1414 = PLANE ( 'NONE',  #1496 ) ;
#1415 = DIRECTION ( 'NONE',  ( -0.0000000000000000000, 0.0000000000000000000, -1.000000000000000000 ) ) ;
#1416 = PRESENTATION_LAYER_ASSIGNMENT (  '', '', ( #2627 ) ) ;
#1417 = CARTESIAN_POINT ( 'NONE',  ( -1.399999999999999900, 1.000000000000000000, 0.0000000000000000000 ) ) ;
#1418 = ORIENTED_EDGE ( 'NONE', *, *, #1013, .T. ) ;
#1419 = DIRECTION ( 'NONE',  ( 0.0000000000000000000, -1.000000000000000000, -0.0000000000000000000 ) ) ;
#1420 = AXIS2_PLACEMENT_3D ( 'NONE', #347, #2906, #708 ) ;
#1421 = UNCERTAINTY_MEASURE_WITH_UNIT (LENGTH_MEASURE( 1.000000000000000100E-005 ), #3953, 'distance_accuracy_value', 'NONE');
#1422 = ORIENTED_EDGE ( 'NONE', *, *, #612, .F. ) ;
#1423 = STYLED_ITEM ( 'NONE', ( #3118 ), #4015 ) ;
#1424 = SURFACE_SIDE_STYLE ('',( #908 ) ) ;
#1425 =( NAMED_UNIT ( * ) PLANE_ANGLE_UNIT ( ) SI_UNIT ( $, .RADIAN. ) );
#1426 = CARTESIAN_POINT ( 'NONE',  ( -1.600000000000000100, 1.800000000000000300, 0.2000000000000000100 ) ) ;
#1427 = EDGE_CURVE ( 'NONE', #3474, #3912, #2680, .T. ) ;
#1428 = DIRECTION ( 'NONE',  ( 1.000000000000000000, -0.0000000000000000000, 0.0000000000000000000 ) ) ;
#1429 = CARTESIAN_POINT ( 'NONE',  ( -0.9000000000000001300, 0.1999999999999990100, 0.2000000000000000100 ) ) ;
#1430 = COLOUR_RGB ( '',0.7529411764705882200, 0.7529411764705882200, 0.7529411764705882200 ) ;
#1431 = LINE ( 'NONE', #2670, #2392 ) ;
#1432 = CARTESIAN_POINT ( 'NONE',  ( -2.000000000000000000, 1.000000000000000000, 0.0000000000000000000 ) ) ;
#1433 = VECTOR ( 'NONE', #580, 1000.000000000000000 ) ;
#1434 = FACE_OUTER_BOUND ( 'NONE', #3922, .T. ) ;
#1435 = EDGE_CURVE ( 'NONE', #210, #3850, #3200, .T. ) ;
#1436 = DIRECTION ( 'NONE',  ( -0.0000000000000000000, -1.000000000000000000, -0.0000000000000000000 ) ) ;
#1437 = VECTOR ( 'NONE', #1894, 1000.000000000000000 ) ;
#1438 = SURFACE_SIDE_STYLE ('',( #1489 ) ) ;
#1439 = CARTESIAN_POINT ( 'NONE',  ( 0.0000000000000000000, 1.000000000000000000, 1.600000000000000100 ) ) ;
#1440 = AXIS2_PLACEMENT_3D ( 'NONE', #323, #3250, #1722 ) ;
#1441 = FILL_AREA_STYLE_COLOUR ( '', #3211 ) ;
#1442 =( NAMED_UNIT ( * ) PLANE_ANGLE_UNIT ( ) SI_UNIT ( $, .RADIAN. ) );
#1443 = LINE ( 'NONE', #2460, #1092 ) ;
#1444 = ORIENTED_EDGE ( 'NONE', *, *, #1435, .T. ) ;
#1445 = AXIS2_PLACEMENT_3D ( 'NONE', #1767, #3230, #2848 ) ;
#1446 = DIRECTION ( 'NONE',  ( -1.000000000000000000, 0.0000000000000000000, -0.0000000000000000000 ) ) ;
#1447 = VECTOR ( 'NONE', #3073, 1000.000000000000000 ) ;
#1448 = VECTOR ( 'NONE', #3274, 1000.000000000000000 ) ;
#1449 = ORIENTED_EDGE ( 'NONE', *, *, #4416, .F. ) ;
#1450 = UNCERTAINTY_MEASURE_WITH_UNIT (LENGTH_MEASURE( 1.000000000000000100E-005 ), #960, 'distance_accuracy_value', 'NONE');
#1451 = SURFACE_STYLE_FILL_AREA ( #2346 ) ;
#1452 = ORIENTED_EDGE ( 'NONE', *, *, #248, .T. ) ;
#1453 = LINE ( 'NONE', #3639, #4474 ) ;
#1454 = CARTESIAN_POINT ( 'NONE',  ( -1.399999999999999900, 2.000000000000000000, 0.2000000000000000100 ) ) ;
#1455 = PLANE ( 'NONE',  #1676 ) ;
#1456 = CLOSED_SHELL ( 'NONE', ( #2577, #1239, #746, #3133, #4465, #1915 ) ) ;
#1457 = FILL_AREA_STYLE ('',( #1401 ) ) ;
#1458 = EDGE_CURVE ( 'NONE', #4389, #2616, #903, .T. ) ;
#1459 =( NAMED_UNIT ( * ) PLANE_ANGLE_UNIT ( ) SI_UNIT ( $, .RADIAN. ) );
#1460 = CARTESIAN_POINT ( 'NONE',  ( -1.149999999999999900, 0.1499999999999999900, 0.0000000000000000000 ) ) ;
#1461 = ORIENTED_EDGE ( 'NONE', *, *, #120, .F. ) ;
#1462 = MECHANICAL_DESIGN_GEOMETRIC_PRESENTATION_REPRESENTATION (  '', ( #4552 ), #4398 ) ;
#1463 = SURFACE_STYLE_FILL_AREA ( #769 ) ;
#1464 = ORIENTED_EDGE ( 'NONE', *, *, #2609, .F. ) ;
#1465 = ORIENTED_EDGE ( 'NONE', *, *, #4331, .F. ) ;
#1466 =( GEOMETRIC_REPRESENTATION_CONTEXT ( 3 ) GLOBAL_UNCERTAINTY_ASSIGNED_CONTEXT ( ( #2610 ) ) GLOBAL_UNIT_ASSIGNED_CONTEXT ( ( #4382, #1498, #2970 ) ) REPRESENTATION_CONTEXT ( 'NONE', 'WORKASPACE' ) );
#1467 =( NAMED_UNIT ( * ) SI_UNIT ( $, .STERADIAN. ) SOLID_ANGLE_UNIT ( ) );
#1468 = LINE ( 'NONE', #1020, #3524 ) ;
#1469 = ORIENTED_EDGE ( 'NONE', *, *, #1284, .T. ) ;
#1470 = CARTESIAN_POINT ( 'NONE',  ( -0.4000000000000000200, 2.000000000000000000, 0.0000000000000000000 ) ) ;
#1471 = FACE_OUTER_BOUND ( 'NONE', #3863, .T. ) ;
#1472 = AXIS2_PLACEMENT_3D ( 'NONE', #927, #4207, #3144 ) ;
#1473 = DIRECTION ( 'NONE',  ( -0.0000000000000000000, 0.0000000000000000000, -1.000000000000000000 ) ) ;
#1474 = DIRECTION ( 'NONE',  ( 0.0000000000000000000, 1.000000000000000000, 0.0000000000000000000 ) ) ;
#1475 = ORIENTED_EDGE ( 'NONE', *, *, #3269, .T. ) ;
#1476 = DIRECTION ( 'NONE',  ( 0.0000000000000000000, -0.0000000000000000000, -1.000000000000000000 ) ) ;
#1477 = AXIS2_PLACEMENT_3D ( 'NONE', #1119, #1474, #1513 ) ;
#1478 = DIRECTION ( 'NONE',  ( 1.000000000000000000, 0.0000000000000000000, -0.0000000000000000000 ) ) ;
#1479 = DIRECTION ( 'NONE',  ( 0.0000000000000000000, 1.000000000000000000, -0.0000000000000000000 ) ) ;
#1480 = VECTOR ( 'NONE', #2571, 1000.000000000000000 ) ;
#1481 = ORIENTED_EDGE ( 'NONE', *, *, #1338, .T. ) ;
#1482 = DIRECTION ( 'NONE',  ( 0.0000000000000000000, 1.000000000000000000, 0.0000000000000000000 ) ) ;
#1483 = DIRECTION ( 'NONE',  ( -0.0000000000000000000, 0.0000000000000000000, 1.000000000000000000 ) ) ;
#1484 = COLOUR_RGB ( '',0.2509803921568627400, 0.2509803921568627400, 0.2509803921568627400 ) ;
#1485 = SURFACE_STYLE_FILL_AREA ( #4618 ) ;
#1486 = CARTESIAN_POINT ( 'NONE',  ( -2.000000000000000000, 0.8750000000000000000, 0.2000000000000000100 ) ) ;
#1487 = LINE ( 'NONE', #1662, #733 ) ;
#1488 = DIRECTION ( 'NONE',  ( -0.0000000000000000000, -1.000000000000000000, 0.0000000000000000000 ) ) ;
#1489 = SURFACE_STYLE_FILL_AREA ( #3632 ) ;
#1490 = FACE_OUTER_BOUND ( 'NONE', #2830, .T. ) ;
#1491 =( GEOMETRIC_REPRESENTATION_CONTEXT ( 3 ) GLOBAL_UNCERTAINTY_ASSIGNED_CONTEXT ( ( #3078 ) ) GLOBAL_UNIT_ASSIGNED_CONTEXT ( ( #3519, #3535, #483 ) ) REPRESENTATION_CONTEXT ( 'NONE', 'WORKASPACE' ) );
#1492 = VERTEX_POINT ( 'NONE', #3076 ) ;
#1493 = CARTESIAN_POINT ( 'NONE',  ( -2.000000000000000000, 1.000000000000000000, 0.2000000000000000100 ) ) ;
#1494 = EDGE_CURVE ( 'NONE', #2362, #2638, #1714, .T. ) ;
#1495 = ORIENTED_EDGE ( 'NONE', *, *, #2010, .T. ) ;
#1496 = AXIS2_PLACEMENT_3D ( 'NONE', #4332, #4721, #2881 ) ;
#1497 = ADVANCED_FACE ( 'NONE', ( #287 ), #1635, .F. ) ;
#1498 =( NAMED_UNIT ( * ) PLANE_ANGLE_UNIT ( ) SI_UNIT ( $, .RADIAN. ) );
#1499 = DIRECTION ( 'NONE',  ( 0.0000000000000000000, -0.0000000000000000000, -1.000000000000000000 ) ) ;
#1500 = FACE_OUTER_BOUND ( 'NONE', #842, .T. ) ;
#1501 = STYLED_ITEM ( 'NONE', ( #494 ), #900 ) ;
#1502 = ORIENTED_EDGE ( 'NONE', *, *, #4687, .T. ) ;
#1503 = DIRECTION ( 'NONE',  ( 0.0000000000000000000, -0.0000000000000000000, 1.000000000000000000 ) ) ;
#1504 = PRESENTATION_STYLE_ASSIGNMENT (( #2452 ) ) ;
#1505 = AXIS2_PLACEMENT_3D ( 'NONE', #646, #2872, #2528 ) ;
#1506 = ORIENTED_EDGE ( 'NONE', *, *, #3103, .T. ) ;
#1507 = FILL_AREA_STYLE ('',( #408 ) ) ;
#1508 = ORIENTED_EDGE ( 'NONE', *, *, #4182, .T. ) ;
#1509 = CARTESIAN_POINT ( 'NONE',  ( 0.0000000000000000000, 1.000000000000000000, 0.0000000000000000000 ) ) ;
#1510 = PRESENTATION_STYLE_ASSIGNMENT (( #1307 ) ) ;
#1511 =( NAMED_UNIT ( * ) SI_UNIT ( $, .STERADIAN. ) SOLID_ANGLE_UNIT ( ) );
#1512 = VERTEX_POINT ( 'NONE', #892 ) ;
#1513 = DIRECTION ( 'NONE',  ( 0.0000000000000000000, -0.0000000000000000000, 1.000000000000000000 ) ) ;
#1514 = SURFACE_STYLE_USAGE ( .BOTH. , #430 ) ;
#1515 =( LENGTH_UNIT ( ) NAMED_UNIT ( * ) SI_UNIT ( .MILLI., .METRE. ) );
#1516 = ORIENTED_EDGE ( 'NONE', *, *, #1683, .F. ) ;
#1517 = EDGE_CURVE ( 'NONE', #578, #2085, #4228, .T. ) ;
#1518 = EDGE_CURVE ( 'NONE', #2435, #2306, #170, .T. ) ;
#1519 = VERTEX_POINT ( 'NONE', #624 ) ;
#1520 = MECHANICAL_DESIGN_GEOMETRIC_PRESENTATION_REPRESENTATION (  '', ( #3397 ), #2758 ) ;
#1521 = VERTEX_POINT ( 'NONE', #1332 ) ;
#1522 = SURFACE_SIDE_STYLE ('',( #2033 ) ) ;
#1523 = AXIS2_PLACEMENT_3D ( 'NONE', #293, #2450, #3543 ) ;
#1524 = DIRECTION ( 'NONE',  ( -0.0000000000000000000, -1.000000000000000000, -0.0000000000000000000 ) ) ;
#1525 = UNCERTAINTY_MEASURE_WITH_UNIT (LENGTH_MEASURE( 1.000000000000000100E-005 ), #1049, 'distance_accuracy_value', 'NONE');
#1526 = EDGE_LOOP ( 'NONE', ( #3950, #4438, #4070, #4420 ) ) ;
#1527 = PRESENTATION_LAYER_ASSIGNMENT (  '', '', ( #1195 ) ) ;
#1528 = DIRECTION ( 'NONE',  ( -0.0000000000000000000, 0.0000000000000000000, -1.000000000000000000 ) ) ;
#1529 = ADVANCED_FACE ( 'NONE', ( #3245 ), #2434, .T. ) ;
#1530 = DIRECTION ( 'NONE',  ( 1.000000000000000000, 0.0000000000000000000, -0.0000000000000000000 ) ) ;
#1531 =( LENGTH_UNIT ( ) NAMED_UNIT ( * ) SI_UNIT ( .MILLI., .METRE. ) );
#1532 = FACE_OUTER_BOUND ( 'NONE', #3623, .T. ) ;
#1533 =( NAMED_UNIT ( * ) SI_UNIT ( $, .STERADIAN. ) SOLID_ANGLE_UNIT ( ) );
#1534 = EDGE_CURVE ( 'NONE', #1643, #4550, #432, .T. ) ;
#1535 = CARTESIAN_POINT ( 'NONE',  ( -0.7750000000000001300, 2.000000000000000000, 0.0000000000000000000 ) ) ;
#1536 = LINE ( 'NONE', #4414, #2118 ) ;
#1537 =( NAMED_UNIT ( * ) PLANE_ANGLE_UNIT ( ) SI_UNIT ( $, .RADIAN. ) );
#1538 = ADVANCED_FACE ( 'NONE', ( #4310 ), #252, .T. ) ;
#1539 = FILL_AREA_STYLE_COLOUR ( '', #136 ) ;
#1540 = FILL_AREA_STYLE_COLOUR ( '', #4163 ) ;
#1541 = VECTOR ( 'NONE', #1428, 1000.000000000000000 ) ;
#1542 = LINE ( 'NONE', #2752, #857 ) ;
#1543 = VECTOR ( 'NONE', #388, 1000.000000000000000 ) ;
#1544 = CARTESIAN_POINT ( 'NONE',  ( -1.850000000000000100, 1.600000000000000100, 0.0000000000000000000 ) ) ;
#1545 = FILL_AREA_STYLE_COLOUR ( '', #2336 ) ;
#1546 = CIRCLE ( 'NONE', #1440, 0.2000000000000000900 ) ;
#1547 = ADVANCED_FACE ( 'NONE', ( #3232 ), #4670, .F. ) ;
#1548 =( LENGTH_UNIT ( ) NAMED_UNIT ( * ) SI_UNIT ( .MILLI., .METRE. ) );
#1549 = PRESENTATION_STYLE_ASSIGNMENT (( #1706 ) ) ;
#1550 = VERTEX_POINT ( 'NONE', #2850 ) ;
#1551 = MECHANICAL_DESIGN_GEOMETRIC_PRESENTATION_REPRESENTATION (  '', ( #1715 ), #1619 ) ;
#1552 = ORIENTED_EDGE ( 'NONE', *, *, #3578, .T. ) ;
#1553 = CARTESIAN_POINT ( 'NONE',  ( -0.1499999999999999700, 0.1999999999999990100, 0.0000000000000000000 ) ) ;
#1554 = PRESENTATION_LAYER_ASSIGNMENT (  '', '', ( #1254 ) ) ;
#1555 = UNCERTAINTY_MEASURE_WITH_UNIT (LENGTH_MEASURE( 1.000000000000000100E-005 ), #2942, 'distance_accuracy_value', 'NONE');
#1556 = LINE ( 'NONE', #3655, #3389 ) ;
#1557 = VECTOR ( 'NONE', #1844, 1000.000000000000000 ) ;
#1558 = FILL_AREA_STYLE ('',( #1208 ) ) ;
#1559 = VERTEX_POINT ( 'NONE', #3911 ) ;
#1560 =( NAMED_UNIT ( * ) PLANE_ANGLE_UNIT ( ) SI_UNIT ( $, .RADIAN. ) );
#1561 =( NAMED_UNIT ( * ) SI_UNIT ( $, .STERADIAN. ) SOLID_ANGLE_UNIT ( ) );
#1562 = CARTESIAN_POINT ( 'NONE',  ( 0.0000000000000000000, 0.0000000000000000000, 0.0000000000000000000 ) ) ;
#1563 = FILL_AREA_STYLE_COLOUR ( '', #3279 ) ;
#1564 = EDGE_LOOP ( 'NONE', ( #4713, #926, #40, #4605 ) ) ;
#1565 = DIRECTION ( 'NONE',  ( -0.0000000000000000000, 0.0000000000000000000, -1.000000000000000000 ) ) ;
#1566 = ORIENTED_EDGE ( 'NONE', *, *, #268, .T. ) ;
#1567 = ORIENTED_EDGE ( 'NONE', *, *, #4622, .T. ) ;
#1568 = CARTESIAN_POINT ( 'NONE',  ( -1.600000000000000100, 1.800000000000000300, 0.2000000000000000100 ) ) ;
#1569 = EDGE_LOOP ( 'NONE', ( #2439, #3947, #379, #4422 ) ) ;
#1570 = ADVANCED_FACE ( 'NONE', ( #1793 ), #4637, .F. ) ;
#1571 = EDGE_CURVE ( 'NONE', #4322, #2039, #2945, .T. ) ;
#1572 = VERTEX_POINT ( 'NONE', #3618 ) ;
#1573 =( NAMED_UNIT ( * ) SI_UNIT ( $, .STERADIAN. ) SOLID_ANGLE_UNIT ( ) );
#1574 = DIRECTION ( 'NONE',  ( 0.0000000000000000000, -0.0000000000000000000, -1.000000000000000000 ) ) ;
#1575 =( LENGTH_UNIT ( ) NAMED_UNIT ( * ) SI_UNIT ( .MILLI., .METRE. ) );
#1576 = ORIENTED_EDGE ( 'NONE', *, *, #2063, .T. ) ;
#1577 = CARTESIAN_POINT ( 'NONE',  ( -0.5250000000000000200, 1.850000000000000100, 0.2000000000000000100 ) ) ;
#1578 = CARTESIAN_POINT ( 'NONE',  ( -0.9000000000000001300, 1.850000000000000100, 0.0000000000000000000 ) ) ;
#1579 = SURFACE_STYLE_FILL_AREA ( #459 ) ;
#1580 = DIRECTION ( 'NONE',  ( -1.000000000000000000, 0.0000000000000000000, -0.0000000000000000000 ) ) ;
#1581 = CARTESIAN_POINT ( 'NONE',  ( -1.675000000000000000, 0.5000000000000000000, 0.0000000000000000000 ) ) ;
#1582 = ORIENTED_EDGE ( 'NONE', *, *, #4486, .F. ) ;
#1583 = MECHANICAL_DESIGN_GEOMETRIC_PRESENTATION_REPRESENTATION (  '', ( #3390 ), #1824 ) ;
#1584 = VECTOR ( 'NONE', #1176, 1000.000000000000000 ) ;
#1585 = EDGE_CURVE ( 'NONE', #4152, #2349, #2889, .T. ) ;
#1586 = EDGE_CURVE ( 'NONE', #2711, #3242, #704, .T. ) ;
#1587 = FILL_AREA_STYLE_COLOUR ( '', #1769 ) ;
#1588 = AXIS2_PLACEMENT_3D ( 'NONE', #615, #3540, #3194 ) ;
#1589 = VECTOR ( 'NONE', #3652, 1000.000000000000000 ) ;
#1590 = SURFACE_SIDE_STYLE ('',( #2949 ) ) ;
#1591 = MANIFOLD_SOLID_BREP ( 'Rectangle1_4-1-solid1', #4440 ) ;
#1592 = STYLED_ITEM ( 'NONE', ( #2333 ), #876 ) ;
#1593 = ADVANCED_FACE ( 'NONE', ( #1688 ), #364, .T. ) ;
#1594 =( NAMED_UNIT ( * ) SI_UNIT ( $, .STERADIAN. ) SOLID_ANGLE_UNIT ( ) );
#1595 = PRESENTATION_LAYER_ASSIGNMENT (  '', '', ( #3373 ) ) ;
#1596 = EDGE_CURVE ( 'NONE', #1348, #2779, #1402, .T. ) ;
#1597 = CARTESIAN_POINT ( 'NONE',  ( -1.399999999999999900, 1.600000000000000100, 0.2000000000000000100 ) ) ;
#1598 =( LENGTH_UNIT ( ) NAMED_UNIT ( * ) SI_UNIT ( .MILLI., .METRE. ) );
#1599 =( NAMED_UNIT ( * ) SI_UNIT ( $, .STERADIAN. ) SOLID_ANGLE_UNIT ( ) );
#1600 = ADVANCED_FACE ( 'NONE', ( #1158 ), #1455, .F. ) ;
#1601 = CARTESIAN_POINT ( 'NONE',  ( -1.850000000000000100, 0.0000000000000000000, 0.2000000000000000100 ) ) ;
#1602 = SURFACE_SIDE_STYLE ('',( #1451 ) ) ;
#1603 = PRESENTATION_STYLE_ASSIGNMENT (( #3450 ) ) ;
#1604 = SURFACE_STYLE_FILL_AREA ( #4305 ) ;
#1605 = LINE ( 'NONE', #1026, #198 ) ;
#1606 =( NAMED_UNIT ( * ) PLANE_ANGLE_UNIT ( ) SI_UNIT ( $, .RADIAN. ) );
#1607 = LINE ( 'NONE', #519, #4129 ) ;
#1608 = CARTESIAN_POINT ( 'NONE',  ( 0.0000000000000000000, 0.8750000000000000000, 0.0000000000000000000 ) ) ;
#1609 = CARTESIAN_POINT ( 'NONE',  ( -1.149999999999999900, 0.1499999999999999900, 0.2000000000000000100 ) ) ;
#1610 = COLOUR_RGB ( '',0.5019607843137254800, 0.5019607843137254800, 0.5019607843137254800 ) ;
#1611 = MECHANICAL_DESIGN_GEOMETRIC_PRESENTATION_REPRESENTATION (  '', ( #3333 ), #1945 ) ;
#1612 = EDGE_LOOP ( 'NONE', ( #1233, #3626, #78, #1120 ) ) ;
#1613 = CARTESIAN_POINT ( 'NONE',  ( -1.600000000000000100, 1.000000000000000000, 0.2000000000000000100 ) ) ;
#1614 = CARTESIAN_POINT ( 'NONE',  ( -1.675000000000000000, 0.5000000000000000000, 0.0000000000000000000 ) ) ;
#1615 = MECHANICAL_DESIGN_GEOMETRIC_PRESENTATION_REPRESENTATION (  '', ( #1126 ), #1987 ) ;
#1616 = LINE ( 'NONE', #1865, #1958 ) ;
#1617 = ORIENTED_EDGE ( 'NONE', *, *, #1872, .F. ) ;
#1618 = UNCERTAINTY_MEASURE_WITH_UNIT (LENGTH_MEASURE( 1.000000000000000100E-005 ), #975, 'distance_accuracy_value', 'NONE');
#1619 =( GEOMETRIC_REPRESENTATION_CONTEXT ( 3 ) GLOBAL_UNCERTAINTY_ASSIGNED_CONTEXT ( ( #4173 ) ) GLOBAL_UNIT_ASSIGNED_CONTEXT ( ( #488, #821, #1898 ) ) REPRESENTATION_CONTEXT ( 'NONE', 'WORKASPACE' ) );
#1620 = SURFACE_STYLE_FILL_AREA ( #2497 ) ;
#1621 = COLOUR_RGB ( '',0.5019607843137254800, 0.5019607843137254800, 0.5019607843137254800 ) ;
#1622 = MECHANICAL_DESIGN_GEOMETRIC_PRESENTATION_REPRESENTATION (  '', ( #4656 ), #1046 ) ;
#1623 = ORIENTED_EDGE ( 'NONE', *, *, #215, .T. ) ;
#1624 = CARTESIAN_POINT ( 'NONE',  ( -1.149999999999999900, 0.1499999999999999900, 0.2000000000000000100 ) ) ;
#1625 = LINE ( 'NONE', #3853, #2189 ) ;
#1626 = MECHANICAL_DESIGN_GEOMETRIC_PRESENTATION_REPRESENTATION (  '', ( #4325 ), #4728 ) ;
#1627 = ORIENTED_EDGE ( 'NONE', *, *, #3545, .F. ) ;
#1628 = EDGE_LOOP ( 'NONE', ( #883, #3557, #3528, #4651 ) ) ;
#1629 = SURFACE_SIDE_STYLE ('',( #3374 ) ) ;
#1630 = CARTESIAN_POINT ( 'NONE',  ( -0.8000000000000000400, 0.8750000000000000000, 0.0000000000000000000 ) ) ;
#1631 = DIRECTION ( 'NONE',  ( -0.0000000000000000000, 0.0000000000000000000, -1.000000000000000000 ) ) ;
#1632 =( NAMED_UNIT ( * ) PLANE_ANGLE_UNIT ( ) SI_UNIT ( $, .RADIAN. ) );
#1633 = CARTESIAN_POINT ( 'NONE',  ( -1.800000000000000300, 0.8750000000000000000, 0.0000000000000000000 ) ) ;
#1634 = ORIENTED_EDGE ( 'NONE', *, *, #4251, .T. ) ;
#1635 = PLANE ( 'NONE',  #1122 ) ;
#1636 = ORIENTED_EDGE ( 'NONE', *, *, #3019, .T. ) ;
#1637 = FILL_AREA_STYLE_COLOUR ( '', #1002 ) ;
#1638 = SURFACE_STYLE_FILL_AREA ( #3943 ) ;
#1639 = EDGE_CURVE ( 'NONE', #3054, #4504, #2536, .T. ) ;
#1640 = EDGE_CURVE ( 'NONE', #4026, #313, #1732, .T. ) ;
#1641 = VERTEX_POINT ( 'NONE', #378 ) ;
#1642 = LINE ( 'NONE', #940, #4489 ) ;
#1643 = VERTEX_POINT ( 'NONE', #675 ) ;
#1644 = CARTESIAN_POINT ( 'NONE',  ( -0.9000000000000001300, 0.0000000000000000000, 0.0000000000000000000 ) ) ;
#1645 =( NAMED_UNIT ( * ) SI_UNIT ( $, .STERADIAN. ) SOLID_ANGLE_UNIT ( ) );
#1646 = FILL_AREA_STYLE ('',( #2667 ) ) ;
#1647 = EDGE_CURVE ( 'NONE', #4539, #3920, #3291, .T. ) ;
#1648 = ORIENTED_EDGE ( 'NONE', *, *, #4030, .F. ) ;
#1649 = CARTESIAN_POINT ( 'NONE',  ( -1.000000000000000000, 1.600000000000000100, 0.0000000000000000000 ) ) ;
#1650 = DIRECTION ( 'NONE',  ( -0.0000000000000000000, 0.0000000000000000000, 1.000000000000000000 ) ) ;
#1651 =( LENGTH_UNIT ( ) NAMED_UNIT ( * ) SI_UNIT ( .MILLI., .METRE. ) );
#1652 = ADVANCED_FACE ( 'NONE', ( #1224 ), #2954, .F. ) ;
#1653 = STYLED_ITEM ( 'NONE', ( #4022 ), #1934 ) ;
#1654 = SURFACE_SIDE_STYLE ('',( #4603 ) ) ;
#1655 = SURFACE_SIDE_STYLE ('',( #2682 ) ) ;
#1656 = STYLED_ITEM ( 'NONE', ( #1603 ), #158 ) ;
#1657 = STYLED_ITEM ( 'NONE', ( #2974 ), #3755 ) ;
#1658 = CARTESIAN_POINT ( 'NONE',  ( -1.000000000000000000, 1.850000000000000100, 0.0000000000000000000 ) ) ;
#1659 = PRESENTATION_LAYER_ASSIGNMENT (  '', '', ( #758 ) ) ;
#1660 = DIRECTION ( 'NONE',  ( 0.0000000000000000000, -0.0000000000000000000, 1.000000000000000000 ) ) ;
#1661 = VECTOR ( 'NONE', #2932, 1000.000000000000000 ) ;
#1662 = CARTESIAN_POINT ( 'NONE',  ( -1.600000000000000100, 1.000000000000000000, 0.0000000000000000000 ) ) ;
#1663 = COLOUR_RGB ( '',0.7529411764705882200, 0.7529411764705882200, 0.7529411764705882200 ) ;
#1664 = FILL_AREA_STYLE ('',( #4537 ) ) ;
#1665 =( NAMED_UNIT ( * ) PLANE_ANGLE_UNIT ( ) SI_UNIT ( $, .RADIAN. ) );
#1666 = PRESENTATION_STYLE_ASSIGNMENT (( #2878 ) ) ;
#1667 = DIRECTION ( 'NONE',  ( -0.0000000000000000000, -0.0000000000000000000, -1.000000000000000000 ) ) ;
#1668 = SURFACE_STYLE_USAGE ( .BOTH. , #3117 ) ;
#1669 = DIRECTION ( 'NONE',  ( -0.0000000000000000000, -1.000000000000000000, -0.0000000000000000000 ) ) ;
#1670 = COLOUR_RGB ( '',0.7529411764705882200, 0.7529411764705882200, 0.7529411764705882200 ) ;
#1671 = EDGE_LOOP ( 'NONE', ( #1393, #4226, #4593, #3348 ) ) ;
#1672 = ORIENTED_EDGE ( 'NONE', *, *, #677, .F. ) ;
#1673 = CARTESIAN_POINT ( 'NONE',  ( -0.6500000000000001300, 1.850000000000000100, 0.2000000000000000100 ) ) ;
#1674 = CARTESIAN_POINT ( 'NONE',  ( -0.9000000000000001300, 0.0000000000000000000, 0.2000000000000000100 ) ) ;
#1675 = LINE ( 'NONE', #4234, #4483 ) ;
#1676 = AXIS2_PLACEMENT_3D ( 'NONE', #728, #4001, #3299 ) ;
#1677 = VECTOR ( 'NONE', #4138, 1000.000000000000000 ) ;
#1678 = SURFACE_STYLE_USAGE ( .BOTH. , #208 ) ;
#1679 = CARTESIAN_POINT ( 'NONE',  ( -0.1499999999999999900, 0.2000000000000000100, 0.2000000000000000100 ) ) ;
#1680 =( NAMED_UNIT ( * ) SI_UNIT ( $, .STERADIAN. ) SOLID_ANGLE_UNIT ( ) );
#1681 = ORIENTED_EDGE ( 'NONE', *, *, #1226, .T. ) ;
#1682 = EDGE_CURVE ( 'NONE', #475, #2197, #2186, .T. ) ;
#1683 = EDGE_CURVE ( 'NONE', #4412, #3308, #4536, .T. ) ;
#1684 =( NAMED_UNIT ( * ) SI_UNIT ( $, .STERADIAN. ) SOLID_ANGLE_UNIT ( ) );
#1685 = UNCERTAINTY_MEASURE_WITH_UNIT (LENGTH_MEASURE( 1.000000000000000100E-005 ), #3575, 'distance_accuracy_value', 'NONE');
#1686 = CARTESIAN_POINT ( 'NONE',  ( -1.850000000000000100, 0.4000000000000000800, 0.0000000000000000000 ) ) ;
#1687 = CARTESIAN_POINT ( 'NONE',  ( -1.149999999999999900, 1.850000000000000100, 0.2000000000000000100 ) ) ;
#1688 = FACE_OUTER_BOUND ( 'NONE', #4528, .T. ) ;
#1689 = ORIENTED_EDGE ( 'NONE', *, *, #2364, .T. ) ;
#1690 = STYLED_ITEM ( 'NONE', ( #2414 ), #2645 ) ;
#1691 = PRESENTATION_LAYER_ASSIGNMENT (  '', '', ( #4656 ) ) ;
#1692 = ORIENTED_EDGE ( 'NONE', *, *, #4611, .F. ) ;
#1693 = CARTESIAN_POINT ( 'NONE',  ( -1.850000000000000100, 0.2000000000000000100, 0.0000000000000000000 ) ) ;
#1694 = MECHANICAL_DESIGN_GEOMETRIC_PRESENTATION_REPRESENTATION (  '', ( #1195 ), #1930 ) ;
#1695 = COLOUR_RGB ( '',0.7529411764705882200, 0.7529411764705882200, 0.7529411764705882200 ) ;
#1696 = PLANE ( 'NONE',  #3461 ) ;
#1697 = VERTEX_POINT ( 'NONE', #4080 ) ;
#1698 = CARTESIAN_POINT ( 'NONE',  ( -1.750000000000000000, 0.5000000000000001100, 0.0000000000000000000 ) ) ;
#1699 = SURFACE_SIDE_STYLE ('',( #3383 ) ) ;
#1700 = DIRECTION ( 'NONE',  ( -1.000000000000000000, -0.0000000000000000000, -0.0000000000000000000 ) ) ;
#1701 = CARTESIAN_POINT ( 'NONE',  ( -0.7750000000000001300, 1.800000000000000300, 0.0000000000000000000 ) ) ;
#1702 = ORIENTED_EDGE ( 'NONE', *, *, #1349, .T. ) ;
#1703 = CARTESIAN_POINT ( 'NONE',  ( -0.1499999999999999700, 0.0000000000000000000, 0.0000000000000000000 ) ) ;
#1704 =( NAMED_UNIT ( * ) PLANE_ANGLE_UNIT ( ) SI_UNIT ( $, .RADIAN. ) );
#1705 = LINE ( 'NONE', #4003, #3530 ) ;
#1706 = SURFACE_STYLE_USAGE ( .BOTH. , #3888 ) ;
#1707 = STYLED_ITEM ( 'NONE', ( #2744 ), #1259 ) ;
#1708 = DIRECTION ( 'NONE',  ( 0.0000000000000000000, -0.0000000000000000000, 1.000000000000000000 ) ) ;
#1709 = SURFACE_SIDE_STYLE ('',( #2057 ) ) ;
#1710 = UNCERTAINTY_MEASURE_WITH_UNIT (LENGTH_MEASURE( 1.000000000000000100E-005 ), #1389, 'distance_accuracy_value', 'NONE');
#1711 = MECHANICAL_DESIGN_GEOMETRIC_PRESENTATION_REPRESENTATION (  '', ( #4034 ), #3052 ) ;
#1712 =( LENGTH_UNIT ( ) NAMED_UNIT ( * ) SI_UNIT ( .MILLI., .METRE. ) );
#1713 = DIRECTION ( 'NONE',  ( 0.0000000000000000000, 1.000000000000000000, 0.0000000000000000000 ) ) ;
#1714 = LINE ( 'NONE', #2394, #1763 ) ;
#1715 = STYLED_ITEM ( 'NONE', ( #1053 ), #2307 ) ;
#1716 = CARTESIAN_POINT ( 'NONE',  ( -0.9000000000000001300, 0.1999999999999990100, 0.0000000000000000000 ) ) ;
#1717 = STYLED_ITEM ( 'NONE', ( #1395 ), #492 ) ;
#1718 = AXIS2_PLACEMENT_3D ( 'NONE', #2302, #4085, #3446 ) ;
#1719 = ADVANCED_FACE ( 'NONE', ( #1843 ), #2613, .F. ) ;
#1720 = DIRECTION ( 'NONE',  ( -1.000000000000000000, -0.0000000000000000000, 0.0000000000000000000 ) ) ;
#1721 = PRESENTATION_STYLE_ASSIGNMENT (( #834 ) ) ;
#1722 = DIRECTION ( 'NONE',  ( 1.000000000000000000, 0.0000000000000000000, 0.0000000000000000000 ) ) ;
#1723 = DIRECTION ( 'NONE',  ( -1.000000000000000000, -0.0000000000000000000, 0.0000000000000000000 ) ) ;
#1724 = FACE_OUTER_BOUND ( 'NONE', #4041, .T. ) ;
#1725 = LINE ( 'NONE', #4184, #794 ) ;
#1726 =( NAMED_UNIT ( * ) PLANE_ANGLE_UNIT ( ) SI_UNIT ( $, .RADIAN. ) );
#1727 = DIRECTION ( 'NONE',  ( 1.000000000000000000, 0.0000000000000000000, -0.0000000000000000000 ) ) ;
#1728 = ORIENTED_EDGE ( 'NONE', *, *, #324, .F. ) ;
#1729 = LINE ( 'NONE', #2643, #1557 ) ;
#1730 = ORIENTED_EDGE ( 'NONE', *, *, #361, .T. ) ;
#1731 = SURFACE_SIDE_STYLE ('',( #3914 ) ) ;
#1732 = LINE ( 'NONE', #1099, #3342 ) ;
#1733 = CARTESIAN_POINT ( 'NONE',  ( -0.4000000000000000200, 1.850000000000000100, 0.2000000000000000100 ) ) ;
#1734 = ORIENTED_EDGE ( 'NONE', *, *, #3443, .F. ) ;
#1735 = UNCERTAINTY_MEASURE_WITH_UNIT (LENGTH_MEASURE( 1.000000000000000100E-005 ), #2633, 'distance_accuracy_value', 'NONE');
#1736 = STYLED_ITEM ( 'NONE', ( #1905 ), #1593 ) ;
#1737 = DIRECTION ( 'NONE',  ( -0.0000000000000000000, 0.0000000000000000000, -1.000000000000000000 ) ) ;
#1738 = DIRECTION ( 'NONE',  ( 0.0000000000000000000, -0.0000000000000000000, -1.000000000000000000 ) ) ;
#1739 = CARTESIAN_POINT ( 'NONE',  ( 0.0000000000000000000, 1.000000000000000000, 0.0000000000000000000 ) ) ;
#1740 = ORIENTED_EDGE ( 'NONE', *, *, #4457, .T. ) ;
#1741 = EDGE_CURVE ( 'NONE', #3751, #2505, #4472, .T. ) ;
#1742 = AXIS2_PLACEMENT_3D ( 'NONE', #3112, #3469, #4222 ) ;
#1743 =( NAMED_UNIT ( * ) PLANE_ANGLE_UNIT ( ) SI_UNIT ( $, .RADIAN. ) );
#1744 = ORIENTED_EDGE ( 'NONE', *, *, #3206, .F. ) ;
#1745 =( LENGTH_UNIT ( ) NAMED_UNIT ( * ) SI_UNIT ( .MILLI., .METRE. ) );
#1746 = SURFACE_STYLE_USAGE ( .BOTH. , #297 ) ;
#1747 = PRESENTATION_LAYER_ASSIGNMENT (  '', '', ( #1255 ) ) ;
#1748 = EDGE_LOOP ( 'NONE', ( #2636, #4014, #2778, #875 ) ) ;
#1749 = ORIENTED_EDGE ( 'NONE', *, *, #2160, .T. ) ;
#1750 = PRESENTATION_LAYER_ASSIGNMENT (  '', '', ( #142 ) ) ;
#1751 = ORIENTED_EDGE ( 'NONE', *, *, #554, .T. ) ;
#1752 = SURFACE_SIDE_STYLE ('',( #3841 ) ) ;
#1753 = DIRECTION ( 'NONE',  ( 0.0000000000000000000, -0.0000000000000000000, -1.000000000000000000 ) ) ;
#1754 = ORIENTED_EDGE ( 'NONE', *, *, #1855, .F. ) ;
#1755 = SURFACE_STYLE_USAGE ( .BOTH. , #4288 ) ;
#1756 = PLANE ( 'NONE',  #3315 ) ;
#1757 = COLOUR_RGB ( '',0.7921568627450980000, 0.8196078431372548800, 0.9333333333333333500 ) ;
#1758 = DIRECTION ( 'NONE',  ( -1.000000000000000000, 0.0000000000000000000, -0.0000000000000000000 ) ) ;
#1759 = ORIENTED_EDGE ( 'NONE', *, *, #2712, .F. ) ;
#1760 =( NAMED_UNIT ( * ) PLANE_ANGLE_UNIT ( ) SI_UNIT ( $, .RADIAN. ) );
#1761 = CARTESIAN_POINT ( 'NONE',  ( -1.850000000000000100, 0.0000000000000000000, 0.2000000000000000100 ) ) ;
#1762 = SURFACE_STYLE_USAGE ( .BOTH. , #3553 ) ;
#1763 = VECTOR ( 'NONE', #3838, 1000.000000000000000 ) ;
#1764 = UNCERTAINTY_MEASURE_WITH_UNIT (LENGTH_MEASURE( 1.000000000000000100E-005 ), #2446, 'distance_accuracy_value', 'NONE');
#1765 = MECHANICAL_DESIGN_GEOMETRIC_PRESENTATION_REPRESENTATION (  '', ( #1501 ), #2245 ) ;
#1766 = EDGE_CURVE ( 'NONE', #1559, #267, #806, .T. ) ;
#1767 = CARTESIAN_POINT ( 'NONE',  ( -1.149999999999999900, 0.07499999999999999700, 0.2000000000000000100 ) ) ;
#1768 = FILL_AREA_STYLE_COLOUR ( '', #2937 ) ;
#1769 = COLOUR_RGB ( '',0.5019607843137254800, 0.5019607843137254800, 0.5019607843137254800 ) ;
#1770 = AXIS2_PLACEMENT_3D ( 'NONE', #3479, #3433, #4586 ) ;
#1771 = VECTOR ( 'NONE', #2371, 1000.000000000000000 ) ;
#1772 =( NAMED_UNIT ( * ) SI_UNIT ( $, .STERADIAN. ) SOLID_ANGLE_UNIT ( ) );
#1773 =( GEOMETRIC_REPRESENTATION_CONTEXT ( 3 ) GLOBAL_UNCERTAINTY_ASSIGNED_CONTEXT ( ( #2887 ) ) GLOBAL_UNIT_ASSIGNED_CONTEXT ( ( #1817, #1459, #2524 ) ) REPRESENTATION_CONTEXT ( 'NONE', 'WORKASPACE' ) );
#1774 = FILL_AREA_STYLE_COLOUR ( '', #814 ) ;
#1775 = VECTOR ( 'NONE', #2550, 1000.000000000000000 ) ;
#1776 = MECHANICAL_DESIGN_GEOMETRIC_PRESENTATION_REPRESENTATION (  '', ( #2917 ), #3403 ) ;
#1777 = SURFACE_STYLE_FILL_AREA ( #2956 ) ;
#1778 = PRESENTATION_STYLE_ASSIGNMENT (( #2895 ) ) ;
#1779 = PRESENTATION_STYLE_ASSIGNMENT (( #2367 ) ) ;
#1780 = LINE ( 'NONE', #2425, #1890 ) ;
#1781 = ORIENTED_EDGE ( 'NONE', *, *, #3820, .F. ) ;
#1782 = SURFACE_SIDE_STYLE ('',( #3155 ) ) ;
#1783 = CARTESIAN_POINT ( 'NONE',  ( -0.7750000000000001300, 1.600000000000000100, 0.2000000000000000100 ) ) ;
#1784 = SURFACE_SIDE_STYLE ('',( #22 ) ) ;
#1785 = ORIENTED_EDGE ( 'NONE', *, *, #4281, .T. ) ;
#1786 = LINE ( 'NONE', #2228, #1281 ) ;
#1787 =( NAMED_UNIT ( * ) SI_UNIT ( $, .STERADIAN. ) SOLID_ANGLE_UNIT ( ) );
#1788 = CARTESIAN_POINT ( 'NONE',  ( -1.850000000000000100, 0.4000000000000000800, 0.2000000000000000900 ) ) ;
#1789 = EDGE_CURVE ( 'NONE', #4386, #1550, #3039, .T. ) ;
#1790 = ORIENTED_EDGE ( 'NONE', *, *, #3748, .T. ) ;
#1791 = SURFACE_STYLE_USAGE ( .BOTH. , #3974 ) ;
#1792 = CARTESIAN_POINT ( 'NONE',  ( 0.0000000000000000000, 1.000000000000000000, 0.0000000000000000000 ) ) ;
#1793 = FACE_OUTER_BOUND ( 'NONE', #3700, .T. ) ;
#1794 = ORIENTED_EDGE ( 'NONE', *, *, #1427, .T. ) ;
#1795 = EDGE_CURVE ( 'NONE', #2779, #3746, #2073, .T. ) ;
#1796 = ORIENTED_EDGE ( 'NONE', *, *, #3103, .F. ) ;
#1797 = STYLED_ITEM ( 'NONE', ( #879 ), #1955 ) ;
#1798 = SURFACE_STYLE_USAGE ( .BOTH. , #3266 ) ;
#1799 = COLOUR_RGB ( '',0.5019607843137254800, 0.5019607843137254800, 0.5019607843137254800 ) ;
#1800 = EDGE_CURVE ( 'NONE', #2197, #2251, #1616, .T. ) ;
#1801 = DIRECTION ( 'NONE',  ( -0.0000000000000000000, 1.000000000000000000, 0.0000000000000000000 ) ) ;
#1802 = ORIENTED_EDGE ( 'NONE', *, *, #4182, .F. ) ;
#1803 = CARTESIAN_POINT ( 'NONE',  ( -0.7750000000000001300, 1.850000000000000100, 0.2000000000000000100 ) ) ;
#1804 = CARTESIAN_POINT ( 'NONE',  ( -1.600000000000000100, 1.600000000000000100, 0.2000000000000000100 ) ) ;
#1805 = STYLED_ITEM ( 'NONE', ( #3021 ), #3824 ) ;
#1806 = VECTOR ( 'NONE', #1992, 1000.000000000000000 ) ;
#1807 = DIRECTION ( 'NONE',  ( 0.0000000000000000000, 1.000000000000000000, 0.0000000000000000000 ) ) ;
#1808 = ORIENTED_EDGE ( 'NONE', *, *, #248, .F. ) ;
#1809 = ORIENTED_EDGE ( 'NONE', *, *, #2656, .F. ) ;
#1810 = LINE ( 'NONE', #679, #119 ) ;
#1811 =( LENGTH_UNIT ( ) NAMED_UNIT ( * ) SI_UNIT ( .MILLI., .METRE. ) );
#1812 = EDGE_CURVE ( 'NONE', #4542, #2561, #1729, .T. ) ;
#1813 =( NAMED_UNIT ( * ) SI_UNIT ( $, .STERADIAN. ) SOLID_ANGLE_UNIT ( ) );
#1814 = FILL_AREA_STYLE_COLOUR ( '', #3929 ) ;
#1815 = EDGE_LOOP ( 'NONE', ( #3395, #1369, #2494, #932 ) ) ;
#1816 = FACE_OUTER_BOUND ( 'NONE', #2106, .T. ) ;
#1817 =( LENGTH_UNIT ( ) NAMED_UNIT ( * ) SI_UNIT ( .MILLI., .METRE. ) );
#1818 =( LENGTH_UNIT ( ) NAMED_UNIT ( * ) SI_UNIT ( .MILLI., .METRE. ) );
#1819 = VECTOR ( 'NONE', #2437, 1000.000000000000000 ) ;
#1820 = UNCERTAINTY_MEASURE_WITH_UNIT (LENGTH_MEASURE( 1.000000000000000100E-005 ), #544, 'distance_accuracy_value', 'NONE');
#1821 = LINE ( 'NONE', #4627, #2218 ) ;
#1822 = LINE ( 'NONE', #1962, #3271 ) ;
#1823 = SURFACE_STYLE_FILL_AREA ( #4171 ) ;
#1824 =( GEOMETRIC_REPRESENTATION_CONTEXT ( 3 ) GLOBAL_UNCERTAINTY_ASSIGNED_CONTEXT ( ( #734 ) ) GLOBAL_UNIT_ASSIGNED_CONTEXT ( ( #3201, #976, #3882 ) ) REPRESENTATION_CONTEXT ( 'NONE', 'WORKASPACE' ) );
#1825 = EDGE_CURVE ( 'NONE', #3696, #1404, #4648, .T. ) ;
#1826 = FACE_OUTER_BOUND ( 'NONE', #3408, .T. ) ;
#1827 = SURFACE_STYLE_FILL_AREA ( #4466 ) ;
#1828 = DIRECTION ( 'NONE',  ( 0.0000000000000000000, 0.0000000000000000000, 1.000000000000000000 ) ) ;
#1829 = PRESENTATION_LAYER_ASSIGNMENT (  '', '', ( #4034 ) ) ;
#1830 = CARTESIAN_POINT ( 'NONE',  ( -1.850000000000000100, 0.4000000000000000800, 0.0000000000000000000 ) ) ;
#1831 = PRESENTATION_LAYER_ASSIGNMENT (  '', '', ( #3397 ) ) ;
#1832 = LINE ( 'NONE', #1078, #3996 ) ;
#1833 = CARTESIAN_POINT ( 'NONE',  ( -1.600000000000000100, 0.0000000000000000000, 0.0000000000000000000 ) ) ;
#1834 = AXIS2_PLACEMENT_3D ( 'NONE', #4007, #1446, #4692 ) ;
#1835 = DIRECTION ( 'NONE',  ( -0.0000000000000000000, -1.000000000000000000, -0.0000000000000000000 ) ) ;
#1836 =( NAMED_UNIT ( * ) SI_UNIT ( $, .STERADIAN. ) SOLID_ANGLE_UNIT ( ) );
#1837 = SURFACE_STYLE_USAGE ( .BOTH. , #67 ) ;
#1838 = MECHANICAL_DESIGN_GEOMETRIC_PRESENTATION_REPRESENTATION (  '', ( #3228 ), #3708 ) ;
#1839 = ORIENTED_EDGE ( 'NONE', *, *, #4373, .F. ) ;
#1840 = VERTEX_POINT ( 'NONE', #399 ) ;
#1841 = LINE ( 'NONE', #4365, #809 ) ;
#1842 = DIRECTION ( 'NONE',  ( -0.0000000000000000000, -1.000000000000000000, -0.0000000000000000000 ) ) ;
#1843 = FACE_OUTER_BOUND ( 'NONE', #2784, .T. ) ;
#1844 = DIRECTION ( 'NONE',  ( -0.0000000000000000000, 1.000000000000000000, 0.0000000000000000000 ) ) ;
#1845 = ORIENTED_EDGE ( 'NONE', *, *, #3745, .F. ) ;
#1846 = PLANE ( 'NONE',  #3735 ) ;
#1847 = VECTOR ( 'NONE', #2870, 1000.000000000000000 ) ;
#1848 =( NAMED_UNIT ( * ) PLANE_ANGLE_UNIT ( ) SI_UNIT ( $, .RADIAN. ) );
#1849 = ORIENTED_EDGE ( 'NONE', *, *, #4077, .T. ) ;
#1850 = ORIENTED_EDGE ( 'NONE', *, *, #3577, .T. ) ;
#1851 = PRESENTATION_LAYER_ASSIGNMENT (  '', '', ( #3278 ) ) ;
#1852 = COLOUR_RGB ( '',0.7529411764705882200, 0.7529411764705882200, 0.7529411764705882200 ) ;
#1853 = ORIENTED_EDGE ( 'NONE', *, *, #1494, .F. ) ;
#1854 = ADVANCED_FACE ( 'NONE', ( #1221 ), #2969, .F. ) ;
#1855 = EDGE_CURVE ( 'NONE', #1521, #4677, #2642, .T. ) ;
#1856 = VERTEX_POINT ( 'NONE', #2287 ) ;
#1857 = STYLED_ITEM ( 'NONE', ( #1549 ), #3262 ) ;
#1858 = DIRECTION ( 'NONE',  ( 0.0000000000000000000, 1.000000000000000000, 0.0000000000000000000 ) ) ;
#1859 = FACE_OUTER_BOUND ( 'NONE', #585, .T. ) ;
#1860 = ORIENTED_EDGE ( 'NONE', *, *, #3335, .F. ) ;
#1861 =( GEOMETRIC_REPRESENTATION_CONTEXT ( 3 ) GLOBAL_UNCERTAINTY_ASSIGNED_CONTEXT ( ( #1970 ) ) GLOBAL_UNIT_ASSIGNED_CONTEXT ( ( #3387, #164, #1963 ) ) REPRESENTATION_CONTEXT ( 'NONE', 'WORKASPACE' ) );
#1862 = CARTESIAN_POINT ( 'NONE',  ( -2.000000000000000000, 0.0000000000000000000, 0.0000000000000000000 ) ) ;
#1863 = LINE ( 'NONE', #315, #3695 ) ;
#1864 = AXIS2_PLACEMENT_3D ( 'NONE', #1300, #2024, #3848 ) ;
#1865 = CARTESIAN_POINT ( 'NONE',  ( -1.149999999999999900, 0.1999999999999990100, 0.0000000000000000000 ) ) ;
#1866 = FILL_AREA_STYLE_COLOUR ( '', #4076 ) ;
#1867 = ORIENTED_EDGE ( 'NONE', *, *, #279, .F. ) ;
#1868 = CARTESIAN_POINT ( 'NONE',  ( -0.1499999999999999700, 2.000000000000000000, 0.2000000000000000100 ) ) ;
#1869 = CARTESIAN_POINT ( 'NONE',  ( -1.000000000000000000, 0.0000000000000000000, 0.0000000000000000000 ) ) ;
#1870 = VECTOR ( 'NONE', #3692, 1000.000000000000000 ) ;
#1871 = VERTEX_POINT ( 'NONE', #4501 ) ;
#1872 = EDGE_CURVE ( 'NONE', #3185, #2561, #697, .T. ) ;
#1873 = VERTEX_POINT ( 'NONE', #123 ) ;
#1874 =( NAMED_UNIT ( * ) SI_UNIT ( $, .STERADIAN. ) SOLID_ANGLE_UNIT ( ) );
#1875 = VECTOR ( 'NONE', #4588, 999.9999999999998900 ) ;
#1876 = FILL_AREA_STYLE_COLOUR ( '', #1799 ) ;
#1877 = DIRECTION ( 'NONE',  ( -1.000000000000000000, 0.0000000000000000000, -0.0000000000000000000 ) ) ;
#1878 = VECTOR ( 'NONE', #958, 1000.000000000000000 ) ;
#1879 =( LENGTH_UNIT ( ) NAMED_UNIT ( * ) SI_UNIT ( .MILLI., .METRE. ) );
#1880 = MANIFOLD_SOLID_BREP ( 'Rectangle1_6-1-solid1', #2993 ) ;
#1881 = VECTOR ( 'NONE', #3125, 1000.000000000000000 ) ;
#1882 = LINE ( 'NONE', #1129, #2059 ) ;
#1883 = MECHANICAL_DESIGN_GEOMETRIC_PRESENTATION_REPRESENTATION (  '', ( #1797 ), #3361 ) ;
#1884 = VECTOR ( 'NONE', #462, 1000.000000000000000 ) ;
#1885 =( NAMED_UNIT ( * ) SI_UNIT ( $, .STERADIAN. ) SOLID_ANGLE_UNIT ( ) );
#1886 = PRESENTATION_STYLE_ASSIGNMENT (( #3401 ) ) ;
#1887 = EDGE_CURVE ( 'NONE', #1519, #1492, #2586, .T. ) ;
#1888 = LINE ( 'NONE', #1417, #861 ) ;
#1889 = DIRECTION ( 'NONE',  ( 0.0000000000000000000, 1.000000000000000000, 0.0000000000000000000 ) ) ;
#1890 = VECTOR ( 'NONE', #3921, 1000.000000000000000 ) ;
#1891 = VERTEX_POINT ( 'NONE', #528 ) ;
#1892 = AXIS2_PLACEMENT_3D ( 'NONE', #2430, #4257, #2054 ) ;
#1893 = DIRECTION ( 'NONE',  ( 0.0000000000000000000, 0.0000000000000000000, 1.000000000000000000 ) ) ;
#1894 = DIRECTION ( 'NONE',  ( 1.000000000000000000, 0.0000000000000000000, 0.0000000000000000000 ) ) ;
#1895 = FILL_AREA_STYLE ('',( #1540 ) ) ;
#1896 = PRESENTATION_LAYER_ASSIGNMENT (  '', '', ( #49 ) ) ;
#1897 = ORIENTED_EDGE ( 'NONE', *, *, #2182, .T. ) ;
#1898 =( NAMED_UNIT ( * ) SI_UNIT ( $, .STERADIAN. ) SOLID_ANGLE_UNIT ( ) );
#1899 = PLANE ( 'NONE',  #1375 ) ;
#1900 = VECTOR ( 'NONE', #837, 1000.000000000000000 ) ;
#1901 = MECHANICAL_DESIGN_GEOMETRIC_PRESENTATION_REPRESENTATION (  '', ( #1423 ), #2147 ) ;
#1902 = VERTEX_POINT ( 'NONE', #3099 ) ;
#1903 = LINE ( 'NONE', #3665, #4016 ) ;
#1904 = CARTESIAN_POINT ( 'NONE',  ( -0.9000000000000001300, 0.0000000000000000000, 0.2000000000000000100 ) ) ;
#1905 = PRESENTATION_STYLE_ASSIGNMENT (( #4330 ) ) ;
#1906 = EDGE_LOOP ( 'NONE', ( #1634, #3579, #149, #2131, #398, #2026, #94, #4327, #1303, #3126, #141, #2187 ) ) ;
#1907 = UNCERTAINTY_MEASURE_WITH_UNIT (LENGTH_MEASURE( 1.000000000000000100E-005 ), #4329, 'distance_accuracy_value', 'NONE');
#1908 = CARTESIAN_POINT ( 'NONE',  ( -0.4000000000000000200, 1.925000000000000000, 0.2000000000000000100 ) ) ;
#1909 = DIRECTION ( 'NONE',  ( -0.0000000000000000000, 1.000000000000000000, 0.0000000000000000000 ) ) ;
#1910 = ORIENTED_EDGE ( 'NONE', *, *, #2123, .T. ) ;
#1911 = ORIENTED_EDGE ( 'NONE', *, *, #933, .T. ) ;
#1912 = PLANE ( 'NONE',  #343 ) ;
#1913 = CARTESIAN_POINT ( 'NONE',  ( -2.000000000000000000, 0.0000000000000000000, 1.600000000000000100 ) ) ;
#1914 = SURFACE_STYLE_FILL_AREA ( #4461 ) ;
#1915 = ADVANCED_FACE ( 'NONE', ( #2985 ), #912, .F. ) ;
#1916 = DIRECTION ( 'NONE',  ( 0.0000000000000000000, -0.0000000000000000000, 1.000000000000000000 ) ) ;
#1917 = ORIENTED_EDGE ( 'NONE', *, *, #1887, .T. ) ;
#1918 = MECHANICAL_DESIGN_GEOMETRIC_PRESENTATION_REPRESENTATION (  '', ( #2560 ), #3214 ) ;
#1919 = VECTOR ( 'NONE', #126, 1000.000000000000000 ) ;
#1920 = EDGE_CURVE ( 'NONE', #4498, #3873, #1347, .T. ) ;
#1921 = EDGE_CURVE ( 'NONE', #3185, #1969, #1625, .T. ) ;
#1922 = CLOSED_SHELL ( 'NONE', ( #2620, #3032, #473, #876, #1547, #1209, #2307 ) ) ;
#1923 = SURFACE_STYLE_FILL_AREA ( #1646 ) ;
#1924 = MECHANICAL_DESIGN_GEOMETRIC_PRESENTATION_REPRESENTATION (  '', ( #139 ), #2167 ) ;
#1925 = ORIENTED_EDGE ( 'NONE', *, *, #279, .T. ) ;
#1926 = CARTESIAN_POINT ( 'NONE',  ( -0.7750000000000001300, 0.1999999999999990100, 0.0000000000000000000 ) ) ;
#1927 = ADVANCED_FACE ( 'NONE', ( #2714 ), #1984, .T. ) ;
#1928 = SURFACE_STYLE_USAGE ( .BOTH. , #2630 ) ;
#1929 = DIRECTION ( 'NONE',  ( 1.000000000000000000, 0.0000000000000000000, -0.0000000000000000000 ) ) ;
#1930 =( GEOMETRIC_REPRESENTATION_CONTEXT ( 3 ) GLOBAL_UNCERTAINTY_ASSIGNED_CONTEXT ( ( #3952 ) ) GLOBAL_UNIT_ASSIGNED_CONTEXT ( ( #2853, #1017, #3941 ) ) REPRESENTATION_CONTEXT ( 'NONE', 'WORKASPACE' ) );
#1931 = CARTESIAN_POINT ( 'NONE',  ( -0.6500000000000001300, 0.1999999999999990100, 0.2000000000000000100 ) ) ;
#1932 = DIRECTION ( 'NONE',  ( 0.0000000000000000000, -0.0000000000000000000, 1.000000000000000000 ) ) ;
#1933 = SURFACE_STYLE_USAGE ( .BOTH. , #3404 ) ;
#1934 = ADVANCED_FACE ( 'NONE', ( #3293 ), #3787, .F. ) ;
#1935 = FACE_OUTER_BOUND ( 'NONE', #376, .T. ) ;
#1936 = CARTESIAN_POINT ( 'NONE',  ( 0.0000000000000000000, 1.000000000000000000, 0.2000000000000000100 ) ) ;
#1937 = DIRECTION ( 'NONE',  ( -0.0000000000000000000, 1.000000000000000000, 0.0000000000000000000 ) ) ;
#1938 = FACE_OUTER_BOUND ( 'NONE', #4415, .T. ) ;
#1939 = EDGE_CURVE ( 'NONE', #3873, #4679, #513, .T. ) ;
#1940 =( NAMED_UNIT ( * ) PLANE_ANGLE_UNIT ( ) SI_UNIT ( $, .RADIAN. ) );
#1941 = UNCERTAINTY_MEASURE_WITH_UNIT (LENGTH_MEASURE( 1.000000000000000100E-005 ), #1531, 'distance_accuracy_value', 'NONE');
#1942 = DIRECTION ( 'NONE',  ( 1.000000000000000000, 0.0000000000000000000, -0.0000000000000000000 ) ) ;
#1943 = CARTESIAN_POINT ( 'NONE',  ( -0.9000000000000001300, 0.0000000000000000000, 0.0000000000000000000 ) ) ;
#1944 = SURFACE_SIDE_STYLE ('',( #3002 ) ) ;
#1945 =( GEOMETRIC_REPRESENTATION_CONTEXT ( 3 ) GLOBAL_UNCERTAINTY_ASSIGNED_CONTEXT ( ( #2448 ) ) GLOBAL_UNIT_ASSIGNED_CONTEXT ( ( #436, #2708, #877 ) ) REPRESENTATION_CONTEXT ( 'NONE', 'WORKASPACE' ) );
#1946 = DIRECTION ( 'NONE',  ( 1.000000000000000000, -0.0000000000000000000, 0.0000000000000000000 ) ) ;
#1947 = CARTESIAN_POINT ( 'NONE',  ( -1.149999999999999900, 1.800000000000000300, 0.2000000000000000100 ) ) ;
#1948 = AXIS2_PLACEMENT_3D ( 'NONE', #107, #813, #2662 ) ;
#1949 = VECTOR ( 'NONE', #4644, 1000.000000000000000 ) ;
#1950 = FACE_OUTER_BOUND ( 'NONE', #3445, .T. ) ;
#1951 = PRESENTATION_LAYER_ASSIGNMENT (  '', '', ( #1128 ) ) ;
#1952 = VECTOR ( 'NONE', #4548, 1000.000000000000000 ) ;
#1953 = VERTEX_POINT ( 'NONE', #3807 ) ;
#1954 = PRESENTATION_LAYER_ASSIGNMENT (  '', '', ( #1717 ) ) ;
#1955 = ADVANCED_FACE ( 'NONE', ( #36 ), #4540, .T. ) ;
#1956 = LINE ( 'NONE', #1196, #799 ) ;
#1957 = CARTESIAN_POINT ( 'NONE',  ( -1.149999999999999900, 1.850000000000000100, 0.0000000000000000000 ) ) ;
#1958 = VECTOR ( 'NONE', #1909, 1000.000000000000000 ) ;
#1959 = MECHANICAL_DESIGN_GEOMETRIC_PRESENTATION_REPRESENTATION (  '', ( #2944 ), #3763 ) ;
#1960 = EDGE_LOOP ( 'NONE', ( #1222, #1109, #2455, #2835 ) ) ;
#1961 =( NAMED_UNIT ( * ) SI_UNIT ( $, .STERADIAN. ) SOLID_ANGLE_UNIT ( ) );
#1962 = CARTESIAN_POINT ( 'NONE',  ( -1.399999999999999900, 0.4000000000000000200, 0.2000000000000000100 ) ) ;
#1963 =( NAMED_UNIT ( * ) SI_UNIT ( $, .STERADIAN. ) SOLID_ANGLE_UNIT ( ) );
#1964 = SURFACE_STYLE_USAGE ( .BOTH. , #3010 ) ;
#1965 = ORIENTED_EDGE ( 'NONE', *, *, #2064, .F. ) ;
#1966 = DIRECTION ( 'NONE',  ( -1.000000000000000000, -0.0000000000000000000, 0.0000000000000000000 ) ) ;
#1967 =( LENGTH_UNIT ( ) NAMED_UNIT ( * ) SI_UNIT ( .MILLI., .METRE. ) );
#1968 = EDGE_LOOP ( 'NONE', ( #705, #2951, #321, #2178 ) ) ;
#1969 = VERTEX_POINT ( 'NONE', #2916 ) ;
#1970 = UNCERTAINTY_MEASURE_WITH_UNIT (LENGTH_MEASURE( 1.000000000000000100E-005 ), #3387, 'distance_accuracy_value', 'NONE');
#1971 = FILL_AREA_STYLE ('',( #1587 ) ) ;
#1972 = ORIENTED_EDGE ( 'NONE', *, *, #3520, .F. ) ;
#1973 = EDGE_CURVE ( 'NONE', #470, #2143, #3568, .T. ) ;
#1974 = EDGE_LOOP ( 'NONE', ( #3234, #56, #1566, #4610 ) ) ;
#1975 = PLANE ( 'NONE',  #3181 ) ;
#1976 =( LENGTH_UNIT ( ) NAMED_UNIT ( * ) SI_UNIT ( .MILLI., .METRE. ) );
#1977 = PLANE ( 'NONE',  #3221 ) ;
#1978 = EDGE_LOOP ( 'NONE', ( #3672, #4272, #2008, #4084 ) ) ;
#1979 =( NAMED_UNIT ( * ) PLANE_ANGLE_UNIT ( ) SI_UNIT ( $, .RADIAN. ) );
#1980 = DIRECTION ( 'NONE',  ( -0.0000000000000000000, 0.0000000000000000000, -1.000000000000000000 ) ) ;
#1981 = CARTESIAN_POINT ( 'NONE',  ( -0.7750000000000001300, 0.1499999999999999900, 0.2000000000000000100 ) ) ;
#1982 = ORIENTED_EDGE ( 'NONE', *, *, #3217, .T. ) ;
#1983 =( GEOMETRIC_REPRESENTATION_CONTEXT ( 3 ) GLOBAL_UNCERTAINTY_ASSIGNED_CONTEXT ( ( #3875 ) ) GLOBAL_UNIT_ASSIGNED_CONTEXT ( ( #695, #1081, #3982 ) ) REPRESENTATION_CONTEXT ( 'NONE', 'WORKASPACE' ) );
#1984 = PLANE ( 'NONE',  #3613 ) ;
#1985 = EDGE_CURVE ( 'NONE', #3288, #3005, #407, .T. ) ;
#1986 = CARTESIAN_POINT ( 'NONE',  ( -1.274999999999999900, 2.000000000000000000, 0.2000000000000000100 ) ) ;
#1987 =( GEOMETRIC_REPRESENTATION_CONTEXT ( 3 ) GLOBAL_UNCERTAINTY_ASSIGNED_CONTEXT ( ( #1121 ) ) GLOBAL_UNIT_ASSIGNED_CONTEXT ( ( #1359, #586, #1324 ) ) REPRESENTATION_CONTEXT ( 'NONE', 'WORKASPACE' ) );
#1988 = AXIS2_PLACEMENT_3D ( 'NONE', #2216, #1858, #2608 ) ;
#1989 = COLOUR_RGB ( '',0.7529411764705882200, 0.7529411764705882200, 0.7529411764705882200 ) ;
#1990 = DIRECTION ( 'NONE',  ( 0.0000000000000000000, -0.0000000000000000000, -1.000000000000000000 ) ) ;
#1991 = DIRECTION ( 'NONE',  ( 0.7071067811865474600, 0.7071067811865474600, 0.0000000000000000000 ) ) ;
#1992 = DIRECTION ( 'NONE',  ( -1.000000000000000000, -0.0000000000000000000, -0.0000000000000000000 ) ) ;
#1993 = FILL_AREA_STYLE ('',( #3128 ) ) ;
#1994 =( NAMED_UNIT ( * ) PLANE_ANGLE_UNIT ( ) SI_UNIT ( $, .RADIAN. ) );
#1995 = PRESENTATION_STYLE_ASSIGNMENT (( #622 ) ) ;
#1996 = SURFACE_STYLE_USAGE ( .BOTH. , #3819 ) ;
#1997 = CARTESIAN_POINT ( 'NONE',  ( -0.6500000000000001300, 1.800000000000000300, 0.0000000000000000000 ) ) ;
#1998 = DIRECTION ( 'NONE',  ( 1.000000000000000000, -0.0000000000000000000, 0.0000000000000000000 ) ) ;
#1999 = DIRECTION ( 'NONE',  ( 0.0000000000000000000, -0.0000000000000000000, 1.000000000000000000 ) ) ;
#2000 = VECTOR ( 'NONE', #2303, 1000.000000000000000 ) ;
#2001 = SURFACE_STYLE_FILL_AREA ( #3729 ) ;
#2002 = ADVANCED_FACE ( 'NONE', ( #4659 ), #4248, .T. ) ;
#2003 = FILL_AREA_STYLE_COLOUR ( '', #2841 ) ;
#2004 = LINE ( 'NONE', #4406, #350 ) ;
#2005 = DIRECTION ( 'NONE',  ( 1.000000000000000000, -0.0000000000000000000, 0.0000000000000000000 ) ) ;
#2006 = CARTESIAN_POINT ( 'NONE',  ( -1.850000000000000100, 0.2500000000000000000, 0.2000000000000000100 ) ) ;
#2007 = LINE ( 'NONE', #272, #85 ) ;
#2008 = ORIENTED_EDGE ( 'NONE', *, *, #690, .T. ) ;
#2009 = SURFACE_SIDE_STYLE ('',( #450 ) ) ;
#2010 = EDGE_CURVE ( 'NONE', #4599, #2384, #3959, .T. ) ;
#2011 = EDGE_CURVE ( 'NONE', #6, #1067, #4366, .T. ) ;
#2012 = SURFACE_STYLE_USAGE ( .BOTH. , #3452 ) ;
#2013 = VECTOR ( 'NONE', #4145, 1000.000000000000000 ) ;
#2014 = CARTESIAN_POINT ( 'NONE',  ( -1.000000000000000000, 1.000000000000000000, 0.0000000000000000000 ) ) ;
#2015 = ORIENTED_EDGE ( 'NONE', *, *, #2785, .T. ) ;
#2016 =( GEOMETRIC_REPRESENTATION_CONTEXT ( 3 ) GLOBAL_UNCERTAINTY_ASSIGNED_CONTEXT ( ( #3045 ) ) GLOBAL_UNIT_ASSIGNED_CONTEXT ( ( #2356, #1632, #1330 ) ) REPRESENTATION_CONTEXT ( 'NONE', 'WORKASPACE' ) );
#2017 = VERTEX_POINT ( 'NONE', #701 ) ;
#2018 = CARTESIAN_POINT ( 'NONE',  ( 0.0000000000000000000, 0.8750000000000000000, 0.2000000000000000100 ) ) ;
#2019 = LINE ( 'NONE', #1687, #579 ) ;
#2020 =( GEOMETRIC_REPRESENTATION_CONTEXT ( 3 ) GLOBAL_UNCERTAINTY_ASSIGNED_CONTEXT ( ( #1820 ) ) GLOBAL_UNIT_ASSIGNED_CONTEXT ( ( #544, #2793, #3854 ) ) REPRESENTATION_CONTEXT ( 'NONE', 'WORKASPACE' ) );
#2021 = EDGE_LOOP ( 'NONE', ( #3392, #4027, #1398, #4091 ) ) ;
#2022 = CARTESIAN_POINT ( 'NONE',  ( -0.1499999999999999700, 0.0000000000000000000, 0.0000000000000000000 ) ) ;
#2023 = CARTESIAN_POINT ( 'NONE',  ( -1.000000000000000000, 1.000000000000000000, 0.0000000000000000000 ) ) ;
#2024 = DIRECTION ( 'NONE',  ( -1.000000000000000000, 0.0000000000000000000, -0.0000000000000000000 ) ) ;
#2025 =( NAMED_UNIT ( * ) SI_UNIT ( $, .STERADIAN. ) SOLID_ANGLE_UNIT ( ) );
#2026 = ORIENTED_EDGE ( 'NONE', *, *, #4290, .T. ) ;
#2027 = DIRECTION ( 'NONE',  ( -0.0000000000000000000, -1.000000000000000000, -0.0000000000000000000 ) ) ;
#2028 = ORIENTED_EDGE ( 'NONE', *, *, #4128, .F. ) ;
#2029 = UNCERTAINTY_MEASURE_WITH_UNIT (LENGTH_MEASURE( 1.000000000000000100E-005 ), #1811, 'distance_accuracy_value', 'NONE');
#2030 = CARTESIAN_POINT ( 'NONE',  ( -1.600000000000000100, 1.600000000000000100, 0.0000000000000000000 ) ) ;
#2031 =( NAMED_UNIT ( * ) PLANE_ANGLE_UNIT ( ) SI_UNIT ( $, .RADIAN. ) );
#2032 = CARTESIAN_POINT ( 'NONE',  ( -1.725000000000000100, 2.000000000000000000, 0.0000000000000000000 ) ) ;
#2033 = SURFACE_STYLE_FILL_AREA ( #1157 ) ;
#2034 = EDGE_CURVE ( 'NONE', #3121, #533, #2019, .T. ) ;
#2035 = ORIENTED_EDGE ( 'NONE', *, *, #2438, .F. ) ;
#2036 = VERTEX_POINT ( 'NONE', #2141 ) ;
#2037 = CARTESIAN_POINT ( 'NONE',  ( -0.8000000000000000400, 1.125000000000000200, 0.2000000000000000100 ) ) ;
#2038 = SURFACE_SIDE_STYLE ('',( #3611 ) ) ;
#2039 = VERTEX_POINT ( 'NONE', #1075 ) ;
#2040 = CARTESIAN_POINT ( 'NONE',  ( -1.600000000000000100, 0.8750000000000000000, 0.0000000000000000000 ) ) ;
#2041 =( LENGTH_UNIT ( ) NAMED_UNIT ( * ) SI_UNIT ( .MILLI., .METRE. ) );
#2042 = LINE ( 'NONE', #788, #1870 ) ;
#2043 =( GEOMETRIC_REPRESENTATION_CONTEXT ( 3 ) GLOBAL_UNCERTAINTY_ASSIGNED_CONTEXT ( ( #3110 ) ) GLOBAL_UNIT_ASSIGNED_CONTEXT ( ( #1515, #1848, #3681 ) ) REPRESENTATION_CONTEXT ( 'NONE', 'WORKASPACE' ) );
#2044 = CARTESIAN_POINT ( 'NONE',  ( -1.149999999999999900, 0.1499999999999999900, 0.2000000000000000100 ) ) ;
#2045 = DIRECTION ( 'NONE',  ( -0.0000000000000000000, 1.000000000000000000, 0.0000000000000000000 ) ) ;
#2046 = DIRECTION ( 'NONE',  ( -1.000000000000000000, 0.0000000000000000000, -0.0000000000000000000 ) ) ;
#2047 = MECHANICAL_DESIGN_GEOMETRIC_PRESENTATION_REPRESENTATION (  '', ( #1254 ), #657 ) ;
#2048 = LINE ( 'NONE', #2819, #1076 ) ;
#2049 = AXIS2_PLACEMENT_3D ( 'NONE', #2454, #560, #4279 ) ;
#2050 = VECTOR ( 'NONE', #3884, 1000.000000000000000 ) ;
#2051 = FILL_AREA_STYLE_COLOUR ( '', #795 ) ;
#2052 = CARTESIAN_POINT ( 'NONE',  ( -1.600000000000000100, 1.125000000000000200, 0.2000000000000000100 ) ) ;
#2053 = LINE ( 'NONE', #2313, #2400 ) ;
#2054 = DIRECTION ( 'NONE',  ( -0.0000000000000000000, 0.0000000000000000000, -1.000000000000000000 ) ) ;
#2055 = UNCERTAINTY_MEASURE_WITH_UNIT (LENGTH_MEASURE( 1.000000000000000100E-005 ), #2836, 'distance_accuracy_value', 'NONE');
#2056 = VECTOR ( 'NONE', #3417, 1000.000000000000000 ) ;
#2057 = SURFACE_STYLE_FILL_AREA ( #3876 ) ;
#2058 = DIRECTION ( 'NONE',  ( -1.000000000000000000, 0.0000000000000000000, -0.0000000000000000000 ) ) ;
#2059 = VECTOR ( 'NONE', #4017, 1000.000000000000000 ) ;
#2060 =( NAMED_UNIT ( * ) SI_UNIT ( $, .STERADIAN. ) SOLID_ANGLE_UNIT ( ) );
#2061 = VECTOR ( 'NONE', #944, 1000.000000000000000 ) ;
#2062 = VECTOR ( 'NONE', #4067, 1000.000000000000000 ) ;
#2063 = EDGE_CURVE ( 'NONE', #166, #3185, #3791, .T. ) ;
#2064 = EDGE_CURVE ( 'NONE', #2039, #2532, #1453, .T. ) ;
#2065 = LINE ( 'NONE', #4253, #1274 ) ;
#2066 = PRESENTATION_STYLE_ASSIGNMENT (( #1964 ) ) ;
#2067 = VECTOR ( 'NONE', #3865, 1000.000000000000000 ) ;
#2068 =( NAMED_UNIT ( * ) SI_UNIT ( $, .STERADIAN. ) SOLID_ANGLE_UNIT ( ) );
#2069 = VERTEX_POINT ( 'NONE', #314 ) ;
#2070 = FILL_AREA_STYLE_COLOUR ( '', #353 ) ;
#2071 = SURFACE_STYLE_USAGE ( .BOTH. , #1709 ) ;
#2072 = PRODUCT_DEFINITION_SHAPE ( 'NONE', 'NONE',  #2388 ) ;
#2073 = LINE ( 'NONE', #443, #4531 ) ;
#2074 = DIRECTION ( 'NONE',  ( 1.000000000000000000, 0.0000000000000000000, -0.0000000000000000000 ) ) ;
#2075 = ORIENTED_EDGE ( 'NONE', *, *, #1973, .F. ) ;
#2076 = EDGE_CURVE ( 'NONE', #3746, #4504, #4074, .T. ) ;
#2077 = LINE ( 'NONE', #759, #936 ) ;
#2078 = DIRECTION ( 'NONE',  ( 0.0000000000000000000, -0.0000000000000000000, -1.000000000000000000 ) ) ;
#2079 = PLANE ( 'NONE',  #3977 ) ;
#2080 =( LENGTH_UNIT ( ) NAMED_UNIT ( * ) SI_UNIT ( .MILLI., .METRE. ) );
#2081 = PRESENTATION_LAYER_ASSIGNMENT (  '', '', ( #2188 ) ) ;
#2082 = ORIENTED_EDGE ( 'NONE', *, *, #3301, .F. ) ;
#2083 = PRESENTATION_LAYER_ASSIGNMENT (  '', '', ( #308 ) ) ;
#2084 = CARTESIAN_POINT ( 'NONE',  ( -1.399999999999999900, 0.2000000000000000100, 0.2000000000000000100 ) ) ;
#2085 = VERTEX_POINT ( 'NONE', #664 ) ;
#2086 = ORIENTED_EDGE ( 'NONE', *, *, #2311, .F. ) ;
#2087 = DIRECTION ( 'NONE',  ( 1.000000000000000000, -0.0000000000000000000, 0.0000000000000000000 ) ) ;
#2088 = STYLED_ITEM ( 'NONE', ( #2663 ), #4598 ) ;
#2089 = LINE ( 'NONE', #1693, #1006 ) ;
#2090 = CARTESIAN_POINT ( 'NONE',  ( -1.750000000000000000, 0.5000000000000000000, 0.2000000000000000400 ) ) ;
#2091 = ORIENTED_EDGE ( 'NONE', *, *, #295, .F. ) ;
#2092 = ORIENTED_EDGE ( 'NONE', *, *, #4594, .T. ) ;
#2093 = UNCERTAINTY_MEASURE_WITH_UNIT (LENGTH_MEASURE( 1.000000000000000100E-005 ), #3951, 'distance_accuracy_value', 'NONE');
#2094 =( LENGTH_UNIT ( ) NAMED_UNIT ( * ) SI_UNIT ( .MILLI., .METRE. ) );
#2095 = VERTEX_POINT ( 'NONE', #4348 ) ;
#2096 = DIRECTION ( 'NONE',  ( 0.0000000000000000000, 1.000000000000000000, -0.0000000000000000000 ) ) ;
#2097 = CARTESIAN_POINT ( 'NONE',  ( -0.1499999999999999700, 1.600000000000000100, 0.2000000000000000100 ) ) ;
#2098 = ORIENTED_EDGE ( 'NONE', *, *, #3821, .T. ) ;
#2099 =( NAMED_UNIT ( * ) SI_UNIT ( $, .STERADIAN. ) SOLID_ANGLE_UNIT ( ) );
#2100 = LINE ( 'NONE', #3972, #2451 ) ;
#2101 = STYLED_ITEM ( 'NONE', ( #2918 ), #1177 ) ;
#2102 = DIRECTION ( 'NONE',  ( -1.000000000000000000, 0.0000000000000000000, -0.0000000000000000000 ) ) ;
#2103 = EDGE_CURVE ( 'NONE', #2085, #761, #3734, .T. ) ;
#2104 = PRESENTATION_LAYER_ASSIGNMENT (  '', '', ( #1857 ) ) ;
#2105 =( NAMED_UNIT ( * ) PLANE_ANGLE_UNIT ( ) SI_UNIT ( $, .RADIAN. ) );
#2106 = EDGE_LOOP ( 'NONE', ( #3762, #421, #1358, #4711 ) ) ;
#2107 = DIRECTION ( 'NONE',  ( -1.000000000000000000, 0.0000000000000000000, -0.0000000000000000000 ) ) ;
#2108 =( NAMED_UNIT ( * ) PLANE_ANGLE_UNIT ( ) SI_UNIT ( $, .RADIAN. ) );
#2109 = DIRECTION ( 'NONE',  ( 0.0000000000000000000, -1.000000000000000000, 0.0000000000000000000 ) ) ;
#2110 = STYLED_ITEM ( 'NONE', ( #3322 ), #473 ) ;
#2111 = DIRECTION ( 'NONE',  ( 0.0000000000000000000, -1.000000000000000000, -0.0000000000000000000 ) ) ;
#2112 =( NAMED_UNIT ( * ) PLANE_ANGLE_UNIT ( ) SI_UNIT ( $, .RADIAN. ) );
#2113 =( GEOMETRIC_REPRESENTATION_CONTEXT ( 3 ) GLOBAL_UNCERTAINTY_ASSIGNED_CONTEXT ( ( #2115 ) ) GLOBAL_UNIT_ASSIGNED_CONTEXT ( ( #1271, #563, #3137 ) ) REPRESENTATION_CONTEXT ( 'NONE', 'WORKASPACE' ) );
#2114 = CARTESIAN_POINT ( 'NONE',  ( -2.000000000000000000, 2.000000000000000000, 1.600000000000000100 ) ) ;
#2115 = UNCERTAINTY_MEASURE_WITH_UNIT (LENGTH_MEASURE( 1.000000000000000100E-005 ), #1271, 'distance_accuracy_value', 'NONE');
#2116 = LINE ( 'NONE', #4174, #2624 ) ;
#2117 = SURFACE_STYLE_USAGE ( .BOTH. , #3161 ) ;
#2118 = VECTOR ( 'NONE', #1483, 1000.000000000000000 ) ;
#2119 = VECTOR ( 'NONE', #3995, 1000.000000000000000 ) ;
#2120 = PLANE ( 'NONE',  #1523 ) ;
#2121 = LINE ( 'NONE', #773, #1326 ) ;
#2122 =( NAMED_UNIT ( * ) SI_UNIT ( $, .STERADIAN. ) SOLID_ANGLE_UNIT ( ) );
#2123 = EDGE_CURVE ( 'NONE', #405, #1052, #702, .T. ) ;
#2124 = SURFACE_STYLE_FILL_AREA ( #3492 ) ;
#2125 = FILL_AREA_STYLE_COLOUR ( '', #1371 ) ;
#2126 = ORIENTED_EDGE ( 'NONE', *, *, #3283, .T. ) ;
#2127 = DIRECTION ( 'NONE',  ( -1.000000000000000000, 0.0000000000000000000, -0.0000000000000000000 ) ) ;
#2128 = VERTEX_POINT ( 'NONE', #4725 ) ;
#2129 = FACE_OUTER_BOUND ( 'NONE', #1815, .T. ) ;
#2130 = SURFACE_STYLE_FILL_AREA ( #2939 ) ;
#2131 = ORIENTED_EDGE ( 'NONE', *, *, #156, .T. ) ;
#2132 = CARTESIAN_POINT ( 'NONE',  ( -1.600000000000000100, 1.800000000000000300, 0.0000000000000000000 ) ) ;
#2133 = DIRECTION ( 'NONE',  ( 1.000000000000000000, 0.0000000000000000000, -0.0000000000000000000 ) ) ;
#2134 = EDGE_CURVE ( 'NONE', #774, #3047, #2935, .T. ) ;
#2135 = ORIENTED_EDGE ( 'NONE', *, *, #3120, .T. ) ;
#2136 =( NAMED_UNIT ( * ) PLANE_ANGLE_UNIT ( ) SI_UNIT ( $, .RADIAN. ) );
#2137 = DIRECTION ( 'NONE',  ( 0.0000000000000000000, -0.0000000000000000000, -1.000000000000000000 ) ) ;
#2138 = LINE ( 'NONE', #1624, #101 ) ;
#2139 = STYLED_ITEM ( 'NONE', ( #3548 ), #3723 ) ;
#2140 = FILL_AREA_STYLE_COLOUR ( '', #1610 ) ;
#2141 = CARTESIAN_POINT ( 'NONE',  ( -0.6500000000000001300, 2.000000000000000000, 0.2000000000000000100 ) ) ;
#2142 = ORIENTED_EDGE ( 'NONE', *, *, #2152, .F. ) ;
#2143 = VERTEX_POINT ( 'NONE', #1761 ) ;
#2144 = FILL_AREA_STYLE_COLOUR ( '', #3056 ) ;
#2145 =( GEOMETRIC_REPRESENTATION_CONTEXT ( 3 ) GLOBAL_UNCERTAINTY_ASSIGNED_CONTEXT ( ( #1394 ) ) GLOBAL_UNIT_ASSIGNED_CONTEXT ( ( #2989, #4426, #1885 ) ) REPRESENTATION_CONTEXT ( 'NONE', 'WORKASPACE' ) );
#2146 = VERTEX_POINT ( 'NONE', #2886 ) ;
#2147 =( GEOMETRIC_REPRESENTATION_CONTEXT ( 3 ) GLOBAL_UNCERTAINTY_ASSIGNED_CONTEXT ( ( #3176 ) ) GLOBAL_UNIT_ASSIGNED_CONTEXT ( ( #4324, #3918, #4710 ) ) REPRESENTATION_CONTEXT ( 'NONE', 'WORKASPACE' ) );
#2148 = VECTOR ( 'NONE', #3414, 1000.000000000000000 ) ;
#2149 = ORIENTED_EDGE ( 'NONE', *, *, #31, .T. ) ;
#2150 =( NAMED_UNIT ( * ) SI_UNIT ( $, .STERADIAN. ) SOLID_ANGLE_UNIT ( ) );
#2151 = CARTESIAN_POINT ( 'NONE',  ( -0.7750000000000001300, 1.800000000000000300, 0.2000000000000000100 ) ) ;
#2152 = EDGE_CURVE ( 'NONE', #859, #1000, #1841, .T. ) ;
#2153 = FILL_AREA_STYLE ('',( #3251 ) ) ;
#2154 = EDGE_CURVE ( 'NONE', #3171, #51, #4263, .T. ) ;
#2155 = CARTESIAN_POINT ( 'NONE',  ( -0.5250000000000000200, 1.850000000000000100, 0.2000000000000000100 ) ) ;
#2156 = ORIENTED_EDGE ( 'NONE', *, *, #4495, .T. ) ;
#2157 = SURFACE_SIDE_STYLE ('',( #4043 ) ) ;
#2158 = PRESENTATION_LAYER_ASSIGNMENT (  '', '', ( #132 ) ) ;
#2159 = VECTOR ( 'NONE', #1667, 1000.000000000000000 ) ;
#2160 = EDGE_CURVE ( 'NONE', #2095, #3963, #460, .T. ) ;
#2161 = EDGE_CURVE ( 'NONE', #2532, #6, #1162, .T. ) ;
#2162 = COLOUR_RGB ( '',0.7529411764705882200, 0.7529411764705882200, 0.7529411764705882200 ) ;
#2163 = PRESENTATION_STYLE_ASSIGNMENT (( #282 ) ) ;
#2164 =( NAMED_UNIT ( * ) PLANE_ANGLE_UNIT ( ) SI_UNIT ( $, .RADIAN. ) );
#2165 =( NAMED_UNIT ( * ) PLANE_ANGLE_UNIT ( ) SI_UNIT ( $, .RADIAN. ) );
#2166 = CARTESIAN_POINT ( 'NONE',  ( -1.850000000000000100, 1.800000000000000300, 0.2000000000000000100 ) ) ;
#2167 =( GEOMETRIC_REPRESENTATION_CONTEXT ( 3 ) GLOBAL_UNCERTAINTY_ASSIGNED_CONTEXT ( ( #1907 ) ) GLOBAL_UNIT_ASSIGNED_CONTEXT ( ( #4329, #674, #3966 ) ) REPRESENTATION_CONTEXT ( 'NONE', 'WORKASPACE' ) );
#2168 = VECTOR ( 'NONE', #1946, 1000.000000000000000 ) ;
#2169 = COLOUR_RGB ( '',0.5019607843137254800, 0.5019607843137254800, 0.5019607843137254800 ) ;
#2170 =( NAMED_UNIT ( * ) SI_UNIT ( $, .STERADIAN. ) SOLID_ANGLE_UNIT ( ) );
#2171 =( LENGTH_UNIT ( ) NAMED_UNIT ( * ) SI_UNIT ( .MILLI., .METRE. ) );
#2172 = CARTESIAN_POINT ( 'NONE',  ( -0.4000000000000000200, 1.125000000000000200, 0.2000000000000000100 ) ) ;
#2173 = MANIFOLD_SOLID_BREP ( 'Rectangle1_5-1-solid1', #1456 ) ;
#2174 = FACE_OUTER_BOUND ( 'NONE', #2556, .T. ) ;
#2175 = MECHANICAL_DESIGN_GEOMETRIC_PRESENTATION_REPRESENTATION (  '', ( #3592 ), #2515 ) ;
#2176 = FACE_OUTER_BOUND ( 'NONE', #2897, .T. ) ;
#2177 = VECTOR ( 'NONE', #1478, 1000.000000000000000 ) ;
#2178 = ORIENTED_EDGE ( 'NONE', *, *, #1240, .T. ) ;
#2179 =( NAMED_UNIT ( * ) SI_UNIT ( $, .STERADIAN. ) SOLID_ANGLE_UNIT ( ) );
#2180 = EDGE_CURVE ( 'NONE', #4267, #1213, #362, .T. ) ;
#2181 =( NAMED_UNIT ( * ) PLANE_ANGLE_UNIT ( ) SI_UNIT ( $, .RADIAN. ) );
#2182 = EDGE_CURVE ( 'NONE', #475, #3438, #2772, .T. ) ;
#2183 = ORIENTED_EDGE ( 'NONE', *, *, #4290, .F. ) ;
#2184 = CARTESIAN_POINT ( 'NONE',  ( -0.7750000000000001300, 0.0000000000000000000, 0.0000000000000000000 ) ) ;
#2185 = AXIS2_PLACEMENT_3D ( 'NONE', #4606, #2741, #542 ) ;
#2186 = LINE ( 'NONE', #2207, #1342 ) ;
#2187 = ORIENTED_EDGE ( 'NONE', *, *, #2880, .T. ) ;
#2188 = STYLED_ITEM ( 'NONE', ( #925 ), #3307 ) ;
#2189 = VECTOR ( 'NONE', #1998, 1000.000000000000000 ) ;
#2190 = VERTEX_POINT ( 'NONE', #2574 ) ;
#2191 = EDGE_LOOP ( 'NONE', ( #4271, #2238, #2763, #760 ) ) ;
#2192 = STYLED_ITEM ( 'NONE', ( #707 ), #2002 ) ;
#2193 = PRESENTATION_STYLE_ASSIGNMENT (( #853 ) ) ;
#2194 = MECHANICAL_DESIGN_GEOMETRIC_PRESENTATION_REPRESENTATION (  '', ( #312 ), #1190 ) ;
#2195 = ORIENTED_EDGE ( 'NONE', *, *, #750, .F. ) ;
#2196 = UNCERTAINTY_MEASURE_WITH_UNIT (LENGTH_MEASURE( 1.000000000000000100E-005 ), #1575, 'distance_accuracy_value', 'NONE');
#2197 = VERTEX_POINT ( 'NONE', #4039 ) ;
#2198 = DIRECTION ( 'NONE',  ( 1.000000000000000000, 0.0000000000000000000, 0.0000000000000000000 ) ) ;
#2199 = DIRECTION ( 'NONE',  ( 0.0000000000000000000, -1.000000000000000000, -0.0000000000000000000 ) ) ;
#2200 = STYLED_ITEM ( 'NONE', ( #1200 ), #3799 ) ;
#2201 = DIRECTION ( 'NONE',  ( 0.7071067811865477900, 0.7071067811865473500, 0.0000000000000000000 ) ) ;
#2202 = ORIENTED_EDGE ( 'NONE', *, *, #1812, .F. ) ;
#2203 = SHAPE_DEFINITION_REPRESENTATION ( #2072, #4015 ) ;
#2204 = ORIENTED_EDGE ( 'NONE', *, *, #4056, .T. ) ;
#2205 = SURFACE_SIDE_STYLE ('',( #736 ) ) ;
#2206 = ORIENTED_EDGE ( 'NONE', *, *, #4095, .T. ) ;
#2207 = CARTESIAN_POINT ( 'NONE',  ( -0.7750000000000001300, 0.0000000000000000000, 0.0000000000000000000 ) ) ;
#2208 = EDGE_CURVE ( 'NONE', #4679, #1559, #1903, .T. ) ;
#2209 = DIRECTION ( 'NONE',  ( -0.0000000000000000000, 0.0000000000000000000, -1.000000000000000000 ) ) ;
#2210 = DIRECTION ( 'NONE',  ( 1.000000000000000000, 0.0000000000000000000, -0.0000000000000000000 ) ) ;
#2211 = ORIENTED_EDGE ( 'NONE', *, *, #295, .T. ) ;
#2212 = VECTOR ( 'NONE', #131, 1000.000000000000000 ) ;
#2213 = PLANE ( 'NONE',  #1316 ) ;
#2214 = VECTOR ( 'NONE', #2074, 1000.000000000000000 ) ;
#2215 =( GEOMETRIC_REPRESENTATION_CONTEXT ( 3 ) GLOBAL_UNCERTAINTY_ASSIGNED_CONTEXT ( ( #383 ) ) GLOBAL_UNIT_ASSIGNED_CONTEXT ( ( #786, #4066, #2254 ) ) REPRESENTATION_CONTEXT ( 'NONE', 'WORKASPACE' ) );
#2216 = CARTESIAN_POINT ( 'NONE',  ( -1.725000000000000100, 1.600000000000000100, 0.2000000000000000100 ) ) ;
#2217 = STYLED_ITEM ( 'NONE', ( #986 ), #55 ) ;
#2218 = VECTOR ( 'NONE', #292, 1000.000000000000000 ) ;
#2219 = PRESENTATION_STYLE_ASSIGNMENT (( #1678 ) ) ;
#2220 = PRESENTATION_STYLE_ASSIGNMENT (( #4320 ) ) ;
#2221 = DIRECTION ( 'NONE',  ( 0.7071067811865474600, 0.7071067811865474600, 0.0000000000000000000 ) ) ;
#2222 = VECTOR ( 'NONE', #1070, 1000.000000000000000 ) ;
#2223 = PRESENTATION_STYLE_ASSIGNMENT (( #970 ) ) ;
#2224 = CARTESIAN_POINT ( 'NONE',  ( 0.0000000000000000000, 0.8750000000000000000, 0.0000000000000000000 ) ) ;
#2225 = UNCERTAINTY_MEASURE_WITH_UNIT (LENGTH_MEASURE( 1.000000000000000100E-005 ), #2094, 'distance_accuracy_value', 'NONE');
#2226 = VECTOR ( 'NONE', #2601, 1000.000000000000000 ) ;
#2227 = MECHANICAL_DESIGN_GEOMETRIC_PRESENTATION_REPRESENTATION (  '', ( #142 ), #3225 ) ;
#2228 = CARTESIAN_POINT ( 'NONE',  ( -1.000000000000000000, 2.000000000000000000, 0.0000000000000000000 ) ) ;
#2229 = LINE ( 'NONE', #680, #27 ) ;
#2230 =( GEOMETRIC_REPRESENTATION_CONTEXT ( 3 ) GLOBAL_UNCERTAINTY_ASSIGNED_CONTEXT ( ( #4612 ) ) GLOBAL_UNIT_ASSIGNED_CONTEXT ( ( #2631, #757, #4051 ) ) REPRESENTATION_CONTEXT ( 'NONE', 'WORKASPACE' ) );
#2231 = ORIENTED_EDGE ( 'NONE', *, *, #2926, .T. ) ;
#2232 = LINE ( 'NONE', #2650, #629 ) ;
#2233 = FACE_OUTER_BOUND ( 'NONE', #4665, .T. ) ;
#2234 = CARTESIAN_POINT ( 'NONE',  ( -1.725000000000000100, 0.0000000000000000000, 0.0000000000000000000 ) ) ;
#2235 = EDGE_LOOP ( 'NONE', ( #4151, #3094, #3645, #1839 ) ) ;
#2236 = FILL_AREA_STYLE_COLOUR ( '', #2871 ) ;
#2237 = DIRECTION ( 'NONE',  ( 1.000000000000000000, 0.0000000000000000000, -0.0000000000000000000 ) ) ;
#2238 = ORIENTED_EDGE ( 'NONE', *, *, #2564, .F. ) ;
#2239 = SURFACE_STYLE_USAGE ( .BOTH. , #3676 ) ;
#2240 = DIRECTION ( 'NONE',  ( -0.0000000000000000000, 0.0000000000000000000, -1.000000000000000000 ) ) ;
#2241 = SURFACE_STYLE_FILL_AREA ( #4304 ) ;
#2242 = PLANE ( 'NONE',  #104 ) ;
#2243 = SURFACE_STYLE_FILL_AREA ( #3718 ) ;
#2244 = EDGE_LOOP ( 'NONE', ( #660, #2375, #2035, #648 ) ) ;
#2245 =( GEOMETRIC_REPRESENTATION_CONTEXT ( 3 ) GLOBAL_UNCERTAINTY_ASSIGNED_CONTEXT ( ( #1941 ) ) GLOBAL_UNIT_ASSIGNED_CONTEXT ( ( #1531, #4093, #25 ) ) REPRESENTATION_CONTEXT ( 'NONE', 'WORKASPACE' ) );
#2246 = VERTEX_POINT ( 'NONE', #4436 ) ;
#2247 = EDGE_CURVE ( 'NONE', #3906, #4563, #2077, .T. ) ;
#2248 = ORIENTED_EDGE ( 'NONE', *, *, #845, .F. ) ;
#2249 = PLANE ( 'NONE',  #1257 ) ;
#2250 = LINE ( 'NONE', #1206, #2545 ) ;
#2251 = VERTEX_POINT ( 'NONE', #1460 ) ;
#2252 = UNCERTAINTY_MEASURE_WITH_UNIT (LENGTH_MEASURE( 1.000000000000000100E-005 ), #2713, 'distance_accuracy_value', 'NONE');
#2253 = MECHANICAL_DESIGN_GEOMETRIC_PRESENTATION_REPRESENTATION (  '', ( #2110 ), #2350 ) ;
#2254 =( NAMED_UNIT ( * ) SI_UNIT ( $, .STERADIAN. ) SOLID_ANGLE_UNIT ( ) );
#2255 = ADVANCED_FACE ( 'NONE', ( #212 ), #2213, .F. ) ;
#2256 = CARTESIAN_POINT ( 'NONE',  ( -0.7750000000000001300, 0.4000000000000000200, 0.2000000000000000100 ) ) ;
#2257 = VERTEX_POINT ( 'NONE', #81 ) ;
#2258 = CARTESIAN_POINT ( 'NONE',  ( -0.4000000000000000200, 1.125000000000000200, 0.2000000000000000100 ) ) ;
#2259 =( GEOMETRIC_REPRESENTATION_CONTEXT ( 3 ) GLOBAL_UNCERTAINTY_ASSIGNED_CONTEXT ( ( #706 ) ) GLOBAL_UNIT_ASSIGNED_CONTEXT ( ( #1288, #1704, #3153 ) ) REPRESENTATION_CONTEXT ( 'NONE', 'WORKASPACE' ) );
#2260 = CARTESIAN_POINT ( 'NONE',  ( -0.3999999999999999700, 2.000000000000000000, 0.0000000000000000000 ) ) ;
#2261 = DIRECTION ( 'NONE',  ( 0.0000000000000000000, -1.000000000000000000, 0.0000000000000000000 ) ) ;
#2262 = ORIENTED_EDGE ( 'NONE', *, *, #133, .T. ) ;
#2263 = FACE_OUTER_BOUND ( 'NONE', #1407, .T. ) ;
#2264 = FILL_AREA_STYLE ('',( #105 ) ) ;
#2265 =( LENGTH_UNIT ( ) NAMED_UNIT ( * ) SI_UNIT ( .MILLI., .METRE. ) );
#2266 = FACE_OUTER_BOUND ( 'NONE', #320, .T. ) ;
#2267 = SURFACE_SIDE_STYLE ('',( #4595 ) ) ;
#2268 =( NAMED_UNIT ( * ) SI_UNIT ( $, .STERADIAN. ) SOLID_ANGLE_UNIT ( ) );
#2269 = FACE_OUTER_BOUND ( 'NONE', #4543, .T. ) ;
#2270 = CARTESIAN_POINT ( 'NONE',  ( -0.7750000000000001300, 1.600000000000000100, 0.2000000000000000100 ) ) ;
#2271 = CARTESIAN_POINT ( 'NONE',  ( -1.600000000000000100, 2.000000000000000000, 0.2000000000000000100 ) ) ;
#2272 = SURFACE_STYLE_USAGE ( .BOTH. , #4469 ) ;
#2273 = LINE ( 'NONE', #4493, #4451 ) ;
#2274 = EDGE_CURVE ( 'NONE', #3296, #2095, #1556, .T. ) ;
#2275 =( LENGTH_UNIT ( ) NAMED_UNIT ( * ) SI_UNIT ( .MILLI., .METRE. ) );
#2276 = LINE ( 'NONE', #2649, #4696 ) ;
#2277 = PRESENTATION_LAYER_ASSIGNMENT (  '', '', ( #3280 ) ) ;
#2278 =( NAMED_UNIT ( * ) SI_UNIT ( $, .STERADIAN. ) SOLID_ANGLE_UNIT ( ) );
#2279 = LINE ( 'NONE', #1211, #195 ) ;
#2280 = EDGE_CURVE ( 'NONE', #2587, #2095, #1786, .T. ) ;
#2281 = SURFACE_STYLE_FILL_AREA ( #623 ) ;
#2282 = LINE ( 'NONE', #2829, #619 ) ;
#2283 = CARTESIAN_POINT ( 'NONE',  ( -1.600000000000000100, 2.000000000000000000, 0.0000000000000000000 ) ) ;
#2284 = UNCERTAINTY_MEASURE_WITH_UNIT (LENGTH_MEASURE( 1.000000000000000100E-005 ), #2041, 'distance_accuracy_value', 'NONE');
#2285 = VECTOR ( 'NONE', #3572, 1000.000000000000000 ) ;
#2286 =( GEOMETRIC_REPRESENTATION_CONTEXT ( 3 ) GLOBAL_UNCERTAINTY_ASSIGNED_CONTEXT ( ( #358 ) ) GLOBAL_UNIT_ASSIGNED_CONTEXT ( ( #4417, #1102, #1813 ) ) REPRESENTATION_CONTEXT ( 'NONE', 'WORKASPACE' ) );
#2287 = CARTESIAN_POINT ( 'NONE',  ( -0.9000000000000001300, 0.1499999999999999900, 0.2000000000000000100 ) ) ;
#2288 = CARTESIAN_POINT ( 'NONE',  ( -1.600000000000000100, 1.000000000000000000, 0.0000000000000000000 ) ) ;
#2289 = CARTESIAN_POINT ( 'NONE',  ( -0.1499999999999999700, 1.800000000000000300, 0.2000000000000000100 ) ) ;
#2290 = EDGE_LOOP ( 'NONE', ( #3869, #2082, #3441, #3788, #1744, #200, #778, #1796, #2884, #526, #157, #749, #3595, #3571, #2202, #371, #2660, #226, #2594, #2443, #3451, #4368, #1754, #3063, #3570, #1055, #103, #3410, #1672 ) ) ;
#2291 = DIRECTION ( 'NONE',  ( 1.000000000000000000, 0.0000000000000000000, -0.0000000000000000000 ) ) ;
#2292 = SURFACE_STYLE_USAGE ( .BOTH. , #1232 ) ;
#2293 = EDGE_LOOP ( 'NONE', ( #2204, #275 ) ) ;
#2294 = VECTOR ( 'NONE', #1062, 1000.000000000000000 ) ;
#2295 = SURFACE_STYLE_USAGE ( .BOTH. , #2676 ) ;
#2296 = ORIENTED_EDGE ( 'NONE', *, *, #1921, .T. ) ;
#2297 = DIRECTION ( 'NONE',  ( 0.0000000000000000000, -0.0000000000000000000, 1.000000000000000000 ) ) ;
#2298 = COLOUR_RGB ( '',0.2509803921568627400, 0.2509803921568627400, 0.2509803921568627400 ) ;
#2299 = ORIENTED_EDGE ( 'NONE', *, *, #3820, .T. ) ;
#2300 = ADVANCED_FACE ( 'NONE', ( #206 ), #2242, .F. ) ;
#2301 = ORIENTED_EDGE ( 'NONE', *, *, #225, .T. ) ;
#2302 = CARTESIAN_POINT ( 'NONE',  ( -1.800000000000000300, 1.125000000000000200, 0.2000000000000000100 ) ) ;
#2303 = DIRECTION ( 'NONE',  ( 0.0000000000000000000, -1.000000000000000000, -0.0000000000000000000 ) ) ;
#2304 = CARTESIAN_POINT ( 'NONE',  ( -0.6500000000000001300, 0.0000000000000000000, 0.0000000000000000000 ) ) ;
#2305 = CARTESIAN_POINT ( 'NONE',  ( -1.800000000000000300, 1.000000000000000000, 0.0000000000000000000 ) ) ;
#2306 = VERTEX_POINT ( 'NONE', #3330 ) ;
#2307 = ADVANCED_FACE ( 'NONE', ( #4535 ), #3721, .T. ) ;
#2308 =( NAMED_UNIT ( * ) PLANE_ANGLE_UNIT ( ) SI_UNIT ( $, .RADIAN. ) );
#2309 = VERTEX_POINT ( 'NONE', #1578 ) ;
#2310 = MECHANICAL_DESIGN_GEOMETRIC_PRESENTATION_REPRESENTATION (  '', ( #359 ), #2215 ) ;
#2311 = EDGE_CURVE ( 'NONE', #3334, #2036, #1339, .T. ) ;
#2312 = ORIENTED_EDGE ( 'NONE', *, *, #4457, .F. ) ;
#2313 = CARTESIAN_POINT ( 'NONE',  ( 0.0000000000000000000, 1.125000000000000200, 0.0000000000000000000 ) ) ;
#2314 =( GEOMETRIC_REPRESENTATION_CONTEXT ( 3 ) GLOBAL_UNCERTAINTY_ASSIGNED_CONTEXT ( ( #146 ) ) GLOBAL_UNIT_ASSIGNED_CONTEXT ( ( #1032, #650, #3209 ) ) REPRESENTATION_CONTEXT ( 'NONE', 'WORKASPACE' ) );
#2315 = ORIENTED_EDGE ( 'NONE', *, *, #454, .T. ) ;
#2316 = PLANE ( 'NONE',  #3423 ) ;
#2317 =( GEOMETRIC_REPRESENTATION_CONTEXT ( 3 ) GLOBAL_UNCERTAINTY_ASSIGNED_CONTEXT ( ( #4424 ) ) GLOBAL_UNIT_ASSIGNED_CONTEXT ( ( #1976, #889, #1308 ) ) REPRESENTATION_CONTEXT ( 'NONE', 'WORKASPACE' ) );
#2318 = SURFACE_STYLE_USAGE ( .BOTH. , #144 ) ;
#2319 = ORIENTED_EDGE ( 'NONE', *, *, #4611, .T. ) ;
#2320 = PRESENTATION_LAYER_ASSIGNMENT (  '', '', ( #2088 ) ) ;
#2321 = DIRECTION ( 'NONE',  ( 0.0000000000000000000, -0.0000000000000000000, 1.000000000000000000 ) ) ;
#2322 = FILL_AREA_STYLE_COLOUR ( '', #1621 ) ;
#2323 = PLANE ( 'NONE',  #1742 ) ;
#2324 = SURFACE_SIDE_STYLE ('',( #2331 ) ) ;
#2325 = VERTEX_POINT ( 'NONE', #3767 ) ;
#2326 =( NAMED_UNIT ( * ) PLANE_ANGLE_UNIT ( ) SI_UNIT ( $, .RADIAN. ) );
#2327 = VECTOR ( 'NONE', #3515, 1000.000000000000000 ) ;
#2328 = ADVANCED_FACE ( 'NONE', ( #2129 ), #3418, .T. ) ;
#2329 = COLOUR_RGB ( '',0.5019607843137254800, 0.5019607843137254800, 0.5019607843137254800 ) ;
#2330 = PRESENTATION_STYLE_ASSIGNMENT (( #2475 ) ) ;
#2331 = SURFACE_STYLE_FILL_AREA ( #151 ) ;
#2332 = DIRECTION ( 'NONE',  ( 0.0000000000000000000, -0.0000000000000000000, 1.000000000000000000 ) ) ;
#2333 = PRESENTATION_STYLE_ASSIGNMENT (( #4059 ) ) ;
#2334 = CARTESIAN_POINT ( 'NONE',  ( -1.600000000000000100, 0.2500000000000000000, 0.2000000000000000100 ) ) ;
#2335 = CARTESIAN_POINT ( 'NONE',  ( -2.000000000000000000, 1.000000000000000000, 0.0000000000000000000 ) ) ;
#2336 = COLOUR_RGB ( '',0.5019607843137254800, 0.5019607843137254800, 0.5019607843137254800 ) ;
#2337 = FACE_OUTER_BOUND ( 'NONE', #3566, .T. ) ;
#2338 = PRESENTATION_LAYER_ASSIGNMENT (  '', '', ( #2101 ) ) ;
#2339 = CARTESIAN_POINT ( 'NONE',  ( -1.800000000000000300, 1.125000000000000200, 0.0000000000000000000 ) ) ;
#2340 = LINE ( 'NONE', #2155, #564 ) ;
#2341 = VECTOR ( 'NONE', #737, 1000.000000000000000 ) ;
#2342 = EDGE_CURVE ( 'NONE', #4278, #1521, #3627, .T. ) ;
#2343 = CARTESIAN_POINT ( 'NONE',  ( -1.725000000000000100, 1.600000000000000100, 0.2000000000000000100 ) ) ;
#2344 = MECHANICAL_DESIGN_GEOMETRIC_PRESENTATION_REPRESENTATION (  '', ( #1857 ), #3647 ) ;
#2345 = VECTOR ( 'NONE', #477, 1000.000000000000000 ) ;
#2346 = FILL_AREA_STYLE ('',( #3472 ) ) ;
#2347 = FACE_OUTER_BOUND ( 'NONE', #285, .T. ) ;
#2348 = AXIS2_PLACEMENT_3D ( 'NONE', #1509, #72, #2977 ) ;
#2349 = VERTEX_POINT ( 'NONE', #4450 ) ;
#2350 =( GEOMETRIC_REPRESENTATION_CONTEXT ( 3 ) GLOBAL_UNCERTAINTY_ASSIGNED_CONTEXT ( ( #2225 ) ) GLOBAL_UNIT_ASSIGNED_CONTEXT ( ( #2094, #4667, #4649 ) ) REPRESENTATION_CONTEXT ( 'NONE', 'WORKASPACE' ) );
#2351 = DIRECTION ( 'NONE',  ( -0.0000000000000000000, 1.000000000000000000, 0.0000000000000000000 ) ) ;
#2352 = ORIENTED_EDGE ( 'NONE', *, *, #3473, .F. ) ;
#2353 = CARTESIAN_POINT ( 'NONE',  ( 0.0000000000000000000, 1.125000000000000200, 0.0000000000000000000 ) ) ;
#2354 =( LENGTH_UNIT ( ) NAMED_UNIT ( * ) SI_UNIT ( .MILLI., .METRE. ) );
#2355 = PLANE ( 'NONE',  #3973 ) ;
#2356 =( LENGTH_UNIT ( ) NAMED_UNIT ( * ) SI_UNIT ( .MILLI., .METRE. ) );
#2357 = CARTESIAN_POINT ( 'NONE',  ( -0.7750000000000001300, 0.1999999999999990100, 0.2000000000000000100 ) ) ;
#2358 = ORIENTED_EDGE ( 'NONE', *, *, #1427, .F. ) ;
#2359 = DIRECTION ( 'NONE',  ( 0.0000000000000000000, 0.0000000000000000000, -1.000000000000000000 ) ) ;
#2360 = PLANE ( 'NONE',  #3089 ) ;
#2361 = PRESENTATION_STYLE_ASSIGNMENT (( #1071 ) ) ;
#2362 = VERTEX_POINT ( 'NONE', #2705 ) ;
#2363 = CYLINDRICAL_SURFACE ( 'NONE', #4529, 0.2000000000000000900 ) ;
#2364 = EDGE_CURVE ( 'NONE', #2711, #2505, #3444, .T. ) ;
#2365 = ORIENTED_EDGE ( 'NONE', *, *, #1494, .T. ) ;
#2366 = ORIENTED_EDGE ( 'NONE', *, *, #738, .F. ) ;
#2367 = SURFACE_STYLE_USAGE ( .BOTH. , #4581 ) ;
#2368 = DIRECTION ( 'NONE',  ( 1.000000000000000000, 0.0000000000000000000, -0.0000000000000000000 ) ) ;
#2369 = ORIENTED_EDGE ( 'NONE', *, *, #3482, .F. ) ;
#2370 = FILL_AREA_STYLE ('',( #501 ) ) ;
#2371 = DIRECTION ( 'NONE',  ( 0.0000000000000000000, -0.0000000000000000000, 1.000000000000000000 ) ) ;
#2372 = CARTESIAN_POINT ( 'NONE',  ( -1.600000000000000100, 1.600000000000000100, 0.2000000000000000100 ) ) ;
#2373 = CARTESIAN_POINT ( 'NONE',  ( -0.1499999999999999900, 0.0000000000000000000, 0.2000000000000000100 ) ) ;
#2374 = DIRECTION ( 'NONE',  ( 1.000000000000000000, 0.0000000000000000000, -0.0000000000000000000 ) ) ;
#2375 = ORIENTED_EDGE ( 'NONE', *, *, #3003, .T. ) ;
#2376 = UNCERTAINTY_MEASURE_WITH_UNIT (LENGTH_MEASURE( 1.000000000000000100E-005 ), #1967, 'distance_accuracy_value', 'NONE');
#2377 = PRESENTATION_LAYER_ASSIGNMENT (  '', '', ( #625 ) ) ;
#2378 = CARTESIAN_POINT ( 'NONE',  ( -0.7750000000000001300, 1.850000000000000100, 0.0000000000000000000 ) ) ;
#2379 = CARTESIAN_POINT ( 'NONE',  ( -1.600000000000000100, 1.000000000000000000, 0.2000000000000000100 ) ) ;
#2380 = EDGE_CURVE ( 'NONE', #4550, #1871, #1101, .T. ) ;
#2381 = EDGE_LOOP ( 'NONE', ( #1648, #153, #4024, #1751 ) ) ;
#2382 = MECHANICAL_DESIGN_GEOMETRIC_PRESENTATION_REPRESENTATION (  '', ( #1805 ), #3366 ) ;
#2383 = FILL_AREA_STYLE ('',( #511 ) ) ;
#2384 = VERTEX_POINT ( 'NONE', #1544 ) ;
#2385 = STYLED_ITEM ( 'NONE', ( #2517 ), #897 ) ;
#2386 = DIRECTION ( 'NONE',  ( -0.0000000000000000000, 0.0000000000000000000, -1.000000000000000000 ) ) ;
#2387 =( NAMED_UNIT ( * ) PLANE_ANGLE_UNIT ( ) SI_UNIT ( $, .RADIAN. ) );
#2388 = PRODUCT_DEFINITION ( 'UNKNOWN', '', #3628, #840 ) ;
#2389 = CARTESIAN_POINT ( 'NONE',  ( -0.1499999999999999700, 2.000000000000000000, 0.0000000000000000000 ) ) ;
#2390 = DIRECTION ( 'NONE',  ( -1.000000000000000000, 0.0000000000000000000, -0.0000000000000000000 ) ) ;
#2391 = COLOUR_RGB ( '',0.5019607843137254800, 0.5019607843137254800, 0.5019607843137254800 ) ;
#2392 = VECTOR ( 'NONE', #3740, 1000.000000000000000 ) ;
#2393 = DIRECTION ( 'NONE',  ( -0.0000000000000000000, 0.0000000000000000000, -1.000000000000000000 ) ) ;
#2394 = CARTESIAN_POINT ( 'NONE',  ( -0.6500000000000001300, 0.07499999999999999700, 0.2000000000000000100 ) ) ;
#2395 = SURFACE_STYLE_FILL_AREA ( #2899 ) ;
#2396 = LINE ( 'NONE', #2724, #1819 ) ;
#2397 = FILL_AREA_STYLE ('',( #4225 ) ) ;
#2398 =( NAMED_UNIT ( * ) PLANE_ANGLE_UNIT ( ) SI_UNIT ( $, .RADIAN. ) );
#2399 = PLANE ( 'NONE',  #4566 ) ;
#2400 = VECTOR ( 'NONE', #497, 1000.000000000000000 ) ;
#2401 = EDGE_CURVE ( 'NONE', #3346, #4498, #87, .T. ) ;
#2402 = DIRECTION ( 'NONE',  ( 0.0000000000000000000, -0.0000000000000000000, 1.000000000000000000 ) ) ;
#2403 = COLOUR_RGB ( '',0.5019607843137254800, 0.5019607843137254800, 0.5019607843137254800 ) ;
#2404 = SURFACE_STYLE_USAGE ( .BOTH. , #4600 ) ;
#2405 = UNCERTAINTY_MEASURE_WITH_UNIT (LENGTH_MEASURE( 1.000000000000000100E-005 ), #4357, 'distance_accuracy_value', 'NONE');
#2406 = LINE ( 'NONE', #187, #4460 ) ;
#2407 = STYLED_ITEM ( 'NONE', ( #2775 ), #1591 ) ;
#2408 = VERTEX_POINT ( 'NONE', #1913 ) ;
#2409 = CARTESIAN_POINT ( 'NONE',  ( -1.149999999999999900, 0.1499999999999999700, 0.0000000000000000000 ) ) ;
#2410 = SURFACE_SIDE_STYLE ('',( #4009 ) ) ;
#2411 = EDGE_CURVE ( 'NONE', #3860, #3346, #2232, .T. ) ;
#2412 = EDGE_CURVE ( 'NONE', #2893, #465, #1956, .T. ) ;
#2413 = FILL_AREA_STYLE_COLOUR ( '', #2803 ) ;
#2414 = PRESENTATION_STYLE_ASSIGNMENT (( #2432 ) ) ;
#2415 = ADVANCED_FACE ( 'NONE', ( #152 ), #3783, .T. ) ;
#2416 = DIRECTION ( 'NONE',  ( 0.0000000000000000000, -1.000000000000000000, -0.0000000000000000000 ) ) ;
#2417 = CARTESIAN_POINT ( 'NONE',  ( -1.800000000000000300, 1.125000000000000200, 0.2000000000000000100 ) ) ;
#2418 = SURFACE_STYLE_USAGE ( .BOTH. , #3455 ) ;
#2419 = ORIENTED_EDGE ( 'NONE', *, *, #3473, .T. ) ;
#2420 =( GEOMETRIC_REPRESENTATION_CONTEXT ( 3 ) GLOBAL_UNCERTAINTY_ASSIGNED_CONTEXT ( ( #2405 ) ) GLOBAL_UNIT_ASSIGNED_CONTEXT ( ( #4357, #2165, #351 ) ) REPRESENTATION_CONTEXT ( 'NONE', 'WORKASPACE' ) );
#2421 = COLOUR_RGB ( '',0.7529411764705882200, 0.7529411764705882200, 0.7529411764705882200 ) ;
#2422 = VECTOR ( 'NONE', #2221, 1000.000000000000100 ) ;
#2423 = PRESENTATION_LAYER_ASSIGNMENT (  '', '', ( #442 ) ) ;
#2424 = ORIENTED_EDGE ( 'NONE', *, *, #438, .F. ) ;
#2425 = CARTESIAN_POINT ( 'NONE',  ( -1.000000000000000000, 2.000000000000000000, 1.600000000000000100 ) ) ;
#2426 = VECTOR ( 'NONE', #3990, 1000.000000000000000 ) ;
#2427 = MECHANICAL_DESIGN_GEOMETRIC_PRESENTATION_REPRESENTATION (  '', ( #4632 ), #317 ) ;
#2428 = PLANE ( 'NONE',  #1420 ) ;
#2429 = EDGE_LOOP ( 'NONE', ( #2477, #1808, #2947, #503 ) ) ;
#2430 = CARTESIAN_POINT ( 'NONE',  ( -0.9000000000000001300, 0.07499999999999999700, 0.2000000000000000100 ) ) ;
#2431 = SURFACE_STYLE_USAGE ( .BOTH. , #3835 ) ;
#2432 = SURFACE_STYLE_USAGE ( .BOTH. , #1699 ) ;
#2433 = ORIENTED_EDGE ( 'NONE', *, *, #425, .F. ) ;
#2434 = PLANE ( 'NONE',  #2813 ) ;
#2435 = VERTEX_POINT ( 'NONE', #2304 ) ;
#2436 = DIRECTION ( 'NONE',  ( 0.0000000000000000000, -0.0000000000000000000, -1.000000000000000000 ) ) ;
#2437 = DIRECTION ( 'NONE',  ( -0.0000000000000000000, 0.0000000000000000000, -1.000000000000000000 ) ) ;
#2438 = EDGE_CURVE ( 'NONE', #1697, #3635, #143, .T. ) ;
#2439 = ORIENTED_EDGE ( 'NONE', *, *, #3350, .F. ) ;
#2440 = ORIENTED_EDGE ( 'NONE', *, *, #3983, .T. ) ;
#2441 = EDGE_CURVE ( 'NONE', #761, #2879, #2471, .T. ) ;
#2442 = LINE ( 'NONE', #4186, #1806 ) ;
#2443 = ORIENTED_EDGE ( 'NONE', *, *, #3037, .F. ) ;
#2444 = STYLED_ITEM ( 'NONE', ( #3371 ), #1117 ) ;
#2445 = DIRECTION ( 'NONE',  ( 0.0000000000000000000, 1.000000000000000000, 0.0000000000000000000 ) ) ;
#2446 =( LENGTH_UNIT ( ) NAMED_UNIT ( * ) SI_UNIT ( .MILLI., .METRE. ) );
#2447 = ORIENTED_EDGE ( 'NONE', *, *, #215, .F. ) ;
#2448 = UNCERTAINTY_MEASURE_WITH_UNIT (LENGTH_MEASURE( 1.000000000000000100E-005 ), #436, 'distance_accuracy_value', 'NONE');
#2449 = STYLED_ITEM ( 'NONE', ( #3574 ), #3053 ) ;
#2450 = DIRECTION ( 'NONE',  ( 0.0000000000000000000, 0.0000000000000000000, -1.000000000000000000 ) ) ;
#2451 = VECTOR ( 'NONE', #4393, 1000.000000000000000 ) ;
#2452 = SURFACE_STYLE_USAGE ( .BOTH. , #2834 ) ;
#2453 = MECHANICAL_DESIGN_GEOMETRIC_PRESENTATION_REPRESENTATION (  '', ( #2192 ), #1068 ) ;
#2454 = CARTESIAN_POINT ( 'NONE',  ( -1.800000000000000300, 1.000000000000000000, 0.2000000000000000100 ) ) ;
#2455 = ORIENTED_EDGE ( 'NONE', *, *, #797, .F. ) ;
#2456 = PLANE ( 'NONE',  #3829 ) ;
#2457 =( GEOMETRIC_REPRESENTATION_CONTEXT ( 3 ) GLOBAL_UNCERTAINTY_ASSIGNED_CONTEXT ( ( #1037 ) ) GLOBAL_UNIT_ASSIGNED_CONTEXT ( ( #3597, #306, #2861 ) ) REPRESENTATION_CONTEXT ( 'NONE', 'WORKASPACE' ) );
#2458 = DIRECTION ( 'NONE',  ( -0.0000000000000000000, 0.0000000000000000000, 1.000000000000000000 ) ) ;
#2459 = PRESENTATION_LAYER_ASSIGNMENT (  '', '', ( #2200 ) ) ;
#2460 = CARTESIAN_POINT ( 'NONE',  ( -2.000000000000000000, 1.125000000000000200, 0.2000000000000000100 ) ) ;
#2461 =( LENGTH_UNIT ( ) NAMED_UNIT ( * ) SI_UNIT ( .MILLI., .METRE. ) );
#2462 =( LENGTH_UNIT ( ) NAMED_UNIT ( * ) SI_UNIT ( .MILLI., .METRE. ) );
#2463 = DIRECTION ( 'NONE',  ( 0.0000000000000000000, -1.000000000000000000, -0.0000000000000000000 ) ) ;
#2464 = PRESENTATION_STYLE_ASSIGNMENT (( #640 ) ) ;
#2465 = CARTESIAN_POINT ( 'NONE',  ( -1.600000000000000100, 0.2500000000000000000, 0.0000000000000000000 ) ) ;
#2466 = FILL_AREA_STYLE ('',( #2125 ) ) ;
#2467 = FACE_OUTER_BOUND ( 'NONE', #2842, .T. ) ;
#2468 = EDGE_CURVE ( 'NONE', #1840, #4599, #3090, .T. ) ;
#2469 = CIRCLE ( 'NONE', #811, 0.2000000000000000900 ) ;
#2470 = DIRECTION ( 'NONE',  ( 1.000000000000000000, 0.0000000000000000000, -0.0000000000000000000 ) ) ;
#2471 = LINE ( 'NONE', #1649, #1391 ) ;
#2472 = CARTESIAN_POINT ( 'NONE',  ( 0.0000000000000000000, 0.8750000000000000000, 0.2000000000000000100 ) ) ;
#2473 = UNCERTAINTY_MEASURE_WITH_UNIT (LENGTH_MEASURE( 1.000000000000000100E-005 ), #659, 'distance_accuracy_value', 'NONE');
#2474 = ORIENTED_EDGE ( 'NONE', *, *, #4510, .T. ) ;
#2475 = SURFACE_STYLE_USAGE ( .BOTH. , #1424 ) ;
#2476 = PLANE ( 'NONE',  #2910 ) ;
#2477 = ORIENTED_EDGE ( 'NONE', *, *, #2795, .T. ) ;
#2478 = MECHANICAL_DESIGN_GEOMETRIC_PRESENTATION_REPRESENTATION (  '', ( #3617 ), #984 ) ;
#2479 = FILL_AREA_STYLE_COLOUR ( '', #3448 ) ;
#2480 = VECTOR ( 'NONE', #2798, 1000.000000000000000 ) ;
#2481 = FILL_AREA_STYLE_COLOUR ( '', #4578 ) ;
#2482 = DIRECTION ( 'NONE',  ( 0.0000000000000000000, -1.000000000000000000, 0.0000000000000000000 ) ) ;
#2483 = PRESENTATION_STYLE_ASSIGNMENT (( #2582 ) ) ;
#2484 = MECHANICAL_DESIGN_GEOMETRIC_PRESENTATION_REPRESENTATION (  '', ( #1657 ), #259 ) ;
#2485 = ORIENTED_EDGE ( 'NONE', *, *, #1306, .T. ) ;
#2486 = SURFACE_STYLE_FILL_AREA ( #4193 ) ;
#2487 = PRESENTATION_LAYER_ASSIGNMENT (  '', '', ( #3318 ) ) ;
#2488 = FACE_OUTER_BOUND ( 'NONE', #1628, .T. ) ;
#2489 = ORIENTED_EDGE ( 'NONE', *, *, #1534, .F. ) ;
#2490 = FILL_AREA_STYLE_COLOUR ( '', #199 ) ;
#2491 = MECHANICAL_DESIGN_GEOMETRIC_PRESENTATION_REPRESENTATION (  '', ( #3864 ), #1165 ) ;
#2492 = FACE_OUTER_BOUND ( 'NONE', #4559, .T. ) ;
#2493 = ORIENTED_EDGE ( 'NONE', *, *, #3380, .F. ) ;
#2494 = ORIENTED_EDGE ( 'NONE', *, *, #4525, .F. ) ;
#2495 = CARTESIAN_POINT ( 'NONE',  ( -1.399999999999999900, 0.0000000000000000000, 0.0000000000000000000 ) ) ;
#2496 = VECTOR ( 'NONE', #122, 1000.000000000000000 ) ;
#2497 = FILL_AREA_STYLE ('',( #2479 ) ) ;
#2498 = ORIENTED_EDGE ( 'NONE', *, *, #4031, .T. ) ;
#2499 = DIRECTION ( 'NONE',  ( 1.000000000000000000, 0.0000000000000000000, -0.0000000000000000000 ) ) ;
#2500 = LINE ( 'NONE', #2289, #1919 ) ;
#2501 = CARTESIAN_POINT ( 'NONE',  ( -1.399999999999999900, 1.800000000000000300, 0.2000000000000000100 ) ) ;
#2502 = ORIENTED_EDGE ( 'NONE', *, *, #121, .T. ) ;
#2503 = CARTESIAN_POINT ( 'NONE',  ( -1.600000000000000100, 0.2999999999999999900, 1.550000000000000300 ) ) ;
#2504 = VECTOR ( 'NONE', #1929, 1000.000000000000000 ) ;
#2505 = VERTEX_POINT ( 'NONE', #504 ) ;
#2506 = MECHANICAL_DESIGN_GEOMETRIC_PRESENTATION_REPRESENTATION (  '', ( #2101 ), #1212 ) ;
#2507 = EDGE_CURVE ( 'NONE', #2998, #4645, #1607, .T. ) ;
#2508 = ORIENTED_EDGE ( 'NONE', *, *, #3803, .F. ) ;
#2509 = CARTESIAN_POINT ( 'NONE',  ( -0.4000000000000000200, 0.1999999999999990100, 0.0000000000000000000 ) ) ;
#2510 =( NAMED_UNIT ( * ) PLANE_ANGLE_UNIT ( ) SI_UNIT ( $, .RADIAN. ) );
#2511 = CARTESIAN_POINT ( 'NONE',  ( -1.024999999999999900, 1.850000000000000100, 0.2000000000000000100 ) ) ;
#2512 = STYLED_ITEM ( 'NONE', ( #2972 ), #406 ) ;
#2513 = FILL_AREA_STYLE ('',( #2140 ) ) ;
#2514 = DIRECTION ( 'NONE',  ( -0.0000000000000000000, 0.0000000000000000000, 1.000000000000000000 ) ) ;
#2515 =( GEOMETRIC_REPRESENTATION_CONTEXT ( 3 ) GLOBAL_UNCERTAINTY_ASSIGNED_CONTEXT ( ( #3619 ) ) GLOBAL_UNIT_ASSIGNED_CONTEXT ( ( #983, #1760, #3603 ) ) REPRESENTATION_CONTEXT ( 'NONE', 'WORKASPACE' ) );
#2516 = LINE ( 'NONE', #3328, #4054 ) ;
#2517 = PRESENTATION_STYLE_ASSIGNMENT (( #2962 ) ) ;
#2518 = VECTOR ( 'NONE', #3732, 1000.000000000000000 ) ;
#2519 = CARTESIAN_POINT ( 'NONE',  ( -1.000000000000000000, 1.000000000000000000, 0.0000000000000000000 ) ) ;
#2520 = VECTOR ( 'NONE', #1042, 1000.000000000000000 ) ;
#2521 = DIRECTION ( 'NONE',  ( 1.000000000000000000, 0.0000000000000000000, -0.0000000000000000000 ) ) ;
#2522 = CARTESIAN_POINT ( 'NONE',  ( -0.6500000000000001300, 2.000000000000000000, 0.0000000000000000000 ) ) ;
#2523 = EDGE_LOOP ( 'NONE', ( #168, #1343, #3198, #4662, #3782, #3058, #1636, #3385, #2440, #1251, #4388, #2365 ) ) ;
#2524 =( NAMED_UNIT ( * ) SI_UNIT ( $, .STERADIAN. ) SOLID_ANGLE_UNIT ( ) );
#2525 = DIRECTION ( 'NONE',  ( -1.000000000000000000, 0.0000000000000000000, -0.0000000000000000000 ) ) ;
#2526 = UNCERTAINTY_MEASURE_WITH_UNIT (LENGTH_MEASURE( 1.000000000000000100E-005 ), #4652, 'distance_accuracy_value', 'NONE');
#2527 = COLOUR_RGB ( '',0.7529411764705882200, 0.7529411764705882200, 0.7529411764705882200 ) ;
#2528 = DIRECTION ( 'NONE',  ( 1.000000000000000000, 0.0000000000000000000, 0.0000000000000000000 ) ) ;
#2529 = ORIENTED_EDGE ( 'NONE', *, *, #4181, .F. ) ;
#2530 = EDGE_CURVE ( 'NONE', #3359, #1340, #3896, .T. ) ;
#2531 = VECTOR ( 'NONE', #1115, 1000.000000000000000 ) ;
#2532 = VERTEX_POINT ( 'NONE', #3449 ) ;
#2533 = PRESENTATION_LAYER_ASSIGNMENT (  '', '', ( #1653 ) ) ;
#2534 = FILL_AREA_STYLE_COLOUR ( '', #147 ) ;
#2535 = VECTOR ( 'NONE', #4336, 1000.000000000000000 ) ;
#2536 = LINE ( 'NONE', #3660, #4265 ) ;
#2537 = EDGE_CURVE ( 'NONE', #3912, #509, #3440, .T. ) ;
#2538 = EDGE_CURVE ( 'NONE', #3842, #3727, #691, .T. ) ;
#2539 = ORIENTED_EDGE ( 'NONE', *, *, #110, .T. ) ;
#2540 = DIRECTION ( 'NONE',  ( 0.0000000000000000000, -0.0000000000000000000, -1.000000000000000000 ) ) ;
#2541 = PRESENTATION_LAYER_ASSIGNMENT (  '', '', ( #2139 ) ) ;
#2542 = CARTESIAN_POINT ( 'NONE',  ( -0.4000000000000000200, 0.07499999999999999700, 0.0000000000000000000 ) ) ;
#2543 = EDGE_LOOP ( 'NONE', ( #2950, #3978, #1850, #1781 ) ) ;
#2544 = ORIENTED_EDGE ( 'NONE', *, *, #3748, .F. ) ;
#2545 = VECTOR ( 'NONE', #1889, 1000.000000000000000 ) ;
#2546 = ORIENTED_EDGE ( 'NONE', *, *, #830, .T. ) ;
#2547 = VERTEX_POINT ( 'NONE', #191 ) ;
#2548 = FILL_AREA_STYLE_COLOUR ( '', #3717 ) ;
#2549 = ORIENTED_EDGE ( 'NONE', *, *, #133, .F. ) ;
#2550 = DIRECTION ( 'NONE',  ( -1.000000000000000000, -0.0000000000000000000, 0.0000000000000000000 ) ) ;
#2551 = CARTESIAN_POINT ( 'NONE',  ( -0.9000000000000001300, 1.850000000000000100, 0.2000000000000000100 ) ) ;
#2552 = SURFACE_STYLE_FILL_AREA ( #1895 ) ;
#2553 = SURFACE_SIDE_STYLE ('',( #3736 ) ) ;
#2554 = EDGE_CURVE ( 'NONE', #1097, #3474, #356, .T. ) ;
#2555 = UNCERTAINTY_MEASURE_WITH_UNIT (LENGTH_MEASURE( 1.000000000000000100E-005 ), #2354, 'distance_accuracy_value', 'NONE');
#2556 = EDGE_LOOP ( 'NONE', ( #2447, #3722, #3465, #3590 ) ) ;
#2557 =( NAMED_UNIT ( * ) SI_UNIT ( $, .STERADIAN. ) SOLID_ANGLE_UNIT ( ) );
#2558 = DIRECTION ( 'NONE',  ( -0.0000000000000000000, 0.0000000000000000000, -1.000000000000000000 ) ) ;
#2559 = LINE ( 'NONE', #4118, #2960 ) ;
#2560 = STYLED_ITEM ( 'NONE', ( #2483 ), #1719 ) ;
#2561 = VERTEX_POINT ( 'NONE', #907 ) ;
#2562 = DIRECTION ( 'NONE',  ( 1.000000000000000000, 0.0000000000000000000, 0.0000000000000000000 ) ) ;
#2563 = PRESENTATION_STYLE_ASSIGNMENT (( #2012 ) ) ;
#2564 = EDGE_CURVE ( 'NONE', #3963, #1097, #1210, .T. ) ;
#2565 = LINE ( 'NONE', #4654, #12 ) ;
#2566 = DIRECTION ( 'NONE',  ( 0.0000000000000000000, 1.000000000000000000, -0.0000000000000000000 ) ) ;
#2567 = PRESENTATION_LAYER_ASSIGNMENT (  '', '', ( #283 ) ) ;
#2568 =( LENGTH_UNIT ( ) NAMED_UNIT ( * ) SI_UNIT ( .MILLI., .METRE. ) );
#2569 = FACE_OUTER_BOUND ( 'NONE', #4719, .T. ) ;
#2570 = CARTESIAN_POINT ( 'NONE',  ( -0.9000000000000001300, 1.850000000000000100, 0.2000000000000000100 ) ) ;
#2571 = DIRECTION ( 'NONE',  ( -0.0000000000000000000, -1.000000000000000000, -0.0000000000000000000 ) ) ;
#2572 = FACE_OUTER_BOUND ( 'NONE', #4683, .T. ) ;
#2573 =( GEOMETRIC_REPRESENTATION_CONTEXT ( 3 ) GLOBAL_UNCERTAINTY_ASSIGNED_CONTEXT ( ( #2943 ) ) GLOBAL_UNIT_ASSIGNED_CONTEXT ( ( #2171, #2885, #2557 ) ) REPRESENTATION_CONTEXT ( 'NONE', 'WORKASPACE' ) );
#2574 = CARTESIAN_POINT ( 'NONE',  ( -1.600000000000000100, 2.000000000000000000, 0.0000000000000000000 ) ) ;
#2575 = LINE ( 'NONE', #1633, #2061 ) ;
#2576 = MECHANICAL_DESIGN_GEOMETRIC_PRESENTATION_REPRESENTATION (  '', ( #2088 ), #289 ) ;
#2577 = ADVANCED_FACE ( 'NONE', ( #2347 ), #873, .T. ) ;
#2578 = FILL_AREA_STYLE ('',( #767 ) ) ;
#2579 = COLOUR_RGB ( '',0.7529411764705882200, 0.7529411764705882200, 0.7529411764705882200 ) ;
#2580 = CARTESIAN_POINT ( 'NONE',  ( -0.9000000000000001300, 0.1499999999999999900, 0.2000000000000000100 ) ) ;
#2581 = ORIENTED_EDGE ( 'NONE', *, *, #3138, .F. ) ;
#2582 = SURFACE_STYLE_USAGE ( .BOTH. , #4445 ) ;
#2583 = DIRECTION ( 'NONE',  ( -0.0000000000000000000, -1.000000000000000000, -0.0000000000000000000 ) ) ;
#2584 = DIRECTION ( 'NONE',  ( 0.0000000000000000000, -0.0000000000000000000, 1.000000000000000000 ) ) ;
#2585 = UNCERTAINTY_MEASURE_WITH_UNIT (LENGTH_MEASURE( 1.000000000000000100E-005 ), #4115, 'distance_accuracy_value', 'NONE');
#2586 = LINE ( 'NONE', #3136, #630 ) ;
#2587 = VERTEX_POINT ( 'NONE', #3818 ) ;
#2588 = DIRECTION ( 'NONE',  ( -1.000000000000000000, -0.0000000000000000000, 0.0000000000000000000 ) ) ;
#2589 =( GEOMETRIC_REPRESENTATION_CONTEXT ( 3 ) GLOBAL_UNCERTAINTY_ASSIGNED_CONTEXT ( ( #2 ) ) GLOBAL_UNIT_ASSIGNED_CONTEXT ( ( #2275, #2308, #3388 ) ) REPRESENTATION_CONTEXT ( 'NONE', 'WORKASPACE' ) );
#2590 = ORIENTED_EDGE ( 'NONE', *, *, #3148, .T. ) ;
#2591 = STYLED_ITEM ( 'NONE', ( #741 ), #3329 ) ;
#2592 = VECTOR ( 'NONE', #2525, 1000.000000000000000 ) ;
#2593 = PLANE ( 'NONE',  #2888 ) ;
#2594 = ORIENTED_EDGE ( 'NONE', *, *, #3577, .F. ) ;
#2595 = ORIENTED_EDGE ( 'NONE', *, *, #3246, .T. ) ;
#2596 = STYLED_ITEM ( 'NONE', ( #4526 ), #2620 ) ;
#2597 = FILL_AREA_STYLE_COLOUR ( '', #4456 ) ;
#2598 = AXIS2_PLACEMENT_3D ( 'NONE', #3561, #1380, #3580 ) ;
#2599 = ORIENTED_EDGE ( 'NONE', *, *, #4359, .F. ) ;
#2600 = VERTEX_POINT ( 'NONE', #2040 ) ;
#2601 = DIRECTION ( 'NONE',  ( -1.000000000000000000, 0.0000000000000000000, -0.0000000000000000000 ) ) ;
#2602 = DIRECTION ( 'NONE',  ( 0.0000000000000000000, -1.000000000000000000, 0.0000000000000000000 ) ) ;
#2603 = PRESENTATION_LAYER_ASSIGNMENT (  '', '', ( #3919 ) ) ;
#2604 = FILL_AREA_STYLE_COLOUR ( '', #4134 ) ;
#2605 = EDGE_LOOP ( 'NONE', ( #581, #1809, #2126, #2549 ) ) ;
#2606 = PRESENTATION_STYLE_ASSIGNMENT (( #4296 ) ) ;
#2607 = ORIENTED_EDGE ( 'NONE', *, *, #2907, .T. ) ;
#2608 = DIRECTION ( 'NONE',  ( 0.0000000000000000000, -0.0000000000000000000, 1.000000000000000000 ) ) ;
#2609 = EDGE_CURVE ( 'NONE', #1891, #1340, #3779, .T. ) ;
#2610 = UNCERTAINTY_MEASURE_WITH_UNIT (LENGTH_MEASURE( 1.000000000000000100E-005 ), #4382, 'distance_accuracy_value', 'NONE');
#2611 = ORIENTED_EDGE ( 'NONE', *, *, #1639, .T. ) ;
#2612 = PLANE ( 'NONE',  #4062 ) ;
#2613 = PLANE ( 'NONE',  #3309 ) ;
#2614 = CARTESIAN_POINT ( 'NONE',  ( -0.6500000000000001300, 0.1499999999999999900, 0.2000000000000000100 ) ) ;
#2615 = CARTESIAN_POINT ( 'NONE',  ( -0.4000000000000000200, 1.850000000000000100, 0.2000000000000000100 ) ) ;
#2616 = VERTEX_POINT ( 'NONE', #223 ) ;
#2617 = SURFACE_STYLE_USAGE ( .BOTH. , #4410 ) ;
#2618 = SURFACE_STYLE_FILL_AREA ( #950 ) ;
#2619 = LINE ( 'NONE', #1410, #3365 ) ;
#2620 = ADVANCED_FACE ( 'NONE', ( #1724 ), #4243, .F. ) ;
#2621 = FILL_AREA_STYLE_COLOUR ( '', #4349 ) ;
#2622 = PRESENTATION_LAYER_ASSIGNMENT (  '', '', ( #2217 ) ) ;
#2623 = LINE ( 'NONE', #735, #676 ) ;
#2624 = VECTOR ( 'NONE', #1980, 1000.000000000000000 ) ;
#2625 = FACE_OUTER_BOUND ( 'NONE', #2191, .T. ) ;
#2626 =( LENGTH_UNIT ( ) NAMED_UNIT ( * ) SI_UNIT ( .MILLI., .METRE. ) );
#2627 = STYLED_ITEM ( 'NONE', ( #4459 ), #3704 ) ;
#2628 = DIRECTION ( 'NONE',  ( 1.000000000000000000, 0.0000000000000000000, -0.0000000000000000000 ) ) ;
#2629 = LINE ( 'NONE', #41, #2341 ) ;
#2630 = SURFACE_SIDE_STYLE ('',( #1827 ) ) ;
#2631 =( LENGTH_UNIT ( ) NAMED_UNIT ( * ) SI_UNIT ( .MILLI., .METRE. ) );
#2632 = LINE ( 'NONE', #1084, #2520 ) ;
#2633 =( LENGTH_UNIT ( ) NAMED_UNIT ( * ) SI_UNIT ( .MILLI., .METRE. ) );
#2634 = DIRECTION ( 'NONE',  ( 0.0000000000000000000, 0.0000000000000000000, 1.000000000000000000 ) ) ;
#2635 = SURFACE_STYLE_FILL_AREA ( #992 ) ;
#2636 = ORIENTED_EDGE ( 'NONE', *, *, #4556, .F. ) ;
#2637 =( LENGTH_UNIT ( ) NAMED_UNIT ( * ) SI_UNIT ( .MILLI., .METRE. ) );
#2638 = VERTEX_POINT ( 'NONE', #3165 ) ;
#2639 = EDGE_CURVE ( 'NONE', #2143, #4539, #4355, .T. ) ;
#2640 = LINE ( 'NONE', #603, #2480 ) ;
#2641 = DIRECTION ( 'NONE',  ( -0.0000000000000000000, 0.0000000000000000000, -1.000000000000000000 ) ) ;
#2642 = LINE ( 'NONE', #3398, #1677 ) ;
#2643 = CARTESIAN_POINT ( 'NONE',  ( -0.8000000000000000400, 1.000000000000000000, 0.0000000000000000000 ) ) ;
#2644 = VERTEX_POINT ( 'NONE', #3145 ) ;
#2645 = ADVANCED_FACE ( 'NONE', ( #3499 ), #4619, .F. ) ;
#2646 = DIRECTION ( 'NONE',  ( -0.0000000000000000000, 0.0000000000000000000, 1.000000000000000000 ) ) ;
#2647 = SURFACE_SIDE_STYLE ('',( #2552 ) ) ;
#2648 = PRESENTATION_STYLE_ASSIGNMENT (( #33 ) ) ;
#2649 = CARTESIAN_POINT ( 'NONE',  ( -1.725000000000000100, 1.600000000000000100, 0.2000000000000000100 ) ) ;
#2650 = CARTESIAN_POINT ( 'NONE',  ( -1.399999999999999900, 2.000000000000000000, 0.2000000000000000100 ) ) ;
#2651 = FILL_AREA_STYLE ('',( #1545 ) ) ;
#2652 = ORIENTED_EDGE ( 'NONE', *, *, #1458, .T. ) ;
#2653 =( GEOMETRIC_REPRESENTATION_CONTEXT ( 3 ) GLOBAL_UNCERTAINTY_ASSIGNED_CONTEXT ( ( #1243 ) ) GLOBAL_UNIT_ASSIGNED_CONTEXT ( ( #2568, #3314, #325 ) ) REPRESENTATION_CONTEXT ( 'NONE', 'WORKASPACE' ) );
#2654 = SURFACE_STYLE_FILL_AREA ( #3501 ) ;
#2655 = EDGE_LOOP ( 'NONE', ( #2847, #102, #1164, #1003 ) ) ;
#2656 = EDGE_CURVE ( 'NONE', #214, #3288, #1605, .T. ) ;
#2657 = ORIENTED_EDGE ( 'NONE', *, *, #2987, .T. ) ;
#2658 = SURFACE_STYLE_USAGE ( .BOTH. , #452 ) ;
#2659 = LINE ( 'NONE', #2731, #712 ) ;
#2660 = ORIENTED_EDGE ( 'NONE', *, *, #91, .F. ) ;
#2661 =( GEOMETRIC_REPRESENTATION_CONTEXT ( 3 ) GLOBAL_UNCERTAINTY_ASSIGNED_CONTEXT ( ( #1618 ) ) GLOBAL_UNIT_ASSIGNED_CONTEXT ( ( #975, #1346, #251 ) ) REPRESENTATION_CONTEXT ( 'NONE', 'WORKASPACE' ) );
#2662 = DIRECTION ( 'NONE',  ( -0.0000000000000000000, 0.0000000000000000000, 1.000000000000000000 ) ) ;
#2663 = PRESENTATION_STYLE_ASSIGNMENT (( #923 ) ) ;
#2664 = AXIS2_PLACEMENT_3D ( 'NONE', #209, #962, #1650 ) ;
#2665 =( NAMED_UNIT ( * ) SI_UNIT ( $, .STERADIAN. ) SOLID_ANGLE_UNIT ( ) );
#2666 = ORIENTED_EDGE ( 'NONE', *, *, #1083, .F. ) ;
#2667 = FILL_AREA_STYLE_COLOUR ( '', #957 ) ;
#2668 = PRESENTATION_STYLE_ASSIGNMENT (( #3028 ) ) ;
#2669 =( NAMED_UNIT ( * ) SI_UNIT ( $, .STERADIAN. ) SOLID_ANGLE_UNIT ( ) );
#2670 = CARTESIAN_POINT ( 'NONE',  ( -1.399999999999999900, 0.0000000000000000000, 0.0000000000000000000 ) ) ;
#2671 = ORIENTED_EDGE ( 'NONE', *, *, #4622, .F. ) ;
#2672 = LINE ( 'NONE', #48, #777 ) ;
#2673 = ADVANCED_FACE ( 'NONE', ( #138 ), #3199, .F. ) ;
#2674 = UNCERTAINTY_MEASURE_WITH_UNIT (LENGTH_MEASURE( 1.000000000000000100E-005 ), #3814, 'distance_accuracy_value', 'NONE');
#2675 = ORIENTED_EDGE ( 'NONE', *, *, #3578, .F. ) ;
#2676 = SURFACE_SIDE_STYLE ('',( #1082 ) ) ;
#2677 = ADVANCED_FACE ( 'NONE', ( #685 ), #4716, .F. ) ;
#2678 = SURFACE_SIDE_STYLE ('',( #2001 ) ) ;
#2679 = ORIENTED_EDGE ( 'NONE', *, *, #4251, .F. ) ;
#2680 = LINE ( 'NONE', #3851, #2159 ) ;
#2681 =( NAMED_UNIT ( * ) SI_UNIT ( $, .STERADIAN. ) SOLID_ANGLE_UNIT ( ) );
#2682 = SURFACE_STYLE_FILL_AREA ( #4592 ) ;
#2683 = FILL_AREA_STYLE_COLOUR ( '', #4387 ) ;
#2684 = STYLED_ITEM ( 'NONE', ( #2563 ), #1294 ) ;
#2685 = FILL_AREA_STYLE ('',( #150 ) ) ;
#2686 = CARTESIAN_POINT ( 'NONE',  ( -1.600000000000000100, 0.8750000000000000000, 0.2000000000000000100 ) ) ;
#2687 = EDGE_CURVE ( 'NONE', #2017, #2998, #82, .T. ) ;
#2688 = PLANE ( 'NONE',  #2185 ) ;
#2689 = COLOUR_RGB ( '',0.2509803921568627400, 0.2509803921568627400, 0.2509803921568627400 ) ;
#2690 = VECTOR ( 'NONE', #3500, 1000.000000000000000 ) ;
#2691 = AXIS2_PLACEMENT_3D ( 'NONE', #1276, #885, #3105 ) ;
#2692 = PRESENTATION_LAYER_ASSIGNMENT (  '', '', ( #4653 ) ) ;
#2693 = LINE ( 'NONE', #1674, #1881 ) ;
#2694 = DIRECTION ( 'NONE',  ( -0.0000000000000000000, 0.0000000000000000000, 1.000000000000000000 ) ) ;
#2695 = MECHANICAL_DESIGN_GEOMETRIC_PRESENTATION_REPRESENTATION (  '', ( #1717 ), #3084 ) ;
#2696 = LINE ( 'NONE', #4274, #1090 ) ;
#2697 = SURFACE_STYLE_USAGE ( .BOTH. , #4183 ) ;
#2698 = ORIENTED_EDGE ( 'NONE', *, *, #2274, .T. ) ;
#2699 = PRESENTATION_LAYER_ASSIGNMENT (  '', '', ( #4270 ) ) ;
#2700 = FILL_AREA_STYLE_COLOUR ( '', #2579 ) ;
#2701 =( LENGTH_UNIT ( ) NAMED_UNIT ( * ) SI_UNIT ( .MILLI., .METRE. ) );
#2702 = FILL_AREA_STYLE_COLOUR ( '', #1123 ) ;
#2703 = LINE ( 'NONE', #175, #84 ) ;
#2704 = ORIENTED_EDGE ( 'NONE', *, *, #2753, .F. ) ;
#2705 = CARTESIAN_POINT ( 'NONE',  ( -0.6500000000000001300, 0.0000000000000000000, 0.2000000000000000100 ) ) ;
#2706 =( NAMED_UNIT ( * ) SI_UNIT ( $, .STERADIAN. ) SOLID_ANGLE_UNIT ( ) );
#2707 = ADVANCED_FACE ( 'NONE', ( #3551 ), #2476, .F. ) ;
#2708 =( NAMED_UNIT ( * ) PLANE_ANGLE_UNIT ( ) SI_UNIT ( $, .RADIAN. ) );
#2709 = FILL_AREA_STYLE ('',( #894 ) ) ;
#2710 = ORIENTED_EDGE ( 'NONE', *, *, #3504, .F. ) ;
#2711 = VERTEX_POINT ( 'NONE', #4303 ) ;
#2712 = EDGE_CURVE ( 'NONE', #3308, #954, #1546, .T. ) ;
#2713 =( LENGTH_UNIT ( ) NAMED_UNIT ( * ) SI_UNIT ( .MILLI., .METRE. ) );
#2714 = FACE_OUTER_BOUND ( 'NONE', #633, .T. ) ;
#2715 = ORIENTED_EDGE ( 'NONE', *, *, #548, .F. ) ;
#2716 = VERTEX_POINT ( 'NONE', #3615 ) ;
#2717 =( LENGTH_UNIT ( ) NAMED_UNIT ( * ) SI_UNIT ( .MILLI., .METRE. ) );
#2718 =( LENGTH_UNIT ( ) NAMED_UNIT ( * ) SI_UNIT ( .MILLI., .METRE. ) );
#2719 = CARTESIAN_POINT ( 'NONE',  ( -0.8000000000000000400, 0.8750000000000000000, 0.2000000000000000100 ) ) ;
#2720 = ORIENTED_EDGE ( 'NONE', *, *, #3774, .T. ) ;
#2721 = EDGE_LOOP ( 'NONE', ( #1406, #3190, #1972, #3424 ) ) ;
#2722 = STYLED_ITEM ( 'NONE', ( #3505 ), #1880 ) ;
#2723 = DIRECTION ( 'NONE',  ( -1.000000000000000000, 0.0000000000000000000, -0.0000000000000000000 ) ) ;
#2724 = CARTESIAN_POINT ( 'NONE',  ( -1.399999999999999900, 2.000000000000000000, 0.0000000000000000000 ) ) ;
#2725 = PRESENTATION_STYLE_ASSIGNMENT (( #427 ) ) ;
#2726 = ADVANCED_FACE ( 'NONE', ( #4353 ), #1756, .T. ) ;
#2727 = STYLED_ITEM ( 'NONE', ( #4579 ), #130 ) ;
#2728 = ORIENTED_EDGE ( 'NONE', *, *, #1571, .T. ) ;
#2729 = LINE ( 'NONE', #331, #3123 ) ;
#2730 = ORIENTED_EDGE ( 'NONE', *, *, #3120, .F. ) ;
#2731 = CARTESIAN_POINT ( 'NONE',  ( -1.000000000000000000, 0.3999999999999999700, 0.0000000000000000000 ) ) ;
#2732 = PRESENTATION_LAYER_ASSIGNMENT (  '', '', ( #4137 ) ) ;
#2733 = VECTOR ( 'NONE', #77, 1000.000000000000000 ) ;
#2734 =( NAMED_UNIT ( * ) SI_UNIT ( $, .STERADIAN. ) SOLID_ANGLE_UNIT ( ) );
#2735 = CARTESIAN_POINT ( 'NONE',  ( -1.725000000000000100, 1.800000000000000300, 0.2000000000000000100 ) ) ;
#2736 = ORIENTED_EDGE ( 'NONE', *, *, #2898, .F. ) ;
#2737 = AXIS2_PLACEMENT_3D ( 'NONE', #3815, #4503, #4551 ) ;
#2738 = CARTESIAN_POINT ( 'NONE',  ( -2.000000000000000000, 1.125000000000000200, 0.0000000000000000000 ) ) ;
#2739 = CARTESIAN_POINT ( 'NONE',  ( -1.000000000000000000, 2.000000000000000000, 0.0000000000000000000 ) ) ;
#2740 = LINE ( 'NONE', #3534, #333 ) ;
#2741 = DIRECTION ( 'NONE',  ( 0.0000000000000000000, 1.000000000000000000, 0.0000000000000000000 ) ) ;
#2742 = DIRECTION ( 'NONE',  ( -1.000000000000000000, -0.0000000000000000000, 0.0000000000000000000 ) ) ;
#2743 = FILL_AREA_STYLE ('',( #3081 ) ) ;
#2744 = PRESENTATION_STYLE_ASSIGNMENT (( #3149 ) ) ;
#2745 = PRESENTATION_STYLE_ASSIGNMENT (( #2418 ) ) ;
#2746 = PRESENTATION_STYLE_ASSIGNMENT (( #4453 ) ) ;
#2747 = VECTOR ( 'NONE', #4131, 1000.000000000000000 ) ;
#2748 = CARTESIAN_POINT ( 'NONE',  ( -1.399999999999999900, 0.2000000000000000100, 0.2000000000000000100 ) ) ;
#2749 = PRESENTATION_LAYER_ASSIGNMENT (  '', '', ( #3333 ) ) ;
#2750 = PLANE ( 'NONE',  #1445 ) ;
#2751 = DIRECTION ( 'NONE',  ( 0.0000000000000000000, -0.0000000000000000000, 1.000000000000000000 ) ) ;
#2752 = CARTESIAN_POINT ( 'NONE',  ( -0.8000000000000000400, 1.125000000000000200, 0.2000000000000000100 ) ) ;
#2753 = EDGE_CURVE ( 'NONE', #2890, #3346, #4245, .T. ) ;
#2754 = SURFACE_STYLE_FILL_AREA ( #2651 ) ;
#2755 = DIRECTION ( 'NONE',  ( 0.0000000000000000000, 0.0000000000000000000, -1.000000000000000000 ) ) ;
#2756 = LINE ( 'NONE', #4480, #1437 ) ;
#2757 = DIRECTION ( 'NONE',  ( -0.0000000000000000000, 0.0000000000000000000, 1.000000000000000000 ) ) ;
#2758 =( GEOMETRIC_REPRESENTATION_CONTEXT ( 3 ) GLOBAL_UNCERTAINTY_ASSIGNED_CONTEXT ( ( #3467 ) ) GLOBAL_UNIT_ASSIGNED_CONTEXT ( ( #2626, #1146, #4079 ) ) REPRESENTATION_CONTEXT ( 'NONE', 'WORKASPACE' ) );
#2759 = VERTEX_POINT ( 'NONE', #1470 ) ;
#2760 = MECHANICAL_DESIGN_GEOMETRIC_PRESENTATION_REPRESENTATION (  '', ( #2512 ), #3673 ) ;
#2761 = DIRECTION ( 'NONE',  ( 0.0000000000000000000, 1.000000000000000000, 0.0000000000000000000 ) ) ;
#2762 = AXIS2_PLACEMENT_3D ( 'NONE', #1309, #4048, #3555 ) ;
#2763 = ORIENTED_EDGE ( 'NONE', *, *, #3301, .T. ) ;
#2764 = DIRECTION ( 'NONE',  ( 1.000000000000000000, 0.0000000000000000000, 0.0000000000000000000 ) ) ;
#2765 = SURFACE_STYLE_USAGE ( .BOTH. , #1629 ) ;
#2766 = DIRECTION ( 'NONE',  ( -0.0000000000000000000, 1.000000000000000000, 0.0000000000000000000 ) ) ;
#2767 = UNCERTAINTY_MEASURE_WITH_UNIT (LENGTH_MEASURE( 1.000000000000000100E-005 ), #4396, 'distance_accuracy_value', 'NONE');
#2768 = VECTOR ( 'NONE', #4159, 1000.000000000000000 ) ;
#2769 = PLANE ( 'NONE',  #1291 ) ;
#2770 = ORIENTED_EDGE ( 'NONE', *, *, #4223, .T. ) ;
#2771 = CARTESIAN_POINT ( 'NONE',  ( -0.8000000000000000400, 0.8750000000000000000, 0.0000000000000000000 ) ) ;
#2772 = LINE ( 'NONE', #742, #1286 ) ;
#2773 = SURFACE_STYLE_USAGE ( .BOTH. , #227 ) ;
#2774 = FILL_AREA_STYLE_COLOUR ( '', #2329 ) ;
#2775 = PRESENTATION_STYLE_ASSIGNMENT (( #2896 ) ) ;
#2776 = ORIENTED_EDGE ( 'NONE', *, *, #4112, .F. ) ;
#2777 = PRODUCT ( 'MPM3811GG', 'MPM3811GG', '', ( #34 ) ) ;
#2778 = ORIENTED_EDGE ( 'NONE', *, *, #2103, .T. ) ;
#2779 = VERTEX_POINT ( 'NONE', #711 ) ;
#2780 = FILL_AREA_STYLE ('',( #3776 ) ) ;
#2781 = PRESENTATION_LAYER_ASSIGNMENT (  '', '', ( #3008 ) ) ;
#2782 = FILL_AREA_STYLE_COLOUR ( '', #3667 ) ;
#2783 = CARTESIAN_POINT ( 'NONE',  ( -0.8000000000000000400, 1.000000000000000000, 0.2000000000000000100 ) ) ;
#2784 = EDGE_LOOP ( 'NONE', ( #766, #1853, #3682, #431 ) ) ;
#2785 = EDGE_CURVE ( 'NONE', #3238, #3798, #3024, .T. ) ;
#2786 = CARTESIAN_POINT ( 'NONE',  ( -1.399999999999999900, 0.0000000000000000000, 0.0000000000000000000 ) ) ;
#2787 = DIRECTION ( 'NONE',  ( -0.0000000000000000000, -1.000000000000000000, 0.0000000000000000000 ) ) ;
#2788 = LINE ( 'NONE', #2006, #2148 ) ;
#2789 = SURFACE_STYLE_USAGE ( .BOTH. , #237 ) ;
#2790 = ORIENTED_EDGE ( 'NONE', *, *, #2180, .F. ) ;
#2791 = DIRECTION ( 'NONE',  ( -0.0000000000000000000, -1.000000000000000000, -0.0000000000000000000 ) ) ;
#2792 = DIRECTION ( 'NONE',  ( -0.0000000000000000000, -1.000000000000000000, -0.0000000000000000000 ) ) ;
#2793 =( NAMED_UNIT ( * ) PLANE_ANGLE_UNIT ( ) SI_UNIT ( $, .RADIAN. ) );
#2794 = VECTOR ( 'NONE', #517, 1000.000000000000000 ) ;
#2795 = EDGE_CURVE ( 'NONE', #2257, #600, #1087, .T. ) ;
#2796 = ORIENTED_EDGE ( 'NONE', *, *, #2411, .T. ) ;
#2797 = VECTOR ( 'NONE', #717, 1000.000000000000000 ) ;
#2798 = DIRECTION ( 'NONE',  ( -0.0000000000000000000, -1.000000000000000000, 0.0000000000000000000 ) ) ;
#2799 = CARTESIAN_POINT ( 'NONE',  ( -1.850000000000000100, 2.000000000000000000, 0.2000000000000000100 ) ) ;
#2800 = PRESENTATION_STYLE_ASSIGNMENT (( #310 ) ) ;
#2801 = UNCERTAINTY_MEASURE_WITH_UNIT (LENGTH_MEASURE( 1.000000000000000100E-005 ), #3726, 'distance_accuracy_value', 'NONE');
#2802 = FILL_AREA_STYLE_COLOUR ( '', #3263 ) ;
#2803 = COLOUR_RGB ( '',0.7529411764705882200, 0.7529411764705882200, 0.7529411764705882200 ) ;
#2804 = DIRECTION ( 'NONE',  ( -1.000000000000000000, 0.0000000000000000000, -0.0000000000000000000 ) ) ;
#2805 = LINE ( 'NONE', #2032, #4233 ) ;
#2806 = DIRECTION ( 'NONE',  ( 0.0000000000000000000, 0.0000000000000000000, -1.000000000000000000 ) ) ;
#2807 = COLOUR_RGB ( '',0.7529411764705882200, 0.7529411764705882200, 0.7529411764705882200 ) ;
#2808 = EDGE_CURVE ( 'NONE', #2039, #3842, #1266, .T. ) ;
#2809 = DIRECTION ( 'NONE',  ( -0.0000000000000000000, 0.0000000000000000000, 1.000000000000000000 ) ) ;
#2810 = LINE ( 'NONE', #2288, #4580 ) ;
#2811 = PLANE ( 'NONE',  #3554 ) ;
#2812 = VECTOR ( 'NONE', #1720, 1000.000000000000000 ) ;
#2813 = AXIS2_PLACEMENT_3D ( 'NONE', #638, #3939, #4261 ) ;
#2814 =( NAMED_UNIT ( * ) SI_UNIT ( $, .STERADIAN. ) SOLID_ANGLE_UNIT ( ) );
#2815 = EDGE_CURVE ( 'NONE', #2838, #2349, #3435, .T. ) ;
#2816 =( LENGTH_UNIT ( ) NAMED_UNIT ( * ) SI_UNIT ( .MILLI., .METRE. ) );
#2817 = VECTOR ( 'NONE', #943, 1000.000000000000000 ) ;
#2818 = SURFACE_SIDE_STYLE ('',( #3265 ) ) ;
#2819 = CARTESIAN_POINT ( 'NONE',  ( -1.149999999999999900, 1.000000000000000000, 0.0000000000000000000 ) ) ;
#2820 = ORIENTED_EDGE ( 'NONE', *, *, #1795, .T. ) ;
#2821 = PRESENTATION_LAYER_ASSIGNMENT (  '', '', ( #2449 ) ) ;
#2822 = AXIS2_PLACEMENT_3D ( 'NONE', #1908, #4097, #2641 ) ;
#2823 = DIRECTION ( 'NONE',  ( 0.0000000000000000000, -0.0000000000000000000, -1.000000000000000000 ) ) ;
#2824 = AXIS2_PLACEMENT_3D ( 'NONE', #4237, #3057, #1990 ) ;
#2825 = ORIENTED_EDGE ( 'NONE', *, *, #4714, .F. ) ;
#2826 = CARTESIAN_POINT ( 'NONE',  ( -1.850000000000000100, 1.000000000000000000, 0.0000000000000000000 ) ) ;
#2827 = VECTOR ( 'NONE', #3222, 1000.000000000000000 ) ;
#2828 = STYLED_ITEM ( 'NONE', ( #2606 ), #4625 ) ;
#2829 = CARTESIAN_POINT ( 'NONE',  ( -0.9000000000000001300, 1.800000000000000300, 0.2000000000000000100 ) ) ;
#2830 = EDGE_LOOP ( 'NONE', ( #1790, #4103, #3351, #1508 ) ) ;
#2831 = PLANE ( 'NONE',  #2598 ) ;
#2832 = DIRECTION ( 'NONE',  ( 0.0000000000000000000, 1.000000000000000000, 0.0000000000000000000 ) ) ;
#2833 = EDGE_LOOP ( 'NONE', ( #1495, #1207, #2498, #373 ) ) ;
#2834 = SURFACE_SIDE_STYLE ('',( #1620 ) ) ;
#2835 = ORIENTED_EDGE ( 'NONE', *, *, #4314, .F. ) ;
#2836 =( LENGTH_UNIT ( ) NAMED_UNIT ( * ) SI_UNIT ( .MILLI., .METRE. ) );
#2837 = DIRECTION ( 'NONE',  ( 0.0000000000000000000, 1.000000000000000000, 0.0000000000000000000 ) ) ;
#2838 = VERTEX_POINT ( 'NONE', #1454 ) ;
#2839 = ORIENTED_EDGE ( 'NONE', *, *, #2639, .F. ) ;
#2840 = FILL_AREA_STYLE ('',( #3608 ) ) ;
#2841 = COLOUR_RGB ( '',0.2509803921568627400, 0.2509803921568627400, 0.2509803921568627400 ) ;
#2842 = EDGE_LOOP ( 'NONE', ( #3135, #2206, #584, #1008, #1, #4088, #1689, #1275 ) ) ;
#2843 = SURFACE_STYLE_USAGE ( .BOTH. , #1752 ) ;
#2844 = AXIS2_PLACEMENT_3D ( 'NONE', #1199, #2261, #3422 ) ;
#2845 = CARTESIAN_POINT ( 'NONE',  ( -0.9000000000000001300, 0.07499999999999999700, 0.2000000000000000100 ) ) ;
#2846 = EDGE_CURVE ( 'NONE', #3242, #578, #1882, .T. ) ;
#2847 = ORIENTED_EDGE ( 'NONE', *, *, #3247, .F. ) ;
#2848 = DIRECTION ( 'NONE',  ( -0.0000000000000000000, 0.0000000000000000000, 1.000000000000000000 ) ) ;
#2849 = VECTOR ( 'NONE', #1476, 1000.000000000000000 ) ;
#2850 = CARTESIAN_POINT ( 'NONE',  ( -0.1499999999999999700, 2.000000000000000000, 0.0000000000000000000 ) ) ;
#2851 = STYLED_ITEM ( 'NONE', ( #2725 ), #3026 ) ;
#2852 = FILL_AREA_STYLE ('',( #2481 ) ) ;
#2853 =( LENGTH_UNIT ( ) NAMED_UNIT ( * ) SI_UNIT ( .MILLI., .METRE. ) );
#2854 = AXIS2_PLACEMENT_3D ( 'NONE', #322, #673, #1737 ) ;
#2855 = SURFACE_SIDE_STYLE ('',( #532 ) ) ;
#2856 = ORIENTED_EDGE ( 'NONE', *, *, #3520, .T. ) ;
#2857 = MECHANICAL_DESIGN_GEOMETRIC_PRESENTATION_REPRESENTATION (  '', ( #3919 ), #2259 ) ;
#2858 = CARTESIAN_POINT ( 'NONE',  ( -1.600000000000000100, 1.125000000000000200, 0.2000000000000000100 ) ) ;
#2859 = CARTESIAN_POINT ( 'NONE',  ( -0.5250000000000000200, 0.1499999999999999900, 0.2000000000000000100 ) ) ;
#2860 = LINE ( 'NONE', #626, #4047 ) ;
#2861 =( NAMED_UNIT ( * ) SI_UNIT ( $, .STERADIAN. ) SOLID_ANGLE_UNIT ( ) );
#2862 = CARTESIAN_POINT ( 'NONE',  ( -0.2750000000000000200, 2.000000000000000000, 0.2000000000000000100 ) ) ;
#2863 = EDGE_CURVE ( 'NONE', #859, #3121, #4575, .T. ) ;
#2864 = COLOUR_RGB ( '',0.7921568627450980000, 0.8196078431372548800, 0.9333333333333333500 ) ;
#2865 = EDGE_CURVE ( 'NONE', #1902, #4584, #4300, .T. ) ;
#2866 = DIRECTION ( 'NONE',  ( -1.000000000000000000, -0.0000000000000000000, -0.0000000000000000000 ) ) ;
#2867 = PRESENTATION_STYLE_ASSIGNMENT (( #3511 ) ) ;
#2868 =( NAMED_UNIT ( * ) PLANE_ANGLE_UNIT ( ) SI_UNIT ( $, .RADIAN. ) );
#2869 = DIRECTION ( 'NONE',  ( 0.0000000000000000000, -0.0000000000000000000, 1.000000000000000000 ) ) ;
#2870 = DIRECTION ( 'NONE',  ( -0.0000000000000000000, 0.0000000000000000000, -1.000000000000000000 ) ) ;
#2871 = COLOUR_RGB ( '',0.5019607843137254800, 0.5019607843137254800, 0.5019607843137254800 ) ;
#2872 = DIRECTION ( 'NONE',  ( 0.0000000000000000000, 0.0000000000000000000, 1.000000000000000000 ) ) ;
#2873 = VECTOR ( 'NONE', #869, 1000.000000000000000 ) ;
#2874 = SURFACE_STYLE_FILL_AREA ( #3157 ) ;
#2875 = ORIENTED_EDGE ( 'NONE', *, *, #242, .F. ) ;
#2876 = AXIS2_PLACEMENT_3D ( 'NONE', #2172, #3957, #642 ) ;
#2877 = LINE ( 'NONE', #2184, #2177 ) ;
#2878 = SURFACE_STYLE_USAGE ( .BOTH. , #3231 ) ;
#2879 = VERTEX_POINT ( 'NONE', #2936 ) ;
#2880 = EDGE_CURVE ( 'NONE', #4386, #3811, #2516, .T. ) ;
#2881 = DIRECTION ( 'NONE',  ( -0.0000000000000000000, 0.0000000000000000000, 1.000000000000000000 ) ) ;
#2882 = CARTESIAN_POINT ( 'NONE',  ( -0.4000000000000000200, 1.850000000000000100, 0.0000000000000000000 ) ) ;
#2883 =( GEOMETRIC_REPRESENTATION_CONTEXT ( 3 ) GLOBAL_UNCERTAINTY_ASSIGNED_CONTEXT ( ( #1764 ) ) GLOBAL_UNIT_ASSIGNED_CONTEXT ( ( #2446, #1327, #1344 ) ) REPRESENTATION_CONTEXT ( 'NONE', 'WORKASPACE' ) );
#2884 = ORIENTED_EDGE ( 'NONE', *, *, #582, .F. ) ;
#2885 =( NAMED_UNIT ( * ) PLANE_ANGLE_UNIT ( ) SI_UNIT ( $, .RADIAN. ) );
#2886 = CARTESIAN_POINT ( 'NONE',  ( -0.6500000000000001300, 0.0000000000000000000, 0.0000000000000000000 ) ) ;
#2887 = UNCERTAINTY_MEASURE_WITH_UNIT (LENGTH_MEASURE( 1.000000000000000100E-005 ), #1817, 'distance_accuracy_value', 'NONE');
#2888 = AXIS2_PLACEMENT_3D ( 'NONE', #88, #1140, #394 ) ;
#2889 = LINE ( 'NONE', #4344, #4541 ) ;
#2890 = VERTEX_POINT ( 'NONE', #4033 ) ;
#2891 = STYLED_ITEM ( 'NONE', ( #2668 ), #4497 ) ;
#2892 = EDGE_LOOP ( 'NONE', ( #4309, #401, #2790, #1860 ) ) ;
#2893 = VERTEX_POINT ( 'NONE', #2922 ) ;
#2894 = DIRECTION ( 'NONE',  ( 0.0000000000000000000, 1.000000000000000000, 0.0000000000000000000 ) ) ;
#2895 = SURFACE_STYLE_USAGE ( .BOTH. , #3183 ) ;
#2896 = SURFACE_STYLE_USAGE ( .BOTH. , #4018 ) ;
#2897 = EDGE_LOOP ( 'NONE', ( #2262, #2474, #458, #4096 ) ) ;
#2898 = EDGE_CURVE ( 'NONE', #509, #2408, #3213, .T. ) ;
#2899 = FILL_AREA_STYLE ('',( #3253 ) ) ;
#2900 = FILL_AREA_STYLE_COLOUR ( '', #665 ) ;
#2901 = SURFACE_SIDE_STYLE ('',( #305 ) ) ;
#2902 = ORIENTED_EDGE ( 'NONE', *, *, #3745, .T. ) ;
#2903 = FACE_OUTER_BOUND ( 'NONE', #2523, .T. ) ;
#2904 = ORIENTED_EDGE ( 'NONE', *, *, #1458, .F. ) ;
#2905 = MECHANICAL_DESIGN_GEOMETRIC_PRESENTATION_REPRESENTATION (  '', ( #1736 ), #1983 ) ;
#2906 = DIRECTION ( 'NONE',  ( 0.0000000000000000000, 0.0000000000000000000, 1.000000000000000000 ) ) ;
#2907 = EDGE_CURVE ( 'NONE', #3295, #64, #2629, .T. ) ;
#2908 = CARTESIAN_POINT ( 'NONE',  ( -0.8000000000000000400, 1.000000000000000000, 0.0000000000000000000 ) ) ;
#2909 = UNCERTAINTY_MEASURE_WITH_UNIT (LENGTH_MEASURE( 1.000000000000000100E-005 ), #3109, 'distance_accuracy_value', 'NONE');
#2910 = AXIS2_PLACEMENT_3D ( 'NONE', #2862, #3924, #1738 ) ;
#2911 =( NAMED_UNIT ( * ) SI_UNIT ( $, .STERADIAN. ) SOLID_ANGLE_UNIT ( ) );
#2912 = CARTESIAN_POINT ( 'NONE',  ( -0.7750000000000001300, 0.1499999999999999900, 0.0000000000000000000 ) ) ;
#2913 = STYLED_ITEM ( 'NONE', ( #3620 ), #602 ) ;
#2914 = VECTOR ( 'NONE', #4107, 1000.000000000000000 ) ;
#2915 = CARTESIAN_POINT ( 'NONE',  ( 0.0000000000000000000, 2.000000000000000000, 0.0000000000000000000 ) ) ;
#2916 = CARTESIAN_POINT ( 'NONE',  ( 0.0000000000000000000, 1.125000000000000200, 0.2000000000000000100 ) ) ;
#2917 = STYLED_ITEM ( 'NONE', ( #3703 ), #4191 ) ;
#2918 = PRESENTATION_STYLE_ASSIGNMENT (( #4350 ) ) ;
#2919 = LINE ( 'NONE', #2373, #243 ) ;
#2920 = VECTOR ( 'NONE', #4568, 1000.000000000000000 ) ;
#2921 = LINE ( 'NONE', #3662, #982 ) ;
#2922 = CARTESIAN_POINT ( 'NONE',  ( -1.399999999999999900, 0.4000000000000000200, 0.0000000000000000000 ) ) ;
#2923 = CARTESIAN_POINT ( 'NONE',  ( -0.4000000000000000200, 0.8750000000000000000, 0.2000000000000000100 ) ) ;
#2924 = SURFACE_SIDE_STYLE ('',( #3196 ) ) ;
#2925 = EDGE_LOOP ( 'NONE', ( #510, #991, #2948, #1241 ) ) ;
#2926 = EDGE_CURVE ( 'NONE', #831, #1856, #682, .T. ) ;
#2927 = CARTESIAN_POINT ( 'NONE',  ( -1.600000000000000100, 1.800000000000000300, 0.2000000000000000100 ) ) ;
#2928 = FILL_AREA_STYLE ('',( #370 ) ) ;
#2929 = VECTOR ( 'NONE', #1247, 1000.000000000000000 ) ;
#2930 = MECHANICAL_DESIGN_GEOMETRIC_PRESENTATION_REPRESENTATION (  '', ( #2444 ), #3478 ) ;
#2931 = EDGE_LOOP ( 'NONE', ( #1740, #4255, #3459, #1292 ) ) ;
#2932 = DIRECTION ( 'NONE',  ( 0.0000000000000000000, -0.0000000000000000000, -1.000000000000000000 ) ) ;
#2933 = ORIENTED_EDGE ( 'NONE', *, *, #2208, .T. ) ;
#2934 = AXIS2_PLACEMENT_3D ( 'NONE', #2014, #3439, #543 ) ;
#2935 = LINE ( 'NONE', #2417, #2294 ) ;
#2936 = CARTESIAN_POINT ( 'NONE',  ( -1.399999999999999900, 1.600000000000000100, 0.0000000000000000000 ) ) ;
#2937 = COLOUR_RGB ( '',0.7529411764705882200, 0.7529411764705882200, 0.7529411764705882200 ) ;
#2938 = MECHANICAL_DESIGN_GEOMETRIC_PRESENTATION_REPRESENTATION (  '', ( #3730 ), #1386 ) ;
#2939 = FILL_AREA_STYLE ('',( #1768 ) ) ;
#2940 = VERTEX_POINT ( 'NONE', #751 ) ;
#2941 = DIRECTION ( 'NONE',  ( 0.0000000000000000000, 1.000000000000000000, 0.0000000000000000000 ) ) ;
#2942 =( LENGTH_UNIT ( ) NAMED_UNIT ( * ) SI_UNIT ( .MILLI., .METRE. ) );
#2943 = UNCERTAINTY_MEASURE_WITH_UNIT (LENGTH_MEASURE( 1.000000000000000100E-005 ), #2171, 'distance_accuracy_value', 'NONE');
#2944 = STYLED_ITEM ( 'NONE', ( #3324 ), #3771 ) ;
#2945 = LINE ( 'NONE', #3968, #37 ) ;
#2946 = DIRECTION ( 'NONE',  ( 0.0000000000000000000, 1.000000000000000000, 0.0000000000000000000 ) ) ;
#2947 = ORIENTED_EDGE ( 'NONE', *, *, #3037, .T. ) ;
#2948 = ORIENTED_EDGE ( 'NONE', *, *, #4343, .T. ) ;
#2949 = SURFACE_STYLE_FILL_AREA ( #3038 ) ;
#2950 = ORIENTED_EDGE ( 'NONE', *, *, #4623, .T. ) ;
#2951 = ORIENTED_EDGE ( 'NONE', *, *, #2342, .F. ) ;
#2952 = PLANE ( 'NONE',  #969 ) ;
#2953 = ORIENTED_EDGE ( 'NONE', *, *, #2753, .T. ) ;
#2954 = PLANE ( 'NONE',  #276 ) ;
#2955 = EDGE_CURVE ( 'NONE', #1856, #3069, #4116, .T. ) ;
#2956 = FILL_AREA_STYLE ('',( #417 ) ) ;
#2957 = VERTEX_POINT ( 'NONE', #4377 ) ;
#2958 = CARTESIAN_POINT ( 'NONE',  ( -1.600000000000000100, 0.8750000000000000000, 0.2000000000000000100 ) ) ;
#2959 = DIRECTION ( 'NONE',  ( -0.0000000000000000000, -0.0000000000000000000, -1.000000000000000000 ) ) ;
#2960 = VECTOR ( 'NONE', #2584, 1000.000000000000000 ) ;
#2961 = AXIS2_PLACEMENT_3D ( 'NONE', #2166, #2521, #4 ) ;
#2962 = SURFACE_STYLE_USAGE ( .BOTH. , #4400 ) ;
#2963 = LINE ( 'NONE', #3372, #2914 ) ;
#2964 = EDGE_CURVE ( 'NONE', #2069, #644, #1536, .T. ) ;
#2965 = VECTOR ( 'NONE', #529, 1000.000000000000000 ) ;
#2966 = UNCERTAINTY_MEASURE_WITH_UNIT (LENGTH_MEASURE( 1.000000000000000100E-005 ), #949, 'distance_accuracy_value', 'NONE');
#2967 = PLANE ( 'NONE',  #2691 ) ;
#2968 = STYLED_ITEM ( 'NONE', ( #1721 ), #3711 ) ;
#2969 = PLANE ( 'NONE',  #1250 ) ;
#2970 =( NAMED_UNIT ( * ) SI_UNIT ( $, .STERADIAN. ) SOLID_ANGLE_UNIT ( ) );
#2971 = STYLED_ITEM ( 'NONE', ( #502 ), #746 ) ;
#2972 = PRESENTATION_STYLE_ASSIGNMENT (( #4585 ) ) ;
#2973 =( GEOMETRIC_REPRESENTATION_CONTEXT ( 3 ) GLOBAL_UNCERTAINTY_ASSIGNED_CONTEXT ( ( #3756 ) ) GLOBAL_UNIT_ASSIGNED_CONTEXT ( ( #2996, #801, #1561 ) ) REPRESENTATION_CONTEXT ( 'NONE', 'WORKASPACE' ) );
#2974 = PRESENTATION_STYLE_ASSIGNMENT (( #2765 ) ) ;
#2975 = PRESENTATION_STYLE_ASSIGNMENT (( #2117 ) ) ;
#2976 =( LENGTH_UNIT ( ) NAMED_UNIT ( * ) SI_UNIT ( .MILLI., .METRE. ) );
#2977 = DIRECTION ( 'NONE',  ( 0.0000000000000000000, 0.0000000000000000000, -1.000000000000000000 ) ) ;
#2978 = FACE_OUTER_BOUND ( 'NONE', #1968, .T. ) ;
#2979 = ORIENTED_EDGE ( 'NONE', *, *, #523, .T. ) ;
#2980 = ADVANCED_FACE ( 'NONE', ( #2467 ), #60, .T. ) ;
#2981 = VECTOR ( 'NONE', #3630, 1000.000000000000000 ) ;
#2982 = ORIENTED_EDGE ( 'NONE', *, *, #3790, .T. ) ;
#2983 = SURFACE_SIDE_STYLE ('',( #4141 ) ) ;
#2984 = PRESENTATION_LAYER_ASSIGNMENT (  '', '', ( #1501 ) ) ;
#2985 = FACE_OUTER_BOUND ( 'NONE', #934, .T. ) ;
#2986 = VERTEX_POINT ( 'NONE', #3 ) ;
#2987 = EDGE_CURVE ( 'NONE', #4504, #1348, #1035, .T. ) ;
#2988 = VECTOR ( 'NONE', #2045, 1000.000000000000000 ) ;
#2989 =( LENGTH_UNIT ( ) NAMED_UNIT ( * ) SI_UNIT ( .MILLI., .METRE. ) );
#2990 = ORIENTED_EDGE ( 'NONE', *, *, #2342, .T. ) ;
#2991 = MECHANICAL_DESIGN_GEOMETRIC_PRESENTATION_REPRESENTATION (  '', ( #3256 ), #3915 ) ;
#2992 = DIRECTION ( 'NONE',  ( 1.000000000000000000, 0.0000000000000000000, 0.0000000000000000000 ) ) ;
#2993 = CLOSED_SHELL ( 'NONE', ( #90, #955, #1259, #4083, #4111, #3053 ) ) ;
#2994 = ORIENTED_EDGE ( 'NONE', *, *, #2134, .T. ) ;
#2995 = DIRECTION ( 'NONE',  ( 0.0000000000000000000, -0.0000000000000000000, -1.000000000000000000 ) ) ;
#2996 =( LENGTH_UNIT ( ) NAMED_UNIT ( * ) SI_UNIT ( .MILLI., .METRE. ) );
#2997 = SURFACE_STYLE_USAGE ( .BOTH. , #98 ) ;
#2998 = VERTEX_POINT ( 'NONE', #412 ) ;
#2999 = DIRECTION ( 'NONE',  ( 0.0000000000000000000, -0.0000000000000000000, -1.000000000000000000 ) ) ;
#3000 = ADVANCED_FACE ( 'NONE', ( #244 ), #2612, .T. ) ;
#3001 = ORIENTED_EDGE ( 'NONE', *, *, #863, .T. ) ;
#3002 = SURFACE_STYLE_FILL_AREA ( #4172 ) ;
#3003 = EDGE_CURVE ( 'NONE', #1512, #3635, #2250, .T. ) ;
#3004 = ADVANCED_FACE ( 'NONE', ( #4427 ), #832, .T. ) ;
#3005 = VERTEX_POINT ( 'NONE', #4063 ) ;
#3006 = CARTESIAN_POINT ( 'NONE',  ( -2.000000000000000000, 1.125000000000000200, 0.2000000000000000100 ) ) ;
#3007 = PRESENTATION_STYLE_ASSIGNMENT (( #4722 ) ) ;
#3008 = STYLED_ITEM ( 'NONE', ( #2746 ), #1217 ) ;
#3009 = DIRECTION ( 'NONE',  ( -1.000000000000000000, 0.0000000000000000000, -0.0000000000000000000 ) ) ;
#3010 = SURFACE_SIDE_STYLE ('',( #3552 ) ) ;
#3011 = COLOUR_RGB ( '',0.7529411764705882200, 0.7529411764705882200, 0.7529411764705882200 ) ;
#3012 = EDGE_CURVE ( 'NONE', #2190, #1697, #3462, .T. ) ;
#3013 =( NAMED_UNIT ( * ) SI_UNIT ( $, .STERADIAN. ) SOLID_ANGLE_UNIT ( ) );
#3014 = COLOUR_RGB ( '',0.5019607843137254800, 0.5019607843137254800, 0.5019607843137254800 ) ;
#3015 = SURFACE_STYLE_FILL_AREA ( #4160 ) ;
#3016 = UNCERTAINTY_MEASURE_WITH_UNIT (LENGTH_MEASURE( 1.000000000000000100E-005 ), #1269, 'distance_accuracy_value', 'NONE');
#3017 = AXIS2_PLACEMENT_3D ( 'NONE', #4693, #1405, #2127 ) ;
#3018 = LINE ( 'NONE', #4361, #4178 ) ;
#3019 = EDGE_CURVE ( 'NONE', #3438, #1902, #647, .T. ) ;
#3020 = LINE ( 'NONE', #3427, #128 ) ;
#3021 = PRESENTATION_STYLE_ASSIGNMENT (( #3203 ) ) ;
#3022 = SURFACE_STYLE_USAGE ( .BOTH. , #4135 ) ;
#3023 = STYLED_ITEM ( 'NONE', ( #3960 ), #3471 ) ;
#3024 = LINE ( 'NONE', #726, #1775 ) ;
#3025 = CARTESIAN_POINT ( 'NONE',  ( -2.000000000000000000, 0.8750000000000000000, 0.0000000000000000000 ) ) ;
#3026 = ADVANCED_FACE ( 'NONE', ( #4326 ), #3761, .T. ) ;
#3027 =( NAMED_UNIT ( * ) PLANE_ANGLE_UNIT ( ) SI_UNIT ( $, .RADIAN. ) );
#3028 = SURFACE_STYLE_USAGE ( .BOTH. , #1944 ) ;
#3029 = VECTOR ( 'NONE', #62, 1000.000000000000000 ) ;
#3030 = CARTESIAN_POINT ( 'NONE',  ( -0.9000000000000001300, 0.0000000000000000000, 0.0000000000000000000 ) ) ;
#3031 = PRESENTATION_STYLE_ASSIGNMENT (( #3909 ) ) ;
#3032 = ADVANCED_FACE ( 'NONE', ( #1859 ), #2967, .F. ) ;
#3033 = PLANE ( 'NONE',  #616 ) ;
#3034 = FACE_OUTER_BOUND ( 'NONE', #2381, .T. ) ;
#3035 = ORIENTED_EDGE ( 'NONE', *, *, #110, .F. ) ;
#3036 = CARTESIAN_POINT ( 'NONE',  ( -0.7750000000000001300, 1.600000000000000100, 0.2000000000000000100 ) ) ;
#3037 = EDGE_CURVE ( 'NONE', #1052, #4731, #2659, .T. ) ;
#3038 = FILL_AREA_STYLE ('',( #4576 ) ) ;
#3039 = LINE ( 'NONE', #93, #2531 ) ;
#3040 = EDGE_LOOP ( 'NONE', ( #499, #271, #1413, #260 ) ) ;
#3041 =( LENGTH_UNIT ( ) NAMED_UNIT ( * ) SI_UNIT ( .MILLI., .METRE. ) );
#3042 = SURFACE_SIDE_STYLE ('',( #1923 ) ) ;
#3043 = FILL_AREA_STYLE ('',( #1178 ) ) ;
#3044 = EDGE_LOOP ( 'NONE', ( #1235, #2195, #1373, #2990 ) ) ;
#3045 = UNCERTAINTY_MEASURE_WITH_UNIT (LENGTH_MEASURE( 1.000000000000000100E-005 ), #2356, 'distance_accuracy_value', 'NONE');
#3046 = AXIS2_PLACEMENT_3D ( 'NONE', #2465, #3233, #4277 ) ;
#3047 = VERTEX_POINT ( 'NONE', #3006 ) ;
#3048 = ADVANCED_FACE ( 'NONE', ( #3808 ), #1975, .T. ) ;
#3049 = EDGE_CURVE ( 'NONE', #2309, #313, #43, .T. ) ;
#3050 = ORIENTED_EDGE ( 'NONE', *, *, #3138, .T. ) ;
#3051 = VECTOR ( 'NONE', #865, 1000.000000000000000 ) ;
#3052 =( GEOMETRIC_REPRESENTATION_CONTEXT ( 3 ) GLOBAL_UNCERTAINTY_ASSIGNED_CONTEXT ( ( #2252 ) ) GLOBAL_UNIT_ASSIGNED_CONTEXT ( ( #2713, #3068, #4565 ) ) REPRESENTATION_CONTEXT ( 'NONE', 'WORKASPACE' ) );
#3053 = ADVANCED_FACE ( 'NONE', ( #216 ), #2316, .F. ) ;
#3054 = VERTEX_POINT ( 'NONE', #2018 ) ;
#3055 = CARTESIAN_POINT ( 'NONE',  ( -1.000000000000000000, 2.000000000000000000, 0.0000000000000000000 ) ) ;
#3056 = COLOUR_RGB ( '',0.7921568627450980000, 0.8196078431372548800, 0.9333333333333333500 ) ;
#3057 = DIRECTION ( 'NONE',  ( 0.0000000000000000000, -1.000000000000000000, 0.0000000000000000000 ) ) ;
#3058 = ORIENTED_EDGE ( 'NONE', *, *, #565, .T. ) ;
#3059 = SURFACE_STYLE_USAGE ( .BOTH. , #856 ) ;
#3060 = PRESENTATION_LAYER_ASSIGNMENT (  '', '', ( #3864 ) ) ;
#3061 = CARTESIAN_POINT ( 'NONE',  ( -0.7750000000000001300, 0.1499999999999999900, 0.2000000000000000100 ) ) ;
#3062 = CARTESIAN_POINT ( 'NONE',  ( 0.0000000000000000000, 1.000000000000000000, 0.0000000000000000000 ) ) ;
#3063 = ORIENTED_EDGE ( 'NONE', *, *, #3393, .F. ) ;
#3064 = CARTESIAN_POINT ( 'NONE',  ( -0.4000000000000000200, 1.000000000000000000, 0.2000000000000000100 ) ) ;
#3065 = LINE ( 'NONE', #2511, #4283 ) ;
#3066 = ORIENTED_EDGE ( 'NONE', *, *, #1226, .F. ) ;
#3067 =( NAMED_UNIT ( * ) SI_UNIT ( $, .STERADIAN. ) SOLID_ANGLE_UNIT ( ) );
#3068 =( NAMED_UNIT ( * ) PLANE_ANGLE_UNIT ( ) SI_UNIT ( $, .RADIAN. ) );
#3069 = VERTEX_POINT ( 'NONE', #3795 ) ;
#3070 = ADVANCED_FACE ( 'NONE', ( #3298 ), #2363, .F. ) ;
#3071 = PRESENTATION_STYLE_ASSIGNMENT (( #1304 ) ) ;
#3072 = MECHANICAL_DESIGN_GEOMETRIC_PRESENTATION_REPRESENTATION (  '', ( #1707 ), #461 ) ;
#3073 = DIRECTION ( 'NONE',  ( -0.0000000000000000000, -1.000000000000000000, 0.0000000000000000000 ) ) ;
#3074 = VECTOR ( 'NONE', #250, 1000.000000000000000 ) ;
#3075 = EDGE_CURVE ( 'NONE', #3121, #2309, #1114, .T. ) ;
#3076 = CARTESIAN_POINT ( 'NONE',  ( -1.850000000000000100, 0.0000000000000000000, 0.0000000000000000000 ) ) ;
#3077 = VECTOR ( 'NONE', #2096, 1000.000000000000000 ) ;
#3078 = UNCERTAINTY_MEASURE_WITH_UNIT (LENGTH_MEASURE( 1.000000000000000100E-005 ), #3519, 'distance_accuracy_value', 'NONE');
#3079 = MECHANICAL_DESIGN_GEOMETRIC_PRESENTATION_REPRESENTATION (  '', ( #2449 ), #878 ) ;
#3080 = CARTESIAN_POINT ( 'NONE',  ( -1.149999999999999900, 1.800000000000000300, 0.0000000000000000000 ) ) ;
#3081 = FILL_AREA_STYLE_COLOUR ( '', #3825 ) ;
#3082 = PRESENTATION_LAYER_ASSIGNMENT (  '', '', ( #231 ) ) ;
#3083 = FACE_OUTER_BOUND ( 'NONE', #724, .T. ) ;
#3084 =( GEOMETRIC_REPRESENTATION_CONTEXT ( 3 ) GLOBAL_UNCERTAINTY_ASSIGNED_CONTEXT ( ( #202 ) ) GLOBAL_UNIT_ASSIGNED_CONTEXT ( ( #4356, #2164, #2150 ) ) REPRESENTATION_CONTEXT ( 'NONE', 'WORKASPACE' ) );
#3085 = VECTOR ( 'NONE', #3312, 1000.000000000000000 ) ;
#3086 = LINE ( 'NONE', #3195, #3436 ) ;
#3087 = CARTESIAN_POINT ( 'NONE',  ( -1.800000000000000300, 1.000000000000000000, 0.2000000000000000100 ) ) ;
#3088 = COLOUR_RGB ( '',0.5019607843137254800, 0.5019607843137254800, 0.5019607843137254800 ) ;
#3089 = AXIS2_PLACEMENT_3D ( 'NONE', #2379, #196, #2757 ) ;
#3090 = LINE ( 'NONE', #2372, #743 ) ;
#3091 = DIRECTION ( 'NONE',  ( 1.000000000000000000, 0.0000000000000000000, -0.0000000000000000000 ) ) ;
#3092 = CARTESIAN_POINT ( 'NONE',  ( -1.850000000000000100, 0.4000000000000000800, 0.2000000000000000400 ) ) ;
#3093 = SURFACE_STYLE_FILL_AREA ( #2513 ) ;
#3094 = ORIENTED_EDGE ( 'NONE', *, *, #2964, .F. ) ;
#3095 =( NAMED_UNIT ( * ) SI_UNIT ( $, .STERADIAN. ) SOLID_ANGLE_UNIT ( ) );
#3096 = PLANE ( 'NONE',  #2664 ) ;
#3097 = CARTESIAN_POINT ( 'NONE',  ( -1.850000000000000100, 0.4000000000000000200, 0.2000000000000000100 ) ) ;
#3098 = LINE ( 'NONE', #719, #1448 ) ;
#3099 = CARTESIAN_POINT ( 'NONE',  ( -1.149999999999999900, 0.0000000000000000000, 0.2000000000000000100 ) ) ;
#3100 = CARTESIAN_POINT ( 'NONE',  ( -0.5250000000000000200, 0.1499999999999999900, 0.2000000000000000100 ) ) ;
#3101 = VERTEX_POINT ( 'NONE', #1242 ) ;
#3102 = VECTOR ( 'NONE', #1893, 1000.000000000000000 ) ;
#3103 = EDGE_CURVE ( 'NONE', #2325, #2190, #3686, .T. ) ;
#3104 = ORIENTED_EDGE ( 'NONE', *, *, #2311, .T. ) ;
#3105 = DIRECTION ( 'NONE',  ( 0.7071067811865474600, 0.7071067811865474600, 0.0000000000000000000 ) ) ;
#3106 = VECTOR ( 'NONE', #2792, 1000.000000000000000 ) ;
#3107 = COLOUR_RGB ( '',0.7529411764705882200, 0.7529411764705882200, 0.7529411764705882200 ) ;
#3108 = ORIENTED_EDGE ( 'NONE', *, *, #3789, .F. ) ;
#3109 =( LENGTH_UNIT ( ) NAMED_UNIT ( * ) SI_UNIT ( .MILLI., .METRE. ) );
#3110 = UNCERTAINTY_MEASURE_WITH_UNIT (LENGTH_MEASURE( 1.000000000000000100E-005 ), #1515, 'distance_accuracy_value', 'NONE');
#3111 = FILL_AREA_STYLE ('',( #942 ) ) ;
#3112 = CARTESIAN_POINT ( 'NONE',  ( -0.4000000000000000200, 1.000000000000000000, 0.2000000000000000100 ) ) ;
#3113 = ORIENTED_EDGE ( 'NONE', *, *, #1518, .F. ) ;
#3114 =( NAMED_UNIT ( * ) PLANE_ANGLE_UNIT ( ) SI_UNIT ( $, .RADIAN. ) );
#3115 = EDGE_LOOP ( 'NONE', ( #803, #2149 ) ) ;
#3116 = MECHANICAL_DESIGN_GEOMETRIC_PRESENTATION_REPRESENTATION (  '', ( #1128 ), #1409 ) ;
#3117 = SURFACE_SIDE_STYLE ('',( #3796 ) ) ;
#3118 = PRESENTATION_STYLE_ASSIGNMENT (( #1762 ) ) ;
#3119 = COLOUR_RGB ( '',0.5019607843137254800, 0.5019607843137254800, 0.5019607843137254800 ) ;
#3120 = EDGE_CURVE ( 'NONE', #2251, #4584, #2138, .T. ) ;
#3121 = VERTEX_POINT ( 'NONE', #1957 ) ;
#3122 = PRESENTATION_LAYER_ASSIGNMENT (  '', '', ( #1805 ) ) ;
#3123 = VECTOR ( 'NONE', #2458, 1000.000000000000000 ) ;
#3124 = EDGE_LOOP ( 'NONE', ( #2595, #890, #232, #1728 ) ) ;
#3125 = DIRECTION ( 'NONE',  ( 0.0000000000000000000, -0.0000000000000000000, 1.000000000000000000 ) ) ;
#3126 = ORIENTED_EDGE ( 'NONE', *, *, #4486, .T. ) ;
#3127 = PRESENTATION_LAYER_ASSIGNMENT (  '', '', ( #1360 ) ) ;
#3128 = FILL_AREA_STYLE_COLOUR ( '', #4113 ) ;
#3129 = DIRECTION ( 'NONE',  ( -0.0000000000000000000, 0.0000000000000000000, 1.000000000000000000 ) ) ;
#3130 = DIRECTION ( 'NONE',  ( 0.0000000000000000000, 1.000000000000000000, 0.0000000000000000000 ) ) ;
#3131 = FACE_OUTER_BOUND ( 'NONE', #2244, .T. ) ;
#3132 = CARTESIAN_POINT ( 'NONE',  ( -0.7750000000000001300, 0.0000000000000000000, 0.0000000000000000000 ) ) ;
#3133 = ADVANCED_FACE ( 'NONE', ( #2492 ), #4284, .F. ) ;
#3134 = CARTESIAN_POINT ( 'NONE',  ( -0.1499999999999999900, 1.600000000000000100, 0.2000000000000000100 ) ) ;
#3135 = ORIENTED_EDGE ( 'NONE', *, *, #3724, .T. ) ;
#3136 = CARTESIAN_POINT ( 'NONE',  ( -1.725000000000000100, 0.0000000000000000000, 0.0000000000000000000 ) ) ;
#3137 =( NAMED_UNIT ( * ) SI_UNIT ( $, .STERADIAN. ) SOLID_ANGLE_UNIT ( ) );
#3138 = EDGE_CURVE ( 'NONE', #2128, #1519, #2640, .T. ) ;
#3139 = PRESENTATION_STYLE_ASSIGNMENT (( #1396 ) ) ;
#3140 = LINE ( 'NONE', #964, #2050 ) ;
#3141 =( NAMED_UNIT ( * ) PLANE_ANGLE_UNIT ( ) SI_UNIT ( $, .RADIAN. ) );
#3142 = COLOUR_RGB ( '',0.7529411764705882200, 0.7529411764705882200, 0.7529411764705882200 ) ;
#3143 = UNCERTAINTY_MEASURE_WITH_UNIT (LENGTH_MEASURE( 1.000000000000000100E-005 ), #4013, 'distance_accuracy_value', 'NONE');
#3144 = DIRECTION ( 'NONE',  ( 1.000000000000000000, 0.0000000000000000000, -0.0000000000000000000 ) ) ;
#3145 = CARTESIAN_POINT ( 'NONE',  ( -1.600000000000000100, 1.125000000000000200, 0.0000000000000000000 ) ) ;
#3146 =( NAMED_UNIT ( * ) PLANE_ANGLE_UNIT ( ) SI_UNIT ( $, .RADIAN. ) );
#3147 = VECTOR ( 'NONE', #1397, 1000.000000000000000 ) ;
#3148 = EDGE_CURVE ( 'NONE', #1175, #4313, #3675, .T. ) ;
#3149 = SURFACE_STYLE_USAGE ( .BOTH. , #4089 ) ;
#3150 = COLOUR_RGB ( '',0.5019607843137254800, 0.5019607843137254800, 0.5019607843137254800 ) ;
#3151 = CARTESIAN_POINT ( 'NONE',  ( -0.4000000000000000200, 2.000000000000000000, 0.2000000000000000100 ) ) ;
#3152 = LINE ( 'NONE', #1833, #3490 ) ;
#3153 =( NAMED_UNIT ( * ) SI_UNIT ( $, .STERADIAN. ) SOLID_ANGLE_UNIT ( ) );
#3154 =( GEOMETRIC_REPRESENTATION_CONTEXT ( 3 ) GLOBAL_UNCERTAINTY_ASSIGNED_CONTEXT ( ( #281 ) ) GLOBAL_UNIT_ASSIGNED_CONTEXT ( ( #4684, #3598, #3544 ) ) REPRESENTATION_CONTEXT ( 'NONE', 'WORKASPACE' ) );
#3155 = SURFACE_STYLE_FILL_AREA ( #3596 ) ;
#3156 = MECHANICAL_DESIGN_GEOMETRIC_PRESENTATION_REPRESENTATION (  '', ( #4137 ), #2317 ) ;
#3157 = FILL_AREA_STYLE ('',( #2051 ) ) ;
#3158 = LINE ( 'NONE', #1069, #2981 ) ;
#3159 = AXIS2_PLACEMENT_3D ( 'NONE', #895, #2046, #4608 ) ;
#3160 = ORIENTED_EDGE ( 'NONE', *, *, #352, .F. ) ;
#3161 = SURFACE_SIDE_STYLE ('',( #4057 ) ) ;
#3162 = PLANE ( 'NONE',  #1892 ) ;
#3163 = SURFACE_STYLE_FILL_AREA ( #4071 ) ;
#3164 = CARTESIAN_POINT ( 'NONE',  ( -0.4000000000000000200, 0.8750000000000000000, 0.2000000000000000100 ) ) ;
#3165 = CARTESIAN_POINT ( 'NONE',  ( -0.6500000000000001300, 0.1499999999999999900, 0.2000000000000000100 ) ) ;
#3166 = ORIENTED_EDGE ( 'NONE', *, *, #1800, .T. ) ;
#3167 = CARTESIAN_POINT ( 'NONE',  ( -0.6500000000000001300, 0.1999999999999990100, 0.0000000000000000000 ) ) ;
#3168 = SURFACE_SIDE_STYLE ('',( #487 ) ) ;
#3169 = SURFACE_STYLE_USAGE ( .BOTH. , #3898 ) ;
#3170 = EDGE_CURVE ( 'NONE', #1492, #3920, #2089, .T. ) ;
#3171 = VERTEX_POINT ( 'NONE', #245 ) ;
#3172 = EDGE_CURVE ( 'NONE', #4479, #3101, #1675, .T. ) ;
#3173 = EDGE_LOOP ( 'NONE', ( #3563, #3916, #595, #2607 ) ) ;
#3174 = VERTEX_POINT ( 'NONE', #2472 ) ;
#3175 = CARTESIAN_POINT ( 'NONE',  ( 0.0000000000000000000, 1.000000000000000000, 0.2000000000000000100 ) ) ;
#3176 = UNCERTAINTY_MEASURE_WITH_UNIT (LENGTH_MEASURE( 1.000000000000000100E-005 ), #4324, 'distance_accuracy_value', 'NONE');
#3177 = MECHANICAL_DESIGN_GEOMETRIC_PRESENTATION_REPRESENTATION (  '', ( #2684 ), #3416 ) ;
#3178 =( LENGTH_UNIT ( ) NAMED_UNIT ( * ) SI_UNIT ( .MILLI., .METRE. ) );
#3179 = ORIENTED_EDGE ( 'NONE', *, *, #3699, .F. ) ;
#3180 = EDGE_LOOP ( 'NONE', ( #1917, #99, #2902, #1481, #3050 ) ) ;
#3181 = AXIS2_PLACEMENT_3D ( 'NONE', #3055, #3460, #2332 ) ;
#3182 = DIRECTION ( 'NONE',  ( -0.0000000000000000000, 0.0000000000000000000, -1.000000000000000000 ) ) ;
#3183 = SURFACE_SIDE_STYLE ('',( #1204 ) ) ;
#3184 = FILL_AREA_STYLE ('',( #402 ) ) ;
#3185 = VERTEX_POINT ( 'NONE', #2037 ) ;
#3186 = MECHANICAL_DESIGN_GEOMETRIC_PRESENTATION_REPRESENTATION (  '', ( #172 ), #3426 ) ;
#3187 = SURFACE_STYLE_USAGE ( .BOTH. , #3168 ) ;
#3188 =( NAMED_UNIT ( * ) SI_UNIT ( $, .STERADIAN. ) SOLID_ANGLE_UNIT ( ) );
#3189 = PRESENTATION_LAYER_ASSIGNMENT (  '', '', ( #3256 ) ) ;
#3190 = ORIENTED_EDGE ( 'NONE', *, *, #1887, .F. ) ;
#3191 = CARTESIAN_POINT ( 'NONE',  ( -0.1499999999999999700, 0.3999999999999999700, 0.0000000000000000000 ) ) ;
#3192 = AXIS2_PLACEMENT_3D ( 'NONE', #4002, #2941, #4050 ) ;
#3193 = VECTOR ( 'NONE', #2199, 1000.000000000000000 ) ;
#3194 = DIRECTION ( 'NONE',  ( 0.0000000000000000000, -0.0000000000000000000, 1.000000000000000000 ) ) ;
#3195 = CARTESIAN_POINT ( 'NONE',  ( -0.7750000000000001300, 0.0000000000000000000, 0.2000000000000000100 ) ) ;
#3196 = SURFACE_STYLE_FILL_AREA ( #4407 ) ;
#3197 = FILL_AREA_STYLE_COLOUR ( '', #3014 ) ;
#3198 = ORIENTED_EDGE ( 'NONE', *, *, #613, .T. ) ;
#3199 = PLANE ( 'NONE',  #783 ) ;
#3200 = LINE ( 'NONE', #910, #4509 ) ;
#3201 =( LENGTH_UNIT ( ) NAMED_UNIT ( * ) SI_UNIT ( .MILLI., .METRE. ) );
#3202 = COLOUR_RGB ( '',0.7529411764705882200, 0.7529411764705882200, 0.7529411764705882200 ) ;
#3203 = SURFACE_STYLE_USAGE ( .BOTH. , #4247 ) ;
#3204 = SURFACE_SIDE_STYLE ('',( #966 ) ) ;
#3205 = SURFACE_STYLE_FILL_AREA ( #1218 ) ;
#3206 = EDGE_CURVE ( 'NONE', #4563, #2587, #687, .T. ) ;
#3207 = CARTESIAN_POINT ( 'NONE',  ( -1.000000000000000000, 0.0000000000000000000, 0.2000000000000000100 ) ) ;
#3208 = SURFACE_STYLE_FILL_AREA ( #2264 ) ;
#3209 =( NAMED_UNIT ( * ) SI_UNIT ( $, .STERADIAN. ) SOLID_ANGLE_UNIT ( ) );
#3210 = DIRECTION ( 'NONE',  ( 1.000000000000000000, 0.0000000000000000000, -0.0000000000000000000 ) ) ;
#3211 = COLOUR_RGB ( '',0.5019607843137254800, 0.5019607843137254800, 0.5019607843137254800 ) ;
#3212 = CARTESIAN_POINT ( 'NONE',  ( -1.000000000000000000, 0.1499999999999999700, 0.0000000000000000000 ) ) ;
#3213 = LINE ( 'NONE', #1862, #4698 ) ;
#3214 =( GEOMETRIC_REPRESENTATION_CONTEXT ( 3 ) GLOBAL_UNCERTAINTY_ASSIGNED_CONTEXT ( ( #57 ) ) GLOBAL_UNIT_ASSIGNED_CONTEXT ( ( #4049, #1173, #1511 ) ) REPRESENTATION_CONTEXT ( 'NONE', 'WORKASPACE' ) );
#3215 = CARTESIAN_POINT ( 'NONE',  ( -1.850000000000000100, 2.000000000000000000, 0.0000000000000000000 ) ) ;
#3216 = SURFACE_SIDE_STYLE ('',( #2281 ) ) ;
#3217 = EDGE_CURVE ( 'NONE', #4389, #3798, #2065, .T. ) ;
#3218 = PLANE ( 'NONE',  #4647 ) ;
#3219 = CARTESIAN_POINT ( 'NONE',  ( -0.4000000000000000200, 1.925000000000000000, 0.2000000000000000100 ) ) ;
#3220 = EDGE_LOOP ( 'NONE', ( #1125, #2715, #2710, #3969 ) ) ;
#3221 = AXIS2_PLACEMENT_3D ( 'NONE', #2748, #3801, #2386 ) ;
#3222 = DIRECTION ( 'NONE',  ( 0.0000000000000000000, 1.000000000000000000, 0.0000000000000000000 ) ) ;
#3223 = LINE ( 'NONE', #2501, #4308 ) ;
#3224 = DIRECTION ( 'NONE',  ( 1.000000000000000000, 0.0000000000000000000, 0.0000000000000000000 ) ) ;
#3225 =( GEOMETRIC_REPRESENTATION_CONTEXT ( 3 ) GLOBAL_UNCERTAINTY_ASSIGNED_CONTEXT ( ( #4376 ) ) GLOBAL_UNIT_ASSIGNED_CONTEXT ( ( #2461, #4256, #4646 ) ) REPRESENTATION_CONTEXT ( 'NONE', 'WORKASPACE' ) );
#3226 = EDGE_LOOP ( 'NONE', ( #721, #89, #4219, #822 ) ) ;
#3227 = DIRECTION ( 'NONE',  ( 0.0000000000000000000, -1.000000000000000000, 0.0000000000000000000 ) ) ;
#3228 = STYLED_ITEM ( 'NONE', ( #598 ), #4512 ) ;
#3229 = ORIENTED_EDGE ( 'NONE', *, *, #523, .F. ) ;
#3230 = DIRECTION ( 'NONE',  ( -1.000000000000000000, 0.0000000000000000000, -0.0000000000000000000 ) ) ;
#3231 = SURFACE_SIDE_STYLE ('',( #566 ) ) ;
#3232 = FACE_OUTER_BOUND ( 'NONE', #608, .T. ) ;
#3233 = DIRECTION ( 'NONE',  ( -1.000000000000000000, 0.0000000000000000000, -0.0000000000000000000 ) ) ;
#3234 = ORIENTED_EDGE ( 'NONE', *, *, #3503, .F. ) ;
#3235 =( LENGTH_UNIT ( ) NAMED_UNIT ( * ) SI_UNIT ( .MILLI., .METRE. ) );
#3236 = COLOUR_RGB ( '',0.5019607843137254800, 0.5019607843137254800, 0.5019607843137254800 ) ;
#3237 = DIRECTION ( 'NONE',  ( 0.0000000000000000000, -0.0000000000000000000, -1.000000000000000000 ) ) ;
#3238 = VERTEX_POINT ( 'NONE', #4663 ) ;
#3239 = EDGE_LOOP ( 'NONE', ( #1475, #3859, #1567, #453 ) ) ;
#3240 = UNCERTAINTY_MEASURE_WITH_UNIT (LENGTH_MEASURE( 1.000000000000000100E-005 ), #2816, 'distance_accuracy_value', 'NONE');
#3241 = CARTESIAN_POINT ( 'NONE',  ( -1.000000000000000000, 0.0000000000000000000, 1.600000000000000100 ) ) ;
#3242 = VERTEX_POINT ( 'NONE', #968 ) ;
#3243 = PRESENTATION_LAYER_ASSIGNMENT (  '', '', ( #4552 ) ) ;
#3244 = LINE ( 'NONE', #4292, #3866 ) ;
#3245 = FACE_OUTER_BOUND ( 'NONE', #220, .T. ) ;
#3246 = EDGE_CURVE ( 'NONE', #3805, #3047, #1443, .T. ) ;
#3247 = EDGE_CURVE ( 'NONE', #774, #203, #1044, .T. ) ;
#3248 = EDGE_LOOP ( 'NONE', ( #2352, #710, #4726, #411 ) ) ;
#3249 = FILL_AREA_STYLE ('',( #994 ) ) ;
#3250 = DIRECTION ( 'NONE',  ( -0.0000000000000000000, -0.0000000000000000000, -1.000000000000000000 ) ) ;
#3251 = FILL_AREA_STYLE_COLOUR ( '', #4717 ) ;
#3252 =( GEOMETRIC_REPRESENTATION_CONTEXT ( 3 ) GLOBAL_UNCERTAINTY_ASSIGNED_CONTEXT ( ( #230 ) ) GLOBAL_UNIT_ASSIGNED_CONTEXT ( ( #4430, #1940, #1573 ) ) REPRESENTATION_CONTEXT ( 'NONE', 'WORKASPACE' ) );
#3253 = FILL_AREA_STYLE_COLOUR ( '', #2162 ) ;
#3254 = ORIENTED_EDGE ( 'NONE', *, *, #2808, .T. ) ;
#3255 = SURFACE_STYLE_USAGE ( .BOTH. , #2157 ) ;
#3256 = STYLED_ITEM ( 'NONE', ( #2330 ), #428 ) ;
#3257 = CARTESIAN_POINT ( 'NONE',  ( -1.149999999999999900, 1.850000000000000100, 0.2000000000000000100 ) ) ;
#3258 =( GEOMETRIC_REPRESENTATION_CONTEXT ( 3 ) GLOBAL_UNCERTAINTY_ASSIGNED_CONTEXT ( ( #1555 ) ) GLOBAL_UNIT_ASSIGNED_CONTEXT ( ( #2942, #1442, #3304 ) ) REPRESENTATION_CONTEXT ( 'NONE', 'WORKASPACE' ) );
#3260 = EDGE_CURVE ( 'NONE', #1871, #3334, #3777, .T. ) ;
#3259 = VECTOR ( 'NONE', #264, 1000.000000000000000 ) ;
#3261 = VECTOR ( 'NONE', #1336, 1000.000000000000000 ) ;
#3262 = ADVANCED_FACE ( 'NONE', ( #4004 ), #990, .T. ) ;
#3263 = COLOUR_RGB ( '',0.7529411764705882200, 0.7529411764705882200, 0.7529411764705882200 ) ;
#3264 =( NAMED_UNIT ( * ) PLANE_ANGLE_UNIT ( ) SI_UNIT ( $, .RADIAN. ) );
#3265 = SURFACE_STYLE_FILL_AREA ( #254 ) ;
#3266 = SURFACE_SIDE_STYLE ('',( #451 ) ) ;
#3267 = DIRECTION ( 'NONE',  ( 0.7071067811865474600, 0.7071067811865474600, 0.0000000000000000000 ) ) ;
#3268 = DIRECTION ( 'NONE',  ( -1.000000000000000000, 0.0000000000000000000, -0.0000000000000000000 ) ) ;
#3269 = EDGE_CURVE ( 'NONE', #3242, #3296, #1780, .T. ) ;
#3270 = UNCERTAINTY_MEASURE_WITH_UNIT (LENGTH_MEASURE( 1.000000000000000100E-005 ), #1818, 'distance_accuracy_value', 'NONE');
#3271 = VECTOR ( 'NONE', #2321, 1000.000000000000000 ) ;
#3272 = CARTESIAN_POINT ( 'NONE',  ( -0.1499999999999999700, 0.0000000000000000000, 0.2000000000000000100 ) ) ;
#3273 = CARTESIAN_POINT ( 'NONE',  ( -0.9000000000000001300, 1.925000000000000000, 0.2000000000000000100 ) ) ;
#3274 = DIRECTION ( 'NONE',  ( -1.000000000000000000, 0.0000000000000000000, -0.0000000000000000000 ) ) ;
#3275 = DIRECTION ( 'NONE',  ( 0.0000000000000000000, 1.000000000000000000, 0.0000000000000000000 ) ) ;
#3276 = SURFACE_STYLE_FILL_AREA ( #792 ) ;
#3277 = FACE_OUTER_BOUND ( 'NONE', #2429, .T. ) ;
#3278 = STYLED_ITEM ( 'NONE', ( #1260 ), #955 ) ;
#3279 = COLOUR_RGB ( '',0.7529411764705882200, 0.7529411764705882200, 0.7529411764705882200 ) ;
#3280 = STYLED_ITEM ( 'NONE', ( #404 ), #2328 ) ;
#3281 = CARTESIAN_POINT ( 'NONE',  ( -1.399999999999999900, 1.800000000000000300, 0.2000000000000000100 ) ) ;
#3282 = ORIENTED_EDGE ( 'NONE', *, *, #545, .F. ) ;
#3283 = EDGE_CURVE ( 'NONE', #214, #959, #2007, .T. ) ;
#3284 = FILL_AREA_STYLE ('',( #4718 ) ) ;
#3285 = CARTESIAN_POINT ( 'NONE',  ( -1.399999999999999900, 2.000000000000000000, 0.0000000000000000000 ) ) ;
#3286 = CARTESIAN_POINT ( 'NONE',  ( -1.850000000000000100, 1.800000000000000300, 0.0000000000000000000 ) ) ;
#3287 = MECHANICAL_DESIGN_GEOMETRIC_PRESENTATION_REPRESENTATION (  '', ( #3858 ), #4006 ) ;
#3288 = VERTEX_POINT ( 'NONE', #1392 ) ;
#3289 = DIRECTION ( 'NONE',  ( -1.000000000000000000, -0.0000000000000000000, 0.0000000000000000000 ) ) ;
#3290 = VECTOR ( 'NONE', #2201, 999.9999999999998900 ) ;
#3291 = LINE ( 'NONE', #1830, #4196 ) ;
#3292 = ORIENTED_EDGE ( 'NONE', *, *, #1683, .T. ) ;
#3293 = FACE_OUTER_BOUND ( 'NONE', #4155, .T. ) ;
#3294 = DIRECTION ( 'NONE',  ( 1.000000000000000000, -0.0000000000000000000, 0.0000000000000000000 ) ) ;
#3295 = VERTEX_POINT ( 'NONE', #2858 ) ;
#3296 = VERTEX_POINT ( 'NONE', #2114 ) ;
#3297 = CARTESIAN_POINT ( 'NONE',  ( -0.7750000000000001300, 0.4000000000000000200, 0.2000000000000000100 ) ) ;
#3298 = FACE_OUTER_BOUND ( 'NONE', #1363, .T. ) ;
#3299 = DIRECTION ( 'NONE',  ( 0.0000000000000000000, -0.0000000000000000000, -1.000000000000000000 ) ) ;
#3300 = ORIENTED_EDGE ( 'NONE', *, *, #268, .F. ) ;
#3301 = EDGE_CURVE ( 'NONE', #3963, #2644, #4125, .T. ) ;
#3302 = ORIENTED_EDGE ( 'NONE', *, *, #3049, .T. ) ;
#3303 = CARTESIAN_POINT ( 'NONE',  ( -0.6500000000000001300, 1.800000000000000300, 0.2000000000000000100 ) ) ;
#3304 =( NAMED_UNIT ( * ) SI_UNIT ( $, .STERADIAN. ) SOLID_ANGLE_UNIT ( ) );
#3305 = UNCERTAINTY_MEASURE_WITH_UNIT (LENGTH_MEASURE( 1.000000000000000100E-005 ), #1548, 'distance_accuracy_value', 'NONE');
#3306 = ORIENTED_EDGE ( 'NONE', *, *, #3260, .T. ) ;
#3307 = ADVANCED_FACE ( 'NONE', ( #2978 ), #1023, .T. ) ;
#3308 = VERTEX_POINT ( 'NONE', #3594 ) ;
#3309 = AXIS2_PLACEMENT_3D ( 'NONE', #3715, #1877, #74 ) ;
#3310 = VECTOR ( 'NONE', #4434, 1000.000000000000000 ) ;
#3311 = EDGE_CURVE ( 'NONE', #533, #2940, #4119, .T. ) ;
#3312 = DIRECTION ( 'NONE',  ( -0.0000000000000000000, -1.000000000000000000, -0.0000000000000000000 ) ) ;
#3313 = MECHANICAL_DESIGN_GEOMETRIC_PRESENTATION_REPRESENTATION (  '', ( #363 ), #4294 ) ;
#3314 =( NAMED_UNIT ( * ) PLANE_ANGLE_UNIT ( ) SI_UNIT ( $, .RADIAN. ) );
#3315 = AXIS2_PLACEMENT_3D ( 'NONE', #3999, #397, #3267 ) ;
#3316 = DIRECTION ( 'NONE',  ( 1.000000000000000000, 0.0000000000000000000, -0.0000000000000000000 ) ) ;
#3317 = ORIENTED_EDGE ( 'NONE', *, *, #3616, .F. ) ;
#3318 = STYLED_ITEM ( 'NONE', ( #2223 ), #823 ) ;
#3319 = LINE ( 'NONE', #1267, #3765 ) ;
#3320 = FILL_AREA_STYLE ('',( #66 ) ) ;
#3321 = MECHANICAL_DESIGN_GEOMETRIC_PRESENTATION_REPRESENTATION (  '', ( #2828 ), #4299 ) ;
#3322 = PRESENTATION_STYLE_ASSIGNMENT (( #1755 ) ) ;
#3323 = FACE_OUTER_BOUND ( 'NONE', #2931, .T. ) ;
#3324 = PRESENTATION_STYLE_ASSIGNMENT (( #2404 ) ) ;
#3325 = UNCERTAINTY_MEASURE_WITH_UNIT (LENGTH_MEASURE( 1.000000000000000100E-005 ), #3903, 'distance_accuracy_value', 'NONE');
#3326 = FACE_OUTER_BOUND ( 'NONE', #4011, .T. ) ;
#3327 = COLOUR_RGB ( '',0.5019607843137254800, 0.5019607843137254800, 0.5019607843137254800 ) ;
#3328 = CARTESIAN_POINT ( 'NONE',  ( -0.2750000000000000200, 2.000000000000000000, 0.2000000000000000100 ) ) ;
#3329 = ADVANCED_FACE ( 'NONE', ( #1268 ), #342, .T. ) ;
#3330 = CARTESIAN_POINT ( 'NONE',  ( -0.6500000000000001300, 0.1499999999999999900, 0.0000000000000000000 ) ) ;
#3331 = VECTOR ( 'NONE', #3836, 1000.000000000000000 ) ;
#3332 = VECTOR ( 'NONE', #1835, 1000.000000000000000 ) ;
#3333 = STYLED_ITEM ( 'NONE', ( #549 ), #1239 ) ;
#3334 = VERTEX_POINT ( 'NONE', #2522 ) ;
#3335 = EDGE_CURVE ( 'NONE', #3696, #4267, #3018, .T. ) ;
#3336 = AXIS2_PLACEMENT_3D ( 'NONE', #3175, #3861, #2809 ) ;
#3337 = VECTOR ( 'NONE', #1056, 1000.000000000000000 ) ;
#3338 = PLANE ( 'NONE',  #1988 ) ;
#3339 = EDGE_LOOP ( 'NONE', ( #3470, #2301, #3302, #3917 ) ) ;
#3340 = PRESENTATION_LAYER_ASSIGNMENT (  '', '', ( #139 ) ) ;
#3341 = DIRECTION ( 'NONE',  ( -1.000000000000000000, 0.0000000000000000000, -0.0000000000000000000 ) ) ;
#3342 = VECTOR ( 'NONE', #29, 1000.000000000000000 ) ;
#3343 = AXIS2_PLACEMENT_3D ( 'NONE', #1783, #4341, #336 ) ;
#3344 = ORIENTED_EDGE ( 'NONE', *, *, #4729, .T. ) ;
#3345 = FILL_AREA_STYLE_COLOUR ( '', #1757 ) ;
#3346 = VERTEX_POINT ( 'NONE', #3285 ) ;
#3347 = ORIENTED_EDGE ( 'NONE', *, *, #2863, .T. ) ;
#3348 = ORIENTED_EDGE ( 'NONE', *, *, #3049, .F. ) ;
#3349 =( NAMED_UNIT ( * ) SI_UNIT ( $, .STERADIAN. ) SOLID_ANGLE_UNIT ( ) );
#3350 = EDGE_CURVE ( 'NONE', #3641, #4679, #1141, .T. ) ;
#3351 = ORIENTED_EDGE ( 'NONE', *, *, #2926, .F. ) ;
#3352 = CARTESIAN_POINT ( 'NONE',  ( -0.4000000000000000200, 0.8750000000000000000, 0.0000000000000000000 ) ) ;
#3353 = FILL_AREA_STYLE_COLOUR ( '', #4367 ) ;
#3354 = DIRECTION ( 'NONE',  ( 1.000000000000000000, 0.0000000000000000000, -0.0000000000000000000 ) ) ;
#3355 = ORIENTED_EDGE ( 'NONE', *, *, #3856, .F. ) ;
#3356 = CARTESIAN_POINT ( 'NONE',  ( -1.399999999999999900, 0.2999999999999999900, 1.550000000000000300 ) ) ;
#3357 = CARTESIAN_POINT ( 'NONE',  ( -1.725000000000000100, 0.2500000000000000000, 0.0000000000000000000 ) ) ;
#3358 = ADVANCED_FACE ( 'NONE', ( #2572 ), #3218, .F. ) ;
#3359 = VERTEX_POINT ( 'NONE', #3272 ) ;
#3360 = PRESENTATION_STYLE_ASSIGNMENT (( #3586 ) ) ;
#3361 =( GEOMETRIC_REPRESENTATION_CONTEXT ( 3 ) GLOBAL_UNCERTAINTY_ASSIGNED_CONTEXT ( ( #4577 ) ) GLOBAL_UNIT_ASSIGNED_CONTEXT ( ( #4591, #2398, #169 ) ) REPRESENTATION_CONTEXT ( 'NONE', 'WORKASPACE' ) );
#3362 = SURFACE_SIDE_STYLE ('',( #3276 ) ) ;
#3363 =( GEOMETRIC_REPRESENTATION_CONTEXT ( 3 ) GLOBAL_UNCERTAINTY_ASSIGNED_CONTEXT ( ( #3377 ) ) GLOBAL_UNIT_ASSIGNED_CONTEXT ( ( #4176, #1216, #2706 ) ) REPRESENTATION_CONTEXT ( 'NONE', 'WORKASPACE' ) );
#3364 = FILL_AREA_STYLE_COLOUR ( '', #1695 ) ;
#3365 = VECTOR ( 'NONE', #3182, 1000.000000000000000 ) ;
#3366 =( GEOMETRIC_REPRESENTATION_CONTEXT ( 3 ) GLOBAL_UNCERTAINTY_ASSIGNED_CONTEXT ( ( #916 ) ) GLOBAL_UNIT_ASSIGNED_CONTEXT ( ( #3897, #1726, #4264 ) ) REPRESENTATION_CONTEXT ( 'NONE', 'WORKASPACE' ) );
#3367 = CARTESIAN_POINT ( 'NONE',  ( -1.399999999999999900, 0.1999999999999990100, 0.2000000000000000100 ) ) ;
#3368 = VECTOR ( 'NONE', #2078, 1000.000000000000000 ) ;
#3369 = CARTESIAN_POINT ( 'NONE',  ( -1.149999999999999900, 2.000000000000000000, 0.0000000000000000000 ) ) ;
#3370 = DIRECTION ( 'NONE',  ( 0.0000000000000000000, -0.0000000000000000000, -1.000000000000000000 ) ) ;
#3371 = PRESENTATION_STYLE_ASSIGNMENT (( #2295 ) ) ;
#3372 = CARTESIAN_POINT ( 'NONE',  ( -1.750000000000000000, 0.5000000000000000000, 0.0000000000000000000 ) ) ;
#3373 = STYLED_ITEM ( 'NONE', ( #3412 ), #4488 ) ;
#3374 = SURFACE_STYLE_FILL_AREA ( #3464 ) ;
#3375 = PRESENTATION_STYLE_ASSIGNMENT (( #784 ) ) ;
#3376 = SURFACE_STYLE_FILL_AREA ( #3709 ) ;
#3377 = UNCERTAINTY_MEASURE_WITH_UNIT (LENGTH_MEASURE( 1.000000000000000100E-005 ), #4176, 'distance_accuracy_value', 'NONE');
#3378 = SURFACE_STYLE_FILL_AREA ( #2852 ) ;
#3379 = SURFACE_STYLE_FILL_AREA ( #1301 ) ;
#3380 = EDGE_CURVE ( 'NONE', #1572, #3171, #2340, .T. ) ;
#3381 = ORIENTED_EDGE ( 'NONE', *, *, #2034, .F. ) ;
#3382 = CARTESIAN_POINT ( 'NONE',  ( -1.399999999999999900, 1.800000000000000300, 0.2000000000000000100 ) ) ;
#3383 = SURFACE_STYLE_FILL_AREA ( #3513 ) ;
#3384 = FILL_AREA_STYLE_COLOUR ( '', #1663 ) ;
#3385 = ORIENTED_EDGE ( 'NONE', *, *, #2865, .T. ) ;
#3386 = CARTESIAN_POINT ( 'NONE',  ( -0.6500000000000001300, 2.000000000000000000, 0.0000000000000000000 ) ) ;
#3387 =( LENGTH_UNIT ( ) NAMED_UNIT ( * ) SI_UNIT ( .MILLI., .METRE. ) );
#3388 =( NAMED_UNIT ( * ) SI_UNIT ( $, .STERADIAN. ) SOLID_ANGLE_UNIT ( ) );
#3389 = VECTOR ( 'NONE', #2959, 1000.000000000000000 ) ;
#3390 = STYLED_ITEM ( 'NONE', ( #1504 ), #1538 ) ;
#3391 = COLOUR_RGB ( '',0.7921568627450980000, 0.8196078431372548800, 0.9333333333333333500 ) ;
#3392 = ORIENTED_EDGE ( 'NONE', *, *, #3283, .F. ) ;
#3393 = EDGE_CURVE ( 'NONE', #1404, #1521, #2632, .T. ) ;
#3394 = COLOUR_RGB ( '',0.2509803921568627400, 0.2509803921568627400, 0.2509803921568627400 ) ;
#3395 = ORIENTED_EDGE ( 'NONE', *, *, #4609, .T. ) ;
#3396 = ADVANCED_FACE ( 'NONE', ( #4352 ), #1414, .T. ) ;
#3397 = STYLED_ITEM ( 'NONE', ( #4669 ), #3004 ) ;
#3398 = CARTESIAN_POINT ( 'NONE',  ( -1.600000000000000100, 1.000000000000000000, 0.0000000000000000000 ) ) ;
#3399 = ORIENTED_EDGE ( 'NONE', *, *, #3260, .F. ) ;
#3400 = ORIENTED_EDGE ( 'NONE', *, *, #2401, .T. ) ;
#3401 = SURFACE_STYLE_USAGE ( .BOTH. , #3691 ) ;
#3402 = SURFACE_STYLE_USAGE ( .BOTH. , #3042 ) ;
#3403 =( GEOMETRIC_REPRESENTATION_CONTEXT ( 3 ) GLOBAL_UNCERTAINTY_ASSIGNED_CONTEXT ( ( #4268 ) ) GLOBAL_UNIT_ASSIGNED_CONTEXT ( ( #3985, #2181, #2170 ) ) REPRESENTATION_CONTEXT ( 'NONE', 'WORKASPACE' ) );
#3404 = SURFACE_SIDE_STYLE ('',( #3894 ) ) ;
#3405 = ORIENTED_EDGE ( 'NONE', *, *, #3760, .T. ) ;
#3406 = UNCERTAINTY_MEASURE_WITH_UNIT (LENGTH_MEASURE( 1.000000000000000100E-005 ), #3780, 'distance_accuracy_value', 'NONE');
#3407 = FILL_AREA_STYLE ('',( #479 ) ) ;
#3408 = EDGE_LOOP ( 'NONE', ( #35, #1422, #2092, #635 ) ) ;
#3409 = ORIENTED_EDGE ( 'NONE', *, *, #3983, .F. ) ;
#3410 = ORIENTED_EDGE ( 'NONE', *, *, #2537, .F. ) ;
#3411 = DIRECTION ( 'NONE',  ( 0.0000000000000000000, 0.0000000000000000000, 1.000000000000000000 ) ) ;
#3412 = PRESENTATION_STYLE_ASSIGNMENT (( #1514 ) ) ;
#3413 = DIRECTION ( 'NONE',  ( -1.000000000000000000, 0.0000000000000000000, -0.0000000000000000000 ) ) ;
#3414 = DIRECTION ( 'NONE',  ( 0.0000000000000000000, 1.000000000000000000, 0.0000000000000000000 ) ) ;
#3415 = ORIENTED_EDGE ( 'NONE', *, *, #4671, .F. ) ;
#3416 =( GEOMETRIC_REPRESENTATION_CONTEXT ( 3 ) GLOBAL_UNCERTAINTY_ASSIGNED_CONTEXT ( ( #3931 ) ) GLOBAL_UNIT_ASSIGNED_CONTEXT ( ( #947, #181, #1684 ) ) REPRESENTATION_CONTEXT ( 'NONE', 'WORKASPACE' ) );
#3417 = DIRECTION ( 'NONE',  ( 1.000000000000000000, -0.0000000000000000000, 0.0000000000000000000 ) ) ;
#3418 = PLANE ( 'NONE',  #3517 ) ;
#3419 = FILL_AREA_STYLE_COLOUR ( '', #3778 ) ;
#3420 = ADVANCED_FACE ( 'NONE', ( #4340 ), #4345, .F. ) ;
#3421 = VECTOR ( 'NONE', #1370, 1000.000000000000000 ) ;
#3422 = DIRECTION ( 'NONE',  ( 0.0000000000000000000, -0.0000000000000000000, -1.000000000000000000 ) ) ;
#3423 = AXIS2_PLACEMENT_3D ( 'NONE', #3087, #4530, #3843 ) ;
#3424 = ORIENTED_EDGE ( 'NONE', *, *, #1973, .T. ) ;
#3425 =( NAMED_UNIT ( * ) SI_UNIT ( $, .STERADIAN. ) SOLID_ANGLE_UNIT ( ) );
#3426 =( GEOMETRIC_REPRESENTATION_CONTEXT ( 3 ) GLOBAL_UNCERTAINTY_ASSIGNED_CONTEXT ( ( #2767 ) ) GLOBAL_UNIT_ASSIGNED_CONTEXT ( ( #4396, #380, #1836 ) ) REPRESENTATION_CONTEXT ( 'NONE', 'WORKASPACE' ) );
#3427 = CARTESIAN_POINT ( 'NONE',  ( -1.600000000000000100, 1.000000000000000000, 0.0000000000000000000 ) ) ;
#3428 = MECHANICAL_DESIGN_GEOMETRIC_PRESENTATION_REPRESENTATION (  '', ( #2139 ), #1228 ) ;
#3429 = VECTOR ( 'NONE', #3650, 1000.000000000000000 ) ;
#3430 = COLOUR_RGB ( '',0.7529411764705882200, 0.7529411764705882200, 0.7529411764705882200 ) ;
#3431 = CARTESIAN_POINT ( 'NONE',  ( -1.850000000000000100, 2.000000000000000000, 0.2000000000000000100 ) ) ;
#3432 = COLOUR_RGB ( '',0.7529411764705882200, 0.7529411764705882200, 0.7529411764705882200 ) ;
#3433 = DIRECTION ( 'NONE',  ( 0.0000000000000000000, 0.0000000000000000000, -1.000000000000000000 ) ) ;
#3434 = DIRECTION ( 'NONE',  ( 1.000000000000000000, 0.0000000000000000000, 0.0000000000000000000 ) ) ;
#3435 = LINE ( 'NONE', #3281, #1387 ) ;
#3436 = VECTOR ( 'NONE', #4664, 1000.000000000000000 ) ;
#3437 = UNCERTAINTY_MEASURE_WITH_UNIT (LENGTH_MEASURE( 1.000000000000000100E-005 ), #4544, 'distance_accuracy_value', 'NONE');
#3438 = VERTEX_POINT ( 'NONE', #3602 ) ;
#3439 = DIRECTION ( 'NONE',  ( 0.0000000000000000000, 0.0000000000000000000, 1.000000000000000000 ) ) ;
#3440 = LINE ( 'NONE', #540, #4185 ) ;
#3441 = ORIENTED_EDGE ( 'NONE', *, *, #2160, .F. ) ;
#3442 = DIRECTION ( 'NONE',  ( 0.0000000000000000000, 1.000000000000000000, 0.0000000000000000000 ) ) ;
#3443 = EDGE_CURVE ( 'NONE', #4607, #3054, #3633, .T. ) ;
#3444 = LINE ( 'NONE', #1562, #2013 ) ;
#3445 = EDGE_LOOP ( 'NONE', ( #4375, #4358, #568, #1166 ) ) ;
#3446 = DIRECTION ( 'NONE',  ( 0.0000000000000000000, -0.0000000000000000000, -1.000000000000000000 ) ) ;
#3447 = DIRECTION ( 'NONE',  ( 0.0000000000000000000, 0.0000000000000000000, -1.000000000000000000 ) ) ;
#3448 = COLOUR_RGB ( '',0.7529411764705882200, 0.7529411764705882200, 0.7529411764705882200 ) ;
#3449 = CARTESIAN_POINT ( 'NONE',  ( -1.149999999999999900, 0.0000000000000000000, 0.0000000000000000000 ) ) ;
#3450 = SURFACE_STYLE_USAGE ( .BOTH. , #4587 ) ;
#3451 = ORIENTED_EDGE ( 'NONE', *, *, #2123, .F. ) ;
#3452 = SURFACE_SIDE_STYLE ('',( #4685 ) ) ;
#3453 = PRESENTATION_LAYER_ASSIGNMENT (  '', '', ( #2722 ) ) ;
#3454 =( NAMED_UNIT ( * ) SI_UNIT ( $, .STERADIAN. ) SOLID_ANGLE_UNIT ( ) );
#3455 = SURFACE_SIDE_STYLE ('',( #546 ) ) ;
#3456 = EDGE_CURVE ( 'NONE', #945, #3684, #4201, .T. ) ;
#3457 = ORIENTED_EDGE ( 'NONE', *, *, #4056, .F. ) ;
#3458 = PRESENTATION_LAYER_ASSIGNMENT (  '', '', ( #414 ) ) ;
#3459 = ORIENTED_EDGE ( 'NONE', *, *, #425, .T. ) ;
#3460 = DIRECTION ( 'NONE',  ( 0.0000000000000000000, 1.000000000000000000, 0.0000000000000000000 ) ) ;
#3461 = AXIS2_PLACEMENT_3D ( 'NONE', #571, #2102, #273 ) ;
#3462 = LINE ( 'NONE', #2283, #3967 ) ;
#3463 = CARTESIAN_POINT ( 'NONE',  ( -1.725000000000000100, 0.5000000000000000000, 0.2000000000000000100 ) ) ;
#3464 = FILL_AREA_STYLE ('',( #516 ) ) ;
#3465 = ORIENTED_EDGE ( 'NONE', *, *, #2507, .F. ) ;
#3466 = PLANE ( 'NONE',  #2737 ) ;
#3467 = UNCERTAINTY_MEASURE_WITH_UNIT (LENGTH_MEASURE( 1.000000000000000100E-005 ), #2626, 'distance_accuracy_value', 'NONE');
#3468 = AXIS2_PLACEMENT_3D ( 'NONE', #1246, #4514, #179 ) ;
#3469 = DIRECTION ( 'NONE',  ( 0.0000000000000000000, 0.0000000000000000000, -1.000000000000000000 ) ) ;
#3470 = ORIENTED_EDGE ( 'NONE', *, *, #781, .F. ) ;
#3471 = ADVANCED_FACE ( 'NONE', ( #2488 ), #400, .F. ) ;
#3472 = FILL_AREA_STYLE_COLOUR ( '', #3560 ) ;
#3473 = EDGE_CURVE ( 'NONE', #3174, #166, #80, .T. ) ;
#3474 = VERTEX_POINT ( 'NONE', #1486 ) ;
#3475 = FACE_OUTER_BOUND ( 'NONE', #3044, .T. ) ;
#3476 = FILL_AREA_STYLE ('',( #2003 ) ) ;
#3477 = PLANE ( 'NONE',  #4431 ) ;
#3478 =( GEOMETRIC_REPRESENTATION_CONTEXT ( 3 ) GLOBAL_UNCERTAINTY_ASSIGNED_CONTEXT ( ( #3437 ) ) GLOBAL_UNIT_ASSIGNED_CONTEXT ( ( #4544, #468, #3067 ) ) REPRESENTATION_CONTEXT ( 'NONE', 'WORKASPACE' ) );
#3479 = CARTESIAN_POINT ( 'NONE',  ( -0.4000000000000000200, 1.000000000000000000, 0.0000000000000000000 ) ) ;
#3480 = VECTOR ( 'NONE', #1966, 1000.000000000000000 ) ;
#3481 = SURFACE_SIDE_STYLE ('',( #4120 ) ) ;
#3482 = EDGE_CURVE ( 'NONE', #4607, #1348, #2121, .T. ) ;
#3483 = DIRECTION ( 'NONE',  ( -1.000000000000000000, -0.0000000000000000000, 0.0000000000000000000 ) ) ;
#3484 = DIRECTION ( 'NONE',  ( -1.000000000000000000, 0.0000000000000000000, -0.0000000000000000000 ) ) ;
#3485 = CARTESIAN_POINT ( 'NONE',  ( -1.600000000000000100, 0.2999999999999999900, 1.550000000000000300 ) ) ;
#3486 = PRESENTATION_LAYER_ASSIGNMENT (  '', '', ( #2851 ) ) ;
#3487 = SURFACE_STYLE_FILL_AREA ( #3111 ) ;
#3488 = PRESENTATION_LAYER_ASSIGNMENT (  '', '', ( #3730 ) ) ;
#3489 = CARTESIAN_POINT ( 'NONE',  ( -0.7750000000000001300, 1.850000000000000100, 0.0000000000000000000 ) ) ;
#3490 = VECTOR ( 'NONE', #3705, 1000.000000000000000 ) ;
#3491 = EDGE_CURVE ( 'NONE', #1512, #4563, #2921, .T. ) ;
#3492 = FILL_AREA_STYLE ('',( #551 ) ) ;
#3493 = COLOUR_RGB ( '',0.2509803921568627400, 0.2509803921568627400, 0.2509803921568627400 ) ;
#3494 = CARTESIAN_POINT ( 'NONE',  ( -0.4000000000000000200, 0.07499999999999999700, 0.2000000000000000100 ) ) ;
#3495 = ORIENTED_EDGE ( 'NONE', *, *, #2161, .T. ) ;
#3496 = PLANE ( 'NONE',  #1864 ) ;
#3497 =( LENGTH_UNIT ( ) NAMED_UNIT ( * ) SI_UNIT ( .MILLI., .METRE. ) );
#3498 = CARTESIAN_POINT ( 'NONE',  ( -0.1499999999999999700, 0.4000000000000000200, 0.2000000000000000100 ) ) ;
#3499 = FACE_OUTER_BOUND ( 'NONE', #4032, .T. ) ;
#3500 = DIRECTION ( 'NONE',  ( 0.0000000000000000000, -0.0000000000000000000, -1.000000000000000000 ) ) ;
#3501 = FILL_AREA_STYLE ('',( #1774 ) ) ;
#3502 = ORIENTED_EDGE ( 'NONE', *, *, #565, .F. ) ;
#3503 = EDGE_CURVE ( 'NONE', #812, #4550, #4121, .T. ) ;
#3504 = EDGE_CURVE ( 'NONE', #2146, #218, #2004, .T. ) ;
#3505 = PRESENTATION_STYLE_ASSIGNMENT (( #387 ) ) ;
#3506 = ORIENTED_EDGE ( 'NONE', *, *, #830, .F. ) ;
#3507 = DIRECTION ( 'NONE',  ( 0.0000000000000000000, 1.000000000000000000, -0.0000000000000000000 ) ) ;
#3508 = SURFACE_STYLE_FILL_AREA ( #3687 ) ;
#3509 = DIRECTION ( 'NONE',  ( -0.0000000000000000000, 0.0000000000000000000, -1.000000000000000000 ) ) ;
#3510 = ORIENTED_EDGE ( 'NONE', *, *, #4416, .T. ) ;
#3511 = SURFACE_STYLE_USAGE ( .BOTH. , #2038 ) ;
#3512 =( NAMED_UNIT ( * ) SI_UNIT ( $, .STERADIAN. ) SOLID_ANGLE_UNIT ( ) );
#3513 = FILL_AREA_STYLE ('',( #3895 ) ) ;
#3514 = CARTESIAN_POINT ( 'NONE',  ( -0.7750000000000001300, 2.000000000000000000, 0.2000000000000000100 ) ) ;
#3515 = DIRECTION ( 'NONE',  ( 1.000000000000000000, 0.0000000000000000000, 0.0000000000000000000 ) ) ;
#3516 = ORIENTED_EDGE ( 'NONE', *, *, #2609, .T. ) ;
#3517 = AXIS2_PLACEMENT_3D ( 'NONE', #4104, #2291, #114 ) ;
#3518 = DIRECTION ( 'NONE',  ( 1.000000000000000000, 0.0000000000000000000, 0.0000000000000000000 ) ) ;
#3519 =( LENGTH_UNIT ( ) NAMED_UNIT ( * ) SI_UNIT ( .MILLI., .METRE. ) );
#3520 = EDGE_CURVE ( 'NONE', #470, #1519, #3152, .T. ) ;
#3521 = ORIENTED_EDGE ( 'NONE', *, *, #2161, .F. ) ;
#3522 = ORIENTED_EDGE ( 'NONE', *, *, #2687, .F. ) ;
#3523 = MECHANICAL_DESIGN_GEOMETRIC_PRESENTATION_REPRESENTATION (  '', ( #2968 ), #4500 ) ;
#3524 = VECTOR ( 'NONE', #3958, 1000.000000000000000 ) ;
#3525 = ORIENTED_EDGE ( 'NONE', *, *, #1184, .F. ) ;
#3526 = UNCERTAINTY_MEASURE_WITH_UNIT (LENGTH_MEASURE( 1.000000000000000100E-005 ), #3178, 'distance_accuracy_value', 'NONE');
#3527 = SURFACE_SIDE_STYLE ('',( #2635 ) ) ;
#3528 = ORIENTED_EDGE ( 'NONE', *, *, #2182, .F. ) ;
#3529 = DIRECTION ( 'NONE',  ( -1.000000000000000000, 0.0000000000000000000, -0.0000000000000000000 ) ) ;
#3530 = VECTOR ( 'NONE', #4362, 1000.000000000000000 ) ;
#3531 =( NAMED_UNIT ( * ) PLANE_ANGLE_UNIT ( ) SI_UNIT ( $, .RADIAN. ) );
#3532 =( NAMED_UNIT ( * ) SI_UNIT ( $, .STERADIAN. ) SOLID_ANGLE_UNIT ( ) );
#3533 = ORIENTED_EDGE ( 'NONE', *, *, #1094, .T. ) ;
#3534 = CARTESIAN_POINT ( 'NONE',  ( -1.800000000000000300, 0.2999999999999999900, 1.600000000000000100 ) ) ;
#3535 =( NAMED_UNIT ( * ) PLANE_ANGLE_UNIT ( ) SI_UNIT ( $, .RADIAN. ) );
#3536 = EDGE_CURVE ( 'NONE', #3806, #1641, #3772, .T. ) ;
#3537 = DIRECTION ( 'NONE',  ( 1.000000000000000000, 0.0000000000000000000, 0.0000000000000000000 ) ) ;
#3538 = ORIENTED_EDGE ( 'NONE', *, *, #3491, .T. ) ;
#3539 = LINE ( 'NONE', #3134, #1433 ) ;
#3540 = DIRECTION ( 'NONE',  ( 0.0000000000000000000, 1.000000000000000000, 0.0000000000000000000 ) ) ;
#3541 =( NAMED_UNIT ( * ) SI_UNIT ( $, .STERADIAN. ) SOLID_ANGLE_UNIT ( ) );
#3542 = AXIS2_PLACEMENT_3D ( 'NONE', #1426, #3634, #4391 ) ;
#3543 = DIRECTION ( 'NONE',  ( -1.000000000000000000, 0.0000000000000000000, -0.0000000000000000000 ) ) ;
#3544 =( NAMED_UNIT ( * ) SI_UNIT ( $, .STERADIAN. ) SOLID_ANGLE_UNIT ( ) );
#3545 = EDGE_CURVE ( 'NONE', #2306, #2638, #1201, .T. ) ;
#3546 = FILL_AREA_STYLE_COLOUR ( '', #3107 ) ;
#3547 = CARTESIAN_POINT ( 'NONE',  ( -2.000000000000000000, 0.8750000000000000000, 0.0000000000000000000 ) ) ;
#3548 = PRESENTATION_STYLE_ASSIGNMENT (( #2318 ) ) ;
#3549 = FILL_AREA_STYLE_COLOUR ( '', #3011 ) ;
#3550 = STYLED_ITEM ( 'NONE', ( #2193 ), #3070 ) ;
#3551 = FACE_OUTER_BOUND ( 'NONE', #3040, .T. ) ;
#3552 = SURFACE_STYLE_FILL_AREA ( #434 ) ;
#3553 = SURFACE_SIDE_STYLE ('',( #1638 ) ) ;
#3554 = AXIS2_PLACEMENT_3D ( 'NONE', #3891, #2445, #1708 ) ;
#3555 = DIRECTION ( 'NONE',  ( 0.0000000000000000000, -0.0000000000000000000, 1.000000000000000000 ) ) ;
#3556 = FACE_OUTER_BOUND ( 'NONE', #538, .T. ) ;
#3557 = ORIENTED_EDGE ( 'NONE', *, *, #3019, .F. ) ;
#3558 = SURFACE_SIDE_STYLE ('',( #4250 ) ) ;
#3559 = VECTOR ( 'NONE', #433, 1000.000000000000000 ) ;
#3560 = COLOUR_RGB ( '',0.7529411764705882200, 0.7529411764705882200, 0.7529411764705882200 ) ;
#3561 = CARTESIAN_POINT ( 'NONE',  ( -1.850000000000000100, 0.2000000000000000100, 0.0000000000000000000 ) ) ;
#3562 = FILL_AREA_STYLE ('',( #4668 ) ) ;
#3563 = ORIENTED_EDGE ( 'NONE', *, *, #493, .T. ) ;
#3564 = DIRECTION ( 'NONE',  ( 0.0000000000000000000, 0.0000000000000000000, -1.000000000000000000 ) ) ;
#3565 = CARTESIAN_POINT ( 'NONE',  ( -0.8000000000000000400, 1.125000000000000200, 0.2000000000000000100 ) ) ;
#3566 = EDGE_LOOP ( 'NONE', ( #4323, #4487, #1910, #1452 ) ) ;
#3567 =( NAMED_UNIT ( * ) SI_UNIT ( $, .STERADIAN. ) SOLID_ANGLE_UNIT ( ) );
#3568 = LINE ( 'NONE', #681, #2592 ) ;
#3569 = SURFACE_STYLE_FILL_AREA ( #3284 ) ;
#3570 = ORIENTED_EDGE ( 'NONE', *, *, #1825, .F. ) ;
#3571 = ORIENTED_EDGE ( 'NONE', *, *, #690, .F. ) ;
#3572 = DIRECTION ( 'NONE',  ( 1.000000000000000000, 0.0000000000000000000, 0.0000000000000000000 ) ) ;
#3573 = MECHANICAL_DESIGN_GEOMETRIC_PRESENTATION_REPRESENTATION (  '', ( #3008 ), #2589 ) ;
#3574 = PRESENTATION_STYLE_ASSIGNMENT (( #219 ) ) ;
#3575 =( LENGTH_UNIT ( ) NAMED_UNIT ( * ) SI_UNIT ( .MILLI., .METRE. ) );
#3576 = ORIENTED_EDGE ( 'NONE', *, *, #2034, .T. ) ;
#3577 = EDGE_CURVE ( 'NONE', #4731, #3751, #562, .T. ) ;
#3578 = EDGE_CURVE ( 'NONE', #2036, #644, #3890, .T. ) ;
#3579 = ORIENTED_EDGE ( 'NONE', *, *, #3380, .T. ) ;
#3580 = DIRECTION ( 'NONE',  ( -0.0000000000000000000, 0.0000000000000000000, -1.000000000000000000 ) ) ;
#3581 = DIRECTION ( 'NONE',  ( 0.0000000000000000000, 0.0000000000000000000, -1.000000000000000000 ) ) ;
#3582 = DIRECTION ( 'NONE',  ( -0.0000000000000000000, 0.0000000000000000000, 1.000000000000000000 ) ) ;
#3583 = ORIENTED_EDGE ( 'NONE', *, *, #1741, .T. ) ;
#3584 = STYLED_ITEM ( 'NONE', ( #3375 ), #3000 ) ;
#3585 = SURFACE_SIDE_STYLE ('',( #3378 ) ) ;
#3586 = SURFACE_STYLE_USAGE ( .BOTH. , #4675 ) ;
#3587 = COLOUR_RGB ( '',0.7529411764705882200, 0.7529411764705882200, 0.7529411764705882200 ) ;
#3588 = PRESENTATION_LAYER_ASSIGNMENT (  '', '', ( #1656 ) ) ;
#3589 = CARTESIAN_POINT ( 'NONE',  ( -0.1499999999999999700, 1.000000000000000000, 0.0000000000000000000 ) ) ;
#3590 = ORIENTED_EDGE ( 'NONE', *, *, #1319, .T. ) ;
#3591 = MANIFOLD_SOLID_BREP ( 'Rectangle1_2-1-solid1', #1227 ) ;
#3592 = STYLED_ITEM ( 'NONE', ( #3360 ), #4147 ) ;
#3593 = SURFACE_STYLE_FILL_AREA ( #3733 ) ;
#3594 = CARTESIAN_POINT ( 'NONE',  ( -1.399999999999999900, 0.2999999999999999900, 1.600000000000000100 ) ) ;
#3595 = ORIENTED_EDGE ( 'NONE', *, *, #197, .F. ) ;
#3596 = FILL_AREA_STYLE ('',( #4371 ) ) ;
#3597 =( LENGTH_UNIT ( ) NAMED_UNIT ( * ) SI_UNIT ( .MILLI., .METRE. ) );
#3598 =( NAMED_UNIT ( * ) PLANE_ANGLE_UNIT ( ) SI_UNIT ( $, .RADIAN. ) );
#3599 = VECTOR ( 'NONE', #1723, 1000.000000000000000 ) ;
#3600 =( NAMED_UNIT ( * ) SI_UNIT ( $, .STERADIAN. ) SOLID_ANGLE_UNIT ( ) );
#3601 = SURFACE_STYLE_FILL_AREA ( #1352 ) ;
#3602 = CARTESIAN_POINT ( 'NONE',  ( -1.399999999999999900, 0.0000000000000000000, 0.2000000000000000100 ) ) ;
#3603 =( NAMED_UNIT ( * ) SI_UNIT ( $, .STERADIAN. ) SOLID_ANGLE_UNIT ( ) );
#3604 = SURFACE_STYLE_FILL_AREA ( #3407 ) ;
#3605 = PLANE ( 'NONE',  #919 ) ;
#3606 = SURFACE_STYLE_USAGE ( .BOTH. , #1030 ) ;
#3607 = LINE ( 'NONE', #3870, #3368 ) ;
#3608 = FILL_AREA_STYLE_COLOUR ( '', #3587 ) ;
#3609 = EDGE_CURVE ( 'NONE', #2986, #4194, #2756, .T. ) ;
#3610 = FACE_OUTER_BOUND ( 'NONE', #3220, .T. ) ;
#3611 = SURFACE_STYLE_FILL_AREA ( #1261 ) ;
#3612 = VECTOR ( 'NONE', #2566, 1000.000000000000000 ) ;
#3613 = AXIS2_PLACEMENT_3D ( 'NONE', #4524, #2755, #3484 ) ;
#3614 = DIRECTION ( 'NONE',  ( -0.0000000000000000000, 0.0000000000000000000, -1.000000000000000000 ) ) ;
#3615 = CARTESIAN_POINT ( 'NONE',  ( -0.3999999999999999700, 1.850000000000000100, 0.0000000000000000000 ) ) ;
#3616 = EDGE_CURVE ( 'NONE', #600, #4322, #793, .T. ) ;
#3617 = STYLED_ITEM ( 'NONE', ( #2066 ), #30 ) ;
#3618 = CARTESIAN_POINT ( 'NONE',  ( -0.4000000000000000200, 1.850000000000000100, 0.2000000000000000100 ) ) ;
#3619 = UNCERTAINTY_MEASURE_WITH_UNIT (LENGTH_MEASURE( 1.000000000000000100E-005 ), #983, 'distance_accuracy_value', 'NONE');
#3620 = PRESENTATION_STYLE_ASSIGNMENT (( #1791 ) ) ;
#3621 =( NAMED_UNIT ( * ) PLANE_ANGLE_UNIT ( ) SI_UNIT ( $, .RADIAN. ) );
#3622 = CARTESIAN_POINT ( 'NONE',  ( -1.399999999999999900, 0.0000000000000000000, 0.2000000000000000100 ) ) ;
#3623 = EDGE_LOOP ( 'NONE', ( #4333, #4532, #1118, #1617 ) ) ;
#3624 = CARTESIAN_POINT ( 'NONE',  ( -2.000000000000000000, 0.0000000000000000000, 0.0000000000000000000 ) ) ;
#3625 = AXIS2_PLACEMENT_3D ( 'NONE', #3164, #2894, #1660 ) ;
#3626 = ORIENTED_EDGE ( 'NONE', *, *, #1435, .F. ) ;
#3627 = LINE ( 'NONE', #3737, #2768 ) ;
#3628 = PRODUCT_DEFINITION_FORMATION_WITH_SPECIFIED_SOURCE ( 'ANY', '', #2777, .NOT_KNOWN. ) ;
#3629 = ORIENTED_EDGE ( 'NONE', *, *, #4556, .T. ) ;
#3630 = DIRECTION ( 'NONE',  ( -0.0000000000000000000, -1.000000000000000000, -0.0000000000000000000 ) ) ;
#3631 = VECTOR ( 'NONE', #1479, 1000.000000000000000 ) ;
#3632 = FILL_AREA_STYLE ('',( #2597 ) ) ;
#3633 = LINE ( 'NONE', #739, #1289 ) ;
#3634 = DIRECTION ( 'NONE',  ( -1.000000000000000000, 0.0000000000000000000, -0.0000000000000000000 ) ) ;
#3635 = VERTEX_POINT ( 'NONE', #3431 ) ;
#3636 = SURFACE_STYLE_USAGE ( .BOTH. , #1072 ) ;
#3637 = DIRECTION ( 'NONE',  ( -1.000000000000000000, 0.0000000000000000000, -0.0000000000000000000 ) ) ;
#3638 =( NAMED_UNIT ( * ) PLANE_ANGLE_UNIT ( ) SI_UNIT ( $, .RADIAN. ) );
#3639 = CARTESIAN_POINT ( 'NONE',  ( -1.149999999999999900, 0.0000000000000000000, 0.0000000000000000000 ) ) ;
#3640 = ORIENTED_EDGE ( 'NONE', *, *, #225, .F. ) ;
#3641 = VERTEX_POINT ( 'NONE', #2570 ) ;
#3642 = PRESENTATION_LAYER_ASSIGNMENT (  '', '', ( #688 ) ) ;
#3643 = CARTESIAN_POINT ( 'NONE',  ( -1.149999999999999900, 2.000000000000000000, 0.0000000000000000000 ) ) ;
#3644 = EDGE_CURVE ( 'NONE', #6, #945, #684, .T. ) ;
#3645 = ORIENTED_EDGE ( 'NONE', *, *, #718, .T. ) ;
#3646 = DIRECTION ( 'NONE',  ( -0.0000000000000000000, -1.000000000000000000, 0.0000000000000000000 ) ) ;
#3647 =( GEOMETRIC_REPRESENTATION_CONTEXT ( 3 ) GLOBAL_UNCERTAINTY_ASSIGNED_CONTEXT ( ( #3325 ) ) GLOBAL_UNIT_ASSIGNED_CONTEXT ( ( #3903, #4273, #2068 ) ) REPRESENTATION_CONTEXT ( 'NONE', 'WORKASPACE' ) );
#3648 = SURFACE_SIDE_STYLE ('',( #2130 ) ) ;
#3649 = PRESENTATION_LAYER_ASSIGNMENT (  '', '', ( #3584 ) ) ;
#3650 = DIRECTION ( 'NONE',  ( -0.0000000000000000000, 0.0000000000000000000, -1.000000000000000000 ) ) ;
#3651 = ORIENTED_EDGE ( 'NONE', *, *, #750, .T. ) ;
#3652 = DIRECTION ( 'NONE',  ( 1.000000000000000000, 0.0000000000000000000, 0.0000000000000000000 ) ) ;
#3653 = UNCERTAINTY_MEASURE_WITH_UNIT (LENGTH_MEASURE( 1.000000000000000100E-005 ), #3867, 'distance_accuracy_value', 'NONE');
#3654 = MECHANICAL_DESIGN_GEOMETRIC_PRESENTATION_REPRESENTATION (  '', ( #49 ), #1357 ) ;
#3655 = CARTESIAN_POINT ( 'NONE',  ( -2.000000000000000000, 2.000000000000000000, 0.0000000000000000000 ) ) ;
#3656 = LINE ( 'NONE', #3719, #2733 ) ;
#3657 = AXIS2_PLACEMENT_3D ( 'NONE', #1085, #3637, #696 ) ;
#3658 = FACE_OUTER_BOUND ( 'NONE', #4657, .T. ) ;
#3659 = CARTESIAN_POINT ( 'NONE',  ( -0.9000000000000001300, 0.07499999999999999700, 0.2000000000000000100 ) ) ;
#3660 = CARTESIAN_POINT ( 'NONE',  ( 0.0000000000000000000, 0.8750000000000000000, 0.2000000000000000100 ) ) ;
#3661 = EDGE_CURVE ( 'NONE', #203, #3005, #2810, .T. ) ;
#3662 = CARTESIAN_POINT ( 'NONE',  ( -1.850000000000000100, 1.600000000000000100, 0.2000000000000000100 ) ) ;
#3663 = PLANE ( 'NONE',  #3657 ) ;
#3664 = DIRECTION ( 'NONE',  ( -0.0000000000000000000, 0.0000000000000000000, 1.000000000000000000 ) ) ;
#3665 = CARTESIAN_POINT ( 'NONE',  ( -0.9000000000000001300, 1.800000000000000300, 0.0000000000000000000 ) ) ;
#3666 = STYLED_ITEM ( 'NONE', ( #65 ), #1497 ) ;
#3667 = COLOUR_RGB ( '',0.7529411764705882200, 0.7529411764705882200, 0.7529411764705882200 ) ;
#3668 =( GEOMETRIC_REPRESENTATION_CONTEXT ( 3 ) GLOBAL_UNCERTAINTY_ASSIGNED_CONTEXT ( ( #1362 ) ) GLOBAL_UNIT_ASSIGNED_CONTEXT ( ( #1745, #354, #4704 ) ) REPRESENTATION_CONTEXT ( 'NONE', 'WORKASPACE' ) );
#3669 = CARTESIAN_POINT ( 'NONE',  ( -1.800000000000000300, 0.2999999999999999900, 1.600000000000000100 ) ) ;
#3670 =( NAMED_UNIT ( * ) PLANE_ANGLE_UNIT ( ) SI_UNIT ( $, .RADIAN. ) );
#3671 = UNCERTAINTY_MEASURE_WITH_UNIT (LENGTH_MEASURE( 1.000000000000000100E-005 ), #3812, 'distance_accuracy_value', 'NONE');
#3672 = ORIENTED_EDGE ( 'NONE', *, *, #1921, .F. ) ;
#3673 =( GEOMETRIC_REPRESENTATION_CONTEXT ( 3 ) GLOBAL_UNCERTAINTY_ASSIGNED_CONTEXT ( ( #258 ) ) GLOBAL_UNIT_ASSIGNED_CONTEXT ( ( #1311, #575, #3512 ) ) REPRESENTATION_CONTEXT ( 'NONE', 'WORKASPACE' ) );
#3674 = CARTESIAN_POINT ( 'NONE',  ( -1.399999999999999900, 0.2999999999999999900, 1.600000000000000100 ) ) ;
#3675 = LINE ( 'NONE', #3489, #4061 ) ;
#3676 = SURFACE_SIDE_STYLE ('',( #2243 ) ) ;
#3677 = CARTESIAN_POINT ( 'NONE',  ( -1.149999999999999900, 2.000000000000000000, 0.2000000000000000100 ) ) ;
#3678 = VECTOR ( 'NONE', #1574, 1000.000000000000000 ) ;
#3679 =( GEOMETRIC_REPRESENTATION_CONTEXT ( 3 ) GLOBAL_UNCERTAINTY_ASSIGNED_CONTEXT ( ( #2674 ) ) GLOBAL_UNIT_ASSIGNED_CONTEXT ( ( #3814, #1297, #2734 ) ) REPRESENTATION_CONTEXT ( 'NONE', 'WORKASPACE' ) );
#3680 = ORIENTED_EDGE ( 'NONE', *, *, #1596, .F. ) ;
#3681 =( NAMED_UNIT ( * ) SI_UNIT ( $, .STERADIAN. ) SOLID_ANGLE_UNIT ( ) );
#3682 = ORIENTED_EDGE ( 'NONE', *, *, #1143, .F. ) ;
#3683 = SURFACE_STYLE_USAGE ( .BOTH. , #58 ) ;
#3684 = VERTEX_POINT ( 'NONE', #1174 ) ;
#3685 = VERTEX_POINT ( 'NONE', #1245 ) ;
#3686 = LINE ( 'NONE', #159, #3051 ) ;
#3687 = FILL_AREA_STYLE ('',( #1160 ) ) ;
#3688 = ORIENTED_EDGE ( 'NONE', *, *, #1400, .F. ) ;
#3689 = EDGE_CURVE ( 'NONE', #644, #812, #2279, .T. ) ;
#3690 = ORIENTED_EDGE ( 'NONE', *, *, #4714, .T. ) ;
#3691 = SURFACE_SIDE_STYLE ('',( #1777 ) ) ;
#3692 = DIRECTION ( 'NONE',  ( 0.0000000000000000000, -0.0000000000000000000, -1.000000000000000000 ) ) ;
#3693 = CARTESIAN_POINT ( 'NONE',  ( -0.6500000000000001300, 1.925000000000000000, 0.2000000000000000100 ) ) ;
#3694 = ORIENTED_EDGE ( 'NONE', *, *, #2808, .F. ) ;
#3695 = VECTOR ( 'NONE', #1419, 1000.000000000000000 ) ;
#3696 = VERTEX_POINT ( 'NONE', #4101 ) ;
#3697 = PRESENTATION_LAYER_ASSIGNMENT (  '', '', ( #359 ) ) ;
#3698 = LINE ( 'NONE', #3677, #2849 ) ;
#3699 = EDGE_CURVE ( 'NONE', #2759, #3811, #1089, .T. ) ;
#3700 = EDGE_LOOP ( 'NONE', ( #262, #1019, #4433, #1298 ) ) ;
#3701 =( GEOMETRIC_REPRESENTATION_CONTEXT ( 3 ) GLOBAL_UNCERTAINTY_ASSIGNED_CONTEXT ( ( #1272 ) ) GLOBAL_UNIT_ASSIGNED_CONTEXT ( ( #95, #800, #2268 ) ) REPRESENTATION_CONTEXT ( 'NONE', 'WORKASPACE' ) );
#3702 = DIRECTION ( 'NONE',  ( 0.0000000000000000000, 0.0000000000000000000, 1.000000000000000000 ) ) ;
#3703 = PRESENTATION_STYLE_ASSIGNMENT (( #3255 ) ) ;
#3704 = ADVANCED_FACE ( 'NONE', ( #3277 ), #1912, .T. ) ;
#3705 = DIRECTION ( 'NONE',  ( -0.0000000000000000000, 0.0000000000000000000, -1.000000000000000000 ) ) ;
#3706 = CARTESIAN_POINT ( 'NONE',  ( 0.0000000000000000000, 1.125000000000000200, 0.2000000000000000100 ) ) ;
#3707 = MECHANICAL_DESIGN_GEOMETRIC_PRESENTATION_REPRESENTATION (  '', ( #1592 ), #2145 ) ;
#3708 =( GEOMETRIC_REPRESENTATION_CONTEXT ( 3 ) GLOBAL_UNCERTAINTY_ASSIGNED_CONTEXT ( ( #2555 ) ) GLOBAL_UNIT_ASSIGNED_CONTEXT ( ( #2354, #870, #891 ) ) REPRESENTATION_CONTEXT ( 'NONE', 'WORKASPACE' ) );
#3709 = FILL_AREA_STYLE ('',( #2548 ) ) ;
#3710 = COLOUR_RGB ( '',0.7529411764705882200, 0.7529411764705882200, 0.7529411764705882200 ) ;
#3711 = ADVANCED_FACE ( 'NONE', ( #3944 ), #3766, .F. ) ;
#3712 = LINE ( 'NONE', #1568, #2747 ) ;
#3713 = VECTOR ( 'NONE', #1631, 1000.000000000000000 ) ;
#3714 = SURFACE_STYLE_USAGE ( .BOTH. , #1522 ) ;
#3715 = CARTESIAN_POINT ( 'NONE',  ( -0.6500000000000001300, 0.07499999999999999700, 0.2000000000000000100 ) ) ;
#3716 = VECTOR ( 'NONE', #3646, 1000.000000000000000 ) ;
#3717 = COLOUR_RGB ( '',0.7529411764705882200, 0.7529411764705882200, 0.7529411764705882200 ) ;
#3718 = FILL_AREA_STYLE ('',( #1866 ) ) ;
#3719 = CARTESIAN_POINT ( 'NONE',  ( -1.600000000000000100, 0.5000000000000000000, 0.0000000000000000000 ) ) ;
#3720 = FACE_OUTER_BOUND ( 'NONE', #4081, .T. ) ;
#3721 = PLANE ( 'NONE',  #979 ) ;
#3722 = ORIENTED_EDGE ( 'NONE', *, *, #613, .F. ) ;
#3723 = ADVANCED_FACE ( 'NONE', ( #2625 ), #474, .T. ) ;
#3724 = EDGE_CURVE ( 'NONE', #1105, #3174, #918, .T. ) ;
#3725 = UNCERTAINTY_MEASURE_WITH_UNIT (LENGTH_MEASURE( 1.000000000000000100E-005 ), #3768, 'distance_accuracy_value', 'NONE');
#3726 =( LENGTH_UNIT ( ) NAMED_UNIT ( * ) SI_UNIT ( .MILLI., .METRE. ) );
#3727 = VERTEX_POINT ( 'NONE', #178 ) ;
#3728 = MECHANICAL_DESIGN_GEOMETRIC_PRESENTATION_REPRESENTATION (  '', ( #2851 ), #3252 ) ;
#3729 = FILL_AREA_STYLE ('',( #2236 ) ) ;
#3730 = STYLED_ITEM ( 'NONE', ( #2219 ), #374 ) ;
#3731 = ORIENTED_EDGE ( 'NONE', *, *, #3217, .F. ) ;
#3732 = DIRECTION ( 'NONE',  ( 0.0000000000000000000, -0.0000000000000000000, 1.000000000000000000 ) ) ;
#3733 = FILL_AREA_STYLE ('',( #4418 ) ) ;
#3734 = LINE ( 'NONE', #3589, #2426 ) ;
#3735 = AXIS2_PLACEMENT_3D ( 'NONE', #3273, #2210, #4021 ) ;
#3736 = SURFACE_STYLE_FILL_AREA ( #1028 ) ;
#3737 = CARTESIAN_POINT ( 'NONE',  ( -1.600000000000000100, 0.5000000000000000000, 0.0000000000000000000 ) ) ;
#3738 = ADVANCED_FACE ( 'NONE', ( #2337 ), #1977, .T. ) ;
#3739 = ORIENTED_EDGE ( 'NONE', *, *, #1939, .T. ) ;
#3740 = DIRECTION ( 'NONE',  ( -0.0000000000000000000, 0.0000000000000000000, 1.000000000000000000 ) ) ;
#3741 = ORIENTED_EDGE ( 'NONE', *, *, #524, .T. ) ;
#3742 = ORIENTED_EDGE ( 'NONE', *, *, #1319, .F. ) ;
#3743 = DIRECTION ( 'NONE',  ( -1.000000000000000000, -0.0000000000000000000, 0.0000000000000000000 ) ) ;
#3744 = PRESENTATION_STYLE_ASSIGNMENT (( #2697 ) ) ;
#3745 = EDGE_CURVE ( 'NONE', #3920, #263, #1384, .T. ) ;
#3746 = VERTEX_POINT ( 'NONE', #2353 ) ;
#3747 = DIRECTION ( 'NONE',  ( 1.000000000000000000, 0.0000000000000000000, -0.0000000000000000000 ) ) ;
#3748 = EDGE_CURVE ( 'NONE', #709, #3069, #2693, .T. ) ;
#3749 = DIRECTION ( 'NONE',  ( 1.000000000000000000, 0.0000000000000000000, -0.0000000000000000000 ) ) ;
#3750 = SURFACE_SIDE_STYLE ('',( #346 ) ) ;
#3751 = VERTEX_POINT ( 'NONE', #2022 ) ;
#3752 = CARTESIAN_POINT ( 'NONE',  ( -1.149999999999999900, 0.0000000000000000000, 0.2000000000000000100 ) ) ;
#3753 = AXIS2_PLACEMENT_3D ( 'NONE', #839, #1530, #1565 ) ;
#3754 =( NAMED_UNIT ( * ) PLANE_ANGLE_UNIT ( ) SI_UNIT ( $, .RADIAN. ) );
#3755 = ADVANCED_FACE ( 'NONE', ( #3083 ), #3477, .T. ) ;
#3756 = UNCERTAINTY_MEASURE_WITH_UNIT (LENGTH_MEASURE( 1.000000000000000100E-005 ), #2996, 'distance_accuracy_value', 'NONE');
#3757 = FILL_AREA_STYLE_COLOUR ( '', #4446 ) ;
#3758 = ORIENTED_EDGE ( 'NONE', *, *, #156, .F. ) ;
#3759 = PRESENTATION_LAYER_ASSIGNMENT (  '', '', ( #1223 ) ) ;
#3760 = EDGE_CURVE ( 'NONE', #4278, #628, #4114, .T. ) ;
#3761 = PLANE ( 'NONE',  #1948 ) ;
#3762 = ORIENTED_EDGE ( 'NONE', *, *, #304, .F. ) ;
#3763 =( GEOMETRIC_REPRESENTATION_CONTEXT ( 3 ) GLOBAL_UNCERTAINTY_ASSIGNED_CONTEXT ( ( #23 ) ) GLOBAL_UNIT_ASSIGNED_CONTEXT ( ( #2717, #4549, #500 ) ) REPRESENTATION_CONTEXT ( 'NONE', 'WORKASPACE' ) );
#3764 = CARTESIAN_POINT ( 'NONE',  ( -0.8000000000000000400, 1.125000000000000200, 0.2000000000000000100 ) ) ;
#3765 = VECTOR ( 'NONE', #3868, 1000.000000000000000 ) ;
#3766 = PLANE ( 'NONE',  #4197 ) ;
#3767 = CARTESIAN_POINT ( 'NONE',  ( -1.399999999999999900, 2.000000000000000000, 0.0000000000000000000 ) ) ;
#3768 =( LENGTH_UNIT ( ) NAMED_UNIT ( * ) SI_UNIT ( .MILLI., .METRE. ) );
#3769 =( NAMED_UNIT ( * ) PLANE_ANGLE_UNIT ( ) SI_UNIT ( $, .RADIAN. ) );
#3770 = LINE ( 'NONE', #922, #2920 ) ;
#3771 = ADVANCED_FACE ( 'NONE', ( #1532 ), #236, .T. ) ;
#3772 = LINE ( 'NONE', #787, #1270 ) ;
#3773 = CARTESIAN_POINT ( 'NONE',  ( -0.6500000000000001300, 0.0000000000000000000, 0.2000000000000000100 ) ) ;
#3774 = EDGE_CURVE ( 'NONE', #4313, #2759, #3770, .T. ) ;
#3775 = LINE ( 'NONE', #2859, #2119 ) ;
#3776 = FILL_AREA_STYLE_COLOUR ( '', #1852 ) ;
#3777 = LINE ( 'NONE', #3874, #2812 ) ;
#3778 = COLOUR_RGB ( '',0.7529411764705882200, 0.7529411764705882200, 0.7529411764705882200 ) ;
#3779 = LINE ( 'NONE', #4554, #2817 ) ;
#3780 =( LENGTH_UNIT ( ) NAMED_UNIT ( * ) SI_UNIT ( .MILLI., .METRE. ) );
#3781 = LINE ( 'NONE', #1258, #4703 ) ;
#3782 = ORIENTED_EDGE ( 'NONE', *, *, #4128, .T. ) ;
#3783 = PLANE ( 'NONE',  #4492 ) ;
#3784 = PLANE ( 'NONE',  #339 ) ;
#3785 = UNCERTAINTY_MEASURE_WITH_UNIT (LENGTH_MEASURE( 1.000000000000000100E-005 ), #929, 'distance_accuracy_value', 'NONE');
#3786 = PRESENTATION_LAYER_ASSIGNMENT (  '', '', ( #3390 ) ) ;
#3787 = PLANE ( 'NONE',  #2934 ) ;
#3788 = ORIENTED_EDGE ( 'NONE', *, *, #2280, .F. ) ;
#3789 = EDGE_CURVE ( 'NONE', #1550, #449, #4574, .T. ) ;
#3790 = EDGE_CURVE ( 'NONE', #2644, #2600, #1487, .T. ) ;
#3791 = LINE ( 'NONE', #4708, #2827 ) ;
#3792 = CARTESIAN_POINT ( 'NONE',  ( -1.399999999999999900, 0.3999999999999999700, 0.0000000000000000000 ) ) ;
#3793 = MECHANICAL_DESIGN_GEOMETRIC_PRESENTATION_REPRESENTATION (  '', ( #3550 ), #4162 ) ;
#3794 = VERTEX_POINT ( 'NONE', #3893 ) ;
#3795 = CARTESIAN_POINT ( 'NONE',  ( -0.9000000000000001300, 0.0000000000000000000, 0.2000000000000000100 ) ) ;
#3796 = SURFACE_STYLE_FILL_AREA ( #507 ) ;
#3797 = MECHANICAL_DESIGN_GEOMETRIC_PRESENTATION_REPRESENTATION (  '', ( #3318 ), #1163 ) ;
#3798 = VERTEX_POINT ( 'NONE', #247 ) ;
#3799 = ADVANCED_FACE ( 'NONE', ( #614 ), #3162, .T. ) ;
#3800 = ORIENTED_EDGE ( 'NONE', *, *, #4428, .F. ) ;
#3801 = DIRECTION ( 'NONE',  ( 1.000000000000000000, 0.0000000000000000000, -0.0000000000000000000 ) ) ;
#3802 = MECHANICAL_DESIGN_GEOMETRIC_PRESENTATION_REPRESENTATION (  '', ( #2891 ), #1108 ) ;
#3803 = EDGE_CURVE ( 'NONE', #3794, #4386, #3994, .T. ) ;
#3804 =( NAMED_UNIT ( * ) PLANE_ANGLE_UNIT ( ) SI_UNIT ( $, .RADIAN. ) );
#3805 = VERTEX_POINT ( 'NONE', #4634 ) ;
#3806 = VERTEX_POINT ( 'NONE', #2799 ) ;
#3807 = CARTESIAN_POINT ( 'NONE',  ( 0.0000000000000000000, 1.125000000000000200, 0.0000000000000000000 ) ) ;
#3808 = FACE_OUTER_BOUND ( 'NONE', #3857, .T. ) ;
#3809 = ORIENTED_EDGE ( 'NONE', *, *, #4442, .T. ) ;
#3810 = CIRCLE ( 'NONE', #670, 0.2000000000000000900 ) ;
#3811 = VERTEX_POINT ( 'NONE', #3151 ) ;
#3812 =( LENGTH_UNIT ( ) NAMED_UNIT ( * ) SI_UNIT ( .MILLI., .METRE. ) );
#3813 = VECTOR ( 'NONE', #1103, 1000.000000000000000 ) ;
#3814 =( LENGTH_UNIT ( ) NAMED_UNIT ( * ) SI_UNIT ( .MILLI., .METRE. ) );
#3815 = CARTESIAN_POINT ( 'NONE',  ( -0.7750000000000001300, 0.1999999999999990100, 0.2000000000000000100 ) ) ;
#3816 = UNCERTAINTY_MEASURE_WITH_UNIT (LENGTH_MEASURE( 1.000000000000000100E-005 ), #2701, 'distance_accuracy_value', 'NONE');
#3817 =( GEOMETRIC_REPRESENTATION_CONTEXT ( 3 ) GLOBAL_UNCERTAINTY_ASSIGNED_CONTEXT ( ( #4148 ) ) GLOBAL_UNIT_ASSIGNED_CONTEXT ( ( #2637, #4110, #2278 ) ) REPRESENTATION_CONTEXT ( 'NONE', 'WORKASPACE' ) );
#3818 = CARTESIAN_POINT ( 'NONE',  ( -1.850000000000000100, 2.000000000000000000, 0.0000000000000000000 ) ) ;
#3819 = SURFACE_SIDE_STYLE ('',( #3998 ) ) ;
#3820 = EDGE_CURVE ( 'NONE', #4194, #3751, #1139, .T. ) ;
#3821 = EDGE_CURVE ( 'NONE', #3288, #774, #184, .T. ) ;
#3822 = PLANE ( 'NONE',  #3904 ) ;
#3823 = VECTOR ( 'NONE', #2027, 1000.000000000000000 ) ;
#3824 = ADVANCED_FACE ( 'NONE', ( #852 ), #999, .T. ) ;
#3825 = COLOUR_RGB ( '',0.5019607843137254800, 0.5019607843137254800, 0.5019607843137254800 ) ;
#3826 = MECHANICAL_DESIGN_GEOMETRIC_PRESENTATION_REPRESENTATION (  '', ( #3584 ), #1100 ) ;
#3827 = PRESENTATION_LAYER_ASSIGNMENT (  '', '', ( #4166 ) ) ;
#3828 =( NAMED_UNIT ( * ) SI_UNIT ( $, .STERADIAN. ) SOLID_ANGLE_UNIT ( ) );
#3829 = AXIS2_PLACEMENT_3D ( 'NONE', #3219, #1727, #1415 ) ;
#3830 = CARTESIAN_POINT ( 'NONE',  ( -1.000000000000000000, 1.850000000000000100, 0.0000000000000000000 ) ) ;
#3831 = VECTOR ( 'NONE', #155, 1000.000000000000000 ) ;
#3832 = FILL_AREA_STYLE_COLOUR ( '', #1031 ) ;
#3833 = DIRECTION ( 'NONE',  ( -1.000000000000000000, 0.0000000000000000000, -0.0000000000000000000 ) ) ;
#3834 = COLOUR_RGB ( '',0.5019607843137254800, 0.5019607843137254800, 0.5019607843137254800 ) ;
#3835 = SURFACE_SIDE_STYLE ('',( #1485 ) ) ;
#3836 = DIRECTION ( 'NONE',  ( 0.0000000000000000000, 0.0000000000000000000, 1.000000000000000000 ) ) ;
#3837 = VECTOR ( 'NONE', #3341, 1000.000000000000000 ) ;
#3838 = DIRECTION ( 'NONE',  ( 0.0000000000000000000, 1.000000000000000000, -0.0000000000000000000 ) ) ;
#3839 = DIRECTION ( 'NONE',  ( -0.0000000000000000000, -1.000000000000000000, -0.0000000000000000000 ) ) ;
#3840 = DIRECTION ( 'NONE',  ( 0.0000000000000000000, 1.000000000000000000, 0.0000000000000000000 ) ) ;
#3841 = SURFACE_STYLE_FILL_AREA ( #3933 ) ;
#3842 = VERTEX_POINT ( 'NONE', #2044 ) ;
#3843 = DIRECTION ( 'NONE',  ( -1.000000000000000000, 0.0000000000000000000, -0.0000000000000000000 ) ) ;
#3844 = ORIENTED_EDGE ( 'NONE', *, *, #2507, .T. ) ;
#3845 = DIRECTION ( 'NONE',  ( -0.0000000000000000000, -1.000000000000000000, -0.0000000000000000000 ) ) ;
#3846 = CARTESIAN_POINT ( 'NONE',  ( -0.8000000000000000400, 0.8750000000000000000, 0.2000000000000000100 ) ) ;
#3847 = SURFACE_STYLE_FILL_AREA ( #4087 ) ;
#3848 = DIRECTION ( 'NONE',  ( -0.0000000000000000000, 0.0000000000000000000, 1.000000000000000000 ) ) ;
#3849 =( NAMED_UNIT ( * ) PLANE_ANGLE_UNIT ( ) SI_UNIT ( $, .RADIAN. ) );
#3850 = VERTEX_POINT ( 'NONE', #3565 ) ;
#3851 = CARTESIAN_POINT ( 'NONE',  ( -2.000000000000000000, 0.8750000000000000000, 0.0000000000000000000 ) ) ;
#3852 = PRESENTATION_LAYER_ASSIGNMENT (  '', '', ( #1797 ) ) ;
#3853 = CARTESIAN_POINT ( 'NONE',  ( -0.4000000000000000200, 1.125000000000000200, 0.2000000000000000100 ) ) ;
#3854 =( NAMED_UNIT ( * ) SI_UNIT ( $, .STERADIAN. ) SOLID_ANGLE_UNIT ( ) );
#3855 = COLOUR_RGB ( '',0.5019607843137254800, 0.5019607843137254800, 0.5019607843137254800 ) ;
#3856 = EDGE_CURVE ( 'NONE', #1873, #4645, #2860, .T. ) ;
#3857 = EDGE_LOOP ( 'NONE', ( #337, #45, #4317, #796, #319, #827, #1293, #4462, #1730, #1350, #4025, #3306, #3104, #1681, #332, #2502, #86, #530, #643, #1506 ) ) ;
#3858 = STYLED_ITEM ( 'NONE', ( #3883 ), #3986 ) ;
#3859 = ORIENTED_EDGE ( 'NONE', *, *, #352, .T. ) ;
#3860 = VERTEX_POINT ( 'NONE', #240 ) ;
#3861 = DIRECTION ( 'NONE',  ( -1.000000000000000000, 0.0000000000000000000, -0.0000000000000000000 ) ) ;
#3862 = MECHANICAL_DESIGN_GEOMETRIC_PRESENTATION_REPRESENTATION (  '', ( #4695 ), #2573 ) ;
#3863 = EDGE_LOOP ( 'NONE', ( #1004, #3381, #117, #3640 ) ) ;
#3864 = STYLED_ITEM ( 'NONE', ( #829 ), #4490 ) ;
#3865 = DIRECTION ( 'NONE',  ( 0.0000000000000000000, 1.000000000000000000, -0.0000000000000000000 ) ) ;
#3866 = VECTOR ( 'NONE', #2766, 1000.000000000000000 ) ;
#3867 =( LENGTH_UNIT ( ) NAMED_UNIT ( * ) SI_UNIT ( .MILLI., .METRE. ) );
#3868 = DIRECTION ( 'NONE',  ( -0.0000000000000000000, -1.000000000000000000, -0.0000000000000000000 ) ) ;
#3869 = ORIENTED_EDGE ( 'NONE', *, *, #3790, .F. ) ;
#3870 = CARTESIAN_POINT ( 'NONE',  ( -0.1499999999999999900, 0.4000000000000000200, 0.2000000000000000100 ) ) ;
#3871 = CARTESIAN_POINT ( 'NONE',  ( -1.600000000000000100, 1.800000000000000300, 0.2000000000000000100 ) ) ;
#3872 = EDGE_CURVE ( 'NONE', #761, #4152, #3539, .T. ) ;
#3873 = VERTEX_POINT ( 'NONE', #1317 ) ;
#3874 = CARTESIAN_POINT ( 'NONE',  ( -1.000000000000000000, 2.000000000000000000, 0.0000000000000000000 ) ) ;
#3875 = UNCERTAINTY_MEASURE_WITH_UNIT (LENGTH_MEASURE( 1.000000000000000100E-005 ), #695, 'distance_accuracy_value', 'NONE');
#3876 = FILL_AREA_STYLE ('',( #3832 ) ) ;
#3877 = COLOUR_RGB ( '',0.7529411764705882200, 0.7529411764705882200, 0.7529411764705882200 ) ;
#3878 =( GEOMETRIC_REPRESENTATION_CONTEXT ( 3 ) GLOBAL_UNCERTAINTY_ASSIGNED_CONTEXT ( ( #819 ) ) GLOBAL_UNIT_ASSIGNED_CONTEXT ( ( #1040, #3531, #1014 ) ) REPRESENTATION_CONTEXT ( 'NONE', 'WORKASPACE' ) );
#3879 = DIRECTION ( 'NONE',  ( -0.0000000000000000000, 0.0000000000000000000, -1.000000000000000000 ) ) ;
#3880 =( NAMED_UNIT ( * ) SI_UNIT ( $, .STERADIAN. ) SOLID_ANGLE_UNIT ( ) );
#3881 = EDGE_CURVE ( 'NONE', #2257, #4731, #3607, .T. ) ;
#3882 =( NAMED_UNIT ( * ) SI_UNIT ( $, .STERADIAN. ) SOLID_ANGLE_UNIT ( ) );
#3883 = PRESENTATION_STYLE_ASSIGNMENT (( #3187 ) ) ;
#3884 = DIRECTION ( 'NONE',  ( 1.000000000000000000, 0.0000000000000000000, -0.0000000000000000000 ) ) ;
#3885 = CARTESIAN_POINT ( 'NONE',  ( -0.7750000000000001300, 0.4000000000000000200, 0.2000000000000000100 ) ) ;
#3886 = VECTOR ( 'NONE', #3845, 1000.000000000000000 ) ;
#3887 = PRESENTATION_LAYER_ASSIGNMENT (  '', '', ( #2913 ) ) ;
#3888 = SURFACE_SIDE_STYLE ('',( #2874 ) ) ;
#3889 = STYLED_ITEM ( 'NONE', ( #3007 ), #4216 ) ;
#3890 = LINE ( 'NONE', #3303, #2062 ) ;
#3891 = CARTESIAN_POINT ( 'NONE',  ( -0.4000000000000000200, 0.8750000000000000000, 0.2000000000000000100 ) ) ;
#3892 = COLOUR_RGB ( '',0.7529411764705882200, 0.7529411764705882200, 0.7529411764705882200 ) ;
#3893 = CARTESIAN_POINT ( 'NONE',  ( -0.1499999999999999700, 1.600000000000000100, 0.2000000000000000100 ) ) ;
#3894 = SURFACE_STYLE_FILL_AREA ( #4123 ) ;
#3895 = FILL_AREA_STYLE_COLOUR ( '', #569 ) ;
#3896 = LINE ( 'NONE', #1679, #2067 ) ;
#3897 =( LENGTH_UNIT ( ) NAMED_UNIT ( * ) SI_UNIT ( .MILLI., .METRE. ) );
#3898 = SURFACE_SIDE_STYLE ('',( #4680 ) ) ;
#3899 = ORIENTED_EDGE ( 'NONE', *, *, #1647, .T. ) ;
#3900 = UNCERTAINTY_MEASURE_WITH_UNIT (LENGTH_MEASURE( 1.000000000000000100E-005 ), #2265, 'distance_accuracy_value', 'NONE');
#3901 = PRESENTATION_STYLE_ASSIGNMENT (( #1191 ) ) ;
#3902 = ORIENTED_EDGE ( 'NONE', *, *, #2687, .T. ) ;
#3903 =( LENGTH_UNIT ( ) NAMED_UNIT ( * ) SI_UNIT ( .MILLI., .METRE. ) );
#3904 = AXIS2_PLACEMENT_3D ( 'NONE', #2343, #525, #4190 ) ;
#3905 =( NAMED_UNIT ( * ) PLANE_ANGLE_UNIT ( ) SI_UNIT ( $, .RADIAN. ) );
#3906 = VERTEX_POINT ( 'NONE', #2030 ) ;
#3907 = AXIS2_PLACEMENT_3D ( 'NONE', #716, #2499, #5 ) ;
#3908 = CARTESIAN_POINT ( 'NONE',  ( -1.600000000000000100, 0.0000000000000000000, 0.2000000000000000100 ) ) ;
#3909 = SURFACE_STYLE_USAGE ( .BOTH. , #1784 ) ;
#3910 = ORIENTED_EDGE ( 'NONE', *, *, #3964, .T. ) ;
#3911 = CARTESIAN_POINT ( 'NONE',  ( -0.9000000000000001300, 2.000000000000000000, 0.0000000000000000000 ) ) ;
#3912 = VERTEX_POINT ( 'NONE', #3547 ) ;
#3913 =( NAMED_UNIT ( * ) PLANE_ANGLE_UNIT ( ) SI_UNIT ( $, .RADIAN. ) );
#3914 = SURFACE_STYLE_FILL_AREA ( #2780 ) ;
#3915 =( GEOMETRIC_REPRESENTATION_CONTEXT ( 3 ) GLOBAL_UNCERTAINTY_ASSIGNED_CONTEXT ( ( #1091 ) ) GLOBAL_UNIT_ASSIGNED_CONTEXT ( ( #2462, #607, #3949 ) ) REPRESENTATION_CONTEXT ( 'NONE', 'WORKASPACE' ) );
#3916 = ORIENTED_EDGE ( 'NONE', *, *, #2554, .F. ) ;
#3917 = ORIENTED_EDGE ( 'NONE', *, *, #1640, .F. ) ;
#3918 =( NAMED_UNIT ( * ) PLANE_ANGLE_UNIT ( ) SI_UNIT ( $, .RADIAN. ) );
#3919 = STYLED_ITEM ( 'NONE', ( #3071 ), #4083 ) ;
#3920 = VERTEX_POINT ( 'NONE', #1686 ) ;
#3921 = DIRECTION ( 'NONE',  ( -1.000000000000000000, -0.0000000000000000000, 0.0000000000000000000 ) ) ;
#3922 = EDGE_LOOP ( 'NONE', ( #1064, #480, #4307, #2875 ) ) ;
#3923 =( LENGTH_UNIT ( ) NAMED_UNIT ( * ) SI_UNIT ( .MILLI., .METRE. ) );
#3924 = DIRECTION ( 'NONE',  ( 0.0000000000000000000, -1.000000000000000000, 0.0000000000000000000 ) ) ;
#3925 = VECTOR ( 'NONE', #18, 1000.000000000000000 ) ;
#3926 = SURFACE_SIDE_STYLE ('',( #413 ) ) ;
#3927 =( NAMED_UNIT ( * ) PLANE_ANGLE_UNIT ( ) SI_UNIT ( $, .RADIAN. ) );
#3928 = DIRECTION ( 'NONE',  ( -1.000000000000000000, 0.0000000000000000000, -0.0000000000000000000 ) ) ;
#3929 = COLOUR_RGB ( '',0.7529411764705882200, 0.7529411764705882200, 0.7529411764705882200 ) ;
#3930 = EDGE_CURVE ( 'NONE', #2616, #2986, #2565, .T. ) ;
#3931 = UNCERTAINTY_MEASURE_WITH_UNIT (LENGTH_MEASURE( 1.000000000000000100E-005 ), #947, 'distance_accuracy_value', 'NONE');
#3932 =( NAMED_UNIT ( * ) PLANE_ANGLE_UNIT ( ) SI_UNIT ( $, .RADIAN. ) );
#3933 = FILL_AREA_STYLE ('',( #2490 ) ) ;
#3934 = CARTESIAN_POINT ( 'NONE',  ( -0.1499999999999999700, 1.600000000000000100, 0.2000000000000000100 ) ) ;
#3935 = COLOUR_RGB ( '',0.7529411764705882200, 0.7529411764705882200, 0.7529411764705882200 ) ;
#3936 = COLOUR_RGB ( '',0.5019607843137254800, 0.5019607843137254800, 0.5019607843137254800 ) ;
#3937 = FILL_AREA_STYLE_COLOUR ( '', #2403 ) ;
#3938 = AXIS2_PLACEMENT_3D ( 'NONE', #2305, #115, #1580 ) ;
#3939 = DIRECTION ( 'NONE',  ( -1.000000000000000000, 0.0000000000000000000, -0.0000000000000000000 ) ) ;
#3940 = VECTOR ( 'NONE', #1991, 1000.000000000000100 ) ;
#3941 =( NAMED_UNIT ( * ) SI_UNIT ( $, .STERADIAN. ) SOLID_ANGLE_UNIT ( ) );
#3942 = CARTESIAN_POINT ( 'NONE',  ( -0.9000000000000001300, 0.07499999999999999700, 0.0000000000000000000 ) ) ;
#3943 = FILL_AREA_STYLE ('',( #2144 ) ) ;
#3944 = FACE_OUTER_BOUND ( 'NONE', #4188, .T. ) ;
#3945 = MECHANICAL_DESIGN_GEOMETRIC_PRESENTATION_REPRESENTATION (  '', ( #2971 ), #854 ) ;
#3946 = AXIS2_PLACEMENT_3D ( 'NONE', #2258, #2602, #1499 ) ;
#3947 = ORIENTED_EDGE ( 'NONE', *, *, #484, .F. ) ;
#3948 = LINE ( 'NONE', #693, #930 ) ;
#3949 =( NAMED_UNIT ( * ) SI_UNIT ( $, .STERADIAN. ) SOLID_ANGLE_UNIT ( ) );
#3950 = ORIENTED_EDGE ( 'NONE', *, *, #2815, .T. ) ;
#3951 =( LENGTH_UNIT ( ) NAMED_UNIT ( * ) SI_UNIT ( .MILLI., .METRE. ) );
#3952 = UNCERTAINTY_MEASURE_WITH_UNIT (LENGTH_MEASURE( 1.000000000000000100E-005 ), #2853, 'distance_accuracy_value', 'NONE');
#3953 =( LENGTH_UNIT ( ) NAMED_UNIT ( * ) SI_UNIT ( .MILLI., .METRE. ) );
#3954 = CARTESIAN_POINT ( 'NONE',  ( -1.725000000000000100, 1.800000000000000300, 0.2000000000000000100 ) ) ;
#3955 = ORIENTED_EDGE ( 'NONE', *, *, #1920, .T. ) ;
#3956 = DIRECTION ( 'NONE',  ( -0.0000000000000000000, 1.000000000000000000, 0.0000000000000000000 ) ) ;
#3957 = DIRECTION ( 'NONE',  ( 0.0000000000000000000, -1.000000000000000000, 0.0000000000000000000 ) ) ;
#3958 = DIRECTION ( 'NONE',  ( 0.0000000000000000000, 1.000000000000000000, -0.0000000000000000000 ) ) ;
#3959 = LINE ( 'NONE', #9, #2535 ) ;
#3960 = PRESENTATION_STYLE_ASSIGNMENT (( #2239 ) ) ;
#3961 = ORIENTED_EDGE ( 'NONE', *, *, #3774, .F. ) ;
#3962 = VECTOR ( 'NONE', #4217, 1000.000000000000000 ) ;
#3963 = VERTEX_POINT ( 'NONE', #981 ) ;
#3964 = EDGE_CURVE ( 'NONE', #51, #267, #610, .T. ) ;
#3965 = ORIENTED_EDGE ( 'NONE', *, *, #2987, .F. ) ;
#3966 =( NAMED_UNIT ( * ) SI_UNIT ( $, .STERADIAN. ) SOLID_ANGLE_UNIT ( ) );
#3967 = VECTOR ( 'NONE', #2297, 1000.000000000000000 ) ;
#3968 = CARTESIAN_POINT ( 'NONE',  ( -1.000000000000000000, 0.0000000000000000000, 0.2000000000000000100 ) ) ;
#3969 = ORIENTED_EDGE ( 'NONE', *, *, #4687, .F. ) ;
#3970 = MECHANICAL_DESIGN_GEOMETRIC_PRESENTATION_REPRESENTATION (  '', ( #1690 ), #2661 ) ;
#3971 = SURFACE_STYLE_USAGE ( .BOTH. , #3585 ) ;
#3972 = CARTESIAN_POINT ( 'NONE',  ( -1.399999999999999900, 0.1999999999999990100, 0.0000000000000000000 ) ) ;
#3973 = AXIS2_PLACEMENT_3D ( 'NONE', #4242, #190, #3879 ) ;
#3974 = SURFACE_SIDE_STYLE ('',( #3093 ) ) ;
#3975 =( NAMED_UNIT ( * ) PLANE_ANGLE_UNIT ( ) SI_UNIT ( $, .RADIAN. ) );
#3976 = ORIENTED_EDGE ( 'NONE', *, *, #69, .T. ) ;
#3977 = AXIS2_PLACEMENT_3D ( 'NONE', #266, #2837, #1385 ) ;
#3978 = ORIENTED_EDGE ( 'NONE', *, *, #3881, .T. ) ;
#3979 = PRESENTATION_STYLE_ASSIGNMENT (( #3169 ) ) ;
#3980 = PLANE ( 'NONE',  #3343 ) ;
#3981 = SURFACE_STYLE_USAGE ( .BOTH. , #1438 ) ;
#3982 =( NAMED_UNIT ( * ) SI_UNIT ( $, .STERADIAN. ) SOLID_ANGLE_UNIT ( ) );
#3983 = EDGE_CURVE ( 'NONE', #4584, #1856, #3140, .T. ) ;
#3984 = CARTESIAN_POINT ( 'NONE',  ( -0.7750000000000001300, 2.000000000000000000, 0.2000000000000000100 ) ) ;
#3985 =( LENGTH_UNIT ( ) NAMED_UNIT ( * ) SI_UNIT ( .MILLI., .METRE. ) );
#3986 = MANIFOLD_SOLID_BREP ( 'Rectangle1-1-solid1', #4210 ) ;
#3987 = LINE ( 'NONE', #3215, #68 ) ;
#3988 = VECTOR ( 'NONE', #2374, 1000.000000000000000 ) ;
#3989 = DIRECTION ( 'NONE',  ( -0.0000000000000000000, 0.0000000000000000000, 1.000000000000000000 ) ) ;
#3990 = DIRECTION ( 'NONE',  ( 0.0000000000000000000, -1.000000000000000000, -0.0000000000000000000 ) ) ;
#3991 = PRESENTATION_LAYER_ASSIGNMENT (  '', '', ( #2684 ) ) ;
#3992 = VECTOR ( 'NONE', #2694, 1000.000000000000000 ) ;
#3993 = VECTOR ( 'NONE', #820, 1000.000000000000000 ) ;
#3994 = LINE ( 'NONE', #972, #3077 ) ;
#3995 = DIRECTION ( 'NONE',  ( 1.000000000000000000, 0.0000000000000000000, -0.0000000000000000000 ) ) ;
#3996 = VECTOR ( 'NONE', #3294, 1000.000000000000000 ) ;
#3997 = MECHANICAL_DESIGN_GEOMETRIC_PRESENTATION_REPRESENTATION (  '', ( #1223 ), #4262 ) ;
#3998 = SURFACE_STYLE_FILL_AREA ( #541 ) ;
#3999 = CARTESIAN_POINT ( 'NONE',  ( -1.800000000000000300, 0.4500000000000000700, 0.0000000000000000000 ) ) ;
#4000 = AXIS2_PLACEMENT_3D ( 'NONE', #1179, #4470, #4484 ) ;
#4001 = DIRECTION ( 'NONE',  ( 0.0000000000000000000, -1.000000000000000000, 0.0000000000000000000 ) ) ;
#4002 = CARTESIAN_POINT ( 'NONE',  ( -1.024999999999999900, 0.1499999999999999900, 0.2000000000000000100 ) ) ;
#4003 = CARTESIAN_POINT ( 'NONE',  ( -1.000000000000000000, 0.8750000000000000000, 0.0000000000000000000 ) ) ;
#4004 = FACE_OUTER_BOUND ( 'NONE', #881, .T. ) ;
#4005 = PRESENTATION_STYLE_ASSIGNMENT (( #2292 ) ) ;
#4006 =( GEOMETRIC_REPRESENTATION_CONTEXT ( 3 ) GLOBAL_UNCERTAINTY_ASSIGNED_CONTEXT ( ( #2966 ) ) GLOBAL_UNIT_ASSIGNED_CONTEXT ( ( #949, #3913, #3532 ) ) REPRESENTATION_CONTEXT ( 'NONE', 'WORKASPACE' ) );
#4007 = CARTESIAN_POINT ( 'NONE',  ( -1.149999999999999900, 1.925000000000000000, 0.2000000000000000100 ) ) ;
#4008 = SURFACE_STYLE_USAGE ( .BOTH. , #21 ) ;
#4009 = SURFACE_STYLE_FILL_AREA ( #1312 ) ;
#4010 = VECTOR ( 'NONE', #1807, 1000.000000000000000 ) ;
#4011 = EDGE_LOOP ( 'NONE', ( #2419, #1576, #2296, #4213 ) ) ;
#4012 = ADVANCED_FACE ( 'NONE', ( #4109 ), #4590, .F. ) ;
#4013 =( LENGTH_UNIT ( ) NAMED_UNIT ( * ) SI_UNIT ( .MILLI., .METRE. ) );
#4014 = ORIENTED_EDGE ( 'NONE', *, *, #361, .F. ) ;
#4015 = ADVANCED_BREP_SHAPE_REPRESENTATION ( 'MPM3811GG', ( #3986, #3591, #4488, #1591, #2173, #1880, #1177, #1505 ), #4042 ) ;
#4016 = VECTOR ( 'NONE', #2946, 1000.000000000000000 ) ;
#4017 = DIRECTION ( 'NONE',  ( -0.0000000000000000000, 0.0000000000000000000, -1.000000000000000000 ) ) ;
#4018 = SURFACE_SIDE_STYLE ('',( #937 ) ) ;
#4019 = ORIENTED_EDGE ( 'NONE', *, *, #933, .F. ) ;
#4020 = EDGE_CURVE ( 'NONE', #2838, #2325, #2396, .T. ) ;
#4021 = DIRECTION ( 'NONE',  ( -0.0000000000000000000, 0.0000000000000000000, -1.000000000000000000 ) ) ;
#4022 = PRESENTATION_STYLE_ASSIGNMENT (( #2773 ) ) ;
#4023 = SURFACE_STYLE_USAGE ( .BOTH. , #369 ) ;
#4024 = ORIENTED_EDGE ( 'NONE', *, *, #1169, .T. ) ;
#4025 = ORIENTED_EDGE ( 'NONE', *, *, #2380, .T. ) ;
#4026 = VERTEX_POINT ( 'NONE', #1318 ) ;
#4027 = ORIENTED_EDGE ( 'NONE', *, *, #524, .F. ) ;
#4028 =( GEOMETRIC_REPRESENTATION_CONTEXT ( 3 ) GLOBAL_UNCERTAINTY_ASSIGNED_CONTEXT ( ( #3240 ) ) GLOBAL_UNIT_ASSIGNED_CONTEXT ( ( #2816, #2108, #4624 ) ) REPRESENTATION_CONTEXT ( 'NONE', 'WORKASPACE' ) );
#4029 =( NAMED_UNIT ( * ) SI_UNIT ( $, .STERADIAN. ) SOLID_ANGLE_UNIT ( ) );
#4030 = EDGE_CURVE ( 'NONE', #1697, #4203, #1315, .T. ) ;
#4031 = EDGE_CURVE ( 'NONE', #426, #2957, #2805, .T. ) ;
#4032 = EDGE_LOOP ( 'NONE', ( #1278, #3282, #2796, #2704 ) ) ;
#4033 = CARTESIAN_POINT ( 'NONE',  ( -1.399999999999999900, 1.600000000000000100, 0.0000000000000000000 ) ) ;
#4034 = STYLED_ITEM ( 'NONE', ( #3744 ), #3048 ) ;
#4035 = ADVANCED_FACE ( 'NONE', ( #3658 ), #4249, .T. ) ;
#4036 = EDGE_LOOP ( 'NONE', ( #2135, #1170, #3800, #3166 ) ) ;
#4037 = CARTESIAN_POINT ( 'NONE',  ( -1.000000000000000000, 0.0000000000000000000, 0.0000000000000000000 ) ) ;
#4038 =( GEOMETRIC_REPRESENTATION_CONTEXT ( 3 ) GLOBAL_UNCERTAINTY_ASSIGNED_CONTEXT ( ( #3143 ) ) GLOBAL_UNIT_ASSIGNED_CONTEXT ( ( #4013, #3264, #1467 ) ) REPRESENTATION_CONTEXT ( 'NONE', 'WORKASPACE' ) );
#4039 = CARTESIAN_POINT ( 'NONE',  ( -1.149999999999999900, 0.0000000000000000000, 0.0000000000000000000 ) ) ;
#4040 = SURFACE_STYLE_FILL_AREA ( #96 ) ;
#4041 = EDGE_LOOP ( 'NONE', ( #2839, #2075, #4354, #2366, #1356 ) ) ;
#4042 =( GEOMETRIC_REPRESENTATION_CONTEXT ( 3 ) GLOBAL_UNCERTAINTY_ASSIGNED_CONTEXT ( ( #849 ) ) GLOBAL_UNIT_ASSIGNED_CONTEXT ( ( #1050, #2112, #2099 ) ) REPRESENTATION_CONTEXT ( 'NONE', 'WORKASPACE' ) );
#4043 = SURFACE_STYLE_FILL_AREA ( #4383 ) ;
#4044 = ORIENTED_EDGE ( 'NONE', *, *, #1571, .F. ) ;
#4045 = DIRECTION ( 'NONE',  ( 0.0000000000000000000, -0.0000000000000000000, 1.000000000000000000 ) ) ;
#4046 = SURFACE_STYLE_FILL_AREA ( #211 ) ;
#4047 = VECTOR ( 'NONE', #2791, 1000.000000000000000 ) ;
#4048 = DIRECTION ( 'NONE',  ( 0.0000000000000000000, 1.000000000000000000, 0.0000000000000000000 ) ) ;
#4049 =( LENGTH_UNIT ( ) NAMED_UNIT ( * ) SI_UNIT ( .MILLI., .METRE. ) );
#4050 = DIRECTION ( 'NONE',  ( 0.0000000000000000000, -0.0000000000000000000, 1.000000000000000000 ) ) ;
#4051 =( NAMED_UNIT ( * ) SI_UNIT ( $, .STERADIAN. ) SOLID_ANGLE_UNIT ( ) );
#4052 = VECTOR ( 'NONE', #1937, 1000.000000000000000 ) ;
#4053 = AXIS2_PLACEMENT_3D ( 'NONE', #3036, #3442, #4150 ) ;
#4054 = VECTOR ( 'NONE', #377, 1000.000000000000000 ) ;
#4055 = ADVANCED_FACE ( 'NONE', ( #2269 ), #4212, .T. ) ;
#4056 = EDGE_CURVE ( 'NONE', #4412, #360, #4338, .T. ) ;
#4057 = SURFACE_STYLE_FILL_AREA ( #261 ) ;
#4058 = LINE ( 'NONE', #804, #1884 ) ;
#4059 = SURFACE_STYLE_USAGE ( .BOTH. , #2205 ) ;
#4060 = VECTOR ( 'NONE', #2646, 1000.000000000000000 ) ;
#4061 = VECTOR ( 'NONE', #2087, 1000.000000000000000 ) ;
#4062 = AXIS2_PLACEMENT_3D ( 'NONE', #441, #140, #3747 ) ;
#4063 = CARTESIAN_POINT ( 'NONE',  ( -1.600000000000000100, 0.8750000000000000000, 0.0000000000000000000 ) ) ;
#4064 = ORIENTED_EDGE ( 'NONE', *, *, #4702, .F. ) ;
#4065 =( GEOMETRIC_REPRESENTATION_CONTEXT ( 3 ) GLOBAL_UNCERTAINTY_ASSIGNED_CONTEXT ( ( #583 ) ) GLOBAL_UNIT_ASSIGNED_CONTEXT ( ( #1331, #909, #192 ) ) REPRESENTATION_CONTEXT ( 'NONE', 'WORKASPACE' ) );
#4066 =( NAMED_UNIT ( * ) PLANE_ANGLE_UNIT ( ) SI_UNIT ( $, .RADIAN. ) );
#4067 = DIRECTION ( 'NONE',  ( -0.0000000000000000000, -1.000000000000000000, -0.0000000000000000000 ) ) ;
#4068 = PLANE ( 'NONE',  #763 ) ;
#4069 = AXIS2_PLACEMENT_3D ( 'NONE', #3100, #3840, #1999 ) ;
#4070 = ORIENTED_EDGE ( 'NONE', *, *, #582, .T. ) ;
#4071 = FILL_AREA_STYLE ('',( #2604 ) ) ;
#4072 = ORIENTED_EDGE ( 'NONE', *, *, #3206, .T. ) ;
#4073 = UNCERTAINTY_MEASURE_WITH_UNIT (LENGTH_MEASURE( 1.000000000000000100E-005 ), #2976, 'distance_accuracy_value', 'NONE');
#4074 = LINE ( 'NONE', #1792, #3106 ) ;
#4075 = CARTESIAN_POINT ( 'NONE',  ( -1.600000000000000100, 0.2999999999999999900, 1.600000000000000100 ) ) ;
#4076 = COLOUR_RGB ( '',0.7529411764705882200, 0.7529411764705882200, 0.7529411764705882200 ) ;
#4077 = EDGE_CURVE ( 'NONE', #1213, #4278, #1136, .T. ) ;
#4078 = ORIENTED_EDGE ( 'NONE', *, *, #4214, .T. ) ;
#4079 =( NAMED_UNIT ( * ) SI_UNIT ( $, .STERADIAN. ) SOLID_ANGLE_UNIT ( ) );
#4080 = CARTESIAN_POINT ( 'NONE',  ( -1.600000000000000100, 2.000000000000000000, 0.2000000000000000100 ) ) ;
#4081 = EDGE_LOOP ( 'NONE', ( #1925, #1982, #1502, #4019 ) ) ;
#4082 = DIRECTION ( 'NONE',  ( -0.0000000000000000000, 0.0000000000000000000, -1.000000000000000000 ) ) ;
#4083 = ADVANCED_FACE ( 'NONE', ( #4229 ), #2360, .F. ) ;
#4084 = ORIENTED_EDGE ( 'NONE', *, *, #1036, .F. ) ;
#4085 = DIRECTION ( 'NONE',  ( 0.0000000000000000000, -1.000000000000000000, 0.0000000000000000000 ) ) ;
#4086 = SURFACE_STYLE_USAGE ( .BOTH. , #389 ) ;
#4087 = FILL_AREA_STYLE ('',( #2322 ) ) ;
#4088 = ORIENTED_EDGE ( 'NONE', *, *, #1586, .F. ) ;
#4089 = SURFACE_SIDE_STYLE ('',( #3015 ) ) ;
#4090 = FACE_OUTER_BOUND ( 'NONE', #1671, .T. ) ;
#4091 = ORIENTED_EDGE ( 'NONE', *, *, #4510, .F. ) ;
#4092 = PRESENTATION_LAYER_ASSIGNMENT (  '', '', ( #172 ) ) ;
#4093 =( NAMED_UNIT ( * ) PLANE_ANGLE_UNIT ( ) SI_UNIT ( $, .RADIAN. ) );
#4094 = VECTOR ( 'NONE', #835, 1000.000000000000000 ) ;
#4095 = EDGE_CURVE ( 'NONE', #3174, #1969, #1310, .T. ) ;
#4096 = ORIENTED_EDGE ( 'NONE', *, *, #3661, .T. ) ;
#4097 = DIRECTION ( 'NONE',  ( 1.000000000000000000, 0.0000000000000000000, -0.0000000000000000000 ) ) ;
#4098 = PRESENTATION_LAYER_ASSIGNMENT (  '', '', ( #3858 ) ) ;
#4099 = DIRECTION ( 'NONE',  ( 1.000000000000000000, -0.0000000000000000000, 0.0000000000000000000 ) ) ;
#4100 = LINE ( 'NONE', #1716, #3421 ) ;
#4101 = CARTESIAN_POINT ( 'NONE',  ( -1.850000000000000100, 0.4000000000000000800, 0.0000000000000000000 ) ) ;
#4102 =( NAMED_UNIT ( * ) PLANE_ANGLE_UNIT ( ) SI_UNIT ( $, .RADIAN. ) );
#4103 = ORIENTED_EDGE ( 'NONE', *, *, #2955, .F. ) ;
#4104 = CARTESIAN_POINT ( 'NONE',  ( -1.850000000000000100, 0.2000000000000000100, 0.0000000000000000000 ) ) ;
#4105 =( NAMED_UNIT ( * ) PLANE_ANGLE_UNIT ( ) SI_UNIT ( $, .RADIAN. ) );
#4106 = UNCERTAINTY_MEASURE_WITH_UNIT (LENGTH_MEASURE( 1.000000000000000100E-005 ), #185, 'distance_accuracy_value', 'NONE');
#4107 = DIRECTION ( 'NONE',  ( 0.0000000000000000000, -0.0000000000000000000, -1.000000000000000000 ) ) ;
#4108 = PRESENTATION_LAYER_ASSIGNMENT (  '', '', ( #3228 ) ) ;
#4109 = FACE_OUTER_BOUND ( 'NONE', #160, .T. ) ;
#4110 =( NAMED_UNIT ( * ) PLANE_ANGLE_UNIT ( ) SI_UNIT ( $, .RADIAN. ) );
#4111 = ADVANCED_FACE ( 'NONE', ( #435 ), #2399, .F. ) ;
#4112 = EDGE_CURVE ( 'NONE', #357, #2532, #2048, .T. ) ;
#4113 = COLOUR_RGB ( '',0.5019607843137254800, 0.5019607843137254800, 0.5019607843137254800 ) ;
#4114 = LINE ( 'NONE', #2334, #3886 ) ;
#4115 =( LENGTH_UNIT ( ) NAMED_UNIT ( * ) SI_UNIT ( .MILLI., .METRE. ) );
#4116 = LINE ( 'NONE', #3659, #3085 ) ;
#4117 =( NAMED_UNIT ( * ) SI_UNIT ( $, .STERADIAN. ) SOLID_ANGLE_UNIT ( ) );
#4118 = CARTESIAN_POINT ( 'NONE',  ( -0.4000000000000000200, 0.1499999999999999900, 0.2000000000000000100 ) ) ;
#4119 = LINE ( 'NONE', #1803, #1541 ) ;
#4120 = SURFACE_STYLE_FILL_AREA ( #4244 ) ;
#4121 = LINE ( 'NONE', #76, #4351 ) ;
#4122 = CARTESIAN_POINT ( 'NONE',  ( -1.000000000000000000, 2.000000000000000000, 0.2000000000000000100 ) ) ;
#4123 = FILL_AREA_STYLE ('',( #1563 ) ) ;
#4124 = CARTESIAN_POINT ( 'NONE',  ( -1.000000000000000000, 2.000000000000000000, 0.2000000000000000100 ) ) ;
#4125 = LINE ( 'NONE', #4678, #2285 ) ;
#4126 =( GEOMETRIC_REPRESENTATION_CONTEXT ( 3 ) GLOBAL_UNCERTAINTY_ASSIGNED_CONTEXT ( ( #2029 ) ) GLOBAL_UNIT_ASSIGNED_CONTEXT ( ( #1811, #2510, #3600 ) ) REPRESENTATION_CONTEXT ( 'NONE', 'WORKASPACE' ) );
#4127 = VERTEX_POINT ( 'NONE', #611 ) ;
#4128 = EDGE_CURVE ( 'NONE', #1340, #465, #4443, .T. ) ;
#4129 = VECTOR ( 'NONE', #2751, 1000.000000000000000 ) ;
#4130 = ORIENTED_EDGE ( 'NONE', *, *, #1596, .T. ) ;
#4131 = DIRECTION ( 'NONE',  ( 0.0000000000000000000, 1.000000000000000000, -0.0000000000000000000 ) ) ;
#4132 = AXIS2_PLACEMENT_3D ( 'NONE', #299, #3227, #288 ) ;
#4133 = AXIS2_PLACEMENT_3D ( 'NONE', #592, #576, #3529 ) ;
#4134 = COLOUR_RGB ( '',0.7529411764705882200, 0.7529411764705882200, 0.7529411764705882200 ) ;
#4135 = SURFACE_SIDE_STYLE ('',( #1914 ) ) ;
#4136 = VECTOR ( 'NONE', #2992, 1000.000000000000000 ) ;
#4137 = STYLED_ITEM ( 'NONE', ( #1779 ), #649 ) ;
#4138 = DIRECTION ( 'NONE',  ( 0.0000000000000000000, -1.000000000000000000, -0.0000000000000000000 ) ) ;
#4139 = ORIENTED_EDGE ( 'NONE', *, *, #4729, .F. ) ;
#4140 = ADVANCED_FACE ( 'NONE', ( #1935 ), #2079, .F. ) ;
#4141 = SURFACE_STYLE_FILL_AREA ( #2928 ) ;
#4142 = MECHANICAL_DESIGN_GEOMETRIC_PRESENTATION_REPRESENTATION (  '', ( #3889 ), #3258 ) ;
#4143 = SURFACE_STYLE_FILL_AREA ( #816 ) ;
#4144 = CARTESIAN_POINT ( 'NONE',  ( -1.800000000000000300, 1.125000000000000200, 0.2000000000000000100 ) ) ;
#4145 = DIRECTION ( 'NONE',  ( 0.0000000000000000000, 0.0000000000000000000, -1.000000000000000000 ) ) ;
#4146 = ORIENTED_EDGE ( 'NONE', *, *, #3482, .T. ) ;
#4147 = ADVANCED_FACE ( 'NONE', ( #2263 ), #2456, .F. ) ;
#4148 = UNCERTAINTY_MEASURE_WITH_UNIT (LENGTH_MEASURE( 1.000000000000000100E-005 ), #2637, 'distance_accuracy_value', 'NONE');
#4149 = ORIENTED_EDGE ( 'NONE', *, *, #3443, .T. ) ;
#4150 = DIRECTION ( 'NONE',  ( 0.0000000000000000000, -0.0000000000000000000, 1.000000000000000000 ) ) ;
#4151 = ORIENTED_EDGE ( 'NONE', *, *, #3689, .F. ) ;
#4152 = VERTEX_POINT ( 'NONE', #2097 ) ;
#4153 =( NAMED_UNIT ( * ) PLANE_ANGLE_UNIT ( ) SI_UNIT ( $, .RADIAN. ) );
#4154 = DIRECTION ( 'NONE',  ( -0.0000000000000000000, 0.0000000000000000000, 1.000000000000000000 ) ) ;
#4155 = EDGE_LOOP ( 'NONE', ( #3525, #1134, #3521, #2776 ) ) ;
#4156 = CARTESIAN_POINT ( 'NONE',  ( -0.3999999999999999700, 2.000000000000000000, 0.2000000000000000100 ) ) ;
#4157 = MECHANICAL_DESIGN_GEOMETRIC_PRESENTATION_REPRESENTATION (  '', ( #3278 ), #3817 ) ;
#4158 = DIRECTION ( 'NONE',  ( -0.0000000000000000000, 1.000000000000000000, 0.0000000000000000000 ) ) ;
#4159 = DIRECTION ( 'NONE',  ( 0.0000000000000000000, -0.0000000000000000000, -1.000000000000000000 ) ) ;
#4160 = FILL_AREA_STYLE ('',( #464 ) ) ;
#4161 = ORIENTED_EDGE ( 'NONE', *, *, #548, .T. ) ;
#4162 =( GEOMETRIC_REPRESENTATION_CONTEXT ( 3 ) GLOBAL_UNCERTAINTY_ASSIGNED_CONTEXT ( ( #4106 ) ) GLOBAL_UNIT_ASSIGNED_CONTEXT ( ( #185, #4153, #4547 ) ) REPRESENTATION_CONTEXT ( 'NONE', 'WORKASPACE' ) );
#4163 = COLOUR_RGB ( '',0.5019607843137254800, 0.5019607843137254800, 0.5019607843137254800 ) ;
#4164 = MECHANICAL_DESIGN_GEOMETRIC_PRESENTATION_REPRESENTATION (  '', ( #253 ), #911 ) ;
#4165 = CARTESIAN_POINT ( 'NONE',  ( 0.0000000000000000000, 0.8750000000000000000, 0.0000000000000000000 ) ) ;
#4166 = STYLED_ITEM ( 'NONE', ( #1995 ), #455 ) ;
#4167 = ADVANCED_FACE ( 'NONE', ( #3131 ), #255, .T. ) ;
#4168 = LINE ( 'NONE', #4037, #1589 ) ;
#4169 = ORIENTED_EDGE ( 'NONE', *, *, #3456, .F. ) ;
#4170 = LINE ( 'NONE', #3097, #1875 ) ;
#4171 = FILL_AREA_STYLE ('',( #4533 ) ) ;
#4172 = FILL_AREA_STYLE ('',( #2683 ) ) ;
#4173 = UNCERTAINTY_MEASURE_WITH_UNIT (LENGTH_MEASURE( 1.000000000000000100E-005 ), #488, 'distance_accuracy_value', 'NONE');
#4174 = CARTESIAN_POINT ( 'NONE',  ( -0.4000000000000000200, 1.850000000000000100, 0.2000000000000000100 ) ) ;
#4175 = DIRECTION ( 'NONE',  ( -1.000000000000000000, -0.0000000000000000000, 0.0000000000000000000 ) ) ;
#4176 =( LENGTH_UNIT ( ) NAMED_UNIT ( * ) SI_UNIT ( .MILLI., .METRE. ) );
#4177 = DIRECTION ( 'NONE',  ( 1.000000000000000000, -0.0000000000000000000, 0.0000000000000000000 ) ) ;
#4178 = VECTOR ( 'NONE', #4674, 1000.000000000000000 ) ;
#4179 = LINE ( 'NONE', #1185, #3831 ) ;
#4180 = VECTOR ( 'NONE', #2832, 1000.000000000000000 ) ;
#4181 = EDGE_CURVE ( 'NONE', #360, #954, #2740, .T. ) ;
#4182 = EDGE_CURVE ( 'NONE', #831, #709, #4100, .T. ) ;
#4183 = SURFACE_SIDE_STYLE ('',( #4730 ) ) ;
#4184 = CARTESIAN_POINT ( 'NONE',  ( -1.000000000000000000, 0.8750000000000000000, 0.0000000000000000000 ) ) ;
#4185 = VECTOR ( 'NONE', #2787, 1000.000000000000000 ) ;
#4186 = CARTESIAN_POINT ( 'NONE',  ( -1.725000000000000100, 2.000000000000000000, 0.2000000000000000100 ) ) ;
#4187 = VECTOR ( 'NONE', #2869, 1000.000000000000000 ) ;
#4188 = EDGE_LOOP ( 'NONE', ( #4198, #2508, #2546, #3108 ) ) ;
#4189 = CARTESIAN_POINT ( 'NONE',  ( -1.750000000000000000, 0.5000000000000000000, 0.0000000000000000000 ) ) ;
#4190 = DIRECTION ( 'NONE',  ( 0.0000000000000000000, -0.0000000000000000000, 1.000000000000000000 ) ) ;
#4191 = ADVANCED_FACE ( 'NONE', ( #3475 ), #3663, .T. ) ;
#4192 = MECHANICAL_DESIGN_GEOMETRIC_PRESENTATION_REPRESENTATION (  '', ( #132 ), #590 ) ;
#4193 = FILL_AREA_STYLE ('',( #931 ) ) ;
#4194 = VERTEX_POINT ( 'NONE', #4306 ) ;
#4195 = PRESENTATION_LAYER_ASSIGNMENT (  '', '', ( #2727 ) ) ;
#4196 = VECTOR ( 'NONE', #4432, 1000.000000000000000 ) ;
#4197 = AXIS2_PLACEMENT_3D ( 'NONE', #429, #3413, #4154 ) ;
#4198 = ORIENTED_EDGE ( 'NONE', *, *, #1789, .F. ) ;
#4199 = DIRECTION ( 'NONE',  ( 1.000000000000000000, 0.0000000000000000000, 0.0000000000000000000 ) ) ;
#4200 = PRESENTATION_STYLE_ASSIGNMENT (( #1236 ) ) ;
#4201 = LINE ( 'NONE', #16, #318 ) ;
#4202 = DIRECTION ( 'NONE',  ( 1.000000000000000000, 0.0000000000000000000, -0.0000000000000000000 ) ) ;
#4203 = VERTEX_POINT ( 'NONE', #1804 ) ;
#4204 = CARTESIAN_POINT ( 'NONE',  ( -1.800000000000000300, 0.4500000000000000700, 0.0000000000000000000 ) ) ;
#4205 = DIRECTION ( 'NONE',  ( 0.0000000000000000000, -0.0000000000000000000, -1.000000000000000000 ) ) ;
#4206 = AXIS2_PLACEMENT_3D ( 'NONE', #2735, #3447, #3833 ) ;
#4207 = DIRECTION ( 'NONE',  ( 0.0000000000000000000, 0.0000000000000000000, 1.000000000000000000 ) ) ;
#4208 = FILL_AREA_STYLE_COLOUR ( '', #3432 ) ;
#4209 = ORIENTED_EDGE ( 'NONE', *, *, #3148, .F. ) ;
#4210 = CLOSED_SHELL ( 'NONE', ( #1538, #4147, #2300, #1497, #3358, #4216, #868, #527, #1600, #2645, #492, #3711, #2707, #2673 ) ) ;
#4211 =( NAMED_UNIT ( * ) PLANE_ANGLE_UNIT ( ) SI_UNIT ( $, .RADIAN. ) );
#4212 = PLANE ( 'NONE',  #4069 ) ;
#4213 = ORIENTED_EDGE ( 'NONE', *, *, #4095, .F. ) ;
#4214 = EDGE_CURVE ( 'NONE', #4677, #405, #4168, .T. ) ;
#4215 = ORIENTED_EDGE ( 'NONE', *, *, #1766, .F. ) ;
#4216 = ADVANCED_FACE ( 'NONE', ( #4286 ), #1846, .F. ) ;
#4217 = DIRECTION ( 'NONE',  ( 1.000000000000000000, 0.0000000000000000000, -0.0000000000000000000 ) ) ;
#4218 = FILL_AREA_STYLE_COLOUR ( '', #3834 ) ;
#4219 = ORIENTED_EDGE ( 'NONE', *, *, #14, .T. ) ;
#4220 =( GEOMETRIC_REPRESENTATION_CONTEXT ( 3 ) GLOBAL_UNCERTAINTY_ASSIGNED_CONTEXT ( ( #3016 ) ) GLOBAL_UNIT_ASSIGNED_CONTEXT ( ( #1269, #2031, #3425 ) ) REPRESENTATION_CONTEXT ( 'NONE', 'WORKASPACE' ) );
#4221 = SURFACE_STYLE_USAGE ( .BOTH. , #2009 ) ;
#4222 = DIRECTION ( 'NONE',  ( -1.000000000000000000, 0.0000000000000000000, -0.0000000000000000000 ) ) ;
#4223 = EDGE_CURVE ( 'NONE', #4127, #1229, #4621, .T. ) ;
#4224 = CARTESIAN_POINT ( 'NONE',  ( -1.750000000000000000, 0.5000000000000000000, 0.0000000000000000000 ) ) ;
#4225 = FILL_AREA_STYLE_COLOUR ( '', #3936 ) ;
#4226 = ORIENTED_EDGE ( 'NONE', *, *, #2863, .F. ) ;
#4227 = CARTESIAN_POINT ( 'NONE',  ( 0.0000000000000000000, 1.000000000000000000, 0.2000000000000000100 ) ) ;
#4228 = LINE ( 'NONE', #1382, #3259 ) ;
#4229 = FACE_OUTER_BOUND ( 'NONE', #2655, .T. ) ;
#4230 = MECHANICAL_DESIGN_GEOMETRIC_PRESENTATION_REPRESENTATION (  '', ( #952 ), #3154 ) ;
#4231 = SURFACE_STYLE_FILL_AREA ( #1038 ) ;
#4232 = PRESENTATION_LAYER_ASSIGNMENT (  '', '', ( #312 ) ) ;
#4233 = VECTOR ( 'NONE', #508, 1000.000000000000000 ) ;
#4234 = CARTESIAN_POINT ( 'NONE',  ( -1.149999999999999900, 1.925000000000000000, 0.2000000000000000100 ) ) ;
#4235 = UNCERTAINTY_MEASURE_WITH_UNIT (LENGTH_MEASURE( 1.000000000000000100E-005 ), #3923, 'distance_accuracy_value', 'NONE');
#4236 = PRESENTATION_LAYER_ASSIGNMENT (  '', '', ( #4660 ) ) ;
#4237 = CARTESIAN_POINT ( 'NONE',  ( -0.7750000000000001300, 0.4000000000000000200, 0.2000000000000000100 ) ) ;
#4238 = FACE_OUTER_BOUND ( 'NONE', #2021, .T. ) ;
#4239 = DIRECTION ( 'NONE',  ( -0.0000000000000000000, 0.0000000000000000000, -1.000000000000000000 ) ) ;
#4240 = LINE ( 'NONE', #1597, #3713 ) ;
#4241 = VECTOR ( 'NONE', #4582, 1000.000000000000000 ) ;
#4242 = CARTESIAN_POINT ( 'NONE',  ( -0.4000000000000000200, 0.07499999999999999700, 0.2000000000000000100 ) ) ;
#4243 = PLANE ( 'NONE',  #4133 ) ;
#4244 = FILL_AREA_STYLE ('',( #577 ) ) ;
#4245 = LINE ( 'NONE', #338, #3147 ) ;
#4246 = DIRECTION ( 'NONE',  ( 1.000000000000000000, 0.0000000000000000000, -0.0000000000000000000 ) ) ;
#4247 = SURFACE_SIDE_STYLE ('',( #17 ) ) ;
#4248 = PLANE ( 'NONE',  #3017 ) ;
#4249 = PLANE ( 'NONE',  #3159 ) ;
#4250 = SURFACE_STYLE_FILL_AREA ( #1025 ) ;
#4251 = EDGE_CURVE ( 'NONE', #3811, #1572, #4561, .T. ) ;
#4252 = VECTOR ( 'NONE', #1282, 1000.000000000000000 ) ;
#4253 = CARTESIAN_POINT ( 'NONE',  ( -0.6500000000000001300, 0.1499999999999999900, 0.2000000000000000100 ) ) ;
#4254 =( GEOMETRIC_REPRESENTATION_CONTEXT ( 3 ) GLOBAL_UNCERTAINTY_ASSIGNED_CONTEXT ( ( #334 ) ) GLOBAL_UNIT_ASSIGNED_CONTEXT ( ( #2080, #3670, #1180 ) ) REPRESENTATION_CONTEXT ( 'NONE', 'WORKASPACE' ) );
#4255 = ORIENTED_EDGE ( 'NONE', *, *, #1338, .F. ) ;
#4256 =( NAMED_UNIT ( * ) PLANE_ANGLE_UNIT ( ) SI_UNIT ( $, .RADIAN. ) );
#4257 = DIRECTION ( 'NONE',  ( 1.000000000000000000, 0.0000000000000000000, -0.0000000000000000000 ) ) ;
#4258 =( NAMED_UNIT ( * ) PLANE_ANGLE_UNIT ( ) SI_UNIT ( $, .RADIAN. ) );
#4259 = PLANE ( 'NONE',  #953 ) ;
#4260 = ORIENTED_EDGE ( 'NONE', *, *, #3789, .T. ) ;
#4261 = DIRECTION ( 'NONE',  ( -0.0000000000000000000, 0.0000000000000000000, 1.000000000000000000 ) ) ;
#4262 =( GEOMETRIC_REPRESENTATION_CONTEXT ( 3 ) GLOBAL_UNCERTAINTY_ASSIGNED_CONTEXT ( ( #4673 ) ) GLOBAL_UNIT_ASSIGNED_CONTEXT ( ( #1598, #3804, #3095 ) ) REPRESENTATION_CONTEXT ( 'NONE', 'WORKASPACE' ) );
#4263 = LINE ( 'NONE', #3693, #3631 ) ;
#4264 =( NAMED_UNIT ( * ) SI_UNIT ( $, .STERADIAN. ) SOLID_ANGLE_UNIT ( ) );
#4265 = VECTOR ( 'NONE', #1473, 1000.000000000000000 ) ;
#4266 = STYLED_ITEM ( 'NONE', ( #135 ), #106 ) ;
#4267 = VERTEX_POINT ( 'NONE', #1788 ) ;
#4268 = UNCERTAINTY_MEASURE_WITH_UNIT (LENGTH_MEASURE( 1.000000000000000100E-005 ), #3985, 'distance_accuracy_value', 'NONE');
#4269 = PRESENTATION_STYLE_ASSIGNMENT (( #1399 ) ) ;
#4270 = STYLED_ITEM ( 'NONE', ( #2867 ), #3738 ) ;
#4271 = ORIENTED_EDGE ( 'NONE', *, *, #326, .F. ) ;
#4272 = ORIENTED_EDGE ( 'NONE', *, *, #1872, .T. ) ;
#4273 =( NAMED_UNIT ( * ) PLANE_ANGLE_UNIT ( ) SI_UNIT ( $, .RADIAN. ) );
#4274 = CARTESIAN_POINT ( 'NONE',  ( -1.850000000000000100, 2.000000000000000000, 0.2000000000000000100 ) ) ;
#4275 = ORIENTED_EDGE ( 'NONE', *, *, #2537, .T. ) ;
#4276 = ORIENTED_EDGE ( 'NONE', *, *, #3504, .T. ) ;
#4277 = DIRECTION ( 'NONE',  ( -0.0000000000000000000, 0.0000000000000000000, 1.000000000000000000 ) ) ;
#4278 = VERTEX_POINT ( 'NONE', #7 ) ;
#4279 = DIRECTION ( 'NONE',  ( -1.000000000000000000, 0.0000000000000000000, -0.0000000000000000000 ) ) ;
#4280 = CARTESIAN_POINT ( 'NONE',  ( -1.800000000000000300, 1.125000000000000200, 0.2000000000000000100 ) ) ;
#4281 = EDGE_CURVE ( 'NONE', #2306, #2017, #482, .T. ) ;
#4282 = ORIENTED_EDGE ( 'NONE', *, *, #3609, .T. ) ;
#4283 = VECTOR ( 'NONE', #327, 1000.000000000000000 ) ;
#4284 = PLANE ( 'NONE',  #3336 ) ;
#4285 = CARTESIAN_POINT ( 'NONE',  ( -1.600000000000000100, 0.0000000000000000000, 0.0000000000000000000 ) ) ;
#4286 = FACE_OUTER_BOUND ( 'NONE', #1569, .T. ) ;
#4287 = STYLED_ITEM ( 'NONE', ( #1110 ), #1547 ) ;
#4288 = SURFACE_SIDE_STYLE ('',( #1376 ) ) ;
#4289 =( NAMED_UNIT ( * ) PLANE_ANGLE_UNIT ( ) SI_UNIT ( $, .RADIAN. ) );
#4290 = EDGE_CURVE ( 'NONE', #3641, #4479, #3065, .T. ) ;
#4291 = DIRECTION ( 'NONE',  ( -0.0000000000000000000, 1.000000000000000000, 0.0000000000000000000 ) ) ;
#4292 = CARTESIAN_POINT ( 'NONE',  ( -1.850000000000000100, 1.000000000000000000, 0.0000000000000000000 ) ) ;
#4293 = DIRECTION ( 'NONE',  ( 0.0000000000000000000, 0.0000000000000000000, 1.000000000000000000 ) ) ;
#4294 =( GEOMETRIC_REPRESENTATION_CONTEXT ( 3 ) GLOBAL_UNCERTAINTY_ASSIGNED_CONTEXT ( ( #762 ) ) GLOBAL_UNIT_ASSIGNED_CONTEXT ( ( #485, #1606, #3828 ) ) REPRESENTATION_CONTEXT ( 'NONE', 'WORKASPACE' ) );
#4295 = SURFACE_STYLE_FILL_AREA ( #4558 ) ;
#4296 = SURFACE_STYLE_USAGE ( .BOTH. , #2855 ) ;
#4297 = PRESENTATION_LAYER_ASSIGNMENT (  '', '', ( #2385 ) ) ;
#4298 = LINE ( 'NONE', #1154, #134 ) ;
#4299 =( GEOMETRIC_REPRESENTATION_CONTEXT ( 3 ) GLOBAL_UNCERTAINTY_ASSIGNED_CONTEXT ( ( #1710 ) ) GLOBAL_UNIT_ASSIGNED_CONTEXT ( ( #1389, #3932, #3567 ) ) REPRESENTATION_CONTEXT ( 'NONE', 'WORKASPACE' ) );
#4300 = LINE ( 'NONE', #1113, #3612 ) ;
#4301 = FACE_OUTER_BOUND ( 'NONE', #807, .T. ) ;
#4302 = SURFACE_SIDE_STYLE ('',( #1137 ) ) ;
#4303 = CARTESIAN_POINT ( 'NONE',  ( 0.0000000000000000000, 0.0000000000000000000, 1.600000000000000100 ) ) ;
#4304 = FILL_AREA_STYLE ('',( #4688 ) ) ;
#4305 = FILL_AREA_STYLE ('',( #1441 ) ) ;
#4306 = CARTESIAN_POINT ( 'NONE',  ( -0.1499999999999999700, 0.0000000000000000000, 0.2000000000000000100 ) ) ;
#4307 = ORIENTED_EDGE ( 'NONE', *, *, #2441, .T. ) ;
#4308 = VECTOR ( 'NONE', #328, 1000.000000000000000 ) ;
#4309 = ORIENTED_EDGE ( 'NONE', *, *, #1825, .T. ) ;
#4310 = FACE_OUTER_BOUND ( 'NONE', #1111, .T. ) ;
#4311 = MECHANICAL_DESIGN_GEOMETRIC_PRESENTATION_REPRESENTATION (  '', ( #246 ), #4254 ) ;
#4312 =( NAMED_UNIT ( * ) SI_UNIT ( $, .STERADIAN. ) SOLID_ANGLE_UNIT ( ) );
#4313 = VERTEX_POINT ( 'NONE', #2882 ) ;
#4314 = EDGE_CURVE ( 'NONE', #2384, #426, #176, .T. ) ;
#4315 = EDGE_CURVE ( 'NONE', #3842, #357, #1810, .T. ) ;
#4316 = CARTESIAN_POINT ( 'NONE',  ( -1.000000000000000000, 2.000000000000000000, 0.2000000000000000100 ) ) ;
#4317 = ORIENTED_EDGE ( 'NONE', *, *, #469, .T. ) ;
#4318 = UNCERTAINTY_MEASURE_WITH_UNIT (LENGTH_MEASURE( 1.000000000000000100E-005 ), #3041, 'distance_accuracy_value', 'NONE');
#4319 = MECHANICAL_DESIGN_GEOMETRIC_PRESENTATION_REPRESENTATION (  '', ( #231 ), #531 ) ;
#4320 = SURFACE_STYLE_USAGE ( .BOTH. , #678 ) ;
#4321 = CARTESIAN_POINT ( 'NONE',  ( -1.399999999999999900, 1.000000000000000000, 0.0000000000000000000 ) ) ;
#4322 = VERTEX_POINT ( 'NONE', #3622 ) ;
#4323 = ORIENTED_EDGE ( 'NONE', *, *, #3616, .T. ) ;
#4324 =( LENGTH_UNIT ( ) NAMED_UNIT ( * ) SI_UNIT ( .MILLI., .METRE. ) );
#4325 = STYLED_ITEM ( 'NONE', ( #341 ), #4111 ) ;
#4326 = FACE_OUTER_BOUND ( 'NONE', #2543, .T. ) ;
#4327 = ORIENTED_EDGE ( 'NONE', *, *, #1124, .T. ) ;
#4328 = ORIENTED_EDGE ( 'NONE', *, *, #2412, .F. ) ;
#4329 =( LENGTH_UNIT ( ) NAMED_UNIT ( * ) SI_UNIT ( .MILLI., .METRE. ) );
#4330 = SURFACE_STYLE_USAGE ( .BOTH. , #340 ) ;
#4331 = EDGE_CURVE ( 'NONE', #3727, #945, #1244, .T. ) ;
#4332 = CARTESIAN_POINT ( 'NONE',  ( -0.1499999999999999900, 1.800000000000000300, 0.2000000000000000100 ) ) ;
#4333 = ORIENTED_EDGE ( 'NONE', *, *, #2063, .F. ) ;
#4334 = EDGE_CURVE ( 'NONE', #1105, #4542, #1705, .T. ) ;
#4335 = CARTESIAN_POINT ( 'NONE',  ( -1.399999999999999900, 0.4000000000000000200, 0.2000000000000000100 ) ) ;
#4336 = DIRECTION ( 'NONE',  ( -1.000000000000000000, 0.0000000000000000000, -0.0000000000000000000 ) ) ;
#4337 = CARTESIAN_POINT ( 'NONE',  ( -0.3999999999999999700, 0.0000000000000000000, 0.0000000000000000000 ) ) ;
#4338 = CIRCLE ( 'NONE', #703, 0.2000000000000000900 ) ;
#4339 = VECTOR ( 'NONE', #4421, 1000.000000000000000 ) ;
#4340 = FACE_OUTER_BOUND ( 'NONE', #967, .T. ) ;
#4341 = DIRECTION ( 'NONE',  ( 0.0000000000000000000, 1.000000000000000000, 0.0000000000000000000 ) ) ;
#4342 = FILL_AREA_STYLE_COLOUR ( '', #3493 ) ;
#4343 = EDGE_CURVE ( 'NONE', #3101, #4498, #3698, .T. ) ;
#4344 = CARTESIAN_POINT ( 'NONE',  ( -0.7750000000000001300, 1.600000000000000100, 0.2000000000000000100 ) ) ;
#4345 = PLANE ( 'NONE',  #3192 ) ;
#4346 = CARTESIAN_POINT ( 'NONE',  ( -0.1499999999999999700, 0.0000000000000000000, 0.0000000000000000000 ) ) ;
#4347 = FILL_AREA_STYLE_COLOUR ( '', #2527 ) ;
#4348 = CARTESIAN_POINT ( 'NONE',  ( -2.000000000000000000, 2.000000000000000000, 0.0000000000000000000 ) ) ;
#4349 = COLOUR_RGB ( '',0.5019607843137254800, 0.5019607843137254800, 0.5019607843137254800 ) ;
#4350 = SURFACE_STYLE_USAGE ( .BOTH. , #645 ) ;
#4351 = VECTOR ( 'NONE', #1148, 1000.000000000000000 ) ;
#4352 = FACE_OUTER_BOUND ( 'NONE', #1748, .T. ) ;
#4353 = FACE_OUTER_BOUND ( 'NONE', #2892, .T. ) ;
#4354 = ORIENTED_EDGE ( 'NONE', *, *, #4442, .F. ) ;
#4355 = LINE ( 'NONE', #961, #860 ) ;
#4356 =( LENGTH_UNIT ( ) NAMED_UNIT ( * ) SI_UNIT ( .MILLI., .METRE. ) );
#4357 =( LENGTH_UNIT ( ) NAMED_UNIT ( * ) SI_UNIT ( .MILLI., .METRE. ) );
#4358 = ORIENTED_EDGE ( 'NONE', *, *, #4572, .F. ) ;
#4359 = EDGE_CURVE ( 'NONE', #2893, #475, #2100, .T. ) ;
#4360 = EDGE_CURVE ( 'NONE', #64, #2600, #833, .T. ) ;
#4361 = CARTESIAN_POINT ( 'NONE',  ( -1.850000000000000100, 0.4000000000000000200, 0.0000000000000000000 ) ) ;
#4362 = DIRECTION ( 'NONE',  ( -1.000000000000000000, -0.0000000000000000000, 0.0000000000000000000 ) ) ;
#4363 = VERTEX_POINT ( 'NONE', #4346 ) ;
#4364 = FILL_AREA_STYLE_COLOUR ( '', #1277 ) ;
#4365 = CARTESIAN_POINT ( 'NONE',  ( -1.149999999999999900, 2.000000000000000000, 0.0000000000000000000 ) ) ;
#4366 = LINE ( 'NONE', #3942, #316 ) ;
#4367 = COLOUR_RGB ( '',0.7529411764705882200, 0.7529411764705882200, 0.7529411764705882200 ) ;
#4368 = ORIENTED_EDGE ( 'NONE', *, *, #4214, .F. ) ;
#4369 = MECHANICAL_DESIGN_GEOMETRIC_PRESENTATION_REPRESENTATION (  '', ( #2407 ), #2653 ) ;
#4370 = VECTOR ( 'NONE', #3839, 1000.000000000000000 ) ;
#4371 = FILL_AREA_STYLE_COLOUR ( '', #4522 ) ;
#4372 = ORIENTED_EDGE ( 'NONE', *, *, #618, .T. ) ;
#4373 = EDGE_CURVE ( 'NONE', #812, #2716, #4502, .T. ) ;
#4374 = EDGE_CURVE ( 'NONE', #303, #2957, #2042, .T. ) ;
#4375 = ORIENTED_EDGE ( 'NONE', *, *, #797, .T. ) ;
#4376 = UNCERTAINTY_MEASURE_WITH_UNIT (LENGTH_MEASURE( 1.000000000000000100E-005 ), #2461, 'distance_accuracy_value', 'NONE');
#4377 = CARTESIAN_POINT ( 'NONE',  ( -1.600000000000000100, 2.000000000000000000, 0.0000000000000000000 ) ) ;
#4378 = PRESENTATION_LAYER_ASSIGNMENT (  '', '', ( #2591 ) ) ;
#4379 = EDGE_LOOP ( 'NONE', ( #939, #4064, #2982, #817 ) ) ;
#4380 = PRESENTATION_LAYER_ASSIGNMENT (  '', '', ( #2596 ) ) ;
#4381 = ORIENTED_EDGE ( 'NONE', *, *, #1083, .T. ) ;
#4382 =( LENGTH_UNIT ( ) NAMED_UNIT ( * ) SI_UNIT ( .MILLI., .METRE. ) );
#4383 = FILL_AREA_STYLE ('',( #2900 ) ) ;
#4384 = MECHANICAL_DESIGN_GEOMETRIC_PRESENTATION_REPRESENTATION (  '', ( #2913 ), #601 ) ;
#4385 =( NAMED_UNIT ( * ) SI_UNIT ( $, .STERADIAN. ) SOLID_ANGLE_UNIT ( ) );
#4386 = VERTEX_POINT ( 'NONE', #1868 ) ;
#4387 = COLOUR_RGB ( '',0.5019607843137254800, 0.5019607843137254800, 0.5019607843137254800 ) ;
#4388 = ORIENTED_EDGE ( 'NONE', *, *, #810, .T. ) ;
#4389 = VERTEX_POINT ( 'NONE', #63 ) ;
#4390 = CARTESIAN_POINT ( 'NONE',  ( -1.149999999999999900, 1.925000000000000000, 0.0000000000000000000 ) ) ;
#4391 = DIRECTION ( 'NONE',  ( -0.0000000000000000000, 0.0000000000000000000, 1.000000000000000000 ) ) ;
#4392 = DIRECTION ( 'NONE',  ( -0.0000000000000000000, 0.0000000000000000000, -1.000000000000000000 ) ) ;
#4393 = DIRECTION ( 'NONE',  ( 0.0000000000000000000, -1.000000000000000000, -0.0000000000000000000 ) ) ;
#4394 = ORIENTED_EDGE ( 'NONE', *, *, #2076, .T. ) ;
#4395 = FACE_OUTER_BOUND ( 'NONE', #2605, .T. ) ;
#4396 =( LENGTH_UNIT ( ) NAMED_UNIT ( * ) SI_UNIT ( .MILLI., .METRE. ) );
#4397 = VECTOR ( 'NONE', #2436, 1000.000000000000000 ) ;
#4398 =( GEOMETRIC_REPRESENTATION_CONTEXT ( 3 ) GLOBAL_UNCERTAINTY_ASSIGNED_CONTEXT ( ( #3305 ) ) GLOBAL_UNIT_ASSIGNED_CONTEXT ( ( #1548, #3769, #3013 ) ) REPRESENTATION_CONTEXT ( 'NONE', 'WORKASPACE' ) );
#4399 = MECHANICAL_DESIGN_GEOMETRIC_PRESENTATION_REPRESENTATION (  '', ( #1098 ), #384 ) ;
#4400 = SURFACE_SIDE_STYLE ('',( #977 ) ) ;
#4401 = VECTOR ( 'NONE', #1700, 1000.000000000000000 ) ;
#4402 = DIRECTION ( 'NONE',  ( -1.000000000000000000, -0.0000000000000000000, 0.0000000000000000000 ) ) ;
#4403 = PRESENTATION_LAYER_ASSIGNMENT (  '', '', ( #4564 ) ) ;
#4404 = VECTOR ( 'NONE', #4402, 1000.000000000000000 ) ;
#4405 = VECTOR ( 'NONE', #3509, 1000.000000000000000 ) ;
#4406 = CARTESIAN_POINT ( 'NONE',  ( -1.000000000000000000, 0.0000000000000000000, 0.0000000000000000000 ) ) ;
#4407 = FILL_AREA_STYLE ('',( #1814 ) ) ;
#4408 = ORIENTED_EDGE ( 'NONE', *, *, #4181, .T. ) ;
#4409 = PRESENTATION_LAYER_ASSIGNMENT (  '', '', ( #3889 ) ) ;
#4410 = SURFACE_SIDE_STYLE ('',( #3163 ) ) ;
#4411 = LINE ( 'NONE', #3830, #4527 ) ;
#4412 = VERTEX_POINT ( 'NONE', #3356 ) ;
#4413 = ORIENTED_EDGE ( 'NONE', *, *, #3456, .T. ) ;
#4414 = CARTESIAN_POINT ( 'NONE',  ( -0.6500000000000001300, 1.850000000000000100, 0.2000000000000000100 ) ) ;
#4415 = EDGE_LOOP ( 'NONE', ( #416, #161, #1794, #4275, #667, #3160, #2698, #1749 ) ) ;
#4416 = EDGE_CURVE ( 'NONE', #2017, #1873, #2559, .T. ) ;
#4417 =( LENGTH_UNIT ( ) NAMED_UNIT ( * ) SI_UNIT ( .MILLI., .METRE. ) );
#4418 = FILL_AREA_STYLE_COLOUR ( '', #656 ) ;
#4419 = DIRECTION ( 'NONE',  ( 1.000000000000000000, 0.0000000000000000000, 0.0000000000000000000 ) ) ;
#4420 = ORIENTED_EDGE ( 'NONE', *, *, #4020, .F. ) ;
#4421 = DIRECTION ( 'NONE',  ( -1.000000000000000000, -0.0000000000000000000, 0.0000000000000000000 ) ) ;
#4422 = ORIENTED_EDGE ( 'NONE', *, *, #2208, .F. ) ;
#4423 = ORIENTED_EDGE ( 'NONE', *, *, #4476, .F. ) ;
#4424 = UNCERTAINTY_MEASURE_WITH_UNIT (LENGTH_MEASURE( 1.000000000000000100E-005 ), #1976, 'distance_accuracy_value', 'NONE');
#4425 = PRESENTATION_LAYER_ASSIGNMENT (  '', '', ( #653 ) ) ;
#4426 =( NAMED_UNIT ( * ) PLANE_ANGLE_UNIT ( ) SI_UNIT ( $, .RADIAN. ) );
#4427 = FACE_OUTER_BOUND ( 'NONE', #1974, .T. ) ;
#4428 = EDGE_CURVE ( 'NONE', #2197, #1902, #963, .T. ) ;
#4429 = ORIENTED_EDGE ( 'NONE', *, *, #1403, .T. ) ;
#4430 =( LENGTH_UNIT ( ) NAMED_UNIT ( * ) SI_UNIT ( .MILLI., .METRE. ) );
#4431 = AXIS2_PLACEMENT_3D ( 'NONE', #3494, #2368, #4239 ) ;
#4432 = DIRECTION ( 'NONE',  ( 0.0000000000000000000, -0.0000000000000000000, -1.000000000000000000 ) ) ;
#4433 = ORIENTED_EDGE ( 'NONE', *, *, #2468, .T. ) ;
#4434 = DIRECTION ( 'NONE',  ( -0.0000000000000000000, 0.0000000000000000000, -1.000000000000000000 ) ) ;
#4435 = MECHANICAL_DESIGN_GEOMETRIC_PRESENTATION_REPRESENTATION (  '', ( #2385 ), #668 ) ;
#4436 = CARTESIAN_POINT ( 'NONE',  ( -1.399999999999999900, 1.600000000000000100, 0.2000000000000000100 ) ) ;
#4437 = FACE_OUTER_BOUND ( 'NONE', #2235, .T. ) ;
#4438 = ORIENTED_EDGE ( 'NONE', *, *, #242, .T. ) ;
#4439 = AXIS2_PLACEMENT_3D ( 'NONE', #2023, #4583, #537 ) ;
#4440 = CLOSED_SHELL ( 'NONE', ( #2002, #2255, #897, #1570, #55, #4512 ) ) ;
#4441 =( NAMED_UNIT ( * ) PLANE_ANGLE_UNIT ( ) SI_UNIT ( $, .RADIAN. ) );
#4442 = EDGE_CURVE ( 'NONE', #2547, #470, #2672, .T. ) ;
#4443 = LINE ( 'NONE', #3885, #669 ) ;
#4444 =( NAMED_UNIT ( * ) PLANE_ANGLE_UNIT ( ) SI_UNIT ( $, .RADIAN. ) );
#4445 = SURFACE_SIDE_STYLE ('',( #4143 ) ) ;
#4446 = COLOUR_RGB ( '',0.7529411764705882200, 0.7529411764705882200, 0.7529411764705882200 ) ;
#4447 = PRESENTATION_STYLE_ASSIGNMENT (( #3636 ) ) ;
#4448 = DIRECTION ( 'NONE',  ( 1.000000000000000000, -0.0000000000000000000, 0.0000000000000000000 ) ) ;
#4449 = CARTESIAN_POINT ( 'NONE',  ( -1.149999999999999900, 1.850000000000000100, 0.2000000000000000100 ) ) ;
#4450 = CARTESIAN_POINT ( 'NONE',  ( -1.399999999999999900, 1.600000000000000100, 0.2000000000000000100 ) ) ;
#4451 = VECTOR ( 'NONE', #3743, 1000.000000000000000 ) ;
#4452 = UNCERTAINTY_MEASURE_WITH_UNIT (LENGTH_MEASURE( 1.000000000000000100E-005 ), #654, 'distance_accuracy_value', 'NONE');
#4453 = SURFACE_STYLE_USAGE ( .BOTH. , #805 ) ;
#4454 = LINE ( 'NONE', #2551, #3993 ) ;
#4455 = MECHANICAL_DESIGN_GEOMETRIC_PRESENTATION_REPRESENTATION (  '', ( #1034 ), #4028 ) ;
#4456 = COLOUR_RGB ( '',0.2509803921568627400, 0.2509803921568627400, 0.2509803921568627400 ) ;
#4457 = EDGE_CURVE ( 'NONE', #2547, #2128, #3656, .T. ) ;
#4458 = VECTOR ( 'NONE', #1314, 1000.000000000000000 ) ;
#4459 = PRESENTATION_STYLE_ASSIGNMENT (( #1928 ) ) ;
#4460 = VECTOR ( 'NONE', #938, 1000.000000000000000 ) ;
#4461 = FILL_AREA_STYLE ('',( #3364 ) ) ;
#4462 = ORIENTED_EDGE ( 'NONE', *, *, #1517, .T. ) ;
#4463 = MECHANICAL_DESIGN_GEOMETRIC_PRESENTATION_REPRESENTATION (  '', ( #4166 ), #4723 ) ;
#4464 = SURFACE_STYLE_USAGE ( .BOTH. , #1147 ) ;
#4465 = ADVANCED_FACE ( 'NONE', ( #10 ), #1133, .F. ) ;
#4466 = FILL_AREA_STYLE ('',( #1539 ) ) ;
#4467 = ORIENTED_EDGE ( 'NONE', *, *, #1203, .T. ) ;
#4468 = DIRECTION ( 'NONE',  ( -0.0000000000000000000, 1.000000000000000000, 0.0000000000000000000 ) ) ;
#4469 = SURFACE_SIDE_STYLE ('',( #3847 ) ) ;
#4470 = DIRECTION ( 'NONE',  ( 0.0000000000000000000, -1.000000000000000000, 0.0000000000000000000 ) ) ;
#4471 = DIRECTION ( 'NONE',  ( 0.0000000000000000000, -1.000000000000000000, 0.0000000000000000000 ) ) ;
#4472 = LINE ( 'NONE', #754, #4136 ) ;
#4473 = ORIENTED_EDGE ( 'NONE', *, *, #4281, .F. ) ;
#4474 = VECTOR ( 'NONE', #3237, 1000.000000000000000 ) ;
#4475 = VECTOR ( 'NONE', #1801, 1000.000000000000000 ) ;
#4476 = EDGE_CURVE ( 'NONE', #210, #3746, #1366, .T. ) ;
#4477 = ORIENTED_EDGE ( 'NONE', *, *, #3536, .T. ) ;
#4478 = DIRECTION ( 'NONE',  ( 0.0000000000000000000, 0.0000000000000000000, 1.000000000000000000 ) ) ;
#4479 = VERTEX_POINT ( 'NONE', #4449 ) ;
#4480 = CARTESIAN_POINT ( 'NONE',  ( -1.000000000000000000, 0.0000000000000000000, 0.2000000000000000100 ) ) ;
#4481 = PRESENTATION_LAYER_ASSIGNMENT (  '', '', ( #1707 ) ) ;
#4482 = DIRECTION ( 'NONE',  ( -1.000000000000000000, 0.0000000000000000000, -0.0000000000000000000 ) ) ;
#4483 = VECTOR ( 'NONE', #3507, 1000.000000000000000 ) ;
#4484 = DIRECTION ( 'NONE',  ( 0.0000000000000000000, -0.0000000000000000000, -1.000000000000000000 ) ) ;
#4485 = ORIENTED_EDGE ( 'NONE', *, *, #946, .T. ) ;
#4486 = EDGE_CURVE ( 'NONE', #2246, #3794, #1022, .T. ) ;
#4487 = ORIENTED_EDGE ( 'NONE', *, *, #1203, .F. ) ;
#4488 = MANIFOLD_SOLID_BREP ( 'Rectangle1_3-1-solid1', #112 ) ;
#4489 = VECTOR ( 'NONE', #553, 1000.000000000000000 ) ;
#4490 = ADVANCED_FACE ( 'NONE', ( #4437 ), #4068, .T. ) ;
#4491 = ORIENTED_EDGE ( 'NONE', *, *, #2180, .T. ) ;
#4492 = AXIS2_PLACEMENT_3D ( 'NONE', #1613, #2390, #3129 ) ;
#4493 = CARTESIAN_POINT ( 'NONE',  ( -0.7750000000000001300, 0.4000000000000000200, 0.0000000000000000000 ) ) ;
#4494 = FACE_OUTER_BOUND ( 'NONE', #330, .T. ) ;
#4495 = EDGE_CURVE ( 'NONE', #2246, #2890, #723, .T. ) ;
#4496 = PRESENTATION_LAYER_ASSIGNMENT (  '', '', ( #4266 ) ) ;
#4497 = ADVANCED_FACE ( 'NONE', ( #1471 ), #188, .T. ) ;
#4498 = VERTEX_POINT ( 'NONE', #3369 ) ;
#4499 = SURFACE_SIDE_STYLE ('',( #1463 ) ) ;
#4500 =( GEOMETRIC_REPRESENTATION_CONTEXT ( 3 ) GLOBAL_UNCERTAINTY_ASSIGNED_CONTEXT ( ( #3816 ) ) GLOBAL_UNIT_ASSIGNED_CONTEXT ( ( #2701, #1560, #4117 ) ) REPRESENTATION_CONTEXT ( 'NONE', 'WORKASPACE' ) );
#4501 = CARTESIAN_POINT ( 'NONE',  ( -0.3999999999999999700, 2.000000000000000000, 0.0000000000000000000 ) ) ;
#4502 = LINE ( 'NONE', #2615, #3310 ) ;
#4503 = DIRECTION ( 'NONE',  ( 0.0000000000000000000, 0.0000000000000000000, 1.000000000000000000 ) ) ;
#4504 = VERTEX_POINT ( 'NONE', #2224 ) ;
#4505 = CARTESIAN_POINT ( 'NONE',  ( -0.9000000000000001300, 2.000000000000000000, 0.0000000000000000000 ) ) ;
#4506 = DIRECTION ( 'NONE',  ( 0.0000000000000000000, 1.000000000000000000, 0.0000000000000000000 ) ) ;
#4507 = COLOUR_RGB ( '',0.7529411764705882200, 0.7529411764705882200, 0.7529411764705882200 ) ;
#4508 = FILL_AREA_STYLE_COLOUR ( '', #1484 ) ;
#4509 = VECTOR ( 'NONE', #4573, 1000.000000000000000 ) ;
#4510 = EDGE_CURVE ( 'NONE', #959, #3805, #229, .T. ) ;
#4511 = CARTESIAN_POINT ( 'NONE',  ( -0.9000000000000001300, 1.000000000000000000, 0.0000000000000000000 ) ) ;
#4512 = ADVANCED_FACE ( 'NONE', ( #4494 ), #905, .F. ) ;
#4513 =( NAMED_UNIT ( * ) PLANE_ANGLE_UNIT ( ) SI_UNIT ( $, .RADIAN. ) );
#4514 = DIRECTION ( 'NONE',  ( 0.0000000000000000000, -1.000000000000000000, 0.0000000000000000000 ) ) ;
#4515 = UNCERTAINTY_MEASURE_WITH_UNIT (LENGTH_MEASURE( 1.000000000000000100E-005 ), #3497, 'distance_accuracy_value', 'NONE');
#4516 = VECTOR ( 'NONE', #2058, 1000.000000000000000 ) ;
#4517 = CARTESIAN_POINT ( 'NONE',  ( -0.3999999999999999700, 1.000000000000000000, 0.0000000000000000000 ) ) ;
#4518 = DIRECTION ( 'NONE',  ( 0.0000000000000000000, 0.0000000000000000000, -1.000000000000000000 ) ) ;
#4519 = COLOUR_RGB ( '',0.7529411764705882200, 0.7529411764705882200, 0.7529411764705882200 ) ;
#4520 = ADVANCED_FACE ( 'NONE', ( #2903 ), #3466, .T. ) ;
#4521 = SURFACE_SIDE_STYLE ('',( #3604 ) ) ;
#4522 = COLOUR_RGB ( '',0.2509803921568627400, 0.2509803921568627400, 0.2509803921568627400 ) ;
#4523 = PRESENTATION_LAYER_ASSIGNMENT (  '', '', ( #2407 ) ) ;
#4524 = CARTESIAN_POINT ( 'NONE',  ( -0.7750000000000001300, 1.800000000000000300, 0.2000000000000000100 ) ) ;
#4525 = EDGE_CURVE ( 'NONE', #1229, #4267, #2788, .T. ) ;
#4526 = PRESENTATION_STYLE_ASSIGNMENT (( #1264 ) ) ;
#4527 = VECTOR ( 'NONE', #4202, 1000.000000000000000 ) ;
#4528 = EDGE_LOOP ( 'NONE', ( #1155, #3538, #4072, #1058 ) ) ;
#4529 = AXIS2_PLACEMENT_3D ( 'NONE', #201, #3411, #4199 ) ;
#4530 = DIRECTION ( 'NONE',  ( 0.0000000000000000000, 0.0000000000000000000, -1.000000000000000000 ) ) ;
#4531 = VECTOR ( 'NONE', #4099, 1000.000000000000000 ) ;
#4532 = ORIENTED_EDGE ( 'NONE', *, *, #898, .F. ) ;
#4533 = FILL_AREA_STYLE_COLOUR ( '', #2169 ) ;
#4534 = DIRECTION ( 'NONE',  ( 0.0000000000000000000, -1.000000000000000000, 0.0000000000000000000 ) ) ;
#4535 = FACE_OUTER_BOUND ( 'NONE', #3180, .T. ) ;
#4536 = LINE ( 'NONE', #3674, #3102 ) ;
#4537 = FILL_AREA_STYLE_COLOUR ( '', #989 ) ;
#4538 = PLANE ( 'NONE',  #4000 ) ;
#4539 = VERTEX_POINT ( 'NONE', #3092 ) ;
#4540 = PLANE ( 'NONE',  #2876 ) ;
#4541 = VECTOR ( 'NONE', #3268, 1000.000000000000000 ) ;
#4542 = VERTEX_POINT ( 'NONE', #1630 ) ;
#4543 = EDGE_LOOP ( 'NONE', ( #2652, #1290, #2015, #3731 ) ) ;
#4544 =( LENGTH_UNIT ( ) NAMED_UNIT ( * ) SI_UNIT ( .MILLI., .METRE. ) );
#4545 = ORIENTED_EDGE ( 'NONE', *, *, #810, .F. ) ;
#4546 = EDGE_LOOP ( 'NONE', ( #4672, #2142, #3347, #3576 ) ) ;
#4547 =( NAMED_UNIT ( * ) SI_UNIT ( $, .STERADIAN. ) SOLID_ANGLE_UNIT ( ) );
#4548 = DIRECTION ( 'NONE',  ( 1.000000000000000000, 0.0000000000000000000, -0.0000000000000000000 ) ) ;
#4549 =( NAMED_UNIT ( * ) PLANE_ANGLE_UNIT ( ) SI_UNIT ( $, .RADIAN. ) );
#4550 = VERTEX_POINT ( 'NONE', #4156 ) ;
#4551 = DIRECTION ( 'NONE',  ( 1.000000000000000000, 0.0000000000000000000, -0.0000000000000000000 ) ) ;
#4552 = STYLED_ITEM ( 'NONE', ( #4691 ), #1209 ) ;
#4553 =( NAMED_UNIT ( * ) SI_UNIT ( $, .STERADIAN. ) SOLID_ANGLE_UNIT ( ) );
#4554 = CARTESIAN_POINT ( 'NONE',  ( -0.1499999999999999700, 0.4000000000000000200, 0.2000000000000000100 ) ) ;
#4555 =( NAMED_UNIT ( * ) SI_UNIT ( $, .STERADIAN. ) SOLID_ANGLE_UNIT ( ) );
#4556 = EDGE_CURVE ( 'NONE', #1643, #4152, #2500, .T. ) ;
#4557 =( NAMED_UNIT ( * ) SI_UNIT ( $, .STERADIAN. ) SOLID_ANGLE_UNIT ( ) );
#4558 = FILL_AREA_STYLE ('',( #700 ) ) ;
#4559 = EDGE_LOOP ( 'NONE', ( #4423, #4597, #2611, #715 ) ) ;
#4560 = DIRECTION ( 'NONE',  ( 0.0000000000000000000, 0.0000000000000000000, 1.000000000000000000 ) ) ;
#4561 = LINE ( 'NONE', #740, #1480 ) ;
#4562 = STYLED_ITEM ( 'NONE', ( #4641 ), #2677 ) ;
#4563 = VERTEX_POINT ( 'NONE', #162 ) ;
#4564 = STYLED_ITEM ( 'NONE', ( #1095 ), #527 ) ;
#4565 =( NAMED_UNIT ( * ) SI_UNIT ( $, .STERADIAN. ) SOLID_ANGLE_UNIT ( ) );
#4566 = AXIS2_PLACEMENT_3D ( 'NONE', #4280, #2482, #2137 ) ;
#4567 = CARTESIAN_POINT ( 'NONE',  ( -1.600000000000000100, 0.0000000000000000000, 0.2000000000000000100 ) ) ;
#4568 = DIRECTION ( 'NONE',  ( 0.0000000000000000000, 1.000000000000000000, 0.0000000000000000000 ) ) ;
#4569 = PLANE ( 'NONE',  #4439 ) ;
#4570 = SURFACE_SIDE_STYLE ('',( #189 ) ) ;
#4571 = FILL_AREA_STYLE_COLOUR ( '', #26 ) ;
#4572 = EDGE_CURVE ( 'NONE', #303, #3806, #2442, .T. ) ;
#4573 = DIRECTION ( 'NONE',  ( -1.000000000000000000, -0.0000000000000000000, -0.0000000000000000000 ) ) ;
#4574 = LINE ( 'NONE', #536, #1878 ) ;
#4575 = LINE ( 'NONE', #4390, #3716 ) ;
#4576 = FILL_AREA_STYLE_COLOUR ( '', #641 ) ;
#4577 = UNCERTAINTY_MEASURE_WITH_UNIT (LENGTH_MEASURE( 1.000000000000000100E-005 ), #4591, 'distance_accuracy_value', 'NONE');
#4578 = COLOUR_RGB ( '',0.5019607843137254800, 0.5019607843137254800, 0.5019607843137254800 ) ;
#4579 = PRESENTATION_STYLE_ASSIGNMENT (( #1265 ) ) ;
#4580 = VECTOR ( 'NONE', #1524, 1000.000000000000000 ) ;
#4581 = SURFACE_SIDE_STYLE ('',( #2124 ) ) ;
#4582 = DIRECTION ( 'NONE',  ( -0.0000000000000000000, -0.0000000000000000000, 1.000000000000000000 ) ) ;
#4583 = DIRECTION ( 'NONE',  ( 0.0000000000000000000, 0.0000000000000000000, 1.000000000000000000 ) ) ;
#4584 = VERTEX_POINT ( 'NONE', #1609 ) ;
#4585 = SURFACE_STYLE_USAGE ( .BOTH. , #4570 ) ;
#4586 = DIRECTION ( 'NONE',  ( -1.000000000000000000, 0.0000000000000000000, -0.0000000000000000000 ) ) ;
#4587 = SURFACE_SIDE_STYLE ('',( #3379 ) ) ;
#4588 = DIRECTION ( 'NONE',  ( 0.7071067811865477900, 0.7071067811865473500, 0.0000000000000000000 ) ) ;
#4589 = PRESENTATION_LAYER_ASSIGNMENT (  '', '', ( #2192 ) ) ;
#4590 = PLANE ( 'NONE',  #2762 ) ;
#4591 =( LENGTH_UNIT ( ) NAMED_UNIT ( * ) SI_UNIT ( .MILLI., .METRE. ) );
#4592 = FILL_AREA_STYLE ('',( #2774 ) ) ;
#4593 = ORIENTED_EDGE ( 'NONE', *, *, #121, .F. ) ;
#4594 = EDGE_CURVE ( 'NONE', #1641, #2384, #1642, .T. ) ;
#4595 = SURFACE_STYLE_FILL_AREA ( #771 ) ;
#4596 = PRESENTATION_LAYER_ASSIGNMENT (  '', '', ( #3023 ) ) ;
#4597 = ORIENTED_EDGE ( 'NONE', *, *, #1284, .F. ) ;
#4598 = ADVANCED_FACE ( 'NONE', ( #4090 ), #4569, .F. ) ;
#4599 = VERTEX_POINT ( 'NONE', #205 ) ;
#4600 = SURFACE_SIDE_STYLE ('',( #1823 ) ) ;
#4601 = PRODUCT_RELATED_PRODUCT_CATEGORY ( 'part', '', ( #2777 ) ) ;
#4602 = PLANE ( 'NONE',  #1472 ) ;
#4603 = SURFACE_STYLE_FILL_AREA ( #2709 ) ;
#4604 = FILL_AREA_STYLE_COLOUR ( '', #1325 ) ;
#4605 = ORIENTED_EDGE ( 'NONE', *, *, #1142, .T. ) ;
#4606 = CARTESIAN_POINT ( 'NONE',  ( -1.800000000000000300, 0.8750000000000000000, 0.2000000000000000100 ) ) ;
#4607 = VERTEX_POINT ( 'NONE', #3846 ) ;
#4608 = DIRECTION ( 'NONE',  ( -0.0000000000000000000, 0.0000000000000000000, 1.000000000000000000 ) ) ;
#4609 = EDGE_CURVE ( 'NONE', #4127, #3696, #3244, .T. ) ;
#4610 = ORIENTED_EDGE ( 'NONE', *, *, #2380, .F. ) ;
#4611 = EDGE_CURVE ( 'NONE', #1229, #628, #826, .T. ) ;
#4612 = UNCERTAINTY_MEASURE_WITH_UNIT (LENGTH_MEASURE( 1.000000000000000100E-005 ), #2631, 'distance_accuracy_value', 'NONE');
#4613 = ORIENTED_EDGE ( 'NONE', *, *, #946, .F. ) ;
#4614 = DIRECTION ( 'NONE',  ( 0.0000000000000000000, -0.0000000000000000000, -1.000000000000000000 ) ) ;
#4615 = DIRECTION ( 'NONE',  ( 0.0000000000000000000, -1.000000000000000000, -0.0000000000000000000 ) ) ;
#4616 = ORIENTED_EDGE ( 'NONE', *, *, #2639, .T. ) ;
#4617 = PRESENTATION_LAYER_ASSIGNMENT (  '', '', ( #1736 ) ) ;
#4618 = FILL_AREA_STYLE ('',( #906 ) ) ;
#4619 = PLANE ( 'NONE',  #439 ) ;
#4620 = DIRECTION ( 'NONE',  ( 0.0000000000000000000, 0.0000000000000000000, 1.000000000000000000 ) ) ;
#4621 = LINE ( 'NONE', #367, #3925 ) ;
#4622 = EDGE_CURVE ( 'NONE', #2408, #2711, #109, .T. ) ;
#4623 = EDGE_CURVE ( 'NONE', #4194, #2257, #1468, .T. ) ;
#4624 =( NAMED_UNIT ( * ) SI_UNIT ( $, .STERADIAN. ) SOLID_ANGLE_UNIT ( ) );
#4625 = ADVANCED_FACE ( 'NONE', ( #1018 ), #1001, .F. ) ;
#4626 = SURFACE_STYLE_USAGE ( .BOTH. , #1655 ) ;
#4627 = CARTESIAN_POINT ( 'NONE',  ( -0.9000000000000001300, 2.000000000000000000, 0.2000000000000000100 ) ) ;
#4628 = MECHANICAL_DESIGN_GEOMETRIC_PRESENTATION_REPRESENTATION (  '', ( #2188 ), #2314 ) ;
#4629 = PRESENTATION_LAYER_ASSIGNMENT (  '', '', ( #1690 ) ) ;
#4630 = PRESENTATION_LAYER_ASSIGNMENT (  '', '', ( #2971 ) ) ;
#4631 = VECTOR ( 'NONE', #3483, 1000.000000000000000 ) ;
#4632 = STYLED_ITEM ( 'NONE', ( #3979 ), #4167 ) ;
#4633 = DIRECTION ( 'NONE',  ( -0.0000000000000000000, 0.0000000000000000000, -1.000000000000000000 ) ) ;
#4634 = CARTESIAN_POINT ( 'NONE',  ( -2.000000000000000000, 1.125000000000000200, 0.0000000000000000000 ) ) ;
#4635 = FACE_OUTER_BOUND ( 'NONE', #699, .T. ) ;
#4636 = CARTESIAN_POINT ( 'NONE',  ( -0.1499999999999999700, 1.600000000000000100, 0.0000000000000000000 ) ) ;
#4637 = PLANE ( 'NONE',  #3542 ) ;
#4638 = LINE ( 'NONE', #3062, #791 ) ;
#4639 = DIRECTION ( 'NONE',  ( 0.0000000000000000000, 1.000000000000000000, -0.0000000000000000000 ) ) ;
#4640 = DIRECTION ( 'NONE',  ( -1.000000000000000000, -0.0000000000000000000, -0.0000000000000000000 ) ) ;
#4641 = PRESENTATION_STYLE_ASSIGNMENT (( #1012 ) ) ;
#4642 = LINE ( 'NONE', #4285, #1328 ) ;
#4643 = CARTESIAN_POINT ( 'NONE',  ( -1.600000000000000100, 0.0000000000000000000, 0.0000000000000000000 ) ) ;
#4644 = DIRECTION ( 'NONE',  ( -0.0000000000000000000, 1.000000000000000000, 0.0000000000000000000 ) ) ;
#4645 = VERTEX_POINT ( 'NONE', #631 ) ;
#4646 =( NAMED_UNIT ( * ) SI_UNIT ( $, .STERADIAN. ) SOLID_ANGLE_UNIT ( ) );
#4647 = AXIS2_PLACEMENT_3D ( 'NONE', #3984, #2109, #2540 ) ;
#4648 = LINE ( 'NONE', #44, #2422 ) ;
#4649 =( NAMED_UNIT ( * ) SI_UNIT ( $, .STERADIAN. ) SOLID_ANGLE_UNIT ( ) );
#4650 = FILL_AREA_STYLE_COLOUR ( '', #3892 ) ;
#4651 = ORIENTED_EDGE ( 'NONE', *, *, #1682, .T. ) ;
#4652 =( LENGTH_UNIT ( ) NAMED_UNIT ( * ) SI_UNIT ( .MILLI., .METRE. ) );
#4653 = STYLED_ITEM ( 'NONE', ( #573 ), #2300 ) ;
#4654 = CARTESIAN_POINT ( 'NONE',  ( -0.4000000000000000200, 0.1999999999999990100, 0.2000000000000000100 ) ) ;
#4655 = FILL_AREA_STYLE ('',( #3549 ) ) ;
#4656 = STYLED_ITEM ( 'NONE', ( #980 ), #177 ) ;
#4657 = EDGE_LOOP ( 'NONE', ( #2675, #2086, #4485, #4727 ) ) ;
#4658 = DIRECTION ( 'NONE',  ( 1.000000000000000000, 0.0000000000000000000, -0.0000000000000000000 ) ) ;
#4659 = FACE_OUTER_BOUND ( 'NONE', #2833, .T. ) ;
#4660 = STYLED_ITEM ( 'NONE', ( #896 ), #4465 ) ;
#4661 = ORIENTED_EDGE ( 'NONE', *, *, #4343, .F. ) ;
#4662 = ORIENTED_EDGE ( 'NONE', *, *, #2530, .T. ) ;
#4663 = CARTESIAN_POINT ( 'NONE',  ( -0.3999999999999999700, 0.1499999999999999700, 0.0000000000000000000 ) ) ;
#4664 = DIRECTION ( 'NONE',  ( 1.000000000000000000, 0.0000000000000000000, -0.0000000000000000000 ) ) ;
#4665 = EDGE_LOOP ( 'NONE', ( #3506, #1582, #2156, #3035 ) ) ;
#4666 = ORIENTED_EDGE ( 'NONE', *, *, #1800, .F. ) ;
#4667 =( NAMED_UNIT ( * ) PLANE_ANGLE_UNIT ( ) SI_UNIT ( $, .RADIAN. ) );
#4668 = FILL_AREA_STYLE_COLOUR ( '', #4519 ) ;
#4669 = PRESENTATION_STYLE_ASSIGNMENT (( #3714 ) ) ;
#4670 = PLANE ( 'NONE',  #3046 ) ;
#4671 = EDGE_CURVE ( 'NONE', #360, #4412, #3810, .T. ) ;
#4672 = ORIENTED_EDGE ( 'NONE', *, *, #69, .F. ) ;
#4673 = UNCERTAINTY_MEASURE_WITH_UNIT (LENGTH_MEASURE( 1.000000000000000100E-005 ), #1598, 'distance_accuracy_value', 'NONE');
#4674 = DIRECTION ( 'NONE',  ( 0.0000000000000000000, -0.0000000000000000000, 1.000000000000000000 ) ) ;
#4675 = SURFACE_SIDE_STYLE ('',( #780 ) ) ;
#4676 = VECTOR ( 'NONE', #3537, 1000.000000000000000 ) ;
#4677 = VERTEX_POINT ( 'NONE', #4643 ) ;
#4678 = CARTESIAN_POINT ( 'NONE',  ( -1.800000000000000300, 1.125000000000000200, 0.0000000000000000000 ) ) ;
#4679 = VERTEX_POINT ( 'NONE', #284 ) ;
#4680 = SURFACE_STYLE_FILL_AREA ( #2466 ) ;
#4681 = MECHANICAL_DESIGN_GEOMETRIC_PRESENTATION_REPRESENTATION (  '', ( #653 ), #4220 ) ;
#4682 = CARTESIAN_POINT ( 'NONE',  ( -0.7750000000000001300, 0.1499999999999999900, 0.0000000000000000000 ) ) ;
#4683 = EDGE_LOOP ( 'NONE', ( #1063, #3758, #3910, #4215 ) ) ;
#4684 =( LENGTH_UNIT ( ) NAMED_UNIT ( * ) SI_UNIT ( .MILLI., .METRE. ) );
#4685 = SURFACE_STYLE_FILL_AREA ( #506 ) ;
#4686 = CARTESIAN_POINT ( 'NONE',  ( -2.000000000000000000, 0.8750000000000000000, 0.2000000000000000100 ) ) ;
#4687 = EDGE_CURVE ( 'NONE', #3798, #2146, #1863, .T. ) ;
#4688 = FILL_AREA_STYLE_COLOUR ( '', #409 ) ;
#4689 = LINE ( 'NONE', #1698, #3074 ) ;
#4690 = MECHANICAL_DESIGN_GEOMETRIC_PRESENTATION_REPRESENTATION (  '', ( #2627 ), #108 ) ;
#4691 = PRESENTATION_STYLE_ASSIGNMENT (( #1249 ) ) ;
#4692 = DIRECTION ( 'NONE',  ( -0.0000000000000000000, 0.0000000000000000000, 1.000000000000000000 ) ) ;
#4693 = CARTESIAN_POINT ( 'NONE',  ( -1.725000000000000100, 1.800000000000000300, 0.0000000000000000000 ) ) ;
#4694 = APPLICATION_CONTEXT ( 'automotive_design' ) ;
#4695 = STYLED_ITEM ( 'NONE', ( #802 ), #550 ) ;
#4696 = VECTOR ( 'NONE', #4482, 1000.000000000000000 ) ;
#4697 = PRESENTATION_LAYER_ASSIGNMENT (  '', '', ( #2828 ) ) ;
#4698 = VECTOR ( 'NONE', #1828, 1000.000000000000000 ) ;
#4699 = LINE ( 'NONE', #2739, #4458 ) ;
#4700 = PLANE ( 'NONE',  #2854 ) ;
#4701 = SURFACE_STYLE_USAGE ( .BOTH. , #3648 ) ;
#4702 = EDGE_CURVE ( 'NONE', #2644, #3295, #2729, .T. ) ;
#4703 = VECTOR ( 'NONE', #920, 1000.000000000000000 ) ;
#4704 =( NAMED_UNIT ( * ) SI_UNIT ( $, .STERADIAN. ) SOLID_ANGLE_UNIT ( ) );
#4705 =( NAMED_UNIT ( * ) PLANE_ANGLE_UNIT ( ) SI_UNIT ( $, .RADIAN. ) );
#4706 = EDGE_LOOP ( 'NONE', ( #423, #4613, #3399, #3300 ) ) ;
#4707 = SURFACE_STYLE_USAGE ( .BOTH. , #2901 ) ;
#4708 = CARTESIAN_POINT ( 'NONE',  ( -0.8000000000000000400, 1.000000000000000000, 0.2000000000000000100 ) ) ;
#4709 = SURFACE_STYLE_FILL_AREA ( #20 ) ;
#4710 =( NAMED_UNIT ( * ) SI_UNIT ( $, .STERADIAN. ) SOLID_ANGLE_UNIT ( ) );
#4711 = ORIENTED_EDGE ( 'NONE', *, *, #3491, .F. ) ;
#4712 = SURFACE_STYLE_USAGE ( .BOTH. , #1782 ) ;
#4713 = ORIENTED_EDGE ( 'NONE', *, *, #4331, .T. ) ;
#4714 = EDGE_CURVE ( 'NONE', #4479, #3873, #54, .T. ) ;
#4715 = COLOUR_RGB ( '',0.7529411764705882200, 0.7529411764705882200, 0.7529411764705882200 ) ;
#4716 = PLANE ( 'NONE',  #4720 ) ;
#4717 = COLOUR_RGB ( '',0.7921568627450980000, 0.8196078431372548800, 0.9333333333333333500 ) ;
#4718 = FILL_AREA_STYLE_COLOUR ( '', #3855 ) ;
#4719 = EDGE_LOOP ( 'NONE', ( #2770, #2319, #3651, #4078, #4467, #2728, #867, #3495, #1009, #4413, #1911, #4276, #3344, #4282, #2299, #3583, #307, #2671, #2736, #4372 ) ) ;
#4720 = AXIS2_PLACEMENT_3D ( 'NONE', #2519, #294, #278 ) ;
#4721 = DIRECTION ( 'NONE',  ( -1.000000000000000000, 0.0000000000000000000, -0.0000000000000000000 ) ) ;
#4722 = SURFACE_STYLE_USAGE ( .BOTH. , #2924 ) ;
#4723 =( GEOMETRIC_REPRESENTATION_CONTEXT ( 3 ) GLOBAL_UNCERTAINTY_ASSIGNED_CONTEXT ( ( #4235 ) ) GLOBAL_UNIT_ASSIGNED_CONTEXT ( ( #3923, #2105, #2814 ) ) REPRESENTATION_CONTEXT ( 'NONE', 'WORKASPACE' ) );
#4724 =( LENGTH_UNIT ( ) NAMED_UNIT ( * ) SI_UNIT ( .MILLI., .METRE. ) );
#4725 = CARTESIAN_POINT ( 'NONE',  ( -1.600000000000000100, 0.5000000000000000000, 0.0000000000000000000 ) ) ;
#4726 = ORIENTED_EDGE ( 'NONE', *, *, #4334, .T. ) ;
#4727 = ORIENTED_EDGE ( 'NONE', *, *, #2964, .T. ) ;
#4728 =( GEOMETRIC_REPRESENTATION_CONTEXT ( 3 ) GLOBAL_UNCERTAINTY_ASSIGNED_CONTEXT ( ( #83 ) ) GLOBAL_UNIT_ASSIGNED_CONTEXT ( ( #3235, #2868, #1772 ) ) REPRESENTATION_CONTEXT ( 'NONE', 'WORKASPACE' ) );
#4729 = EDGE_CURVE ( 'NONE', #218, #2986, #888, .T. ) ;
#4730 = SURFACE_STYLE_FILL_AREA ( #3476 ) ;
#4731 = VERTEX_POINT ( 'NONE', #3191 ) ;
ENDSEC;
END-ISO-10303-21;
