ISO-10303-21;
HEADER;
FILE_DESCRIPTION (( 'STEP AP214' ),
    '1' );
FILE_NAME ('SOD-123_L2.7-W1.6-LS3.7-RD-4.STEP',
    '2021-09-15T05:15:23',
    ( 'PC' ),
    ( 'Microsoft' ),
    'SwSTEP 2.0',
    'SolidWorks 2018',
    '' );
FILE_SCHEMA (( 'AUTOMOTIVE_DESIGN' ));
ENDSEC;

DATA;
#1 =( NAMED_UNIT ( * ) SI_UNIT ( $, .STERADIAN. ) SOLID_ANGLE_UNIT ( ) );
#2 =( GEOMETRIC_REPRESENTATION_CONTEXT ( 3 ) GLOBAL_UNCERTAINTY_ASSIGNED_CONTEXT ( ( #4581 ) ) GLOBAL_UNIT_ASSIGNED_CONTEXT ( ( #5428, #3088, #3044 ) ) REPRESENTATION_CONTEXT ( 'NONE', 'WORKASPACE' ) );
#3 = CARTESIAN_POINT ( 'NONE',  ( -0.2119067513707348360, -0.1210441236601850767, -0.5600000000000000533 ) ) ;
#4 = VECTOR ( 'NONE', #788, 1000.000000000000114 ) ;
#5 = EDGE_CURVE ( 'NONE', #2541, #499, #53, .T. ) ;
#6 = APPLICATION_PROTOCOL_DEFINITION ( 'draft international standard', 'automotive_design', 1998, #2354 ) ;
#7 = CARTESIAN_POINT ( 'NONE',  ( 1.427468603509014278, 0.3049999999999999933, 0.1000000000000000472 ) ) ;
#8 = ORIENTED_EDGE ( 'NONE', *, *, #5203, .T. ) ;
#9 = VERTEX_POINT ( 'NONE', #4897 ) ;
#10 = ORIENTED_EDGE ( 'NONE', *, *, #3287, .F. ) ;
#11 = CARTESIAN_POINT ( 'NONE',  ( -0.06447915990732011604, 0.1789558763398149122, -0.5590000000000000524 ) ) ;
#12 = PRESENTATION_LAYER_ASSIGNMENT (  '', '', ( #637 ) ) ;
#13 = DIRECTION ( 'NONE',  ( -0.0000000000000000000, -0.0000000000000000000, -1.000000000000000000 ) ) ;
#14 =( NAMED_UNIT ( * ) PLANE_ANGLE_UNIT ( ) SI_UNIT ( $, .RADIAN. ) );
#15 = ORIENTED_EDGE ( 'NONE', *, *, #2922, .T. ) ;
#16 = AXIS2_PLACEMENT_3D ( 'NONE', #2920, #4785, #3867 ) ;
#17 = CARTESIAN_POINT ( 'NONE',  ( 0.3230438359412183824, 0.07678381935822237159, -0.5600000000000001643 ) ) ;
#18 = CARTESIAN_POINT ( 'NONE',  ( 0.3305388969683585310, 0.03038848411046526921, -0.5589999999999999414 ) ) ;
#19 = ORIENTED_EDGE ( 'NONE', *, *, #2685, .F. ) ;
#20 = FILL_AREA_STYLE_COLOUR ( '', #570 ) ;
#21 = CARTESIAN_POINT ( 'NONE',  ( -0.07179623307805192700, -0.1210441236601850767, -0.5590000000000000524 ) ) ;
#22 = CARTESIAN_POINT ( 'NONE',  ( -0.3034330913448932687, 0.1567903071250491831, -0.5600000000000000533 ) ) ;
#23 = DIRECTION ( 'NONE',  ( -1.000000000000000000, 0.0000000000000000000, 0.0000000000000000000 ) ) ;
#24 = CARTESIAN_POINT ( 'NONE',  ( -0.2274297832253946439, 0.1457696263230318923, -0.5600000000000000533 ) ) ;
#25 = DIRECTION ( 'NONE',  ( -0.08682659386424781967, 0.08682659386424777803, 0.9924325091389669673 ) ) ;
#26 = EDGE_CURVE ( 'NONE', #4076, #5559, #2596, .T. ) ;
#27 = DIRECTION ( 'NONE',  ( 1.000000000000000000, -0.0000000000000000000, -0.0000000000000000000 ) ) ;
#28 = PRESENTATION_STYLE_ASSIGNMENT (( #3875 ) ) ;
#29 = SURFACE_STYLE_USAGE ( .BOTH. , #3385 ) ;
#30 = FILL_AREA_STYLE_COLOUR ( '', #3682 ) ;
#31 = UNCERTAINTY_MEASURE_WITH_UNIT (LENGTH_MEASURE( 1.000000000000000082E-05 ), #2364, 'distance_accuracy_value', 'NONE');
#32 = PRESENTATION_LAYER_ASSIGNMENT (  '', '', ( #2463 ) ) ;
#33 = LINE ( 'NONE', #4254, #6081 ) ;
#34 = VERTEX_POINT ( 'NONE', #4446 ) ;
#35 = CARTESIAN_POINT ( 'NONE',  ( 0.1932145913342179777, -0.08922363035649405472, -0.5590000000000003855 ) ) ;
#36 = COLOUR_RGB ( '',1.000000000000000000, 1.000000000000000000, 1.000000000000000000 ) ;
#37 = VERTEX_POINT ( 'NONE', #1572 ) ;
#38 = EDGE_CURVE ( 'NONE', #4256, #4333, #1394, .T. ) ;
#39 = PRESENTATION_LAYER_ASSIGNMENT (  '', '', ( #4722 ) ) ;
#40 = PRESENTATION_STYLE_ASSIGNMENT (( #4726 ) ) ;
#41 = MECHANICAL_DESIGN_GEOMETRIC_PRESENTATION_REPRESENTATION (  '', ( #2977 ), #5204 ) ;
#42 = DIRECTION ( 'NONE',  ( 1.000000000000000000, -0.0000000000000000000, -0.0000000000000000000 ) ) ;
#43 = CARTESIAN_POINT ( 'NONE',  ( 0.04893547423902126770, -0.08811729439189239232, -0.5590000000000000524 ) ) ;
#44 = ORIENTED_EDGE ( 'NONE', *, *, #623, .F. ) ;
#45 = LINE ( 'NONE', #5952, #193 ) ;
#46 =( NAMED_UNIT ( * ) PLANE_ANGLE_UNIT ( ) SI_UNIT ( $, .RADIAN. ) );
#47 = ORIENTED_EDGE ( 'NONE', *, *, #439, .T. ) ;
#48 = MECHANICAL_DESIGN_GEOMETRIC_PRESENTATION_REPRESENTATION (  '', ( #4206 ), #362 ) ;
#49 = CARTESIAN_POINT ( 'NONE',  ( 0.2913276635145025661, 0.1241327179647963297, -0.5599999999999998312 ) ) ;
#50 = DIRECTION ( 'NONE',  ( 0.0000000000000000000, -0.0000000000000000000, 1.000000000000000000 ) ) ;
#51 = VECTOR ( 'NONE', #5431, 1000.000000000000000 ) ;
#52 = CARTESIAN_POINT ( 'NONE',  ( -1.336251133647407219, -0.3049999999999999378, 0.1000000000000000472 ) ) ;
#53 = LINE ( 'NONE', #532, #861 ) ;
#54 = VECTOR ( 'NONE', #3599, 1000.000000000000000 ) ;
#55 = SURFACE_STYLE_FILL_AREA ( #1966 ) ;
#56 =( LENGTH_UNIT ( ) NAMED_UNIT ( * ) SI_UNIT ( .MILLI., .METRE. ) );
#57 = VERTEX_POINT ( 'NONE', #4409 ) ;
#58 = CARTESIAN_POINT ( 'NONE',  ( -1.636612987842788414, -0.3049999999999999933, -0.6100000000000003197 ) ) ;
#59 = FILL_AREA_STYLE ('',( #82 ) ) ;
#60 = UNCERTAINTY_MEASURE_WITH_UNIT (LENGTH_MEASURE( 1.000000000000000082E-05 ), #3143, 'distance_accuracy_value', 'NONE');
#61 = PRESENTATION_LAYER_ASSIGNMENT (  '', '', ( #1136 ) ) ;
#62 = CARTESIAN_POINT ( 'NONE',  ( 0.3003792604586883463, -0.1091142086202636641, -0.5589999999999998304 ) ) ;
#63 = CARTESIAN_POINT ( 'NONE',  ( 0.3417872544925598666, -0.07370638645964558422, -0.5590000000000001634 ) ) ;
#64 = FILL_AREA_STYLE ('',( #1014 ) ) ;
#65 = FILL_AREA_STYLE ('',( #993 ) ) ;
#66 = DIRECTION ( 'NONE',  ( -0.0000000000000000000, 0.0000000000000000000, -1.000000000000000000 ) ) ;
#67 = EDGE_CURVE ( 'NONE', #2431, #4453, #569, .T. ) ;
#68 = CARTESIAN_POINT ( 'NONE',  ( 0.2300080781941601926, 0.1494287708333347231, -0.5599999999999998312 ) ) ;
#69 = ORIENTED_EDGE ( 'NONE', *, *, #5235, .T. ) ;
#70 = STYLED_ITEM ( 'NONE', ( #4332 ), #4421 ) ;
#71 =( NAMED_UNIT ( * ) SI_UNIT ( $, .STERADIAN. ) SOLID_ANGLE_UNIT ( ) );
#72 = CARTESIAN_POINT ( 'NONE',  ( 0.2034176599687627929, -0.09067209615100249587, -0.5599999999999998312 ) ) ;
#73 = ORIENTED_EDGE ( 'NONE', *, *, #4400, .T. ) ;
#74 = DIRECTION ( 'NONE',  ( -0.08715574274765409968, 0.0000000000000000000, 0.9961946980917458783 ) ) ;
#75 = DIRECTION ( 'NONE',  ( -1.000000000000000000, 0.0000000000000000000, 0.0000000000000000000 ) ) ;
#76 = EDGE_LOOP ( 'NONE', ( #1643, #1628, #148, #2434, #1851, #1003, #5110, #516, #1889, #5692 ) ) ;
#77 = CARTESIAN_POINT ( 'NONE',  ( -1.636612987842788414, 0.3049999999999999933, -0.6100000000000000977 ) ) ;
#78 = AXIS2_PLACEMENT_3D ( 'NONE', #3151, #3626, #5568 ) ;
#79 = CARTESIAN_POINT ( 'NONE',  ( -1.636612987842788414, 0.3049999999999999933, -0.4500000000000001776 ) ) ;
#80 = EDGE_CURVE ( 'NONE', #3918, #5145, #122, .T. ) ;
#81 = ORIENTED_EDGE ( 'NONE', *, *, #504, .T. ) ;
#82 = FILL_AREA_STYLE_COLOUR ( '', #2019 ) ;
#83 = ORIENTED_EDGE ( 'NONE', *, *, #4025, .F. ) ;
#84 = ORIENTED_EDGE ( 'NONE', *, *, #328, .T. ) ;
#85 = SURFACE_SIDE_STYLE ('',( #350 ) ) ;
#86 = AXIS2_PLACEMENT_3D ( 'NONE', #5291, #2940, #66 ) ;
#87 = DIRECTION ( 'NONE',  ( -1.000000000000000000, 0.0000000000000000000, 0.0000000000000000000 ) ) ;
#88 = CARTESIAN_POINT ( 'NONE',  ( 0.2183142852146310320, 0.1826144129251807413, -0.5590000000000000524 ) ) ;
#89 =( NAMED_UNIT ( * ) SI_UNIT ( $, .STERADIAN. ) SOLID_ANGLE_UNIT ( ) );
#90 = ADVANCED_FACE ( 'NONE', ( #934 ), #2016, .T. ) ;
#91 = CARTESIAN_POINT ( 'NONE',  ( 0.3380755586341018804, 0.1276701764958617646, -0.5599999999999991651 ) ) ;
#92 = AXIS2_PLACEMENT_3D ( 'NONE', #3487, #3528, #632 ) ;
#93 =( NAMED_UNIT ( * ) PLANE_ANGLE_UNIT ( ) SI_UNIT ( $, .RADIAN. ) );
#94 = LINE ( 'NONE', #4166, #3755 ) ;
#95 =( LENGTH_UNIT ( ) NAMED_UNIT ( * ) SI_UNIT ( .MILLI., .METRE. ) );
#96 = PRESENTATION_STYLE_ASSIGNMENT (( #2610 ) ) ;
#97 = SURFACE_SIDE_STYLE ('',( #2973 ) ) ;
#98 = STYLED_ITEM ( 'NONE', ( #5285 ), #5013 ) ;
#99 =( NAMED_UNIT ( * ) PLANE_ANGLE_UNIT ( ) SI_UNIT ( $, .RADIAN. ) );
#100 =( NAMED_UNIT ( * ) SI_UNIT ( $, .STERADIAN. ) SOLID_ANGLE_UNIT ( ) );
#101 = FACE_OUTER_BOUND ( 'NONE', #804, .T. ) ;
#102 = LINE ( 'NONE', #5196, #1508 ) ;
#103 = VECTOR ( 'NONE', #1524, 1000.000000000000000 ) ;
#104 = EDGE_LOOP ( 'NONE', ( #3509, #1339, #289, #394, #2495, #449, #3453, #1744 ) ) ;
#105 = CARTESIAN_POINT ( 'NONE',  ( 0.3615967496124821712, -0.03692139231998339127, -0.5600000000000000533 ) ) ;
#106 = FILL_AREA_STYLE ('',( #3437 ) ) ;
#107 = COLOUR_RGB ( '',0.2509803921568627416, 0.2509803921568627416, 0.2509803921568627416 ) ;
#108 = MECHANICAL_DESIGN_GEOMETRIC_PRESENTATION_REPRESENTATION (  '', ( #4138 ), #3232 ) ;
#109 = CARTESIAN_POINT ( 'NONE',  ( 0.3193976893472186274, -0.03308209692631772225, -0.5590000000000001634 ) ) ;
#110 = CARTESIAN_POINT ( 'NONE',  ( -0.5249585786112231922, 0.1361986555538391430, -0.5599999999999998312 ) ) ;
#111 = LINE ( 'NONE', #1693, #1075 ) ;
#112 = CARTESIAN_POINT ( 'NONE',  ( 0.3707560367146675584, 0.02913323089226622226, -0.5599999999999991651 ) ) ;
#113 = EDGE_CURVE ( 'NONE', #4728, #4343, #272, .T. ) ;
#114 = ORIENTED_EDGE ( 'NONE', *, *, #2129, .F. ) ;
#115 = CARTESIAN_POINT ( 'NONE',  ( 1.840000000000000080, 0.3049999999999999933, -0.5100000000000000089 ) ) ;
#116 = ORIENTED_EDGE ( 'NONE', *, *, #2059, .F. ) ;
#117 = DIRECTION ( 'NONE',  ( -0.0000000000000000000, 1.000000000000000000, -0.0000000000000000000 ) ) ;
#118 = ADVANCED_FACE ( 'NONE', ( #1533 ), #3485, .T. ) ;
#119 = DIRECTION ( 'NONE',  ( 0.08682659386424775028, 0.08682659386424779191, 0.9924325091389669673 ) ) ;
#120 = EDGE_CURVE ( 'NONE', #1779, #2969, #2278, .T. ) ;
#121 = STYLED_ITEM ( 'NONE', ( #4646 ), #1247 ) ;
#122 = LINE ( 'NONE', #2451, #4233 ) ;
#123 = FACE_OUTER_BOUND ( 'NONE', #4642, .T. ) ;
#124 = ORIENTED_EDGE ( 'NONE', *, *, #6080, .T. ) ;
#125 = CARTESIAN_POINT ( 'NONE',  ( 0.5099110839951188634, 0.1789558763398149122, -0.5600000000000000533 ) ) ;
#126 = ORIENTED_EDGE ( 'NONE', *, *, #1856, .T. ) ;
#127 = DIRECTION ( 'NONE',  ( 0.0000000000000000000, -0.0000000000000000000, 1.000000000000000000 ) ) ;
#128 = FILL_AREA_STYLE ('',( #3004 ) ) ;
#129 = COLOUR_RGB ( '',0.5019607843137254832, 0.5019607843137254832, 0.5019607843137254832 ) ;
#130 = ORIENTED_EDGE ( 'NONE', *, *, #2466, .T. ) ;
#131 = CARTESIAN_POINT ( 'NONE',  ( 0.3684677933189526300, 0.05725922387598228469, -0.5599999999999990541 ) ) ;
#132 = CARTESIAN_POINT ( 'NONE',  ( 0.3289114349233800416, 0.05259303779766402037, -0.5590000000000001634 ) ) ;
#133 = FACE_OUTER_BOUND ( 'NONE', #4186, .T. ) ;
#134 = CARTESIAN_POINT ( 'NONE',  ( -0.3468198152418918712, 0.1178681616149581390, -0.5589999999999998304 ) ) ;
#135 = LINE ( 'NONE', #2244, #4618 ) ;
#136 = MECHANICAL_DESIGN_GEOMETRIC_PRESENTATION_REPRESENTATION (  '', ( #6024 ), #2946 ) ;
#137 = EDGE_CURVE ( 'NONE', #2140, #6097, #5099, .T. ) ;
#138 = UNCERTAINTY_MEASURE_WITH_UNIT (LENGTH_MEASURE( 1.000000000000000082E-05 ), #689, 'distance_accuracy_value', 'NONE');
#139 =( NAMED_UNIT ( * ) PLANE_ANGLE_UNIT ( ) SI_UNIT ( $, .RADIAN. ) );
#140 = SURFACE_STYLE_FILL_AREA ( #3182 ) ;
#141 = MECHANICAL_DESIGN_GEOMETRIC_PRESENTATION_REPRESENTATION (  '', ( #3977 ), #3748 ) ;
#142 = CARTESIAN_POINT ( 'NONE',  ( -0.6205767208829298109, -0.1210441236601850767, -0.5600000000000000533 ) ) ;
#143 = CARTESIAN_POINT ( 'NONE',  ( 0.3120589590030854454, -0.1021140295019084959, -0.5590000000000003855 ) ) ;
#144 = DIRECTION ( 'NONE',  ( 1.000000000000000000, -0.0000000000000000000, 0.0000000000000000000 ) ) ;
#145 = CARTESIAN_POINT ( 'NONE',  ( 0.1980268546824844045, 0.1819284767953565085, -0.5600000000000001643 ) ) ;
#146 = VERTEX_POINT ( 'NONE', #4506 ) ;
#147 = CARTESIAN_POINT ( 'NONE',  ( 0.3303966726731862313, 0.01280183418076701052, -0.5590000000000002744 ) ) ;
#148 = ORIENTED_EDGE ( 'NONE', *, *, #3831, .F. ) ;
#149 = CARTESIAN_POINT ( 'NONE',  ( 0.2922994387447024334, 0.1657391277615032077, -0.5599999999999992761 ) ) ;
#150 = ORIENTED_EDGE ( 'NONE', *, *, #303, .F. ) ;
#151 = CARTESIAN_POINT ( 'NONE',  ( 0.2913276635145025661, 0.1241327179647963297, -0.5589999999999998304 ) ) ;
#152 = CARTESIAN_POINT ( 'NONE',  ( -1.268516413204959559, 0.7235164132049596297, 0.5300000000000001377 ) ) ;
#153 = VERTEX_POINT ( 'NONE', #4017 ) ;
#154 =( NAMED_UNIT ( * ) PLANE_ANGLE_UNIT ( ) SI_UNIT ( $, .RADIAN. ) );
#155 = EDGE_CURVE ( 'NONE', #5470, #2128, #5359, .T. ) ;
#156 = ORIENTED_EDGE ( 'NONE', *, *, #5712, .T. ) ;
#157 = MECHANICAL_DESIGN_GEOMETRIC_PRESENTATION_REPRESENTATION (  '', ( #1149 ), #902 ) ;
#158 = DIRECTION ( 'NONE',  ( -0.08682659386424779191, -0.08682659386424777803, -0.9924325091389669673 ) ) ;
#159 =( GEOMETRIC_REPRESENTATION_CONTEXT ( 3 ) GLOBAL_UNCERTAINTY_ASSIGNED_CONTEXT ( ( #4356 ) ) GLOBAL_UNIT_ASSIGNED_CONTEXT ( ( #4872, #5372, #1547 ) ) REPRESENTATION_CONTEXT ( 'NONE', 'WORKASPACE' ) );
#160 = PLANE ( 'NONE',  #676 ) ;
#161 = VECTOR ( 'NONE', #1331, 1000.000000000000000 ) ;
#162 =( NAMED_UNIT ( * ) SI_UNIT ( $, .STERADIAN. ) SOLID_ANGLE_UNIT ( ) );
#163 = VECTOR ( 'NONE', #4902, 1000.000000000000000 ) ;
#164 = MECHANICAL_DESIGN_GEOMETRIC_PRESENTATION_REPRESENTATION (  '', ( #3801 ), #478 ) ;
#165 = PLANE ( 'NONE',  #565 ) ;
#166 = CARTESIAN_POINT ( 'NONE',  ( 0.2471833213149078889, -0.08996723509223093773, -0.5590000000000000524 ) ) ;
#167 = FILL_AREA_STYLE ('',( #1019 ) ) ;
#168 = ADVANCED_FACE ( 'NONE', ( #3490 ), #717, .T. ) ;
#169 = UNCERTAINTY_MEASURE_WITH_UNIT (LENGTH_MEASURE( 1.000000000000000082E-05 ), #602, 'distance_accuracy_value', 'NONE');
#170 = STYLED_ITEM ( 'NONE', ( #2809 ), #5652 ) ;
#171 = SURFACE_STYLE_USAGE ( .BOTH. , #5900 ) ;
#172 = SURFACE_STYLE_FILL_AREA ( #5776 ) ;
#173 = SURFACE_STYLE_FILL_AREA ( #6132 ) ;
#174 = ORIENTED_EDGE ( 'NONE', *, *, #2557, .T. ) ;
#175 = CARTESIAN_POINT ( 'NONE',  ( -0.2904712950034497032, 0.1637223146426217413, -0.5590000000000000524 ) ) ;
#176 = CARTESIAN_POINT ( 'NONE',  ( -0.3315523306390275038, 0.03187127268127831065, -0.5590000000000000524 ) ) ;
#177 = FILL_AREA_STYLE ('',( #1913 ) ) ;
#178 = UNCERTAINTY_MEASURE_WITH_UNIT (LENGTH_MEASURE( 1.000000000000000082E-05 ), #3475, 'distance_accuracy_value', 'NONE');
#179 = FILL_AREA_STYLE ('',( #4923 ) ) ;
#180 = LINE ( 'NONE', #3239, #5116 ) ;
#181 = PRESENTATION_STYLE_ASSIGNMENT (( #4407 ) ) ;
#182 = EDGE_CURVE ( 'NONE', #1451, #5884, #2589, .T. ) ;
#183 = CARTESIAN_POINT ( 'NONE',  ( 0.3615967496124821712, -0.03692139231998339127, -0.5590000000000000524 ) ) ;
#184 = DIRECTION ( 'NONE',  ( 0.0000000000000000000, 1.000000000000000000, 0.0000000000000000000 ) ) ;
#185 = ORIENTED_EDGE ( 'NONE', *, *, #5142, .T. ) ;
#186 = MECHANICAL_DESIGN_GEOMETRIC_PRESENTATION_REPRESENTATION (  '', ( #4593 ), #4145 ) ;
#187 = CARTESIAN_POINT ( 'NONE',  ( -0.3237416019530189870, 0.08162942077833591770, -0.5590000000000000524 ) ) ;
#188 = CARTESIAN_POINT ( 'NONE',  ( -0.1705767208829299386, 0.1460290470715222277, -0.5590000000000000524 ) ) ;
#189 = DIRECTION ( 'NONE',  ( -0.0000000000000000000, -0.0000000000000000000, -1.000000000000000000 ) ) ;
#190 = ORIENTED_EDGE ( 'NONE', *, *, #3990, .F. ) ;
#191 = DIRECTION ( 'NONE',  ( -1.000000000000000000, 0.0000000000000000000, 0.0000000000000000000 ) ) ;
#192 = VECTOR ( 'NONE', #4992, 1000.000000000000000 ) ;
#193 = VECTOR ( 'NONE', #2158, 1000.000000000000000 ) ;
#194 = LINE ( 'NONE', #2627, #4152 ) ;
#195 = EDGE_CURVE ( 'NONE', #3261, #2770, #339, .T. ) ;
#196 = CARTESIAN_POINT ( 'NONE',  ( 0.2285707267423864042, -0.09167650155209325358, -0.5600000000000000533 ) ) ;
#197 = CARTESIAN_POINT ( 'NONE',  ( -1.537050020299106423, 0.3049999999999999933, -0.0004128682977579882334 ) ) ;
#198 = VERTEX_POINT ( 'NONE', #3989 ) ;
#199 =( NAMED_UNIT ( * ) PLANE_ANGLE_UNIT ( ) SI_UNIT ( $, .RADIAN. ) );
#200 = CARTESIAN_POINT ( 'NONE',  ( 0.5099110839951188634, -0.08811729439189239232, -0.5600000000000000533 ) ) ;
#201 = CARTESIAN_POINT ( 'NONE',  ( 1.427468603509014278, 0.3049999999999999933, 0.1000000000000000472 ) ) ;
#202 = ORIENTED_EDGE ( 'NONE', *, *, #6010, .T. ) ;
#203 = CARTESIAN_POINT ( 'NONE',  ( -0.3609217006308179099, 0.09279702887808255474, -0.5589999999999999414 ) ) ;
#204 = VECTOR ( 'NONE', #895, 1000.000000000000000 ) ;
#205 = ADVANCED_FACE ( 'NONE', ( #3927 ), #629, .T. ) ;
#206 = STYLED_ITEM ( 'NONE', ( #2423 ), #1656 ) ;
#207 = ORIENTED_EDGE ( 'NONE', *, *, #277, .F. ) ;
#208 =( LENGTH_UNIT ( ) NAMED_UNIT ( * ) SI_UNIT ( .MILLI., .METRE. ) );
#209 =( GEOMETRIC_REPRESENTATION_CONTEXT ( 3 ) GLOBAL_UNCERTAINTY_ASSIGNED_CONTEXT ( ( #1551 ) ) GLOBAL_UNIT_ASSIGNED_CONTEXT ( ( #1911, #3848, #4338 ) ) REPRESENTATION_CONTEXT ( 'NONE', 'WORKASPACE' ) );
#210 = CARTESIAN_POINT ( 'NONE',  ( -0.2453606186679326562, -0.1186430880863783704, -0.5600000000000000533 ) ) ;
#211 = CARTESIAN_POINT ( 'NONE',  ( -0.3136518933949372090, 0.1013894812913345711, -0.5599999999999997202 ) ) ;
#212 = VECTOR ( 'NONE', #4135, 1000.000000000000114 ) ;
#213 = EDGE_LOOP ( 'NONE', ( #5093, #2000, #1242, #604 ) ) ;
#214 = UNCERTAINTY_MEASURE_WITH_UNIT (LENGTH_MEASURE( 1.000000000000000082E-05 ), #1954, 'distance_accuracy_value', 'NONE');
#215 = PRESENTATION_LAYER_ASSIGNMENT (  '', '', ( #98 ) ) ;
#216 = FILL_AREA_STYLE ('',( #5146 ) ) ;
#217 = EDGE_CURVE ( 'NONE', #3910, #3852, #1671, .T. ) ;
#218 = CARTESIAN_POINT ( 'NONE',  ( -0.2176846439534261823, -0.08801958171685562993, -0.5590000000000000524 ) ) ;
#219 = EDGE_LOOP ( 'NONE', ( #2085, #4191, #578, #5904 ) ) ;
#220 = SURFACE_STYLE_USAGE ( .BOTH. , #3527 ) ;
#221 = CARTESIAN_POINT ( 'NONE',  ( -0.3195289176306165824, -0.02930029517402816391, -0.5599999999999997202 ) ) ;
#222 = ORIENTED_EDGE ( 'NONE', *, *, #2362, .T. ) ;
#223 = CARTESIAN_POINT ( 'NONE',  ( -0.3716764827099196533, 0.03816683216476869644, -0.5600000000000001643 ) ) ;
#224 = ORIENTED_EDGE ( 'NONE', *, *, #5538, .T. ) ;
#225 = SURFACE_STYLE_USAGE ( .BOTH. , #3596 ) ;
#226 = ORIENTED_EDGE ( 'NONE', *, *, #4637, .F. ) ;
#227 =( NAMED_UNIT ( * ) PLANE_ANGLE_UNIT ( ) SI_UNIT ( $, .RADIAN. ) );
#228 = EDGE_CURVE ( 'NONE', #2225, #2377, #4306, .T. ) ;
#229 = ORIENTED_EDGE ( 'NONE', *, *, #3878, .F. ) ;
#230 = DIRECTION ( 'NONE',  ( -1.000000000000000000, 0.0000000000000000000, -0.0000000000000000000 ) ) ;
#231 = ORIENTED_EDGE ( 'NONE', *, *, #3402, .T. ) ;
#232 = ADVANCED_FACE ( 'NONE', ( #3188 ), #5417, .T. ) ;
#233 = CARTESIAN_POINT ( 'NONE',  ( 0.2148056584969262328, 0.1496397214779864593, -0.5590000000000000524 ) ) ;
#234 = PLANE ( 'NONE',  #1091 ) ;
#235 = CARTESIAN_POINT ( 'NONE',  ( 0.1503800777322270299, 0.1320283184811610333, -0.5589999999999999414 ) ) ;
#236 = VECTOR ( 'NONE', #4141, 1000.000000000000000 ) ;
#237 = VERTEX_POINT ( 'NONE', #2586 ) ;
#238 = DIRECTION ( 'NONE',  ( -0.9407669869669987861, 0.3390537954853694025, 0.0000000000000000000 ) ) ;
#239 = EDGE_CURVE ( 'NONE', #5131, #468, #1526, .T. ) ;
#240 = AXIS2_PLACEMENT_3D ( 'NONE', #450, #4277, #5247 ) ;
#241 = CARTESIAN_POINT ( 'NONE',  ( -0.2265028233567441263, -0.08782896306396943686, -0.5599999999999998312 ) ) ;
#242 = CARTESIAN_POINT ( 'NONE',  ( -0.3658041971656182390, 0.07896677015178715786, -0.5590000000000000524 ) ) ;
#243 = VECTOR ( 'NONE', #119, 1000.000000000000114 ) ;
#244 = CARTESIAN_POINT ( 'NONE',  ( 0.04893547423902126770, 0.04724855926664416061, -0.5590000000000000524 ) ) ;
#245 = CYLINDRICAL_SURFACE ( 'NONE', #1733, 0.03000000000000002665 ) ;
#246 = PRESENTATION_STYLE_ASSIGNMENT (( #1953 ) ) ;
#247 = CARTESIAN_POINT ( 'NONE',  ( -1.344999999999999751, 0.7999999999999999334, 0.0000000000000000000 ) ) ;
#248 =( GEOMETRIC_REPRESENTATION_CONTEXT ( 3 ) GLOBAL_UNCERTAINTY_ASSIGNED_CONTEXT ( ( #5047 ) ) GLOBAL_UNIT_ASSIGNED_CONTEXT ( ( #2216, #4130, #2760 ) ) REPRESENTATION_CONTEXT ( 'NONE', 'WORKASPACE' ) );
#249 = CARTESIAN_POINT ( 'NONE',  ( -0.3377235964015533054, -0.06834173454502842637, -0.5590000000000002744 ) ) ;
#250 = FACE_OUTER_BOUND ( 'NONE', #3713, .T. ) ;
#251 = DIRECTION ( 'NONE',  ( 1.000000000000000000, 0.0000000000000000000, 0.0000000000000000000 ) ) ;
#252 = ORIENTED_EDGE ( 'NONE', *, *, #3855, .T. ) ;
#253 = PRESENTATION_STYLE_ASSIGNMENT (( #4521 ) ) ;
#254 = PRODUCT_DEFINITION_FORMATION_WITH_SPECIFIED_SOURCE ( 'ÈÎºÎ', '', #5179, .NOT_KNOWN. ) ;
#255 = CARTESIAN_POINT ( 'NONE',  ( 0.2179712974097529898, 0.1496875836568880846, -0.5590000000000000524 ) ) ;
#256 = PLANE ( 'NONE',  #5020 ) ;
#257 = VECTOR ( 'NONE', #4112, 1000.000000000000000 ) ;
#258 = VERTEX_POINT ( 'NONE', #5439 ) ;
#259 = DIRECTION ( 'NONE',  ( -0.0000000000000000000, 0.0000000000000000000, 1.000000000000000000 ) ) ;
#260 = CARTESIAN_POINT ( 'NONE',  ( -0.2176489664644371824, -0.1209402320473384057, -0.5599999999999999423 ) ) ;
#261 = CARTESIAN_POINT ( 'NONE',  ( -0.2514488498626519242, -0.08388444422514949872, -0.5599999999999997202 ) ) ;
#262 = LINE ( 'NONE', #1301, #4374 ) ;
#263 = PRESENTATION_STYLE_ASSIGNMENT (( #4866 ) ) ;
#264 = AXIS2_PLACEMENT_3D ( 'NONE', #5426, #608, #5897 ) ;
#265 =( LENGTH_UNIT ( ) NAMED_UNIT ( * ) SI_UNIT ( .MILLI., .METRE. ) );
#266 = ADVANCED_FACE ( 'NONE', ( #3705 ), #160, .F. ) ;
#267 = ORIENTED_EDGE ( 'NONE', *, *, #4143, .F. ) ;
#268 = FACE_OUTER_BOUND ( 'NONE', #4415, .T. ) ;
#269 = CARTESIAN_POINT ( 'NONE',  ( 0.2066399729786870809, -0.1236102232778498178, -0.5600000000000000533 ) ) ;
#270 = CARTESIAN_POINT ( 'NONE',  ( -0.3192198428449965486, 0.09196572276260614465, -0.5590000000000001634 ) ) ;
#271 = PRESENTATION_STYLE_ASSIGNMENT (( #5546 ) ) ;
#272 = LINE ( 'NONE', #3956, #5206 ) ;
#273 = DIRECTION ( 'NONE',  ( 0.08682659386424777803, -0.08682659386424779191, -0.9924325091389669673 ) ) ;
#274 = ORIENTED_EDGE ( 'NONE', *, *, #513, .T. ) ;
#275 = PLANE ( 'NONE',  #2397 ) ;
#276 = AXIS2_PLACEMENT_3D ( 'NONE', #4018, #2061, #74 ) ;
#277 = EDGE_CURVE ( 'NONE', #5163, #2465, #2039, .T. ) ;
#278 = EDGE_LOOP ( 'NONE', ( #190, #1988, #4545, #3052, #3591, #3643, #1655, #4337 ) ) ;
#279 = LINE ( 'NONE', #2522, #1182 ) ;
#280 = CARTESIAN_POINT ( 'NONE',  ( 0.2769405943268481995, -0.07952419422583427433, -0.5589999999999998304 ) ) ;
#281 = MECHANICAL_DESIGN_GEOMETRIC_PRESENTATION_REPRESENTATION (  '', ( #1324 ), #3165 ) ;
#282 = FILL_AREA_STYLE ('',( #4104 ) ) ;
#283 = CARTESIAN_POINT ( 'NONE',  ( -0.05716208673658842998, 0.04724855926664416061, -0.5590000000000000524 ) ) ;
#284 = CARTESIAN_POINT ( 'NONE',  ( -0.2904712950034497032, 0.1637223146426217413, -0.5600000000000000533 ) ) ;
#285 = LINE ( 'NONE', #5271, #1752 ) ;
#286 = AXIS2_PLACEMENT_3D ( 'NONE', #3474, #3946, #4908 ) ;
#287 = CARTESIAN_POINT ( 'NONE',  ( 0.1748134205703820165, -0.1173727826686825487, -0.5599999999999999423 ) ) ;
#288 =( GEOMETRIC_REPRESENTATION_CONTEXT ( 3 ) GLOBAL_UNCERTAINTY_ASSIGNED_CONTEXT ( ( #2681 ) ) GLOBAL_UNIT_ASSIGNED_CONTEXT ( ( #2975, #99, #3450 ) ) REPRESENTATION_CONTEXT ( 'NONE', 'WORKASPACE' ) );
#289 = ORIENTED_EDGE ( 'NONE', *, *, #4057, .F. ) ;
#290 = CARTESIAN_POINT ( 'NONE',  ( 1.840000000000000080, 0.3049999999999999933, -0.5100000000000000089 ) ) ;
#291 = UNCERTAINTY_MEASURE_WITH_UNIT (LENGTH_MEASURE( 1.000000000000000082E-05 ), #3348, 'distance_accuracy_value', 'NONE');
#292 = B_SPLINE_CURVE_WITH_KNOTS ( 'NONE', 3,
 ( #4369, #3495, #2046, #5851, #1512, #2481, #5833, #1575, #2547, #2981, #1535, #1959, #5334, #2004, #5402, #618, #5384, #1103, #2499 ),
 .UNSPECIFIED., .F., .F.,
 ( 4, 1, 1, 1, 1, 1, 1, 1, 1, 1, 1, 1, 1, 1, 1, 1, 4 ),
 ( 0.0000000000000000000, 0.07064371857535416133, 0.1382567155089047262, 0.2033641242175800445, 0.2663240938030567717, 0.3279047615429894758, 0.3887377151730921909, 0.4494235281093024725, 0.5108610114593156171, 0.5720793960475146767, 0.6317344287314453632, 0.6911172105788376818, 0.7503600294901704437, 0.8100329005312620900, 0.8713624508287363124, 0.9344271412311533354, 1.000000000000000000 ),
 .UNSPECIFIED. ) ;
#293 = CARTESIAN_POINT ( 'NONE',  ( -0.3003893316558140514, -0.05670066604441548197, -0.5599999999999999423 ) ) ;
#294 = DIRECTION ( 'NONE',  ( 0.0000000000000000000, 1.000000000000000000, 0.0000000000000000000 ) ) ;
#295 = PRESENTATION_LAYER_ASSIGNMENT (  '', '', ( #4502 ) ) ;
#296 = ORIENTED_EDGE ( 'NONE', *, *, #2553, .F. ) ;
#297 = CARTESIAN_POINT ( 'NONE',  ( 0.3193976893472186274, -0.03308209692631772225, -0.5600000000000001643 ) ) ;
#298 = ORIENTED_EDGE ( 'NONE', *, *, #1962, .T. ) ;
#299 = CARTESIAN_POINT ( 'NONE',  ( -0.1303328184439055681, -0.1210441236601850767, -0.5600000000000000533 ) ) ;
#300 = FILL_AREA_STYLE_COLOUR ( '', #1528 ) ;
#301 =( NAMED_UNIT ( * ) SI_UNIT ( $, .STERADIAN. ) SOLID_ANGLE_UNIT ( ) );
#302 = VERTEX_POINT ( 'NONE', #3059 ) ;
#303 = EDGE_CURVE ( 'NONE', #3270, #146, #927, .T. ) ;
#304 = VERTEX_POINT ( 'NONE', #653 ) ;
#305 = PRESENTATION_LAYER_ASSIGNMENT (  '', '', ( #4593 ) ) ;
#306 = ADVANCED_FACE ( 'NONE', ( #482 ), #3576, .F. ) ;
#307 = CARTESIAN_POINT ( 'NONE',  ( 0.2302616937512164119, -0.1247026602455509336, -0.5590000000000000524 ) ) ;
#308 = CARTESIAN_POINT ( 'NONE',  ( 0.2262200956611387648, -0.1246552591024330248, -0.5589999999999999414 ) ) ;
#309 = EDGE_CURVE ( 'NONE', #3111, #1155, #6166, .T. ) ;
#310 = CARTESIAN_POINT ( 'NONE',  ( -1.344999999999999751, 0.7999999999999999334, 0.0000000000000000000 ) ) ;
#311 =( LENGTH_UNIT ( ) NAMED_UNIT ( * ) SI_UNIT ( .MILLI., .METRE. ) );
#312 = CARTESIAN_POINT ( 'NONE',  ( -0.3273656703433487358, -0.007057080339806756815, -0.5600000000000000533 ) ) ;
#313 = SURFACE_STYLE_FILL_AREA ( #4875 ) ;
#314 = LINE ( 'NONE', #2380, #2396 ) ;
#315 = PRESENTATION_LAYER_ASSIGNMENT (  '', '', ( #5887 ) ) ;
#316 = CARTESIAN_POINT ( 'NONE',  ( -0.3609375052654643645, -0.03011310130390576142, -0.5599999999999999423 ) ) ;
#317 = SURFACE_STYLE_FILL_AREA ( #1492 ) ;
#318 = ORIENTED_EDGE ( 'NONE', *, *, #1433, .F. ) ;
#319 = STYLED_ITEM ( 'NONE', ( #5585 ), #661 ) ;
#320 = FILL_AREA_STYLE_COLOUR ( '', #331 ) ;
#321 = VECTOR ( 'NONE', #1271, 1000.000000000000114 ) ;
#322 = SURFACE_SIDE_STYLE ('',( #3712 ) ) ;
#323 = COLOUR_RGB ( '',1.000000000000000000, 1.000000000000000000, 1.000000000000000000 ) ;
#324 = DIRECTION ( 'NONE',  ( -2.710505431213761085E-16, 1.000000000000000000, -1.250666253888989580E-33 ) ) ;
#325 = CARTESIAN_POINT ( 'NONE',  ( -0.4764075135658568105, -0.003970952928477775382, -0.5600000000000000533 ) ) ;
#326 = FACE_OUTER_BOUND ( 'NONE', #1266, .T. ) ;
#327 = CARTESIAN_POINT ( 'NONE',  ( 0.1652707406935066403, -0.1140414300855948776, -0.5600000000000002753 ) ) ;
#328 = EDGE_CURVE ( 'NONE', #2512, #5602, #3634, .T. ) ;
#329 = ORIENTED_EDGE ( 'NONE', *, *, #3878, .T. ) ;
#330 = CARTESIAN_POINT ( 'NONE',  ( 0.3964964498487773548, -0.1210441236601850767, -0.5590000000000000524 ) ) ;
#331 = COLOUR_RGB ( '',1.000000000000000000, 1.000000000000000000, 1.000000000000000000 ) ;
#332 = SURFACE_STYLE_FILL_AREA ( #2286 ) ;
#333 = ADVANCED_FACE ( 'NONE', ( #4898 ), #5614, .T. ) ;
#334 = CARTESIAN_POINT ( 'NONE',  ( 0.2939434657500256676, -0.06756745807984614050, -0.5599999999999999423 ) ) ;
#335 = DIRECTION ( 'NONE',  ( 1.000000000000000000, 0.0000000000000000000, 0.0000000000000000000 ) ) ;
#336 = CARTESIAN_POINT ( 'NONE',  ( 0.3068115833971371553, 0.1075864756556006024, -0.5600000000000000533 ) ) ;
#337 = ORIENTED_EDGE ( 'NONE', *, *, #2883, .F. ) ;
#338 = PRESENTATION_LAYER_ASSIGNMENT (  '', '', ( #4138 ) ) ;
#339 = CIRCLE ( 'NONE', #2731, 0.06000000000000015737 ) ;
#340 = PLANE ( 'NONE',  #5358 ) ;
#341 = CARTESIAN_POINT ( 'NONE',  ( 1.268516413204960003, -0.7235164132049597407, 0.5300000000000001377 ) ) ;
#342 = ORIENTED_EDGE ( 'NONE', *, *, #1027, .F. ) ;
#343 = LINE ( 'NONE', #1202, #4008 ) ;
#344 = ORIENTED_EDGE ( 'NONE', *, *, #617, .F. ) ;
#345 = SURFACE_STYLE_USAGE ( .BOTH. , #5135 ) ;
#346 = COLOUR_RGB ( '',1.000000000000000000, 1.000000000000000000, 1.000000000000000000 ) ;
#347 = CARTESIAN_POINT ( 'NONE',  ( 0.1562018413481278400, -0.1101792030519371524, -0.5590000000000001634 ) ) ;
#348 = DIRECTION ( 'NONE',  ( 0.0000000000000000000, 0.0000000000000000000, -1.000000000000000000 ) ) ;
#349 = ORIENTED_EDGE ( 'NONE', *, *, #827, .T. ) ;
#350 = SURFACE_STYLE_FILL_AREA ( #4907 ) ;
#351 = DIRECTION ( 'NONE',  ( -1.000000000000000000, 0.0000000000000000000, 0.0000000000000000000 ) ) ;
#352 = EDGE_CURVE ( 'NONE', #237, #2983, #5077, .T. ) ;
#353 = MECHANICAL_DESIGN_GEOMETRIC_PRESENTATION_REPRESENTATION (  '', ( #121 ), #2695 ) ;
#354 = CARTESIAN_POINT ( 'NONE',  ( 0.3235491209038997562, -0.02265379510335819094, -0.5590000000000000524 ) ) ;
#355 = FACE_OUTER_BOUND ( 'NONE', #3016, .T. ) ;
#356 = VERTEX_POINT ( 'NONE', #892 ) ;
#357 = CARTESIAN_POINT ( 'NONE',  ( 0.5099110839951188634, -0.08811729439189239232, -0.5600000000000000533 ) ) ;
#358 = CARTESIAN_POINT ( 'NONE',  ( 0.3708866937512163564, 0.02329657755932710780, -0.5600000000000000533 ) ) ;
#359 = FILL_AREA_STYLE ('',( #1828 ) ) ;
#360 = CARTESIAN_POINT ( 'NONE',  ( 0.04893547423902126770, 0.1460290470715222277, -0.5600000000000000533 ) ) ;
#361 = CARTESIAN_POINT ( 'NONE',  ( -1.344999999999999751, 0.7999999999999999334, 0.0000000000000000000 ) ) ;
#362 =( GEOMETRIC_REPRESENTATION_CONTEXT ( 3 ) GLOBAL_UNCERTAINTY_ASSIGNED_CONTEXT ( ( #1501 ) ) GLOBAL_UNIT_ASSIGNED_CONTEXT ( ( #2296, #4772, #4293 ) ) REPRESENTATION_CONTEXT ( 'NONE', 'WORKASPACE' ) );
#363 = LINE ( 'NONE', #5339, #3441 ) ;
#364 = EDGE_LOOP ( 'NONE', ( #4263, #437, #454, #4266 ) ) ;
#365 = UNCERTAINTY_MEASURE_WITH_UNIT (LENGTH_MEASURE( 1.000000000000000082E-05 ), #1008, 'distance_accuracy_value', 'NONE');
#366 = EDGE_LOOP ( 'NONE', ( #5839, #5260, #1177, #1970 ) ) ;
#367 = ADVANCED_FACE ( 'NONE', ( #1254 ), #3784, .T. ) ;
#368 = CARTESIAN_POINT ( 'NONE',  ( 0.08917937667804562429, 0.1789558763398149122, -0.5590000000000000524 ) ) ;
#369 = EDGE_LOOP ( 'NONE', ( #1945, #337, #5618, #1172 ) ) ;
#370 =( GEOMETRIC_REPRESENTATION_CONTEXT ( 3 ) GLOBAL_UNCERTAINTY_ASSIGNED_CONTEXT ( ( #3316 ) ) GLOBAL_UNIT_ASSIGNED_CONTEXT ( ( #1886, #432, #3769 ) ) REPRESENTATION_CONTEXT ( 'NONE', 'WORKASPACE' ) );
#371 = B_SPLINE_CURVE_WITH_KNOTS ( 'NONE', 3,
 ( #5944, #4663, #1780, #2772, #6108, #3587, #3250, #378, #3092, #3725, #2623, #4015, #3564, #4522, #4548, #5006, #4706, #196, #5766 ),
 .UNSPECIFIED., .F., .F.,
 ( 4, 1, 1, 1, 1, 1, 1, 1, 1, 1, 1, 1, 1, 1, 1, 1, 4 ),
 ( 0.0000000000000000000, 0.07377411937406347375, 0.1440791147260412630, 0.2113485183089114094, 0.2760768857398837040, 0.3385209158196765267, 0.3998851166931335355, 0.4602540674652130792, 0.5205889643912476883, 0.5802076845630441682, 0.6386329085525458416, 0.6963645494905238431, 0.7540017746600127246, 0.8128056813744978237, 0.8727544255255602623, 0.9351819969782669828, 1.000000000000000000 ),
 .UNSPECIFIED. ) ;
#372 = ORIENTED_EDGE ( 'NONE', *, *, #5924, .T. ) ;
#373 = CARTESIAN_POINT ( 'NONE',  ( 0.2262200956611387648, -0.1246552591024330248, -0.5599999999999999423 ) ) ;
#374 = CARTESIAN_POINT ( 'NONE',  ( -0.5226009899721393293, 0.1256570189496610812, -0.5590000000000000524 ) ) ;
#375 = DIRECTION ( 'NONE',  ( 0.0000000000000000000, -1.000000000000000000, 0.0000000000000000000 ) ) ;
#376 = ORIENTED_EDGE ( 'NONE', *, *, #3567, .F. ) ;
#377 = VERTEX_POINT ( 'NONE', #2326 ) ;
#378 = CARTESIAN_POINT ( 'NONE',  ( 0.3143829055214955037, -0.04283609918241855496, -0.5599999999999999423 ) ) ;
#379 = CARTESIAN_POINT ( 'NONE',  ( 0.3279674862869053076, 0.1389807243019586525, -0.5589999999999998304 ) ) ;
#380 = CARTESIAN_POINT ( 'NONE',  ( 0.2632881888577293661, 0.1415428249743520828, -0.5600000000000001643 ) ) ;
#381 = FILL_AREA_STYLE ('',( #3647 ) ) ;
#382 = CARTESIAN_POINT ( 'NONE',  ( -0.1303328184439055681, 0.1789558763398149122, -0.5600000000000000533 ) ) ;
#383 = EDGE_CURVE ( 'NONE', #1702, #3526, #4473, .T. ) ;
#384 = FACE_OUTER_BOUND ( 'NONE', #5622, .T. ) ;
#385 = PRESENTATION_LAYER_ASSIGNMENT (  '', '', ( #70 ) ) ;
#386 = CARTESIAN_POINT ( 'NONE',  ( 0.1504736610825502807, -0.07412178015749880389, -0.5590000000000000524 ) ) ;
#387 = CARTESIAN_POINT ( 'NONE',  ( -1.032390010713868378, 0.3049999999999999933, 0.0000000000000000000 ) ) ;
#388 = CARTESIAN_POINT ( 'NONE',  ( 0.0000000000000000000, 0.0000000000000000000, -0.5600000000000000533 ) ) ;
#389 = AXIS2_PLACEMENT_3D ( 'NONE', #4587, #4123, #2646 ) ;
#390 = EDGE_CURVE ( 'NONE', #5657, #3733, #4763, .T. ) ;
#391 =( NAMED_UNIT ( * ) PLANE_ANGLE_UNIT ( ) SI_UNIT ( $, .RADIAN. ) );
#392 = ADVANCED_FACE ( 'NONE', ( #1181 ), #3745, .F. ) ;
#393 = SURFACE_SIDE_STYLE ('',( #3997 ) ) ;
#394 = ORIENTED_EDGE ( 'NONE', *, *, #4712, .F. ) ;
#395 = CARTESIAN_POINT ( 'NONE',  ( -0.5474059891756128948, 0.1789558763398149122, -0.5590000000000000524 ) ) ;
#396 = AXIS2_PLACEMENT_3D ( 'NONE', #2511, #2034, #2995 ) ;
#397 = PLANE ( 'NONE',  #2298 ) ;
#398 =( NAMED_UNIT ( * ) SI_UNIT ( $, .STERADIAN. ) SOLID_ANGLE_UNIT ( ) );
#399 = VECTOR ( 'NONE', #5003, 1000.000000000000000 ) ;
#400 = CIRCLE ( 'NONE', #4554, 0.1600000000000000866 ) ;
#401 = UNCERTAINTY_MEASURE_WITH_UNIT (LENGTH_MEASURE( 1.000000000000000082E-05 ), #3284, 'distance_accuracy_value', 'NONE');
#402 = DIRECTION ( 'NONE',  ( -0.0000000000000000000, 0.0000000000000000000, 1.000000000000000000 ) ) ;
#403 = SURFACE_STYLE_FILL_AREA ( #3714 ) ;
#404 =( NAMED_UNIT ( * ) PLANE_ANGLE_UNIT ( ) SI_UNIT ( $, .RADIAN. ) );
#405 = MECHANICAL_DESIGN_GEOMETRIC_PRESENTATION_REPRESENTATION (  '', ( #523 ), #209 ) ;
#406 = ORIENTED_EDGE ( 'NONE', *, *, #3906, .F. ) ;
#407 = SURFACE_STYLE_FILL_AREA ( #359 ) ;
#408 = VECTOR ( 'NONE', #996, 999.9999999999998863 ) ;
#409 =( GEOMETRIC_REPRESENTATION_CONTEXT ( 3 ) GLOBAL_UNCERTAINTY_ASSIGNED_CONTEXT ( ( #5434 ) ) GLOBAL_UNIT_ASSIGNED_CONTEXT ( ( #3868, #5409, #1641 ) ) REPRESENTATION_CONTEXT ( 'NONE', 'WORKASPACE' ) );
#410 = CARTESIAN_POINT ( 'NONE',  ( 0.1648071419894917844, -0.08107059675269957799, -0.5590000000000000524 ) ) ;
#411 = ORIENTED_EDGE ( 'NONE', *, *, #182, .F. ) ;
#412 = B_SPLINE_CURVE_WITH_KNOTS ( 'NONE', 3,
 ( #989, #1937, #557, #2436, #5787, #2937, #62, #538, #1012, #1490, #4391, #1957, #5331, #183, #1650, #5019, #1102, #3532, #1193 ),
 .UNSPECIFIED., .F., .F.,
 ( 4, 1, 1, 1, 1, 1, 1, 1, 1, 1, 1, 1, 1, 1, 1, 1, 4 ),
 ( 0.0000000000000000000, 0.06783324845577357043, 0.1326555365079042093, 0.1950508840508277109, 0.2555829330687771628, 0.3147998341472899031, 0.3736004728263745966, 0.4325455953267435816, 0.4924306292835655130, 0.5526712559629695098, 0.6125130441881164733, 0.6726102503570065005, 0.7338383693139459707, 0.7965942385677740045, 0.8614497992905733037, 0.9291989423509054991, 1.000000000000000000 ),
 .UNSPECIFIED. ) ;
#413 = VECTOR ( 'NONE', #5992, 1000.000000000000000 ) ;
#414 = PRESENTATION_LAYER_ASSIGNMENT (  '', '', ( #3738 ) ) ;
#415 = CARTESIAN_POINT ( 'NONE',  ( 0.1562018413481278400, -0.1101792030519371524, -0.5600000000000001643 ) ) ;
#416 =( NAMED_UNIT ( * ) PLANE_ANGLE_UNIT ( ) SI_UNIT ( $, .RADIAN. ) );
#417 = VECTOR ( 'NONE', #2750, 1000.000000000000000 ) ;
#418 = PRESENTATION_STYLE_ASSIGNMENT (( #6147 ) ) ;
#419 = ORIENTED_EDGE ( 'NONE', *, *, #3343, .F. ) ;
#420 = DIRECTION ( 'NONE',  ( 0.0000000000000000000, 0.0000000000000000000, 1.000000000000000000 ) ) ;
#421 = SURFACE_STYLE_USAGE ( .BOTH. , #5663 ) ;
#422 = CARTESIAN_POINT ( 'NONE',  ( 0.1477159620438993626, -0.07256851390408754210, -0.5600000000000001643 ) ) ;
#423 = EDGE_LOOP ( 'NONE', ( #777, #4113, #5448, #4317 ) ) ;
#424 = PRESENTATION_LAYER_ASSIGNMENT (  '', '', ( #4822 ) ) ;
#425 = CARTESIAN_POINT ( 'NONE',  ( 0.08917937667804562429, 0.1789558763398149122, -0.5600000000000000533 ) ) ;
#426 = CIRCLE ( 'NONE', #6011, 0.1600000000000000866 ) ;
#427 = DIRECTION ( 'NONE',  ( -1.000000000000000000, 0.0000000000000000000, 0.0000000000000000000 ) ) ;
#428 = LINE ( 'NONE', #4436, #1017 ) ;
#429 = VERTEX_POINT ( 'NONE', #3011 ) ;
#430 = SURFACE_STYLE_FILL_AREA ( #1123 ) ;
#431 = EDGE_CURVE ( 'NONE', #5193, #1273, #2357, .T. ) ;
#432 =( NAMED_UNIT ( * ) PLANE_ANGLE_UNIT ( ) SI_UNIT ( $, .RADIAN. ) );
#433 = PRESENTATION_STYLE_ASSIGNMENT (( #5859 ) ) ;
#434 = CARTESIAN_POINT ( 'NONE',  ( -0.06447915990732011604, 0.1789558763398149122, -0.5590000000000000524 ) ) ;
#435 = SURFACE_SIDE_STYLE ('',( #5935 ) ) ;
#436 = DIRECTION ( 'NONE',  ( 0.0000000000000000000, 0.0000000000000000000, 1.000000000000000000 ) ) ;
#437 = ORIENTED_EDGE ( 'NONE', *, *, #6010, .F. ) ;
#438 = UNCERTAINTY_MEASURE_WITH_UNIT (LENGTH_MEASURE( 1.000000000000000082E-05 ), #3325, 'distance_accuracy_value', 'NONE');
#439 = EDGE_CURVE ( 'NONE', #5793, #4366, #3063, .T. ) ;
#440 = DIRECTION ( 'NONE',  ( 1.000000000000000000, 0.0000000000000000000, 0.0000000000000000000 ) ) ;
#441 = MECHANICAL_DESIGN_GEOMETRIC_PRESENTATION_REPRESENTATION (  '', ( #1820 ), #2609 ) ;
#442 = CARTESIAN_POINT ( 'NONE',  ( 0.3169040998701276313, 0.1492327762523293910, -0.5590000000000002744 ) ) ;
#443 = CARTESIAN_POINT ( 'NONE',  ( 0.2034176599687627929, -0.09067209615100249587, -0.5589999999999998304 ) ) ;
#444 = DIRECTION ( 'NONE',  ( -0.0000000000000000000, 0.0000000000000000000, -1.000000000000000000 ) ) ;
#445 = UNCERTAINTY_MEASURE_WITH_UNIT (LENGTH_MEASURE( 1.000000000000000082E-05 ), #311, 'distance_accuracy_value', 'NONE');
#446 = ORIENTED_EDGE ( 'NONE', *, *, #5691, .T. ) ;
#447 = ORIENTED_EDGE ( 'NONE', *, *, #867, .F. ) ;
#448 = CARTESIAN_POINT ( 'NONE',  ( 0.0000000000000000000, 0.0000000000000000000, 0.0000000000000000000 ) ) ;
#449 = ORIENTED_EDGE ( 'NONE', *, *, #5377, .F. ) ;
#450 = CARTESIAN_POINT ( 'NONE',  ( -0.05716208673658842998, 0.01432172999835149528, -0.5590000000000000524 ) ) ;
#451 =( NAMED_UNIT ( * ) SI_UNIT ( $, .STERADIAN. ) SOLID_ANGLE_UNIT ( ) );
#452 = MECHANICAL_DESIGN_GEOMETRIC_PRESENTATION_REPRESENTATION (  '', ( #1002 ), #1213 ) ;
#453 = EDGE_CURVE ( 'NONE', #3526, #2023, #455, .T. ) ;
#454 = ORIENTED_EDGE ( 'NONE', *, *, #5866, .T. ) ;
#455 = B_SPLINE_CURVE_WITH_KNOTS ( 'NONE', 3,
 ( #4935, #5369, #5410, #1569, #2033, #3463, #175, #2558, #5901, #3523, #3030, #134, #611, #1993, #1589, #5921, #3970, #4918, #2534 ),
 .UNSPECIFIED., .F., .F.,
 ( 4, 1, 1, 1, 1, 1, 1, 1, 1, 1, 1, 1, 1, 1, 1, 1, 4 ),
 ( 0.0000000000000000000, 0.06863117867660141480, 0.1345664660386773348, 0.1983281540108811636, 0.2607897666408452997, 0.3219991514841584190, 0.3827217465030194332, 0.4435374740357287404, 0.5051334294849250117, 0.5662138747646718873, 0.6261058646175455822, 0.6853493221605165830, 0.7449958703477972399, 0.8054158418145626053, 0.8676362663459531444, 0.9323077823023293575, 1.000000000000000000 ),
 .UNSPECIFIED. ) ;
#456 = CARTESIAN_POINT ( 'NONE',  ( -1.268516413204959559, 0.7235164132049596297, -0.5300000000000001377 ) ) ;
#457 =( NAMED_UNIT ( * ) SI_UNIT ( $, .STERADIAN. ) SOLID_ANGLE_UNIT ( ) );
#458 = AXIS2_PLACEMENT_3D ( 'NONE', #5667, #1845, #4710 ) ;
#459 = CARTESIAN_POINT ( 'NONE',  ( -0.5767314464926859285, -0.003970952928477775382, -0.5590000000000000524 ) ) ;
#460 = SURFACE_STYLE_FILL_AREA ( #4884 ) ;
#461 =( LENGTH_UNIT ( ) NAMED_UNIT ( * ) SI_UNIT ( .MILLI., .METRE. ) );
#462 = DIRECTION ( 'NONE',  ( -1.000000000000000000, -0.0000000000000000000, -0.0000000000000000000 ) ) ;
#463 = LINE ( 'NONE', #968, #4053 ) ;
#464 = DIRECTION ( 'NONE',  ( 1.000000000000000000, 0.0000000000000000000, 0.0000000000000000000 ) ) ;
#465 = SURFACE_STYLE_FILL_AREA ( #1438 ) ;
#466 = APPLICATION_PROTOCOL_DEFINITION ( 'draft international standard', 'automotive_design', 1998, #2882 ) ;
#467 = FACE_OUTER_BOUND ( 'NONE', #3812, .T. ) ;
#468 = VERTEX_POINT ( 'NONE', #2489 ) ;
#469 = CARTESIAN_POINT ( 'NONE',  ( -1.437430550489931846, 0.3049999999999999933, -0.009128442572523397247 ) ) ;
#470 =( LENGTH_UNIT ( ) NAMED_UNIT ( * ) SI_UNIT ( .MILLI., .METRE. ) );
#471 = CARTESIAN_POINT ( 'NONE',  ( 0.04893547423902126770, 0.01432172999835149528, -0.5590000000000000524 ) ) ;
#472 = EDGE_CURVE ( 'NONE', #6004, #5352, #1753, .T. ) ;
#473 =( GEOMETRIC_REPRESENTATION_CONTEXT ( 3 ) GLOBAL_UNCERTAINTY_ASSIGNED_CONTEXT ( ( #5967 ) ) GLOBAL_UNIT_ASSIGNED_CONTEXT ( ( #2105, #5479, #1644 ) ) REPRESENTATION_CONTEXT ( 'NONE', 'WORKASPACE' ) );
#474 = SURFACE_STYLE_FILL_AREA ( #2471 ) ;
#475 = SURFACE_STYLE_USAGE ( .BOTH. , #6181 ) ;
#476 = SURFACE_STYLE_USAGE ( .BOTH. , #4741 ) ;
#477 = UNCERTAINTY_MEASURE_WITH_UNIT (LENGTH_MEASURE( 1.000000000000000082E-05 ), #3040, 'distance_accuracy_value', 'NONE');
#478 =( GEOMETRIC_REPRESENTATION_CONTEXT ( 3 ) GLOBAL_UNCERTAINTY_ASSIGNED_CONTEXT ( ( #3736 ) ) GLOBAL_UNIT_ASSIGNED_CONTEXT ( ( #1710, #2195, #5080 ) ) REPRESENTATION_CONTEXT ( 'NONE', 'WORKASPACE' ) );
#479 = CARTESIAN_POINT ( 'NONE',  ( 0.2632881888577293661, 0.1415428249743520828, -0.5600000000000000533 ) ) ;
#480 = PLANE ( 'NONE',  #2117 ) ;
#481 = ORIENTED_EDGE ( 'NONE', *, *, #4558, .F. ) ;
#482 = FACE_OUTER_BOUND ( 'NONE', #4482, .T. ) ;
#483 = SURFACE_SIDE_STYLE ('',( #5534 ) ) ;
#484 = PRESENTATION_STYLE_ASSIGNMENT (( #421 ) ) ;
#485 =( NAMED_UNIT ( * ) PLANE_ANGLE_UNIT ( ) SI_UNIT ( $, .RADIAN. ) );
#486 = AXIS2_PLACEMENT_3D ( 'NONE', #3586, #709, #1214 ) ;
#487 = VERTEX_POINT ( 'NONE', #3503 ) ;
#488 = COLOUR_RGB ( '',1.000000000000000000, 1.000000000000000000, 1.000000000000000000 ) ;
#489 = DIRECTION ( 'NONE',  ( 0.0000000000000000000, 1.000000000000000000, 2.202967291916973221E-13 ) ) ;
#490 = SURFACE_STYLE_FILL_AREA ( #4941 ) ;
#491 = DIRECTION ( 'NONE',  ( -0.0000000000000000000, 0.0000000000000000000, 1.000000000000000000 ) ) ;
#492 = ORIENTED_EDGE ( 'NONE', *, *, #5603, .T. ) ;
#493 =( NAMED_UNIT ( * ) PLANE_ANGLE_UNIT ( ) SI_UNIT ( $, .RADIAN. ) );
#494 = PRESENTATION_LAYER_ASSIGNMENT (  '', '', ( #1532 ) ) ;
#495 = EDGE_LOOP ( 'NONE', ( #3524, #3222, #1670, #1898 ) ) ;
#496 = COLOUR_RGB ( '',1.000000000000000000, 1.000000000000000000, 1.000000000000000000 ) ;
#497 = LINE ( 'NONE', #588, #3057 ) ;
#498 = CARTESIAN_POINT ( 'NONE',  ( 1.268516413204960003, -0.7235164132049598518, 0.5300000000000001377 ) ) ;
#499 = VERTEX_POINT ( 'NONE', #2054 ) ;
#500 = LINE ( 'NONE', #1036, #4916 ) ;
#501 =( LENGTH_UNIT ( ) NAMED_UNIT ( * ) SI_UNIT ( .MILLI., .METRE. ) );
#502 = VECTOR ( 'NONE', #3945, 1000.000000000000000 ) ;
#503 = LINE ( 'NONE', #4981, #6115 ) ;
#504 = EDGE_CURVE ( 'NONE', #1240, #5063, #1417, .T. ) ;
#505 = CARTESIAN_POINT ( 'NONE',  ( 1.636612987842788414, 0.3049999999999999933, -0.4500000000000001776 ) ) ;
#506 = FILL_AREA_STYLE ('',( #1906 ) ) ;
#507 = AXIS2_PLACEMENT_3D ( 'NONE', #5781, #5794, #2420 ) ;
#508 = CARTESIAN_POINT ( 'NONE',  ( -0.5269410501512226119, 0.1423705104861564263, -0.5590000000000001634 ) ) ;
#509 = SURFACE_STYLE_USAGE ( .BOTH. , #1884 ) ;
#510 = ORIENTED_EDGE ( 'NONE', *, *, #4666, .T. ) ;
#511 = FILL_AREA_STYLE ('',( #1025 ) ) ;
#512 = SURFACE_STYLE_USAGE ( .BOTH. , #97 ) ;
#513 = EDGE_CURVE ( 'NONE', #2023, #1270, #5598, .T. ) ;
#514 = CARTESIAN_POINT ( 'NONE',  ( -0.07179623307805192700, -0.08811729439189239232, -0.5590000000000000524 ) ) ;
#515 = FILL_AREA_STYLE_COLOUR ( '', #4797 ) ;
#516 = ORIENTED_EDGE ( 'NONE', *, *, #3053, .F. ) ;
#517 = ORIENTED_EDGE ( 'NONE', *, *, #553, .T. ) ;
#518 =( NAMED_UNIT ( * ) SI_UNIT ( $, .STERADIAN. ) SOLID_ANGLE_UNIT ( ) );
#519 = EDGE_LOOP ( 'NONE', ( #4385, #4911, #1165, #1665 ) ) ;
#520 =( NAMED_UNIT ( * ) SI_UNIT ( $, .STERADIAN. ) SOLID_ANGLE_UNIT ( ) );
#521 =( NAMED_UNIT ( * ) SI_UNIT ( $, .STERADIAN. ) SOLID_ANGLE_UNIT ( ) );
#522 = ORIENTED_EDGE ( 'NONE', *, *, #328, .F. ) ;
#523 = STYLED_ITEM ( 'NONE', ( #5266 ), #674 ) ;
#524 =( NAMED_UNIT ( * ) PLANE_ANGLE_UNIT ( ) SI_UNIT ( $, .RADIAN. ) );
#525 =( LENGTH_UNIT ( ) NAMED_UNIT ( * ) SI_UNIT ( .MILLI., .METRE. ) );
#526 = ORIENTED_EDGE ( 'NONE', *, *, #6186, .T. ) ;
#527 =( NAMED_UNIT ( * ) PLANE_ANGLE_UNIT ( ) SI_UNIT ( $, .RADIAN. ) );
#528 = DIRECTION ( 'NONE',  ( 0.0000000000000000000, 0.0000000000000000000, 1.000000000000000000 ) ) ;
#529 = VERTEX_POINT ( 'NONE', #2510 ) ;
#530 = EDGE_LOOP ( 'NONE', ( #4574, #4038, #1556, #5312, #6092, #2709 ) ) ;
#531 = FILL_AREA_STYLE_COLOUR ( '', #1801 ) ;
#532 = CARTESIAN_POINT ( 'NONE',  ( -1.636612987842788414, 0.3049999999999999933, -0.5100000000000000089 ) ) ;
#533 = CARTESIAN_POINT ( 'NONE',  ( -0.2622778166797042343, 0.1735873716250540544, -0.5599999999999997202 ) ) ;
#534 =( GEOMETRIC_REPRESENTATION_CONTEXT ( 3 ) GLOBAL_UNCERTAINTY_ASSIGNED_CONTEXT ( ( #4655 ) ) GLOBAL_UNIT_ASSIGNED_CONTEXT ( ( #1979, #4434, #2459 ) ) REPRESENTATION_CONTEXT ( 'NONE', 'WORKASPACE' ) );
#535 = CARTESIAN_POINT ( 'NONE',  ( -1.315339464150455218, -0.7703394641504559548, -0.005189921281878753095 ) ) ;
#536 = PLANE ( 'NONE',  #1100 ) ;
#537 = EDGE_CURVE ( 'NONE', #1509, #702, #6042, .T. ) ;
#538 = CARTESIAN_POINT ( 'NONE',  ( 0.3120589590030854454, -0.1021140295019084959, -0.5590000000000003855 ) ) ;
#539 = PLANE ( 'NONE',  #3772 ) ;
#540 = DIRECTION ( 'NONE',  ( -0.08682659386424776415, -0.08682659386424779191, 0.9924325091389670783 ) ) ;
#541 =( GEOMETRIC_REPRESENTATION_CONTEXT ( 3 ) GLOBAL_UNCERTAINTY_ASSIGNED_CONTEXT ( ( #4193 ) ) GLOBAL_UNIT_ASSIGNED_CONTEXT ( ( #4313, #5724, #2799 ) ) REPRESENTATION_CONTEXT ( 'NONE', 'WORKASPACE' ) );
#542 = DIRECTION ( 'NONE',  ( -0.0000000000000000000, -0.0000000000000000000, -1.000000000000000000 ) ) ;
#543 = VECTOR ( 'NONE', #5599, 1000.000000000000000 ) ;
#544 = DIRECTION ( 'NONE',  ( 0.0000000000000000000, 0.0000000000000000000, -1.000000000000000000 ) ) ;
#545 = EDGE_CURVE ( 'NONE', #4983, #5063, #2908, .T. ) ;
#546 = CARTESIAN_POINT ( 'NONE',  ( -0.5273570589519405161, 0.1400642982948582527, -0.5590000000000000524 ) ) ;
#547 = CARTESIAN_POINT ( 'NONE',  ( 1.296006348425482679, -0.7235164132049598518, 0.5600000000000000533 ) ) ;
#548 = VERTEX_POINT ( 'NONE', #357 ) ;
#549 = LINE ( 'NONE', #5435, #2953 ) ;
#550 = SURFACE_SIDE_STYLE ('',( #3097 ) ) ;
#551 = FACE_OUTER_BOUND ( 'NONE', #1201, .T. ) ;
#552 = FILL_AREA_STYLE ('',( #1488 ) ) ;
#553 = EDGE_CURVE ( 'NONE', #429, #1204, #135, .T. ) ;
#554 = AXIS2_PLACEMENT_3D ( 'NONE', #341, #816, #4204 ) ;
#555 = VECTOR ( 'NONE', #1427, 1000.000000000000000 ) ;
#556 = CARTESIAN_POINT ( 'NONE',  ( 0.1812525227899320912, 0.1449734212249666199, -0.5590000000000000524 ) ) ;
#557 = CARTESIAN_POINT ( 'NONE',  ( 0.2456536906161726208, -0.1243593743704132504, -0.5590000000000001634 ) ) ;
#558 = CARTESIAN_POINT ( 'NONE',  ( 0.3964964498487773548, -0.1210441236601850767, -0.5590000000000000524 ) ) ;
#559 = CARTESIAN_POINT ( 'NONE',  ( 0.1560127744530264149, -0.07724167023672535992, -0.5600000000000000533 ) ) ;
#560 = COLOUR_RGB ( '',1.000000000000000000, 1.000000000000000000, 1.000000000000000000 ) ;
#561 = ORIENTED_EDGE ( 'NONE', *, *, #1318, .F. ) ;
#562 = DIRECTION ( 'NONE',  ( 1.000000000000000000, 0.0000000000000000000, 1.243497163265005416E-16 ) ) ;
#563 = LINE ( 'NONE', #4082, #5129 ) ;
#564 = CARTESIAN_POINT ( 'NONE',  ( -0.5216208492813841913, 0.1227012885223313365, -0.5600000000000000533 ) ) ;
#565 = AXIS2_PLACEMENT_3D ( 'NONE', #1125, #184, #1615 ) ;
#566 = CARTESIAN_POINT ( 'NONE',  ( 0.3169040998701276313, 0.1492327762523293910, -0.5590000000000002744 ) ) ;
#567 = CARTESIAN_POINT ( 'NONE',  ( -0.5292226015184552379, 0.1299788468044631440, -0.5589999999999999414 ) ) ;
#568 = CARTESIAN_POINT ( 'NONE',  ( 0.2302616937512164119, -0.1247026602455509336, -0.5600000000000000533 ) ) ;
#569 = LINE ( 'NONE', #2537, #4989 ) ;
#570 = COLOUR_RGB ( '',0.2509803921568627416, 0.2509803921568627416, 0.2509803921568627416 ) ;
#571 = ORIENTED_EDGE ( 'NONE', *, *, #1582, .T. ) ;
#572 =( LENGTH_UNIT ( ) NAMED_UNIT ( * ) SI_UNIT ( .MILLI., .METRE. ) );
#573 =( GEOMETRIC_REPRESENTATION_CONTEXT ( 3 ) GLOBAL_UNCERTAINTY_ASSIGNED_CONTEXT ( ( #3658 ) ) GLOBAL_UNIT_ASSIGNED_CONTEXT ( ( #736, #1681, #1276 ) ) REPRESENTATION_CONTEXT ( 'NONE', 'WORKASPACE' ) );
#574 = CARTESIAN_POINT ( 'NONE',  ( 1.295059937738895606, 0.7799457786816479388, 0.2292207985599149234 ) ) ;
#575 = ORIENTED_EDGE ( 'NONE', *, *, #3137, .F. ) ;
#576 = CARTESIAN_POINT ( 'NONE',  ( -0.3609217006308179099, 0.09279702887808255474, -0.5599999999999999423 ) ) ;
#577 = VECTOR ( 'NONE', #464, 1000.000000000000000 ) ;
#578 = ORIENTED_EDGE ( 'NONE', *, *, #2213, .T. ) ;
#579 = SURFACE_STYLE_USAGE ( .BOTH. , #2474 ) ;
#580 = MECHANICAL_DESIGN_GEOMETRIC_PRESENTATION_REPRESENTATION (  '', ( #5305 ), #1452 ) ;
#581 = LINE ( 'NONE', #1070, #1544 ) ;
#582 = VECTOR ( 'NONE', #1297, 1000.000000000000000 ) ;
#583 = FILL_AREA_STYLE ('',( #1057 ) ) ;
#584 = CARTESIAN_POINT ( 'NONE',  ( 0.3328507490020746751, -0.08427541857796910785, -0.5590000000000002744 ) ) ;
#585 = CARTESIAN_POINT ( 'NONE',  ( 0.2285707267423864042, -0.09167650155209325358, -0.5590000000000000524 ) ) ;
#586 = CARTESIAN_POINT ( 'NONE',  ( -0.5259692513707348027, 0.1423705104861563986, -0.5600000000000000533 ) ) ;
#587 = CARTESIAN_POINT ( 'NONE',  ( 0.3705003280246997321, 0.04055613636284249868, -0.5590000000000001634 ) ) ;
#588 = CARTESIAN_POINT ( 'NONE',  ( -1.636612987842788414, 0.3049999999999999933, -0.5100000000000000089 ) ) ;
#589 = CARTESIAN_POINT ( 'NONE',  ( -0.6644791599073202049, -0.1210441236601850767, -0.5590000000000000524 ) ) ;
#590 = DIRECTION ( 'NONE',  ( -0.9961946980917455452, 0.0000000000000000000, 0.08715574274765831853 ) ) ;
#591 = SURFACE_SIDE_STYLE ('',( #474 ) ) ;
#592 = UNCERTAINTY_MEASURE_WITH_UNIT (LENGTH_MEASURE( 1.000000000000000082E-05 ), #3825, 'distance_accuracy_value', 'NONE');
#593 = AXIS2_PLACEMENT_3D ( 'NONE', #742, #5106, #3680 ) ;
#594 =( LENGTH_UNIT ( ) NAMED_UNIT ( * ) SI_UNIT ( .MILLI., .METRE. ) );
#595 = EDGE_CURVE ( 'NONE', #4497, #34, #503, .T. ) ;
#596 = ORIENTED_EDGE ( 'NONE', *, *, #6102, .T. ) ;
#597 = CARTESIAN_POINT ( 'NONE',  ( -1.427468603509014278, -0.3049999999999999933, -0.009999999999999953371 ) ) ;
#598 = AXIS2_PLACEMENT_3D ( 'NONE', #5394, #2513, #5861 ) ;
#599 = ORIENTED_EDGE ( 'NONE', *, *, #4914, .T. ) ;
#600 = EDGE_LOOP ( 'NONE', ( #2201, #3663, #3424, #5857, #1040, #2952, #5916, #3724, #813, #5209, #2817, #4072 ) ) ;
#601 = CARTESIAN_POINT ( 'NONE',  ( -0.05716208673658842998, 0.04724855926664416061, -0.5600000000000000533 ) ) ;
#602 =( LENGTH_UNIT ( ) NAMED_UNIT ( * ) SI_UNIT ( .MILLI., .METRE. ) );
#603 = AXIS2_PLACEMENT_3D ( 'NONE', #1268, #4614, #1726 ) ;
#604 = ORIENTED_EDGE ( 'NONE', *, *, #4566, .F. ) ;
#605 = CARTESIAN_POINT ( 'NONE',  ( 0.3083871001955534319, -0.05187175467273453383, -0.5590000000000001634 ) ) ;
#606 = VECTOR ( 'NONE', #5239, 1000.000000000000000 ) ;
#607 = PRESENTATION_LAYER_ASSIGNMENT (  '', '', ( #2443 ) ) ;
#608 = DIRECTION ( 'NONE',  ( 0.08682659386424779191, 0.08682659386424779191, 0.9924325091389670783 ) ) ;
#609 = SURFACE_SIDE_STYLE ('',( #1602 ) ) ;
#610 = MECHANICAL_DESIGN_GEOMETRIC_PRESENTATION_REPRESENTATION (  '', ( #2313 ), #2990 ) ;
#611 = CARTESIAN_POINT ( 'NONE',  ( -0.3546336333434918497, 0.1057874902340749101, -0.5590000000000001634 ) ) ;
#612 = COLOUR_RGB ( '',0.2509803921568627416, 0.2509803921568627416, 0.2509803921568627416 ) ;
#613 = DIRECTION ( 'NONE',  ( 0.08682659386424779191, 0.08682659386424779191, -0.9924325091389670783 ) ) ;
#614 = COLOUR_RGB ( '',1.000000000000000000, 1.000000000000000000, 1.000000000000000000 ) ;
#615 = DIRECTION ( 'NONE',  ( -0.08682659386424781967, 0.08682659386424779191, 0.9924325091389670783 ) ) ;
#616 = ORIENTED_EDGE ( 'NONE', *, *, #1350, .F. ) ;
#617 = EDGE_CURVE ( 'NONE', #2705, #1573, #4834, .T. ) ;
#618 = CARTESIAN_POINT ( 'NONE',  ( 0.2499438813803231962, 0.1801266539902430797, -0.5599999999999999423 ) ) ;
#619 =( GEOMETRIC_REPRESENTATION_CONTEXT ( 3 ) GLOBAL_UNCERTAINTY_ASSIGNED_CONTEXT ( ( #31 ) ) GLOBAL_UNIT_ASSIGNED_CONTEXT ( ( #2364, #4719, #4302 ) ) REPRESENTATION_CONTEXT ( 'NONE', 'WORKASPACE' ) );
#620 = CARTESIAN_POINT ( 'NONE',  ( 0.2769405943268481995, -0.07952419422583427433, -0.5589999999999998304 ) ) ;
#621 = PRESENTATION_STYLE_ASSIGNMENT (( #2593 ) ) ;
#622 = CARTESIAN_POINT ( 'NONE',  ( 0.3049667527171500137, 0.1581789030946081365, -0.5599999999999990541 ) ) ;
#623 = EDGE_CURVE ( 'NONE', #2225, #4109, #3427, .T. ) ;
#624 = UNCERTAINTY_MEASURE_WITH_UNIT (LENGTH_MEASURE( 1.000000000000000082E-05 ), #1724, 'distance_accuracy_value', 'NONE');
#625 = CARTESIAN_POINT ( 'NONE',  ( 0.2632881888577293661, 0.1415428249743520828, -0.5590000000000000524 ) ) ;
#626 = CYLINDRICAL_SURFACE ( 'NONE', #264, 0.03000000000000002665 ) ;
#627 = DIRECTION ( 'NONE',  ( 0.0000000000000000000, -0.9961946980917455452, -0.08715574274765805485 ) ) ;
#628 = ORIENTED_EDGE ( 'NONE', *, *, #1974, .F. ) ;
#629 = PLANE ( 'NONE',  #3608 ) ;
#630 = COLOUR_RGB ( '',0.5019607843137254832, 0.5019607843137254832, 0.5019607843137254832 ) ;
#631 = FILL_AREA_STYLE_COLOUR ( '', #3248 ) ;
#632 = DIRECTION ( 'NONE',  ( -0.0000000000000000000, 0.0000000000000000000, -1.000000000000000000 ) ) ;
#633 = LINE ( 'NONE', #4508, #3042 ) ;
#634 = UNCERTAINTY_MEASURE_WITH_UNIT (LENGTH_MEASURE( 1.000000000000000082E-05 ), #4463, 'distance_accuracy_value', 'NONE');
#635 = ADVANCED_FACE ( 'NONE', ( #2442 ), #256, .T. ) ;
#636 = CARTESIAN_POINT ( 'NONE',  ( -0.4376498916146371876, -0.1210441236601850767, -0.5600000000000000533 ) ) ;
#637 = STYLED_ITEM ( 'NONE', ( #1312 ), #1690 ) ;
#638 = CIRCLE ( 'NONE', #78, 0.01000000000000000368 ) ;
#639 = EDGE_LOOP ( 'NONE', ( #4041, #3783, #1197, #3925 ) ) ;
#640 = PRESENTATION_LAYER_ASSIGNMENT (  '', '', ( #319 ) ) ;
#641 = CARTESIAN_POINT ( 'NONE',  ( 1.032390010713868378, 0.3049999999999999933, 0.1000000000000000056 ) ) ;
#642 = ORIENTED_EDGE ( 'NONE', *, *, #3952, .T. ) ;
#643 = LINE ( 'NONE', #3456, #943 ) ;
#644 = FILL_AREA_STYLE_COLOUR ( '', #2661 ) ;
#645 = PLANE ( 'NONE',  #2418 ) ;
#646 = PRESENTATION_STYLE_ASSIGNMENT (( #3472 ) ) ;
#647 = EDGE_CURVE ( 'NONE', #146, #1246, #371, .T. ) ;
#648 = DIRECTION ( 'NONE',  ( 0.0000000000000000000, 7.228014483236703064E-15, 1.000000000000000000 ) ) ;
#649 = CARTESIAN_POINT ( 'NONE',  ( 1.636612987842788414, 0.3049999999999999933, -0.5100000000000000089 ) ) ;
#650 = CARTESIAN_POINT ( 'NONE',  ( -0.3272842451551620790, 0.07043979673564244870, -0.5590000000000001634 ) ) ;
#651 = VECTOR ( 'NONE', #1716, 1000.000000000000000 ) ;
#652 = EDGE_LOOP ( 'NONE', ( #752, #4064, #1011, #2458, #2348 ) ) ;
#653 = CARTESIAN_POINT ( 'NONE',  ( -1.298402254147711599, -0.7235164132049598518, 0.5326146722824298685 ) ) ;
#654 = PRESENTATION_LAYER_ASSIGNMENT (  '', '', ( #774 ) ) ;
#655 =( NAMED_UNIT ( * ) PLANE_ANGLE_UNIT ( ) SI_UNIT ( $, .RADIAN. ) );
#656 = CARTESIAN_POINT ( 'NONE',  ( -0.2119067513707348360, -0.1210441236601850767, -0.5590000000000000524 ) ) ;
#657 = ORIENTED_EDGE ( 'NONE', *, *, #2579, .T. ) ;
#658 = FILL_AREA_STYLE ('',( #2659 ) ) ;
#659 = ORIENTED_EDGE ( 'NONE', *, *, #2883, .T. ) ;
#660 = CARTESIAN_POINT ( 'NONE',  ( 0.2247167242390212538, -0.09177583097725826311, -0.5590000000000000524 ) ) ;
#661 = ADVANCED_FACE ( 'NONE', ( #5937 ), #3447, .F. ) ;
#662 = VERTEX_POINT ( 'NONE', #1448 ) ;
#663 = CARTESIAN_POINT ( 'NONE',  ( 0.3186434425640592982, 0.08780060842819246980, -0.5590000000000001634 ) ) ;
#664 = UNCERTAINTY_MEASURE_WITH_UNIT (LENGTH_MEASURE( 1.000000000000000082E-05 ), #885, 'distance_accuracy_value', 'NONE');
#665 = CARTESIAN_POINT ( 'NONE',  ( -0.2119067513707348360, -0.1210441236601850767, -0.5600000000000001643 ) ) ;
#666 = CARTESIAN_POINT ( 'NONE',  ( 0.1477159620438993348, 0.1707241690227417341, -0.5600000000000000533 ) ) ;
#667 = EDGE_LOOP ( 'NONE', ( #1842, #4489, #2736, #5696 ) ) ;
#668 =( NAMED_UNIT ( * ) SI_UNIT ( $, .STERADIAN. ) SOLID_ANGLE_UNIT ( ) );
#669 = DIRECTION ( 'NONE',  ( -0.08715574274765836016, 0.0000000000000000000, 0.9961946980917455452 ) ) ;
#670 = EDGE_LOOP ( 'NONE', ( #4154, #2160, #1767, #3964, #3191, #1816, #628, #3298, #3879, #3366, #5798, #2325 ) ) ;
#671 =( GEOMETRIC_REPRESENTATION_CONTEXT ( 3 ) GLOBAL_UNCERTAINTY_ASSIGNED_CONTEXT ( ( #3142 ) ) GLOBAL_UNIT_ASSIGNED_CONTEXT ( ( #1411, #1444, #2901 ) ) REPRESENTATION_CONTEXT ( 'NONE', 'WORKASPACE' ) );
#672 = DIRECTION ( 'NONE',  ( -0.0000000000000000000, -1.000000000000000000, -0.0000000000000000000 ) ) ;
#673 = CARTESIAN_POINT ( 'NONE',  ( -1.315114159057247045, -0.8000000000000001554, 0.0000000000000000000 ) ) ;
#674 = ADVANCED_FACE ( 'NONE', ( #4208, #2730 ), #1948, .F. ) ;
#675 = CARTESIAN_POINT ( 'NONE',  ( -0.5226009899721393293, 0.1256570189496610812, -0.5600000000000000533 ) ) ;
#676 = AXIS2_PLACEMENT_3D ( 'NONE', #3080, #3510, #4470 ) ;
#677 = CARTESIAN_POINT ( 'NONE',  ( -0.8324871361935458625, 1.015288465802815843, 0.5590000000000000524 ) ) ;
#678 = DIRECTION ( 'NONE',  ( -1.000000000000000000, -7.255624324323616620E-15, 0.0000000000000000000 ) ) ;
#679 = ORIENTED_EDGE ( 'NONE', *, *, #2252, .F. ) ;
#680 = CARTESIAN_POINT ( 'NONE',  ( -0.5902223001512224565, -0.03689778219677045806, -0.5590000000000000524 ) ) ;
#681 = CARTESIAN_POINT ( 'NONE',  ( -0.2911186412983092220, 0.1242149980772714463, -0.5599999999999996092 ) ) ;
#682 = VECTOR ( 'NONE', #427, 1000.000000000000000 ) ;
#683 = SURFACE_SIDE_STYLE ('',( #2693 ) ) ;
#684 = MECHANICAL_DESIGN_GEOMETRIC_PRESENTATION_REPRESENTATION (  '', ( #2707 ), #5823 ) ;
#685 = PRESENTATION_STYLE_ASSIGNMENT (( #1897 ) ) ;
#686 = CARTESIAN_POINT ( 'NONE',  ( -0.2759120994598078247, -0.1107813686305701706, -0.5590000000000000524 ) ) ;
#687 = CARTESIAN_POINT ( 'NONE',  ( -0.2148221477121982081, 0.1460290470715222277, -0.5590000000000000524 ) ) ;
#688 = CARTESIAN_POINT ( 'NONE',  ( -0.5273570589519405161, 0.1400642982948582527, -0.5600000000000000533 ) ) ;
#689 =( LENGTH_UNIT ( ) NAMED_UNIT ( * ) SI_UNIT ( .MILLI., .METRE. ) );
#690 =( NAMED_UNIT ( * ) SI_UNIT ( $, .STERADIAN. ) SOLID_ANGLE_UNIT ( ) );
#691 = PRODUCT_DEFINITION_SHAPE ( 'NONE', 'NONE',  #4852 ) ;
#692 = AXIS2_PLACEMENT_3D ( 'NONE', #388, #5248, #3342 ) ;
#693 = CARTESIAN_POINT ( 'NONE',  ( -0.5216208492813841913, 0.1227012885223313365, -0.5600000000000000533 ) ) ;
#694 = PRESENTATION_STYLE_ASSIGNMENT (( #3423 ) ) ;
#695 = ORIENTED_EDGE ( 'NONE', *, *, #1392, .F. ) ;
#696 = CYLINDRICAL_SURFACE ( 'NONE', #5654, 0.03000000000000002665 ) ;
#697 = ADVANCED_FACE ( 'NONE', ( #5044 ), #5299, .T. ) ;
#698 = VECTOR ( 'NONE', #324, 1000.000000000000000 ) ;
#699 = EDGE_CURVE ( 'NONE', #966, #5743, #1376, .T. ) ;
#700 = DIRECTION ( 'NONE',  ( 7.228014483236703064E-15, -1.000000000000000000, 0.0000000000000000000 ) ) ;
#701 = CARTESIAN_POINT ( 'NONE',  ( -0.3717962330780518188, 0.03272874219347342989, -0.5600000000000000533 ) ) ;
#702 = VERTEX_POINT ( 'NONE', #3893 ) ;
#703 =( GEOMETRIC_REPRESENTATION_CONTEXT ( 3 ) GLOBAL_UNCERTAINTY_ASSIGNED_CONTEXT ( ( #3358 ) ) GLOBAL_UNIT_ASSIGNED_CONTEXT ( ( #5966, #5493, #5516 ) ) REPRESENTATION_CONTEXT ( 'NONE', 'WORKASPACE' ) );
#704 = CARTESIAN_POINT ( 'NONE',  ( -0.2911186412983092220, 0.1242149980772714463, -0.5589999999999998304 ) ) ;
#705 = VECTOR ( 'NONE', #191, 1000.000000000000000 ) ;
#706 = LINE ( 'NONE', #5293, #408 ) ;
#707 = CARTESIAN_POINT ( 'NONE',  ( 0.1901411312881873261, 0.1471277711513402364, -0.5600000000000001643 ) ) ;
#708 = ORIENTED_EDGE ( 'NONE', *, *, #3831, .T. ) ;
#709 = DIRECTION ( 'NONE',  ( -0.0000000000000000000, -1.000000000000000000, -0.0000000000000000000 ) ) ;
#710 = SURFACE_STYLE_FILL_AREA ( #282 ) ;
#711 = PRESENTATION_LAYER_ASSIGNMENT (  '', '', ( #5200 ) ) ;
#712 = SURFACE_STYLE_FILL_AREA ( #3078 ) ;
#713 = VECTOR ( 'NONE', #3185, 1000.000000000000000 ) ;
#714 = EDGE_CURVE ( 'NONE', #4673, #2424, #3551, .T. ) ;
#715 = DIRECTION ( 'NONE',  ( 0.0000000000000000000, -0.0000000000000000000, 1.000000000000000000 ) ) ;
#716 = ORIENTED_EDGE ( 'NONE', *, *, #4388, .F. ) ;
#717 = PLANE ( 'NONE',  #3575 ) ;
#718 = CARTESIAN_POINT ( 'NONE',  ( 0.2183142852146310320, 0.1826144129251807413, -0.5590000000000000524 ) ) ;
#719 = CARTESIAN_POINT ( 'NONE',  ( -0.2831458036244962617, -0.07054893002181988892, -0.5590000000000000524 ) ) ;
#720 = ORIENTED_EDGE ( 'NONE', *, *, #2362, .F. ) ;
#721 = CARTESIAN_POINT ( 'NONE',  ( -0.2471590637767539511, 0.1767624725676976705, -0.5590000000000003855 ) ) ;
#722 = VERTEX_POINT ( 'NONE', #3937 ) ;
#723 = MECHANICAL_DESIGN_GEOMETRIC_PRESENTATION_REPRESENTATION (  '', ( #5586 ), #3615 ) ;
#724 = ORIENTED_EDGE ( 'NONE', *, *, #4792, .F. ) ;
#725 = SURFACE_STYLE_FILL_AREA ( #3788 ) ;
#726 = ORIENTED_EDGE ( 'NONE', *, *, #970, .T. ) ;
#727 = DIRECTION ( 'NONE',  ( 0.0000000000000000000, -1.000000000000000000, 0.0000000000000000000 ) ) ;
#728 = COLOUR_RGB ( '',1.000000000000000000, 1.000000000000000000, 1.000000000000000000 ) ;
#729 = AXIS2_PLACEMENT_3D ( 'NONE', #1081, #1923, #4349 ) ;
#730 = CARTESIAN_POINT ( 'NONE',  ( -0.2759120994598078247, -0.1107813686305701706, -0.5600000000000000533 ) ) ;
#731 = CARTESIAN_POINT ( 'NONE',  ( 0.2183142852146310320, 0.1826144129251807413, -0.5590000000000000524 ) ) ;
#732 = MECHANICAL_DESIGN_GEOMETRIC_PRESENTATION_REPRESENTATION (  '', ( #5221 ), #5024 ) ;
#733 = CIRCLE ( 'NONE', #3693, 0.02999999999999997113 ) ;
#734 = LINE ( 'NONE', #2663, #2761 ) ;
#735 = CARTESIAN_POINT ( 'NONE',  ( -0.3141644645830423133, -0.03926608382136855674, -0.5599999999999999423 ) ) ;
#736 =( LENGTH_UNIT ( ) NAMED_UNIT ( * ) SI_UNIT ( .MILLI., .METRE. ) );
#737 = B_SPLINE_SURFACE_WITH_KNOTS ( 'NONE', 3, 1, ( 
 ( #88, #2027 ),
 ( #5870, #4454 ),
 ( #3496, #3022 ),
 ( #1576, #145 ),
 ( #2780, #5690 ),
 ( #1371, #5192 ),
 ( #3751, #3279 ),
 ( #1833, #5172 ),
 ( #2802, #2820 ),
 ( #4205, #2291 ),
 ( #6149, #3299 ) ),
 .UNSPECIFIED., .F., .F., .F.,
 ( 4, 1, 1, 1, 1, 1, 1, 1, 4 ),
 ( 2, 2 ),
 ( 0.0000000000000000000, 0.1451868664724697833, 0.2834426109197299426, 0.4165243659288289657, 0.5431811235350828548, 0.6651530826377138883, 0.7813602063127152997, 0.8927566556418089494, 1.000000000000000000 ),
 ( 0.0000000000000000000, 1.000000000000000000 ),
 .UNSPECIFIED. ) ;
#738 = STYLED_ITEM ( 'NONE', ( #3579 ), #4930 ) ;
#739 = PRESENTATION_STYLE_ASSIGNMENT (( #2259 ) ) ;
#740 = CARTESIAN_POINT ( 'NONE',  ( 1.636612987842788414, 0.3049999999999999933, -0.4500000000000001776 ) ) ;
#741 = ORIENTED_EDGE ( 'NONE', *, *, #5837, .T. ) ;
#742 = CARTESIAN_POINT ( 'NONE',  ( -1.268516413204959337, -0.7235164132049598518, -0.5300000000000001377 ) ) ;
#743 = CARTESIAN_POINT ( 'NONE',  ( -0.3003893316558140514, -0.05670066604441548197, -0.5589999999999999414 ) ) ;
#744 = CARTESIAN_POINT ( 'NONE',  ( -0.2205052008345420866, 0.1788330287540401964, -0.5600000000000000533 ) ) ;
#745 = ORIENTED_EDGE ( 'NONE', *, *, #3034, .F. ) ;
#746 = AXIS2_PLACEMENT_3D ( 'NONE', #3516, #3459, #4863 ) ;
#747 = ORIENTED_EDGE ( 'NONE', *, *, #309, .F. ) ;
#748 = SURFACE_STYLE_USAGE ( .BOTH. , #5079 ) ;
#749 = EDGE_CURVE ( 'NONE', #6004, #722, #1725, .T. ) ;
#750 = ORIENTED_EDGE ( 'NONE', *, *, #439, .F. ) ;
#751 = SURFACE_STYLE_USAGE ( .BOTH. , #2939 ) ;
#752 = ORIENTED_EDGE ( 'NONE', *, *, #4676, .F. ) ;
#753 = FILL_AREA_STYLE ('',( #2620 ) ) ;
#754 = DIRECTION ( 'NONE',  ( -1.000000000000000000, 0.0000000000000000000, 0.0000000000000000000 ) ) ;
#755 = CARTESIAN_POINT ( 'NONE',  ( -1.336251133647407441, 0.7999999999999999334, 0.1000000000000000472 ) ) ;
#756 = CARTESIAN_POINT ( 'NONE',  ( -0.2627896036517640144, -0.08047929577744659946, -0.5590000000000000524 ) ) ;
#757 = PLANE ( 'NONE',  #5472 ) ;
#758 = ADVANCED_FACE ( 'NONE', ( #467 ), #1067, .T. ) ;
#759 = LINE ( 'NONE', #4856, #2800 ) ;
#760 = DIRECTION ( 'NONE',  ( 0.0000000000000000000, -0.0000000000000000000, 1.000000000000000000 ) ) ;
#761 = CARTESIAN_POINT ( 'NONE',  ( 0.5501549864341431784, -0.1210441236601850767, -0.5590000000000000524 ) ) ;
#762 =( LENGTH_UNIT ( ) NAMED_UNIT ( * ) SI_UNIT ( .MILLI., .METRE. ) );
#763 = B_SPLINE_CURVE_WITH_KNOTS ( 'NONE', 3,
 ( #1072, #235, #2101, #1736, #3173, #556, #1587, #2958, #807, #3429, #4411 ),
 .UNSPECIFIED., .F., .F.,
 ( 4, 1, 1, 1, 1, 1, 1, 1, 4 ),
 ( 0.0000000000000000000, 0.1252796967356261115, 0.2494199707420509948, 0.3733567994928191913, 0.4966812787822861841, 0.6202029157439823415, 0.7450863201614561504, 0.8712691950190973866, 1.000000000000000000 ),
 .UNSPECIFIED. ) ;
#764 = LINE ( 'NONE', #1422, #2870 ) ;
#765 = COLOUR_RGB ( '',1.000000000000000000, 1.000000000000000000, 1.000000000000000000 ) ;
#766 = ORIENTED_EDGE ( 'NONE', *, *, #2933, .F. ) ;
#767 =( LENGTH_UNIT ( ) NAMED_UNIT ( * ) SI_UNIT ( .MILLI., .METRE. ) );
#768 =( GEOMETRIC_REPRESENTATION_CONTEXT ( 3 ) GLOBAL_UNCERTAINTY_ASSIGNED_CONTEXT ( ( #4432 ) ) GLOBAL_UNIT_ASSIGNED_CONTEXT ( ( #4733, #6173, #4771 ) ) REPRESENTATION_CONTEXT ( 'NONE', 'WORKASPACE' ) );
#769 = EDGE_CURVE ( 'NONE', #1463, #2376, #909, .T. ) ;
#770 = ADVANCED_FACE ( 'NONE', ( #4879 ), #2502, .T. ) ;
#771 = CARTESIAN_POINT ( 'NONE',  ( 0.2939434657500256676, -0.06756745807984614050, -0.5589999999999999414 ) ) ;
#772 = CARTESIAN_POINT ( 'NONE',  ( -0.3377235964015533054, -0.06834173454502842637, -0.5600000000000002753 ) ) ;
#773 = CARTESIAN_POINT ( 'NONE',  ( -0.5071620867365884688, 0.1789558763398149122, -0.5600000000000000533 ) ) ;
#774 = STYLED_ITEM ( 'NONE', ( #5253 ), #3966 ) ;
#775 = SURFACE_STYLE_USAGE ( .BOTH. , #835 ) ;
#776 = LINE ( 'NONE', #1900, #3771 ) ;
#777 = ORIENTED_EDGE ( 'NONE', *, *, #239, .F. ) ;
#778 = UNCERTAINTY_MEASURE_WITH_UNIT (LENGTH_MEASURE( 1.000000000000000082E-05 ), #2178, 'distance_accuracy_value', 'NONE');
#779 = VECTOR ( 'NONE', #3996, 1000.000000000000000 ) ;
#780 = VECTOR ( 'NONE', #294, 1000.000000000000000 ) ;
#781 = PLANE ( 'NONE',  #5028 ) ;
#782 = CARTESIAN_POINT ( 'NONE',  ( 0.5501549864341431784, -0.1210441236601850767, -0.5590000000000000524 ) ) ;
#783 = SURFACE_STYLE_FILL_AREA ( #1862 ) ;
#784 =( NAMED_UNIT ( * ) PLANE_ANGLE_UNIT ( ) SI_UNIT ( $, .RADIAN. ) );
#785 = LINE ( 'NONE', #1704, #5741 ) ;
#786 = ORIENTED_EDGE ( 'NONE', *, *, #2154, .T. ) ;
#787 = EDGE_CURVE ( 'NONE', #1420, #2700, #5856, .T. ) ;
#788 = DIRECTION ( 'NONE',  ( 0.08682659386424780579, -0.08682659386424779191, -0.9924325091389669673 ) ) ;
#789 = SURFACE_STYLE_FILL_AREA ( #4730 ) ;
#790 = VERTEX_POINT ( 'NONE', #3883 ) ;
#791 = COLOUR_RGB ( '',1.000000000000000000, 1.000000000000000000, 1.000000000000000000 ) ;
#792 = FILL_AREA_STYLE ('',( #3662 ) ) ;
#793 = CARTESIAN_POINT ( 'NONE',  ( -0.3546398794323914472, -0.04374320390874106984, -0.5600000000000002753 ) ) ;
#794 = CARTESIAN_POINT ( 'NONE',  ( 0.2825463151973858222, 0.1309414736771606635, -0.5600000000000001643 ) ) ;
#795 = CARTESIAN_POINT ( 'NONE',  ( 1.636612987842788414, -0.3049999999999999933, -0.4500000000000001776 ) ) ;
#796 = VECTOR ( 'NONE', #542, 1000.000000000000000 ) ;
#797 = PRESENTATION_STYLE_ASSIGNMENT (( #4714 ) ) ;
#798 = SURFACE_STYLE_FILL_AREA ( #973 ) ;
#799 = AXIS2_PLACEMENT_3D ( 'NONE', #823, #4170, #4652 ) ;
#800 = ADVANCED_FACE ( 'NONE', ( #3390 ), #737, .T. ) ;
#801 = CARTESIAN_POINT ( 'NONE',  ( 0.1955035502080827714, -0.1221641622618196699, -0.5600000000000001643 ) ) ;
#802 = COLOUR_RGB ( '',1.000000000000000000, 1.000000000000000000, 1.000000000000000000 ) ;
#803 = CARTESIAN_POINT ( 'NONE',  ( 0.1955035502080827714, -0.1221641622618196699, -0.5590000000000001634 ) ) ;
#804 = EDGE_LOOP ( 'NONE', ( #2682, #4471, #1097, #372 ) ) ;
#805 = CARTESIAN_POINT ( 'NONE',  ( 0.3306427913121919859, 0.02575465682761977210, -0.5590000000000000524 ) ) ;
#806 = B_SPLINE_CURVE_WITH_KNOTS ( 'NONE', 3,
 ( #3024, #3948, #147, #1983, #2028, #5447, #109, #3497, #605, #1035, #5360, #2006, #620, #4928, #3439, #166, #5405, #585, #1104 ),
 .UNSPECIFIED., .F., .F.,
 ( 4, 1, 1, 1, 1, 1, 1, 1, 1, 1, 1, 1, 1, 1, 1, 1, 4 ),
 ( 0.0000000000000000000, 0.07377411937406347375, 0.1440791147260412630, 0.2113485183089114094, 0.2760768857398837040, 0.3385209158196765267, 0.3998851166931335355, 0.4602540674652130792, 0.5205889643912476883, 0.5802076845630441682, 0.6386329085525458416, 0.6963645494905238431, 0.7540017746600127246, 0.8128056813744978237, 0.8727544255255602623, 0.9351819969782669828, 1.000000000000000000 ),
 .UNSPECIFIED. ) ;
#807 = CARTESIAN_POINT ( 'NONE',  ( 0.2085370372106034598, 0.1495449444419015839, -0.5590000000000000524 ) ) ;
#808 = CARTESIAN_POINT ( 'NONE',  ( -0.2149936416146371876, 0.1789558763398149122, -0.5600000000000000533 ) ) ;
#809 =( GEOMETRIC_REPRESENTATION_CONTEXT ( 3 ) GLOBAL_UNCERTAINTY_ASSIGNED_CONTEXT ( ( #778 ) ) GLOBAL_UNIT_ASSIGNED_CONTEXT ( ( #2178, #1145, #1196 ) ) REPRESENTATION_CONTEXT ( 'NONE', 'WORKASPACE' ) );
#810 = ORIENTED_EDGE ( 'NONE', *, *, #5805, .F. ) ;
#811 = CARTESIAN_POINT ( 'NONE',  ( 0.2247167242390212538, -0.09177583097725826311, -0.5600000000000000533 ) ) ;
#812 = DIRECTION ( 'NONE',  ( 0.08682659386424779191, -0.08682659386424777803, 0.9924325091389669673 ) ) ;
#813 = ORIENTED_EDGE ( 'NONE', *, *, #5545, .F. ) ;
#814 = CARTESIAN_POINT ( 'NONE',  ( -0.3156732360605929988, -0.08900187097003554870, -0.5600000000000001643 ) ) ;
#815 = CARTESIAN_POINT ( 'NONE',  ( 0.3186434425640592982, 0.08780060842819246980, -0.5590000000000001634 ) ) ;
#816 = DIRECTION ( 'NONE',  ( -3.161846635422033295E-16, 1.000000000000000000, 3.614007241618349954E-15 ) ) ;
#817 = ORIENTED_EDGE ( 'NONE', *, *, #113, .F. ) ;
#818 = EDGE_CURVE ( 'NONE', #34, #3076, #1940, .T. ) ;
#819 = ORIENTED_EDGE ( 'NONE', *, *, #6073, .T. ) ;
#820 = STYLED_ITEM ( 'NONE', ( #5685 ), #4603 ) ;
#821 = UNCERTAINTY_MEASURE_WITH_UNIT (LENGTH_MEASURE( 1.000000000000000082E-05 ), #1134, 'distance_accuracy_value', 'NONE');
#822 = CARTESIAN_POINT ( 'NONE',  ( -0.5238430321488817265, 0.1305439623166722019, -0.5600000000000000533 ) ) ;
#823 = CARTESIAN_POINT ( 'NONE',  ( -0.6205767208829298109, -0.1210441236601850767, -0.5590000000000000524 ) ) ;
#824 = CARTESIAN_POINT ( 'NONE',  ( -0.4662893733219542480, -0.03689778219677045806, -0.5590000000000000524 ) ) ;
#825 = FACE_OUTER_BOUND ( 'NONE', #2678, .T. ) ;
#826 = STYLED_ITEM ( 'NONE', ( #1006 ), #2792 ) ;
#827 = EDGE_CURVE ( 'NONE', #4453, #1163, #33, .T. ) ;
#828 = FILL_AREA_STYLE_COLOUR ( '', #3651 ) ;
#829 = CARTESIAN_POINT ( 'NONE',  ( 1.345000000000000195, 0.7999999999999999334, 0.0000000000000000000 ) ) ;
#830 = ADVANCED_FACE ( 'NONE', ( #5931 ), #2270, .T. ) ;
#831 = DIRECTION ( 'NONE',  ( 1.000000000000000000, 0.0000000000000000000, -0.0000000000000000000 ) ) ;
#832 = CARTESIAN_POINT ( 'NONE',  ( 0.5501549864341431784, 0.1789558763398149122, -0.5600000000000000533 ) ) ;
#833 = STYLED_ITEM ( 'NONE', ( #2968 ), #1789 ) ;
#834 = CARTESIAN_POINT ( 'NONE',  ( 0.3708866937512163564, 0.02329657755932710780, -0.5590000000000000524 ) ) ;
#835 = SURFACE_SIDE_STYLE ('',( #3895 ) ) ;
#836 = SURFACE_STYLE_FILL_AREA ( #3014 ) ;
#837 = PRESENTATION_LAYER_ASSIGNMENT (  '', '', ( #523 ) ) ;
#838 = SURFACE_STYLE_FILL_AREA ( #1378 ) ;
#839 = VECTOR ( 'NONE', #5709, 1000.000000000000000 ) ;
#840 = DIRECTION ( 'NONE',  ( -0.0000000000000000000, -1.000000000000000000, -0.0000000000000000000 ) ) ;
#841 = DIRECTION ( 'NONE',  ( 1.000000000000000000, 0.0000000000000000000, 0.0000000000000000000 ) ) ;
#842 = STYLED_ITEM ( 'NONE', ( #5368 ), #4972 ) ;
#843 = SURFACE_STYLE_FILL_AREA ( #4631 ) ;
#844 = PLANE ( 'NONE',  #2875 ) ;
#845 = EDGE_CURVE ( 'NONE', #57, #5045, #1504, .T. ) ;
#846 = ORIENTED_EDGE ( 'NONE', *, *, #5786, .T. ) ;
#847 = PLANE ( 'NONE',  #3972 ) ;
#848 = FACE_OUTER_BOUND ( 'NONE', #3558, .T. ) ;
#849 =( NAMED_UNIT ( * ) SI_UNIT ( $, .STERADIAN. ) SOLID_ANGLE_UNIT ( ) );
#850 = SURFACE_SIDE_STYLE ('',( #2605 ) ) ;
#851 = CARTESIAN_POINT ( 'NONE',  ( 0.2183142852146310320, 0.1826144129251807413, -0.5590000000000000524 ) ) ;
#852 = CARTESIAN_POINT ( 'NONE',  ( 0.2179712974097529898, 0.1496875836568880846, -0.5590000000000000524 ) ) ;
#853 = ORIENTED_EDGE ( 'NONE', *, *, #2579, .F. ) ;
#854 = UNCERTAINTY_MEASURE_WITH_UNIT (LENGTH_MEASURE( 1.000000000000000082E-05 ), #5465, 'distance_accuracy_value', 'NONE');
#855 = MECHANICAL_DESIGN_GEOMETRIC_PRESENTATION_REPRESENTATION (  '', ( #5487 ), #3438 ) ;
#856 = VECTOR ( 'NONE', #4450, 1000.000000000000000 ) ;
#857 = LINE ( 'NONE', #6089, #2737 ) ;
#858 =( NAMED_UNIT ( * ) PLANE_ANGLE_UNIT ( ) SI_UNIT ( $, .RADIAN. ) );
#859 = CARTESIAN_POINT ( 'NONE',  ( 0.1477159620438993348, 0.1707241690227417341, -0.5590000000000000524 ) ) ;
#860 = EDGE_CURVE ( 'NONE', #3155, #3685, #1795, .T. ) ;
#861 = VECTOR ( 'NONE', #5799, 1000.000000000000000 ) ;
#862 = ADVANCED_FACE ( 'NONE', ( #1215 ), #3091, .F. ) ;
#863 = CARTESIAN_POINT ( 'NONE',  ( 0.2034176599687627929, -0.09067209615100249587, -0.5589999999999998304 ) ) ;
#864 = LINE ( 'NONE', #4850, #5812 ) ;
#865 = ORIENTED_EDGE ( 'NONE', *, *, #3708, .F. ) ;
#866 =( NAMED_UNIT ( * ) SI_UNIT ( $, .STERADIAN. ) SOLID_ANGLE_UNIT ( ) );
#867 = EDGE_CURVE ( 'NONE', #1760, #3261, #3313, .T. ) ;
#868 =( LENGTH_UNIT ( ) NAMED_UNIT ( * ) SI_UNIT ( .MILLI., .METRE. ) );
#869 = MECHANICAL_DESIGN_GEOMETRIC_PRESENTATION_REPRESENTATION (  '', ( #2812 ), #4957 ) ;
#870 = DIRECTION ( 'NONE',  ( 0.0000000000000000000, 0.0000000000000000000, -1.000000000000000000 ) ) ;
#871 = VECTOR ( 'NONE', #2769, 1000.000000000000000 ) ;
#872 = CARTESIAN_POINT ( 'NONE',  ( 0.3542819234305560339, 0.1021272321914985931, -0.5590000000000002744 ) ) ;
#873 = CARTESIAN_POINT ( 'NONE',  ( -0.3315523306390275038, 0.03187127268127831065, -0.5599999999999998312 ) ) ;
#874 = SURFACE_STYLE_USAGE ( .BOTH. , #3706 ) ;
#875 = CARTESIAN_POINT ( 'NONE',  ( 1.268516413204960003, -0.7235164132049598518, -0.5600000000000000533 ) ) ;
#876 = SURFACE_STYLE_FILL_AREA ( #1755 ) ;
#877 = AXIS2_PLACEMENT_3D ( 'NONE', #5595, #6095, #3218 ) ;
#878 = FACE_OUTER_BOUND ( 'NONE', #3471, .T. ) ;
#879 = ORIENTED_EDGE ( 'NONE', *, *, #5491, .T. ) ;
#880 = CARTESIAN_POINT ( 'NONE',  ( 0.3706094418757649445, 0.007221598853189104515, -0.5600000000000000533 ) ) ;
#881 = CARTESIAN_POINT ( 'NONE',  ( -1.333163133249900545, -0.7582772923071489091, -0.1352960060544477483 ) ) ;
#882 = CARTESIAN_POINT ( 'NONE',  ( -1.636612987842788414, 0.3049999999999999933, -0.6100000000000000977 ) ) ;
#883 = B_SPLINE_CURVE_WITH_KNOTS ( 'NONE', 3,
 ( #1095, #4448, #5415, #5906, #650, #2583, #2210, #2673, #6032, #2157, #6013, #1705, #4124, #1668, #5502, #4106, #5091, #2697, #1239 ),
 .UNSPECIFIED., .F., .F.,
 ( 4, 1, 1, 1, 1, 1, 1, 1, 1, 1, 1, 1, 1, 1, 1, 1, 4 ),
 ( 0.0000000000000000000, 0.07430379644281587259, 0.1443936103644179458, 0.2104994961032797818, 0.2735426065034681220, 0.3338247445790735179, 0.3925296724085027278, 0.4500874545995853238, 0.5078206115557879485, 0.5654649127768465178, 0.6231487223336197312, 0.6812971927909353687, 0.7409134981565808076, 0.8018557521958579182, 0.8652412377209434124, 0.9309416570467443641, 1.000000000000000000 ),
 .UNSPECIFIED. ) ;
#884 = VERTEX_POINT ( 'NONE', #1109 ) ;
#885 =( LENGTH_UNIT ( ) NAMED_UNIT ( * ) SI_UNIT ( .MILLI., .METRE. ) );
#886 = UNCERTAINTY_MEASURE_WITH_UNIT (LENGTH_MEASURE( 1.000000000000000082E-05 ), #1309, 'distance_accuracy_value', 'NONE');
#887 = EDGE_LOOP ( 'NONE', ( #318, #766, #2001, #2066 ) ) ;
#888 = FILL_AREA_STYLE_COLOUR ( '', #948 ) ;
#889 = MECHANICAL_DESIGN_GEOMETRIC_PRESENTATION_REPRESENTATION (  '', ( #1136 ), #5829 ) ;
#890 =( NAMED_UNIT ( * ) PLANE_ANGLE_UNIT ( ) SI_UNIT ( $, .RADIAN. ) );
#891 = ORIENTED_EDGE ( 'NONE', *, *, #1917, .T. ) ;
#892 = CARTESIAN_POINT ( 'NONE',  ( 1.437430550489931846, 0.3049999999999999933, -0.009128442572523397247 ) ) ;
#893 = FILL_AREA_STYLE_COLOUR ( '', #4080 ) ;
#894 = CARTESIAN_POINT ( 'NONE',  ( 0.3289114349233800416, 0.05259303779766402037, -0.5600000000000002753 ) ) ;
#895 = DIRECTION ( 'NONE',  ( -0.0000000000000000000, -0.0000000000000000000, -1.000000000000000000 ) ) ;
#896 = DIRECTION ( 'NONE',  ( 1.000000000000000000, 0.0000000000000000000, 0.0000000000000000000 ) ) ;
#897 = B_SPLINE_SURFACE_WITH_KNOTS ( 'NONE', 3, 1, ( 
 ( #1651, #701 ),
 ( #5914, #4538 ),
 ( #4049, #4496 ),
 ( #1675, #4945 ),
 ( #4006, #1194 ),
 ( #5021, #1167 ),
 ( #3084, #2634 ),
 ( #5997, #2614 ),
 ( #249, #2143 ),
 ( #5511, #4561 ),
 ( #5959, #4969 ),
 ( #3106, #5978 ),
 ( #2070, #1208 ),
 ( #3600, #730 ),
 ( #4070, #3065 ),
 ( #5934, #210 ),
 ( #5041, #5540 ),
 ( #2657, #3534 ),
 ( #656, #3556 ) ),
 .UNSPECIFIED., .F., .F., .F.,
 ( 4, 1, 1, 1, 1, 1, 1, 1, 1, 1, 1, 1, 1, 1, 1, 1, 4 ),
 ( 2, 2 ),
 ( 0.0000000000000000000, 0.06806869584499398995, 0.1334274328189550829, 0.1961460338131565395, 0.2570485924493127738, 0.3168826631591620813, 0.3761872086663216042, 0.4359603353635461698, 0.4965352368627262702, 0.5574653434807333996, 0.6176868634101471134, 0.6779436406969063800, 0.7388052848060405742, 0.8009493367665843078, 0.8648146674702267278, 0.9310247810786573819, 1.000000000000000000 ),
 ( 0.0000000000000000000, 1.000000000000000000 ),
 .UNSPECIFIED. ) ;
#898 = DIRECTION ( 'NONE',  ( 0.0000000000000000000, 0.0000000000000000000, 1.000000000000000000 ) ) ;
#899 = DIRECTION ( 'NONE',  ( 1.243497163265005416E-16, -0.0000000000000000000, 1.000000000000000000 ) ) ;
#900 = VECTOR ( 'NONE', #5385, 1000.000000000000000 ) ;
#901 =( NAMED_UNIT ( * ) PLANE_ANGLE_UNIT ( ) SI_UNIT ( $, .RADIAN. ) );
#902 =( GEOMETRIC_REPRESENTATION_CONTEXT ( 3 ) GLOBAL_UNCERTAINTY_ASSIGNED_CONTEXT ( ( #933 ) ) GLOBAL_UNIT_ASSIGNED_CONTEXT ( ( #461, #1477, #1458 ) ) REPRESENTATION_CONTEXT ( 'NONE', 'WORKASPACE' ) );
#903 = EDGE_CURVE ( 'NONE', #1509, #1463, #1579, .T. ) ;
#904 =( GEOMETRIC_REPRESENTATION_CONTEXT ( 3 ) GLOBAL_UNCERTAINTY_ASSIGNED_CONTEXT ( ( #821 ) ) GLOBAL_UNIT_ASSIGNED_CONTEXT ( ( #1134, #199, #4955 ) ) REPRESENTATION_CONTEXT ( 'NONE', 'WORKASPACE' ) );
#905 = DIRECTION ( 'NONE',  ( 0.0000000000000000000, 0.0000000000000000000, -1.000000000000000000 ) ) ;
#906 = CARTESIAN_POINT ( 'NONE',  ( -0.4376498916146371876, -0.1210441236601850767, -0.5590000000000000524 ) ) ;
#907 = COLOUR_RGB ( '',1.000000000000000000, 1.000000000000000000, 1.000000000000000000 ) ;
#908 =( LENGTH_UNIT ( ) NAMED_UNIT ( * ) SI_UNIT ( .MILLI., .METRE. ) );
#909 = LINE ( 'NONE', #2038, #1140 ) ;
#910 = VERTEX_POINT ( 'NONE', #4934 ) ;
#911 = FILL_AREA_STYLE_COLOUR ( '', #2521 ) ;
#912 = AXIS2_PLACEMENT_3D ( 'NONE', #3464, #2535, #590 ) ;
#913 = DIRECTION ( 'NONE',  ( 0.3393303772748775815, 0.9406672605435404400, 0.0000000000000000000 ) ) ;
#914 =( LENGTH_UNIT ( ) NAMED_UNIT ( * ) SI_UNIT ( .MILLI., .METRE. ) );
#915 = FACE_BOUND ( 'NONE', #2045, .T. ) ;
#916 = FILL_AREA_STYLE ('',( #5256 ) ) ;
#917 = COLOUR_RGB ( '',1.000000000000000000, 1.000000000000000000, 1.000000000000000000 ) ;
#918 =( GEOMETRIC_REPRESENTATION_CONTEXT ( 3 ) GLOBAL_UNCERTAINTY_ASSIGNED_CONTEXT ( ( #1469 ) ) GLOBAL_UNIT_ASSIGNED_CONTEXT ( ( #470, #950, #4341 ) ) REPRESENTATION_CONTEXT ( 'NONE', 'WORKASPACE' ) );
#919 = LINE ( 'NONE', #5722, #555 ) ;
#920 = STYLED_ITEM ( 'NONE', ( #5427 ), #5485 ) ;
#921 = CYLINDRICAL_SURFACE ( 'NONE', #912, 0.03000000000000002665 ) ;
#922 = PLANE ( 'NONE',  #1332 ) ;
#923 = CARTESIAN_POINT ( 'NONE',  ( -0.2511872977057749701, 0.1422380651086194159, -0.5600000000000002753 ) ) ;
#924 = DIRECTION ( 'NONE',  ( -0.0000000000000000000, 0.0000000000000000000, 1.000000000000000000 ) ) ;
#925 = EDGE_LOOP ( 'NONE', ( #4903, #2340, #73, #4285 ) ) ;
#926 = B_SPLINE_CURVE_WITH_KNOTS ( 'NONE', 3,
 ( #4291, #1834, #5708, #863, #4207, #5727, #3811, #410, #5175, #386, #2860 ),
 .UNSPECIFIED., .F., .F.,
 ( 4, 1, 1, 1, 1, 1, 1, 1, 4 ),
 ( 0.0000000000000000000, 0.1352946047634291660, 0.2667656579247484339, 0.3948160188358724176, 0.5200516544342456138, 0.6421757029708218267, 0.7626518205584231769, 0.8818340043805016348, 1.000000000000000000 ),
 .UNSPECIFIED. ) ;
#927 = LINE ( 'NONE', #5016, #779 ) ;
#928 = VECTOR ( 'NONE', #5034, 1000.000000000000000 ) ;
#929 = PRESENTATION_LAYER_ASSIGNMENT (  '', '', ( #6178 ) ) ;
#930 =( LENGTH_UNIT ( ) NAMED_UNIT ( * ) SI_UNIT ( .MILLI., .METRE. ) );
#931 = CARTESIAN_POINT ( 'NONE',  ( 0.5099110839951188634, -0.08811729439189239232, -0.5590000000000000524 ) ) ;
#932 = SURFACE_STYLE_USAGE ( .BOTH. , #1938 ) ;
#933 = UNCERTAINTY_MEASURE_WITH_UNIT (LENGTH_MEASURE( 1.000000000000000082E-05 ), #461, 'distance_accuracy_value', 'NONE');
#934 = FACE_OUTER_BOUND ( 'NONE', #2810, .T. ) ;
#935 = PRESENTATION_STYLE_ASSIGNMENT (( #1274 ) ) ;
#936 = EDGE_CURVE ( 'NONE', #3670, #429, #2563, .T. ) ;
#937 = CLOSED_SHELL ( 'NONE', ( #3561, #3595, #5826, #5652, #118, #5939, #5103, #4421, #4222, #2758, #205, #1375, #2527, #5626, #1277, #661, #3688, #5565, #1690, #4930, #4089, #1175, #862, #2650, #2792, #2098, #5908, #4022, #3721, #3077, #2701, #2236, #2729, #266, #1789, #4510, #392, #4603, #2618, #3197, #2585, #5593, #4661, #3636, #1118, #4694, #4629, #1229, #2690, #6075, #6001, #758, #2075, #3966, #4159, #3163, #3754, #2008, #2065, #3227, #3508, #2552, #306, #1342, #4189, #2166, #2262, #1757, #697, #90, #4499, #3661, #674, #5013, #3069, #5038, #5000, #4032, #168, #3100, #2295, #5683, #5064, #2207, #5134, #1580, #3257, #5425, #4051, #1052, #1699, #1723, #770, #635, #3529, #4564, #1308, #232, #4128, #1138, #4964, #333, #1247, #5165, #4972, #6135, #3156, #800, #830, #4479, #5485, #1631, #5552, #3036, #5078, #6105, #367, #1599, #1823, #1656, #4531, #6048, #1552 ) ) ;
#938 =( LENGTH_UNIT ( ) NAMED_UNIT ( * ) SI_UNIT ( .MILLI., .METRE. ) );
#939 = CARTESIAN_POINT ( 'NONE',  ( 1.537050020299106423, -0.3049999999999999933, -0.0004128682977579932207 ) ) ;
#940 = AXIS2_PLACEMENT_3D ( 'NONE', #5714, #3836, #3346 ) ;
#941 =( LENGTH_UNIT ( ) NAMED_UNIT ( * ) SI_UNIT ( .MILLI., .METRE. ) );
#942 = ORIENTED_EDGE ( 'NONE', *, *, #2708, .F. ) ;
#943 = VECTOR ( 'NONE', #3433, 1000.000000000000000 ) ;
#944 = EDGE_CURVE ( 'NONE', #1273, #1992, #1369, .T. ) ;
#945 = ORIENTED_EDGE ( 'NONE', *, *, #944, .T. ) ;
#946 = CARTESIAN_POINT ( 'NONE',  ( 0.3708866937512163564, 0.02329657755932710780, -0.5590000000000000524 ) ) ;
#947 = CIRCLE ( 'NONE', #3295, 0.06000000000000015737 ) ;
#948 = COLOUR_RGB ( '',0.2509803921568627416, 0.2509803921568627416, 0.2509803921568627416 ) ;
#949 = CARTESIAN_POINT ( 'NONE',  ( -1.049872501134293756, 1.015288465802815843, 0.5600000000000000533 ) ) ;
#950 =( NAMED_UNIT ( * ) PLANE_ANGLE_UNIT ( ) SI_UNIT ( $, .RADIAN. ) );
#951 = PLANE ( 'NONE',  #2172 ) ;
#952 = FILL_AREA_STYLE ('',( #4619 ) ) ;
#953 = FACE_OUTER_BOUND ( 'NONE', #4090, .T. ) ;
#954 = ORIENTED_EDGE ( 'NONE', *, *, #3869, .F. ) ;
#955 = FILL_AREA_STYLE_COLOUR ( '', #1688 ) ;
#956 =( GEOMETRIC_REPRESENTATION_CONTEXT ( 3 ) GLOBAL_UNCERTAINTY_ASSIGNED_CONTEXT ( ( #2791 ) ) GLOBAL_UNIT_ASSIGNED_CONTEXT ( ( #3722, #890, #4198 ) ) REPRESENTATION_CONTEXT ( 'NONE', 'WORKASPACE' ) );
#957 = DIRECTION ( 'NONE',  ( 0.0000000000000000000, 0.0000000000000000000, -1.000000000000000000 ) ) ;
#958 = STYLED_ITEM ( 'NONE', ( #694 ), #697 ) ;
#959 = CARTESIAN_POINT ( 'NONE',  ( 0.2247167242390212538, -0.09177583097725826311, -0.5590000000000000524 ) ) ;
#960 = ORIENTED_EDGE ( 'NONE', *, *, #1018, .F. ) ;
#961 =( NAMED_UNIT ( * ) PLANE_ANGLE_UNIT ( ) SI_UNIT ( $, .RADIAN. ) );
#962 = DIRECTION ( 'NONE',  ( 1.000000000000000000, 0.0000000000000000000, 0.0000000000000000000 ) ) ;
#963 = ORIENTED_EDGE ( 'NONE', *, *, #4826, .T. ) ;
#964 = ORIENTED_EDGE ( 'NONE', *, *, #3741, .T. ) ;
#965 = DIRECTION ( 'NONE',  ( 0.0000000000000000000, 0.0000000000000000000, 1.000000000000000000 ) ) ;
#966 = VERTEX_POINT ( 'NONE', #2699 ) ;
#967 = CARTESIAN_POINT ( 'NONE',  ( 1.332648308068759668, 0.8000000000000001554, -8.089164646278569224E-16 ) ) ;
#968 = CARTESIAN_POINT ( 'NONE',  ( -0.05716208673658842998, 0.01432172999835149528, -0.5590000000000000524 ) ) ;
#969 = CARTESIAN_POINT ( 'NONE',  ( 1.345000000000000195, 0.3049999999999999378, 0.0000000000000000000 ) ) ;
#970 = EDGE_CURVE ( 'NONE', #2378, #3881, #2394, .T. ) ;
#971 = ORIENTED_EDGE ( 'NONE', *, *, #5453, .T. ) ;
#972 = EDGE_LOOP ( 'NONE', ( #1323, #2509, #3571, #679 ) ) ;
#973 = FILL_AREA_STYLE ('',( #3797 ) ) ;
#974 = FILL_AREA_STYLE ('',( #955 ) ) ;
#975 = LINE ( 'NONE', #361, #161 ) ;
#976 = AXIS2_PLACEMENT_3D ( 'NONE', #3334, #462, #3804 ) ;
#977 = SURFACE_STYLE_USAGE ( .BOTH. , #2370 ) ;
#978 = CARTESIAN_POINT ( 'NONE',  ( 0.2179712974097529898, 0.1496875836568880846, -0.5600000000000000533 ) ) ;
#979 = CARTESIAN_POINT ( 'NONE',  ( 0.1738992878848321655, -0.08442281508491124298, -0.5600000000000001643 ) ) ;
#980 = DIRECTION ( 'NONE',  ( -0.9961946980917455452, -2.700191139724029727E-16, 0.08715574274765836016 ) ) ;
#981 = SURFACE_STYLE_USAGE ( .BOTH. , #5707 ) ;
#982 = DIRECTION ( 'NONE',  ( 0.0000000000000000000, -1.000000000000000000, 0.0000000000000000000 ) ) ;
#983 = VECTOR ( 'NONE', #4282, 1000.000000000000000 ) ;
#984 = SURFACE_SIDE_STYLE ('',( #2322 ) ) ;
#985 = EDGE_CURVE ( 'NONE', #3333, #910, #763, .T. ) ;
#986 = AXIS2_PLACEMENT_3D ( 'NONE', #3233, #5109, #4688 ) ;
#987 = CIRCLE ( 'NONE', #1745, 0.02999999999999997113 ) ;
#988 = MECHANICAL_DESIGN_GEOMETRIC_PRESENTATION_REPRESENTATION (  '', ( #2385 ), #4877 ) ;
#989 = CARTESIAN_POINT ( 'NONE',  ( 0.2302616937512164119, -0.1247026602455509336, -0.5590000000000000524 ) ) ;
#990 = CARTESIAN_POINT ( 'NONE',  ( 1.840000000000000080, -0.3049999999999999933, -0.5100000000000000089 ) ) ;
#991 =( LENGTH_UNIT ( ) NAMED_UNIT ( * ) SI_UNIT ( .MILLI., .METRE. ) );
#992 = SPHERICAL_SURFACE ( 'NONE', #5530, 0.02999999999999999889 ) ;
#993 = FILL_AREA_STYLE_COLOUR ( '', #5719 ) ;
#994 = SURFACE_SIDE_STYLE ('',( #1231 ) ) ;
#995 = PRESENTATION_LAYER_ASSIGNMENT (  '', '', ( #3885 ) ) ;
#996 = DIRECTION ( 'NONE',  ( 0.3390537954853695135, 0.9407669869669987861, 0.0000000000000000000 ) ) ;
#997 = CARTESIAN_POINT ( 'NONE',  ( 1.268516413204959781, 0.0000000000000000000, 0.5300000000000001377 ) ) ;
#998 = ORIENTED_EDGE ( 'NONE', *, *, #5265, .F. ) ;
#1000 = CARTESIAN_POINT ( 'NONE',  ( 0.5501549864341431784, 0.1789558763398149122, -0.5590000000000000524 ) ) ;
#999 = LINE ( 'NONE', #3047, #5950 ) ;
#1001 = DIRECTION ( 'NONE',  ( 1.000000000000000000, 0.0000000000000000000, -1.243497163265005416E-16 ) ) ;
#1002 = STYLED_ITEM ( 'NONE', ( #5217 ), #6135 ) ;
#1003 = ORIENTED_EDGE ( 'NONE', *, *, #3952, .F. ) ;
#1004 = CARTESIAN_POINT ( 'NONE',  ( 0.08917937667804562429, 0.1789558763398149122, -0.5600000000000000533 ) ) ;
#1005 = CARTESIAN_POINT ( 'NONE',  ( -0.2904712950034497032, 0.1637223146426217413, -0.5600000000000000533 ) ) ;
#1006 = PRESENTATION_STYLE_ASSIGNMENT (( #1738 ) ) ;
#1007 = EDGE_LOOP ( 'NONE', ( #2850, #229, #3119, #5133 ) ) ;
#1008 =( LENGTH_UNIT ( ) NAMED_UNIT ( * ) SI_UNIT ( .MILLI., .METRE. ) );
#1009 = LINE ( 'NONE', #2169, #1393 ) ;
#1010 =( GEOMETRIC_REPRESENTATION_CONTEXT ( 3 ) GLOBAL_UNCERTAINTY_ASSIGNED_CONTEXT ( ( #214 ) ) GLOBAL_UNIT_ASSIGNED_CONTEXT ( ( #1954, #2932, #4342 ) ) REPRESENTATION_CONTEXT ( 'NONE', 'WORKASPACE' ) );
#1011 = ORIENTED_EDGE ( 'NONE', *, *, #453, .F. ) ;
#1012 = CARTESIAN_POINT ( 'NONE',  ( 0.3228352556045576693, -0.09372166588781026542, -0.5589999999999998304 ) ) ;
#1013 = CARTESIAN_POINT ( 'NONE',  ( 0.3417872544925598666, -0.07370638645964558422, -0.5600000000000001643 ) ) ;
#1014 = FILL_AREA_STYLE_COLOUR ( '', #2248 ) ;
#1015 = ORIENTED_EDGE ( 'NONE', *, *, #5265, .T. ) ;
#1016 = CARTESIAN_POINT ( 'NONE',  ( 1.537050020299106423, 0.3049999999999999933, -0.0004128682977579882334 ) ) ;
#1017 = VECTOR ( 'NONE', #4860, 1000.000000000000000 ) ;
#1018 = EDGE_CURVE ( 'NONE', #3087, #3657, #759, .T. ) ;
#1019 = FILL_AREA_STYLE_COLOUR ( '', #4743 ) ;
#1020 = STYLED_ITEM ( 'NONE', ( #2365 ), #4564 ) ;
#1021 = SURFACE_SIDE_STYLE ('',( #55 ) ) ;
#1022 = CARTESIAN_POINT ( 'NONE',  ( 0.3417872544925598666, -0.07370638645964558422, -0.5600000000000001643 ) ) ;
#1023 =( NAMED_UNIT ( * ) PLANE_ANGLE_UNIT ( ) SI_UNIT ( $, .RADIAN. ) );
#1024 = ORIENTED_EDGE ( 'NONE', *, *, #5042, .T. ) ;
#1025 = FILL_AREA_STYLE_COLOUR ( '', #323 ) ;
#1026 = STYLED_ITEM ( 'NONE', ( #40 ), #3069 ) ;
#1027 = EDGE_CURVE ( 'NONE', #1270, #5630, #1284, .T. ) ;
#1028 = CARTESIAN_POINT ( 'NONE',  ( -0.5259692513707348027, 0.1423705104861563986, -0.5590000000000000524 ) ) ;
#1029 = SURFACE_SIDE_STYLE ('',( #4439 ) ) ;
#1030 = COLOUR_RGB ( '',0.2509803921568627416, 0.2509803921568627416, 0.2509803921568627416 ) ;
#1031 = ORIENTED_EDGE ( 'NONE', *, *, #699, .T. ) ;
#1032 = CARTESIAN_POINT ( 'NONE',  ( -1.268516413204958893, -0.7510063484254826394, 0.5600000000000000533 ) ) ;
#1033 =( NAMED_UNIT ( * ) PLANE_ANGLE_UNIT ( ) SI_UNIT ( $, .RADIAN. ) );
#1034 = MECHANICAL_DESIGN_GEOMETRIC_PRESENTATION_REPRESENTATION (  '', ( #1669 ), #1592 ) ;
#1035 = CARTESIAN_POINT ( 'NONE',  ( 0.3015426302563325445, -0.06014676244680182415, -0.5590000000000000524 ) ) ;
#1036 = CARTESIAN_POINT ( 'NONE',  ( -0.5474059891756128948, 0.1789558763398149122, -0.5600000000000000533 ) ) ;
#1037 = VERTEX_POINT ( 'NONE', #4386 ) ;
#1038 = PRESENTATION_LAYER_ASSIGNMENT (  '', '', ( #2312 ) ) ;
#1039 = CARTESIAN_POINT ( 'NONE',  ( 0.3049667527171500137, 0.1581789030946081365, -0.5589999999999999414 ) ) ;
#1040 = ORIENTED_EDGE ( 'NONE', *, *, #309, .T. ) ;
#1041 =( NAMED_UNIT ( * ) SI_UNIT ( $, .STERADIAN. ) SOLID_ANGLE_UNIT ( ) );
#1042 = MECHANICAL_DESIGN_GEOMETRIC_PRESENTATION_REPRESENTATION (  '', ( #170 ), #2079 ) ;
#1043 = CARTESIAN_POINT ( 'NONE',  ( 1.345000000000000195, -0.7701141590572475604, 0.0000000000000000000 ) ) ;
#1044 = CARTESIAN_POINT ( 'NONE',  ( -0.8324871361935458625, 1.015288465802815843, 0.5590000000000000524 ) ) ;
#1045 = ORIENTED_EDGE ( 'NONE', *, *, #6025, .F. ) ;
#1046 = SURFACE_SIDE_STYLE ('',( #3481 ) ) ;
#1047 = DIRECTION ( 'NONE',  ( 0.0000000000000000000, -0.0000000000000000000, 1.000000000000000000 ) ) ;
#1048 = FILL_AREA_STYLE_COLOUR ( '', #5964 ) ;
#1049 = UNCERTAINTY_MEASURE_WITH_UNIT (LENGTH_MEASURE( 1.000000000000000082E-05 ), #991, 'distance_accuracy_value', 'NONE');
#1050 = CARTESIAN_POINT ( 'NONE',  ( -0.3717962330780518188, 0.03272874219347342989, -0.5600000000000000533 ) ) ;
#1051 = PRESENTATION_LAYER_ASSIGNMENT (  '', '', ( #2239 ) ) ;
#1052 = ADVANCED_FACE ( 'NONE', ( #2175 ), #1529, .T. ) ;
#1053 = CIRCLE ( 'NONE', #976, 0.02999999999999997113 ) ;
#1054 = FILL_AREA_STYLE_COLOUR ( '', #614 ) ;
#1055 = CARTESIAN_POINT ( 'NONE',  ( 1.427468603509014278, 0.3049999999999999933, 4.912791094074941967E-17 ) ) ;
#1056 = CYLINDRICAL_SURFACE ( 'NONE', #986, 0.01000000000000000368 ) ;
#1057 = FILL_AREA_STYLE_COLOUR ( '', #3644 ) ;
#1058 = CARTESIAN_POINT ( 'NONE',  ( 0.2302616937512164119, -0.1247026602455509336, -0.5590000000000000524 ) ) ;
#1059 = SURFACE_STYLE_USAGE ( .BOTH. , #2525 ) ;
#1060 = AXIS2_PLACEMENT_3D ( 'NONE', #4946, #2073, #2959 ) ;
#1061 = CARTESIAN_POINT ( 'NONE',  ( 1.268516413204959781, -0.7235164132049598518, 0.5300000000000001377 ) ) ;
#1062 = CARTESIAN_POINT ( 'NONE',  ( 0.3468938489865918684, 0.1153577835596763940, -0.5599999999999991651 ) ) ;
#1063 = EDGE_CURVE ( 'NONE', #2512, #4638, #3826, .T. ) ;
#1064 = CARTESIAN_POINT ( 'NONE',  ( 1.636612987842788414, -0.3049999999999999933, -0.5100000000000000089 ) ) ;
#1065 = CARTESIAN_POINT ( 'NONE',  ( -1.296006348425482235, 0.7534022541477120027, -0.5326146722824298685 ) ) ;
#1066 = FACE_OUTER_BOUND ( 'NONE', #5490, .T. ) ;
#1067 = CYLINDRICAL_SURFACE ( 'NONE', #4168, 0.03000000000000002665 ) ;
#1068 = ORIENTED_EDGE ( 'NONE', *, *, #1184, .F. ) ;
#1069 = DIRECTION ( 'NONE',  ( 0.0000000000000000000, 1.000000000000000000, -0.0000000000000000000 ) ) ;
#1070 = CARTESIAN_POINT ( 'NONE',  ( -1.636612987842788414, -0.3049999999999999933, -0.6100000000000000977 ) ) ;
#1071 = VECTOR ( 'NONE', #3671, 1000.000000000000000 ) ;
#1072 = CARTESIAN_POINT ( 'NONE',  ( 0.1477159620438993348, 0.1304802665837173359, -0.5590000000000000524 ) ) ;
#1073 = DIRECTION ( 'NONE',  ( -0.0000000000000000000, -1.000000000000000000, -0.0000000000000000000 ) ) ;
#1074 = CARTESIAN_POINT ( 'NONE',  ( -1.268516413204959337, 0.7235164132049596297, 0.5600000000000000533 ) ) ;
#1075 = VECTOR ( 'NONE', #1249, 1000.000000000000000 ) ;
#1076 = DIRECTION ( 'NONE',  ( -0.0000000000000000000, -1.000000000000000000, -0.0000000000000000000 ) ) ;
#1077 = AXIS2_PLACEMENT_3D ( 'NONE', #3445, #3418, #1001 ) ;
#1078 = SURFACE_STYLE_FILL_AREA ( #1144 ) ;
#1079 = CARTESIAN_POINT ( 'NONE',  ( 0.1477159620438993626, -0.07256851390408754210, -0.5600000000000001643 ) ) ;
#1080 = VERTEX_POINT ( 'NONE', #2862 ) ;
#1081 = CARTESIAN_POINT ( 'NONE',  ( 0.08917937667804562429, -0.1210441236601850767, -0.5590000000000000524 ) ) ;
#1082 = PRESENTATION_STYLE_ASSIGNMENT (( #4045 ) ) ;
#1083 = DIRECTION ( 'NONE',  ( 1.000000000000000000, 0.0000000000000000000, 0.0000000000000000000 ) ) ;
#1084 = CARTESIAN_POINT ( 'NONE',  ( 0.3708866937512163564, 0.02329657755932710780, -0.5599999999999991651 ) ) ;
#1085 = CARTESIAN_POINT ( 'NONE',  ( 0.3068115833971371553, 0.1075864756556006024, -0.5589999999999999414 ) ) ;
#1086 = SURFACE_STYLE_FILL_AREA ( #6161 ) ;
#1087 = VECTOR ( 'NONE', #1949, 1000.000000000000114 ) ;
#1088 = ORIENTED_EDGE ( 'NONE', *, *, #1962, .F. ) ;
#1089 = CARTESIAN_POINT ( 'NONE',  ( -0.3714375762381471602, 0.01595550255402538448, -0.5589999999999999414 ) ) ;
#1090 = VERTEX_POINT ( 'NONE', #1028 ) ;
#1091 = AXIS2_PLACEMENT_3D ( 'NONE', #5521, #4582, #5583 ) ;
#1092 = EDGE_CURVE ( 'NONE', #2703, #1273, #1289, .T. ) ;
#1093 = FILL_AREA_STYLE_COLOUR ( '', #3318 ) ;
#1094 = DIRECTION ( 'NONE',  ( 0.3363908276654480889, -0.9417224702971437322, 0.0000000000000000000 ) ) ;
#1095 = CARTESIAN_POINT ( 'NONE',  ( -0.3315523306390275038, 0.03187127268127831065, -0.5590000000000000524 ) ) ;
#1096 = UNCERTAINTY_MEASURE_WITH_UNIT (LENGTH_MEASURE( 1.000000000000000082E-05 ), #1809, 'distance_accuracy_value', 'NONE');
#1097 = ORIENTED_EDGE ( 'NONE', *, *, #714, .T. ) ;
#1098 = LINE ( 'NONE', #125, #3198 ) ;
#1099 = DIRECTION ( 'NONE',  ( 1.000000000000000000, 0.0000000000000000000, 0.0000000000000000000 ) ) ;
#1100 = AXIS2_PLACEMENT_3D ( 'NONE', #4816, #4876, #1999 ) ;
#1101 = LINE ( 'NONE', #1939, #796 ) ;
#1102 = CARTESIAN_POINT ( 'NONE',  ( 0.3706094418757649445, 0.007221598853189104515, -0.5590000000000000524 ) ) ;
#1103 = CARTESIAN_POINT ( 'NONE',  ( 0.2237326383055451839, 0.1824883454211447542, -0.5599999999999999423 ) ) ;
#1104 = CARTESIAN_POINT ( 'NONE',  ( 0.2247167242390212538, -0.09177583097725826311, -0.5590000000000000524 ) ) ;
#1105 = CARTESIAN_POINT ( 'NONE',  ( 0.3380755586341018804, 0.1276701764958617646, -0.5590000000000000524 ) ) ;
#1106 = SURFACE_STYLE_FILL_AREA ( #952 ) ;
#1107 = CARTESIAN_POINT ( 'NONE',  ( 0.3264516857145297046, 0.06504262219748120633, -0.5589999999999997193 ) ) ;
#1108 = CARTESIAN_POINT ( 'NONE',  ( 0.2179712974097529898, 0.1496875836568880846, -0.5600000000000000533 ) ) ;
#1109 = CARTESIAN_POINT ( 'NONE',  ( -0.4662893733219542480, -0.03689778219677045806, -0.5590000000000000524 ) ) ;
#1110 = DIRECTION ( 'NONE',  ( -1.000000000000000000, 0.0000000000000000000, 0.0000000000000000000 ) ) ;
#1111 = FILL_AREA_STYLE ('',( #4487 ) ) ;
#1112 = DIRECTION ( 'NONE',  ( -0.0000000000000000000, 1.000000000000000000, 0.0000000000000000000 ) ) ;
#1113 = EDGE_CURVE ( 'NONE', #3910, #5131, #463, .T. ) ;
#1114 = PRESENTATION_LAYER_ASSIGNMENT (  '', '', ( #3401 ) ) ;
#1115 = SURFACE_STYLE_USAGE ( .BOTH. , #3992 ) ;
#1116 = DIRECTION ( 'NONE',  ( -0.08715574274765408580, 0.0000000000000000000, -0.9961946980917458783 ) ) ;
#1117 = ORIENTED_EDGE ( 'NONE', *, *, #1184, .T. ) ;
#1118 = ADVANCED_FACE ( 'NONE', ( #4279 ), #5570, .T. ) ;
#1119 = AXIS2_PLACEMENT_3D ( 'NONE', #3234, #982, #2782 ) ;
#1120 = ORIENTED_EDGE ( 'NONE', *, *, #1195, .F. ) ;
#1121 =( NAMED_UNIT ( * ) SI_UNIT ( $, .STERADIAN. ) SOLID_ANGLE_UNIT ( ) );
#1122 = ORIENTED_EDGE ( 'NONE', *, *, #2059, .T. ) ;
#1123 = FILL_AREA_STYLE ('',( #4535 ) ) ;
#1124 = PRESENTATION_LAYER_ASSIGNMENT (  '', '', ( #4764 ) ) ;
#1125 = CARTESIAN_POINT ( 'NONE',  ( -0.6644791599073202049, -0.1210441236601850767, -0.5590000000000000524 ) ) ;
#1126 = DIRECTION ( 'NONE',  ( 1.000000000000000000, 7.255624324323616620E-15, -0.0000000000000000000 ) ) ;
#1127 = CARTESIAN_POINT ( 'NONE',  ( -1.344999999999999751, 0.7999999999999999334, 0.0000000000000000000 ) ) ;
#1128 = AXIS2_PLACEMENT_3D ( 'NONE', #4102, #5048, #2168 ) ;
#1129 = VECTOR ( 'NONE', #4253, 1000.000000000000000 ) ;
#1130 = UNCERTAINTY_MEASURE_WITH_UNIT (LENGTH_MEASURE( 1.000000000000000082E-05 ), #3800, 'distance_accuracy_value', 'NONE');
#1131 = DIRECTION ( 'NONE',  ( 0.0000000000000000000, 0.08715574274765836016, -0.9961946980917455452 ) ) ;
#1132 = LINE ( 'NONE', #3312, #4648 ) ;
#1133 = DIRECTION ( 'NONE',  ( -1.000000000000000000, 0.0000000000000000000, 8.932347443772616200E-16 ) ) ;
#1134 =( LENGTH_UNIT ( ) NAMED_UNIT ( * ) SI_UNIT ( .MILLI., .METRE. ) );
#1135 =( NAMED_UNIT ( * ) SI_UNIT ( $, .STERADIAN. ) SOLID_ANGLE_UNIT ( ) );
#1136 = STYLED_ITEM ( 'NONE', ( #3983 ), #3529 ) ;
#1137 = LINE ( 'NONE', #3451, #1581 ) ;
#1138 = ADVANCED_FACE ( 'NONE', ( #1497 ), #3794, .T. ) ;
#1139 = FACE_OUTER_BOUND ( 'NONE', #5308, .T. ) ;
#1140 = VECTOR ( 'NONE', #117, 1000.000000000000000 ) ;
#1141 = ORIENTED_EDGE ( 'NONE', *, *, #5998, .F. ) ;
#1142 = EDGE_CURVE ( 'NONE', #1472, #1382, #2944, .T. ) ;
#1143 =( LENGTH_UNIT ( ) NAMED_UNIT ( * ) SI_UNIT ( .MILLI., .METRE. ) );
#1144 = FILL_AREA_STYLE ('',( #4477 ) ) ;
#1145 =( NAMED_UNIT ( * ) PLANE_ANGLE_UNIT ( ) SI_UNIT ( $, .RADIAN. ) );
#1146 = LINE ( 'NONE', #881, #5342 ) ;
#1147 = CARTESIAN_POINT ( 'NONE',  ( -1.315114159057247489, 0.7999999999999999334, 0.0000000000000000000 ) ) ;
#1148 = CARTESIAN_POINT ( 'NONE',  ( -0.2131643733219542591, -0.08811729439189239232, -0.5600000000000000533 ) ) ;
#1149 = STYLED_ITEM ( 'NONE', ( #3995 ), #3077 ) ;
#1150 = EDGE_CURVE ( 'NONE', #258, #1313, #5035, .T. ) ;
#1151 = CARTESIAN_POINT ( 'NONE',  ( 1.537050020299106423, 0.3049999999999999933, -0.0004128682977579932207 ) ) ;
#1152 = CARTESIAN_POINT ( 'NONE',  ( -0.3377235964015533054, -0.06834173454502842637, -0.5590000000000002744 ) ) ;
#1153 = LINE ( 'NONE', #5356, #5057 ) ;
#1154 = SURFACE_STYLE_USAGE ( .BOTH. , #2149 ) ;
#1155 = VERTEX_POINT ( 'NONE', #1450 ) ;
#1156 = CARTESIAN_POINT ( 'NONE',  ( -0.2265028233567441263, -0.08782896306396943686, -0.5590000000000000524 ) ) ;
#1157 = CARTESIAN_POINT ( 'NONE',  ( -0.3315523306390275038, 0.03187127268127831065, -0.5600000000000000533 ) ) ;
#1158 = DIRECTION ( 'NONE',  ( 2.710505431213761085E-16, -1.000000000000000000, -1.250666253888989580E-33 ) ) ;
#1159 = LINE ( 'NONE', #2062, #1734 ) ;
#1160 = VECTOR ( 'NONE', #1878, 1000.000000000000227 ) ;
#1161 = DIRECTION ( 'NONE',  ( 1.000000000000000000, 0.0000000000000000000, 0.0000000000000000000 ) ) ;
#1162 =( GEOMETRIC_REPRESENTATION_CONTEXT ( 3 ) GLOBAL_UNCERTAINTY_ASSIGNED_CONTEXT ( ( #3889 ) ) GLOBAL_UNIT_ASSIGNED_CONTEXT ( ( #1758, #4568, #2692 ) ) REPRESENTATION_CONTEXT ( 'NONE', 'WORKASPACE' ) );
#1163 = VERTEX_POINT ( 'NONE', #3382 ) ;
#1164 = SURFACE_STYLE_FILL_AREA ( #3610 ) ;
#1165 = ORIENTED_EDGE ( 'NONE', *, *, #5476, .F. ) ;
#1166 = PRESENTATION_LAYER_ASSIGNMENT (  '', '', ( #2897 ) ) ;
#1167 = CARTESIAN_POINT ( 'NONE',  ( -0.3609375052654643645, -0.03011310130390576142, -0.5599999999999999423 ) ) ;
#1168 = UNCERTAINTY_MEASURE_WITH_UNIT (LENGTH_MEASURE( 1.000000000000000082E-05 ), #1256, 'distance_accuracy_value', 'NONE');
#1169 = CARTESIAN_POINT ( 'NONE',  ( -0.2274297832253946439, 0.1457696263230318923, -0.5599999999999998312 ) ) ;
#1170 = COLOUR_RGB ( '',1.000000000000000000, 1.000000000000000000, 1.000000000000000000 ) ;
#1171 = AXIS2_PLACEMENT_3D ( 'NONE', #3114, #5543, #6046 ) ;
#1172 = ORIENTED_EDGE ( 'NONE', *, *, #3315, .T. ) ;
#1173 = VECTOR ( 'NONE', #4687, 1000.000000000000000 ) ;
#1174 = EDGE_LOOP ( 'NONE', ( #1731, #3789, #5397, #5642 ) ) ;
#1175 = ADVANCED_FACE ( 'NONE', ( #4355 ), #1056, .F. ) ;
#1176 = SURFACE_STYLE_USAGE ( .BOTH. , #1639 ) ;
#1177 = ORIENTED_EDGE ( 'NONE', *, *, #4865, .T. ) ;
#1178 = FILL_AREA_STYLE_COLOUR ( '', #6016 ) ;
#1179 = VECTOR ( 'NONE', #896, 1000.000000000000000 ) ;
#1180 = MECHANICAL_DESIGN_GEOMETRIC_PRESENTATION_REPRESENTATION (  '', ( #98 ), #6099 ) ;
#1181 = FACE_OUTER_BOUND ( 'NONE', #2136, .T. ) ;
#1182 = VECTOR ( 'NONE', #3900, 1000.000000000000000 ) ;
#1183 = DIRECTION ( 'NONE',  ( -0.0000000000000000000, -1.000000000000000000, -0.0000000000000000000 ) ) ;
#1184 = EDGE_CURVE ( 'NONE', #4832, #4562, #2242, .T. ) ;
#1185 = FILL_AREA_STYLE ('',( #1666 ) ) ;
#1186 = CARTESIAN_POINT ( 'NONE',  ( 1.298402254147712265, 0.7235164132049596297, 0.5326146722824298685 ) ) ;
#1187 = CARTESIAN_POINT ( 'NONE',  ( -0.3298263535507660604, 0.005221428626624587468, -0.5599999999999999423 ) ) ;
#1188 = CARTESIAN_POINT ( 'NONE',  ( -0.2205052008345420866, 0.1788330287540401964, -0.5590000000000000524 ) ) ;
#1189 = VECTOR ( 'NONE', #273, 1000.000000000000114 ) ;
#1190 = ORIENTED_EDGE ( 'NONE', *, *, #4994, .T. ) ;
#1191 = DIRECTION ( 'NONE',  ( -0.0000000000000000000, -1.000000000000000000, -0.0000000000000000000 ) ) ;
#1192 = MECHANICAL_DESIGN_GEOMETRIC_PRESENTATION_REPRESENTATION (  '', ( #4822 ), #2041 ) ;
#1193 = CARTESIAN_POINT ( 'NONE',  ( 0.3708866937512163564, 0.02329657755932710780, -0.5590000000000000524 ) ) ;
#1194 = CARTESIAN_POINT ( 'NONE',  ( -0.3658016338234909015, -0.01561326585227370591, -0.5599999999999999423 ) ) ;
#1195 = EDGE_CURVE ( 'NONE', #2619, #34, #1861, .T. ) ;
#1196 =( NAMED_UNIT ( * ) SI_UNIT ( $, .STERADIAN. ) SOLID_ANGLE_UNIT ( ) );
#1197 = ORIENTED_EDGE ( 'NONE', *, *, #4558, .T. ) ;
#1198 = CARTESIAN_POINT ( 'NONE',  ( 0.1477159620438993348, 0.1304802665837173359, -0.5600000000000000533 ) ) ;
#1199 = FILL_AREA_STYLE ('',( #2665 ) ) ;
#1200 = CARTESIAN_POINT ( 'NONE',  ( -0.3272529815310418755, -0.07924420172545508512, -0.5589999999999999414 ) ) ;
#1201 = EDGE_LOOP ( 'NONE', ( #2531, #267, #1998, #1920 ) ) ;
#1202 = CARTESIAN_POINT ( 'NONE',  ( 1.477221836148108869, 0.3049999999999999933, -0.4639449188396250201 ) ) ;
#1203 =( NAMED_UNIT ( * ) SI_UNIT ( $, .STERADIAN. ) SOLID_ANGLE_UNIT ( ) );
#1204 = VERTEX_POINT ( 'NONE', #875 ) ;
#1205 = CARTESIAN_POINT ( 'NONE',  ( -0.3273656703433487358, -0.007057080339806756815, -0.5590000000000000524 ) ) ;
#1206 = SURFACE_STYLE_USAGE ( .BOTH. , #322 ) ;
#1207 =( GEOMETRIC_REPRESENTATION_CONTEXT ( 3 ) GLOBAL_UNCERTAINTY_ASSIGNED_CONTEXT ( ( #1245 ) ) GLOBAL_UNIT_ASSIGNED_CONTEXT ( ( #2718, #3690, #1771 ) ) REPRESENTATION_CONTEXT ( 'NONE', 'WORKASPACE' ) );
#1208 = CARTESIAN_POINT ( 'NONE',  ( -0.2899992319985615352, -0.1048902123466513431, -0.5600000000000001643 ) ) ;
#1209 = CARTESIAN_POINT ( 'NONE',  ( -0.3192198428449965486, 0.09196572276260614465, -0.5599999999999999423 ) ) ;
#1210 = B_SPLINE_SURFACE_WITH_KNOTS ( 'NONE', 3, 1, ( 
 ( #959, #5255 ),
 ( #1865, #6145 ),
 ( #2839, #4312 ),
 ( #443, #2898 ),
 ( #35, #5237 ),
 ( #3375, #4252 ),
 ( #1386, #979 ),
 ( #3762, #1459 ),
 ( #1928, #5294 ),
 ( #5688, #2816 ),
 ( #3296, #422 ) ),
 .UNSPECIFIED., .F., .F., .F.,
 ( 4, 1, 1, 1, 1, 1, 1, 1, 4 ),
 ( 2, 2 ),
 ( 0.0000000000000000000, 0.1352946047634291660, 0.2667656579247484339, 0.3948160188358724176, 0.5200516544342456138, 0.6421757029708218267, 0.7626518205584231769, 0.8818340043805016348, 1.000000000000000000 ),
 ( 0.0000000000000000000, 1.000000000000000000 ),
 .UNSPECIFIED. ) ;
#1211 = PRESENTATION_STYLE_ASSIGNMENT (( #2188 ) ) ;
#1212 = PLANE ( 'NONE',  #2330 ) ;
#1213 =( GEOMETRIC_REPRESENTATION_CONTEXT ( 3 ) GLOBAL_UNCERTAINTY_ASSIGNED_CONTEXT ( ( #169 ) ) GLOBAL_UNIT_ASSIGNED_CONTEXT ( ( #602, #2024, #3473 ) ) REPRESENTATION_CONTEXT ( 'NONE', 'WORKASPACE' ) );
#1214 = DIRECTION ( 'NONE',  ( -1.000000000000000000, 0.0000000000000000000, 0.0000000000000000000 ) ) ;
#1215 = FACE_OUTER_BOUND ( 'NONE', #6056, .T. ) ;
#1216 = DIRECTION ( 'NONE',  ( 0.0000000000000000000, -1.000000000000000000, 0.0000000000000000000 ) ) ;
#1217 = CARTESIAN_POINT ( 'NONE',  ( 0.2247167242390212538, -0.09177583097725826311, -0.5590000000000000524 ) ) ;
#1218 = CARTESIAN_POINT ( 'NONE',  ( -0.3003893316558140514, -0.05670066604441548197, -0.5599999999999997202 ) ) ;
#1219 = PRESENTATION_LAYER_ASSIGNMENT (  '', '', ( #6141 ) ) ;
#1220 = CARTESIAN_POINT ( 'NONE',  ( -0.2622778166797042343, 0.1735873716250540544, -0.5589999999999997193 ) ) ;
#1221 = ORIENTED_EDGE ( 'NONE', *, *, #5545, .T. ) ;
#1222 = LINE ( 'NONE', #2616, #4066 ) ;
#1223 = CARTESIAN_POINT ( 'NONE',  ( 0.1725292813234560463, 0.1423055209760613338, -0.5599999999999998312 ) ) ;
#1224 = FILL_AREA_STYLE_COLOUR ( '', #917 ) ;
#1225 = ORIENTED_EDGE ( 'NONE', *, *, #5874, .T. ) ;
#1226 = CARTESIAN_POINT ( 'NONE',  ( -0.6644791599073202049, -0.1210441236601850767, -0.5600000000000000533 ) ) ;
#1227 = COLOUR_RGB ( '',1.000000000000000000, 1.000000000000000000, 1.000000000000000000 ) ;
#1228 = B_SPLINE_SURFACE_WITH_KNOTS ( 'NONE', 3, 1, ( 
 ( #2628, #3121 ),
 ( #4553, #2171 ),
 ( #3627, #241 ),
 ( #3592, #2647 ),
 ( #5074, #261 ),
 ( #756, #4043 ),
 ( #3611, #2185 ),
 ( #719, #4060 ),
 ( #3167, #5569 ),
 ( #743, #1218 ),
 ( #3646, #1262 ),
 ( #4606, #3096 ),
 ( #5528, #221 ),
 ( #4528, #4572 ),
 ( #1205, #5054 ),
 ( #3570, #1187 ),
 ( #1645, #5186 ),
 ( #2797, #5124 ),
 ( #4685, #873 ) ),
 .UNSPECIFIED., .F., .F., .F.,
 ( 4, 1, 1, 1, 1, 1, 1, 1, 1, 1, 1, 1, 1, 1, 1, 1, 4 ),
 ( 2, 2 ),
 ( 0.0000000000000000000, 0.07082657255516286443, 0.1381690332798000409, 0.2024753315338425896, 0.2639737544135197234, 0.3233803205980374518, 0.3817976227131854028, 0.4393900745193892177, 0.4969027245459974318, 0.5546621696093699816, 0.6127418784921974115, 0.6715388363911721781, 0.7316557220901981351, 0.7942978116139530753, 0.8594822049793584551, 0.9276813254527899177, 1.000000000000000000 ),
 ( 0.0000000000000000000, 1.000000000000000000 ),
 .UNSPECIFIED. ) ;
#1229 = ADVANCED_FACE ( 'NONE', ( #4650 ), #4509, .T. ) ;
#1230 = CARTESIAN_POINT ( 'NONE',  ( -0.2627896036517640144, -0.08047929577744659946, -0.5600000000000000533 ) ) ;
#1231 = SURFACE_STYLE_FILL_AREA ( #4761 ) ;
#1232 = EDGE_LOOP ( 'NONE', ( #2872, #6151, #5676, #2886 ) ) ;
#1233 = STYLED_ITEM ( 'NONE', ( #3560 ), #3100 ) ;
#1234 = VECTOR ( 'NONE', #4804, 1000.000000000000000 ) ;
#1235 = EDGE_CURVE ( 'NONE', #3807, #4209, #5408, .T. ) ;
#1236 = DIRECTION ( 'NONE',  ( 0.0000000000000000000, -1.000000000000000000, -0.0000000000000000000 ) ) ;
#1237 = PRESENTATION_LAYER_ASSIGNMENT (  '', '', ( #6157 ) ) ;
#1238 = CARTESIAN_POINT ( 'NONE',  ( -0.3272529815310418755, -0.07924420172545508512, -0.5599999999999999423 ) ) ;
#1239 = CARTESIAN_POINT ( 'NONE',  ( -0.2148221477121982081, 0.1460290470715222277, -0.5590000000000000524 ) ) ;
#1240 = VERTEX_POINT ( 'NONE', #5613 ) ;
#1241 = CARTESIAN_POINT ( 'NONE',  ( -0.2904712950034497032, 0.1637223146426217413, -0.5590000000000000524 ) ) ;
#1242 = ORIENTED_EDGE ( 'NONE', *, *, #2879, .F. ) ;
#1243 = VERTEX_POINT ( 'NONE', #2289 ) ;
#1244 = STYLED_ITEM ( 'NONE', ( #5190 ), #2236 ) ;
#1245 = UNCERTAINTY_MEASURE_WITH_UNIT (LENGTH_MEASURE( 1.000000000000000082E-05 ), #2718, 'distance_accuracy_value', 'NONE');
#1246 = VERTEX_POINT ( 'NONE', #3707 ) ;
#1247 = ADVANCED_FACE ( 'NONE', ( #5098 ), #3765, .F. ) ;
#1248 = CARTESIAN_POINT ( 'NONE',  ( 0.1556840788940303255, 0.1351103426960056642, -0.5600000000000001643 ) ) ;
#1249 = DIRECTION ( 'NONE',  ( 0.0000000000000000000, 0.0000000000000000000, -1.000000000000000000 ) ) ;
#1250 =( NAMED_UNIT ( * ) PLANE_ANGLE_UNIT ( ) SI_UNIT ( $, .RADIAN. ) );
#1251 = MECHANICAL_DESIGN_GEOMETRIC_PRESENTATION_REPRESENTATION (  '', ( #4693 ), #4578 ) ;
#1252 = LINE ( 'NONE', #5311, #4760 ) ;
#1253 = FACE_OUTER_BOUND ( 'NONE', #6064, .T. ) ;
#1254 = FACE_OUTER_BOUND ( 'NONE', #3264, .T. ) ;
#1255 = CARTESIAN_POINT ( 'NONE',  ( 0.1812525227899320912, 0.1449734212249666199, -0.5600000000000000533 ) ) ;
#1256 =( LENGTH_UNIT ( ) NAMED_UNIT ( * ) SI_UNIT ( .MILLI., .METRE. ) );
#1257 = MECHANICAL_DESIGN_GEOMETRIC_PRESENTATION_REPRESENTATION (  '', ( #6178 ), #3426 ) ;
#1258 = CARTESIAN_POINT ( 'NONE',  ( -0.1705767208829299386, -0.08811729439189239232, -0.5590000000000512337 ) ) ;
#1259 = LINE ( 'NONE', #5027, #4 ) ;
#1260 = ORIENTED_EDGE ( 'NONE', *, *, #5005, .F. ) ;
#1261 = DIRECTION ( 'NONE',  ( 2.710505431213761085E-16, -1.000000000000000000, -3.370505814728701662E-32 ) ) ;
#1262 = CARTESIAN_POINT ( 'NONE',  ( -0.3077077548236545335, -0.04837823682880465492, -0.5599999999999999423 ) ) ;
#1263 =( LENGTH_UNIT ( ) NAMED_UNIT ( * ) SI_UNIT ( .MILLI., .METRE. ) );
#1264 = EDGE_CURVE ( 'NONE', #5793, #966, #975, .T. ) ;
#1265 = STYLED_ITEM ( 'NONE', ( #4249 ), #4661 ) ;
#1266 = EDGE_LOOP ( 'NONE', ( #954, #2450, #5483, #2914 ) ) ;
#1267 = CARTESIAN_POINT ( 'NONE',  ( 0.1503800777322270299, 0.1320283184811610333, -0.5599999999999999423 ) ) ;
#1268 = CARTESIAN_POINT ( 'NONE',  ( -0.1303328184439055681, -0.1210441236601850767, -0.5590000000000000524 ) ) ;
#1269 = EDGE_CURVE ( 'NONE', #4209, #3076, #2555, .T. ) ;
#1270 = VERTEX_POINT ( 'NONE', #3750 ) ;
#1271 = DIRECTION ( 'NONE',  ( -0.3536223923290754967, 0.9353882635801357148, 0.0000000000000000000 ) ) ;
#1272 = CARTESIAN_POINT ( 'NONE',  ( 0.04893547423902126770, 0.1460290470715222277, -0.5590000000000000524 ) ) ;
#1273 = VERTEX_POINT ( 'NONE', #5258 ) ;
#1274 = SURFACE_STYLE_USAGE ( .BOTH. , #609 ) ;
#1275 = ORIENTED_EDGE ( 'NONE', *, *, #5282, .T. ) ;
#1276 =( NAMED_UNIT ( * ) SI_UNIT ( $, .STERADIAN. ) SOLID_ANGLE_UNIT ( ) );
#1277 = ADVANCED_FACE ( 'NONE', ( #825 ), #1764, .F. ) ;
#1278 = CARTESIAN_POINT ( 'NONE',  ( 0.3289981966861952878, 0.0002985308039202950558, -0.5589999999999999414 ) ) ;
#1279 = STYLED_ITEM ( 'NONE', ( #4304 ), #1699 ) ;
#1280 = CARTESIAN_POINT ( 'NONE',  ( -0.2759120994598078247, -0.1107813686305701706, -0.5600000000000000533 ) ) ;
#1281 = CARTESIAN_POINT ( 'NONE',  ( 1.345000000000000195, -0.7701141590572475604, 0.0000000000000000000 ) ) ;
#1282 = SURFACE_STYLE_USAGE ( .BOTH. , #5151 ) ;
#1283 = MECHANICAL_DESIGN_GEOMETRIC_PRESENTATION_REPRESENTATION (  '', ( #958 ), #2987 ) ;
#1284 = LINE ( 'NONE', #1976, #2319 ) ;
#1285 = UNCERTAINTY_MEASURE_WITH_UNIT (LENGTH_MEASURE( 1.000000000000000082E-05 ), #5894, 'distance_accuracy_value', 'NONE');
#1286 =( NAMED_UNIT ( * ) PLANE_ANGLE_UNIT ( ) SI_UNIT ( $, .RADIAN. ) );
#1287 = DIRECTION ( 'NONE',  ( -0.0000000000000000000, -0.0000000000000000000, -1.000000000000000000 ) ) ;
#1288 = CARTESIAN_POINT ( 'NONE',  ( 0.5099110839951188634, -0.08811729439189239232, -0.5590000000000000524 ) ) ;
#1289 = B_SPLINE_CURVE_WITH_KNOTS ( 'NONE', 3,
 ( #2379, #1414, #3853, #1468, #1915, #1487, #5756, #2432, #4363, #2359, #4836, #5262, #4815, #5729, #923, #2885, #24, #1933, #2931 ),
 .UNSPECIFIED., .F., .F.,
 ( 4, 1, 1, 1, 1, 1, 1, 1, 1, 1, 1, 1, 1, 1, 1, 1, 4 ),
 ( 0.0000000000000000000, 0.07430379644281587259, 0.1443936103644179458, 0.2104994961032797818, 0.2735426065034681220, 0.3338247445790735179, 0.3925296724085027278, 0.4500874545995853238, 0.5078206115557879485, 0.5654649127768465178, 0.6231487223336197312, 0.6812971927909353687, 0.7409134981565808076, 0.8018557521958579182, 0.8652412377209434124, 0.9309416570467443641, 1.000000000000000000 ),
 .UNSPECIFIED. ) ;
#1290 = LINE ( 'NONE', #6182, #5717 ) ;
#1291 = SURFACE_SIDE_STYLE ('',( #2641 ) ) ;
#1292 = PRESENTATION_STYLE_ASSIGNMENT (( #2462 ) ) ;
#1293 = ORIENTED_EDGE ( 'NONE', *, *, #5792, .T. ) ;
#1294 = CARTESIAN_POINT ( 'NONE',  ( 0.1748134205703820165, -0.1173727826686825487, -0.5599999999999999423 ) ) ;
#1295 = FACE_BOUND ( 'NONE', #1428, .T. ) ;
#1296 = EDGE_CURVE ( 'NONE', #6057, #5094, #1788, .T. ) ;
#1297 = DIRECTION ( 'NONE',  ( -0.0000000000000000000, -1.000000000000000000, -0.0000000000000000000 ) ) ;
#1298 = VECTOR ( 'NONE', #5246, 1000.000000000000000 ) ;
#1299 = CARTESIAN_POINT ( 'NONE',  ( -1.427468603509014278, -0.3049999999999999933, -0.009999999999999953371 ) ) ;
#1300 =( NAMED_UNIT ( * ) SI_UNIT ( $, .STERADIAN. ) SOLID_ANGLE_UNIT ( ) );
#1301 = CARTESIAN_POINT ( 'NONE',  ( 0.08917937667804562429, 0.1789558763398149122, -0.5590000000000000524 ) ) ;
#1302 = VECTOR ( 'NONE', #5876, 1000.000000000000000 ) ;
#1303 = LINE ( 'NONE', #2763, #2734 ) ;
#1304 = AXIS2_PLACEMENT_3D ( 'NONE', #5170, #1410, #444 ) ;
#1305 = DIRECTION ( 'NONE',  ( 1.000000000000000000, 0.0000000000000000000, 0.0000000000000000000 ) ) ;
#1306 = FILL_AREA_STYLE ('',( #2250 ) ) ;
#1307 = VERTEX_POINT ( 'NONE', #2351 ) ;
#1308 = ADVANCED_FACE ( 'NONE', ( #6113 ), #2375, .T. ) ;
#1309 =( LENGTH_UNIT ( ) NAMED_UNIT ( * ) SI_UNIT ( .MILLI., .METRE. ) );
#1310 = CARTESIAN_POINT ( 'NONE',  ( 0.2066399729786870809, -0.1236102232778498178, -0.5590000000000000524 ) ) ;
#1311 = DIRECTION ( 'NONE',  ( 1.000000000000000000, 0.0000000000000000000, 0.0000000000000000000 ) ) ;
#1312 = PRESENTATION_STYLE_ASSIGNMENT (( #1384 ) ) ;
#1313 = VERTEX_POINT ( 'NONE', #3335 ) ;
#1314 = PRESENTATION_STYLE_ASSIGNMENT (( #5486 ) ) ;
#1315 = FACE_OUTER_BOUND ( 'NONE', #652, .T. ) ;
#1316 = VERTEX_POINT ( 'NONE', #3846 ) ;
#1317 =( NAMED_UNIT ( * ) SI_UNIT ( $, .STERADIAN. ) SOLID_ANGLE_UNIT ( ) );
#1318 = EDGE_CURVE ( 'NONE', #5630, #2930, #4611, .T. ) ;
#1319 =( NAMED_UNIT ( * ) PLANE_ANGLE_UNIT ( ) SI_UNIT ( $, .RADIAN. ) );
#1320 = PRESENTATION_LAYER_ASSIGNMENT (  '', '', ( #3959 ) ) ;
#1321 = PRESENTATION_STYLE_ASSIGNMENT (( #1525 ) ) ;
#1322 = PLANE ( 'NONE',  #2980 ) ;
#1323 = ORIENTED_EDGE ( 'NONE', *, *, #3757, .T. ) ;
#1324 = STYLED_ITEM ( 'NONE', ( #1082 ), #306 ) ;
#1325 = SURFACE_SIDE_STYLE ('',( #5276 ) ) ;
#1326 = CARTESIAN_POINT ( 'NONE',  ( 1.345000000000000195, -0.7876483080687592953, 8.131516293641282022E-17 ) ) ;
#1327 = VERTEX_POINT ( 'NONE', #52 ) ;
#1328 = UNCERTAINTY_MEASURE_WITH_UNIT (LENGTH_MEASURE( 1.000000000000000082E-05 ), #4212, 'distance_accuracy_value', 'NONE');
#1329 =( NAMED_UNIT ( * ) SI_UNIT ( $, .STERADIAN. ) SOLID_ANGLE_UNIT ( ) );
#1330 = LINE ( 'NONE', #547, #5883 ) ;
#1331 = DIRECTION ( 'NONE',  ( 2.710505431213761085E-16, -1.000000000000000000, 0.0000000000000000000 ) ) ;
#1332 = AXIS2_PLACEMENT_3D ( 'NONE', #5261, #3360, #491 ) ;
#1333 = DIRECTION ( 'NONE',  ( 1.000000000000000000, 0.0000000000000000000, 1.243497163265005416E-16 ) ) ;
#1334 = PRESENTATION_STYLE_ASSIGNMENT (( #2240 ) ) ;
#1335 = ORIENTED_EDGE ( 'NONE', *, *, #1798, .F. ) ;
#1336 = FILL_AREA_STYLE_COLOUR ( '', #107 ) ;
#1337 = AXIS2_PLACEMENT_3D ( 'NONE', #448, #1353, #3791 ) ;
#1338 = DIRECTION ( 'NONE',  ( -0.0000000000000000000, 0.0000000000000000000, 1.000000000000000000 ) ) ;
#1339 = ORIENTED_EDGE ( 'NONE', *, *, #2129, .T. ) ;
#1340 = CARTESIAN_POINT ( 'NONE',  ( -0.06447915990732011604, 0.1460290470715222277, -0.5600000000000000533 ) ) ;
#1341 = EDGE_LOOP ( 'NONE', ( #4218, #406, #3980, #4504 ) ) ;
#1342 = ADVANCED_FACE ( 'NONE', ( #3642 ), #6169, .T. ) ;
#1343 = FILL_AREA_STYLE ('',( #2324 ) ) ;
#1344 = FILL_AREA_STYLE ('',( #1826 ) ) ;
#1345 = ORIENTED_EDGE ( 'NONE', *, *, #155, .T. ) ;
#1346 =( LENGTH_UNIT ( ) NAMED_UNIT ( * ) SI_UNIT ( .MILLI., .METRE. ) );
#1347 = CARTESIAN_POINT ( 'NONE',  ( 0.3230438359412183824, 0.07678381935822237159, -0.5600000000000002753 ) ) ;
#1348 = CARTESIAN_POINT ( 'NONE',  ( 0.1477159620438993348, 0.1707241690227417341, -0.5600000000000000533 ) ) ;
#1349 = ORIENTED_EDGE ( 'NONE', *, *, #4187, .F. ) ;
#1350 = EDGE_CURVE ( 'NONE', #790, #1880, #426, .T. ) ;
#1351 = ORIENTED_EDGE ( 'NONE', *, *, #5313, .T. ) ;
#1352 = PRESENTATION_LAYER_ASSIGNMENT (  '', '', ( #3710 ) ) ;
#1353 = DIRECTION ( 'NONE',  ( 0.0000000000000000000, 0.0000000000000000000, 1.000000000000000000 ) ) ;
#1354 = ORIENTED_EDGE ( 'NONE', *, *, #3674, .F. ) ;
#1355 = CARTESIAN_POINT ( 'NONE',  ( 0.04893547423902126770, -0.08811729439189239232, -0.5600000000000000533 ) ) ;
#1356 = ORIENTED_EDGE ( 'NONE', *, *, #2594, .T. ) ;
#1357 = MECHANICAL_DESIGN_GEOMETRIC_PRESENTATION_REPRESENTATION (  '', ( #5200 ), #5086 ) ;
#1358 = EDGE_CURVE ( 'NONE', #6097, #3056, #1830, .T. ) ;
#1359 = PRESENTATION_STYLE_ASSIGNMENT (( #874 ) ) ;
#1360 = CARTESIAN_POINT ( 'NONE',  ( 0.3964964498487773548, -0.08811729439189239232, -0.5590000000000000524 ) ) ;
#1361 = CARTESIAN_POINT ( 'NONE',  ( -1.840000000000000080, 0.3049999999999999933, -0.5100000000000000089 ) ) ;
#1362 = COLOUR_RGB ( '',0.2509803921568627416, 0.2509803921568627416, 0.2509803921568627416 ) ;
#1363 = SURFACE_STYLE_USAGE ( .BOTH. , #2853 ) ;
#1364 = FACE_OUTER_BOUND ( 'NONE', #600, .T. ) ;
#1365 =( LENGTH_UNIT ( ) NAMED_UNIT ( * ) SI_UNIT ( .MILLI., .METRE. ) );
#1366 = CARTESIAN_POINT ( 'NONE',  ( -0.5269410501512226119, 0.1423705104861564263, -0.5590000000000001634 ) ) ;
#1367 = CARTESIAN_POINT ( 'NONE',  ( 0.2527627394621428936, 0.1452279401580202911, -0.5600000000000002753 ) ) ;
#1368 =( LENGTH_UNIT ( ) NAMED_UNIT ( * ) SI_UNIT ( .MILLI., .METRE. ) );
#1369 = LINE ( 'NONE', #3388, #2948 ) ;
#1370 =( LENGTH_UNIT ( ) NAMED_UNIT ( * ) SI_UNIT ( .MILLI., .METRE. ) );
#1371 = CARTESIAN_POINT ( 'NONE',  ( 0.1794302961419011744, 0.1797143776591307585, -0.5590000000000000524 ) ) ;
#1372 = LINE ( 'NONE', #471, #4653 ) ;
#1373 = STYLED_ITEM ( 'NONE', ( #3763 ), #5683 ) ;
#1374 = LINE ( 'NONE', #4259, #4809 ) ;
#1375 = ADVANCED_FACE ( 'NONE', ( #4910 ), #5749, .T. ) ;
#1376 = LINE ( 'NONE', #5824, #103 ) ;
#1377 = ORIENTED_EDGE ( 'NONE', *, *, #1092, .T. ) ;
#1378 = FILL_AREA_STYLE ('',( #2863 ) ) ;
#1379 = VECTOR ( 'NONE', #4192, 1000.000000000000000 ) ;
#1380 =( GEOMETRIC_REPRESENTATION_CONTEXT ( 3 ) GLOBAL_UNCERTAINTY_ASSIGNED_CONTEXT ( ( #2671 ) ) GLOBAL_UNIT_ASSIGNED_CONTEXT ( ( #2633, #655, #4047 ) ) REPRESENTATION_CONTEXT ( 'NONE', 'WORKASPACE' ) );
#1381 = CARTESIAN_POINT ( 'NONE',  ( -1.477221836148108869, 0.3049999999999999933, -0.4639449188396250201 ) ) ;
#1382 = VERTEX_POINT ( 'NONE', #21 ) ;
#1383 = COLOUR_RGB ( '',0.2509803921568627416, 0.2509803921568627416, 0.2509803921568627416 ) ;
#1384 = SURFACE_STYLE_USAGE ( .BOTH. , #2346 ) ;
#1385 = SURFACE_SIDE_STYLE ('',( #2193 ) ) ;
#1386 = CARTESIAN_POINT ( 'NONE',  ( 0.1738992878848321655, -0.08442281508491124298, -0.5590000000000001634 ) ) ;
#1387 = ORIENTED_EDGE ( 'NONE', *, *, #5364, .T. ) ;
#1388 = PRESENTATION_LAYER_ASSIGNMENT (  '', '', ( #3947 ) ) ;
#1389 = SURFACE_STYLE_FILL_AREA ( #179 ) ;
#1390 = DIRECTION ( 'NONE',  ( 0.0000000000000000000, -1.000000000000000000, 0.0000000000000000000 ) ) ;
#1391 = SURFACE_STYLE_USAGE ( .BOTH. , #5725 ) ;
#1392 = EDGE_CURVE ( 'NONE', #1463, #3807, #1330, .T. ) ;
#1393 = VECTOR ( 'NONE', #1236, 1000.000000000000000 ) ;
#1394 = LINE ( 'NONE', #574, #1087 ) ;
#1395 = CARTESIAN_POINT ( 'NONE',  ( 0.3706094418757649445, 0.007221598853189104515, -0.5590000000000000524 ) ) ;
#1396 = FACE_OUTER_BOUND ( 'NONE', #639, .T. ) ;
#1397 = PRESENTATION_STYLE_ASSIGNMENT (( #2899 ) ) ;
#1398 = CARTESIAN_POINT ( 'NONE',  ( -1.268516413204959559, 0.7235164132049596297, -0.5300000000000001377 ) ) ;
#1399 = ORIENTED_EDGE ( 'NONE', *, *, #5903, .F. ) ;
#1400 = FILL_AREA_STYLE ('',( #5710 ) ) ;
#1401 = ORIENTED_EDGE ( 'NONE', *, *, #5326, .T. ) ;
#1402 = CARTESIAN_POINT ( 'NONE',  ( 0.3964964498487773548, -0.08811729439189239232, -0.5590000000000000524 ) ) ;
#1403 = AXIS2_PLACEMENT_3D ( 'NONE', #2057, #3525, #1133 ) ;
#1404 = DIRECTION ( 'NONE',  ( -0.9961946980917455452, 0.0000000000000000000, -0.08715574274765805485 ) ) ;
#1405 = UNCERTAINTY_MEASURE_WITH_UNIT (LENGTH_MEASURE( 1.000000000000000082E-05 ), #56, 'distance_accuracy_value', 'NONE');
#1406 = PLANE ( 'NONE',  #4605 ) ;
#1407 = SURFACE_STYLE_FILL_AREA ( #5267 ) ;
#1408 = CARTESIAN_POINT ( 'NONE',  ( -1.427468603509014278, -0.3049999999999999933, 0.1000000000000000472 ) ) ;
#1409 = CARTESIAN_POINT ( 'NONE',  ( -1.268516413204958893, -0.7235164132049598518, 0.5600000000000000533 ) ) ;
#1410 = DIRECTION ( 'NONE',  ( 1.000000000000000000, 0.0000000000000000000, -0.0000000000000000000 ) ) ;
#1411 =( LENGTH_UNIT ( ) NAMED_UNIT ( * ) SI_UNIT ( .MILLI., .METRE. ) );
#1412 = VECTOR ( 'NONE', #4546, 1000.000000000000000 ) ;
#1413 = DIRECTION ( 'NONE',  ( -0.08682659386424775028, -0.08682659386424779191, 0.9924325091389669673 ) ) ;
#1414 = CARTESIAN_POINT ( 'NONE',  ( -0.3314539964643041237, 0.03646753822253821081, -0.5600000000000001643 ) ) ;
#1415 = PRESENTATION_LAYER_ASSIGNMENT (  '', '', ( #4214 ) ) ;
#1416 = EDGE_CURVE ( 'NONE', #4390, #2588, #3195, .T. ) ;
#1417 = B_SPLINE_CURVE_WITH_KNOTS ( 'NONE', 3,
 ( #5390, #4462, #4953, #5842, #2082, #3542, #5455, #2577, #3070, #3954, #666 ),
 .UNSPECIFIED., .F., .F.,
 ( 4, 1, 1, 1, 1, 1, 1, 1, 4 ),
 ( 0.0000000000000000000, 0.1451868664724697833, 0.2834426109197299426, 0.4165243659288289657, 0.5431811235350828548, 0.6651530826377138883, 0.7813602063127152997, 0.8927566556418089494, 1.000000000000000000 ),
 .UNSPECIFIED. ) ;
#1418 = ORIENTED_EDGE ( 'NONE', *, *, #120, .T. ) ;
#1419 = SURFACE_SIDE_STYLE ('',( #2689 ) ) ;
#1420 = VERTEX_POINT ( 'NONE', #1043 ) ;
#1421 = CARTESIAN_POINT ( 'NONE',  ( -1.268516413204959115, -0.7235164132049597407, -0.5300000000000001377 ) ) ;
#1422 = CARTESIAN_POINT ( 'NONE',  ( -1.840000000000000080, -0.3049999999999999933, -0.5100000000000000089 ) ) ;
#1423 = AXIS2_PLACEMENT_3D ( 'NONE', #597, #1076, #2494 ) ;
#1424 = CARTESIAN_POINT ( 'NONE',  ( 0.1477159620438993348, 0.1304802665837173359, -0.5590000000000000524 ) ) ;
#1425 = EDGE_LOOP ( 'NONE', ( #6037, #1825, #156, #1516 ) ) ;
#1426 = FILL_AREA_STYLE ('',( #2349 ) ) ;
#1427 = DIRECTION ( 'NONE',  ( -0.0000000000000000000, -1.000000000000000000, -0.0000000000000000000 ) ) ;
#1428 = EDGE_LOOP ( 'NONE', ( #1632, #2785, #4841, #4549, #81, #3209, #3349, #2223, #5946, #4753 ) ) ;
#1429 = DIRECTION ( 'NONE',  ( 0.0000000000000000000, -0.0000000000000000000, -1.000000000000000000 ) ) ;
#1430 = CARTESIAN_POINT ( 'NONE',  ( 1.315114159057247489, 0.7999999999999999334, 0.0000000000000000000 ) ) ;
#1431 = CIRCLE ( 'NONE', #1060, 0.02999999999999997113 ) ;
#1432 = CARTESIAN_POINT ( 'NONE',  ( -0.1705767208829299386, 0.1460290470715222277, -0.5590000000000000524 ) ) ;
#1433 = EDGE_CURVE ( 'NONE', #1698, #2983, #3262, .T. ) ;
#1434 =( GEOMETRIC_REPRESENTATION_CONTEXT ( 3 ) GLOBAL_UNCERTAINTY_ASSIGNED_CONTEXT ( ( #291 ) ) GLOBAL_UNIT_ASSIGNED_CONTEXT ( ( #3348, #2891, #2439 ) ) REPRESENTATION_CONTEXT ( 'NONE', 'WORKASPACE' ) );
#1435 = PRESENTATION_LAYER_ASSIGNMENT (  '', '', ( #5416 ) ) ;
#1436 = DIRECTION ( 'NONE',  ( 1.000000000000000000, 0.0000000000000000000, 0.0000000000000000000 ) ) ;
#1437 = CARTESIAN_POINT ( 'NONE',  ( 1.268516413204960003, -0.7235164132049598518, -0.5300000000000001377 ) ) ;
#1438 = FILL_AREA_STYLE ('',( #30 ) ) ;
#1439 = DIRECTION ( 'NONE',  ( 1.000000000000000000, 0.0000000000000000000, 0.0000000000000000000 ) ) ;
#1440 = VERTEX_POINT ( 'NONE', #5819 ) ;
#1441 = CARTESIAN_POINT ( 'NONE',  ( 0.3289114349233800416, 0.05259303779766402037, -0.5600000000000001643 ) ) ;
#1442 = PRESENTATION_STYLE_ASSIGNMENT (( #4717 ) ) ;
#1443 = CARTESIAN_POINT ( 'NONE',  ( -1.315339464150455662, 0.8002253050932082168, -0.002575248999449011433 ) ) ;
#1444 =( NAMED_UNIT ( * ) PLANE_ANGLE_UNIT ( ) SI_UNIT ( $, .RADIAN. ) );
#1445 = LINE ( 'NONE', #4735, #1298 ) ;
#1446 = LINE ( 'NONE', #3200, #2653 ) ;
#1447 = AXIS2_PLACEMENT_3D ( 'NONE', #1627, #2997, #3467 ) ;
#1448 = CARTESIAN_POINT ( 'NONE',  ( 1.427468603509014278, -0.3049999999999999933, 0.1000000000000000472 ) ) ;
#1449 = CARTESIAN_POINT ( 'NONE',  ( -0.2149936416146371876, 0.1789558763398149122, -0.5600000000000000533 ) ) ;
#1450 = CARTESIAN_POINT ( 'NONE',  ( 1.477221836148108869, -0.3049999999999999933, -0.4639449188396250201 ) ) ;
#1451 = VERTEX_POINT ( 'NONE', #5367 ) ;
#1452 =( GEOMETRIC_REPRESENTATION_CONTEXT ( 3 ) GLOBAL_UNCERTAINTY_ASSIGNED_CONTEXT ( ( #1871 ) ) GLOBAL_UNIT_ASSIGNED_CONTEXT ( ( #5363, #2485, #2988 ) ) REPRESENTATION_CONTEXT ( 'NONE', 'WORKASPACE' ) );
#1453 = SURFACE_SIDE_STYLE ('',( #1106 ) ) ;
#1454 = ORIENTED_EDGE ( 'NONE', *, *, #4956, .T. ) ;
#1455 = CARTESIAN_POINT ( 'NONE',  ( 1.636612987842788414, 0.3049999999999999933, -0.4500000000000001776 ) ) ;
#1456 = EDGE_CURVE ( 'NONE', #9, #2293, #864, .T. ) ;
#1457 = ORIENTED_EDGE ( 'NONE', *, *, #1466, .F. ) ;
#1458 =( NAMED_UNIT ( * ) SI_UNIT ( $, .STERADIAN. ) SOLID_ANGLE_UNIT ( ) );
#1459 = CARTESIAN_POINT ( 'NONE',  ( 0.1648071419894917844, -0.08107059675269957799, -0.5600000000000000533 ) ) ;
#1460 = SURFACE_STYLE_FILL_AREA ( #1111 ) ;
#1461 = CARTESIAN_POINT ( 'NONE',  ( -0.07179623307805192700, -0.08811729439189239232, -0.5590000000000000524 ) ) ;
#1462 =( LENGTH_UNIT ( ) NAMED_UNIT ( * ) SI_UNIT ( .MILLI., .METRE. ) );
#1463 = VERTEX_POINT ( 'NONE', #4231 ) ;
#1464 = AXIS2_PLACEMENT_3D ( 'NONE', #505, #3414, #544 ) ;
#1465 = CARTESIAN_POINT ( 'NONE',  ( -0.05716208673658842998, 0.01432172999835149528, -0.5600000000000000533 ) ) ;
#1466 = EDGE_CURVE ( 'NONE', #3670, #5549, #2138, .T. ) ;
#1467 = LINE ( 'NONE', #3324, #4476 ) ;
#1468 = CARTESIAN_POINT ( 'NONE',  ( -0.3297760406689966284, 0.05835370419489584876, -0.5599999999999998312 ) ) ;
#1469 = UNCERTAINTY_MEASURE_WITH_UNIT (LENGTH_MEASURE( 1.000000000000000082E-05 ), #470, 'distance_accuracy_value', 'NONE');
#1470 = DIRECTION ( 'NONE',  ( 2.710505431213761085E-16, -1.000000000000000000, 0.0000000000000000000 ) ) ;
#1471 = LINE ( 'NONE', #5656, #3434 ) ;
#1472 = VERTEX_POINT ( 'NONE', #1461 ) ;
#1473 =( LENGTH_UNIT ( ) NAMED_UNIT ( * ) SI_UNIT ( .MILLI., .METRE. ) );
#1474 =( GEOMETRIC_REPRESENTATION_CONTEXT ( 3 ) GLOBAL_UNCERTAINTY_ASSIGNED_CONTEXT ( ( #3999 ) ) GLOBAL_UNIT_ASSIGNED_CONTEXT ( ( #908, #5166, #5718 ) ) REPRESENTATION_CONTEXT ( 'NONE', 'WORKASPACE' ) );
#1475 = DIRECTION ( 'NONE',  ( 0.0000000000000000000, -0.0000000000000000000, 1.000000000000000000 ) ) ;
#1476 = STYLED_ITEM ( 'NONE', ( #6005 ), #1052 ) ;
#1477 =( NAMED_UNIT ( * ) PLANE_ANGLE_UNIT ( ) SI_UNIT ( $, .RADIAN. ) );
#1478 = LINE ( 'NONE', #2078, #5621 ) ;
#1479 = PLANE ( 'NONE',  #5112 ) ;
#1480 = STYLED_ITEM ( 'NONE', ( #3649 ), #5826 ) ;
#1481 = CARTESIAN_POINT ( 'NONE',  ( 0.2878734510810257996, -0.1147773319301269163, -0.5599999999999999423 ) ) ;
#1482 = CARTESIAN_POINT ( 'NONE',  ( -0.1705767208829299386, 0.1460290470715222277, -0.5599999999999996092 ) ) ;
#1483 = ORIENTED_EDGE ( 'NONE', *, *, #4904, .T. ) ;
#1484 = FILL_AREA_STYLE ('',( #5346 ) ) ;
#1485 = CARTESIAN_POINT ( 'NONE',  ( -0.3658041971656182390, 0.07896677015178715786, -0.5600000000000000533 ) ) ;
#1486 = EDGE_LOOP ( 'NONE', ( #4373, #2277, #510, #1457 ) ) ;
#1487 = CARTESIAN_POINT ( 'NONE',  ( -0.3237416019530189870, 0.08162942077833591770, -0.5600000000000000533 ) ) ;
#1488 = FILL_AREA_STYLE_COLOUR ( '', #3314 ) ;
#1489 = EDGE_CURVE ( 'NONE', #3087, #2745, #3275, .T. ) ;
#1490 = CARTESIAN_POINT ( 'NONE',  ( 0.3328507490020746751, -0.08427541857796910785, -0.5590000000000002744 ) ) ;
#1491 = CARTESIAN_POINT ( 'NONE',  ( 0.3657813396381343618, -0.02302025764223791446, -0.5600000000000000533 ) ) ;
#1492 = FILL_AREA_STYLE ('',( #4862 ) ) ;
#1493 = PRESENTATION_LAYER_ASSIGNMENT (  '', '', ( #3350 ) ) ;
#1494 = FILL_AREA_STYLE_COLOUR ( '', #3631 ) ;
#1495 = FILL_AREA_STYLE_COLOUR ( '', #2187 ) ;
#1496 = EDGE_CURVE ( 'NONE', #4256, #153, #4468, .T. ) ;
#1497 = FACE_OUTER_BOUND ( 'NONE', #423, .T. ) ;
#1498 = CARTESIAN_POINT ( 'NONE',  ( 0.3615967496124821712, -0.03692139231998339127, -0.5600000000000000533 ) ) ;
#1499 = CARTESIAN_POINT ( 'NONE',  ( -0.3717962330780518188, 0.03272874219347342989, -0.5590000000000000524 ) ) ;
#1500 = DIRECTION ( 'NONE',  ( -0.3222024856061132536, 0.9466707760722532505, 0.0000000000000000000 ) ) ;
#1501 = UNCERTAINTY_MEASURE_WITH_UNIT (LENGTH_MEASURE( 1.000000000000000082E-05 ), #2296, 'distance_accuracy_value', 'NONE');
#1502 = VECTOR ( 'NONE', #5754, 1000.000000000000000 ) ;
#1503 = FILL_AREA_STYLE_COLOUR ( '', #2893 ) ;
#1504 = LINE ( 'NONE', #1272, #2484 ) ;
#1505 = DIRECTION ( 'NONE',  ( 0.0000000000000000000, -1.000000000000000000, 0.0000000000000000000 ) ) ;
#1506 = VECTOR ( 'NONE', #5197, 1000.000000000000000 ) ;
#1507 = STYLED_ITEM ( 'NONE', ( #3231 ), #1277 ) ;
#1508 = VECTOR ( 'NONE', #2825, 1000.000000000000000 ) ;
#1509 = VERTEX_POINT ( 'NONE', #3987 ) ;
#1510 = DIRECTION ( 'NONE',  ( -0.0000000000000000000, -1.000000000000000000, -0.0000000000000000000 ) ) ;
#1511 = CARTESIAN_POINT ( 'NONE',  ( 0.3003792604586883463, -0.1091142086202636641, -0.5599999999999998312 ) ) ;
#1512 = CARTESIAN_POINT ( 'NONE',  ( 0.3651327357979159971, 0.07309742251254086609, -0.5599999999999999423 ) ) ;
#1513 = LINE ( 'NONE', #1226, #5941 ) ;
#1514 = CARTESIAN_POINT ( 'NONE',  ( 1.636612987842788414, 0.3049999999999999933, -0.6100000000000003197 ) ) ;
#1515 = SURFACE_SIDE_STYLE ('',( #2861 ) ) ;
#1516 = ORIENTED_EDGE ( 'NONE', *, *, #4784, .T. ) ;
#1517 = LINE ( 'NONE', #188, #3919 ) ;
#1518 = CARTESIAN_POINT ( 'NONE',  ( 0.3562270431625996214, -0.05001495972617470143, -0.5600000000000000533 ) ) ;
#1519 = DIRECTION ( 'NONE',  ( -0.0000000000000000000, -0.0000000000000000000, -1.000000000000000000 ) ) ;
#1520 = SPHERICAL_SURFACE ( 'NONE', #4127, 0.02999999999999999889 ) ;
#1521 =( NAMED_UNIT ( * ) SI_UNIT ( $, .STERADIAN. ) SOLID_ANGLE_UNIT ( ) );
#1522 = STYLED_ITEM ( 'NONE', ( #739 ), #5908 ) ;
#1523 = ORIENTED_EDGE ( 'NONE', *, *, #4817, .F. ) ;
#1524 = DIRECTION ( 'NONE',  ( -1.000000000000000000, 0.0000000000000000000, 1.243497163265005416E-16 ) ) ;
#1525 = SURFACE_STYLE_USAGE ( .BOTH. , #3015 ) ;
#1526 = LINE ( 'NONE', #6009, #192 ) ;
#1527 = DIRECTION ( 'NONE',  ( 0.0000000000000000000, 1.000000000000000000, 0.0000000000000000000 ) ) ;
#1528 = COLOUR_RGB ( '',1.000000000000000000, 1.000000000000000000, 1.000000000000000000 ) ;
#1529 = PLANE ( 'NONE',  #3105 ) ;
#1530 = PLANE ( 'NONE',  #5075 ) ;
#1531 = FACE_OUTER_BOUND ( 'NONE', #3877, .T. ) ;
#1532 = STYLED_ITEM ( 'NONE', ( #4376 ), #3163 ) ;
#1533 = FACE_OUTER_BOUND ( 'NONE', #1536, .T. ) ;
#1534 = CARTESIAN_POINT ( 'NONE',  ( 0.2456536906161726208, -0.1243593743704132504, -0.5590000000000001634 ) ) ;
#1535 = CARTESIAN_POINT ( 'NONE',  ( 0.3169040998701276313, 0.1492327762523293910, -0.5600000000000002753 ) ) ;
#1536 = EDGE_LOOP ( 'NONE', ( #5730, #846, #5126, #5536, #4426, #3405 ) ) ;
#1537 = CARTESIAN_POINT ( 'NONE',  ( 0.04893547423902126770, 0.01432172999835149528, -0.5590000000000000524 ) ) ;
#1538 = CARTESIAN_POINT ( 'NONE',  ( -0.5256194266289978545, 0.1402342427996901286, -0.5600000000000000533 ) ) ;
#1539 = ORIENTED_EDGE ( 'NONE', *, *, #4413, .T. ) ;
#1540 = VECTOR ( 'NONE', #5401, 1000.000000000000000 ) ;
#1541 = CARTESIAN_POINT ( 'NONE',  ( 0.2343620919430138283, 0.1822410325076344317, -0.5590000000000000524 ) ) ;
#1542 = UNCERTAINTY_MEASURE_WITH_UNIT (LENGTH_MEASURE( 1.000000000000000082E-05 ), #208, 'distance_accuracy_value', 'NONE');
#1543 = CARTESIAN_POINT ( 'NONE',  ( 0.3303365797281164751, 0.03941210477191798428, -0.5590000000000000524 ) ) ;
#1544 = VECTOR ( 'NONE', #3955, 1000.000000000000000 ) ;
#1545 = SURFACE_STYLE_USAGE ( .BOTH. , #550 ) ;
#1546 = CARTESIAN_POINT ( 'NONE',  ( 1.295059937738895606, 0.7500599377388954547, 0.2266061262774851648 ) ) ;
#1547 =( NAMED_UNIT ( * ) SI_UNIT ( $, .STERADIAN. ) SOLID_ANGLE_UNIT ( ) );
#1548 = PRESENTATION_LAYER_ASSIGNMENT (  '', '', ( #1233 ) ) ;
#1549 = SURFACE_SIDE_STYLE ('',( #6029 ) ) ;
#1550 = EDGE_CURVE ( 'NONE', #5306, #1760, #2204, .T. ) ;
#1551 = UNCERTAINTY_MEASURE_WITH_UNIT (LENGTH_MEASURE( 1.000000000000000082E-05 ), #1911, 'distance_accuracy_value', 'NONE');
#1552 = ADVANCED_FACE ( 'NONE', ( #4397 ), #5902, .F. ) ;
#1553 = LINE ( 'NONE', #3659, #651 ) ;
#1554 = STYLED_ITEM ( 'NONE', ( #3865 ), #392 ) ;
#1555 = LINE ( 'NONE', #1443, #2455 ) ;
#1556 = ORIENTED_EDGE ( 'NONE', *, *, #5731, .F. ) ;
#1557 = CARTESIAN_POINT ( 'NONE',  ( -0.5211674221024420461, 0.1213339251203026936, -0.5590000000000000524 ) ) ;
#1558 = SURFACE_STYLE_USAGE ( .BOTH. , #85 ) ;
#1559 =( GEOMETRIC_REPRESENTATION_CONTEXT ( 3 ) GLOBAL_UNCERTAINTY_ASSIGNED_CONTEXT ( ( #5597 ) ) GLOBAL_UNIT_ASSIGNED_CONTEXT ( ( #2461, #3903, #4418 ) ) REPRESENTATION_CONTEXT ( 'NONE', 'WORKASPACE' ) );
#1560 = SURFACE_SIDE_STYLE ('',( #2884 ) ) ;
#1561 =( NAMED_UNIT ( * ) SI_UNIT ( $, .STERADIAN. ) SOLID_ANGLE_UNIT ( ) );
#1562 = CARTESIAN_POINT ( 'NONE',  ( -0.5071620867365884688, 0.1789558763398149122, -0.5590000000000000524 ) ) ;
#1563 = ORIENTED_EDGE ( 'NONE', *, *, #3511, .T. ) ;
#1564 = CARTESIAN_POINT ( 'NONE',  ( 0.3279674862869053076, 0.1389807243019586525, -0.5599999999999989431 ) ) ;
#1565 = ORIENTED_EDGE ( 'NONE', *, *, #3224, .T. ) ;
#1566 = CARTESIAN_POINT ( 'NONE',  ( 1.315114159057247489, 0.7999999999999999334, 0.0000000000000000000 ) ) ;
#1567 = STYLED_ITEM ( 'NONE', ( #3929 ), #5425 ) ;
#1568 = SURFACE_SIDE_STYLE ('',( #4370 ) ) ;
#1569 = CARTESIAN_POINT ( 'NONE',  ( -0.2471590637767539511, 0.1767624725676976705, -0.5590000000000003855 ) ) ;
#1570 = ORIENTED_EDGE ( 'NONE', *, *, #1929, .T. ) ;
#1571 = CARTESIAN_POINT ( 'NONE',  ( -1.576841305957283668, -0.3049999999999999933, -0.4552293445648595283 ) ) ;
#1572 = CARTESIAN_POINT ( 'NONE',  ( -1.268516413204959115, -0.7235164132049598518, -0.5600000000000000533 ) ) ;
#1573 = VERTEX_POINT ( 'NONE', #5922 ) ;
#1574 = EDGE_CURVE ( 'NONE', #4343, #3155, #4987, .T. ) ;
#1575 = CARTESIAN_POINT ( 'NONE',  ( 0.3468938489865918684, 0.1153577835596763940, -0.5600000000000000533 ) ) ;
#1576 = CARTESIAN_POINT ( 'NONE',  ( 0.1980268546824844045, 0.1819284767953565085, -0.5590000000000001634 ) ) ;
#1577 = AXIS2_PLACEMENT_3D ( 'NONE', #2924, #5840, #3462 ) ;
#1578 = DIRECTION ( 'NONE',  ( -7.228014483236703064E-15, 1.000000000000000000, 0.0000000000000000000 ) ) ;
#1579 = CIRCLE ( 'NONE', #4255, 0.02999999999999997113 ) ;
#1580 = ADVANCED_FACE ( 'NONE', ( #4314 ), #4982, .T. ) ;
#1581 = VECTOR ( 'NONE', #5757, 1000.000000000000000 ) ;
#1582 = EDGE_CURVE ( 'NONE', #1451, #1204, #1677, .T. ) ;
#1583 = CARTESIAN_POINT ( 'NONE',  ( 0.3306427913121919859, 0.02575465682761977210, -0.5590000000000000524 ) ) ;
#1584 = UNCERTAINTY_MEASURE_WITH_UNIT (LENGTH_MEASURE( 1.000000000000000082E-05 ), #5587, 'distance_accuracy_value', 'NONE');
#1585 = SURFACE_STYLE_USAGE ( .BOTH. , #1568 ) ;
#1586 = EDGE_CURVE ( 'NONE', #790, #1155, #343, .T. ) ;
#1587 = CARTESIAN_POINT ( 'NONE',  ( 0.1901411312881873261, 0.1471277711513402364, -0.5590000000000001634 ) ) ;
#1588 = EDGE_LOOP ( 'NONE', ( #3806, #2598, #3960, #3369 ) ) ;
#1589 = CARTESIAN_POINT ( 'NONE',  ( -0.3658041971656182390, 0.07896677015178715786, -0.5590000000000000524 ) ) ;
#1590 = CARTESIAN_POINT ( 'NONE',  ( -0.2514488498626519242, -0.08388444422514949872, -0.5589999999999999414 ) ) ;
#1591 = FILL_AREA_STYLE_COLOUR ( '', #630 ) ;
#1592 =( GEOMETRIC_REPRESENTATION_CONTEXT ( 3 ) GLOBAL_UNCERTAINTY_ASSIGNED_CONTEXT ( ( #4808 ) ) GLOBAL_UNIT_ASSIGNED_CONTEXT ( ( #5525, #4937, #2643 ) ) REPRESENTATION_CONTEXT ( 'NONE', 'WORKASPACE' ) );
#1593 = LINE ( 'NONE', #2203, #1785 ) ;
#1594 = CARTESIAN_POINT ( 'NONE',  ( 0.1748134205703820165, -0.1173727826686825487, -0.5589999999999999414 ) ) ;
#1595 = PRESENTATION_LAYER_ASSIGNMENT (  '', '', ( #4888 ) ) ;
#1596 = DIRECTION ( 'NONE',  ( -0.0000000000000000000, 1.000000000000000000, -0.0000000000000000000 ) ) ;
#1597 = ORIENTED_EDGE ( 'NONE', *, *, #1416, .T. ) ;
#1598 = CIRCLE ( 'NONE', #5855, 0.02999999999999997113 ) ;
#1599 = ADVANCED_FACE ( 'NONE', ( #5529 ), #2102, .T. ) ;
#1600 = CARTESIAN_POINT ( 'NONE',  ( -1.427468603509014278, 0.3049999999999999933, 4.912791094074941967E-17 ) ) ;
#1601 = ORIENTED_EDGE ( 'NONE', *, *, #2182, .T. ) ;
#1602 = SURFACE_STYLE_FILL_AREA ( #5504 ) ;
#1603 = CARTESIAN_POINT ( 'NONE',  ( 0.0000000000000000000, 0.0000000000000000000, -0.5600000000000000533 ) ) ;
#1604 = ORIENTED_EDGE ( 'NONE', *, *, #4143, .T. ) ;
#1605 = EDGE_CURVE ( 'NONE', #2926, #5466, #1009, .T. ) ;
#1606 = CARTESIAN_POINT ( 'NONE',  ( -0.2921788132000143201, -0.06410318425805007492, -0.5590000000000000524 ) ) ;
#1607 = FILL_AREA_STYLE_COLOUR ( '', #2200 ) ;
#1608 = DIRECTION ( 'NONE',  ( 0.0000000000000000000, 0.0000000000000000000, 1.000000000000000000 ) ) ;
#1609 = ORIENTED_EDGE ( 'NONE', *, *, #2252, .T. ) ;
#1610 = PRESENTATION_STYLE_ASSIGNMENT (( #5275 ) ) ;
#1611 =( LENGTH_UNIT ( ) NAMED_UNIT ( * ) SI_UNIT ( .MILLI., .METRE. ) );
#1612 = ORIENTED_EDGE ( 'NONE', *, *, #4817, .T. ) ;
#1613 =( GEOMETRIC_REPRESENTATION_CONTEXT ( 3 ) GLOBAL_UNCERTAINTY_ASSIGNED_CONTEXT ( ( #3926 ) ) GLOBAL_UNIT_ASSIGNED_CONTEXT ( ( #2249, #4625, #301 ) ) REPRESENTATION_CONTEXT ( 'NONE', 'WORKASPACE' ) );
#1614 = CARTESIAN_POINT ( 'NONE',  ( 0.1562018413481278400, -0.1101792030519371524, -0.5600000000000001643 ) ) ;
#1615 = DIRECTION ( 'NONE',  ( 0.0000000000000000000, -0.0000000000000000000, 1.000000000000000000 ) ) ;
#1616 = CARTESIAN_POINT ( 'NONE',  ( -0.2821195429627213480, 0.1300895291227066597, -0.5590000000000001634 ) ) ;
#1617 = VECTOR ( 'NONE', #4155, 1000.000000000000000 ) ;
#1618 = EDGE_LOOP ( 'NONE', ( #945, #971, #1893, #4857, #1377 ) ) ;
#1619 = DIRECTION ( 'NONE',  ( -0.9961946980917454342, 0.0000000000000000000, 0.08715574274765894303 ) ) ;
#1620 =( NAMED_UNIT ( * ) PLANE_ANGLE_UNIT ( ) SI_UNIT ( $, .RADIAN. ) );
#1621 = DIRECTION ( 'NONE',  ( -0.0000000000000000000, 1.000000000000000000, -0.0000000000000000000 ) ) ;
#1622 = CARTESIAN_POINT ( 'NONE',  ( -0.2393537903200950723, -0.08631522258008834936, -0.5590000000000001634 ) ) ;
#1623 = VERTEX_POINT ( 'NONE', #1258 ) ;
#1624 = EDGE_CURVE ( 'NONE', #6057, #5163, #5807, .T. ) ;
#1625 = AXIS2_PLACEMENT_3D ( 'NONE', #1603, #4954, #2083 ) ;
#1626 = DIRECTION ( 'NONE',  ( 0.0000000000000000000, -0.9961946980917455452, 0.08715574274765836016 ) ) ;
#1627 = CARTESIAN_POINT ( 'NONE',  ( -1.268516413204959115, -0.7235164132049598518, -0.5300000000000001377 ) ) ;
#1628 = ORIENTED_EDGE ( 'NONE', *, *, #6186, .F. ) ;
#1629 = CARTESIAN_POINT ( 'NONE',  ( -0.3157372625612860362, 0.1487007205453771408, -0.5590000000000001634 ) ) ;
#1630 =( GEOMETRIC_REPRESENTATION_CONTEXT ( 3 ) GLOBAL_UNCERTAINTY_ASSIGNED_CONTEXT ( ( #3776 ) ) GLOBAL_UNIT_ASSIGNED_CONTEXT ( ( #5767, #3809, #5783 ) ) REPRESENTATION_CONTEXT ( 'NONE', 'WORKASPACE' ) );
#1631 = ADVANCED_FACE ( 'NONE', ( #1531 ), #5023, .T. ) ;
#1632 = ORIENTED_EDGE ( 'NONE', *, *, #5903, .T. ) ;
#1633 = CARTESIAN_POINT ( 'NONE',  ( -1.437430550489931846, 0.3049999999999999933, -0.009128442572523397247 ) ) ;
#1634 = ORIENTED_EDGE ( 'NONE', *, *, #4272, .T. ) ;
#1635 = DIRECTION ( 'NONE',  ( 1.000000000000000000, 0.0000000000000000000, -0.0000000000000000000 ) ) ;
#1636 = ORIENTED_EDGE ( 'NONE', *, *, #5442, .T. ) ;
#1637 = CARTESIAN_POINT ( 'NONE',  ( -0.2995078487507968346, 0.1175397680402132661, -0.5590000000000001634 ) ) ;
#1638 = ORIENTED_EDGE ( 'NONE', *, *, #2011, .F. ) ;
#1639 = SURFACE_SIDE_STYLE ('',( #3876 ) ) ;
#1640 = AXIS2_PLACEMENT_3D ( 'NONE', #3206, #5682, #1777 ) ;
#1641 =( NAMED_UNIT ( * ) SI_UNIT ( $, .STERADIAN. ) SOLID_ANGLE_UNIT ( ) );
#1642 = DIRECTION ( 'NONE',  ( 0.0000000000000000000, -0.0000000000000000000, -1.000000000000000000 ) ) ;
#1643 = ORIENTED_EDGE ( 'NONE', *, *, #4153, .F. ) ;
#1644 =( NAMED_UNIT ( * ) SI_UNIT ( $, .STERADIAN. ) SOLID_ANGLE_UNIT ( ) );
#1645 = CARTESIAN_POINT ( 'NONE',  ( -0.3312476239674832512, 0.01828986021545579710, -0.5589999999999999414 ) ) ;
#1646 = VECTOR ( 'NONE', #4294, 1000.000000000000000 ) ;
#1647 = CARTESIAN_POINT ( 'NONE',  ( -0.3716764827099196533, 0.03816683216476869644, -0.5590000000000001634 ) ) ;
#1648 = VECTOR ( 'NONE', #2301, 1000.000000000000000 ) ;
#1649 = EDGE_CURVE ( 'NONE', #5743, #5602, #6171, .T. ) ;
#1650 = CARTESIAN_POINT ( 'NONE',  ( 0.3657813396381343618, -0.02302025764223791446, -0.5590000000000000524 ) ) ;
#1651 = CARTESIAN_POINT ( 'NONE',  ( -0.3717962330780518188, 0.03272874219347342989, -0.5590000000000000524 ) ) ;
#1652 =( GEOMETRIC_REPRESENTATION_CONTEXT ( 3 ) GLOBAL_UNCERTAINTY_ASSIGNED_CONTEXT ( ( #3168 ) ) GLOBAL_UNIT_ASSIGNED_CONTEXT ( ( #6122, #4678, #1730 ) ) REPRESENTATION_CONTEXT ( 'NONE', 'WORKASPACE' ) );
#1653 = CARTESIAN_POINT ( 'NONE',  ( -0.3314539964643041237, 0.03646753822253821081, -0.5599999999999999423 ) ) ;
#1654 = LINE ( 'NONE', #434, #3909 ) ;
#1655 = ORIENTED_EDGE ( 'NONE', *, *, #3008, .F. ) ;
#1656 = ADVANCED_FACE ( 'NONE', ( #2120 ), #2226, .T. ) ;
#1658 = CARTESIAN_POINT ( 'NONE',  ( 0.1901411312881873261, 0.1471277711513402364, -0.5590000000000001634 ) ) ;
#1657 = VECTOR ( 'NONE', #5943, 1000.000000000000000 ) ;
#1659 = PRESENTATION_STYLE_ASSIGNMENT (( #2686 ) ) ;
#1660 = SURFACE_SIDE_STYLE ('',( #140 ) ) ;
#1661 =( GEOMETRIC_REPRESENTATION_CONTEXT ( 3 ) GLOBAL_UNCERTAINTY_ASSIGNED_CONTEXT ( ( #1584 ) ) GLOBAL_UNIT_ASSIGNED_CONTEXT ( ( #5587, #5991, #1300 ) ) REPRESENTATION_CONTEXT ( 'NONE', 'WORKASPACE' ) );
#1662 = EDGE_CURVE ( 'NONE', #1316, #4497, #4975, .T. ) ;
#1663 =( NAMED_UNIT ( * ) PLANE_ANGLE_UNIT ( ) SI_UNIT ( $, .RADIAN. ) );
#1664 =( NAMED_UNIT ( * ) PLANE_ANGLE_UNIT ( ) SI_UNIT ( $, .RADIAN. ) );
#1665 = ORIENTED_EDGE ( 'NONE', *, *, #4505, .F. ) ;
#1666 = FILL_AREA_STYLE_COLOUR ( '', #5666 ) ;
#1667 = CARTESIAN_POINT ( 'NONE',  ( -0.3714375762381471602, 0.01595550255402538448, -0.5599999999999999423 ) ) ;
#1668 = CARTESIAN_POINT ( 'NONE',  ( -0.2621333595395821670, 0.1390752990386697474, -0.5589999999999998304 ) ) ;
#1669 = STYLED_ITEM ( 'NONE', ( #3416 ), #1599 ) ;
#1670 = ORIENTED_EDGE ( 'NONE', *, *, #3053, .T. ) ;
#1671 = LINE ( 'NONE', #2670, #5954 ) ;
#1672 = PRESENTATION_STYLE_ASSIGNMENT (( #3017 ) ) ;
#1673 = FACE_OUTER_BOUND ( 'NONE', #3502, .T. ) ;
#1674 = CARTESIAN_POINT ( 'NONE',  ( -0.4764075135658568105, -0.003970952928477775382, -0.5590000000000000524 ) ) ;
#1675 = CARTESIAN_POINT ( 'NONE',  ( -0.3692668426485391509, -0.0002541559695930721129, -0.5590000000000002744 ) ) ;
#1676 = CARTESIAN_POINT ( 'NONE',  ( -0.2396278854759994470, 0.1444333453897458097, -0.5589999999999999414 ) ) ;
#1677 = CIRCLE ( 'NONE', #5501, 0.02999999999999997113 ) ;
#1678 = ORIENTED_EDGE ( 'NONE', *, *, #5, .T. ) ;
#1679 = DIRECTION ( 'NONE',  ( -0.9353882635801357148, -0.3536223923290754967, 0.0000000000000000000 ) ) ;
#1680 = VERTEX_POINT ( 'NONE', #3184 ) ;
#1681 =( NAMED_UNIT ( * ) PLANE_ANGLE_UNIT ( ) SI_UNIT ( $, .RADIAN. ) );
#1682 =( GEOMETRIC_REPRESENTATION_CONTEXT ( 3 ) GLOBAL_UNCERTAINTY_ASSIGNED_CONTEXT ( ( #4844 ) ) GLOBAL_UNIT_ASSIGNED_CONTEXT ( ( #3406, #5381, #2478 ) ) REPRESENTATION_CONTEXT ( 'NONE', 'WORKASPACE' ) );
#1683 = ORIENTED_EDGE ( 'NONE', *, *, #1774, .F. ) ;
#1684 = CARTESIAN_POINT ( 'NONE',  ( -0.4376498916146371876, -0.1210441236601850767, -0.5590000000000000524 ) ) ;
#1685 =( LENGTH_UNIT ( ) NAMED_UNIT ( * ) SI_UNIT ( .MILLI., .METRE. ) );
#1686 = CARTESIAN_POINT ( 'NONE',  ( 0.2302616937512164119, -0.1247026602455509336, -0.5590000000000000524 ) ) ;
#1687 =( NAMED_UNIT ( * ) PLANE_ANGLE_UNIT ( ) SI_UNIT ( $, .RADIAN. ) );
#1688 = COLOUR_RGB ( '',0.2509803921568627416, 0.2509803921568627416, 0.2509803921568627416 ) ;
#1689 = LINE ( 'NONE', #1032, #4094 ) ;
#1690 = ADVANCED_FACE ( 'NONE', ( #5125 ), #3410, .F. ) ;
#1691 = UNCERTAINTY_MEASURE_WITH_UNIT (LENGTH_MEASURE( 1.000000000000000082E-05 ), #1977, 'distance_accuracy_value', 'NONE');
#1692 = PRESENTATION_LAYER_ASSIGNMENT (  '', '', ( #820 ) ) ;
#1693 = CARTESIAN_POINT ( 'NONE',  ( 1.840000000000000080, -0.3049999999999999933, -0.5100000000000000089 ) ) ;
#1694 = EDGE_CURVE ( 'NONE', #487, #2705, #4751, .T. ) ;
#1695 =( NAMED_UNIT ( * ) PLANE_ANGLE_UNIT ( ) SI_UNIT ( $, .RADIAN. ) );
#1696 = ORIENTED_EDGE ( 'NONE', *, *, #1877, .T. ) ;
#1697 = CARTESIAN_POINT ( 'NONE',  ( 0.2085370372106034598, 0.1495449444419015839, -0.5600000000000000533 ) ) ;
#1698 = VERTEX_POINT ( 'NONE', #4265 ) ;
#1699 = ADVANCED_FACE ( 'NONE', ( #3259 ), #1406, .T. ) ;
#1700 = CARTESIAN_POINT ( 'NONE',  ( 0.2471833213149078889, -0.08996723509223093773, -0.5590000000000000524 ) ) ;
#1701 = DIRECTION ( 'NONE',  ( -0.0000000000000000000, -1.000000000000000000, -0.0000000000000000000 ) ) ;
#1702 = VERTEX_POINT ( 'NONE', #6184 ) ;
#1703 = STYLED_ITEM ( 'NONE', ( #4157 ), #1552 ) ;
#1704 = CARTESIAN_POINT ( 'NONE',  ( 0.5099110839951188634, 0.1789558763398149122, -0.5590000000000000524 ) ) ;
#1705 = CARTESIAN_POINT ( 'NONE',  ( -0.2821195429627213480, 0.1300895291227066597, -0.5590000000000001634 ) ) ;
#1706 = CARTESIAN_POINT ( 'NONE',  ( -0.5303424439092295772, 0.1252631289323063446, -0.5590000000000001634 ) ) ;
#1707 = VERTEX_POINT ( 'NONE', #459 ) ;
#1708 = VERTEX_POINT ( 'NONE', #6127 ) ;
#1709 =( NAMED_UNIT ( * ) SI_UNIT ( $, .STERADIAN. ) SOLID_ANGLE_UNIT ( ) );
#1710 =( LENGTH_UNIT ( ) NAMED_UNIT ( * ) SI_UNIT ( .MILLI., .METRE. ) );
#1711 = DIRECTION ( 'NONE',  ( 0.0000000000000000000, 0.0000000000000000000, -1.000000000000000000 ) ) ;
#1712 = CIRCLE ( 'NONE', #5788, 0.02999999999999997113 ) ;
#1713 = CARTESIAN_POINT ( 'NONE',  ( 0.1503800777322270299, 0.1320283184811610333, -0.5599999999999999423 ) ) ;
#1714 = PRODUCT_DEFINITION ( 'Î´Öª', '', #254, #4900 ) ;
#1715 = EDGE_CURVE ( 'NONE', #1880, #1680, #1739, .T. ) ;
#1716 = DIRECTION ( 'NONE',  ( -0.0000000000000000000, -0.0000000000000000000, -1.000000000000000000 ) ) ;
#1717 = CARTESIAN_POINT ( 'NONE',  ( 0.3267328234132136910, -0.01152348574948075521, -0.5600000000000001643 ) ) ;
#1718 = FILL_AREA_STYLE ('',( #300 ) ) ;
#1719 = CARTESIAN_POINT ( 'NONE',  ( -0.5311970139800589186, 0.1225308754562358105, -0.5590000000000001634 ) ) ;
#1720 = ORIENTED_EDGE ( 'NONE', *, *, #1018, .T. ) ;
#1721 = VECTOR ( 'NONE', #3652, 1000.000000000000000 ) ;
#1722 = UNCERTAINTY_MEASURE_WITH_UNIT (LENGTH_MEASURE( 1.000000000000000082E-05 ), #3543, 'distance_accuracy_value', 'NONE');
#1723 = ADVANCED_FACE ( 'NONE', ( #1815 ), #1322, .T. ) ;
#1724 =( LENGTH_UNIT ( ) NAMED_UNIT ( * ) SI_UNIT ( .MILLI., .METRE. ) );
#1725 = LINE ( 'NONE', #4871, #1874 ) ;
#1726 = DIRECTION ( 'NONE',  ( 0.0000000000000000000, 0.0000000000000000000, 1.000000000000000000 ) ) ;
#1727 = SURFACE_STYLE_FILL_AREA ( #4399 ) ;
#1728 = DIRECTION ( 'NONE',  ( -0.0000000000000000000, -0.0000000000000000000, -1.000000000000000000 ) ) ;
#1729 = COLOUR_RGB ( '',0.2509803921568627416, 0.2509803921568627416, 0.2509803921568627416 ) ;
#1730 =( NAMED_UNIT ( * ) SI_UNIT ( $, .STERADIAN. ) SOLID_ANGLE_UNIT ( ) );
#1731 = ORIENTED_EDGE ( 'NONE', *, *, #5153, .T. ) ;
#1732 = CARTESIAN_POINT ( 'NONE',  ( -1.344999999999999529, 0.3049999999999999378, 0.0000000000000000000 ) ) ;
#1733 = AXIS2_PLACEMENT_3D ( 'NONE', #3813, #2916, #1404 ) ;
#1734 = VECTOR ( 'NONE', #5927, 1000.000000000000000 ) ;
#1735 = COLOUR_RGB ( '',1.000000000000000000, 1.000000000000000000, 1.000000000000000000 ) ;
#1736 = CARTESIAN_POINT ( 'NONE',  ( 0.1640263083781701159, 0.1389634795238347265, -0.5590000000000001634 ) ) ;
#1737 = CARTESIAN_POINT ( 'NONE',  ( 0.2361365994892247744, -0.09148150588456091525, -0.5600000000000000533 ) ) ;
#1738 = SURFACE_STYLE_USAGE ( .BOTH. , #2156 ) ;
#1739 = LINE ( 'NONE', #5143, #4458 ) ;
#1740 = VERTEX_POINT ( 'NONE', #2304 ) ;
#1742 = DIRECTION ( 'NONE',  ( 0.0000000000000000000, 1.000000000000000000, 0.0000000000000000000 ) ) ;
#1741 = COLOUR_RGB ( '',1.000000000000000000, 1.000000000000000000, 1.000000000000000000 ) ;
#1743 = SURFACE_SIDE_STYLE ('',( #4788 ) ) ;
#1744 = ORIENTED_EDGE ( 'NONE', *, *, #4826, .F. ) ;
#1745 = AXIS2_PLACEMENT_3D ( 'NONE', #1398, #6152, #3339 ) ;
#1746 = ORIENTED_EDGE ( 'NONE', *, *, #4037, .F. ) ;
#1747 =( NAMED_UNIT ( * ) PLANE_ANGLE_UNIT ( ) SI_UNIT ( $, .RADIAN. ) );
#1748 = COLOUR_RGB ( '',1.000000000000000000, 1.000000000000000000, 1.000000000000000000 ) ;
#1749 = SURFACE_SIDE_STYLE ('',( #843 ) ) ;
#1750 = PRESENTATION_LAYER_ASSIGNMENT (  '', '', ( #3108 ) ) ;
#1751 = ORIENTED_EDGE ( 'NONE', *, *, #2640, .T. ) ;
#1752 = VECTOR ( 'NONE', #1961, 1000.000000000000000 ) ;
#1753 = CIRCLE ( 'NONE', #4122, 0.02999999999999997113 ) ;
#1754 = CARTESIAN_POINT ( 'NONE',  ( 0.1955035502080827714, -0.1221641622618196699, -0.5600000000000001643 ) ) ;
#1755 = FILL_AREA_STYLE ('',( #3226 ) ) ;
#1756 = AXIS2_PLACEMENT_3D ( 'NONE', #2360, #4736, #2338 ) ;
#1757 = ADVANCED_FACE ( 'NONE', ( #3482 ), #3352, .T. ) ;
#1758 =( LENGTH_UNIT ( ) NAMED_UNIT ( * ) SI_UNIT ( .MILLI., .METRE. ) );
#1759 = LINE ( 'NONE', #2167, #1189 ) ;
#1760 = VERTEX_POINT ( 'NONE', #3781 ) ;
#1761 = DIRECTION ( 'NONE',  ( -0.0000000000000000000, -1.000000000000000000, -0.0000000000000000000 ) ) ;
#1762 = CARTESIAN_POINT ( 'NONE',  ( -0.1705767208829299386, 0.1460290470715222277, -0.5600000000000000533 ) ) ;
#1763 = UNCERTAINTY_MEASURE_WITH_UNIT (LENGTH_MEASURE( 1.000000000000000082E-05 ), #3932, 'distance_accuracy_value', 'NONE');
#1764 = PLANE ( 'NONE',  #5925 ) ;
#1765 = EDGE_CURVE ( 'NONE', #3639, #3667, #776, .T. ) ;
#1766 = VECTOR ( 'NONE', #4457, 1000.000000000000000 ) ;
#1767 = ORIENTED_EDGE ( 'NONE', *, *, #3391, .F. ) ;
#1768 = PRESENTATION_LAYER_ASSIGNMENT (  '', '', ( #4353 ) ) ;
#1769 = ORIENTED_EDGE ( 'NONE', *, *, #2632, .T. ) ;
#1770 = CARTESIAN_POINT ( 'NONE',  ( -0.5256194266289978545, 0.1402342427996901286, -0.5590000000000000524 ) ) ;
#1771 =( NAMED_UNIT ( * ) SI_UNIT ( $, .STERADIAN. ) SOLID_ANGLE_UNIT ( ) );
#1772 = ORIENTED_EDGE ( 'NONE', *, *, #1774, .T. ) ;
#1773 =( GEOMETRIC_REPRESENTATION_CONTEXT ( 3 ) GLOBAL_UNCERTAINTY_ASSIGNED_CONTEXT ( ( #3103 ) ) GLOBAL_UNIT_ASSIGNED_CONTEXT ( ( #938, #524, #5780 ) ) REPRESENTATION_CONTEXT ( 'NONE', 'WORKASPACE' ) );
#1774 = EDGE_CURVE ( 'NONE', #3333, #4557, #5198, .T. ) ;
#1775 = EDGE_LOOP ( 'NONE', ( #750, #4759, #1031, #2037 ) ) ;
#1776 = ORIENTED_EDGE ( 'NONE', *, *, #5364, .F. ) ;
#1777 = DIRECTION ( 'NONE',  ( 0.0000000000000000000, 0.08715574274765836016, 0.9961946980917455452 ) ) ;
#1778 = FILL_AREA_STYLE ('',( #6030 ) ) ;
#1779 = VERTEX_POINT ( 'NONE', #5762 ) ;
#1780 = CARTESIAN_POINT ( 'NONE',  ( 0.3303966726731862313, 0.01280183418076701052, -0.5600000000000002753 ) ) ;
#1781 =( GEOMETRIC_REPRESENTATION_CONTEXT ( 3 ) GLOBAL_UNCERTAINTY_ASSIGNED_CONTEXT ( ( #3698 ) ) GLOBAL_UNIT_ASSIGNED_CONTEXT ( ( #6106, #3246, #849 ) ) REPRESENTATION_CONTEXT ( 'NONE', 'WORKASPACE' ) );
#1782 = CARTESIAN_POINT ( 'NONE',  ( 0.1876723751206215429, -0.1205408603116595728, -0.5590000000000001634 ) ) ;
#1783 =( NAMED_UNIT ( * ) SI_UNIT ( $, .STERADIAN. ) SOLID_ANGLE_UNIT ( ) );
#1784 = SURFACE_SIDE_STYLE ('',( #4868 ) ) ;
#1785 = VECTOR ( 'NONE', #4621, 1000.000000000000000 ) ;
#1786 = MECHANICAL_DESIGN_GEOMETRIC_PRESENTATION_REPRESENTATION (  '', ( #1476 ), #288 ) ;
#1787 = AXIS2_PLACEMENT_3D ( 'NONE', #2473, #5825, #489 ) ;
#1788 = LINE ( 'NONE', #5240, #1129 ) ;
#1789 = ADVANCED_FACE ( 'NONE', ( #3332 ), #4617, .F. ) ;
#1790 = CARTESIAN_POINT ( 'NONE',  ( -0.07179623307805192700, -0.08811729439189239232, -0.5600000000000000533 ) ) ;
#1791 = VECTOR ( 'NONE', #5852, 1000.000000000000000 ) ;
#1792 = FILL_AREA_STYLE ('',( #1336 ) ) ;
#1793 = B_SPLINE_CURVE_WITH_KNOTS ( 'NONE', 3,
 ( #1148, #5581, #5563, #3160, #4099, #1230, #2706, #3603, #2180, #293, #6044, #735, #5026, #2691, #312, #3180, #3654, #3146, #6002 ),
 .UNSPECIFIED., .F., .F.,
 ( 4, 1, 1, 1, 1, 1, 1, 1, 1, 1, 1, 1, 1, 1, 1, 1, 4 ),
 ( 0.0000000000000000000, 0.07082657255516286443, 0.1381690332798000409, 0.2024753315338425896, 0.2639737544135197234, 0.3233803205980374518, 0.3817976227131854028, 0.4393900745193892177, 0.4969027245459974318, 0.5546621696093699816, 0.6127418784921974115, 0.6715388363911721781, 0.7316557220901981351, 0.7942978116139530753, 0.8594822049793584551, 0.9276813254527899177, 1.000000000000000000 ),
 .UNSPECIFIED. ) ;
#1794 = CIRCLE ( 'NONE', #2427, 0.02999999999999997113 ) ;
#1795 = LINE ( 'NONE', #325, #543 ) ;
#1796 = MECHANICAL_DESIGN_GEOMETRIC_PRESENTATION_REPRESENTATION (  '', ( #2239 ), #2198 ) ;
#1797 = CIRCLE ( 'NONE', #1756, 0.03000000000000003011 ) ;
#1798 = EDGE_CURVE ( 'NONE', #6004, #5278, #1899, .T. ) ;
#1799 = UNCERTAINTY_MEASURE_WITH_UNIT (LENGTH_MEASURE( 1.000000000000000082E-05 ), #2408, 'distance_accuracy_value', 'NONE');
#1800 = DIRECTION ( 'NONE',  ( 0.0000000000000000000, 0.0000000000000000000, -1.000000000000000000 ) ) ;
#1801 = COLOUR_RGB ( '',1.000000000000000000, 1.000000000000000000, 1.000000000000000000 ) ;
#1802 = EDGE_LOOP ( 'NONE', ( #69, #2256, #517, #2592 ) ) ;
#1803 = LINE ( 'NONE', #200, #4210 ) ;
#1804 =( NAMED_UNIT ( * ) SI_UNIT ( $, .STERADIAN. ) SOLID_ANGLE_UNIT ( ) );
#1805 =( NAMED_UNIT ( * ) SI_UNIT ( $, .STERADIAN. ) SOLID_ANGLE_UNIT ( ) );
#1806 = STYLED_ITEM ( 'NONE', ( #418 ), #4159 ) ;
#1807 = FILL_AREA_STYLE ('',( #3729 ) ) ;
#1808 = LINE ( 'NONE', #4516, #3624 ) ;
#1809 =( LENGTH_UNIT ( ) NAMED_UNIT ( * ) SI_UNIT ( .MILLI., .METRE. ) );
#1810 = EDGE_CURVE ( 'NONE', #2043, #499, #947, .T. ) ;
#1811 = ORIENTED_EDGE ( 'NONE', *, *, #545, .T. ) ;
#1812 = LINE ( 'NONE', #939, #3256 ) ;
#1813 = FILL_AREA_STYLE_COLOUR ( '', #2406 ) ;
#1814 =( LENGTH_UNIT ( ) NAMED_UNIT ( * ) SI_UNIT ( .MILLI., .METRE. ) );
#1815 = FACE_OUTER_BOUND ( 'NONE', #3739, .T. ) ;
#1816 = ORIENTED_EDGE ( 'NONE', *, *, #228, .F. ) ;
#1817 = EDGE_LOOP ( 'NONE', ( #344, #3130, #5012, #659 ) ) ;
#1818 = EDGE_CURVE ( 'NONE', #1680, #4906, #1252, .T. ) ;
#1819 = SURFACE_STYLE_USAGE ( .BOTH. , #4219 ) ;
#1820 = STYLED_ITEM ( 'NONE', ( #4239 ), #1342 ) ;
#1821 = COLOUR_RGB ( '',1.000000000000000000, 1.000000000000000000, 1.000000000000000000 ) ;
#1822 = EDGE_LOOP ( 'NONE', ( #4518, #3455, #3760, #5440 ) ) ;
#1823 = ADVANCED_FACE ( 'NONE', ( #6183 ), #2440, .T. ) ;
#1824 =( NAMED_UNIT ( * ) SI_UNIT ( $, .STERADIAN. ) SOLID_ANGLE_UNIT ( ) );
#1825 = ORIENTED_EDGE ( 'NONE', *, *, #1715, .F. ) ;
#1826 = FILL_AREA_STYLE_COLOUR ( '', #5225 ) ;
#1827 = DIRECTION ( 'NONE',  ( -0.0000000000000000000, -0.0000000000000000000, -1.000000000000000000 ) ) ;
#1828 = FILL_AREA_STYLE_COLOUR ( '', #1227 ) ;
#1829 =( NAMED_UNIT ( * ) SI_UNIT ( $, .STERADIAN. ) SOLID_ANGLE_UNIT ( ) );
#1830 = LINE ( 'NONE', #1931, #1179 ) ;
#1831 =( NAMED_UNIT ( * ) PLANE_ANGLE_UNIT ( ) SI_UNIT ( $, .RADIAN. ) );
#1832 = ORIENTED_EDGE ( 'NONE', *, *, #2911, .T. ) ;
#1833 = CARTESIAN_POINT ( 'NONE',  ( 0.1626746612092974387, 0.1760152762839473917, -0.5590000000000000524 ) ) ;
#1834 = CARTESIAN_POINT ( 'NONE',  ( 0.2210940980692943370, -0.09172826881303212943, -0.5590000000000000524 ) ) ;
#1835 = PRESENTATION_STYLE_ASSIGNMENT (( #1545 ) ) ;
#1836 = LINE ( 'NONE', #5774, #6043 ) ;
#1837 = CARTESIAN_POINT ( 'NONE',  ( -0.5071620867365884688, 0.1789558763398149122, -0.5590000000000000524 ) ) ;
#1838 = MECHANICAL_DESIGN_GEOMETRIC_PRESENTATION_REPRESENTATION (  '', ( #5298 ), #3033 ) ;
#1839 = CARTESIAN_POINT ( 'NONE',  ( 0.0000000000000000000, -0.7235164132049598518, 0.5300000000000001377 ) ) ;
#1840 = VECTOR ( 'NONE', #189, 1000.000000000000000 ) ;
#1841 = CARTESIAN_POINT ( 'NONE',  ( 0.5099110839951188634, -0.08811729439189239232, -0.5590000000000000524 ) ) ;
#1842 = ORIENTED_EDGE ( 'NONE', *, *, #5142, .F. ) ;
#1843 = CARTESIAN_POINT ( 'NONE',  ( 0.3708866937512163564, 0.02329657755932710780, -0.5590000000000000524 ) ) ;
#1844 = FILL_AREA_STYLE_COLOUR ( '', #3177 ) ;
#1845 = DIRECTION ( 'NONE',  ( -0.0000000000000000000, -1.000000000000000000, -0.0000000000000000000 ) ) ;
#1846 = DIRECTION ( 'NONE',  ( -0.0000000000000000000, 1.000000000000000000, 0.0000000000000000000 ) ) ;
#1847 = ORIENTED_EDGE ( 'NONE', *, *, #4590, .F. ) ;
#1848 = SURFACE_SIDE_STYLE ('',( #173 ) ) ;
#1849 = EDGE_LOOP ( 'NONE', ( #1523, #4711, #1930, #5274 ) ) ;
#1850 = FILL_AREA_STYLE_COLOUR ( '', #2053 ) ;
#1851 = ORIENTED_EDGE ( 'NONE', *, *, #985, .F. ) ;
#1852 = FILL_AREA_STYLE ('',( #5157 ) ) ;
#1853 = DIRECTION ( 'NONE',  ( -1.000000000000000000, 0.0000000000000000000, 0.0000000000000000000 ) ) ;
#1854 = ORIENTED_EDGE ( 'NONE', *, *, #3192, .F. ) ;
#1855 = MECHANICAL_DESIGN_GEOMETRIC_PRESENTATION_REPRESENTATION (  '', ( #1233 ), #1773 ) ;
#1856 = EDGE_CURVE ( 'NONE', #3261, #4610, #285, .T. ) ;
#1857 = CYLINDRICAL_SURFACE ( 'NONE', #458, 0.1100000000000000006 ) ;
#1858 = STYLED_ITEM ( 'NONE', ( #4747 ), #333 ) ;
#1859 = CARTESIAN_POINT ( 'NONE',  ( 1.268516413204960003, 0.7235164132049596297, 0.5300000000000001377 ) ) ;
#1860 = DIRECTION ( 'NONE',  ( 0.0000000000000000000, 1.000000000000000000, 0.0000000000000000000 ) ) ;
#1861 = LINE ( 'NONE', #4185, #3612 ) ;
#1862 = FILL_AREA_STYLE ('',( #3308 ) ) ;
#1863 = PRESENTATION_LAYER_ASSIGNMENT (  '', '', ( #4846 ) ) ;
#1864 = CARTESIAN_POINT ( 'NONE',  ( 0.2825463151973858222, 0.1309414736771606635, -0.5600000000000000533 ) ) ;
#1865 = CARTESIAN_POINT ( 'NONE',  ( 0.2210940980692943370, -0.09172826881303212943, -0.5590000000000000524 ) ) ;
#1866 =( NAMED_UNIT ( * ) SI_UNIT ( $, .STERADIAN. ) SOLID_ANGLE_UNIT ( ) );
#1867 = ORIENTED_EDGE ( 'NONE', *, *, #1456, .T. ) ;
#1868 = DIRECTION ( 'NONE',  ( -1.000000000000000000, 0.0000000000000000000, 0.0000000000000000000 ) ) ;
#1869 = CARTESIAN_POINT ( 'NONE',  ( -0.2149936416146371876, 0.1789558763398149122, -0.5590000000000000524 ) ) ;
#1870 = SURFACE_STYLE_FILL_AREA ( #1400 ) ;
#1871 = UNCERTAINTY_MEASURE_WITH_UNIT (LENGTH_MEASURE( 1.000000000000000082E-05 ), #5363, 'distance_accuracy_value', 'NONE');
#1872 = PRODUCT ( 'SOD-123_L2.7-W1.6-LS3.7-RD-4', 'SOD-123_L2.7-W1.6-LS3.7-RD-4', '', ( #4695 ) ) ;
#1873 = AXIS2_PLACEMENT_3D ( 'NONE', #3830, #5325, #3381 ) ;
#1874 = VECTOR ( 'NONE', #1969, 1000.000000000000114 ) ;
#1875 = DIRECTION ( 'NONE',  ( 1.000000000000000000, 0.0000000000000000000, 0.0000000000000000000 ) ) ;
#1876 = FILL_AREA_STYLE ('',( #1494 ) ) ;
#1877 = EDGE_CURVE ( 'NONE', #5912, #2930, #1101, .T. ) ;
#1878 = DIRECTION ( 'NONE',  ( 0.3363908276654480889, -0.9417224702971437322, 0.0000000000000000000 ) ) ;
#1879 = CARTESIAN_POINT ( 'NONE',  ( 1.636612987842788414, -0.3049999999999999933, -0.5100000000000000089 ) ) ;
#1880 = VERTEX_POINT ( 'NONE', #1514 ) ;
#1881 =( GEOMETRIC_REPRESENTATION_CONTEXT ( 3 ) GLOBAL_UNCERTAINTY_ASSIGNED_CONTEXT ( ( #5777 ) ) GLOBAL_UNIT_ASSIGNED_CONTEXT ( ( #2321, #5759, #518 ) ) REPRESENTATION_CONTEXT ( 'NONE', 'WORKASPACE' ) );
#1883 = DIRECTION ( 'NONE',  ( 0.0000000000000000000, -1.000000000000000000, 0.0000000000000000000 ) ) ;
#1882 = FACE_OUTER_BOUND ( 'NONE', #5551, .T. ) ;
#1884 = SURFACE_SIDE_STYLE ('',( #2829 ) ) ;
#1885 = EDGE_CURVE ( 'NONE', #1760, #1975, #5223, .T. ) ;
#1886 =( LENGTH_UNIT ( ) NAMED_UNIT ( * ) SI_UNIT ( .MILLI., .METRE. ) );
#1887 = VECTOR ( 'NONE', #2672, 1000.000000000000000 ) ;
#1888 = EDGE_CURVE ( 'NONE', #3056, #377, #3737, .T. ) ;
#1889 = ORIENTED_EDGE ( 'NONE', *, *, #4874, .F. ) ;
#1890 = ORIENTED_EDGE ( 'NONE', *, *, #4620, .F. ) ;
#1891 = DIRECTION ( 'NONE',  ( -1.000000000000000000, 0.0000000000000000000, 0.0000000000000000000 ) ) ;
#1892 = CARTESIAN_POINT ( 'NONE',  ( -0.05716208673658842998, 0.04724855926664416061, -0.5600000000000000533 ) ) ;
#1893 = ORIENTED_EDGE ( 'NONE', *, *, #2430, .T. ) ;
#1894 = FILL_AREA_STYLE_COLOUR ( '', #4098 ) ;
#1895 = DIRECTION ( 'NONE',  ( 3.161846635422034774E-16, 1.000000000000000000, -3.614007241618351532E-15 ) ) ;
#1896 = MECHANICAL_DESIGN_GEOMETRIC_PRESENTATION_REPRESENTATION (  '', ( #637 ), #956 ) ;
#1897 = SURFACE_STYLE_USAGE ( .BOTH. , #5233 ) ;
#1898 = ORIENTED_EDGE ( 'NONE', *, *, #5414, .T. ) ;
#1899 = CIRCLE ( 'NONE', #2890, 0.03000000000000003011 ) ;
#1900 = CARTESIAN_POINT ( 'NONE',  ( 1.032390010713868378, 0.3049999999999999933, 0.0000000000000000000 ) ) ;
#1901 = VECTOR ( 'NONE', #5738, 1000.000000000000000 ) ;
#1902 = VECTOR ( 'NONE', #5661, 1000.000000000000000 ) ;
#1903 = CIRCLE ( 'NONE', #940, 0.1100000000000000699 ) ;
#1904 = MECHANICAL_DESIGN_GEOMETRIC_PRESENTATION_REPRESENTATION (  '', ( #4888 ), #5132 ) ;
#1905 = PLANE ( 'NONE',  #16 ) ;
#1906 = FILL_AREA_STYLE_COLOUR ( '', #4598 ) ;
#1907 = DIRECTION ( 'NONE',  ( 0.08715574274765836016, -0.0000000000000000000, 0.9961946980917455452 ) ) ;
#1908 = FILL_AREA_STYLE_COLOUR ( '', #5677 ) ;
#1909 = CIRCLE ( 'NONE', #1128, 0.1100000000000000699 ) ;
#1910 = COLOUR_RGB ( '',1.000000000000000000, 1.000000000000000000, 1.000000000000000000 ) ;
#1911 =( LENGTH_UNIT ( ) NAMED_UNIT ( * ) SI_UNIT ( .MILLI., .METRE. ) );
#1912 = SURFACE_STYLE_USAGE ( .BOTH. , #5635 ) ;
#1913 = FILL_AREA_STYLE_COLOUR ( '', #4455 ) ;
#1914 =( GEOMETRIC_REPRESENTATION_CONTEXT ( 3 ) GLOBAL_UNCERTAINTY_ASSIGNED_CONTEXT ( ( #4507 ) ) GLOBAL_UNIT_ASSIGNED_CONTEXT ( ( #265, #1687, #3613 ) ) REPRESENTATION_CONTEXT ( 'NONE', 'WORKASPACE' ) );
#1915 = CARTESIAN_POINT ( 'NONE',  ( -0.3272842451551620790, 0.07043979673564244870, -0.5600000000000001643 ) ) ;
#1916 =( NAMED_UNIT ( * ) SI_UNIT ( $, .STERADIAN. ) SOLID_ANGLE_UNIT ( ) );
#1917 = EDGE_CURVE ( 'NONE', #1707, #5590, #2355, .T. ) ;
#1918 = ORIENTED_EDGE ( 'NONE', *, *, #5414, .F. ) ;
#1919 = UNCERTAINTY_MEASURE_WITH_UNIT (LENGTH_MEASURE( 1.000000000000000082E-05 ), #5458, 'distance_accuracy_value', 'NONE');
#1920 = ORIENTED_EDGE ( 'NONE', *, *, #431, .T. ) ;
#1921 = ORIENTED_EDGE ( 'NONE', *, *, #3118, .T. ) ;
#1922 = DIRECTION ( 'NONE',  ( 0.0000000000000000000, -1.000000000000000000, 0.0000000000000000000 ) ) ;
#1923 = DIRECTION ( 'NONE',  ( -1.000000000000000000, 0.0000000000000000000, 0.0000000000000000000 ) ) ;
#1924 = MECHANICAL_DESIGN_GEOMETRIC_PRESENTATION_REPRESENTATION (  '', ( #2463 ), #541 ) ;
#1925 = FILL_AREA_STYLE_COLOUR ( '', #560 ) ;
#1926 = EDGE_LOOP ( 'NONE', ( #5772, #1141, #1867, #1636 ) ) ;
#1927 = FILL_AREA_STYLE ('',( #1495 ) ) ;
#1928 = CARTESIAN_POINT ( 'NONE',  ( 0.1560127744530264149, -0.07724167023672535992, -0.5590000000000000524 ) ) ;
#1929 = EDGE_CURVE ( 'NONE', #2588, #3420, #3351, .T. ) ;
#1930 = ORIENTED_EDGE ( 'NONE', *, *, #2974, .T. ) ;
#1931 = CARTESIAN_POINT ( 'NONE',  ( -0.5269410501512225009, 0.1423705104861563986, -0.5600000000000000533 ) ) ;
#1932 = VECTOR ( 'NONE', #2232, 1000.000000000000000 ) ;
#1933 = CARTESIAN_POINT ( 'NONE',  ( -0.2190939305741301246, 0.1459411488207938978, -0.5600000000000001643 ) ) ;
#1934 = EDGE_CURVE ( 'NONE', #3733, #3419, #500, .T. ) ;
#1935 = PRESENTATION_LAYER_ASSIGNMENT (  '', '', ( #1703 ) ) ;
#1936 =( GEOMETRIC_REPRESENTATION_CONTEXT ( 3 ) GLOBAL_UNCERTAINTY_ASSIGNED_CONTEXT ( ( #3245 ) ) GLOBAL_UNIT_ASSIGNED_CONTEXT ( ( #5168, #5210, #1804 ) ) REPRESENTATION_CONTEXT ( 'NONE', 'WORKASPACE' ) );
#1937 = CARTESIAN_POINT ( 'NONE',  ( 0.2354694122166668124, -0.1245865131200955545, -0.5590000000000000524 ) ) ;
#1938 = SURFACE_SIDE_STYLE ('',( #172 ) ) ;
#1939 = CARTESIAN_POINT ( 'NONE',  ( -0.1303328184439055681, -0.1210441236601850767, -0.5590000000000000524 ) ) ;
#1940 = LINE ( 'NONE', #5219, #3979 ) ;
#1941 = MECHANICAL_DESIGN_GEOMETRIC_PRESENTATION_REPRESENTATION (  '', ( #5887 ), #4005 ) ;
#1942 = CARTESIAN_POINT ( 'NONE',  ( 0.3131484324977720779, 0.09800846245452733696, -0.5600000000000001643 ) ) ;
#1943 = CARTESIAN_POINT ( 'NONE',  ( 0.3003792604586883463, -0.1091142086202636641, -0.5599999999999998312 ) ) ;
#1944 = FACE_OUTER_BOUND ( 'NONE', #519, .T. ) ;
#1945 = ORIENTED_EDGE ( 'NONE', *, *, #4838, .F. ) ;
#1946 = LINE ( 'NONE', #3539, #1302 ) ;
#1947 = STYLED_ITEM ( 'NONE', ( #5076 ), #6001 ) ;
#1948 = PLANE ( 'NONE',  #5892 ) ;
#1949 = DIRECTION ( 'NONE',  ( 0.08682659386424779191, 0.08682659386424777803, -0.9924325091389669673 ) ) ;
#1950 = UNCERTAINTY_MEASURE_WITH_UNIT (LENGTH_MEASURE( 1.000000000000000082E-05 ), #4913, 'distance_accuracy_value', 'NONE');
#1951 = CARTESIAN_POINT ( 'NONE',  ( -0.3714423257215458407, 0.04880034244156434414, -0.5599999999999999423 ) ) ;
#1952 = VECTOR ( 'NONE', #4996, 1000.000000000000000 ) ;
#1953 = SURFACE_STYLE_USAGE ( .BOTH. , #5301 ) ;
#1954 =( LENGTH_UNIT ( ) NAMED_UNIT ( * ) SI_UNIT ( .MILLI., .METRE. ) );
#1955 = ORIENTED_EDGE ( 'NONE', *, *, #3906, .T. ) ;
#1956 = PRESENTATION_LAYER_ASSIGNMENT (  '', '', ( #3267 ) ) ;
#1957 = CARTESIAN_POINT ( 'NONE',  ( 0.3496094785894774959, -0.06227438101437762080, -0.5589999999999999414 ) ) ;
#1958 = CARTESIAN_POINT ( 'NONE',  ( 0.3003792604586883463, -0.1091142086202636641, -0.5589999999999998304 ) ) ;
#1959 = CARTESIAN_POINT ( 'NONE',  ( 0.3049667527171500137, 0.1581789030946081365, -0.5599999999999999423 ) ) ;
#1960 = EDGE_LOOP ( 'NONE', ( #83, #3704, #3938, #2567 ) ) ;
#1961 = DIRECTION ( 'NONE',  ( -0.0000000000000000000, -1.000000000000000000, -0.0000000000000000000 ) ) ;
#1962 = EDGE_CURVE ( 'NONE', #2544, #304, #3863, .T. ) ;
#1963 = ORIENTED_EDGE ( 'NONE', *, *, #6045, .F. ) ;
#1964 = DIRECTION ( 'NONE',  ( -0.08682659386424777803, 0.08682659386424779191, -0.9924325091389669673 ) ) ;
#1965 = AXIS2_PLACEMENT_3D ( 'NONE', #1859, #5250, #1875 ) ;
#1966 = FILL_AREA_STYLE ('',( #3888 ) ) ;
#1967 = FACE_OUTER_BOUND ( 'NONE', #5050, .T. ) ;
#1968 =( NAMED_UNIT ( * ) PLANE_ANGLE_UNIT ( ) SI_UNIT ( $, .RADIAN. ) );
#1969 = DIRECTION ( 'NONE',  ( -0.08682659386424780579, 0.08682659386424779191, -0.9924325091389669673 ) ) ;
#1970 = ORIENTED_EDGE ( 'NONE', *, *, #4712, .T. ) ;
#1971 =( GEOMETRIC_REPRESENTATION_CONTEXT ( 3 ) GLOBAL_UNCERTAINTY_ASSIGNED_CONTEXT ( ( #3023 ) ) GLOBAL_UNIT_ASSIGNED_CONTEXT ( ( #2387, #5761, #3838 ) ) REPRESENTATION_CONTEXT ( 'NONE', 'WORKASPACE' ) );
#1972 = SURFACE_SIDE_STYLE ('',( #5955 ) ) ;
#1973 = VECTOR ( 'NONE', #4039, 1000.000000000000000 ) ;
#1974 = EDGE_CURVE ( 'NONE', #57, #2225, #4403, .T. ) ;
#1975 = VERTEX_POINT ( 'NONE', #5322 ) ;
#1976 = CARTESIAN_POINT ( 'NONE',  ( -0.2119067513707348360, -0.1210441236601850767, -0.5590000000000000524 ) ) ;
#1977 =( LENGTH_UNIT ( ) NAMED_UNIT ( * ) SI_UNIT ( .MILLI., .METRE. ) );
#1978 = CYLINDRICAL_SURFACE ( 'NONE', #4799, 0.03000000000000007869 ) ;
#1979 =( LENGTH_UNIT ( ) NAMED_UNIT ( * ) SI_UNIT ( .MILLI., .METRE. ) );
#1980 = CARTESIAN_POINT ( 'NONE',  ( 0.3657813396381343618, -0.02302025764223791446, -0.5590000000000000524 ) ) ;
#1981 = PRESENTATION_LAYER_ASSIGNMENT (  '', '', ( #5017 ) ) ;
#1982 = CARTESIAN_POINT ( 'NONE',  ( -1.049872501134293756, 0.7235164132049596297, 0.5600000000000000533 ) ) ;
#1983 = CARTESIAN_POINT ( 'NONE',  ( 0.3289981966861952878, 0.0002985308039202950558, -0.5589999999999999414 ) ) ;
#1984 = CARTESIAN_POINT ( 'NONE',  ( -0.5767314464926859285, -0.003970952928477775382, -0.5590000000000000524 ) ) ;
#1985 = MECHANICAL_DESIGN_GEOMETRIC_PRESENTATION_REPRESENTATION (  '', ( #319 ), #3533 ) ;
#1986 = VECTOR ( 'NONE', #5644, 1000.000000000000000 ) ;
#1987 = CARTESIAN_POINT ( 'NONE',  ( 0.3603598304961237453, 0.08804669031637396559, -0.5590000000000000524 ) ) ;
#1988 = ORIENTED_EDGE ( 'NONE', *, *, #5042, .F. ) ;
#1989 = SURFACE_SIDE_STYLE ('',( #4087 ) ) ;
#1990 = PRESENTATION_LAYER_ASSIGNMENT (  '', '', ( #1567 ) ) ;
#1991 = CARTESIAN_POINT ( 'NONE',  ( 0.3707929292036752367, 0.01786013785027045636, -0.5600000000000001643 ) ) ;
#1992 = VERTEX_POINT ( 'NONE', #1482 ) ;
#1993 = CARTESIAN_POINT ( 'NONE',  ( -0.3609217006308179099, 0.09279702887808255474, -0.5589999999999999414 ) ) ;
#1994 = CARTESIAN_POINT ( 'NONE',  ( -1.840000000000000080, 0.3049999999999999933, -0.5100000000000000089 ) ) ;
#1995 = CARTESIAN_POINT ( 'NONE',  ( -0.3272236963016080247, 0.1394360100602142216, -0.5600000000000000533 ) ) ;
#1996 = UNCERTAINTY_MEASURE_WITH_UNIT (LENGTH_MEASURE( 1.000000000000000082E-05 ), #2756, 'distance_accuracy_value', 'NONE');
#1997 = AXIS2_PLACEMENT_3D ( 'NONE', #3555, #678, #700 ) ;
#1998 = ORIENTED_EDGE ( 'NONE', *, *, #5351, .T. ) ;
#1999 = DIRECTION ( 'NONE',  ( 0.0000000000000000000, 0.0000000000000000000, 1.000000000000000000 ) ) ;
#2000 = ORIENTED_EDGE ( 'NONE', *, *, #2299, .F. ) ;
#2001 = ORIENTED_EDGE ( 'NONE', *, *, #4874, .T. ) ;
#2002 = CARTESIAN_POINT ( 'NONE',  ( -1.296006348425482235, 0.7235164132049596297, 0.5600000000000000533 ) ) ;
#2003 =( NAMED_UNIT ( * ) SI_UNIT ( $, .STERADIAN. ) SOLID_ANGLE_UNIT ( ) );
#2004 = CARTESIAN_POINT ( 'NONE',  ( 0.2789200879150437462, 0.1719633046845269464, -0.5599999999999998312 ) ) ;
#2005 = MECHANICAL_DESIGN_GEOMETRIC_PRESENTATION_REPRESENTATION (  '', ( #4029 ), #5960 ) ;
#2006 = CARTESIAN_POINT ( 'NONE',  ( 0.2857487383680733517, -0.07408449617660170516, -0.5590000000000001634 ) ) ;
#2007 = CARTESIAN_POINT ( 'NONE',  ( -0.5238430321488817265, 0.1305439623166722019, -0.5600000000000000533 ) ) ;
#2008 = ADVANCED_FACE ( 'NONE', ( #3061 ), #1978, .T. ) ;
#2009 = FACE_OUTER_BOUND ( 'NONE', #5505, .T. ) ;
#2010 = CARTESIAN_POINT ( 'NONE',  ( 0.2343620919430138283, 0.1822410325076344317, -0.5599999999999991651 ) ) ;
#2011 = EDGE_CURVE ( 'NONE', #5145, #4242, #581, .T. ) ;
#2012 = CARTESIAN_POINT ( 'NONE',  ( 0.2732189179977693172, 0.1367866158707935764, -0.5590000000000001634 ) ) ;
#2013 = CARTESIAN_POINT ( 'NONE',  ( -0.3546398794323914472, -0.04374320390874106984, -0.5590000000000002744 ) ) ;
#2014 = VECTOR ( 'NONE', #1083, 1000.000000000000000 ) ;
#2015 = CARTESIAN_POINT ( 'NONE',  ( 1.268516413204960003, 0.7235164132049596297, -0.5300000000000001377 ) ) ;
#2016 = PLANE ( 'NONE',  #598 ) ;
#2017 =( NAMED_UNIT ( * ) SI_UNIT ( $, .STERADIAN. ) SOLID_ANGLE_UNIT ( ) );
#2018 = DIRECTION ( 'NONE',  ( -1.000000000000000000, 0.0000000000000000000, -0.0000000000000000000 ) ) ;
#2019 = COLOUR_RGB ( '',1.000000000000000000, 1.000000000000000000, 1.000000000000000000 ) ;
#2020 =( GEOMETRIC_REPRESENTATION_CONTEXT ( 3 ) GLOBAL_UNCERTAINTY_ASSIGNED_CONTEXT ( ( #1722 ) ) GLOBAL_UNIT_ASSIGNED_CONTEXT ( ( #3543, #1664, #668 ) ) REPRESENTATION_CONTEXT ( 'NONE', 'WORKASPACE' ) );
#2021 = COLOUR_RGB ( '',0.2509803921568627416, 0.2509803921568627416, 0.2509803921568627416 ) ;
#2022 = VECTOR ( 'NONE', #2982, 1000.000000000000000 ) ;
#2023 = VERTEX_POINT ( 'NONE', #1499 ) ;
#2024 =( NAMED_UNIT ( * ) PLANE_ANGLE_UNIT ( ) SI_UNIT ( $, .RADIAN. ) );
#2025 = CARTESIAN_POINT ( 'NONE',  ( -1.049872501134293756, -0.7235164132049598518, 0.5600000000000000533 ) ) ;
#2026 = VECTOR ( 'NONE', #1853, 1000.000000000000000 ) ;
#2027 = CARTESIAN_POINT ( 'NONE',  ( 0.2183142852146310320, 0.1826144129251807413, -0.5600000000000000533 ) ) ;
#2028 = CARTESIAN_POINT ( 'NONE',  ( 0.3267328234132136910, -0.01152348574948075521, -0.5590000000000001634 ) ) ;
#2029 = CARTESIAN_POINT ( 'NONE',  ( 1.268516413204960003, 0.7235164132049596297, -0.5300000000000001377 ) ) ;
#2030 = PRESENTATION_STYLE_ASSIGNMENT (( #2391 ) ) ;
#2031 = UNCERTAINTY_MEASURE_WITH_UNIT (LENGTH_MEASURE( 1.000000000000000082E-05 ), #4657, 'distance_accuracy_value', 'NONE');
#2032 =( NAMED_UNIT ( * ) PLANE_ANGLE_UNIT ( ) SI_UNIT ( $, .RADIAN. ) );
#2033 = CARTESIAN_POINT ( 'NONE',  ( -0.2622778166797042343, 0.1735873716250540544, -0.5589999999999997193 ) ) ;
#2034 = DIRECTION ( 'NONE',  ( -0.08682659386424836090, -0.08682659386424836090, -0.9924325091389670783 ) ) ;
#2035 = STYLED_ITEM ( 'NONE', ( #2528 ), #5939 ) ;
#2036 = EDGE_CURVE ( 'NONE', #5470, #3150, #3942, .T. ) ;
#2037 = ORIENTED_EDGE ( 'NONE', *, *, #5500, .F. ) ;
#2038 = CARTESIAN_POINT ( 'NONE',  ( -0.8324871361935458625, 1.015288465802815843, 0.5600000000000000533 ) ) ;
#2039 = LINE ( 'NONE', #636, #4300 ) ;
#2040 =( NAMED_UNIT ( * ) PLANE_ANGLE_UNIT ( ) SI_UNIT ( $, .RADIAN. ) );
#2041 =( GEOMETRIC_REPRESENTATION_CONTEXT ( 3 ) GLOBAL_UNCERTAINTY_ASSIGNED_CONTEXT ( ( #5881 ) ) GLOBAL_UNIT_ASSIGNED_CONTEXT ( ( #5835, #2526, #4909 ) ) REPRESENTATION_CONTEXT ( 'NONE', 'WORKASPACE' ) );
#2042 = SURFACE_STYLE_FILL_AREA ( #2472 ) ;
#2043 = VERTEX_POINT ( 'NONE', #1571 ) ;
#2044 = CARTESIAN_POINT ( 'NONE',  ( 0.1477159620438993348, -0.1054953431723802126, -0.5600000000000000533 ) ) ;
#2045 = EDGE_LOOP ( 'NONE', ( #5290, #3376, #2542, #3002, #5304, #3215 ) ) ;
#2046 = CARTESIAN_POINT ( 'NONE',  ( 0.3705003280246997321, 0.04055613636284249868, -0.5600000000000001643 ) ) ;
#2047 = CARTESIAN_POINT ( 'NONE',  ( 0.3964964498487773548, -0.1210441236601850767, -0.5590000000000000524 ) ) ;
#2048 = ORIENTED_EDGE ( 'NONE', *, *, #4485, .F. ) ;
#2049 = CARTESIAN_POINT ( 'NONE',  ( 0.2183142852146310320, 0.1826144129251807413, -0.5590000000000000524 ) ) ;
#2050 = SURFACE_STYLE_USAGE ( .BOTH. , #4932 ) ;
#2051 = ORIENTED_EDGE ( 'NONE', *, *, #6124, .F. ) ;
#2052 = CARTESIAN_POINT ( 'NONE',  ( -0.5474059891756128948, 0.1789558763398149122, -0.5590000000000000524 ) ) ;
#2053 = COLOUR_RGB ( '',0.5019607843137254832, 0.2509803921568627416, 0.0000000000000000000 ) ;
#2054 = CARTESIAN_POINT ( 'NONE',  ( -1.636612987842788414, -0.3049999999999999933, -0.5100000000000000089 ) ) ;
#2055 = VECTOR ( 'NONE', #4405, 1000.000000000000000 ) ;
#2056 = CYLINDRICAL_SURFACE ( 'NONE', #5651, 0.02999999999999997113 ) ;
#2057 = CARTESIAN_POINT ( 'NONE',  ( 1.427468603509014278, 0.3049999999999999933, -0.009999999999999953371 ) ) ;
#2058 = CARTESIAN_POINT ( 'NONE',  ( -0.5311970139800589186, 0.1225308754562358105, -0.5600000000000001643 ) ) ;
#2059 = EDGE_CURVE ( 'NONE', #4256, #2754, #4096, .T. ) ;
#2060 = MECHANICAL_DESIGN_GEOMETRIC_PRESENTATION_REPRESENTATION (  '', ( #3401 ), #3716 ) ;
#2061 = DIRECTION ( 'NONE',  ( -0.9961946980917458783, 0.0000000000000000000, -0.08715574274765409968 ) ) ;
#2062 = CARTESIAN_POINT ( 'NONE',  ( -0.5902223001512224565, -0.03689778219677045806, -0.5600000000000000533 ) ) ;
#2063 = COLOUR_RGB ( '',0.2509803921568627416, 0.2509803921568627416, 0.2509803921568627416 ) ;
#2064 = AXIS2_PLACEMENT_3D ( 'NONE', #3071, #2130, #648 ) ;
#2065 = ADVANCED_FACE ( 'NONE', ( #4063 ), #1520, .T. ) ;
#2066 = ORIENTED_EDGE ( 'NONE', *, *, #352, .T. ) ;
#2067 = DIRECTION ( 'NONE',  ( 0.0000000000000000000, -1.000000000000000000, 0.0000000000000000000 ) ) ;
#2068 = SURFACE_STYLE_USAGE ( .BOTH. , #3961 ) ;
#2069 = STYLED_ITEM ( 'NONE', ( #4732 ), #2527 ) ;
#2070 = CARTESIAN_POINT ( 'NONE',  ( -0.2899992319985615352, -0.1048902123466513431, -0.5590000000000001634 ) ) ;
#2071 = ORIENTED_EDGE ( 'NONE', *, *, #182, .T. ) ;
#2072 = UNCERTAINTY_MEASURE_WITH_UNIT (LENGTH_MEASURE( 1.000000000000000082E-05 ), #525, 'distance_accuracy_value', 'NONE');
#2073 = DIRECTION ( 'NONE',  ( 0.0000000000000000000, 1.000000000000000000, 0.0000000000000000000 ) ) ;
#2074 = EDGE_LOOP ( 'NONE', ( #4542, #4855, #5965, #4931 ) ) ;
#2075 = ADVANCED_FACE ( 'NONE', ( #4745 ), #921, .T. ) ;
#2076 = DIRECTION ( 'NONE',  ( 0.0000000000000000000, 1.000000000000000000, 0.0000000000000000000 ) ) ;
#2077 = ORIENTED_EDGE ( 'NONE', *, *, #3431, .T. ) ;
#2078 = CARTESIAN_POINT ( 'NONE',  ( 1.032390010713868378, -0.3049999999999999933, 0.0000000000000000000 ) ) ;
#2079 =( GEOMETRIC_REPRESENTATION_CONTEXT ( 3 ) GLOBAL_UNCERTAINTY_ASSIGNED_CONTEXT ( ( #2942 ) ) GLOBAL_UNIT_ASSIGNED_CONTEXT ( ( #2122, #1620, #4978 ) ) REPRESENTATION_CONTEXT ( 'NONE', 'WORKASPACE' ) );
#2080 = DIRECTION ( 'NONE',  ( -1.000000000000000000, 0.0000000000000000000, 1.243497163265005416E-16 ) ) ;
#2081 =( NAMED_UNIT ( * ) SI_UNIT ( $, .STERADIAN. ) SOLID_ANGLE_UNIT ( ) );
#2082 = CARTESIAN_POINT ( 'NONE',  ( 0.1885026715440735745, 0.1810633641799087035, -0.5599999999999999423 ) ) ;
#2083 = DIRECTION ( 'NONE',  ( 1.000000000000000000, 0.0000000000000000000, 0.0000000000000000000 ) ) ;
#2084 = CARTESIAN_POINT ( 'NONE',  ( -1.344999999999999751, 0.7999999999999999334, 0.0000000000000000000 ) ) ;
#2085 = ORIENTED_EDGE ( 'NONE', *, *, #5313, .F. ) ;
#2086 = CARTESIAN_POINT ( 'NONE',  ( 1.295059937738895606, 0.7799457786816479388, -0.2292207985599149234 ) ) ;
#2087 = PRESENTATION_LAYER_ASSIGNMENT (  '', '', ( #3470 ) ) ;
#2088 = CARTESIAN_POINT ( 'NONE',  ( -0.3468198152418918712, 0.1178681616149581390, -0.5599999999999998312 ) ) ;
#2089 = ORIENTED_EDGE ( 'NONE', *, *, #5118, .T. ) ;
#2090 =( NAMED_UNIT ( * ) SI_UNIT ( $, .STERADIAN. ) SOLID_ANGLE_UNIT ( ) );
#2091 = EDGE_CURVE ( 'NONE', #1246, #1440, #2743, .T. ) ;
#2092 = CARTESIAN_POINT ( 'NONE',  ( -1.315114159057247489, 0.7999999999999999334, 0.0000000000000000000 ) ) ;
#2093 = COLOUR_RGB ( '',1.000000000000000000, 1.000000000000000000, 1.000000000000000000 ) ;
#2094 = SURFACE_SIDE_STYLE ('',( #1078 ) ) ;
#2095 = AXIS2_PLACEMENT_3D ( 'NONE', #5818, #3444, #4375 ) ;
#2096 = CARTESIAN_POINT ( 'NONE',  ( -0.2724324891046430164, 0.1350220212279465148, -0.5599999999999999423 ) ) ;
#2097 = PRESENTATION_STYLE_ASSIGNMENT (( #5189 ) ) ;
#2098 = ADVANCED_FACE ( 'NONE', ( #326 ), #4883, .F. ) ;
#2099 = FILL_AREA_STYLE_COLOUR ( '', #2410 ) ;
#2100 = EDGE_CURVE ( 'NONE', #5432, #3733, #4292, .T. ) ;
#2101 = CARTESIAN_POINT ( 'NONE',  ( 0.1556840788940303255, 0.1351103426960056642, -0.5590000000000001634 ) ) ;
#2102 = PLANE ( 'NONE',  #4368 ) ;
#2103 = PRESENTATION_STYLE_ASSIGNMENT (( #4278 ) ) ;
#2104 = CARTESIAN_POINT ( 'NONE',  ( -0.3003893316558140514, -0.05670066604441548197, -0.5589999999999999414 ) ) ;
#2105 =( LENGTH_UNIT ( ) NAMED_UNIT ( * ) SI_UNIT ( .MILLI., .METRE. ) );
#2106 = CARTESIAN_POINT ( 'NONE',  ( -1.268516413204959115, -0.7235164132049598518, 0.5300000000000001377 ) ) ;
#2107 = VECTOR ( 'NONE', #1333, 1000.000000000000000 ) ;
#2108 = CARTESIAN_POINT ( 'NONE',  ( -0.5226009899721393293, 0.1256570189496610812, -0.5590000000000000524 ) ) ;
#2109 =( LENGTH_UNIT ( ) NAMED_UNIT ( * ) SI_UNIT ( .MILLI., .METRE. ) );
#2110 = STYLED_ITEM ( 'NONE', ( #5740 ), #1723 ) ;
#2111 = VECTOR ( 'NONE', #348, 1000.000000000000000 ) ;
#2112 = VECTOR ( 'NONE', #1287, 1000.000000000000000 ) ;
#2113 = CARTESIAN_POINT ( 'NONE',  ( 0.1477159620438993348, -0.1054953431723802126, -0.5590000000000000524 ) ) ;
#2114 = ORIENTED_EDGE ( 'NONE', *, *, #4739, .T. ) ;
#2115 = CARTESIAN_POINT ( 'NONE',  ( -0.2621333595395821670, 0.1390752990386697474, -0.5599999999999996092 ) ) ;
#2116 = FACE_OUTER_BOUND ( 'NONE', #4829, .T. ) ;
#2117 = AXIS2_PLACEMENT_3D ( 'NONE', #4950, #50, #5919 ) ;
#2118 = UNCERTAINTY_MEASURE_WITH_UNIT (LENGTH_MEASURE( 1.000000000000000082E-05 ), #4503, 'distance_accuracy_value', 'NONE');
#2119 =( NAMED_UNIT ( * ) PLANE_ANGLE_UNIT ( ) SI_UNIT ( $, .RADIAN. ) );
#2120 = FACE_OUTER_BOUND ( 'NONE', #5987, .T. ) ;
#2121 = ORIENTED_EDGE ( 'NONE', *, *, #4938, .T. ) ;
#2122 =( LENGTH_UNIT ( ) NAMED_UNIT ( * ) SI_UNIT ( .MILLI., .METRE. ) );
#2123 = PRESENTATION_STYLE_ASSIGNMENT (( #5526 ) ) ;
#2124 = PRESENTATION_STYLE_ASSIGNMENT (( #512 ) ) ;
#2125 = FACE_OUTER_BOUND ( 'NONE', #5087, .T. ) ;
#2126 = CARTESIAN_POINT ( 'NONE',  ( 0.08917937667804562429, 0.1789558763398149122, -0.5590000000000000524 ) ) ;
#2127 = DIRECTION ( 'NONE',  ( 0.0000000000000000000, 1.000000000000000000, 0.0000000000000000000 ) ) ;
#2128 = VERTEX_POINT ( 'NONE', #1982 ) ;
#2129 = EDGE_CURVE ( 'NONE', #5470, #702, #1153, .T. ) ;
#2130 = DIRECTION ( 'NONE',  ( 1.000000000000000000, 0.0000000000000000000, 0.0000000000000000000 ) ) ;
#2131 = PLANE ( 'NONE',  #3286 ) ;
#2132 = COLOUR_RGB ( '',0.2509803921568627416, 0.2509803921568627416, 0.2509803921568627416 ) ;
#2133 = FILL_AREA_STYLE_COLOUR ( '', #1741 ) ;
#2134 = ORIENTED_EDGE ( 'NONE', *, *, #1358, .F. ) ;
#2135 = CARTESIAN_POINT ( 'NONE',  ( 1.437430550489931846, -0.3049999999999999933, -0.009128442572523400717 ) ) ;
#2136 = EDGE_LOOP ( 'NONE', ( #5765, #5297, #419, #3660 ) ) ;
#2137 = MECHANICAL_DESIGN_GEOMETRIC_PRESENTATION_REPRESENTATION (  '', ( #774 ), #4942 ) ;
#2138 = LINE ( 'NONE', #1065, #4547 ) ;
#2139 = COLOUR_RGB ( '',1.000000000000000000, 1.000000000000000000, 1.000000000000000000 ) ;
#2140 = VERTEX_POINT ( 'NONE', #5810 ) ;
#2141 = CARTESIAN_POINT ( 'NONE',  ( -0.5269410501512226119, 0.1423705104861564263, -0.5590000000000001634 ) ) ;
#2142 = VECTOR ( 'NONE', #3492, 1000.000000000000227 ) ;
#2143 = CARTESIAN_POINT ( 'NONE',  ( -0.3377235964015533054, -0.06834173454502842637, -0.5600000000000002753 ) ) ;
#2144 = EDGE_CURVE ( 'NONE', #2983, #1240, #292, .T. ) ;
#2145 =( LENGTH_UNIT ( ) NAMED_UNIT ( * ) SI_UNIT ( .MILLI., .METRE. ) );
#2146 = CARTESIAN_POINT ( 'NONE',  ( -0.3937474525902470157, -0.1210441236601850767, -0.5590000000000000524 ) ) ;
#2147 = CARTESIAN_POINT ( 'NONE',  ( -1.032390010713868378, 0.3049999999999999933, 0.1000000000000000056 ) ) ;
#2148 = DIRECTION ( 'NONE',  ( 0.0000000000000000000, -1.000000000000000000, 0.0000000000000000000 ) ) ;
#2149 = SURFACE_SIDE_STYLE ('',( #4232 ) ) ;
#2150 = COLOUR_RGB ( '',0.2509803921568627416, 0.2509803921568627416, 0.2509803921568627416 ) ;
#2151 = CIRCLE ( 'NONE', #1577, 0.06000000000000015737 ) ;
#2152 = CARTESIAN_POINT ( 'NONE',  ( -0.2131643733219542591, -0.08811729439189239232, -0.5590000000000000524 ) ) ;
#2153 = ORIENTED_EDGE ( 'NONE', *, *, #3034, .T. ) ;
#2154 = EDGE_CURVE ( 'NONE', #2163, #3150, #4451, .T. ) ;
#2155 = PRESENTATION_LAYER_ASSIGNMENT (  '', '', ( #3365 ) ) ;
#2156 = SURFACE_SIDE_STYLE ('',( #1164 ) ) ;
#2157 = CARTESIAN_POINT ( 'NONE',  ( -0.2995078487507968346, 0.1175397680402132661, -0.5590000000000001634 ) ) ;
#2158 = DIRECTION ( 'NONE',  ( -1.000000000000000000, 0.0000000000000000000, 0.0000000000000000000 ) ) ;
#2159 = UNCERTAINTY_MEASURE_WITH_UNIT (LENGTH_MEASURE( 1.000000000000000082E-05 ), #572, 'distance_accuracy_value', 'NONE');
#2160 = ORIENTED_EDGE ( 'NONE', *, *, #2640, .F. ) ;
#2161 = FILL_AREA_STYLE ('',( #2237 ) ) ;
#2162 = CARTESIAN_POINT ( 'NONE',  ( -1.268516413204959559, 0.7235164132049596297, -0.5600000000000000533 ) ) ;
#2163 = VERTEX_POINT ( 'NONE', #2025 ) ;
#2164 = SURFACE_STYLE_USAGE ( .BOTH. , #4971 ) ;
#2165 = ORIENTED_EDGE ( 'NONE', *, *, #3442, .T. ) ;
#2166 = ADVANCED_FACE ( 'NONE', ( #2413 ), #165, .T. ) ;
#2167 = CARTESIAN_POINT ( 'NONE',  ( 1.333163133249901211, -0.7582772923071489091, 0.1352960060544477761 ) ) ;
#2168 = DIRECTION ( 'NONE',  ( -1.000000000000000000, 0.0000000000000000000, 8.932347443772616200E-16 ) ) ;
#2169 = CARTESIAN_POINT ( 'NONE',  ( 1.336251133647407885, 0.7999999999999999334, 0.1000000000000000472 ) ) ;
#2170 = CARTESIAN_POINT ( 'NONE',  ( 0.0000000000000000000, 0.0000000000000000000, 0.5600000000000000533 ) ) ;
#2171 = CARTESIAN_POINT ( 'NONE',  ( -0.2176846439534261823, -0.08801958171685562993, -0.5599999999999998312 ) ) ;
#2172 = AXIS2_PLACEMENT_3D ( 'NONE', #3320, #924, #4774 ) ;
#2173 = CARTESIAN_POINT ( 'NONE',  ( -0.5211674221024420461, 0.1213339251203026936, -0.5600000000000000533 ) ) ;
#2174 = LINE ( 'NONE', #2786, #163 ) ;
#2175 = FACE_OUTER_BOUND ( 'NONE', #3988, .T. ) ;
#2176 = CARTESIAN_POINT ( 'NONE',  ( 0.2066399729786870809, -0.1236102232778498178, -0.5590000000000000524 ) ) ;
#2177 = SURFACE_SIDE_STYLE ('',( #5424 ) ) ;
#2178 =( LENGTH_UNIT ( ) NAMED_UNIT ( * ) SI_UNIT ( .MILLI., .METRE. ) );
#2179 = VERTEX_POINT ( 'NONE', #3962 ) ;
#2180 = CARTESIAN_POINT ( 'NONE',  ( -0.2921788132000143201, -0.06410318425805007492, -0.5600000000000000533 ) ) ;
#2181 = PRESENTATION_LAYER_ASSIGNMENT (  '', '', ( #5004 ) ) ;
#2182 = EDGE_CURVE ( 'NONE', #3639, #5468, #4887, .T. ) ;
#2183 = CARTESIAN_POINT ( 'NONE',  ( 0.2247167242390212538, -0.09177583097725826311, -0.5590000000000000524 ) ) ;
#2184 = AXIS2_PLACEMENT_3D ( 'NONE', #4725, #5184, #420 ) ;
#2185 = CARTESIAN_POINT ( 'NONE',  ( -0.2733269197462125932, -0.07596560956470924109, -0.5599999999999999423 ) ) ;
#2186 = FACE_OUTER_BOUND ( 'NONE', #3887, .T. ) ;
#2187 = COLOUR_RGB ( '',1.000000000000000000, 1.000000000000000000, 1.000000000000000000 ) ;
#2188 = SURFACE_STYLE_USAGE ( .BOTH. , #6034 ) ;
#2189 = DIRECTION ( 'NONE',  ( 0.08715574274765408580, 0.0000000000000000000, -0.9961946980917458783 ) ) ;
#2190 = STYLED_ITEM ( 'NONE', ( #621 ), #2207 ) ;
#2191 = EDGE_LOOP ( 'NONE', ( #298, #4777, #4523, #4345 ) ) ;
#2192 = CIRCLE ( 'NONE', #1447, 0.02999999999999997113 ) ;
#2193 = SURFACE_STYLE_FILL_AREA ( #4251 ) ;
#2194 = CARTESIAN_POINT ( 'NONE',  ( -0.1705767208829299386, -0.08811729439189239232, -0.5590000000000000524 ) ) ;
#2195 =( NAMED_UNIT ( * ) PLANE_ANGLE_UNIT ( ) SI_UNIT ( $, .RADIAN. ) );
#2196 = DIRECTION ( 'NONE',  ( -0.0000000000000000000, -1.000000000000000000, -0.0000000000000000000 ) ) ;
#2197 = VECTOR ( 'NONE', #4223, 1000.000000000000000 ) ;
#2198 =( GEOMETRIC_REPRESENTATION_CONTEXT ( 3 ) GLOBAL_UNCERTAINTY_ASSIGNED_CONTEXT ( ( #2747 ) ) GLOBAL_UNIT_ASSIGNED_CONTEXT ( ( #5347, #5784, #3448 ) ) REPRESENTATION_CONTEXT ( 'NONE', 'WORKASPACE' ) );
#2199 = VERTEX_POINT ( 'NONE', #2162 ) ;
#2200 = COLOUR_RGB ( '',0.2509803921568627416, 0.2509803921568627416, 0.2509803921568627416 ) ;
#2201 = ORIENTED_EDGE ( 'NONE', *, *, #2334, .F. ) ;
#2202 = CARTESIAN_POINT ( 'NONE',  ( 0.2179712974097529898, 0.1496875836568880846, -0.5590000000000000524 ) ) ;
#2203 = CARTESIAN_POINT ( 'NONE',  ( 0.5099110839951188634, 0.1789558763398149122, -0.5590000000000000524 ) ) ;
#2204 = CIRCLE ( 'NONE', #1403, 0.1100000000000000699 ) ;
#2205 = AXIS2_PLACEMENT_3D ( 'NONE', #79, #1527, #965 ) ;
#2206 = EDGE_LOOP ( 'NONE', ( #3123, #3148, #1483, #1351, #4012, #5183, #3498, #5953 ) ) ;
#2207 = ADVANCED_FACE ( 'NONE', ( #5728 ), #897, .T. ) ;
#2208 = LINE ( 'NONE', #142, #2142 ) ;
#2209 = SURFACE_SIDE_STYLE ('',( #5962 ) ) ;
#2210 = CARTESIAN_POINT ( 'NONE',  ( -0.3192198428449965486, 0.09196572276260614465, -0.5590000000000001634 ) ) ;
#2211 = ORIENTED_EDGE ( 'NONE', *, *, #1765, .T. ) ;
#2212 = VECTOR ( 'NONE', #1519, 1000.000000000000000 ) ;
#2213 = EDGE_CURVE ( 'NONE', #3085, #884, #3116, .T. ) ;
#2214 = MECHANICAL_DESIGN_GEOMETRIC_PRESENTATION_REPRESENTATION (  '', ( #820 ), #619 ) ;
#2215 =( NAMED_UNIT ( * ) SI_UNIT ( $, .STERADIAN. ) SOLID_ANGLE_UNIT ( ) );
#2216 =( LENGTH_UNIT ( ) NAMED_UNIT ( * ) SI_UNIT ( .MILLI., .METRE. ) );
#2217 = EDGE_CURVE ( 'NONE', #5884, #5468, #1808, .T. ) ;
#2218 = ORIENTED_EDGE ( 'NONE', *, *, #2545, .T. ) ;
#2219 = CARTESIAN_POINT ( 'NONE',  ( -1.344999999999999751, 0.7235164132049596297, -0.5300000000000001377 ) ) ;
#2220 = FILL_AREA_STYLE ('',( #3202 ) ) ;
#2221 = EDGE_CURVE ( 'NONE', #2930, #4832, #5508, .T. ) ;
#2222 = CARTESIAN_POINT ( 'NONE',  ( 0.1477159620438993348, 0.1304802665837173359, -0.5600000000000000533 ) ) ;
#2223 = ORIENTED_EDGE ( 'NONE', *, *, #3128, .T. ) ;
#2224 = DIRECTION ( 'NONE',  ( -0.0000000000000000000, -0.0000000000000000000, -1.000000000000000000 ) ) ;
#2225 = VERTEX_POINT ( 'NONE', #2702 ) ;
#2226 = PLANE ( 'NONE',  #4882 ) ;
#2227 = ORIENTED_EDGE ( 'NONE', *, *, #1550, .T. ) ;
#2228 = AXIS2_PLACEMENT_3D ( 'NONE', #4723, #5660, #870 ) ;
#2229 = FILL_AREA_STYLE_COLOUR ( '', #1735 ) ;
#2230 = CARTESIAN_POINT ( 'NONE',  ( 0.2994290064643817528, 0.1162754067885646975, -0.5590000000000001634 ) ) ;
#2231 = UNCERTAINTY_MEASURE_WITH_UNIT (LENGTH_MEASURE( 1.000000000000000082E-05 ), #5643, 'distance_accuracy_value', 'NONE');
#2232 = DIRECTION ( 'NONE',  ( 0.0000000000000000000, -1.000000000000000000, 0.0000000000000000000 ) ) ;
#2233 = ORIENTED_EDGE ( 'NONE', *, *, #749, .T. ) ;
#2234 = STYLED_ITEM ( 'NONE', ( #4203 ), #862 ) ;
#2235 = ORIENTED_EDGE ( 'NONE', *, *, #5805, .T. ) ;
#2236 = ADVANCED_FACE ( 'NONE', ( #4216 ), #2878, .F. ) ;
#2237 = FILL_AREA_STYLE_COLOUR ( '', #2508 ) ;
#2238 = CARTESIAN_POINT ( 'NONE',  ( 0.1885026715440735745, 0.1810633641799087035, -0.5589999999999999414 ) ) ;
#2239 = STYLED_ITEM ( 'NONE', ( #2590 ), #5134 ) ;
#2240 = SURFACE_STYLE_USAGE ( .BOTH. , #3719 ) ;
#2241 = EDGE_CURVE ( 'NONE', #1243, #1740, #6021, .T. ) ;
#2242 = LINE ( 'NONE', #382, #682 ) ;
#2243 = DIRECTION ( 'NONE',  ( 0.0000000000000000000, -0.0000000000000000000, -1.000000000000000000 ) ) ;
#2244 = CARTESIAN_POINT ( 'NONE',  ( 1.268516413204960003, -0.7510063484254827504, -0.5600000000000000533 ) ) ;
#2245 = CARTESIAN_POINT ( 'NONE',  ( -0.5211674221024420461, 0.1213339251203026936, -0.5590000000000000524 ) ) ;
#2246 = CARTESIAN_POINT ( 'NONE',  ( 0.2527627394621428936, 0.1452279401580202911, -0.5590000000000001634 ) ) ;
#2247 =( GEOMETRIC_REPRESENTATION_CONTEXT ( 3 ) GLOBAL_UNCERTAINTY_ASSIGNED_CONTEXT ( ( #6040 ) ) GLOBAL_UNIT_ASSIGNED_CONTEXT ( ( #3274, #5748, #1829 ) ) REPRESENTATION_CONTEXT ( 'NONE', 'WORKASPACE' ) );
#2248 = COLOUR_RGB ( '',0.2509803921568627416, 0.2509803921568627416, 0.2509803921568627416 ) ;
#2249 =( LENGTH_UNIT ( ) NAMED_UNIT ( * ) SI_UNIT ( .MILLI., .METRE. ) );
#2250 = FILL_AREA_STYLE_COLOUR ( '', #3898 ) ;
#2251 = FACE_BOUND ( 'NONE', #4734, .T. ) ;
#2252 = EDGE_CURVE ( 'NONE', #304, #6004, #5863, .T. ) ;
#2253 = SURFACE_STYLE_USAGE ( .BOTH. , #2177 ) ;
#2254 = CARTESIAN_POINT ( 'NONE',  ( 0.1501039990970955418, 0.1716935259120037638, -0.5590000000000001634 ) ) ;
#2255 = FACE_OUTER_BOUND ( 'NONE', #2658, .T. ) ;
#2256 = ORIENTED_EDGE ( 'NONE', *, *, #3598, .T. ) ;
#2257 = UNCERTAINTY_MEASURE_WITH_UNIT (LENGTH_MEASURE( 1.000000000000000082E-05 ), #3803, 'distance_accuracy_value', 'NONE');
#2258 = EDGE_CURVE ( 'NONE', #6060, #4906, #111, .T. ) ;
#2259 = SURFACE_STYLE_USAGE ( .BOTH. , #3743 ) ;
#2260 = PRESENTATION_LAYER_ASSIGNMENT (  '', '', ( #121 ) ) ;
#2261 = VECTOR ( 'NONE', #4352, 1000.000000000000000 ) ;
#2262 = ADVANCED_FACE ( 'NONE', ( #2654 ), #6076, .T. ) ;
#2263 = PRESENTATION_LAYER_ASSIGNMENT (  '', '', ( #1554 ) ) ;
#2264 = SURFACE_STYLE_USAGE ( .BOTH. , #4644 ) ;
#2265 = CARTESIAN_POINT ( 'NONE',  ( 0.04893547423902126770, -0.08811729439189239232, -0.5590000000000000524 ) ) ;
#2266 =( LENGTH_UNIT ( ) NAMED_UNIT ( * ) SI_UNIT ( .MILLI., .METRE. ) );
#2267 = ORIENTED_EDGE ( 'NONE', *, *, #1195, .T. ) ;
#2268 = PRESENTATION_STYLE_ASSIGNMENT (( #4570 ) ) ;
#2269 = CARTESIAN_POINT ( 'NONE',  ( -0.5281246663342384906, 0.1358089423982263844, -0.5600000000000000533 ) ) ;
#2270 = PLANE ( 'NONE',  #2656 ) ;
#2271 = ORIENTED_EDGE ( 'NONE', *, *, #595, .T. ) ;
#2272 =( GEOMETRIC_REPRESENTATION_CONTEXT ( 3 ) GLOBAL_UNCERTAINTY_ASSIGNED_CONTEXT ( ( #5117 ) ) GLOBAL_UNIT_ASSIGNED_CONTEXT ( ( #2967, #154, #1521 ) ) REPRESENTATION_CONTEXT ( 'NONE', 'WORKASPACE' ) );
#2273 = ORIENTED_EDGE ( 'NONE', *, *, #472, .T. ) ;
#2274 =( NAMED_UNIT ( * ) SI_UNIT ( $, .STERADIAN. ) SOLID_ANGLE_UNIT ( ) );
#2275 = SURFACE_SIDE_STYLE ('',( #6017 ) ) ;
#2276 = AXIS2_PLACEMENT_3D ( 'NONE', #2833, #1922, #2344 ) ;
#2277 = ORIENTED_EDGE ( 'NONE', *, *, #3598, .F. ) ;
#2278 = B_SPLINE_CURVE_WITH_KNOTS ( 'NONE', 3,
 ( #2152, #218, #1156, #1622, #1590, #2645, #2581, #3590, #1606, #2104, #3094, #4939, #3566, #5989, #5007, #4552, #5477, #2561, #176 ),
 .UNSPECIFIED., .F., .F.,
 ( 4, 1, 1, 1, 1, 1, 1, 1, 1, 1, 1, 1, 1, 1, 1, 1, 4 ),
 ( 0.0000000000000000000, 0.07082657255516286443, 0.1381690332798000409, 0.2024753315338425896, 0.2639737544135197234, 0.3233803205980374518, 0.3817976227131854028, 0.4393900745193892177, 0.4969027245459974318, 0.5546621696093699816, 0.6127418784921974115, 0.6715388363911721781, 0.7316557220901981351, 0.7942978116139530753, 0.8594822049793584551, 0.9276813254527899177, 1.000000000000000000 ),
 .UNSPECIFIED. ) ;
#2279 = PRESENTATION_STYLE_ASSIGNMENT (( #2795 ) ) ;
#2280 = FILL_AREA_STYLE ('',( #3694 ) ) ;
#2281 = CARTESIAN_POINT ( 'NONE',  ( -0.5256194266289978545, 0.1402342427996901286, -0.5590000000000000524 ) ) ;
#2282 = PRESENTATION_LAYER_ASSIGNMENT (  '', '', ( #3153 ) ) ;
#2283 = DIRECTION ( 'NONE',  ( -0.0000000000000000000, 0.0000000000000000000, -1.000000000000000000 ) ) ;
#2284 = SURFACE_STYLE_FILL_AREA ( #5620 ) ;
#2285 = ORIENTED_EDGE ( 'NONE', *, *, #3364, .T. ) ;
#2286 = FILL_AREA_STYLE ('',( #2229 ) ) ;
#2287 = CARTESIAN_POINT ( 'NONE',  ( -1.427468603509014278, 0.3049999999999999933, 4.912791094074941967E-17 ) ) ;
#2288 =( NAMED_UNIT ( * ) SI_UNIT ( $, .STERADIAN. ) SOLID_ANGLE_UNIT ( ) );
#2289 = CARTESIAN_POINT ( 'NONE',  ( 0.1477159620438993348, -0.1054953431723802126, -0.5590000000000000524 ) ) ;
#2290 = EDGE_CURVE ( 'NONE', #3268, #529, #3403, .T. ) ;
#2291 = CARTESIAN_POINT ( 'NONE',  ( 0.1501039990970955418, 0.1716935259120037638, -0.5600000000000001643 ) ) ;
#2292 = FACE_OUTER_BOUND ( 'NONE', #1232, .T. ) ;
#2293 = VERTEX_POINT ( 'NONE', #368 ) ;
#2294 = MECHANICAL_DESIGN_GEOMETRIC_PRESENTATION_REPRESENTATION (  '', ( #1265 ), #1881 ) ;
#2295 = ADVANCED_FACE ( 'NONE', ( #5348 ), #3650, .T. ) ;
#2296 =( LENGTH_UNIT ( ) NAMED_UNIT ( * ) SI_UNIT ( .MILLI., .METRE. ) );
#2297 = PLANE ( 'NONE',  #692 ) ;
#2298 = AXIS2_PLACEMENT_3D ( 'NONE', #1782, #3702, #2796 ) ;
#2299 = EDGE_CURVE ( 'NONE', #5811, #5703, #1146, .T. ) ;
#2300 = EDGE_LOOP ( 'NONE', ( #1890, #5744, #2227, #3632, #5673, #2114, #5018, #4783, #616, #6026, #5474, #5199 ) ) ;
#2301 = DIRECTION ( 'NONE',  ( 0.0000000000000000000, -1.000000000000000000, 0.0000000000000000000 ) ) ;
#2302 = DIRECTION ( 'NONE',  ( 0.0000000000000000000, -0.0000000000000000000, 1.000000000000000000 ) ) ;
#2303 = EDGE_LOOP ( 'NONE', ( #2615, #5008, #2768, #2218 ) ) ;
#2304 = CARTESIAN_POINT ( 'NONE',  ( 0.2302616937512164119, -0.1247026602455509336, -0.5590000000000000524 ) ) ;
#2305 = ORIENTED_EDGE ( 'NONE', *, *, #2789, .T. ) ;
#2306 = MECHANICAL_DESIGN_GEOMETRIC_PRESENTATION_REPRESENTATION (  '', ( #5017 ), #1162 ) ;
#2307 = CARTESIAN_POINT ( 'NONE',  ( 0.2789200879150437462, 0.1719633046845269464, -0.5589999999999998304 ) ) ;
#2308 = SURFACE_STYLE_USAGE ( .BOTH. , #5608 ) ;
#2309 = CARTESIAN_POINT ( 'NONE',  ( 1.298402254147712265, -0.7235164132049597407, 0.5326146722824298685 ) ) ;
#2310 =( NAMED_UNIT ( * ) PLANE_ANGLE_UNIT ( ) SI_UNIT ( $, .RADIAN. ) );
#2311 = LINE ( 'NONE', #1348, #1932 ) ;
#2312 = STYLED_ITEM ( 'NONE', ( #1292 ), #770 ) ;
#2313 = STYLED_ITEM ( 'NONE', ( #1672 ), #5165 ) ;
#2314 = APPLICATION_CONTEXT ( 'automotive_design' ) ;
#2315 = CARTESIAN_POINT ( 'NONE',  ( -0.06447915990732011604, 0.1789558763398149122, -0.5590000000000000524 ) ) ;
#2316 = SURFACE_STYLE_FILL_AREA ( #5632 ) ;
#2317 = FILL_AREA_STYLE ('',( #4295 ) ) ;
#2318 = ORIENTED_EDGE ( 'NONE', *, *, #545, .F. ) ;
#2319 = VECTOR ( 'NONE', #5349, 1000.000000000000000 ) ;
#2320 = MECHANICAL_DESIGN_GEOMETRIC_PRESENTATION_REPRESENTATION (  '', ( #738 ), #1380 ) ;
#2321 =( LENGTH_UNIT ( ) NAMED_UNIT ( * ) SI_UNIT ( .MILLI., .METRE. ) );
#2322 = SURFACE_STYLE_FILL_AREA ( #2317 ) ;
#2323 = DIRECTION ( 'NONE',  ( 0.0000000000000000000, 0.0000000000000000000, 1.000000000000000000 ) ) ;
#2324 = FILL_AREA_STYLE_COLOUR ( '', #4379 ) ;
#2325 = ORIENTED_EDGE ( 'NONE', *, *, #6102, .F. ) ;
#2326 = CARTESIAN_POINT ( 'NONE',  ( -0.5211674221024420461, 0.1213339251203026936, -0.5600000000000000533 ) ) ;
#2327 = CARTESIAN_POINT ( 'NONE',  ( 0.3049667527171500137, 0.1581789030946081365, -0.5589999999999999414 ) ) ;
#2328 = FILL_AREA_STYLE_COLOUR ( '', #4966 ) ;
#2329 = LINE ( 'NONE', #824, #2490 ) ;
#2330 = AXIS2_PLACEMENT_3D ( 'NONE', #2146, #1679, #5046 ) ;
#2331 = DIRECTION ( 'NONE',  ( 0.0000000000000000000, 0.0000000000000000000, -1.000000000000000000 ) ) ;
#2332 = FILL_AREA_STYLE_COLOUR ( '', #3578 ) ;
#2333 = COLOUR_RGB ( '',1.000000000000000000, 1.000000000000000000, 1.000000000000000000 ) ;
#2334 = EDGE_CURVE ( 'NONE', #5466, #662, #4365, .T. ) ;
#2335 = FACE_OUTER_BOUND ( 'NONE', #495, .T. ) ;
#2336 = CARTESIAN_POINT ( 'NONE',  ( 0.3707929292036752367, 0.01786013785027045636, -0.5590000000000001634 ) ) ;
#2337 = CARTESIAN_POINT ( 'NONE',  ( -1.636612987842788414, 0.3049999999999999933, -0.5100000000000000089 ) ) ;
#2338 = DIRECTION ( 'NONE',  ( -0.9961946980917454342, 0.0000000000000000000, -0.08715574274765894303 ) ) ;
#2339 = SURFACE_STYLE_FILL_AREA ( #1876 ) ;
#2340 = ORIENTED_EDGE ( 'NONE', *, *, #5691, .F. ) ;
#2341 = UNCERTAINTY_MEASURE_WITH_UNIT (LENGTH_MEASURE( 1.000000000000000082E-05 ), #2871, 'distance_accuracy_value', 'NONE');
#2342 = VECTOR ( 'NONE', #1191, 1000.000000000000000 ) ;
#2343 = CARTESIAN_POINT ( 'NONE',  ( 1.295059937738895606, -0.7500599377388956768, -0.2266061262774851370 ) ) ;
#2344 = DIRECTION ( 'NONE',  ( 0.0000000000000000000, 0.0000000000000000000, -1.000000000000000000 ) ) ;
#2345 = AXIS2_PLACEMENT_3D ( 'NONE', #5130, #4665, #2925 ) ;
#2346 = SURFACE_SIDE_STYLE ('',( #1086 ) ) ;
#2347 = ORIENTED_EDGE ( 'NONE', *, *, #5577, .T. ) ;
#2348 = ORIENTED_EDGE ( 'NONE', *, *, #5603, .F. ) ;
#2349 = FILL_AREA_STYLE_COLOUR ( '', #2505 ) ;
#2350 =( NAMED_UNIT ( * ) SI_UNIT ( $, .STERADIAN. ) SOLID_ANGLE_UNIT ( ) );
#2351 = CARTESIAN_POINT ( 'NONE',  ( -0.5902223001512224565, -0.03689778219677045806, -0.5600000000000000533 ) ) ;
#2352 = ORIENTED_EDGE ( 'NONE', *, *, #769, .T. ) ;
#2353 = LINE ( 'NONE', #601, #1540 ) ;
#2354 = APPLICATION_CONTEXT ( 'automotive_design' ) ;
#2355 = LINE ( 'NONE', #1984, #5612 ) ;
#2356 = PRESENTATION_STYLE_ASSIGNMENT (( #475 ) ) ;
#2357 = LINE ( 'NONE', #5430, #2212 ) ;
#2358 = DIRECTION ( 'NONE',  ( 1.000000000000000000, 0.0000000000000000000, -1.243497163265005416E-16 ) ) ;
#2359 = CARTESIAN_POINT ( 'NONE',  ( -0.2995078487507968346, 0.1175397680402132661, -0.5600000000000001643 ) ) ;
#2360 = CARTESIAN_POINT ( 'NONE',  ( -1.268516413204959559, 0.7235164132049596297, -0.5300000000000001377 ) ) ;
#2361 =( GEOMETRIC_REPRESENTATION_CONTEXT ( 3 ) GLOBAL_UNCERTAINTY_ASSIGNED_CONTEXT ( ( #4615 ) ) GLOBAL_UNIT_ASSIGNED_CONTEXT ( ( #1473, #3306, #3347 ) ) REPRESENTATION_CONTEXT ( 'NONE', 'WORKASPACE' ) );
#2362 = EDGE_CURVE ( 'NONE', #2754, #4209, #1374, .T. ) ;
#2363 = LINE ( 'NONE', #829, #3796 ) ;
#2364 =( LENGTH_UNIT ( ) NAMED_UNIT ( * ) SI_UNIT ( .MILLI., .METRE. ) );
#2365 = PRESENTATION_STYLE_ASSIGNMENT (( #4702 ) ) ;
#2366 = EDGE_LOOP ( 'NONE', ( #3491, #5015, #1563, #2806 ) ) ;
#2367 = FILL_AREA_STYLE_COLOUR ( '', #3240 ) ;
#2368 = B_SPLINE_SURFACE_WITH_KNOTS ( 'NONE', 3, 1, ( 
 ( #6000, #5022 ),
 ( #4007, #1653 ),
 ( #3582, #2595 ),
 ( #3559, #5513 ),
 ( #3619, #2636 ),
 ( #187, #4539 ),
 ( #270, #1209 ),
 ( #4498, #211 ),
 ( #5981, #5541 ),
 ( #1637, #4998 ),
 ( #704, #681 ),
 ( #1616, #4577 ),
 ( #4030, #2096 ),
 ( #5061, #2115 ),
 ( #3129, #3602 ),
 ( #1676, #4563 ),
 ( #5467, #1169 ),
 ( #5043, #5560 ),
 ( #3066, #3535 ) ),
 .UNSPECIFIED., .F., .F., .F.,
 ( 4, 1, 1, 1, 1, 1, 1, 1, 1, 1, 1, 1, 1, 1, 1, 1, 4 ),
 ( 2, 2 ),
 ( 0.0000000000000000000, 0.07430379644281587259, 0.1443936103644179458, 0.2104994961032797818, 0.2735426065034681220, 0.3338247445790735179, 0.3925296724085027278, 0.4500874545995853238, 0.5078206115557879485, 0.5654649127768465178, 0.6231487223336197312, 0.6812971927909353687, 0.7409134981565808076, 0.8018557521958579182, 0.8652412377209434124, 0.9309416570467443641, 1.000000000000000000 ),
 ( 0.0000000000000000000, 1.000000000000000000 ),
 .UNSPECIFIED. ) ;
#2369 =( GEOMETRIC_REPRESENTATION_CONTEXT ( 3 ) GLOBAL_UNCERTAINTY_ASSIGNED_CONTEXT ( ( #592 ) ) GLOBAL_UNIT_ASSIGNED_CONTEXT ( ( #3825, #961, #2288 ) ) REPRESENTATION_CONTEXT ( 'NONE', 'WORKASPACE' ) );
#2370 = SURFACE_SIDE_STYLE ('',( #2339 ) ) ;
#2371 = CARTESIAN_POINT ( 'NONE',  ( 0.3708866937512163564, 0.02329657755932710780, -0.5590000000000000524 ) ) ;
#2372 = DIRECTION ( 'NONE',  ( 1.000000000000000000, -0.0000000000000000000, -0.0000000000000000000 ) ) ;
#2373 = EDGE_LOOP ( 'NONE', ( #4028, #4009, #3255, #4970 ) ) ;
#2374 = CARTESIAN_POINT ( 'NONE',  ( 1.268516413204960003, 0.7999999999999999334, -0.5300000000000001377 ) ) ;
#2375 = PLANE ( 'NONE',  #4322 ) ;
#2376 = VERTEX_POINT ( 'NONE', #5060 ) ;
#2377 = VERTEX_POINT ( 'NONE', #3734 ) ;
#2378 = VERTEX_POINT ( 'NONE', #2807 ) ;
#2379 = CARTESIAN_POINT ( 'NONE',  ( -0.3315523306390275038, 0.03187127268127831065, -0.5600000000000000533 ) ) ;
#2380 = CARTESIAN_POINT ( 'NONE',  ( -1.315339464150455662, 0.8002253050932082168, 0.002575248999449005361 ) ) ;
#2381 = EDGE_CURVE ( 'NONE', #6120, #5559, #1654, .T. ) ;
#2382 = ORIENTED_EDGE ( 'NONE', *, *, #2933, .T. ) ;
#2383 = AXIS2_PLACEMENT_3D ( 'NONE', #498, #1860, #4329 ) ;
#2384 = UNCERTAINTY_MEASURE_WITH_UNIT (LENGTH_MEASURE( 1.000000000000000082E-05 ), #1365, 'distance_accuracy_value', 'NONE');
#2385 = STYLED_ITEM ( 'NONE', ( #2268 ), #205 ) ;
#2386 = SURFACE_STYLE_USAGE ( .BOTH. , #2888 ) ;
#2387 =( LENGTH_UNIT ( ) NAMED_UNIT ( * ) SI_UNIT ( .MILLI., .METRE. ) );
#2388 = B_SPLINE_SURFACE_WITH_KNOTS ( 'NONE', 3, 1, ( 
 ( #5917, #1198 ),
 ( #3641, #1713 ),
 ( #3113, #4519 ),
 ( #3132, #4116 ),
 ( #4600, #4580 ),
 ( #4075, #1255 ),
 ( #1658, #707 ),
 ( #5083, #5983 ),
 ( #5002, #1697 ),
 ( #233, #4543 ),
 ( #2202, #6023 ) ),
 .UNSPECIFIED., .F., .F., .F.,
 ( 4, 1, 1, 1, 1, 1, 1, 1, 4 ),
 ( 2, 2 ),
 ( 0.0000000000000000000, 0.1252796967356261115, 0.2494199707420509948, 0.3733567994928191913, 0.4966812787822861841, 0.6202029157439823415, 0.7450863201614561504, 0.8712691950190973866, 1.000000000000000000 ),
 ( 0.0000000000000000000, 1.000000000000000000 ),
 .UNSPECIFIED. ) ;
#2389 = DIRECTION ( 'NONE',  ( 1.000000000000000000, 0.0000000000000000000, 0.0000000000000000000 ) ) ;
#2390 = PRESENTATION_LAYER_ASSIGNMENT (  '', '', ( #4206 ) ) ;
#2391 = SURFACE_STYLE_USAGE ( .BOTH. , #2415 ) ;
#2392 = CARTESIAN_POINT ( 'NONE',  ( -1.268516413204959559, 0.7534022541477120027, -0.5326146722824298685 ) ) ;
#2393 = CARTESIAN_POINT ( 'NONE',  ( -1.344999999999999529, -0.3049999999999999378, -2.600475665993397361E-17 ) ) ;
#2394 = LINE ( 'NONE', #1360, #1648 ) ;
#2395 = DIRECTION ( 'NONE',  ( 1.000000000000000000, 0.0000000000000000000, 0.0000000000000000000 ) ) ;
#2396 = VECTOR ( 'NONE', #25, 1000.000000000000114 ) ;
#2397 = AXIS2_PLACEMENT_3D ( 'NONE', #2710, #6027, #4137 ) ;
#2398 = DIRECTION ( 'NONE',  ( -0.0000000000000000000, 0.0000000000000000000, 1.000000000000000000 ) ) ;
#2399 = SURFACE_STYLE_FILL_AREA ( #4303 ) ;
#2400 = CARTESIAN_POINT ( 'NONE',  ( -0.4376498916146371876, -0.1210441236601850767, -0.5600000000000000533 ) ) ;
#2401 = ORIENTED_EDGE ( 'NONE', *, *, #3199, .F. ) ;
#2402 =( NAMED_UNIT ( * ) PLANE_ANGLE_UNIT ( ) SI_UNIT ( $, .RADIAN. ) );
#2403 = SURFACE_SIDE_STYLE ('',( #6008 ) ) ;
#2404 = FACE_BOUND ( 'NONE', #2206, .T. ) ;
#2405 = PRESENTATION_LAYER_ASSIGNMENT (  '', '', ( #5758 ) ) ;
#2406 = COLOUR_RGB ( '',0.5019607843137254832, 0.5019607843137254832, 0.5019607843137254832 ) ;
#2407 = CARTESIAN_POINT ( 'NONE',  ( 1.576841305957283668, -0.3049999999999999933, -0.4552293445648595283 ) ) ;
#2408 =( LENGTH_UNIT ( ) NAMED_UNIT ( * ) SI_UNIT ( .MILLI., .METRE. ) );
#2409 =( LENGTH_UNIT ( ) NAMED_UNIT ( * ) SI_UNIT ( .MILLI., .METRE. ) );
#2410 = COLOUR_RGB ( '',1.000000000000000000, 1.000000000000000000, 1.000000000000000000 ) ;
#2411 = FACE_OUTER_BOUND ( 'NONE', #1486, .T. ) ;
#2412 =( NAMED_UNIT ( * ) PLANE_ANGLE_UNIT ( ) SI_UNIT ( $, .RADIAN. ) );
#2413 = FACE_OUTER_BOUND ( 'NONE', #3574, .T. ) ;
#2414 = EDGE_CURVE ( 'NONE', #6120, #302, #3109, .T. ) ;
#2415 = SURFACE_SIDE_STYLE ('',( #4670 ) ) ;
#2416 = DIRECTION ( 'NONE',  ( 0.0000000000000000000, 1.000000000000000000, -0.0000000000000000000 ) ) ;
#2417 = ORIENTED_EDGE ( 'NONE', *, *, #3090, .T. ) ;
#2418 = AXIS2_PLACEMENT_3D ( 'NONE', #1127, #3010, #4500 ) ;
#2420 = DIRECTION ( 'NONE',  ( 0.0000000000000000000, 0.0000000000000000000, 1.000000000000000000 ) ) ;
#2419 = VECTOR ( 'NONE', #4019, 1000.000000000000114 ) ;
#2421 = LINE ( 'NONE', #4372, #1234 ) ;
#2422 =( NAMED_UNIT ( * ) SI_UNIT ( $, .STERADIAN. ) SOLID_ANGLE_UNIT ( ) );
#2423 = PRESENTATION_STYLE_ASSIGNMENT (( #2835 ) ) ;
#2424 = VERTEX_POINT ( 'NONE', #3303 ) ;
#2425 = CARTESIAN_POINT ( 'NONE',  ( -0.4662893733219542480, -0.03689778219677045806, -0.5590000000000000524 ) ) ;
#2426 = UNCERTAINTY_MEASURE_WITH_UNIT (LENGTH_MEASURE( 1.000000000000000082E-05 ), #4985, 'distance_accuracy_value', 'NONE');
#2427 = AXIS2_PLACEMENT_3D ( 'NONE', #4348, #4820, #5715 ) ;
#2428 = PLANE ( 'NONE',  #1787 ) ;
#2429 = LINE ( 'NONE', #755, #5956 ) ;
#2430 = EDGE_CURVE ( 'NONE', #5214, #3290, #3549, .T. ) ;
#2431 = VERTEX_POINT ( 'NONE', #1790 ) ;
#2432 = CARTESIAN_POINT ( 'NONE',  ( -0.3136518933949372090, 0.1013894812913345711, -0.5599999999999999423 ) ) ;
#2433 = SURFACE_STYLE_USAGE ( .BOTH. , #1029 ) ;
#2434 = ORIENTED_EDGE ( 'NONE', *, *, #4400, .F. ) ;
#2435 = EDGE_LOOP ( 'NONE', ( #6174, #349, #2978, #4704, #1832, #4423, #3998, #231, #1612, #4262, #4628, #657 ) ) ;
#2436 = CARTESIAN_POINT ( 'NONE',  ( 0.2605314291758150103, -0.1224488086927306152, -0.5590000000000000524 ) ) ;
#2437 = CARTESIAN_POINT ( 'NONE',  ( 0.3228352556045576693, -0.09372166588781026542, -0.5589999999999998304 ) ) ;
#2438 = PRESENTATION_LAYER_ASSIGNMENT (  '', '', ( #206 ) ) ;
#2439 =( NAMED_UNIT ( * ) SI_UNIT ( $, .STERADIAN. ) SOLID_ANGLE_UNIT ( ) );
#2440 = PLANE ( 'NONE',  #86 ) ;
#2441 = VECTOR ( 'NONE', #2823, 1000.000000000000000 ) ;
#2442 = FACE_OUTER_BOUND ( 'NONE', #2074, .T. ) ;
#2443 = STYLED_ITEM ( 'NONE', ( #246 ), #1118 ) ;
#2444 = CARTESIAN_POINT ( 'NONE',  ( 0.3305388969683585310, 0.03038848411046526921, -0.5599999999999999423 ) ) ;
#2445 = CARTESIAN_POINT ( 'NONE',  ( 0.1477159620438993348, -0.1054953431723802126, -0.5600000000000000533 ) ) ;
#2446 = PRESENTATION_LAYER_ASSIGNMENT (  '', '', ( #5221 ) ) ;
#2447 = CARTESIAN_POINT ( 'NONE',  ( 0.2456536906161726208, -0.1243593743704132504, -0.5600000000000001643 ) ) ;
#2448 = CYLINDRICAL_SURFACE ( 'NONE', #4738, 0.02999999999999997113 ) ;
#2449 = VECTOR ( 'NONE', #42, 1000.000000000000000 ) ;
#2450 = ORIENTED_EDGE ( 'NONE', *, *, #1605, .T. ) ;
#2451 = CARTESIAN_POINT ( 'NONE',  ( -1.636612987842788414, 0.3049999999999999933, -0.6100000000000003197 ) ) ;
#2452 = STYLED_ITEM ( 'NONE', ( #5376 ), #4964 ) ;
#2453 = SURFACE_SIDE_STYLE ('',( #4579 ) ) ;
#2454 = CARTESIAN_POINT ( 'NONE',  ( 0.0000000000000000000, -0.7311975589528286745, 0.5590000000000000524 ) ) ;
#2455 = VECTOR ( 'NONE', #3968, 1000.000000000000114 ) ;
#2456 = EDGE_CURVE ( 'NONE', #5590, #2140, #4960, .T. ) ;
#2457 = ORIENTED_EDGE ( 'NONE', *, *, #4637, .T. ) ;
#2458 = ORIENTED_EDGE ( 'NONE', *, *, #383, .F. ) ;
#2459 =( NAMED_UNIT ( * ) SI_UNIT ( $, .STERADIAN. ) SOLID_ANGLE_UNIT ( ) );
#2460 = CARTESIAN_POINT ( 'NONE',  ( -1.427468603509014278, 0.3049999999999999933, 0.1000000000000000472 ) ) ;
#2461 =( LENGTH_UNIT ( ) NAMED_UNIT ( * ) SI_UNIT ( .MILLI., .METRE. ) );
#2462 = SURFACE_STYLE_USAGE ( .BOTH. , #2917 ) ;
#2463 = STYLED_ITEM ( 'NONE', ( #1359 ), #4051 ) ;
#2464 = DIRECTION ( 'NONE',  ( -0.0000000000000000000, -0.0000000000000000000, -1.000000000000000000 ) ) ;
#2465 = VERTEX_POINT ( 'NONE', #5694 ) ;
#2466 = EDGE_CURVE ( 'NONE', #356, #790, #102, .T. ) ;
#2467 = EDGE_LOOP ( 'NONE', ( #741, #2211, #224, #716 ) ) ;
#2468 = FILL_AREA_STYLE_COLOUR ( '', #346 ) ;
#2469 = DIRECTION ( 'NONE',  ( 1.000000000000000000, -0.0000000000000000000, -0.0000000000000000000 ) ) ;
#2470 = DIRECTION ( 'NONE',  ( 1.000000000000000000, 0.0000000000000000000, 0.0000000000000000000 ) ) ;
#2471 = FILL_AREA_STYLE ('',( #531 ) ) ;
#2472 = FILL_AREA_STYLE ('',( #1048 ) ) ;
#2473 = CARTESIAN_POINT ( 'NONE',  ( -0.3261666947247298665, 0.1400460864686211837, -0.5590000000000001634 ) ) ;
#2474 = SURFACE_SIDE_STYLE ('',( #313 ) ) ;
#2475 = CARTESIAN_POINT ( 'NONE',  ( -0.5071620867365884688, 0.1789558763398149122, -0.5590000000000000524 ) ) ;
#2476 = EDGE_CURVE ( 'NONE', #2199, #1037, #987, .T. ) ;
#2477 =( GEOMETRIC_REPRESENTATION_CONTEXT ( 3 ) GLOBAL_UNCERTAINTY_ASSIGNED_CONTEXT ( ( #3965 ) ) GLOBAL_UNIT_ASSIGNED_CONTEXT ( ( #5648, #1831, #4626 ) ) REPRESENTATION_CONTEXT ( 'NONE', 'WORKASPACE' ) );
#2478 =( NAMED_UNIT ( * ) SI_UNIT ( $, .STERADIAN. ) SOLID_ANGLE_UNIT ( ) );
#2479 = LINE ( 'NONE', #5128, #3614 ) ;
#2480 = SURFACE_SIDE_STYLE ('',( #5454 ) ) ;
#2481 = CARTESIAN_POINT ( 'NONE',  ( 0.3603598304961237453, 0.08804669031637396559, -0.5600000000000000533 ) ) ;
#2482 = SURFACE_SIDE_STYLE ('',( #460 ) ) ;
#2483 = DIRECTION ( 'NONE',  ( -0.0000000000000000000, -0.0000000000000000000, -1.000000000000000000 ) ) ;
#2484 = VECTOR ( 'NONE', #1728, 1000.000000000000000 ) ;
#2485 =( NAMED_UNIT ( * ) PLANE_ANGLE_UNIT ( ) SI_UNIT ( $, .RADIAN. ) );
#2486 = VECTOR ( 'NONE', #5281, 1000.000000000000000 ) ;
#2487 = DIRECTION ( 'NONE',  ( 1.000000000000000000, 0.0000000000000000000, 0.0000000000000000000 ) ) ;
#2488 = ORIENTED_EDGE ( 'NONE', *, *, #1624, .T. ) ;
#2489 = CARTESIAN_POINT ( 'NONE',  ( 0.04893547423902126770, 0.01432172999835149528, -0.5600000000000000533 ) ) ;
#2490 = VECTOR ( 'NONE', #5578, 1000.000000000000114 ) ;
#2491 = PRESENTATION_LAYER_ASSIGNMENT (  '', '', ( #1522 ) ) ;
#2492 = DIRECTION ( 'NONE',  ( 0.0000000000000000000, 0.0000000000000000000, -1.000000000000000000 ) ) ;
#2493 = FILL_AREA_STYLE ('',( #1503 ) ) ;
#2494 = DIRECTION ( 'NONE',  ( 1.000000000000000000, 0.0000000000000000000, 8.932347443772616200E-16 ) ) ;
#2495 = ORIENTED_EDGE ( 'NONE', *, *, #1496, .F. ) ;
#2496 = PRESENTATION_LAYER_ASSIGNMENT (  '', '', ( #3699 ) ) ;
#2497 = CARTESIAN_POINT ( 'NONE',  ( 1.345000000000000195, -0.3049999999999999378, 0.0000000000000000000 ) ) ;
#2498 =( LENGTH_UNIT ( ) NAMED_UNIT ( * ) SI_UNIT ( .MILLI., .METRE. ) );
#2499 = CARTESIAN_POINT ( 'NONE',  ( 0.2183142852146310320, 0.1826144129251807413, -0.5600000000000000533 ) ) ;
#2500 = B_SPLINE_SURFACE_WITH_KNOTS ( 'NONE', 3, 1, ( 
 ( #2371, #1084 ),
 ( #5817, #112 ),
 ( #587, #2962 ),
 ( #5873, #131 ),
 ( #3931, #5337 ),
 ( #1987, #4438 ),
 ( #5838, #3007 ),
 ( #3461, #1062 ),
 ( #1105, #91 ),
 ( #3440, #1564 ),
 ( #566, #3478 ),
 ( #1039, #622 ),
 ( #3499, #149 ),
 ( #4422, #3518 ),
 ( #3967, #3025 ),
 ( #2506, #5853 ),
 ( #1541, #2010 ),
 ( #5386, #4456 ),
 ( #2049, #3043 ) ),
 .UNSPECIFIED., .F., .F., .F.,
 ( 4, 1, 1, 1, 1, 1, 1, 1, 1, 1, 1, 1, 1, 1, 1, 1, 4 ),
 ( 2, 2 ),
 ( 0.0000000000000000000, 0.07064371857535416133, 0.1382567155089047262, 0.2033641242175800445, 0.2663240938030567717, 0.3279047615429894758, 0.3887377151730921909, 0.4494235281093024725, 0.5108610114593156171, 0.5720793960475146767, 0.6317344287314453632, 0.6911172105788376818, 0.7503600294901704437, 0.8100329005312620900, 0.8713624508287363124, 0.9344271412311533354, 1.000000000000000000 ),
 ( 0.0000000000000000000, 1.000000000000000000 ),
 .UNSPECIFIED. ) ;
#2501 = EDGE_LOOP ( 'NONE', ( #1601, #2742, #222, #5830, #5320, #724, #3493, #5444 ) ) ;
#2502 = PLANE ( 'NONE',  #729 ) ;
#2503 = CARTESIAN_POINT ( 'NONE',  ( -0.07179623307805192700, -0.08811729439189239232, -0.5590000000000000524 ) ) ;
#2504 = CIRCLE ( 'NONE', #2532, 0.1600000000000000866 ) ;
#2505 = COLOUR_RGB ( '',1.000000000000000000, 1.000000000000000000, 1.000000000000000000 ) ;
#2506 = CARTESIAN_POINT ( 'NONE',  ( 0.2499438813803231962, 0.1801266539902430797, -0.5589999999999999414 ) ) ;
#2507 = ORIENTED_EDGE ( 'NONE', *, *, #137, .F. ) ;
#2508 = COLOUR_RGB ( '',1.000000000000000000, 1.000000000000000000, 1.000000000000000000 ) ;
#2509 = ORIENTED_EDGE ( 'NONE', *, *, #4703, .F. ) ;
#2510 = CARTESIAN_POINT ( 'NONE',  ( 0.5501549864341431784, -0.1210441236601850767, -0.5600000000000000533 ) ) ;
#2511 = CARTESIAN_POINT ( 'NONE',  ( -1.268516413204959115, -0.7235164132049598518, 0.5300000000000001377 ) ) ;
#2512 = VERTEX_POINT ( 'NONE', #469 ) ;
#2513 = DIRECTION ( 'NONE',  ( 0.0000000000000000000, 1.000000000000000000, 0.0000000000000000000 ) ) ;
#2514 = PRESENTATION_LAYER_ASSIGNMENT (  '', '', ( #3089 ) ) ;
#2515 = EDGE_CURVE ( 'NONE', #3657, #2043, #1445, .T. ) ;
#2516 = ORIENTED_EDGE ( 'NONE', *, *, #647, .F. ) ;
#2517 = LINE ( 'NONE', #247, #3428 ) ;
#2518 =( LENGTH_UNIT ( ) NAMED_UNIT ( * ) SI_UNIT ( .MILLI., .METRE. ) );
#2519 = STYLED_ITEM ( 'NONE', ( #2123 ), #168 ) ;
#2520 = VECTOR ( 'NONE', #4851, 1000.000000000000000 ) ;
#2521 = COLOUR_RGB ( '',1.000000000000000000, 1.000000000000000000, 1.000000000000000000 ) ;
#2522 = CARTESIAN_POINT ( 'NONE',  ( -1.296006348425482235, 0.7235164132049596297, 0.5600000000000000533 ) ) ;
#2523 = CARTESIAN_POINT ( 'NONE',  ( 0.2302616937512164119, -0.1247026602455509336, -0.5600000000000000533 ) ) ;
#2524 = MECHANICAL_DESIGN_GEOMETRIC_PRESENTATION_REPRESENTATION (  '', ( #4846 ), #1559 ) ;
#2525 = SURFACE_SIDE_STYLE ('',( #4893 ) ) ;
#2526 =( NAMED_UNIT ( * ) PLANE_ANGLE_UNIT ( ) SI_UNIT ( $, .RADIAN. ) );
#2527 = ADVANCED_FACE ( 'NONE', ( #5503 ), #6119, .F. ) ;
#2528 = PRESENTATION_STYLE_ASSIGNMENT (( #1819 ) ) ;
#2529 = SURFACE_SIDE_STYLE ('',( #1727 ) ) ;
#2530 = COLOUR_RGB ( '',0.2509803921568627416, 0.2509803921568627416, 0.2509803921568627416 ) ;
#2531 = ORIENTED_EDGE ( 'NONE', *, *, #1092, .F. ) ;
#2532 = AXIS2_PLACEMENT_3D ( 'NONE', #5882, #3548, #1608 ) ;
#2533 = DIRECTION ( 'NONE',  ( 0.0000000000000000000, 0.0000000000000000000, 1.000000000000000000 ) ) ;
#2534 = CARTESIAN_POINT ( 'NONE',  ( -0.3717962330780518188, 0.03272874219347342989, -0.5590000000000000524 ) ) ;
#2535 = DIRECTION ( 'NONE',  ( -0.08682659386424781967, 0.08682659386424779191, -0.9924325091389670783 ) ) ;
#2536 = SURFACE_SIDE_STYLE ('',( #836 ) ) ;
#2537 = CARTESIAN_POINT ( 'NONE',  ( -0.07179623307805192700, -0.08811729439189239232, -0.5600000000000000533 ) ) ;
#2538 = ORIENTED_EDGE ( 'NONE', *, *, #1489, .F. ) ;
#2539 = CARTESIAN_POINT ( 'NONE',  ( -1.332648308068758780, -0.7999999999999999334, -2.371692252312040949E-17 ) ) ;
#2540 = AXIS2_PLACEMENT_3D ( 'NONE', #1674, #727, #2655 ) ;
#2541 = VERTEX_POINT ( 'NONE', #2337 ) ;
#2542 = ORIENTED_EDGE ( 'NONE', *, *, #5698, .T. ) ;
#2543 = FILL_AREA_STYLE ('',( #5506 ) ) ;
#2544 = VERTEX_POINT ( 'NONE', #4275 ) ;
#2545 = EDGE_CURVE ( 'NONE', #5306, #662, #3687, .T. ) ;
#2546 = FILL_AREA_STYLE_COLOUR ( '', #3857 ) ;
#2547 = CARTESIAN_POINT ( 'NONE',  ( 0.3380755586341018804, 0.1276701764958617646, -0.5600000000000000533 ) ) ;
#2548 = ORIENTED_EDGE ( 'NONE', *, *, #2553, .T. ) ;
#2549 = AXIS2_PLACEMENT_3D ( 'NONE', #456, #27, #4325 ) ;
#2550 = CARTESIAN_POINT ( 'NONE',  ( -0.06447915990732011604, 0.1460290470715222277, -0.5590000000000000524 ) ) ;
#2551 = SURFACE_STYLE_USAGE ( .BOTH. , #3950 ) ;
#2552 = ADVANCED_FACE ( 'NONE', ( #1066 ), #922, .F. ) ;
#2553 = EDGE_CURVE ( 'NONE', #4333, #5468, #2714, .T. ) ;
#2554 = CARTESIAN_POINT ( 'NONE',  ( 0.2994290064643817528, 0.1162754067885646975, -0.5590000000000001634 ) ) ;
#2555 = CIRCLE ( 'NONE', #2345, 0.03000000000000003011 ) ;
#2556 = FILL_AREA_STYLE ('',( #1178 ) ) ;
#2557 = EDGE_CURVE ( 'NONE', #2128, #2163, #3028, .T. ) ;
#2558 = CARTESIAN_POINT ( 'NONE',  ( -0.3034330913448932687, 0.1567903071250491831, -0.5590000000000000524 ) ) ;
#2559 = COLOUR_RGB ( '',1.000000000000000000, 1.000000000000000000, 1.000000000000000000 ) ;
#2560 = DIRECTION ( 'NONE',  ( 1.000000000000000000, 0.0000000000000000000, 0.0000000000000000000 ) ) ;
#2561 = CARTESIAN_POINT ( 'NONE',  ( -0.3314487958329083717, 0.02725651023008043156, -0.5590000000000000524 ) ) ;
#2562 = PLANE ( 'NONE',  #276 ) ;
#2563 = CIRCLE ( 'NONE', #5977, 0.02999999999999997113 ) ;
#2564 = FILL_AREA_STYLE ('',( #1591 ) ) ;
#2565 = AXIS2_PLACEMENT_3D ( 'NONE', #1455, #4802, #4308 ) ;
#2566 = PRESENTATION_STYLE_ASSIGNMENT (( #3963 ) ) ;
#2567 = ORIENTED_EDGE ( 'NONE', *, *, #623, .T. ) ;
#2568 = SURFACE_SIDE_STYLE ('',( #430 ) ) ;
#2569 = AXIS2_PLACEMENT_3D ( 'NONE', #77, #1047, #2970 ) ;
#2570 =( NAMED_UNIT ( * ) SI_UNIT ( $, .STERADIAN. ) SOLID_ANGLE_UNIT ( ) );
#2571 = DIRECTION ( 'NONE',  ( 1.000000000000000000, 0.0000000000000000000, -0.0000000000000000000 ) ) ;
#2572 = CARTESIAN_POINT ( 'NONE',  ( -1.437430550489931846, -0.3049999999999999933, -0.009128442572523400717 ) ) ;
#2573 = PRESENTATION_STYLE_ASSIGNMENT (( #2164 ) ) ;
#2574 = DIRECTION ( 'NONE',  ( 1.000000000000000000, 0.0000000000000000000, 0.0000000000000000000 ) ) ;
#2575 = DIRECTION ( 'NONE',  ( -0.9961946980917458783, 0.0000000000000000000, 0.08715574274765409968 ) ) ;
#2576 =( GEOMETRIC_REPRESENTATION_CONTEXT ( 3 ) GLOBAL_UNCERTAINTY_ASSIGNED_CONTEXT ( ( #3394 ) ) GLOBAL_UNIT_ASSIGNED_CONTEXT ( ( #4854, #2947, #2906 ) ) REPRESENTATION_CONTEXT ( 'NONE', 'WORKASPACE' ) );
#2577 = CARTESIAN_POINT ( 'NONE',  ( 0.1626746612092974387, 0.1760152762839473917, -0.5600000000000000533 ) ) ;
#2578 = SURFACE_SIDE_STYLE ('',( #3711 ) ) ;
#2579 = EDGE_CURVE ( 'NONE', #2843, #2431, #4201, .T. ) ;
#2580 = ORIENTED_EDGE ( 'NONE', *, *, #595, .F. ) ;
#2581 = CARTESIAN_POINT ( 'NONE',  ( -0.2733269197462125932, -0.07596560956470924109, -0.5590000000000001634 ) ) ;
#2582 = SURFACE_SIDE_STYLE ('',( #3112 ) ) ;
#2583 = CARTESIAN_POINT ( 'NONE',  ( -0.3237416019530189870, 0.08162942077833591770, -0.5590000000000000524 ) ) ;
#2584 = CARTESIAN_POINT ( 'NONE',  ( -0.3546336333434918497, 0.1057874902340749101, -0.5590000000000001634 ) ) ;
#2585 = ADVANCED_FACE ( 'NONE', ( #1944 ), #245, .T. ) ;
#2586 = CARTESIAN_POINT ( 'NONE',  ( 0.3708866937512163564, 0.02329657755932710780, -0.5590000000000000524 ) ) ;
#2587 = COLOUR_RGB ( '',1.000000000000000000, 1.000000000000000000, 1.000000000000000000 ) ;
#2588 = VERTEX_POINT ( 'NONE', #3882 ) ;
#2589 = LINE ( 'NONE', #5032, #2666 ) ;
#2590 = PRESENTATION_STYLE_ASSIGNMENT (( #4382 ) ) ;
#2591 = CARTESIAN_POINT ( 'NONE',  ( -1.537050020299106423, 0.3049999999999999933, -0.0004128682977579932207 ) ) ;
#2592 = ORIENTED_EDGE ( 'NONE', *, *, #3236, .T. ) ;
#2593 = SURFACE_STYLE_USAGE ( .BOTH. , #2094 ) ;
#2594 = EDGE_CURVE ( 'NONE', #4390, #3419, #1290, .T. ) ;
#2595 = CARTESIAN_POINT ( 'NONE',  ( -0.3312629049294128492, 0.04539940183474062280, -0.5599999999999999423 ) ) ;
#2596 = LINE ( 'NONE', #1004, #2674 ) ;
#2597 = SURFACE_STYLE_FILL_AREA ( #5488 ) ;
#2598 = ORIENTED_EDGE ( 'NONE', *, *, #5051, .F. ) ;
#2599 = DIRECTION ( 'NONE',  ( -0.0000000000000000000, -0.0000000000000000000, -1.000000000000000000 ) ) ;
#2600 = FILL_AREA_STYLE_COLOUR ( '', #3289 ) ;
#2601 = ORIENTED_EDGE ( 'NONE', *, *, #4474, .T. ) ;
#2602 = SURFACE_SIDE_STYLE ('',( #2957 ) ) ;
#2603 = VECTOR ( 'NONE', #2487, 1000.000000000000000 ) ;
#2604 = CARTESIAN_POINT ( 'NONE',  ( -0.2610540259877699443, -0.1154585945495556210, -0.5590000000000001634 ) ) ;
#2605 = SURFACE_STYLE_FILL_AREA ( #5686 ) ;
#2606 = CARTESIAN_POINT ( 'NONE',  ( 1.268516413204960003, -0.7235164132049598518, -0.5300000000000001377 ) ) ;
#2607 = SURFACE_SIDE_STYLE ('',( #3048 ) ) ;
#2608 = EDGE_CURVE ( 'NONE', #2023, #5160, #4283, .T. ) ;
#2609 =( GEOMETRIC_REPRESENTATION_CONTEXT ( 3 ) GLOBAL_UNCERTAINTY_ASSIGNED_CONTEXT ( ( #5011 ) ) GLOBAL_UNIT_ASSIGNED_CONTEXT ( ( #941, #2877, #1866 ) ) REPRESENTATION_CONTEXT ( 'NONE', 'WORKASPACE' ) );
#2610 = SURFACE_STYLE_USAGE ( .BOTH. , #2582 ) ;
#2611 = CARTESIAN_POINT ( 'NONE',  ( -0.3714423257215458407, 0.04880034244156434414, -0.5589999999999999414 ) ) ;
#2612 = AXIS2_PLACEMENT_3D ( 'NONE', #677, #1161, #4512 ) ;
#2613 = CARTESIAN_POINT ( 'NONE',  ( 1.840000000000000080, -0.3049999999999999933, -0.6100000000000000977 ) ) ;
#2614 = CARTESIAN_POINT ( 'NONE',  ( -0.3468317615332924264, -0.05645377701572915075, -0.5599999999999998312 ) ) ;
#2615 = ORIENTED_EDGE ( 'NONE', *, *, #5768, .T. ) ;
#2616 = CARTESIAN_POINT ( 'NONE',  ( -1.296006348425481791, -0.7235164132049598518, -0.5600000000000000533 ) ) ;
#2617 = ORIENTED_EDGE ( 'NONE', *, *, #2804, .T. ) ;
#2618 = ADVANCED_FACE ( 'NONE', ( #1139 ), #3829, .T. ) ;
#2619 = VERTEX_POINT ( 'NONE', #3386 ) ;
#2620 = FILL_AREA_STYLE_COLOUR ( '', #2842 ) ;
#2621 = PRESENTATION_LAYER_ASSIGNMENT (  '', '', ( #2707 ) ) ;
#2622 = SURFACE_SIDE_STYLE ('',( #4213 ) ) ;
#2623 = CARTESIAN_POINT ( 'NONE',  ( 0.2939434657500256676, -0.06756745807984614050, -0.5599999999999999423 ) ) ;
#2624 = ORIENTED_EDGE ( 'NONE', *, *, #2036, .F. ) ;
#2625 = DIRECTION ( 'NONE',  ( 0.0000000000000000000, 0.0000000000000000000, -1.000000000000000000 ) ) ;
#2626 = CARTESIAN_POINT ( 'NONE',  ( -0.5269410501512226119, 0.1423705104861564263, -0.5600000000000001643 ) ) ;
#2627 = CARTESIAN_POINT ( 'NONE',  ( -0.5767314464926859285, -0.003970952928477775382, -0.5590000000000000524 ) ) ;
#2628 = CARTESIAN_POINT ( 'NONE',  ( -0.2131643733219542591, -0.08811729439189239232, -0.5590000000000000524 ) ) ;
#2629 = AXIS2_PLACEMENT_3D ( 'NONE', #3430, #3383, #4387 ) ;
#2630 = SURFACE_SIDE_STYLE ('',( #3774 ) ) ;
#2631 = UNCERTAINTY_MEASURE_WITH_UNIT (LENGTH_MEASURE( 1.000000000000000082E-05 ), #2409, 'distance_accuracy_value', 'NONE');
#2632 = EDGE_CURVE ( 'NONE', #1080, #4242, #764, .T. ) ;
#2633 =( LENGTH_UNIT ( ) NAMED_UNIT ( * ) SI_UNIT ( .MILLI., .METRE. ) );
#2634 = CARTESIAN_POINT ( 'NONE',  ( -0.3546398794323914472, -0.04374320390874106984, -0.5600000000000002753 ) ) ;
#2635 = PRESENTATION_LAYER_ASSIGNMENT (  '', '', ( #1265 ) ) ;
#2636 = CARTESIAN_POINT ( 'NONE',  ( -0.3272842451551620790, 0.07043979673564244870, -0.5599999999999999423 ) ) ;
#2637 = SURFACE_STYLE_FILL_AREA ( #1306 ) ;
#2638 = DIRECTION ( 'NONE',  ( 1.000000000000000000, 0.0000000000000000000, 0.0000000000000000000 ) ) ;
#2639 = PRESENTATION_LAYER_ASSIGNMENT (  '', '', ( #2846 ) ) ;
#2640 = EDGE_CURVE ( 'NONE', #4327, #1472, #4951, .T. ) ;
#2641 = SURFACE_STYLE_FILL_AREA ( #2220 ) ;
#2642 = CARTESIAN_POINT ( 'NONE',  ( -0.3156732360605929988, -0.08900187097003554870, -0.5590000000000001634 ) ) ;
#2643 =( NAMED_UNIT ( * ) SI_UNIT ( $, .STERADIAN. ) SOLID_ANGLE_UNIT ( ) );
#2644 = PRESENTATION_LAYER_ASSIGNMENT (  '', '', ( #2519 ) ) ;
#2645 = CARTESIAN_POINT ( 'NONE',  ( -0.2627896036517640144, -0.08047929577744659946, -0.5590000000000000524 ) ) ;
#2646 = DIRECTION ( 'NONE',  ( -1.000000000000000000, 0.0000000000000000000, -1.243497163265005416E-16 ) ) ;
#2647 = CARTESIAN_POINT ( 'NONE',  ( -0.2393537903200950723, -0.08631522258008834936, -0.5599999999999999423 ) ) ;
#2648 = SURFACE_SIDE_STYLE ('',( #712 ) ) ;
#2649 = ORIENTED_EDGE ( 'NONE', *, *, #4703, .T. ) ;
#2650 = ADVANCED_FACE ( 'NONE', ( #4801 ), #4360, .T. ) ;
#2651 = PRESENTATION_LAYER_ASSIGNMENT (  '', '', ( #1279 ) ) ;
#2652 = LINE ( 'NONE', #4484, #1657 ) ;
#2653 = VECTOR ( 'NONE', #1311, 1000.000000000000000 ) ;
#2654 = FACE_OUTER_BOUND ( 'NONE', #5243, .T. ) ;
#2655 = DIRECTION ( 'NONE',  ( 0.0000000000000000000, -0.0000000000000000000, -1.000000000000000000 ) ) ;
#2656 = AXIS2_PLACEMENT_3D ( 'NONE', #859, #5100, #2720 ) ;
#2657 = CARTESIAN_POINT ( 'NONE',  ( -0.2176489664644371824, -0.1209402320473384057, -0.5589999999999999414 ) ) ;
#2658 = EDGE_LOOP ( 'NONE', ( #5389, #2271, #1120, #5679 ) ) ;
#2659 = FILL_AREA_STYLE_COLOUR ( '', #36 ) ;
#2660 = SURFACE_STYLE_FILL_AREA ( #4727 ) ;
#2661 = COLOUR_RGB ( '',0.2509803921568627416, 0.2509803921568627416, 0.2509803921568627416 ) ;
#2662 = MECHANICAL_DESIGN_GEOMETRIC_PRESENTATION_REPRESENTATION (  '', ( #1567 ), #3620 ) ;
#2663 = CARTESIAN_POINT ( 'NONE',  ( -0.1705767208829299386, -0.08811729439189239232, -0.5590000000000000524 ) ) ;
#2664 = EDGE_LOOP ( 'NONE', ( #1068, #1045, #2892, #3216 ) ) ;
#2665 = FILL_AREA_STYLE_COLOUR ( '', #6154 ) ;
#2666 = VECTOR ( 'NONE', #1112, 1000.000000000000000 ) ;
#2667 = LINE ( 'NONE', #2265, #5592 ) ;
#2668 =( GEOMETRIC_REPRESENTATION_CONTEXT ( 3 ) GLOBAL_UNCERTAINTY_ASSIGNED_CONTEXT ( ( #1542 ) ) GLOBAL_UNIT_ASSIGNED_CONTEXT ( ( #208, #227, #4026 ) ) REPRESENTATION_CONTEXT ( 'NONE', 'WORKASPACE' ) );
#2669 = CARTESIAN_POINT ( 'NONE',  ( 0.3143829055214955037, -0.04283609918241855496, -0.5599999999999999423 ) ) ;
#2670 = CARTESIAN_POINT ( 'NONE',  ( -0.05716208673658842998, 0.01432172999835149528, -0.5590000000000000524 ) ) ;
#2671 = UNCERTAINTY_MEASURE_WITH_UNIT (LENGTH_MEASURE( 1.000000000000000082E-05 ), #2633, 'distance_accuracy_value', 'NONE');
#2672 = DIRECTION ( 'NONE',  ( 0.0000000000000000000, -1.000000000000000000, 0.0000000000000000000 ) ) ;
#2673 = CARTESIAN_POINT ( 'NONE',  ( -0.3136518933949372090, 0.1013894812913345711, -0.5589999999999999414 ) ) ;
#2674 = VECTOR ( 'NONE', #4831, 1000.000000000000000 ) ;
#2675 = CARTESIAN_POINT ( 'NONE',  ( -0.2313118205209142852, 0.1785921591405809639, -0.5599999999999999423 ) ) ;
#2676 = ORIENTED_EDGE ( 'NONE', *, *, #5191, .T. ) ;
#2677 = ORIENTED_EDGE ( 'NONE', *, *, #985, .T. ) ;
#2678 = EDGE_LOOP ( 'NONE', ( #4004, #2773, #4176, #964, #2676, #3196, #4601, #1769, #1638, #3640, #3283, #2848 ) ) ;
#2679 = PRESENTATION_LAYER_ASSIGNMENT (  '', '', ( #4029 ) ) ;
#2680 = PRESENTATION_STYLE_ASSIGNMENT (( #509 ) ) ;
#2681 = UNCERTAINTY_MEASURE_WITH_UNIT (LENGTH_MEASURE( 1.000000000000000082E-05 ), #2975, 'distance_accuracy_value', 'NONE');
#2682 = ORIENTED_EDGE ( 'NONE', *, *, #2632, .F. ) ;
#2683 = CARTESIAN_POINT ( 'NONE',  ( -1.296006348425481791, -0.7534022541477122248, 0.5326146722824298685 ) ) ;
#2684 = FILL_AREA_STYLE_COLOUR ( '', #4594 ) ;
#2685 = EDGE_CURVE ( 'NONE', #4497, #1204, #1794, .T. ) ;
#2686 = SURFACE_STYLE_USAGE ( .BOTH. , #2275 ) ;
#2687 = B_SPLINE_SURFACE_WITH_KNOTS ( 'NONE', 3, 1, ( 
 ( #4184, #4202 ),
 ( #1719, #5589 ),
 ( #1706, #5092 ),
 ( #4664, #2716 ),
 ( #5571, #2269 ),
 ( #3213, #3189 ),
 ( #2777, #6112 ) ),
 .UNSPECIFIED., .F., .F., .F.,
 ( 4, 1, 1, 1, 4 ),
 ( 2, 2 ),
 ( 0.0000000000000000000, 0.1744817153170511170, 0.3982857591281124821, 0.6738978473986669826, 1.000000000000000000 ),
 ( 0.0000000000000000000, 1.000000000000000000 ),
 .UNSPECIFIED. ) ;
#2688 = LINE ( 'NONE', #4246, #5820 ) ;
#2689 = SURFACE_STYLE_FILL_AREA ( #3368 ) ;
#2690 = ADVANCED_FACE ( 'NONE', ( #6079 ), #696, .T. ) ;
#2691 = CARTESIAN_POINT ( 'NONE',  ( -0.3239711646951853874, -0.01857970837052773730, -0.5599999999999999423 ) ) ;
#2692 =( NAMED_UNIT ( * ) SI_UNIT ( $, .STERADIAN. ) SOLID_ANGLE_UNIT ( ) );
#2693 = SURFACE_STYLE_FILL_AREA ( #3953 ) ;
#2694 = EDGE_LOOP ( 'NONE', ( #1609, #2233, #599, #1539, #2617, #1349, #2165, #3584 ) ) ;
#2695 =( GEOMETRIC_REPRESENTATION_CONTEXT ( 3 ) GLOBAL_UNCERTAINTY_ASSIGNED_CONTEXT ( ( #1996 ) ) GLOBAL_UNIT_ASSIGNED_CONTEXT ( ( #2756, #858, #3684 ) ) REPRESENTATION_CONTEXT ( 'NONE', 'WORKASPACE' ) );
#2696 = CARTESIAN_POINT ( 'NONE',  ( 1.336251133647407885, 0.3049999999999999378, 0.1000000000000000472 ) ) ;
#2697 = CARTESIAN_POINT ( 'NONE',  ( -0.2190939305741301246, 0.1459411488207938978, -0.5590000000000001634 ) ) ;
#2698 = DIRECTION ( 'NONE',  ( -0.3635424856527064152, -0.9315776194850602376, 0.0000000000000000000 ) ) ;
#2699 = CARTESIAN_POINT ( 'NONE',  ( -1.344999999999999529, -0.3049999999999999378, 0.0000000000000000000 ) ) ;
#2700 = VERTEX_POINT ( 'NONE', #4830 ) ;
#2701 = ADVANCED_FACE ( 'NONE', ( #4810 ), #2562, .T. ) ;
#2702 = CARTESIAN_POINT ( 'NONE',  ( 0.04893547423902126770, 0.04724855926664416061, -0.5590000000000000524 ) ) ;
#2703 = VERTEX_POINT ( 'NONE', #1157 ) ;
#2704 = CARTESIAN_POINT ( 'NONE',  ( -0.2131643733219542591, -0.08811729439189239232, -0.5600000000000000533 ) ) ;
#2705 = VERTEX_POINT ( 'NONE', #5905 ) ;
#2706 = CARTESIAN_POINT ( 'NONE',  ( -0.2733269197462125932, -0.07596560956470924109, -0.5600000000000001643 ) ) ;
#2707 = STYLED_ITEM ( 'NONE', ( #5975 ), #6048 ) ;
#2708 = EDGE_CURVE ( 'NONE', #548, #258, #1803, .T. ) ;
#2709 = ORIENTED_EDGE ( 'NONE', *, *, #5866, .F. ) ;
#2710 = CARTESIAN_POINT ( 'NONE',  ( -0.1303328184439055681, 0.1789558763398149122, -0.5590000000000000524 ) ) ;
#2711 = CARTESIAN_POINT ( 'NONE',  ( 0.2285707267423864042, -0.09167650155209325358, -0.5590000000000000524 ) ) ;
#2712 = CARTESIAN_POINT ( 'NONE',  ( 0.04893547423902126770, -0.08811729439189239232, -0.5600000000000000533 ) ) ;
#2713 =( NAMED_UNIT ( * ) PLANE_ANGLE_UNIT ( ) SI_UNIT ( $, .RADIAN. ) );
#2714 =( BOUNDED_CURVE ( )  B_SPLINE_CURVE ( 3, ( #1430, #967, #3833, #4319 ),
 .UNSPECIFIED., .F., .F. ) 
 B_SPLINE_CURVE_WITH_KNOTS ( ( 4, 4 ),
 ( 5.501585242055409886, 7.064785372303755473 ),
 .UNSPECIFIED. ) 
 CURVE ( )  GEOMETRIC_REPRESENTATION_ITEM ( )  RATIONAL_B_SPLINE_CURVE ( ( 1.000000000000000000, 0.8065248903853452500, 0.8065248903853452500, 1.000000000000000000 ) ) 
 REPRESENTATION_ITEM ( '' )  );
#2715 = PRESENTATION_LAYER_ASSIGNMENT (  '', '', ( #3124 ) ) ;
#2716 = CARTESIAN_POINT ( 'NONE',  ( -0.5292226015184552379, 0.1299788468044631440, -0.5599999999999999423 ) ) ;
#2717 = CARTESIAN_POINT ( 'NONE',  ( 0.1901411312881873261, 0.1471277711513402364, -0.5600000000000001643 ) ) ;
#2718 =( LENGTH_UNIT ( ) NAMED_UNIT ( * ) SI_UNIT ( .MILLI., .METRE. ) );
#2719 = CYLINDRICAL_SURFACE ( 'NONE', #2834, 0.03000000000000007869 ) ;
#2720 = DIRECTION ( 'NONE',  ( -0.0000000000000000000, 0.0000000000000000000, -1.000000000000000000 ) ) ;
#2721 = PRESENTATION_STYLE_ASSIGNMENT (( #6116 ) ) ;
#2722 = ORIENTED_EDGE ( 'NONE', *, *, #6156, .F. ) ;
#2723 = FILL_AREA_STYLE ('',( #828 ) ) ;
#2724 = FACE_OUTER_BOUND ( 'NONE', #1802, .T. ) ;
#2725 = EDGE_CURVE ( 'NONE', #1382, #4453, #549, .T. ) ;
#2726 =( LENGTH_UNIT ( ) NAMED_UNIT ( * ) SI_UNIT ( .MILLI., .METRE. ) );
#2727 = AXIS2_PLACEMENT_3D ( 'NONE', #4289, #3396, #2395 ) ;
#2728 = SURFACE_STYLE_FILL_AREA ( #1852 ) ;
#2729 = ADVANCED_FACE ( 'NONE', ( #5039 ), #4979, .T. ) ;
#2730 = FACE_OUTER_BOUND ( 'NONE', #278, .T. ) ;
#2731 = AXIS2_PLACEMENT_3D ( 'NONE', #740, #1701, #754 ) ;
#2732 = CARTESIAN_POINT ( 'NONE',  ( 0.2994290064643817528, 0.1162754067885646975, -0.5600000000000002753 ) ) ;
#2733 = LINE ( 'NONE', #4035, #399 ) ;
#2734 = VECTOR ( 'NONE', #4171, 1000.000000000000000 ) ;
#2735 = PRESENTATION_LAYER_ASSIGNMENT (  '', '', ( #1244 ) ) ;
#2736 = ORIENTED_EDGE ( 'NONE', *, *, #453, .T. ) ;
#2737 = VECTOR ( 'NONE', #913, 1000.000000000000227 ) ;
#2738 = CARTESIAN_POINT ( 'NONE',  ( 0.2182785536580317820, -0.1245621181812736483, -0.5599999999999999423 ) ) ;
#2739 = SURFACE_STYLE_USAGE ( .BOTH. , #1749 ) ;
#2740 = CARTESIAN_POINT ( 'NONE',  ( 0.1477159620438993348, 0.1707241690227417341, -0.5590000000000000524 ) ) ;
#2741 = MECHANICAL_DESIGN_GEOMETRIC_PRESENTATION_REPRESENTATION (  '', ( #920 ), #5982 ) ;
#2742 = ORIENTED_EDGE ( 'NONE', *, *, #2847, .T. ) ;
#2743 = B_SPLINE_CURVE_WITH_KNOTS ( 'NONE', 3,
 ( #4551, #4789, #5152, #72, #2956, #4843, #5869, #4861, #559, #3982, #1079 ),
 .UNSPECIFIED., .F., .F.,
 ( 4, 1, 1, 1, 1, 1, 1, 1, 4 ),
 ( 0.0000000000000000000, 0.1352946047634291660, 0.2667656579247484339, 0.3948160188358724176, 0.5200516544342456138, 0.6421757029708218267, 0.7626518205584231769, 0.8818340043805016348, 1.000000000000000000 ),
 .UNSPECIFIED. ) ;
#2744 = FACE_BOUND ( 'NONE', #4635, .T. ) ;
#2745 = VERTEX_POINT ( 'NONE', #4042 ) ;
#2746 = PLANE ( 'NONE',  #5575 ) ;
#2747 = UNCERTAINTY_MEASURE_WITH_UNIT (LENGTH_MEASURE( 1.000000000000000082E-05 ), #5347, 'distance_accuracy_value', 'NONE');
#2748 = MECHANICAL_DESIGN_GEOMETRIC_PRESENTATION_REPRESENTATION (  '', ( #5758 ), #3075 ) ;
#2749 = ORIENTED_EDGE ( 'NONE', *, *, #3545, .F. ) ;
#2750 = DIRECTION ( 'NONE',  ( -0.0000000000000000000, -0.0000000000000000000, -1.000000000000000000 ) ) ;
#2751 = CARTESIAN_POINT ( 'NONE',  ( -0.3032907851765423435, -0.09767991464800868107, -0.5590000000000001634 ) ) ;
#2752 = CARTESIAN_POINT ( 'NONE',  ( -1.537050020299106423, 0.3049999999999999933, -0.0004128682977579882334 ) ) ;
#2753 = CARTESIAN_POINT ( 'NONE',  ( 0.2632881888577293661, 0.1415428249743520828, -0.5590000000000000524 ) ) ;
#2754 = VERTEX_POINT ( 'NONE', #1186 ) ;
#2755 = DIRECTION ( 'NONE',  ( -1.000000000000000000, 0.0000000000000000000, 0.0000000000000000000 ) ) ;
#2756 =( LENGTH_UNIT ( ) NAMED_UNIT ( * ) SI_UNIT ( .MILLI., .METRE. ) );
#2757 = EDGE_CURVE ( 'NONE', #3085, #1307, #3638, .T. ) ;
#2758 = ADVANCED_FACE ( 'NONE', ( #2125 ), #2131, .T. ) ;
#2759 = CARTESIAN_POINT ( 'NONE',  ( -0.5249585786112231922, 0.1361986555538391430, -0.5599999999999998312 ) ) ;
#2760 =( NAMED_UNIT ( * ) SI_UNIT ( $, .STERADIAN. ) SOLID_ANGLE_UNIT ( ) );
#2761 = VECTOR ( 'NONE', #5161, 1000.000000000000000 ) ;
#2762 = ORIENTED_EDGE ( 'NONE', *, *, #2456, .F. ) ;
#2763 = CARTESIAN_POINT ( 'NONE',  ( 0.04893547423902126770, 0.01432172999835149528, -0.5590000000000000524 ) ) ;
#2764 = MECHANICAL_DESIGN_GEOMETRIC_PRESENTATION_REPRESENTATION (  '', ( #5004 ), #4238 ) ;
#2765 = EDGE_CURVE ( 'NONE', #1707, #3685, #194, .T. ) ;
#2766 = CARTESIAN_POINT ( 'NONE',  ( 0.1849134043141905936, -0.1200292375370936998, -0.5600000000000001643 ) ) ;
#2767 = VECTOR ( 'NONE', #3538, 1000.000000000000000 ) ;
#2768 = ORIENTED_EDGE ( 'NONE', *, *, #1550, .F. ) ;
#2769 = DIRECTION ( 'NONE',  ( -0.0000000000000000000, -1.000000000000000000, -0.0000000000000000000 ) ) ;
#2770 = VERTEX_POINT ( 'NONE', #649 ) ;
#2771 = DIRECTION ( 'NONE',  ( 0.0000000000000000000, -1.000000000000000000, 0.0000000000000000000 ) ) ;
#2772 = CARTESIAN_POINT ( 'NONE',  ( 0.3289981966861952878, 0.0002985308039202950558, -0.5599999999999999423 ) ) ;
#2773 = ORIENTED_EDGE ( 'NONE', *, *, #4187, .T. ) ;
#2774 = MECHANICAL_DESIGN_GEOMETRIC_PRESENTATION_REPRESENTATION (  '', ( #1279 ), #1474 ) ;
#2775 = CARTESIAN_POINT ( 'NONE',  ( -0.5259692513707348027, 0.1423705104861563986, -0.5600000000000000533 ) ) ;
#2776 = CARTESIAN_POINT ( 'NONE',  ( 0.2300080781941601926, 0.1494287708333347231, -0.5589999999999998304 ) ) ;
#2777 = CARTESIAN_POINT ( 'NONE',  ( -0.5269410501512226119, 0.1423705104861564263, -0.5590000000000001634 ) ) ;
#2778 = DIRECTION ( 'NONE',  ( 1.000000000000000000, 0.0000000000000000000, 0.0000000000000000000 ) ) ;
#2779 = ORIENTED_EDGE ( 'NONE', *, *, #3315, .F. ) ;
#2780 = CARTESIAN_POINT ( 'NONE',  ( 0.1885026715440735745, 0.1810633641799087035, -0.5589999999999999414 ) ) ;
#2781 =( GEOMETRIC_REPRESENTATION_CONTEXT ( 3 ) GLOBAL_UNCERTAINTY_ASSIGNED_CONTEXT ( ( #178 ) ) GLOBAL_UNIT_ASSIGNED_CONTEXT ( ( #3475, #5834, #521 ) ) REPRESENTATION_CONTEXT ( 'NONE', 'WORKASPACE' ) );
#2782 = DIRECTION ( 'NONE',  ( 0.0000000000000000000, -0.0000000000000000000, -1.000000000000000000 ) ) ;
#2783 = VERTEX_POINT ( 'NONE', #718 ) ;
#2784 = SURFACE_SIDE_STYLE ('',( #3397 ) ) ;
#2785 = ORIENTED_EDGE ( 'NONE', *, *, #4590, .T. ) ;
#2786 = CARTESIAN_POINT ( 'NONE',  ( 0.1477159620438993348, 0.1707241690227417341, -0.5590000000000000524 ) ) ;
#2787 = MECHANICAL_DESIGN_GEOMETRIC_PRESENTATION_REPRESENTATION (  '', ( #5229 ), #1914 ) ;
#2788 = SURFACE_STYLE_USAGE ( .BOTH. , #4173 ) ;
#2789 = EDGE_CURVE ( 'NONE', #5160, #5630, #4656, .T. ) ;
#2790 =( NAMED_UNIT ( * ) SI_UNIT ( $, .STERADIAN. ) SOLID_ANGLE_UNIT ( ) );
#2791 = UNCERTAINTY_MEASURE_WITH_UNIT (LENGTH_MEASURE( 1.000000000000000082E-05 ), #3722, 'distance_accuracy_value', 'NONE');
#2792 = ADVANCED_FACE ( 'NONE', ( #5523 ), #3139, .T. ) ;
#2793 = DIRECTION ( 'NONE',  ( -0.0000000000000000000, -1.000000000000000000, -0.0000000000000000000 ) ) ;
#2794 = SPHERICAL_SURFACE ( 'NONE', #6111, 0.02999999999999999889 ) ;
#2795 = SURFACE_STYLE_USAGE ( .BOTH. , #6143 ) ;
#2796 = DIRECTION ( 'NONE',  ( 0.0000000000000000000, 1.000000000000000000, -1.896392994421221496E-13 ) ) ;
#2797 = CARTESIAN_POINT ( 'NONE',  ( -0.3314487958329083717, 0.02725651023008043156, -0.5590000000000000524 ) ) ;
#2798 = PRESENTATION_LAYER_ASSIGNMENT (  '', '', ( #5487 ) ) ;
#2799 =( NAMED_UNIT ( * ) SI_UNIT ( $, .STERADIAN. ) SOLID_ANGLE_UNIT ( ) );
#2800 = VECTOR ( 'NONE', #3896, 1000.000000000000000 ) ;
#2801 = CARTESIAN_POINT ( 'NONE',  ( -1.268516413204959559, 0.7235164132049596297, 0.5300000000000001377 ) ) ;
#2802 = CARTESIAN_POINT ( 'NONE',  ( 0.1549725523089810209, 0.1736697789983465967, -0.5590000000000001634 ) ) ;
#2803 = LINE ( 'NONE', #6136, #1506 ) ;
#2804 = EDGE_CURVE ( 'NONE', #2179, #1327, #2429, .T. ) ;
#2805 = VECTOR ( 'NONE', #5674, 1000.000000000000000 ) ;
#2806 = ORIENTED_EDGE ( 'NONE', *, *, #3567, .T. ) ;
#2807 = CARTESIAN_POINT ( 'NONE',  ( 0.3964964498487773548, -0.08811729439189239232, -0.5590000000000000524 ) ) ;
#2808 = CARTESIAN_POINT ( 'NONE',  ( -0.06447915990732011604, 0.1789558763398149122, -0.5590000000000000524 ) ) ;
#2809 = PRESENTATION_STYLE_ASSIGNMENT (( #171 ) ) ;
#2810 = EDGE_LOOP ( 'NONE', ( #207, #5167, #4491, #4380 ) ) ;
#2811 = FILL_AREA_STYLE_COLOUR ( '', #802 ) ;
#2812 = STYLED_ITEM ( 'NONE', ( #2097 ), #1229 ) ;
#2813 = LINE ( 'NONE', #660, #5055 ) ;
#2814 = DIRECTION ( 'NONE',  ( 0.0000000000000000000, -0.0000000000000000000, 1.000000000000000000 ) ) ;
#2815 = CARTESIAN_POINT ( 'NONE',  ( 0.2237326383055451839, 0.1824883454211447542, -0.5589999999999999414 ) ) ;
#2816 = CARTESIAN_POINT ( 'NONE',  ( 0.1504736610825502807, -0.07412178015749880389, -0.5600000000000000533 ) ) ;
#2817 = ORIENTED_EDGE ( 'NONE', *, *, #5491, .F. ) ;
#2818 = SURFACE_SIDE_STYLE ('',( #4718 ) ) ;
#2819 = DIRECTION ( 'NONE',  ( 1.000000000000000000, 0.0000000000000000000, 0.0000000000000000000 ) ) ;
#2820 = CARTESIAN_POINT ( 'NONE',  ( 0.1549725523089810209, 0.1736697789983465967, -0.5600000000000001643 ) ) ;
#2821 = COLOUR_RGB ( '',0.2509803921568627416, 0.2509803921568627416, 0.2509803921568627416 ) ;
#2822 = SURFACE_STYLE_FILL_AREA ( #3974 ) ;
#2823 = DIRECTION ( 'NONE',  ( -0.0000000000000000000, -1.000000000000000000, -0.0000000000000000000 ) ) ;
#2824 = LINE ( 'NONE', #2393, #4991 ) ;
#2825 = DIRECTION ( 'NONE',  ( 0.08715574274765408580, 0.0000000000000000000, -0.9961946980917458783 ) ) ;
#2826 = PLANE ( 'NONE',  #3778 ) ;
#2827 = ORIENTED_EDGE ( 'NONE', *, *, #6073, .F. ) ;
#2828 = UNCERTAINTY_MEASURE_WITH_UNIT (LENGTH_MEASURE( 1.000000000000000082E-05 ), #1368, 'distance_accuracy_value', 'NONE');
#2829 = SURFACE_STYLE_FILL_AREA ( #4315 ) ;
#2830 = LINE ( 'NONE', #5195, #2441 ) ;
#2831 = ORIENTED_EDGE ( 'NONE', *, *, #4904, .F. ) ;
#2832 = VECTOR ( 'NONE', #3880, 1000.000000000000000 ) ;
#2833 = CARTESIAN_POINT ( 'NONE',  ( -1.427468603509014278, 0.3049999999999999933, -0.009999999999999953371 ) ) ;
#2834 = AXIS2_PLACEMENT_3D ( 'NONE', #3735, #4699, #4837 ) ;
#2835 = SURFACE_STYLE_USAGE ( .BOTH. , #4247 ) ;
#2836 = VECTOR ( 'NONE', #5629, 1000.000000000000000 ) ;
#2837 = CARTESIAN_POINT ( 'NONE',  ( -0.1303328184439055681, 0.1789558763398149122, -0.5590000000000000524 ) ) ;
#2838 =( NAMED_UNIT ( * ) SI_UNIT ( $, .STERADIAN. ) SOLID_ANGLE_UNIT ( ) );
#2839 = CARTESIAN_POINT ( 'NONE',  ( 0.2139512245210665742, -0.09163448863566066305, -0.5590000000000000524 ) ) ;
#2840 = CARTESIAN_POINT ( 'NONE',  ( 0.08917937667804562429, -0.1210441236601850767, -0.5600000000000000533 ) ) ;
#2841 = SURFACE_STYLE_USAGE ( .BOTH. , #5216 ) ;
#2842 = COLOUR_RGB ( '',1.000000000000000000, 1.000000000000000000, 1.000000000000000000 ) ;
#2843 = VERTEX_POINT ( 'NONE', #2712 ) ;
#2844 = CARTESIAN_POINT ( 'NONE',  ( 0.3707929292036752367, 0.01786013785027045636, -0.5600000000000001643 ) ) ;
#2845 =( NAMED_UNIT ( * ) SI_UNIT ( $, .STERADIAN. ) SOLID_ANGLE_UNIT ( ) );
#2846 = STYLED_ITEM ( 'NONE', ( #96 ), #2729 ) ;
#2847 = EDGE_CURVE ( 'NONE', #5468, #2754, #4229, .T. ) ;
#2848 = ORIENTED_EDGE ( 'NONE', *, *, #1649, .F. ) ;
#2849 = PRESENTATION_LAYER_ASSIGNMENT (  '', '', ( #2977 ) ) ;
#2850 = ORIENTED_EDGE ( 'NONE', *, *, #67, .F. ) ;
#2851 = DIRECTION ( 'NONE',  ( -0.0000000000000000000, -0.0000000000000000000, -1.000000000000000000 ) ) ;
#2852 = CARTESIAN_POINT ( 'NONE',  ( -0.3717962330780518188, 0.03272874219347342989, -0.5590000000000000524 ) ) ;
#2853 = SURFACE_SIDE_STYLE ('',( #783 ) ) ;
#2854 = ORIENTED_EDGE ( 'NONE', *, *, #537, .F. ) ;
#2855 = MECHANICAL_DESIGN_GEOMETRIC_PRESENTATION_REPRESENTATION (  '', ( #2190 ), #5420 ) ;
#2856 =( NAMED_UNIT ( * ) PLANE_ANGLE_UNIT ( ) SI_UNIT ( $, .RADIAN. ) );
#2857 = ORIENTED_EDGE ( 'NONE', *, *, #4175, .T. ) ;
#2858 = CARTESIAN_POINT ( 'NONE',  ( -0.1705767208829299386, -0.08811729439189239232, -0.5590000000000000524 ) ) ;
#2859 =( BOUNDED_CURVE ( )  B_SPLINE_CURVE ( 3, ( #1281, #1326, #4624, #6070 ),
 .UNSPECIFIED., .F., .T. ) 
 B_SPLINE_CURVE_WITH_KNOTS ( ( 4, 4 ),
 ( 5.501585242055413438, 7.064785372303748368 ),
 .UNSPECIFIED. ) 
 CURVE ( )  GEOMETRIC_REPRESENTATION_ITEM ( )  RATIONAL_B_SPLINE_CURVE ( ( 1.000000000000000000, 0.8065248903853478035, 0.8065248903853478035, 1.000000000000000000 ) ) 
 REPRESENTATION_ITEM ( '' )  );
#2860 = CARTESIAN_POINT ( 'NONE',  ( 0.1477159620438993626, -0.07256851390408754210, -0.5590000000000001634 ) ) ;
#2861 = SURFACE_STYLE_FILL_AREA ( #5938 ) ;
#2862 = CARTESIAN_POINT ( 'NONE',  ( -1.840000000000000080, -0.3049999999999999933, -0.5100000000000000089 ) ) ;
#2863 = FILL_AREA_STYLE_COLOUR ( '', #6083 ) ;
#2864 = B_SPLINE_CURVE_WITH_KNOTS ( 'NONE', 3,
 ( #731, #6096, #5640, #4633, #2238, #4672, #5137, #5619, #3691, #2254, #2740 ),
 .UNSPECIFIED., .F., .F.,
 ( 4, 1, 1, 1, 1, 1, 1, 1, 4 ),
 ( 0.0000000000000000000, 0.1451868664724697833, 0.2834426109197299426, 0.4165243659288289657, 0.5431811235350828548, 0.6651530826377138883, 0.7813602063127152997, 0.8927566556418089494, 1.000000000000000000 ),
 .UNSPECIFIED. ) ;
#2865 = UNCERTAINTY_MEASURE_WITH_UNIT (LENGTH_MEASURE( 1.000000000000000082E-05 ), #5841, 'distance_accuracy_value', 'NONE');
#2866 = PRESENTATION_LAYER_ASSIGNMENT (  '', '', ( #2452 ) ) ;
#2867 = CARTESIAN_POINT ( 'NONE',  ( 1.296006348425482679, -0.7235164132049598518, 0.5600000000000000533 ) ) ;
#2868 = VECTOR ( 'NONE', #5350, 1000.000000000000114 ) ;
#2869 = FILL_AREA_STYLE ('',( #4757 ) ) ;
#2870 = VECTOR ( 'NONE', #957, 1000.000000000000000 ) ;
#2871 =( LENGTH_UNIT ( ) NAMED_UNIT ( * ) SI_UNIT ( .MILLI., .METRE. ) );
#2872 = ORIENTED_EDGE ( 'NONE', *, *, #5763, .T. ) ;
#2873 = EDGE_CURVE ( 'NONE', #5898, #5045, #563, .T. ) ;
#2874 =( NAMED_UNIT ( * ) PLANE_ANGLE_UNIT ( ) SI_UNIT ( $, .RADIAN. ) );
#2875 = AXIS2_PLACEMENT_3D ( 'NONE', #4194, #4217, #351 ) ;
#2876 = CARTESIAN_POINT ( 'NONE',  ( 0.1477159620438993348, -0.07256851390408752822, -0.5590000000000000524 ) ) ;
#2877 =( NAMED_UNIT ( * ) PLANE_ANGLE_UNIT ( ) SI_UNIT ( $, .RADIAN. ) );
#2878 = CYLINDRICAL_SURFACE ( 'NONE', #877, 0.01000000000000000368 ) ;
#2879 = EDGE_CURVE ( 'NONE', #1316, #5811, #4307, .T. ) ;
#2880 = PRESENTATION_STYLE_ASSIGNMENT (( #3786 ) ) ;
#2881 = FACE_OUTER_BOUND ( 'NONE', #3301, .T. ) ;
#2882 = APPLICATION_CONTEXT ( 'automotive_design' ) ;
#2883 = EDGE_CURVE ( 'NONE', #3668, #1573, #785, .T. ) ;
#2884 = SURFACE_STYLE_FILL_AREA ( #128 ) ;
#2885 = CARTESIAN_POINT ( 'NONE',  ( -0.2396278854759994470, 0.1444333453897458097, -0.5599999999999999423 ) ) ;
#2886 = ORIENTED_EDGE ( 'NONE', *, *, #38, .T. ) ;
#2887 = LINE ( 'NONE', #3035, #2419 ) ;
#2888 = SURFACE_SIDE_STYLE ('',( #1407 ) ) ;
#2889 = CARTESIAN_POINT ( 'NONE',  ( -0.5269410501512226119, 0.1423705104861564263, -0.5600000000000001643 ) ) ;
#2890 = AXIS2_PLACEMENT_3D ( 'NONE', #2960, #5813, #5778 ) ;
#2891 =( NAMED_UNIT ( * ) PLANE_ANGLE_UNIT ( ) SI_UNIT ( $, .RADIAN. ) );
#2892 = ORIENTED_EDGE ( 'NONE', *, *, #383, .T. ) ;
#2893 = COLOUR_RGB ( '',0.2509803921568627416, 0.2509803921568627416, 0.2509803921568627416 ) ;
#2894 = PRESENTATION_STYLE_ASSIGNMENT (( #220 ) ) ;
#2895 = CARTESIAN_POINT ( 'NONE',  ( -0.5902223001512224565, -0.03689778219677045806, -0.5590000000000000524 ) ) ;
#2896 = ORIENTED_EDGE ( 'NONE', *, *, #2091, .F. ) ;
#2897 = STYLED_ITEM ( 'NONE', ( #5579 ), #758 ) ;
#2898 = CARTESIAN_POINT ( 'NONE',  ( 0.2034176599687627929, -0.09067209615100249587, -0.5599999999999998312 ) ) ;
#2899 = SURFACE_STYLE_USAGE ( .BOTH. , #1989 ) ;
#2900 = PRESENTATION_STYLE_ASSIGNMENT (( #3117 ) ) ;
#2901 =( NAMED_UNIT ( * ) SI_UNIT ( $, .STERADIAN. ) SOLID_ANGLE_UNIT ( ) );
#2902 = VERTEX_POINT ( 'NONE', #1217 ) ;
#2903 = COLOUR_RGB ( '',0.2509803921568627416, 0.2509803921568627416, 0.2509803921568627416 ) ;
#2904 = ORIENTED_EDGE ( 'NONE', *, *, #4351, .F. ) ;
#2905 =( BOUNDED_CURVE ( )  B_SPLINE_CURVE ( 3, ( #5915, #4947, #3068, #1147 ),
 .UNSPECIFIED., .F., .F. ) 
 B_SPLINE_CURVE_WITH_KNOTS ( ( 4, 4 ),
 ( 5.501585242055420544, 7.064785372303755473 ),
 .UNSPECIFIED. ) 
 CURVE ( )  GEOMETRIC_REPRESENTATION_ITEM ( )  RATIONAL_B_SPLINE_CURVE ( ( 1.000000000000000000, 0.8065248903853478035, 0.8065248903853478035, 1.000000000000000000 ) ) 
 REPRESENTATION_ITEM ( '' )  );
#2906 =( NAMED_UNIT ( * ) SI_UNIT ( $, .STERADIAN. ) SOLID_ANGLE_UNIT ( ) );
#2907 = MECHANICAL_DESIGN_GEOMETRIC_PRESENTATION_REPRESENTATION (  '', ( #3515 ), #534 ) ;
#2908 = LINE ( 'NONE', #4180, #5889 ) ;
#2909 = DIRECTION ( 'NONE',  ( 0.0000000000000000000, -1.000000000000000000, 0.0000000000000000000 ) ) ;
#2910 = CARTESIAN_POINT ( 'NONE',  ( -1.576841305957283668, 0.3049999999999999933, -0.4552293445648595283 ) ) ;
#2911 = EDGE_CURVE ( 'NONE', #5559, #5898, #4675, .T. ) ;
#2912 = PRODUCT_DEFINITION_SHAPE ( 'NONE', 'NONE',  #1714 ) ;
#2913 = SURFACE_STYLE_USAGE ( .BOTH. , #1453 ) ;
#2914 = ORIENTED_EDGE ( 'NONE', *, *, #2545, .F. ) ;
#2915 = DIRECTION ( 'NONE',  ( -0.0000000000000000000, -0.0000000000000000000, -1.000000000000000000 ) ) ;
#2916 = DIRECTION ( 'NONE',  ( 0.08682659386424779191, -0.08682659386424779191, -0.9924325091389670783 ) ) ;
#2917 = SURFACE_SIDE_STYLE ('',( #317 ) ) ;
#2918 = PRESENTATION_LAYER_ASSIGNMENT (  '', '', ( #4709 ) ) ;
#2919 =( NAMED_UNIT ( * ) SI_UNIT ( $, .STERADIAN. ) SOLID_ANGLE_UNIT ( ) );
#2920 = CARTESIAN_POINT ( 'NONE',  ( -0.2119067513707348360, -0.1210441236601850767, -0.5590000000000000524 ) ) ;
#2921 = CARTESIAN_POINT ( 'NONE',  ( 0.5099110839951188634, -0.08811729439189239232, -0.5590000000000000524 ) ) ;
#2922 = EDGE_CURVE ( 'NONE', #3667, #356, #638, .T. ) ;
#2923 = EDGE_LOOP ( 'NONE', ( #4632, #1918, #5065, #1811 ) ) ;
#2924 = CARTESIAN_POINT ( 'NONE',  ( -1.636612987842788414, 0.3049999999999999933, -0.4500000000000001776 ) ) ;
#2925 = DIRECTION ( 'NONE',  ( 0.9961946980917454342, 0.0000000000000000000, 0.08715574274765894303 ) ) ;
#2926 = VERTEX_POINT ( 'NONE', #2696 ) ;
#2927 = ORIENTED_EDGE ( 'NONE', *, *, #818, .T. ) ;
#2928 = SURFACE_STYLE_USAGE ( .BOTH. , #2996 ) ;
#2929 = CARTESIAN_POINT ( 'NONE',  ( -0.2471590637767539511, 0.1767624725676976705, -0.5600000000000003864 ) ) ;
#2930 = VERTEX_POINT ( 'NONE', #299 ) ;
#2931 = CARTESIAN_POINT ( 'NONE',  ( -0.2148221477121982081, 0.1460290470715222277, -0.5600000000000000533 ) ) ;
#2932 =( NAMED_UNIT ( * ) PLANE_ANGLE_UNIT ( ) SI_UNIT ( $, .RADIAN. ) );
#2933 = EDGE_CURVE ( 'NONE', #1740, #1698, #3190, .T. ) ;
#2934 = EDGE_LOOP ( 'NONE', ( #3319, #3443, #492, #5375 ) ) ;
#2935 = MECHANICAL_DESIGN_GEOMETRIC_PRESENTATION_REPRESENTATION (  '', ( #1507 ), #5701 ) ;
#2936 = ORIENTED_EDGE ( 'NONE', *, *, #4297, .F. ) ;
#2937 = CARTESIAN_POINT ( 'NONE',  ( 0.2878734510810257996, -0.1147773319301269163, -0.5589999999999999414 ) ) ;
#2938 = CARTESIAN_POINT ( 'NONE',  ( 0.2746063122098372777, -0.1192590542237073198, -0.5600000000000003864 ) ) ;
#2939 = SURFACE_SIDE_STYLE ('',( #3768 ) ) ;
#2940 = DIRECTION ( 'NONE',  ( 1.000000000000000000, 0.0000000000000000000, -0.0000000000000000000 ) ) ;
#2941 = PRESENTATION_LAYER_ASSIGNMENT (  '', '', ( #2069 ) ) ;
#2942 = UNCERTAINTY_MEASURE_WITH_UNIT (LENGTH_MEASURE( 1.000000000000000082E-05 ), #2122, 'distance_accuracy_value', 'NONE');
#2943 = CARTESIAN_POINT ( 'NONE',  ( 0.04893547423902126770, -0.08811729439189239232, -0.5590000000000000524 ) ) ;
#2944 = LINE ( 'NONE', #514, #1646 ) ;
#2945 = CARTESIAN_POINT ( 'NONE',  ( 0.3708866937512163564, 0.02329657755932710780, -0.5600000000000000533 ) ) ;
#2946 =( GEOMETRIC_REPRESENTATION_CONTEXT ( 3 ) GLOBAL_UNCERTAINTY_ASSIGNED_CONTEXT ( ( #5558 ) ) GLOBAL_UNIT_ASSIGNED_CONTEXT ( ( #2498, #1033, #2003 ) ) REPRESENTATION_CONTEXT ( 'NONE', 'WORKASPACE' ) );
#2947 =( NAMED_UNIT ( * ) PLANE_ANGLE_UNIT ( ) SI_UNIT ( $, .RADIAN. ) );
#2948 = VECTOR ( 'NONE', #5413, 1000.000000000000000 ) ;
#2949 = CARTESIAN_POINT ( 'NONE',  ( 0.5099110839951188634, 0.1789558763398149122, -0.5590000000000000524 ) ) ;
#2950 =( GEOMETRIC_REPRESENTATION_CONTEXT ( 3 ) GLOBAL_UNCERTAINTY_ASSIGNED_CONTEXT ( ( #4394 ) ) GLOBAL_UNIT_ASSIGNED_CONTEXT ( ( #1814, #3815, #451 ) ) REPRESENTATION_CONTEXT ( 'NONE', 'WORKASPACE' ) );
#2951 = VECTOR ( 'NONE', #840, 1000.000000000000000 ) ;
#2952 = ORIENTED_EDGE ( 'NONE', *, *, #3287, .T. ) ;
#2953 = VECTOR ( 'NONE', #5009, 1000.000000000000000 ) ;
#2954 = SURFACE_STYLE_USAGE ( .BOTH. , #4416 ) ;
#2955 = CARTESIAN_POINT ( 'NONE',  ( 0.3328507490020746751, -0.08427541857796910785, -0.5600000000000002753 ) ) ;
#2956 = CARTESIAN_POINT ( 'NONE',  ( 0.1932145913342179777, -0.08922363035649405472, -0.5600000000000003864 ) ) ;
#2957 = SURFACE_STYLE_FILL_AREA ( #3310 ) ;
#2958 = CARTESIAN_POINT ( 'NONE',  ( 0.1992417168902546054, 0.1485727543651844951, -0.5589999999999999414 ) ) ;
#2959 = DIRECTION ( 'NONE',  ( 0.0000000000000000000, 0.0000000000000000000, 1.000000000000000000 ) ) ;
#2960 = CARTESIAN_POINT ( 'NONE',  ( -1.268516413204959559, 0.7235164132049596297, 0.5300000000000001377 ) ) ;
#2961 = EDGE_CURVE ( 'NONE', #5877, #6060, #3263, .T. ) ;
#2962 = CARTESIAN_POINT ( 'NONE',  ( 0.3705003280246997321, 0.04055613636284249868, -0.5599999999999992761 ) ) ;
#2963 = ORIENTED_EDGE ( 'NONE', *, *, #5005, .T. ) ;
#2964 = DIRECTION ( 'NONE',  ( -1.000000000000000000, -0.0000000000000000000, -0.0000000000000000000 ) ) ;
#2965 = FACE_OUTER_BOUND ( 'NONE', #4612, .T. ) ;
#2966 = CARTESIAN_POINT ( 'NONE',  ( 0.3687077006857065187, -0.008299042712476920741, -0.5600000000000001643 ) ) ;
#2967 =( LENGTH_UNIT ( ) NAMED_UNIT ( * ) SI_UNIT ( .MILLI., .METRE. ) );
#2968 = PRESENTATION_STYLE_ASSIGNMENT (( #5789 ) ) ;
#2969 = VERTEX_POINT ( 'NONE', #3211 ) ;
#2970 = DIRECTION ( 'NONE',  ( 1.000000000000000000, 0.0000000000000000000, -0.0000000000000000000 ) ) ;
#2971 = MECHANICAL_DESIGN_GEOMETRIC_PRESENTATION_REPRESENTATION (  '', ( #4447 ), #473 ) ;
#2972 = CARTESIAN_POINT ( 'NONE',  ( -0.2313118205209142852, 0.1785921591405809639, -0.5599999999999999423 ) ) ;
#2973 = SURFACE_STYLE_FILL_AREA ( #2493 ) ;
#2974 = EDGE_CURVE ( 'NONE', #2377, #3910, #5802, .T. ) ;
#2975 =( LENGTH_UNIT ( ) NAMED_UNIT ( * ) SI_UNIT ( .MILLI., .METRE. ) );
#2976 =( NAMED_UNIT ( * ) SI_UNIT ( $, .STERADIAN. ) SOLID_ANGLE_UNIT ( ) );
#2977 = STYLED_ITEM ( 'NONE', ( #1314 ), #266 ) ;
#2978 = ORIENTED_EDGE ( 'NONE', *, *, #4101, .T. ) ;
#2979 = CARTESIAN_POINT ( 'NONE',  ( 0.3562270431625996214, -0.05001495972617470143, -0.5590000000000000524 ) ) ;
#2980 = AXIS2_PLACEMENT_3D ( 'NONE', #3269, #3744, #2814 ) ;
#2981 = CARTESIAN_POINT ( 'NONE',  ( 0.3279674862869053076, 0.1389807243019586525, -0.5599999999999998312 ) ) ;
#2982 = DIRECTION ( 'NONE',  ( -0.0000000000000000000, 1.000000000000000000, -0.0000000000000000000 ) ) ;
#2983 = VERTEX_POINT ( 'NONE', #358 ) ;
#2984 = CARTESIAN_POINT ( 'NONE',  ( 1.268516413204959781, -0.7235164132049598518, 0.5600000000000000533 ) ) ;
#2985 = VERTEX_POINT ( 'NONE', #1366 ) ;
#2986 = SURFACE_STYLE_FILL_AREA ( #5443 ) ;
#2987 =( GEOMETRIC_REPRESENTATION_CONTEXT ( 3 ) GLOBAL_UNCERTAINTY_ASSIGNED_CONTEXT ( ( #1405 ) ) GLOBAL_UNIT_ASSIGNED_CONTEXT ( ( #56, #4812, #3873 ) ) REPRESENTATION_CONTEXT ( 'NONE', 'WORKASPACE' ) );
#2988 =( NAMED_UNIT ( * ) SI_UNIT ( $, .STERADIAN. ) SOLID_ANGLE_UNIT ( ) );
#2989 =( LENGTH_UNIT ( ) NAMED_UNIT ( * ) SI_UNIT ( .MILLI., .METRE. ) );
#2990 =( GEOMETRIC_REPRESENTATION_CONTEXT ( 3 ) GLOBAL_UNCERTAINTY_ASSIGNED_CONTEXT ( ( #5999 ) ) GLOBAL_UNIT_ASSIGNED_CONTEXT ( ( #594, #139, #2017 ) ) REPRESENTATION_CONTEXT ( 'NONE', 'WORKASPACE' ) );
#2991 =( NAMED_UNIT ( * ) SI_UNIT ( $, .STERADIAN. ) SOLID_ANGLE_UNIT ( ) );
#2992 = VECTOR ( 'NONE', #4864, 1000.000000000000000 ) ;
#2993 = DIRECTION ( 'NONE',  ( 0.0000000000000000000, 0.0000000000000000000, 1.000000000000000000 ) ) ;
#2994 = COLOUR_RGB ( '',0.2509803921568627416, 0.2509803921568627416, 0.2509803921568627416 ) ;
#2995 = DIRECTION ( 'NONE',  ( 0.9961946980917454342, 0.0000000000000000000, -0.08715574274765894303 ) ) ;
#2996 = SURFACE_SIDE_STYLE ('',( #3110 ) ) ;
#2997 = DIRECTION ( 'NONE',  ( -1.000000000000000000, 7.255624324323616620E-15, 0.0000000000000000000 ) ) ;
#2998 = AXIS2_PLACEMENT_3D ( 'NONE', #4926, #1635, #5509 ) ;
#2999 = DIRECTION ( 'NONE',  ( 0.0000000000000000000, 0.0000000000000000000, -1.000000000000000000 ) ) ;
#3000 = PRESENTATION_STYLE_ASSIGNMENT (( #1176 ) ) ;
#3001 = ORIENTED_EDGE ( 'NONE', *, *, #431, .F. ) ;
#3002 = ORIENTED_EDGE ( 'NONE', *, *, #617, .T. ) ;
#3003 = CARTESIAN_POINT ( 'NONE',  ( 1.840000000000000080, 0.3049999999999999933, -0.6100000000000000977 ) ) ;
#3004 = FILL_AREA_STYLE_COLOUR ( '', #6022 ) ;
#3005 = AXIS2_PLACEMENT_3D ( 'NONE', #2029, #5940, #1619 ) ;
#3006 = ORIENTED_EDGE ( 'NONE', *, *, #5847, .F. ) ;
#3007 = CARTESIAN_POINT ( 'NONE',  ( 0.3542819234305560339, 0.1021272321914985931, -0.5599999999999993872 ) ) ;
#3008 = EDGE_CURVE ( 'NONE', #2588, #3085, #857, .T. ) ;
#3009 = EDGE_LOOP ( 'NONE', ( #3201, #4627, #4115, #1401 ) ) ;
#3010 = DIRECTION ( 'NONE',  ( 0.0000000000000000000, 0.9961946980917455452, 0.08715574274765836016 ) ) ;
#3011 = CARTESIAN_POINT ( 'NONE',  ( 1.268516413204960003, 0.7235164132049596297, -0.5600000000000000533 ) ) ;
#3012 = EDGE_LOOP ( 'NONE', ( #879, #5070, #447, #4181 ) ) ;
#3013 = DIRECTION ( 'NONE',  ( -0.3635424856527064152, -0.9315776194850602376, 0.0000000000000000000 ) ) ;
#3014 = FILL_AREA_STYLE ('',( #1093 ) ) ;
#3015 = SURFACE_SIDE_STYLE ('',( #2042 ) ) ;
#3016 = EDGE_LOOP ( 'NONE', ( #2071, #4589, #3225, #3079, #3773, #5395 ) ) ;
#3017 = SURFACE_STYLE_USAGE ( .BOTH. , #1549 ) ;
#3018 = FACE_OUTER_BOUND ( 'NONE', #1849, .T. ) ;
#3019 = MECHANICAL_DESIGN_GEOMETRIC_PRESENTATION_REPRESENTATION (  '', ( #6126 ), #3244 ) ;
#3020 = CARTESIAN_POINT ( 'NONE',  ( 0.2878734510810257996, -0.1147773319301269163, -0.5599999999999999423 ) ) ;
#3021 = DIRECTION ( 'NONE',  ( -1.000000000000000000, 0.0000000000000000000, -1.243497163265005416E-16 ) ) ;
#3022 = CARTESIAN_POINT ( 'NONE',  ( 0.2080166281730857492, 0.1825405965750940829, -0.5599999999999999423 ) ) ;
#3023 = UNCERTAINTY_MEASURE_WITH_UNIT (LENGTH_MEASURE( 1.000000000000000082E-05 ), #2387, 'distance_accuracy_value', 'NONE');
#3024 = CARTESIAN_POINT ( 'NONE',  ( 0.3306427913121919859, 0.02575465682761977210, -0.5590000000000000524 ) ) ;
#3025 = CARTESIAN_POINT ( 'NONE',  ( 0.2647795155146180912, 0.1767144835439433959, -0.5599999999999993872 ) ) ;
#3026 = CARTESIAN_POINT ( 'NONE',  ( -0.4764075135658568105, -0.003970952928477775382, -0.5590000000000000524 ) ) ;
#3027 = DIRECTION ( 'NONE',  ( -0.0000000000000000000, 1.000000000000000000, 0.0000000000000000000 ) ) ;
#3028 = LINE ( 'NONE', #949, #1502 ) ;
#3029 = ORIENTED_EDGE ( 'NONE', *, *, #3545, .T. ) ;
#3030 = CARTESIAN_POINT ( 'NONE',  ( -0.3376931789691472452, 0.1291345637138614777, -0.5590000000000002744 ) ) ;
#3031 = FILL_AREA_STYLE_COLOUR ( '', #5343 ) ;
#3032 = CYLINDRICAL_SURFACE ( 'NONE', #3817, 0.02999999999999997113 ) ;
#3033 =( GEOMETRIC_REPRESENTATION_CONTEXT ( 3 ) GLOBAL_UNCERTAINTY_ASSIGNED_CONTEXT ( ( #438 ) ) GLOBAL_UNIT_ASSIGNED_CONTEXT ( ( #3325, #3837, #457 ) ) REPRESENTATION_CONTEXT ( 'NONE', 'WORKASPACE' ) );
#3034 = EDGE_CURVE ( 'NONE', #4327, #2843, #2667, .T. ) ;
#3035 = CARTESIAN_POINT ( 'NONE',  ( -1.315339464150455218, -0.8002253050932084388, -0.002575248999449003626 ) ) ;
#3036 = ADVANCED_FACE ( 'NONE', ( #3412 ), #397, .T. ) ;
#3037 =( NAMED_UNIT ( * ) PLANE_ANGLE_UNIT ( ) SI_UNIT ( $, .RADIAN. ) );
#3038 = VECTOR ( 'NONE', #1964, 1000.000000000000114 ) ;
#3039 = CARTESIAN_POINT ( 'NONE',  ( 0.1562018413481278400, -0.1101792030519371524, -0.5590000000000001634 ) ) ;
#3040 =( LENGTH_UNIT ( ) NAMED_UNIT ( * ) SI_UNIT ( .MILLI., .METRE. ) );
#3041 = ORIENTED_EDGE ( 'NONE', *, *, #1150, .F. ) ;
#3042 = VECTOR ( 'NONE', #4959, 1000.000000000000000 ) ;
#3043 = CARTESIAN_POINT ( 'NONE',  ( 0.2183142852146310320, 0.1826144129251807413, -0.5599999999999991651 ) ) ;
#3044 =( NAMED_UNIT ( * ) SI_UNIT ( $, .STERADIAN. ) SOLID_ANGLE_UNIT ( ) );
#3045 = COLOUR_RGB ( '',1.000000000000000000, 1.000000000000000000, 1.000000000000000000 ) ;
#3046 = ORIENTED_EDGE ( 'NONE', *, *, #5, .F. ) ;
#3047 = CARTESIAN_POINT ( 'NONE',  ( -1.032390010713868378, -0.3049999999999999933, 0.1000000000000000056 ) ) ;
#3048 = SURFACE_STYLE_FILL_AREA ( #1185 ) ;
#3049 = CIRCLE ( 'NONE', #2205, 0.1600000000000000866 ) ;
#3050 = CARTESIAN_POINT ( 'NONE',  ( -1.032390010713868378, 0.3049999999999999933, 0.0000000000000000000 ) ) ;
#3051 = SURFACE_SIDE_STYLE ('',( #1460 ) ) ;
#3052 = ORIENTED_EDGE ( 'NONE', *, *, #1296, .F. ) ;
#3053 = EDGE_CURVE ( 'NONE', #237, #2783, #4700, .T. ) ;
#3054 = PRESENTATION_LAYER_ASSIGNMENT (  '', '', ( #6126 ) ) ;
#3055 =( NAMED_UNIT ( * ) SI_UNIT ( $, .STERADIAN. ) SOLID_ANGLE_UNIT ( ) );
#3056 = VERTEX_POINT ( 'NONE', #2775 ) ;
#3057 = VECTOR ( 'NONE', #2964, 1000.000000000000000 ) ;
#3058 = PRESENTATION_LAYER_ASSIGNMENT (  '', '', ( #3288 ) ) ;
#3059 = CARTESIAN_POINT ( 'NONE',  ( -0.06447915990732011604, 0.1460290470715222277, -0.5590000000000000524 ) ) ;
#3060 = ORIENTED_EDGE ( 'NONE', *, *, #4666, .F. ) ;
#3061 = FACE_OUTER_BOUND ( 'NONE', #3766, .T. ) ;
#3062 = SURFACE_STYLE_FILL_AREA ( #3280 ) ;
#3063 = LINE ( 'NONE', #3050, #2055 ) ;
#3064 = AXIS2_PLACEMENT_3D ( 'NONE', #387, #899, #2358 ) ;
#3065 = CARTESIAN_POINT ( 'NONE',  ( -0.2610540259877699443, -0.1154585945495556210, -0.5600000000000001643 ) ) ;
#3066 = CARTESIAN_POINT ( 'NONE',  ( -0.2148221477121982081, 0.1460290470715222277, -0.5590000000000000524 ) ) ;
#3067 = SURFACE_STYLE_FILL_AREA ( #3675 ) ;
#3068 = CARTESIAN_POINT ( 'NONE',  ( -1.332648308068759224, 0.7999999999999998224, 5.505714157152952204E-18 ) ) ;
#3069 = ADVANCED_FACE ( 'NONE', ( #1673 ), #6109, .T. ) ;
#3070 = CARTESIAN_POINT ( 'NONE',  ( 0.1549725523089810209, 0.1736697789983465967, -0.5600000000000001643 ) ) ;
#3071 = CARTESIAN_POINT ( 'NONE',  ( -1.049872501134293756, 0.7235164132049596297, 0.5300000000000001377 ) ) ;
#3072 = VERTEX_POINT ( 'NONE', #1408 ) ;
#3073 = CARTESIAN_POINT ( 'NONE',  ( 1.427468603509014278, 0.3049999999999999933, -0.009999999999999953371 ) ) ;
#3074 = DIRECTION ( 'NONE',  ( -1.000000000000000000, 6.323693270844069548E-16, 7.228014483236703064E-15 ) ) ;
#3075 =( GEOMETRIC_REPRESENTATION_CONTEXT ( 3 ) GLOBAL_UNCERTAINTY_ASSIGNED_CONTEXT ( ( #401 ) ) GLOBAL_UNIT_ASSIGNED_CONTEXT ( ( #3284, #6177, #6121 ) ) REPRESENTATION_CONTEXT ( 'NONE', 'WORKASPACE' ) );
#3076 = VERTEX_POINT ( 'NONE', #5212 ) ;
#3077 = ADVANCED_FACE ( 'NONE', ( #5202 ), #5361, .T. ) ;
#3078 = FILL_AREA_STYLE ('',( #4511 ) ) ;
#3079 = ORIENTED_EDGE ( 'NONE', *, *, #5837, .F. ) ;
#3080 = CARTESIAN_POINT ( 'NONE',  ( 1.537050020299106423, 0.3049999999999999933, -0.0004128682977579932207 ) ) ;
#3081 = ORIENTED_EDGE ( 'NONE', *, *, #113, .T. ) ;
#3082 = EDGE_CURVE ( 'NONE', #3268, #487, #2421, .T. ) ;
#3083 = SURFACE_STYLE_USAGE ( .BOTH. , #2568 ) ;
#3084 = CARTESIAN_POINT ( 'NONE',  ( -0.3546398794323914472, -0.04374320390874106984, -0.5590000000000002744 ) ) ;
#3085 = VERTEX_POINT ( 'NONE', #3802 ) ;
#3086 = DIRECTION ( 'NONE',  ( 1.000000000000000000, 0.0000000000000000000, 0.0000000000000000000 ) ) ;
#3087 = VERTEX_POINT ( 'NONE', #2752 ) ;
#3088 =( NAMED_UNIT ( * ) PLANE_ANGLE_UNIT ( ) SI_UNIT ( $, .RADIAN. ) );
#3089 = STYLED_ITEM ( 'NONE', ( #5646 ), #2618 ) ;
#3090 = EDGE_CURVE ( 'NONE', #377, #3155, #3635, .T. ) ;
#3091 = PLANE ( 'NONE',  #3930 ) ;
#3092 = CARTESIAN_POINT ( 'NONE',  ( 0.3083871001955534319, -0.05187175467273453383, -0.5600000000000001643 ) ) ;
#3093 = DIRECTION ( 'NONE',  ( -0.0000000000000000000, 1.000000000000000000, -0.0000000000000000000 ) ) ;
#3094 = CARTESIAN_POINT ( 'NONE',  ( -0.3077077548236545335, -0.04837823682880465492, -0.5590000000000001634 ) ) ;
#3095 = CARTESIAN_POINT ( 'NONE',  ( -0.3717962330780518188, 0.03272874219347342989, -0.5600000000000000533 ) ) ;
#3096 = CARTESIAN_POINT ( 'NONE',  ( -0.3141644645830423133, -0.03926608382136855674, -0.5599999999999997202 ) ) ;
#3097 = SURFACE_STYLE_FILL_AREA ( #5370 ) ;
#3098 = CARTESIAN_POINT ( 'NONE',  ( -0.3714423257215458407, 0.04880034244156434414, -0.5599999999999999423 ) ) ;
#3099 = LINE ( 'NONE', #2550, #900 ) ;
#3100 = ADVANCED_FACE ( 'NONE', ( #4749 ), #1905, .T. ) ;
#3101 = CARTESIAN_POINT ( 'NONE',  ( 0.04893547423902126770, 0.04724855926664416061, -0.5590000000000000524 ) ) ;
#3102 = AXIS2_PLACEMENT_3D ( 'NONE', #687, #2127, #715 ) ;
#3103 = UNCERTAINTY_MEASURE_WITH_UNIT (LENGTH_MEASURE( 1.000000000000000082E-05 ), #938, 'distance_accuracy_value', 'NONE');
#3104 =( NAMED_UNIT ( * ) PLANE_ANGLE_UNIT ( ) SI_UNIT ( $, .RADIAN. ) );
#3105 = AXIS2_PLACEMENT_3D ( 'NONE', #1432, #3404, #5770 ) ;
#3106 = CARTESIAN_POINT ( 'NONE',  ( -0.3032907851765423435, -0.09767991464800868107, -0.5590000000000001634 ) ) ;
#3107 = DIRECTION ( 'NONE',  ( 0.0000000000000000000, 1.000000000000000000, 0.0000000000000000000 ) ) ;
#3108 = STYLED_ITEM ( 'NONE', ( #2880 ), #5565 ) ;
#3109 = LINE ( 'NONE', #2315, #839 ) ;
#3110 = SURFACE_STYLE_FILL_AREA ( #511 ) ;
#3111 = VERTEX_POINT ( 'NONE', #5721 ) ;
#3112 = SURFACE_STYLE_FILL_AREA ( #3547 ) ;
#3113 = CARTESIAN_POINT ( 'NONE',  ( 0.1556840788940303255, 0.1351103426960056642, -0.5590000000000001634 ) ) ;
#3114 = CARTESIAN_POINT ( 'NONE',  ( 1.268516413204960003, -0.7235164132049598518, -0.5300000000000001377 ) ) ;
#3115 = PRESENTATION_LAYER_ASSIGNMENT (  '', '', ( #3221 ) ) ;
#3116 = LINE ( 'NONE', #680, #1952 ) ;
#3117 = SURFACE_STYLE_USAGE ( .BOTH. , #2578 ) ;
#3118 = EDGE_CURVE ( 'NONE', #1243, #4227, #3327, .T. ) ;
#3119 = ORIENTED_EDGE ( 'NONE', *, *, #1142, .T. ) ;
#3120 = CARTESIAN_POINT ( 'NONE',  ( -1.344999999999999307, -0.8000000000000001554, 0.0000000000000000000 ) ) ;
#3121 = CARTESIAN_POINT ( 'NONE',  ( -0.2131643733219542591, -0.08811729439189239232, -0.5599999999999998312 ) ) ;
#3122 = CARTESIAN_POINT ( 'NONE',  ( -0.3546336333434918497, 0.1057874902340749101, -0.5600000000000001643 ) ) ;
#3123 = ORIENTED_EDGE ( 'NONE', *, *, #1934, .T. ) ;
#3124 = STYLED_ITEM ( 'NONE', ( #1211 ), #4022 ) ;
#3125 = DIRECTION ( 'NONE',  ( -0.0000000000000000000, -0.0000000000000000000, -1.000000000000000000 ) ) ;
#3126 = ORIENTED_EDGE ( 'NONE', *, *, #5242, .F. ) ;
#3127 = DIRECTION ( 'NONE',  ( 0.08682659386424777803, 0.08682659386424779191, 0.9924325091389669673 ) ) ;
#3128 = EDGE_CURVE ( 'NONE', #5605, #146, #6063, .T. ) ;
#3129 = CARTESIAN_POINT ( 'NONE',  ( -0.2511872977057749701, 0.1422380651086194159, -0.5590000000000002744 ) ) ;
#3130 = ORIENTED_EDGE ( 'NONE', *, *, #1694, .F. ) ;
#3131 = LINE ( 'NONE', #2876, #1173 ) ;
#3132 = CARTESIAN_POINT ( 'NONE',  ( 0.1640263083781701159, 0.1389634795238347265, -0.5590000000000001634 ) ) ;
#3133 = ORIENTED_EDGE ( 'NONE', *, *, #1235, .T. ) ;
#3134 = CARTESIAN_POINT ( 'NONE',  ( -1.344999999999999307, -0.7701141590572477824, 0.0000000000000000000 ) ) ;
#3135 = ORIENTED_EDGE ( 'NONE', *, *, #1489, .T. ) ;
#3136 = CIRCLE ( 'NONE', #1997, 0.02999999999999997113 ) ;
#3137 = EDGE_CURVE ( 'NONE', #3685, #2140, #706, .T. ) ;
#3138 = PRESENTATION_LAYER_ASSIGNMENT (  '', '', ( #1820 ) ) ;
#3139 = PLANE ( 'NONE',  #389 ) ;
#3140 =( NAMED_UNIT ( * ) PLANE_ANGLE_UNIT ( ) SI_UNIT ( $, .RADIAN. ) );
#3141 = SURFACE_STYLE_USAGE ( .BOTH. , #2648 ) ;
#3142 = UNCERTAINTY_MEASURE_WITH_UNIT (LENGTH_MEASURE( 1.000000000000000082E-05 ), #1411, 'distance_accuracy_value', 'NONE');
#3143 =( LENGTH_UNIT ( ) NAMED_UNIT ( * ) SI_UNIT ( .MILLI., .METRE. ) );
#3144 = EDGE_LOOP ( 'NONE', ( #853, #745, #1751, #329 ) ) ;
#3145 = DIRECTION ( 'NONE',  ( 1.000000000000000000, 0.0000000000000000000, 0.0000000000000000000 ) ) ;
#3146 = CARTESIAN_POINT ( 'NONE',  ( -0.3314487958329083717, 0.02725651023008043156, -0.5600000000000000533 ) ) ;
#3147 = FILL_AREA_STYLE_COLOUR ( '', #2063 ) ;
#3148 = ORIENTED_EDGE ( 'NONE', *, *, #3242, .T. ) ;
#3149 = CARTESIAN_POINT ( 'NONE',  ( 0.3083871001955534319, -0.05187175467273453383, -0.5600000000000001643 ) ) ;
#3150 = VERTEX_POINT ( 'NONE', #4330 ) ;
#3151 = CARTESIAN_POINT ( 'NONE',  ( 1.427468603509014278, 0.3049999999999999933, -0.009999999999999953371 ) ) ;
#3152 = SURFACE_SIDE_STYLE ('',( #5201 ) ) ;
#3153 = STYLED_ITEM ( 'NONE', ( #3828 ), #3661 ) ;
#3154 = CARTESIAN_POINT ( 'NONE',  ( -0.2767096547888477365, 0.1692558220061700924, -0.5590000000000003855 ) ) ;
#3155 = VERTEX_POINT ( 'NONE', #5791 ) ;
#3156 = ADVANCED_FACE ( 'NONE', ( #2335 ), #2500, .T. ) ;
#3157 = SURFACE_STYLE_FILL_AREA ( #6168 ) ;
#3158 = CARTESIAN_POINT ( 'NONE',  ( 0.2302616937512164119, -0.1247026602455509336, -0.5590000000000000524 ) ) ;
#3159 = COLOUR_RGB ( '',0.2509803921568627416, 0.2509803921568627416, 0.2509803921568627416 ) ;
#3160 = CARTESIAN_POINT ( 'NONE',  ( -0.2393537903200950723, -0.08631522258008834936, -0.5600000000000001643 ) ) ;
#3161 = CARTESIAN_POINT ( 'NONE',  ( 1.636612987842788414, 0.3049999999999999933, -0.6100000000000000977 ) ) ;
#3162 = PRESENTATION_LAYER_ASSIGNMENT (  '', '', ( #826 ) ) ;
#3163 = ADVANCED_FACE ( 'NONE', ( #2116 ), #626, .T. ) ;
#3164 = CARTESIAN_POINT ( 'NONE',  ( 0.3267328234132136910, -0.01152348574948075521, -0.5590000000000001634 ) ) ;
#3165 =( GEOMETRIC_REPRESENTATION_CONTEXT ( 3 ) GLOBAL_UNCERTAINTY_ASSIGNED_CONTEXT ( ( #4886 ) ) GLOBAL_UNIT_ASSIGNED_CONTEXT ( ( #4024, #3530, #2090 ) ) REPRESENTATION_CONTEXT ( 'NONE', 'WORKASPACE' ) );
#3166 = CARTESIAN_POINT ( 'NONE',  ( -0.2289032005073166343, -0.1207366136688922814, -0.5600000000000000533 ) ) ;
#3167 = CARTESIAN_POINT ( 'NONE',  ( -0.2921788132000143201, -0.06410318425805007492, -0.5590000000000000524 ) ) ;
#3168 = UNCERTAINTY_MEASURE_WITH_UNIT (LENGTH_MEASURE( 1.000000000000000082E-05 ), #6122, 'distance_accuracy_value', 'NONE');
#3169 = PLANE ( 'NONE',  #5689 ) ;
#3170 = ORIENTED_EDGE ( 'NONE', *, *, #3656, .F. ) ;
#3171 = PRESENTATION_LAYER_ASSIGNMENT (  '', '', ( #6055 ) ) ;
#3172 = LINE ( 'NONE', #4114, #321 ) ;
#3173 = CARTESIAN_POINT ( 'NONE',  ( 0.1725292813234560463, 0.1423055209760613338, -0.5589999999999998304 ) ) ;
#3174 = CARTESIAN_POINT ( 'NONE',  ( 0.2262200956611387648, -0.1246552591024330248, -0.5599999999999999423 ) ) ;
#3175 = CARTESIAN_POINT ( 'NONE',  ( 0.1477159620438993348, -0.1054953431723802126, -0.5590000000000000524 ) ) ;
#3176 = DIRECTION ( 'NONE',  ( -1.000000000000000000, 0.0000000000000000000, 0.0000000000000000000 ) ) ;
#3177 = COLOUR_RGB ( '',1.000000000000000000, 1.000000000000000000, 1.000000000000000000 ) ;
#3178 = PRESENTATION_LAYER_ASSIGNMENT (  '', '', ( #920 ) ) ;
#3179 = CARTESIAN_POINT ( 'NONE',  ( -0.8324871361935458625, -0.7235164132049598518, 0.5300000000000001377 ) ) ;
#3180 = CARTESIAN_POINT ( 'NONE',  ( -0.3298263535507660604, 0.005221428626624587468, -0.5600000000000001643 ) ) ;
#3181 = ORIENTED_EDGE ( 'NONE', *, *, #3757, .F. ) ;
#3182 = FILL_AREA_STYLE ('',( #3147 ) ) ;
#3183 = MECHANICAL_DESIGN_GEOMETRIC_PRESENTATION_REPRESENTATION (  '', ( #2452 ), #2668 ) ;
#3184 = CARTESIAN_POINT ( 'NONE',  ( 1.636612987842788414, -0.3049999999999999933, -0.6100000000000003197 ) ) ;
#3185 = DIRECTION ( 'NONE',  ( 0.0000000000000000000, -1.000000000000000000, 0.0000000000000000000 ) ) ;
#3186 = CARTESIAN_POINT ( 'NONE',  ( -1.049872501134293756, 0.7311975589528284525, 0.5590000000000000524 ) ) ;
#3187 = COLOUR_RGB ( '',1.000000000000000000, 1.000000000000000000, 1.000000000000000000 ) ;
#3188 = FACE_OUTER_BOUND ( 'NONE', #4336, .T. ) ;
#3189 = CARTESIAN_POINT ( 'NONE',  ( -0.5273570589519405161, 0.1400642982948582527, -0.5600000000000000533 ) ) ;
#3190 = LINE ( 'NONE', #1686, #4002 ) ;
#3191 = ORIENTED_EDGE ( 'NONE', *, *, #2974, .F. ) ;
#3192 = EDGE_CURVE ( 'NONE', #1420, #1451, #4290, .T. ) ;
#3193 = ORIENTED_EDGE ( 'NONE', *, *, #2847, .F. ) ;
#3194 =( GEOMETRIC_REPRESENTATION_CONTEXT ( 3 ) GLOBAL_UNCERTAINTY_ASSIGNED_CONTEXT ( ( #664 ) ) GLOBAL_UNIT_ASSIGNED_CONTEXT ( ( #885, #4245, #3777 ) ) REPRESENTATION_CONTEXT ( 'NONE', 'WORKASPACE' ) );
#3195 = LINE ( 'NONE', #589, #2603 ) ;
#3196 = ORIENTED_EDGE ( 'NONE', *, *, #1810, .T. ) ;
#3197 = ADVANCED_FACE ( 'NONE', ( #2881 ), #5515, .T. ) ;
#3198 = VECTOR ( 'NONE', #5867, 1000.000000000000000 ) ;
#3199 = EDGE_CURVE ( 'NONE', #6065, #1623, #1517, .T. ) ;
#3200 = CARTESIAN_POINT ( 'NONE',  ( -0.5269410501512225009, 0.1423705104861563986, -0.5590000000000000524 ) ) ;
#3201 = ORIENTED_EDGE ( 'NONE', *, *, #1466, .T. ) ;
#3202 = FILL_AREA_STYLE_COLOUR ( '', #5497 ) ;
#3203 = SURFACE_STYLE_FILL_AREA ( #3389 ) ;
#3204 = EDGE_CURVE ( 'NONE', #722, #4977, #2905, .T. ) ;
#3205 = CARTESIAN_POINT ( 'NONE',  ( 0.1505309792763961096, -0.1070491180733480902, -0.5600000000000000533 ) ) ;
#3206 = CARTESIAN_POINT ( 'NONE',  ( -1.344999999999999751, 0.7999999999999999334, 0.0000000000000000000 ) ) ;
#3207 = CARTESIAN_POINT ( 'NONE',  ( 0.2857487383680733517, -0.07408449617660170516, -0.5590000000000001634 ) ) ;
#3208 = VECTOR ( 'NONE', #3291, 1000.000000000000000 ) ;
#3209 = ORIENTED_EDGE ( 'NONE', *, *, #4037, .T. ) ;
#3210 = AXIS2_PLACEMENT_3D ( 'NONE', #1299, #2771, #1800 ) ;
#3211 = CARTESIAN_POINT ( 'NONE',  ( -0.3315523306390275038, 0.03187127268127831065, -0.5590000000000000524 ) ) ;
#3212 = CARTESIAN_POINT ( 'NONE',  ( 0.2732189179977693172, 0.1367866158707935764, -0.5600000000000002753 ) ) ;
#3213 = CARTESIAN_POINT ( 'NONE',  ( -0.5273570589519405161, 0.1400642982948582527, -0.5590000000000000524 ) ) ;
#3214 = MECHANICAL_DESIGN_GEOMETRIC_PRESENTATION_REPRESENTATION (  '', ( #2897 ), #5464 ) ;
#3215 = ORIENTED_EDGE ( 'NONE', *, *, #2708, .T. ) ;
#3216 = ORIENTED_EDGE ( 'NONE', *, *, #5623, .T. ) ;
#3217 = CARTESIAN_POINT ( 'NONE',  ( 0.2148056584969262328, 0.1496397214779864593, -0.5600000000000000533 ) ) ;
#3218 = DIRECTION ( 'NONE',  ( 0.0000000000000000000, 0.0000000000000000000, -1.000000000000000000 ) ) ;
#3219 = ORIENTED_EDGE ( 'NONE', *, *, #3008, .T. ) ;
#3220 = DIRECTION ( 'NONE',  ( 0.0000000000000000000, 0.0000000000000000000, 1.000000000000000000 ) ) ;
#3221 = STYLED_ITEM ( 'NONE', ( #5885 ), #4731 ) ;
#3222 = ORIENTED_EDGE ( 'NONE', *, *, #352, .F. ) ;
#3223 = FILL_AREA_STYLE_COLOUR ( '', #5617 ) ;
#3224 = EDGE_CURVE ( 'NONE', #2902, #1246, #2813, .T. ) ;
#3225 = ORIENTED_EDGE ( 'NONE', *, *, #2182, .F. ) ;
#3226 = FILL_AREA_STYLE_COLOUR ( '', #2150 ) ;
#3227 = ADVANCED_FACE ( 'NONE', ( #2965 ), #992, .T. ) ;
#3228 = CARTESIAN_POINT ( 'NONE',  ( 0.3289981966861952878, 0.0002985308039202950558, -0.5599999999999999423 ) ) ;
#3229 = DIRECTION ( 'NONE',  ( -0.0000000000000000000, -0.0000000000000000000, -1.000000000000000000 ) ) ;
#3230 = CARTESIAN_POINT ( 'NONE',  ( 0.2913276635145025661, 0.1241327179647963297, -0.5589999999999998304 ) ) ;
#3231 = PRESENTATION_STYLE_ASSIGNMENT (( #1391 ) ) ;
#3232 =( GEOMETRIC_REPRESENTATION_CONTEXT ( 3 ) GLOBAL_UNCERTAINTY_ASSIGNED_CONTEXT ( ( #1691 ) ) GLOBAL_UNIT_ASSIGNED_CONTEXT ( ( #1977, #5828, #100 ) ) REPRESENTATION_CONTEXT ( 'NONE', 'WORKASPACE' ) );
#3233 = CARTESIAN_POINT ( 'NONE',  ( -1.427468603509014278, 0.3049999999999999933, -0.009999999999999953371 ) ) ;
#3234 = CARTESIAN_POINT ( 'NONE',  ( 0.04893547423902126770, -0.08811729439189239232, -0.5590000000000000524 ) ) ;
#3235 = ORIENTED_EDGE ( 'NONE', *, *, #936, .F. ) ;
#3236 = EDGE_CURVE ( 'NONE', #1204, #37, #1222, .T. ) ;
#3237 =( NAMED_UNIT ( * ) SI_UNIT ( $, .STERADIAN. ) SOLID_ANGLE_UNIT ( ) );
#3238 = FILL_AREA_STYLE_COLOUR ( '', #5790 ) ;
#3239 = CARTESIAN_POINT ( 'NONE',  ( 0.04893547423902126770, 0.04724855926664416061, -0.5600000000000000533 ) ) ;
#3240 = COLOUR_RGB ( '',0.2509803921568627416, 0.2509803921568627416, 0.2509803921568627416 ) ;
#3241 = CARTESIAN_POINT ( 'NONE',  ( 0.2182785536580317820, -0.1245621181812736483, -0.5599999999999999423 ) ) ;
#3242 = EDGE_CURVE ( 'NONE', #3419, #3420, #1513, .T. ) ;
#3243 = CARTESIAN_POINT ( 'NONE',  ( 1.437430550489931846, 0.3049999999999999933, -0.009128442572523397247 ) ) ;
#3244 =( GEOMETRIC_REPRESENTATION_CONTEXT ( 3 ) GLOBAL_UNCERTAINTY_ASSIGNED_CONTEXT ( ( #2865 ) ) GLOBAL_UNIT_ASSIGNED_CONTEXT ( ( #5841, #93, #2991 ) ) REPRESENTATION_CONTEXT ( 'NONE', 'WORKASPACE' ) );
#3245 = UNCERTAINTY_MEASURE_WITH_UNIT (LENGTH_MEASURE( 1.000000000000000082E-05 ), #5168, 'distance_accuracy_value', 'NONE');
#3246 =( NAMED_UNIT ( * ) PLANE_ANGLE_UNIT ( ) SI_UNIT ( $, .RADIAN. ) );
#3247 = ORIENTED_EDGE ( 'NONE', *, *, #1063, .F. ) ;
#3248 = COLOUR_RGB ( '',1.000000000000000000, 1.000000000000000000, 1.000000000000000000 ) ;
#3249 = MECHANICAL_DESIGN_GEOMETRIC_PRESENTATION_REPRESENTATION (  '', ( #6157 ), #1936 ) ;
#3250 = CARTESIAN_POINT ( 'NONE',  ( 0.3193976893472186274, -0.03308209692631772225, -0.5600000000000001643 ) ) ;
#3251 = CARTESIAN_POINT ( 'NONE',  ( 0.3468938489865918684, 0.1153577835596763940, -0.5590000000000000524 ) ) ;
#3252 = CARTESIAN_POINT ( 'NONE',  ( 0.2220361059691060568, 0.1496001828310948023, -0.5600000000000000533 ) ) ;
#3253 = SURFACE_STYLE_USAGE ( .BOTH. , #1743 ) ;
#3254 = MECHANICAL_DESIGN_GEOMETRIC_PRESENTATION_REPRESENTATION (  '', ( #3885 ), #3580 ) ;
#3255 = ORIENTED_EDGE ( 'NONE', *, *, #3204, .F. ) ;
#3256 = VECTOR ( 'NONE', #4287, 1000.000000000000000 ) ;
#3257 = ADVANCED_FACE ( 'NONE', ( #551 ), #2368, .T. ) ;
#3258 = APPLICATION_PROTOCOL_DEFINITION ( 'draft international standard', 'automotive_design', 1998, #4258 ) ;
#3259 = FACE_OUTER_BOUND ( 'NONE', #1007, .T. ) ;
#3260 = PRESENTATION_LAYER_ASSIGNMENT (  '', '', ( #1002 ) ) ;
#3261 = VERTEX_POINT ( 'NONE', #5936 ) ;
#3262 = B_SPLINE_CURVE_WITH_KNOTS ( 'NONE', 3,
 ( #568, #4402, #2447, #3871, #3934, #1481, #1943, #5341, #4828, #5795, #1022, #4377, #1518, #1498, #4869, #2966, #5318, #1991, #2945 ),
 .UNSPECIFIED., .F., .F.,
 ( 4, 1, 1, 1, 1, 1, 1, 1, 1, 1, 1, 1, 1, 1, 1, 1, 4 ),
 ( 0.0000000000000000000, 0.06783324845577357043, 0.1326555365079042093, 0.1950508840508277109, 0.2555829330687771628, 0.3147998341472899031, 0.3736004728263745966, 0.4325455953267435816, 0.4924306292835655130, 0.5526712559629695098, 0.6125130441881164733, 0.6726102503570065005, 0.7338383693139459707, 0.7965942385677740045, 0.8614497992905733037, 0.9291989423509054991, 1.000000000000000000 ),
 .UNSPECIFIED. ) ;
#3263 = LINE ( 'NONE', #6069, #4461 ) ;
#3264 = EDGE_LOOP ( 'NONE', ( #5958, #4298, #4952, #4534 ) ) ;
#3265 =( NAMED_UNIT ( * ) PLANE_ANGLE_UNIT ( ) SI_UNIT ( $, .RADIAN. ) );
#3266 = CARTESIAN_POINT ( 'NONE',  ( -1.298402254147711821, 0.7235164132049596297, 0.5326146722824298685 ) ) ;
#3267 = STYLED_ITEM ( 'NONE', ( #1659 ), #3508 ) ;
#3268 = VERTEX_POINT ( 'NONE', #782 ) ;
#3269 = CARTESIAN_POINT ( 'NONE',  ( -0.07179623307805192700, -0.1210441236601850767, -0.5590000000000000524 ) ) ;
#3270 = VERTEX_POINT ( 'NONE', #805 ) ;
#3271 = CARTESIAN_POINT ( 'NONE',  ( 0.3603598304961237453, 0.08804669031637396559, -0.5590000000000000524 ) ) ;
#3272 = CARTESIAN_POINT ( 'NONE',  ( 0.3264516857145297046, 0.06504262219748120633, -0.5599999999999998312 ) ) ;
#3273 = ORIENTED_EDGE ( 'NONE', *, *, #5957, .T. ) ;
#3274 =( LENGTH_UNIT ( ) NAMED_UNIT ( * ) SI_UNIT ( .MILLI., .METRE. ) );
#3275 = LINE ( 'NONE', #197, #1973 ) ;
#3276 = FILL_AREA_STYLE_COLOUR ( '', #6071 ) ;
#3277 = ORIENTED_EDGE ( 'NONE', *, *, #120, .F. ) ;
#3278 = EDGE_CURVE ( 'NONE', #2783, #4983, #2864, .T. ) ;
#3279 = CARTESIAN_POINT ( 'NONE',  ( 0.1708101952976497362, 0.1781085498415665713, -0.5600000000000000533 ) ) ;
#3280 = FILL_AREA_STYLE ('',( #1850 ) ) ;
#3281 = CIRCLE ( 'NONE', #2276, 0.01000000000000000368 ) ;
#3282 = DIRECTION ( 'NONE',  ( -0.0000000000000000000, -1.000000000000000000, 0.0000000000000000000 ) ) ;
#3283 = ORIENTED_EDGE ( 'NONE', *, *, #4474, .F. ) ;
#3284 =( LENGTH_UNIT ( ) NAMED_UNIT ( * ) SI_UNIT ( .MILLI., .METRE. ) );
#3285 = UNCERTAINTY_MEASURE_WITH_UNIT (LENGTH_MEASURE( 1.000000000000000082E-05 ), #95, 'distance_accuracy_value', 'NONE');
#3286 = AXIS2_PLACEMENT_3D ( 'NONE', #3120, #1626, #5948 ) ;
#3287 = EDGE_CURVE ( 'NONE', #1155, #1680, #400, .T. ) ;
#3288 = STYLED_ITEM ( 'NONE', ( #5441 ), #232 ) ;
#3289 = COLOUR_RGB ( '',1.000000000000000000, 1.000000000000000000, 1.000000000000000000 ) ;
#3290 = VERTEX_POINT ( 'NONE', #2704 ) ;
#3291 = DIRECTION ( 'NONE',  ( -1.000000000000000000, 0.0000000000000000000, 1.243497163265005416E-16 ) ) ;
#3292 = B_SPLINE_SURFACE_WITH_KNOTS ( 'NONE', 3, 1, ( 
 ( #1058, #2523 ),
 ( #3457, #3494 ),
 ( #1534, #5355 ),
 ( #3407, #3902 ),
 ( #5868, #2938 ),
 ( #3921, #3020 ),
 ( #1958, #1511 ),
 ( #143, #5309 ),
 ( #2437, #4881 ),
 ( #584, #2955 ),
 ( #63, #1013 ),
 ( #4367, #5832 ),
 ( #2979, #5332 ),
 ( #3436, #105 ),
 ( #1980, #1491 ),
 ( #6150, #5222 ),
 ( #1395, #880 ),
 ( #2336, #2844 ),
 ( #946, #4234 ) ),
 .UNSPECIFIED., .F., .F., .F.,
 ( 4, 1, 1, 1, 1, 1, 1, 1, 1, 1, 1, 1, 1, 1, 1, 1, 4 ),
 ( 2, 2 ),
 ( 0.0000000000000000000, 0.06783324845577357043, 0.1326555365079042093, 0.1950508840508277109, 0.2555829330687771628, 0.3147998341472899031, 0.3736004728263745966, 0.4325455953267435816, 0.4924306292835655130, 0.5526712559629695098, 0.6125130441881164733, 0.6726102503570065005, 0.7338383693139459707, 0.7965942385677740045, 0.8614497992905733037, 0.9291989423509054991, 1.000000000000000000 ),
 ( 0.0000000000000000000, 1.000000000000000000 ),
 .UNSPECIFIED. ) ;
#3293 =( NAMED_UNIT ( * ) PLANE_ANGLE_UNIT ( ) SI_UNIT ( $, .RADIAN. ) );
#3294 = ORIENTED_EDGE ( 'NONE', *, *, #4321, .F. ) ;
#3295 = AXIS2_PLACEMENT_3D ( 'NONE', #4782, #4350, #2389 ) ;
#3296 = CARTESIAN_POINT ( 'NONE',  ( 0.1477159620438993626, -0.07256851390408754210, -0.5590000000000001634 ) ) ;
#3297 = DIRECTION ( 'NONE',  ( 0.0000000000000000000, 1.000000000000000000, 0.0000000000000000000 ) ) ;
#3298 = ORIENTED_EDGE ( 'NONE', *, *, #3821, .F. ) ;
#3299 = CARTESIAN_POINT ( 'NONE',  ( 0.1477159620438993348, 0.1707241690227417341, -0.5600000000000000533 ) ) ;
#3300 = STYLED_ITEM ( 'NONE', ( #2566 ), #800 ) ;
#3301 = EDGE_LOOP ( 'NONE', ( #1088, #1015, #3181 ) ) ;
#3302 = ORIENTED_EDGE ( 'NONE', *, *, #4517, .F. ) ;
#3303 = CARTESIAN_POINT ( 'NONE',  ( -1.840000000000000080, 0.3049999999999999933, -0.6100000000000000977 ) ) ;
#3304 = MECHANICAL_DESIGN_GEOMETRIC_PRESENTATION_REPRESENTATION (  '', ( #842 ), #3507 ) ;
#3305 = SURFACE_STYLE_USAGE ( .BOTH. , #1419 ) ;
#3306 =( NAMED_UNIT ( * ) PLANE_ANGLE_UNIT ( ) SI_UNIT ( $, .RADIAN. ) );
#3307 = B_SPLINE_SURFACE_WITH_KNOTS ( 'NONE', 3, 1, ( 
 ( #852, #3747 ),
 ( #5148, #3252 ),
 ( #2776, #4226 ),
 ( #5631, #6053 ),
 ( #2246, #1367 ),
 ( #2753, #380 ),
 ( #4708, #3212 ),
 ( #5645, #794 ),
 ( #3230, #5107 ),
 ( #2230, #2732 ),
 ( #3703, #336 ),
 ( #5664, #3681 ),
 ( #815, #4200 ),
 ( #6130, #1347 ),
 ( #4164, #3272 ),
 ( #6110, #894 ),
 ( #5273, #4268 ),
 ( #18, #4331 ),
 ( #3331, #3843 ) ),
 .UNSPECIFIED., .F., .F., .F.,
 ( 4, 1, 1, 1, 1, 1, 1, 1, 1, 1, 1, 1, 1, 1, 1, 1, 4 ),
 ( 2, 2 ),
 ( 0.0000000000000000000, 0.06460397028839205691, 0.1267024139629470969, 0.1867568140356180573, 0.2455056873654373750, 0.3036520244499752996, 0.3615030739706252549, 0.4202402229284672441, 0.4800333407766963489, 0.5406781347755159617, 0.6011918063807816237, 0.6623335024774423818, 0.7247395102972317149, 0.7894677361728865694, 0.8565048600438305293, 0.9263120958391900528, 1.000000000000000000 ),
 ( 0.0000000000000000000, 1.000000000000000000 ),
 .UNSPECIFIED. ) ;
#3308 = FILL_AREA_STYLE_COLOUR ( '', #3045 ) ;
#3309 =( NAMED_UNIT ( * ) PLANE_ANGLE_UNIT ( ) SI_UNIT ( $, .RADIAN. ) );
#3310 = FILL_AREA_STYLE ('',( #2328 ) ) ;
#3311 = PRESENTATION_LAYER_ASSIGNMENT (  '', '', ( #6074 ) ) ;
#3312 = CARTESIAN_POINT ( 'NONE',  ( -1.636612987842788414, -0.3049999999999999933, -0.5100000000000000089 ) ) ;
#3313 = LINE ( 'NONE', #1151, #5180 ) ;
#3314 = COLOUR_RGB ( '',1.000000000000000000, 1.000000000000000000, 1.000000000000000000 ) ;
#3315 = EDGE_CURVE ( 'NONE', #6036, #548, #3692, .T. ) ;
#3316 = UNCERTAINTY_MEASURE_WITH_UNIT (LENGTH_MEASURE( 1.000000000000000082E-05 ), #1886, 'distance_accuracy_value', 'NONE');
#3317 = SURFACE_SIDE_STYLE ('',( #3062 ) ) ;
#3318 = COLOUR_RGB ( '',0.2509803921568627416, 0.2509803921568627416, 0.2509803921568627416 ) ;
#3319 = ORIENTED_EDGE ( 'NONE', *, *, #2221, .F. ) ;
#3320 = CARTESIAN_POINT ( 'NONE',  ( 0.0000000000000000000, 0.0000000000000000000, 0.5600000000000000533 ) ) ;
#3321 = VECTOR ( 'NONE', #5085, 1000.000000000000000 ) ;
#3322 = COLOUR_RGB ( '',1.000000000000000000, 1.000000000000000000, 1.000000000000000000 ) ;
#3323 = UNCERTAINTY_MEASURE_WITH_UNIT (LENGTH_MEASURE( 1.000000000000000082E-05 ), #1462, 'distance_accuracy_value', 'NONE');
#3324 = CARTESIAN_POINT ( 'NONE',  ( -0.2119067513707348360, -0.1210441236601850767, -0.5590000000000000524 ) ) ;
#3325 =( LENGTH_UNIT ( ) NAMED_UNIT ( * ) SI_UNIT ( .MILLI., .METRE. ) );
#3326 = MECHANICAL_DESIGN_GEOMETRIC_PRESENTATION_REPRESENTATION (  '', ( #3959 ), #4281 ) ;
#3327 = LINE ( 'NONE', #3330, #2261 ) ;
#3328 = DIRECTION ( 'NONE',  ( 1.000000000000000000, 0.0000000000000000000, 0.0000000000000000000 ) ) ;
#3329 = PRESENTATION_STYLE_ASSIGNMENT (( #5893 ) ) ;
#3330 = CARTESIAN_POINT ( 'NONE',  ( 0.1477159620438993348, -0.1054953431723802126, -0.5590000000000000524 ) ) ;
#3331 = CARTESIAN_POINT ( 'NONE',  ( 0.3306427913121919859, 0.02575465682761977210, -0.5590000000000000524 ) ) ;
#3332 = FACE_OUTER_BOUND ( 'NONE', #4110, .T. ) ;
#3333 = VERTEX_POINT ( 'NONE', #6020 ) ;
#3334 = CARTESIAN_POINT ( 'NONE',  ( -0.8324871361935458625, 0.7235164132049596297, 0.5300000000000001377 ) ) ;
#3335 = CARTESIAN_POINT ( 'NONE',  ( 0.3964964498487773548, -0.1210441236601850767, -0.5600000000000000533 ) ) ;
#3336 = COLOUR_RGB ( '',1.000000000000000000, 1.000000000000000000, 1.000000000000000000 ) ;
#3337 = PRODUCT_CONTEXT ( 'NONE', #2314, 'mechanical' ) ;
#3338 = VECTOR ( 'NONE', #5073, 1000.000000000000114 ) ;
#3339 = DIRECTION ( 'NONE',  ( 0.0000000000000000000, 0.0000000000000000000, 1.000000000000000000 ) ) ;
#3340 = ORIENTED_EDGE ( 'NONE', *, *, #5538, .F. ) ;
#3341 = FILL_AREA_STYLE ('',( #3361 ) ) ;
#3342 = DIRECTION ( 'NONE',  ( 1.000000000000000000, 0.0000000000000000000, 0.0000000000000000000 ) ) ;
#3343 = EDGE_CURVE ( 'NONE', #5877, #6131, #3399, .T. ) ;
#3344 = ORIENTED_EDGE ( 'NONE', *, *, #5191, .F. ) ;
#3345 = CYLINDRICAL_SURFACE ( 'NONE', #3851, 0.03000000000000002665 ) ;
#3346 = DIRECTION ( 'NONE',  ( 1.000000000000000000, 0.0000000000000000000, 8.932347443772616200E-16 ) ) ;
#3347 =( NAMED_UNIT ( * ) SI_UNIT ( $, .STERADIAN. ) SOLID_ANGLE_UNIT ( ) );
#3348 =( LENGTH_UNIT ( ) NAMED_UNIT ( * ) SI_UNIT ( .MILLI., .METRE. ) );
#3349 = ORIENTED_EDGE ( 'NONE', *, *, #5031, .T. ) ;
#3350 = STYLED_ITEM ( 'NONE', ( #5566 ), #4128 ) ;
#3351 = LINE ( 'NONE', #4885, #4318 ) ;
#3352 = PLANE ( 'NONE',  #5775 ) ;
#3353 = PRESENTATION_STYLE_ASSIGNMENT (( #2264 ) ) ;
#3354 = CARTESIAN_POINT ( 'NONE',  ( 0.3264516857145297046, 0.06504262219748120633, -0.5599999999999997202 ) ) ;
#3355 = FILL_AREA_STYLE ('',( #20 ) ) ;
#3356 = LINE ( 'NONE', #330, #4480 ) ;
#3357 = LINE ( 'NONE', #6082, #1617 ) ;
#3358 = UNCERTAINTY_MEASURE_WITH_UNIT (LENGTH_MEASURE( 1.000000000000000082E-05 ), #5966, 'distance_accuracy_value', 'NONE');
#3359 = CARTESIAN_POINT ( 'NONE',  ( -0.3468198152418918712, 0.1178681616149581390, -0.5599999999999998312 ) ) ;
#3360 = DIRECTION ( 'NONE',  ( -1.000000000000000000, 0.0000000000000000000, -0.0000000000000000000 ) ) ;
#3361 = FILL_AREA_STYLE_COLOUR ( '', #5257 ) ;
#3362 = SURFACE_STYLE_USAGE ( .BOTH. , #5302 ) ;
#3363 = ORIENTED_EDGE ( 'NONE', *, *, #2757, .T. ) ;
#3364 = EDGE_CURVE ( 'NONE', #884, #6057, #2329, .T. ) ;
#3365 = STYLED_ITEM ( 'NONE', ( #3536 ), #1175 ) ;
#3366 = ORIENTED_EDGE ( 'NONE', *, *, #3522, .F. ) ;
#3367 = MECHANICAL_DESIGN_GEOMETRIC_PRESENTATION_REPRESENTATION (  '', ( #3288 ), #5930 ) ;
#3368 = FILL_AREA_STYLE ('',( #5230 ) ) ;
#3369 = ORIENTED_EDGE ( 'NONE', *, *, #4517, .T. ) ;
#3370 = DIRECTION ( 'NONE',  ( 1.000000000000000000, 0.0000000000000000000, 0.0000000000000000000 ) ) ;
#3371 = DIRECTION ( 'NONE',  ( -0.0000000000000000000, -0.0000000000000000000, -1.000000000000000000 ) ) ;
#3372 = ORIENTED_EDGE ( 'NONE', *, *, #2608, .F. ) ;
#3373 =( GEOMETRIC_REPRESENTATION_CONTEXT ( 3 ) GLOBAL_UNCERTAINTY_ASSIGNED_CONTEXT ( ( #4117 ) ) GLOBAL_UNIT_ASSIGNED_CONTEXT ( ( #3793, #4671, #2274 ) ) REPRESENTATION_CONTEXT ( 'NONE', 'WORKASPACE' ) );
#3374 = CARTESIAN_POINT ( 'NONE',  ( 0.3186434425640592982, 0.08780060842819246980, -0.5600000000000001643 ) ) ;
#3375 = CARTESIAN_POINT ( 'NONE',  ( 0.1833863660781328009, -0.08709161593990968897, -0.5589999999999998304 ) ) ;
#3376 = ORIENTED_EDGE ( 'NONE', *, *, #3973, .T. ) ;
#3377 =( NAMED_UNIT ( * ) PLANE_ANGLE_UNIT ( ) SI_UNIT ( $, .RADIAN. ) );
#3378 =( LENGTH_UNIT ( ) NAMED_UNIT ( * ) SI_UNIT ( .MILLI., .METRE. ) );
#3379 = ORIENTED_EDGE ( 'NONE', *, *, #4413, .F. ) ;
#3380 = PRODUCT_DEFINITION_FORMATION_WITH_SPECIFIED_SOURCE ( 'ÈÎºÎ', '', #1872, .NOT_KNOWN. ) ;
#3381 = DIRECTION ( 'NONE',  ( 0.08715574274765836016, 0.0000000000000000000, -0.9961946980917455452 ) ) ;
#3382 = CARTESIAN_POINT ( 'NONE',  ( 0.08917937667804562429, -0.1210441236601850767, -0.5600000000000000533 ) ) ;
#3383 = DIRECTION ( 'NONE',  ( -0.0000000000000000000, 1.000000000000000000, -0.0000000000000000000 ) ) ;
#3384 = DIRECTION ( 'NONE',  ( 0.08715574274765836016, -0.0000000000000000000, -0.9961946980917455452 ) ) ;
#3385 = SURFACE_SIDE_STYLE ('',( #5224 ) ) ;
#3386 = CARTESIAN_POINT ( 'NONE',  ( -1.315114159057247045, -0.8000000000000001554, 0.0000000000000000000 ) ) ;
#3387 = CARTESIAN_POINT ( 'NONE',  ( 1.345000000000000195, 0.7999999999999999334, 0.0000000000000000000 ) ) ;
#3388 = CARTESIAN_POINT ( 'NONE',  ( -0.2148221477121982081, 0.1460290470715222277, -0.5600000000000000533 ) ) ;
#3389 = FILL_AREA_STYLE ('',( #4284 ) ) ;
#3390 = FACE_OUTER_BOUND ( 'NONE', #2923, .T. ) ;
#3391 = EDGE_CURVE ( 'NONE', #3852, #4327, #1303, .T. ) ;
#3392 = CARTESIAN_POINT ( 'NONE',  ( 0.2994290064643817528, 0.1162754067885646975, -0.5600000000000001643 ) ) ;
#3393 = VECTOR ( 'NONE', #5177, 1000.000000000000000 ) ;
#3394 = UNCERTAINTY_MEASURE_WITH_UNIT (LENGTH_MEASURE( 1.000000000000000082E-05 ), #4854, 'distance_accuracy_value', 'NONE');
#3395 = MECHANICAL_DESIGN_GEOMETRIC_PRESENTATION_REPRESENTATION (  '', ( #1020 ), #3633 ) ;
#3396 = DIRECTION ( 'NONE',  ( -0.0000000000000000000, 0.0000000000000000000, 1.000000000000000000 ) ) ;
#3397 = SURFACE_STYLE_FILL_AREA ( #4190 ) ;
#3398 = PRESENTATION_STYLE_ASSIGNMENT (( #1585 ) ) ;
#3399 = LINE ( 'NONE', #290, #2111 ) ;
#3400 = DIRECTION ( 'NONE',  ( 0.9466707760722533616, 0.3222024856061133091, -0.0000000000000000000 ) ) ;
#3401 = STYLED_ITEM ( 'NONE', ( #3904 ), #2650 ) ;
#3402 = EDGE_CURVE ( 'NONE', #4109, #3623, #180, .T. ) ;
#3403 = LINE ( 'NONE', #761, #2112 ) ;
#3404 = DIRECTION ( 'NONE',  ( 1.000000000000000000, 0.0000000000000000000, -0.0000000000000000000 ) ) ;
#3405 = ORIENTED_EDGE ( 'NONE', *, *, #1264, .F. ) ;
#3406 =( LENGTH_UNIT ( ) NAMED_UNIT ( * ) SI_UNIT ( .MILLI., .METRE. ) );
#3407 = CARTESIAN_POINT ( 'NONE',  ( 0.2605314291758150103, -0.1224488086927306152, -0.5590000000000000524 ) ) ;
#3408 = PRESENTATION_LAYER_ASSIGNMENT (  '', '', ( #5251 ) ) ;
#3409 = CARTESIAN_POINT ( 'NONE',  ( -1.303277292307148061, -0.7582772923071486870, -0.1326813337720179620 ) ) ;
#3410 = CYLINDRICAL_SURFACE ( 'NONE', #2228, 0.06000000000000004635 ) ;
#3411 = ORIENTED_EDGE ( 'NONE', *, *, #2217, .F. ) ;
#3412 = FACE_OUTER_BOUND ( 'NONE', #76, .T. ) ;
#3413 = MECHANICAL_DESIGN_GEOMETRIC_PRESENTATION_REPRESENTATION (  '', ( #2443 ), #918 ) ;
#3414 = DIRECTION ( 'NONE',  ( -0.0000000000000000000, -1.000000000000000000, -0.0000000000000000000 ) ) ;
#3415 = CARTESIAN_POINT ( 'NONE',  ( 1.427468603509014278, -0.3049999999999999933, 4.912791094074941967E-17 ) ) ;
#3416 = PRESENTATION_STYLE_ASSIGNMENT (( #1154 ) ) ;
#3417 =( GEOMETRIC_REPRESENTATION_CONTEXT ( 3 ) GLOBAL_UNCERTAINTY_ASSIGNED_CONTEXT ( ( #5081 ) ) GLOBAL_UNIT_ASSIGNED_CONTEXT ( ( #914, #2856, #1 ) ) REPRESENTATION_CONTEXT ( 'NONE', 'WORKASPACE' ) );
#3418 = DIRECTION ( 'NONE',  ( 1.243497163265005416E-16, -0.0000000000000000000, 1.000000000000000000 ) ) ;
#3419 = VERTEX_POINT ( 'NONE', #3715 ) ;
#3420 = VERTEX_POINT ( 'NONE', #6061 ) ;
#3421 = DIRECTION ( 'NONE',  ( 0.0000000000000000000, 0.0000000000000000000, -1.000000000000000000 ) ) ;
#3422 = CARTESIAN_POINT ( 'NONE',  ( -1.049872501134293756, 1.015288465802815843, 0.5590000000000000524 ) ) ;
#3423 = SURFACE_STYLE_USAGE ( .BOTH. , #591 ) ;
#3424 = ORIENTED_EDGE ( 'NONE', *, *, #4388, .T. ) ;
#3425 = FILL_AREA_STYLE ('',( #4339 ) ) ;
#3426 =( GEOMETRIC_REPRESENTATION_CONTEXT ( 3 ) GLOBAL_UNCERTAINTY_ASSIGNED_CONTEXT ( ( #3767 ) ) GLOBAL_UNIT_ASSIGNED_CONTEXT ( ( #930, #3512, #1916 ) ) REPRESENTATION_CONTEXT ( 'NONE', 'WORKASPACE' ) );
#3427 = LINE ( 'NONE', #5029, #2836 ) ;
#3428 = VECTOR ( 'NONE', #5932, 1000.000000000000000 ) ;
#3429 = CARTESIAN_POINT ( 'NONE',  ( 0.2148056584969262328, 0.1496397214779864593, -0.5590000000000000524 ) ) ;
#3430 = CARTESIAN_POINT ( 'NONE',  ( 1.427468603509014278, -0.3049999999999999933, -0.009999999999999953371 ) ) ;
#3431 = EDGE_CURVE ( 'NONE', #2985, #1090, #1446, .T. ) ;
#3432 = VECTOR ( 'NONE', #2915, 1000.000000000000000 ) ;
#3433 = DIRECTION ( 'NONE',  ( -0.0000000000000000000, -1.000000000000000000, -0.0000000000000000000 ) ) ;
#3434 = VECTOR ( 'NONE', #3740, 1000.000000000000000 ) ;
#3435 = ORIENTED_EDGE ( 'NONE', *, *, #1318, .T. ) ;
#3436 = CARTESIAN_POINT ( 'NONE',  ( 0.3615967496124821712, -0.03692139231998339127, -0.5590000000000000524 ) ) ;
#3437 = FILL_AREA_STYLE_COLOUR ( '', #4074 ) ;
#3438 =( GEOMETRIC_REPRESENTATION_CONTEXT ( 3 ) GLOBAL_UNCERTAINTY_ASSIGNED_CONTEXT ( ( #2828 ) ) GLOBAL_UNIT_ASSIGNED_CONTEXT ( ( #1368, #3749, #4729 ) ) REPRESENTATION_CONTEXT ( 'NONE', 'WORKASPACE' ) );
#3439 = CARTESIAN_POINT ( 'NONE',  ( 0.2576882624082461604, -0.08752241204818769771, -0.5590000000000000524 ) ) ;
#3440 = CARTESIAN_POINT ( 'NONE',  ( 0.3279674862869053076, 0.1389807243019586525, -0.5589999999999998304 ) ) ;
#3441 = VECTOR ( 'NONE', #4787, 1000.000000000000000 ) ;
#3442 = EDGE_CURVE ( 'NONE', #966, #5703, #3839, .T. ) ;
#3443 = ORIENTED_EDGE ( 'NONE', *, *, #1877, .F. ) ;
#3444 = DIRECTION ( 'NONE',  ( 0.9315776194850603487, -0.3635424856527064152, 0.0000000000000000000 ) ) ;
#3445 = CARTESIAN_POINT ( 'NONE',  ( -1.032390010713868378, 0.3049999999999999933, 0.1000000000000000056 ) ) ;
#3446 =( NAMED_UNIT ( * ) SI_UNIT ( $, .STERADIAN. ) SOLID_ANGLE_UNIT ( ) );
#3447 = PLANE ( 'NONE',  #2569 ) ;
#3448 =( NAMED_UNIT ( * ) SI_UNIT ( $, .STERADIAN. ) SOLID_ANGLE_UNIT ( ) );
#3449 = ORIENTED_EDGE ( 'NONE', *, *, #4720, .F. ) ;
#3450 =( NAMED_UNIT ( * ) SI_UNIT ( $, .STERADIAN. ) SOLID_ANGLE_UNIT ( ) );
#3451 = CARTESIAN_POINT ( 'NONE',  ( -0.5211674221024420461, 0.1213339251203026936, -0.5590000000000000524 ) ) ;
#3452 = EDGE_CURVE ( 'NONE', #5094, #2465, #4811, .T. ) ;
#3453 = ORIENTED_EDGE ( 'NONE', *, *, #4956, .F. ) ;
#3454 = MECHANICAL_DESIGN_GEOMETRIC_PRESENTATION_REPRESENTATION (  '', ( #1703 ), #2020 ) ;
#3455 = ORIENTED_EDGE ( 'NONE', *, *, #5847, .T. ) ;
#3456 = CARTESIAN_POINT ( 'NONE',  ( -1.477221836148108869, 0.3049999999999999933, -0.4639449188396250201 ) ) ;
#3457 = CARTESIAN_POINT ( 'NONE',  ( 0.2354694122166668124, -0.1245865131200955545, -0.5590000000000000524 ) ) ;
#3458 = DIRECTION ( 'NONE',  ( 1.243497163265005416E-16, 0.0000000000000000000, -1.000000000000000000 ) ) ;
#3459 = DIRECTION ( 'NONE',  ( -0.0000000000000000000, 1.000000000000000000, -0.0000000000000000000 ) ) ;
#3460 = CARTESIAN_POINT ( 'NONE',  ( 0.04893547423902126770, 0.1460290470715222277, -0.5590000000000000524 ) ) ;
#3461 = CARTESIAN_POINT ( 'NONE',  ( 0.3468938489865918684, 0.1153577835596763940, -0.5590000000000000524 ) ) ;
#3462 = DIRECTION ( 'NONE',  ( 1.000000000000000000, 0.0000000000000000000, 0.0000000000000000000 ) ) ;
#3463 = CARTESIAN_POINT ( 'NONE',  ( -0.2767096547888477365, 0.1692558220061700924, -0.5590000000000003855 ) ) ;
#3464 = CARTESIAN_POINT ( 'NONE',  ( -1.315339464150455662, 0.7703394641504558438, -0.005189921281878754830 ) ) ;
#3465 = MECHANICAL_DESIGN_GEOMETRIC_PRESENTATION_REPRESENTATION (  '', ( #1480 ), #573 ) ;
#3466 = DIRECTION ( 'NONE',  ( 1.000000000000000000, 0.0000000000000000000, 0.0000000000000000000 ) ) ;
#3467 = DIRECTION ( 'NONE',  ( -7.228014483236703064E-15, -1.000000000000000000, 0.0000000000000000000 ) ) ;
#3468 = CARTESIAN_POINT ( 'NONE',  ( -1.333163133249900545, -0.7582772923071486870, 0.1352960060544477205 ) ) ;
#3469 = COLOUR_RGB ( '',0.2509803921568627416, 0.2509803921568627416, 0.2509803921568627416 ) ;
#3470 = STYLED_ITEM ( 'NONE', ( #4520 ), #3227 ) ;
#3471 = EDGE_LOOP ( 'NONE', ( #3577, #1683, #2677, #446 ) ) ;
#3472 = SURFACE_STYLE_USAGE ( .BOTH. , #5354 ) ;
#3473 =( NAMED_UNIT ( * ) SI_UNIT ( $, .STERADIAN. ) SOLID_ANGLE_UNIT ( ) );
#3474 = CARTESIAN_POINT ( 'NONE',  ( -1.049872501134293756, -0.7235164132049598518, 0.5300000000000001377 ) ) ;
#3475 =( LENGTH_UNIT ( ) NAMED_UNIT ( * ) SI_UNIT ( .MILLI., .METRE. ) );
#3476 = UNCERTAINTY_MEASURE_WITH_UNIT (LENGTH_MEASURE( 1.000000000000000082E-05 ), #2145, 'distance_accuracy_value', 'NONE');
#3477 = VECTOR ( 'NONE', #1596, 1000.000000000000000 ) ;
#3478 = CARTESIAN_POINT ( 'NONE',  ( 0.3169040998701276313, 0.1492327762523293910, -0.5599999999999993872 ) ) ;
#3479 = CARTESIAN_POINT ( 'NONE',  ( 0.2527627394621428936, 0.1452279401580202911, -0.5590000000000001634 ) ) ;
#3480 = DIRECTION ( 'NONE',  ( 0.0000000000000000000, 0.0000000000000000000, 1.000000000000000000 ) ) ;
#3481 = SURFACE_STYLE_FILL_AREA ( #5821 ) ;
#3482 = FACE_OUTER_BOUND ( 'NONE', #219, .T. ) ;
#3483 = EDGE_LOOP ( 'NONE', ( #3816, #2580, #3732, #1854 ) ) ;
#3484 = SURFACE_STYLE_USAGE ( .BOTH. , #2536 ) ;
#3485 = PLANE ( 'NONE',  #4643 ) ;
#3486 =( GEOMETRIC_REPRESENTATION_CONTEXT ( 3 ) GLOBAL_UNCERTAINTY_ASSIGNED_CONTEXT ( ( #3553 ) ) GLOBAL_UNIT_ASSIGNED_CONTEXT ( ( #1346, #4684, #2838 ) ) REPRESENTATION_CONTEXT ( 'NONE', 'WORKASPACE' ) );
#3487 = CARTESIAN_POINT ( 'NONE',  ( 0.1477159620438993348, -0.07256851390408752822, -0.5590000000000000524 ) ) ;
#3488 = CARTESIAN_POINT ( 'NONE',  ( -0.5474059891756128948, 0.1789558763398149122, -0.5600000000000000533 ) ) ;
#3489 =( GEOMETRIC_REPRESENTATION_CONTEXT ( 3 ) GLOBAL_UNCERTAINTY_ASSIGNED_CONTEXT ( ( #2384 ) ) GLOBAL_UNIT_ASSIGNED_CONTEXT ( ( #1365, #5858, #5878 ) ) REPRESENTATION_CONTEXT ( 'NONE', 'WORKASPACE' ) );
#3490 = FACE_OUTER_BOUND ( 'NONE', #3709, .T. ) ;
#3491 = ORIENTED_EDGE ( 'NONE', *, *, #3637, .F. ) ;
#3492 = DIRECTION ( 'NONE',  ( 0.3393303772748775815, 0.9406672605435404400, 0.0000000000000000000 ) ) ;
#3493 = ORIENTED_EDGE ( 'NONE', *, *, #1605, .F. ) ;
#3494 = CARTESIAN_POINT ( 'NONE',  ( 0.2354694122166668124, -0.1245865131200955545, -0.5600000000000000533 ) ) ;
#3495 = CARTESIAN_POINT ( 'NONE',  ( 0.3707560367146675584, 0.02913323089226622226, -0.5600000000000000533 ) ) ;
#3496 = CARTESIAN_POINT ( 'NONE',  ( 0.2080166281730857492, 0.1825405965750940829, -0.5589999999999999414 ) ) ;
#3497 = CARTESIAN_POINT ( 'NONE',  ( 0.3143829055214955037, -0.04283609918241855496, -0.5589999999999999414 ) ) ;
#3498 = ORIENTED_EDGE ( 'NONE', *, *, #3637, .T. ) ;
#3499 = CARTESIAN_POINT ( 'NONE',  ( 0.2922994387447024334, 0.1657391277615032077, -0.5590000000000001634 ) ) ;
#3500 = CARTESIAN_POINT ( 'NONE',  ( -1.344999999999999529, 0.3049999999999999378, -1.164918963499304830E-17 ) ) ;
#3501 = AXIS2_PLACEMENT_3D ( 'NONE', #4013, #3027, #2574 ) ;
#3502 = EDGE_LOOP ( 'NONE', ( #5564, #5653, #3081, #5531 ) ) ;
#3503 = CARTESIAN_POINT ( 'NONE',  ( 0.5501549864341431784, 0.1789558763398149122, -0.5590000000000000524 ) ) ;
#3504 = VECTOR ( 'NONE', #4199, 1000.000000000000000 ) ;
#3505 = FILL_AREA_STYLE ('',( #5879 ) ) ;
#3506 = CARTESIAN_POINT ( 'NONE',  ( -0.5315713855170760560, 0.1213339251203026936, -0.5600000000000000533 ) ) ;
#3507 =( GEOMETRIC_REPRESENTATION_CONTEXT ( 3 ) GLOBAL_UNCERTAINTY_ASSIGNED_CONTEXT ( ( #4147 ) ) GLOBAL_UNIT_ASSIGNED_CONTEXT ( ( #1143, #3104, #162 ) ) REPRESENTATION_CONTEXT ( 'NONE', 'WORKASPACE' ) );
#3508 = ADVANCED_FACE ( 'NONE', ( #2411 ), #3032, .T. ) ;
#3509 = ORIENTED_EDGE ( 'NONE', *, *, #155, .F. ) ;
#3510 = DIRECTION ( 'NONE',  ( -0.9961946980917458783, 0.0000000000000000000, -0.08715574274765409968 ) ) ;
#3511 = EDGE_CURVE ( 'NONE', #5094, #3940, #3172, .T. ) ;
#3512 =( NAMED_UNIT ( * ) PLANE_ANGLE_UNIT ( ) SI_UNIT ( $, .RADIAN. ) );
#3513 =( NAMED_UNIT ( * ) PLANE_ANGLE_UNIT ( ) SI_UNIT ( $, .RADIAN. ) );
#3514 = EDGE_LOOP ( 'NONE', ( #1221, #4859, #3695, #4393 ) ) ;
#3515 = STYLED_ITEM ( 'NONE', ( #646 ), #4694 ) ;
#3516 = CARTESIAN_POINT ( 'NONE',  ( -1.268516413204958893, -0.7235164132049598518, 0.5300000000000001377 ) ) ;
#3517 = ORIENTED_EDGE ( 'NONE', *, *, #195, .F. ) ;
#3518 = CARTESIAN_POINT ( 'NONE',  ( 0.2789200879150437462, 0.1719633046845269464, -0.5599999999999989431 ) ) ;
#3519 = EDGE_LOOP ( 'NONE', ( #3344, #2538, #1720, #3597 ) ) ;
#3520 = CARTESIAN_POINT ( 'NONE',  ( 0.2825463151973858222, 0.1309414736771606635, -0.5590000000000000524 ) ) ;
#3521 = CARTESIAN_POINT ( 'NONE',  ( -1.344999999999999307, -0.8000000000000001554, 0.0000000000000000000 ) ) ;
#3522 = EDGE_CURVE ( 'NONE', #2293, #6120, #5264, .T. ) ;
#3523 = CARTESIAN_POINT ( 'NONE',  ( -0.3272236963016080247, 0.1394360100602142216, -0.5590000000000000524 ) ) ;
#3524 = ORIENTED_EDGE ( 'NONE', *, *, #2144, .F. ) ;
#3525 = DIRECTION ( 'NONE',  ( 0.0000000000000000000, 1.000000000000000000, 0.0000000000000000000 ) ) ;
#3526 = VERTEX_POINT ( 'NONE', #1869 ) ;
#3527 = SURFACE_SIDE_STYLE ('',( #490 ) ) ;
#3528 = DIRECTION ( 'NONE',  ( 1.000000000000000000, 0.0000000000000000000, -0.0000000000000000000 ) ) ;
#3529 = ADVANCED_FACE ( 'NONE', ( #5582 ), #2826, .T. ) ;
#3530 =( NAMED_UNIT ( * ) PLANE_ANGLE_UNIT ( ) SI_UNIT ( $, .RADIAN. ) );
#3531 =( GEOMETRIC_REPRESENTATION_CONTEXT ( 3 ) GLOBAL_UNCERTAINTY_ASSIGNED_CONTEXT ( ( #1130 ) ) GLOBAL_UNIT_ASSIGNED_CONTEXT ( ( #3800, #46, #89 ) ) REPRESENTATION_CONTEXT ( 'NONE', 'WORKASPACE' ) );
#3532 = CARTESIAN_POINT ( 'NONE',  ( 0.3707929292036752367, 0.01786013785027045636, -0.5590000000000001634 ) ) ;
#3533 =( GEOMETRIC_REPRESENTATION_CONTEXT ( 3 ) GLOBAL_UNCERTAINTY_ASSIGNED_CONTEXT ( ( #3323 ) ) GLOBAL_UNIT_ASSIGNED_CONTEXT ( ( #1462, #3913, #4381 ) ) REPRESENTATION_CONTEXT ( 'NONE', 'WORKASPACE' ) );
#3534 = CARTESIAN_POINT ( 'NONE',  ( -0.2176489664644371824, -0.1209402320473384057, -0.5599999999999999423 ) ) ;
#3535 = CARTESIAN_POINT ( 'NONE',  ( -0.2148221477121982081, 0.1460290470715222277, -0.5599999999999998312 ) ) ;
#3536 = PRESENTATION_STYLE_ASSIGNMENT (( #1282 ) ) ;
#3537 = PRESENTATION_STYLE_ASSIGNMENT (( #3362 ) ) ;
#3538 = DIRECTION ( 'NONE',  ( -0.08715574274765408580, 0.0000000000000000000, -0.9961946980917458783 ) ) ;
#3539 = CARTESIAN_POINT ( 'NONE',  ( -0.2149936416146371876, 0.1789558763398149122, -0.5590000000000000524 ) ) ;
#3540 = SURFACE_STYLE_FILL_AREA ( #65 ) ;
#3541 = PRESENTATION_LAYER_ASSIGNMENT (  '', '', ( #5862 ) ) ;
#3542 = CARTESIAN_POINT ( 'NONE',  ( 0.1794302961419011744, 0.1797143776591307585, -0.5600000000000000533 ) ) ;
#3543 =( LENGTH_UNIT ( ) NAMED_UNIT ( * ) SI_UNIT ( .MILLI., .METRE. ) );
#3544 = LINE ( 'NONE', #1837, #3393 ) ;
#3545 = EDGE_CURVE ( 'NONE', #1037, #5549, #1797, .T. ) ;
#3546 = DIRECTION ( 'NONE',  ( -0.9961946980917455452, -2.700191139724029727E-16, -0.08715574274765836016 ) ) ;
#3547 = FILL_AREA_STYLE ('',( #4958 ) ) ;
#3548 = DIRECTION ( 'NONE',  ( 0.0000000000000000000, 1.000000000000000000, 0.0000000000000000000 ) ) ;
#3549 = LINE ( 'NONE', #4235, #4061 ) ;
#3550 = CARTESIAN_POINT ( 'NONE',  ( -0.3609217006308179099, 0.09279702887808255474, -0.5599999999999999423 ) ) ;
#3551 = LINE ( 'NONE', #1994, #3759 ) ;
#3552 = COLOUR_RGB ( '',1.000000000000000000, 1.000000000000000000, 1.000000000000000000 ) ;
#3553 = UNCERTAINTY_MEASURE_WITH_UNIT (LENGTH_MEASURE( 1.000000000000000082E-05 ), #1346, 'distance_accuracy_value', 'NONE');
#3554 = AXIS2_PLACEMENT_3D ( 'NONE', #2374, #1390, #2331 ) ;
#3555 = CARTESIAN_POINT ( 'NONE',  ( -1.268516413204959337, 0.7235164132049596297, 0.5300000000000001377 ) ) ;
#3556 = CARTESIAN_POINT ( 'NONE',  ( -0.2119067513707348360, -0.1210441236601850767, -0.5600000000000000533 ) ) ;
#3557 = EDGE_CURVE ( 'NONE', #3918, #2424, #4136, .T. ) ;
#3558 = EDGE_LOOP ( 'NONE', ( #3133, #720, #3861, #5373 ) ) ;
#3559 = CARTESIAN_POINT ( 'NONE',  ( -0.3297760406689966284, 0.05835370419489584876, -0.5589999999999998304 ) ) ;
#3560 = PRESENTATION_STYLE_ASSIGNMENT (( #5254 ) ) ;
#3561 = ADVANCED_FACE ( 'NONE', ( #1295, #2251, #2724, #2404, #4592, #915 ), #2297, .F. ) ;
#3562 = ORIENTED_EDGE ( 'NONE', *, *, #4994, .F. ) ;
#3563 = DIRECTION ( 'NONE',  ( 0.0000000000000000000, 0.0000000000000000000, -1.000000000000000000 ) ) ;
#3564 = CARTESIAN_POINT ( 'NONE',  ( 0.2769405943268481995, -0.07952419422583427433, -0.5599999999999998312 ) ) ;
#3565 = ORIENTED_EDGE ( 'NONE', *, *, #5453, .F. ) ;
#3566 = CARTESIAN_POINT ( 'NONE',  ( -0.3195289176306165824, -0.02930029517402816391, -0.5589999999999999414 ) ) ;
#3567 = EDGE_CURVE ( 'NONE', #3940, #5432, #3544, .T. ) ;
#3568 = STYLED_ITEM ( 'NONE', ( #4197 ), #1138 ) ;
#3569 = DIRECTION ( 'NONE',  ( -0.0000000000000000000, -0.0000000000000000000, -1.000000000000000000 ) ) ;
#3570 = CARTESIAN_POINT ( 'NONE',  ( -0.3298263535507660604, 0.005221428626624587468, -0.5590000000000001634 ) ) ;
#3571 = ORIENTED_EDGE ( 'NONE', *, *, #472, .F. ) ;
#3573 = FACE_OUTER_BOUND ( 'NONE', #4389, .T. ) ;
#3572 = CARTESIAN_POINT ( 'NONE',  ( -0.3717962330780518188, 0.03272874219347342989, -0.5590000000000000524 ) ) ;
#3574 = EDGE_LOOP ( 'NONE', ( #5404, #4993, #1597, #1570 ) ) ;
#3575 = AXIS2_PLACEMENT_3D ( 'NONE', #5499, #238, #4058 ) ;
#3576 = PLANE ( 'NONE',  #2612 ) ;
#3577 = ORIENTED_EDGE ( 'NONE', *, *, #5031, .F. ) ;
#3578 = COLOUR_RGB ( '',1.000000000000000000, 1.000000000000000000, 1.000000000000000000 ) ;
#3579 = PRESENTATION_STYLE_ASSIGNMENT (( #4452 ) ) ;
#3580 =( GEOMETRIC_REPRESENTATION_CONTEXT ( 3 ) GLOBAL_UNCERTAINTY_ASSIGNED_CONTEXT ( ( #2631 ) ) GLOBAL_UNIT_ASSIGNED_CONTEXT ( ( #2409, #5739, #4800 ) ) REPRESENTATION_CONTEXT ( 'NONE', 'WORKASPACE' ) );
#3581 =( NAMED_UNIT ( * ) PLANE_ANGLE_UNIT ( ) SI_UNIT ( $, .RADIAN. ) );
#3582 = CARTESIAN_POINT ( 'NONE',  ( -0.3312629049294128492, 0.04539940183474062280, -0.5590000000000001634 ) ) ;
#3583 = LINE ( 'NONE', #6101, #212 ) ;
#3584 = ORIENTED_EDGE ( 'NONE', *, *, #3752, .T. ) ;
#3585 = MECHANICAL_DESIGN_GEOMETRIC_PRESENTATION_REPRESENTATION (  '', ( #2035 ), #3655 ) ;
#3586 = CARTESIAN_POINT ( 'NONE',  ( 1.636612987842788414, -0.3049999999999999933, -0.4500000000000001776 ) ) ;
#3587 = CARTESIAN_POINT ( 'NONE',  ( 0.3235491209038997562, -0.02265379510335819094, -0.5600000000000000533 ) ) ;
#3588 = CARTESIAN_POINT ( 'NONE',  ( 1.268516413204959781, 0.7235164132049596297, 0.5300000000000001377 ) ) ;
#3589 = CIRCLE ( 'NONE', #3005, 0.03000000000000003011 ) ;
#3590 = CARTESIAN_POINT ( 'NONE',  ( -0.2831458036244962617, -0.07054893002181988892, -0.5590000000000000524 ) ) ;
#3591 = ORIENTED_EDGE ( 'NONE', *, *, #3364, .F. ) ;
#3592 = CARTESIAN_POINT ( 'NONE',  ( -0.2393537903200950723, -0.08631522258008834936, -0.5590000000000001634 ) ) ;
#3593 = PRESENTATION_LAYER_ASSIGNMENT (  '', '', ( #5102 ) ) ;
#3594 = CARTESIAN_POINT ( 'NONE',  ( -0.3692616414113045198, 0.06430674276764006270, -0.5590000000000002744 ) ) ;
#3595 = ADVANCED_FACE ( 'NONE', ( #4658 ), #951, .T. ) ;
#3596 = SURFACE_SIDE_STYLE ('',( #1389 ) ) ;
#3597 = ORIENTED_EDGE ( 'NONE', *, *, #2515, .T. ) ;
#3598 = EDGE_CURVE ( 'NONE', #2199, #429, #2803, .T. ) ;
#3599 = DIRECTION ( 'NONE',  ( -1.000000000000000000, -0.0000000000000000000, -0.0000000000000000000 ) ) ;
#3600 = CARTESIAN_POINT ( 'NONE',  ( -0.2759120994598078247, -0.1107813686305701706, -0.5590000000000000524 ) ) ;
#3601 = ORIENTED_EDGE ( 'NONE', *, *, #6117, .F. ) ;
#3602 = CARTESIAN_POINT ( 'NONE',  ( -0.2511872977057749701, 0.1422380651086194159, -0.5600000000000000533 ) ) ;
#3603 = CARTESIAN_POINT ( 'NONE',  ( -0.2831458036244962617, -0.07054893002181988892, -0.5600000000000000533 ) ) ;
#3604 = SURFACE_STYLE_USAGE ( .BOTH. , #1660 ) ;
#3605 = PRESENTATION_LAYER_ASSIGNMENT (  '', '', ( #1026 ) ) ;
#3606 = EDGE_CURVE ( 'NONE', #3852, #468, #1372, .T. ) ;
#3607 = FILL_AREA_STYLE_COLOUR ( '', #1821 ) ;
#3608 = AXIS2_PLACEMENT_3D ( 'NONE', #2170, #259, #5548 ) ;
#3609 =( NAMED_UNIT ( * ) SI_UNIT ( $, .STERADIAN. ) SOLID_ANGLE_UNIT ( ) );
#3610 = FILL_AREA_STYLE ('',( #4623 ) ) ;
#3611 = CARTESIAN_POINT ( 'NONE',  ( -0.2733269197462125932, -0.07596560956470924109, -0.5590000000000001634 ) ) ;
#3612 = VECTOR ( 'NONE', #6114, 1000.000000000000000 ) ;
#3613 =( NAMED_UNIT ( * ) SI_UNIT ( $, .STERADIAN. ) SOLID_ANGLE_UNIT ( ) );
#3614 = VECTOR ( 'NONE', #2698, 1000.000000000000227 ) ;
#3615 =( GEOMETRIC_REPRESENTATION_CONTEXT ( 3 ) GLOBAL_UNCERTAINTY_ASSIGNED_CONTEXT ( ( #2159 ) ) GLOBAL_UNIT_ASSIGNED_CONTEXT ( ( #572, #1968, #4920 ) ) REPRESENTATION_CONTEXT ( 'NONE', 'WORKASPACE' ) );
#3616 = CARTESIAN_POINT ( 'NONE',  ( 0.1849134043141905936, -0.1200292375370936998, -0.5600000000000001643 ) ) ;
#3617 = MECHANICAL_DESIGN_GEOMETRIC_PRESENTATION_REPRESENTATION (  '', ( #5416 ), #6091 ) ;
#3618 = CIRCLE ( 'NONE', #2629, 0.01000000000000000368 ) ;
#3619 = CARTESIAN_POINT ( 'NONE',  ( -0.3272842451551620790, 0.07043979673564244870, -0.5590000000000001634 ) ) ;
#3620 =( GEOMETRIC_REPRESENTATION_CONTEXT ( 3 ) GLOBAL_UNCERTAINTY_ASSIGNED_CONTEXT ( ( #5737 ) ) GLOBAL_UNIT_ASSIGNED_CONTEXT ( ( #4083, #3140, #690 ) ) REPRESENTATION_CONTEXT ( 'NONE', 'WORKASPACE' ) );
#3621 = PRESENTATION_STYLE_ASSIGNMENT (( #5176 ) ) ;
#3622 = COLOUR_RGB ( '',1.000000000000000000, 1.000000000000000000, 1.000000000000000000 ) ;
#3623 = VERTEX_POINT ( 'NONE', #1892 ) ;
#3624 = VECTOR ( 'NONE', #3127, 1000.000000000000114 ) ;
#3625 = CARTESIAN_POINT ( 'NONE',  ( 0.5501549864341431784, 0.1789558763398149122, -0.5590000000000000524 ) ) ;
#3626 = DIRECTION ( 'NONE',  ( -0.0000000000000000000, 1.000000000000000000, -0.0000000000000000000 ) ) ;
#3627 = CARTESIAN_POINT ( 'NONE',  ( -0.2265028233567441263, -0.08782896306396943686, -0.5590000000000000524 ) ) ;
#3628 = LINE ( 'NONE', #1762, #4742 ) ;
#3629 = UNCERTAINTY_MEASURE_WITH_UNIT (LENGTH_MEASURE( 1.000000000000000082E-05 ), #1611, 'distance_accuracy_value', 'NONE');
#3630 = CARTESIAN_POINT ( 'NONE',  ( -0.3376931789691472452, 0.1291345637138614777, -0.5590000000000002744 ) ) ;
#3631 = COLOUR_RGB ( '',1.000000000000000000, 1.000000000000000000, 1.000000000000000000 ) ;
#3632 = ORIENTED_EDGE ( 'NONE', *, *, #867, .T. ) ;
#3633 =( GEOMETRIC_REPRESENTATION_CONTEXT ( 3 ) GLOBAL_UNCERTAINTY_ASSIGNED_CONTEXT ( ( #2231 ) ) GLOBAL_UNIT_ASSIGNED_CONTEXT ( ( #5643, #391, #866 ) ) REPRESENTATION_CONTEXT ( 'NONE', 'WORKASPACE' ) );
#3634 = LINE ( 'NONE', #1633, #2342 ) ;
#3635 = LINE ( 'NONE', #4765, #1160 ) ;
#3636 = ADVANCED_FACE ( 'NONE', ( #5338 ), #2719, .T. ) ;
#3637 = EDGE_CURVE ( 'NONE', #2465, #5432, #5105, .T. ) ;
#3638 = LINE ( 'NONE', #4527, #5668 ) ;
#3639 = VERTEX_POINT ( 'NONE', #969 ) ;
#3640 = ORIENTED_EDGE ( 'NONE', *, *, #5153, .F. ) ;
#3641 = CARTESIAN_POINT ( 'NONE',  ( 0.1503800777322270299, 0.1320283184811610333, -0.5589999999999999414 ) ) ;
#3642 = FACE_OUTER_BOUND ( 'NONE', #4940, .T. ) ;
#3643 = ORIENTED_EDGE ( 'NONE', *, *, #2213, .F. ) ;
#3644 = COLOUR_RGB ( '',0.5019607843137254832, 0.2509803921568627416, 0.0000000000000000000 ) ;
#3645 = CARTESIAN_POINT ( 'NONE',  ( 0.2769405943268481995, -0.07952419422583427433, -0.5599999999999998312 ) ) ;
#3646 = CARTESIAN_POINT ( 'NONE',  ( -0.3077077548236545335, -0.04837823682880465492, -0.5590000000000001634 ) ) ;
#3647 = FILL_AREA_STYLE_COLOUR ( '', #2559 ) ;
#3648 = CARTESIAN_POINT ( 'NONE',  ( 0.1477159620438993348, 0.1707241690227417341, -0.5590000000000000524 ) ) ;
#3649 = PRESENTATION_STYLE_ASSIGNMENT (( #3604 ) ) ;
#3650 = PLANE ( 'NONE',  #603 ) ;
#3651 = COLOUR_RGB ( '',1.000000000000000000, 1.000000000000000000, 1.000000000000000000 ) ;
#3652 = DIRECTION ( 'NONE',  ( -1.000000000000000000, 0.0000000000000000000, 0.0000000000000000000 ) ) ;
#3653 = B_SPLINE_CURVE_WITH_KNOTS ( 'NONE', 3,
 ( #5681, #3205, #415, #327, #1294, #2766, #1754, #5119, #3241, #373, #5288 ),
 .UNSPECIFIED., .F., .F.,
 ( 4, 1, 1, 1, 1, 1, 1, 1, 4 ),
 ( 0.0000000000000000000, 0.1124483899088007527, 0.2265276752126775817, 0.3444019493260279674, 0.4658649724874581732, 0.5916594493521163400, 0.7221684870248873400, 0.8586063875549263535, 1.000000000000000000 ),
 .UNSPECIFIED. ) ;
#3654 = CARTESIAN_POINT ( 'NONE',  ( -0.3312476239674832512, 0.01828986021545579710, -0.5599999999999999423 ) ) ;
#3655 =( GEOMETRIC_REPRESENTATION_CONTEXT ( 3 ) GLOBAL_UNCERTAINTY_ASSIGNED_CONTEXT ( ( #4040 ) ) GLOBAL_UNIT_ASSIGNED_CONTEXT ( ( #2726, #1319, #5181 ) ) REPRESENTATION_CONTEXT ( 'NONE', 'WORKASPACE' ) );
#3656 = EDGE_CURVE ( 'NONE', #1509, #3150, #4948, .T. ) ;
#3657 = VERTEX_POINT ( 'NONE', #2910 ) ;
#3658 = UNCERTAINTY_MEASURE_WITH_UNIT (LENGTH_MEASURE( 1.000000000000000082E-05 ), #736, 'distance_accuracy_value', 'NONE');
#3659 = CARTESIAN_POINT ( 'NONE',  ( 0.1477159620438993626, -0.07256851390408754210, -0.5590000000000001634 ) ) ;
#3660 = ORIENTED_EDGE ( 'NONE', *, *, #2961, .T. ) ;
#3661 = ADVANCED_FACE ( 'NONE', ( #250 ), #1530, .T. ) ;
#3662 = FILL_AREA_STYLE_COLOUR ( '', #5366 ) ;
#3663 = ORIENTED_EDGE ( 'NONE', *, *, #4792, .T. ) ;
#3664 = CARTESIAN_POINT ( 'NONE',  ( -0.3468317615332924264, -0.05645377701572915075, -0.5599999999999998312 ) ) ;
#3665 = MECHANICAL_DESIGN_GEOMETRIC_PRESENTATION_REPRESENTATION (  '', ( #3350 ), #2247 ) ;
#3666 = SURFACE_STYLE_USAGE ( .BOTH. , #1515 ) ;
#3667 = VERTEX_POINT ( 'NONE', #1055 ) ;
#3668 = VERTEX_POINT ( 'NONE', #2949 ) ;
#3669 = CARTESIAN_POINT ( 'NONE',  ( 0.1849134043141905936, -0.1200292375370936998, -0.5590000000000001634 ) ) ;
#3670 = VERTEX_POINT ( 'NONE', #3854 ) ;
#3671 = DIRECTION ( 'NONE',  ( 2.710505431213761085E-16, -1.000000000000000000, 0.0000000000000000000 ) ) ;
#3672 = FACE_OUTER_BOUND ( 'NONE', #1588, .T. ) ;
#3673 = DIRECTION ( 'NONE',  ( 0.0000000000000000000, 1.000000000000000000, 0.0000000000000000000 ) ) ;
#3674 = EDGE_CURVE ( 'NONE', #4340, #3111, #3618, .T. ) ;
#3675 = FILL_AREA_STYLE ('',( #2811 ) ) ;
#3676 = SURFACE_STYLE_FILL_AREA ( #3341 ) ;
#3677 = CARTESIAN_POINT ( 'NONE',  ( 0.2471833213149078889, -0.08996723509223093773, -0.5600000000000000533 ) ) ;
#3678 = PRESENTATION_LAYER_ASSIGNMENT (  '', '', ( #1324 ) ) ;
#3679 = CARTESIAN_POINT ( 'NONE',  ( -0.2289032005073166343, -0.1207366136688922814, -0.5590000000000000524 ) ) ;
#3680 = DIRECTION ( 'NONE',  ( -0.9961946980917454342, 0.0000000000000000000, -0.08715574274765894303 ) ) ;
#3681 = CARTESIAN_POINT ( 'NONE',  ( 0.3131484324977720779, 0.09800846245452733696, -0.5600000000000002753 ) ) ;
#3682 = COLOUR_RGB ( '',1.000000000000000000, 1.000000000000000000, 1.000000000000000000 ) ;
#3683 = FILL_AREA_STYLE_COLOUR ( '', #2093 ) ;
#3684 =( NAMED_UNIT ( * ) SI_UNIT ( $, .STERADIAN. ) SOLID_ANGLE_UNIT ( ) );
#3685 = VERTEX_POINT ( 'NONE', #3835 ) ;
#3686 =( GEOMETRIC_REPRESENTATION_CONTEXT ( 3 ) GLOBAL_UNCERTAINTY_ASSIGNED_CONTEXT ( ( #477 ) ) GLOBAL_UNIT_ASSIGNED_CONTEXT ( ( #3040, #3513, #5445 ) ) REPRESENTATION_CONTEXT ( 'NONE', 'WORKASPACE' ) );
#3687 = LINE ( 'NONE', #7, #2951 ) ;
#3688 = ADVANCED_FACE ( 'NONE', ( #101 ), #536, .T. ) ;
#3689 = CARTESIAN_POINT ( 'NONE',  ( -0.5238430321488817265, 0.1305439623166722019, -0.5590000000000000524 ) ) ;
#3690 =( NAMED_UNIT ( * ) PLANE_ANGLE_UNIT ( ) SI_UNIT ( $, .RADIAN. ) );
#3691 = CARTESIAN_POINT ( 'NONE',  ( 0.1549725523089810209, 0.1736697789983465967, -0.5590000000000001634 ) ) ;
#3692 = LINE ( 'NONE', #1288, #5187 ) ;
#3693 = AXIS2_PLACEMENT_3D ( 'NONE', #1421, #1895, #5268 ) ;
#3694 = FILL_AREA_STYLE_COLOUR ( '', #1910 ) ;
#3695 = ORIENTED_EDGE ( 'NONE', *, *, #4739, .F. ) ;
#3696 = LINE ( 'NONE', #3993, #413 ) ;
#3697 = COLOUR_RGB ( '',1.000000000000000000, 1.000000000000000000, 1.000000000000000000 ) ;
#3698 = UNCERTAINTY_MEASURE_WITH_UNIT (LENGTH_MEASURE( 1.000000000000000082E-05 ), #6106, 'distance_accuracy_value', 'NONE');
#3699 = STYLED_ITEM ( 'NONE', ( #4585 ), #3636 ) ;
#3700 = CARTESIAN_POINT ( 'NONE',  ( 0.3193976893472186274, -0.03308209692631772225, -0.5590000000000001634 ) ) ;
#3701 = CARTESIAN_POINT ( 'NONE',  ( -0.2119067513707348360, -0.1210441236601850767, -0.5590000000000000524 ) ) ;
#3702 = DIRECTION ( 'NONE',  ( -1.046731722664998640E-13, -1.896392994421221496E-13, -1.000000000000000000 ) ) ;
#3703 = CARTESIAN_POINT ( 'NONE',  ( 0.3068115833971371553, 0.1075864756556006024, -0.5589999999999999414 ) ) ;
#3704 = ORIENTED_EDGE ( 'NONE', *, *, #845, .F. ) ;
#3705 = FACE_OUTER_BOUND ( 'NONE', #3012, .T. ) ;
#3706 = SURFACE_SIDE_STYLE ('',( #5327 ) ) ;
#3707 = CARTESIAN_POINT ( 'NONE',  ( 0.2247167242390212538, -0.09177583097725826311, -0.5600000000000000533 ) ) ;
#3708 = EDGE_CURVE ( 'NONE', #5549, #4977, #314, .T. ) ;
#3709 = EDGE_LOOP ( 'NONE', ( #575, #4237, #891, #4567 ) ) ;
#3710 = STYLED_ITEM ( 'NONE', ( #5755 ), #4629 ) ;
#3711 = SURFACE_STYLE_FILL_AREA ( #5945 ) ;
#3712 = SURFACE_STYLE_FILL_AREA ( #6018 ) ;
#3713 = EDGE_LOOP ( 'NONE', ( #6035, #376, #1024, #4571 ) ) ;
#3714 = FILL_AREA_STYLE ('',( #3238 ) ) ;
#3715 = CARTESIAN_POINT ( 'NONE',  ( -0.6644791599073202049, -0.1210441236601850767, -0.5600000000000000533 ) ) ;
#3716 =( GEOMETRIC_REPRESENTATION_CONTEXT ( 3 ) GLOBAL_UNCERTAINTY_ASSIGNED_CONTEXT ( ( #1049 ) ) GLOBAL_UNIT_ASSIGNED_CONTEXT ( ( #991, #5252, #4781 ) ) REPRESENTATION_CONTEXT ( 'NONE', 'WORKASPACE' ) );
#3717 = EDGE_CURVE ( 'NONE', #4728, #377, #1137, .T. ) ;
#3718 = FACE_OUTER_BOUND ( 'NONE', #3519, .T. ) ;
#3719 = SURFACE_SIDE_STYLE ('',( #5296 ) ) ;
#3720 = CARTESIAN_POINT ( 'NONE',  ( 1.840000000000000080, 0.3049999999999999933, -0.5100000000000000089 ) ) ;
#3721 = ADVANCED_FACE ( 'NONE', ( #6077 ), #5771, .T. ) ;
#3722 =( LENGTH_UNIT ( ) NAMED_UNIT ( * ) SI_UNIT ( .MILLI., .METRE. ) );
#3723 = COLOUR_RGB ( '',0.2509803921568627416, 0.2509803921568627416, 0.2509803921568627416 ) ;
#3724 = ORIENTED_EDGE ( 'NONE', *, *, #2258, .F. ) ;
#3725 = CARTESIAN_POINT ( 'NONE',  ( 0.3015426302563325445, -0.06014676244680182415, -0.5600000000000000533 ) ) ;
#3726 = PRESENTATION_LAYER_ASSIGNMENT (  '', '', ( #833 ) ) ;
#3727 = CARTESIAN_POINT ( 'NONE',  ( 0.2647795155146180912, 0.1767144835439433959, -0.5590000000000002744 ) ) ;
#3728 = CARTESIAN_POINT ( 'NONE',  ( 1.336251133647407885, -0.3049999999999999378, 0.1000000000000000472 ) ) ;
#3729 = FILL_AREA_STYLE_COLOUR ( '', #1362 ) ;
#3730 = DIRECTION ( 'NONE',  ( -0.08682659386424779191, 0.08682659386424777803, 0.9924325091389669673 ) ) ;
#3731 = LINE ( 'NONE', #1000, #5387 ) ;
#3732 = ORIENTED_EDGE ( 'NONE', *, *, #5792, .F. ) ;
#3733 = VERTEX_POINT ( 'NONE', #3488 ) ;
#3734 = CARTESIAN_POINT ( 'NONE',  ( -0.05716208673658842998, 0.04724855926664416061, -0.5590000000000000524 ) ) ;
#3735 = CARTESIAN_POINT ( 'NONE',  ( -1.268516413204959115, -3.438320627575841199E-16, 0.5300000000000001377 ) ) ;
#3736 = UNCERTAINTY_MEASURE_WITH_UNIT (LENGTH_MEASURE( 1.000000000000000082E-05 ), #1710, 'distance_accuracy_value', 'NONE');
#3737 = B_SPLINE_CURVE_WITH_KNOTS ( 'NONE', 3,
 ( #586, #1538, #110, #2007, #5362, #564, #3905 ),
 .UNSPECIFIED., .F., .F.,
 ( 4, 1, 1, 1, 4 ),
 ( 0.0000000000000000000, 0.3005411131585106754, 0.5677471464835996962, 0.8000336137369820078, 0.9999999999999998890 ),
 .UNSPECIFIED. ) ;
#3738 = STYLED_ITEM ( 'NONE', ( #2124 ), #5103 ) ;
#3739 = EDGE_LOOP ( 'NONE', ( #6123, #4536, #596, #5625 ) ) ;
#3740 = DIRECTION ( 'NONE',  ( -1.000000000000000000, 0.0000000000000000000, 0.0000000000000000000 ) ) ;
#3741 = EDGE_CURVE ( 'NONE', #3072, #2745, #4357, .T. ) ;
#3742 = EDGE_LOOP ( 'NONE', ( #4023, #3001, #1387, #5259 ) ) ;
#3743 = SURFACE_SIDE_STYLE ('',( #3067 ) ) ;
#3744 = DIRECTION ( 'NONE',  ( 0.0000000000000000000, 1.000000000000000000, 0.0000000000000000000 ) ) ;
#3745 = PLANE ( 'NONE',  #4756 ) ;
#3746 = CARTESIAN_POINT ( 'NONE',  ( 0.3380755586341018804, 0.1276701764958617646, -0.5590000000000000524 ) ) ;
#3747 = CARTESIAN_POINT ( 'NONE',  ( 0.2179712974097529898, 0.1496875836568880846, -0.5600000000000001643 ) ) ;
#3748 =( GEOMETRIC_REPRESENTATION_CONTEXT ( 3 ) GLOBAL_UNCERTAINTY_ASSIGNED_CONTEXT ( ( #5705 ) ) GLOBAL_UNIT_ASSIGNED_CONTEXT ( ( #2518, #5864, #5396 ) ) REPRESENTATION_CONTEXT ( 'NONE', 'WORKASPACE' ) );
#3749 =( NAMED_UNIT ( * ) PLANE_ANGLE_UNIT ( ) SI_UNIT ( $, .RADIAN. ) );
#3750 = CARTESIAN_POINT ( 'NONE',  ( -0.2119067513707348360, -0.1210441236601850767, -0.5590000000000000524 ) ) ;
#3751 = CARTESIAN_POINT ( 'NONE',  ( 0.1708101952976497362, 0.1781085498415665713, -0.5590000000000000524 ) ) ;
#3752 = EDGE_CURVE ( 'NONE', #5703, #304, #4276, .T. ) ;
#3753 = VECTOR ( 'NONE', #2909, 1000.000000000000000 ) ;
#3754 = ADVANCED_FACE ( 'NONE', ( #5850 ), #5411, .T. ) ;
#3755 = VECTOR ( 'NONE', #1305, 1000.000000000000000 ) ;
#3756 = CARTESIAN_POINT ( 'NONE',  ( 0.0000000000000000000, 0.0000000000000000000, -0.5590000000000000524 ) ) ;
#3757 = EDGE_CURVE ( 'NONE', #304, #5535, #5573, .T. ) ;
#3758 = DIRECTION ( 'NONE',  ( 1.000000000000000000, 0.0000000000000000000, 0.0000000000000000000 ) ) ;
#3759 = VECTOR ( 'NONE', #2492, 1000.000000000000000 ) ;
#3760 = ORIENTED_EDGE ( 'NONE', *, *, #6124, .T. ) ;
#3761 = CARTESIAN_POINT ( 'NONE',  ( 0.3651327357979159971, 0.07309742251254086609, -0.5589999999999999414 ) ) ;
#3762 = CARTESIAN_POINT ( 'NONE',  ( 0.1648071419894917844, -0.08107059675269957799, -0.5590000000000000524 ) ) ;
#3763 = PRESENTATION_STYLE_ASSIGNMENT (( #4077 ) ) ;
#3764 = PLANE ( 'NONE',  #1304 ) ;
#3765 = PLANE ( 'NONE',  #4196 ) ;
#3766 = EDGE_LOOP ( 'NONE', ( #124, #3126, #5537, #4033 ) ) ;
#3767 = UNCERTAINTY_MEASURE_WITH_UNIT (LENGTH_MEASURE( 1.000000000000000082E-05 ), #930, 'distance_accuracy_value', 'NONE');
#3768 = SURFACE_STYLE_FILL_AREA ( #3971 ) ;
#3769 =( NAMED_UNIT ( * ) SI_UNIT ( $, .STERADIAN. ) SOLID_ANGLE_UNIT ( ) );
#3770 = FILL_AREA_STYLE ('',( #5596 ) ) ;
#3771 = VECTOR ( 'NONE', #5742, 1000.000000000000000 ) ;
#3772 = AXIS2_PLACEMENT_3D ( 'NONE', #558, #5383, #127 ) ;
#3773 = ORIENTED_EDGE ( 'NONE', *, *, #787, .F. ) ;
#3774 = SURFACE_STYLE_FILL_AREA ( #2564 ) ;
#3775 = LINE ( 'NONE', #5588, #3994 ) ;
#3776 = UNCERTAINTY_MEASURE_WITH_UNIT (LENGTH_MEASURE( 1.000000000000000082E-05 ), #5767, 'distance_accuracy_value', 'NONE');
#3777 =( NAMED_UNIT ( * ) SI_UNIT ( $, .STERADIAN. ) SOLID_ANGLE_UNIT ( ) );
#3778 = AXIS2_PLACEMENT_3D ( 'NONE', #2808, #5228, #5695 ) ;
#3779 = LINE ( 'NONE', #4111, #4086 ) ;
#3780 = FACE_OUTER_BOUND ( 'NONE', #4442, .T. ) ;
#3781 = CARTESIAN_POINT ( 'NONE',  ( 1.537050020299106423, 0.3049999999999999933, -0.0004128682977579882334 ) ) ;
#3782 = ORIENTED_EDGE ( 'NONE', *, *, #1888, .F. ) ;
#3783 = ORIENTED_EDGE ( 'NONE', *, *, #1574, .F. ) ;
#3784 = PLANE ( 'NONE',  #2184 ) ;
#3785 = DIRECTION ( 'NONE',  ( 0.9417224702971437322, 0.3363908276654480889, -0.0000000000000000000 ) ) ;
#3786 = SURFACE_STYLE_USAGE ( .BOTH. , #3823 ) ;
#3787 = FILL_AREA_STYLE_COLOUR ( '', #4430 ) ;
#3788 = FILL_AREA_STYLE ('',( #3805 ) ) ;
#3789 = ORIENTED_EDGE ( 'NONE', *, *, #80, .F. ) ;
#3790 = LINE ( 'NONE', #3859, #4692 ) ;
#3791 = DIRECTION ( 'NONE',  ( 1.000000000000000000, 0.0000000000000000000, 0.0000000000000000000 ) ) ;
#3792 = VECTOR ( 'NONE', #6128, 1000.000000000000000 ) ;
#3793 =( LENGTH_UNIT ( ) NAMED_UNIT ( * ) SI_UNIT ( .MILLI., .METRE. ) );
#3794 = PLANE ( 'NONE',  #240 ) ;
#3795 = PRESENTATION_LAYER_ASSIGNMENT (  '', '', ( #1149 ) ) ;
#3796 = VECTOR ( 'NONE', #5164, 1000.000000000000000 ) ;
#3797 = FILL_AREA_STYLE_COLOUR ( '', #2994 ) ;
#3798 = DIRECTION ( 'NONE',  ( 0.0000000000000000000, 1.000000000000000000, 0.0000000000000000000 ) ) ;
#3799 = SURFACE_STYLE_USAGE ( .BOTH. , #3860 ) ;
#3800 =( LENGTH_UNIT ( ) NAMED_UNIT ( * ) SI_UNIT ( .MILLI., .METRE. ) );
#3801 = STYLED_ITEM ( 'NONE', ( #4068 ), #2295 ) ;
#3802 = CARTESIAN_POINT ( 'NONE',  ( -0.5902223001512224565, -0.03689778219677045806, -0.5590000000000000524 ) ) ;
#3803 =( LENGTH_UNIT ( ) NAMED_UNIT ( * ) SI_UNIT ( .MILLI., .METRE. ) );
#3804 = DIRECTION ( 'NONE',  ( 0.0000000000000000000, 0.0000000000000000000, -1.000000000000000000 ) ) ;
#3805 = FILL_AREA_STYLE_COLOUR ( '', #129 ) ;
#3806 = ORIENTED_EDGE ( 'NONE', *, *, #2430, .F. ) ;
#3807 = VERTEX_POINT ( 'NONE', #2984 ) ;
#3808 = AXIS2_PLACEMENT_3D ( 'NONE', #3521, #3986, #1131 ) ;
#3809 =( NAMED_UNIT ( * ) PLANE_ANGLE_UNIT ( ) SI_UNIT ( $, .RADIAN. ) );
#3810 = UNCERTAINTY_MEASURE_WITH_UNIT (LENGTH_MEASURE( 1.000000000000000082E-05 ), #501, 'distance_accuracy_value', 'NONE');
#3811 = CARTESIAN_POINT ( 'NONE',  ( 0.1738992878848321655, -0.08442281508491124298, -0.5590000000000001634 ) ) ;
#3812 = EDGE_LOOP ( 'NONE', ( #1122, #3193, #296, #4492 ) ) ;
#3813 = CARTESIAN_POINT ( 'NONE',  ( 1.303277292307148727, -0.7582772923071486870, 0.1326813337720180175 ) ) ;
#3814 = SURFACE_STYLE_USAGE ( .BOTH. , #2453 ) ;
#3815 =( NAMED_UNIT ( * ) PLANE_ANGLE_UNIT ( ) SI_UNIT ( $, .RADIAN. ) );
#3816 = ORIENTED_EDGE ( 'NONE', *, *, #5476, .T. ) ;
#3817 = AXIS2_PLACEMENT_3D ( 'NONE', #2219, #841, #1711 ) ;
#3818 = CARTESIAN_POINT ( 'NONE',  ( 0.0000000000000000000, 0.7235164132049596297, 0.5300000000000001377 ) ) ;
#3819 = CARTESIAN_POINT ( 'NONE',  ( -1.344999999999999307, -0.7235164132049598518, -0.5300000000000001377 ) ) ;
#3820 =( NAMED_UNIT ( * ) SI_UNIT ( $, .STERADIAN. ) SOLID_ANGLE_UNIT ( ) );
#3821 = EDGE_CURVE ( 'NONE', #302, #57, #4724, .T. ) ;
#3822 = CARTESIAN_POINT ( 'NONE',  ( 0.3303365797281164751, 0.03941210477191798428, -0.5600000000000000533 ) ) ;
#3823 = SURFACE_SIDE_STYLE ('',( #2660 ) ) ;
#3824 = AXIS2_PLACEMENT_3D ( 'NONE', #3818, #5697, #436 ) ;
#3825 =( LENGTH_UNIT ( ) NAMED_UNIT ( * ) SI_UNIT ( .MILLI., .METRE. ) );
#3826 = LINE ( 'NONE', #4754, #5336 ) ;
#3827 = CARTESIAN_POINT ( 'NONE',  ( -1.636612987842788414, -0.3049999999999999933, -0.4500000000000001776 ) ) ;
#3828 = PRESENTATION_STYLE_ASSIGNMENT (( #2433 ) ) ;
#3829 = SPHERICAL_SURFACE ( 'NONE', #2383, 0.02999999999999999889 ) ;
#3830 = CARTESIAN_POINT ( 'NONE',  ( 1.345000000000000195, 0.7999999999999999334, 0.0000000000000000000 ) ) ;
#3831 = EDGE_CURVE ( 'NONE', #3270, #2902, #806, .T. ) ;
#3832 = EDGE_LOOP ( 'NONE', ( #4134, #3372, #274, #4084 ) ) ;
#3833 = CARTESIAN_POINT ( 'NONE',  ( 1.344999999999999973, 0.7876483080687595173, -8.089164646278569224E-16 ) ) ;
#3834 = DIRECTION ( 'NONE',  ( -0.08715574274765408580, 0.0000000000000000000, -0.9961946980917458783 ) ) ;
#3835 = CARTESIAN_POINT ( 'NONE',  ( -0.5767314464926858175, -0.003970952928477775382, -0.5600000000000000533 ) ) ;
#3836 = DIRECTION ( 'NONE',  ( -0.0000000000000000000, -1.000000000000000000, -0.0000000000000000000 ) ) ;
#3837 =( NAMED_UNIT ( * ) PLANE_ANGLE_UNIT ( ) SI_UNIT ( $, .RADIAN. ) );
#3838 =( NAMED_UNIT ( * ) SI_UNIT ( $, .STERADIAN. ) SOLID_ANGLE_UNIT ( ) );
#3839 = LINE ( 'NONE', #310, #1071 ) ;
#3840 = SURFACE_SIDE_STYLE ('',( #3203 ) ) ;
#3841 = PRESENTATION_STYLE_ASSIGNMENT (( #1059 ) ) ;
#3842 = PRESENTATION_LAYER_ASSIGNMENT (  '', '', ( #3300 ) ) ;
#3843 = CARTESIAN_POINT ( 'NONE',  ( 0.3306427913121919859, 0.02575465682761977210, -0.5600000000000001643 ) ) ;
#3844 = ORIENTED_EDGE ( 'NONE', *, *, #6045, .T. ) ;
#3845 =( BOUNDED_CURVE ( )  B_SPLINE_CURVE ( 3, ( #673, #2539, #4899, #4429 ),
 .UNSPECIFIED., .F., .T. ) 
 B_SPLINE_CURVE_WITH_KNOTS ( ( 4, 4 ),
 ( 5.501585242055416991, 7.064785372303748368 ),
 .UNSPECIFIED. ) 
 CURVE ( )  GEOMETRIC_REPRESENTATION_ITEM ( )  RATIONAL_B_SPLINE_CURVE ( ( 1.000000000000000000, 0.8065248903853486917, 0.8065248903853486917, 1.000000000000000000 ) ) 
 REPRESENTATION_ITEM ( '' )  );
#3846 = CARTESIAN_POINT ( 'NONE',  ( -1.268516413204959337, -0.7534022541477122248, -0.5326146722824298685 ) ) ;
#3847 = ORIENTED_EDGE ( 'NONE', *, *, #3431, .F. ) ;
#3848 =( NAMED_UNIT ( * ) PLANE_ANGLE_UNIT ( ) SI_UNIT ( $, .RADIAN. ) );
#3849 = COLOUR_RGB ( '',1.000000000000000000, 1.000000000000000000, 1.000000000000000000 ) ;
#3850 = DIRECTION ( 'NONE',  ( 0.3222024856061132536, -0.9466707760722532505, 0.0000000000000000000 ) ) ;
#3851 = AXIS2_PLACEMENT_3D ( 'NONE', #2343, #5736, #5831 ) ;
#3852 = VERTEX_POINT ( 'NONE', #1537 ) ;
#3853 = CARTESIAN_POINT ( 'NONE',  ( -0.3312629049294128492, 0.04539940183474062280, -0.5600000000000001643 ) ) ;
#3854 = CARTESIAN_POINT ( 'NONE',  ( 1.268516413204960003, 0.7534022541477120027, -0.5326146722824298685 ) ) ;
#3855 = EDGE_CURVE ( 'NONE', #3807, #3076, #1712, .T. ) ;
#3856 = ORIENTED_EDGE ( 'NONE', *, *, #3199, .T. ) ;
#3857 = COLOUR_RGB ( '',1.000000000000000000, 1.000000000000000000, 1.000000000000000000 ) ;
#3858 = ORIENTED_EDGE ( 'NONE', *, *, #4230, .T. ) ;
#3859 = CARTESIAN_POINT ( 'NONE',  ( 1.268516413204959781, 0.7510063484254824173, 0.5600000000000000533 ) ) ;
#3860 = SURFACE_SIDE_STYLE ('',( #465 ) ) ;
#3861 = ORIENTED_EDGE ( 'NONE', *, *, #3916, .F. ) ;
#3862 =( GEOMETRIC_REPRESENTATION_CONTEXT ( 3 ) GLOBAL_UNCERTAINTY_ASSIGNED_CONTEXT ( ( #4766 ) ) GLOBAL_UNIT_ASSIGNED_CONTEXT ( ( #2989, #527, #71 ) ) REPRESENTATION_CONTEXT ( 'NONE', 'WORKASPACE' ) );
#3863 = CIRCLE ( 'NONE', #396, 0.03000000000000003011 ) ;
#3864 = FACE_OUTER_BOUND ( 'NONE', #364, .T. ) ;
#3865 = PRESENTATION_STYLE_ASSIGNMENT (( #4224 ) ) ;
#3866 = FACE_OUTER_BOUND ( 'NONE', #3483, .T. ) ;
#3867 = DIRECTION ( 'NONE',  ( 0.0000000000000000000, -0.0000000000000000000, 1.000000000000000000 ) ) ;
#3868 =( LENGTH_UNIT ( ) NAMED_UNIT ( * ) SI_UNIT ( .MILLI., .METRE. ) );
#3869 = EDGE_CURVE ( 'NONE', #2926, #5306, #4126, .T. ) ;
#3870 = CARTESIAN_POINT ( 'NONE',  ( 1.268516413204959781, 0.7534022541477120027, 0.5326146722824298685 ) ) ;
#3871 = CARTESIAN_POINT ( 'NONE',  ( 0.2605314291758150103, -0.1224488086927306152, -0.5600000000000000533 ) ) ;
#3872 = FACE_OUTER_BOUND ( 'NONE', #3514, .T. ) ;
#3873 =( NAMED_UNIT ( * ) SI_UNIT ( $, .STERADIAN. ) SOLID_ANGLE_UNIT ( ) );
#3874 = DIRECTION ( 'NONE',  ( 0.0000000000000000000, 0.9961946980917455452, -0.08715574274765831853 ) ) ;
#3875 = SURFACE_STYLE_USAGE ( .BOTH. , #2403 ) ;
#3876 = SURFACE_STYLE_FILL_AREA ( #753 ) ;
#3877 = EDGE_LOOP ( 'NONE', ( #2516, #150, #708, #1565 ) ) ;
#3878 = EDGE_CURVE ( 'NONE', #1472, #2431, #4870, .T. ) ;
#3879 = ORIENTED_EDGE ( 'NONE', *, *, #2414, .F. ) ;
#3880 = DIRECTION ( 'NONE',  ( 0.08715574274765836016, -0.0000000000000000000, -0.9961946980917455452 ) ) ;
#3881 = VERTEX_POINT ( 'NONE', #2047 ) ;
#3882 = CARTESIAN_POINT ( 'NONE',  ( -0.6205767208829298109, -0.1210441236601850767, -0.5590000000000000524 ) ) ;
#3883 = CARTESIAN_POINT ( 'NONE',  ( 1.477221836148108869, 0.3049999999999999933, -0.4639449188396250201 ) ) ;
#3884 = ORIENTED_EDGE ( 'NONE', *, *, #3656, .T. ) ;
#3885 = STYLED_ITEM ( 'NONE', ( #5495 ), #2585 ) ;
#3886 = CARTESIAN_POINT ( 'NONE',  ( 0.2527627394621428936, 0.1452279401580202911, -0.5600000000000001643 ) ) ;
#3887 = EDGE_LOOP ( 'NONE', ( #4158, #3046, #2857, #4118 ) ) ;
#3888 = FILL_AREA_STYLE_COLOUR ( '', #2903 ) ;
#3889 = UNCERTAINTY_MEASURE_WITH_UNIT (LENGTH_MEASURE( 1.000000000000000082E-05 ), #1758, 'distance_accuracy_value', 'NONE');
#3890 = ORIENTED_EDGE ( 'NONE', *, *, #1269, .F. ) ;
#3891 = FILL_AREA_STYLE_COLOUR ( '', #1729 ) ;
#3892 = PRESENTATION_LAYER_ASSIGNMENT (  '', '', ( #6024 ) ) ;
#3893 = CARTESIAN_POINT ( 'NONE',  ( -0.8324871361935458625, 0.7311975589528284525, 0.5590000000000000524 ) ) ;
#3894 = CARTESIAN_POINT ( 'NONE',  ( -0.3157372625612860362, 0.1487007205453771408, -0.5600000000000001643 ) ) ;
#3895 = SURFACE_STYLE_FILL_AREA ( #381 ) ;
#3896 = DIRECTION ( 'NONE',  ( -0.08715574274765408580, 0.0000000000000000000, -0.9961946980917458783 ) ) ;
#3897 =( LENGTH_UNIT ( ) NAMED_UNIT ( * ) SI_UNIT ( .MILLI., .METRE. ) );
#3898 = COLOUR_RGB ( '',1.000000000000000000, 1.000000000000000000, 1.000000000000000000 ) ;
#3899 = MECHANICAL_DESIGN_GEOMETRIC_PRESENTATION_REPRESENTATION (  '', ( #5102 ), #809 ) ;
#3900 = DIRECTION ( 'NONE',  ( -1.000000000000000000, 0.0000000000000000000, -0.0000000000000000000 ) ) ;
#3901 = VECTOR ( 'NONE', #562, 1000.000000000000000 ) ;
#3902 = CARTESIAN_POINT ( 'NONE',  ( 0.2605314291758150103, -0.1224488086927306152, -0.5600000000000000533 ) ) ;
#3903 =( NAMED_UNIT ( * ) PLANE_ANGLE_UNIT ( ) SI_UNIT ( $, .RADIAN. ) );
#3904 = PRESENTATION_STYLE_ASSIGNMENT (( #3799 ) ) ;
#3905 = CARTESIAN_POINT ( 'NONE',  ( -0.5211674221024420461, 0.1213339251203026936, -0.5600000000000000533 ) ) ;
#3906 = EDGE_CURVE ( 'NONE', #302, #5898, #3099, .T. ) ;
#3907 = CARTESIAN_POINT ( 'NONE',  ( -1.268516413204959115, -0.7235164132049598518, 0.5300000000000001377 ) ) ;
#3908 = CARTESIAN_POINT ( 'NONE',  ( -1.344999999999999751, 0.7999999999999999334, 0.0000000000000000000 ) ) ;
#3909 = VECTOR ( 'NONE', #4211, 1000.000000000000000 ) ;
#3910 = VERTEX_POINT ( 'NONE', #4437 ) ;
#3911 = DIRECTION ( 'NONE',  ( 0.08682659386424834702, 0.08682659386424898540, -0.9924325091389669673 ) ) ;
#3912 = CIRCLE ( 'NONE', #486, 0.06000000000000015737 ) ;
#3913 =( NAMED_UNIT ( * ) PLANE_ANGLE_UNIT ( ) SI_UNIT ( $, .RADIAN. ) );
#3914 = MECHANICAL_DESIGN_GEOMETRIC_PRESENTATION_REPRESENTATION (  '', ( #3089 ), #1434 ) ;
#3915 = CARTESIAN_POINT ( 'NONE',  ( -0.3716764827099196533, 0.03816683216476869644, -0.5600000000000001643 ) ) ;
#3916 = EDGE_CURVE ( 'NONE', #153, #2754, #1431, .T. ) ;
#3917 = PRESENTATION_LAYER_ASSIGNMENT (  '', '', ( #1858 ) ) ;
#3918 = VERTEX_POINT ( 'NONE', #5423 ) ;
#3919 = VECTOR ( 'NONE', #4973, 1000.000000000000000 ) ;
#3920 = DIRECTION ( 'NONE',  ( -1.000000000000000000, 0.0000000000000000000, -0.0000000000000000000 ) ) ;
#3921 = CARTESIAN_POINT ( 'NONE',  ( 0.2878734510810257996, -0.1147773319301269163, -0.5589999999999999414 ) ) ;
#3922 = PRESENTATION_LAYER_ASSIGNMENT (  '', '', ( #1669 ) ) ;
#3923 = CARTESIAN_POINT ( 'NONE',  ( -0.5071620867365884688, 0.1789558763398149122, -0.5600000000000000533 ) ) ;
#3924 = VECTOR ( 'NONE', #2464, 1000.000000000000000 ) ;
#3925 = ORIENTED_EDGE ( 'NONE', *, *, #2765, .T. ) ;
#3926 = UNCERTAINTY_MEASURE_WITH_UNIT (LENGTH_MEASURE( 1.000000000000000082E-05 ), #2249, 'distance_accuracy_value', 'NONE');
#3927 = FACE_OUTER_BOUND ( 'NONE', #366, .T. ) ;
#3928 = CARTESIAN_POINT ( 'NONE',  ( 1.032390010713868378, 0.3049999999999999933, 0.1000000000000000056 ) ) ;
#3929 = PRESENTATION_STYLE_ASSIGNMENT (( #5949 ) ) ;
#3930 = AXIS2_PLACEMENT_3D ( 'NONE', #4014, #2575, #5920 ) ;
#3931 = CARTESIAN_POINT ( 'NONE',  ( 0.3651327357979159971, 0.07309742251254086609, -0.5589999999999999414 ) ) ;
#3932 =( LENGTH_UNIT ( ) NAMED_UNIT ( * ) SI_UNIT ( .MILLI., .METRE. ) );
#3933 = MECHANICAL_DESIGN_GEOMETRIC_PRESENTATION_REPRESENTATION (  '', ( #3108 ), #3417 ) ;
#3934 = CARTESIAN_POINT ( 'NONE',  ( 0.2746063122098372777, -0.1192590542237073198, -0.5600000000000003864 ) ) ;
#3935 = CARTESIAN_POINT ( 'NONE',  ( -0.3717962330780518188, 0.03272874219347342989, -0.5590000000000000524 ) ) ;
#3936 = ORIENTED_EDGE ( 'NONE', *, *, #3717, .T. ) ;
#3937 = CARTESIAN_POINT ( 'NONE',  ( -1.344999999999999751, 0.7701141590572475604, 0.0000000000000000000 ) ) ;
#3938 = ORIENTED_EDGE ( 'NONE', *, *, #1974, .T. ) ;
#3939 =( GEOMETRIC_REPRESENTATION_CONTEXT ( 3 ) GLOBAL_UNCERTAINTY_ASSIGNED_CONTEXT ( ( #886 ) ) GLOBAL_UNIT_ASSIGNED_CONTEXT ( ( #1309, #4651, #3237 ) ) REPRESENTATION_CONTEXT ( 'NONE', 'WORKASPACE' ) );
#3940 = VERTEX_POINT ( 'NONE', #1562 ) ;
#3941 = FILL_AREA_STYLE_COLOUR ( '', #612 ) ;
#3942 = LINE ( 'NONE', #3422, #2520 ) ;
#3943 = VECTOR ( 'NONE', #5700, 1000.000000000000000 ) ;
#3944 = SURFACE_STYLE_FILL_AREA ( #1344 ) ;
#3945 = DIRECTION ( 'NONE',  ( -0.0000000000000000000, -1.000000000000000000, -0.0000000000000000000 ) ) ;
#3946 = DIRECTION ( 'NONE',  ( 1.000000000000000000, 0.0000000000000000000, 0.0000000000000000000 ) ) ;
#3947 = STYLED_ITEM ( 'NONE', ( #4412 ), #4479 ) ;
#3948 = CARTESIAN_POINT ( 'NONE',  ( 0.3305594453571539804, 0.02136829511888840849, -0.5590000000000000524 ) ) ;
#3949 = LINE ( 'NONE', #4639, #1986 ) ;
#3950 = SURFACE_SIDE_STYLE ('',( #5865 ) ) ;
#3951 = SURFACE_STYLE_FILL_AREA ( #5854 ) ;
#3952 = EDGE_CURVE ( 'NONE', #4983, #3333, #2174, .T. ) ;
#3953 = FILL_AREA_STYLE ('',( #2600 ) ) ;
#3954 = CARTESIAN_POINT ( 'NONE',  ( 0.1501039990970955418, 0.1716935259120037638, -0.5600000000000001643 ) ) ;
#3955 = DIRECTION ( 'NONE',  ( -1.000000000000000000, 0.0000000000000000000, 0.0000000000000000000 ) ) ;
#3956 = CARTESIAN_POINT ( 'NONE',  ( -0.5211674221024420461, 0.1213339251203026936, -0.5590000000000000524 ) ) ;
#3957 = ORIENTED_EDGE ( 'NONE', *, *, #5111, .F. ) ;
#3958 = ORIENTED_EDGE ( 'NONE', *, *, #2879, .T. ) ;
#3959 = STYLED_ITEM ( 'NONE', ( #2900 ), #1580 ) ;
#3960 = ORIENTED_EDGE ( 'NONE', *, *, #4525, .T. ) ;
#3961 = SURFACE_SIDE_STYLE ('',( #2597 ) ) ;
#3962 = CARTESIAN_POINT ( 'NONE',  ( -1.336251133647407219, 0.3049999999999999378, 0.1000000000000000472 ) ) ;
#3963 = SURFACE_STYLE_USAGE ( .BOTH. , #5403 ) ;
#3964 = ORIENTED_EDGE ( 'NONE', *, *, #217, .F. ) ;
#3965 = UNCERTAINTY_MEASURE_WITH_UNIT (LENGTH_MEASURE( 1.000000000000000082E-05 ), #5648, 'distance_accuracy_value', 'NONE');
#3966 = ADVANCED_FACE ( 'NONE', ( #5492 ), #2794, .T. ) ;
#3967 = CARTESIAN_POINT ( 'NONE',  ( 0.2647795155146180912, 0.1767144835439433959, -0.5590000000000002744 ) ) ;
#3968 = DIRECTION ( 'NONE',  ( 0.08682659386424781967, -0.08682659386424777803, 0.9924325091389669673 ) ) ;
#3969 =( NAMED_UNIT ( * ) SI_UNIT ( $, .STERADIAN. ) SOLID_ANGLE_UNIT ( ) );
#3970 = CARTESIAN_POINT ( 'NONE',  ( -0.3714423257215458407, 0.04880034244156434414, -0.5589999999999999414 ) ) ;
#3971 = FILL_AREA_STYLE ('',( #5449 ) ) ;
#3972 = AXIS2_PLACEMENT_3D ( 'NONE', #4156, #4721, #6125 ) ;
#3973 = EDGE_CURVE ( 'NONE', #1313, #529, #94, .T. ) ;
#3974 = FILL_AREA_STYLE ('',( #4853 ) ) ;
#3975 = CARTESIAN_POINT ( 'NONE',  ( -1.298402254147711599, -0.7510063484254827504, -0.5326146722824298685 ) ) ;
#3976 =( NAMED_UNIT ( * ) SI_UNIT ( $, .STERADIAN. ) SOLID_ANGLE_UNIT ( ) );
#3977 = STYLED_ITEM ( 'NONE', ( #3537 ), #3721 ) ;
#3978 = VECTOR ( 'NONE', #23, 1000.000000000000000 ) ;
#3979 = VECTOR ( 'NONE', #3730, 1000.000000000000114 ) ;
#3980 = ORIENTED_EDGE ( 'NONE', *, *, #3821, .T. ) ;
#3981 = CARTESIAN_POINT ( 'NONE',  ( 0.1652707406935066403, -0.1140414300855948776, -0.5590000000000002744 ) ) ;
#3982 = CARTESIAN_POINT ( 'NONE',  ( 0.1504736610825502807, -0.07412178015749880389, -0.5600000000000000533 ) ) ;
#3983 = PRESENTATION_STYLE_ASSIGNMENT (( #5675 ) ) ;
#3985 = CARTESIAN_POINT ( 'NONE',  ( 0.2416545215076107422, 0.1477458219277014151, -0.5590000000000000524 ) ) ;
#3984 = SURFACE_STYLE_FILL_AREA ( #2556 ) ;
#3986 = DIRECTION ( 'NONE',  ( 0.0000000000000000000, -0.9961946980917455452, -0.08715574274765836016 ) ) ;
#3987 = CARTESIAN_POINT ( 'NONE',  ( -0.8324871361935458625, -0.7311975589528285635, 0.5590000000000000524 ) ) ;
#3988 = EDGE_LOOP ( 'NONE', ( #3565, #3601, #3856, #6051 ) ) ;
#3989 = CARTESIAN_POINT ( 'NONE',  ( -1.477221836148108869, -0.3049999999999999933, -0.4639449188396250201 ) ) ;
#3990 = EDGE_CURVE ( 'NONE', #5657, #4390, #2479, .T. ) ;
#3991 = MECHANICAL_DESIGN_GEOMETRIC_PRESENTATION_REPRESENTATION (  '', ( #3365 ), #2477 ) ;
#3992 = SURFACE_SIDE_STYLE ('',( #4962 ) ) ;
#3993 = CARTESIAN_POINT ( 'NONE',  ( -0.2148221477121982081, 0.1460290470715222277, -0.5590000000000000524 ) ) ;
#3994 = VECTOR ( 'NONE', #4588, 1000.000000000000000 ) ;
#3995 = PRESENTATION_STYLE_ASSIGNMENT (( #4707 ) ) ;
#3996 = DIRECTION ( 'NONE',  ( -0.0000000000000000000, -0.0000000000000000000, -1.000000000000000000 ) ) ;
#3997 = SURFACE_STYLE_FILL_AREA ( #1343 ) ;
#3998 = ORIENTED_EDGE ( 'NONE', *, *, #4025, .T. ) ;
#3999 = UNCERTAINTY_MEASURE_WITH_UNIT (LENGTH_MEASURE( 1.000000000000000082E-05 ), #908, 'distance_accuracy_value', 'NONE');
#4000 = COLOUR_RGB ( '',0.2509803921568627416, 0.2509803921568627416, 0.2509803921568627416 ) ;
#4001 = VECTOR ( 'NONE', #3850, 1000.000000000000114 ) ;
#4002 = VECTOR ( 'NONE', #6012, 1000.000000000000000 ) ;
#4003 = PLANE ( 'NONE',  #4172 ) ;
#4004 = ORIENTED_EDGE ( 'NONE', *, *, #699, .F. ) ;
#4005 =( GEOMETRIC_REPRESENTATION_CONTEXT ( 3 ) GLOBAL_UNCERTAINTY_ASSIGNED_CONTEXT ( ( #3285 ) ) GLOBAL_UNIT_ASSIGNED_CONTEXT ( ( #95, #1023, #3446 ) ) REPRESENTATION_CONTEXT ( 'NONE', 'WORKASPACE' ) );
#4006 = CARTESIAN_POINT ( 'NONE',  ( -0.3658016338234909015, -0.01561326585227370591, -0.5589999999999999414 ) ) ;
#4007 = CARTESIAN_POINT ( 'NONE',  ( -0.3314539964643041237, 0.03646753822253821081, -0.5590000000000001634 ) ) ;
#4008 = VECTOR ( 'NONE', #1183, 1000.000000000000000 ) ;
#4009 = ORIENTED_EDGE ( 'NONE', *, *, #4362, .F. ) ;
#4010 = SURFACE_STYLE_FILL_AREA ( #4069 ) ;
#4011 = CARTESIAN_POINT ( 'NONE',  ( 0.3305388969683585310, 0.03038848411046526921, -0.5589999999999999414 ) ) ;
#4012 = ORIENTED_EDGE ( 'NONE', *, *, #5111, .T. ) ;
#4013 = CARTESIAN_POINT ( 'NONE',  ( -1.636612987842788414, 0.3049999999999999933, -0.4500000000000001776 ) ) ;
#4014 = CARTESIAN_POINT ( 'NONE',  ( -1.437430550489931846, 0.3049999999999999933, -0.009128442572523400717 ) ) ;
#4015 = CARTESIAN_POINT ( 'NONE',  ( 0.2857487383680733517, -0.07408449617660170516, -0.5600000000000001643 ) ) ;
#4016 =( NAMED_UNIT ( * ) SI_UNIT ( $, .STERADIAN. ) SOLID_ANGLE_UNIT ( ) );
#4017 = CARTESIAN_POINT ( 'NONE',  ( 1.268516413204959781, 0.7235164132049596297, 0.5600000000000000533 ) ) ;
#4018 = CARTESIAN_POINT ( 'NONE',  ( 1.437430550489931846, 0.3049999999999999933, -0.009128442572523400717 ) ) ;
#4019 = DIRECTION ( 'NONE',  ( -0.08682659386424776415, -0.08682659386424777803, -0.9924325091389669673 ) ) ;
#4020 = MECHANICAL_DESIGN_GEOMETRIC_PRESENTATION_REPRESENTATION (  '', ( #3699 ), #1010 ) ;
#4021 = CARTESIAN_POINT ( 'NONE',  ( -0.3658041971656182390, 0.07896677015178715786, -0.5600000000000000533 ) ) ;
#4022 = ADVANCED_FACE ( 'NONE', ( #1364 ), #3169, .F. ) ;
#4023 = ORIENTED_EDGE ( 'NONE', *, *, #944, .F. ) ;
#4024 =( LENGTH_UNIT ( ) NAMED_UNIT ( * ) SI_UNIT ( .MILLI., .METRE. ) );
#4025 = EDGE_CURVE ( 'NONE', #5045, #4109, #5173, .T. ) ;
#4026 =( NAMED_UNIT ( * ) SI_UNIT ( $, .STERADIAN. ) SOLID_ANGLE_UNIT ( ) );
#4027 = CARTESIAN_POINT ( 'NONE',  ( -0.1303328184439055681, -0.1210441236601850767, -0.5600000000000000533 ) ) ;
#4028 = ORIENTED_EDGE ( 'NONE', *, *, #1798, .T. ) ;
#4029 = STYLED_ITEM ( 'NONE', ( #1610 ), #4222 ) ;
#4030 = CARTESIAN_POINT ( 'NONE',  ( -0.2724324891046430164, 0.1350220212279465148, -0.5590000000000001634 ) ) ;
#4031 = ORIENTED_EDGE ( 'NONE', *, *, #137, .T. ) ;
#4032 = ADVANCED_FACE ( 'NONE', ( #384 ), #2687, .T. ) ;
#4033 = ORIENTED_EDGE ( 'NONE', *, *, #5235, .F. ) ;
#4034 = SURFACE_STYLE_USAGE ( .BOTH. , #683 ) ;
#4035 = CARTESIAN_POINT ( 'NONE',  ( -0.05716208673658842998, 0.04724855926664416061, -0.5590000000000000524 ) ) ;
#4036 = STYLED_ITEM ( 'NONE', ( #685 ), #2690 ) ;
#4037 = EDGE_CURVE ( 'NONE', #5063, #4557, #2311, .T. ) ;
#4038 = ORIENTED_EDGE ( 'NONE', *, *, #5577, .F. ) ;
#4039 = DIRECTION ( 'NONE',  ( -0.0000000000000000000, -1.000000000000000000, -0.0000000000000000000 ) ) ;
#4040 = UNCERTAINTY_MEASURE_WITH_UNIT (LENGTH_MEASURE( 1.000000000000000082E-05 ), #2726, 'distance_accuracy_value', 'NONE');
#4041 = ORIENTED_EDGE ( 'NONE', *, *, #860, .F. ) ;
#4042 = CARTESIAN_POINT ( 'NONE',  ( -1.537050020299106423, -0.3049999999999999933, -0.0004128682977579882334 ) ) ;
#4043 = CARTESIAN_POINT ( 'NONE',  ( -0.2627896036517640144, -0.08047929577744659946, -0.5599999999999998312 ) ) ;
#4044 = CARTESIAN_POINT ( 'NONE',  ( -0.3034330913448932687, 0.1567903071250491831, -0.5600000000000000533 ) ) ;
#4045 = SURFACE_STYLE_USAGE ( .BOTH. , #2630 ) ;
#4046 =( GEOMETRIC_REPRESENTATION_CONTEXT ( 3 ) GLOBAL_UNCERTAINTY_ASSIGNED_CONTEXT ( ( #2341 ) ) GLOBAL_UNIT_ASSIGNED_CONTEXT ( ( #2871, #14, #3820 ) ) REPRESENTATION_CONTEXT ( 'NONE', 'WORKASPACE' ) );
#4047 =( NAMED_UNIT ( * ) SI_UNIT ( $, .STERADIAN. ) SOLID_ANGLE_UNIT ( ) );
#4048 = MECHANICAL_DESIGN_GEOMETRIC_PRESENTATION_REPRESENTATION (  '', ( #2234 ), #4371 ) ;
#4049 = CARTESIAN_POINT ( 'NONE',  ( -0.3714375762381471602, 0.01595550255402538448, -0.5589999999999999414 ) ) ;
#4050 = PRESENTATION_LAYER_ASSIGNMENT (  '', '', ( #4459 ) ) ;
#4051 = ADVANCED_FACE ( 'NONE', ( #3672 ), #340, .T. ) ;
#4052 =( NAMED_UNIT ( * ) SI_UNIT ( $, .STERADIAN. ) SOLID_ANGLE_UNIT ( ) );
#4053 = VECTOR ( 'NONE', #5785, 1000.000000000000000 ) ;
#4054 = PRESENTATION_LAYER_ASSIGNMENT (  '', '', ( #738 ) ) ;
#4055 = CARTESIAN_POINT ( 'NONE',  ( -0.2453606186679326562, -0.1186430880863783704, -0.5590000000000000524 ) ) ;
#4056 = DIRECTION ( 'NONE',  ( 0.0000000000000000000, 0.0000000000000000000, -1.000000000000000000 ) ) ;
#4057 = EDGE_CURVE ( 'NONE', #2376, #702, #1053, .T. ) ;
#4058 = DIRECTION ( 'NONE',  ( -0.3390537954853694025, -0.9407669869669987861, 0.0000000000000000000 ) ) ;
#4059 = CARTESIAN_POINT ( 'NONE',  ( -0.3716750729172583201, 0.02706246684156856513, -0.5599999999999999423 ) ) ;
#4060 = CARTESIAN_POINT ( 'NONE',  ( -0.2831458036244962617, -0.07054893002181988892, -0.5599999999999998312 ) ) ;
#4061 = VECTOR ( 'NONE', #1868, 1000.000000000000000 ) ;
#4062 = CARTESIAN_POINT ( 'NONE',  ( -0.3034330913448932687, 0.1567903071250491831, -0.5590000000000000524 ) ) ;
#4063 = FACE_OUTER_BOUND ( 'NONE', #5699, .T. ) ;
#4064 = ORIENTED_EDGE ( 'NONE', *, *, #513, .F. ) ;
#4065 = FACE_OUTER_BOUND ( 'NONE', #2664, .T. ) ;
#4066 = VECTOR ( 'NONE', #230, 1000.000000000000000 ) ;
#4067 = PRESENTATION_LAYER_ASSIGNMENT (  '', '', ( #1806 ) ) ;
#4068 = PRESENTATION_STYLE_ASSIGNMENT (( #4596 ) ) ;
#4069 = FILL_AREA_STYLE ('',( #5059 ) ) ;
#4070 = CARTESIAN_POINT ( 'NONE',  ( -0.2610540259877699443, -0.1154585945495556210, -0.5590000000000001634 ) ) ;
#4071 = EDGE_CURVE ( 'NONE', #499, #1080, #1132, .T. ) ;
#4072 = ORIENTED_EDGE ( 'NONE', *, *, #5768, .F. ) ;
#4073 =( NAMED_UNIT ( * ) SI_UNIT ( $, .STERADIAN. ) SOLID_ANGLE_UNIT ( ) );
#4074 = COLOUR_RGB ( '',1.000000000000000000, 1.000000000000000000, 1.000000000000000000 ) ;
#4075 = CARTESIAN_POINT ( 'NONE',  ( 0.1812525227899320912, 0.1449734212249666199, -0.5590000000000000524 ) ) ;
#4076 = VERTEX_POINT ( 'NONE', #425 ) ;
#4077 = SURFACE_STYLE_USAGE ( .BOTH. , #2622 ) ;
#4078 = SURFACE_STYLE_FILL_AREA ( #2543 ) ;
#4079 = LINE ( 'NONE', #3975, #4146 ) ;
#4080 = COLOUR_RGB ( '',1.000000000000000000, 1.000000000000000000, 1.000000000000000000 ) ;
#4081 =( NAMED_UNIT ( * ) PLANE_ANGLE_UNIT ( ) SI_UNIT ( $, .RADIAN. ) );
#4082 = CARTESIAN_POINT ( 'NONE',  ( -0.06447915990732011604, 0.1460290470715222277, -0.5600000000000000533 ) ) ;
#4083 =( LENGTH_UNIT ( ) NAMED_UNIT ( * ) SI_UNIT ( .MILLI., .METRE. ) );
#4084 = ORIENTED_EDGE ( 'NONE', *, *, #1027, .T. ) ;
#4086 = VECTOR ( 'NONE', #4129, 1000.000000000000000 ) ;
#4085 = CARTESIAN_POINT ( 'NONE',  ( -0.2313118205209142852, 0.1785921591405809639, -0.5589999999999999414 ) ) ;
#4087 = SURFACE_STYLE_FILL_AREA ( #4354 ) ;
#4088 = ORIENTED_EDGE ( 'NONE', *, *, #3402, .F. ) ;
#4089 = ADVANCED_FACE ( 'NONE', ( #2009 ), #1857, .T. ) ;
#4090 = EDGE_LOOP ( 'NONE', ( #5822, #4616, #998, #3562, #5319, #695, #5279, #3884 ) ) ;
#4091 = PRESENTATION_STYLE_ASSIGNMENT (( #4417 ) ) ;
#4092 = ORIENTED_EDGE ( 'NONE', *, *, #4938, .F. ) ;
#4093 = CARTESIAN_POINT ( 'NONE',  ( 0.1477159620438993348, 0.1304802665837173359, -0.5600000000000000533 ) ) ;
#4094 = VECTOR ( 'NONE', #1470, 1000.000000000000000 ) ;
#4095 = SURFACE_SIDE_STYLE ('',( #403 ) ) ;
#4096 = CIRCLE ( 'NONE', #6162, 0.03000000000000003011 ) ;
#4097 = SURFACE_STYLE_FILL_AREA ( #6160 ) ;
#4098 = COLOUR_RGB ( '',0.2509803921568627416, 0.2509803921568627416, 0.2509803921568627416 ) ;
#4099 = CARTESIAN_POINT ( 'NONE',  ( -0.2514488498626519242, -0.08388444422514949872, -0.5599999999999999423 ) ) ;
#4100 =( GEOMETRIC_REPRESENTATION_CONTEXT ( 3 ) GLOBAL_UNCERTAINTY_ASSIGNED_CONTEXT ( ( #5155 ) ) GLOBAL_UNIT_ASSIGNED_CONTEXT ( ( #868, #416, #2790 ) ) REPRESENTATION_CONTEXT ( 'NONE', 'WORKASPACE' ) );
#4101 = EDGE_CURVE ( 'NONE', #1163, #4076, #5489, .T. ) ;
#4102 = CARTESIAN_POINT ( 'NONE',  ( 1.427468603509014278, -0.3049999999999999933, -0.009999999999999953371 ) ) ;
#4103 = CARTESIAN_POINT ( 'NONE',  ( 0.2676011681239527373, -0.08403496449025557591, -0.5590000000000001634 ) ) ;
#4104 = FILL_AREA_STYLE_COLOUR ( '', #4000 ) ;
#4105 = CARTESIAN_POINT ( 'NONE',  ( -0.2119067513707348360, -0.1210441236601850767, -0.5600000000000001643 ) ) ;
#4106 = CARTESIAN_POINT ( 'NONE',  ( -0.2396278854759994470, 0.1444333453897458097, -0.5589999999999999414 ) ) ;
#4107 = MECHANICAL_DESIGN_GEOMETRIC_PRESENTATION_REPRESENTATION (  '', ( #3153 ), #4744 ) ;
#4108 = CARTESIAN_POINT ( 'NONE',  ( -0.3157372625612860362, 0.1487007205453771408, -0.5600000000000001643 ) ) ;
#4109 = VERTEX_POINT ( 'NONE', #5706 ) ;
#4110 = EDGE_LOOP ( 'NONE', ( #5058, #2722, #3517, #126 ) ) ;
#4111 = CARTESIAN_POINT ( 'NONE',  ( -0.5259692513707348027, 0.1423705104861563986, -0.5590000000000000524 ) ) ;
#4112 = DIRECTION ( 'NONE',  ( 0.0000000000000000000, 1.000000000000000000, 0.0000000000000000000 ) ) ;
#4113 = ORIENTED_EDGE ( 'NONE', *, *, #1113, .F. ) ;
#4114 = CARTESIAN_POINT ( 'NONE',  ( -0.3937474525902470157, -0.1210441236601850767, -0.5590000000000000524 ) ) ;
#4115 = ORIENTED_EDGE ( 'NONE', *, *, #5763, .F. ) ;
#4116 = CARTESIAN_POINT ( 'NONE',  ( 0.1640263083781701159, 0.1389634795238347265, -0.5600000000000001643 ) ) ;
#4117 = UNCERTAINTY_MEASURE_WITH_UNIT (LENGTH_MEASURE( 1.000000000000000082E-05 ), #3793, 'distance_accuracy_value', 'NONE');
#4118 = ORIENTED_EDGE ( 'NONE', *, *, #5971, .T. ) ;
#4119 = CARTESIAN_POINT ( 'NONE',  ( 0.5501549864341431784, -0.1210441236601850767, -0.5600000000000000533 ) ) ;
#4120 = PRESENTATION_LAYER_ASSIGNMENT (  '', '', ( #4036 ) ) ;
#4121 = CARTESIAN_POINT ( 'NONE',  ( 0.2576882624082461604, -0.08752241204818769771, -0.5590000000000000524 ) ) ;
#4122 = AXIS2_PLACEMENT_3D ( 'NONE', #152, #1069, #2993 ) ;
#4123 = DIRECTION ( 'NONE',  ( 1.243497163265005416E-16, 0.0000000000000000000, -1.000000000000000000 ) ) ;
#4124 = CARTESIAN_POINT ( 'NONE',  ( -0.2724324891046430164, 0.1350220212279465148, -0.5590000000000001634 ) ) ;
#4125 =( LENGTH_UNIT ( ) NAMED_UNIT ( * ) SI_UNIT ( .MILLI., .METRE. ) );
#4126 = LINE ( 'NONE', #3928, #3901 ) ;
#4127 = AXIS2_PLACEMENT_3D ( 'NONE', #2015, #5844, #2470 ) ;
#4128 = ADVANCED_FACE ( 'NONE', ( #3018 ), #3764, .T. ) ;
#4129 = DIRECTION ( 'NONE',  ( -0.0000000000000000000, -0.0000000000000000000, -1.000000000000000000 ) ) ;
#4130 =( NAMED_UNIT ( * ) PLANE_ANGLE_UNIT ( ) SI_UNIT ( $, .RADIAN. ) );
#4131 = SURFACE_STYLE_FILL_AREA ( #5804 ) ;
#4132 =( GEOMETRIC_REPRESENTATION_CONTEXT ( 3 ) GLOBAL_UNCERTAINTY_ASSIGNED_CONTEXT ( ( #1168 ) ) GLOBAL_UNIT_ASSIGNED_CONTEXT ( ( #1256, #5984, #5069 ) ) REPRESENTATION_CONTEXT ( 'NONE', 'WORKASPACE' ) );
#4133 = VECTOR ( 'NONE', #13, 1000.000000000000000 ) ;
#4134 = ORIENTED_EDGE ( 'NONE', *, *, #2789, .F. ) ;
#4135 = DIRECTION ( 'NONE',  ( 0.08682659386424776415, 0.08682659386424777803, -0.9924325091389669673 ) ) ;
#4136 = LINE ( 'NONE', #882, #2026 ) ;
#4137 = DIRECTION ( 'NONE',  ( 0.0000000000000000000, -0.0000000000000000000, -1.000000000000000000 ) ) ;
#4138 = STYLED_ITEM ( 'NONE', ( #28 ), #3688 ) ;
#4139 = CARTESIAN_POINT ( 'NONE',  ( 0.2361365994892247744, -0.09148150588456091525, -0.5590000000000000524 ) ) ;
#4140 = CARTESIAN_POINT ( 'NONE',  ( -0.2899992319985615352, -0.1048902123466513431, -0.5600000000000001643 ) ) ;
#4141 = DIRECTION ( 'NONE',  ( 0.0000000000000000000, -1.000000000000000000, 0.0000000000000000000 ) ) ;
#4142 = FILL_AREA_STYLE_COLOUR ( '', #4501 ) ;
#4143 = EDGE_CURVE ( 'NONE', #2969, #2703, #4541, .T. ) ;
#4144 = ORIENTED_EDGE ( 'NONE', *, *, #714, .F. ) ;
#4145 =( GEOMETRIC_REPRESENTATION_CONTEXT ( 3 ) GLOBAL_UNCERTAINTY_ASSIGNED_CONTEXT ( ( #2031 ) ) GLOBAL_UNIT_ASSIGNED_CONTEXT ( ( #4657, #3265, #1317 ) ) REPRESENTATION_CONTEXT ( 'NONE', 'WORKASPACE' ) );
#4146 = VECTOR ( 'NONE', #1158, 1000.000000000000000 ) ;
#4147 = UNCERTAINTY_MEASURE_WITH_UNIT (LENGTH_MEASURE( 1.000000000000000082E-05 ), #1143, 'distance_accuracy_value', 'NONE');
#4148 = SURFACE_STYLE_FILL_AREA ( #1778 ) ;
#4149 = ORIENTED_EDGE ( 'NONE', *, *, #2011, .T. ) ;
#4150 = DIRECTION ( 'NONE',  ( -1.000000000000000000, -0.0000000000000000000, -0.0000000000000000000 ) ) ;
#4151 = LINE ( 'NONE', #4813, #4001 ) ;
#4152 = VECTOR ( 'NONE', #5973, 1000.000000000000000 ) ;
#4153 = EDGE_CURVE ( 'NONE', #5601, #1243, #3131, .T. ) ;
#4154 = ORIENTED_EDGE ( 'NONE', *, *, #1142, .F. ) ;
#4155 = DIRECTION ( 'NONE',  ( -0.0000000000000000000, -0.0000000000000000000, -1.000000000000000000 ) ) ;
#4156 = CARTESIAN_POINT ( 'NONE',  ( 1.636612987842788414, 0.3049999999999999933, -0.4500000000000001776 ) ) ;
#4157 = PRESENTATION_STYLE_ASSIGNMENT (( #5988 ) ) ;
#4158 = ORIENTED_EDGE ( 'NONE', *, *, #4071, .F. ) ;
#4159 = ADVANCED_FACE ( 'NONE', ( #3780 ), #5286, .T. ) ;
#4160 = FACE_OUTER_BOUND ( 'NONE', #2694, .T. ) ;
#4161 = DIRECTION ( 'NONE',  ( -1.000000000000000000, 0.0000000000000000000, 0.0000000000000000000 ) ) ;
#4162 =( GEOMETRIC_REPRESENTATION_CONTEXT ( 3 ) GLOBAL_UNCERTAINTY_ASSIGNED_CONTEXT ( ( #4925 ) ) GLOBAL_UNIT_ASSIGNED_CONTEXT ( ( #4705, #3293, #1824 ) ) REPRESENTATION_CONTEXT ( 'NONE', 'WORKASPACE' ) );
#4163 = CARTESIAN_POINT ( 'NONE',  ( 1.345225305093208590, 0.7703394641504558438, -0.002575248999449002325 ) ) ;
#4164 = CARTESIAN_POINT ( 'NONE',  ( 0.3264516857145297046, 0.06504262219748120633, -0.5589999999999997193 ) ) ;
#4165 = EDGE_LOOP ( 'NONE', ( #19, #5330, #5720, #6179 ) ) ;
#4166 = CARTESIAN_POINT ( 'NONE',  ( 0.3964964498487773548, -0.1210441236601850767, -0.5600000000000000533 ) ) ;
#4167 = SURFACE_STYLE_FILL_AREA ( #3505 ) ;
#4168 = AXIS2_PLACEMENT_3D ( 'NONE', #1546, #613, #4921 ) ;
#4169 = CARTESIAN_POINT ( 'NONE',  ( -0.5249585786112231922, 0.1361986555538391430, -0.5589999999999998304 ) ) ;
#4170 = DIRECTION ( 'NONE',  ( -0.9406672605435405510, 0.3393303772748776925, 0.0000000000000000000 ) ) ;
#4171 = DIRECTION ( 'NONE',  ( 0.0000000000000000000, -1.000000000000000000, 0.0000000000000000000 ) ) ;
#4172 = AXIS2_PLACEMENT_3D ( 'NONE', #2591, #4943, #4967 ) ;
#4173 = SURFACE_SIDE_STYLE ('',( #4697 ) ) ;
#4174 = FACE_OUTER_BOUND ( 'NONE', #2366, .T. ) ;
#4175 = EDGE_CURVE ( 'NONE', #2541, #4673, #497, .T. ) ;
#4176 = ORIENTED_EDGE ( 'NONE', *, *, #5572, .T. ) ;
#4177 = CARTESIAN_POINT ( 'NONE',  ( 0.1477159620438993348, -0.07256851390408752822, -0.5600000000000000533 ) ) ;
#4178 = EDGE_LOOP ( 'NONE', ( #481, #817, #4698, #3847, #5752, #5484 ) ) ;
#4179 = DIRECTION ( 'NONE',  ( 0.0000000000000000000, -0.0000000000000000000, -1.000000000000000000 ) ) ;
#4180 = CARTESIAN_POINT ( 'NONE',  ( 0.1477159620438993348, 0.1707241690227417341, -0.5590000000000000524 ) ) ;
#4181 = ORIENTED_EDGE ( 'NONE', *, *, #1885, .T. ) ;
#4182 = FILL_AREA_STYLE ('',( #6163 ) ) ;
#4183 = DIRECTION ( 'NONE',  ( 0.0000000000000000000, -1.000000000000000000, 0.0000000000000000000 ) ) ;
#4184 = CARTESIAN_POINT ( 'NONE',  ( -0.5315713855170761670, 0.1213339251203026936, -0.5590000000000000524 ) ) ;
#4185 = CARTESIAN_POINT ( 'NONE',  ( -1.344999999999999307, -0.8000000000000001554, 0.0000000000000000000 ) ) ;
#4186 = EDGE_LOOP ( 'NONE', ( #5562, #4713, #4031, #4715, #5418, #2417 ) ) ;
#4187 = EDGE_CURVE ( 'NONE', #966, #1327, #2824, .T. ) ;
#4188 = ORIENTED_EDGE ( 'NONE', *, *, #4153, .T. ) ;
#4189 = ADVANCED_FACE ( 'NONE', ( #123 ), #5365, .T. ) ;
#4190 = FILL_AREA_STYLE ('',( #1813 ) ) ;
#4191 = ORIENTED_EDGE ( 'NONE', *, *, #2757, .F. ) ;
#4192 = DIRECTION ( 'NONE',  ( -0.0000000000000000000, -0.0000000000000000000, -1.000000000000000000 ) ) ;
#4193 = UNCERTAINTY_MEASURE_WITH_UNIT (LENGTH_MEASURE( 1.000000000000000082E-05 ), #4313, 'distance_accuracy_value', 'NONE');
#4194 = CARTESIAN_POINT ( 'NONE',  ( 1.636612987842788414, 0.3049999999999999933, -0.5100000000000000089 ) ) ;
#4195 = CARTESIAN_POINT ( 'NONE',  ( -0.1303328184439055681, -0.1210441236601850767, -0.5590000000000000524 ) ) ;
#4196 = AXIS2_PLACEMENT_3D ( 'NONE', #6148, #402, #2819 ) ;
#4197 = PRESENTATION_STYLE_ASSIGNMENT (( #3814 ) ) ;
#4198 =( NAMED_UNIT ( * ) SI_UNIT ( $, .STERADIAN. ) SOLID_ANGLE_UNIT ( ) );
#4199 = DIRECTION ( 'NONE',  ( -0.0000000000000000000, -0.0000000000000000000, -1.000000000000000000 ) ) ;
#4200 = CARTESIAN_POINT ( 'NONE',  ( 0.3186434425640592982, 0.08780060842819246980, -0.5600000000000002753 ) ) ;
#4201 = LINE ( 'NONE', #1355, #3978 ) ;
#4202 = CARTESIAN_POINT ( 'NONE',  ( -0.5315713855170761670, 0.1213339251203026936, -0.5600000000000000533 ) ) ;
#4203 = PRESENTATION_STYLE_ASSIGNMENT (( #4634 ) ) ;
#4204 = DIRECTION ( 'NONE',  ( 0.0000000000000000000, 3.614007241618351532E-15, -1.000000000000000000 ) ) ;
#4205 = CARTESIAN_POINT ( 'NONE',  ( 0.1501039990970955418, 0.1716935259120037638, -0.5590000000000001634 ) ) ;
#4206 = STYLED_ITEM ( 'NONE', ( #3621 ), #2552 ) ;
#4207 = CARTESIAN_POINT ( 'NONE',  ( 0.1932145913342179777, -0.08922363035649405472, -0.5590000000000003855 ) ) ;
#4208 = FACE_BOUND ( 'NONE', #4178, .T. ) ;
#4209 = VERTEX_POINT ( 'NONE', #2309 ) ;
#4210 = VECTOR ( 'NONE', #5459, 1000.000000000000000 ) ;
#4211 = DIRECTION ( 'NONE',  ( -0.0000000000000000000, -0.0000000000000000000, -1.000000000000000000 ) ) ;
#4212 =( LENGTH_UNIT ( ) NAMED_UNIT ( * ) SI_UNIT ( .MILLI., .METRE. ) );
#4213 = SURFACE_STYLE_FILL_AREA ( #1199 ) ;
#4214 = STYLED_ITEM ( 'NONE', ( #797 ), #5637 ) ;
#4215 = B_SPLINE_CURVE_WITH_KNOTS ( 'NONE', 3,
 ( #4334, #5764, #4867, #567, #4401, #546, #508 ),
 .UNSPECIFIED., .F., .F.,
 ( 4, 1, 1, 1, 4 ),
 ( 0.0000000000000000000, 0.1744817153170511170, 0.3982857591281124821, 0.6738978473986669826, 1.000000000000000000 ),
 .UNSPECIFIED. ) ;
#4216 = FACE_OUTER_BOUND ( 'NONE', #5512, .T. ) ;
#4217 = DIRECTION ( 'NONE',  ( 0.0000000000000000000, 0.0000000000000000000, -1.000000000000000000 ) ) ;
#4218 = ORIENTED_EDGE ( 'NONE', *, *, #2873, .F. ) ;
#4219 = SURFACE_SIDE_STYLE ('',( #876 ) ) ;
#4220 = LINE ( 'NONE', #1879, #5726 ) ;
#4221 = AXIS2_PLACEMENT_3D ( 'NONE', #3907, #2076, #3086 ) ;
#4222 = ADVANCED_FACE ( 'NONE', ( #4160 ), #1479, .T. ) ;
#4223 = DIRECTION ( 'NONE',  ( -0.0000000000000000000, -0.0000000000000000000, -1.000000000000000000 ) ) ;
#4224 = SURFACE_STYLE_USAGE ( .BOTH. , #850 ) ;
#4225 = CARTESIAN_POINT ( 'NONE',  ( 0.2922994387447024334, 0.1657391277615032077, -0.5590000000000001634 ) ) ;
#4226 = CARTESIAN_POINT ( 'NONE',  ( 0.2300080781941601926, 0.1494287708333347231, -0.5599999999999999423 ) ) ;
#4227 = VERTEX_POINT ( 'NONE', #2445 ) ;
#4228 = FACE_OUTER_BOUND ( 'NONE', #2501, .T. ) ;
#4229 = LINE ( 'NONE', #4163, #3338 ) ;
#4230 = EDGE_CURVE ( 'NONE', #5884, #429, #5979, .T. ) ;
#4231 = CARTESIAN_POINT ( 'NONE',  ( -0.8324871361935458625, -0.7235164132049598518, 0.5600000000000000533 ) ) ;
#4232 = SURFACE_STYLE_FILL_AREA ( #5498 ) ;
#4233 = VECTOR ( 'NONE', #1073, 1000.000000000000000 ) ;
#4234 = CARTESIAN_POINT ( 'NONE',  ( 0.3708866937512163564, 0.02329657755932710780, -0.5600000000000000533 ) ) ;
#4235 = CARTESIAN_POINT ( 'NONE',  ( -0.1705767208829299386, -0.08811729439189239232, -0.5600000000000000533 ) ) ;
#4236 = SURFACE_SIDE_STYLE ('',( #1870 ) ) ;
#4237 = ORIENTED_EDGE ( 'NONE', *, *, #2765, .F. ) ;
#4238 =( GEOMETRIC_REPRESENTATION_CONTEXT ( 3 ) GLOBAL_UNCERTAINTY_ASSIGNED_CONTEXT ( ( #2426 ) ) GLOBAL_UNIT_ASSIGNED_CONTEXT ( ( #4985, #5926, #1135 ) ) REPRESENTATION_CONTEXT ( 'NONE', 'WORKASPACE' ) );
#4239 = PRESENTATION_STYLE_ASSIGNMENT (( #981 ) ) ;
#4240 = EDGE_CURVE ( 'NONE', #487, #3668, #3731, .T. ) ;
#4241 = COLOUR_RGB ( '',1.000000000000000000, 1.000000000000000000, 1.000000000000000000 ) ;
#4242 = VERTEX_POINT ( 'NONE', #5317 ) ;
#4243 = SURFACE_STYLE_FILL_AREA ( #583 ) ;
#4244 = MECHANICAL_DESIGN_GEOMETRIC_PRESENTATION_REPRESENTATION (  '', ( #5068 ), #159 ) ;
#4245 =( NAMED_UNIT ( * ) PLANE_ANGLE_UNIT ( ) SI_UNIT ( $, .RADIAN. ) );
#4246 = CARTESIAN_POINT ( 'NONE',  ( 0.08917937667804562429, -0.1210441236601850767, -0.5590000000000000524 ) ) ;
#4247 = SURFACE_SIDE_STYLE ('',( #4148 ) ) ;
#4248 = LINE ( 'NONE', #4798, #4762 ) ;
#4249 = PRESENTATION_STYLE_ASSIGNMENT (( #3305 ) ) ;
#4250 = MECHANICAL_DESIGN_GEOMETRIC_PRESENTATION_REPRESENTATION (  '', ( #2110 ), #4162 ) ;
#4251 = FILL_AREA_STYLE ('',( #893 ) ) ;
#4252 = CARTESIAN_POINT ( 'NONE',  ( 0.1833863660781328009, -0.08709161593990968897, -0.5599999999999998312 ) ) ;
#4253 = DIRECTION ( 'NONE',  ( 1.000000000000000000, 0.0000000000000000000, 0.0000000000000000000 ) ) ;
#4254 = CARTESIAN_POINT ( 'NONE',  ( -0.07179623307805192700, -0.1210441236601850767, -0.5600000000000000533 ) ) ;
#4255 = AXIS2_PLACEMENT_3D ( 'NONE', #3179, #4150, #3563 ) ;
#4256 = VERTEX_POINT ( 'NONE', #3870 ) ;
#4257 = AXIS2_PLACEMENT_3D ( 'NONE', #997, #2416, #2533 ) ;
#4258 = APPLICATION_CONTEXT ( 'automotive_design' ) ;
#4259 = CARTESIAN_POINT ( 'NONE',  ( 1.298402254147712265, -0.7510063484254826394, 0.5326146722824298685 ) ) ;
#4260 = B_SPLINE_CURVE_WITH_KNOTS ( 'NONE', 3,
 ( #4093, #1267, #1248, #5995, #1223, #5576, #2717, #6058, #4575, #3217, #6038 ),
 .UNSPECIFIED., .F., .F.,
 ( 4, 1, 1, 1, 1, 1, 1, 1, 4 ),
 ( 0.0000000000000000000, 0.1252796967356261115, 0.2494199707420509948, 0.3733567994928191913, 0.4966812787822861841, 0.6202029157439823415, 0.7450863201614561504, 0.8712691950190973866, 1.000000000000000000 ),
 .UNSPECIFIED. ) ;
#4261 = PRESENTATION_LAYER_ASSIGNMENT (  '', '', ( #5229 ) ) ;
#4262 = ORIENTED_EDGE ( 'NONE', *, *, #239, .T. ) ;
#4263 = ORIENTED_EDGE ( 'NONE', *, *, #3973, .F. ) ;
#4264 = CARTESIAN_POINT ( 'NONE',  ( -0.1705767208829299386, 0.1460290470715222277, -0.5590000000000000524 ) ) ;
#4265 = CARTESIAN_POINT ( 'NONE',  ( 0.2302616937512164119, -0.1247026602455509336, -0.5600000000000000533 ) ) ;
#4266 = ORIENTED_EDGE ( 'NONE', *, *, #2290, .T. ) ;
#4267 = DIRECTION ( 'NONE',  ( -0.3363908276654480889, 0.9417224702971437322, 0.0000000000000000000 ) ) ;
#4268 = CARTESIAN_POINT ( 'NONE',  ( 0.3303365797281164751, 0.03941210477191798428, -0.5600000000000001643 ) ) ;
#4269 = EDGE_LOOP ( 'NONE', ( #4927, #865, #2749, #5450 ) ) ;
#4270 =( GEOMETRIC_REPRESENTATION_CONTEXT ( 3 ) GLOBAL_UNCERTAINTY_ASSIGNED_CONTEXT ( ( #5398 ) ) GLOBAL_UNIT_ASSIGNED_CONTEXT ( ( #767, #2119, #4052 ) ) REPRESENTATION_CONTEXT ( 'NONE', 'WORKASPACE' ) );
#4271 = DIRECTION ( 'NONE',  ( -0.0000000000000000000, -1.000000000000000000, -0.0000000000000000000 ) ) ;
#4272 = EDGE_CURVE ( 'NONE', #5590, #2985, #4215, .T. ) ;
#4273 = UNCERTAINTY_MEASURE_WITH_UNIT (LENGTH_MEASURE( 1.000000000000000082E-05 ), #6144, 'distance_accuracy_value', 'NONE');
#4274 = DIRECTION ( 'NONE',  ( 1.000000000000000000, 0.0000000000000000000, 0.0000000000000000000 ) ) ;
#4275 = CARTESIAN_POINT ( 'NONE',  ( -1.268516413204959115, -0.7534022541477122248, 0.5326146722824298685 ) ) ;
#4276 = LINE ( 'NONE', #3468, #243 ) ;
#4277 = DIRECTION ( 'NONE',  ( 0.0000000000000000000, 1.000000000000000000, 0.0000000000000000000 ) ) ;
#4278 = SURFACE_STYLE_USAGE ( .BOTH. , #6153 ) ;
#4279 = FACE_OUTER_BOUND ( 'NONE', #2191, .T. ) ;
#4280 = CARTESIAN_POINT ( 'NONE',  ( 0.0000000000000000000, 0.0000000000000000000, -0.5600000000000000533 ) ) ;
#4281 =( GEOMETRIC_REPRESENTATION_CONTEXT ( 3 ) GLOBAL_UNCERTAINTY_ASSIGNED_CONTEXT ( ( #634 ) ) GLOBAL_UNIT_ASSIGNED_CONTEXT ( ( #4463, #5030, #4016 ) ) REPRESENTATION_CONTEXT ( 'NONE', 'WORKASPACE' ) );
#4282 = DIRECTION ( 'NONE',  ( -1.000000000000000000, 0.0000000000000000000, 0.0000000000000000000 ) ) ;
#4283 = LINE ( 'NONE', #2852, #4133 ) ;
#4284 = FILL_AREA_STYLE_COLOUR ( '', #5888 ) ;
#4285 = ORIENTED_EDGE ( 'NONE', *, *, #303, .T. ) ;
#4286 = SURFACE_SIDE_STYLE ('',( #6093 ) ) ;
#4287 = DIRECTION ( 'NONE',  ( 0.08715574274765408580, 0.0000000000000000000, -0.9961946980917458783 ) ) ;
#4288 = CARTESIAN_POINT ( 'NONE',  ( -0.3315523306390275038, 0.03187127268127831065, -0.5590000000000000524 ) ) ;
#4289 = CARTESIAN_POINT ( 'NONE',  ( 0.0000000000000000000, 0.0000000000000000000, 0.5590000000000000524 ) ) ;
#4290 = LINE ( 'NONE', #4481, #3038 ) ;
#4291 = CARTESIAN_POINT ( 'NONE',  ( 0.2247167242390212538, -0.09177583097725826311, -0.5590000000000000524 ) ) ;
#4292 = LINE ( 'NONE', #3923, #4599 ) ;
#4293 =( NAMED_UNIT ( * ) SI_UNIT ( $, .STERADIAN. ) SOLID_ANGLE_UNIT ( ) );
#4294 = DIRECTION ( 'NONE',  ( 0.0000000000000000000, -1.000000000000000000, 0.0000000000000000000 ) ) ;
#4295 = FILL_AREA_STYLE_COLOUR ( '', #3469 ) ;
#4296 = PRESENTATION_LAYER_ASSIGNMENT (  '', '', ( #1480 ) ) ;
#4297 = EDGE_CURVE ( 'NONE', #3657, #2541, #2151, .T. ) ;
#4298 = ORIENTED_EDGE ( 'NONE', *, *, #2290, .F. ) ;
#4299 = B_SPLINE_CURVE_WITH_KNOTS ( 'NONE', 3,
 ( #5121, #2281, #6084, #4679, #374, #6139, #5658 ),
 .UNSPECIFIED., .F., .F.,
 ( 4, 1, 1, 1, 4 ),
 ( 0.0000000000000000000, 0.3005411131585106754, 0.5677471464835996962, 0.8000336137369820078, 0.9999999999999998890 ),
 .UNSPECIFIED. ) ;
#4300 = VECTOR ( 'NONE', #5910, 1000.000000000000000 ) ;
#4301 = VECTOR ( 'NONE', #1116, 1000.000000000000000 ) ;
#4302 =( NAMED_UNIT ( * ) SI_UNIT ( $, .STERADIAN. ) SOLID_ANGLE_UNIT ( ) );
#4303 = FILL_AREA_STYLE ('',( #2367 ) ) ;
#4304 = PRESENTATION_STYLE_ASSIGNMENT (( #4681 ) ) ;
#4305 = PRESENTATION_LAYER_ASSIGNMENT (  '', '', ( #3977 ) ) ;
#4306 = LINE ( 'NONE', #244, #856 ) ;
#4307 = CIRCLE ( 'NONE', #593, 0.03000000000000003011 ) ;
#4308 = DIRECTION ( 'NONE',  ( 0.0000000000000000000, 0.0000000000000000000, -1.000000000000000000 ) ) ;
#4309 = EDGE_LOOP ( 'NONE', ( #561, #342, #5907, #1696 ) ) ;
#4310 = EDGE_LOOP ( 'NONE', ( #4880, #4420, #5357, #1678 ) ) ;
#4311 = CARTESIAN_POINT ( 'NONE',  ( 0.2416545215076107422, 0.1477458219277014151, -0.5600000000000000533 ) ) ;
#4312 = CARTESIAN_POINT ( 'NONE',  ( 0.2139512245210665742, -0.09163448863566066305, -0.5600000000000000533 ) ) ;
#4313 =( LENGTH_UNIT ( ) NAMED_UNIT ( * ) SI_UNIT ( .MILLI., .METRE. ) );
#4314 = FACE_OUTER_BOUND ( 'NONE', #3742, .T. ) ;
#4315 = FILL_AREA_STYLE ('',( #2332 ) ) ;
#4316 = VERTEX_POINT ( 'NONE', #1064 ) ;
#4317 = ORIENTED_EDGE ( 'NONE', *, *, #3606, .T. ) ;
#4318 = VECTOR ( 'NONE', #2483, 1000.000000000000000 ) ;
#4319 = CARTESIAN_POINT ( 'NONE',  ( 1.345000000000000195, 0.7701141590572475604, 0.0000000000000000000 ) ) ;
#4320 = SURFACE_STYLE_USAGE ( .BOTH. , #984 ) ;
#4321 = EDGE_CURVE ( 'NONE', #468, #2843, #363, .T. ) ;
#4322 = AXIS2_PLACEMENT_3D ( 'NONE', #4750, #5782, #4335 ) ;
#4323 = VECTOR ( 'NONE', #6066, 1000.000000000000000 ) ;
#4324 = MECHANICAL_DESIGN_GEOMETRIC_PRESENTATION_REPRESENTATION (  '', ( #1554 ), #3489 ) ;
#4325 = DIRECTION ( 'NONE',  ( 0.0000000000000000000, 0.0000000000000000000, 1.000000000000000000 ) ) ;
#4326 = FACE_OUTER_BOUND ( 'NONE', #530, .T. ) ;
#4327 = VERTEX_POINT ( 'NONE', #2943 ) ;
#4328 = CARTESIAN_POINT ( 'NONE',  ( -0.07179623307805192700, -0.1210441236601850767, -0.5590000000000000524 ) ) ;
#4329 = DIRECTION ( 'NONE',  ( 1.000000000000000000, 0.0000000000000000000, 0.0000000000000000000 ) ) ;
#4330 = CARTESIAN_POINT ( 'NONE',  ( -1.049872501134293756, -0.7311975589528285635, 0.5590000000000000524 ) ) ;
#4331 = CARTESIAN_POINT ( 'NONE',  ( 0.3305388969683585310, 0.03038848411046526921, -0.5600000000000000533 ) ) ;
#4332 = PRESENTATION_STYLE_ASSIGNMENT (( #2050 ) ) ;
#4333 = VERTEX_POINT ( 'NONE', #1566 ) ;
#4334 = CARTESIAN_POINT ( 'NONE',  ( -0.5315713855170760560, 0.1213339251203026936, -0.5590000000000000524 ) ) ;
#4335 = DIRECTION ( 'NONE',  ( -0.0000000000000000000, 0.0000000000000000000, -1.000000000000000000 ) ) ;
#4336 = EDGE_LOOP ( 'NONE', ( #4088, #44, #5980, #4936 ) ) ;
#4337 = ORIENTED_EDGE ( 'NONE', *, *, #1416, .F. ) ;
#4338 =( NAMED_UNIT ( * ) SI_UNIT ( $, .STERADIAN. ) SOLID_ANGLE_UNIT ( ) );
#4339 = FILL_AREA_STYLE_COLOUR ( '', #5522 ) ;
#4340 = VERTEX_POINT ( 'NONE', #3415 ) ;
#4341 =( NAMED_UNIT ( * ) SI_UNIT ( $, .STERADIAN. ) SOLID_ANGLE_UNIT ( ) );
#4342 =( NAMED_UNIT ( * ) SI_UNIT ( $, .STERADIAN. ) SOLID_ANGLE_UNIT ( ) );
#4343 = VERTEX_POINT ( 'NONE', #3026 ) ;
#4344 = MECHANICAL_DESIGN_GEOMETRIC_PRESENTATION_REPRESENTATION (  '', ( #1532 ), #4660 ) ;
#4345 = ORIENTED_EDGE ( 'NONE', *, *, #5203, .F. ) ;
#4346 = DIRECTION ( 'NONE',  ( 1.000000000000000000, -0.0000000000000000000, -0.0000000000000000000 ) ) ;
#4347 = PLANE ( 'NONE',  #5391 ) ;
#4348 = CARTESIAN_POINT ( 'NONE',  ( 1.268516413204959781, -0.7235164132049598518, -0.5300000000000001377 ) ) ;
#4349 = DIRECTION ( 'NONE',  ( 0.0000000000000000000, 0.0000000000000000000, 1.000000000000000000 ) ) ;
#4350 = DIRECTION ( 'NONE',  ( 0.0000000000000000000, 1.000000000000000000, 0.0000000000000000000 ) ) ;
#4351 = EDGE_CURVE ( 'NONE', #3670, #5884, #3589, .T. ) ;
#4352 = DIRECTION ( 'NONE',  ( -0.0000000000000000000, -0.0000000000000000000, -1.000000000000000000 ) ) ;
#4353 = STYLED_ITEM ( 'NONE', ( #3000 ), #4499 ) ;
#4354 = FILL_AREA_STYLE ('',( #2468 ) ) ;
#4355 = FACE_OUTER_BOUND ( 'NONE', #4779, .T. ) ;
#4356 = UNCERTAINTY_MEASURE_WITH_UNIT (LENGTH_MEASURE( 1.000000000000000082E-05 ), #4872, 'distance_accuracy_value', 'NONE');
#4357 = CIRCLE ( 'NONE', #1423, 0.1100000000000000699 ) ;
#4358 = SURFACE_SIDE_STYLE ('',( #4167 ) ) ;
#4359 = MECHANICAL_DESIGN_GEOMETRIC_PRESENTATION_REPRESENTATION (  '', ( #2846 ), #4565 ) ;
#4360 = CYLINDRICAL_SURFACE ( 'NONE', #5969, 0.1600000000000000866 ) ;
#4361 = CARTESIAN_POINT ( 'NONE',  ( -0.3546336333434918497, 0.1057874902340749101, -0.5600000000000001643 ) ) ;
#4362 = EDGE_CURVE ( 'NONE', #4977, #5278, #1555, .T. ) ;
#4363 = CARTESIAN_POINT ( 'NONE',  ( -0.3070809132786876394, 0.1099468963208857925, -0.5599999999999999423 ) ) ;
#4364 = CARTESIAN_POINT ( 'NONE',  ( -0.3937474525902470157, -0.1210441236601850767, -0.5600000000000000533 ) ) ;
#4365 = LINE ( 'NONE', #4752, #2107 ) ;
#4366 = VERTEX_POINT ( 'NONE', #1600 ) ;
#4367 = CARTESIAN_POINT ( 'NONE',  ( 0.3496094785894774959, -0.06227438101437762080, -0.5589999999999999414 ) ) ;
#4368 = AXIS2_PLACEMENT_3D ( 'NONE', #3625, #1216, #2243 ) ;
#4369 = CARTESIAN_POINT ( 'NONE',  ( 0.3708866937512163564, 0.02329657755932710780, -0.5600000000000000533 ) ) ;
#4370 = SURFACE_STYLE_FILL_AREA ( #5451 ) ;
#4371 =( GEOMETRIC_REPRESENTATION_CONTEXT ( 3 ) GLOBAL_UNCERTAINTY_ASSIGNED_CONTEXT ( ( #445 ) ) GLOBAL_UNIT_ASSIGNED_CONTEXT ( ( #311, #784, #2081 ) ) REPRESENTATION_CONTEXT ( 'NONE', 'WORKASPACE' ) );
#4372 = CARTESIAN_POINT ( 'NONE',  ( 0.5501549864341431784, -0.1210441236601850767, -0.5590000000000000524 ) ) ;
#4373 = ORIENTED_EDGE ( 'NONE', *, *, #936, .T. ) ;
#4375 = DIRECTION ( 'NONE',  ( 0.3635424856527063597, 0.9315776194850602376, 0.0000000000000000000 ) ) ;
#4374 = VECTOR ( 'NONE', #4645, 1000.000000000000000 ) ;
#4376 = PRESENTATION_STYLE_ASSIGNMENT (( #2551 ) ) ;
#4377 = CARTESIAN_POINT ( 'NONE',  ( 0.3496094785894774959, -0.06227438101437762080, -0.5599999999999999423 ) ) ;
#4378 = DIRECTION ( 'NONE',  ( -2.710505431213761085E-16, 1.000000000000000000, 0.0000000000000000000 ) ) ;
#4379 = COLOUR_RGB ( '',1.000000000000000000, 1.000000000000000000, 1.000000000000000000 ) ;
#4380 = ORIENTED_EDGE ( 'NONE', *, *, #3452, .T. ) ;
#4381 =( NAMED_UNIT ( * ) SI_UNIT ( $, .STERADIAN. ) SOLID_ANGLE_UNIT ( ) );
#4382 = SURFACE_STYLE_USAGE ( .BOTH. , #1972 ) ;
#4383 = FACE_OUTER_BOUND ( 'NONE', #4775, .T. ) ;
#4384 = COLOUR_RGB ( '',1.000000000000000000, 1.000000000000000000, 1.000000000000000000 ) ;
#4385 = ORIENTED_EDGE ( 'NONE', *, *, #1269, .T. ) ;
#4386 = CARTESIAN_POINT ( 'NONE',  ( -1.298402254147711821, 0.7235164132049596297, -0.5326146722824298685 ) ) ;
#4387 = DIRECTION ( 'NONE',  ( 0.0000000000000000000, 0.0000000000000000000, -1.000000000000000000 ) ) ;
#4388 = EDGE_CURVE ( 'NONE', #2700, #4340, #1478, .T. ) ;
#4389 = EDGE_LOOP ( 'NONE', ( #2134, #4092, #2077, #2963 ) ) ;
#4390 = VERTEX_POINT ( 'NONE', #5875 ) ;
#4391 = CARTESIAN_POINT ( 'NONE',  ( 0.3417872544925598666, -0.07370638645964558422, -0.5590000000000001634 ) ) ;
#4392 = FILL_AREA_STYLE_COLOUR ( '', #4241 ) ;
#4393 = ORIENTED_EDGE ( 'NONE', *, *, #6156, .T. ) ;
#4394 = UNCERTAINTY_MEASURE_WITH_UNIT (LENGTH_MEASURE( 1.000000000000000082E-05 ), #1814, 'distance_accuracy_value', 'NONE');
#4395 = MECHANICAL_DESIGN_GEOMETRIC_PRESENTATION_REPRESENTATION (  '', ( #1806 ), #2369 ) ;
#4396 = DIRECTION ( 'NONE',  ( 0.9961946980917455452, 0.0000000000000000000, 0.08715574274765831853 ) ) ;
#4397 = FACE_OUTER_BOUND ( 'NONE', #1618, .T. ) ;
#4398 = ORIENTED_EDGE ( 'NONE', *, *, #2221, .T. ) ;
#4399 = FILL_AREA_STYLE ('',( #644 ) ) ;
#4400 = EDGE_CURVE ( 'NONE', #910, #3270, #5713, .T. ) ;
#4401 = CARTESIAN_POINT ( 'NONE',  ( -0.5281246663342384906, 0.1358089423982263844, -0.5590000000000000524 ) ) ;
#4402 = CARTESIAN_POINT ( 'NONE',  ( 0.2354694122166668124, -0.1245865131200955545, -0.5600000000000000533 ) ) ;
#4403 = LINE ( 'NONE', #3460, #5452 ) ;
#4404 = LINE ( 'NONE', #4328, #1901 ) ;
#4405 = DIRECTION ( 'NONE',  ( -1.000000000000000000, 0.0000000000000000000, 1.243497163265005416E-16 ) ) ;
#4406 = CIRCLE ( 'NONE', #2549, 0.02999999999999997113 ) ;
#4407 = SURFACE_STYLE_USAGE ( .BOTH. , #1046 ) ;
#4408 = SURFACE_SIDE_STYLE ('',( #4662 ) ) ;
#4409 = CARTESIAN_POINT ( 'NONE',  ( 0.04893547423902126770, 0.1460290470715222277, -0.5590000000000000524 ) ) ;
#4410 = CARTESIAN_POINT ( 'NONE',  ( -0.3717962330780518188, 0.03272874219347342989, -0.5600000000000000533 ) ) ;
#4411 = CARTESIAN_POINT ( 'NONE',  ( 0.2179712974097529898, 0.1496875836568880846, -0.5590000000000000524 ) ) ;
#4412 = PRESENTATION_STYLE_ASSIGNMENT (( #4034 ) ) ;
#4413 = EDGE_CURVE ( 'NONE', #5793, #2179, #4848, .T. ) ;
#4414 =( GEOMETRIC_REPRESENTATION_CONTEXT ( 3 ) GLOBAL_UNCERTAINTY_ASSIGNED_CONTEXT ( ( #365 ) ) GLOBAL_UNIT_ASSIGNED_CONTEXT ( ( #1008, #2402, #5803 ) ) REPRESENTATION_CONTEXT ( 'NONE', 'WORKASPACE' ) );
#4415 = EDGE_LOOP ( 'NONE', ( #1399, #810, #4188, #1921 ) ) ;
#4416 = SURFACE_SIDE_STYLE ('',( #4243 ) ) ;
#4417 = SURFACE_STYLE_USAGE ( .BOTH. , #2480 ) ;
#4418 =( NAMED_UNIT ( * ) SI_UNIT ( $, .STERADIAN. ) SOLID_ANGLE_UNIT ( ) );
#4419 = DIRECTION ( 'NONE',  ( 0.3390537954853695135, 0.9407669869669987861, 0.0000000000000000000 ) ) ;
#4420 = ORIENTED_EDGE ( 'NONE', *, *, #2515, .F. ) ;
#4421 = ADVANCED_FACE ( 'NONE', ( #2292 ), #645, .T. ) ;
#4422 = CARTESIAN_POINT ( 'NONE',  ( 0.2789200879150437462, 0.1719633046845269464, -0.5589999999999998304 ) ) ;
#4423 = ORIENTED_EDGE ( 'NONE', *, *, #2873, .T. ) ;
#4424 = CARTESIAN_POINT ( 'NONE',  ( 0.2179712974097529898, 0.1496875836568880846, -0.5590000000000000524 ) ) ;
#4425 = CARTESIAN_POINT ( 'NONE',  ( -0.3692668426485391509, -0.0002541559695930721129, -0.5590000000000002744 ) ) ;
#4426 = ORIENTED_EDGE ( 'NONE', *, *, #3442, .F. ) ;
#4427 = MECHANICAL_DESIGN_GEOMETRIC_PRESENTATION_REPRESENTATION (  '', ( #1947 ), #2361 ) ;
#4428 = EDGE_CURVE ( 'NONE', #884, #1708, #5303, .T. ) ;
#4429 = CARTESIAN_POINT ( 'NONE',  ( -1.344999999999999307, -0.7701141590572477824, 0.0000000000000000000 ) ) ;
#4430 = COLOUR_RGB ( '',1.000000000000000000, 1.000000000000000000, 1.000000000000000000 ) ;
#4431 = CARTESIAN_POINT ( 'NONE',  ( -1.315339464150455662, 0.7703394641504558438, 0.005189921281878754830 ) ) ;
#4432 = UNCERTAINTY_MEASURE_WITH_UNIT (LENGTH_MEASURE( 1.000000000000000082E-05 ), #4733, 'distance_accuracy_value', 'NONE');
#4433 = MECHANICAL_DESIGN_GEOMETRIC_PRESENTATION_REPRESENTATION (  '', ( #4537 ), #6067 ) ;
#4434 =( NAMED_UNIT ( * ) PLANE_ANGLE_UNIT ( ) SI_UNIT ( $, .RADIAN. ) );
#4435 = PRESENTATION_STYLE_ASSIGNMENT (( #5895 ) ) ;
#4436 = CARTESIAN_POINT ( 'NONE',  ( -0.1705767208829299386, 0.1460290470715222277, -0.5590000000000000524 ) ) ;
#4437 = CARTESIAN_POINT ( 'NONE',  ( -0.05716208673658842998, 0.01432172999835149528, -0.5590000000000000524 ) ) ;
#4438 = CARTESIAN_POINT ( 'NONE',  ( 0.3603598304961237453, 0.08804669031637396559, -0.5599999999999991651 ) ) ;
#4439 = SURFACE_STYLE_FILL_AREA ( #552 ) ;
#4440 = CARTESIAN_POINT ( 'NONE',  ( 0.2220361059691060568, 0.1496001828310948023, -0.5589999999999999414 ) ) ;
#4441 = CARTESIAN_POINT ( 'NONE',  ( 0.1477159620438993626, -0.07256851390408754210, -0.5590000000000001634 ) ) ;
#4442 = EDGE_LOOP ( 'NONE', ( #571, #5001, #6107, #411 ) ) ;
#4443 = CARTESIAN_POINT ( 'NONE',  ( -0.3609375052654643645, -0.03011310130390576142, -0.5589999999999999414 ) ) ;
#4444 = DIRECTION ( 'NONE',  ( 0.0000000000000000000, -0.9961946980917454342, -0.08715574274765894303 ) ) ;
#4445 =( LENGTH_UNIT ( ) NAMED_UNIT ( * ) SI_UNIT ( .MILLI., .METRE. ) );
#4446 = CARTESIAN_POINT ( 'NONE',  ( 1.315114159057247933, -0.8000000000000001554, 0.0000000000000000000 ) ) ;
#4447 = STYLED_ITEM ( 'NONE', ( #2894 ), #2758 ) ;
#4448 = CARTESIAN_POINT ( 'NONE',  ( -0.3314539964643041237, 0.03646753822253821081, -0.5590000000000001634 ) ) ;
#4449 = PRESENTATION_STYLE_ASSIGNMENT (( #2739 ) ) ;
#4450 = DIRECTION ( 'NONE',  ( -1.000000000000000000, 0.0000000000000000000, 0.0000000000000000000 ) ) ;
#4451 = CIRCLE ( 'NONE', #286, 0.02999999999999997113 ) ;
#4452 = SURFACE_STYLE_USAGE ( .BOTH. , #5913 ) ;
#4453 = VERTEX_POINT ( 'NONE', #4949 ) ;
#4454 = CARTESIAN_POINT ( 'NONE',  ( 0.2148262270274847174, 0.1825894095944982365, -0.5600000000000000533 ) ) ;
#4455 = COLOUR_RGB ( '',1.000000000000000000, 1.000000000000000000, 1.000000000000000000 ) ;
#4456 = CARTESIAN_POINT ( 'NONE',  ( 0.2237326383055451839, 0.1824883454211447542, -0.5599999999999990541 ) ) ;
#4457 = DIRECTION ( 'NONE',  ( 0.08715574274765836016, -0.0000000000000000000, 0.9961946980917455452 ) ) ;
#4458 = VECTOR ( 'NONE', #2793, 1000.000000000000000 ) ;
#4459 = STYLED_ITEM ( 'NONE', ( #253 ), #5593 ) ;
#4460 = CARTESIAN_POINT ( 'NONE',  ( -0.5315713855170760560, 0.1213339251203026936, -0.5590000000000000524 ) ) ;
#4461 = VECTOR ( 'NONE', #1761, 1000.000000000000000 ) ;
#4462 = CARTESIAN_POINT ( 'NONE',  ( 0.2148262270274847174, 0.1825894095944982365, -0.5600000000000000533 ) ) ;
#4463 =( LENGTH_UNIT ( ) NAMED_UNIT ( * ) SI_UNIT ( .MILLI., .METRE. ) );
#4464 = EDGE_LOOP ( 'NONE', ( #1847, #5693, #6015, #2382 ) ) ;
#4465 = SURFACE_STYLE_USAGE ( .BOTH. , #4524 ) ;
#4466 =( NAMED_UNIT ( * ) PLANE_ANGLE_UNIT ( ) SI_UNIT ( $, .RADIAN. ) );
#4467 = CARTESIAN_POINT ( 'NONE',  ( -1.537050020299106423, -0.3049999999999999933, -0.0004128682977579932207 ) ) ;
#4468 = CIRCLE ( 'NONE', #4526, 0.02999999999999997113 ) ;
#4469 = EDGE_LOOP ( 'NONE', ( #2273, #1454, #1335 ) ) ;
#4470 = DIRECTION ( 'NONE',  ( -0.08715574274765409968, 0.0000000000000000000, 0.9961946980917458783 ) ) ;
#4471 = ORIENTED_EDGE ( 'NONE', *, *, #5971, .F. ) ;
#4472 = UNCERTAINTY_MEASURE_WITH_UNIT (LENGTH_MEASURE( 1.000000000000000082E-05 ), #762, 'distance_accuracy_value', 'NONE');
#4473 = LINE ( 'NONE', #2837, #1902 ) ;
#4474 = EDGE_CURVE ( 'NONE', #5602, #198, #5231, .T. ) ;
#4475 = CARTESIAN_POINT ( 'NONE',  ( 0.1652707406935066403, -0.1140414300855948776, -0.5600000000000002753 ) ) ;
#4476 = VECTOR ( 'NONE', #4796, 1000.000000000000000 ) ;
#4477 = FILL_AREA_STYLE_COLOUR ( '', #2333 ) ;
#4478 = MECHANICAL_DESIGN_GEOMETRIC_PRESENTATION_REPRESENTATION (  '', ( #6074 ), #1652 ) ;
#4479 = ADVANCED_FACE ( 'NONE', ( #878 ), #2388, .T. ) ;
#4480 = VECTOR ( 'NONE', #3758, 1000.000000000000000 ) ;
#4481 = CARTESIAN_POINT ( 'NONE',  ( 1.333163133249901211, -0.7582772923071489091, -0.1352960060544477761 ) ) ;
#4482 = EDGE_LOOP ( 'NONE', ( #5773, #2352, #5241, #2854 ) ) ;
#4483 = CARTESIAN_POINT ( 'NONE',  ( -0.4662893733219542480, -0.03689778219677045806, -0.5590000000000000524 ) ) ;
#4484 = CARTESIAN_POINT ( 'NONE',  ( -0.1303328184439055681, -0.1210441236601850767, -0.5590000000000000524 ) ) ;
#4485 = EDGE_CURVE ( 'NONE', #3290, #2703, #1793, .T. ) ;
#4486 = CARTESIAN_POINT ( 'NONE',  ( -0.3716750729172583201, 0.02706246684156856513, -0.5589999999999999414 ) ) ;
#4487 = FILL_AREA_STYLE_COLOUR ( '', #2821 ) ;
#4488 = CARTESIAN_POINT ( 'NONE',  ( -0.5292226015184552379, 0.1299788468044631440, -0.5599999999999999423 ) ) ;
#4489 = ORIENTED_EDGE ( 'NONE', *, *, #5623, .F. ) ;
#4490 = DIRECTION ( 'NONE',  ( 7.228014483236703064E-15, 0.0000000000000000000, 1.000000000000000000 ) ) ;
#4491 = ORIENTED_EDGE ( 'NONE', *, *, #1296, .T. ) ;
#4492 = ORIENTED_EDGE ( 'NONE', *, *, #38, .F. ) ;
#4493 = PRESENTATION_LAYER_ASSIGNMENT (  '', '', ( #5586 ) ) ;
#4494 = ORIENTED_EDGE ( 'NONE', *, *, #3557, .T. ) ;
#4495 = CARTESIAN_POINT ( 'NONE',  ( 0.1505309792763961096, -0.1070491180733480902, -0.5590000000000000524 ) ) ;
#4496 = CARTESIAN_POINT ( 'NONE',  ( -0.3714375762381471602, 0.01595550255402538448, -0.5599999999999999423 ) ) ;
#4497 = VERTEX_POINT ( 'NONE', #5066 ) ;
#4498 = CARTESIAN_POINT ( 'NONE',  ( -0.3136518933949372090, 0.1013894812913345711, -0.5589999999999999414 ) ) ;
#4499 = ADVANCED_FACE ( 'NONE', ( #4174 ), #1212, .T. ) ;
#4500 = DIRECTION ( 'NONE',  ( 0.0000000000000000000, -0.08715574274765836016, 0.9961946980917455452 ) ) ;
#4501 = COLOUR_RGB ( '',1.000000000000000000, 1.000000000000000000, 1.000000000000000000 ) ;
#4502 = STYLED_ITEM ( 'NONE', ( #5207 ), #5000 ) ;
#4503 =( LENGTH_UNIT ( ) NAMED_UNIT ( * ) SI_UNIT ( .MILLI., .METRE. ) );
#4504 = ORIENTED_EDGE ( 'NONE', *, *, #845, .T. ) ;
#4505 = EDGE_CURVE ( 'NONE', #4209, #1420, #1759, .T. ) ;
#4506 = CARTESIAN_POINT ( 'NONE',  ( 0.3306427913121919859, 0.02575465682761977210, -0.5600000000000000533 ) ) ;
#4507 = UNCERTAINTY_MEASURE_WITH_UNIT (LENGTH_MEASURE( 1.000000000000000082E-05 ), #265, 'distance_accuracy_value', 'NONE');
#4508 = CARTESIAN_POINT ( 'NONE',  ( -1.268516413204959559, 0.7510063484254824173, -0.5600000000000000533 ) ) ;
#4509 = SPHERICAL_SURFACE ( 'NONE', #4839, 0.02999999999999999889 ) ;
#4510 = ADVANCED_FACE ( 'NONE', ( #3872 ), #844, .F. ) ;
#4511 = FILL_AREA_STYLE_COLOUR ( '', #4674 ) ;
#4512 = DIRECTION ( 'NONE',  ( 0.0000000000000000000, 0.0000000000000000000, -1.000000000000000000 ) ) ;
#4513 = B_SPLINE_SURFACE_WITH_KNOTS ( 'NONE', 3, 1, ( 
 ( #2113, #2044 ),
 ( #4495, #5419 ),
 ( #3039, #1614 ),
 ( #3981, #4475 ),
 ( #1594, #287 ),
 ( #3669, #3616 ),
 ( #5095, #801 ),
 ( #2176, #269 ),
 ( #5555, #2738 ),
 ( #5615, #3174 ),
 ( #307, #4595 ) ),
 .UNSPECIFIED., .F., .F., .F.,
 ( 4, 1, 1, 1, 1, 1, 1, 1, 4 ),
 ( 2, 2 ),
 ( 0.0000000000000000000, 0.1124483899088007527, 0.2265276752126775817, 0.3444019493260279674, 0.4658649724874581732, 0.5916594493521163400, 0.7221684870248873400, 0.8586063875549263535, 1.000000000000000000 ),
 ( 0.0000000000000000000, 1.000000000000000000 ),
 .UNSPECIFIED. ) ;
#4514 = AXIS2_PLACEMENT_3D ( 'NONE', #5848, #2999, #2018 ) ;
#4515 = PLANE ( 'NONE',  #2998 ) ;
#4516 = CARTESIAN_POINT ( 'NONE',  ( 1.345225305093208590, 0.7703394641504558438, 0.002575248999449004494 ) ) ;
#4517 = EDGE_CURVE ( 'NONE', #1779, #3290, #3357, .T. ) ;
#4518 = ORIENTED_EDGE ( 'NONE', *, *, #2804, .F. ) ;
#4519 = CARTESIAN_POINT ( 'NONE',  ( 0.1556840788940303255, 0.1351103426960056642, -0.5600000000000001643 ) ) ;
#4520 = PRESENTATION_STYLE_ASSIGNMENT (( #751 ) ) ;
#4521 = SURFACE_STYLE_USAGE ( .BOTH. , #2602 ) ;
#4522 = CARTESIAN_POINT ( 'NONE',  ( 0.2676011681239527373, -0.08403496449025557591, -0.5600000000000001643 ) ) ;
#4523 = ORIENTED_EDGE ( 'NONE', *, *, #5162, .F. ) ;
#4524 = SURFACE_SIDE_STYLE ('',( #2822 ) ) ;
#4525 = EDGE_CURVE ( 'NONE', #1623, #1779, #734, .T. ) ;
#4526 = AXIS2_PLACEMENT_3D ( 'NONE', #3588, #2560, #2625 ) ;
#4527 = CARTESIAN_POINT ( 'NONE',  ( -0.5902223001512224565, -0.03689778219677045806, -0.5590000000000000524 ) ) ;
#4528 = CARTESIAN_POINT ( 'NONE',  ( -0.3239711646951853874, -0.01857970837052773730, -0.5589999999999999414 ) ) ;
#4529 = LINE ( 'NONE', #2921, #705 ) ;
#4530 = CARTESIAN_POINT ( 'NONE',  ( -0.2767096547888477365, 0.1692558220061700924, -0.5600000000000003864 ) ) ;
#4531 = ADVANCED_FACE ( 'NONE', ( #4326 ), #2746, .F. ) ;
#4532 = DIRECTION ( 'NONE',  ( -1.000000000000000000, -0.0000000000000000000, -0.0000000000000000000 ) ) ;
#4533 = VECTOR ( 'NONE', #3328, 1000.000000000000000 ) ;
#4534 = ORIENTED_EDGE ( 'NONE', *, *, #1694, .T. ) ;
#4535 = FILL_AREA_STYLE_COLOUR ( '', #728 ) ;
#4536 = ORIENTED_EDGE ( 'NONE', *, *, #2725, .F. ) ;
#4537 = STYLED_ITEM ( 'NONE', ( #2030 ), #3156 ) ;
#4538 = CARTESIAN_POINT ( 'NONE',  ( -0.3716750729172583201, 0.02706246684156856513, -0.5599999999999999423 ) ) ;
#4539 = CARTESIAN_POINT ( 'NONE',  ( -0.3237416019530189870, 0.08162942077833591770, -0.5599999999999998312 ) ) ;
#4540 = PRESENTATION_STYLE_ASSIGNMENT (( #345 ) ) ;
#4541 = LINE ( 'NONE', #4288, #204 ) ;
#4542 = ORIENTED_EDGE ( 'NONE', *, *, #26, .F. ) ;
#4543 = CARTESIAN_POINT ( 'NONE',  ( 0.2148056584969262328, 0.1496397214779864593, -0.5600000000000000533 ) ) ;
#4544 = AXIS2_PLACEMENT_3D ( 'NONE', #5753, #898, #4274 ) ;
#4545 = ORIENTED_EDGE ( 'NONE', *, *, #3511, .F. ) ;
#4546 = DIRECTION ( 'NONE',  ( -1.000000000000000000, -0.0000000000000000000, -0.0000000000000000000 ) ) ;
#4547 = VECTOR ( 'NONE', #1891, 1000.000000000000000 ) ;
#4548 = CARTESIAN_POINT ( 'NONE',  ( 0.2576882624082461604, -0.08752241204818769771, -0.5600000000000000533 ) ) ;
#4549 = ORIENTED_EDGE ( 'NONE', *, *, #2144, .T. ) ;
#4550 = VECTOR ( 'NONE', #1510, 1000.000000000000000 ) ;
#4551 = CARTESIAN_POINT ( 'NONE',  ( 0.2247167242390212538, -0.09177583097725826311, -0.5600000000000000533 ) ) ;
#4552 = CARTESIAN_POINT ( 'NONE',  ( -0.3298263535507660604, 0.005221428626624587468, -0.5590000000000001634 ) ) ;
#4553 = CARTESIAN_POINT ( 'NONE',  ( -0.2176846439534261823, -0.08801958171685562993, -0.5590000000000000524 ) ) ;
#4554 = AXIS2_PLACEMENT_3D ( 'NONE', #5159, #2196, #3220 ) ;
#4555 = CARTESIAN_POINT ( 'NONE',  ( -0.2471590637767539511, 0.1767624725676976705, -0.5600000000000003864 ) ) ;
#4556 = PRESENTATION_STYLE_ASSIGNMENT (( #2788 ) ) ;
#4557 = VERTEX_POINT ( 'NONE', #2222 ) ;
#4558 = EDGE_CURVE ( 'NONE', #4343, #1707, #1471, .T. ) ;
#4559 = DIRECTION ( 'NONE',  ( 0.0000000000000000000, 1.000000000000000000, 0.0000000000000000000 ) ) ;
#4560 = LINE ( 'NONE', #4177, #4323 ) ;
#4561 = CARTESIAN_POINT ( 'NONE',  ( -0.3272529815310418755, -0.07924420172545508512, -0.5599999999999999423 ) ) ;
#4562 = VERTEX_POINT ( 'NONE', #808 ) ;
#4563 = CARTESIAN_POINT ( 'NONE',  ( -0.2396278854759994470, 0.1444333453897458097, -0.5599999999999997202 ) ) ;
#4564 = ADVANCED_FACE ( 'NONE', ( #4922 ), #5141, .T. ) ;
#4565 =( GEOMETRIC_REPRESENTATION_CONTEXT ( 3 ) GLOBAL_UNCERTAINTY_ASSIGNED_CONTEXT ( ( #138 ) ) GLOBAL_UNIT_ASSIGNED_CONTEXT ( ( #689, #4466, #3055 ) ) REPRESENTATION_CONTEXT ( 'NONE', 'WORKASPACE' ) );
#4566 = EDGE_CURVE ( 'NONE', #2619, #1316, #3583, .T. ) ;
#4567 = ORIENTED_EDGE ( 'NONE', *, *, #2456, .T. ) ;
#4568 =( NAMED_UNIT ( * ) PLANE_ANGLE_UNIT ( ) SI_UNIT ( $, .RADIAN. ) );
#4569 = MECHANICAL_DESIGN_GEOMETRIC_PRESENTATION_REPRESENTATION (  '', ( #2519 ), #904 ) ;
#4570 = SURFACE_STYLE_USAGE ( .BOTH. , #4586 ) ;
#4571 = ORIENTED_EDGE ( 'NONE', *, *, #390, .T. ) ;
#4572 = CARTESIAN_POINT ( 'NONE',  ( -0.3239711646951853874, -0.01857970837052773730, -0.5599999999999997202 ) ) ;
#4573 = CARTESIAN_POINT ( 'NONE',  ( -0.5216208492813841913, 0.1227012885223313365, -0.5590000000000000524 ) ) ;
#4574 = ORIENTED_EDGE ( 'NONE', *, *, #970, .F. ) ;
#4575 = CARTESIAN_POINT ( 'NONE',  ( 0.2085370372106034598, 0.1495449444419015839, -0.5600000000000000533 ) ) ;
#4576 = PRESENTATION_LAYER_ASSIGNMENT (  '', '', ( #1476 ) ) ;
#4577 = CARTESIAN_POINT ( 'NONE',  ( -0.2821195429627213480, 0.1300895291227066597, -0.5599999999999999423 ) ) ;
#4578 =( GEOMETRIC_REPRESENTATION_CONTEXT ( 3 ) GLOBAL_UNCERTAINTY_ASSIGNED_CONTEXT ( ( #2257 ) ) GLOBAL_UNIT_ASSIGNED_CONTEXT ( ( #3803, #5747, #2350 ) ) REPRESENTATION_CONTEXT ( 'NONE', 'WORKASPACE' ) );
#4579 = SURFACE_STYLE_FILL_AREA ( #5280 ) ;
#4580 = CARTESIAN_POINT ( 'NONE',  ( 0.1725292813234560463, 0.1423055209760613338, -0.5599999999999998312 ) ) ;
#4581 = UNCERTAINTY_MEASURE_WITH_UNIT (LENGTH_MEASURE( 1.000000000000000082E-05 ), #5428, 'distance_accuracy_value', 'NONE');
#4582 = DIRECTION ( 'NONE',  ( 0.9961946980917455452, 0.0000000000000000000, -0.08715574274765836016 ) ) ;
#4583 = MECHANICAL_DESIGN_GEOMETRIC_PRESENTATION_REPRESENTATION (  '', ( #3221 ), #1682 ) ;
#4584 = CARTESIAN_POINT ( 'NONE',  ( 0.2676011681239527373, -0.08403496449025557591, -0.5600000000000001643 ) ) ;
#4585 = PRESENTATION_STYLE_ASSIGNMENT (( #4320 ) ) ;
#4586 = SURFACE_SIDE_STYLE ('',( #710 ) ) ;
#4587 = CARTESIAN_POINT ( 'NONE',  ( 1.032390010713868378, 0.3049999999999999933, 0.0000000000000000000 ) ) ;
#4588 = DIRECTION ( 'NONE',  ( -0.0000000000000000000, -0.0000000000000000000, -1.000000000000000000 ) ) ;
#4589 = ORIENTED_EDGE ( 'NONE', *, *, #2217, .T. ) ;
#4590 = EDGE_CURVE ( 'NONE', #4227, #1698, #3653, .T. ) ;
#4591 = LINE ( 'NONE', #255, #3321 ) ;
#4592 = FACE_BOUND ( 'NONE', #2435, .T. ) ;
#4593 = STYLED_ITEM ( 'NONE', ( #4556 ), #4531 ) ;
#4594 = COLOUR_RGB ( '',1.000000000000000000, 1.000000000000000000, 1.000000000000000000 ) ;
#4595 = CARTESIAN_POINT ( 'NONE',  ( 0.2302616937512164119, -0.1247026602455509336, -0.5600000000000000533 ) ) ;
#4596 = SURFACE_STYLE_USAGE ( .BOTH. , #4095 ) ;
#4597 = EDGE_CURVE ( 'NONE', #5535, #2163, #5144, .T. ) ;
#4598 = COLOUR_RGB ( '',1.000000000000000000, 1.000000000000000000, 1.000000000000000000 ) ;
#4599 = VECTOR ( 'NONE', #87, 1000.000000000000000 ) ;
#4600 = CARTESIAN_POINT ( 'NONE',  ( 0.1725292813234560463, 0.1423055209760613338, -0.5589999999999998304 ) ) ;
#4601 = ORIENTED_EDGE ( 'NONE', *, *, #4071, .T. ) ;
#4602 = PRODUCT_DEFINITION_CONTEXT ( 'detailed design', #4258, 'design' ) ;
#4603 = ADVANCED_FACE ( 'NONE', ( #953 ), #2056, .T. ) ;
#4604 = CARTESIAN_POINT ( 'NONE',  ( 0.3015426302563325445, -0.06014676244680182415, -0.5600000000000000533 ) ) ;
#4605 = AXIS2_PLACEMENT_3D ( 'NONE', #5702, #831, #2283 ) ;
#4606 = CARTESIAN_POINT ( 'NONE',  ( -0.3141644645830423133, -0.03926608382136855674, -0.5589999999999999414 ) ) ;
#4607 = ORIENTED_EDGE ( 'NONE', *, *, #2381, .F. ) ;
#4608 =( NAMED_UNIT ( * ) PLANE_ANGLE_UNIT ( ) SI_UNIT ( $, .RADIAN. ) );
#4609 = VERTEX_POINT ( 'NONE', #4778 ) ;
#4610 = VERTEX_POINT ( 'NONE', #2407 ) ;
#4611 = LINE ( 'NONE', #3, #577 ) ;
#4612 = EDGE_LOOP ( 'NONE', ( #5084, #3029, #3060 ) ) ;
#4613 = CARTESIAN_POINT ( 'NONE',  ( 0.04893547423902126770, 0.1460290470715222277, -0.5600000000000000533 ) ) ;
#4614 = DIRECTION ( 'NONE',  ( -1.000000000000000000, 0.0000000000000000000, 0.0000000000000000000 ) ) ;
#4615 = UNCERTAINTY_MEASURE_WITH_UNIT (LENGTH_MEASURE( 1.000000000000000082E-05 ), #1473, 'distance_accuracy_value', 'NONE');
#4616 = ORIENTED_EDGE ( 'NONE', *, *, #4597, .F. ) ;
#4617 = CYLINDRICAL_SURFACE ( 'NONE', #2565, 0.06000000000000004635 ) ;
#4618 = VECTOR ( 'NONE', #5473, 1000.000000000000000 ) ;
#4619 = FILL_AREA_STYLE_COLOUR ( '', #2530 ) ;
#4620 = EDGE_CURVE ( 'NONE', #2926, #3639, #1836, .T. ) ;
#4621 = DIRECTION ( 'NONE',  ( 0.0000000000000000000, -1.000000000000000000, 0.0000000000000000000 ) ) ;
#4622 = LINE ( 'NONE', #2147, #3208 ) ;
#4623 = FILL_AREA_STYLE_COLOUR ( '', #4384 ) ;
#4624 = CARTESIAN_POINT ( 'NONE',  ( 1.332648308068759668, -0.8000000000000000444, 8.131516293641282022E-17 ) ) ;
#4625 =( NAMED_UNIT ( * ) PLANE_ANGLE_UNIT ( ) SI_UNIT ( $, .RADIAN. ) );
#4626 =( NAMED_UNIT ( * ) SI_UNIT ( $, .STERADIAN. ) SOLID_ANGLE_UNIT ( ) );
#4627 = ORIENTED_EDGE ( 'NONE', *, *, #3708, .T. ) ;
#4628 = ORIENTED_EDGE ( 'NONE', *, *, #4321, .T. ) ;
#4629 = ADVANCED_FACE ( 'NONE', ( #5227 ), #5542, .T. ) ;
#4630 = CARTESIAN_POINT ( 'NONE',  ( -0.5259692513707348027, 0.1423705104861563986, -0.5590000000000000524 ) ) ;
#4631 = FILL_AREA_STYLE ('',( #2684 ) ) ;
#4632 = ORIENTED_EDGE ( 'NONE', *, *, #504, .F. ) ;
#4633 = CARTESIAN_POINT ( 'NONE',  ( 0.1980268546824844045, 0.1819284767953565085, -0.5590000000000001634 ) ) ;
#4634 = SURFACE_STYLE_USAGE ( .BOTH. , #1291 ) ;
#4635 = EDGE_LOOP ( 'NONE', ( #5554, #3277, #5519, #2401, #1776 ) ) ;
#4636 = CARTESIAN_POINT ( 'NONE',  ( -0.06447915990732011604, 0.1460290470715222277, -0.5590000000000000524 ) ) ;
#4637 = EDGE_CURVE ( 'NONE', #4609, #3087, #1903, .T. ) ;
#4638 = VERTEX_POINT ( 'NONE', #1381 ) ;
#4639 = CARTESIAN_POINT ( 'NONE',  ( -1.840000000000000080, 0.3049999999999999933, -0.6100000000000000977 ) ) ;
#4640 = PRESENTATION_LAYER_ASSIGNMENT (  '', '', ( #2812 ) ) ;
#4641 = CARTESIAN_POINT ( 'NONE',  ( 0.3235491209038997562, -0.02265379510335819094, -0.5600000000000000533 ) ) ;
#4642 = EDGE_LOOP ( 'NONE', ( #5769, #4849, #6134, #1356 ) ) ;
#4643 = AXIS2_PLACEMENT_3D ( 'NONE', #2084, #3546, #669 ) ;
#4644 = SURFACE_SIDE_STYLE ('',( #5800 ) ) ;
#4645 = DIRECTION ( 'NONE',  ( -0.0000000000000000000, -0.0000000000000000000, -1.000000000000000000 ) ) ;
#4646 = PRESENTATION_STYLE_ASSIGNMENT (( #3253 ) ) ;
#4647 = DIRECTION ( 'NONE',  ( 1.000000000000000000, 0.0000000000000000000, 0.0000000000000000000 ) ) ;
#4648 = VECTOR ( 'NONE', #5188, 1000.000000000000000 ) ;
#4649 = PRESENTATION_LAYER_ASSIGNMENT (  '', '', ( #3801 ) ) ;
#4650 = FACE_OUTER_BOUND ( 'NONE', #4469, .T. ) ;
#4651 =( NAMED_UNIT ( * ) PLANE_ANGLE_UNIT ( ) SI_UNIT ( $, .RADIAN. ) );
#4652 = DIRECTION ( 'NONE',  ( -0.3393303772748776370, -0.9406672605435404400, 0.0000000000000000000 ) ) ;
#4653 = VECTOR ( 'NONE', #5263, 1000.000000000000000 ) ;
#4654 = MECHANICAL_DESIGN_GEOMETRIC_PRESENTATION_REPRESENTATION (  '', ( #1522 ), #4100 ) ;
#4655 = UNCERTAINTY_MEASURE_WITH_UNIT (LENGTH_MEASURE( 1.000000000000000082E-05 ), #1979, 'distance_accuracy_value', 'NONE');
#4656 = B_SPLINE_CURVE_WITH_KNOTS ( 'NONE', 3,
 ( #3095, #4059, #1667, #5033, #5796, #316, #793, #3664, #772, #1238, #814, #5527, #4140, #1280, #5090, #6031, #3166, #260, #4105 ),
 .UNSPECIFIED., .F., .F.,
 ( 4, 1, 1, 1, 1, 1, 1, 1, 1, 1, 1, 1, 1, 1, 1, 1, 4 ),
 ( 0.0000000000000000000, 0.06806869584499398995, 0.1334274328189550829, 0.1961460338131565395, 0.2570485924493127738, 0.3168826631591620813, 0.3761872086663216042, 0.4359603353635461698, 0.4965352368627262702, 0.5574653434807333996, 0.6176868634101471134, 0.6779436406969063800, 0.7388052848060405742, 0.8009493367665843078, 0.8648146674702267278, 0.9310247810786573819, 1.000000000000000000 ),
 .UNSPECIFIED. ) ;
#4657 =( LENGTH_UNIT ( ) NAMED_UNIT ( * ) SI_UNIT ( .MILLI., .METRE. ) );
#4658 = FACE_OUTER_BOUND ( 'NONE', #6104, .T. ) ;
#4659 = PLANE ( 'NONE',  #1640 ) ;
#4660 =( GEOMETRIC_REPRESENTATION_CONTEXT ( 3 ) GLOBAL_UNCERTAINTY_ASSIGNED_CONTEXT ( ( #1950 ) ) GLOBAL_UNIT_ASSIGNED_CONTEXT ( ( #4913, #5406, #4847 ) ) REPRESENTATION_CONTEXT ( 'NONE', 'WORKASPACE' ) );
#4661 = ADVANCED_FACE ( 'NONE', ( #4919 ), #5382, .T. ) ;
#4662 = SURFACE_STYLE_FILL_AREA ( #1484 ) ;
#4663 = CARTESIAN_POINT ( 'NONE',  ( 0.3305594453571539804, 0.02136829511888840849, -0.5600000000000000533 ) ) ;
#4664 = CARTESIAN_POINT ( 'NONE',  ( -0.5292226015184552379, 0.1299788468044631440, -0.5589999999999999414 ) ) ;
#4665 = DIRECTION ( 'NONE',  ( 0.08682659386424866621, -0.08682659386424834702, -0.9924325091389669673 ) ) ;
#4666 = EDGE_CURVE ( 'NONE', #2199, #5549, #4406, .T. ) ;
#4667 = ORIENTED_EDGE ( 'NONE', *, *, #5957, .F. ) ;
#4668 = AXIS2_PLACEMENT_3D ( 'NONE', #4636, #3673, #2302 ) ;
#4669 = PRESENTATION_STYLE_ASSIGNMENT (( #6164 ) ) ;
#4670 = SURFACE_STYLE_FILL_AREA ( #1927 ) ;
#4671 =( NAMED_UNIT ( * ) PLANE_ANGLE_UNIT ( ) SI_UNIT ( $, .RADIAN. ) );
#4672 = CARTESIAN_POINT ( 'NONE',  ( 0.1794302961419011744, 0.1797143776591307585, -0.5590000000000000524 ) ) ;
#4673 = VERTEX_POINT ( 'NONE', #6158 ) ;
#4674 = COLOUR_RGB ( '',1.000000000000000000, 1.000000000000000000, 1.000000000000000000 ) ;
#4675 = LINE ( 'NONE', #5053, #1887 ) ;
#4676 = EDGE_CURVE ( 'NONE', #1270, #5912, #1467, .T. ) ;
#4677 = ORIENTED_EDGE ( 'NONE', *, *, #2557, .F. ) ;
#4678 =( NAMED_UNIT ( * ) PLANE_ANGLE_UNIT ( ) SI_UNIT ( $, .RADIAN. ) );
#4679 = CARTESIAN_POINT ( 'NONE',  ( -0.5238430321488817265, 0.1305439623166722019, -0.5590000000000000524 ) ) ;
#4680 = SURFACE_STYLE_FILL_AREA ( #2161 ) ;
#4681 = SURFACE_STYLE_USAGE ( .BOTH. , #393 ) ;
#4682 = EDGE_LOOP ( 'NONE', ( #3294, #5156, #6176, #2153 ) ) ;
#4683 = STYLED_ITEM ( 'NONE', ( #5138 ), #1823 ) ;
#4684 =( NAMED_UNIT ( * ) PLANE_ANGLE_UNIT ( ) SI_UNIT ( $, .RADIAN. ) );
#4685 = CARTESIAN_POINT ( 'NONE',  ( -0.3315523306390275038, 0.03187127268127831065, -0.5590000000000000524 ) ) ;
#4686 = ORIENTED_EDGE ( 'NONE', *, *, #1350, .T. ) ;
#4687 = DIRECTION ( 'NONE',  ( 0.0000000000000000000, -1.000000000000000000, 0.0000000000000000000 ) ) ;
#4688 = DIRECTION ( 'NONE',  ( 0.0000000000000000000, 0.0000000000000000000, -1.000000000000000000 ) ) ;
#4689 = FACE_OUTER_BOUND ( 'NONE', #887, .T. ) ;
#4690 = VECTOR ( 'NONE', #4161, 1000.000000000000000 ) ;
#4691 = DIRECTION ( 'NONE',  ( 1.000000000000000000, 0.0000000000000000000, 0.0000000000000000000 ) ) ;
#4692 = VECTOR ( 'NONE', #4818, 1000.000000000000000 ) ;
#4693 = STYLED_ITEM ( 'NONE', ( #4669 ), #5552 ) ;
#4694 = ADVANCED_FACE ( 'NONE', ( #3866 ), #3345, .T. ) ;
#4695 = PRODUCT_CONTEXT ( 'NONE', #2354, 'mechanical' ) ;
#4696 = FACE_OUTER_BOUND ( 'NONE', #4165, .T. ) ;
#4697 = SURFACE_STYLE_FILL_AREA ( #2280 ) ;
#4698 = ORIENTED_EDGE ( 'NONE', *, *, #5874, .F. ) ;
#4699 = DIRECTION ( 'NONE',  ( 2.710505431213761085E-16, -1.000000000000000000, 0.0000000000000000000 ) ) ;
#4700 = B_SPLINE_CURVE_WITH_KNOTS ( 'NONE', 3,
 ( #834, #5147, #6129, #5704, #3761, #3271, #872, #3251, #3746, #379, #442, #2327, #4225, #2307, #3727, #5185, #5687, #2815, #851 ),
 .UNSPECIFIED., .F., .F.,
 ( 4, 1, 1, 1, 1, 1, 1, 1, 1, 1, 1, 1, 1, 1, 1, 1, 4 ),
 ( 0.0000000000000000000, 0.07064371857535416133, 0.1382567155089047262, 0.2033641242175800445, 0.2663240938030567717, 0.3279047615429894758, 0.3887377151730921909, 0.4494235281093024725, 0.5108610114593156171, 0.5720793960475146767, 0.6317344287314453632, 0.6911172105788376818, 0.7503600294901704437, 0.8100329005312620900, 0.8713624508287363124, 0.9344271412311533354, 1.000000000000000000 ),
 .UNSPECIFIED. ) ;
#4701 = PRESENTATION_LAYER_ASSIGNMENT (  '', '', ( #842 ) ) ;
#4702 = SURFACE_STYLE_USAGE ( .BOTH. , #5101 ) ;
#4703 = EDGE_CURVE ( 'NONE', #5352, #5535, #1689, .T. ) ;
#4704 = ORIENTED_EDGE ( 'NONE', *, *, #26, .T. ) ;
#4705 =( LENGTH_UNIT ( ) NAMED_UNIT ( * ) SI_UNIT ( .MILLI., .METRE. ) );
#4706 = CARTESIAN_POINT ( 'NONE',  ( 0.2361365994892247744, -0.09148150588456091525, -0.5600000000000000533 ) ) ;
#4707 = SURFACE_STYLE_USAGE ( .BOTH. , #1325 ) ;
#4708 = CARTESIAN_POINT ( 'NONE',  ( 0.2732189179977693172, 0.1367866158707935764, -0.5590000000000001634 ) ) ;
#4709 = STYLED_ITEM ( 'NONE', ( #1397 ), #4189 ) ;
#4710 = DIRECTION ( 'NONE',  ( 0.0000000000000000000, 0.0000000000000000000, -1.000000000000000000 ) ) ;
#4711 = ORIENTED_EDGE ( 'NONE', *, *, #5649, .F. ) ;
#4712 = EDGE_CURVE ( 'NONE', #153, #2376, #6180, .T. ) ;
#4713 = ORIENTED_EDGE ( 'NONE', *, *, #3137, .T. ) ;
#4714 = SURFACE_STYLE_USAGE ( .BOTH. , #3317 ) ;
#4715 = ORIENTED_EDGE ( 'NONE', *, *, #1358, .T. ) ;
#4716 = CARTESIAN_POINT ( 'NONE',  ( -0.5315713855170761670, 0.1213339251203026936, -0.5590000000000000524 ) ) ;
#4717 = SURFACE_STYLE_USAGE ( .BOTH. , #4236 ) ;
#4718 = SURFACE_STYLE_FILL_AREA ( #916 ) ;
#4719 =( NAMED_UNIT ( * ) PLANE_ANGLE_UNIT ( ) SI_UNIT ( $, .RADIAN. ) );
#4720 = EDGE_CURVE ( 'NONE', #4638, #198, #643, .T. ) ;
#4721 = DIRECTION ( 'NONE',  ( 0.0000000000000000000, 1.000000000000000000, 0.0000000000000000000 ) ) ;
#4722 = STYLED_ITEM ( 'NONE', ( #2680 ), #1308 ) ;
#4723 = CARTESIAN_POINT ( 'NONE',  ( -1.636612987842788414, 0.3049999999999999933, -0.4500000000000001776 ) ) ;
#4724 = LINE ( 'NONE', #5872, #2014 ) ;
#4725 = CARTESIAN_POINT ( 'NONE',  ( 0.5501549864341431784, -0.1210441236601850767, -0.5590000000000000524 ) ) ;
#4726 = SURFACE_STYLE_USAGE ( .BOTH. , #1385 ) ;
#4727 = FILL_AREA_STYLE ('',( #1844 ) ) ;
#4728 = VERTEX_POINT ( 'NONE', #1557 ) ;
#4729 =( NAMED_UNIT ( * ) SI_UNIT ( $, .STERADIAN. ) SOLID_ANGLE_UNIT ( ) );
#4730 = FILL_AREA_STYLE ('',( #1908 ) ) ;
#4731 = MANIFOLD_SOLID_BREP ( 'ÇÐ³ý-À­Éì3', #937 ) ;
#4732 = PRESENTATION_STYLE_ASSIGNMENT (( #5226 ) ) ;
#4733 =( LENGTH_UNIT ( ) NAMED_UNIT ( * ) SI_UNIT ( .MILLI., .METRE. ) );
#4734 = EDGE_LOOP ( 'NONE', ( #3435, #4398, #1117, #185, #2305 ) ) ;
#4735 = CARTESIAN_POINT ( 'NONE',  ( -1.576841305957283668, 0.3049999999999999933, -0.4552293445648595283 ) ) ;
#4736 = DIRECTION ( 'NONE',  ( 0.08682659386424836090, -0.08682659386424836090, -0.9924325091389670783 ) ) ;
#4737 = FACE_OUTER_BOUND ( 'NONE', #5315, .T. ) ;
#4738 = AXIS2_PLACEMENT_3D ( 'NONE', #3819, #5232, #2323 ) ;
#4739 = EDGE_CURVE ( 'NONE', #2770, #5877, #5071, .T. ) ;
#4740 = DIRECTION ( 'NONE',  ( -0.0000000000000000000, 0.0000000000000000000, 1.000000000000000000 ) ) ;
#4741 = SURFACE_SIDE_STYLE ('',( #5108 ) ) ;
#4742 = VECTOR ( 'NONE', #4183, 1000.000000000000000 ) ;
#4743 = COLOUR_RGB ( '',0.2509803921568627416, 0.2509803921568627416, 0.2509803921568627416 ) ;
#4744 =( GEOMETRIC_REPRESENTATION_CONTEXT ( 3 ) GLOBAL_UNCERTAINTY_ASSIGNED_CONTEXT ( ( #5310 ) ) GLOBAL_UNIT_ASSIGNED_CONTEXT ( ( #3897, #493, #2976 ) ) REPRESENTATION_CONTEXT ( 'NONE', 'WORKASPACE' ) );
#4745 = FACE_OUTER_BOUND ( 'NONE', #2373, .T. ) ;
#4746 = SURFACE_SIDE_STYLE ('',( #5514 ) ) ;
#4747 = PRESENTATION_STYLE_ASSIGNMENT (( #1912 ) ) ;
#4748 = SURFACE_STYLE_USAGE ( .BOTH. , #2818 ) ;
#4749 = FACE_OUTER_BOUND ( 'NONE', #4309, .T. ) ;
#4750 = CARTESIAN_POINT ( 'NONE',  ( 0.04893547423902126770, 0.1460290470715222277, -0.5590000000000000524 ) ) ;
#4751 = LINE ( 'NONE', #5234, #2197 ) ;
#4752 = CARTESIAN_POINT ( 'NONE',  ( 1.032390010713868378, -0.3049999999999999933, 0.1000000000000000056 ) ) ;
#4753 = ORIENTED_EDGE ( 'NONE', *, *, #2091, .T. ) ;
#4754 = CARTESIAN_POINT ( 'NONE',  ( -1.437430550489931846, 0.3049999999999999933, -0.009128442572523400717 ) ) ;
#4755 = ORIENTED_EDGE ( 'NONE', *, *, #1586, .F. ) ;
#4756 = AXIS2_PLACEMENT_3D ( 'NONE', #115, #1110, #3480 ) ;
#4757 = FILL_AREA_STYLE_COLOUR ( '', #3723 ) ;
#4758 = CARTESIAN_POINT ( 'NONE',  ( -1.636612987842788414, 0.3049999999999999933, -0.4500000000000001776 ) ) ;
#4759 = ORIENTED_EDGE ( 'NONE', *, *, #1264, .T. ) ;
#4760 = VECTOR ( 'NONE', #1439, 1000.000000000000000 ) ;
#4761 = FILL_AREA_STYLE ('',( #1925 ) ) ;
#4762 = VECTOR ( 'NONE', #2851, 1000.000000000000000 ) ;
#4763 = LINE ( 'NONE', #395, #3792 ) ;
#4764 = STYLED_ITEM ( 'NONE', ( #3329 ), #2166 ) ;
#4765 = CARTESIAN_POINT ( 'NONE',  ( -0.5211674221024420461, 0.1213339251203026936, -0.5600000000000000533 ) ) ;
#4766 = UNCERTAINTY_MEASURE_WITH_UNIT (LENGTH_MEASURE( 1.000000000000000082E-05 ), #2989, 'distance_accuracy_value', 'NONE');
#4767 = SURFACE_SIDE_STYLE ('',( #3157 ) ) ;
#4768 = CARTESIAN_POINT ( 'NONE',  ( 1.636612987842788414, 0.3049999999999999933, -0.4500000000000001776 ) ) ;
#4769 = LINE ( 'NONE', #6003, #1412 ) ;
#4770 = PRESENTATION_LAYER_ASSIGNMENT (  '', '', ( #4693 ) ) ;
#4771 =( NAMED_UNIT ( * ) SI_UNIT ( $, .STERADIAN. ) SOLID_ANGLE_UNIT ( ) );
#4772 =( NAMED_UNIT ( * ) PLANE_ANGLE_UNIT ( ) SI_UNIT ( $, .RADIAN. ) );
#4773 = CARTESIAN_POINT ( 'NONE',  ( 0.3964964498487773548, -0.08811729439189239232, -0.5600000000000000533 ) ) ;
#4774 = DIRECTION ( 'NONE',  ( 1.000000000000000000, 0.0000000000000000000, 0.0000000000000000000 ) ) ;
#4775 = EDGE_LOOP ( 'NONE', ( #3041, #2827, #726, #202 ) ) ;
#4776 =( GEOMETRIC_REPRESENTATION_CONTEXT ( 3 ) GLOBAL_UNCERTAINTY_ASSIGNED_CONTEXT ( ( #3476 ) ) GLOBAL_UNIT_ASSIGNED_CONTEXT ( ( #2145, #1695, #4073 ) ) REPRESENTATION_CONTEXT ( 'NONE', 'WORKASPACE' ) );
#4777 = ORIENTED_EDGE ( 'NONE', *, *, #3752, .F. ) ;
#4778 = CARTESIAN_POINT ( 'NONE',  ( -1.427468603509014278, 0.3049999999999999933, 0.1000000000000000472 ) ) ;
#4779 = EDGE_LOOP ( 'NONE', ( #5120, #522, #1963, #5750 ) ) ;
#4780 =( NAMED_UNIT ( * ) PLANE_ANGLE_UNIT ( ) SI_UNIT ( $, .RADIAN. ) );
#4781 =( NAMED_UNIT ( * ) SI_UNIT ( $, .STERADIAN. ) SOLID_ANGLE_UNIT ( ) );
#4782 = CARTESIAN_POINT ( 'NONE',  ( -1.636612987842788414, -0.3049999999999999933, -0.4500000000000001776 ) ) ;
#4783 = ORIENTED_EDGE ( 'NONE', *, *, #5712, .F. ) ;
#4784 = EDGE_CURVE ( 'NONE', #6131, #4906, #5606, .T. ) ;
#4785 = DIRECTION ( 'NONE',  ( 0.0000000000000000000, 1.000000000000000000, 0.0000000000000000000 ) ) ;
#4786 = PRESENTATION_LAYER_ASSIGNMENT (  '', '', ( #1020 ) ) ;
#4787 = DIRECTION ( 'NONE',  ( 0.0000000000000000000, -1.000000000000000000, 0.0000000000000000000 ) ) ;
#4788 = SURFACE_STYLE_FILL_AREA ( #5633 ) ;
#4789 = CARTESIAN_POINT ( 'NONE',  ( 0.2210940980692943370, -0.09172826881303212943, -0.5600000000000000533 ) ) ;
#4790 = FILL_AREA_STYLE ('',( #320 ) ) ;
#4791 = CARTESIAN_POINT ( 'NONE',  ( -0.2205052008345420866, 0.1788330287540401964, -0.5600000000000000533 ) ) ;
#4792 = EDGE_CURVE ( 'NONE', #5466, #2700, #4835, .T. ) ;
#4793 = FILL_AREA_STYLE_COLOUR ( '', #2021 ) ;
#4794 = PRESENTATION_STYLE_ASSIGNMENT (( #4748 ) ) ;
#4795 = FILL_AREA_STYLE_COLOUR ( '', #6140 ) ;
#4796 = DIRECTION ( 'NONE',  ( 1.000000000000000000, 0.0000000000000000000, 0.0000000000000000000 ) ) ;
#4797 = COLOUR_RGB ( '',1.000000000000000000, 1.000000000000000000, 1.000000000000000000 ) ;
#4798 = CARTESIAN_POINT ( 'NONE',  ( -0.1303328184439055681, 0.1789558763398149122, -0.5590000000000000524 ) ) ;
#4799 = AXIS2_PLACEMENT_3D ( 'NONE', #5797, #4378, #75 ) ;
#4800 =( NAMED_UNIT ( * ) SI_UNIT ( $, .STERADIAN. ) SOLID_ANGLE_UNIT ( ) );
#4801 = FACE_OUTER_BOUND ( 'NONE', #1174, .T. ) ;
#4802 = DIRECTION ( 'NONE',  ( -0.0000000000000000000, -1.000000000000000000, -0.0000000000000000000 ) ) ;
#4803 =( GEOMETRIC_REPRESENTATION_CONTEXT ( 3 ) GLOBAL_UNCERTAINTY_ASSIGNED_CONTEXT ( ( #1285 ) ) GLOBAL_UNIT_ASSIGNED_CONTEXT ( ( #5894, #5422, #1561 ) ) REPRESENTATION_CONTEXT ( 'NONE', 'WORKASPACE' ) );
#4804 = DIRECTION ( 'NONE',  ( 0.0000000000000000000, 1.000000000000000000, 0.0000000000000000000 ) ) ;
#4805 = DIRECTION ( 'NONE',  ( -0.0000000000000000000, -1.000000000000000000, -0.0000000000000000000 ) ) ;
#4806 = COLOUR_RGB ( '',0.2509803921568627416, 0.2509803921568627416, 0.2509803921568627416 ) ;
#4807 = FILL_AREA_STYLE ('',( #4142 ) ) ;
#4808 = UNCERTAINTY_MEASURE_WITH_UNIT (LENGTH_MEASURE( 1.000000000000000082E-05 ), #5525, 'distance_accuracy_value', 'NONE');
#4809 = VECTOR ( 'NONE', #3282, 1000.000000000000000 ) ;
#4810 = FACE_OUTER_BOUND ( 'NONE', #5218, .T. ) ;
#4811 = LINE ( 'NONE', #5115, #1379 ) ;
#4812 =( NAMED_UNIT ( * ) PLANE_ANGLE_UNIT ( ) SI_UNIT ( $, .RADIAN. ) );
#4813 = CARTESIAN_POINT ( 'NONE',  ( -0.4662893733219542480, -0.03689778219677045806, -0.5600000000000000533 ) ) ;
#4814 = PRESENTATION_LAYER_ASSIGNMENT (  '', '', ( #3515 ) ) ;
#4815 = CARTESIAN_POINT ( 'NONE',  ( -0.2724324891046430164, 0.1350220212279465148, -0.5600000000000001643 ) ) ;
#4816 = CARTESIAN_POINT ( 'NONE',  ( -1.840000000000000080, 0.3049999999999999933, -0.5100000000000000089 ) ) ;
#4817 = EDGE_CURVE ( 'NONE', #3623, #5131, #2353, .T. ) ;
#4818 = DIRECTION ( 'NONE',  ( -0.0000000000000000000, 1.000000000000000000, -0.0000000000000000000 ) ) ;
#4819 = SURFACE_SIDE_STYLE ('',( #4097 ) ) ;
#4820 = DIRECTION ( 'NONE',  ( 1.000000000000000000, -6.323693270844069548E-16, 7.228014483236703064E-15 ) ) ;
#4821 = ORIENTED_EDGE ( 'NONE', *, *, #537, .T. ) ;
#4822 = STYLED_ITEM ( 'NONE', ( #4435 ), #3754 ) ;
#4823 = FACE_OUTER_BOUND ( 'NONE', #667, .T. ) ;
#4824 = ORIENTED_EDGE ( 'NONE', *, *, #3557, .F. ) ;
#4825 = CARTESIAN_POINT ( 'NONE',  ( 0.2220361059691060568, 0.1496001828310948023, -0.5599999999999999423 ) ) ;
#4826 = EDGE_CURVE ( 'NONE', #2128, #5352, #279, .T. ) ;
#4827 = DIRECTION ( 'NONE',  ( -1.000000000000000000, 0.0000000000000000000, 0.0000000000000000000 ) ) ;
#4828 = CARTESIAN_POINT ( 'NONE',  ( 0.3228352556045576693, -0.09372166588781026542, -0.5599999999999998312 ) ) ;
#4829 = EDGE_LOOP ( 'NONE', ( #2548, #3411, #2904, #5909 ) ) ;
#4830 = CARTESIAN_POINT ( 'NONE',  ( 1.345000000000000195, -0.3049999999999999378, 3.872532157294446975E-17 ) ) ;
#4831 = DIRECTION ( 'NONE',  ( -1.000000000000000000, 0.0000000000000000000, 0.0000000000000000000 ) ) ;
#4832 = VERTEX_POINT ( 'NONE', #4840 ) ;
#4833 = CARTESIAN_POINT ( 'NONE',  ( -0.3692616414113045198, 0.06430674276764006270, -0.5600000000000002753 ) ) ;
#4834 = LINE ( 'NONE', #832, #4690 ) ;
#4835 = LINE ( 'NONE', #2497, #2832 ) ;
#4836 = CARTESIAN_POINT ( 'NONE',  ( -0.2911186412983092220, 0.1242149980772714463, -0.5599999999999998312 ) ) ;
#4837 = DIRECTION ( 'NONE',  ( 1.000000000000000000, 2.710505431213760099E-16, 0.0000000000000000000 ) ) ;
#4838 = EDGE_CURVE ( 'NONE', #1573, #548, #1098, .T. ) ;
#4839 = AXIS2_PLACEMENT_3D ( 'NONE', #2801, #5669, #2778 ) ;
#4840 = CARTESIAN_POINT ( 'NONE',  ( -0.1303328184439055681, 0.1789558763398149122, -0.5600000000000000533 ) ) ;
#4841 = ORIENTED_EDGE ( 'NONE', *, *, #1433, .T. ) ;
#4842 = FILL_AREA_STYLE ('',( #4392 ) ) ;
#4843 = CARTESIAN_POINT ( 'NONE',  ( 0.1833863660781328009, -0.08709161593990968897, -0.5599999999999998312 ) ) ;
#4844 = UNCERTAINTY_MEASURE_WITH_UNIT (LENGTH_MEASURE( 1.000000000000000082E-05 ), #3406, 'distance_accuracy_value', 'NONE');
#4845 = DIRECTION ( 'NONE',  ( 0.0000000000000000000, 1.000000000000000000, 0.0000000000000000000 ) ) ;
#4846 = STYLED_ITEM ( 'NONE', ( #3841 ), #2098 ) ;
#4847 =( NAMED_UNIT ( * ) SI_UNIT ( $, .STERADIAN. ) SOLID_ANGLE_UNIT ( ) );
#4848 = LINE ( 'NONE', #3500, #1766 ) ;
#4849 = ORIENTED_EDGE ( 'NONE', *, *, #390, .F. ) ;
#4850 = CARTESIAN_POINT ( 'NONE',  ( 0.08917937667804562429, -0.1210441236601850767, -0.5590000000000000524 ) ) ;
#4851 = DIRECTION ( 'NONE',  ( 0.0000000000000000000, -1.000000000000000000, 0.0000000000000000000 ) ) ;
#4852 = PRODUCT_DEFINITION ( 'Î´Öª', '', #3380, #4602 ) ;
#4853 = FILL_AREA_STYLE_COLOUR ( '', #2132 ) ;
#4854 =( LENGTH_UNIT ( ) NAMED_UNIT ( * ) SI_UNIT ( .MILLI., .METRE. ) );
#4855 = ORIENTED_EDGE ( 'NONE', *, *, #5442, .F. ) ;
#4856 = CARTESIAN_POINT ( 'NONE',  ( -1.537050020299106423, 0.3049999999999999933, -0.0004128682977579932207 ) ) ;
#4857 = ORIENTED_EDGE ( 'NONE', *, *, #4485, .T. ) ;
#4858 = PRESENTATION_LAYER_ASSIGNMENT (  '', '', ( #5305 ) ) ;
#4859 = ORIENTED_EDGE ( 'NONE', *, *, #2961, .F. ) ;
#4860 = DIRECTION ( 'NONE',  ( -0.0000000000000000000, -0.0000000000000000000, -1.000000000000000000 ) ) ;
#4861 = CARTESIAN_POINT ( 'NONE',  ( 0.1648071419894917844, -0.08107059675269957799, -0.5600000000000000533 ) ) ;
#4862 = FILL_AREA_STYLE_COLOUR ( '', #3622 ) ;
#4863 = DIRECTION ( 'NONE',  ( 0.0000000000000000000, 0.0000000000000000000, -1.000000000000000000 ) ) ;
#4864 = DIRECTION ( 'NONE',  ( -0.0000000000000000000, -1.000000000000000000, -0.0000000000000000000 ) ) ;
#4865 = EDGE_CURVE ( 'NONE', #3807, #153, #3790, .T. ) ;
#4866 = SURFACE_STYLE_USAGE ( .BOTH. , #2529 ) ;
#4867 = CARTESIAN_POINT ( 'NONE',  ( -0.5303424439092295772, 0.1252631289323063446, -0.5590000000000001634 ) ) ;
#4868 = SURFACE_STYLE_FILL_AREA ( #1807 ) ;
#4869 = CARTESIAN_POINT ( 'NONE',  ( 0.3657813396381343618, -0.02302025764223791446, -0.5600000000000000533 ) ) ;
#4870 = LINE ( 'NONE', #2503, #1791 ) ;
#4871 = CARTESIAN_POINT ( 'NONE',  ( -1.345225305093208146, 0.7703394641504558438, -0.002575248999449005361 ) ) ;
#4872 =( LENGTH_UNIT ( ) NAMED_UNIT ( * ) SI_UNIT ( .MILLI., .METRE. ) );
#4873 = DIRECTION ( 'NONE',  ( -0.0000000000000000000, 0.0000000000000000000, -1.000000000000000000 ) ) ;
#4874 = EDGE_CURVE ( 'NONE', #1740, #237, #412, .T. ) ;
#4875 = FILL_AREA_STYLE ('',( #1054 ) ) ;
#4876 = DIRECTION ( 'NONE',  ( -1.000000000000000000, 0.0000000000000000000, 0.0000000000000000000 ) ) ;
#4877 =( GEOMETRIC_REPRESENTATION_CONTEXT ( 3 ) GLOBAL_UNCERTAINTY_ASSIGNED_CONTEXT ( ( #5481 ) ) GLOBAL_UNIT_ASSIGNED_CONTEXT ( ( #1685, #4081, #3609 ) ) REPRESENTATION_CONTEXT ( 'NONE', 'WORKASPACE' ) );
#4878 = UNCERTAINTY_MEASURE_WITH_UNIT (LENGTH_MEASURE( 1.000000000000000082E-05 ), #2266, 'distance_accuracy_value', 'NONE');
#4879 = FACE_OUTER_BOUND ( 'NONE', #1926, .T. ) ;
#4880 = ORIENTED_EDGE ( 'NONE', *, *, #1810, .F. ) ;
#4881 = CARTESIAN_POINT ( 'NONE',  ( 0.3228352556045576693, -0.09372166588781026542, -0.5599999999999998312 ) ) ;
#4882 = AXIS2_PLACEMENT_3D ( 'NONE', #1841, #375, #4179 ) ;
#4883 = PLANE ( 'NONE',  #6133 ) ;
#4884 = FILL_AREA_STYLE ('',( #3941 ) ) ;
#4885 = CARTESIAN_POINT ( 'NONE',  ( -0.6205767208829298109, -0.1210441236601850767, -0.5590000000000000524 ) ) ;
#4886 = UNCERTAINTY_MEASURE_WITH_UNIT (LENGTH_MEASURE( 1.000000000000000082E-05 ), #4024, 'distance_accuracy_value', 'NONE');
#4887 = LINE ( 'NONE', #5421, #3477 ) ;
#4888 = STYLED_ITEM ( 'NONE', ( #2721 ), #830 ) ;
#4889 =( NAMED_UNIT ( * ) SI_UNIT ( $, .STERADIAN. ) SOLID_ANGLE_UNIT ( ) );
#4891 = FILL_AREA_STYLE_COLOUR ( '', #1030 ) ;
#4890 = VECTOR ( 'NONE', #4805, 1000.000000000000000 ) ;
#4892 = CARTESIAN_POINT ( 'NONE',  ( -0.3658016338234909015, -0.01561326585227370591, -0.5589999999999999414 ) ) ;
#4893 = SURFACE_STYLE_FILL_AREA ( #106 ) ;
#4894 = DIRECTION ( 'NONE',  ( 0.0000000000000000000, -1.000000000000000000, 0.0000000000000000000 ) ) ;
#4895 = ORIENTED_EDGE ( 'NONE', *, *, #1582, .F. ) ;
#4896 =( NAMED_UNIT ( * ) SI_UNIT ( $, .STERADIAN. ) SOLID_ANGLE_UNIT ( ) );
#4897 = CARTESIAN_POINT ( 'NONE',  ( 0.08917937667804562429, -0.1210441236601850767, -0.5590000000000000524 ) ) ;
#4898 = FACE_OUTER_BOUND ( 'NONE', #3144, .T. ) ;
#4899 = CARTESIAN_POINT ( 'NONE',  ( -1.344999999999999307, -0.7876483080687596283, -2.371692252312040949E-17 ) ) ;
#4900 = PRODUCT_DEFINITION_CONTEXT ( 'detailed design', #2882, 'design' ) ;
#4901 = MECHANICAL_DESIGN_GEOMETRIC_PRESENTATION_REPRESENTATION (  '', ( #4502 ), #5678 ) ;
#4902 = DIRECTION ( 'NONE',  ( 0.0000000000000000000, -1.000000000000000000, 0.0000000000000000000 ) ) ;
#4903 = ORIENTED_EDGE ( 'NONE', *, *, #3128, .F. ) ;
#4904 = EDGE_CURVE ( 'NONE', #3420, #1307, #2208, .T. ) ;
#4905 = CARTESIAN_POINT ( 'NONE',  ( 1.840000000000000080, 0.3049999999999999933, -0.6100000000000000977 ) ) ;
#4906 = VERTEX_POINT ( 'NONE', #2613 ) ;
#4907 = FILL_AREA_STYLE ('',( #5809 ) ) ;
#4908 = DIRECTION ( 'NONE',  ( 0.0000000000000000000, 0.0000000000000000000, 1.000000000000000000 ) ) ;
#4909 =( NAMED_UNIT ( * ) SI_UNIT ( $, .STERADIAN. ) SOLID_ANGLE_UNIT ( ) );
#4910 = FACE_OUTER_BOUND ( 'NONE', #1822, .T. ) ;
#4911 = ORIENTED_EDGE ( 'NONE', *, *, #818, .F. ) ;
#4912 = VECTOR ( 'NONE', #3125, 1000.000000000000000 ) ;
#4913 =( LENGTH_UNIT ( ) NAMED_UNIT ( * ) SI_UNIT ( .MILLI., .METRE. ) );
#4914 = EDGE_CURVE ( 'NONE', #722, #5793, #2517, .T. ) ;
#4915 = PLANE ( 'NONE',  #3501 ) ;
#4916 = VECTOR ( 'NONE', #3013, 1000.000000000000227 ) ;
#4917 = SURFACE_STYLE_FILL_AREA ( #2869 ) ;
#4918 = CARTESIAN_POINT ( 'NONE',  ( -0.3716764827099196533, 0.03816683216476869644, -0.5590000000000001634 ) ) ;
#4919 = FACE_OUTER_BOUND ( 'NONE', #104, .T. ) ;
#4920 =( NAMED_UNIT ( * ) SI_UNIT ( $, .STERADIAN. ) SOLID_ANGLE_UNIT ( ) );
#4921 = DIRECTION ( 'NONE',  ( -0.9961946980917455452, 0.0000000000000000000, -0.08715574274765805485 ) ) ;
#4922 = FACE_OUTER_BOUND ( 'NONE', #1341, .T. ) ;
#4923 = FILL_AREA_STYLE_COLOUR ( '', #488 ) ;
#4924 = PRESENTATION_LAYER_ASSIGNMENT (  '', '', ( #2110 ) ) ;
#4925 = UNCERTAINTY_MEASURE_WITH_UNIT (LENGTH_MEASURE( 1.000000000000000082E-05 ), #4705, 'distance_accuracy_value', 'NONE');
#4926 = CARTESIAN_POINT ( 'NONE',  ( 0.04893547423902126770, 0.01432172999835149528, -0.5590000000000000524 ) ) ;
#4927 = ORIENTED_EDGE ( 'NONE', *, *, #3204, .T. ) ;
#4928 = CARTESIAN_POINT ( 'NONE',  ( 0.2676011681239527373, -0.08403496449025557591, -0.5590000000000001634 ) ) ;
#4929 = ORIENTED_EDGE ( 'NONE', *, *, #1496, .T. ) ;
#4930 = ADVANCED_FACE ( 'NONE', ( #3718 ), #4003, .T. ) ;
#4931 = ORIENTED_EDGE ( 'NONE', *, *, #2381, .T. ) ;
#4932 = SURFACE_SIDE_STYLE ('',( #3951 ) ) ;
#4933 = CARTESIAN_POINT ( 'NONE',  ( -1.437430550489931846, -0.3049999999999999933, -0.009128442572523397247 ) ) ;
#4934 = CARTESIAN_POINT ( 'NONE',  ( 0.2179712974097529898, 0.1496875836568880846, -0.5590000000000000524 ) ) ;
#4935 = CARTESIAN_POINT ( 'NONE',  ( -0.2149936416146371876, 0.1789558763398149122, -0.5590000000000000524 ) ) ;
#4936 = ORIENTED_EDGE ( 'NONE', *, *, #5649, .T. ) ;
#4937 =( NAMED_UNIT ( * ) PLANE_ANGLE_UNIT ( ) SI_UNIT ( $, .RADIAN. ) );
#4938 = EDGE_CURVE ( 'NONE', #2985, #6097, #5815, .T. ) ;
#4939 = CARTESIAN_POINT ( 'NONE',  ( -0.3141644645830423133, -0.03926608382136855674, -0.5589999999999999414 ) ) ;
#4940 = EDGE_LOOP ( 'NONE', ( #4821, #114, #5609, #3170 ) ) ;
#4941 = FILL_AREA_STYLE ('',( #1607 ) ) ;
#4942 =( GEOMETRIC_REPRESENTATION_CONTEXT ( 3 ) GLOBAL_UNCERTAINTY_ASSIGNED_CONTEXT ( ( #5520 ) ) GLOBAL_UNIT_ASSIGNED_CONTEXT ( ( #1263, #6090, #1329 ) ) REPRESENTATION_CONTEXT ( 'NONE', 'WORKASPACE' ) );
#4943 = DIRECTION ( 'NONE',  ( -0.9961946980917458783, 0.0000000000000000000, 0.08715574274765409968 ) ) ;
#4944 = PRESENTATION_STYLE_ASSIGNMENT (( #775 ) ) ;
#4945 = CARTESIAN_POINT ( 'NONE',  ( -0.3692668426485391509, -0.0002541559695930721129, -0.5600000000000002753 ) ) ;
#4946 = CARTESIAN_POINT ( 'NONE',  ( 1.268516413204959781, 0.7235164132049596297, 0.5300000000000001377 ) ) ;
#4947 = CARTESIAN_POINT ( 'NONE',  ( -1.344999999999999751, 0.7876483080687592953, 5.505714157152952204E-18 ) ) ;
#4948 = LINE ( 'NONE', #2454, #2486 ) ;
#4949 = CARTESIAN_POINT ( 'NONE',  ( -0.07179623307805192700, -0.1210441236601850767, -0.5600000000000000533 ) ) ;
#4950 = CARTESIAN_POINT ( 'NONE',  ( -1.636612987842788414, 0.3049999999999999933, -0.5100000000000000089 ) ) ;
#4951 = LINE ( 'NONE', #43, #983 ) ;
#4952 = ORIENTED_EDGE ( 'NONE', *, *, #3082, .T. ) ;
#4953 = CARTESIAN_POINT ( 'NONE',  ( 0.2080166281730857492, 0.1825405965750940829, -0.5599999999999999423 ) ) ;
#4954 = DIRECTION ( 'NONE',  ( -0.0000000000000000000, 0.0000000000000000000, 1.000000000000000000 ) ) ;
#4955 =( NAMED_UNIT ( * ) SI_UNIT ( $, .STERADIAN. ) SOLID_ANGLE_UNIT ( ) );
#4956 = EDGE_CURVE ( 'NONE', #5352, #5278, #3136, .T. ) ;
#4957 =( GEOMETRIC_REPRESENTATION_CONTEXT ( 3 ) GLOBAL_UNCERTAINTY_ASSIGNED_CONTEXT ( ( #6118 ) ) GLOBAL_UNIT_ASSIGNED_CONTEXT ( ( #1370, #2310, #5171 ) ) REPRESENTATION_CONTEXT ( 'NONE', 'WORKASPACE' ) );
#4958 = FILL_AREA_STYLE_COLOUR ( '', #3552 ) ;
#4959 = DIRECTION ( 'NONE',  ( -2.710505431213761085E-16, 1.000000000000000000, -0.0000000000000000000 ) ) ;
#4960 = LINE ( 'NONE', #4716, #2805 ) ;
#4961 = CARTESIAN_POINT ( 'NONE',  ( -0.3272236963016080247, 0.1394360100602142216, -0.5600000000000000533 ) ) ;
#4962 = SURFACE_STYLE_FILL_AREA ( #5321 ) ;
#4963 = STYLED_ITEM ( 'NONE', ( #5808 ), #118 ) ;
#4964 = ADVANCED_FACE ( 'NONE', ( #5680 ), #4515, .T. ) ;
#4965 = DIRECTION ( 'NONE',  ( 0.0000000000000000000, -0.0000000000000000000, -1.000000000000000000 ) ) ;
#4966 = COLOUR_RGB ( '',0.2509803921568627416, 0.2509803921568627416, 0.2509803921568627416 ) ;
#4967 = DIRECTION ( 'NONE',  ( 0.08715574274765409968, 0.0000000000000000000, 0.9961946980917458783 ) ) ;
#4968 = MECHANICAL_DESIGN_GEOMETRIC_PRESENTATION_REPRESENTATION (  '', ( #4764 ), #3686 ) ;
#4969 = CARTESIAN_POINT ( 'NONE',  ( -0.3156732360605929988, -0.08900187097003554870, -0.5600000000000001643 ) ) ;
#4970 = ORIENTED_EDGE ( 'NONE', *, *, #749, .F. ) ;
#4971 = SURFACE_SIDE_STYLE ('',( #5507 ) ) ;
#4972 = ADVANCED_FACE ( 'NONE', ( #5062 ), #4513, .T. ) ;
#4973 = DIRECTION ( 'NONE',  ( 0.0000000000000000000, -1.000000000000000000, 0.0000000000000000000 ) ) ;
#4974 = CARTESIAN_POINT ( 'NONE',  ( 0.3230438359412183824, 0.07678381935822237159, -0.5590000000000001634 ) ) ;
#4975 = LINE ( 'NONE', #5208, #4533 ) ;
#4976 = PRESENTATION_LAYER_ASSIGNMENT (  '', '', ( #2035 ) ) ;
#4977 = VERTEX_POINT ( 'NONE', #2092 ) ;
#4978 =( NAMED_UNIT ( * ) SI_UNIT ( $, .STERADIAN. ) SOLID_ANGLE_UNIT ( ) );
#4979 = CYLINDRICAL_SURFACE ( 'NONE', #5324, 0.1100000000000000006 ) ;
#4980 = DIRECTION ( 'NONE',  ( 0.08715574274765408580, 0.0000000000000000000, -0.9961946980917458783 ) ) ;
#4981 = CARTESIAN_POINT ( 'NONE',  ( 1.295059937738895606, -0.7799457786816481608, -0.2292207985599148956 ) ) ;
#4982 = PLANE ( 'NONE',  #3102 ) ;
#4983 = VERTEX_POINT ( 'NONE', #3648 ) ;
#4984 =( NAMED_UNIT ( * ) PLANE_ANGLE_UNIT ( ) SI_UNIT ( $, .RADIAN. ) );
#4985 =( LENGTH_UNIT ( ) NAMED_UNIT ( * ) SI_UNIT ( .MILLI., .METRE. ) );
#4986 = CARTESIAN_POINT ( 'NONE',  ( -1.268516413204959559, 0.7534022541477120027, 0.5326146722824298685 ) ) ;
#4987 = LINE ( 'NONE', #5457, #51 ) ;
#4988 = PRESENTATION_LAYER_ASSIGNMENT (  '', '', ( #4537 ) ) ;
#4989 = VECTOR ( 'NONE', #5880, 1000.000000000000000 ) ;
#4990 = CARTESIAN_POINT ( 'NONE',  ( -0.3468198152418918712, 0.1178681616149581390, -0.5589999999999998304 ) ) ;
#4991 = VECTOR ( 'NONE', #1907, 1000.000000000000000 ) ;
#4992 = DIRECTION ( 'NONE',  ( 1.000000000000000000, 0.0000000000000000000, 0.0000000000000000000 ) ) ;
#4993 = ORIENTED_EDGE ( 'NONE', *, *, #2594, .F. ) ;
#4994 = EDGE_CURVE ( 'NONE', #3076, #2544, #5533, .T. ) ;
#4995 = LINE ( 'NONE', #4119, #780 ) ;
#4996 = DIRECTION ( 'NONE',  ( 1.000000000000000000, 0.0000000000000000000, 0.0000000000000000000 ) ) ;
#4997 = MECHANICAL_DESIGN_GEOMETRIC_PRESENTATION_REPRESENTATION (  '', ( #70 ), #2 ) ;
#4998 = CARTESIAN_POINT ( 'NONE',  ( -0.2995078487507968346, 0.1175397680402132661, -0.5599999999999999423 ) ) ;
#4999 = LINE ( 'NONE', #5604, #3943 ) ;
#5000 = ADVANCED_FACE ( 'NONE', ( #3573 ), #781, .T. ) ;
#5001 = ORIENTED_EDGE ( 'NONE', *, *, #553, .F. ) ;
#5002 = CARTESIAN_POINT ( 'NONE',  ( 0.2085370372106034598, 0.1495449444419015839, -0.5590000000000000524 ) ) ;
#5003 = DIRECTION ( 'NONE',  ( -0.0000000000000000000, -0.0000000000000000000, -1.000000000000000000 ) ) ;
#5004 = STYLED_ITEM ( 'NONE', ( #6087 ), #2701 ) ;
#5005 = EDGE_CURVE ( 'NONE', #1090, #3056, #3779, .T. ) ;
#5006 = CARTESIAN_POINT ( 'NONE',  ( 0.2471833213149078889, -0.08996723509223093773, -0.5600000000000000533 ) ) ;
#5007 = CARTESIAN_POINT ( 'NONE',  ( -0.3273656703433487358, -0.007057080339806756815, -0.5590000000000000524 ) ) ;
#5008 = ORIENTED_EDGE ( 'NONE', *, *, #1885, .F. ) ;
#5009 = DIRECTION ( 'NONE',  ( -0.0000000000000000000, -0.0000000000000000000, -1.000000000000000000 ) ) ;
#5010 = CARTESIAN_POINT ( 'NONE',  ( 1.296006348425482679, 0.7534022541477120027, 0.5326146722824298685 ) ) ;
#5011 = UNCERTAINTY_MEASURE_WITH_UNIT (LENGTH_MEASURE( 1.000000000000000082E-05 ), #941, 'distance_accuracy_value', 'NONE');
#5012 = ORIENTED_EDGE ( 'NONE', *, *, #4240, .T. ) ;
#5013 = ADVANCED_FACE ( 'NONE', ( #1396 ), #5594, .T. ) ;
#5014 = CARTESIAN_POINT ( 'NONE',  ( -0.3717962330780518188, 0.03272874219347342989, -0.5600000000000000533 ) ) ;
#5015 = ORIENTED_EDGE ( 'NONE', *, *, #3452, .F. ) ;
#5016 = CARTESIAN_POINT ( 'NONE',  ( 0.3306427913121919859, 0.02575465682761977210, -0.5590000000000000524 ) ) ;
#5017 = STYLED_ITEM ( 'NONE', ( #271 ), #1631 ) ;
#5018 = ORIENTED_EDGE ( 'NONE', *, *, #3343, .T. ) ;
#5019 = CARTESIAN_POINT ( 'NONE',  ( 0.3687077006857065187, -0.008299042712476920741, -0.5590000000000001634 ) ) ;
#5020 = AXIS2_PLACEMENT_3D ( 'NONE', #2126, #2148, #1642 ) ;
#5021 = CARTESIAN_POINT ( 'NONE',  ( -0.3609375052654643645, -0.03011310130390576142, -0.5589999999999999414 ) ) ;
#5022 = CARTESIAN_POINT ( 'NONE',  ( -0.3315523306390275038, 0.03187127268127831065, -0.5599999999999998312 ) ) ;
#5023 = B_SPLINE_SURFACE_WITH_KNOTS ( 'NONE', 3, 1, ( 
 ( #5627, #6085 ),
 ( #5607, #5049 ),
 ( #6007, #5072 ),
 ( #1278, #3228 ),
 ( #3164, #1717 ),
 ( #354, #4641 ),
 ( #3700, #297 ),
 ( #6068, #2669 ),
 ( #6049, #3149 ),
 ( #5584, #4604 ),
 ( #771, #334 ),
 ( #3207, #5122 ),
 ( #280, #3645 ),
 ( #4103, #4584 ),
 ( #4121, #5104 ),
 ( #1700, #3677 ),
 ( #4139, #1737 ),
 ( #2711, #5088 ),
 ( #2183, #811 ) ),
 .UNSPECIFIED., .F., .F., .F.,
 ( 4, 1, 1, 1, 1, 1, 1, 1, 1, 1, 1, 1, 1, 1, 1, 1, 4 ),
 ( 2, 2 ),
 ( 0.0000000000000000000, 0.07377411937406347375, 0.1440791147260412630, 0.2113485183089114094, 0.2760768857398837040, 0.3385209158196765267, 0.3998851166931335355, 0.4602540674652130792, 0.5205889643912476883, 0.5802076845630441682, 0.6386329085525458416, 0.6963645494905238431, 0.7540017746600127246, 0.8128056813744978237, 0.8727544255255602623, 0.9351819969782669828, 1.000000000000000000 ),
 ( 0.0000000000000000000, 1.000000000000000000 ),
 .UNSPECIFIED. ) ;
#5024 =( GEOMETRIC_REPRESENTATION_CONTEXT ( 3 ) GLOBAL_UNCERTAINTY_ASSIGNED_CONTEXT ( ( #2072 ) ) GLOBAL_UNIT_ASSIGNED_CONTEXT ( ( #525, #2032, #3969 ) ) REPRESENTATION_CONTEXT ( 'NONE', 'WORKASPACE' ) );
#5025 = ORIENTED_EDGE ( 'NONE', *, *, #6080, .F. ) ;
#5026 = CARTESIAN_POINT ( 'NONE',  ( -0.3195289176306165824, -0.02930029517402816391, -0.5599999999999999423 ) ) ;
#5027 = CARTESIAN_POINT ( 'NONE',  ( -1.345225305093208146, 0.7703394641504558438, 0.002575248999449002325 ) ) ;
#5028 = AXIS2_PLACEMENT_3D ( 'NONE', #5113, #4559, #760 ) ;
#5029 = CARTESIAN_POINT ( 'NONE',  ( 0.04893547423902126770, 0.04724855926664416061, -0.5590000000000000524 ) ) ;
#5030 =( NAMED_UNIT ( * ) PLANE_ANGLE_UNIT ( ) SI_UNIT ( $, .RADIAN. ) );
#5031 = EDGE_CURVE ( 'NONE', #4557, #5605, #4260, .T. ) ;
#5032 = CARTESIAN_POINT ( 'NONE',  ( 1.298402254147712265, 0.7510063484254824173, -0.5326146722824298685 ) ) ;
#5033 = CARTESIAN_POINT ( 'NONE',  ( -0.3692668426485391509, -0.0002541559695930721129, -0.5600000000000002753 ) ) ;
#5034 = DIRECTION ( 'NONE',  ( 1.000000000000000000, -0.0000000000000000000, -0.0000000000000000000 ) ) ;
#5035 = LINE ( 'NONE', #4773, #3753 ) ;
#5036 = CARTESIAN_POINT ( 'NONE',  ( -0.2149936416146371876, 0.1789558763398149122, -0.5590000000000000524 ) ) ;
#5037 = COLOUR_RGB ( '',1.000000000000000000, 1.000000000000000000, 1.000000000000000000 ) ;
#5038 = ADVANCED_FACE ( 'NONE', ( #1967 ), #5496, .T. ) ;
#5039 = FACE_OUTER_BOUND ( 'NONE', #2303, .T. ) ;
#5040 = FILL_AREA_STYLE_COLOUR ( '', #1748 ) ;
#5041 = CARTESIAN_POINT ( 'NONE',  ( -0.2289032005073166343, -0.1207366136688922814, -0.5590000000000000524 ) ) ;
#5042 = EDGE_CURVE ( 'NONE', #3940, #5657, #45, .T. ) ;
#5043 = CARTESIAN_POINT ( 'NONE',  ( -0.2190939305741301246, 0.1459411488207938978, -0.5590000000000001634 ) ) ;
#5044 = FACE_OUTER_BOUND ( 'NONE', #5344, .T. ) ;
#5045 = VERTEX_POINT ( 'NONE', #4613 ) ;
#5046 = DIRECTION ( 'NONE',  ( 0.3536223923290754967, -0.9353882635801357148, 0.0000000000000000000 ) ) ;
#5047 = UNCERTAINTY_MEASURE_WITH_UNIT (LENGTH_MEASURE( 1.000000000000000082E-05 ), #2216, 'distance_accuracy_value', 'NONE');
#5048 = DIRECTION ( 'NONE',  ( 0.0000000000000000000, 1.000000000000000000, 0.0000000000000000000 ) ) ;
#5049 = CARTESIAN_POINT ( 'NONE',  ( 0.3305594453571539804, 0.02136829511888840849, -0.5600000000000000533 ) ) ;
#5050 = EDGE_LOOP ( 'NONE', ( #3782, #1260, #1225, #3936 ) ) ;
#5051 = EDGE_CURVE ( 'NONE', #1623, #5214, #5127, .T. ) ;
#5052 = MECHANICAL_DESIGN_GEOMETRIC_PRESENTATION_REPRESENTATION (  '', ( #4722 ), #671 ) ;
#5053 = CARTESIAN_POINT ( 'NONE',  ( -0.06447915990732011604, 0.1789558763398149122, -0.5600000000000000533 ) ) ;
#5054 = CARTESIAN_POINT ( 'NONE',  ( -0.3273656703433487358, -0.007057080339806756815, -0.5599999999999998312 ) ) ;
#5055 = VECTOR ( 'NONE', #2599, 1000.000000000000000 ) ;
#5056 = CARTESIAN_POINT ( 'NONE',  ( -0.5211674221024420461, 0.1213339251203026936, -0.5590000000000000524 ) ) ;
#5057 = VECTOR ( 'NONE', #144, 1000.000000000000000 ) ;
#5058 = ORIENTED_EDGE ( 'NONE', *, *, #5655, .T. ) ;
#5059 = FILL_AREA_STYLE_COLOUR ( '', #496 ) ;
#5060 = CARTESIAN_POINT ( 'NONE',  ( -0.8324871361935458625, 0.7235164132049596297, 0.5600000000000000533 ) ) ;
#5061 = CARTESIAN_POINT ( 'NONE',  ( -0.2621333595395821670, 0.1390752990386697474, -0.5589999999999998304 ) ) ;
#5062 = FACE_OUTER_BOUND ( 'NONE', #4464, .T. ) ;
#5063 = VERTEX_POINT ( 'NONE', #5550 ) ;
#5064 = ADVANCED_FACE ( 'NONE', ( #4823 ), #5471, .T. ) ;
#5065 = ORIENTED_EDGE ( 'NONE', *, *, #3278, .T. ) ;
#5066 = CARTESIAN_POINT ( 'NONE',  ( 1.268516413204959781, -0.7534022541477122248, -0.5326146722824298685 ) ) ;
#5067 = PRESENTATION_LAYER_ASSIGNMENT (  '', '', ( #1947 ) ) ;
#5068 = STYLED_ITEM ( 'NONE', ( #1321 ), #90 ) ;
#5069 =( NAMED_UNIT ( * ) SI_UNIT ( $, .STERADIAN. ) SOLID_ANGLE_UNIT ( ) );
#5070 = ORIENTED_EDGE ( 'NONE', *, *, #1856, .F. ) ;
#5071 = LINE ( 'NONE', #5307, #5539 ) ;
#5072 = CARTESIAN_POINT ( 'NONE',  ( 0.3303966726731862313, 0.01280183418076701052, -0.5600000000000002753 ) ) ;
#5073 = DIRECTION ( 'NONE',  ( -0.08682659386424777803, -0.08682659386424779191, 0.9924325091389669673 ) ) ;
#5074 = CARTESIAN_POINT ( 'NONE',  ( -0.2514488498626519242, -0.08388444422514949872, -0.5589999999999999414 ) ) ;
#5075 = AXIS2_PLACEMENT_3D ( 'NONE', #2475, #1505, #5329 ) ;
#5076 = PRESENTATION_STYLE_ASSIGNMENT (( #5205 ) ) ;
#5077 = LINE ( 'NONE', #1843, #3504 ) ;
#5078 = ADVANCED_FACE ( 'NONE', ( #4383 ), #757, .T. ) ;
#5079 = SURFACE_SIDE_STYLE ('',( #4680 ) ) ;
#5080 =( NAMED_UNIT ( * ) SI_UNIT ( $, .STERADIAN. ) SOLID_ANGLE_UNIT ( ) );
#5081 = UNCERTAINTY_MEASURE_WITH_UNIT (LENGTH_MEASURE( 1.000000000000000082E-05 ), #914, 'distance_accuracy_value', 'NONE');
#5082 = CARTESIAN_POINT ( 'NONE',  ( 0.08917937667804562429, 0.1789558763398149122, -0.5590000000000000524 ) ) ;
#5083 = CARTESIAN_POINT ( 'NONE',  ( 0.1992417168902546054, 0.1485727543651844951, -0.5589999999999999414 ) ) ;
#5084 = ORIENTED_EDGE ( 'NONE', *, *, #2476, .T. ) ;
#5085 = DIRECTION ( 'NONE',  ( -0.0000000000000000000, -0.0000000000000000000, -1.000000000000000000 ) ) ;
#5086 =( GEOMETRIC_REPRESENTATION_CONTEXT ( 3 ) GLOBAL_UNCERTAINTY_ASSIGNED_CONTEXT ( ( #4273 ) ) GLOBAL_UNIT_ASSIGNED_CONTEXT ( ( #6144, #3309, #1805 ) ) REPRESENTATION_CONTEXT ( 'NONE', 'WORKASPACE' ) );
#5087 = EDGE_LOOP ( 'NONE', ( #2267, #2927, #1190, #8 ) ) ;
#5088 = CARTESIAN_POINT ( 'NONE',  ( 0.2285707267423864042, -0.09167650155209325358, -0.5600000000000000533 ) ) ;
#5089 = ORIENTED_EDGE ( 'NONE', *, *, #1063, .T. ) ;
#5090 = CARTESIAN_POINT ( 'NONE',  ( -0.2610540259877699443, -0.1154585945495556210, -0.5600000000000001643 ) ) ;
#5091 = CARTESIAN_POINT ( 'NONE',  ( -0.2274297832253946439, 0.1457696263230318923, -0.5590000000000000524 ) ) ;
#5092 = CARTESIAN_POINT ( 'NONE',  ( -0.5303424439092295772, 0.1252631289323063446, -0.5600000000000001643 ) ) ;
#5093 = ORIENTED_EDGE ( 'NONE', *, *, #5162, .T. ) ;
#5094 = VERTEX_POINT ( 'NONE', #5374 ) ;
#5095 = CARTESIAN_POINT ( 'NONE',  ( 0.1955035502080827714, -0.1221641622618196699, -0.5590000000000001634 ) ) ;
#5096 = FILL_AREA_STYLE ('',( #1224 ) ) ;
#5097 =( NAMED_UNIT ( * ) SI_UNIT ( $, .STERADIAN. ) SOLID_ANGLE_UNIT ( ) );
#5098 = FACE_OUTER_BOUND ( 'NONE', #670, .T. ) ;
#5099 = B_SPLINE_CURVE_WITH_KNOTS ( 'NONE', 3,
 ( #3506, #2058, #5433, #4488, #5947, #688, #2626 ),
 .UNSPECIFIED., .F., .F.,
 ( 4, 1, 1, 1, 4 ),
 ( 0.0000000000000000000, 0.1744817153170511170, 0.3982857591281124821, 0.6738978473986669826, 1.000000000000000000 ),
 .UNSPECIFIED. ) ;
#5100 = DIRECTION ( 'NONE',  ( 1.000000000000000000, 0.0000000000000000000, -0.0000000000000000000 ) ) ;
#5101 = SURFACE_SIDE_STYLE ('',( #2284 ) ) ;
#5102 = STYLED_ITEM ( 'NONE', ( #2573 ), #3257 ) ;
#5103 = ADVANCED_FACE ( 'NONE', ( #4228 ), #5300, .T. ) ;
#5104 = CARTESIAN_POINT ( 'NONE',  ( 0.2576882624082461604, -0.08752241204818769771, -0.5600000000000000533 ) ) ;
#5105 = LINE ( 'NONE', #4364, #2868 ) ;
#5106 = DIRECTION ( 'NONE',  ( 0.08682659386424930459, 0.08682659386424834702, -0.9924325091389669673 ) ) ;
#5107 = CARTESIAN_POINT ( 'NONE',  ( 0.2913276635145025661, 0.1241327179647963297, -0.5599999999999999423 ) ) ;
#5108 = SURFACE_STYLE_FILL_AREA ( #64 ) ;
#5109 = DIRECTION ( 'NONE',  ( -0.0000000000000000000, -1.000000000000000000, -0.0000000000000000000 ) ) ;
#5110 = ORIENTED_EDGE ( 'NONE', *, *, #3278, .F. ) ;
#5111 = EDGE_CURVE ( 'NONE', #1708, #5163, #4151, .T. ) ;
#5112 = AXIS2_PLACEMENT_3D ( 'NONE', #3908, #980, #5295 ) ;
#5113 = CARTESIAN_POINT ( 'NONE',  ( -0.5269410501512225009, 0.1423705104861563986, -0.5590000000000000524 ) ) ;
#5114 = CARTESIAN_POINT ( 'NONE',  ( 0.1505309792763961096, -0.1070491180733480902, -0.5590000000000000524 ) ) ;
#5115 = CARTESIAN_POINT ( 'NONE',  ( -0.3937474525902470157, -0.1210441236601850767, -0.5590000000000000524 ) ) ;
#5116 = VECTOR ( 'NONE', #3176, 1000.000000000000000 ) ;
#5117 = UNCERTAINTY_MEASURE_WITH_UNIT (LENGTH_MEASURE( 1.000000000000000082E-05 ), #2967, 'distance_accuracy_value', 'NONE');
#5118 = EDGE_CURVE ( 'NONE', #4638, #3918, #3049, .T. ) ;
#5119 = CARTESIAN_POINT ( 'NONE',  ( 0.2066399729786870809, -0.1236102232778498178, -0.5600000000000000533 ) ) ;
#5120 = ORIENTED_EDGE ( 'NONE', *, *, #1649, .T. ) ;
#5121 = CARTESIAN_POINT ( 'NONE',  ( -0.5259692513707348027, 0.1423705104861563986, -0.5590000000000000524 ) ) ;
#5122 = CARTESIAN_POINT ( 'NONE',  ( 0.2857487383680733517, -0.07408449617660170516, -0.5600000000000001643 ) ) ;
#5123 = CARTESIAN_POINT ( 'NONE',  ( -0.2176489664644371824, -0.1209402320473384057, -0.5589999999999999414 ) ) ;
#5124 = CARTESIAN_POINT ( 'NONE',  ( -0.3314487958329083717, 0.02725651023008043156, -0.5599999999999998312 ) ) ;
#5125 = FACE_OUTER_BOUND ( 'NONE', #4310, .T. ) ;
#5126 = ORIENTED_EDGE ( 'NONE', *, *, #5242, .T. ) ;
#5128 = CARTESIAN_POINT ( 'NONE',  ( -0.5474059891756128948, 0.1789558763398149122, -0.5590000000000000524 ) ) ;
#5127 = LINE ( 'NONE', #2194, #6098 ) ;
#5129 = VECTOR ( 'NONE', #335, 1000.000000000000000 ) ;
#5130 = CARTESIAN_POINT ( 'NONE',  ( 1.268516413204960003, -0.7235164132049598518, 0.5300000000000001377 ) ) ;
#5131 = VERTEX_POINT ( 'NONE', #1465 ) ;
#5132 =( GEOMETRIC_REPRESENTATION_CONTEXT ( 3 ) GLOBAL_UNCERTAINTY_ASSIGNED_CONTEXT ( ( #1096 ) ) GLOBAL_UNIT_ASSIGNED_CONTEXT ( ( #1809, #404, #5670 ) ) REPRESENTATION_CONTEXT ( 'NONE', 'WORKASPACE' ) );
#5133 = ORIENTED_EDGE ( 'NONE', *, *, #2725, .T. ) ;
#5134 = ADVANCED_FACE ( 'NONE', ( #2744, #1315 ), #2428, .T. ) ;
#5135 = SURFACE_SIDE_STYLE ('',( #4010 ) ) ;
#5136 = ORIENTED_EDGE ( 'NONE', *, *, #3224, .F. ) ;
#5137 = CARTESIAN_POINT ( 'NONE',  ( 0.1708101952976497362, 0.1781085498415665713, -0.5590000000000000524 ) ) ;
#5138 = PRESENTATION_STYLE_ASSIGNMENT (( #5335 ) ) ;
#5139 = LINE ( 'NONE', #2460, #502 ) ;
#5140 = MECHANICAL_DESIGN_GEOMETRIC_PRESENTATION_REPRESENTATION (  '', ( #5862 ), #3939 ) ;
#5141 = PLANE ( 'NONE',  #4668 ) ;
#5142 = EDGE_CURVE ( 'NONE', #4562, #5160, #6137, .T. ) ;
#5143 = CARTESIAN_POINT ( 'NONE',  ( 1.636612987842788414, 0.3049999999999999933, -0.6100000000000003197 ) ) ;
#5144 = LINE ( 'NONE', #2867, #2449 ) ;
#5145 = VERTEX_POINT ( 'NONE', #58 ) ;
#5146 = FILL_AREA_STYLE_COLOUR ( '', #3336 ) ;
#5147 = CARTESIAN_POINT ( 'NONE',  ( 0.3707560367146675584, 0.02913323089226622226, -0.5590000000000000524 ) ) ;
#5148 = CARTESIAN_POINT ( 'NONE',  ( 0.2220361059691060568, 0.1496001828310948023, -0.5589999999999999414 ) ) ;
#5149 = STYLED_ITEM ( 'NONE', ( #4944 ), #4032 ) ;
#5150 = FILL_AREA_STYLE ('',( #3683 ) ) ;
#5151 = SURFACE_SIDE_STYLE ('',( #2637 ) ) ;
#5152 = CARTESIAN_POINT ( 'NONE',  ( 0.2139512245210665742, -0.09163448863566066305, -0.5600000000000000533 ) ) ;
#5153 = EDGE_CURVE ( 'NONE', #198, #5145, #2504, .T. ) ;
#5154 = EDGE_LOOP ( 'NONE', ( #4929, #5634, #116 ) ) ;
#5155 = UNCERTAINTY_MEASURE_WITH_UNIT (LENGTH_MEASURE( 1.000000000000000082E-05 ), #868, 'distance_accuracy_value', 'NONE');
#5156 = ORIENTED_EDGE ( 'NONE', *, *, #3606, .F. ) ;
#5157 = FILL_AREA_STYLE_COLOUR ( '', #907 ) ;
#5158 = ORIENTED_EDGE ( 'NONE', *, *, #1586, .T. ) ;
#5159 = CARTESIAN_POINT ( 'NONE',  ( 1.636612987842788414, -0.3049999999999999933, -0.4500000000000001776 ) ) ;
#5160 = VERTEX_POINT ( 'NONE', #4410 ) ;
#5161 = DIRECTION ( 'NONE',  ( -1.000000000000000000, 0.0000000000000000000, 0.0000000000000000000 ) ) ;
#5162 = EDGE_CURVE ( 'NONE', #2619, #5703, #3845, .T. ) ;
#5163 = VERTEX_POINT ( 'NONE', #2400 ) ;
#5164 = DIRECTION ( 'NONE',  ( -0.0000000000000000000, 1.000000000000000000, -0.0000000000000000000 ) ) ;
#5165 = ADVANCED_FACE ( 'NONE', ( #268 ), #5480, .T. ) ;
#5166 =( NAMED_UNIT ( * ) PLANE_ANGLE_UNIT ( ) SI_UNIT ( $, .RADIAN. ) );
#5167 = ORIENTED_EDGE ( 'NONE', *, *, #1624, .F. ) ;
#5168 =( LENGTH_UNIT ( ) NAMED_UNIT ( * ) SI_UNIT ( .MILLI., .METRE. ) );
#5169 = CARTESIAN_POINT ( 'NONE',  ( 1.345000000000000195, 0.7701141590572475604, 0.0000000000000000000 ) ) ;
#5170 = CARTESIAN_POINT ( 'NONE',  ( -0.05716208673658842998, 0.04724855926664416061, -0.5590000000000000524 ) ) ;
#5171 =( NAMED_UNIT ( * ) SI_UNIT ( $, .STERADIAN. ) SOLID_ANGLE_UNIT ( ) );
#5172 = CARTESIAN_POINT ( 'NONE',  ( 0.1626746612092974387, 0.1760152762839473917, -0.5600000000000000533 ) ) ;
#5173 = LINE ( 'NONE', #360, #236 ) ;
#5174 = STYLED_ITEM ( 'NONE', ( #181 ), #2075 ) ;
#5175 = CARTESIAN_POINT ( 'NONE',  ( 0.1560127744530264149, -0.07724167023672535992, -0.5590000000000000524 ) ) ;
#5176 = SURFACE_STYLE_USAGE ( .BOTH. , #2784 ) ;
#5177 = DIRECTION ( 'NONE',  ( -0.0000000000000000000, -0.0000000000000000000, -1.000000000000000000 ) ) ;
#5178 = PRODUCT_RELATED_PRODUCT_CATEGORY ( 'part', '', ( #1872 ) ) ;
#5179 = PRODUCT ( 'SOD-123_L2.7-W1.6-LS3.7-RD-4', 'SOD-123_L2.7-W1.6-LS3.7-RD-4', '', ( #3337 ) ) ;
#5180 = VECTOR ( 'NONE', #4980, 1000.000000000000000 ) ;
#5181 =( NAMED_UNIT ( * ) SI_UNIT ( $, .STERADIAN. ) SOLID_ANGLE_UNIT ( ) );
#5182 =( GEOMETRIC_REPRESENTATION_CONTEXT ( 3 ) GLOBAL_UNCERTAINTY_ASSIGNED_CONTEXT ( ( #4472 ) ) GLOBAL_UNIT_ASSIGNED_CONTEXT ( ( #762, #1250, #5097 ) ) REPRESENTATION_CONTEXT ( 'NONE', 'WORKASPACE' ) );
#5183 = ORIENTED_EDGE ( 'NONE', *, *, #277, .T. ) ;
#5184 = DIRECTION ( 'NONE',  ( -1.000000000000000000, 0.0000000000000000000, 0.0000000000000000000 ) ) ;
#5185 = CARTESIAN_POINT ( 'NONE',  ( 0.2499438813803231962, 0.1801266539902430797, -0.5589999999999999414 ) ) ;
#5186 = CARTESIAN_POINT ( 'NONE',  ( -0.3312476239674832512, 0.01828986021545579710, -0.5599999999999997202 ) ) ;
#5187 = VECTOR ( 'NONE', #6078, 1000.000000000000000 ) ;
#5188 = DIRECTION ( 'NONE',  ( -1.000000000000000000, -0.0000000000000000000, -0.0000000000000000000 ) ) ;
#5189 = SURFACE_STYLE_USAGE ( .BOTH. , #1784 ) ;
#5190 = PRESENTATION_STYLE_ASSIGNMENT (( #2253 ) ) ;
#5191 = EDGE_CURVE ( 'NONE', #2745, #2043, #5591, .T. ) ;
#5192 = CARTESIAN_POINT ( 'NONE',  ( 0.1794302961419011744, 0.1797143776591307585, -0.5600000000000000533 ) ) ;
#5193 = VERTEX_POINT ( 'NONE', #5436 ) ;
#5194 = FACE_OUTER_BOUND ( 'NONE', #925, .T. ) ;
#5195 = CARTESIAN_POINT ( 'NONE',  ( 1.636612987842788414, 0.3049999999999999933, -0.5100000000000000089 ) ) ;
#5196 = CARTESIAN_POINT ( 'NONE',  ( 1.437430550489931846, 0.3049999999999999933, -0.009128442572523400717 ) ) ;
#5197 = DIRECTION ( 'NONE',  ( 1.000000000000000000, -0.0000000000000000000, -0.0000000000000000000 ) ) ;
#5198 = LINE ( 'NONE', #1424, #3924 ) ;
#5199 = ORIENTED_EDGE ( 'NONE', *, *, #1765, .F. ) ;
#5200 = STYLED_ITEM ( 'NONE', ( #484 ), #3036 ) ;
#5201 = SURFACE_STYLE_FILL_AREA ( #1718 ) ;
#5202 = FACE_OUTER_BOUND ( 'NONE', #5760, .T. ) ;
#5203 = EDGE_CURVE ( 'NONE', #2544, #2619, #2887, .T. ) ;
#5204 =( GEOMETRIC_REPRESENTATION_CONTEXT ( 3 ) GLOBAL_UNCERTAINTY_ASSIGNED_CONTEXT ( ( #6006 ) ) GLOBAL_UNIT_ASSIGNED_CONTEXT ( ( #2109, #3037, #1121 ) ) REPRESENTATION_CONTEXT ( 'NONE', 'WORKASPACE' ) );
#5205 = SURFACE_STYLE_USAGE ( .BOTH. , #4819 ) ;
#5206 = VECTOR ( 'NONE', #1094, 1000.000000000000227 ) ;
#5207 = PRESENTATION_STYLE_ASSIGNMENT (( #1206 ) ) ;
#5208 = CARTESIAN_POINT ( 'NONE',  ( 1.296006348425482679, -0.7534022541477122248, -0.5326146722824298685 ) ) ;
#5209 = ORIENTED_EDGE ( 'NONE', *, *, #5655, .F. ) ;
#5210 =( NAMED_UNIT ( * ) PLANE_ANGLE_UNIT ( ) SI_UNIT ( $, .RADIAN. ) );
#5211 = MECHANICAL_DESIGN_GEOMETRIC_PRESENTATION_REPRESENTATION (  '', ( #5251 ), #3531 ) ;
#5212 = CARTESIAN_POINT ( 'NONE',  ( 1.268516413204960003, -0.7534022541477122248, 0.5326146722824298685 ) ) ;
#5213 = CARTESIAN_POINT ( 'NONE',  ( -0.06447915990732011604, 0.1789558763398149122, -0.5600000000000000533 ) ) ;
#5214 = VERTEX_POINT ( 'NONE', #5460 ) ;
#5215 = SURFACE_STYLE_USAGE ( .BOTH. , #4767 ) ;
#5216 = SURFACE_SIDE_STYLE ('',( #789 ) ) ;
#5217 = PRESENTATION_STYLE_ASSIGNMENT (( #1558 ) ) ;
#5218 = EDGE_LOOP ( 'NONE', ( #747, #4667, #130, #5158 ) ) ;
#5219 = CARTESIAN_POINT ( 'NONE',  ( 1.295059937738896050, -0.7799457786816481608, 0.2292207985599149234 ) ) ;
#5220 = MECHANICAL_DESIGN_GEOMETRIC_PRESENTATION_REPRESENTATION (  '', ( #2312 ), #2781 ) ;
#5221 = STYLED_ITEM ( 'NONE', ( #3398 ), #5626 ) ;
#5222 = CARTESIAN_POINT ( 'NONE',  ( 0.3687077006857065187, -0.008299042712476920741, -0.5600000000000001643 ) ) ;
#5223 = LINE ( 'NONE', #1016, #2992 ) ;
#5224 = SURFACE_STYLE_FILL_AREA ( #974 ) ;
#5225 = COLOUR_RGB ( '',1.000000000000000000, 1.000000000000000000, 1.000000000000000000 ) ;
#5226 = SURFACE_STYLE_USAGE ( .BOTH. , #6175 ) ;
#5227 = FACE_OUTER_BOUND ( 'NONE', #5154, .T. ) ;
#5228 = DIRECTION ( 'NONE',  ( 1.000000000000000000, 0.0000000000000000000, -0.0000000000000000000 ) ) ;
#5229 = STYLED_ITEM ( 'NONE', ( #5600 ), #5064 ) ;
#5230 = FILL_AREA_STYLE_COLOUR ( '', #5891 ) ;
#5231 = LINE ( 'NONE', #2572, #2767 ) ;
#5232 = DIRECTION ( 'NONE',  ( -1.000000000000000000, 0.0000000000000000000, 0.0000000000000000000 ) ) ;
#5233 = SURFACE_SIDE_STYLE ('',( #2399 ) ) ;
#5234 = CARTESIAN_POINT ( 'NONE',  ( 0.5501549864341431784, 0.1789558763398149122, -0.5590000000000000524 ) ) ;
#5235 = EDGE_CURVE ( 'NONE', #37, #2199, #633, .T. ) ;
#5236 =( LENGTH_UNIT ( ) NAMED_UNIT ( * ) SI_UNIT ( .MILLI., .METRE. ) );
#5237 = CARTESIAN_POINT ( 'NONE',  ( 0.1932145913342179777, -0.08922363035649405472, -0.5600000000000003864 ) ) ;
#5238 = UNCERTAINTY_MEASURE_WITH_UNIT (LENGTH_MEASURE( 1.000000000000000082E-05 ), #4125, 'distance_accuracy_value', 'NONE');
#5239 = DIRECTION ( 'NONE',  ( 0.0000000000000000000, 1.000000000000000000, 0.0000000000000000000 ) ) ;
#5240 = CARTESIAN_POINT ( 'NONE',  ( -0.4376498916146371876, -0.1210441236601850767, -0.5590000000000000524 ) ) ;
#5241 = ORIENTED_EDGE ( 'NONE', *, *, #4057, .T. ) ;
#5242 = EDGE_CURVE ( 'NONE', #1037, #5811, #4079, .T. ) ;
#5243 = EDGE_LOOP ( 'NONE', ( #2831, #6100, #3219, #3363 ) ) ;
#5244 = APPLICATION_PROTOCOL_DEFINITION ( 'draft international standard', 'automotive_design', 1998, #2314 ) ;
#5245 = ORIENTED_EDGE ( 'NONE', *, *, #2414, .T. ) ;
#5246 = DIRECTION ( 'NONE',  ( -0.0000000000000000000, -1.000000000000000000, -0.0000000000000000000 ) ) ;
#5247 = DIRECTION ( 'NONE',  ( 0.0000000000000000000, -0.0000000000000000000, 1.000000000000000000 ) ) ;
#5248 = DIRECTION ( 'NONE',  ( -0.0000000000000000000, 0.0000000000000000000, 1.000000000000000000 ) ) ;
#5249 = ORIENTED_EDGE ( 'NONE', *, *, #4597, .T. ) ;
#5250 = DIRECTION ( 'NONE',  ( 0.0000000000000000000, 1.000000000000000000, 0.0000000000000000000 ) ) ;
#5251 = STYLED_ITEM ( 'NONE', ( #5517 ), #1757 ) ;
#5252 =( NAMED_UNIT ( * ) PLANE_ANGLE_UNIT ( ) SI_UNIT ( $, .RADIAN. ) );
#5253 = PRESENTATION_STYLE_ASSIGNMENT (( #3666 ) ) ;
#5254 = SURFACE_STYLE_USAGE ( .BOTH. , #4286 ) ;
#5255 = CARTESIAN_POINT ( 'NONE',  ( 0.2247167242390212538, -0.09177583097725826311, -0.5600000000000000533 ) ) ;
#5256 = FILL_AREA_STYLE_COLOUR ( '', #5996 ) ;
#5257 = COLOUR_RGB ( '',0.2509803921568627416, 0.2509803921568627416, 0.2509803921568627416 ) ;
#5258 = CARTESIAN_POINT ( 'NONE',  ( -0.2148221477121982081, 0.1460290470715222277, -0.5600000000000000533 ) ) ;
#5259 = ORIENTED_EDGE ( 'NONE', *, *, #6117, .T. ) ;
#5260 = ORIENTED_EDGE ( 'NONE', *, *, #1392, .T. ) ;
#5261 = CARTESIAN_POINT ( 'NONE',  ( -1.049872501134293756, 1.015288465802815843, 0.5590000000000000524 ) ) ;
#5262 = CARTESIAN_POINT ( 'NONE',  ( -0.2821195429627213480, 0.1300895291227066597, -0.5600000000000001643 ) ) ;
#5263 = DIRECTION ( 'NONE',  ( -0.0000000000000000000, -0.0000000000000000000, -1.000000000000000000 ) ) ;
#5264 = LINE ( 'NONE', #5082, #1721 ) ;
#5265 = EDGE_CURVE ( 'NONE', #2544, #5535, #1598, .T. ) ;
#5266 = PRESENTATION_STYLE_ASSIGNMENT (( #5371 ) ) ;
#5267 = FILL_AREA_STYLE ('',( #1894 ) ) ;
#5268 = DIRECTION ( 'NONE',  ( 0.0000000000000000000, -3.614007241618351532E-15, -1.000000000000000000 ) ) ;
#5269 = DIRECTION ( 'NONE',  ( 0.0000000000000000000, 0.0000000000000000000, -1.000000000000000000 ) ) ;
#5270 = MECHANICAL_DESIGN_GEOMETRIC_PRESENTATION_REPRESENTATION (  '', ( #4709 ), #3862 ) ;
#5271 = CARTESIAN_POINT ( 'NONE',  ( 1.576841305957283668, 0.3049999999999999933, -0.4552293445648595283 ) ) ;
#5272 = CARTESIAN_POINT ( 'NONE',  ( 0.3306427913121919859, 0.02575465682761977210, -0.5600000000000000533 ) ) ;
#5273 = CARTESIAN_POINT ( 'NONE',  ( 0.3303365797281164751, 0.03941210477191798428, -0.5590000000000000524 ) ) ;
#5274 = ORIENTED_EDGE ( 'NONE', *, *, #1113, .T. ) ;
#5275 = SURFACE_STYLE_USAGE ( .BOTH. , #1021 ) ;
#5276 = SURFACE_STYLE_FILL_AREA ( #4182 ) ;
#5277 = UNCERTAINTY_MEASURE_WITH_UNIT (LENGTH_MEASURE( 1.000000000000000082E-05 ), #4445, 'distance_accuracy_value', 'NONE');
#5278 = VERTEX_POINT ( 'NONE', #4986 ) ;
#5279 = ORIENTED_EDGE ( 'NONE', *, *, #903, .F. ) ;
#5280 = FILL_AREA_STYLE ('',( #4795 ) ) ;
#5281 = DIRECTION ( 'NONE',  ( -1.000000000000000000, -0.0000000000000000000, -0.0000000000000000000 ) ) ;
#5282 = EDGE_CURVE ( 'NONE', #37, #1316, #2192, .T. ) ;
#5283 = MECHANICAL_DESIGN_GEOMETRIC_PRESENTATION_REPRESENTATION (  '', ( #3568 ), #4414 ) ;
#5284 = ORIENTED_EDGE ( 'NONE', *, *, #2911, .F. ) ;
#5285 = PRESENTATION_STYLE_ASSIGNMENT (( #748 ) ) ;
#5286 = CYLINDRICAL_SURFACE ( 'NONE', #3554, 0.02999999999999997113 ) ;
#5287 =( GEOMETRIC_REPRESENTATION_CONTEXT ( 3 ) GLOBAL_UNCERTAINTY_ASSIGNED_CONTEXT ( ( #1919 ) ) GLOBAL_UNIT_ASSIGNED_CONTEXT ( ( #5458, #4984, #1203 ) ) REPRESENTATION_CONTEXT ( 'NONE', 'WORKASPACE' ) );
#5288 = CARTESIAN_POINT ( 'NONE',  ( 0.2302616937512164119, -0.1247026602455509336, -0.5600000000000000533 ) ) ;
#5289 = DIRECTION ( 'NONE',  ( -0.0000000000000000000, -1.000000000000000000, -0.0000000000000000000 ) ) ;
#5290 = ORIENTED_EDGE ( 'NONE', *, *, #1150, .T. ) ;
#5291 = CARTESIAN_POINT ( 'NONE',  ( 0.5099110839951188634, 0.1789558763398149122, -0.5590000000000000524 ) ) ;
#5292 = PRESENTATION_LAYER_ASSIGNMENT (  '', '', ( #2190 ) ) ;
#5293 = CARTESIAN_POINT ( 'NONE',  ( -0.5767314464926859285, -0.003970952928477775382, -0.5600000000000000533 ) ) ;
#5294 = CARTESIAN_POINT ( 'NONE',  ( 0.1560127744530264149, -0.07724167023672535992, -0.5600000000000000533 ) ) ;
#5295 = DIRECTION ( 'NONE',  ( 0.08715574274765836016, 0.0000000000000000000, 0.9961946980917455452 ) ) ;
#5296 = SURFACE_STYLE_FILL_AREA ( #2723 ) ;
#5297 = ORIENTED_EDGE ( 'NONE', *, *, #4784, .F. ) ;
#5298 = STYLED_ITEM ( 'NONE', ( #2356 ), #6075 ) ;
#5299 = PLANE ( 'NONE',  #5672 ) ;
#5300 = PLANE ( 'NONE',  #1873 ) ;
#5301 = SURFACE_SIDE_STYLE ('',( #3676 ) ) ;
#5302 = SURFACE_SIDE_STYLE ('',( #4131 ) ) ;
#5303 = LINE ( 'NONE', #4483, #1840 ) ;
#5304 = ORIENTED_EDGE ( 'NONE', *, *, #4838, .T. ) ;
#5305 = STYLED_ITEM ( 'NONE', ( #263 ), #3197 ) ;
#5306 = VERTEX_POINT ( 'NONE', #201 ) ;
#5307 = CARTESIAN_POINT ( 'NONE',  ( 1.636612987842788414, 0.3049999999999999933, -0.5100000000000000089 ) ) ;
#5308 = EDGE_LOOP ( 'NONE', ( #5990, #252, #3890 ) ) ;
#5309 = CARTESIAN_POINT ( 'NONE',  ( 0.3120589590030854454, -0.1021140295019084959, -0.5600000000000003864 ) ) ;
#5310 = UNCERTAINTY_MEASURE_WITH_UNIT (LENGTH_MEASURE( 1.000000000000000082E-05 ), #3897, 'distance_accuracy_value', 'NONE');
#5311 = CARTESIAN_POINT ( 'NONE',  ( 1.636612987842788414, -0.3049999999999999933, -0.6100000000000000977 ) ) ;
#5312 = ORIENTED_EDGE ( 'NONE', *, *, #4240, .F. ) ;
#5313 = EDGE_CURVE ( 'NONE', #1307, #1708, #1159, .T. ) ;
#5314 = CARTESIAN_POINT ( 'NONE',  ( 0.3068115833971371553, 0.1075864756556006024, -0.5599999999999999423 ) ) ;
#5315 = EDGE_LOOP ( 'NONE', ( #3379, #47, #3844, #5089, #2089, #4494, #4144, #5993, #2936, #960, #226, #3006 ) ) ;
#5316 = MECHANICAL_DESIGN_GEOMETRIC_PRESENTATION_REPRESENTATION (  '', ( #3710 ), #3194 ) ;
#5317 = CARTESIAN_POINT ( 'NONE',  ( -1.840000000000000080, -0.3049999999999999933, -0.6100000000000000977 ) ) ;
#5318 = CARTESIAN_POINT ( 'NONE',  ( 0.3706094418757649445, 0.007221598853189104515, -0.5600000000000000533 ) ) ;
#5319 = ORIENTED_EDGE ( 'NONE', *, *, #3855, .F. ) ;
#5320 = ORIENTED_EDGE ( 'NONE', *, *, #787, .T. ) ;
#5321 = FILL_AREA_STYLE ('',( #631 ) ) ;
#5322 = CARTESIAN_POINT ( 'NONE',  ( 1.537050020299106423, -0.3049999999999999933, -0.0004128682977579882334 ) ) ;
#5323 = CARTESIAN_POINT ( 'NONE',  ( 0.0000000000000000000, 0.0000000000000000000, -0.5590000000000000524 ) ) ;
#5324 = AXIS2_PLACEMENT_3D ( 'NONE', #3073, #672, #3421 ) ;
#5325 = DIRECTION ( 'NONE',  ( 0.9961946980917455452, 0.0000000000000000000, 0.08715574274765836016 ) ) ;
#5326 = EDGE_CURVE ( 'NONE', #4333, #3670, #6167, .T. ) ;
#5327 = SURFACE_STYLE_FILL_AREA ( #5150 ) ;
#5328 = DIRECTION ( 'NONE',  ( -0.08682659386424776415, -0.08682659386424779191, -0.9924325091389670783 ) ) ;
#5329 = DIRECTION ( 'NONE',  ( 0.0000000000000000000, -0.0000000000000000000, -1.000000000000000000 ) ) ;
#5330 = ORIENTED_EDGE ( 'NONE', *, *, #1662, .F. ) ;
#5331 = CARTESIAN_POINT ( 'NONE',  ( 0.3562270431625996214, -0.05001495972617470143, -0.5590000000000000524 ) ) ;
#5332 = CARTESIAN_POINT ( 'NONE',  ( 0.3562270431625996214, -0.05001495972617470143, -0.5600000000000000533 ) ) ;
#5333 = PRESENTATION_LAYER_ASSIGNMENT (  '', '', ( #4683 ) ) ;
#5334 = CARTESIAN_POINT ( 'NONE',  ( 0.2922994387447024334, 0.1657391277615032077, -0.5600000000000001643 ) ) ;
#5335 = SURFACE_STYLE_USAGE ( .BOTH. , #3840 ) ;
#5336 = VECTOR ( 'NONE', #3834, 1000.000000000000000 ) ;
#5337 = CARTESIAN_POINT ( 'NONE',  ( 0.3651327357979159971, 0.07309742251254086609, -0.5599999999999990541 ) ) ;
#5338 = FACE_OUTER_BOUND ( 'NONE', #972, .T. ) ;
#5339 = CARTESIAN_POINT ( 'NONE',  ( 0.04893547423902126770, 0.01432172999835149528, -0.5600000000000000533 ) ) ;
#5340 = PRESENTATION_LAYER_ASSIGNMENT (  '', '', ( #2313 ) ) ;
#5341 = CARTESIAN_POINT ( 'NONE',  ( 0.3120589590030854454, -0.1021140295019084959, -0.5600000000000003864 ) ) ;
#5342 = VECTOR ( 'NONE', #1413, 1000.000000000000114 ) ;
#5343 = COLOUR_RGB ( '',0.2509803921568627416, 0.2509803921568627416, 0.2509803921568627416 ) ;
#5344 = EDGE_LOOP ( 'NONE', ( #3957, #5836, #2285, #2488 ) ) ;
#5345 = CYLINDRICAL_SURFACE ( 'NONE', #4257, 0.02999999999999997113 ) ;
#5346 = FILL_AREA_STYLE_COLOUR ( '', #6086 ) ;
#5347 =( LENGTH_UNIT ( ) NAMED_UNIT ( * ) SI_UNIT ( .MILLI., .METRE. ) );
#5348 = FACE_OUTER_BOUND ( 'NONE', #2934, .T. ) ;
#5349 = DIRECTION ( 'NONE',  ( -0.0000000000000000000, -0.0000000000000000000, -1.000000000000000000 ) ) ;
#5350 = DIRECTION ( 'NONE',  ( -0.3536223923290754967, 0.9353882635801357148, 0.0000000000000000000 ) ) ;
#5351 = EDGE_CURVE ( 'NONE', #2969, #5193, #883, .T. ) ;
#5352 = VERTEX_POINT ( 'NONE', #1074 ) ;
#5353 = FACE_OUTER_BOUND ( 'NONE', #5814, .T. ) ;
#5354 = SURFACE_SIDE_STYLE ('',( #798 ) ) ;
#5355 = CARTESIAN_POINT ( 'NONE',  ( 0.2456536906161726208, -0.1243593743704132504, -0.5600000000000001643 ) ) ;
#5356 = CARTESIAN_POINT ( 'NONE',  ( 0.0000000000000000000, 0.7311975589528284525, 0.5590000000000000524 ) ) ;
#5357 = ORIENTED_EDGE ( 'NONE', *, *, #4297, .T. ) ;
#5358 = AXIS2_PLACEMENT_3D ( 'NONE', #2858, #1883, #1429 ) ;
#5359 = CIRCLE ( 'NONE', #2064, 0.02999999999999997113 ) ;
#5360 = CARTESIAN_POINT ( 'NONE',  ( 0.2939434657500256676, -0.06756745807984614050, -0.5589999999999999414 ) ) ;
#5361 = CYLINDRICAL_SURFACE ( 'NONE', #1464, 0.1600000000000000866 ) ;
#5362 = CARTESIAN_POINT ( 'NONE',  ( -0.5226009899721393293, 0.1256570189496610812, -0.5600000000000000533 ) ) ;
#5363 =( LENGTH_UNIT ( ) NAMED_UNIT ( * ) SI_UNIT ( .MILLI., .METRE. ) );
#5364 = EDGE_CURVE ( 'NONE', #5193, #6065, #3696, .T. ) ;
#5365 = PLANE ( 'NONE',  #2095 ) ;
#5366 = COLOUR_RGB ( '',1.000000000000000000, 1.000000000000000000, 1.000000000000000000 ) ;
#5367 = CARTESIAN_POINT ( 'NONE',  ( 1.298402254147712265, -0.7235164132049598518, -0.5326146722824298685 ) ) ;
#5368 = PRESENTATION_STYLE_ASSIGNMENT (( #2068 ) ) ;
#5369 = CARTESIAN_POINT ( 'NONE',  ( -0.2205052008345420866, 0.1788330287540401964, -0.5590000000000000524 ) ) ;
#5370 = FILL_AREA_STYLE ('',( #3031 ) ) ;
#5371 = SURFACE_STYLE_USAGE ( .BOTH. , #4408 ) ;
#5372 =( NAMED_UNIT ( * ) PLANE_ANGLE_UNIT ( ) SI_UNIT ( $, .RADIAN. ) );
#5373 = ORIENTED_EDGE ( 'NONE', *, *, #4865, .F. ) ;
#5374 = CARTESIAN_POINT ( 'NONE',  ( -0.3937474525902470157, -0.1210441236601850767, -0.5590000000000000524 ) ) ;
#5375 = ORIENTED_EDGE ( 'NONE', *, *, #6025, .T. ) ;
#5376 = PRESENTATION_STYLE_ASSIGNMENT (( #3083 ) ) ;
#5377 = EDGE_CURVE ( 'NONE', #5278, #4256, #5734, .T. ) ;
#5378 = PRESENTATION_LAYER_ASSIGNMENT (  '', '', ( #3568 ) ) ;
#5379 = COLOUR_RGB ( '',0.2509803921568627416, 0.2509803921568627416, 0.2509803921568627416 ) ;
#5380 = LINE ( 'NONE', #3243, #582 ) ;
#5381 =( NAMED_UNIT ( * ) PLANE_ANGLE_UNIT ( ) SI_UNIT ( $, .RADIAN. ) );
#5382 = CYLINDRICAL_SURFACE ( 'NONE', #3824, 0.02999999999999997113 ) ;
#5383 = DIRECTION ( 'NONE',  ( 0.0000000000000000000, 1.000000000000000000, 0.0000000000000000000 ) ) ;
#5384 = CARTESIAN_POINT ( 'NONE',  ( 0.2343620919430138283, 0.1822410325076344317, -0.5600000000000000533 ) ) ;
#5385 = DIRECTION ( 'NONE',  ( -0.0000000000000000000, -0.0000000000000000000, -1.000000000000000000 ) ) ;
#5386 = CARTESIAN_POINT ( 'NONE',  ( 0.2237326383055451839, 0.1824883454211447542, -0.5589999999999999414 ) ) ;
#5387 = VECTOR ( 'NONE', #4827, 1000.000000000000000 ) ;
#5388 = CARTESIAN_POINT ( 'NONE',  ( 0.3131484324977720779, 0.09800846245452733696, -0.5590000000000001634 ) ) ;
#5389 = ORIENTED_EDGE ( 'NONE', *, *, #1662, .T. ) ;
#5390 = CARTESIAN_POINT ( 'NONE',  ( 0.2183142852146310320, 0.1826144129251807413, -0.5600000000000000533 ) ) ;
#5391 = AXIS2_PLACEMENT_3D ( 'NONE', #4280, #4740, #3370 ) ;
#5392 = PRESENTATION_LAYER_ASSIGNMENT (  '', '', ( #5068 ) ) ;
#5393 =( NAMED_UNIT ( * ) PLANE_ANGLE_UNIT ( ) SI_UNIT ( $, .RADIAN. ) );
#5394 = CARTESIAN_POINT ( 'NONE',  ( -0.4376498916146371876, -0.1210441236601850767, -0.5590000000000000524 ) ) ;
#5395 = ORIENTED_EDGE ( 'NONE', *, *, #3192, .T. ) ;
#5396 =( NAMED_UNIT ( * ) SI_UNIT ( $, .STERADIAN. ) SOLID_ANGLE_UNIT ( ) );
#5397 = ORIENTED_EDGE ( 'NONE', *, *, #5118, .F. ) ;
#5398 = UNCERTAINTY_MEASURE_WITH_UNIT (LENGTH_MEASURE( 1.000000000000000082E-05 ), #767, 'distance_accuracy_value', 'NONE');
#5399 = MECHANICAL_DESIGN_GEOMETRIC_PRESENTATION_REPRESENTATION (  '', ( #6141 ), #2950 ) ;
#5400 = EDGE_LOOP ( 'NONE', ( #1746, #2318, #642, #1772 ) ) ;
#5401 = DIRECTION ( 'NONE',  ( 0.0000000000000000000, -1.000000000000000000, 0.0000000000000000000 ) ) ;
#5402 = CARTESIAN_POINT ( 'NONE',  ( 0.2647795155146180912, 0.1767144835439433959, -0.5600000000000002753 ) ) ;
#5403 = SURFACE_SIDE_STYLE ('',( #3540 ) ) ;
#5404 = ORIENTED_EDGE ( 'NONE', *, *, #3242, .F. ) ;
#5405 = CARTESIAN_POINT ( 'NONE',  ( 0.2361365994892247744, -0.09148150588456091525, -0.5590000000000000524 ) ) ;
#5406 =( NAMED_UNIT ( * ) PLANE_ANGLE_UNIT ( ) SI_UNIT ( $, .RADIAN. ) );
#5407 = DIRECTION ( 'NONE',  ( 1.000000000000000000, 0.0000000000000000000, 1.243497163265005416E-16 ) ) ;
#5408 = CIRCLE ( 'NONE', #554, 0.02999999999999997113 ) ;
#5409 =( NAMED_UNIT ( * ) PLANE_ANGLE_UNIT ( ) SI_UNIT ( $, .RADIAN. ) );
#5410 = CARTESIAN_POINT ( 'NONE',  ( -0.2313118205209142852, 0.1785921591405809639, -0.5589999999999999414 ) ) ;
#5411 = CYLINDRICAL_SURFACE ( 'NONE', #5716, 0.03000000000000002665 ) ;
#5412 = CARTESIAN_POINT ( 'NONE',  ( 1.268516413204960003, 0.7235164132049596297, 0.5300000000000001377 ) ) ;
#5413 = DIRECTION ( 'NONE',  ( 1.000000000000000000, 0.0000000000000000000, 0.0000000000000000000 ) ) ;
#5414 = EDGE_CURVE ( 'NONE', #2783, #1240, #3775, .T. ) ;
#5415 = CARTESIAN_POINT ( 'NONE',  ( -0.3312629049294128492, 0.04539940183474062280, -0.5590000000000001634 ) ) ;
#5416 = STYLED_ITEM ( 'NONE', ( #3353 ), #635 ) ;
#5417 = PLANE ( 'NONE',  #5547 ) ;
#5418 = ORIENTED_EDGE ( 'NONE', *, *, #1888, .T. ) ;
#5419 = CARTESIAN_POINT ( 'NONE',  ( 0.1505309792763961096, -0.1070491180733480902, -0.5600000000000000533 ) ) ;
#5420 =( GEOMETRIC_REPRESENTATION_CONTEXT ( 3 ) GLOBAL_UNCERTAINTY_ASSIGNED_CONTEXT ( ( #854 ) ) GLOBAL_UNIT_ASSIGNED_CONTEXT ( ( #5465, #3581, #2570 ) ) REPRESENTATION_CONTEXT ( 'NONE', 'WORKASPACE' ) );
#5421 = CARTESIAN_POINT ( 'NONE',  ( 1.345000000000000195, 0.7999999999999999334, 0.0000000000000000000 ) ) ;
#5422 =( NAMED_UNIT ( * ) PLANE_ANGLE_UNIT ( ) SI_UNIT ( $, .RADIAN. ) );
#5423 = CARTESIAN_POINT ( 'NONE',  ( -1.636612987842788414, 0.3049999999999999933, -0.6100000000000003197 ) ) ;
#5424 = SURFACE_STYLE_FILL_AREA ( #5096 ) ;
#5425 = ADVANCED_FACE ( 'NONE', ( #1882 ), #1228, .T. ) ;
#5426 = CARTESIAN_POINT ( 'NONE',  ( 1.315339464150456106, 0.7703394641504558438, 0.005189921281878753963 ) ) ;
#5428 =( LENGTH_UNIT ( ) NAMED_UNIT ( * ) SI_UNIT ( .MILLI., .METRE. ) );
#5427 = PRESENTATION_STYLE_ASSIGNMENT (( #2308 ) ) ;
#5429 = PLANE ( 'NONE',  #3808 ) ;
#5430 = CARTESIAN_POINT ( 'NONE',  ( -0.2148221477121982081, 0.1460290470715222277, -0.5590000000000000524 ) ) ;
#5431 = DIRECTION ( 'NONE',  ( -0.0000000000000000000, -0.0000000000000000000, -1.000000000000000000 ) ) ;
#5432 = VERTEX_POINT ( 'NONE', #773 ) ;
#5433 = CARTESIAN_POINT ( 'NONE',  ( -0.5303424439092295772, 0.1252631289323063446, -0.5600000000000001643 ) ) ;
#5434 = UNCERTAINTY_MEASURE_WITH_UNIT (LENGTH_MEASURE( 1.000000000000000082E-05 ), #3868, 'distance_accuracy_value', 'NONE');
#5435 = CARTESIAN_POINT ( 'NONE',  ( -0.07179623307805192700, -0.1210441236601850767, -0.5590000000000000524 ) ) ;
#5436 = CARTESIAN_POINT ( 'NONE',  ( -0.2148221477121982081, 0.1460290470715222277, -0.5590000000000000524 ) ) ;
#5437 = VECTOR ( 'NONE', #158, 1000.000000000000114 ) ;
#5438 = MECHANICAL_DESIGN_GEOMETRIC_PRESENTATION_REPRESENTATION (  '', ( #3267 ), #5182 ) ;
#5439 = CARTESIAN_POINT ( 'NONE',  ( 0.3964964498487773548, -0.08811729439189239232, -0.5600000000000000533 ) ) ;
#5440 = ORIENTED_EDGE ( 'NONE', *, *, #5572, .F. ) ;
#5441 = PRESENTATION_STYLE_ASSIGNMENT (( #225 ) ) ;
#5442 = EDGE_CURVE ( 'NONE', #2293, #4076, #262, .T. ) ;
#5443 = FILL_AREA_STYLE ('',( #5890 ) ) ;
#5444 = ORIENTED_EDGE ( 'NONE', *, *, #4620, .T. ) ;
#5445 =( NAMED_UNIT ( * ) SI_UNIT ( $, .STERADIAN. ) SOLID_ANGLE_UNIT ( ) );
#5446 = MECHANICAL_DESIGN_GEOMETRIC_PRESENTATION_REPRESENTATION (  '', ( #4353 ), #703 ) ;
#5447 = CARTESIAN_POINT ( 'NONE',  ( 0.3235491209038997562, -0.02265379510335819094, -0.5590000000000000524 ) ) ;
#5448 = ORIENTED_EDGE ( 'NONE', *, *, #217, .T. ) ;
#5449 = FILL_AREA_STYLE_COLOUR ( '', #1383 ) ;
#5450 = ORIENTED_EDGE ( 'NONE', *, *, #5786, .F. ) ;
#5451 = FILL_AREA_STYLE ('',( #2099 ) ) ;
#5452 = VECTOR ( 'NONE', #4894, 1000.000000000000000 ) ;
#5453 = EDGE_CURVE ( 'NONE', #1992, #5214, #3628, .T. ) ;
#5454 = SURFACE_STYLE_FILL_AREA ( #4842 ) ;
#5455 = CARTESIAN_POINT ( 'NONE',  ( 0.1708101952976497362, 0.1781085498415665713, -0.5600000000000000533 ) ) ;
#5456 = VECTOR ( 'NONE', #1621, 1000.000000000000000 ) ;
#5457 = CARTESIAN_POINT ( 'NONE',  ( -0.4764075135658568105, -0.003970952928477775382, -0.5590000000000000524 ) ) ;
#5458 =( LENGTH_UNIT ( ) NAMED_UNIT ( * ) SI_UNIT ( .MILLI., .METRE. ) );
#5459 = DIRECTION ( 'NONE',  ( -1.000000000000000000, 0.0000000000000000000, 0.0000000000000000000 ) ) ;
#5460 = CARTESIAN_POINT ( 'NONE',  ( -0.1705767208829299386, -0.08811729439189239232, -0.5600000000000000533 ) ) ;
#5461 = DIRECTION ( 'NONE',  ( -0.0000000000000000000, -0.0000000000000000000, -1.000000000000000000 ) ) ;
#5462 = CIRCLE ( 'NONE', #1171, 0.03000000000000003011 ) ;
#5463 = MECHANICAL_DESIGN_GEOMETRIC_PRESENTATION_REPRESENTATION (  '', ( #206 ), #1781 ) ;
#5464 =( GEOMETRIC_REPRESENTATION_CONTEXT ( 3 ) GLOBAL_UNCERTAINTY_ASSIGNED_CONTEXT ( ( #5277 ) ) GLOBAL_UNIT_ASSIGNED_CONTEXT ( ( #4445, #5393, #4896 ) ) REPRESENTATION_CONTEXT ( 'NONE', 'WORKASPACE' ) );
#5465 =( LENGTH_UNIT ( ) NAMED_UNIT ( * ) SI_UNIT ( .MILLI., .METRE. ) );
#5466 = VERTEX_POINT ( 'NONE', #3728 ) ;
#5467 = CARTESIAN_POINT ( 'NONE',  ( -0.2274297832253946439, 0.1457696263230318923, -0.5590000000000000524 ) ) ;
#5468 = VERTEX_POINT ( 'NONE', #5169 ) ;
#5469 = FILL_AREA_STYLE_COLOUR ( '', #3159 ) ;
#5470 = VERTEX_POINT ( 'NONE', #3186 ) ;
#5471 = B_SPLINE_SURFACE_WITH_KNOTS ( 'NONE', 3, 1, ( 
 ( #5036, #5532 ),
 ( #1188, #744 ),
 ( #4085, #2675 ),
 ( #721, #4555 ),
 ( #1220, #6014 ),
 ( #3154, #4530 ),
 ( #1241, #284 ),
 ( #4062, #4044 ),
 ( #1629, #4108 ),
 ( #5929, #4961 ),
 ( #3630, #5974 ),
 ( #4990, #2088 ),
 ( #2584, #3122 ),
 ( #203, #3550 ),
 ( #242, #4021 ),
 ( #3594, #5482 ),
 ( #2611, #3098 ),
 ( #1647, #223 ),
 ( #3572, #5014 ) ),
 .UNSPECIFIED., .F., .F., .F.,
 ( 4, 1, 1, 1, 1, 1, 1, 1, 1, 1, 1, 1, 1, 1, 1, 1, 4 ),
 ( 2, 2 ),
 ( 0.0000000000000000000, 0.06863117867660141480, 0.1345664660386773348, 0.1983281540108811636, 0.2607897666408452997, 0.3219991514841584190, 0.3827217465030194332, 0.4435374740357287404, 0.5051334294849250117, 0.5662138747646718873, 0.6261058646175455822, 0.6853493221605165830, 0.7449958703477972399, 0.8054158418145626053, 0.8676362663459531444, 0.9323077823023293575, 1.000000000000000000 ),
 ( 0.0000000000000000000, 1.000000000000000000 ),
 .UNSPECIFIED. ) ;
#5472 = AXIS2_PLACEMENT_3D ( 'NONE', #5611, #2571, #4873 ) ;
#5473 = DIRECTION ( 'NONE',  ( -0.0000000000000000000, -1.000000000000000000, 0.0000000000000000000 ) ) ;
#5474 = ORIENTED_EDGE ( 'NONE', *, *, #2922, .F. ) ;
#5475 = FILL_AREA_STYLE_COLOUR ( '', #1170 ) ;
#5476 = EDGE_CURVE ( 'NONE', #1420, #34, #2859, .T. ) ;
#5477 = CARTESIAN_POINT ( 'NONE',  ( -0.3312476239674832512, 0.01828986021545579710, -0.5589999999999999414 ) ) ;
#5478 = ORIENTED_EDGE ( 'NONE', *, *, #5924, .F. ) ;
#5479 =( NAMED_UNIT ( * ) PLANE_ANGLE_UNIT ( ) SI_UNIT ( $, .RADIAN. ) );
#5480 = PLANE ( 'NONE',  #92 ) ;
#5481 = UNCERTAINTY_MEASURE_WITH_UNIT (LENGTH_MEASURE( 1.000000000000000082E-05 ), #1685, 'distance_accuracy_value', 'NONE');
#5482 = CARTESIAN_POINT ( 'NONE',  ( -0.3692616414113045198, 0.06430674276764006270, -0.5600000000000002753 ) ) ;
#5483 = ORIENTED_EDGE ( 'NONE', *, *, #2334, .T. ) ;
#5484 = ORIENTED_EDGE ( 'NONE', *, *, #1917, .F. ) ;
#5485 = ADVANCED_FACE ( 'NONE', ( #5194 ), #3307, .T. ) ;
#5486 = SURFACE_STYLE_USAGE ( .BOTH. , #5886 ) ;
#5487 = STYLED_ITEM ( 'NONE', ( #4794 ), #4089 ) ;
#5488 = FILL_AREA_STYLE ('',( #2546 ) ) ;
#5489 = LINE ( 'NONE', #2840, #606 ) ;
#5490 = EDGE_LOOP ( 'NONE', ( #786, #2624, #1345, #174 ) ) ;
#5491 = EDGE_CURVE ( 'NONE', #1975, #4610, #1812, .T. ) ;
#5492 = FACE_OUTER_BOUND ( 'NONE', #5671, .T. ) ;
#5493 =( NAMED_UNIT ( * ) PLANE_ANGLE_UNIT ( ) SI_UNIT ( $, .RADIAN. ) );
#5494 = CARTESIAN_POINT ( 'NONE',  ( -1.298402254147711599, -0.7235164132049597407, -0.5326146722824298685 ) ) ;
#5495 = PRESENTATION_STYLE_ASSIGNMENT (( #932 ) ) ;
#5496 = B_SPLINE_SURFACE_WITH_KNOTS ( 'NONE', 3, 1, ( 
 ( #4630, #6094 ),
 ( #1770, #5638 ),
 ( #4169, #2759 ),
 ( #3689, #822 ),
 ( #2108, #675 ),
 ( #4573, #693 ),
 ( #5056, #2173 ) ),
 .UNSPECIFIED., .F., .F., .F.,
 ( 4, 1, 1, 1, 4 ),
 ( 2, 2 ),
 ( 0.0000000000000000000, 0.3005411131585106754, 0.5677471464835996962, 0.8000336137369820078, 0.9999999999999998890 ),
 ( 0.0000000000000000000, 1.000000000000000000 ),
 .UNSPECIFIED. ) ;
#5497 = COLOUR_RGB ( '',1.000000000000000000, 1.000000000000000000, 1.000000000000000000 ) ;
#5498 = FILL_AREA_STYLE ('',( #5475 ) ) ;
#5499 = CARTESIAN_POINT ( 'NONE',  ( -0.5767314464926859285, -0.003970952928477775382, -0.5590000000000000524 ) ) ;
#5500 = EDGE_CURVE ( 'NONE', #4366, #5743, #5659, .T. ) ;
#5501 = AXIS2_PLACEMENT_3D ( 'NONE', #2606, #3093, #4056 ) ;
#5502 = CARTESIAN_POINT ( 'NONE',  ( -0.2511872977057749701, 0.1422380651086194159, -0.5590000000000002744 ) ) ;
#5503 = FACE_OUTER_BOUND ( 'NONE', #1775, .T. ) ;
#5504 = FILL_AREA_STYLE ('',( #2133 ) ) ;
#5505 = EDGE_LOOP ( 'NONE', ( #6159, #2051, #2457, #3135 ) ) ;
#5506 = FILL_AREA_STYLE_COLOUR ( '', #3849 ) ;
#5507 = SURFACE_STYLE_FILL_AREA ( #658 ) ;
#5508 = LINE ( 'NONE', #4027, #257 ) ;
#5509 = DIRECTION ( 'NONE',  ( -0.0000000000000000000, 0.0000000000000000000, -1.000000000000000000 ) ) ;
#5510 = PRESENTATION_LAYER_ASSIGNMENT (  '', '', ( #5174 ) ) ;
#5511 = CARTESIAN_POINT ( 'NONE',  ( -0.3272529815310418755, -0.07924420172545508512, -0.5589999999999999414 ) ) ;
#5512 = EDGE_LOOP ( 'NONE', ( #1354, #3340, #15, #3273 ) ) ;
#5513 = CARTESIAN_POINT ( 'NONE',  ( -0.3297760406689966284, 0.05835370419489584876, -0.5599999999999996092 ) ) ;
#5514 = SURFACE_STYLE_FILL_AREA ( #506 ) ;
#5515 = SPHERICAL_SURFACE ( 'NONE', #4221, 0.02999999999999999889 ) ;
#5516 =( NAMED_UNIT ( * ) SI_UNIT ( $, .STERADIAN. ) SOLID_ANGLE_UNIT ( ) );
#5517 = PRESENTATION_STYLE_ASSIGNMENT (( #977 ) ) ;
#5518 = PRODUCT_RELATED_PRODUCT_CATEGORY ( 'part', '', ( #5179 ) ) ;
#5519 = ORIENTED_EDGE ( 'NONE', *, *, #4525, .F. ) ;
#5520 = UNCERTAINTY_MEASURE_WITH_UNIT (LENGTH_MEASURE( 1.000000000000000082E-05 ), #1263, 'distance_accuracy_value', 'NONE');
#5521 = CARTESIAN_POINT ( 'NONE',  ( 1.345000000000000195, 0.7999999999999999334, 0.0000000000000000000 ) ) ;
#5522 = COLOUR_RGB ( '',1.000000000000000000, 1.000000000000000000, 1.000000000000000000 ) ;
#5523 = FACE_OUTER_BOUND ( 'NONE', #2467, .T. ) ;
#5524 = CARTESIAN_POINT ( 'NONE',  ( -0.3468317615332924264, -0.05645377701572915075, -0.5589999999999998304 ) ) ;
#5525 =( LENGTH_UNIT ( ) NAMED_UNIT ( * ) SI_UNIT ( .MILLI., .METRE. ) );
#5526 = SURFACE_STYLE_USAGE ( .BOTH. , #2607 ) ;
#5527 = CARTESIAN_POINT ( 'NONE',  ( -0.3032907851765423435, -0.09767991464800868107, -0.5600000000000001643 ) ) ;
#5528 = CARTESIAN_POINT ( 'NONE',  ( -0.3195289176306165824, -0.02930029517402816391, -0.5589999999999999414 ) ) ;
#5529 = FACE_OUTER_BOUND ( 'NONE', #1817, .T. ) ;
#5530 = AXIS2_PLACEMENT_3D ( 'NONE', #5961, #3107, #251 ) ;
#5531 = ORIENTED_EDGE ( 'NONE', *, *, #1574, .T. ) ;
#5533 = LINE ( 'NONE', #2683, #54 ) ;
#5532 = CARTESIAN_POINT ( 'NONE',  ( -0.2149936416146371876, 0.1789558763398149122, -0.5600000000000000533 ) ) ;
#5534 = SURFACE_STYLE_FILL_AREA ( #3355 ) ;
#5535 = VERTEX_POINT ( 'NONE', #1409 ) ;
#5536 = ORIENTED_EDGE ( 'NONE', *, *, #2299, .T. ) ;
#5537 = ORIENTED_EDGE ( 'NONE', *, *, #2476, .F. ) ;
#5538 = EDGE_CURVE ( 'NONE', #3667, #4340, #919, .T. ) ;
#5539 = VECTOR ( 'NONE', #4346, 1000.000000000000000 ) ;
#5540 = CARTESIAN_POINT ( 'NONE',  ( -0.2289032005073166343, -0.1207366136688922814, -0.5600000000000000533 ) ) ;
#5541 = CARTESIAN_POINT ( 'NONE',  ( -0.3070809132786876394, 0.1099468963208857925, -0.5599999999999997202 ) ) ;
#5542 = SPHERICAL_SURFACE ( 'NONE', #1965, 0.02999999999999999889 ) ;
#5543 = DIRECTION ( 'NONE',  ( -0.08682659386424834702, 0.08682659386424898540, -0.9924325091389669673 ) ) ;
#5544 = MECHANICAL_DESIGN_GEOMETRIC_PRESENTATION_REPRESENTATION (  '', ( #4036 ), #1971 ) ;
#5545 = EDGE_CURVE ( 'NONE', #4316, #6060, #4220, .T. ) ;
#5546 = SURFACE_STYLE_USAGE ( .BOTH. , #2209 ) ;
#5547 = AXIS2_PLACEMENT_3D ( 'NONE', #3101, #2067, #4965 ) ;
#5548 = DIRECTION ( 'NONE',  ( 1.000000000000000000, 0.0000000000000000000, 0.0000000000000000000 ) ) ;
#5549 = VERTEX_POINT ( 'NONE', #2392 ) ;
#5550 = CARTESIAN_POINT ( 'NONE',  ( 0.1477159620438993348, 0.1707241690227417341, -0.5600000000000000533 ) ) ;
#5551 = EDGE_LOOP ( 'NONE', ( #2048, #3302, #1418, #1604 ) ) ;
#5552 = ADVANCED_FACE ( 'NONE', ( #5353 ), #1210, .T. ) ;
#5553 = MECHANICAL_DESIGN_GEOMETRIC_PRESENTATION_REPRESENTATION (  '', ( #4683 ), #5662 ) ;
#5554 = ORIENTED_EDGE ( 'NONE', *, *, #5351, .F. ) ;
#5555 = CARTESIAN_POINT ( 'NONE',  ( 0.2182785536580317820, -0.1245621181812736483, -0.5589999999999999414 ) ) ;
#5556 = PRESENTATION_LAYER_ASSIGNMENT (  '', '', ( #958 ) ) ;
#5557 = CARTESIAN_POINT ( 'NONE',  ( 0.1652707406935066403, -0.1140414300855948776, -0.5590000000000002744 ) ) ;
#5558 = UNCERTAINTY_MEASURE_WITH_UNIT (LENGTH_MEASURE( 1.000000000000000082E-05 ), #2498, 'distance_accuracy_value', 'NONE');
#5559 = VERTEX_POINT ( 'NONE', #5213 ) ;
#5560 = CARTESIAN_POINT ( 'NONE',  ( -0.2190939305741301246, 0.1459411488207938978, -0.5599999999999999423 ) ) ;
#5561 = PRESENTATION_LAYER_ASSIGNMENT (  '', '', ( #170 ) ) ;
#5562 = ORIENTED_EDGE ( 'NONE', *, *, #860, .T. ) ;
#5563 = CARTESIAN_POINT ( 'NONE',  ( -0.2265028233567441263, -0.08782896306396943686, -0.5600000000000000533 ) ) ;
#5564 = ORIENTED_EDGE ( 'NONE', *, *, #3090, .F. ) ;
#5565 = ADVANCED_FACE ( 'NONE', ( #2186 ), #480, .T. ) ;
#5566 = PRESENTATION_STYLE_ASSIGNMENT (( #5215 ) ) ;
#5567 = ORIENTED_EDGE ( 'NONE', *, *, #2685, .T. ) ;
#5568 = DIRECTION ( 'NONE',  ( 0.0000000000000000000, 0.0000000000000000000, -1.000000000000000000 ) ) ;
#5569 = CARTESIAN_POINT ( 'NONE',  ( -0.2921788132000143201, -0.06410318425805007492, -0.5599999999999998312 ) ) ;
#5570 = CYLINDRICAL_SURFACE ( 'NONE', #5806, 0.03000000000000002665 ) ;
#5571 = CARTESIAN_POINT ( 'NONE',  ( -0.5281246663342384906, 0.1358089423982263844, -0.5590000000000000524 ) ) ;
#5572 = EDGE_CURVE ( 'NONE', #1327, #3072, #999, .T. ) ;
#5573 = CIRCLE ( 'NONE', #746, 0.02999999999999997113 ) ;
#5574 = DIRECTION ( 'NONE',  ( 0.0000000000000000000, 0.0000000000000000000, -1.000000000000000000 ) ) ;
#5575 = AXIS2_PLACEMENT_3D ( 'NONE', #3756, #1338, #6138 ) ;
#5576 = CARTESIAN_POINT ( 'NONE',  ( 0.1812525227899320912, 0.1449734212249666199, -0.5600000000000000533 ) ) ;
#5577 = EDGE_CURVE ( 'NONE', #6036, #2378, #4529, .T. ) ;
#5578 = DIRECTION ( 'NONE',  ( 0.3222024856061132536, -0.9466707760722532505, 0.0000000000000000000 ) ) ;
#5579 = PRESENTATION_STYLE_ASSIGNMENT (( #3484 ) ) ;
#5580 = ORIENTED_EDGE ( 'NONE', *, *, #80, .T. ) ;
#5581 = CARTESIAN_POINT ( 'NONE',  ( -0.2176846439534261823, -0.08801958171685562993, -0.5600000000000000533 ) ) ;
#5582 = FACE_OUTER_BOUND ( 'NONE', #5843, .T. ) ;
#5583 = DIRECTION ( 'NONE',  ( -0.08715574274765836016, 0.0000000000000000000, -0.9961946980917455452 ) ) ;
#5584 = CARTESIAN_POINT ( 'NONE',  ( 0.3015426302563325445, -0.06014676244680182415, -0.5590000000000000524 ) ) ;
#5585 = PRESENTATION_STYLE_ASSIGNMENT (( #2928 ) ) ;
#5586 = STYLED_ITEM ( 'NONE', ( #433 ), #2008 ) ;
#5587 =( LENGTH_UNIT ( ) NAMED_UNIT ( * ) SI_UNIT ( .MILLI., .METRE. ) );
#5588 = CARTESIAN_POINT ( 'NONE',  ( 0.2183142852146310320, 0.1826144129251807413, -0.5590000000000000524 ) ) ;
#5589 = CARTESIAN_POINT ( 'NONE',  ( -0.5311970139800589186, 0.1225308754562358105, -0.5600000000000001643 ) ) ;
#5590 = VERTEX_POINT ( 'NONE', #4460 ) ;
#5591 = LINE ( 'NONE', #4467, #4301 ) ;
#5592 = VECTOR ( 'NONE', #1827, 1000.000000000000000 ) ;
#5593 = ADVANCED_FACE ( 'NONE', ( #848 ), #5345, .T. ) ;
#5594 = PLANE ( 'NONE',  #2540 ) ;
#5595 = CARTESIAN_POINT ( 'NONE',  ( 1.427468603509014278, 0.3049999999999999933, -0.009999999999999953371 ) ) ;
#5596 = FILL_AREA_STYLE_COLOUR ( '', #3322 ) ;
#5597 = UNCERTAINTY_MEASURE_WITH_UNIT (LENGTH_MEASURE( 1.000000000000000082E-05 ), #2461, 'distance_accuracy_value', 'NONE');
#5598 = B_SPLINE_CURVE_WITH_KNOTS ( 'NONE', 3,
 ( #3935, #4486, #1089, #4425, #4892, #4443, #2013, #5524, #1152, #1200, #2642, #2751, #5986, #686, #2604, #4055, #3679, #5123, #3701 ),
 .UNSPECIFIED., .F., .F.,
 ( 4, 1, 1, 1, 1, 1, 1, 1, 1, 1, 1, 1, 1, 1, 1, 1, 4 ),
 ( 0.0000000000000000000, 0.06806869584499398995, 0.1334274328189550829, 0.1961460338131565395, 0.2570485924493127738, 0.3168826631591620813, 0.3761872086663216042, 0.4359603353635461698, 0.4965352368627262702, 0.5574653434807333996, 0.6176868634101471134, 0.6779436406969063800, 0.7388052848060405742, 0.8009493367665843078, 0.8648146674702267278, 0.9310247810786573819, 1.000000000000000000 ),
 .UNSPECIFIED. ) ;
#5599 = DIRECTION ( 'NONE',  ( -1.000000000000000000, 0.0000000000000000000, 0.0000000000000000000 ) ) ;
#5600 = PRESENTATION_STYLE_ASSIGNMENT (( #3141 ) ) ;
#5601 = VERTEX_POINT ( 'NONE', #4441 ) ;
#5602 = VERTEX_POINT ( 'NONE', #4933 ) ;
#5603 = EDGE_CURVE ( 'NONE', #5912, #1702, #2652, .T. ) ;
#5604 = CARTESIAN_POINT ( 'NONE',  ( 0.3964964498487773548, -0.1210441236601850767, -0.5590000000000000524 ) ) ;
#5605 = VERTEX_POINT ( 'NONE', #1108 ) ;
#5606 = LINE ( 'NONE', #4905, #4550 ) ;
#5607 = CARTESIAN_POINT ( 'NONE',  ( 0.3305594453571539804, 0.02136829511888840849, -0.5590000000000000524 ) ) ;
#5608 = SURFACE_SIDE_STYLE ('',( #407 ) ) ;
#5609 = ORIENTED_EDGE ( 'NONE', *, *, #2036, .T. ) ;
#5610 = MECHANICAL_DESIGN_GEOMETRIC_PRESENTATION_REPRESENTATION (  '', ( #5149 ), #6033 ) ;
#5611 = CARTESIAN_POINT ( 'NONE',  ( 0.3964964498487773548, -0.08811729439189239232, -0.5590000000000000524 ) ) ;
#5612 = VECTOR ( 'NONE', #4419, 999.9999999999998863 ) ;
#5613 = CARTESIAN_POINT ( 'NONE',  ( 0.2183142852146310320, 0.1826144129251807413, -0.5600000000000000533 ) ) ;
#5614 = PLANE ( 'NONE',  #1119 ) ;
#5615 = CARTESIAN_POINT ( 'NONE',  ( 0.2262200956611387648, -0.1246552591024330248, -0.5589999999999999414 ) ) ;
#5616 = CARTESIAN_POINT ( 'NONE',  ( 0.1748134205703820165, -0.1173727826686825487, -0.5589999999999999414 ) ) ;
#5617 = COLOUR_RGB ( '',1.000000000000000000, 1.000000000000000000, 1.000000000000000000 ) ;
#5618 = ORIENTED_EDGE ( 'NONE', *, *, #5731, .T. ) ;
#5619 = CARTESIAN_POINT ( 'NONE',  ( 0.1626746612092974387, 0.1760152762839473917, -0.5590000000000000524 ) ) ;
#5620 = FILL_AREA_STYLE ('',( #3223 ) ) ;
#5621 = VECTOR ( 'NONE', #5407, 1000.000000000000000 ) ;
#5622 = EDGE_LOOP ( 'NONE', ( #2507, #2762, #1634, #2121 ) ) ;
#5623 = EDGE_CURVE ( 'NONE', #3526, #4562, #1946, .T. ) ;
#5624 = PRESENTATION_LAYER_ASSIGNMENT (  '', '', ( #1507 ) ) ;
#5625 = ORIENTED_EDGE ( 'NONE', *, *, #5998, .T. ) ;
#5626 = ADVANCED_FACE ( 'NONE', ( #4737 ), #4915, .T. ) ;
#5627 = CARTESIAN_POINT ( 'NONE',  ( 0.3306427913121919859, 0.02575465682761977210, -0.5590000000000000524 ) ) ;
#5628 = PRESENTATION_LAYER_ASSIGNMENT (  '', '', ( #2385 ) ) ;
#5629 = DIRECTION ( 'NONE',  ( -0.0000000000000000000, -0.0000000000000000000, -1.000000000000000000 ) ) ;
#5630 = VERTEX_POINT ( 'NONE', #665 ) ;
#5631 = CARTESIAN_POINT ( 'NONE',  ( 0.2416545215076107422, 0.1477458219277014151, -0.5590000000000000524 ) ) ;
#5632 = FILL_AREA_STYLE ('',( #6054 ) ) ;
#5633 = FILL_AREA_STYLE ('',( #3276 ) ) ;
#5634 = ORIENTED_EDGE ( 'NONE', *, *, #3916, .T. ) ;
#5635 = SURFACE_SIDE_STYLE ('',( #6028 ) ) ;
#5636 = MECHANICAL_DESIGN_GEOMETRIC_PRESENTATION_REPRESENTATION (  '', ( #6055 ), #1207 ) ;
#5637 = ADVANCED_BREP_SHAPE_REPRESENTATION ( 'SOD-123_L2.7-W1.6-LS3.7-RD-4', ( #4731, #1337 ), #768 ) ;
#5638 = CARTESIAN_POINT ( 'NONE',  ( -0.5256194266289978545, 0.1402342427996901286, -0.5600000000000000533 ) ) ;
#5639 = CARTESIAN_POINT ( 'NONE',  ( 0.2182785536580317820, -0.1245621181812736483, -0.5589999999999999414 ) ) ;
#5640 = CARTESIAN_POINT ( 'NONE',  ( 0.2080166281730857492, 0.1825405965750940829, -0.5589999999999999414 ) ) ;
#5641 = AXIS2_PLACEMENT_3D ( 'NONE', #1437, #3798, #440 ) ;
#5642 = ORIENTED_EDGE ( 'NONE', *, *, #4720, .T. ) ;
#5643 =( LENGTH_UNIT ( ) NAMED_UNIT ( * ) SI_UNIT ( .MILLI., .METRE. ) );
#5644 = DIRECTION ( 'NONE',  ( -0.0000000000000000000, -1.000000000000000000, -0.0000000000000000000 ) ) ;
#5645 = CARTESIAN_POINT ( 'NONE',  ( 0.2825463151973858222, 0.1309414736771606635, -0.5590000000000000524 ) ) ;
#5646 = PRESENTATION_STYLE_ASSIGNMENT (( #476 ) ) ;
#5647 = DIRECTION ( 'NONE',  ( 0.0000000000000000000, 1.000000000000000000, 0.0000000000000000000 ) ) ;
#5648 =( LENGTH_UNIT ( ) NAMED_UNIT ( * ) SI_UNIT ( .MILLI., .METRE. ) );
#5649 = EDGE_CURVE ( 'NONE', #2377, #3623, #2733, .T. ) ;
#5650 = FILL_AREA_STYLE_COLOUR ( '', #765 ) ;
#5651 = AXIS2_PLACEMENT_3D ( 'NONE', #1839, #1436, #905 ) ;
#5652 = ADVANCED_FACE ( 'NONE', ( #2255 ), #5429, .T. ) ;
#5653 = ORIENTED_EDGE ( 'NONE', *, *, #3717, .F. ) ;
#5654 = AXIS2_PLACEMENT_3D ( 'NONE', #3409, #540, #627 ) ;
#5655 = EDGE_CURVE ( 'NONE', #4610, #4316, #3912, .T. ) ;
#5656 = CARTESIAN_POINT ( 'NONE',  ( -0.4764075135658568105, -0.003970952928477775382, -0.5590000000000000524 ) ) ;
#5657 = VERTEX_POINT ( 'NONE', #2052 ) ;
#5658 = CARTESIAN_POINT ( 'NONE',  ( -0.5211674221024420461, 0.1213339251203026936, -0.5590000000000000524 ) ) ;
#5659 = LINE ( 'NONE', #2287, #4890 ) ;
#5660 = DIRECTION ( 'NONE',  ( -0.0000000000000000000, -1.000000000000000000, -0.0000000000000000000 ) ) ;
#5661 = DIRECTION ( 'NONE',  ( -1.000000000000000000, 0.0000000000000000000, 0.0000000000000000000 ) ) ;
#5662 =( GEOMETRIC_REPRESENTATION_CONTEXT ( 3 ) GLOBAL_UNCERTAINTY_ASSIGNED_CONTEXT ( ( #3810 ) ) GLOBAL_UNIT_ASSIGNED_CONTEXT ( ( #501, #2412, #2919 ) ) REPRESENTATION_CONTEXT ( 'NONE', 'WORKASPACE' ) );
#5663 = SURFACE_SIDE_STYLE ('',( #332 ) ) ;
#5664 = CARTESIAN_POINT ( 'NONE',  ( 0.3131484324977720779, 0.09800846245452733696, -0.5590000000000001634 ) ) ;
#5665 = EDGE_LOOP ( 'NONE', ( #4149, #5478, #4824, #5580 ) ) ;
#5666 = COLOUR_RGB ( '',1.000000000000000000, 1.000000000000000000, 1.000000000000000000 ) ;
#5667 = CARTESIAN_POINT ( 'NONE',  ( -1.427468603509014278, 0.3049999999999999933, -0.009999999999999953371 ) ) ;
#5668 = VECTOR ( 'NONE', #3569, 1000.000000000000000 ) ;
#5669 = DIRECTION ( 'NONE',  ( 0.0000000000000000000, 1.000000000000000000, 0.0000000000000000000 ) ) ;
#5670 =( NAMED_UNIT ( * ) SI_UNIT ( $, .STERADIAN. ) SOLID_ANGLE_UNIT ( ) );
#5671 = EDGE_LOOP ( 'NONE', ( #1275, #3958, #5025 ) ) ;
#5672 = AXIS2_PLACEMENT_3D ( 'NONE', #2425, #3400, #1500 ) ;
#5673 = ORIENTED_EDGE ( 'NONE', *, *, #195, .T. ) ;
#5674 = DIRECTION ( 'NONE',  ( -0.0000000000000000000, -0.0000000000000000000, -1.000000000000000000 ) ) ;
#5675 = SURFACE_STYLE_USAGE ( .BOTH. , #435 ) ;
#5676 = ORIENTED_EDGE ( 'NONE', *, *, #5377, .T. ) ;
#5677 = COLOUR_RGB ( '',1.000000000000000000, 1.000000000000000000, 1.000000000000000000 ) ;
#5678 =( GEOMETRIC_REPRESENTATION_CONTEXT ( 3 ) GLOBAL_UNCERTAINTY_ASSIGNED_CONTEXT ( ( #60 ) ) GLOBAL_UNIT_ASSIGNED_CONTEXT ( ( #3143, #1286, #1709 ) ) REPRESENTATION_CONTEXT ( 'NONE', 'WORKASPACE' ) );
#5679 = ORIENTED_EDGE ( 'NONE', *, *, #4566, .T. ) ;
#5680 = FACE_OUTER_BOUND ( 'NONE', #4682, .T. ) ;
#5681 = CARTESIAN_POINT ( 'NONE',  ( 0.1477159620438993348, -0.1054953431723802126, -0.5600000000000000533 ) ) ;
#5682 = DIRECTION ( 'NONE',  ( 0.0000000000000000000, 0.9961946980917455452, -0.08715574274765836016 ) ) ;
#5683 = ADVANCED_FACE ( 'NONE', ( #4065 ), #275, .T. ) ;
#5684 = SPHERICAL_SURFACE ( 'NONE', #5641, 0.02999999999999999889 ) ;
#5685 = PRESENTATION_STYLE_ASSIGNMENT (( #2913 ) ) ;
#5686 = FILL_AREA_STYLE ('',( #911 ) ) ;
#5687 = CARTESIAN_POINT ( 'NONE',  ( 0.2343620919430138283, 0.1822410325076344317, -0.5590000000000000524 ) ) ;
#5688 = CARTESIAN_POINT ( 'NONE',  ( 0.1504736610825502807, -0.07412178015749880389, -0.5590000000000000524 ) ) ;
#5689 = AXIS2_PLACEMENT_3D ( 'NONE', #795, #1742, #2755 ) ;
#5690 = CARTESIAN_POINT ( 'NONE',  ( 0.1885026715440735745, 0.1810633641799087035, -0.5599999999999999423 ) ) ;
#5691 = EDGE_CURVE ( 'NONE', #910, #5605, #4591, .T. ) ;
#5692 = ORIENTED_EDGE ( 'NONE', *, *, #2241, .F. ) ;
#5693 = ORIENTED_EDGE ( 'NONE', *, *, #3118, .F. ) ;
#5694 = CARTESIAN_POINT ( 'NONE',  ( -0.3937474525902470157, -0.1210441236601850767, -0.5600000000000000533 ) ) ;
#5695 = DIRECTION ( 'NONE',  ( -0.0000000000000000000, 0.0000000000000000000, -1.000000000000000000 ) ) ;
#5696 = ORIENTED_EDGE ( 'NONE', *, *, #2608, .T. ) ;
#5697 = DIRECTION ( 'NONE',  ( -1.000000000000000000, 0.0000000000000000000, -0.0000000000000000000 ) ) ;
#5698 = EDGE_CURVE ( 'NONE', #529, #2705, #4995, .T. ) ;
#5699 = EDGE_LOOP ( 'NONE', ( #6165, #3858, #3235 ) ) ;
#5700 = DIRECTION ( 'NONE',  ( -0.0000000000000000000, -0.0000000000000000000, -1.000000000000000000 ) ) ;
#5701 =( GEOMETRIC_REPRESENTATION_CONTEXT ( 3 ) GLOBAL_UNCERTAINTY_ASSIGNED_CONTEXT ( ( #5928 ) ) GLOBAL_UNIT_ASSIGNED_CONTEXT ( ( #3378, #485, #2422 ) ) REPRESENTATION_CONTEXT ( 'NONE', 'WORKASPACE' ) );
#5702 = CARTESIAN_POINT ( 'NONE',  ( -0.07179623307805192700, -0.08811729439189239232, -0.5590000000000000524 ) ) ;
#5703 = VERTEX_POINT ( 'NONE', #3134 ) ;
#5704 = CARTESIAN_POINT ( 'NONE',  ( 0.3684677933189526300, 0.05725922387598228469, -0.5589999999999999414 ) ) ;
#5705 = UNCERTAINTY_MEASURE_WITH_UNIT (LENGTH_MEASURE( 1.000000000000000082E-05 ), #2518, 'distance_accuracy_value', 'NONE');
#5706 = CARTESIAN_POINT ( 'NONE',  ( 0.04893547423902126770, 0.04724855926664416061, -0.5600000000000000533 ) ) ;
#5707 = SURFACE_SIDE_STYLE ('',( #725 ) ) ;
#5708 = CARTESIAN_POINT ( 'NONE',  ( 0.2139512245210665742, -0.09163448863566066305, -0.5590000000000000524 ) ) ;
#5709 = DIRECTION ( 'NONE',  ( 0.0000000000000000000, -1.000000000000000000, 0.0000000000000000000 ) ) ;
#5710 = FILL_AREA_STYLE_COLOUR ( '', #4806 ) ;
#5711 = PRESENTATION_LAYER_ASSIGNMENT (  '', '', ( #5298 ) ) ;
#5712 = EDGE_CURVE ( 'NONE', #1880, #6131, #5723, .T. ) ;
#5713 = B_SPLINE_CURVE_WITH_KNOTS ( 'NONE', 3,
 ( #4424, #4440, #5899, #3985, #3479, #625, #2012, #3520, #151, #2554, #1085, #5388, #663, #4974, #1107, #132, #1543, #4011, #1583 ),
 .UNSPECIFIED., .F., .F.,
 ( 4, 1, 1, 1, 1, 1, 1, 1, 1, 1, 1, 1, 1, 1, 1, 1, 4 ),
 ( 0.0000000000000000000, 0.06460397028839205691, 0.1267024139629470969, 0.1867568140356180573, 0.2455056873654373750, 0.3036520244499752996, 0.3615030739706252549, 0.4202402229284672441, 0.4800333407766963489, 0.5406781347755159617, 0.6011918063807816237, 0.6623335024774423818, 0.7247395102972317149, 0.7894677361728865694, 0.8565048600438305293, 0.9263120958391900528, 1.000000000000000000 ),
 .UNSPECIFIED. ) ;
#5714 = CARTESIAN_POINT ( 'NONE',  ( -1.427468603509014278, 0.3049999999999999933, -0.009999999999999953371 ) ) ;
#5715 = DIRECTION ( 'NONE',  ( 7.228014483236703064E-15, 0.0000000000000000000, -1.000000000000000000 ) ) ;
#5716 = AXIS2_PLACEMENT_3D ( 'NONE', #4431, #615, #4396 ) ;
#5717 = VECTOR ( 'NONE', #3371, 1000.000000000000000 ) ;
#5718 =( NAMED_UNIT ( * ) SI_UNIT ( $, .STERADIAN. ) SOLID_ANGLE_UNIT ( ) );
#5719 = COLOUR_RGB ( '',1.000000000000000000, 1.000000000000000000, 1.000000000000000000 ) ;
#5720 = ORIENTED_EDGE ( 'NONE', *, *, #5282, .F. ) ;
#5721 = CARTESIAN_POINT ( 'NONE',  ( 1.437430550489931846, -0.3049999999999999933, -0.009128442572523397247 ) ) ;
#5722 = CARTESIAN_POINT ( 'NONE',  ( 1.427468603509014278, 0.3049999999999999933, 4.912791094074941967E-17 ) ) ;
#5723 = LINE ( 'NONE', #3161, #5860 ) ;
#5724 =( NAMED_UNIT ( * ) PLANE_ANGLE_UNIT ( ) SI_UNIT ( $, .RADIAN. ) );
#5725 = SURFACE_SIDE_STYLE ('',( #5918 ) ) ;
#5726 = VECTOR ( 'NONE', #2372, 1000.000000000000000 ) ;
#5727 = CARTESIAN_POINT ( 'NONE',  ( 0.1833863660781328009, -0.08709161593990968897, -0.5589999999999998304 ) ) ;
#5728 = FACE_OUTER_BOUND ( 'NONE', #3832, .T. ) ;
#5729 = CARTESIAN_POINT ( 'NONE',  ( -0.2621333595395821670, 0.1390752990386697474, -0.5599999999999998312 ) ) ;
#5730 = ORIENTED_EDGE ( 'NONE', *, *, #4914, .F. ) ;
#5731 = EDGE_CURVE ( 'NONE', #3668, #6036, #1593, .T. ) ;
#5732 = VECTOR ( 'NONE', #2189, 1000.000000000000000 ) ;
#5733 = PRESENTATION_LAYER_ASSIGNMENT (  '', '', ( #4447 ) ) ;
#5734 = LINE ( 'NONE', #5010, #928 ) ;
#5735 = MECHANICAL_DESIGN_GEOMETRIC_PRESENTATION_REPRESENTATION (  '', ( #4963 ), #5287 ) ;
#5736 = DIRECTION ( 'NONE',  ( 0.08682659386424779191, -0.08682659386424779191, 0.9924325091389670783 ) ) ;
#5737 = UNCERTAINTY_MEASURE_WITH_UNIT (LENGTH_MEASURE( 1.000000000000000082E-05 ), #4083, 'distance_accuracy_value', 'NONE');
#5738 = DIRECTION ( 'NONE',  ( 1.000000000000000000, 0.0000000000000000000, 0.0000000000000000000 ) ) ;
#5739 =( NAMED_UNIT ( * ) PLANE_ANGLE_UNIT ( ) SI_UNIT ( $, .RADIAN. ) );
#5740 = PRESENTATION_STYLE_ASSIGNMENT (( #1363 ) ) ;
#5741 = VECTOR ( 'NONE', #6052, 1000.000000000000000 ) ;
#5742 = DIRECTION ( 'NONE',  ( 1.000000000000000000, 0.0000000000000000000, 1.243497163265005416E-16 ) ) ;
#5743 = VERTEX_POINT ( 'NONE', #5968 ) ;
#5744 = ORIENTED_EDGE ( 'NONE', *, *, #3869, .T. ) ;
#5745 = MECHANICAL_DESIGN_GEOMETRIC_PRESENTATION_REPRESENTATION (  '', ( #1244 ), #248 ) ;
#5746 = CARTESIAN_POINT ( 'NONE',  ( 0.2732189179977693172, 0.1367866158707935764, -0.5600000000000001643 ) ) ;
#5747 =( NAMED_UNIT ( * ) PLANE_ANGLE_UNIT ( ) SI_UNIT ( $, .RADIAN. ) );
#5748 =( NAMED_UNIT ( * ) PLANE_ANGLE_UNIT ( ) SI_UNIT ( $, .RADIAN. ) );
#5749 = PLANE ( 'NONE',  #1077 ) ;
#5750 = ORIENTED_EDGE ( 'NONE', *, *, #5500, .T. ) ;
#5751 = MECHANICAL_DESIGN_GEOMETRIC_PRESENTATION_REPRESENTATION (  '', ( #1373 ), #4132 ) ;
#5752 = ORIENTED_EDGE ( 'NONE', *, *, #4272, .F. ) ;
#5753 = CARTESIAN_POINT ( 'NONE',  ( 0.0000000000000000000, 0.0000000000000000000, 0.0000000000000000000 ) ) ;
#5754 = DIRECTION ( 'NONE',  ( 0.0000000000000000000, -1.000000000000000000, 0.0000000000000000000 ) ) ;
#5755 = PRESENTATION_STYLE_ASSIGNMENT (( #2386 ) ) ;
#5756 = CARTESIAN_POINT ( 'NONE',  ( -0.3192198428449965486, 0.09196572276260614465, -0.5600000000000001643 ) ) ;
#5757 = DIRECTION ( 'NONE',  ( -0.0000000000000000000, -0.0000000000000000000, -1.000000000000000000 ) ) ;
#5758 = STYLED_ITEM ( 'NONE', ( #1442 ), #3561 ) ;
#5759 =( NAMED_UNIT ( * ) PLANE_ANGLE_UNIT ( ) SI_UNIT ( $, .RADIAN. ) );
#5760 = EDGE_LOOP ( 'NONE', ( #10, #4755, #4686, #5976 ) ) ;
#5761 =( NAMED_UNIT ( * ) PLANE_ANGLE_UNIT ( ) SI_UNIT ( $, .RADIAN. ) );
#5762 = CARTESIAN_POINT ( 'NONE',  ( -0.2131643733219542591, -0.08811729439189239232, -0.5590000000000000524 ) ) ;
#5763 = EDGE_CURVE ( 'NONE', #4333, #4977, #4769, .T. ) ;
#5764 = CARTESIAN_POINT ( 'NONE',  ( -0.5311970139800589186, 0.1225308754562358105, -0.5590000000000001634 ) ) ;
#5765 = ORIENTED_EDGE ( 'NONE', *, *, #2258, .T. ) ;
#5766 = CARTESIAN_POINT ( 'NONE',  ( 0.2247167242390212538, -0.09177583097725826311, -0.5600000000000000533 ) ) ;
#5767 =( LENGTH_UNIT ( ) NAMED_UNIT ( * ) SI_UNIT ( .MILLI., .METRE. ) );
#5768 = EDGE_CURVE ( 'NONE', #662, #1975, #1909, .T. ) ;
#5769 = ORIENTED_EDGE ( 'NONE', *, *, #1934, .F. ) ;
#5770 = DIRECTION ( 'NONE',  ( -0.0000000000000000000, 0.0000000000000000000, -1.000000000000000000 ) ) ;
#5771 = PLANE ( 'NONE',  #4514 ) ;
#5772 = ORIENTED_EDGE ( 'NONE', *, *, #4101, .F. ) ;
#5773 = ORIENTED_EDGE ( 'NONE', *, *, #903, .T. ) ;
#5774 = CARTESIAN_POINT ( 'NONE',  ( 1.345000000000000195, 0.3049999999999999378, 0.0000000000000000000 ) ) ;
#5775 = AXIS2_PLACEMENT_3D ( 'NONE', #2895, #4845, #1475 ) ;
#5776 = FILL_AREA_STYLE ('',( #4793 ) ) ;
#5777 = UNCERTAINTY_MEASURE_WITH_UNIT (LENGTH_MEASURE( 1.000000000000000082E-05 ), #2321, 'distance_accuracy_value', 'NONE');
#5778 = DIRECTION ( 'NONE',  ( 0.9961946980917454342, 0.0000000000000000000, -0.08715574274765894303 ) ) ;
#5779 = PRESENTATION_LAYER_ASSIGNMENT (  '', '', ( #2234 ) ) ;
#5780 =( NAMED_UNIT ( * ) SI_UNIT ( $, .STERADIAN. ) SOLID_ANGLE_UNIT ( ) );
#5781 = CARTESIAN_POINT ( 'NONE',  ( 1.268516413204960003, 0.7235164132049596297, -0.5300000000000001377 ) ) ;
#5782 = DIRECTION ( 'NONE',  ( 1.000000000000000000, 0.0000000000000000000, -0.0000000000000000000 ) ) ;
#5783 =( NAMED_UNIT ( * ) SI_UNIT ( $, .STERADIAN. ) SOLID_ANGLE_UNIT ( ) );
#5784 =( NAMED_UNIT ( * ) PLANE_ANGLE_UNIT ( ) SI_UNIT ( $, .RADIAN. ) );
#5785 = DIRECTION ( 'NONE',  ( -0.0000000000000000000, -0.0000000000000000000, -1.000000000000000000 ) ) ;
#5786 = EDGE_CURVE ( 'NONE', #722, #1037, #1259, .T. ) ;
#5787 = CARTESIAN_POINT ( 'NONE',  ( 0.2746063122098372777, -0.1192590542237073198, -0.5590000000000003855 ) ) ;
#5788 = AXIS2_PLACEMENT_3D ( 'NONE', #1061, #1126, #1578 ) ;
#5789 = SURFACE_STYLE_USAGE ( .BOTH. , #994 ) ;
#5790 = COLOUR_RGB ( '',1.000000000000000000, 1.000000000000000000, 1.000000000000000000 ) ;
#5791 = CARTESIAN_POINT ( 'NONE',  ( -0.4764075135658568105, -0.003970952928477775382, -0.5600000000000000533 ) ) ;
#5792 = EDGE_CURVE ( 'NONE', #1451, #4497, #5462, .T. ) ;
#5793 = VERTEX_POINT ( 'NONE', #1732 ) ;
#5794 = DIRECTION ( 'NONE',  ( 0.0000000000000000000, 1.000000000000000000, 0.0000000000000000000 ) ) ;
#5795 = CARTESIAN_POINT ( 'NONE',  ( 0.3328507490020746751, -0.08427541857796910785, -0.5600000000000002753 ) ) ;
#5796 = CARTESIAN_POINT ( 'NONE',  ( -0.3658016338234909015, -0.01561326585227370591, -0.5599999999999999423 ) ) ;
#5797 = CARTESIAN_POINT ( 'NONE',  ( -1.268516413204959559, 0.7999999999999999334, -0.5300000000000001377 ) ) ;
#5798 = ORIENTED_EDGE ( 'NONE', *, *, #1456, .F. ) ;
#5799 = DIRECTION ( 'NONE',  ( -0.0000000000000000000, -1.000000000000000000, -0.0000000000000000000 ) ) ;
#5800 = SURFACE_STYLE_FILL_AREA ( #216 ) ;
#5801 = CARTESIAN_POINT ( 'NONE',  ( -0.3376931789691472452, 0.1291345637138614777, -0.5600000000000002753 ) ) ;
#5802 = LINE ( 'NONE', #283, #713 ) ;
#5803 =( NAMED_UNIT ( * ) SI_UNIT ( $, .STERADIAN. ) SOLID_ANGLE_UNIT ( ) );
#5804 = FILL_AREA_STYLE ('',( #515 ) ) ;
#5805 = EDGE_CURVE ( 'NONE', #5601, #1440, #1553, .T. ) ;
#5806 = AXIS2_PLACEMENT_3D ( 'NONE', #535, #5328, #3874 ) ;
#5807 = LINE ( 'NONE', #1684, #417 ) ;
#5808 = PRESENTATION_STYLE_ASSIGNMENT (( #4465 ) ) ;
#5809 = FILL_AREA_STYLE_COLOUR ( '', #2139 ) ;
#5810 = CARTESIAN_POINT ( 'NONE',  ( -0.5315713855170760560, 0.1213339251203026936, -0.5600000000000000533 ) ) ;
#5811 = VERTEX_POINT ( 'NONE', #5494 ) ;
#5812 = VECTOR ( 'NONE', #3297, 1000.000000000000000 ) ;
#5813 = DIRECTION ( 'NONE',  ( -0.08682659386424836090, 0.08682659386424836090, -0.9924325091389670783 ) ) ;
#5814 = EDGE_LOOP ( 'NONE', ( #2896, #5136, #526, #2235 ) ) ;
#5815 = LINE ( 'NONE', #2141, #4912 ) ;
#5816 = MECHANICAL_DESIGN_GEOMETRIC_PRESENTATION_REPRESENTATION (  '', ( #5174 ), #2272 ) ;
#5817 = CARTESIAN_POINT ( 'NONE',  ( 0.3707560367146675584, 0.02913323089226622226, -0.5590000000000000524 ) ) ;
#5818 = CARTESIAN_POINT ( 'NONE',  ( -0.5474059891756128948, 0.1789558763398149122, -0.5590000000000000524 ) ) ;
#5819 = CARTESIAN_POINT ( 'NONE',  ( 0.1477159620438993626, -0.07256851390408754210, -0.5600000000000001643 ) ) ;
#5820 = VECTOR ( 'NONE', #2224, 1000.000000000000000 ) ;
#5821 = FILL_AREA_STYLE ('',( #3891 ) ) ;
#5822 = ORIENTED_EDGE ( 'NONE', *, *, #2154, .F. ) ;
#5823 =( GEOMETRIC_REPRESENTATION_CONTEXT ( 3 ) GLOBAL_UNCERTAINTY_ASSIGNED_CONTEXT ( ( #1799 ) ) GLOBAL_UNIT_ASSIGNED_CONTEXT ( ( #2408, #4780, #520 ) ) REPRESENTATION_CONTEXT ( 'NONE', 'WORKASPACE' ) );
#5824 = CARTESIAN_POINT ( 'NONE',  ( -1.032390010713868378, -0.3049999999999999933, 0.0000000000000000000 ) ) ;
#5825 = DIRECTION ( 'NONE',  ( -4.910211476550241347E-15, 2.202967291916973221E-13, -1.000000000000000000 ) ) ;
#5826 = ADVANCED_FACE ( 'NONE', ( #355 ), #234, .T. ) ;
#5827 = FACE_OUTER_BOUND ( 'NONE', #3009, .T. ) ;
#5828 =( NAMED_UNIT ( * ) PLANE_ANGLE_UNIT ( ) SI_UNIT ( $, .RADIAN. ) );
#5829 =( GEOMETRIC_REPRESENTATION_CONTEXT ( 3 ) GLOBAL_UNCERTAINTY_ASSIGNED_CONTEXT ( ( #1328 ) ) GLOBAL_UNIT_ASSIGNED_CONTEXT ( ( #4212, #901, #2845 ) ) REPRESENTATION_CONTEXT ( 'NONE', 'WORKASPACE' ) );
#5830 = ORIENTED_EDGE ( 'NONE', *, *, #4505, .T. ) ;
#5831 = DIRECTION ( 'NONE',  ( 0.9961946980917455452, 0.0000000000000000000, -0.08715574274765805485 ) ) ;
#5832 = CARTESIAN_POINT ( 'NONE',  ( 0.3496094785894774959, -0.06227438101437762080, -0.5599999999999999423 ) ) ;
#5833 = CARTESIAN_POINT ( 'NONE',  ( 0.3542819234305560339, 0.1021272321914985931, -0.5600000000000002753 ) ) ;
#5834 =( NAMED_UNIT ( * ) PLANE_ANGLE_UNIT ( ) SI_UNIT ( $, .RADIAN. ) );
#5835 =( LENGTH_UNIT ( ) NAMED_UNIT ( * ) SI_UNIT ( .MILLI., .METRE. ) );
#5836 = ORIENTED_EDGE ( 'NONE', *, *, #4428, .F. ) ;
#5837 = EDGE_CURVE ( 'NONE', #2700, #3639, #2363, .T. ) ;
#5838 = CARTESIAN_POINT ( 'NONE',  ( 0.3542819234305560339, 0.1021272321914985931, -0.5590000000000002744 ) ) ;
#5839 = ORIENTED_EDGE ( 'NONE', *, *, #769, .F. ) ;
#5840 = DIRECTION ( 'NONE',  ( 0.0000000000000000000, 1.000000000000000000, 0.0000000000000000000 ) ) ;
#5841 =( LENGTH_UNIT ( ) NAMED_UNIT ( * ) SI_UNIT ( .MILLI., .METRE. ) );
#5842 = CARTESIAN_POINT ( 'NONE',  ( 0.1980268546824844045, 0.1819284767953565085, -0.5600000000000001643 ) ) ;
#5843 = EDGE_LOOP ( 'NONE', ( #5284, #4607, #5245, #1955 ) ) ;
#5844 = DIRECTION ( 'NONE',  ( 0.0000000000000000000, 1.000000000000000000, 0.0000000000000000000 ) ) ;
#5845 = MECHANICAL_DESIGN_GEOMETRIC_PRESENTATION_REPRESENTATION (  '', ( #826 ), #1661 ) ;
#5846 = CARTESIAN_POINT ( 'NONE',  ( -0.2767096547888477365, 0.1692558220061700924, -0.5600000000000003864 ) ) ;
#5847 = EDGE_CURVE ( 'NONE', #2179, #4609, #4622, .T. ) ;
#5848 = CARTESIAN_POINT ( 'NONE',  ( 1.636612987842788414, 0.3049999999999999933, -0.6100000000000000977 ) ) ;
#5849 = MECHANICAL_DESIGN_GEOMETRIC_PRESENTATION_REPRESENTATION (  '', ( #1858 ), #1630 ) ;
#5850 = FACE_OUTER_BOUND ( 'NONE', #4269, .T. ) ;
#5851 = CARTESIAN_POINT ( 'NONE',  ( 0.3684677933189526300, 0.05725922387598228469, -0.5599999999999999423 ) ) ;
#5852 = DIRECTION ( 'NONE',  ( -0.0000000000000000000, -0.0000000000000000000, -1.000000000000000000 ) ) ;
#5853 = CARTESIAN_POINT ( 'NONE',  ( 0.2499438813803231962, 0.1801266539902430797, -0.5599999999999990541 ) ) ;
#5854 = FILL_AREA_STYLE ('',( #4891 ) ) ;
#5855 = AXIS2_PLACEMENT_3D ( 'NONE', #2106, #3074, #4490 ) ;
#5856 = LINE ( 'NONE', #3387, #2022 ) ;
#5857 = ORIENTED_EDGE ( 'NONE', *, *, #3674, .T. ) ;
#5858 =( NAMED_UNIT ( * ) PLANE_ANGLE_UNIT ( ) SI_UNIT ( $, .RADIAN. ) );
#5859 = SURFACE_STYLE_USAGE ( .BOTH. , #4358 ) ;
#5860 = VECTOR ( 'NONE', #2638, 1000.000000000000000 ) ;
#5861 = DIRECTION ( 'NONE',  ( 0.0000000000000000000, -0.0000000000000000000, 1.000000000000000000 ) ) ;
#5862 = STYLED_ITEM ( 'NONE', ( #4540 ), #5038 ) ;
#5863 = LINE ( 'NONE', #6059, #698 ) ;
#5864 =( NAMED_UNIT ( * ) PLANE_ANGLE_UNIT ( ) SI_UNIT ( $, .RADIAN. ) );
#5865 = SURFACE_STYLE_FILL_AREA ( #167 ) ;
#5866 = EDGE_CURVE ( 'NONE', #3881, #3268, #3356, .T. ) ;
#5867 = DIRECTION ( 'NONE',  ( 0.0000000000000000000, -1.000000000000000000, 0.0000000000000000000 ) ) ;
#5868 = CARTESIAN_POINT ( 'NONE',  ( 0.2746063122098372777, -0.1192590542237073198, -0.5590000000000003855 ) ) ;
#5869 = CARTESIAN_POINT ( 'NONE',  ( 0.1738992878848321655, -0.08442281508491124298, -0.5600000000000001643 ) ) ;
#5870 = CARTESIAN_POINT ( 'NONE',  ( 0.2148262270274847174, 0.1825894095944982365, -0.5590000000000000524 ) ) ;
#5871 = MECHANICAL_DESIGN_GEOMETRIC_PRESENTATION_REPRESENTATION (  '', ( #3947 ), #4270 ) ;
#5872 = CARTESIAN_POINT ( 'NONE',  ( -0.06447915990732011604, 0.1460290470715222277, -0.5590000000000000524 ) ) ;
#5873 = CARTESIAN_POINT ( 'NONE',  ( 0.3684677933189526300, 0.05725922387598228469, -0.5589999999999999414 ) ) ;
#5874 = EDGE_CURVE ( 'NONE', #1090, #4728, #4299, .T. ) ;
#5875 = CARTESIAN_POINT ( 'NONE',  ( -0.6644791599073202049, -0.1210441236601850767, -0.5590000000000000524 ) ) ;
#5876 = DIRECTION ( 'NONE',  ( -0.0000000000000000000, -0.0000000000000000000, -1.000000000000000000 ) ) ;
#5877 = VERTEX_POINT ( 'NONE', #3720 ) ;
#5878 =( NAMED_UNIT ( * ) SI_UNIT ( $, .STERADIAN. ) SOLID_ANGLE_UNIT ( ) );
#5879 = FILL_AREA_STYLE_COLOUR ( '', #5379 ) ;
#5880 = DIRECTION ( 'NONE',  ( 0.0000000000000000000, -1.000000000000000000, 0.0000000000000000000 ) ) ;
#5881 = UNCERTAINTY_MEASURE_WITH_UNIT (LENGTH_MEASURE( 1.000000000000000082E-05 ), #5835, 'distance_accuracy_value', 'NONE');
#5882 = CARTESIAN_POINT ( 'NONE',  ( -1.636612987842788414, -0.3049999999999999933, -0.4500000000000001776 ) ) ;
#5883 = VECTOR ( 'NONE', #2469, 1000.000000000000000 ) ;
#5884 = VERTEX_POINT ( 'NONE', #6103 ) ;
#5885 = PRESENTATION_STYLE_ASSIGNMENT (( #2954 ) ) ;
#5886 = SURFACE_SIDE_STYLE ('',( #4078 ) ) ;
#5887 = STYLED_ITEM ( 'NONE', ( #1835 ), #2065 ) ;
#5888 = COLOUR_RGB ( '',1.000000000000000000, 1.000000000000000000, 1.000000000000000000 ) ;
#5889 = VECTOR ( 'NONE', #3229, 1000.000000000000000 ) ;
#5890 = FILL_AREA_STYLE_COLOUR ( '', #791 ) ;
#5891 = COLOUR_RGB ( '',0.2509803921568627416, 0.2509803921568627416, 0.2509803921568627416 ) ;
#5892 = AXIS2_PLACEMENT_3D ( 'NONE', #5323, #2398, #3466 ) ;
#5893 = SURFACE_STYLE_USAGE ( .BOTH. , #1560 ) ;
#5894 =( LENGTH_UNIT ( ) NAMED_UNIT ( * ) SI_UNIT ( .MILLI., .METRE. ) );
#5895 = SURFACE_STYLE_USAGE ( .BOTH. , #2482 ) ;
#5896 = FACE_OUTER_BOUND ( 'NONE', #2300, .T. ) ;
#5897 = DIRECTION ( 'NONE',  ( 0.9961946980917455452, 0.0000000000000000000, -0.08715574274765829077 ) ) ;
#5898 = VERTEX_POINT ( 'NONE', #1340 ) ;
#5899 = CARTESIAN_POINT ( 'NONE',  ( 0.2300080781941601926, 0.1494287708333347231, -0.5589999999999998304 ) ) ;
#5900 = SURFACE_SIDE_STYLE ('',( #3984 ) ) ;
#5901 = CARTESIAN_POINT ( 'NONE',  ( -0.3157372625612860362, 0.1487007205453771408, -0.5590000000000001634 ) ) ;
#5902 = PLANE ( 'NONE',  #1625 ) ;
#5903 = EDGE_CURVE ( 'NONE', #1440, #4227, #4560, .T. ) ;
#5904 = ORIENTED_EDGE ( 'NONE', *, *, #4428, .T. ) ;
#5905 = CARTESIAN_POINT ( 'NONE',  ( 0.5501549864341431784, 0.1789558763398149122, -0.5600000000000000533 ) ) ;
#5906 = CARTESIAN_POINT ( 'NONE',  ( -0.3297760406689966284, 0.05835370419489584876, -0.5589999999999998304 ) ) ;
#5907 = ORIENTED_EDGE ( 'NONE', *, *, #4676, .T. ) ;
#5908 = ADVANCED_FACE ( 'NONE', ( #5896 ), #847, .T. ) ;
#5909 = ORIENTED_EDGE ( 'NONE', *, *, #5326, .F. ) ;
#5910 = DIRECTION ( 'NONE',  ( 1.000000000000000000, 0.0000000000000000000, 0.0000000000000000000 ) ) ;
#5911 = MECHANICAL_DESIGN_GEOMETRIC_PRESENTATION_REPRESENTATION (  '', ( #3124 ), #1613 ) ;
#5912 = VERTEX_POINT ( 'NONE', #4195 ) ;
#5913 = SURFACE_SIDE_STYLE ('',( #2986 ) ) ;
#5914 = CARTESIAN_POINT ( 'NONE',  ( -0.3716750729172583201, 0.02706246684156856513, -0.5589999999999999414 ) ) ;
#5915 = CARTESIAN_POINT ( 'NONE',  ( -1.344999999999999751, 0.7701141590572475604, 0.0000000000000000000 ) ) ;
#5916 = ORIENTED_EDGE ( 'NONE', *, *, #1818, .T. ) ;
#5917 = CARTESIAN_POINT ( 'NONE',  ( 0.1477159620438993348, 0.1304802665837173359, -0.5590000000000000524 ) ) ;
#5918 = SURFACE_STYLE_FILL_AREA ( #4807 ) ;
#5919 = DIRECTION ( 'NONE',  ( 1.000000000000000000, 0.0000000000000000000, 0.0000000000000000000 ) ) ;
#5920 = DIRECTION ( 'NONE',  ( 0.08715574274765409968, 0.0000000000000000000, 0.9961946980917458783 ) ) ;
#5921 = CARTESIAN_POINT ( 'NONE',  ( -0.3692616414113045198, 0.06430674276764006270, -0.5590000000000002744 ) ) ;
#5922 = CARTESIAN_POINT ( 'NONE',  ( 0.5099110839951188634, 0.1789558763398149122, -0.5600000000000000533 ) ) ;
#5923 = CARTESIAN_POINT ( 'NONE',  ( 1.268516413204960003, 0.7235164132049596297, -0.5300000000000001377 ) ) ;
#5924 = EDGE_CURVE ( 'NONE', #2424, #4242, #3949, .T. ) ;
#5925 = AXIS2_PLACEMENT_3D ( 'NONE', #3827, #1846, #962 ) ;
#5926 =( NAMED_UNIT ( * ) PLANE_ANGLE_UNIT ( ) SI_UNIT ( $, .RADIAN. ) );
#5927 = DIRECTION ( 'NONE',  ( 1.000000000000000000, 0.0000000000000000000, 0.0000000000000000000 ) ) ;
#5928 = UNCERTAINTY_MEASURE_WITH_UNIT (LENGTH_MEASURE( 1.000000000000000082E-05 ), #3378, 'distance_accuracy_value', 'NONE');
#5929 = CARTESIAN_POINT ( 'NONE',  ( -0.3272236963016080247, 0.1394360100602142216, -0.5590000000000000524 ) ) ;
#5930 =( GEOMETRIC_REPRESENTATION_CONTEXT ( 3 ) GLOBAL_UNCERTAINTY_ASSIGNED_CONTEXT ( ( #3629 ) ) GLOBAL_UNIT_ASSIGNED_CONTEXT ( ( #1611, #2040, #3976 ) ) REPRESENTATION_CONTEXT ( 'NONE', 'WORKASPACE' ) );
#5931 = FACE_OUTER_BOUND ( 'NONE', #5400, .T. ) ;
#5932 = DIRECTION ( 'NONE',  ( 2.710505431213761085E-16, -1.000000000000000000, 0.0000000000000000000 ) ) ;
#5933 = MECHANICAL_DESIGN_GEOMETRIC_PRESENTATION_REPRESENTATION (  '', ( #2069 ), #3373 ) ;
#5934 = CARTESIAN_POINT ( 'NONE',  ( -0.2453606186679326562, -0.1186430880863783704, -0.5590000000000000524 ) ) ;
#5935 = SURFACE_STYLE_FILL_AREA ( #3770 ) ;
#5936 = CARTESIAN_POINT ( 'NONE',  ( 1.576841305957283668, 0.3049999999999999933, -0.4552293445648595283 ) ) ;
#5937 = FACE_OUTER_BOUND ( 'NONE', #5665, .T. ) ;
#5938 = FILL_AREA_STYLE ('',( #5469 ) ) ;
#5939 = ADVANCED_FACE ( 'NONE', ( #5827 ), #4659, .T. ) ;
#5940 = DIRECTION ( 'NONE',  ( -0.08682659386424836090, -0.08682659386424836090, -0.9924325091389670783 ) ) ;
#5941 = VECTOR ( 'NONE', #3145, 1000.000000000000000 ) ;
#5942 = MECHANICAL_DESIGN_GEOMETRIC_PRESENTATION_REPRESENTATION (  '', ( #4214 ), #370 ) ;
#5943 = DIRECTION ( 'NONE',  ( 0.0000000000000000000, 1.000000000000000000, 0.0000000000000000000 ) ) ;
#5944 = CARTESIAN_POINT ( 'NONE',  ( 0.3306427913121919859, 0.02575465682761977210, -0.5600000000000000533 ) ) ;
#5945 = FILL_AREA_STYLE ('',( #3607 ) ) ;
#5946 = ORIENTED_EDGE ( 'NONE', *, *, #647, .T. ) ;
#5947 = CARTESIAN_POINT ( 'NONE',  ( -0.5281246663342384906, 0.1358089423982263844, -0.5600000000000000533 ) ) ;
#5948 = DIRECTION ( 'NONE',  ( 0.0000000000000000000, -0.08715574274765836016, -0.9961946980917455452 ) ) ;
#5949 = SURFACE_STYLE_USAGE ( .BOTH. , #3152 ) ;
#5950 = VECTOR ( 'NONE', #2080, 1000.000000000000000 ) ;
#5951 = MECHANICAL_DESIGN_GEOMETRIC_PRESENTATION_REPRESENTATION (  '', ( #3470 ), #4776 ) ;
#5952 = CARTESIAN_POINT ( 'NONE',  ( -0.5071620867365884688, 0.1789558763398149122, -0.5590000000000000524 ) ) ;
#5953 = ORIENTED_EDGE ( 'NONE', *, *, #2100, .T. ) ;
#5954 = VECTOR ( 'NONE', #1099, 1000.000000000000000 ) ;
#5955 = SURFACE_STYLE_FILL_AREA ( #3425 ) ;
#5956 = VECTOR ( 'NONE', #1261, 1000.000000000000000 ) ;
#5957 = EDGE_CURVE ( 'NONE', #356, #3111, #5380, .T. ) ;
#5958 = ORIENTED_EDGE ( 'NONE', *, *, #5698, .F. ) ;
#5959 = CARTESIAN_POINT ( 'NONE',  ( -0.3156732360605929988, -0.08900187097003554870, -0.5590000000000001634 ) ) ;
#5960 =( GEOMETRIC_REPRESENTATION_CONTEXT ( 3 ) GLOBAL_UNCERTAINTY_ASSIGNED_CONTEXT ( ( #1763 ) ) GLOBAL_UNIT_ASSIGNED_CONTEXT ( ( #3932, #3377, #1041 ) ) REPRESENTATION_CONTEXT ( 'NONE', 'WORKASPACE' ) );
#5961 = CARTESIAN_POINT ( 'NONE',  ( -1.268516413204959559, 0.7235164132049596297, -0.5300000000000001377 ) ) ;
#5962 = SURFACE_STYLE_FILL_AREA ( #792 ) ;
#5963 = SHAPE_DEFINITION_REPRESENTATION ( #2912, #5637 ) ;
#5964 = COLOUR_RGB ( '',1.000000000000000000, 1.000000000000000000, 1.000000000000000000 ) ;
#5965 = ORIENTED_EDGE ( 'NONE', *, *, #3522, .T. ) ;
#5966 =( LENGTH_UNIT ( ) NAMED_UNIT ( * ) SI_UNIT ( .MILLI., .METRE. ) );
#5967 = UNCERTAINTY_MEASURE_WITH_UNIT (LENGTH_MEASURE( 1.000000000000000082E-05 ), #2105, 'distance_accuracy_value', 'NONE');
#5968 = CARTESIAN_POINT ( 'NONE',  ( -1.427468603509014278, -0.3049999999999999933, 4.912791094074941967E-17 ) ) ;
#5969 = AXIS2_PLACEMENT_3D ( 'NONE', #4758, #5289, #5269 ) ;
#5970 = PRESENTATION_STYLE_ASSIGNMENT (( #2841 ) ) ;
#5971 = EDGE_CURVE ( 'NONE', #4673, #1080, #6041, .T. ) ;
#5972 =( NAMED_UNIT ( * ) SI_UNIT ( $, .STERADIAN. ) SOLID_ANGLE_UNIT ( ) );
#5973 = DIRECTION ( 'NONE',  ( -0.0000000000000000000, -0.0000000000000000000, -1.000000000000000000 ) ) ;
#5974 = CARTESIAN_POINT ( 'NONE',  ( -0.3376931789691472452, 0.1291345637138614777, -0.5600000000000002753 ) ) ;
#5975 = PRESENTATION_STYLE_ASSIGNMENT (( #29 ) ) ;
#5976 = ORIENTED_EDGE ( 'NONE', *, *, #1715, .T. ) ;
#5977 = AXIS2_PLACEMENT_3D ( 'NONE', #5923, #4532, #5574 ) ;
#5978 = CARTESIAN_POINT ( 'NONE',  ( -0.3032907851765423435, -0.09767991464800868107, -0.5600000000000001643 ) ) ;
#5979 = CIRCLE ( 'NONE', #507, 0.02999999999999997113 ) ;
#5980 = ORIENTED_EDGE ( 'NONE', *, *, #228, .T. ) ;
#5981 = CARTESIAN_POINT ( 'NONE',  ( -0.3070809132786876394, 0.1099468963208857925, -0.5589999999999999414 ) ) ;
#5982 =( GEOMETRIC_REPRESENTATION_CONTEXT ( 3 ) GLOBAL_UNCERTAINTY_ASSIGNED_CONTEXT ( ( #4878 ) ) GLOBAL_UNIT_ASSIGNED_CONTEXT ( ( #2266, #2713, #398 ) ) REPRESENTATION_CONTEXT ( 'NONE', 'WORKASPACE' ) );
#5983 = CARTESIAN_POINT ( 'NONE',  ( 0.1992417168902546054, 0.1485727543651844951, -0.5599999999999999423 ) ) ;
#5984 =( NAMED_UNIT ( * ) PLANE_ANGLE_UNIT ( ) SI_UNIT ( $, .RADIAN. ) );
#5985 = MECHANICAL_DESIGN_GEOMETRIC_PRESENTATION_REPRESENTATION (  '', ( #3738 ), #2576 ) ;
#5986 = CARTESIAN_POINT ( 'NONE',  ( -0.2899992319985615352, -0.1048902123466513431, -0.5590000000000001634 ) ) ;
#5987 = EDGE_LOOP ( 'NONE', ( #942, #2779, #2347, #819 ) ) ;
#5988 = SURFACE_STYLE_USAGE ( .BOTH. , #3051 ) ;
#5989 = CARTESIAN_POINT ( 'NONE',  ( -0.3239711646951853874, -0.01857970837052773730, -0.5589999999999999414 ) ) ;
#5990 = ORIENTED_EDGE ( 'NONE', *, *, #1235, .F. ) ;
#5991 =( NAMED_UNIT ( * ) PLANE_ANGLE_UNIT ( ) SI_UNIT ( $, .RADIAN. ) );
#5992 = DIRECTION ( 'NONE',  ( 1.000000000000000000, 0.0000000000000000000, 0.0000000000000000000 ) ) ;
#5993 = ORIENTED_EDGE ( 'NONE', *, *, #4175, .F. ) ;
#5994 = PRESENTATION_LAYER_ASSIGNMENT (  '', '', ( #5149 ) ) ;
#5995 = CARTESIAN_POINT ( 'NONE',  ( 0.1640263083781701159, 0.1389634795238347265, -0.5600000000000001643 ) ) ;
#5996 = COLOUR_RGB ( '',1.000000000000000000, 1.000000000000000000, 1.000000000000000000 ) ;
#5997 = CARTESIAN_POINT ( 'NONE',  ( -0.3468317615332924264, -0.05645377701572915075, -0.5589999999999998304 ) ) ;
#5998 = EDGE_CURVE ( 'NONE', #9, #1163, #2688, .T. ) ;
#5999 = UNCERTAINTY_MEASURE_WITH_UNIT (LENGTH_MEASURE( 1.000000000000000082E-05 ), #594, 'distance_accuracy_value', 'NONE');
#6000 = CARTESIAN_POINT ( 'NONE',  ( -0.3315523306390275038, 0.03187127268127831065, -0.5590000000000000524 ) ) ;
#6001 = ADVANCED_FACE ( 'NONE', ( #1253 ), #5684, .T. ) ;
#6002 = CARTESIAN_POINT ( 'NONE',  ( -0.3315523306390275038, 0.03187127268127831065, -0.5600000000000000533 ) ) ;
#6003 = CARTESIAN_POINT ( 'NONE',  ( -1.344999999999999751, 0.7999999999999999334, 0.0000000000000000000 ) ) ;
#6004 = VERTEX_POINT ( 'NONE', #3266 ) ;
#6005 = PRESENTATION_STYLE_ASSIGNMENT (( #579 ) ) ;
#6006 = UNCERTAINTY_MEASURE_WITH_UNIT (LENGTH_MEASURE( 1.000000000000000082E-05 ), #2109, 'distance_accuracy_value', 'NONE');
#6007 = CARTESIAN_POINT ( 'NONE',  ( 0.3303966726731862313, 0.01280183418076701052, -0.5590000000000002744 ) ) ;
#6008 = SURFACE_STYLE_FILL_AREA ( #59 ) ;
#6009 = CARTESIAN_POINT ( 'NONE',  ( -0.05716208673658842998, 0.01432172999835149528, -0.5600000000000000533 ) ) ;
#6010 = EDGE_CURVE ( 'NONE', #3881, #1313, #4999, .T. ) ;
#6011 = AXIS2_PLACEMENT_3D ( 'NONE', #4768, #4271, #528 ) ;
#6012 = DIRECTION ( 'NONE',  ( -0.0000000000000000000, -0.0000000000000000000, -1.000000000000000000 ) ) ;
#6013 = CARTESIAN_POINT ( 'NONE',  ( -0.2911186412983092220, 0.1242149980772714463, -0.5589999999999998304 ) ) ;
#6014 = CARTESIAN_POINT ( 'NONE',  ( -0.2622778166797042343, 0.1735873716250540544, -0.5599999999999997202 ) ) ;
#6015 = ORIENTED_EDGE ( 'NONE', *, *, #2241, .T. ) ;
#6016 = COLOUR_RGB ( '',0.2509803921568627416, 0.2509803921568627416, 0.2509803921568627416 ) ;
#6017 = SURFACE_STYLE_FILL_AREA ( #1792 ) ;
#6018 = FILL_AREA_STYLE ('',( #5040 ) ) ;
#6019 = CARTESIAN_POINT ( 'NONE',  ( 0.1849134043141905936, -0.1200292375370936998, -0.5590000000000001634 ) ) ;
#6020 = CARTESIAN_POINT ( 'NONE',  ( 0.1477159620438993348, 0.1304802665837173359, -0.5590000000000000524 ) ) ;
#6021 = B_SPLINE_CURVE_WITH_KNOTS ( 'NONE', 3,
 ( #3175, #5114, #347, #5557, #5616, #6019, #803, #1310, #5639, #308, #3158 ),
 .UNSPECIFIED., .F., .F.,
 ( 4, 1, 1, 1, 1, 1, 1, 1, 4 ),
 ( 0.0000000000000000000, 0.1124483899088007527, 0.2265276752126775817, 0.3444019493260279674, 0.4658649724874581732, 0.5916594493521163400, 0.7221684870248873400, 0.8586063875549263535, 1.000000000000000000 ),
 .UNSPECIFIED. ) ;
#6022 = COLOUR_RGB ( '',1.000000000000000000, 1.000000000000000000, 1.000000000000000000 ) ;
#6023 = CARTESIAN_POINT ( 'NONE',  ( 0.2179712974097529898, 0.1496875836568880846, -0.5600000000000000533 ) ) ;
#6024 = STYLED_ITEM ( 'NONE', ( #4091 ), #6105 ) ;
#6025 = EDGE_CURVE ( 'NONE', #1702, #4832, #4248, .T. ) ;
#6026 = ORIENTED_EDGE ( 'NONE', *, *, #2466, .F. ) ;
#6027 = DIRECTION ( 'NONE',  ( 0.0000000000000000000, -1.000000000000000000, 0.0000000000000000000 ) ) ;
#6028 = SURFACE_STYLE_FILL_AREA ( #4790 ) ;
#6029 = SURFACE_STYLE_FILL_AREA ( #177 ) ;
#6030 = FILL_AREA_STYLE_COLOUR ( '', #2587 ) ;
#6031 = CARTESIAN_POINT ( 'NONE',  ( -0.2453606186679326562, -0.1186430880863783704, -0.5600000000000000533 ) ) ;
#6032 = CARTESIAN_POINT ( 'NONE',  ( -0.3070809132786876394, 0.1099468963208857925, -0.5589999999999999414 ) ) ;
#6033 =( GEOMETRIC_REPRESENTATION_CONTEXT ( 3 ) GLOBAL_UNCERTAINTY_ASSIGNED_CONTEXT ( ( #5238 ) ) GLOBAL_UNIT_ASSIGNED_CONTEXT ( ( #4125, #4608, #1783 ) ) REPRESENTATION_CONTEXT ( 'NONE', 'WORKASPACE' ) );
#6034 = SURFACE_SIDE_STYLE ('',( #2316 ) ) ;
#6035 = ORIENTED_EDGE ( 'NONE', *, *, #2100, .F. ) ;
#6036 = VERTEX_POINT ( 'NONE', #931 ) ;
#6037 = ORIENTED_EDGE ( 'NONE', *, *, #1818, .F. ) ;
#6038 = CARTESIAN_POINT ( 'NONE',  ( 0.2179712974097529898, 0.1496875836568880846, -0.5600000000000000533 ) ) ;
#6039 = VECTOR ( 'NONE', #3920, 1000.000000000000000 ) ;
#6040 = UNCERTAINTY_MEASURE_WITH_UNIT (LENGTH_MEASURE( 1.000000000000000082E-05 ), #3274, 'distance_accuracy_value', 'NONE');
#6041 = LINE ( 'NONE', #1361, #871 ) ;
#6042 = LINE ( 'NONE', #1044, #5456 ) ;
#6043 = VECTOR ( 'NONE', #3384, 1000.000000000000000 ) ;
#6044 = CARTESIAN_POINT ( 'NONE',  ( -0.3077077548236545335, -0.04837823682880465492, -0.5600000000000001643 ) ) ;
#6045 = EDGE_CURVE ( 'NONE', #4366, #2512, #3281, .T. ) ;
#6046 = DIRECTION ( 'NONE',  ( 0.0000000000000000000, 0.9961946980917454342, 0.08715574274765894303 ) ) ;
#6047 = MECHANICAL_DESIGN_GEOMETRIC_PRESENTATION_REPRESENTATION (  '', ( #1026 ), #3486 ) ;
#6048 = ADVANCED_FACE ( 'NONE', ( #133 ), #4347, .F. ) ;
#6049 = CARTESIAN_POINT ( 'NONE',  ( 0.3083871001955534319, -0.05187175467273453383, -0.5590000000000001634 ) ) ;
#6050 = PRESENTATION_LAYER_ASSIGNMENT (  '', '', ( #4963 ) ) ;
#6051 = ORIENTED_EDGE ( 'NONE', *, *, #5051, .T. ) ;
#6052 = DIRECTION ( 'NONE',  ( -0.0000000000000000000, -0.0000000000000000000, -1.000000000000000000 ) ) ;
#6053 = CARTESIAN_POINT ( 'NONE',  ( 0.2416545215076107422, 0.1477458219277014151, -0.5600000000000001643 ) ) ;
#6054 = FILL_AREA_STYLE_COLOUR ( '', #5037 ) ;
#6055 = STYLED_ITEM ( 'NONE', ( #4449 ), #2262 ) ;
#6056 = EDGE_LOOP ( 'NONE', ( #2601, #3449, #3247, #84 ) ) ;
#6057 = VERTEX_POINT ( 'NONE', #906 ) ;
#6058 = CARTESIAN_POINT ( 'NONE',  ( 0.1992417168902546054, 0.1485727543651844951, -0.5599999999999999423 ) ) ;
#6059 = CARTESIAN_POINT ( 'NONE',  ( -1.298402254147711821, 0.7510063484254824173, 0.5326146722824298685 ) ) ;
#6060 = VERTEX_POINT ( 'NONE', #990 ) ;
#6061 = CARTESIAN_POINT ( 'NONE',  ( -0.6205767208829298109, -0.1210441236601850767, -0.5600000000000000533 ) ) ;
#6062 = MECHANICAL_DESIGN_GEOMETRIC_PRESENTATION_REPRESENTATION (  '', ( #4459 ), #409 ) ;
#6063 = B_SPLINE_CURVE_WITH_KNOTS ( 'NONE', 3,
 ( #978, #4825, #68, #4311, #3886, #479, #5746, #1864, #49, #3392, #5314, #1942, #3374, #17, #3354, #1441, #3822, #2444, #5272 ),
 .UNSPECIFIED., .F., .F.,
 ( 4, 1, 1, 1, 1, 1, 1, 1, 1, 1, 1, 1, 1, 1, 1, 1, 4 ),
 ( 0.0000000000000000000, 0.06460397028839205691, 0.1267024139629470969, 0.1867568140356180573, 0.2455056873654373750, 0.3036520244499752996, 0.3615030739706252549, 0.4202402229284672441, 0.4800333407766963489, 0.5406781347755159617, 0.6011918063807816237, 0.6623335024774423818, 0.7247395102972317149, 0.7894677361728865694, 0.8565048600438305293, 0.9263120958391900528, 1.000000000000000000 ),
 .UNSPECIFIED. ) ;
#6064 = EDGE_LOOP ( 'NONE', ( #1293, #5567, #4895 ) ) ;
#6065 = VERTEX_POINT ( 'NONE', #4264 ) ;
#6066 = DIRECTION ( 'NONE',  ( 0.0000000000000000000, -1.000000000000000000, 0.0000000000000000000 ) ) ;
#6067 =( GEOMETRIC_REPRESENTATION_CONTEXT ( 3 ) GLOBAL_UNCERTAINTY_ASSIGNED_CONTEXT ( ( #6146 ) ) GLOBAL_UNIT_ASSIGNED_CONTEXT ( ( #5236, #2874, #4889 ) ) REPRESENTATION_CONTEXT ( 'NONE', 'WORKASPACE' ) );
#6068 = CARTESIAN_POINT ( 'NONE',  ( 0.3143829055214955037, -0.04283609918241855496, -0.5589999999999999414 ) ) ;
#6069 = CARTESIAN_POINT ( 'NONE',  ( 1.840000000000000080, 0.3049999999999999933, -0.5100000000000000089 ) ) ;
#6070 = CARTESIAN_POINT ( 'NONE',  ( 1.315114159057247933, -0.8000000000000001554, 0.0000000000000000000 ) ) ;
#6071 = COLOUR_RGB ( '',1.000000000000000000, 1.000000000000000000, 1.000000000000000000 ) ;
#6072 = CARTESIAN_POINT ( 'NONE',  ( -1.268516413204959115, -0.7235164132049598518, -0.5300000000000001377 ) ) ;
#6073 = EDGE_CURVE ( 'NONE', #2378, #258, #6185, .T. ) ;
#6074 = STYLED_ITEM ( 'NONE', ( #1334 ), #4510 ) ;
#6075 = ADVANCED_FACE ( 'NONE', ( #4696 ), #2448, .T. ) ;
#6076 = PLANE ( 'NONE',  #799 ) ;
#6077 = FACE_OUTER_BOUND ( 'NONE', #1425, .T. ) ;
#6078 = DIRECTION ( 'NONE',  ( -0.0000000000000000000, -0.0000000000000000000, -1.000000000000000000 ) ) ;
#6079 = FACE_OUTER_BOUND ( 'NONE', #213, .T. ) ;
#6080 = EDGE_CURVE ( 'NONE', #37, #5811, #733, .T. ) ;
#6081 = VECTOR ( 'NONE', #4691, 1000.000000000000000 ) ;
#6082 = CARTESIAN_POINT ( 'NONE',  ( -0.2131643733219542591, -0.08811729439189239232, -0.5590000000000000524 ) ) ;
#6083 = COLOUR_RGB ( '',0.2509803921568627416, 0.2509803921568627416, 0.2509803921568627416 ) ;
#6084 = CARTESIAN_POINT ( 'NONE',  ( -0.5249585786112231922, 0.1361986555538391430, -0.5589999999999998304 ) ) ;
#6085 = CARTESIAN_POINT ( 'NONE',  ( 0.3306427913121919859, 0.02575465682761977210, -0.5600000000000000533 ) ) ;
#6086 = COLOUR_RGB ( '',1.000000000000000000, 1.000000000000000000, 1.000000000000000000 ) ;
#6087 = PRESENTATION_STYLE_ASSIGNMENT (( #1115 ) ) ;
#6088 = MECHANICAL_DESIGN_GEOMETRIC_PRESENTATION_REPRESENTATION (  '', ( #833 ), #4046 ) ;
#6089 = CARTESIAN_POINT ( 'NONE',  ( -0.6205767208829298109, -0.1210441236601850767, -0.5590000000000000524 ) ) ;
#6090 =( NAMED_UNIT ( * ) PLANE_ANGLE_UNIT ( ) SI_UNIT ( $, .RADIAN. ) );
#6091 =( GEOMETRIC_REPRESENTATION_CONTEXT ( 3 ) GLOBAL_UNCERTAINTY_ASSIGNED_CONTEXT ( ( #2118 ) ) GLOBAL_UNIT_ASSIGNED_CONTEXT ( ( #4503, #1663, #5972 ) ) REPRESENTATION_CONTEXT ( 'NONE', 'WORKASPACE' ) );
#6092 = ORIENTED_EDGE ( 'NONE', *, *, #3082, .F. ) ;
#6093 = SURFACE_STYLE_FILL_AREA ( #1426 ) ;
#6094 = CARTESIAN_POINT ( 'NONE',  ( -0.5259692513707348027, 0.1423705104861563986, -0.5600000000000000533 ) ) ;
#6095 = DIRECTION ( 'NONE',  ( -0.0000000000000000000, -1.000000000000000000, -0.0000000000000000000 ) ) ;
#6096 = CARTESIAN_POINT ( 'NONE',  ( 0.2148262270274847174, 0.1825894095944982365, -0.5590000000000000524 ) ) ;
#6097 = VERTEX_POINT ( 'NONE', #2889 ) ;
#6098 = VECTOR ( 'NONE', #5461, 1000.000000000000000 ) ;
#6099 =( GEOMETRIC_REPRESENTATION_CONTEXT ( 3 ) GLOBAL_UNCERTAINTY_ASSIGNED_CONTEXT ( ( #624 ) ) GLOBAL_UNIT_ASSIGNED_CONTEXT ( ( #1724, #1747, #2215 ) ) REPRESENTATION_CONTEXT ( 'NONE', 'WORKASPACE' ) );
#6100 = ORIENTED_EDGE ( 'NONE', *, *, #1929, .F. ) ;
#6101 = CARTESIAN_POINT ( 'NONE',  ( -1.315339464150455440, -0.8002253050932084388, 0.002575248999448993652 ) ) ;
#6102 = EDGE_CURVE ( 'NONE', #1382, #9, #4404, .T. ) ;
#6103 = CARTESIAN_POINT ( 'NONE',  ( 1.298402254147712265, 0.7235164132049596297, -0.5326146722824298685 ) ) ;
#6104 = EDGE_LOOP ( 'NONE', ( #4677, #963, #2649, #5249 ) ) ;
#6105 = ADVANCED_FACE ( 'NONE', ( #3864 ), #539, .T. ) ;
#6106 =( LENGTH_UNIT ( ) NAMED_UNIT ( * ) SI_UNIT ( .MILLI., .METRE. ) );
#6107 = ORIENTED_EDGE ( 'NONE', *, *, #4230, .F. ) ;
#6108 = CARTESIAN_POINT ( 'NONE',  ( 0.3267328234132136910, -0.01152348574948075521, -0.5600000000000001643 ) ) ;
#6109 = PLANE ( 'NONE',  #6155 ) ;
#6110 = CARTESIAN_POINT ( 'NONE',  ( 0.3289114349233800416, 0.05259303779766402037, -0.5590000000000001634 ) ) ;
#6111 = AXIS2_PLACEMENT_3D ( 'NONE', #6072, #5647, #4647 ) ;
#6112 = CARTESIAN_POINT ( 'NONE',  ( -0.5269410501512226119, 0.1423705104861564263, -0.5600000000000001643 ) ) ;
#6113 = FACE_OUTER_BOUND ( 'NONE', #1960, .T. ) ;
#6114 = DIRECTION ( 'NONE',  ( 1.000000000000000000, 0.0000000000000000000, 0.0000000000000000000 ) ) ;
#6115 = VECTOR ( 'NONE', #812, 1000.000000000000114 ) ;
#6116 = SURFACE_STYLE_USAGE ( .BOTH. , #1848 ) ;
#6117 = EDGE_CURVE ( 'NONE', #6065, #1992, #428, .T. ) ;
#6118 = UNCERTAINTY_MEASURE_WITH_UNIT (LENGTH_MEASURE( 1.000000000000000082E-05 ), #1370, 'distance_accuracy_value', 'NONE');
#6119 = PLANE ( 'NONE',  #3064 ) ;
#6120 = VERTEX_POINT ( 'NONE', #11 ) ;
#6121 =( NAMED_UNIT ( * ) SI_UNIT ( $, .STERADIAN. ) SOLID_ANGLE_UNIT ( ) );
#6122 =( LENGTH_UNIT ( ) NAMED_UNIT ( * ) SI_UNIT ( .MILLI., .METRE. ) );
#6123 = ORIENTED_EDGE ( 'NONE', *, *, #827, .F. ) ;
#6124 = EDGE_CURVE ( 'NONE', #4609, #3072, #5139, .T. ) ;
#6125 = DIRECTION ( 'NONE',  ( -1.000000000000000000, 0.0000000000000000000, 0.0000000000000000000 ) ) ;
#6126 = STYLED_ITEM ( 'NONE', ( #5970 ), #1375 ) ;
#6127 = CARTESIAN_POINT ( 'NONE',  ( -0.4662893733219542480, -0.03689778219677045806, -0.5600000000000000533 ) ) ;
#6128 = DIRECTION ( 'NONE',  ( -0.0000000000000000000, -0.0000000000000000000, -1.000000000000000000 ) ) ;
#6129 = CARTESIAN_POINT ( 'NONE',  ( 0.3705003280246997321, 0.04055613636284249868, -0.5590000000000001634 ) ) ;
#6130 = CARTESIAN_POINT ( 'NONE',  ( 0.3230438359412183824, 0.07678381935822237159, -0.5590000000000001634 ) ) ;
#6131 = VERTEX_POINT ( 'NONE', #3003 ) ;
#6132 = FILL_AREA_STYLE ('',( #5650 ) ) ;
#6133 = AXIS2_PLACEMENT_3D ( 'NONE', #641, #3458, #3021 ) ;
#6134 = ORIENTED_EDGE ( 'NONE', *, *, #3990, .T. ) ;
#6135 = ADVANCED_FACE ( 'NONE', ( #4689 ), #3292, .T. ) ;
#6136 = CARTESIAN_POINT ( 'NONE',  ( 1.296006348425482679, 0.7235164132049596297, -0.5600000000000000533 ) ) ;
#6137 = B_SPLINE_CURVE_WITH_KNOTS ( 'NONE', 3,
 ( #1449, #4791, #2972, #2929, #533, #5846, #1005, #22, #3894, #1995, #5801, #3359, #4361, #576, #1485, #4833, #1951, #3915, #1050 ),
 .UNSPECIFIED., .F., .F.,
 ( 4, 1, 1, 1, 1, 1, 1, 1, 1, 1, 1, 1, 1, 1, 1, 1, 4 ),
 ( 0.0000000000000000000, 0.06863117867660141480, 0.1345664660386773348, 0.1983281540108811636, 0.2607897666408452997, 0.3219991514841584190, 0.3827217465030194332, 0.4435374740357287404, 0.5051334294849250117, 0.5662138747646718873, 0.6261058646175455822, 0.6853493221605165830, 0.7449958703477972399, 0.8054158418145626053, 0.8676362663459531444, 0.9323077823023293575, 1.000000000000000000 ),
 .UNSPECIFIED. ) ;
#6138 = DIRECTION ( 'NONE',  ( 1.000000000000000000, 0.0000000000000000000, 0.0000000000000000000 ) ) ;
#6139 = CARTESIAN_POINT ( 'NONE',  ( -0.5216208492813841913, 0.1227012885223313365, -0.5590000000000000524 ) ) ;
#6140 = COLOUR_RGB ( '',1.000000000000000000, 1.000000000000000000, 1.000000000000000000 ) ;
#6141 = STYLED_ITEM ( 'NONE', ( #2103 ), #3595 ) ;
#6142 = FILL_AREA_STYLE_COLOUR ( '', #3187 ) ;
#6143 = SURFACE_SIDE_STYLE ('',( #3944 ) ) ;
#6144 =( LENGTH_UNIT ( ) NAMED_UNIT ( * ) SI_UNIT ( .MILLI., .METRE. ) );
#6145 = CARTESIAN_POINT ( 'NONE',  ( 0.2210940980692943370, -0.09172826881303212943, -0.5600000000000000533 ) ) ;
#6146 = UNCERTAINTY_MEASURE_WITH_UNIT (LENGTH_MEASURE( 1.000000000000000082E-05 ), #5236, 'distance_accuracy_value', 'NONE');
#6147 = SURFACE_STYLE_USAGE ( .BOTH. , #483 ) ;
#6148 = CARTESIAN_POINT ( 'NONE',  ( 0.0000000000000000000, 0.0000000000000000000, -0.5590000000000000524 ) ) ;
#6149 = CARTESIAN_POINT ( 'NONE',  ( 0.1477159620438993348, 0.1707241690227417341, -0.5590000000000000524 ) ) ;
#6150 = CARTESIAN_POINT ( 'NONE',  ( 0.3687077006857065187, -0.008299042712476920741, -0.5590000000000001634 ) ) ;
#6151 = ORIENTED_EDGE ( 'NONE', *, *, #4362, .T. ) ;
#6152 = DIRECTION ( 'NONE',  ( 0.0000000000000000000, 1.000000000000000000, 0.0000000000000000000 ) ) ;
#6153 = SURFACE_SIDE_STYLE ('',( #838 ) ) ;
#6154 = COLOUR_RGB ( '',1.000000000000000000, 1.000000000000000000, 1.000000000000000000 ) ;
#6155 = AXIS2_PLACEMENT_3D ( 'NONE', #2245, #3785, #4267 ) ;
#6156 = EDGE_CURVE ( 'NONE', #2770, #4316, #2830, .T. ) ;
#6157 = STYLED_ITEM ( 'NONE', ( #2279 ), #367 ) ;
#6158 = CARTESIAN_POINT ( 'NONE',  ( -1.840000000000000080, 0.3049999999999999933, -0.5100000000000000089 ) ) ;
#6159 = ORIENTED_EDGE ( 'NONE', *, *, #3741, .F. ) ;
#6160 = FILL_AREA_STYLE ('',( #888 ) ) ;
#6161 = FILL_AREA_STYLE ('',( #6142 ) ) ;
#6162 = AXIS2_PLACEMENT_3D ( 'NONE', #5412, #3911, #4444 ) ;
#6163 = FILL_AREA_STYLE_COLOUR ( '', #3697 ) ;
#6164 = SURFACE_STYLE_USAGE ( .BOTH. , #4746 ) ;
#6165 = ORIENTED_EDGE ( 'NONE', *, *, #4351, .T. ) ;
#6166 = LINE ( 'NONE', #2135, #5732 ) ;
#6168 = FILL_AREA_STYLE ('',( #3787 ) ) ;
#6167 = LINE ( 'NONE', #2086, #5437 ) ;
#6169 = PLANE ( 'NONE',  #2727 ) ;
#6170 = MECHANICAL_DESIGN_GEOMETRIC_PRESENTATION_REPRESENTATION (  '', ( #3300 ), #4803 ) ;
#6171 = CIRCLE ( 'NONE', #3210, 0.01000000000000000368 ) ;
#6172 = PRESENTATION_LAYER_ASSIGNMENT (  '', '', ( #1373 ) ) ;
#6173 =( NAMED_UNIT ( * ) PLANE_ANGLE_UNIT ( ) SI_UNIT ( $, .RADIAN. ) );
#6174 = ORIENTED_EDGE ( 'NONE', *, *, #67, .T. ) ;
#6175 = SURFACE_SIDE_STYLE ('',( #2728 ) ) ;
#6176 = ORIENTED_EDGE ( 'NONE', *, *, #3391, .T. ) ;
#6177 =( NAMED_UNIT ( * ) PLANE_ANGLE_UNIT ( ) SI_UNIT ( $, .RADIAN. ) );
#6178 = STYLED_ITEM ( 'NONE', ( #935 ), #5078 ) ;
#6179 = ORIENTED_EDGE ( 'NONE', *, *, #3236, .F. ) ;
#6180 = LINE ( 'NONE', #2002, #6039 ) ;
#6181 = SURFACE_SIDE_STYLE ('',( #4917 ) ) ;
#6182 = CARTESIAN_POINT ( 'NONE',  ( -0.6644791599073202049, -0.1210441236601850767, -0.5590000000000000524 ) ) ;
#6183 = FACE_OUTER_BOUND ( 'NONE', #369, .T. ) ;
#6184 = CARTESIAN_POINT ( 'NONE',  ( -0.1303328184439055681, 0.1789558763398149122, -0.5590000000000000524 ) ) ;
#6185 = LINE ( 'NONE', #1402, #3432 ) ;
#6186 = EDGE_CURVE ( 'NONE', #2902, #5601, #926, .T. ) ;
ENDSEC;
END-ISO-10303-21;
