#VRML V2.0 utf8
# 3D model generated by easyeda2kicad.py (https://github.com/uPesy/easyeda2kicad.py)

Shape{
    appearance Appearance {
        material  Material 	{
            diffuseColor 0.2235294117647059 0.2235294117647059 0.2235294117647059
            specularColor 0.11372549019607843 0.11372549019607843 0.11372549019607843
            ambientIntensity 0.2
            transparency 0
            shininess 0.5
        }
    }
    geometry IndexedFaceSet {
        ccw TRUE
        solid FALSE
        coord DEF co Coordinate {
            point [
                0.0073 0.5334 0.4058, 0.0073 0.5354 0.3945, -0.0314 0.5354 0.3945, -0.0338 0.5354 0.3945, -0.0338 0.5374 0.3831, -0.0604 0.5374 0.3831, -0.1408 0.5375 0.3826, -0.1408 0.5376 0.3824, -0.1452 0.5376 0.3824, -0.0572 0.5334 0.4062, -0.0523 0.5334 0.4058, -0.0604 0.5334 0.4058, -0.0471 0.5264 0.4458, -0.0479 0.5264 0.4459, -0.0338 0.5264 0.4459, 0.1388 0.5376 0.3824, 0.1039 0.5376 0.3824, 0.1024 0.5374 0.3831, 0.1326 0.5255 0.4509, 0.1298 0.5253 0.452, 0.516 0.5253 0.452, 0.0416 0.5317 0.4157, 0.0339 0.5328 0.4092, 0.0073 0.5264 0.4459, 0.0715 0.5264 0.4459, 0.0667 0.5269 0.4426, 0.0574 0.5288 0.432, 0.0514 0.5309 0.4204, 0.05 0.5309 0.4199, 0.0793 0.5254 0.4511, 0.0073 0.5253 0.452, 0.0817 0.5253 0.452, 0.5112 0.5205 0.4793, 0.1194 0.5246 0.4558, 0.1053 0.5243 0.4575, 0.0073 0.5205 0.4793, 0.0935 0.5245 0.4562, 0.5171 0.5264 0.4459, 0.1406 0.5264 0.4459, 0.1395 0.5262 0.4468, 0.1915 0.5306 0.4219, 0.1892 0.5302 0.4239, 0.1797 0.5291 0.4303, 0.1691 0.5285 0.434, 0.1586 0.5283 0.4351, 0.1462 0.5272 0.4412, 0.1554 0.5283 0.4349, 0.1521 0.5284 0.4345, 0.5242 0.5334 0.4058, 0.5262 0.5354 0.3945, 0.2046 0.5354 0.3945, 0.2028 0.5337 0.404, 0.2019 0.5334 0.4058, 0.198 0.532 0.4139, 0.0805 0.5413 0.361, 0.0785 0.5412 0.3617, 0.0751 0.5384 0.3776, 0.1934 0.5416 0.3594, 0.2002 0.5399 0.3693, 0.5413 0.5512 0.3051, 0.0822 0.5415 0.3598, 0.1853 0.5428 0.3524, 0.5283 0.5376 0.3824, 0.5419 0.5512 0.3051, 0.0763 0.5412 0.3619, 0.0761 0.5412 0.3619, 0.0752 0.5412 0.3617, 0.204 0.538 0.3798, 0.2043 0.5376 0.3824, 0.2043 0.5374 0.3831, 0.5282 0.5374 0.3831, 0.2051 0.5362 0.39, 0.205 0.5357 0.3929, 0.0073 0.5376 0.3824, 0.0249 0.5391 0.3734, 0.0073 0.5512 0.3051, 0.0286 0.5407 0.3646, 0.0343 0.5421 0.3569, 0.1581 0.5467 0.3304, 0.1637 0.546 0.3346, 0.1679 0.5451 0.3398, 0.117 0.5442 0.3446, 0.1204 0.5453 0.3383, 0.0471 0.54 0.3685, 0.0439 0.5392 0.3729, 0.0419 0.5384 0.3778, 0.0779 0.5376 0.3824, 0.0421 0.5432 0.3505, 0.0508 0.5439 0.3464, 0.0602 0.5442 0.3445, 0.0852 0.5427 0.3533, 0.0852 0.5425 0.3543, 0.1151 0.542 0.3572, 0.0846 0.5421 0.3564, 0.0835 0.5418 0.3584, 0.1248 0.5462 0.3335, 0.1305 0.5469 0.3297, 0.1369 0.5473 0.3273, 0.0824 0.5438 0.3469, 0.083 0.5437 0.3476, 0.0842 0.5434 0.3493, 0.085 0.5431 0.3512, 0.1153 0.543 0.3515, 0.1151 0.5425 0.3544, 0.1438 0.5474 0.3265, 0.1449 0.5474 0.3266, 0.1516 0.5472 0.3276, 0.1707 0.544 0.3458, 0.1752 0.5438 0.3472, 0.0746 0.5412 0.3617, 0.0618 0.5412 0.3616, 0.0567 0.5411 0.3625, 0.077 0.5442 0.3446, 0.0786 0.5442 0.3448, 0.0805 0.544 0.3456, 0.0517 0.5407 0.3647, 0.0475 0.5401 0.3681, 0.0413 0.5376 0.3824, 0.0412 0.5374 0.3831, 0.0783 0.5374 0.3831, 0.0412 0.5374 0.3833, 0.186 0.5374 0.3831, 0.1868 0.5369 0.3862, 0.0838 0.5358 0.3926, 0.1871 0.5361 0.3905, 0.1866 0.5354 0.3945, 0.0413 0.537 0.3857, 0.0426 0.536 0.3911, 0.0444 0.5354 0.3945, 0.133 0.5378 0.3809, 0.127 0.5384 0.3777, 0.1221 0.5392 0.3732, 0.1565 0.538 0.3798, 0.1502 0.5376 0.3821, 0.1857 0.5376 0.3824, 0.1477 0.5376 0.3824, 0.1434 0.5375 0.3829, 0.1399 0.5375 0.3827, 0.1849 0.5381 0.3793, 0.1671 0.5396 0.3706, 0.1623 0.5387 0.3758, 0.1815 0.5391 0.3736, 0.1764 0.54 0.3684, 0.1703 0.5407 0.3646, 0.0655 0.5335 0.4053, 0.1838 0.5338 0.4035, 0.1863 0.5349 0.3972, 0.0632 0.5335 0.4053, 0.0452 0.5352 0.396, 0.0485 0.5345 0.3996, 0.0529 0.534 0.4027, 0.0578 0.5336 0.4046, 0.0777 0.5292 0.4296, 0.0787 0.5291 0.4305, 0.1434 0.532 0.414, 0.0713 0.5306 0.4219, 0.1821 0.5334 0.4058, 0.1455 0.5318 0.4151, 0.0656 0.5334 0.4058, 0.0671 0.5322 0.4128, 0.1519 0.5314 0.4175, 0.1585 0.5312 0.4183, 0.1614 0.5312 0.4182, 0.0866 0.5281 0.436, 0.0955 0.5275 0.4394, 0.1391 0.5305 0.4227, 0.1051 0.5273 0.4406, 0.1685 0.5315 0.4166, 0.1748 0.5321 0.4133, 0.1798 0.5329 0.409, 0.1154 0.5275 0.4394, 0.1247 0.5281 0.4358, 0.1327 0.5291 0.4302, 0.0073 0.5374 0.3831, 0.0236 0.5374 0.3831, 0.0237 0.5376 0.3824, 0.0248 0.5358 0.3926, 0.0235 0.5374 0.3834, 0.0315 0.5334 0.4058, 0.0282 0.5342 0.4012, 0.0255 0.5354 0.3945, -0.1452 0.5512 0.3051, -0.1489 0.5445 0.3431, -0.1796 0.5393 0.3723, -0.181 0.54 0.3686, -0.1827 0.5376 0.3824, -0.1827 0.5512 0.3051, -0.1785 0.5429 0.3519, -0.1755 0.5435 0.3485, -0.1714 0.5441 0.3456, -0.1668 0.5444 0.3438, -0.16 0.5445 0.3431, -0.1817 0.541 0.3631, -0.1815 0.5414 0.3606, -0.1805 0.5422 0.356, -0.1716 0.538 0.38, -0.1757 0.5385 0.3771, -0.1771 0.5387 0.3758, -0.1492 0.5376 0.3824, -0.1492 0.5375 0.3826, -0.1452 0.5374 0.3831, -0.1606 0.5375 0.3825, -0.1827 0.5374 0.3831, -0.1615 0.5376 0.3824, -0.1668 0.5377 0.3818, -0.0143 0.5412 0.3618, -0.0142 0.5435 0.3486, -0.0286 0.5412 0.3617, -0.0305 0.5435 0.3485, -0.0286 0.5404 0.3662, -0.0299 0.5382 0.3789, -0.0143 0.5404 0.3663, -0.0144 0.5382 0.379, -0.0314 0.5376 0.3824, -0.0314 0.5374 0.3831, -0.0299 0.5376 0.3824, -0.0299 0.5374 0.3831, -0.0299 0.5374 0.3834, -0.0093 0.5374 0.3835, -0.0093 0.5374 0.3831, -0.0314 0.5512 0.3051, -0.0305 0.5443 0.344, -0.009 0.5443 0.3441, -0.0093 0.5376 0.3824, -0.1452 0.5264 0.4459, -0.1496 0.5265 0.4451, -0.1551 0.5265 0.4451, -0.1341 0.5334 0.4058, -0.1341 0.5334 0.4058, -0.133 0.5334 0.4058, -0.1452 0.5285 0.4339, -0.133 0.5354 0.3945, -0.1398 0.5334 0.4057, -0.1452 0.5354 0.3945, -0.1398 0.5334 0.4058, -0.1452 0.5334 0.4058, -0.1452 0.5315 0.4165, -0.1437 0.5315 0.4165, -0.1604 0.5316 0.4164, -0.1643 0.5334 0.4058, -0.1644 0.5335 0.4056, -0.1701 0.5335 0.4055, -0.1827 0.5354 0.3945, -0.17 0.5334 0.4058, -0.1827 0.5334 0.4058, -0.1827 0.5264 0.4459, -0.0911 0.5264 0.4455, -0.0955 0.5264 0.4459, -0.0858 0.5264 0.4459, -0.0858 0.5294 0.4284, -0.0898 0.5294 0.4284, -0.091 0.5272 0.441, -0.0898 0.5302 0.4238, -0.0955 0.5334 0.4058, -0.0858 0.5272 0.441, -0.0756 0.5272 0.4411, -0.0755 0.5294 0.4285, -0.0702 0.5334 0.4062, -0.0676 0.5334 0.4058, -0.0858 0.5334 0.4058, -0.0755 0.5302 0.4239, -0.0754 0.5326 0.4107, -0.0858 0.5302 0.4239, -0.0858 0.5326 0.4106, -0.0917 0.5326 0.4106, -0.0917 0.5334 0.4061, -0.0858 0.5334 0.4061, -0.0676 0.5264 0.4459, -0.0704 0.5264 0.4457, -0.0858 0.5264 0.4455, -0.0604 0.5264 0.4459, -0.0604 0.5265 0.4453, -0.0624 0.5266 0.4448, -0.0624 0.5275 0.4394, -0.0619 0.5275 0.4397, -0.0604 0.5323 0.412, -0.0622 0.5322 0.4128, -0.0385 0.531 0.4198, -0.0399 0.5315 0.4167, -0.0514 0.5271 0.4418, -0.0537 0.5326 0.4103, -0.053 0.5271 0.4418, -0.0583 0.5325 0.4111, -0.0579 0.5272 0.4412, -0.0604 0.5274 0.4403, -0.0416 0.5319 0.4144, -0.0424 0.532 0.4137, -0.045 0.5324 0.4118, -0.0478 0.5326 0.4107, -0.0518 0.5326 0.4102, -0.042 0.5278 0.4375, -0.0398 0.5284 0.4346, -0.0448 0.5274 0.4397, -0.0479 0.5272 0.4412, -0.0384 0.529 0.4312, -0.0377 0.5299 0.4257, -0.0378 0.5303 0.4236, -0.053 0.5263 0.4464, -0.053 0.5263 0.4464, -0.0604 0.5253 0.452, -0.0582 0.5263 0.446, -0.0587 0.5264 0.4459, -0.0353 0.5279 0.437, -0.0382 0.5273 0.4407, -0.0392 0.5271 0.4416, -0.0429 0.5267 0.4442, -0.0314 0.5264 0.4459, -0.0333 0.5287 0.4327, -0.0338 0.5285 0.4337, -0.0338 0.5314 0.4171, -0.0331 0.5311 0.419, -0.0314 0.5334 0.4058, -0.0323 0.53 0.4255, -0.0324 0.5296 0.4275, -0.0486 0.5334 0.4058, -0.0443 0.5333 0.4067, -0.0338 0.5334 0.4058, -0.0406 0.5329 0.4085, -0.0373 0.5325 0.4112, -0.0347 0.5318 0.4149, -0.0604 0.5354 0.3945, -0.0511 0.5334 0.4057, -0.049 0.5334 0.4058, -0.0622 0.5331 0.4079, -0.0615 0.5331 0.4076, -0.0604 0.5332 0.4073, -0.0149 0.5264 0.4459, -0.0146 0.5325 0.4111, -0.0306 0.5325 0.411, -0.0305 0.5333 0.4065, -0.0094 0.5333 0.4067, -0.3809 0.5253 0.452, -0.516 0.5253 0.452, -0.5112 0.5205 0.4793, -0.3809 0.5376 0.3824, -0.3809 0.5512 0.3051, -0.5413 0.5512 0.3051, -0.3809 0.5264 0.4459, -0.5171 0.5264 0.4459, -0.3809 0.5334 0.4058, -0.5242 0.5334 0.4058, -0.3809 0.5354 0.3945, -0.5262 0.5354 0.3945, -0.3809 0.5374 0.3831, -0.5282 0.5374 0.3831, -0.5283 0.5376 0.3824, -0.5419 0.5512 0.3051, -0.0651 0.5442 0.3447, -0.0651 0.5433 0.3498, -0.0604 0.5376 0.3824, -0.0604 0.5512 0.3051, -0.0676 0.5512 0.3051, -0.0676 0.5444 0.3438, -0.0674 0.5435 0.3484, -0.0676 0.5436 0.3484, -0.0676 0.5417 0.3589, -0.0666 0.5415 0.3598, -0.066 0.5414 0.3608, -0.0655 0.5411 0.3623, -0.0653 0.5407 0.3643, -0.0655 0.5404 0.366, -0.0675 0.5417 0.359, -0.0686 0.5444 0.3435, -0.0828 0.5422 0.3559, -0.0837 0.5425 0.3545, -0.0832 0.5404 0.3663, -0.0685 0.5397 0.3703, -0.0697 0.5396 0.371, -0.0676 0.5376 0.3824, -0.0661 0.5402 0.3676, -0.067 0.5399 0.3689, -0.0676 0.5398 0.3695, -0.0724 0.5394 0.372, -0.0765 0.5393 0.3724, -0.0858 0.5376 0.3824, -0.08 0.5394 0.3721, -0.0832 0.5395 0.3711, -0.0844 0.543 0.3512, -0.0842 0.5434 0.3493, -0.0858 0.5512 0.3051, -0.0836 0.5437 0.3477, -0.0826 0.5439 0.3464, -0.0774 0.5444 0.3435, -0.0728 0.5445 0.343, -0.0812 0.5441 0.3452, -0.08 0.5442 0.3445, -0.0759 0.54 0.3684, -0.0744 0.54 0.3683, -0.0704 0.5407 0.3647, -0.0731 0.5401 0.368, -0.072 0.5402 0.3674, -0.0705 0.5408 0.364, -0.0707 0.5409 0.3633, -0.071 0.541 0.3626, -0.0715 0.5411 0.3621, -0.0733 0.5413 0.361, -0.0794 0.5401 0.368, -0.0764 0.5416 0.3596, -0.0823 0.5403 0.3669, -0.0783 0.5417 0.3588, -0.0816 0.542 0.357, -0.0712 0.5403 0.3668, -0.0708 0.5404 0.3661, -0.0705 0.5405 0.3655, -0.0705 0.5437 0.3473, -0.0728 0.5422 0.356, -0.0698 0.542 0.3574, -0.0734 0.5438 0.347, -0.0736 0.5438 0.347, -0.0761 0.5424 0.3547, -0.0761 0.5437 0.3473, -0.0793 0.5431 0.3508, -0.0792 0.543 0.3514, -0.0774 0.5437 0.3477, -0.0779 0.5436 0.348, -0.0785 0.5435 0.3485, -0.0789 0.5434 0.3492, -0.0792 0.5433 0.3499, -0.079 0.5429 0.3522, -0.0786 0.5428 0.3528, -0.078 0.5427 0.3535, -0.0955 0.5408 0.3639, -0.1001 0.5432 0.3505, -0.1015 0.5432 0.3504, -0.1007 0.5436 0.3481, -0.1009 0.5436 0.3481, -0.1011 0.5434 0.3491, -0.1014 0.5452 0.3392, -0.1198 0.5444 0.3433, -0.1146 0.5395 0.3715, -0.1201 0.5376 0.3824, -0.1094 0.5395 0.3716, -0.0955 0.5376 0.3824, -0.0928 0.5394 0.3717, -0.0872 0.5394 0.3717, -0.0842 0.5427 0.3531, -0.088 0.5459 0.3351, -0.0879 0.5467 0.3307, -0.0991 0.5459 0.3348, -0.097 0.5464 0.3325, -0.0955 0.5512 0.3051, -0.0955 0.5465 0.3314, -0.0954 0.5466 0.3313, -0.0955 0.5432 0.3505, -0.094 0.5458 0.3356, -0.0949 0.5456 0.3366, -0.0934 0.5467 0.3305, -0.0912 0.5467 0.3303, -0.0901 0.5467 0.3303, -0.089 0.546 0.3348, -0.0908 0.546 0.3345, -0.0921 0.546 0.3347, -0.0932 0.5459 0.3351, -0.0955 0.5455 0.3376, -0.096 0.5453 0.3384, -0.0982 0.5444 0.3435, -0.133 0.5445 0.3432, -0.133 0.5512 0.3051, -0.1414 0.5445 0.3432, -0.1414 0.5437 0.3477, -0.1407 0.5383 0.3781, -0.1251 0.5413 0.3611, -0.125 0.5437 0.3478, -0.133 0.5413 0.361, -0.133 0.5437 0.3477, -0.1395 0.5413 0.361, -0.1395 0.5405 0.3655, -0.133 0.5405 0.3655, -0.133 0.5383 0.3781, -0.1253 0.5383 0.3782, -0.1252 0.5405 0.3656, -0.133 0.5374 0.3831, -0.133 0.5375 0.3827, -0.1201 0.5375 0.3828, -0.0955 0.5374 0.3831, -0.058 0.5404 0.366, -0.0584 0.5412 0.3619, -0.0583 0.5444 0.3438, -0.0338 0.5512 0.3051, -0.0533 0.5444 0.3438, -0.0383 0.5406 0.3653, -0.0383 0.5397 0.3701, -0.0338 0.5376 0.3824, -0.0494 0.54 0.3684, -0.0477 0.54 0.3686, -0.0449 0.5414 0.3606, -0.0373 0.542 0.3571, -0.0387 0.5418 0.3585, -0.0408 0.5416 0.3596, -0.0417 0.5402 0.3674, -0.0449 0.54 0.3684, -0.0482 0.5393 0.3726, -0.0431 0.5394 0.3721, -0.0393 0.5396 0.3707, -0.0516 0.5393 0.3722, -0.0536 0.5395 0.3715, -0.0552 0.5396 0.3705, -0.0561 0.5398 0.3697, -0.0571 0.5401 0.3682, -0.0395 0.5443 0.3443, -0.0378 0.5441 0.3455, -0.0373 0.544 0.3459, -0.0363 0.5437 0.3474, -0.0534 0.5412 0.3617, -0.0532 0.5408 0.3639, -0.0527 0.5405 0.3656, -0.0522 0.5403 0.3667, -0.047 0.5444 0.3435, -0.0444 0.5445 0.3432, -0.0414 0.5444 0.3436, -0.0356 0.5434 0.349, -0.0354 0.543 0.3515, -0.0356 0.5426 0.3537, -0.0362 0.5423 0.3555, -0.0514 0.5402 0.3675, -0.0505 0.5401 0.368, -0.0533 0.5436 0.3482, -0.0532 0.5436 0.3482, -0.0523 0.5438 0.3469, -0.0507 0.5441 0.3453, -0.049 0.5443 0.3442, -0.1895 0.5445 0.3428, -0.1838 0.5445 0.3429, -0.1993 0.5376 0.3822, -0.2048 0.5376 0.3822, -0.2198 0.5446 0.3426, -0.2141 0.5446 0.3427, -0.2101 0.5427 0.3535, -0.1934 0.5426 0.3536, -0.0858 0.5374 0.3831, -0.0676 0.5374 0.3831, -0.0676 0.5354 0.3945, -0.0858 0.5354 0.3945, -0.0955 0.5354 0.3945, -0.0149 0.5263 0.446, -0.0314 0.5253 0.452, -0.0097 0.5263 0.4461, -0.0097 0.5264 0.4459, -0.1319 0.5303 0.4235, -0.1309 0.5311 0.4189, -0.1299 0.5282 0.4352, -0.1314 0.5289 0.4315, -0.133 0.5264 0.4459, -0.132 0.5299 0.426, -0.1289 0.5318 0.4148, -0.1259 0.5324 0.4114, -0.1217 0.533 0.4085, -0.111 0.5265 0.4454, -0.1171 0.5266 0.4447, -0.1219 0.5269 0.4429, -0.1171 0.5333 0.4067, -0.1103 0.5334 0.4059, -0.0993 0.5334 0.406, -0.0995 0.5264 0.4455, -0.1261 0.5274 0.44, -0.1274 0.5276 0.4387, -0.0338 0.5253 0.452, -0.1827 0.5253 0.452, -0.1452 0.5253 0.452, -0.133 0.5253 0.452, -0.0955 0.5253 0.452, -0.0858 0.5253 0.452, -0.0676 0.5253 0.452, -0.3809 0.5205 0.4793, -0.1827 0.5205 0.4793, -0.1452 0.5205 0.4793, -0.133 0.5205 0.4793, -0.0955 0.5205 0.4793, -0.0858 0.5205 0.4793, -0.0676 0.5205 0.4793, -0.0604 0.5205 0.4793, -0.0338 0.5205 0.4793, -0.0314 0.5205 0.4793, 0.5807 -0.5118 0.3051, 0.5807 -0.5118 0.2461, 0.5807 -0.4331 0.3051, 0.5807 -0.4331 0.2461, 0.5807 -0.3346 0.2461, 0.5807 -0.1772 0.2461, 0.5807 -0.3346 0.3051, 0.5807 -0.1772 0.3051, 0.5807 -0.0787 0.2461, 0.5807 0.0787 0.2461, 0.5807 -0.0787 0.3051, 0.5807 0.0787 0.3051, 0.5807 0.1772 0.2461, 0.5807 0.3346 0.2461, 0.5807 0.1772 0.3051, 0.5807 0.3346 0.3051, -0.5807 -0.5118 0.2461, -0.5807 -0.5118 0.3051, -0.5807 -0.4331 0.2461, -0.5807 -0.4331 0.3051, -0.5807 -0.3346 0.3051, -0.5807 -0.1772 0.3051, -0.5807 -0.3346 0.2461, -0.5807 -0.1772 0.2461, -0.5807 -0.0787 0.3051, -0.5807 0.0787 0.3051, -0.5807 -0.0787 0.2461, -0.5807 0.0787 0.2461, -0.5807 0.1772 0.3051, -0.5807 0.3346 0.3051, -0.5807 0.1772 0.2461, -0.5807 0.3346 0.2461, 0.5807 0.4331 0.2461, 0.5807 0.5118 0.2461, 0.5807 0.4331 0.3051, 0.5807 0.5118 0.3051, -0.5413 0.5512 0.2461, 0.5413 0.5512 0.2461, -0.5807 0.4331 0.3051, -0.5807 0.5118 0.3051, -0.5807 0.4331 0.2461, -0.5807 0.5118 0.2461, 0.5413 -0.5512 0.3051, -0.5413 -0.5512 0.3051, 0.5413 -0.5512 0.2461, -0.5413 -0.5512 0.2461, 0.5112 0.4817 0.5118, -0.5112 0.4817 0.5118, 0.5112 -0.3102 0.5118, -0.5112 -0.3102 0.5118, -0.5112 -0.4817 0.0394, -0.5112 0.4817 0.0394, 0.5112 -0.4817 0.0394, 0.5112 0.4817 0.0394, -0.5419 -0.5512 0.246, -0.5112 -0.5205 0.0719, 0.5112 -0.5205 0.0719, 0.5419 -0.5512 0.246, 0.55 -0.4817 0.0719, 0.5807 0.5124 0.246, 0.55 0.4817 0.0719, 0.5807 -0.5124 0.246, -0.5807 -0.5124 0.246, -0.55 -0.4817 0.0719, -0.55 0.4817 0.0719, -0.5807 0.5124 0.246, 0.5419 0.5512 0.246, 0.5112 0.5205 0.0719, -0.5112 0.5205 0.0719, -0.5419 0.5512 0.246, -0.5807 0.5124 0.3051, -0.55 0.4817 0.4793, -0.55 -0.4817 0.4793, -0.5807 -0.5124 0.3051, 0.5807 -0.5124 0.3051, 0.55 -0.4817 0.4793, 0.55 0.4817 0.4793, 0.5807 0.5124 0.3051, 0.5419 -0.5512 0.3051, 0.5112 -0.5205 0.4793, -0.5112 -0.5205 0.4793, -0.5419 -0.5512 0.3051, 0.5112 0.518 0.4878, -0.5112 0.518 0.4878, 0.5112 0.5178 0.488, -0.5112 0.5178 0.488, 0.5112 0.5134 0.4958, -0.5112 0.5134 0.4958, 0.5112 0.5133 0.4959, -0.5112 0.5133 0.4959, 0.5112 0.5071 0.5025, -0.5112 0.5071 0.5025, 0.5112 0.507 0.5026, -0.5112 0.507 0.5026, 0.5112 0.4995 0.5076, -0.5112 0.4995 0.5076, 0.5112 0.4994 0.5076, -0.5112 0.4994 0.5076, 0.5112 0.4908 0.5107, -0.5112 0.4908 0.5107, 0.5112 0.4908 0.5107, -0.5112 0.4908 0.5107, 0.5178 0.5063 0.5025, 0.5158 0.4989 0.5076, 0.5136 0.4905 0.5107, 0.5158 0.4896 0.5107, 0.5191 0.4863 0.5107, 0.5177 0.4882 0.5107, 0.52 0.4841 0.5107, 0.5206 0.5167 0.4878, 0.5212 0.5189 0.4807, 0.5211 0.5189 0.4807, 0.5303 0.5149 0.4817, 0.5294 0.5131 0.4878, 0.5304 0.5148 0.4817, 0.5369 0.5073 0.4878, 0.5382 0.5087 0.482, 0.5426 0.4998 0.4878, 0.5444 0.5008 0.4817, 0.5444 0.5008 0.4817, 0.5463 0.4911 0.4878, 0.5484 0.4917 0.4807, 0.5484 0.4916 0.4807, 0.5475 0.4817 0.4878, 0.5203 0.4817 0.5107, 0.5201 0.4971 0.5076, 0.5238 0.4943 0.5076, 0.5266 0.4906 0.5076, 0.5284 0.4863 0.5076, 0.5204 0.4817 0.5107, 0.5289 0.4817 0.5076, 0.529 0.4817 0.5076, 0.5365 0.4817 0.5026, 0.5239 0.5037 0.5025, 0.5292 0.4997 0.5025, 0.5333 0.4944 0.5025, 0.5358 0.4883 0.5025, 0.5194 0.5123 0.4958, 0.5271 0.5092 0.4958, 0.5337 0.5041 0.4958, 0.5387 0.4976 0.4958, 0.5419 0.4899 0.4958, 0.5367 0.4817 0.5025, 0.5428 0.4817 0.4959, 0.5429 0.4817 0.4958, 0.5474 0.4817 0.488, -0.5428 0.4817 0.4959, -0.5367 0.4817 0.5025, -0.5358 0.4883 0.5025, -0.5284 0.4863 0.5076, -0.52 0.4841 0.5107, -0.5191 0.4863 0.5107, -0.5158 0.4896 0.5107, -0.5177 0.4882 0.5107, -0.5136 0.4905 0.5107, -0.5203 0.4817 0.5107, -0.5463 0.4911 0.4878, -0.5484 0.4917 0.4807, -0.5484 0.4916 0.4807, -0.5444 0.5008 0.4817, -0.5426 0.4998 0.4878, -0.5444 0.5008 0.4817, -0.5369 0.5073 0.4878, -0.5382 0.5087 0.482, -0.5294 0.5131 0.4878, -0.5304 0.5148 0.4817, -0.5303 0.5149 0.4817, -0.5206 0.5167 0.4878, -0.5212 0.5189 0.4807, -0.5211 0.5189 0.4807, -0.5365 0.4817 0.5026, -0.529 0.4817 0.5076, -0.5289 0.4817 0.5076, -0.5204 0.4817 0.5107, -0.5266 0.4906 0.5076, -0.5238 0.4943 0.5076, -0.5201 0.4971 0.5076, -0.5158 0.4989 0.5076, -0.5333 0.4944 0.5025, -0.5292 0.4997 0.5025, -0.5239 0.5037 0.5025, -0.5178 0.5063 0.5025, -0.5474 0.4817 0.488, -0.5429 0.4817 0.4958, -0.5419 0.4899 0.4958, -0.5387 0.4976 0.4958, -0.5337 0.5041 0.4958, -0.5271 0.5092 0.4958, -0.5194 0.5123 0.4958, -0.5475 0.4817 0.4878, 0.5168 -0.3102 0.5114, 0.5168 -0.4817 0.5114, 0.5202 -0.4817 0.5105, 0.5263 -0.4817 0.5088, 0.5288 -0.4817 0.5074, 0.5349 -0.4817 0.5039, 0.5364 -0.4817 0.5025, 0.542 -0.4817 0.4969, 0.5427 -0.4817 0.4959, 0.5472 -0.4817 0.4885, 0.5473 -0.4817 0.488, 0.5612 0.5458 0.3063, 0.561 0.5459 0.3063, 0.5519 0.5497 0.3059, 0.5515 0.5498 0.3059, 0.5692 0.5396 0.3065, 0.5753 0.5317 0.3063, 0.5754 0.5315 0.3063, 0.5793 0.5224 0.3059, 0.5793 0.522 0.3059, -0.5753 0.5317 0.3063, -0.5754 0.5315 0.3063, -0.5793 0.5224 0.3059, -0.5793 0.522 0.3059, -0.5692 0.5396 0.3065, -0.5612 0.5458 0.3063, -0.561 0.5459 0.3063, -0.5519 0.5497 0.3059, -0.5515 0.5498 0.3059, -0.5168 -0.3102 0.5114, -0.5202 -0.4817 0.5105, -0.5168 -0.4817 0.5114, -0.5473 -0.4817 0.488, -0.5472 -0.4817 0.4885, -0.5427 -0.4817 0.4959, -0.542 -0.4817 0.4969, -0.5364 -0.4817 0.5025, -0.5349 -0.4817 0.5039, -0.5288 -0.4817 0.5074, -0.5263 -0.4817 0.5088, -0.5112 -0.5177 0.4885, 0.5112 -0.5177 0.4885, -0.5112 -0.5175 0.4887, 0.5112 -0.5175 0.4887, -0.5112 -0.5125 0.4969, 0.5112 -0.5125 0.4969, -0.5112 -0.5124 0.4971, 0.5112 -0.5124 0.4971, -0.5112 -0.5054 0.5039, 0.5112 -0.5054 0.5039, -0.5112 -0.5053 0.5039, 0.5112 -0.5053 0.5039, -0.5112 -0.4968 0.5088, 0.5112 -0.4968 0.5088, -0.5112 -0.4968 0.5088, 0.5112 -0.4968 0.5088, 0.5112 -0.4873 0.5114, -0.5112 -0.4873 0.5114, 0.5341 -0.4878 0.5039, 0.5166 -0.4831 0.5114, 0.5484 -0.4916 0.4807, 0.546 -0.491 0.4885, 0.5484 -0.4917 0.4807, 0.5444 -0.5008 0.4817, 0.5424 -0.4997 0.4885, 0.5444 -0.5008 0.4817, 0.5367 -0.5071 0.4885, 0.5382 -0.5087 0.482, 0.5292 -0.5128 0.4885, 0.5304 -0.5148 0.4817, 0.5303 -0.5149 0.4817, 0.5205 -0.5164 0.4885, 0.5212 -0.5189 0.4807, 0.5211 -0.5189 0.4807, 0.5258 -0.4856 0.5088, 0.516 -0.4845 0.5114, 0.5243 -0.4893 0.5088, 0.5152 -0.4856 0.5114, 0.5219 -0.4924 0.5088, 0.514 -0.4865 0.5114, 0.5188 -0.4948 0.5088, 0.5127 -0.4871 0.5114, 0.5151 -0.4963 0.5088, 0.5174 -0.5046 0.5039, 0.5231 -0.5022 0.5039, 0.528 -0.4985 0.5039, 0.5318 -0.4936 0.5039, 0.541 -0.4897 0.4969, 0.5379 -0.4971 0.4969, 0.533 -0.5035 0.4969, 0.5266 -0.5084 0.4969, 0.5192 -0.5115 0.4969, 0.5515 0.5498 0.2453, 0.5519 0.5497 0.2453, 0.561 0.5459 0.2448, 0.5612 0.5458 0.2448, 0.5692 0.5396 0.2447, 0.5753 0.5317 0.2448, 0.5754 0.5315 0.2448, 0.5793 0.5224 0.2453, 0.5793 0.522 0.2453, -0.5515 0.5498 0.2453, -0.5519 0.5497 0.2453, -0.561 0.5459 0.2448, -0.5612 0.5458 0.2448, -0.5692 0.5396 0.2447, -0.5753 0.5317 0.2448, -0.5754 0.5315 0.2448, -0.5793 0.5224 0.2453, -0.5793 0.522 0.2453, -0.5205 -0.5164 0.4885, -0.5212 -0.5189 0.4807, -0.5211 -0.5189 0.4807, -0.5303 -0.5149 0.4817, -0.5292 -0.5128 0.4885, -0.5304 -0.5148 0.4817, -0.5367 -0.5071 0.4885, -0.5382 -0.5087 0.482, -0.5424 -0.4997 0.4885, -0.5444 -0.5008 0.4817, -0.5444 -0.5008 0.4817, -0.546 -0.491 0.4885, -0.5484 -0.4917 0.4807, -0.5484 -0.4916 0.4807, -0.5151 -0.4963 0.5088, -0.5258 -0.4856 0.5088, -0.5166 -0.4831 0.5114, -0.5243 -0.4893 0.5088, -0.516 -0.4845 0.5114, -0.5219 -0.4924 0.5088, -0.5152 -0.4856 0.5114, -0.5188 -0.4948 0.5088, -0.514 -0.4865 0.5114, -0.5127 -0.4871 0.5114, -0.5174 -0.5046 0.5039, -0.5341 -0.4878 0.5039, -0.5318 -0.4936 0.5039, -0.528 -0.4985 0.5039, -0.5231 -0.5022 0.5039, -0.5192 -0.5115 0.4969, -0.5266 -0.5084 0.4969, -0.533 -0.5035 0.4969, -0.5379 -0.4971 0.4969, -0.541 -0.4897 0.4969, 0.5753 -0.5317 0.3063, 0.5754 -0.5315 0.3063, 0.5793 -0.5224 0.3059, 0.5793 -0.522 0.3059, 0.5692 -0.5396 0.3065, 0.5612 -0.5458 0.3063, 0.561 -0.5459 0.3063, 0.5519 -0.5497 0.3059, 0.5515 -0.5498 0.3059, 0.5484 0.4916 0.0704, 0.5484 0.4917 0.0704, 0.5444 0.5008 0.0695, 0.5444 0.5008 0.0695, 0.5382 0.5087 0.0692, 0.5304 0.5148 0.0695, 0.5303 0.5149 0.0695, 0.5212 0.5189 0.0704, 0.5211 0.5189 0.0704, -0.5112 0.518 0.0634, 0.5112 0.518 0.0634, -0.5112 0.5178 0.0632, 0.5112 0.5178 0.0632, -0.5112 0.5134 0.0554, 0.5112 0.5134 0.0554, -0.5112 0.5133 0.0552, 0.5112 0.5133 0.0552, -0.5112 0.5071 0.0487, 0.5112 0.5071 0.0487, -0.5112 0.507 0.0486, 0.5112 0.507 0.0486, -0.5112 0.4995 0.0436, 0.5112 0.4995 0.0436, -0.5112 0.4994 0.0436, 0.5112 0.4994 0.0436, -0.5112 0.4908 0.0404, 0.5112 0.4908 0.0404, -0.5112 0.4908 0.0404, 0.5112 0.4908 0.0404, -0.5211 0.5189 0.0704, -0.5212 0.5189 0.0704, -0.5303 0.5149 0.0695, -0.5304 0.5148 0.0695, -0.5382 0.5087 0.0692, -0.5444 0.5008 0.0695, -0.5444 0.5008 0.0695, -0.5484 0.4917 0.0704, -0.5484 0.4916 0.0704, -0.5612 -0.5458 0.3063, -0.561 -0.5459 0.3063, -0.5519 -0.5497 0.3059, -0.5515 -0.5498 0.3059, -0.5692 -0.5396 0.3065, -0.5753 -0.5317 0.3063, -0.5754 -0.5315 0.3063, -0.5793 -0.5224 0.3059, -0.5793 -0.522 0.3059, 0.5515 -0.5498 0.2453, 0.5519 -0.5497 0.2453, 0.561 -0.5459 0.2448, 0.5612 -0.5458 0.2448, 0.5692 -0.5396 0.2447, 0.5753 -0.5317 0.2448, 0.5754 -0.5315 0.2448, 0.5793 -0.5224 0.2453, 0.5793 -0.522 0.2453, 0.5203 0.4817 0.0404, 0.52 0.4841 0.0404, 0.5158 0.4989 0.0436, 0.5178 0.5063 0.0487, 0.5194 0.5123 0.0554, 0.5206 0.5167 0.0634, 0.5294 0.5131 0.0634, 0.5475 0.4817 0.0634, 0.5463 0.4911 0.0634, 0.5474 0.4817 0.0632, 0.5419 0.4899 0.0554, 0.5271 0.5092 0.0554, 0.5369 0.5073 0.0634, 0.5429 0.4817 0.0554, 0.5428 0.4817 0.0552, 0.5358 0.4883 0.0487, 0.5239 0.5037 0.0487, 0.5337 0.5041 0.0554, 0.5367 0.4817 0.0487, 0.5365 0.4817 0.0486, 0.5284 0.4863 0.0436, 0.5292 0.4997 0.0487, 0.5201 0.4971 0.0436, 0.5136 0.4905 0.0404, 0.5426 0.4998 0.0634, 0.5387 0.4976 0.0554, 0.5333 0.4944 0.0487, 0.5266 0.4906 0.0436, 0.5191 0.4863 0.0404, 0.5238 0.4943 0.0436, 0.5158 0.4896 0.0404, 0.5177 0.4882 0.0404, 0.529 0.4817 0.0436, 0.5289 0.4817 0.0436, 0.5204 0.4817 0.0404, -0.5136 0.4905 0.0404, -0.5289 0.4817 0.0436, -0.529 0.4817 0.0436, -0.5284 0.4863 0.0436, -0.5365 0.4817 0.0486, -0.5367 0.4817 0.0487, -0.5358 0.4883 0.0487, -0.5419 0.4899 0.0554, -0.5463 0.4911 0.0634, -0.5426 0.4998 0.0634, -0.5206 0.5167 0.0634, -0.5475 0.4817 0.0634, -0.5474 0.4817 0.0632, -0.5429 0.4817 0.0554, -0.5428 0.4817 0.0552, -0.5194 0.5123 0.0554, -0.5387 0.4976 0.0554, -0.5369 0.5073 0.0634, -0.5178 0.5063 0.0487, -0.5333 0.4944 0.0487, -0.5337 0.5041 0.0554, -0.5158 0.4989 0.0436, -0.5292 0.4997 0.0487, -0.5266 0.4906 0.0436, -0.52 0.4841 0.0404, -0.5294 0.5131 0.0634, -0.5271 0.5092 0.0554, -0.5239 0.5037 0.0487, -0.5201 0.4971 0.0436, -0.5158 0.4896 0.0404, -0.5203 0.4817 0.0404, -0.5204 0.4817 0.0404, -0.5238 0.4943 0.0436, -0.5191 0.4863 0.0404, -0.5177 0.4882 0.0404, -0.5793 -0.522 0.2453, -0.5793 -0.5224 0.2453, -0.5754 -0.5315 0.2448, -0.5753 -0.5317 0.2448, -0.5692 -0.5396 0.2447, -0.5612 -0.5458 0.2448, -0.561 -0.5459 0.2448, -0.5519 -0.5497 0.2453, -0.5515 -0.5498 0.2453, 0.5198 -0.5191 0.0706, 0.5211 -0.5189 0.0704, 0.5278 -0.516 0.0698, 0.5303 -0.5149 0.0695, 0.5349 -0.5113 0.0693, 0.5486 -0.4902 0.0706, 0.5484 -0.4916 0.0704, 0.5455 -0.4982 0.0698, 0.5444 -0.5008 0.0695, 0.5409 -0.5053 0.0693, 0.5382 -0.5087 0.0692, 0.5475 -0.4817 0.0634, 0.5474 -0.4817 0.0632, 0.5429 -0.4817 0.0554, 0.5428 -0.4817 0.0552, 0.5367 -0.4817 0.0487, 0.5365 -0.4817 0.0486, 0.529 -0.4817 0.0436, 0.5289 -0.4817 0.0436, 0.5204 -0.4817 0.0404, 0.5203 -0.4817 0.0404, -0.5475 -0.4817 0.0634, -0.5474 -0.4817 0.0632, -0.5429 -0.4817 0.0554, -0.5428 -0.4817 0.0552, -0.5367 -0.4817 0.0487, -0.5365 -0.4817 0.0486, -0.529 -0.4817 0.0436, -0.5289 -0.4817 0.0436, -0.5204 -0.4817 0.0404, -0.5203 -0.4817 0.0404, -0.5484 -0.4916 0.0704, -0.5484 -0.4917 0.0704, -0.5444 -0.5008 0.0695, -0.5444 -0.5008 0.0695, -0.5382 -0.5087 0.0692, -0.5304 -0.5148 0.0695, -0.5303 -0.5149 0.0695, -0.5212 -0.5189 0.0704, -0.5211 -0.5189 0.0704, 0.5112 -0.4908 0.0404, 0.5133 -0.4906 0.0404, 0.5184 -0.4874 0.0404, 0.5169 -0.4888 0.0404, 0.5285 -0.4857 0.0436, 0.536 -0.4874 0.0487, 0.5421 -0.4888 0.0554, 0.5466 -0.4898 0.0634, 0.5439 -0.4974 0.0634, 0.527 -0.5144 0.0634, 0.5193 -0.517 0.0634, 0.5396 -0.5043 0.0634, 0.5112 -0.518 0.0634, 0.5112 -0.5178 0.0632, 0.5183 -0.5126 0.0554, 0.5398 -0.4955 0.0554, 0.5112 -0.5134 0.0554, 0.5112 -0.5133 0.0552, 0.5169 -0.5065 0.0487, 0.5341 -0.4927 0.0487, 0.536 -0.5015 0.0554, 0.5338 -0.51 0.0634, 0.5112 -0.5071 0.0487, 0.5112 -0.507 0.0486, 0.5152 -0.499 0.0436, 0.531 -0.5065 0.0554, 0.5311 -0.4976 0.0487, 0.5272 -0.4894 0.0436, 0.5201 -0.4837 0.0404, 0.5223 -0.4956 0.0436, 0.525 -0.5103 0.0554, 0.5223 -0.5046 0.0487, 0.5189 -0.4977 0.0436, 0.5152 -0.4899 0.0404, 0.5271 -0.5016 0.0487, 0.5251 -0.4928 0.0436, 0.5195 -0.4857 0.0404, 0.5112 -0.4995 0.0436, 0.5112 -0.4994 0.0436, 0.5112 -0.4908 0.0404, -0.52 -0.4841 0.0404, -0.5112 -0.4994 0.0436, -0.5112 -0.4995 0.0436, -0.5158 -0.4989 0.0436, -0.5112 -0.507 0.0486, -0.5112 -0.5071 0.0487, -0.5178 -0.5063 0.0487, -0.5194 -0.5123 0.0554, -0.5206 -0.5167 0.0634, -0.5294 -0.5131 0.0634, -0.5463 -0.4911 0.0634, -0.5112 -0.518 0.0634, -0.5112 -0.5178 0.0632, -0.5112 -0.5134 0.0554, -0.5112 -0.5133 0.0552, -0.5419 -0.4899 0.0554, -0.5271 -0.5092 0.0554, -0.5369 -0.5073 0.0634, -0.5358 -0.4883 0.0487, -0.5239 -0.5037 0.0487, -0.5337 -0.5041 0.0554, -0.5284 -0.4863 0.0436, -0.5292 -0.4997 0.0487, -0.5201 -0.4971 0.0436, -0.5136 -0.4905 0.0404, -0.5426 -0.4998 0.0634, -0.5387 -0.4976 0.0554, -0.5333 -0.4944 0.0487, -0.5266 -0.4906 0.0436, -0.5191 -0.4863 0.0404, -0.5112 -0.4908 0.0404, -0.5112 -0.4908 0.0404, -0.5238 -0.4943 0.0436, -0.5158 -0.4896 0.0404, -0.5177 -0.4882 0.0404, -0.5177 -0.4882 0.0404
            ]
        }
        coordIndex [
            0,1,2,-1,3,4,5,-1,6,7,8,-1,9,10,11,-1,12,13,14,-1,15,16,17,-1,18,19,20,-1,21,22,23,-1,23,22,0,-1,24,25,23,-1,23,25,26,-1,26,27,23,-1,23,27,28,-1,23,28,21,-1,24,23,29,-1,29,23,30,-1,29,30,31,-1,20,19,32,-1,19,33,32,-1,32,33,34,-1,32,34,35,-1,35,34,36,-1,37,38,20,-1,20,38,39,-1,20,39,18,-1,40,41,37,-1,41,42,37,-1,37,42,43,-1,37,43,38,-1,38,43,44,-1,38,44,45,-1,45,44,46,-1,45,46,47,-1,48,49,50,-1,50,51,48,-1,48,51,52,-1,48,52,37,-1,37,52,53,-1,37,53,40,-1,54,55,56,-1,57,58,59,-1,54,56,60,-1,57,59,61,-1,62,63,59,-1,55,64,56,-1,56,64,65,-1,56,65,66,-1,58,67,59,-1,59,67,68,-1,59,68,62,-1,62,68,69,-1,62,69,70,-1,70,69,71,-1,70,71,49,-1,49,71,72,-1,49,72,50,-1,73,74,75,-1,75,74,76,-1,75,76,77,-1,78,79,59,-1,59,79,80,-1,75,81,82,-1,83,84,56,-1,56,84,85,-1,56,85,86,-1,77,87,75,-1,75,87,88,-1,75,88,89,-1,90,91,92,-1,92,91,93,-1,92,93,56,-1,56,93,94,-1,56,94,60,-1,82,95,75,-1,75,95,96,-1,75,96,97,-1,81,98,99,-1,99,100,81,-1,81,100,101,-1,81,101,102,-1,102,101,90,-1,102,90,103,-1,103,90,92,-1,97,104,75,-1,75,104,105,-1,75,105,59,-1,59,105,106,-1,59,106,78,-1,80,107,59,-1,59,107,108,-1,59,108,61,-1,66,109,56,-1,56,109,110,-1,56,110,111,-1,89,112,75,-1,75,112,113,-1,75,113,81,-1,81,113,114,-1,81,114,98,-1,111,115,56,-1,56,115,116,-1,56,116,83,-1,85,117,86,-1,86,117,118,-1,86,118,119,-1,119,118,120,-1,121,17,122,-1,122,17,123,-1,122,123,124,-1,124,123,125,-1,120,126,119,-1,119,126,127,-1,119,127,123,-1,123,127,128,-1,123,128,125,-1,15,129,16,-1,16,129,130,-1,16,130,131,-1,132,133,134,-1,134,133,135,-1,134,135,121,-1,121,135,136,-1,121,136,17,-1,17,136,137,-1,17,137,15,-1,138,139,134,-1,134,139,140,-1,134,140,132,-1,138,141,139,-1,139,141,142,-1,139,142,143,-1,144,145,146,-1,146,125,144,-1,144,125,128,-1,144,128,147,-1,147,128,148,-1,148,149,147,-1,147,149,150,-1,147,150,151,-1,152,153,154,-1,152,154,155,-1,156,154,157,-1,145,144,156,-1,156,144,158,-1,156,158,154,-1,154,158,159,-1,154,159,155,-1,157,160,156,-1,156,160,161,-1,156,161,162,-1,153,163,154,-1,154,163,164,-1,154,164,165,-1,165,164,166,-1,167,168,162,-1,162,168,169,-1,162,169,156,-1,170,171,166,-1,166,171,172,-1,166,172,165,-1,173,174,175,-1,1,176,173,-1,173,176,177,-1,173,177,174,-1,22,178,0,-1,0,178,179,-1,0,179,1,-1,1,179,180,-1,1,180,176,-1,8,181,182,-1,183,184,185,-1,186,187,188,-1,188,189,186,-1,186,189,190,-1,186,190,181,-1,181,190,191,-1,181,191,182,-1,192,193,186,-1,186,193,194,-1,186,194,187,-1,195,196,185,-1,185,196,197,-1,185,197,183,-1,198,199,200,-1,200,199,201,-1,200,201,202,-1,202,201,203,-1,202,203,185,-1,185,203,204,-1,185,204,195,-1,205,206,207,-1,207,206,208,-1,207,208,209,-1,209,208,210,-1,209,210,211,-1,211,210,212,-1,213,214,215,-1,215,214,216,-1,216,214,217,-1,217,214,2,-1,217,2,218,-1,218,2,1,-1,218,1,219,-1,219,1,173,-1,219,173,73,-1,73,173,175,-1,73,175,74,-1,215,210,213,-1,213,210,208,-1,213,208,220,-1,220,208,221,-1,220,221,75,-1,75,221,222,-1,75,222,73,-1,73,222,223,-1,73,223,219,-1,224,225,226,-1,227,228,229,-1,229,228,230,-1,227,231,232,-1,232,231,233,-1,232,233,234,-1,233,235,234,-1,234,235,236,-1,234,236,237,-1,238,236,239,-1,239,236,235,-1,239,235,240,-1,240,235,233,-1,240,233,241,-1,241,233,242,-1,241,242,243,-1,243,242,244,-1,243,244,226,-1,226,244,245,-1,226,245,224,-1,246,247,248,-1,249,250,251,-1,252,253,250,-1,250,253,247,-1,250,247,251,-1,251,247,246,-1,251,254,249,-1,249,254,255,-1,249,255,256,-1,257,258,259,-1,260,261,262,-1,262,261,263,-1,262,263,252,-1,252,263,264,-1,252,264,253,-1,253,264,265,-1,253,265,259,-1,259,265,266,-1,259,266,257,-1,267,268,248,-1,248,268,269,-1,248,269,246,-1,270,271,267,-1,267,271,272,-1,267,272,273,-1,274,275,276,-1,274,276,273,-1,273,276,258,-1,273,258,267,-1,267,258,257,-1,267,257,268,-1,277,278,279,-1,279,280,281,-1,281,280,282,-1,281,282,283,-1,283,282,275,-1,283,275,284,-1,284,275,274,-1,278,285,279,-1,279,285,286,-1,279,286,287,-1,287,288,279,-1,279,288,289,-1,279,289,280,-1,290,291,292,-1,292,291,293,-1,291,294,293,-1,293,294,295,-1,293,295,279,-1,279,295,296,-1,279,296,277,-1,297,298,299,-1,299,298,300,-1,299,300,301,-1,14,302,303,-1,303,304,14,-1,14,304,305,-1,14,305,12,-1,306,307,14,-1,14,307,308,-1,14,308,302,-1,309,310,311,-1,311,310,312,-1,311,312,306,-1,306,312,313,-1,306,313,307,-1,314,315,316,-1,315,317,316,-1,316,317,318,-1,316,318,319,-1,320,321,322,-1,314,316,322,-1,322,316,3,-1,322,3,320,-1,276,323,258,-1,258,323,324,-1,258,324,11,-1,11,324,325,-1,11,325,9,-1,326,327,306,-1,306,327,328,-1,306,328,311,-1,311,328,329,-1,311,329,330,-1,331,332,333,-1,334,335,336,-1,332,337,338,-1,338,337,339,-1,338,339,340,-1,340,339,341,-1,340,341,342,-1,342,341,343,-1,342,343,344,-1,344,343,334,-1,344,334,345,-1,345,334,336,-1,345,336,346,-1,347,348,349,-1,350,351,352,-1,353,354,355,-1,356,357,348,-1,348,357,358,-1,348,358,349,-1,349,358,359,-1,349,359,360,-1,353,355,348,-1,348,355,361,-1,348,361,356,-1,352,351,362,-1,363,364,365,-1,366,367,368,-1,360,369,349,-1,349,369,370,-1,349,370,368,-1,368,370,371,-1,368,371,366,-1,367,372,368,-1,368,372,373,-1,368,373,374,-1,373,375,374,-1,374,375,376,-1,374,376,365,-1,377,378,379,-1,379,378,380,-1,379,380,381,-1,379,382,351,-1,351,382,383,-1,351,383,362,-1,381,384,379,-1,379,384,385,-1,379,385,382,-1,386,387,388,-1,388,387,389,-1,388,389,390,-1,388,391,386,-1,386,391,392,-1,386,392,393,-1,393,394,386,-1,386,394,395,-1,386,395,396,-1,396,395,397,-1,396,397,398,-1,398,397,399,-1,398,399,365,-1,365,399,400,-1,365,400,363,-1,401,402,390,-1,390,402,403,-1,390,403,388,-1,404,405,354,-1,354,405,406,-1,354,406,355,-1,404,407,405,-1,405,407,408,-1,405,408,409,-1,409,408,410,-1,409,411,412,-1,410,413,409,-1,409,413,414,-1,409,414,415,-1,415,416,409,-1,409,416,417,-1,409,417,411,-1,412,418,409,-1,409,418,419,-1,409,419,420,-1,421,422,423,-1,424,425,422,-1,422,425,426,-1,422,426,423,-1,427,428,429,-1,429,428,430,-1,429,430,431,-1,431,430,432,-1,423,431,421,-1,421,431,432,-1,421,432,433,-1,433,432,434,-1,364,435,365,-1,365,435,377,-1,365,377,374,-1,374,377,379,-1,374,379,436,-1,436,379,437,-1,438,439,440,-1,440,439,441,-1,440,441,442,-1,443,444,445,-1,442,446,440,-1,440,446,447,-1,440,447,379,-1,379,447,448,-1,379,448,437,-1,432,374,434,-1,434,374,436,-1,434,436,443,-1,443,436,449,-1,443,449,450,-1,450,451,443,-1,443,451,452,-1,443,452,444,-1,445,453,443,-1,443,453,454,-1,443,454,455,-1,427,438,428,-1,428,438,440,-1,428,440,456,-1,456,440,457,-1,456,457,458,-1,458,457,181,-1,458,181,459,-1,459,181,8,-1,459,8,460,-1,460,8,7,-1,461,462,463,-1,463,462,464,-1,463,464,465,-1,465,464,459,-1,465,459,466,-1,466,459,460,-1,466,460,467,-1,460,468,467,-1,467,468,469,-1,467,469,470,-1,182,198,8,-1,8,198,200,-1,8,200,6,-1,6,200,471,-1,6,471,472,-1,472,471,473,-1,473,471,474,-1,473,474,430,-1,349,475,476,-1,350,477,478,-1,478,477,479,-1,480,481,482,-1,483,484,485,-1,352,347,350,-1,350,347,349,-1,350,349,477,-1,477,349,476,-1,486,487,480,-1,480,487,488,-1,480,488,489,-1,489,488,485,-1,489,485,490,-1,490,485,484,-1,491,349,492,-1,492,349,482,-1,492,482,493,-1,493,482,481,-1,491,494,349,-1,349,494,495,-1,349,495,496,-1,496,497,349,-1,349,497,498,-1,349,498,475,-1,499,500,478,-1,478,500,501,-1,478,501,502,-1,503,504,485,-1,485,504,505,-1,485,505,506,-1,507,508,478,-1,478,508,509,-1,478,509,499,-1,502,510,478,-1,478,510,511,-1,478,511,482,-1,482,511,512,-1,482,512,480,-1,480,512,513,-1,480,513,486,-1,506,514,485,-1,485,514,515,-1,485,515,483,-1,479,516,517,-1,517,518,479,-1,479,518,519,-1,479,519,478,-1,478,519,520,-1,478,520,507,-1,521,522,186,-1,186,522,185,-1,186,185,192,-1,192,185,184,-1,523,524,334,-1,334,524,335,-1,335,524,525,-1,335,525,526,-1,527,528,526,-1,526,528,521,-1,526,521,335,-1,335,521,186,-1,430,474,432,-1,432,474,529,-1,432,529,374,-1,374,529,530,-1,374,530,368,-1,368,530,5,-1,368,5,349,-1,349,5,4,-1,349,4,482,-1,3,5,320,-1,320,5,530,-1,320,530,531,-1,531,530,529,-1,531,529,532,-1,532,529,474,-1,532,474,533,-1,533,474,471,-1,533,471,231,-1,231,471,200,-1,231,200,233,-1,233,200,202,-1,233,202,242,-1,534,535,536,-1,536,535,30,-1,536,30,537,-1,537,30,23,-1,537,23,330,-1,330,23,0,-1,330,0,311,-1,311,0,2,-1,220,478,213,-1,213,478,482,-1,213,482,214,-1,214,482,4,-1,214,4,2,-1,2,4,3,-1,2,3,311,-1,311,3,316,-1,311,316,309,-1,309,316,319,-1,227,229,231,-1,231,229,253,-1,231,253,533,-1,533,253,259,-1,533,259,532,-1,532,259,258,-1,532,258,531,-1,531,258,11,-1,531,11,320,-1,320,11,10,-1,320,10,321,-1,538,539,229,-1,540,541,542,-1,542,541,543,-1,539,544,229,-1,229,544,545,-1,229,545,546,-1,247,547,542,-1,542,547,548,-1,542,548,549,-1,546,550,229,-1,229,550,551,-1,229,551,253,-1,253,551,552,-1,253,552,247,-1,247,552,553,-1,247,553,547,-1,549,554,542,-1,542,554,555,-1,542,555,540,-1,225,224,230,-1,230,224,542,-1,230,542,229,-1,229,542,543,-1,229,543,538,-1,522,523,185,-1,185,523,334,-1,185,334,202,-1,202,334,343,-1,202,343,242,-1,242,343,341,-1,242,341,244,-1,244,341,339,-1,244,339,245,-1,245,339,337,-1,297,299,13,-1,13,299,556,-1,13,556,14,-1,14,556,535,-1,14,535,306,-1,306,535,534,-1,306,534,326,-1,332,331,337,-1,337,331,557,-1,337,557,245,-1,245,557,558,-1,245,558,224,-1,224,558,559,-1,224,559,542,-1,542,559,560,-1,542,560,247,-1,247,560,561,-1,247,561,248,-1,248,561,562,-1,248,562,267,-1,267,562,299,-1,267,299,270,-1,270,299,301,-1,270,301,271,-1,333,563,331,-1,331,563,564,-1,331,564,557,-1,557,564,565,-1,557,565,558,-1,558,565,566,-1,558,566,559,-1,559,566,567,-1,559,567,560,-1,560,567,568,-1,560,568,561,-1,561,568,569,-1,561,569,562,-1,562,569,570,-1,562,570,299,-1,299,570,571,-1,299,571,556,-1,556,571,572,-1,556,572,535,-1,535,572,35,-1,535,35,30,-1,30,35,36,-1,30,36,31,-1,573,574,575,-1,575,574,576,-1,577,578,579,-1,579,578,580,-1,581,582,583,-1,583,582,584,-1,585,586,587,-1,587,586,588,-1,589,590,591,-1,591,590,592,-1,593,594,595,-1,595,594,596,-1,597,598,599,-1,599,598,600,-1,601,602,603,-1,603,602,604,-1,605,606,607,-1,607,606,608,-1,336,59,609,-1,609,59,610,-1,611,612,613,-1,613,612,614,-1,615,616,617,-1,617,616,618,-1,619,620,621,-1,621,620,622,-1,623,624,625,-1,625,624,626,-1,627,628,618,-1,618,628,629,-1,618,629,617,-1,617,629,630,-1,578,577,631,-1,632,606,633,-1,633,606,605,-1,633,605,586,-1,577,576,631,-1,631,576,574,-1,631,574,634,-1,586,585,633,-1,633,585,582,-1,633,582,631,-1,631,582,581,-1,631,581,578,-1,635,589,636,-1,636,589,591,-1,636,591,595,-1,603,604,637,-1,604,613,637,-1,637,613,614,-1,637,614,638,-1,595,596,636,-1,636,596,599,-1,636,599,637,-1,637,599,600,-1,637,600,603,-1,610,639,640,-1,610,640,609,-1,609,640,641,-1,609,641,642,-1,643,612,644,-1,644,612,611,-1,644,611,602,-1,594,593,645,-1,602,601,644,-1,644,601,598,-1,644,598,645,-1,645,598,597,-1,645,597,594,-1,593,592,645,-1,645,592,590,-1,645,590,646,-1,647,573,648,-1,648,573,575,-1,648,575,579,-1,587,588,649,-1,579,580,648,-1,648,580,583,-1,648,583,649,-1,649,583,584,-1,649,584,587,-1,588,607,649,-1,649,607,608,-1,649,608,650,-1,615,651,652,-1,615,652,616,-1,616,652,653,-1,616,653,654,-1,32,333,655,-1,655,333,656,-1,655,656,657,-1,657,656,658,-1,657,658,659,-1,659,658,660,-1,659,660,661,-1,661,660,662,-1,661,662,663,-1,663,662,664,-1,663,664,665,-1,665,664,666,-1,665,666,667,-1,667,666,668,-1,667,668,669,-1,669,668,670,-1,669,670,671,-1,671,670,672,-1,671,672,673,-1,672,674,673,-1,673,674,620,-1,673,620,619,-1,661,663,675,-1,676,677,678,-1,619,679,680,-1,681,679,619,-1,678,677,619,-1,673,619,677,-1,682,683,684,-1,683,682,685,-1,685,682,686,-1,685,686,687,-1,687,686,688,-1,687,688,689,-1,689,688,690,-1,689,690,691,-1,691,690,692,-1,692,690,693,-1,692,693,694,-1,694,693,695,-1,695,693,696,-1,695,696,649,-1,697,681,619,-1,665,667,676,-1,676,667,669,-1,676,669,677,-1,677,669,671,-1,677,671,673,-1,698,680,699,-1,699,680,679,-1,699,679,700,-1,700,679,681,-1,700,681,701,-1,697,702,681,-1,681,702,703,-1,681,703,701,-1,701,703,704,-1,701,704,705,-1,675,698,706,-1,706,698,699,-1,706,699,707,-1,707,699,700,-1,707,700,708,-1,708,700,701,-1,708,701,709,-1,709,701,705,-1,657,659,710,-1,710,659,661,-1,661,675,710,-1,710,675,706,-1,710,706,711,-1,711,706,707,-1,711,707,712,-1,712,707,708,-1,712,708,713,-1,713,708,709,-1,713,709,714,-1,663,665,675,-1,675,665,676,-1,675,676,698,-1,698,676,678,-1,698,678,680,-1,680,678,619,-1,657,682,655,-1,655,682,684,-1,655,684,32,-1,705,715,709,-1,709,715,716,-1,709,716,714,-1,714,716,717,-1,714,717,718,-1,657,710,682,-1,682,710,711,-1,682,711,686,-1,686,711,712,-1,686,712,688,-1,688,712,713,-1,688,713,690,-1,690,713,714,-1,690,714,693,-1,693,714,718,-1,693,718,696,-1,719,720,721,-1,722,723,724,-1,620,725,726,-1,727,725,620,-1,724,723,620,-1,728,620,723,-1,729,730,731,-1,730,729,732,-1,732,729,733,-1,732,733,734,-1,734,733,735,-1,734,735,736,-1,736,735,737,-1,736,737,738,-1,738,737,739,-1,739,737,740,-1,739,740,741,-1,741,740,742,-1,742,740,656,-1,742,656,333,-1,674,727,620,-1,743,744,722,-1,722,744,745,-1,722,745,723,-1,723,745,746,-1,723,746,728,-1,747,726,748,-1,748,726,725,-1,748,725,749,-1,749,725,727,-1,749,727,750,-1,674,672,727,-1,727,672,670,-1,727,670,750,-1,750,670,668,-1,750,668,666,-1,721,747,751,-1,751,747,748,-1,751,748,752,-1,752,748,749,-1,752,749,753,-1,753,749,750,-1,753,750,754,-1,754,750,666,-1,755,756,757,-1,757,756,719,-1,719,721,757,-1,757,721,751,-1,757,751,758,-1,758,751,752,-1,758,752,759,-1,759,752,753,-1,759,753,760,-1,760,753,754,-1,760,754,761,-1,720,743,721,-1,721,743,722,-1,721,722,747,-1,747,722,724,-1,747,724,726,-1,726,724,620,-1,755,729,762,-1,762,729,731,-1,762,731,644,-1,666,664,754,-1,754,664,662,-1,754,662,761,-1,761,662,660,-1,761,660,658,-1,755,757,729,-1,729,757,758,-1,729,758,733,-1,733,758,759,-1,733,759,735,-1,735,759,760,-1,735,760,737,-1,737,760,761,-1,737,761,740,-1,740,761,658,-1,740,658,656,-1,763,764,765,-1,697,619,621,-1,621,763,697,-1,697,763,765,-1,697,765,702,-1,702,765,766,-1,702,766,703,-1,703,766,767,-1,703,767,704,-1,704,767,768,-1,704,768,705,-1,705,768,769,-1,705,769,715,-1,715,769,770,-1,715,770,716,-1,716,770,771,-1,716,771,717,-1,717,771,772,-1,717,772,718,-1,718,772,773,-1,718,773,696,-1,696,773,648,-1,696,648,649,-1,774,775,684,-1,684,775,776,-1,684,776,32,-1,32,776,777,-1,32,777,63,-1,684,683,774,-1,774,683,685,-1,774,685,778,-1,778,685,687,-1,687,689,778,-1,778,689,691,-1,778,691,779,-1,779,691,692,-1,779,692,780,-1,780,692,694,-1,780,694,781,-1,781,694,695,-1,781,695,782,-1,782,695,649,-1,782,649,650,-1,783,784,731,-1,731,784,785,-1,731,785,644,-1,644,785,786,-1,644,786,643,-1,731,730,783,-1,783,730,732,-1,783,732,787,-1,787,732,734,-1,734,736,787,-1,787,736,738,-1,787,738,788,-1,788,738,739,-1,788,739,789,-1,789,739,741,-1,789,741,790,-1,790,741,742,-1,790,742,791,-1,791,742,333,-1,791,333,346,-1,792,622,620,-1,620,728,792,-1,792,728,793,-1,792,793,794,-1,719,756,795,-1,795,756,755,-1,795,755,645,-1,645,755,762,-1,645,762,644,-1,795,796,719,-1,719,796,797,-1,719,797,720,-1,720,797,743,-1,797,798,743,-1,743,798,799,-1,743,799,744,-1,744,799,745,-1,799,800,745,-1,745,800,801,-1,745,801,746,-1,746,801,728,-1,728,801,802,-1,728,802,793,-1,653,652,803,-1,803,652,804,-1,803,804,805,-1,805,804,806,-1,805,806,807,-1,807,806,808,-1,807,808,809,-1,809,808,810,-1,809,810,811,-1,811,810,812,-1,811,812,813,-1,813,812,814,-1,813,814,815,-1,815,814,816,-1,815,816,817,-1,816,818,817,-1,817,818,819,-1,817,819,820,-1,769,768,821,-1,765,764,822,-1,823,648,773,-1,824,825,823,-1,825,824,826,-1,826,824,827,-1,826,827,828,-1,828,827,829,-1,828,829,830,-1,830,829,831,-1,830,831,832,-1,832,831,833,-1,833,831,834,-1,833,834,835,-1,835,834,836,-1,836,834,804,-1,836,804,652,-1,767,766,837,-1,837,766,765,-1,765,822,837,-1,837,822,838,-1,837,838,839,-1,839,838,840,-1,839,840,841,-1,841,840,842,-1,841,842,843,-1,843,842,844,-1,843,844,845,-1,844,819,818,-1,844,818,845,-1,845,818,816,-1,845,816,814,-1,814,846,845,-1,845,846,847,-1,845,847,843,-1,843,847,848,-1,843,848,841,-1,841,848,849,-1,841,849,839,-1,839,849,821,-1,839,821,837,-1,837,821,768,-1,837,768,767,-1,771,770,850,-1,850,770,769,-1,769,821,850,-1,850,821,849,-1,850,849,851,-1,851,849,848,-1,851,848,852,-1,852,848,847,-1,852,847,853,-1,853,847,846,-1,853,846,854,-1,823,773,824,-1,824,773,772,-1,824,772,771,-1,814,812,846,-1,846,812,810,-1,846,810,854,-1,854,810,808,-1,854,808,806,-1,771,850,824,-1,824,850,851,-1,824,851,827,-1,827,851,852,-1,827,852,829,-1,829,852,853,-1,829,853,831,-1,831,853,854,-1,831,854,834,-1,834,854,806,-1,834,806,804,-1,610,59,639,-1,639,59,63,-1,639,63,855,-1,855,63,777,-1,855,777,856,-1,856,777,776,-1,856,776,857,-1,857,776,775,-1,857,775,858,-1,858,775,774,-1,858,774,859,-1,859,774,778,-1,859,778,860,-1,860,778,779,-1,860,779,861,-1,861,779,780,-1,861,780,862,-1,862,780,781,-1,862,781,863,-1,863,781,782,-1,863,782,632,-1,632,782,650,-1,632,650,606,-1,606,650,608,-1,336,609,346,-1,346,609,642,-1,346,642,791,-1,791,642,864,-1,791,864,790,-1,790,864,865,-1,790,865,789,-1,789,865,866,-1,789,866,788,-1,788,866,867,-1,788,867,787,-1,787,867,868,-1,787,868,783,-1,783,868,869,-1,783,869,784,-1,784,869,870,-1,784,870,785,-1,785,870,871,-1,785,871,786,-1,786,871,872,-1,786,872,643,-1,643,872,638,-1,643,638,612,-1,612,638,614,-1,873,874,875,-1,874,873,876,-1,876,873,877,-1,876,877,878,-1,878,877,879,-1,878,879,880,-1,880,879,881,-1,880,881,882,-1,882,881,883,-1,883,881,884,-1,883,884,885,-1,884,796,795,-1,885,884,886,-1,886,884,795,-1,886,795,645,-1,887,815,817,-1,794,888,889,-1,889,888,890,-1,889,890,891,-1,891,890,892,-1,891,892,893,-1,893,892,894,-1,893,894,895,-1,895,894,887,-1,895,887,896,-1,896,887,817,-1,896,817,820,-1,809,811,897,-1,897,811,813,-1,794,793,888,-1,888,793,802,-1,888,802,801,-1,801,898,888,-1,888,898,899,-1,888,899,890,-1,890,899,900,-1,890,900,892,-1,892,900,901,-1,892,901,894,-1,894,901,897,-1,894,897,887,-1,887,897,813,-1,887,813,815,-1,805,807,902,-1,902,807,809,-1,809,897,902,-1,902,897,901,-1,902,901,903,-1,903,901,900,-1,903,900,904,-1,904,900,899,-1,904,899,905,-1,905,899,898,-1,905,898,906,-1,805,873,803,-1,803,873,875,-1,803,875,653,-1,801,800,898,-1,898,800,799,-1,898,799,906,-1,906,799,798,-1,906,798,797,-1,805,902,873,-1,873,902,903,-1,873,903,877,-1,877,903,904,-1,877,904,879,-1,879,904,905,-1,879,905,881,-1,881,905,906,-1,881,906,884,-1,884,906,797,-1,884,797,796,-1,907,908,823,-1,823,908,909,-1,823,909,648,-1,648,909,910,-1,648,910,647,-1,823,825,907,-1,907,825,826,-1,907,826,911,-1,911,826,828,-1,828,830,911,-1,911,830,832,-1,911,832,912,-1,912,832,833,-1,912,833,913,-1,913,833,835,-1,913,835,914,-1,914,835,836,-1,914,836,915,-1,915,836,652,-1,915,652,651,-1,860,861,916,-1,916,861,862,-1,916,862,633,-1,633,862,863,-1,633,863,632,-1,916,917,860,-1,860,917,918,-1,860,918,859,-1,859,918,919,-1,919,920,859,-1,859,920,921,-1,859,921,858,-1,858,921,922,-1,858,922,857,-1,857,922,923,-1,857,923,856,-1,856,923,924,-1,856,924,855,-1,855,924,640,-1,855,640,639,-1,641,640,925,-1,925,640,926,-1,925,926,927,-1,927,926,928,-1,927,928,929,-1,929,928,930,-1,929,930,931,-1,931,930,932,-1,931,932,933,-1,933,932,934,-1,933,934,935,-1,935,934,936,-1,935,936,937,-1,937,936,938,-1,937,938,939,-1,939,938,940,-1,939,940,941,-1,941,940,942,-1,941,942,943,-1,942,944,943,-1,943,944,626,-1,943,626,624,-1,867,866,945,-1,945,866,865,-1,945,865,641,-1,641,865,864,-1,641,864,642,-1,945,946,867,-1,867,946,947,-1,867,947,868,-1,868,947,948,-1,948,949,868,-1,868,949,950,-1,868,950,869,-1,869,950,951,-1,869,951,870,-1,870,951,952,-1,870,952,871,-1,871,952,953,-1,871,953,872,-1,872,953,637,-1,872,637,638,-1,954,955,875,-1,875,955,956,-1,875,956,653,-1,653,956,957,-1,653,957,654,-1,875,874,954,-1,954,874,876,-1,954,876,958,-1,958,876,878,-1,878,880,958,-1,958,880,882,-1,958,882,959,-1,959,882,883,-1,959,883,960,-1,960,883,885,-1,960,885,961,-1,961,885,886,-1,961,886,962,-1,962,886,645,-1,962,645,646,-1,615,617,651,-1,651,617,630,-1,651,630,915,-1,915,630,963,-1,915,963,914,-1,914,963,964,-1,914,964,913,-1,913,964,965,-1,913,965,912,-1,912,965,966,-1,912,966,911,-1,911,966,967,-1,911,967,907,-1,907,967,968,-1,907,968,908,-1,908,968,969,-1,908,969,909,-1,909,969,970,-1,909,970,910,-1,910,970,971,-1,910,971,647,-1,647,971,634,-1,647,634,573,-1,573,634,574,-1,972,626,973,-1,940,938,974,-1,936,934,975,-1,976,977,978,-1,916,633,979,-1,918,917,980,-1,980,917,916,-1,924,923,977,-1,977,923,922,-1,977,922,978,-1,978,922,921,-1,978,921,920,-1,640,924,926,-1,926,924,977,-1,926,977,928,-1,928,977,976,-1,928,976,930,-1,930,976,932,-1,916,979,980,-1,980,979,981,-1,980,981,982,-1,934,932,975,-1,975,932,976,-1,975,976,983,-1,983,976,978,-1,983,978,984,-1,984,978,920,-1,981,985,982,-1,982,985,986,-1,982,986,987,-1,938,936,974,-1,974,936,975,-1,974,975,988,-1,988,975,983,-1,988,983,989,-1,989,983,984,-1,986,990,987,-1,987,990,991,-1,987,991,992,-1,989,993,988,-1,988,993,994,-1,988,994,974,-1,974,994,995,-1,974,995,940,-1,919,918,996,-1,996,918,980,-1,996,980,997,-1,997,980,982,-1,997,982,998,-1,998,982,987,-1,998,987,999,-1,999,987,992,-1,999,992,1000,-1,1000,992,973,-1,1000,973,626,-1,626,944,995,-1,995,944,942,-1,995,942,940,-1,993,1001,994,-1,994,1001,1002,-1,994,1002,995,-1,995,1002,626,-1,1001,1003,1002,-1,1002,1003,626,-1,991,1004,992,-1,992,1004,1005,-1,992,1005,973,-1,973,1005,1006,-1,973,1006,972,-1,920,919,984,-1,984,919,996,-1,984,996,989,-1,989,996,997,-1,989,997,993,-1,993,997,998,-1,993,998,1001,-1,1001,998,999,-1,1001,999,1003,-1,1003,999,1000,-1,1003,1000,626,-1,943,624,1007,-1,1008,1009,1010,-1,1011,1012,1013,-1,1014,1015,1016,-1,945,641,925,-1,947,946,1017,-1,1017,946,945,-1,953,952,1015,-1,1015,952,951,-1,1015,951,1016,-1,1016,951,950,-1,1016,950,949,-1,637,953,1018,-1,1018,953,1015,-1,1018,1015,1019,-1,1019,1015,1014,-1,1019,1014,1020,-1,1020,1014,1021,-1,945,925,1017,-1,1017,925,927,-1,1017,927,1022,-1,1012,1021,1013,-1,1013,1021,1014,-1,1013,1014,1023,-1,1023,1014,1016,-1,1023,1016,1024,-1,1024,1016,949,-1,927,929,1022,-1,1022,929,931,-1,1022,931,1025,-1,1009,1011,1010,-1,1010,1011,1013,-1,1010,1013,1026,-1,1026,1013,1023,-1,1026,1023,1027,-1,1027,1023,1024,-1,931,933,1025,-1,1025,933,935,-1,1025,935,1028,-1,1027,1029,1026,-1,1026,1029,1030,-1,1026,1030,1010,-1,1010,1030,1031,-1,1010,1031,1008,-1,948,947,1032,-1,1032,947,1017,-1,1032,1017,1033,-1,1033,1017,1022,-1,1033,1022,1034,-1,1034,1022,1025,-1,1034,1025,1035,-1,1035,1025,1028,-1,1035,1028,1036,-1,1036,1028,1007,-1,1036,1007,624,-1,624,1037,1031,-1,1031,1037,1038,-1,1031,1038,1008,-1,1029,1039,1030,-1,1030,1039,1040,-1,1030,1040,1031,-1,1031,1040,624,-1,1039,1041,1040,-1,1040,1041,624,-1,935,937,1028,-1,1028,937,939,-1,1028,939,1007,-1,1007,939,941,-1,1007,941,943,-1,949,948,1024,-1,1024,948,1032,-1,1024,1032,1027,-1,1027,1032,1033,-1,1027,1033,1029,-1,1029,1033,1034,-1,1029,1034,1039,-1,1039,1034,1035,-1,1039,1035,1041,-1,1041,1035,1036,-1,1041,1036,624,-1,590,589,646,-1,646,589,635,-1,646,635,962,-1,962,635,1042,-1,962,1042,961,-1,961,1042,1043,-1,961,1043,960,-1,960,1043,1044,-1,960,1044,959,-1,959,1044,1045,-1,959,1045,958,-1,958,1045,1046,-1,958,1046,954,-1,954,1046,1047,-1,954,1047,955,-1,955,1047,1048,-1,955,1048,956,-1,956,1048,1049,-1,956,1049,957,-1,957,1049,1050,-1,957,1050,654,-1,654,1050,627,-1,654,627,616,-1,616,627,618,-1,630,629,963,-1,963,629,1051,-1,963,1051,964,-1,964,1051,1052,-1,964,1052,965,-1,965,1052,1053,-1,965,1053,966,-1,1053,1054,966,-1,966,1054,1055,-1,966,1055,967,-1,631,634,1056,-1,1056,634,971,-1,1056,971,1057,-1,1057,971,970,-1,1057,970,1058,-1,1058,970,969,-1,1058,969,1059,-1,1059,969,968,-1,1059,968,1060,-1,1060,968,967,-1,1060,967,1061,-1,1061,967,1055,-1,633,631,979,-1,979,631,1062,-1,979,1062,981,-1,981,1062,1063,-1,981,1063,985,-1,985,1063,1064,-1,985,1064,986,-1,986,1064,1065,-1,986,1065,990,-1,990,1065,1066,-1,990,1066,991,-1,991,1066,1067,-1,991,1067,1004,-1,1004,1067,1068,-1,1004,1068,1005,-1,1005,1068,1069,-1,1005,1069,1006,-1,1006,1069,1070,-1,1006,1070,972,-1,1070,1071,972,-1,972,1071,625,-1,972,625,626,-1,636,637,1072,-1,1072,637,1018,-1,1072,1018,1073,-1,1073,1018,1019,-1,1073,1019,1074,-1,1074,1019,1020,-1,1074,1020,1075,-1,1075,1020,1021,-1,1075,1021,1076,-1,1076,1021,1012,-1,1076,1012,1077,-1,1077,1012,1011,-1,1077,1011,1078,-1,1078,1011,1009,-1,1078,1009,1079,-1,1079,1009,1008,-1,1079,1008,1080,-1,1080,1008,1038,-1,1080,1038,1081,-1,1038,1037,1081,-1,1081,1037,624,-1,1081,624,623,-1,1045,1044,1082,-1,1082,1044,1043,-1,1082,1043,636,-1,636,1043,1042,-1,636,1042,635,-1,1082,1083,1045,-1,1045,1083,1084,-1,1045,1084,1046,-1,1046,1084,1085,-1,1085,1086,1046,-1,1046,1086,1087,-1,1046,1087,1047,-1,1047,1087,1088,-1,1047,1088,1048,-1,1048,1088,1089,-1,1048,1089,1049,-1,1049,1089,1090,-1,1049,1090,1050,-1,1050,1090,628,-1,1050,628,627,-1,1091,625,1092,-1,1093,1094,625,-1,1069,1068,1095,-1,1067,1066,1096,-1,1097,1098,1099,-1,1054,1053,1100,-1,1052,1051,1101,-1,1101,1051,629,-1,1102,1060,1061,-1,1099,1058,1059,-1,1058,1099,1057,-1,1057,1099,1098,-1,1057,1098,1056,-1,631,1056,1062,-1,1062,1056,1098,-1,1062,1098,1063,-1,1063,1098,1097,-1,1063,1097,1064,-1,1064,1097,1065,-1,629,1103,1101,-1,1101,1103,1104,-1,1101,1104,1105,-1,1066,1065,1096,-1,1096,1065,1097,-1,1096,1097,1106,-1,1106,1097,1099,-1,1106,1099,1102,-1,1102,1099,1059,-1,1102,1059,1060,-1,1104,1107,1105,-1,1105,1107,1108,-1,1105,1108,1109,-1,1068,1067,1095,-1,1095,1067,1096,-1,1095,1096,1110,-1,1110,1096,1106,-1,1110,1106,1111,-1,1111,1106,1102,-1,1111,1102,1112,-1,1112,1102,1061,-1,1112,1061,1055,-1,1108,1113,1109,-1,1109,1113,1114,-1,1109,1114,1115,-1,1112,1116,1111,-1,1111,1116,1117,-1,1111,1117,1110,-1,1110,1117,1118,-1,1110,1118,1095,-1,1095,1118,1119,-1,1095,1119,1069,-1,1094,1093,1120,-1,1053,1052,1100,-1,1100,1052,1101,-1,1100,1101,1121,-1,1121,1101,1105,-1,1121,1105,1122,-1,1122,1105,1109,-1,1122,1109,1123,-1,1123,1109,1115,-1,1123,1115,1124,-1,1124,1115,1092,-1,1124,1092,625,-1,625,1071,1119,-1,1119,1071,1070,-1,1119,1070,1069,-1,1116,1125,1117,-1,1117,1125,1126,-1,1117,1126,1118,-1,1118,1126,1127,-1,1118,1127,1119,-1,1119,1127,625,-1,1125,1120,1126,-1,1126,1120,1093,-1,1126,1093,1127,-1,1127,1093,625,-1,1114,1128,1115,-1,1115,1128,1129,-1,1115,1129,1092,-1,1092,1129,1130,-1,1092,1130,1091,-1,1055,1054,1112,-1,1112,1054,1100,-1,1112,1100,1116,-1,1116,1100,1121,-1,1116,1121,1125,-1,1125,1121,1122,-1,1125,1122,1120,-1,1120,1122,1123,-1,1120,1123,1094,-1,1094,1123,1124,-1,1094,1124,625,-1,1081,623,1131,-1,1132,1133,1134,-1,1135,1136,1137,-1,1138,1139,1140,-1,1082,636,1072,-1,1084,1083,1141,-1,1141,1083,1082,-1,1090,1089,1139,-1,1139,1089,1088,-1,1139,1088,1140,-1,1140,1088,1087,-1,1140,1087,1086,-1,628,1090,1142,-1,1142,1090,1139,-1,1142,1139,1143,-1,1143,1139,1138,-1,1143,1138,1144,-1,1144,1138,1145,-1,1082,1072,1141,-1,1141,1072,1073,-1,1141,1073,1146,-1,1136,1145,1137,-1,1137,1145,1138,-1,1137,1138,1147,-1,1147,1138,1140,-1,1147,1140,1148,-1,1148,1140,1086,-1,1073,1074,1146,-1,1146,1074,1075,-1,1146,1075,1149,-1,1133,1135,1134,-1,1134,1135,1137,-1,1134,1137,1150,-1,1150,1137,1147,-1,1150,1147,1151,-1,1151,1147,1148,-1,1075,1076,1149,-1,1149,1076,1077,-1,1149,1077,1152,-1,1151,1153,1150,-1,1150,1153,1154,-1,1150,1154,1134,-1,1134,1154,1155,-1,1134,1155,1132,-1,1085,1084,1156,-1,1156,1084,1141,-1,1156,1141,1157,-1,1157,1141,1146,-1,1157,1146,1158,-1,1158,1146,1149,-1,1158,1149,1159,-1,1159,1149,1152,-1,1159,1152,1160,-1,1160,1152,1131,-1,1160,1131,623,-1,623,1161,1155,-1,1155,1161,1162,-1,1155,1162,1132,-1,1153,1163,1154,-1,1154,1163,1164,-1,1154,1164,1155,-1,1155,1164,623,-1,1163,1165,1164,-1,1164,1165,623,-1,1077,1078,1152,-1,1152,1078,1079,-1,1152,1079,1131,-1,1131,1079,1080,-1,1131,1080,1081,-1,1086,1085,1148,-1,1148,1085,1156,-1,1148,1156,1151,-1,1151,1156,1157,-1,1151,1157,1153,-1,1153,1157,1158,-1,1153,1158,1163,-1,1163,1158,1159,-1,1163,1159,1165,-1,1165,1159,1160,-1,1165,1160,623,-1,629,628,1103,-1,1103,628,1142,-1,1103,1142,1104,-1,1104,1142,1143,-1,1104,1143,1107,-1,1107,1143,1144,-1,1107,1144,1108,-1,1108,1144,1145,-1,1108,1145,1113,-1,1113,1145,1136,-1,1113,1136,1114,-1,1114,1136,1135,-1,1114,1135,1128,-1,1128,1135,1133,-1,1128,1133,1129,-1,1129,1133,1132,-1,1129,1132,1130,-1,1130,1132,1162,-1,1130,1162,1091,-1,1162,1161,1091,-1,1091,1161,623,-1,1091,623,625,-1,
        ]
    }
}
Shape{
    appearance Appearance {
        material  Material 	{
            diffuseColor 0.4392156862745098 0.4392156862745098 0.4392156862745098
            specularColor 0.2196078431372549 0.2196078431372549 0.2196078431372549
            ambientIntensity 0.2
            transparency 0
            shininess 0.5
        }
    }
    geometry IndexedFaceSet {
        ccw TRUE
        solid FALSE
        coord DEF co Coordinate {
            point [
                -0.5112 -0.3102 0.5118, -0.5168 -0.3102 0.5114, 0.5112 -0.3102 0.5118, 0.5168 -0.3102 0.5114, -0.5152 -0.4856 0.5114, -0.514 -0.4865 0.5114, -0.5127 -0.4871 0.5114, 0.5152 -0.4856 0.5114, 0.516 -0.4845 0.5114, 0.5166 -0.4831 0.5114, -0.5168 -0.4817 0.5114, -0.5112 -0.4873 0.5114, -0.5166 -0.4831 0.5114, -0.516 -0.4845 0.5114, 0.5112 -0.4873 0.5114, 0.5168 -0.4817 0.5114, 0.5127 -0.4871 0.5114, 0.514 -0.4865 0.5114, 0.514 -0.4865 0.5114
            ]
        }
        coordIndex [
            0,1,2,-1,2,1,3,-1,4,5,6,-1,7,8,9,-1,1,10,11,-1,11,10,12,-1,11,12,6,-1,6,12,13,-1,6,13,4,-1,1,11,3,-1,3,11,14,-1,3,14,15,-1,15,14,16,-1,15,16,9,-1,9,16,17,-1,9,17,7,-1,
        ]
    }
}
Shape{
    appearance Appearance {
        material  Material 	{
            diffuseColor 0.6470588235294118 0.6196078431372549 0.5882352941176471
            specularColor 0.45098039215686275 0.43529411764705883 0.4117647058823529
            ambientIntensity 0.2
            transparency 0
            shininess 0.5
        }
    }
    geometry IndexedFaceSet {
        ccw TRUE
        solid FALSE
        coord DEF co Coordinate {
            point [
                -0.5807 0.4331 0.3051, -0.5807 0.4331 0.2461, -0.6008 0.4331 0.3028, -0.5874 0.4331 0.2453, -0.6198 0.4331 0.296, -0.5937 0.4331 0.243, -0.6368 0.4331 0.2851, -0.5994 0.4331 0.2394, -0.6509 0.4331 0.2706, -0.6041 0.4331 0.2346, -0.6613 0.4331 0.2533, -0.6076 0.4331 0.2288, -0.6675 0.4331 0.2341, -0.6096 0.4331 0.2224, -0.6982 0.4331 0.0827, -0.6404 0.4331 0.071, -0.7003 0.4331 0.0763, -0.6466 0.4331 0.0518, -0.7038 0.4331 0.0705, -0.657 0.4331 0.0345, -0.7085 0.4331 0.0657, -0.6711 0.4331 0.02, -0.7141 0.4331 0.0621, -0.6881 0.4331 0.0091, -0.7205 0.4331 0.0598, -0.7071 0.4331 0.0023, -0.7272 0.4331 0.0591, -0.7272 0.4331 0.0, -0.7874 0.4331 0.0591, -0.7874 0.4331 0.0, -0.7874 0.3346 0.0591, -0.7874 0.3346 0.0, -0.7272 0.3346 0.0591, -0.7272 0.3346 0.0, -0.7205 0.3346 0.0598, -0.7071 0.3346 0.0023, -0.7141 0.3346 0.0621, -0.6881 0.3346 0.0091, -0.7085 0.3346 0.0657, -0.6711 0.3346 0.02, -0.7038 0.3346 0.0705, -0.657 0.3346 0.0345, -0.7003 0.3346 0.0763, -0.6466 0.3346 0.0518, -0.6982 0.3346 0.0827, -0.6404 0.3346 0.071, -0.6675 0.3346 0.2341, -0.6096 0.3346 0.2224, -0.6613 0.3346 0.2533, -0.6076 0.3346 0.2288, -0.6509 0.3346 0.2706, -0.6041 0.3346 0.2346, -0.6368 0.3346 0.2851, -0.5994 0.3346 0.2394, -0.6198 0.3346 0.296, -0.5937 0.3346 0.243, -0.6008 0.3346 0.3028, -0.5874 0.3346 0.2453, -0.5807 0.3346 0.3051, -0.5807 0.3346 0.2461, -0.5807 0.1772 0.3051, -0.5807 0.1772 0.2461, -0.6008 0.1772 0.3028, -0.5874 0.1772 0.2453, -0.6198 0.1772 0.296, -0.5937 0.1772 0.243, -0.6368 0.1772 0.2851, -0.5994 0.1772 0.2394, -0.6509 0.1772 0.2706, -0.6041 0.1772 0.2346, -0.6613 0.1772 0.2533, -0.6076 0.1772 0.2288, -0.6675 0.1772 0.2341, -0.6096 0.1772 0.2224, -0.6982 0.1772 0.0827, -0.6404 0.1772 0.071, -0.7003 0.1772 0.0763, -0.6466 0.1772 0.0518, -0.7038 0.1772 0.0705, -0.657 0.1772 0.0345, -0.7085 0.1772 0.0657, -0.6711 0.1772 0.02, -0.7141 0.1772 0.0621, -0.6881 0.1772 0.0091, -0.7205 0.1772 0.0598, -0.7071 0.1772 0.0023, -0.7272 0.1772 0.0591, -0.7272 0.1772 0.0, -0.7874 0.1772 0.0591, -0.7874 0.1772 0.0, -0.7874 0.0787 0.0591, -0.7874 0.0787 0.0, -0.7272 0.0787 0.0591, -0.7272 0.0787 0.0, -0.7205 0.0787 0.0598, -0.7071 0.0787 0.0023, -0.7141 0.0787 0.0621, -0.6881 0.0787 0.0091, -0.7085 0.0787 0.0657, -0.6711 0.0787 0.02, -0.7038 0.0787 0.0705, -0.657 0.0787 0.0345, -0.7003 0.0787 0.0763, -0.6466 0.0787 0.0518, -0.6982 0.0787 0.0827, -0.6404 0.0787 0.071, -0.6675 0.0787 0.2341, -0.6096 0.0787 0.2224, -0.6613 0.0787 0.2533, -0.6076 0.0787 0.2288, -0.6509 0.0787 0.2706, -0.6041 0.0787 0.2346, -0.6368 0.0787 0.2851, -0.5994 0.0787 0.2394, -0.6198 0.0787 0.296, -0.5937 0.0787 0.243, -0.6008 0.0787 0.3028, -0.5874 0.0787 0.2453, -0.5807 0.0787 0.3051, -0.5807 0.0787 0.2461, -0.5807 -0.0787 0.3051, -0.5807 -0.0787 0.2461, -0.6008 -0.0787 0.3028, -0.5874 -0.0787 0.2453, -0.6198 -0.0787 0.296, -0.5937 -0.0787 0.243, -0.6368 -0.0787 0.2851, -0.5994 -0.0787 0.2394, -0.6509 -0.0787 0.2706, -0.6041 -0.0787 0.2346, -0.6613 -0.0787 0.2533, -0.6076 -0.0787 0.2288, -0.6675 -0.0787 0.2341, -0.6096 -0.0787 0.2224, -0.6982 -0.0787 0.0827, -0.6404 -0.0787 0.071, -0.7003 -0.0787 0.0763, -0.6466 -0.0787 0.0518, -0.7038 -0.0787 0.0705, -0.657 -0.0787 0.0345, -0.7085 -0.0787 0.0657, -0.6711 -0.0787 0.02, -0.7141 -0.0787 0.0621, -0.6881 -0.0787 0.0091, -0.7205 -0.0787 0.0598, -0.7071 -0.0787 0.0023, -0.7272 -0.0787 0.0591, -0.7272 -0.0787 0.0, -0.7874 -0.0787 0.0591, -0.7874 -0.0787 0.0, -0.7874 -0.1772 0.0591, -0.7874 -0.1772 0.0, -0.7272 -0.1772 0.0591, -0.7272 -0.1772 0.0, -0.7205 -0.1772 0.0598, -0.7071 -0.1772 0.0023, -0.7141 -0.1772 0.0621, -0.6881 -0.1772 0.0091, -0.7085 -0.1772 0.0657, -0.6711 -0.1772 0.02, -0.7038 -0.1772 0.0705, -0.657 -0.1772 0.0345, -0.7003 -0.1772 0.0763, -0.6466 -0.1772 0.0518, -0.6982 -0.1772 0.0827, -0.6404 -0.1772 0.071, -0.6675 -0.1772 0.2341, -0.6096 -0.1772 0.2224, -0.6613 -0.1772 0.2533, -0.6076 -0.1772 0.2288, -0.6509 -0.1772 0.2706, -0.6041 -0.1772 0.2346, -0.6368 -0.1772 0.2851, -0.5994 -0.1772 0.2394, -0.6198 -0.1772 0.296, -0.5937 -0.1772 0.243, -0.6008 -0.1772 0.3028, -0.5874 -0.1772 0.2453, -0.5807 -0.1772 0.3051, -0.5807 -0.1772 0.2461, -0.5807 -0.3346 0.3051, -0.5807 -0.3346 0.2461, -0.6008 -0.3346 0.3028, -0.5874 -0.3346 0.2453, -0.6198 -0.3346 0.296, -0.5937 -0.3346 0.243, -0.6368 -0.3346 0.2851, -0.5994 -0.3346 0.2394, -0.6509 -0.3346 0.2706, -0.6041 -0.3346 0.2346, -0.6613 -0.3346 0.2533, -0.6076 -0.3346 0.2288, -0.6675 -0.3346 0.2341, -0.6096 -0.3346 0.2224, -0.6982 -0.3346 0.0827, -0.6404 -0.3346 0.071, -0.7003 -0.3346 0.0763, -0.6466 -0.3346 0.0518, -0.7038 -0.3346 0.0705, -0.657 -0.3346 0.0345, -0.7085 -0.3346 0.0657, -0.6711 -0.3346 0.02, -0.7141 -0.3346 0.0621, -0.6881 -0.3346 0.0091, -0.7205 -0.3346 0.0598, -0.7071 -0.3346 0.0023, -0.7272 -0.3346 0.0591, -0.7272 -0.3346 0.0, -0.7874 -0.3346 0.0591, -0.7874 -0.3346 0.0, -0.7874 -0.4331 0.0591, -0.7874 -0.4331 0.0, -0.7272 -0.4331 0.0591, -0.7272 -0.4331 0.0, -0.7205 -0.4331 0.0598, -0.7071 -0.4331 0.0023, -0.7141 -0.4331 0.0621, -0.6881 -0.4331 0.0091, -0.7085 -0.4331 0.0657, -0.6711 -0.4331 0.02, -0.7038 -0.4331 0.0705, -0.657 -0.4331 0.0345, -0.7003 -0.4331 0.0763, -0.6466 -0.4331 0.0518, -0.6982 -0.4331 0.0827, -0.6404 -0.4331 0.071, -0.6675 -0.4331 0.2341, -0.6096 -0.4331 0.2224, -0.6613 -0.4331 0.2533, -0.6076 -0.4331 0.2288, -0.6509 -0.4331 0.2706, -0.6041 -0.4331 0.2346, -0.6368 -0.4331 0.2851, -0.5994 -0.4331 0.2394, -0.6198 -0.4331 0.296, -0.5937 -0.4331 0.243, -0.6008 -0.4331 0.3028, -0.5874 -0.4331 0.2453, -0.5807 -0.4331 0.3051, -0.5807 -0.4331 0.2461, 0.7874 0.4331 0.0591, 0.7874 0.4331 0.0, 0.7272 0.4331 0.0591, 0.7272 0.4331 0.0, 0.7205 0.4331 0.0598, 0.7071 0.4331 0.0023, 0.7141 0.4331 0.0621, 0.6881 0.4331 0.0091, 0.7085 0.4331 0.0657, 0.6711 0.4331 0.02, 0.7038 0.4331 0.0705, 0.657 0.4331 0.0345, 0.7003 0.4331 0.0763, 0.6466 0.4331 0.0518, 0.6982 0.4331 0.0827, 0.6404 0.4331 0.071, 0.6675 0.4331 0.2341, 0.6096 0.4331 0.2224, 0.6613 0.4331 0.2533, 0.6076 0.4331 0.2288, 0.6509 0.4331 0.2706, 0.6041 0.4331 0.2346, 0.6368 0.4331 0.2851, 0.5994 0.4331 0.2394, 0.6198 0.4331 0.296, 0.5937 0.4331 0.243, 0.6008 0.4331 0.3028, 0.5874 0.4331 0.2453, 0.5807 0.4331 0.3051, 0.5807 0.4331 0.2461, 0.5807 0.3346 0.3051, 0.5807 0.3346 0.2461, 0.6008 0.3346 0.3028, 0.5874 0.3346 0.2453, 0.6198 0.3346 0.296, 0.5937 0.3346 0.243, 0.6368 0.3346 0.2851, 0.5994 0.3346 0.2394, 0.6509 0.3346 0.2706, 0.6041 0.3346 0.2346, 0.6613 0.3346 0.2533, 0.6076 0.3346 0.2288, 0.6675 0.3346 0.2341, 0.6096 0.3346 0.2224, 0.6982 0.3346 0.0827, 0.6404 0.3346 0.071, 0.7003 0.3346 0.0763, 0.6466 0.3346 0.0518, 0.7038 0.3346 0.0705, 0.657 0.3346 0.0345, 0.7085 0.3346 0.0657, 0.6711 0.3346 0.02, 0.7141 0.3346 0.0621, 0.6881 0.3346 0.0091, 0.7205 0.3346 0.0598, 0.7071 0.3346 0.0023, 0.7272 0.3346 0.0591, 0.7272 0.3346 0.0, 0.7874 0.3346 0.0591, 0.7874 0.3346 0.0, 0.7874 0.1772 0.0591, 0.7874 0.1772 0.0, 0.7272 0.1772 0.0591, 0.7272 0.1772 0.0, 0.7205 0.1772 0.0598, 0.7071 0.1772 0.0023, 0.7141 0.1772 0.0621, 0.6881 0.1772 0.0091, 0.7085 0.1772 0.0657, 0.6711 0.1772 0.02, 0.7038 0.1772 0.0705, 0.657 0.1772 0.0345, 0.7003 0.1772 0.0763, 0.6466 0.1772 0.0518, 0.6982 0.1772 0.0827, 0.6404 0.1772 0.071, 0.6675 0.1772 0.2341, 0.6096 0.1772 0.2224, 0.6613 0.1772 0.2533, 0.6076 0.1772 0.2288, 0.6509 0.1772 0.2706, 0.6041 0.1772 0.2346, 0.6368 0.1772 0.2851, 0.5994 0.1772 0.2394, 0.6198 0.1772 0.296, 0.5937 0.1772 0.243, 0.6008 0.1772 0.3028, 0.5874 0.1772 0.2453, 0.5807 0.1772 0.3051, 0.5807 0.1772 0.2461, 0.5807 0.0787 0.3051, 0.5807 0.0787 0.2461, 0.6008 0.0787 0.3028, 0.5874 0.0787 0.2453, 0.6198 0.0787 0.296, 0.5937 0.0787 0.243, 0.6368 0.0787 0.2851, 0.5994 0.0787 0.2394, 0.6509 0.0787 0.2706, 0.6041 0.0787 0.2346, 0.6613 0.0787 0.2533, 0.6076 0.0787 0.2288, 0.6675 0.0787 0.2341, 0.6096 0.0787 0.2224, 0.6982 0.0787 0.0827, 0.6404 0.0787 0.071, 0.7003 0.0787 0.0763, 0.6466 0.0787 0.0518, 0.7038 0.0787 0.0705, 0.657 0.0787 0.0345, 0.7085 0.0787 0.0657, 0.6711 0.0787 0.02, 0.7141 0.0787 0.0621, 0.6881 0.0787 0.0091, 0.7205 0.0787 0.0598, 0.7071 0.0787 0.0023, 0.7272 0.0787 0.0591, 0.7272 0.0787 0.0, 0.7874 0.0787 0.0591, 0.7874 0.0787 0.0, 0.7874 -0.0787 0.0591, 0.7874 -0.0787 0.0, 0.7272 -0.0787 0.0591, 0.7272 -0.0787 0.0, 0.7205 -0.0787 0.0598, 0.7071 -0.0787 0.0023, 0.7141 -0.0787 0.0621, 0.6881 -0.0787 0.0091, 0.7085 -0.0787 0.0657, 0.6711 -0.0787 0.02, 0.7038 -0.0787 0.0705, 0.657 -0.0787 0.0345, 0.7003 -0.0787 0.0763, 0.6466 -0.0787 0.0518, 0.6982 -0.0787 0.0827, 0.6404 -0.0787 0.071, 0.6675 -0.0787 0.2341, 0.6096 -0.0787 0.2224, 0.6613 -0.0787 0.2533, 0.6076 -0.0787 0.2288, 0.6509 -0.0787 0.2706, 0.6041 -0.0787 0.2346, 0.6368 -0.0787 0.2851, 0.5994 -0.0787 0.2394, 0.6198 -0.0787 0.296, 0.5937 -0.0787 0.243, 0.6008 -0.0787 0.3028, 0.5874 -0.0787 0.2453, 0.5807 -0.0787 0.3051, 0.5807 -0.0787 0.2461, 0.5807 -0.1772 0.3051, 0.5807 -0.1772 0.2461, 0.6008 -0.1772 0.3028, 0.5874 -0.1772 0.2453, 0.6198 -0.1772 0.296, 0.5937 -0.1772 0.243, 0.6368 -0.1772 0.2851, 0.5994 -0.1772 0.2394, 0.6509 -0.1772 0.2706, 0.6041 -0.1772 0.2346, 0.6613 -0.1772 0.2533, 0.6076 -0.1772 0.2288, 0.6675 -0.1772 0.2341, 0.6096 -0.1772 0.2224, 0.6982 -0.1772 0.0827, 0.6404 -0.1772 0.071, 0.7003 -0.1772 0.0763, 0.6466 -0.1772 0.0518, 0.7038 -0.1772 0.0705, 0.657 -0.1772 0.0345, 0.7085 -0.1772 0.0657, 0.6711 -0.1772 0.02, 0.7141 -0.1772 0.0621, 0.6881 -0.1772 0.0091, 0.7205 -0.1772 0.0598, 0.7071 -0.1772 0.0023, 0.7272 -0.1772 0.0591, 0.7272 -0.1772 0.0, 0.7874 -0.1772 0.0591, 0.7874 -0.1772 0.0, 0.7874 -0.3346 0.0591, 0.7874 -0.3346 0.0, 0.7272 -0.3346 0.0591, 0.7272 -0.3346 0.0, 0.7205 -0.3346 0.0598, 0.7071 -0.3346 0.0023, 0.7141 -0.3346 0.0621, 0.6881 -0.3346 0.0091, 0.7085 -0.3346 0.0657, 0.6711 -0.3346 0.02, 0.7038 -0.3346 0.0705, 0.657 -0.3346 0.0345, 0.7003 -0.3346 0.0763, 0.6466 -0.3346 0.0518, 0.6982 -0.3346 0.0827, 0.6404 -0.3346 0.071, 0.6675 -0.3346 0.2341, 0.6096 -0.3346 0.2224, 0.6613 -0.3346 0.2533, 0.6076 -0.3346 0.2288, 0.6509 -0.3346 0.2706, 0.6041 -0.3346 0.2346, 0.6368 -0.3346 0.2851, 0.5994 -0.3346 0.2394, 0.6198 -0.3346 0.296, 0.5937 -0.3346 0.243, 0.6008 -0.3346 0.3028, 0.5874 -0.3346 0.2453, 0.5807 -0.3346 0.3051, 0.5807 -0.3346 0.2461, 0.5807 -0.4331 0.3051, 0.5807 -0.4331 0.2461, 0.6008 -0.4331 0.3028, 0.5874 -0.4331 0.2453, 0.6198 -0.4331 0.296, 0.5937 -0.4331 0.243, 0.6368 -0.4331 0.2851, 0.5994 -0.4331 0.2394, 0.6509 -0.4331 0.2706, 0.6041 -0.4331 0.2346, 0.6613 -0.4331 0.2533, 0.6076 -0.4331 0.2288, 0.6675 -0.4331 0.2341, 0.6096 -0.4331 0.2224, 0.6982 -0.4331 0.0827, 0.6404 -0.4331 0.071, 0.7003 -0.4331 0.0763, 0.6466 -0.4331 0.0518, 0.7038 -0.4331 0.0705, 0.657 -0.4331 0.0345, 0.7085 -0.4331 0.0657, 0.6711 -0.4331 0.02, 0.7141 -0.4331 0.0621, 0.6881 -0.4331 0.0091, 0.7205 -0.4331 0.0598, 0.7071 -0.4331 0.0023, 0.7272 -0.4331 0.0591, 0.7272 -0.4331 0.0, 0.7874 -0.4331 0.0591, 0.7874 -0.4331 0.0, 0.7874 -0.4331 0.0
            ]
        }
        coordIndex [
            0,1,2,-1,2,1,3,-1,2,3,4,-1,4,3,5,-1,4,5,6,-1,6,5,7,-1,6,7,8,-1,8,7,9,-1,8,9,10,-1,10,9,11,-1,10,11,12,-1,12,11,13,-1,12,13,14,-1,14,13,15,-1,14,15,16,-1,16,15,17,-1,16,17,18,-1,18,17,19,-1,18,19,20,-1,20,19,21,-1,20,21,22,-1,22,21,23,-1,22,23,24,-1,24,23,25,-1,24,25,26,-1,26,25,27,-1,26,27,28,-1,28,27,29,-1,30,31,32,-1,32,31,33,-1,32,33,34,-1,34,33,35,-1,34,35,36,-1,36,35,37,-1,36,37,38,-1,38,37,39,-1,38,39,40,-1,40,39,41,-1,40,41,42,-1,42,41,43,-1,42,43,44,-1,44,43,45,-1,44,45,46,-1,46,45,47,-1,46,47,48,-1,48,47,49,-1,48,49,50,-1,50,49,51,-1,50,51,52,-1,52,51,53,-1,52,53,54,-1,54,53,55,-1,54,55,56,-1,56,55,57,-1,56,57,58,-1,58,57,59,-1,29,27,31,-1,31,27,33,-1,28,29,30,-1,30,29,31,-1,26,28,32,-1,32,28,30,-1,26,32,24,-1,24,32,34,-1,24,34,22,-1,22,34,36,-1,22,36,20,-1,20,36,38,-1,20,38,18,-1,18,38,40,-1,18,40,16,-1,16,40,42,-1,16,42,14,-1,14,42,44,-1,12,14,46,-1,46,14,44,-1,12,46,48,-1,12,48,10,-1,10,48,50,-1,10,50,8,-1,8,50,52,-1,8,52,6,-1,6,52,54,-1,6,54,4,-1,4,54,56,-1,4,56,2,-1,2,56,58,-1,2,58,0,-1,1,59,3,-1,3,59,57,-1,3,57,5,-1,5,57,55,-1,5,55,7,-1,7,55,53,-1,7,53,9,-1,9,53,51,-1,9,51,11,-1,11,51,49,-1,11,49,13,-1,13,49,47,-1,15,13,45,-1,45,13,47,-1,15,45,43,-1,15,43,17,-1,17,43,41,-1,17,41,19,-1,19,41,39,-1,19,39,21,-1,21,39,37,-1,21,37,23,-1,23,37,35,-1,23,35,25,-1,25,35,33,-1,25,33,27,-1,60,61,62,-1,62,61,63,-1,62,63,64,-1,64,63,65,-1,64,65,66,-1,66,65,67,-1,66,67,68,-1,68,67,69,-1,68,69,70,-1,70,69,71,-1,70,71,72,-1,72,71,73,-1,72,73,74,-1,74,73,75,-1,74,75,76,-1,76,75,77,-1,76,77,78,-1,78,77,79,-1,78,79,80,-1,80,79,81,-1,80,81,82,-1,82,81,83,-1,82,83,84,-1,84,83,85,-1,84,85,86,-1,86,85,87,-1,86,87,88,-1,88,87,89,-1,90,91,92,-1,92,91,93,-1,92,93,94,-1,94,93,95,-1,94,95,96,-1,96,95,97,-1,96,97,98,-1,98,97,99,-1,98,99,100,-1,100,99,101,-1,100,101,102,-1,102,101,103,-1,102,103,104,-1,104,103,105,-1,104,105,106,-1,106,105,107,-1,106,107,108,-1,108,107,109,-1,108,109,110,-1,110,109,111,-1,110,111,112,-1,112,111,113,-1,112,113,114,-1,114,113,115,-1,114,115,116,-1,116,115,117,-1,116,117,118,-1,118,117,119,-1,89,87,91,-1,91,87,93,-1,88,89,90,-1,90,89,91,-1,86,88,92,-1,92,88,90,-1,86,92,84,-1,84,92,94,-1,84,94,82,-1,82,94,96,-1,82,96,80,-1,80,96,98,-1,80,98,78,-1,78,98,100,-1,78,100,76,-1,76,100,102,-1,76,102,74,-1,74,102,104,-1,72,74,106,-1,106,74,104,-1,72,106,108,-1,72,108,70,-1,70,108,110,-1,70,110,68,-1,68,110,112,-1,68,112,66,-1,66,112,114,-1,66,114,64,-1,64,114,116,-1,64,116,62,-1,62,116,118,-1,62,118,60,-1,61,119,63,-1,63,119,117,-1,63,117,65,-1,65,117,115,-1,65,115,67,-1,67,115,113,-1,67,113,69,-1,69,113,111,-1,69,111,71,-1,71,111,109,-1,71,109,73,-1,73,109,107,-1,75,73,105,-1,105,73,107,-1,75,105,103,-1,75,103,77,-1,77,103,101,-1,77,101,79,-1,79,101,99,-1,79,99,81,-1,81,99,97,-1,81,97,83,-1,83,97,95,-1,83,95,85,-1,85,95,93,-1,85,93,87,-1,120,121,122,-1,122,121,123,-1,122,123,124,-1,124,123,125,-1,124,125,126,-1,126,125,127,-1,126,127,128,-1,128,127,129,-1,128,129,130,-1,130,129,131,-1,130,131,132,-1,132,131,133,-1,132,133,134,-1,134,133,135,-1,134,135,136,-1,136,135,137,-1,136,137,138,-1,138,137,139,-1,138,139,140,-1,140,139,141,-1,140,141,142,-1,142,141,143,-1,142,143,144,-1,144,143,145,-1,144,145,146,-1,146,145,147,-1,146,147,148,-1,148,147,149,-1,150,151,152,-1,152,151,153,-1,152,153,154,-1,154,153,155,-1,154,155,156,-1,156,155,157,-1,156,157,158,-1,158,157,159,-1,158,159,160,-1,160,159,161,-1,160,161,162,-1,162,161,163,-1,162,163,164,-1,164,163,165,-1,164,165,166,-1,166,165,167,-1,166,167,168,-1,168,167,169,-1,168,169,170,-1,170,169,171,-1,170,171,172,-1,172,171,173,-1,172,173,174,-1,174,173,175,-1,174,175,176,-1,176,175,177,-1,176,177,178,-1,178,177,179,-1,149,147,151,-1,151,147,153,-1,148,149,150,-1,150,149,151,-1,146,148,152,-1,152,148,150,-1,146,152,144,-1,144,152,154,-1,144,154,142,-1,142,154,156,-1,142,156,140,-1,140,156,158,-1,140,158,138,-1,138,158,160,-1,138,160,136,-1,136,160,162,-1,136,162,134,-1,134,162,164,-1,132,134,166,-1,166,134,164,-1,132,166,168,-1,132,168,130,-1,130,168,170,-1,130,170,128,-1,128,170,172,-1,128,172,126,-1,126,172,174,-1,126,174,124,-1,124,174,176,-1,124,176,122,-1,122,176,178,-1,122,178,120,-1,121,179,123,-1,123,179,177,-1,123,177,125,-1,125,177,175,-1,125,175,127,-1,127,175,173,-1,127,173,129,-1,129,173,171,-1,129,171,131,-1,131,171,169,-1,131,169,133,-1,133,169,167,-1,135,133,165,-1,165,133,167,-1,135,165,163,-1,135,163,137,-1,137,163,161,-1,137,161,139,-1,139,161,159,-1,139,159,141,-1,141,159,157,-1,141,157,143,-1,143,157,155,-1,143,155,145,-1,145,155,153,-1,145,153,147,-1,180,181,182,-1,182,181,183,-1,182,183,184,-1,184,183,185,-1,184,185,186,-1,186,185,187,-1,186,187,188,-1,188,187,189,-1,188,189,190,-1,190,189,191,-1,190,191,192,-1,192,191,193,-1,192,193,194,-1,194,193,195,-1,194,195,196,-1,196,195,197,-1,196,197,198,-1,198,197,199,-1,198,199,200,-1,200,199,201,-1,200,201,202,-1,202,201,203,-1,202,203,204,-1,204,203,205,-1,204,205,206,-1,206,205,207,-1,206,207,208,-1,208,207,209,-1,210,211,212,-1,212,211,213,-1,212,213,214,-1,214,213,215,-1,214,215,216,-1,216,215,217,-1,216,217,218,-1,218,217,219,-1,218,219,220,-1,220,219,221,-1,220,221,222,-1,222,221,223,-1,222,223,224,-1,224,223,225,-1,224,225,226,-1,226,225,227,-1,226,227,228,-1,228,227,229,-1,228,229,230,-1,230,229,231,-1,230,231,232,-1,232,231,233,-1,232,233,234,-1,234,233,235,-1,234,235,236,-1,236,235,237,-1,236,237,238,-1,238,237,239,-1,209,207,211,-1,211,207,213,-1,208,209,210,-1,210,209,211,-1,206,208,212,-1,212,208,210,-1,206,212,204,-1,204,212,214,-1,204,214,202,-1,202,214,216,-1,202,216,200,-1,200,216,218,-1,200,218,198,-1,198,218,220,-1,198,220,196,-1,196,220,222,-1,196,222,194,-1,194,222,224,-1,192,194,226,-1,226,194,224,-1,192,226,228,-1,192,228,190,-1,190,228,230,-1,190,230,188,-1,188,230,232,-1,188,232,186,-1,186,232,234,-1,186,234,184,-1,184,234,236,-1,184,236,182,-1,182,236,238,-1,182,238,180,-1,181,239,183,-1,183,239,237,-1,183,237,185,-1,185,237,235,-1,185,235,187,-1,187,235,233,-1,187,233,189,-1,189,233,231,-1,189,231,191,-1,191,231,229,-1,191,229,193,-1,193,229,227,-1,195,193,225,-1,225,193,227,-1,195,225,223,-1,195,223,197,-1,197,223,221,-1,197,221,199,-1,199,221,219,-1,199,219,201,-1,201,219,217,-1,201,217,203,-1,203,217,215,-1,203,215,205,-1,205,215,213,-1,205,213,207,-1,240,241,242,-1,242,241,243,-1,242,243,244,-1,244,243,245,-1,244,245,246,-1,246,245,247,-1,246,247,248,-1,248,247,249,-1,248,249,250,-1,250,249,251,-1,250,251,252,-1,252,251,253,-1,252,253,254,-1,254,253,255,-1,254,255,256,-1,256,255,257,-1,256,257,258,-1,258,257,259,-1,258,259,260,-1,260,259,261,-1,260,261,262,-1,262,261,263,-1,262,263,264,-1,264,263,265,-1,264,265,266,-1,266,265,267,-1,266,267,268,-1,268,267,269,-1,270,271,272,-1,272,271,273,-1,272,273,274,-1,274,273,275,-1,274,275,276,-1,276,275,277,-1,276,277,278,-1,278,277,279,-1,278,279,280,-1,280,279,281,-1,280,281,282,-1,282,281,283,-1,282,283,284,-1,284,283,285,-1,284,285,286,-1,286,285,287,-1,286,287,288,-1,288,287,289,-1,288,289,290,-1,290,289,291,-1,290,291,292,-1,292,291,293,-1,292,293,294,-1,294,293,295,-1,294,295,296,-1,296,295,297,-1,296,297,298,-1,298,297,299,-1,243,241,297,-1,297,241,299,-1,243,297,295,-1,243,295,245,-1,245,295,293,-1,245,293,247,-1,247,293,291,-1,247,291,249,-1,249,291,289,-1,249,289,251,-1,251,289,287,-1,251,287,253,-1,253,287,285,-1,253,285,255,-1,257,255,283,-1,283,255,285,-1,257,283,259,-1,259,283,281,-1,259,281,261,-1,261,281,279,-1,261,279,263,-1,263,279,277,-1,263,277,265,-1,265,277,275,-1,265,275,267,-1,267,275,273,-1,267,273,269,-1,269,273,271,-1,268,270,272,-1,268,272,266,-1,266,272,274,-1,266,274,264,-1,264,274,276,-1,264,276,262,-1,262,276,278,-1,262,278,260,-1,260,278,280,-1,260,280,258,-1,258,280,282,-1,258,282,256,-1,254,256,284,-1,284,256,282,-1,254,284,252,-1,252,284,286,-1,252,286,250,-1,250,286,288,-1,250,288,248,-1,248,288,290,-1,248,290,246,-1,246,290,292,-1,246,292,244,-1,244,292,294,-1,244,294,242,-1,242,294,296,-1,240,242,298,-1,298,242,296,-1,241,240,299,-1,299,240,298,-1,300,301,302,-1,302,301,303,-1,302,303,304,-1,304,303,305,-1,304,305,306,-1,306,305,307,-1,306,307,308,-1,308,307,309,-1,308,309,310,-1,310,309,311,-1,310,311,312,-1,312,311,313,-1,312,313,314,-1,314,313,315,-1,314,315,316,-1,316,315,317,-1,316,317,318,-1,318,317,319,-1,318,319,320,-1,320,319,321,-1,320,321,322,-1,322,321,323,-1,322,323,324,-1,324,323,325,-1,324,325,326,-1,326,325,327,-1,326,327,328,-1,328,327,329,-1,330,331,332,-1,332,331,333,-1,332,333,334,-1,334,333,335,-1,334,335,336,-1,336,335,337,-1,336,337,338,-1,338,337,339,-1,338,339,340,-1,340,339,341,-1,340,341,342,-1,342,341,343,-1,342,343,344,-1,344,343,345,-1,344,345,346,-1,346,345,347,-1,346,347,348,-1,348,347,349,-1,348,349,350,-1,350,349,351,-1,350,351,352,-1,352,351,353,-1,352,353,354,-1,354,353,355,-1,354,355,356,-1,356,355,357,-1,356,357,358,-1,358,357,359,-1,303,301,357,-1,357,301,359,-1,303,357,355,-1,303,355,305,-1,305,355,353,-1,305,353,307,-1,307,353,351,-1,307,351,309,-1,309,351,349,-1,309,349,311,-1,311,349,347,-1,311,347,313,-1,313,347,345,-1,313,345,315,-1,317,315,343,-1,343,315,345,-1,317,343,319,-1,319,343,341,-1,319,341,321,-1,321,341,339,-1,321,339,323,-1,323,339,337,-1,323,337,325,-1,325,337,335,-1,325,335,327,-1,327,335,333,-1,327,333,329,-1,329,333,331,-1,328,330,332,-1,328,332,326,-1,326,332,334,-1,326,334,324,-1,324,334,336,-1,324,336,322,-1,322,336,338,-1,322,338,320,-1,320,338,340,-1,320,340,318,-1,318,340,342,-1,318,342,316,-1,314,316,344,-1,344,316,342,-1,314,344,312,-1,312,344,346,-1,312,346,310,-1,310,346,348,-1,310,348,308,-1,308,348,350,-1,308,350,306,-1,306,350,352,-1,306,352,304,-1,304,352,354,-1,304,354,302,-1,302,354,356,-1,300,302,358,-1,358,302,356,-1,301,300,359,-1,359,300,358,-1,360,361,362,-1,362,361,363,-1,362,363,364,-1,364,363,365,-1,364,365,366,-1,366,365,367,-1,366,367,368,-1,368,367,369,-1,368,369,370,-1,370,369,371,-1,370,371,372,-1,372,371,373,-1,372,373,374,-1,374,373,375,-1,374,375,376,-1,376,375,377,-1,376,377,378,-1,378,377,379,-1,378,379,380,-1,380,379,381,-1,380,381,382,-1,382,381,383,-1,382,383,384,-1,384,383,385,-1,384,385,386,-1,386,385,387,-1,386,387,388,-1,388,387,389,-1,390,391,392,-1,392,391,393,-1,392,393,394,-1,394,393,395,-1,394,395,396,-1,396,395,397,-1,396,397,398,-1,398,397,399,-1,398,399,400,-1,400,399,401,-1,400,401,402,-1,402,401,403,-1,402,403,404,-1,404,403,405,-1,404,405,406,-1,406,405,407,-1,406,407,408,-1,408,407,409,-1,408,409,410,-1,410,409,411,-1,410,411,412,-1,412,411,413,-1,412,413,414,-1,414,413,415,-1,414,415,416,-1,416,415,417,-1,416,417,418,-1,418,417,419,-1,363,361,417,-1,417,361,419,-1,363,417,415,-1,363,415,365,-1,365,415,413,-1,365,413,367,-1,367,413,411,-1,367,411,369,-1,369,411,409,-1,369,409,371,-1,371,409,407,-1,371,407,373,-1,373,407,405,-1,373,405,375,-1,377,375,403,-1,403,375,405,-1,377,403,379,-1,379,403,401,-1,379,401,381,-1,381,401,399,-1,381,399,383,-1,383,399,397,-1,383,397,385,-1,385,397,395,-1,385,395,387,-1,387,395,393,-1,387,393,389,-1,389,393,391,-1,388,390,392,-1,388,392,386,-1,386,392,394,-1,386,394,384,-1,384,394,396,-1,384,396,382,-1,382,396,398,-1,382,398,380,-1,380,398,400,-1,380,400,378,-1,378,400,402,-1,378,402,376,-1,374,376,404,-1,404,376,402,-1,374,404,372,-1,372,404,406,-1,372,406,370,-1,370,406,408,-1,370,408,368,-1,368,408,410,-1,368,410,366,-1,366,410,412,-1,366,412,364,-1,364,412,414,-1,364,414,362,-1,362,414,416,-1,360,362,418,-1,418,362,416,-1,361,360,419,-1,419,360,418,-1,420,421,422,-1,422,421,423,-1,422,423,424,-1,424,423,425,-1,424,425,426,-1,426,425,427,-1,426,427,428,-1,428,427,429,-1,428,429,430,-1,430,429,431,-1,430,431,432,-1,432,431,433,-1,432,433,434,-1,434,433,435,-1,434,435,436,-1,436,435,437,-1,436,437,438,-1,438,437,439,-1,438,439,440,-1,440,439,441,-1,440,441,442,-1,442,441,443,-1,442,443,444,-1,444,443,445,-1,444,445,446,-1,446,445,447,-1,446,447,448,-1,448,447,449,-1,450,451,452,-1,452,451,453,-1,452,453,454,-1,454,453,455,-1,454,455,456,-1,456,455,457,-1,456,457,458,-1,458,457,459,-1,458,459,460,-1,460,459,461,-1,460,461,462,-1,462,461,463,-1,462,463,464,-1,464,463,465,-1,464,465,466,-1,466,465,467,-1,466,467,468,-1,468,467,469,-1,468,469,470,-1,470,469,471,-1,470,471,472,-1,472,471,473,-1,472,473,474,-1,474,473,475,-1,474,475,476,-1,476,475,477,-1,476,477,478,-1,478,477,479,-1,423,421,477,-1,477,421,479,-1,423,477,475,-1,423,475,425,-1,425,475,473,-1,425,473,427,-1,427,473,471,-1,427,471,429,-1,429,471,469,-1,429,469,431,-1,431,469,467,-1,431,467,433,-1,433,467,465,-1,433,465,435,-1,437,435,463,-1,463,435,465,-1,437,463,439,-1,439,463,461,-1,439,461,441,-1,441,461,459,-1,441,459,443,-1,443,459,457,-1,443,457,445,-1,445,457,455,-1,445,455,447,-1,447,455,453,-1,447,453,449,-1,449,453,451,-1,448,450,452,-1,448,452,446,-1,446,452,454,-1,446,454,444,-1,444,454,456,-1,444,456,442,-1,442,456,458,-1,442,458,440,-1,440,458,460,-1,440,460,438,-1,438,460,462,-1,438,462,436,-1,434,436,464,-1,464,436,462,-1,434,464,432,-1,432,464,466,-1,432,466,430,-1,430,466,468,-1,430,468,428,-1,428,468,470,-1,428,470,426,-1,426,470,472,-1,426,472,424,-1,424,472,474,-1,424,474,422,-1,422,474,476,-1,420,422,478,-1,478,422,476,-1,421,420,479,-1,479,420,478,-1,
        ]
    }
}
Shape{
    appearance Appearance {
        material  Material 	{
            diffuseColor 1.0 1.0 1.0
            specularColor 0.5019607843137255 0.5019607843137255 0.5019607843137255
            ambientIntensity 0.2
            transparency 0
            shininess 0.5
        }
    }
    geometry IndexedFaceSet {
        ccw TRUE
        solid FALSE
        coord DEF co Coordinate {
            point [
                -0.0306 0.5325 0.411, -0.0305 0.5333 0.4065, -0.0306 0.5325 0.411, -0.0305 0.5333 0.4065, -0.0146 0.5325 0.4111, -0.0146 0.5325 0.4111, -0.0149 0.5263 0.446, -0.0149 0.5264 0.446, -0.0149 0.5264 0.4459, -0.0097 0.5264 0.4461, -0.0097 0.5263 0.4461, -0.0094 0.5333 0.4067, -0.0094 0.5333 0.4067, -0.0097 0.5264 0.4459, -0.0622 0.5331 0.4079, -0.0622 0.5331 0.4079, -0.0615 0.5332 0.4076, -0.0511 0.5335 0.4057, -0.0511 0.5334 0.4057, -0.0523 0.5334 0.4058, -0.0572 0.5334 0.4062, -0.0572 0.5334 0.4062, -0.0604 0.5332 0.4073, -0.0615 0.5331 0.4076, -0.0622 0.5322 0.4128, -0.0622 0.5322 0.4128, -0.0604 0.5323 0.412, -0.0583 0.5325 0.4111, -0.0583 0.5325 0.4111, -0.0537 0.5326 0.4103, -0.0537 0.5327 0.4103, -0.0518 0.5326 0.4102, -0.0518 0.5327 0.4102, -0.0478 0.5326 0.4107, -0.0478 0.5326 0.4107, -0.045 0.5324 0.4118, -0.045 0.5324 0.4118, -0.0424 0.532 0.4137, -0.0424 0.5321 0.4137, -0.0416 0.5319 0.4144, -0.0416 0.5319 0.4145, -0.0399 0.5315 0.4167, -0.0399 0.5315 0.4167, -0.0385 0.531 0.4198, -0.0385 0.531 0.4198, -0.0378 0.5303 0.4236, -0.0378 0.5303 0.4236, -0.0377 0.5299 0.4257, -0.0377 0.53 0.4257, -0.0384 0.529 0.4312, -0.0384 0.529 0.4312, -0.0398 0.5284 0.4346, -0.0398 0.5284 0.4346, -0.042 0.5278 0.4375, -0.042 0.5279 0.4376, -0.0448 0.5274 0.4397, -0.0448 0.5275 0.4398, -0.0479 0.5272 0.4412, -0.0479 0.5272 0.4412, -0.0514 0.5271 0.4418, -0.0514 0.5271 0.4418, -0.053 0.5271 0.4418, -0.053 0.5271 0.4419, -0.0624 0.5275 0.4394, -0.0624 0.5275 0.4394, -0.0619 0.5275 0.4397, -0.0579 0.5272 0.4412, -0.0579 0.5272 0.4412, -0.0604 0.5274 0.4403, -0.0619 0.5275 0.4397, -0.0624 0.5266 0.4448, -0.0624 0.5266 0.4448, -0.0587 0.5264 0.4459, -0.0582 0.5264 0.446, -0.0604 0.5265 0.4453, -0.0582 0.5263 0.446, -0.053 0.5263 0.4464, -0.053 0.5263 0.4464, -0.053 0.5263 0.4464, -0.053 0.5263 0.4464, -0.0471 0.5264 0.4458, -0.0479 0.5264 0.4459, -0.0471 0.5264 0.4458, -0.0429 0.5267 0.4442, -0.0429 0.5267 0.4442, -0.0392 0.5271 0.4416, -0.0392 0.5271 0.4417, -0.0382 0.5273 0.4407, -0.0382 0.5273 0.4407, -0.0353 0.5279 0.437, -0.0353 0.528 0.437, -0.0338 0.5285 0.4337, -0.0333 0.5287 0.4327, -0.0333 0.5287 0.4327, -0.0324 0.5296 0.4275, -0.0324 0.5296 0.4275, -0.0323 0.53 0.4255, -0.0323 0.53 0.4255, -0.0373 0.5325 0.4112, -0.0373 0.5325 0.4112, -0.0347 0.5319 0.4149, -0.0331 0.5311 0.419, -0.0331 0.5311 0.419, -0.0338 0.5314 0.4171, -0.0347 0.5318 0.4149, -0.049 0.5334 0.4058, -0.0486 0.5335 0.4058, -0.0486 0.5334 0.4058, -0.0443 0.5333 0.4067, -0.0443 0.5333 0.4067, -0.0406 0.533 0.4085, -0.0406 0.5329 0.4085, -0.0917 0.5326 0.4106, -0.0917 0.5334 0.4061, -0.0917 0.5326 0.4106, -0.0917 0.5334 0.4061, -0.0754 0.5326 0.4107, -0.0754 0.5326 0.4107, -0.0858 0.5326 0.4106, -0.0755 0.5303 0.424, -0.0755 0.5302 0.4239, -0.0898 0.5302 0.4238, -0.0898 0.5303 0.4239, -0.0858 0.5302 0.4239, -0.0898 0.5295 0.4284, -0.0898 0.5294 0.4284, -0.0755 0.5294 0.4285, -0.0755 0.5295 0.4285, -0.0858 0.5294 0.4284, -0.0756 0.5272 0.4411, -0.0756 0.5272 0.4411, -0.091 0.5272 0.441, -0.091 0.5273 0.441, -0.0858 0.5272 0.441, -0.0911 0.5265 0.4455, -0.0911 0.5264 0.4455, -0.0704 0.5264 0.4457, -0.0704 0.5264 0.4457, -0.0858 0.5264 0.4455, -0.0702 0.5334 0.4062, -0.0702 0.5334 0.4062, -0.0858 0.5334 0.4061, -0.124 0.5316 0.4165, -0.1222 0.5319 0.4145, -0.1259 0.5325 0.4114, -0.1218 0.532 0.4141, -0.1217 0.533 0.4085, -0.1192 0.5323 0.4123, -0.1171 0.5333 0.4067, -0.1159 0.5325 0.4111, -0.1103 0.5334 0.406, -0.1103 0.5326 0.4104, -0.0993 0.5334 0.406, -0.1045 0.5326 0.4105, -0.0995 0.5265 0.4455, -0.1047 0.5273 0.4409, -0.111 0.5265 0.4454, -0.1107 0.5273 0.4408, -0.1171 0.5266 0.4447, -0.1159 0.5274 0.4402, -0.1219 0.5269 0.4429, -0.1193 0.5276 0.439, -0.1261 0.5274 0.4401, -0.1223 0.528 0.4371, -0.1274 0.5277 0.4387, -0.1233 0.5281 0.436, -0.1299 0.5283 0.4352, -0.1249 0.5285 0.4338, -0.1314 0.5289 0.4315, -0.126 0.529 0.4309, -0.132 0.5299 0.426, -0.1266 0.5299 0.4259, -0.1319 0.5303 0.4235, -0.1263 0.5305 0.4229, -0.1309 0.5312 0.4189, -0.1255 0.5311 0.4194, -0.1289 0.5319 0.4148, -0.1103 0.5334 0.4059, -0.0993 0.5334 0.406, -0.1171 0.5333 0.4067, -0.1217 0.533 0.4085, -0.1259 0.5324 0.4114, -0.1289 0.5318 0.4148, -0.1309 0.5311 0.4189, -0.1319 0.5303 0.4235, -0.132 0.5299 0.426, -0.1314 0.5289 0.4315, -0.1299 0.5282 0.4352, -0.1274 0.5276 0.4387, -0.1261 0.5274 0.44, -0.1219 0.5269 0.4429, -0.1171 0.5266 0.4447, -0.111 0.5265 0.4454, -0.0995 0.5264 0.4455, -0.1107 0.5273 0.4408, -0.1047 0.5272 0.4409, -0.1045 0.5326 0.4105, -0.1103 0.5326 0.4104, -0.1222 0.5319 0.4145, -0.1218 0.532 0.4141, -0.1192 0.5323 0.4123, -0.1159 0.5325 0.4111, -0.1266 0.5299 0.4259, -0.1263 0.5304 0.4229, -0.1255 0.531 0.4194, -0.124 0.5315 0.4165, -0.1223 0.5279 0.437, -0.1233 0.5281 0.436, -0.1249 0.5285 0.4338, -0.126 0.529 0.4309, -0.1159 0.5274 0.4402, -0.1193 0.5276 0.439, -0.1193 0.5276 0.439
            ]
        }
        coordIndex [
            0,1,2,-1,2,1,3,-1,4,0,5,-1,5,0,2,-1,6,7,8,-1,8,7,4,-1,8,4,5,-1,9,7,10,-1,10,7,6,-1,11,12,13,-1,13,12,9,-1,13,9,10,-1,1,12,3,-1,3,12,11,-1,7,9,4,-1,4,9,12,-1,4,12,0,-1,0,12,1,-1,14,15,16,-1,17,18,19,-1,17,19,20,-1,19,21,20,-1,20,21,22,-1,20,22,16,-1,16,22,23,-1,16,23,14,-1,24,15,25,-1,25,15,14,-1,24,25,26,-1,24,26,27,-1,26,28,27,-1,27,28,29,-1,27,29,30,-1,30,29,31,-1,30,31,32,-1,32,31,33,-1,32,33,34,-1,34,33,35,-1,34,35,36,-1,36,35,37,-1,36,37,38,-1,38,37,39,-1,38,39,40,-1,40,39,41,-1,40,41,42,-1,42,41,43,-1,42,43,44,-1,44,43,45,-1,44,45,46,-1,46,45,47,-1,46,47,48,-1,48,47,49,-1,48,49,50,-1,50,49,51,-1,50,51,52,-1,52,51,53,-1,52,53,54,-1,54,53,55,-1,54,55,56,-1,56,55,57,-1,56,57,58,-1,58,57,59,-1,58,59,60,-1,60,59,61,-1,60,61,62,-1,63,64,65,-1,62,61,66,-1,62,66,67,-1,67,66,68,-1,67,68,65,-1,65,68,69,-1,65,69,63,-1,70,64,71,-1,71,64,63,-1,72,73,74,-1,74,73,70,-1,74,70,71,-1,72,75,73,-1,73,75,76,-1,73,76,77,-1,77,76,78,-1,77,78,79,-1,80,79,81,-1,81,79,78,-1,81,82,80,-1,80,82,83,-1,80,83,84,-1,84,83,85,-1,84,85,86,-1,86,85,87,-1,86,87,88,-1,88,87,89,-1,88,89,90,-1,90,89,91,-1,90,91,92,-1,91,93,92,-1,92,93,94,-1,92,94,95,-1,95,94,96,-1,95,96,97,-1,98,99,100,-1,97,96,101,-1,97,101,102,-1,102,101,103,-1,102,103,100,-1,100,103,104,-1,100,104,98,-1,18,17,105,-1,105,17,106,-1,105,106,107,-1,107,106,108,-1,107,108,109,-1,109,108,110,-1,109,110,111,-1,111,110,99,-1,111,99,98,-1,65,64,70,-1,56,86,54,-1,54,86,88,-1,54,88,52,-1,52,88,90,-1,52,90,50,-1,97,48,95,-1,95,48,50,-1,95,50,92,-1,92,50,90,-1,65,70,67,-1,67,70,73,-1,67,73,62,-1,62,73,77,-1,62,77,60,-1,60,77,79,-1,60,79,58,-1,58,79,80,-1,58,80,56,-1,56,80,84,-1,56,84,86,-1,15,24,16,-1,16,24,27,-1,16,27,20,-1,20,27,30,-1,20,30,17,-1,17,30,32,-1,17,32,106,-1,106,32,34,-1,106,34,108,-1,108,34,36,-1,108,36,110,-1,110,36,38,-1,110,38,99,-1,99,38,40,-1,99,40,100,-1,100,40,42,-1,100,42,102,-1,102,42,44,-1,102,44,97,-1,97,44,46,-1,97,46,48,-1,112,113,114,-1,114,113,115,-1,116,117,118,-1,118,117,112,-1,118,112,114,-1,119,117,120,-1,120,117,116,-1,121,122,123,-1,123,122,119,-1,123,119,120,-1,124,122,125,-1,125,122,121,-1,126,127,128,-1,128,127,124,-1,128,124,125,-1,129,127,130,-1,130,127,126,-1,131,132,133,-1,133,132,129,-1,133,129,130,-1,134,132,135,-1,135,132,131,-1,136,137,138,-1,138,137,134,-1,138,134,135,-1,139,137,140,-1,140,137,136,-1,115,113,141,-1,141,113,139,-1,141,139,140,-1,139,113,112,-1,112,117,139,-1,139,117,119,-1,139,119,137,-1,132,134,129,-1,129,134,137,-1,129,137,127,-1,127,137,119,-1,127,119,124,-1,124,119,122,-1,142,143,144,-1,144,143,145,-1,144,145,146,-1,146,145,147,-1,146,147,148,-1,148,147,149,-1,148,149,150,-1,150,149,151,-1,150,151,152,-1,152,151,153,-1,152,153,154,-1,154,153,155,-1,154,155,156,-1,156,155,157,-1,156,157,158,-1,158,157,159,-1,158,159,160,-1,160,159,161,-1,160,161,162,-1,162,161,163,-1,162,163,164,-1,164,163,165,-1,164,165,166,-1,166,165,167,-1,166,167,168,-1,168,167,169,-1,168,169,170,-1,170,169,171,-1,170,171,172,-1,172,171,173,-1,172,173,174,-1,174,173,175,-1,174,175,176,-1,176,175,142,-1,176,142,144,-1,150,152,177,-1,177,152,178,-1,150,177,179,-1,150,179,148,-1,148,179,180,-1,148,180,146,-1,146,180,181,-1,146,181,144,-1,144,181,182,-1,144,182,176,-1,176,182,183,-1,176,183,174,-1,174,183,184,-1,174,184,172,-1,172,184,185,-1,172,185,170,-1,170,185,186,-1,170,186,168,-1,168,186,187,-1,168,187,166,-1,166,187,188,-1,166,188,164,-1,164,188,189,-1,164,189,162,-1,162,189,190,-1,162,190,160,-1,160,190,191,-1,160,191,158,-1,158,191,192,-1,158,192,156,-1,154,156,193,-1,193,156,192,-1,152,154,178,-1,178,154,193,-1,157,155,194,-1,194,155,195,-1,155,153,195,-1,195,153,196,-1,153,151,196,-1,196,151,197,-1,143,198,199,-1,143,199,145,-1,145,199,200,-1,145,200,147,-1,147,200,201,-1,147,201,149,-1,149,201,197,-1,149,197,151,-1,171,202,203,-1,171,203,173,-1,173,203,204,-1,173,204,175,-1,175,204,205,-1,175,205,142,-1,142,205,198,-1,142,198,143,-1,163,206,207,-1,163,207,165,-1,165,207,208,-1,165,208,167,-1,167,208,209,-1,167,209,169,-1,169,209,202,-1,169,202,171,-1,157,194,210,-1,157,210,159,-1,159,210,211,-1,159,211,161,-1,161,211,206,-1,161,206,163,-1,
        ]
    }
}
Shape{
    appearance Appearance {
        material  Material 	{
            diffuseColor 0.2235294117647059 0.2235294117647059 0.2235294117647059
            specularColor 0.11372549019607843 0.11372549019607843 0.11372549019607843
            ambientIntensity 0.2
            transparency 0
            shininess 0.5
        }
    }
    geometry IndexedFaceSet {
        ccw TRUE
        solid FALSE
        coord DEF co Coordinate {
            point [
                -0.1218 0.532 0.4141, -0.1222 0.5319 0.4145, -0.1107 0.5273 0.4408, -0.1047 0.5272 0.4409, -0.1045 0.5326 0.4105, -0.1103 0.5326 0.4104, -0.1159 0.5325 0.4111, -0.1192 0.5323 0.4123, -0.124 0.5315 0.4165, -0.1255 0.531 0.4194, -0.1263 0.5304 0.4229, -0.1266 0.5299 0.4259, -0.126 0.529 0.4309, -0.1249 0.5285 0.4338, -0.1233 0.5281 0.436, -0.1223 0.5279 0.437, -0.1159 0.5274 0.4402, -0.1193 0.5276 0.439, -0.1193 0.5276 0.439
            ]
        }
        coordIndex [
            0,1,2,-1,3,4,2,-1,2,4,5,-1,5,6,2,-1,2,6,7,-1,2,7,0,-1,1,8,2,-1,2,8,9,-1,2,9,10,-1,10,11,2,-1,2,11,12,-1,2,12,13,-1,13,14,2,-1,2,14,15,-1,2,15,16,-1,16,15,17,-1,
        ]
    }
}
Shape{
    appearance Appearance {
        material  Material 	{
            diffuseColor 1.0 1.0 1.0
            specularColor 0.5019607843137255 0.5019607843137255 0.5019607843137255
            ambientIntensity 0.2
            transparency 0
            shininess 0.5
        }
    }
    geometry IndexedFaceSet {
        ccw TRUE
        solid FALSE
        coord DEF co Coordinate {
            point [
                -0.1454 0.5308 0.4209, -0.1515 0.5279 0.4373, -0.1496 0.5265 0.4451, -0.1341 0.5335 0.4058, -0.1398 0.5335 0.4057, -0.1437 0.5316 0.4165, -0.1518 0.5277 0.4385, -0.1522 0.5274 0.4401, -0.1551 0.5265 0.4451, -0.1523 0.5274 0.44, -0.1526 0.5277 0.4384, -0.1529 0.5279 0.4373, -0.1588 0.5308 0.4209, -0.1701 0.5335 0.4055, -0.1644 0.5335 0.4056, -0.1604 0.5316 0.4164, -0.1551 0.5265 0.4451, -0.17 0.5334 0.4058, -0.1701 0.5335 0.4055, -0.1496 0.5265 0.4451, -0.1341 0.5334 0.4058, -0.1341 0.5334 0.4058, -0.1452 0.5285 0.4339, -0.1398 0.5334 0.4057, -0.1437 0.5315 0.4165, -0.1398 0.5334 0.4058, -0.1604 0.5316 0.4164, -0.1452 0.5315 0.4165, -0.1644 0.5335 0.4056, -0.1643 0.5334 0.4058, -0.1454 0.5308 0.4209, -0.1588 0.5308 0.4208, -0.1529 0.5279 0.4373, -0.1523 0.5274 0.44, -0.1526 0.5277 0.4384, -0.1522 0.5274 0.44, -0.1515 0.5279 0.4373, -0.1518 0.5277 0.4385, -0.1518 0.5277 0.4385
            ]
        }
        coordIndex [
            0,1,2,-1,3,4,5,-1,1,6,2,-1,2,6,7,-1,2,7,8,-1,8,7,9,-1,8,9,10,-1,10,11,8,-1,8,11,12,-1,8,12,13,-1,14,13,15,-1,15,13,12,-1,15,12,5,-1,5,12,0,-1,5,0,3,-1,3,0,2,-1,16,8,17,-1,17,8,13,-1,17,13,18,-1,2,8,19,-1,19,8,16,-1,20,21,3,-1,20,3,22,-1,22,3,2,-1,22,2,19,-1,4,3,23,-1,23,3,21,-1,24,5,25,-1,25,5,4,-1,25,4,23,-1,26,15,27,-1,27,15,5,-1,27,5,24,-1,28,14,29,-1,29,14,15,-1,29,15,26,-1,13,14,18,-1,18,14,28,-1,0,12,30,-1,30,12,31,-1,12,11,31,-1,31,11,32,-1,9,33,34,-1,9,34,10,-1,10,34,32,-1,10,32,11,-1,9,7,33,-1,33,7,35,-1,1,36,37,-1,1,37,6,-1,6,37,35,-1,6,35,7,-1,1,0,36,-1,36,0,30,-1,
        ]
    }
}
Shape{
    appearance Appearance {
        material  Material 	{
            diffuseColor 0.2235294117647059 0.2235294117647059 0.2235294117647059
            specularColor 0.11372549019607843 0.11372549019607843 0.11372549019607843
            ambientIntensity 0.2
            transparency 0
            shininess 0.5
        }
    }
    geometry IndexedFaceSet {
        ccw TRUE
        solid FALSE
        coord DEF co Coordinate {
            point [
                -0.1523 0.5274 0.44, -0.1522 0.5274 0.44, -0.1526 0.5277 0.4384, -0.1518 0.5277 0.4385, -0.1529 0.5279 0.4373, -0.1515 0.5279 0.4373, -0.1588 0.5308 0.4208, -0.1454 0.5308 0.4209, -0.1454 0.5308 0.4209
            ]
        }
        coordIndex [
            0,1,2,-1,2,1,3,-1,2,3,4,-1,4,3,5,-1,4,5,6,-1,6,5,7,-1,
        ]
    }
}
Shape{
    appearance Appearance {
        material  Material 	{
            diffuseColor 1.0 1.0 1.0
            specularColor 0.5019607843137255 0.5019607843137255 0.5019607843137255
            ambientIntensity 0.2
            transparency 0
            shininess 0.5
        }
    }
    geometry IndexedFaceSet {
        ccw TRUE
        solid FALSE
        coord DEF co Coordinate {
            point [
                -0.0305 0.5436 0.3485, -0.0305 0.5444 0.344, -0.0305 0.5435 0.3485, -0.0305 0.5443 0.344, -0.0142 0.5436 0.3486, -0.0142 0.5435 0.3486, -0.0143 0.5412 0.3618, -0.0143 0.5412 0.3618, -0.0286 0.5412 0.3617, -0.0286 0.5412 0.3617, -0.0286 0.5404 0.3663, -0.0286 0.5404 0.3662, -0.0143 0.5404 0.3664, -0.0143 0.5404 0.3663, -0.0144 0.5382 0.379, -0.0144 0.5382 0.379, -0.0299 0.5382 0.3789, -0.0299 0.5382 0.3789, -0.0299 0.5376 0.3824, -0.0299 0.5374 0.3834, -0.0299 0.5374 0.3831, -0.0299 0.5374 0.3834, -0.0093 0.5374 0.3835, -0.0093 0.5374 0.3835, -0.009 0.5443 0.3441, -0.009 0.5443 0.3441, -0.0093 0.5376 0.3824, -0.0093 0.5374 0.3831, -0.0533 0.5444 0.3438, -0.0583 0.5444 0.3438, -0.0533 0.5436 0.3482, -0.0584 0.5412 0.3619, -0.0532 0.5436 0.3482, -0.0505 0.5435 0.3489, -0.0523 0.5438 0.3469, -0.0491 0.5437 0.348, -0.0435 0.5422 0.3564, -0.0467 0.5421 0.3571, -0.0534 0.5419 0.3579, -0.0534 0.5424 0.3552, -0.0533 0.5424 0.3549, -0.053 0.5428 0.3527, -0.0523 0.5431 0.3509, -0.0512 0.5434 0.3495, -0.0516 0.5394 0.3723, -0.0505 0.5401 0.368, -0.0536 0.5395 0.3715, -0.0514 0.5402 0.3675, -0.0424 0.5423 0.3558, -0.0534 0.5412 0.3617, -0.0532 0.5409 0.3639, -0.058 0.5405 0.3661, -0.0527 0.5405 0.3656, -0.0571 0.5401 0.3682, -0.0522 0.5404 0.3667, -0.0561 0.5398 0.3697, -0.0552 0.5397 0.3705, -0.0383 0.5398 0.3701, -0.0383 0.5406 0.3653, -0.0393 0.5397 0.3707, -0.0417 0.5402 0.3674, -0.0431 0.5394 0.3721, -0.0449 0.5401 0.3684, -0.0482 0.5393 0.3726, -0.0477 0.54 0.3686, -0.0494 0.5401 0.3684, -0.0415 0.5435 0.349, -0.0378 0.5441 0.3455, -0.0419 0.5436 0.3485, -0.0395 0.5443 0.3443, -0.0429 0.5437 0.3479, -0.0414 0.5444 0.3436, -0.044 0.5438 0.3474, -0.0444 0.5445 0.3432, -0.0457 0.5438 0.3472, -0.047 0.5445 0.3435, -0.0476 0.5438 0.3474, -0.049 0.5443 0.3442, -0.0507 0.5441 0.3453, -0.0449 0.5414 0.3606, -0.0408 0.5416 0.3596, -0.0418 0.5424 0.3554, -0.0387 0.5418 0.3585, -0.0412 0.5425 0.3547, -0.0373 0.542 0.3572, -0.0408 0.5426 0.3537, -0.0362 0.5423 0.3556, -0.0405 0.5428 0.3526, -0.0356 0.5426 0.3537, -0.0405 0.543 0.3518, -0.0354 0.543 0.3515, -0.0406 0.5432 0.3507, -0.0356 0.5435 0.3491, -0.0409 0.5433 0.3498, -0.0363 0.5438 0.3474, -0.0373 0.544 0.3459, -0.0482 0.5393 0.3726, -0.0431 0.5394 0.3721, -0.0393 0.5396 0.3707, -0.0383 0.5397 0.3701, -0.0383 0.5406 0.3653, -0.0417 0.5402 0.3674, -0.0449 0.54 0.3684, -0.0477 0.54 0.3686, -0.0494 0.54 0.3684, -0.0505 0.5401 0.368, -0.0514 0.5402 0.3675, -0.0522 0.5403 0.3667, -0.0527 0.5405 0.3656, -0.0532 0.5408 0.3639, -0.0534 0.5412 0.3617, -0.0449 0.5414 0.3606, -0.0408 0.5416 0.3596, -0.0387 0.5418 0.3585, -0.0373 0.542 0.3571, -0.0362 0.5423 0.3555, -0.0356 0.5426 0.3537, -0.0354 0.543 0.3515, -0.0356 0.5434 0.349, -0.0363 0.5437 0.3474, -0.0373 0.544 0.3459, -0.0378 0.5441 0.3455, -0.0395 0.5443 0.3443, -0.0414 0.5444 0.3436, -0.0444 0.5445 0.3432, -0.047 0.5444 0.3435, -0.049 0.5443 0.3442, -0.0507 0.5441 0.3453, -0.0523 0.5438 0.3469, -0.0532 0.5436 0.3482, -0.0533 0.5436 0.3482, -0.0533 0.5444 0.3438, -0.0583 0.5444 0.3438, -0.0584 0.5412 0.3619, -0.058 0.5404 0.366, -0.0571 0.5401 0.3682, -0.0561 0.5398 0.3697, -0.0552 0.5396 0.3705, -0.0536 0.5395 0.3715, -0.0516 0.5393 0.3722, -0.0418 0.5423 0.3554, -0.0424 0.5422 0.3558, -0.0435 0.5421 0.3564, -0.0467 0.542 0.3571, -0.0405 0.5429 0.3518, -0.0405 0.5428 0.3526, -0.0408 0.5426 0.3537, -0.0412 0.5424 0.3547, -0.0419 0.5435 0.3485, -0.0415 0.5435 0.349, -0.0409 0.5433 0.3498, -0.0406 0.5431 0.3507, -0.0457 0.5438 0.3472, -0.044 0.5437 0.3474, -0.0429 0.5436 0.3479, -0.0512 0.5434 0.3495, -0.0505 0.5435 0.3489, -0.0491 0.5436 0.348, -0.0476 0.5437 0.3474, -0.0534 0.5423 0.3552, -0.0533 0.5424 0.3549, -0.053 0.5428 0.3527, -0.0523 0.5431 0.3509, -0.0534 0.5419 0.3579, -0.0534 0.5419 0.3579
            ]
        }
        coordIndex [
            0,1,2,-1,2,1,3,-1,4,0,5,-1,5,0,2,-1,6,4,7,-1,7,4,5,-1,8,6,9,-1,9,6,7,-1,10,8,11,-1,11,8,9,-1,12,10,13,-1,13,10,11,-1,14,12,15,-1,15,12,13,-1,16,14,17,-1,17,14,15,-1,16,17,18,-1,16,18,19,-1,19,18,20,-1,19,20,21,-1,22,19,23,-1,23,19,21,-1,24,25,26,-1,26,25,22,-1,26,22,27,-1,27,22,23,-1,1,25,3,-1,3,25,24,-1,25,1,0,-1,0,4,25,-1,25,4,6,-1,25,6,22,-1,16,19,14,-1,14,19,22,-1,14,22,12,-1,12,22,6,-1,12,6,10,-1,10,6,8,-1,28,29,30,-1,30,29,31,-1,32,33,34,-1,34,33,35,-1,36,37,31,-1,31,37,38,-1,31,38,39,-1,39,40,31,-1,31,40,41,-1,31,41,30,-1,30,41,42,-1,30,42,32,-1,32,42,43,-1,32,43,33,-1,44,45,46,-1,46,45,47,-1,48,36,49,-1,49,36,31,-1,49,31,50,-1,50,31,51,-1,50,51,52,-1,52,51,53,-1,52,53,54,-1,54,53,55,-1,54,55,47,-1,47,55,56,-1,47,56,46,-1,57,58,59,-1,59,58,60,-1,59,60,61,-1,61,60,62,-1,61,62,63,-1,63,62,64,-1,63,64,44,-1,44,64,65,-1,44,65,45,-1,66,67,68,-1,68,67,69,-1,68,69,70,-1,70,69,71,-1,70,71,72,-1,72,71,73,-1,72,73,74,-1,74,73,75,-1,74,75,76,-1,76,75,77,-1,76,77,35,-1,35,77,78,-1,35,78,34,-1,49,79,48,-1,48,79,80,-1,48,80,81,-1,81,80,82,-1,81,82,83,-1,83,82,84,-1,83,84,85,-1,85,84,86,-1,85,86,87,-1,87,86,88,-1,87,88,89,-1,89,88,90,-1,89,90,91,-1,91,90,92,-1,91,92,93,-1,93,92,94,-1,93,94,66,-1,66,94,95,-1,66,95,67,-1,63,96,97,-1,63,97,61,-1,61,97,98,-1,61,98,59,-1,59,98,99,-1,59,99,57,-1,58,57,100,-1,100,57,99,-1,58,100,101,-1,58,101,60,-1,60,101,102,-1,60,102,62,-1,62,102,103,-1,62,103,64,-1,64,103,104,-1,64,104,65,-1,65,104,105,-1,65,105,45,-1,45,105,106,-1,45,106,47,-1,47,106,107,-1,47,107,54,-1,54,107,108,-1,54,108,52,-1,52,108,109,-1,52,109,50,-1,50,109,110,-1,50,110,49,-1,79,49,111,-1,111,49,110,-1,79,111,112,-1,79,112,80,-1,80,112,113,-1,80,113,82,-1,82,113,114,-1,82,114,84,-1,84,114,115,-1,84,115,86,-1,86,115,116,-1,86,116,88,-1,88,116,117,-1,88,117,90,-1,90,117,118,-1,90,118,92,-1,92,118,119,-1,92,119,94,-1,94,119,120,-1,94,120,95,-1,95,120,121,-1,95,121,67,-1,67,121,122,-1,67,122,69,-1,69,122,123,-1,69,123,71,-1,71,123,124,-1,71,124,73,-1,73,124,125,-1,73,125,75,-1,75,125,126,-1,75,126,77,-1,77,126,127,-1,77,127,78,-1,78,127,128,-1,78,128,34,-1,34,128,129,-1,34,129,32,-1,30,32,130,-1,130,32,129,-1,28,30,131,-1,131,30,130,-1,29,28,132,-1,132,28,131,-1,31,29,133,-1,133,29,132,-1,31,133,134,-1,31,134,51,-1,51,134,135,-1,51,135,53,-1,53,135,136,-1,53,136,55,-1,55,136,137,-1,55,137,56,-1,56,137,138,-1,56,138,46,-1,46,138,139,-1,46,139,44,-1,44,139,96,-1,44,96,63,-1,81,140,141,-1,81,141,48,-1,48,141,142,-1,48,142,36,-1,36,142,143,-1,36,143,37,-1,89,144,145,-1,89,145,87,-1,87,145,146,-1,87,146,85,-1,85,146,147,-1,85,147,83,-1,83,147,140,-1,83,140,81,-1,68,148,149,-1,68,149,66,-1,66,149,150,-1,66,150,93,-1,93,150,151,-1,93,151,91,-1,91,151,144,-1,91,144,89,-1,74,152,153,-1,74,153,72,-1,72,153,154,-1,72,154,70,-1,70,154,148,-1,70,148,68,-1,43,155,156,-1,43,156,33,-1,33,156,157,-1,33,157,35,-1,35,157,158,-1,35,158,76,-1,76,158,152,-1,76,152,74,-1,39,159,160,-1,39,160,40,-1,40,160,161,-1,40,161,41,-1,41,161,162,-1,41,162,42,-1,42,162,155,-1,42,155,43,-1,39,38,159,-1,159,38,163,-1,38,37,163,-1,163,37,143,-1,
        ]
    }
}
Shape{
    appearance Appearance {
        material  Material 	{
            diffuseColor 0.2235294117647059 0.2235294117647059 0.2235294117647059
            specularColor 0.11372549019607843 0.11372549019607843 0.11372549019607843
            ambientIntensity 0.2
            transparency 0
            shininess 0.5
        }
    }
    geometry IndexedFaceSet {
        ccw TRUE
        solid FALSE
        coord DEF co Coordinate {
            point [
                -0.0533 0.5424 0.3549, -0.0534 0.5423 0.3552, -0.0418 0.5423 0.3554, -0.0534 0.5419 0.3579, -0.0467 0.542 0.3571, -0.0435 0.5421 0.3564, -0.0424 0.5422 0.3558, -0.053 0.5428 0.3527, -0.0412 0.5424 0.3547, -0.0523 0.5431 0.3509, -0.0415 0.5435 0.349, -0.0419 0.5435 0.3485, -0.0505 0.5435 0.3489, -0.0409 0.5433 0.3498, -0.0491 0.5436 0.348, -0.0476 0.5437 0.3474, -0.0457 0.5438 0.3472, -0.0408 0.5426 0.3537, -0.0405 0.5428 0.3526, -0.0512 0.5434 0.3495, -0.0405 0.5429 0.3518, -0.0406 0.5431 0.3507, -0.0429 0.5436 0.3479, -0.044 0.5437 0.3474, -0.044 0.5437 0.3474
            ]
        }
        coordIndex [
            0,1,2,-1,1,3,4,-1,4,5,1,-1,1,5,6,-1,1,6,2,-1,0,2,7,-1,7,2,8,-1,7,8,9,-1,10,11,12,-1,10,12,13,-1,14,12,15,-1,15,12,16,-1,8,17,9,-1,9,17,18,-1,9,18,19,-1,19,18,20,-1,19,20,12,-1,12,20,21,-1,12,21,13,-1,11,22,12,-1,12,22,23,-1,12,23,16,-1,
        ]
    }
}
Shape{
    appearance Appearance {
        material  Material 	{
            diffuseColor 1.0 1.0 1.0
            specularColor 0.5019607843137255 0.5019607843137255 0.5019607843137255
            ambientIntensity 0.2
            transparency 0
            shininess 0.5
        }
    }
    geometry IndexedFaceSet {
        ccw TRUE
        solid FALSE
        coord DEF co Coordinate {
            point [
                -0.0651 0.5433 0.3498, -0.0651 0.5433 0.3498, -0.0674 0.5436 0.3484, -0.0734 0.5438 0.347, -0.0734 0.5438 0.347, -0.0705 0.5437 0.3473, -0.0705 0.5438 0.3473, -0.0676 0.5436 0.3484, -0.0674 0.5435 0.3484, -0.0651 0.5442 0.3447, -0.0651 0.5442 0.3447, -0.0728 0.5445 0.343, -0.0728 0.5445 0.343, -0.0686 0.5445 0.3435, -0.0676 0.5444 0.3438, -0.0686 0.5444 0.3435, -0.0774 0.5444 0.3435, -0.0774 0.5445 0.3435, -0.08 0.5442 0.3445, -0.08 0.5443 0.3445, -0.0812 0.5441 0.3452, -0.0812 0.5442 0.3452, -0.0826 0.5439 0.3464, -0.0826 0.5439 0.3464, -0.0836 0.5437 0.3477, -0.0836 0.5437 0.3477, -0.0842 0.5434 0.3493, -0.0842 0.5434 0.3493, -0.0844 0.543 0.3512, -0.0844 0.5431 0.3512, -0.0842 0.5427 0.3531, -0.0842 0.5428 0.3531, -0.0837 0.5425 0.3545, -0.0837 0.5425 0.3546, -0.0828 0.5422 0.3559, -0.0828 0.5423 0.3559, -0.0816 0.542 0.357, -0.0816 0.5421 0.357, -0.0783 0.5417 0.3588, -0.0783 0.5418 0.3588, -0.0764 0.5416 0.3596, -0.0764 0.5416 0.3596, -0.0733 0.5413 0.361, -0.0733 0.5414 0.361, -0.0715 0.5411 0.3621, -0.0715 0.5412 0.3621, -0.071 0.541 0.3626, -0.071 0.5411 0.3626, -0.0707 0.5409 0.3633, -0.0707 0.541 0.3633, -0.0705 0.5408 0.364, -0.0705 0.5408 0.364, -0.0704 0.5407 0.3647, -0.0704 0.5407 0.3647, -0.0705 0.5405 0.3655, -0.0705 0.5406 0.3655, -0.0708 0.5404 0.3661, -0.0708 0.5405 0.3661, -0.0712 0.5403 0.3668, -0.0712 0.5404 0.3668, -0.072 0.5402 0.3674, -0.072 0.5402 0.3674, -0.0731 0.5401 0.368, -0.0731 0.5401 0.368, -0.0744 0.54 0.3683, -0.0744 0.5401 0.3683, -0.0759 0.54 0.3684, -0.0759 0.5401 0.3684, -0.0794 0.5401 0.368, -0.0794 0.5401 0.368, -0.0823 0.5403 0.3669, -0.0823 0.5403 0.3669, -0.0832 0.5404 0.3663, -0.0832 0.5404 0.3664, -0.0832 0.5396 0.3712, -0.0832 0.5395 0.3711, -0.08 0.5394 0.3721, -0.08 0.5394 0.3721, -0.0765 0.5393 0.3724, -0.0765 0.5393 0.3724, -0.0724 0.5394 0.372, -0.0724 0.5394 0.372, -0.0697 0.5396 0.371, -0.0697 0.5396 0.371, -0.0685 0.5397 0.3703, -0.0685 0.5397 0.3703, -0.067 0.54 0.369, -0.0676 0.5398 0.3695, -0.067 0.5399 0.3689, -0.0661 0.5402 0.3676, -0.0661 0.5402 0.3676, -0.0655 0.5404 0.366, -0.0655 0.5405 0.366, -0.0653 0.5407 0.3643, -0.0653 0.5408 0.3643, -0.0655 0.5411 0.3623, -0.0655 0.5411 0.3624, -0.066 0.5414 0.3608, -0.066 0.5414 0.3608, -0.0666 0.5415 0.3598, -0.0666 0.5416 0.3598, -0.0728 0.5422 0.356, -0.0728 0.5422 0.356, -0.0698 0.542 0.3574, -0.0675 0.5417 0.359, -0.0675 0.5417 0.359, -0.0676 0.5417 0.3589, -0.0698 0.542 0.3574, -0.0761 0.5424 0.3547, -0.0761 0.5425 0.3547, -0.078 0.5427 0.3535, -0.078 0.5427 0.3535, -0.0786 0.5428 0.3528, -0.0786 0.5428 0.3528, -0.079 0.5429 0.3522, -0.079 0.5429 0.3522, -0.0792 0.543 0.3514, -0.0792 0.5431 0.3514, -0.0793 0.5431 0.3508, -0.0793 0.5432 0.3508, -0.0792 0.5433 0.3499, -0.0792 0.5433 0.3499, -0.0789 0.5434 0.3492, -0.0789 0.5435 0.3492, -0.0785 0.5435 0.3485, -0.0785 0.5436 0.3485, -0.0779 0.5436 0.348, -0.0779 0.5437 0.348, -0.0774 0.5437 0.3477, -0.0774 0.5437 0.3478, -0.0761 0.5437 0.3473, -0.0761 0.5438 0.3473, -0.0736 0.5438 0.347, -0.0736 0.5438 0.347, -0.1094 0.5395 0.3716, -0.1146 0.5395 0.3715, -0.1094 0.5395 0.3716, -0.1146 0.5395 0.3715, -0.1015 0.5432 0.3504, -0.1015 0.5432 0.3504, -0.1011 0.5434 0.3491, -0.1011 0.5435 0.3491, -0.1009 0.5436 0.3481, -0.1009 0.5436 0.3481, -0.1007 0.5436 0.3482, -0.1007 0.5436 0.3481, -0.1001 0.5432 0.3505, -0.1001 0.5432 0.3505, -0.0928 0.5394 0.3717, -0.0928 0.5395 0.3717, -0.0955 0.5408 0.3639, -0.0872 0.5395 0.3717, -0.0872 0.5394 0.3717, -0.0982 0.5444 0.3435, -0.0982 0.5444 0.3436, -0.0955 0.5432 0.3505, -0.096 0.5453 0.3384, -0.096 0.5453 0.3384, -0.0955 0.5455 0.3376, -0.0949 0.5457 0.3366, -0.0949 0.5456 0.3366, -0.094 0.5458 0.3356, -0.094 0.5458 0.3356, -0.0932 0.5459 0.3351, -0.0932 0.5459 0.3351, -0.0921 0.546 0.3347, -0.0921 0.546 0.3347, -0.0908 0.546 0.3345, -0.0908 0.546 0.3345, -0.089 0.546 0.3348, -0.089 0.546 0.3348, -0.088 0.5459 0.3351, -0.088 0.5459 0.3351, -0.0879 0.5467 0.3307, -0.0879 0.5467 0.3307, -0.0901 0.5467 0.3303, -0.0901 0.5468 0.3303, -0.0912 0.5467 0.3303, -0.0912 0.5468 0.3303, -0.0934 0.5467 0.3305, -0.0934 0.5467 0.3305, -0.0954 0.5466 0.3313, -0.0954 0.5466 0.3313, -0.0955 0.5465 0.3314, -0.097 0.5464 0.3325, -0.097 0.5464 0.3325, -0.0991 0.5459 0.3348, -0.0991 0.546 0.3348, -0.1014 0.5452 0.3392, -0.1014 0.5452 0.3392, -0.1414 0.5437 0.3477, -0.1414 0.5445 0.3432, -0.1414 0.5437 0.3477, -0.1414 0.5445 0.3432, -0.125 0.5437 0.3478, -0.125 0.5437 0.3478, -0.133 0.5437 0.3477, -0.1251 0.5414 0.3611, -0.1251 0.5413 0.3611, -0.1395 0.5413 0.361, -0.1395 0.5414 0.361, -0.133 0.5413 0.361, -0.1395 0.5406 0.3655, -0.1395 0.5405 0.3655, -0.1252 0.5405 0.3656, -0.1252 0.5406 0.3656, -0.133 0.5405 0.3655, -0.1253 0.5383 0.3782, -0.1253 0.5383 0.3782, -0.1407 0.5383 0.3781, -0.1407 0.5384 0.3781, -0.133 0.5383 0.3781, -0.1408 0.5375 0.3826, -0.1408 0.5376 0.3826, -0.1408 0.5376 0.3824, -0.1201 0.5375 0.3828, -0.1201 0.5375 0.3828, -0.133 0.5375 0.3827, -0.1198 0.5444 0.3433, -0.1198 0.5445 0.3433, -0.1201 0.5376 0.3824, -0.133 0.5445 0.3432, -0.1737 0.5427 0.3536, -0.1719 0.543 0.3516, -0.1755 0.5436 0.3485, -0.1714 0.5431 0.3512, -0.1714 0.5441 0.3456, -0.1689 0.5434 0.3494, -0.1668 0.5444 0.3438, -0.1656 0.5436 0.3482, -0.16 0.5445 0.3431, -0.16 0.5437 0.3476, -0.1489 0.5445 0.3431, -0.1541 0.5437 0.3476, -0.1492 0.5376 0.3826, -0.1544 0.5384 0.378, -0.1606 0.5376 0.3825, -0.1604 0.5384 0.3779, -0.1668 0.5377 0.3818, -0.1656 0.5385 0.3774, -0.1716 0.538 0.38, -0.169 0.5387 0.3761, -0.1757 0.5385 0.3772, -0.1719 0.539 0.3742, -0.1771 0.5388 0.3758, -0.173 0.5392 0.3731, -0.1796 0.5394 0.3724, -0.1746 0.5396 0.3709, -0.181 0.54 0.3686, -0.1757 0.5401 0.368, -0.1817 0.541 0.3631, -0.1762 0.541 0.363, -0.1815 0.5414 0.3606, -0.176 0.5415 0.36, -0.1805 0.5422 0.356, -0.1751 0.5422 0.3565, -0.1785 0.543 0.3519, -0.16 0.5445 0.3431, -0.1489 0.5445 0.3431, -0.1668 0.5444 0.3438, -0.1714 0.5441 0.3456, -0.1755 0.5435 0.3485, -0.1785 0.5429 0.3519, -0.1805 0.5422 0.356, -0.1815 0.5414 0.3606, -0.1817 0.541 0.3631, -0.181 0.54 0.3686, -0.1796 0.5393 0.3723, -0.1771 0.5387 0.3758, -0.1757 0.5385 0.3771, -0.1606 0.5375 0.3825, -0.1615 0.5376 0.3824, -0.1668 0.5377 0.3818, -0.1716 0.538 0.38, -0.1492 0.5375 0.3826, -0.1492 0.5376 0.3824, -0.1604 0.5383 0.3779, -0.1544 0.5383 0.378, -0.1541 0.5437 0.3476, -0.16 0.5437 0.3475, -0.1719 0.543 0.3516, -0.1714 0.5431 0.3512, -0.1689 0.5434 0.3494, -0.1656 0.5436 0.3482, -0.1762 0.541 0.363, -0.176 0.5415 0.36, -0.1751 0.5421 0.3565, -0.1737 0.5426 0.3536, -0.1719 0.539 0.3742, -0.173 0.5392 0.3731, -0.1746 0.5396 0.3709, -0.1757 0.5401 0.368, -0.1656 0.5384 0.3773, -0.169 0.5387 0.3761, -0.169 0.5387 0.3761
            ]
        }
        coordIndex [
            0,1,2,-1,3,4,5,-1,3,5,6,-1,6,5,7,-1,6,7,2,-1,2,7,8,-1,2,8,0,-1,9,1,10,-1,10,1,0,-1,11,12,13,-1,9,10,14,-1,9,14,13,-1,13,14,15,-1,13,15,11,-1,12,11,16,-1,12,16,17,-1,17,16,18,-1,17,18,19,-1,19,18,20,-1,19,20,21,-1,21,20,22,-1,21,22,23,-1,23,22,24,-1,23,24,25,-1,25,24,26,-1,25,26,27,-1,27,26,28,-1,27,28,29,-1,29,28,30,-1,29,30,31,-1,31,30,32,-1,31,32,33,-1,33,32,34,-1,33,34,35,-1,35,34,36,-1,35,36,37,-1,37,36,38,-1,37,38,39,-1,39,38,40,-1,39,40,41,-1,41,40,42,-1,41,42,43,-1,43,42,44,-1,43,44,45,-1,45,44,46,-1,45,46,47,-1,47,46,48,-1,47,48,49,-1,49,48,50,-1,49,50,51,-1,51,50,52,-1,51,52,53,-1,53,52,54,-1,53,54,55,-1,55,54,56,-1,55,56,57,-1,57,56,58,-1,57,58,59,-1,59,58,60,-1,59,60,61,-1,61,60,62,-1,61,62,63,-1,63,62,64,-1,63,64,65,-1,65,64,66,-1,65,66,67,-1,67,66,68,-1,67,68,69,-1,69,68,70,-1,69,70,71,-1,71,70,72,-1,71,72,73,-1,74,73,75,-1,75,73,72,-1,74,75,76,-1,74,76,77,-1,77,76,78,-1,77,78,79,-1,79,78,80,-1,79,80,81,-1,81,80,82,-1,81,82,83,-1,83,82,84,-1,83,84,85,-1,86,85,87,-1,87,85,84,-1,87,88,86,-1,86,88,89,-1,86,89,90,-1,90,89,91,-1,90,91,92,-1,92,91,93,-1,92,93,94,-1,94,93,95,-1,94,95,96,-1,96,95,97,-1,96,97,98,-1,98,97,99,-1,98,99,100,-1,101,102,103,-1,100,99,104,-1,100,104,105,-1,105,104,106,-1,105,106,103,-1,103,106,107,-1,103,107,101,-1,102,101,108,-1,102,108,109,-1,109,108,110,-1,109,110,111,-1,111,110,112,-1,111,112,113,-1,113,112,114,-1,113,114,115,-1,115,114,116,-1,115,116,117,-1,117,116,118,-1,117,118,119,-1,119,118,120,-1,119,120,121,-1,121,120,122,-1,121,122,123,-1,123,122,124,-1,123,124,125,-1,125,124,126,-1,125,126,127,-1,127,126,128,-1,127,128,129,-1,129,128,130,-1,129,130,131,-1,131,130,132,-1,131,132,133,-1,133,132,4,-1,133,4,3,-1,57,59,85,-1,85,59,83,-1,83,59,61,-1,83,61,81,-1,109,41,102,-1,102,41,43,-1,19,21,125,-1,125,21,23,-1,125,23,123,-1,123,23,25,-1,123,25,121,-1,121,25,27,-1,121,27,119,-1,119,27,29,-1,119,29,117,-1,117,29,31,-1,117,31,115,-1,115,31,33,-1,115,33,113,-1,113,33,35,-1,113,35,111,-1,111,35,37,-1,111,37,109,-1,109,37,39,-1,109,39,41,-1,12,3,13,-1,13,3,6,-1,13,6,9,-1,9,6,2,-1,9,2,1,-1,61,63,81,-1,81,63,65,-1,81,65,79,-1,79,65,67,-1,79,67,77,-1,77,67,69,-1,77,69,74,-1,74,69,71,-1,74,71,73,-1,125,127,19,-1,19,127,129,-1,19,129,17,-1,17,129,131,-1,17,131,12,-1,12,131,133,-1,12,133,3,-1,85,86,57,-1,57,86,90,-1,57,90,55,-1,55,90,92,-1,55,92,53,-1,53,92,94,-1,53,94,51,-1,51,94,96,-1,51,96,49,-1,49,96,98,-1,49,98,47,-1,47,98,100,-1,47,100,45,-1,45,100,105,-1,45,105,43,-1,43,105,103,-1,43,103,102,-1,134,135,136,-1,136,135,137,-1,138,134,139,-1,139,134,136,-1,138,139,140,-1,138,140,141,-1,141,140,142,-1,141,142,143,-1,144,143,145,-1,145,143,142,-1,146,144,147,-1,147,144,145,-1,148,149,150,-1,150,149,146,-1,150,146,147,-1,151,149,152,-1,152,149,148,-1,153,154,155,-1,155,154,151,-1,155,151,152,-1,156,154,157,-1,157,154,153,-1,156,157,158,-1,156,158,159,-1,158,160,159,-1,159,160,161,-1,159,161,162,-1,162,161,163,-1,162,163,164,-1,164,163,165,-1,164,165,166,-1,166,165,167,-1,166,167,168,-1,168,167,169,-1,168,169,170,-1,170,169,171,-1,170,171,172,-1,173,172,174,-1,174,172,171,-1,173,174,175,-1,173,175,176,-1,176,175,177,-1,176,177,178,-1,178,177,179,-1,178,179,180,-1,180,179,181,-1,180,181,182,-1,182,181,183,-1,182,183,184,-1,183,185,184,-1,184,185,186,-1,184,186,187,-1,187,186,188,-1,187,188,189,-1,135,189,137,-1,137,189,188,-1,141,143,189,-1,135,134,189,-1,189,134,138,-1,189,138,141,-1,149,151,146,-1,146,151,154,-1,146,154,144,-1,143,144,189,-1,189,144,154,-1,189,154,187,-1,172,173,170,-1,170,173,176,-1,170,176,168,-1,168,176,178,-1,168,178,166,-1,166,178,180,-1,166,180,164,-1,164,180,182,-1,164,182,162,-1,162,182,184,-1,162,184,159,-1,159,184,187,-1,159,187,156,-1,156,187,154,-1,190,191,192,-1,192,191,193,-1,194,195,196,-1,196,195,190,-1,196,190,192,-1,197,195,198,-1,198,195,194,-1,199,200,201,-1,201,200,197,-1,201,197,198,-1,202,200,203,-1,203,200,199,-1,204,205,206,-1,206,205,202,-1,206,202,203,-1,207,205,208,-1,208,205,204,-1,209,210,211,-1,211,210,207,-1,211,207,208,-1,212,213,214,-1,214,213,210,-1,214,210,209,-1,215,216,217,-1,217,216,213,-1,217,213,212,-1,218,219,220,-1,220,219,216,-1,220,216,215,-1,193,191,221,-1,221,191,219,-1,221,219,218,-1,210,213,207,-1,207,213,216,-1,207,216,205,-1,191,190,219,-1,219,190,195,-1,219,195,197,-1,200,202,197,-1,197,202,205,-1,197,205,219,-1,219,205,216,-1,222,223,224,-1,224,223,225,-1,224,225,226,-1,226,225,227,-1,226,227,228,-1,228,227,229,-1,228,229,230,-1,230,229,231,-1,230,231,232,-1,232,231,233,-1,232,233,234,-1,234,233,235,-1,234,235,236,-1,236,235,237,-1,236,237,238,-1,238,237,239,-1,238,239,240,-1,240,239,241,-1,240,241,242,-1,242,241,243,-1,242,243,244,-1,244,243,245,-1,244,245,246,-1,246,245,247,-1,246,247,248,-1,248,247,249,-1,248,249,250,-1,250,249,251,-1,250,251,252,-1,252,251,253,-1,252,253,254,-1,254,253,255,-1,254,255,256,-1,256,255,222,-1,256,222,224,-1,230,232,257,-1,257,232,258,-1,230,257,259,-1,230,259,228,-1,228,259,260,-1,228,260,226,-1,226,260,261,-1,226,261,224,-1,224,261,262,-1,224,262,256,-1,256,262,263,-1,256,263,254,-1,254,263,264,-1,254,264,252,-1,252,264,265,-1,252,265,250,-1,250,265,266,-1,250,266,248,-1,248,266,267,-1,248,267,246,-1,246,267,268,-1,246,268,244,-1,244,268,269,-1,244,269,242,-1,270,236,271,-1,271,236,238,-1,271,238,272,-1,272,238,240,-1,272,240,273,-1,273,240,242,-1,273,242,269,-1,234,236,274,-1,274,236,270,-1,258,232,275,-1,275,232,234,-1,275,234,274,-1,237,235,276,-1,276,235,277,-1,235,233,277,-1,277,233,278,-1,233,231,278,-1,278,231,279,-1,223,280,281,-1,223,281,225,-1,225,281,282,-1,225,282,227,-1,227,282,283,-1,227,283,229,-1,229,283,279,-1,229,279,231,-1,251,284,285,-1,251,285,253,-1,253,285,286,-1,253,286,255,-1,255,286,287,-1,255,287,222,-1,222,287,280,-1,222,280,223,-1,243,288,289,-1,243,289,245,-1,245,289,290,-1,245,290,247,-1,247,290,291,-1,247,291,249,-1,249,291,284,-1,249,284,251,-1,237,276,292,-1,237,292,239,-1,239,292,293,-1,239,293,241,-1,241,293,288,-1,241,288,243,-1,
        ]
    }
}
Shape{
    appearance Appearance {
        material  Material 	{
            diffuseColor 0.2235294117647059 0.2235294117647059 0.2235294117647059
            specularColor 0.11372549019607843 0.11372549019607843 0.11372549019607843
            ambientIntensity 0.2
            transparency 0
            shininess 0.5
        }
    }
    geometry IndexedFaceSet {
        ccw TRUE
        solid FALSE
        coord DEF co Coordinate {
            point [
                -0.1714 0.5431 0.3512, -0.1719 0.543 0.3516, -0.1604 0.5383 0.3779, -0.1544 0.5383 0.378, -0.1541 0.5437 0.3476, -0.16 0.5437 0.3475, -0.1656 0.5436 0.3482, -0.1689 0.5434 0.3494, -0.1737 0.5426 0.3536, -0.1751 0.5421 0.3565, -0.176 0.5415 0.36, -0.1762 0.541 0.363, -0.1757 0.5401 0.368, -0.1746 0.5396 0.3709, -0.173 0.5392 0.3731, -0.1719 0.539 0.3742, -0.1656 0.5384 0.3773, -0.169 0.5387 0.3761, -0.169 0.5387 0.3761
            ]
        }
        coordIndex [
            0,1,2,-1,3,4,2,-1,2,4,5,-1,5,6,2,-1,2,6,7,-1,2,7,0,-1,1,8,2,-1,2,8,9,-1,2,9,10,-1,10,11,2,-1,2,11,12,-1,2,12,13,-1,13,14,2,-1,2,14,15,-1,2,15,16,-1,16,15,17,-1,
        ]
    }
}
Shape{
    appearance Appearance {
        material  Material 	{
            diffuseColor 1.0 1.0 1.0
            specularColor 0.5019607843137255 0.5019607843137255 0.5019607843137255
            ambientIntensity 0.2
            transparency 0
            shininess 0.5
        }
    }
    geometry IndexedFaceSet {
        ccw TRUE
        solid FALSE
        coord DEF co Coordinate {
            point [
                -0.1951 0.5419 0.3581, -0.2012 0.539 0.3744, -0.1993 0.5376 0.3822, -0.1838 0.5446 0.3429, -0.1895 0.5446 0.3429, -0.1934 0.5427 0.3536, -0.2015 0.5388 0.3756, -0.2018 0.5385 0.3772, -0.2048 0.5376 0.3822, -0.202 0.5385 0.3772, -0.2023 0.5388 0.3755, -0.2026 0.539 0.3744, -0.2085 0.5419 0.358, -0.2198 0.5446 0.3426, -0.2141 0.5446 0.3427, -0.2101 0.5427 0.3535, -0.2048 0.5376 0.3822, -0.2198 0.5446 0.3426, -0.1993 0.5376 0.3822, -0.1838 0.5445 0.3429, -0.1895 0.5445 0.3428, -0.1934 0.5426 0.3536, -0.2101 0.5427 0.3535, -0.2141 0.5446 0.3427, -0.1951 0.5418 0.358, -0.2085 0.5419 0.358, -0.2026 0.539 0.3744, -0.202 0.5385 0.3771, -0.2023 0.5388 0.3755, -0.2018 0.5385 0.3771, -0.2012 0.539 0.3744, -0.2015 0.5388 0.3756, -0.2015 0.5388 0.3756
            ]
        }
        coordIndex [
            0,1,2,-1,3,4,5,-1,1,6,2,-1,2,6,7,-1,2,7,8,-1,8,7,9,-1,8,9,10,-1,10,11,8,-1,8,11,12,-1,8,12,13,-1,14,13,15,-1,15,13,12,-1,15,12,5,-1,5,12,0,-1,5,0,3,-1,3,0,2,-1,8,13,16,-1,16,13,17,-1,2,8,18,-1,18,8,16,-1,3,2,19,-1,19,2,18,-1,4,3,20,-1,20,3,19,-1,5,4,21,-1,21,4,20,-1,15,5,22,-1,22,5,21,-1,14,15,23,-1,23,15,22,-1,13,14,17,-1,17,14,23,-1,0,12,24,-1,24,12,25,-1,12,11,25,-1,25,11,26,-1,9,27,28,-1,9,28,10,-1,10,28,26,-1,10,26,11,-1,9,7,27,-1,27,7,29,-1,1,30,31,-1,1,31,6,-1,6,31,29,-1,6,29,7,-1,1,0,30,-1,30,0,24,-1,
        ]
    }
}
Shape{
    appearance Appearance {
        material  Material 	{
            diffuseColor 0.2235294117647059 0.2235294117647059 0.2235294117647059
            specularColor 0.11372549019607843 0.11372549019607843 0.11372549019607843
            ambientIntensity 0.2
            transparency 0
            shininess 0.5
        }
    }
    geometry IndexedFaceSet {
        ccw TRUE
        solid FALSE
        coord DEF co Coordinate {
            point [
                -0.202 0.5385 0.3771, -0.2018 0.5385 0.3771, -0.2023 0.5388 0.3755, -0.2015 0.5388 0.3756, -0.2026 0.539 0.3744, -0.2012 0.539 0.3744, -0.2085 0.5419 0.358, -0.1951 0.5418 0.358, -0.1951 0.5418 0.358
            ]
        }
        coordIndex [
            0,1,2,-1,2,1,3,-1,2,3,4,-1,4,3,5,-1,4,5,6,-1,6,5,7,-1,
        ]
    }
}
Shape{
    appearance Appearance {
        material  Material 	{
            diffuseColor 1.0 1.0 1.0
            specularColor 0.5019607843137255 0.5019607843137255 0.5019607843137255
            ambientIntensity 0.2
            transparency 0
            shininess 0.5
        }
    }
    geometry IndexedFaceSet {
        ccw TRUE
        solid FALSE
        coord DEF co Coordinate {
            point [
                0.1679 0.5451 0.3398, 0.1637 0.546 0.3346, 0.1703 0.5407 0.3646, 0.0751 0.5384 0.3776, 0.0838 0.5358 0.3926, 0.1221 0.5392 0.3732, 0.1413 0.5407 0.3649, 0.1387 0.5408 0.364, 0.1748 0.5321 0.4133, 0.1685 0.5316 0.4166, 0.1691 0.5285 0.434, 0.1586 0.5283 0.4351, 0.1364 0.5411 0.3624, 0.1346 0.5415 0.3604, 0.1151 0.542 0.3572, 0.1247 0.5282 0.4358, 0.1326 0.5255 0.4509, 0.1395 0.5262 0.4468, 0.1764 0.5401 0.3684, 0.1752 0.5438 0.3472, 0.1707 0.544 0.3458, 0.1334 0.5419 0.3581, 0.1328 0.5423 0.3555, 0.1151 0.5425 0.3544, 0.1328 0.5428 0.353, 0.0655 0.5336 0.4053, 0.0632 0.5336 0.4053, 0.0514 0.5309 0.4204, 0.0578 0.5337 0.4046, 0.05 0.531 0.4199, 0.0529 0.534 0.4027, 0.0416 0.5317 0.4157, 0.0339 0.5329 0.4092, 0.1327 0.5292 0.4302, 0.1462 0.5272 0.4412, 0.1391 0.5305 0.4227, 0.1521 0.5284 0.4345, 0.1434 0.532 0.414, 0.1614 0.5313 0.4182, 0.1585 0.5313 0.4183, 0.1554 0.5283 0.4349, 0.1519 0.5314 0.4175, 0.1455 0.5318 0.4151, 0.151 0.544 0.3459, 0.1487 0.5443 0.3445, 0.1581 0.5468 0.3304, 0.146 0.5444 0.3436, 0.1463 0.5407 0.365, 0.1502 0.5376 0.3821, 0.1488 0.5408 0.3641, 0.1565 0.5381 0.3798, 0.151 0.5411 0.3626, 0.1623 0.5387 0.3759, 0.1529 0.5414 0.3606, 0.1671 0.5397 0.3706, 0.1542 0.5419 0.3582, 0.1549 0.5423 0.3555, 0.0343 0.5421 0.3569, 0.0475 0.5401 0.3681, 0.0421 0.5432 0.3505, 0.0517 0.5407 0.3647, 0.0508 0.5439 0.3464, 0.0567 0.5411 0.3625, 0.0602 0.5443 0.3445, 0.0618 0.5413 0.3616, 0.077 0.5443 0.3446, 0.0746 0.5413 0.3617, 0.0786 0.5442 0.3448, 0.1863 0.535 0.3972, 0.205 0.5357 0.3929, 0.1871 0.5362 0.3905, 0.2051 0.5362 0.39, 0.1868 0.5369 0.3862, 0.204 0.538 0.3798, 0.1849 0.5381 0.3793, 0.2002 0.5399 0.3693, 0.1815 0.5392 0.3736, 0.1934 0.5416 0.3594, 0.1853 0.5429 0.3524, 0.133 0.5379 0.3809, 0.1399 0.5375 0.3827, 0.1434 0.5375 0.3829, 0.0485 0.5346 0.3996, 0.0452 0.5352 0.396, 0.0282 0.5343 0.4012, 0.0426 0.5361 0.3911, 0.0248 0.5358 0.3926, 0.0413 0.537 0.3857, 0.0235 0.5374 0.3835, 0.0412 0.5374 0.3833, 0.0249 0.5392 0.3734, 0.0419 0.5384 0.3778, 0.0286 0.5407 0.3646, 0.0439 0.5393 0.3729, 0.0471 0.54 0.3685, 0.0667 0.527 0.4426, 0.0777 0.5293 0.4296, 0.0574 0.5288 0.432, 0.0713 0.5306 0.4219, 0.0671 0.5322 0.4129, 0.1797 0.5292 0.4303, 0.1892 0.5303 0.4239, 0.1798 0.5329 0.409, 0.1915 0.5306 0.4219, 0.1838 0.5339 0.4035, 0.198 0.532 0.4139, 0.2028 0.5338 0.404, 0.1529 0.5437 0.3479, 0.1542 0.5433 0.3502, 0.1549 0.5428 0.3528, 0.1194 0.5246 0.4558, 0.1154 0.5275 0.4394, 0.1053 0.5244 0.4575, 0.1051 0.5273 0.4406, 0.0935 0.5246 0.4562, 0.0955 0.5275 0.4394, 0.0793 0.5255 0.4511, 0.0866 0.5281 0.436, 0.0787 0.5291 0.4305, 0.1438 0.5406 0.3652, 0.127 0.5384 0.3777, 0.0761 0.5412 0.3619, 0.083 0.5437 0.3476, 0.0824 0.5439 0.3469, 0.0752 0.5412 0.3617, 0.0805 0.5441 0.3456, 0.1516 0.5472 0.3277, 0.1449 0.5474 0.3266, 0.1439 0.5445 0.3434, 0.1438 0.5474 0.3265, 0.1414 0.5444 0.3436, 0.1369 0.5473 0.3273, 0.1389 0.5443 0.3445, 0.1305 0.5469 0.3297, 0.1367 0.544 0.3459, 0.1248 0.5462 0.3335, 0.1348 0.5437 0.3479, 0.1204 0.5454 0.3384, 0.1335 0.5432 0.3503, 0.117 0.5443 0.3446, 0.1153 0.543 0.3515, 0.0852 0.5427 0.3533, 0.085 0.5431 0.3512, 0.0842 0.5434 0.3493, 0.0785 0.5412 0.3617, 0.0805 0.5414 0.361, 0.0852 0.5425 0.3543, 0.0822 0.5416 0.3598, 0.0835 0.5418 0.3584, 0.0846 0.5422 0.3565, 0.0763 0.5412 0.362, 0.0235 0.5374 0.3834, 0.0248 0.5358 0.3926, 0.0315 0.5334 0.4058, 0.0255 0.5354 0.3945, 0.0282 0.5342 0.4012, 0.0339 0.5328 0.4092, 0.0416 0.5317 0.4157, 0.05 0.5309 0.4199, 0.0514 0.5309 0.4204, 0.0574 0.5288 0.432, 0.0667 0.5269 0.4426, 0.1053 0.5243 0.4575, 0.0715 0.5264 0.4459, 0.0793 0.5254 0.4511, 0.0817 0.5253 0.452, 0.0935 0.5245 0.4562, 0.1395 0.5262 0.4468, 0.1194 0.5246 0.4558, 0.1298 0.5253 0.452, 0.1326 0.5255 0.4509, 0.1521 0.5284 0.4345, 0.1406 0.5264 0.4459, 0.1462 0.5272 0.4412, 0.1554 0.5283 0.4349, 0.1586 0.5283 0.4351, 0.1691 0.5285 0.434, 0.1797 0.5291 0.4303, 0.1892 0.5302 0.4239, 0.1915 0.5306 0.4219, 0.2051 0.5362 0.39, 0.198 0.532 0.4139, 0.2019 0.5334 0.4058, 0.2028 0.5337 0.404, 0.2046 0.5354 0.3945, 0.205 0.5357 0.3929, 0.2043 0.5376 0.3824, 0.2043 0.5374 0.3831, 0.204 0.538 0.3798, 0.2002 0.5399 0.3693, 0.1934 0.5416 0.3594, 0.1853 0.5428 0.3524, 0.1752 0.5438 0.3472, 0.1707 0.544 0.3458, 0.1679 0.5451 0.3398, 0.1637 0.546 0.3346, 0.1581 0.5467 0.3304, 0.1516 0.5472 0.3276, 0.1449 0.5474 0.3266, 0.1438 0.5474 0.3265, 0.1369 0.5473 0.3273, 0.1305 0.5469 0.3297, 0.1248 0.5462 0.3335, 0.1204 0.5453 0.3383, 0.117 0.5442 0.3446, 0.1153 0.543 0.3515, 0.1151 0.5425 0.3544, 0.1151 0.542 0.3572, 0.0751 0.5384 0.3776, 0.0838 0.5358 0.3926, 0.0783 0.5374 0.3831, 0.0779 0.5376 0.3824, 0.1221 0.5392 0.3732, 0.1039 0.5376 0.3824, 0.1024 0.5374 0.3831, 0.1434 0.5375 0.3829, 0.127 0.5384 0.3777, 0.133 0.5378 0.3809, 0.1388 0.5376 0.3824, 0.1399 0.5375 0.3827, 0.1477 0.5376 0.3824, 0.1502 0.5376 0.3821, 0.1565 0.538 0.3798, 0.1623 0.5387 0.3758, 0.1671 0.5396 0.3706, 0.1703 0.5407 0.3646, 0.186 0.5374 0.3831, 0.1857 0.5376 0.3824, 0.1849 0.5381 0.3793, 0.1815 0.5391 0.3736, 0.1764 0.54 0.3684, 0.1868 0.5369 0.3862, 0.1871 0.5361 0.3905, 0.1866 0.5354 0.3945, 0.1863 0.5349 0.3972, 0.1838 0.5338 0.4035, 0.1821 0.5334 0.4058, 0.1798 0.5329 0.409, 0.1748 0.5321 0.4133, 0.1685 0.5315 0.4166, 0.1614 0.5312 0.4182, 0.1585 0.5312 0.4183, 0.1519 0.5314 0.4175, 0.1455 0.5318 0.4151, 0.1434 0.532 0.414, 0.1391 0.5305 0.4227, 0.1327 0.5291 0.4302, 0.1247 0.5281 0.4358, 0.1154 0.5275 0.4394, 0.1051 0.5273 0.4406, 0.0655 0.5335 0.4053, 0.0656 0.5334 0.4058, 0.0671 0.5322 0.4128, 0.0713 0.5306 0.4219, 0.0777 0.5292 0.4296, 0.0787 0.5291 0.4305, 0.0866 0.5281 0.436, 0.0955 0.5275 0.4394, 0.0632 0.5335 0.4053, 0.0578 0.5336 0.4046, 0.0529 0.534 0.4027, 0.0485 0.5345 0.3996, 0.0452 0.5352 0.396, 0.0444 0.5354 0.3945, 0.0426 0.536 0.3911, 0.0413 0.537 0.3857, 0.0412 0.5374 0.3833, 0.0412 0.5374 0.3831, 0.0413 0.5376 0.3824, 0.0419 0.5384 0.3778, 0.0439 0.5392 0.3729, 0.0471 0.54 0.3685, 0.0475 0.5401 0.3681, 0.0517 0.5407 0.3647, 0.0567 0.5411 0.3625, 0.0618 0.5412 0.3616, 0.0746 0.5412 0.3617, 0.0752 0.5412 0.3617, 0.0761 0.5412 0.3619, 0.0763 0.5412 0.3619, 0.0785 0.5412 0.3617, 0.0805 0.5413 0.361, 0.0822 0.5415 0.3598, 0.0835 0.5418 0.3584, 0.0846 0.5421 0.3564, 0.0852 0.5425 0.3543, 0.0852 0.5427 0.3533, 0.085 0.5431 0.3512, 0.0842 0.5434 0.3493, 0.083 0.5437 0.3476, 0.0824 0.5438 0.3469, 0.0805 0.544 0.3456, 0.0786 0.5442 0.3448, 0.077 0.5442 0.3446, 0.0602 0.5442 0.3445, 0.0508 0.5439 0.3464, 0.0421 0.5432 0.3505, 0.0343 0.5421 0.3569, 0.0286 0.5407 0.3646, 0.0249 0.5391 0.3734, 0.0237 0.5376 0.3824, 0.0236 0.5374 0.3831, 0.1438 0.5406 0.3652, 0.1413 0.5406 0.3649, 0.1387 0.5408 0.364, 0.1364 0.5411 0.3624, 0.1346 0.5414 0.3604, 0.1334 0.5418 0.3581, 0.1328 0.5423 0.3555, 0.1328 0.5427 0.353, 0.1335 0.5432 0.3503, 0.1348 0.5436 0.3479, 0.1367 0.544 0.3459, 0.1389 0.5442 0.3445, 0.1414 0.5444 0.3436, 0.1439 0.5444 0.3434, 0.146 0.5444 0.3436, 0.1487 0.5442 0.3444, 0.151 0.544 0.3459, 0.1529 0.5436 0.3479, 0.1542 0.5432 0.3502, 0.1549 0.5428 0.3527, 0.1549 0.5423 0.3555, 0.1542 0.5418 0.3582, 0.1529 0.5414 0.3606, 0.151 0.541 0.3626, 0.1488 0.5408 0.3641, 0.1463 0.5406 0.365, 0.1463 0.5406 0.365
            ]
        }
        coordIndex [
            0,1,2,-1,3,4,5,-1,6,7,3,-1,8,9,10,-1,10,9,11,-1,7,12,3,-1,3,12,13,-1,3,13,14,-1,15,16,17,-1,18,19,2,-1,2,19,20,-1,2,20,0,-1,13,21,14,-1,14,21,22,-1,14,22,23,-1,23,22,24,-1,25,26,27,-1,27,26,28,-1,27,28,29,-1,29,28,30,-1,29,30,31,-1,31,30,32,-1,15,17,33,-1,33,17,34,-1,33,34,35,-1,35,34,36,-1,35,36,37,-1,9,38,11,-1,11,38,39,-1,11,39,40,-1,40,39,41,-1,40,41,36,-1,36,41,42,-1,36,42,37,-1,43,1,44,-1,44,1,45,-1,44,45,46,-1,47,48,49,-1,49,48,50,-1,49,50,51,-1,51,50,52,-1,51,52,53,-1,53,52,54,-1,53,54,55,-1,55,54,2,-1,55,2,56,-1,57,58,59,-1,59,58,60,-1,59,60,61,-1,61,60,62,-1,61,62,63,-1,63,62,64,-1,63,64,65,-1,65,64,66,-1,65,66,67,-1,68,69,70,-1,70,69,71,-1,70,71,72,-1,72,71,73,-1,72,73,74,-1,74,73,75,-1,74,75,76,-1,76,75,77,-1,76,77,18,-1,18,77,78,-1,18,78,19,-1,79,80,47,-1,47,80,81,-1,47,81,48,-1,30,82,32,-1,32,82,83,-1,32,83,84,-1,84,83,85,-1,84,85,86,-1,86,85,87,-1,86,87,88,-1,88,87,89,-1,88,89,90,-1,90,89,91,-1,90,91,92,-1,92,91,93,-1,92,93,57,-1,57,93,94,-1,57,94,58,-1,95,96,97,-1,97,96,98,-1,97,98,27,-1,27,98,99,-1,27,99,25,-1,10,100,8,-1,8,100,101,-1,8,101,102,-1,102,101,103,-1,102,103,104,-1,104,103,105,-1,104,105,68,-1,68,105,106,-1,68,106,69,-1,43,107,1,-1,1,107,108,-1,1,108,2,-1,2,108,109,-1,2,109,56,-1,16,15,110,-1,110,15,111,-1,110,111,112,-1,112,111,113,-1,112,113,114,-1,114,113,115,-1,114,115,116,-1,116,115,117,-1,116,117,95,-1,95,117,118,-1,95,118,96,-1,6,3,119,-1,119,3,5,-1,119,5,47,-1,47,5,120,-1,47,120,79,-1,121,122,123,-1,66,124,67,-1,67,124,121,-1,67,121,125,-1,125,121,123,-1,45,126,46,-1,46,126,127,-1,46,127,128,-1,128,127,129,-1,128,129,130,-1,130,129,131,-1,130,131,132,-1,132,131,133,-1,132,133,134,-1,134,133,135,-1,134,135,136,-1,136,135,137,-1,136,137,138,-1,138,137,139,-1,138,139,24,-1,24,139,140,-1,24,140,23,-1,141,142,121,-1,121,142,143,-1,121,143,122,-1,144,145,146,-1,145,147,146,-1,146,147,148,-1,146,148,149,-1,141,121,146,-1,146,121,150,-1,146,150,144,-1,88,151,152,-1,153,32,84,-1,88,152,86,-1,86,152,154,-1,86,154,84,-1,84,154,155,-1,84,155,153,-1,153,156,32,-1,32,156,157,-1,32,157,31,-1,31,157,158,-1,31,158,29,-1,29,158,159,-1,29,159,27,-1,27,159,160,-1,27,160,97,-1,97,160,161,-1,97,161,95,-1,162,112,114,-1,95,161,163,-1,95,163,116,-1,163,164,116,-1,116,164,165,-1,116,165,114,-1,114,165,166,-1,114,166,162,-1,167,17,16,-1,112,162,168,-1,112,168,110,-1,110,168,169,-1,110,169,16,-1,16,169,170,-1,16,170,167,-1,171,36,34,-1,17,167,172,-1,17,172,34,-1,34,172,173,-1,34,173,171,-1,36,171,174,-1,36,174,40,-1,40,174,175,-1,40,175,11,-1,11,175,176,-1,11,176,10,-1,10,176,177,-1,10,177,100,-1,100,177,178,-1,100,178,101,-1,101,178,179,-1,101,179,103,-1,180,71,69,-1,103,179,181,-1,103,181,105,-1,105,181,182,-1,105,182,106,-1,182,183,106,-1,106,183,184,-1,106,184,69,-1,69,184,185,-1,69,185,180,-1,186,73,187,-1,187,73,71,-1,187,71,180,-1,186,188,73,-1,73,188,189,-1,73,189,75,-1,75,189,190,-1,75,190,77,-1,77,190,191,-1,77,191,78,-1,78,191,192,-1,78,192,19,-1,19,192,193,-1,19,193,20,-1,20,193,194,-1,20,194,0,-1,0,194,195,-1,0,195,1,-1,1,195,196,-1,1,196,45,-1,45,196,197,-1,45,197,126,-1,126,197,198,-1,126,198,127,-1,127,198,199,-1,127,199,129,-1,129,199,200,-1,129,200,131,-1,131,200,201,-1,131,201,133,-1,133,201,202,-1,133,202,135,-1,135,202,203,-1,135,203,137,-1,137,203,204,-1,137,204,139,-1,139,204,205,-1,139,205,140,-1,140,205,206,-1,140,206,23,-1,14,23,207,-1,207,23,206,-1,3,14,208,-1,208,14,207,-1,209,4,210,-1,210,4,3,-1,210,3,211,-1,211,3,208,-1,212,5,213,-1,213,5,4,-1,213,4,214,-1,214,4,209,-1,215,81,80,-1,5,212,216,-1,5,216,120,-1,120,216,217,-1,120,217,79,-1,79,217,218,-1,79,218,80,-1,80,218,219,-1,80,219,215,-1,48,81,220,-1,220,81,215,-1,220,221,48,-1,48,221,222,-1,48,222,50,-1,50,222,223,-1,50,223,52,-1,52,223,224,-1,52,224,54,-1,54,224,225,-1,54,225,2,-1,226,72,227,-1,227,72,74,-1,227,74,228,-1,228,74,76,-1,228,76,229,-1,229,76,18,-1,229,18,230,-1,230,18,2,-1,230,2,225,-1,226,231,72,-1,72,231,232,-1,72,232,70,-1,68,70,233,-1,233,70,232,-1,233,234,68,-1,68,234,235,-1,68,235,104,-1,104,235,236,-1,104,236,102,-1,236,237,102,-1,102,237,238,-1,102,238,8,-1,8,238,239,-1,8,239,9,-1,9,239,240,-1,9,240,38,-1,38,240,241,-1,38,241,39,-1,39,241,242,-1,39,242,41,-1,41,242,243,-1,41,243,42,-1,42,243,244,-1,42,244,37,-1,37,244,245,-1,37,245,35,-1,35,245,246,-1,35,246,33,-1,33,246,247,-1,33,247,15,-1,15,247,248,-1,15,248,111,-1,111,248,249,-1,111,249,113,-1,250,25,251,-1,251,25,99,-1,251,99,252,-1,252,99,98,-1,252,98,253,-1,253,98,96,-1,253,96,254,-1,254,96,118,-1,254,118,255,-1,255,118,117,-1,255,117,256,-1,256,117,115,-1,256,115,257,-1,257,115,113,-1,257,113,249,-1,26,25,258,-1,258,25,250,-1,26,258,259,-1,26,259,28,-1,28,259,260,-1,28,260,30,-1,30,260,261,-1,30,261,82,-1,82,261,262,-1,82,262,83,-1,83,262,263,-1,83,263,85,-1,263,264,85,-1,85,264,265,-1,85,265,87,-1,87,265,266,-1,87,266,89,-1,266,267,89,-1,89,267,268,-1,89,268,91,-1,268,269,91,-1,91,269,270,-1,91,270,93,-1,93,270,271,-1,93,271,94,-1,94,271,272,-1,94,272,58,-1,58,272,273,-1,58,273,60,-1,60,273,274,-1,60,274,62,-1,62,274,275,-1,62,275,64,-1,66,64,276,-1,276,64,275,-1,66,276,277,-1,66,277,124,-1,124,277,278,-1,124,278,121,-1,121,278,279,-1,121,279,150,-1,150,279,280,-1,150,280,144,-1,144,280,281,-1,144,281,145,-1,145,281,282,-1,145,282,147,-1,147,282,283,-1,147,283,148,-1,148,283,284,-1,148,284,149,-1,149,284,285,-1,149,285,146,-1,146,285,286,-1,146,286,141,-1,141,286,287,-1,141,287,142,-1,142,287,288,-1,142,288,143,-1,143,288,289,-1,143,289,122,-1,122,289,290,-1,122,290,123,-1,123,290,291,-1,123,291,125,-1,125,291,292,-1,125,292,67,-1,67,292,293,-1,67,293,65,-1,63,65,294,-1,294,65,293,-1,63,294,295,-1,63,295,61,-1,61,295,296,-1,61,296,59,-1,59,296,297,-1,59,297,57,-1,57,297,298,-1,57,298,92,-1,92,298,299,-1,92,299,90,-1,90,299,300,-1,90,300,88,-1,88,300,301,-1,88,301,151,-1,119,302,303,-1,119,303,6,-1,6,303,304,-1,6,304,7,-1,7,304,305,-1,7,305,12,-1,12,305,306,-1,12,306,13,-1,13,306,307,-1,13,307,21,-1,21,307,308,-1,21,308,22,-1,22,308,309,-1,22,309,24,-1,24,309,310,-1,24,310,138,-1,138,310,311,-1,138,311,136,-1,136,311,312,-1,136,312,134,-1,134,312,313,-1,134,313,132,-1,132,313,314,-1,132,314,130,-1,130,314,315,-1,130,315,128,-1,128,315,316,-1,128,316,46,-1,46,316,317,-1,46,317,44,-1,44,317,318,-1,44,318,43,-1,43,318,319,-1,43,319,107,-1,107,319,320,-1,107,320,108,-1,108,320,321,-1,108,321,109,-1,109,321,322,-1,109,322,56,-1,56,322,323,-1,56,323,55,-1,55,323,324,-1,55,324,53,-1,53,324,325,-1,53,325,51,-1,51,325,326,-1,51,326,49,-1,49,326,327,-1,49,327,47,-1,47,327,302,-1,47,302,119,-1,
        ]
    }
}
Shape{
    appearance Appearance {
        material  Material 	{
            diffuseColor 0.2235294117647059 0.2235294117647059 0.2235294117647059
            specularColor 0.11372549019607843 0.11372549019607843 0.11372549019607843
            ambientIntensity 0.2
            transparency 0
            shininess 0.5
        }
    }
    geometry IndexedFaceSet {
        ccw TRUE
        solid FALSE
        coord DEF co Coordinate {
            point [
                0.146 0.5444 0.3436, 0.1439 0.5444 0.3434, 0.1438 0.5406 0.3652, 0.1389 0.5442 0.3445, 0.1328 0.5427 0.353, 0.1414 0.5444 0.3436, 0.1328 0.5423 0.3555, 0.1334 0.5418 0.3581, 0.1346 0.5414 0.3604, 0.1364 0.5411 0.3624, 0.1488 0.5408 0.3641, 0.1529 0.5436 0.3479, 0.151 0.544 0.3459, 0.1387 0.5408 0.364, 0.1413 0.5406 0.3649, 0.1542 0.5432 0.3502, 0.151 0.541 0.3626, 0.1549 0.5428 0.3527, 0.1463 0.5406 0.365, 0.1487 0.5442 0.3444, 0.1367 0.544 0.3459, 0.1348 0.5436 0.3479, 0.1335 0.5432 0.3503, 0.1549 0.5423 0.3555, 0.1529 0.5414 0.3606, 0.1542 0.5418 0.3582, 0.1542 0.5418 0.3582
            ]
        }
        coordIndex [
            0,1,2,-1,3,4,5,-1,5,4,6,-1,5,6,1,-1,6,7,1,-1,1,7,8,-1,1,8,9,-1,10,11,12,-1,9,13,1,-1,1,13,14,-1,1,14,2,-1,11,10,15,-1,15,10,16,-1,15,16,17,-1,2,18,0,-1,0,18,10,-1,0,10,19,-1,19,10,12,-1,3,20,4,-1,4,20,21,-1,4,21,22,-1,17,16,23,-1,23,16,24,-1,23,24,25,-1,
        ]
    }
}