ISO-10303-21;
HEADER;
FILE_DESCRIPTION (( 'STEP AP214' ),
    '1' );
FILE_NAME ('SW-SMD_XKB5858-W-F-75.STEP',
    '2021-06-14T13:37:03',
    ( '' ),
    ( '' ),
    'SwSTEP 2.0',
    'SolidWorks 2018',
    '' );
FILE_SCHEMA (( 'AUTOMOTIVE_DESIGN' ));
ENDSEC;

DATA;
#1 = AXIS2_PLACEMENT_3D ( 'NONE', #2526, #3322, #414 ) ;
#2 = CARTESIAN_POINT ( 'NONE',  ( -0.0006420805121272697962, 1.129789853919795029, 0.01100000000000433270 ) ) ;
#3 = CARTESIAN_POINT ( 'NONE',  ( -0.07307343205382983709, 0.9862136614117462674, 0.01100000000000389902 ) ) ;
#4 = CARTESIAN_POINT ( 'NONE',  ( -2.899999999999999911, 1.063960157197619605, 0.01100000000000433270 ) ) ;
#5 = ORIENTED_EDGE ( 'NONE', *, *, #4862, .T. ) ;
#6 = DIRECTION ( 'NONE',  ( 0.0000000000000000000, -3.491481338843133355E-15, 1.000000000000000000 ) ) ;
#7 = UNCERTAINTY_MEASURE_WITH_UNIT (LENGTH_MEASURE( 1.000000000000000082E-05 ), #7096, 'distance_accuracy_value', 'NONE');
#8 =( GEOMETRIC_REPRESENTATION_CONTEXT ( 3 ) GLOBAL_UNCERTAINTY_ASSIGNED_CONTEXT ( ( #2823 ) ) GLOBAL_UNIT_ASSIGNED_CONTEXT ( ( #6566, #3640, #5871 ) ) REPRESENTATION_CONTEXT ( 'NONE', 'WORKASPACE' ) );
#9 = ORIENTED_EDGE ( 'NONE', *, *, #6438, .F. ) ;
#10 = ORIENTED_EDGE ( 'NONE', *, *, #517, .F. ) ;
#11 = MECHANICAL_DESIGN_GEOMETRIC_PRESENTATION_REPRESENTATION (  '', ( #2805 ), #5216 ) ;
#12 = PRESENTATION_LAYER_ASSIGNMENT (  '', '', ( #1365 ) ) ;
#13 = EDGE_LOOP ( 'NONE', ( #2056, #5954, #4432, #4310 ) ) ;
#14 = CARTESIAN_POINT ( 'NONE',  ( -0.02373391339597477959, 0.9738113475685843401, 0.01100000000000389902 ) ) ;
#15 =( LENGTH_UNIT ( ) NAMED_UNIT ( * ) SI_UNIT ( .MILLI., .METRE. ) );
#16 = ORIENTED_EDGE ( 'NONE', *, *, #1560, .T. ) ;
#17 =( NAMED_UNIT ( * ) SI_UNIT ( $, .STERADIAN. ) SOLID_ANGLE_UNIT ( ) );
#18 = ORIENTED_EDGE ( 'NONE', *, *, #6505, .T. ) ;
#19 = ORIENTED_EDGE ( 'NONE', *, *, #3399, .T. ) ;
#20 = EDGE_CURVE ( 'NONE', #7273, #8902, #219, .T. ) ;
#21 = AXIS2_PLACEMENT_3D ( 'NONE', #2964, #1424, #6678 ) ;
#22 = ORIENTED_EDGE ( 'NONE', *, *, #7949, .T. ) ;
#23 = FACE_OUTER_BOUND ( 'NONE', #7541, .T. ) ;
#24 = DIRECTION ( 'NONE',  ( 0.0000000000000000000, -1.000000000000000000, -3.491481338843133355E-15 ) ) ;
#25 = SURFACE_STYLE_USAGE ( .BOTH. , #51 ) ;
#26 = ADVANCED_FACE ( 'NONE', ( #2155 ), #182, .F. ) ;
#27 =( LENGTH_UNIT ( ) NAMED_UNIT ( * ) SI_UNIT ( .MILLI., .METRE. ) );
#28 = FILL_AREA_STYLE_COLOUR ( '', #4988 ) ;
#29 = VERTEX_POINT ( 'NONE', #6207 ) ;
#30 = ORIENTED_EDGE ( 'NONE', *, *, #1587, .T. ) ;
#31 = UNCERTAINTY_MEASURE_WITH_UNIT (LENGTH_MEASURE( 1.000000000000000082E-05 ), #1847, 'distance_accuracy_value', 'NONE');
#32 = PRESENTATION_STYLE_ASSIGNMENT (( #8556 ) ) ;
#33 = CARTESIAN_POINT ( 'NONE',  ( 0.2574003602923971012, 1.132252840124448934, 0.001000000000004306906 ) ) ;
#34 = CARTESIAN_POINT ( 'NONE',  ( 2.899999999999999911, 0.9017106781186623454, 0.6010000000000036424 ) ) ;
#35 =( NAMED_UNIT ( * ) PLANE_ANGLE_UNIT ( ) SI_UNIT ( $, .RADIAN. ) );
#36 = DIRECTION ( 'NONE',  ( 0.0000000000000000000, 1.000000000000000000, 3.491481338843133355E-15 ) ) ;
#37 = UNCERTAINTY_MEASURE_WITH_UNIT (LENGTH_MEASURE( 1.000000000000000082E-05 ), #8546, 'distance_accuracy_value', 'NONE');
#38 = DIRECTION ( 'NONE',  ( 0.0000000000000000000, -1.000000000000000000, -3.491481338843133355E-15 ) ) ;
#39 = ADVANCED_FACE ( 'NONE', ( #9087 ), #4090, .F. ) ;
#40 = CARTESIAN_POINT ( 'NONE',  ( 4.699999999999997513, 0.9017106781186641218, 0.001000000000003873225 ) ) ;
#41 = ORIENTED_EDGE ( 'NONE', *, *, #9633, .F. ) ;
#42 = FILL_AREA_STYLE_COLOUR ( '', #2014 ) ;
#43 = CARTESIAN_POINT ( 'NONE',  ( 0.005939905825647328816, 0.9808656575139639289, 0.01100000000000389902 ) ) ;
#44 = CARTESIAN_POINT ( 'NONE',  ( 2.900000000000000355, -0.7589999999999966773, 1.920999999999997154 ) ) ;
#45 = PLANE ( 'NONE',  #4206 ) ;
#46 = CARTESIAN_POINT ( 'NONE',  ( 0.2669106335613573577, 0.9763282263144991147, 0.01100000000000389902 ) ) ;
#47 = EDGE_LOOP ( 'NONE', ( #7928, #133, #588, #7380 ) ) ;
#48 = FACE_OUTER_BOUND ( 'NONE', #3258, .T. ) ;
#49 = PLANE ( 'NONE',  #6822 ) ;
#50 = MECHANICAL_DESIGN_GEOMETRIC_PRESENTATION_REPRESENTATION (  '', ( #917 ), #8151 ) ;
#51 = SURFACE_SIDE_STYLE ('',( #4255 ) ) ;
#52 = SURFACE_STYLE_USAGE ( .BOTH. , #6830 ) ;
#53 = SURFACE_SIDE_STYLE ('',( #9457 ) ) ;
#54 = DIRECTION ( 'NONE',  ( -1.000000000000000000, 5.047295537021763909E-31, -1.445602896647339163E-16 ) ) ;
#55 = ORIENTED_EDGE ( 'NONE', *, *, #7864, .F. ) ;
#56 = DIRECTION ( 'NONE',  ( 1.000000000000000000, 5.221340210712170860E-31, -1.495451272393799542E-16 ) ) ;
#57 = VECTOR ( 'NONE', #2174, 1000.000000000000000 ) ;
#58 = PRESENTATION_STYLE_ASSIGNMENT (( #5534 ) ) ;
#59 = PRESENTATION_STYLE_ASSIGNMENT (( #6744 ) ) ;
#60 = COLOUR_RGB ( '',0.1098039215686274495, 0.1098039215686274495, 0.1098039215686274495 ) ;
#61 =( NAMED_UNIT ( * ) PLANE_ANGLE_UNIT ( ) SI_UNIT ( $, .RADIAN. ) );
#62 = FILL_AREA_STYLE_COLOUR ( '', #1274 ) ;
#63 = EDGE_LOOP ( 'NONE', ( #8332, #1864, #5253, #7722 ) ) ;
#64 =( LENGTH_UNIT ( ) NAMED_UNIT ( * ) SI_UNIT ( .MILLI., .METRE. ) );
#65 = PRESENTATION_LAYER_ASSIGNMENT (  '', '', ( #5217 ) ) ;
#66 = CARTESIAN_POINT ( 'NONE',  ( 0.4659369456582507230, 0.9785943035390829436, 0.001000000000003873225 ) ) ;
#67 = COLOUR_RGB ( '',0.1098039215686274495, 0.1098039215686274495, 0.1098039215686274495 ) ;
#68 = CARTESIAN_POINT ( 'NONE',  ( 3.529289321881345032, 0.9017106781186619013, 0.7131320343559683916 ) ) ;
#69 = CARTESIAN_POINT ( 'NONE',  ( -0.02338697403762965768, 0.9518142461464570436, 0.01100000000000389902 ) ) ;
#70 = ORIENTED_EDGE ( 'NONE', *, *, #4978, .T. ) ;
#71 = CARTESIAN_POINT ( 'NONE',  ( -0.005544237115527294799, 0.9768590297132084821, 0.01100000000000389902 ) ) ;
#72 = AXIS2_PLACEMENT_3D ( 'NONE', #739, #7445, #4412 ) ;
#73 = DIRECTION ( 'NONE',  ( -0.0000000000000000000, 1.000000000000000000, 3.491481338843133355E-15 ) ) ;
#74 = CARTESIAN_POINT ( 'NONE',  ( 2.699999999999999734, -0.7589999999999905711, 0.2009999999999983189 ) ) ;
#75 = PRESENTATION_STYLE_ASSIGNMENT (( #2119 ) ) ;
#76 = CARTESIAN_POINT ( 'NONE',  ( 0.3200113869302194658, 1.000210046315929135, 0.01100000000000389902 ) ) ;
#77 = LINE ( 'NONE', #8836, #1127 ) ;
#78 = PRESENTATION_LAYER_ASSIGNMENT (  '', '', ( #7287 ) ) ;
#79 = EDGE_CURVE ( 'NONE', #5513, #5890, #3009, .T. ) ;
#80 = VECTOR ( 'NONE', #1580, 1000.000000000000000 ) ;
#81 = ADVANCED_FACE ( 'NONE', ( #2270 ), #3400, .F. ) ;
#82 =( NAMED_UNIT ( * ) PLANE_ANGLE_UNIT ( ) SI_UNIT ( $, .RADIAN. ) );
#83 = DIRECTION ( 'NONE',  ( -1.000000000000000000, -0.0000000000000000000, 0.0000000000000000000 ) ) ;
#84 = LINE ( 'NONE', #6898, #8731 ) ;
#85 = CARTESIAN_POINT ( 'NONE',  ( -0.1049736703710298785, 1.064973421076008675, 0.01100000000000433270 ) ) ;
#86 = CARTESIAN_POINT ( 'NONE',  ( 0.6999999999999992895, 4.578487373415300432, 0.4570660171779987735 ) ) ;
#87 = CARTESIAN_POINT ( 'NONE',  ( -2.719999999999999751, 1.351000000000004864, 1.421000000000005592 ) ) ;
#88 = UNCERTAINTY_MEASURE_WITH_UNIT (LENGTH_MEASURE( 1.000000000000000082E-05 ), #6129, 'distance_accuracy_value', 'NONE');
#89 = EDGE_CURVE ( 'NONE', #7907, #607, #1818, .T. ) ;
#90 = AXIS2_PLACEMENT_3D ( 'NONE', #3892, #4720, #1464 ) ;
#91 = EDGE_CURVE ( 'NONE', #29, #2220, #4062, .T. ) ;
#92 = FILL_AREA_STYLE ('',( #5079 ) ) ;
#93 = LINE ( 'NONE', #6000, #3119 ) ;
#94 = ORIENTED_EDGE ( 'NONE', *, *, #1499, .T. ) ;
#95 = LINE ( 'NONE', #8944, #9580 ) ;
#96 = CARTESIAN_POINT ( 'NONE',  ( 0.3283100564981720759, 1.093041507312539906, 0.001000000000004306906 ) ) ;
#97 = CARTESIAN_POINT ( 'NONE',  ( -4.147487373415290612, 2.301710678118662923, 0.4570660171779909464 ) ) ;
#98 = FACE_OUTER_BOUND ( 'NONE', #7651, .T. ) ;
#99 = MECHANICAL_DESIGN_GEOMETRIC_PRESENTATION_REPRESENTATION (  '', ( #5122 ), #600 ) ;
#100 = CARTESIAN_POINT ( 'NONE',  ( 0.3559157815880705789, 1.093583378065792200, 0.001000000000004306906 ) ) ;
#101 = CARTESIAN_POINT ( 'NONE',  ( 2.900000000000000799, 3.110999999999994881, 4.381000000000010886 ) ) ;
#102 = EDGE_CURVE ( 'NONE', #4511, #8334, #9226, .T. ) ;
#103 = CARTESIAN_POINT ( 'NONE',  ( -0.1125673915839457834, 1.122645568169616137, 0.001000000000004306906 ) ) ;
#104 = EDGE_LOOP ( 'NONE', ( #5581, #4949, #6810, #557, #7723, #2070, #7161, #9130 ) ) ;
#105 = ORIENTED_EDGE ( 'NONE', *, *, #7045, .F. ) ;
#106 = EDGE_CURVE ( 'NONE', #3628, #576, #328, .T. ) ;
#107 = VECTOR ( 'NONE', #230, 1000.000000000000000 ) ;
#108 = AXIS2_PLACEMENT_3D ( 'NONE', #4539, #5306, #6056 ) ;
#109 = DIRECTION ( 'NONE',  ( 0.0000000000000000000, 1.000000000000000000, 3.491481338843133355E-15 ) ) ;
#110 = PLANE ( 'NONE',  #871 ) ;
#111 = FILL_AREA_STYLE_COLOUR ( '', #4529 ) ;
#112 = CARTESIAN_POINT ( 'NONE',  ( -0.1319670177563833924, 1.057976925490301534, 0.001000000000004306906 ) ) ;
#113 = EDGE_LOOP ( 'NONE', ( #7889, #3028, #6340, #1481 ) ) ;
#114 = CARTESIAN_POINT ( 'NONE',  ( 2.900000000000000799, 3.110999999999994881, 4.381000000000010886 ) ) ;
#115 = PRESENTATION_LAYER_ASSIGNMENT (  '', '', ( #3174 ) ) ;
#116 = CARTESIAN_POINT ( 'NONE',  ( 0.2969124374808562727, 0.9834932963778895143, 0.01100000000000389902 ) ) ;
#117 = VECTOR ( 'NONE', #6200, 1000.000000000000114 ) ;
#118 = VECTOR ( 'NONE', #2502, 1000.000000000000000 ) ;
#119 = VECTOR ( 'NONE', #8790, 1000.000000000000000 ) ;
#120 = PLANE ( 'NONE',  #6342 ) ;
#121 =( LENGTH_UNIT ( ) NAMED_UNIT ( * ) SI_UNIT ( .MILLI., .METRE. ) );
#122 = LINE ( 'NONE', #8187, #1385 ) ;
#123 = ORIENTED_EDGE ( 'NONE', *, *, #2234, .T. ) ;
#124 = ORIENTED_EDGE ( 'NONE', *, *, #728, .F. ) ;
#125 = FILL_AREA_STYLE_COLOUR ( '', #1338 ) ;
#126 = ADVANCED_FACE ( 'NONE', ( #6761 ), #1148, .T. ) ;
#127 = FILL_AREA_STYLE ('',( #9075 ) ) ;
#128 = CARTESIAN_POINT ( 'NONE',  ( 0.0002712571954569721762, 0.9786376298791450434, 0.001000000000003873225 ) ) ;
#129 = CYLINDRICAL_SURFACE ( 'NONE', #4892, 0.2000000000000000944 ) ;
#130 = EDGE_LOOP ( 'NONE', ( #2079, #5369, #6264, #4344 ) ) ;
#131 = AXIS2_PLACEMENT_3D ( 'NONE', #2277, #2349, #7030 ) ;
#132 = EDGE_LOOP ( 'NONE', ( #5532, #2910, #813, #6645 ) ) ;
#133 = ORIENTED_EDGE ( 'NONE', *, *, #5538, .T. ) ;
#134 = CARTESIAN_POINT ( 'NONE',  ( 1.299999999999999378, 4.231000000000008754, 0.001000000000015148927 ) ) ;
#135 = CARTESIAN_POINT ( 'NONE',  ( -0.08925027752033071193, 1.001783660092786965, 0.01100000000000389902 ) ) ;
#136 = CARTESIAN_POINT ( 'NONE',  ( 0.3629158289031925722, 1.062870975493835912, 0.001000000000004306906 ) ) ;
#137 = CARTESIAN_POINT ( 'NONE',  ( -2.899999999999999911, -1.768999999999990136, 0.2009999999999948495 ) ) ;
#138 = ADVANCED_FACE ( 'NONE', ( #6641 ), #1116, .T. ) ;
#139 = ORIENTED_EDGE ( 'NONE', *, *, #4174, .T. ) ;
#140 = AXIS2_PLACEMENT_3D ( 'NONE', #74, #5452, #816 ) ;
#141 = LINE ( 'NONE', #7698, #4354 ) ;
#142 = SURFACE_STYLE_FILL_AREA ( #4961 ) ;
#143 = MECHANICAL_DESIGN_GEOMETRIC_PRESENTATION_REPRESENTATION (  '', ( #6715 ), #5834 ) ;
#144 = ORIENTED_EDGE ( 'NONE', *, *, #8544, .F. ) ;
#145 = EDGE_CURVE ( 'NONE', #2074, #7281, #2038, .T. ) ;
#146 = COLOUR_RGB ( '',1.000000000000000000, 1.000000000000000000, 1.000000000000000000 ) ;
#147 = CARTESIAN_POINT ( 'NONE',  ( 0.4070573724875189980, 1.154204059636644075, 0.001000000000004306906 ) ) ;
#148 =( NAMED_UNIT ( * ) SI_UNIT ( $, .STERADIAN. ) SOLID_ANGLE_UNIT ( ) );
#149 = COLOUR_RGB ( '',0.7764705882352941346, 0.7568627450980391913, 0.7372549019607843590 ) ;
#150 = CARTESIAN_POINT ( 'NONE',  ( 0.2969124374808562727, 0.9834932963778895143, 0.001000000000003873225 ) ) ;
#151 = VECTOR ( 'NONE', #2815, 1000.000000000000000 ) ;
#152 = EDGE_CURVE ( 'NONE', #3839, #6133, #5708, .T. ) ;
#153 = ORIENTED_EDGE ( 'NONE', *, *, #2288, .T. ) ;
#154 = AXIS2_PLACEMENT_3D ( 'NONE', #2674, #8689, #1987 ) ;
#155 = EDGE_CURVE ( 'NONE', #9373, #9595, #5941, .T. ) ;
#156 = VECTOR ( 'NONE', #9212, 1000.000000000000000 ) ;
#157 = SURFACE_SIDE_STYLE ('',( #8776 ) ) ;
#158 = DIRECTION ( 'NONE',  ( 2.465190328815661892E-32, -1.000000000000000000, -3.491481338843133355E-15 ) ) ;
#159 = ORIENTED_EDGE ( 'NONE', *, *, #1194, .F. ) ;
#160 = DIRECTION ( 'NONE',  ( 0.0000000000000000000, -1.000000000000000000, -3.491481338843133355E-15 ) ) ;
#161 = UNCERTAINTY_MEASURE_WITH_UNIT (LENGTH_MEASURE( 1.000000000000000082E-05 ), #8170, 'distance_accuracy_value', 'NONE');
#162 =( NAMED_UNIT ( * ) SI_UNIT ( $, .STERADIAN. ) SOLID_ANGLE_UNIT ( ) );
#163 = CARTESIAN_POINT ( 'NONE',  ( 0.0002712571954569721762, 0.9786376298791450434, 0.01100000000000389902 ) ) ;
#164 = STYLED_ITEM ( 'NONE', ( #5492 ), #4454 ) ;
#165 = VERTEX_POINT ( 'NONE', #4982 ) ;
#166 = EDGE_CURVE ( 'NONE', #5314, #9021, #7306, .T. ) ;
#167 = PRESENTATION_STYLE_ASSIGNMENT (( #5877 ) ) ;
#168 = LINE ( 'NONE', #1355, #5313 ) ;
#169 = DIRECTION ( 'NONE',  ( 1.000000000000000000, 0.0000000000000000000, 0.0000000000000000000 ) ) ;
#170 = PLANE ( 'NONE',  #108 ) ;
#171 = STYLED_ITEM ( 'NONE', ( #3496 ), #6233 ) ;
#172 = CARTESIAN_POINT ( 'NONE',  ( 0.1533988359021532244, 1.042008937685424685, 0.001000000000004306906 ) ) ;
#173 = DIRECTION ( 'NONE',  ( -1.000000000000000000, -0.0000000000000000000, -0.0000000000000000000 ) ) ;
#174 = CARTESIAN_POINT ( 'NONE',  ( -0.004329419350173203951, 0.9536983920904328338, 0.001000000000003873225 ) ) ;
#175 = CARTESIAN_POINT ( 'NONE',  ( -0.08496206222803158459, 1.146250782943362134, 0.001000000000004306906 ) ) ;
#176 = LINE ( 'NONE', #7729, #8481 ) ;
#177 = DIRECTION ( 'NONE',  ( 1.000000000000000000, 0.0000000000000000000, 0.0000000000000000000 ) ) ;
#178 = ADVANCED_FACE ( 'NONE', ( #7328 ), #2088, .F. ) ;
#179 = ORIENTED_EDGE ( 'NONE', *, *, #7673, .F. ) ;
#180 = CARTESIAN_POINT ( 'NONE',  ( -2.900000000000000799, 3.110999999999994881, 4.381000000000011774 ) ) ;
#181 = B_SPLINE_CURVE_WITH_KNOTS ( 'NONE', 3,
 ( #6485, #4151, #2678, #8661, #7897, #4977, #9322, #2711, #1840, #4082, #5697, #6425, #1904, #1193, #7926, #4123, #4856, #489, #373 ),
 .UNSPECIFIED., .F., .F.,
 ( 4, 1, 1, 1, 1, 1, 1, 1, 1, 1, 1, 1, 1, 1, 1, 1, 4 ),
 ( 0.0000000000000000000, 0.06806869584499454506, 0.1334274328189550829, 0.1961460338131571224, 0.2570485924493138841, 0.3168826631591613041, 0.3761872086663220482, 0.4359603353635470024, 0.4965352368627265478, 0.5574653434807335106, 0.6176868634101472244, 0.6779436406969060469, 0.7388052848060400191, 0.8009493367665845298, 0.8648146674702268388, 0.9310247810786576039, 1.000000000000000000 ),
 .UNSPECIFIED. ) ;
#182 = PLANE ( 'NONE',  #5147 ) ;
#183 = DIRECTION ( 'NONE',  ( -1.000000000000000000, -0.0000000000000000000, 0.0000000000000000000 ) ) ;
#184 = CARTESIAN_POINT ( 'NONE',  ( 0.1582768846826410614, 0.9761552791488392611, 0.001000000000003873225 ) ) ;
#185 = DIRECTION ( 'NONE',  ( 0.0000000000000000000, 1.000000000000000000, 3.491481338843133355E-15 ) ) ;
#186 = CARTESIAN_POINT ( 'NONE',  ( 0.3362601090539636961, 1.049196285048161759, 0.01100000000000433270 ) ) ;
#187 = PRESENTATION_STYLE_ASSIGNMENT (( #6928 ) ) ;
#188 = ORIENTED_EDGE ( 'NONE', *, *, #3587, .T. ) ;
#189 = UNCERTAINTY_MEASURE_WITH_UNIT (LENGTH_MEASURE( 1.000000000000000082E-05 ), #2339, 'distance_accuracy_value', 'NONE');
#190 = LINE ( 'NONE', #3622, #5219 ) ;
#191 = LINE ( 'NONE', #8257, #6623 ) ;
#192 = PLANE ( 'NONE',  #2800 ) ;
#193 = CARTESIAN_POINT ( 'NONE',  ( 0.4328957871216653763, 1.076155279148839128, 0.001000000000004306906 ) ) ;
#194 = MECHANICAL_DESIGN_GEOMETRIC_PRESENTATION_REPRESENTATION (  '', ( #2465 ), #5577 ) ;
#195 = SURFACE_SIDE_STYLE ('',( #7063 ) ) ;
#196 = DIRECTION ( 'NONE',  ( -1.000000000000000000, -0.0000000000000000000, -0.0000000000000000000 ) ) ;
#197 = CARTESIAN_POINT ( 'NONE',  ( -0.04213362158172233307, 1.134495647786227135, 0.01100000000000433270 ) ) ;
#198 = FILL_AREA_STYLE ('',( #6966 ) ) ;
#199 = SURFACE_STYLE_FILL_AREA ( #3524 ) ;
#200 = DIRECTION ( 'NONE',  ( -1.000000000000000000, -0.0000000000000000000, 0.0000000000000000000 ) ) ;
#201 = VECTOR ( 'NONE', #2828, 1000.000000000000114 ) ;
#202 = FILL_AREA_STYLE ('',( #9149 ) ) ;
#203 = SURFACE_SIDE_STYLE ('',( #5992 ) ) ;
#204 = DIRECTION ( 'NONE',  ( -1.000000000000000000, 0.0000000000000000000, 0.0000000000000000000 ) ) ;
#205 = DIRECTION ( 'NONE',  ( -1.495451272393799296E-16, -3.491481338843133355E-15, 1.000000000000000000 ) ) ;
#206 = CARTESIAN_POINT ( 'NONE',  ( -0.1221939173639721571, 1.106851283680635678, 0.001000000000004306906 ) ) ;
#207 = VECTOR ( 'NONE', #2060, 1000.000000000000000 ) ;
#208 = EDGE_CURVE ( 'NONE', #5057, #7907, #6526, .T. ) ;
#209 = LINE ( 'NONE', #4639, #7454 ) ;
#210 = ORIENTED_EDGE ( 'NONE', *, *, #6990, .T. ) ;
#211 = DIRECTION ( 'NONE',  ( -1.000000000000000000, -0.0000000000000000000, 0.0000000000000000000 ) ) ;
#212 = PRESENTATION_LAYER_ASSIGNMENT (  '', '', ( #5727 ) ) ;
#213 = CARTESIAN_POINT ( 'NONE',  ( 2.719999999999999751, 3.111000000000004206, 1.421000000000010477 ) ) ;
#214 = FILL_AREA_STYLE_COLOUR ( '', #573 ) ;
#215 = COLOUR_RGB ( '',0.7764705882352941346, 0.7568627450980391913, 0.7372549019607843590 ) ;
#216 =( BOUNDED_CURVE ( )  B_SPLINE_CURVE ( 3, ( #6167, #8518, #1725, #3995 ),
 .UNSPECIFIED., .F., .T. ) 
 B_SPLINE_CURVE_WITH_KNOTS ( ( 4, 4 ),
 ( -8.881784197001252323E-16, 1.570796326794899445 ),
 .UNSPECIFIED. ) 
 CURVE ( )  GEOMETRIC_REPRESENTATION_ITEM ( )  RATIONAL_B_SPLINE_CURVE ( ( 1.000000000000000000, 0.8047378541243640493, 0.8047378541243640493, 1.000000000000000000 ) ) 
 REPRESENTATION_ITEM ( '' )  );
#217 = DIRECTION ( 'NONE',  ( -1.495451272393799296E-16, -3.491481338843133355E-15, 1.000000000000000000 ) ) ;
#218 = PRESENTATION_LAYER_ASSIGNMENT (  '', '', ( #5229 ) ) ;
#219 = LINE ( 'NONE', #2520, #7942 ) ;
#220 = CYLINDRICAL_SURFACE ( 'NONE', #3954, 0.2000000000000000944 ) ;
#221 = ORIENTED_EDGE ( 'NONE', *, *, #1900, .T. ) ;
#222 = VERTEX_POINT ( 'NONE', #494 ) ;
#223 = PLANE ( 'NONE',  #3638 ) ;
#224 = CARTESIAN_POINT ( 'NONE',  ( 0.6999999999999992895, 5.131000000000009109, 0.2010000000000182752 ) ) ;
#225 = VERTEX_POINT ( 'NONE', #9459 ) ;
#226 = DIRECTION ( 'NONE',  ( 0.0000000000000000000, 1.000000000000000000, 3.491481338843133355E-15 ) ) ;
#227 = ADVANCED_FACE ( 'NONE', ( #1708 ), #1202, .F. ) ;
#228 = DIRECTION ( 'NONE',  ( -1.532000111646839560E-16, -3.368276546515235160E-15, 1.000000000000000000 ) ) ;
#229 = DIRECTION ( 'NONE',  ( -0.0000000000000000000, -1.000000000000000000, -3.491481338843133355E-15 ) ) ;
#230 = DIRECTION ( 'NONE',  ( -1.000000000000000000, -0.0000000000000000000, -0.0000000000000000000 ) ) ;
#231 = AXIS2_PLACEMENT_3D ( 'NONE', #7088, #4875, #7847 ) ;
#232 = EDGE_CURVE ( 'NONE', #8567, #222, #4180, .T. ) ;
#233 = DIRECTION ( 'NONE',  ( -0.0000000000000000000, 1.000000000000000000, 3.491481338843133355E-15 ) ) ;
#234 = CARTESIAN_POINT ( 'NONE',  ( 2.900000000000000355, 1.351000000000003309, 1.921000000000004038 ) ) ;
#235 = COLOUR_RGB ( '',0.7764705882352941346, 0.7568627450980391913, 0.7372549019607843590 ) ;
#236 = DIRECTION ( 'NONE',  ( 0.0000000000000000000, -1.000000000000000000, -3.491481338843133355E-15 ) ) ;
#237 = CARTESIAN_POINT ( 'NONE',  ( 0.08266712858508006023, 1.063960157197619605, 0.001000000000004306906 ) ) ;
#238 = MECHANICAL_DESIGN_GEOMETRIC_PRESENTATION_REPRESENTATION (  '', ( #9061 ), #5067 ) ;
#239 = CARTESIAN_POINT ( 'NONE',  ( 0.2992321777176327191, 1.147362222950234045, 0.001000000000004306906 ) ) ;
#240 = CIRCLE ( 'NONE', #140, 0.2000000000000000944 ) ;
#241 = CARTESIAN_POINT ( 'NONE',  ( -0.2514792128783345238, 0.9542040596366438976, 0.01100000000000389902 ) ) ;
#242 = ADVANCED_FACE ( 'NONE', ( #6750 ), #4480, .T. ) ;
#243 = CARTESIAN_POINT ( 'NONE',  ( -0.1257737216638940836, 1.098122238743174606, 0.001000000000004306906 ) ) ;
#244 = DIRECTION ( 'NONE',  ( 0.0000000000000000000, -1.000000000000000000, -3.491481338843133355E-15 ) ) ;
#245 = ORIENTED_EDGE ( 'NONE', *, *, #1392, .T. ) ;
#246 = EDGE_CURVE ( 'NONE', #4484, #1189, #5004, .T. ) ;
#247 = STYLED_ITEM ( 'NONE', ( #2177 ), #6960 ) ;
#248 = COLOUR_RGB ( '',0.1098039215686274495, 0.1098039215686274495, 0.1098039215686274495 ) ;
#249 = EDGE_CURVE ( 'NONE', #2478, #1999, #1811, .T. ) ;
#250 = CARTESIAN_POINT ( 'NONE',  ( -1.799999999999999378, -4.768999999999994799, 1.400999999999984036 ) ) ;
#251 = ORIENTED_EDGE ( 'NONE', *, *, #660, .F. ) ;
#252 =( NAMED_UNIT ( * ) SI_UNIT ( $, .STERADIAN. ) SOLID_ANGLE_UNIT ( ) );
#253 = DIRECTION ( 'NONE',  ( -1.000000000000000000, 5.221340210712169984E-31, -1.495451272393799296E-16 ) ) ;
#254 = ORIENTED_EDGE ( 'NONE', *, *, #5741, .F. ) ;
#255 = DIRECTION ( 'NONE',  ( -1.000000000000000000, 0.0000000000000000000, 0.0000000000000000000 ) ) ;
#256 = ORIENTED_EDGE ( 'NONE', *, *, #1012, .T. ) ;
#257 = ORIENTED_EDGE ( 'NONE', *, *, #3672, .T. ) ;
#258 = VERTEX_POINT ( 'NONE', #1492 ) ;
#259 = FILL_AREA_STYLE_COLOUR ( '', #5385 ) ;
#260 = LINE ( 'NONE', #3970, #4696 ) ;
#261 = DIRECTION ( 'NONE',  ( 0.0000000000000000000, -1.000000000000000000, -3.491481338843133355E-15 ) ) ;
#262 = CARTESIAN_POINT ( 'NONE',  ( -3.641421356237309226, 0.9017106781186623454, 0.6010000000000036424 ) ) ;
#263 = VECTOR ( 'NONE', #8657, 1000.000000000000000 ) ;
#264 = VERTEX_POINT ( 'NONE', #2962 ) ;
#265 = CARTESIAN_POINT ( 'NONE',  ( -0.1159717879133004143, 0.9966027881567357527, 0.01100000000000389902 ) ) ;
#266 =( LENGTH_UNIT ( ) NAMED_UNIT ( * ) SI_UNIT ( .MILLI., .METRE. ) );
#267 = EDGE_LOOP ( 'NONE', ( #7581, #5682, #9039, #9586 ) ) ;
#268 = ORIENTED_EDGE ( 'NONE', *, *, #606, .F. ) ;
#269 = CARTESIAN_POINT ( 'NONE',  ( -4.699999999999997513, 2.901710678118663900, 0.2010000000000113363 ) ) ;
#270 = EDGE_CURVE ( 'NONE', #9244, #1022, #9562, .T. ) ;
#271 = ORIENTED_EDGE ( 'NONE', *, *, #3411, .F. ) ;
#272 = DIRECTION ( 'NONE',  ( -1.000000000000000000, -0.0000000000000000000, 0.0000000000000000000 ) ) ;
#273 = SURFACE_SIDE_STYLE ('',( #7205 ) ) ;
#274 = FILL_AREA_STYLE ('',( #1000 ) ) ;
#275 = CARTESIAN_POINT ( 'NONE',  ( -2.700000000000000622, -1.569000000000009720, 5.600999999999994650 ) ) ;
#276 = ORIENTED_EDGE ( 'NONE', *, *, #8505, .F. ) ;
#277 = CARTESIAN_POINT ( 'NONE',  ( 0.0000000000000000000, -4.569000000000004391, 4.200999999999985413 ) ) ;
#278 = PRODUCT_RELATED_PRODUCT_CATEGORY ( 'part', '', ( #7632 ) ) ;
#279 = CARTESIAN_POINT ( 'NONE',  ( -0.1023436790652590689, 1.030146229064865082, 0.001000000000003873225 ) ) ;
#280 = AXIS2_PLACEMENT_3D ( 'NONE', #7613, #1645, #3188 ) ;
#281 = CARTESIAN_POINT ( 'NONE',  ( -2.899999999999999911, 0.9017106781186623454, 0.6010000000000036424 ) ) ;
#282 = ORIENTED_EDGE ( 'NONE', *, *, #4167, .F. ) ;
#283 =( GEOMETRIC_REPRESENTATION_CONTEXT ( 3 ) GLOBAL_UNCERTAINTY_ASSIGNED_CONTEXT ( ( #734 ) ) GLOBAL_UNIT_ASSIGNED_CONTEXT ( ( #7693, #3166, #8447 ) ) REPRESENTATION_CONTEXT ( 'NONE', 'WORKASPACE' ) );
#284 = EDGE_CURVE ( 'NONE', #4228, #1177, #1010, .T. ) ;
#285 = FILL_AREA_STYLE ('',( #7800 ) ) ;
#286 = DIRECTION ( 'NONE',  ( 0.0000000000000000000, -0.7071067811865489050, 0.7071067811865462405 ) ) ;
#287 = CARTESIAN_POINT ( 'NONE',  ( -0.04095061655091503799, 0.9520139555247633112, 0.001000000000003873225 ) ) ;
#288 = VECTOR ( 'NONE', #3711, 1000.000000000000000 ) ;
#289 = DIRECTION ( 'NONE',  ( 1.000000000000000000, 0.0000000000000000000, -0.0000000000000000000 ) ) ;
#290 = ORIENTED_EDGE ( 'NONE', *, *, #7181, .T. ) ;
#291 = EDGE_CURVE ( 'NONE', #8207, #7521, #2497, .T. ) ;
#292 =( GEOMETRIC_REPRESENTATION_CONTEXT ( 3 ) GLOBAL_UNCERTAINTY_ASSIGNED_CONTEXT ( ( #3653 ) ) GLOBAL_UNIT_ASSIGNED_CONTEXT ( ( #9254, #2540, #1070 ) ) REPRESENTATION_CONTEXT ( 'NONE', 'WORKASPACE' ) );
#293 = EDGE_CURVE ( 'NONE', #4567, #7780, #9504, .T. ) ;
#294 = COLOUR_RGB ( '',0.1098039215686274495, 0.1098039215686274495, 0.1098039215686274495 ) ;
#295 = DIRECTION ( 'NONE',  ( 0.7071067811865460184, 2.468850131082270866E-15, -0.7071067811865490160 ) ) ;
#296 = CARTESIAN_POINT ( 'NONE',  ( -0.1319670177563833924, 1.057976925490301534, 0.001000000000004306906 ) ) ;
#297 =( NAMED_UNIT ( * ) PLANE_ANGLE_UNIT ( ) SI_UNIT ( $, .RADIAN. ) );
#298 = CARTESIAN_POINT ( 'NONE',  ( 2.899999999999999023, -0.7590000000000105551, 5.800999999999997492 ) ) ;
#299 = EDGE_LOOP ( 'NONE', ( #1066, #2514, #5559, #4340 ) ) ;
#300 = DIRECTION ( 'NONE',  ( 0.3536223923290756632, -0.9353882635801357148, -3.265890666862925973E-15 ) ) ;
#301 = EDGE_CURVE ( 'NONE', #8814, #6201, #4294, .T. ) ;
#302 = EDGE_CURVE ( 'NONE', #9095, #1412, #3581, .T. ) ;
#303 = AXIS2_PLACEMENT_3D ( 'NONE', #3338, #7873, #8583 ) ;
#304 = DIRECTION ( 'NONE',  ( 0.0000000000000000000, -1.000000000000000000, -3.368276546515235160E-15 ) ) ;
#305 = DIRECTION ( 'NONE',  ( 0.0000000000000000000, -1.000000000000000000, -3.491481338843133355E-15 ) ) ;
#306 = SURFACE_SIDE_STYLE ('',( #5813 ) ) ;
#307 = CARTESIAN_POINT ( 'NONE',  ( -0.03002342019540777188, 0.9737162547585943573, 0.001000000000003873225 ) ) ;
#308 = COLOUR_RGB ( '',1.000000000000000000, 1.000000000000000000, 1.000000000000000000 ) ;
#309 = PLANE ( 'NONE',  #6320 ) ;
#310 = FACE_OUTER_BOUND ( 'NONE', #2357, .T. ) ;
#311 =( NAMED_UNIT ( * ) SI_UNIT ( $, .STERADIAN. ) SOLID_ANGLE_UNIT ( ) );
#312 = CARTESIAN_POINT ( 'NONE',  ( -0.1050821854936750954, 1.059262447117260697, 0.001000000000004306906 ) ) ;
#313 = VECTOR ( 'NONE', #5763, 1000.000000000000000 ) ;
#314 =( NAMED_UNIT ( * ) PLANE_ANGLE_UNIT ( ) SI_UNIT ( $, .RADIAN. ) );
#315 = COLOUR_RGB ( '',0.7764705882352941346, 0.7568627450980391913, 0.7372549019607843590 ) ;
#316 = ORIENTED_EDGE ( 'NONE', *, *, #7542, .T. ) ;
#317 = DIRECTION ( 'NONE',  ( 0.0000000000000000000, 1.000000000000000000, 4.336808689942015369E-15 ) ) ;
#318 = DIRECTION ( 'NONE',  ( 1.000000000000000000, 0.0000000000000000000, 0.0000000000000000000 ) ) ;
#319 = CARTESIAN_POINT ( 'NONE',  ( 0.3362566419663665096, 1.055336970376467676, 0.01100000000000433270 ) ) ;
#320 = LINE ( 'NONE', #6204, #2995 ) ;
#321 =( LENGTH_UNIT ( ) NAMED_UNIT ( * ) SI_UNIT ( .MILLI., .METRE. ) );
#322 =( NAMED_UNIT ( * ) SI_UNIT ( $, .STERADIAN. ) SOLID_ANGLE_UNIT ( ) );
#323 = UNCERTAINTY_MEASURE_WITH_UNIT (LENGTH_MEASURE( 1.000000000000000082E-05 ), #7386, 'distance_accuracy_value', 'NONE');
#324 = AXIS2_PLACEMENT_3D ( 'NONE', #4999, #5746, #1243 ) ;
#325 = SPHERICAL_SURFACE ( 'NONE', #8426, 0.2000000000000000111 ) ;
#326 =( NAMED_UNIT ( * ) SI_UNIT ( $, .STERADIAN. ) SOLID_ANGLE_UNIT ( ) );
#327 = FILL_AREA_STYLE_COLOUR ( '', #1953 ) ;
#328 = LINE ( 'NONE', #3312, #1135 ) ;
#329 = CARTESIAN_POINT ( 'NONE',  ( 0.01681347004849466711, 1.121886986465911118, 0.001000000000004306906 ) ) ;
#330 = FILL_AREA_STYLE_COLOUR ( '', #8032 ) ;
#331 = LINE ( 'NONE', #9218, #7092 ) ;
#332 =( GEOMETRIC_REPRESENTATION_CONTEXT ( 3 ) GLOBAL_UNCERTAINTY_ASSIGNED_CONTEXT ( ( #323 ) ) GLOBAL_UNIT_ASSIGNED_CONTEXT ( ( #7386, #715, #4450 ) ) REPRESENTATION_CONTEXT ( 'NONE', 'WORKASPACE' ) );
#333 = CARTESIAN_POINT ( 'NONE',  ( -0.07662485597625623424, 1.150026198483270701, 0.001000000000004306906 ) ) ;
#334 = ADVANCED_FACE ( 'NONE', ( #8169 ), #4636, .F. ) ;
#335 = EDGE_CURVE ( 'NONE', #9160, #5991, #2617, .T. ) ;
#336 = VERTEX_POINT ( 'NONE', #1679 ) ;
#337 = ORIENTED_EDGE ( 'NONE', *, *, #3333, .T. ) ;
#338 = CARTESIAN_POINT ( 'NONE',  ( -0.03273329256830981998, 0.9737745219757900639, 0.001000000000003873225 ) ) ;
#339 = ORIENTED_EDGE ( 'NONE', *, *, #8495, .T. ) ;
#340 = COLOUR_RGB ( '',0.1098039215686274495, 0.1098039215686274495, 0.1098039215686274495 ) ;
#341 = UNCERTAINTY_MEASURE_WITH_UNIT (LENGTH_MEASURE( 1.000000000000000082E-05 ), #1574, 'distance_accuracy_value', 'NONE');
#342 = SURFACE_STYLE_FILL_AREA ( #127 ) ;
#343 = EDGE_CURVE ( 'NONE', #3324, #6133, #4172, .T. ) ;
#344 = CARTESIAN_POINT ( 'NONE',  ( 0.006841003938229285944, 0.9561644596738877455, 0.01100000000000389902 ) ) ;
#345 = EDGE_LOOP ( 'NONE', ( #8105, #2817, #8644, #5853 ) ) ;
#346 = DIRECTION ( 'NONE',  ( 0.0000000000000000000, 3.491481338843133355E-15, -1.000000000000000000 ) ) ;
#347 = CARTESIAN_POINT ( 'NONE',  ( 1.299999999999999378, 4.472421356237319401, 0.2010000000000161102 ) ) ;
#348 =( GEOMETRIC_REPRESENTATION_CONTEXT ( 3 ) GLOBAL_UNCERTAINTY_ASSIGNED_CONTEXT ( ( #5528 ) ) GLOBAL_UNIT_ASSIGNED_CONTEXT ( ( #465, #6463, #1939 ) ) REPRESENTATION_CONTEXT ( 'NONE', 'WORKASPACE' ) );
#349 = EDGE_CURVE ( 'NONE', #6604, #7360, #2728, .T. ) ;
#350 = CARTESIAN_POINT ( 'NONE',  ( 2.800000000000000266, -0.7589999999999949010, 1.400999999999997803 ) ) ;
#351 = EDGE_LOOP ( 'NONE', ( #2760, #7631, #2663, #5025 ) ) ;
#352 = VECTOR ( 'NONE', #7549, 1000.000000000000000 ) ;
#353 = VECTOR ( 'NONE', #2525, 1000.000000000000000 ) ;
#354 = LINE ( 'NONE', #6071, #5612 ) ;
#355 = PLANE ( 'NONE',  #7637 ) ;
#356 = APPLICATION_CONTEXT ( 'automotive_design' ) ;
#357 = ORIENTED_EDGE ( 'NONE', *, *, #2875, .T. ) ;
#358 = ORIENTED_EDGE ( 'NONE', *, *, #1809, .T. ) ;
#359 = EDGE_LOOP ( 'NONE', ( #8547, #1196, #3993, #6372 ) ) ;
#360 = CARTESIAN_POINT ( 'NONE',  ( 3.558578643762690508, 0.9017106781186627895, 0.4010000000000036313 ) ) ;
#361 =( NAMED_UNIT ( * ) PLANE_ANGLE_UNIT ( ) SI_UNIT ( $, .RADIAN. ) );
#362 = EDGE_CURVE ( 'NONE', #4469, #6254, #7234, .T. ) ;
#363 = FACE_OUTER_BOUND ( 'NONE', #4651, .T. ) ;
#364 = MECHANICAL_DESIGN_GEOMETRIC_PRESENTATION_REPRESENTATION (  '', ( #5241 ), #9709 ) ;
#365 = VECTOR ( 'NONE', #6010, 1000.000000000000114 ) ;
#366 = LINE ( 'NONE', #7024, #7138 ) ;
#367 = ORIENTED_EDGE ( 'NONE', *, *, #5426, .T. ) ;
#368 = ORIENTED_EDGE ( 'NONE', *, *, #9692, .F. ) ;
#369 = DIRECTION ( 'NONE',  ( 1.532000111646839560E-16, -3.491481338843133355E-15, 1.000000000000000000 ) ) ;
#370 =( LENGTH_UNIT ( ) NAMED_UNIT ( * ) SI_UNIT ( .MILLI., .METRE. ) );
#371 = STYLED_ITEM ( 'NONE', ( #8385 ), #1485 ) ;
#372 = CARTESIAN_POINT ( 'NONE',  ( -0.1066097212569555308, 1.129691589581832467, 0.001000000000004306906 ) ) ;
#373 = CARTESIAN_POINT ( 'NONE',  ( 0.2565619456582506897, 1.154204059636644075, 0.01100000000000433270 ) ) ;
#374 = CARTESIAN_POINT ( 'NONE',  ( -0.09347484358742036425, 1.008169002226834365, 0.001000000000003873225 ) ) ;
#375 =( NAMED_UNIT ( * ) PLANE_ANGLE_UNIT ( ) SI_UNIT ( $, .RADIAN. ) );
#376 = LINE ( 'NONE', #3983, #8208 ) ;
#377 = ORIENTED_EDGE ( 'NONE', *, *, #4603, .F. ) ;
#378 = AXIS2_PLACEMENT_3D ( 'NONE', #6146, #7644, #4663 ) ;
#379 = EDGE_LOOP ( 'NONE', ( #5164, #1394, #6498, #559 ) ) ;
#380 = VERTEX_POINT ( 'NONE', #5433 ) ;
#381 = DIRECTION ( 'NONE',  ( -0.3393303772748763047, -0.9406672605435409951, -3.284322186248465163E-15 ) ) ;
#382 = PLANE ( 'NONE',  #8840 ) ;
#383 = VERTEX_POINT ( 'NONE', #6190 ) ;
#384 = VECTOR ( 'NONE', #4576, 1000.000000000000000 ) ;
#385 = VECTOR ( 'NONE', #3316, 1000.000000000000114 ) ;
#386 =( GEOMETRIC_REPRESENTATION_CONTEXT ( 3 ) GLOBAL_UNCERTAINTY_ASSIGNED_CONTEXT ( ( #3616 ) ) GLOBAL_UNIT_ASSIGNED_CONTEXT ( ( #5107, #619, #3557 ) ) REPRESENTATION_CONTEXT ( 'NONE', 'WORKASPACE' ) );
#387 = ORIENTED_EDGE ( 'NONE', *, *, #7995, .T. ) ;
#388 = ADVANCED_FACE ( 'NONE', ( #4764 ), #6804, .T. ) ;
#389 = CARTESIAN_POINT ( 'NONE',  ( -0.03025207873199314140, 0.9517650352463993269, 0.001000000000003873225 ) ) ;
#390 = LINE ( 'NONE', #7529, #612 ) ;
#391 = CARTESIAN_POINT ( 'NONE',  ( -2.800000000000000266, -0.7590000000000035607, 3.900999999999998025 ) ) ;
#392 = CARTESIAN_POINT ( 'NONE',  ( 2.700000000000000178, -0.7590000000000001190, 2.900999999999997581 ) ) ;
#393 =( GEOMETRIC_REPRESENTATION_CONTEXT ( 3 ) GLOBAL_UNCERTAINTY_ASSIGNED_CONTEXT ( ( #6153 ) ) GLOBAL_UNIT_ASSIGNED_CONTEXT ( ( #8488, #8549, #1013 ) ) REPRESENTATION_CONTEXT ( 'NONE', 'WORKASPACE' ) );
#394 = VECTOR ( 'NONE', #2337, 1000.000000000000000 ) ;
#395 = VECTOR ( 'NONE', #4289, 1000.000000000000000 ) ;
#396 = EDGE_LOOP ( 'NONE', ( #4704, #3397, #418, #1628 ) ) ;
#397 = CARTESIAN_POINT ( 'NONE',  ( 0.1631549334631288706, 1.154204059636644075, 0.001000000000004306906 ) ) ;
#398 = CARTESIAN_POINT ( 'NONE',  ( -2.899999999999999911, -0.7589999999999905711, 0.2009999999999983189 ) ) ;
#399 = CARTESIAN_POINT ( 'NONE',  ( -0.03452037141491998140, 1.134691864514691728, 0.001000000000004306906 ) ) ;
#400 = CARTESIAN_POINT ( 'NONE',  ( 0.08266712858507989370, 0.9761552791488392611, 0.01100000000000389902 ) ) ;
#401 = CARTESIAN_POINT ( 'NONE',  ( -0.1023436790652590689, 1.030146229064865082, 0.01100000000000389902 ) ) ;
#402 = ORIENTED_EDGE ( 'NONE', *, *, #2807, .T. ) ;
#403 = STYLED_ITEM ( 'NONE', ( #3217 ), #9007 ) ;
#404 = COLOUR_RGB ( '',0.1098039215686274495, 0.1098039215686274495, 0.1098039215686274495 ) ;
#405 = DIRECTION ( 'NONE',  ( -8.673617379884027583E-16, -3.491481338843133355E-15, 1.000000000000000000 ) ) ;
#406 = VECTOR ( 'NONE', #5761, 1000.000000000000000 ) ;
#407 = STYLED_ITEM ( 'NONE', ( #4419 ), #4545 ) ;
#408 = EDGE_CURVE ( 'NONE', #2550, #5836, #5929, .T. ) ;
#409 = DIRECTION ( 'NONE',  ( 0.0000000000000000000, 1.000000000000000000, 3.491481338843133355E-15 ) ) ;
#410 = DIRECTION ( 'NONE',  ( 1.000000000000000000, 0.0000000000000000000, 0.0000000000000000000 ) ) ;
#411 = VERTEX_POINT ( 'NONE', #2443 ) ;
#412 = PRESENTATION_LAYER_ASSIGNMENT (  '', '', ( #9632 ) ) ;
#413 = DIRECTION ( 'NONE',  ( -1.000000000000000000, -5.595468833802103278E-31, 1.532000111646839560E-16 ) ) ;
#414 = DIRECTION ( 'NONE',  ( 1.000000000000000000, 0.0000000000000000000, 0.0000000000000000000 ) ) ;
#415 = FILL_AREA_STYLE_COLOUR ( '', #4170 ) ;
#416 = PRESENTATION_LAYER_ASSIGNMENT (  '', '', ( #7623 ) ) ;
#417 = CARTESIAN_POINT ( 'NONE',  ( 2.900000000000000799, 1.350999999999994650, 4.381000000000004668 ) ) ;
#418 = ORIENTED_EDGE ( 'NONE', *, *, #5603, .F. ) ;
#419 = SURFACE_STYLE_FILL_AREA ( #5998 ) ;
#420 = VECTOR ( 'NONE', #9128, 1000.000000000000000 ) ;
#421 = EDGE_CURVE ( 'NONE', #7793, #4484, #7689, .T. ) ;
#422 = CARTESIAN_POINT ( 'NONE',  ( 3.387867965644034918, 2.301710678118662479, 0.5717106781186642728 ) ) ;
#423 = PRESENTATION_LAYER_ASSIGNMENT (  '', '', ( #3790 ) ) ;
#424 = SURFACE_SIDE_STYLE ('',( #3822 ) ) ;
#425 = VECTOR ( 'NONE', #5696, 1000.000000000000000 ) ;
#426 = ADVANCED_FACE ( 'NONE', ( #6741 ), #3327, .F. ) ;
#427 =( NAMED_UNIT ( * ) SI_UNIT ( $, .STERADIAN. ) SOLID_ANGLE_UNIT ( ) );
#428 = VERTEX_POINT ( 'NONE', #3981 ) ;
#429 = CARTESIAN_POINT ( 'NONE',  ( 0.4070573724875189980, 1.154204059636644075, 0.001000000000004306906 ) ) ;
#430 =( GEOMETRIC_REPRESENTATION_CONTEXT ( 3 ) GLOBAL_UNCERTAINTY_ASSIGNED_CONTEXT ( ( #9696 ) ) GLOBAL_UNIT_ASSIGNED_CONTEXT ( ( #8008, #9505, #5093 ) ) REPRESENTATION_CONTEXT ( 'NONE', 'WORKASPACE' ) );
#431 = LINE ( 'NONE', #7650, #5344 ) ;
#432 = EDGE_CURVE ( 'NONE', #5527, #2716, #3458, .T. ) ;
#433 =( LENGTH_UNIT ( ) NAMED_UNIT ( * ) SI_UNIT ( .MILLI., .METRE. ) );
#434 = CARTESIAN_POINT ( 'NONE',  ( 0.3362566419663665096, 1.055336970376467676, 0.01100000000000433270 ) ) ;
#435 = EDGE_LOOP ( 'NONE', ( #1276, #909, #7947, #7962 ) ) ;
#436 =( LENGTH_UNIT ( ) NAMED_UNIT ( * ) SI_UNIT ( .MILLI., .METRE. ) );
#437 = VECTOR ( 'NONE', #9533, 1000.000000000000000 ) ;
#438 = ORIENTED_EDGE ( 'NONE', *, *, #2425, .F. ) ;
#439 = CARTESIAN_POINT ( 'NONE',  ( 2.720000000000000639, 3.110999999999994881, 4.381000000000010886 ) ) ;
#440 =( NAMED_UNIT ( * ) SI_UNIT ( $, .STERADIAN. ) SOLID_ANGLE_UNIT ( ) );
#441 = VECTOR ( 'NONE', #6433, 1000.000000000000000 ) ;
#442 = CARTESIAN_POINT ( 'NONE',  ( 0.3631549334631288262, 1.051688815734204807, 0.01100000000000433270 ) ) ;
#443 = DIRECTION ( 'NONE',  ( 0.0000000000000000000, 1.000000000000000000, 3.491481338843133355E-15 ) ) ;
#444 = LINE ( 'NONE', #491, #3127 ) ;
#445 = ORIENTED_EDGE ( 'NONE', *, *, #5835, .F. ) ;
#446 = ORIENTED_EDGE ( 'NONE', *, *, #812, .F. ) ;
#447 =( GEOMETRIC_REPRESENTATION_CONTEXT ( 3 ) GLOBAL_UNCERTAINTY_ASSIGNED_CONTEXT ( ( #7 ) ) GLOBAL_UNIT_ASSIGNED_CONTEXT ( ( #7096, #3486, #427 ) ) REPRESENTATION_CONTEXT ( 'NONE', 'WORKASPACE' ) );
#448 = CARTESIAN_POINT ( 'NONE',  ( 2.699999999999999734, 3.331000000000009287, 0.2010000000000126408 ) ) ;
#449 = MANIFOLD_SOLID_BREP ( '实体-移动/复制2[1]', #4758 ) ;
#450 = CARTESIAN_POINT ( 'NONE',  ( -0.01351894947838448019, 1.132990397434181951, 0.001000000000004306906 ) ) ;
#451 = CARTESIAN_POINT ( 'NONE',  ( -2.899999999999999911, -1.568999999999990624, 0.2009999999999952935 ) ) ;
#452 = STYLED_ITEM ( 'NONE', ( #5898 ), #3754 ) ;
#453 = CARTESIAN_POINT ( 'NONE',  ( 0.01681347004849466364, 1.143838205978106481, 0.001000000000004306906 ) ) ;
#454 = DIRECTION ( 'NONE',  ( -1.000000000000000000, 2.465190328815661892E-32, 8.607166029756451331E-47 ) ) ;
#455 = EDGE_CURVE ( 'NONE', #8457, #3523, #8959, .T. ) ;
#456 = CARTESIAN_POINT ( 'NONE',  ( 0.4665848115119092254, 0.9785943035390829436, 0.001000000000003873225 ) ) ;
#457 = DIRECTION ( 'NONE',  ( 1.495451272393799542E-16, 3.491481338843133355E-15, -1.000000000000000000 ) ) ;
#458 = ORIENTED_EDGE ( 'NONE', *, *, #1453, .F. ) ;
#459 = EDGE_CURVE ( 'NONE', #9051, #5174, #7101, .T. ) ;
#460 = FILL_AREA_STYLE ('',( #1308 ) ) ;
#461 = PRESENTATION_LAYER_ASSIGNMENT (  '', '', ( #3461 ) ) ;
#462 = EDGE_CURVE ( 'NONE', #5420, #8523, #3109, .T. ) ;
#463 = VECTOR ( 'NONE', #1290, 1000.000000000000000 ) ;
#464 = CARTESIAN_POINT ( 'NONE',  ( -0.03452037141491998140, 1.134691864514691728, 0.01100000000000433270 ) ) ;
#465 =( LENGTH_UNIT ( ) NAMED_UNIT ( * ) SI_UNIT ( .MILLI., .METRE. ) );
#466 = ORIENTED_EDGE ( 'NONE', *, *, #4272, .F. ) ;
#467 = LINE ( 'NONE', #794, #928 ) ;
#468 = ADVANCED_FACE ( 'NONE', ( #5227 ), #1036, .T. ) ;
#469 = MECHANICAL_DESIGN_GEOMETRIC_PRESENTATION_REPRESENTATION (  '', ( #7932 ), #5178 ) ;
#470 = ORIENTED_EDGE ( 'NONE', *, *, #8919, .F. ) ;
#471 = PRESENTATION_STYLE_ASSIGNMENT (( #657 ) ) ;
#472 = LINE ( 'NONE', #8646, #2190 ) ;
#473 = LINE ( 'NONE', #8475, #4218 ) ;
#474 = EDGE_LOOP ( 'NONE', ( #4369, #2667, #2932, #9090 ) ) ;
#475 = CARTESIAN_POINT ( 'NONE',  ( 0.3257396021181563350, 1.132842557843210640, 0.01100000000000433270 ) ) ;
#476 = ORIENTED_EDGE ( 'NONE', *, *, #6627, .F. ) ;
#477 = AXIS2_PLACEMENT_3D ( 'NONE', #4153, #8665, #4954 ) ;
#478 =( LENGTH_UNIT ( ) NAMED_UNIT ( * ) SI_UNIT ( .MILLI., .METRE. ) );
#479 = UNCERTAINTY_MEASURE_WITH_UNIT (LENGTH_MEASURE( 1.000000000000000082E-05 ), #1172, 'distance_accuracy_value', 'NONE');
#480 = LINE ( 'NONE', #2414, #8215 ) ;
#481 = ORIENTED_EDGE ( 'NONE', *, *, #7545, .F. ) ;
#482 = ORIENTED_EDGE ( 'NONE', *, *, #1280, .T. ) ;
#483 = DIRECTION ( 'NONE',  ( -1.000000000000000000, -0.0000000000000000000, 0.0000000000000000000 ) ) ;
#484 = CARTESIAN_POINT ( 'NONE',  ( 0.01115621717900906057, 1.146960779231144256, 0.001000000000004306906 ) ) ;
#485 = AXIS2_PLACEMENT_3D ( 'NONE', #6634, #3648, #3710 ) ;
#486 = VERTEX_POINT ( 'NONE', #234 ) ;
#487 = EDGE_LOOP ( 'NONE', ( #564, #482, #2426, #7464 ) ) ;
#488 =( NAMED_UNIT ( * ) SI_UNIT ( $, .STERADIAN. ) SOLID_ANGLE_UNIT ( ) );
#489 = CARTESIAN_POINT ( 'NONE',  ( 0.2603900890540523649, 1.154134798561413433, 0.01100000000000433270 ) ) ;
#490 = CARTESIAN_POINT ( 'NONE',  ( 0.1631549334631288428, 1.154204059636644075, 0.01100000000000433270 ) ) ;
#491 = CARTESIAN_POINT ( 'NONE',  ( -2.900000000000000355, -0.7589999999999949010, 1.400999999999997803 ) ) ;
#492 = ORIENTED_EDGE ( 'NONE', *, *, #2203, .T. ) ;
#493 = SURFACE_STYLE_FILL_AREA ( #975 ) ;
#494 = CARTESIAN_POINT ( 'NONE',  ( -2.900000000000000355, -0.7589999999999949010, 1.400999999999997803 ) ) ;
#495 = FILL_AREA_STYLE ('',( #6554 ) ) ;
#496 = CARTESIAN_POINT ( 'NONE',  ( 0.3155503325149704996, 1.111308421226130383, 0.001000000000004306906 ) ) ;
#497 = CARTESIAN_POINT ( 'NONE',  ( 0.01522144534636387866, 0.9590456265885171083, 0.001000000000003873225 ) ) ;
#498 = CARTESIAN_POINT ( 'NONE',  ( 0.2565619456582508007, 1.154204059636644075, 0.001000000000004306906 ) ) ;
#499 = ORIENTED_EDGE ( 'NONE', *, *, #362, .F. ) ;
#500 = VECTOR ( 'NONE', #229, 1000.000000000000000 ) ;
#501 =( GEOMETRIC_REPRESENTATION_CONTEXT ( 3 ) GLOBAL_UNCERTAINTY_ASSIGNED_CONTEXT ( ( #189 ) ) GLOBAL_UNIT_ASSIGNED_CONTEXT ( ( #2339, #2396, #8376 ) ) REPRESENTATION_CONTEXT ( 'NONE', 'WORKASPACE' ) );
#502 = ORIENTED_EDGE ( 'NONE', *, *, #1724, .T. ) ;
#503 = DIRECTION ( 'NONE',  ( 0.0000000000000000000, 1.000000000000000000, 3.491481338843133355E-15 ) ) ;
#504 = LINE ( 'NONE', #9725, #3314 ) ;
#505 = MECHANICAL_DESIGN_GEOMETRIC_PRESENTATION_REPRESENTATION (  '', ( #4705 ), #5214 ) ;
#506 =( LENGTH_UNIT ( ) NAMED_UNIT ( * ) SI_UNIT ( .MILLI., .METRE. ) );
#507 = EDGE_LOOP ( 'NONE', ( #1966, #6125, #6985, #5639 ) ) ;
#508 = UNCERTAINTY_MEASURE_WITH_UNIT (LENGTH_MEASURE( 1.000000000000000082E-05 ), #1604, 'distance_accuracy_value', 'NONE');
#509 = PRESENTATION_LAYER_ASSIGNMENT (  '', '', ( #2805 ) ) ;
#510 = EDGE_CURVE ( 'NONE', #1745, #411, #652, .T. ) ;
#511 = ORIENTED_EDGE ( 'NONE', *, *, #4096, .T. ) ;
#512 = COLOUR_RGB ( '',1.000000000000000000, 1.000000000000000000, 1.000000000000000000 ) ;
#513 = CARTESIAN_POINT ( 'NONE',  ( 2.900000000000000355, 1.350999999999996204, 3.881000000000004224 ) ) ;
#514 = CARTESIAN_POINT ( 'NONE',  ( 4.147487373415290612, 0.9017106781186627895, 0.4570660171779857839 ) ) ;
#515 = FILL_AREA_STYLE_COLOUR ( '', #1328 ) ;
#516 = ADVANCED_FACE ( 'NONE', ( #3805 ), #8506, .F. ) ;
#517 = EDGE_CURVE ( 'NONE', #7237, #819, #4623, .T. ) ;
#518 = CARTESIAN_POINT ( 'NONE',  ( 2.899999999999999911, -1.768999999999990136, 0.2009999999999944331 ) ) ;
#519 = AXIS2_PLACEMENT_3D ( 'NONE', #5464, #6131, #9193 ) ;
#520 = VECTOR ( 'NONE', #1501, 1000.000000000000000 ) ;
#521 =( NAMED_UNIT ( * ) SI_UNIT ( $, .STERADIAN. ) SOLID_ANGLE_UNIT ( ) );
#522 = SURFACE_STYLE_FILL_AREA ( #4542 ) ;
#523 = COLOUR_RGB ( '',0.7764705882352941346, 0.7568627450980391913, 0.7372549019607843590 ) ;
#524 = CARTESIAN_POINT ( 'NONE',  ( -0.03452037141491998140, 1.134691864514691728, 0.001000000000004306906 ) ) ;
#525 =( NAMED_UNIT ( * ) PLANE_ANGLE_UNIT ( ) SI_UNIT ( $, .RADIAN. ) );
#526 = CARTESIAN_POINT ( 'NONE',  ( 0.3363256651704459310, 1.052260462075668368, 0.01100000000000433270 ) ) ;
#527 = DIRECTION ( 'NONE',  ( 0.0000000000000000000, -3.491481338843133355E-15, 1.000000000000000000 ) ) ;
#528 = VECTOR ( 'NONE', #3774, 1000.000000000000000 ) ;
#529 = SURFACE_STYLE_FILL_AREA ( #6273 ) ;
#530 = CARTESIAN_POINT ( 'NONE',  ( 0.006841003938229285944, 0.9561644596738877455, 0.01100000000000389902 ) ) ;
#531 = AXIS2_PLACEMENT_3D ( 'NONE', #7165, #2647, #7930 ) ;
#532 = VERTEX_POINT ( 'NONE', #6362 ) ;
#533 = FACE_OUTER_BOUND ( 'NONE', #9467, .T. ) ;
#534 = DIRECTION ( 'NONE',  ( 0.0000000000000000000, 0.3826834323650873948, 0.9238795325112877377 ) ) ;
#535 = CARTESIAN_POINT ( 'NONE',  ( 0.3334594324317887715, 1.126337445013490202, 0.001000000000004306906 ) ) ;
#536 = DIRECTION ( 'NONE',  ( -0.0000000000000000000, 3.491481338843133355E-15, -1.000000000000000000 ) ) ;
#537 = CARTESIAN_POINT ( 'NONE',  ( 0.4659369456582507230, 0.9785943035390829436, 0.001000000000003873225 ) ) ;
#538 =( GEOMETRIC_REPRESENTATION_CONTEXT ( 3 ) GLOBAL_UNCERTAINTY_ASSIGNED_CONTEXT ( ( #2452 ) ) GLOBAL_UNIT_ASSIGNED_CONTEXT ( ( #2812, #6636, #3585 ) ) REPRESENTATION_CONTEXT ( 'NONE', 'WORKASPACE' ) );
#539 = CARTESIAN_POINT ( 'NONE',  ( -0.1004086358581722932, 1.088610507265425298, 0.001000000000004306906 ) ) ;
#540 = VECTOR ( 'NONE', #8692, 999.9999999999998863 ) ;
#541 = VECTOR ( 'NONE', #4648, 1000.000000000000000 ) ;
#542 = SURFACE_SIDE_STYLE ('',( #6348 ) ) ;
#543 = PRESENTATION_LAYER_ASSIGNMENT (  '', '', ( #5383 ) ) ;
#544 = CARTESIAN_POINT ( 'NONE',  ( 1.800000000000000711, -4.568999999999993733, 1.400999999999984702 ) ) ;
#545 = CARTESIAN_POINT ( 'NONE',  ( 2.900000000000000355, 3.330999999999996408, 3.901000000000012236 ) ) ;
#546 = COLOUR_RGB ( '',0.1098039215686274495, 0.1098039215686274495, 0.1098039215686274495 ) ;
#547 = CARTESIAN_POINT ( 'NONE',  ( -7.477256361968997712E-17, 3.330999999999994632, 4.401000000000012236 ) ) ;
#548 =( LENGTH_UNIT ( ) NAMED_UNIT ( * ) SI_UNIT ( .MILLI., .METRE. ) );
#549 =( NAMED_UNIT ( * ) PLANE_ANGLE_UNIT ( ) SI_UNIT ( $, .RADIAN. ) );
#550 = DIRECTION ( 'NONE',  ( 0.0000000000000000000, -1.000000000000000000, -3.491481338843133355E-15 ) ) ;
#551 = LINE ( 'NONE', #4997, #3005 ) ;
#552 = PRESENTATION_LAYER_ASSIGNMENT (  '', '', ( #5453 ) ) ;
#553 = SURFACE_STYLE_FILL_AREA ( #4958 ) ;
#554 = CARTESIAN_POINT ( 'NONE',  ( 0.3334399089454995746, 0.9805506371563776913, 0.001000000000003873225 ) ) ;
#555 = CARTESIAN_POINT ( 'NONE',  ( -0.07520838083428801890, 1.122897641314254180, 0.001000000000004306906 ) ) ;
#556 = PRESENTATION_STYLE_ASSIGNMENT (( #7457 ) ) ;
#557 = ORIENTED_EDGE ( 'NONE', *, *, #6319, .F. ) ;
#558 =( NAMED_UNIT ( * ) SI_UNIT ( $, .STERADIAN. ) SOLID_ANGLE_UNIT ( ) );
#559 = ORIENTED_EDGE ( 'NONE', *, *, #6446, .F. ) ;
#560 =( LENGTH_UNIT ( ) NAMED_UNIT ( * ) SI_UNIT ( .MILLI., .METRE. ) );
#561 = ORIENTED_EDGE ( 'NONE', *, *, #1392, .F. ) ;
#562 = COLOUR_RGB ( '',0.1098039215686274495, 0.1098039215686274495, 0.1098039215686274495 ) ;
#563 = ADVANCED_FACE ( 'NONE', ( #5918 ), #1132, .T. ) ;
#564 = ORIENTED_EDGE ( 'NONE', *, *, #6608, .T. ) ;
#565 = B_SPLINE_SURFACE_WITH_KNOTS ( 'NONE', 3, 1, ( 
 ( #3441, #442 ),
 ( #6417, #2632 ),
 ( #1894, #2727 ),
 ( #7914, #3414 ),
 ( #4171, #5026 ),
 ( #8729, #1186 ),
 ( #8679, #1919 ),
 ( #7179, #9442 ),
 ( #3475, #4268 ),
 ( #535, #4968 ),
 ( #2700, #475 ),
 ( #1949, #4239 ),
 ( #7203, #9507 ),
 ( #7973, #8706 ),
 ( #6530, #2008 ),
 ( #2841, #9569 ),
 ( #3572, #2865 ),
 ( #3637, #5062 ),
 ( #667, #2069 ) ),
 .UNSPECIFIED., .F., .F., .F.,
 ( 4, 1, 1, 1, 1, 1, 1, 1, 1, 1, 1, 1, 1, 1, 1, 1, 4 ),
 ( 2, 2 ),
 ( 0.0000000000000000000, 0.06806869584499454506, 0.1334274328189550829, 0.1961460338131571224, 0.2570485924493138841, 0.3168826631591613041, 0.3761872086663220482, 0.4359603353635470024, 0.4965352368627265478, 0.5574653434807335106, 0.6176868634101472244, 0.6779436406969060469, 0.7388052848060400191, 0.8009493367665845298, 0.8648146674702268388, 0.9310247810786576039, 1.000000000000000000 ),
 ( 0.0000000000000000000, 1.000000000000000000 ),
 .UNSPECIFIED. ) ;
#566 = MECHANICAL_DESIGN_GEOMETRIC_PRESENTATION_REPRESENTATION (  '', ( #5217 ), #6272 ) ;
#567 = DIRECTION ( 'NONE',  ( 0.0000000000000000000, -1.000000000000000000, -3.491481338843133355E-15 ) ) ;
#568 = ORIENTED_EDGE ( 'NONE', *, *, #7236, .F. ) ;
#569 = FILL_AREA_STYLE ('',( #9535 ) ) ;
#570 = ORIENTED_EDGE ( 'NONE', *, *, #2620, .F. ) ;
#571 = DIRECTION ( 'NONE',  ( 0.0000000000000000000, 1.000000000000000000, 3.491481338843133355E-15 ) ) ;
#572 = CARTESIAN_POINT ( 'NONE',  ( -0.09030062205260809549, 1.108089146978341821, 0.001000000000004306906 ) ) ;
#573 = COLOUR_RGB ( '',0.1098039215686274495, 0.1098039215686274495, 0.1098039215686274495 ) ;
#574 = EDGE_CURVE ( 'NONE', #6201, #3718, #9070, .T. ) ;
#575 = AXIS2_PLACEMENT_3D ( 'NONE', #6516, #4317, #5076 ) ;
#576 = VERTEX_POINT ( 'NONE', #7093 ) ;
#577 = ORIENTED_EDGE ( 'NONE', *, *, #6627, .T. ) ;
#578 = CARTESIAN_POINT ( 'NONE',  ( 0.01493679189349682822, 1.144874055912085353, 0.01100000000000433270 ) ) ;
#579 =( NAMED_UNIT ( * ) SI_UNIT ( $, .STERADIAN. ) SOLID_ANGLE_UNIT ( ) );
#580 = STYLED_ITEM ( 'NONE', ( #6525 ), #3937 ) ;
#581 = VECTOR ( 'NONE', #3089, 999.9999999999998863 ) ;
#582 = CARTESIAN_POINT ( 'NONE',  ( 2.900000000000000355, -0.7589999999999966773, 1.920999999999997154 ) ) ;
#583 = EDGE_CURVE ( 'NONE', #7374, #6070, #5111, .T. ) ;
#584 = CARTESIAN_POINT ( 'NONE',  ( 0.2290085919997141839, 1.132252840124448934, 0.001000000000004306906 ) ) ;
#585 = PLANE ( 'NONE',  #989 ) ;
#586 = SURFACE_STYLE_USAGE ( .BOTH. , #2917 ) ;
#587 = VERTEX_POINT ( 'NONE', #7156 ) ;
#588 = ORIENTED_EDGE ( 'NONE', *, *, #8129, .F. ) ;
#589 = EDGE_CURVE ( 'NONE', #2086, #3863, #2605, .T. ) ;
#590 = LINE ( 'NONE', #6632, #6796 ) ;
#591 =( NAMED_UNIT ( * ) SI_UNIT ( $, .STERADIAN. ) SOLID_ANGLE_UNIT ( ) );
#592 = PRESENTATION_LAYER_ASSIGNMENT (  '', '', ( #1391 ) ) ;
#593 = EDGE_CURVE ( 'NONE', #1436, #7398, #8393, .T. ) ;
#594 = DIRECTION ( 'NONE',  ( 1.000000000000000000, 5.348949800920537088E-31, -1.532000111646839560E-16 ) ) ;
#595 = SURFACE_STYLE_FILL_AREA ( #1662 ) ;
#596 = DIRECTION ( 'NONE',  ( 0.0000000000000000000, 1.000000000000000000, 3.491481338843133355E-15 ) ) ;
#597 = ORIENTED_EDGE ( 'NONE', *, *, #3980, .T. ) ;
#598 = ORIENTED_EDGE ( 'NONE', *, *, #6134, .F. ) ;
#599 = ORIENTED_EDGE ( 'NONE', *, *, #4877, .T. ) ;
#600 =( GEOMETRIC_REPRESENTATION_CONTEXT ( 3 ) GLOBAL_UNCERTAINTY_ASSIGNED_CONTEXT ( ( #2968 ) ) GLOBAL_UNIT_ASSIGNED_CONTEXT ( ( #4124, #549, #2712 ) ) REPRESENTATION_CONTEXT ( 'NONE', 'WORKASPACE' ) );
#601 = UNCERTAINTY_MEASURE_WITH_UNIT (LENGTH_MEASURE( 1.000000000000000082E-05 ), #121, 'distance_accuracy_value', 'NONE');
#602 = EDGE_CURVE ( 'NONE', #817, #4133, #6509, .T. ) ;
#603 = CARTESIAN_POINT ( 'NONE',  ( -1.300000000000000044, 3.960289321881354407, 0.7131320343559796049 ) ) ;
#604 = ORIENTED_EDGE ( 'NONE', *, *, #9683, .F. ) ;
#605 = DIRECTION ( 'NONE',  ( -0.0000000000000000000, -3.491481338843133355E-15, 1.000000000000000000 ) ) ;
#606 = EDGE_CURVE ( 'NONE', #7324, #3718, #639, .T. ) ;
#607 = VERTEX_POINT ( 'NONE', #2128 ) ;
#608 = DIRECTION ( 'NONE',  ( 0.0000000000000000000, 1.000000000000000000, 3.491481338843133355E-15 ) ) ;
#609 = EDGE_LOOP ( 'NONE', ( #809, #7898, #8389, #2394, #6210 ) ) ;
#610 = ORIENTED_EDGE ( 'NONE', *, *, #8182, .F. ) ;
#611 = DIRECTION ( 'NONE',  ( -1.000000000000000000, -0.0000000000000000000, 0.0000000000000000000 ) ) ;
#612 = VECTOR ( 'NONE', #3756, 1000.000000000000000 ) ;
#613 = STYLED_ITEM ( 'NONE', ( #3326 ), #1565 ) ;
#614 =( LENGTH_UNIT ( ) NAMED_UNIT ( * ) SI_UNIT ( .MILLI., .METRE. ) );
#615 = CARTESIAN_POINT ( 'NONE',  ( 0.4627357261460557369, 0.9926186937829852841, 0.01100000000000389902 ) ) ;
#616 = ADVANCED_FACE ( 'NONE', ( #3335 ), #8201, .T. ) ;
#617 = CARTESIAN_POINT ( 'NONE',  ( 0.6999999999999992895, 4.472421356237319401, 0.2010000000000161102 ) ) ;
#618 = CARTESIAN_POINT ( 'NONE',  ( 0.2622942453007889863, 0.9542859580271602082, 0.001000000000003873225 ) ) ;
#619 =( NAMED_UNIT ( * ) PLANE_ANGLE_UNIT ( ) SI_UNIT ( $, .RADIAN. ) );
#620 = ORIENTED_EDGE ( 'NONE', *, *, #7878, .F. ) ;
#621 = DIRECTION ( 'NONE',  ( -1.000000000000000000, 0.0000000000000000000, 0.0000000000000000000 ) ) ;
#622 = VECTOR ( 'NONE', #7679, 1000.000000000000000 ) ;
#623 = EDGE_LOOP ( 'NONE', ( #1861, #6590, #5078, #6819 ) ) ;
#624 = CARTESIAN_POINT ( 'NONE',  ( 0.3404195640571922032, 0.9874182680539469459, 0.001000000000003873225 ) ) ;
#625 = CARTESIAN_POINT ( 'NONE',  ( -2.699999999999999734, -0.7589999999999896829, 0.0009999999999978016925 ) ) ;
#626 = VECTOR ( 'NONE', #7703, 1000.000000000000000 ) ;
#627 = DIRECTION ( 'NONE',  ( -0.3363908276654480334, 0.9417224702971438433, 3.288006431411734637E-15 ) ) ;
#628 = EDGE_CURVE ( 'NONE', #5309, #6296, #3684, .T. ) ;
#629 = DIRECTION ( 'NONE',  ( 1.000000000000000000, 0.0000000000000000000, 0.0000000000000000000 ) ) ;
#630 = VECTOR ( 'NONE', #1296, 1000.000000000000114 ) ;
#631 = UNCERTAINTY_MEASURE_WITH_UNIT (LENGTH_MEASURE( 1.000000000000000082E-05 ), #3068, 'distance_accuracy_value', 'NONE');
#632 = VERTEX_POINT ( 'NONE', #5251 ) ;
#633 = ORIENTED_EDGE ( 'NONE', *, *, #896, .T. ) ;
#634 = SURFACE_SIDE_STYLE ('',( #7109 ) ) ;
#635 = STYLED_ITEM ( 'NONE', ( #8079 ), #7896 ) ;
#636 =( NAMED_UNIT ( * ) SI_UNIT ( $, .STERADIAN. ) SOLID_ANGLE_UNIT ( ) );
#637 =( GEOMETRIC_REPRESENTATION_CONTEXT ( 3 ) GLOBAL_UNCERTAINTY_ASSIGNED_CONTEXT ( ( #1446 ) ) GLOBAL_UNIT_ASSIGNED_CONTEXT ( ( #4332, #5095, #5830 ) ) REPRESENTATION_CONTEXT ( 'NONE', 'WORKASPACE' ) );
#638 = EDGE_CURVE ( 'NONE', #7780, #2639, #2196, .T. ) ;
#639 = LINE ( 'NONE', #3352, #6399 ) ;
#640 = CARTESIAN_POINT ( 'NONE',  ( 0.4070573724875189980, 1.154204059636644075, 0.001000000000004306906 ) ) ;
#641 = LINE ( 'NONE', #1298, #8611 ) ;
#642 = FILL_AREA_STYLE_COLOUR ( '', #4967 ) ;
#643 = SURFACE_STYLE_USAGE ( .BOTH. , #8022 ) ;
#644 = EDGE_CURVE ( 'NONE', #2656, #1648, #7077, .T. ) ;
#645 = CARTESIAN_POINT ( 'NONE',  ( 2.899999999999999023, -0.7690000000000092317, 5.600999999999996426 ) ) ;
#646 = ORIENTED_EDGE ( 'NONE', *, *, #7691, .F. ) ;
#647 = AXIS2_PLACEMENT_3D ( 'NONE', #9726, #8210, #3807 ) ;
#648 = EDGE_CURVE ( 'NONE', #2086, #8523, #3440, .T. ) ;
#649 =( LENGTH_UNIT ( ) NAMED_UNIT ( * ) SI_UNIT ( .MILLI., .METRE. ) );
#650 = FACE_OUTER_BOUND ( 'NONE', #2676, .T. ) ;
#651 = PRESENTATION_STYLE_ASSIGNMENT (( #7526 ) ) ;
#652 = LINE ( 'NONE', #3197, #5691 ) ;
#653 = CARTESIAN_POINT ( 'NONE',  ( 0.3100766535444369199, 1.116243433368553584, 0.001000000000004306906 ) ) ;
#654 = CARTESIAN_POINT ( 'NONE',  ( -2.899999999999999911, -0.7689999999999893587, 0.0009999999999978016925 ) ) ;
#655 =( GEOMETRIC_REPRESENTATION_CONTEXT ( 3 ) GLOBAL_UNCERTAINTY_ASSIGNED_CONTEXT ( ( #161 ) ) GLOBAL_UNIT_ASSIGNED_CONTEXT ( ( #8170, #7469, #2981 ) ) REPRESENTATION_CONTEXT ( 'NONE', 'WORKASPACE' ) );
#656 = DIRECTION ( 'NONE',  ( -2.465190328815661892E-32, -1.000000000000000000, -3.491481338843133355E-15 ) ) ;
#657 = SURFACE_STYLE_USAGE ( .BOTH. , #6680 ) ;
#658 = DIRECTION ( 'NONE',  ( -1.495451272393799542E-16, 3.491481338843133355E-15, -1.000000000000000000 ) ) ;
#659 =( NAMED_UNIT ( * ) SI_UNIT ( $, .STERADIAN. ) SOLID_ANGLE_UNIT ( ) );
#660 = EDGE_CURVE ( 'NONE', #3897, #165, #9643, .T. ) ;
#661 = ADVANCED_FACE ( 'NONE', ( #9428 ), #6137, .F. ) ;
#662 =( GEOMETRIC_REPRESENTATION_CONTEXT ( 3 ) GLOBAL_UNCERTAINTY_ASSIGNED_CONTEXT ( ( #3086 ) ) GLOBAL_UNIT_ASSIGNED_CONTEXT ( ( #3078, #3050, #7465 ) ) REPRESENTATION_CONTEXT ( 'NONE', 'WORKASPACE' ) );
#663 = LINE ( 'NONE', #9230, #4176 ) ;
#664 = B_SPLINE_CURVE_WITH_KNOTS ( 'NONE', 3,
 ( #5166, #2778, #5204, #8788, #8179, #6667, #3588, #4384, #5783, #1301, #6547, #8053, #5077, #2023, #4319, #6638, #4350, #678, #9545 ),
 .UNSPECIFIED., .F., .F.,
 ( 4, 1, 1, 1, 1, 1, 1, 1, 1, 1, 1, 1, 1, 1, 1, 1, 4 ),
 ( 0.0000000000000000000, 0.06783324845577361206, 0.1326555365079040427, 0.1950508840508274611, 0.2555829330687774958, 0.3147998341472895145, 0.3736004728263744301, 0.4325455953267433595, 0.4924306292835643473, 0.5526712559629685106, 0.6125130441881163623, 0.6726102503570058344, 0.7338383693139448605, 0.7965942385677732274, 0.8614497992905715273, 0.9291989423509054991, 1.000000000000000000 ),
 .UNSPECIFIED. ) ;
#665 = SURFACE_STYLE_USAGE ( .BOTH. , #3509 ) ;
#666 = VECTOR ( 'NONE', #3321, 1000.000000000000000 ) ;
#667 = CARTESIAN_POINT ( 'NONE',  ( 0.2565619456582508007, 1.154204059636644075, 0.001000000000004306906 ) ) ;
#668 = SURFACE_STYLE_FILL_AREA ( #6654 ) ;
#669 = CARTESIAN_POINT ( 'NONE',  ( -3.529289321881345032, 2.901710678118662123, 0.7131320343559757191 ) ) ;
#670 =( GEOMETRIC_REPRESENTATION_CONTEXT ( 3 ) GLOBAL_UNCERTAINTY_ASSIGNED_CONTEXT ( ( #3502 ) ) GLOBAL_UNIT_ASSIGNED_CONTEXT ( ( #3221, #3909, #6897 ) ) REPRESENTATION_CONTEXT ( 'NONE', 'WORKASPACE' ) );
#671 = DIRECTION ( 'NONE',  ( 1.000000000000000000, 0.0000000000000000000, 0.0000000000000000000 ) ) ;
#672 = COLOUR_RGB ( '',0.7764705882352941346, 0.7568627450980391913, 0.7372549019607843590 ) ;
#673 = LINE ( 'NONE', #8361, #6326 ) ;
#674 = CARTESIAN_POINT ( 'NONE',  ( 0.2997638812703259936, 0.9606707625257403516, 0.01100000000000389902 ) ) ;
#675 = DIRECTION ( 'NONE',  ( -1.000000000000000000, 0.0000000000000000000, 0.0000000000000000000 ) ) ;
#676 = FACE_OUTER_BOUND ( 'NONE', #5255, .T. ) ;
#677 = CARTESIAN_POINT ( 'NONE',  ( 0.6999999999999992895, 4.389578643762700239, 0.001000000000016449970 ) ) ;
#678 = CARTESIAN_POINT ( 'NONE',  ( -0.1319045080580226181, 1.061601218629672161, 0.01100000000000433270 ) ) ;
#679 = DIRECTION ( 'NONE',  ( 1.000000000000000000, 0.0000000000000000000, 0.0000000000000000000 ) ) ;
#680 = EDGE_LOOP ( 'NONE', ( #2358, #3959, #271, #6802 ) ) ;
#681 = ORIENTED_EDGE ( 'NONE', *, *, #7041, .T. ) ;
#682 = PRESENTATION_LAYER_ASSIGNMENT (  '', '', ( #2465 ) ) ;
#683 = VECTOR ( 'NONE', #7848, 1000.000000000000114 ) ;
#684 = UNCERTAINTY_MEASURE_WITH_UNIT (LENGTH_MEASURE( 1.000000000000000082E-05 ), #3328, 'distance_accuracy_value', 'NONE');
#685 = VECTOR ( 'NONE', #9486, 1000.000000000000000 ) ;
#686 =( NAMED_UNIT ( * ) PLANE_ANGLE_UNIT ( ) SI_UNIT ( $, .RADIAN. ) );
#687 = SURFACE_STYLE_FILL_AREA ( #1198 ) ;
#688 = CARTESIAN_POINT ( 'NONE',  ( -2.899999999999999911, 3.111000000000004206, 1.421000000000011365 ) ) ;
#689 = FILL_AREA_STYLE_COLOUR ( '', #4787 ) ;
#690 = CARTESIAN_POINT ( 'NONE',  ( 0.4636914380591874441, 0.9897366312300797109, 0.01100000000000389902 ) ) ;
#691 = EDGE_LOOP ( 'NONE', ( #3317, #7982, #5651, #6946 ) ) ;
#692 = CARTESIAN_POINT ( 'NONE',  ( 0.3363256651704459310, 1.052260462075668368, 0.001000000000004306906 ) ) ;
#693 = FILL_AREA_STYLE_COLOUR ( '', #546 ) ;
#694 = PRESENTATION_STYLE_ASSIGNMENT (( #6733 ) ) ;
#695 = PLANE ( 'NONE',  #8228 ) ;
#696 =( LENGTH_UNIT ( ) NAMED_UNIT ( * ) SI_UNIT ( .MILLI., .METRE. ) );
#697 = ORIENTED_EDGE ( 'NONE', *, *, #9683, .T. ) ;
#698 = MECHANICAL_DESIGN_GEOMETRIC_PRESENTATION_REPRESENTATION (  '', ( #403 ), #3708 ) ;
#699 = DIRECTION ( 'NONE',  ( -1.000000000000000000, -0.0000000000000000000, -0.0000000000000000000 ) ) ;
#700 =( NAMED_UNIT ( * ) PLANE_ANGLE_UNIT ( ) SI_UNIT ( $, .RADIAN. ) );
#701 = CARTESIAN_POINT ( 'NONE',  ( -4.699999999999997513, 2.901710678118663900, 0.2010000000000113363 ) ) ;
#702 = VERTEX_POINT ( 'NONE', #9063 ) ;
#703 = AXIS2_PLACEMENT_3D ( 'NONE', #4811, #5656, #4141 ) ;
#704 = CLOSED_SHELL ( 'NONE', ( #2644, #760, #7840, #9597, #3063, #2593, #9059, #178, #1005, #1581, #7330, #1237, #4295, #1676, #2693, #5090, #5340, #6062 ) ) ;
#705 = CARTESIAN_POINT ( 'NONE',  ( -2.899999999999999911, 2.901710678118662567, 0.6010000000000110809 ) ) ;
#706 = ADVANCED_FACE ( 'NONE', ( #7905 ), #110, .T. ) ;
#707 = CARTESIAN_POINT ( 'NONE',  ( 0.2669106335613573577, 0.9763282263144991147, 0.01100000000000389902 ) ) ;
#708 = DIRECTION ( 'NONE',  ( -0.0000000000000000000, 1.000000000000000000, 3.491481338843133355E-15 ) ) ;
#709 = ORIENTED_EDGE ( 'NONE', *, *, #1813, .F. ) ;
#710 = COLOUR_RGB ( '',0.7764705882352941346, 0.7568627450980391913, 0.7372549019607843590 ) ;
#711 = ORIENTED_EDGE ( 'NONE', *, *, #7691, .T. ) ;
#712 = ORIENTED_EDGE ( 'NONE', *, *, #8479, .T. ) ;
#713 = ORIENTED_EDGE ( 'NONE', *, *, #4877, .F. ) ;
#714 = MECHANICAL_DESIGN_GEOMETRIC_PRESENTATION_REPRESENTATION (  '', ( #4099 ), #7110 ) ;
#715 =( NAMED_UNIT ( * ) PLANE_ANGLE_UNIT ( ) SI_UNIT ( $, .RADIAN. ) );
#716 = UNCERTAINTY_MEASURE_WITH_UNIT (LENGTH_MEASURE( 1.000000000000000082E-05 ), #8030, 'distance_accuracy_value', 'NONE');
#717 = DIRECTION ( 'NONE',  ( -1.000000000000000000, -0.0000000000000000000, 0.0000000000000000000 ) ) ;
#718 = ADVANCED_FACE ( 'NONE', ( #8826 ), #7671, .F. ) ;
#719 = SURFACE_SIDE_STYLE ('',( #7842 ) ) ;
#720 = EDGE_LOOP ( 'NONE', ( #7828, #4190, #3434, #8270 ) ) ;
#721 =( GEOMETRIC_REPRESENTATION_CONTEXT ( 3 ) GLOBAL_UNCERTAINTY_ASSIGNED_CONTEXT ( ( #2945 ) ) GLOBAL_UNIT_ASSIGNED_CONTEXT ( ( #7733, #5569, #3987 ) ) REPRESENTATION_CONTEXT ( 'NONE', 'WORKASPACE' ) );
#722 = ORIENTED_EDGE ( 'NONE', *, *, #1509, .F. ) ;
#723 = CARTESIAN_POINT ( 'NONE',  ( 0.01493679189349682822, 1.144874055912085353, 0.01100000000000433270 ) ) ;
#724 = SURFACE_SIDE_STYLE ('',( #3241 ) ) ;
#725 = CARTESIAN_POINT ( 'NONE',  ( -0.1033542127801761329, 0.9808541609952138307, 0.01100000000000389902 ) ) ;
#726 = EDGE_LOOP ( 'NONE', ( #6777, #4903, #7185, #6799, #4971 ) ) ;
#727 = SURFACE_SIDE_STYLE ('',( #1846 ) ) ;
#728 = EDGE_CURVE ( 'NONE', #8567, #9235, #4732, .T. ) ;
#729 = AXIS2_PLACEMENT_3D ( 'NONE', #5434, #2475, #3164 ) ;
#730 = LINE ( 'NONE', #2434, #3657 ) ;
#731 = CARTESIAN_POINT ( 'NONE',  ( -2.900000000000000799, 1.350999999999994650, 4.381000000000005556 ) ) ;
#732 = VECTOR ( 'NONE', #658, 1000.000000000000000 ) ;
#733 = VERTEX_POINT ( 'NONE', #5736 ) ;
#734 = UNCERTAINTY_MEASURE_WITH_UNIT (LENGTH_MEASURE( 1.000000000000000082E-05 ), #7693, 'distance_accuracy_value', 'NONE');
#735 = VECTOR ( 'NONE', #24, 1000.000000000000000 ) ;
#736 = SURFACE_SIDE_STYLE ('',( #7861 ) ) ;
#737 = PRESENTATION_LAYER_ASSIGNMENT (  '', '', ( #8941 ) ) ;
#738 = CARTESIAN_POINT ( 'NONE',  ( -2.900000000000000355, 1.351000000000003309, 1.921000000000004926 ) ) ;
#739 = CARTESIAN_POINT ( 'NONE',  ( -2.800000000000000266, -0.7590000000000053371, 4.400999999999998913 ) ) ;
#740 = CARTESIAN_POINT ( 'NONE',  ( -2.900000000000000799, 3.330999999999989747, 5.801000000000011703 ) ) ;
#741 = CARTESIAN_POINT ( 'NONE',  ( 0.6999999999999992895, 3.331000000000007955, 0.6010000000000123022 ) ) ;
#742 = ORIENTED_EDGE ( 'NONE', *, *, #4159, .T. ) ;
#743 = FACE_OUTER_BOUND ( 'NONE', #1247, .T. ) ;
#744 = VECTOR ( 'NONE', #3522, 1000.000000000000000 ) ;
#745 = CARTESIAN_POINT ( 'NONE',  ( -2.800000000000000266, -0.7590000000000053371, 4.400999999999998913 ) ) ;
#746 = DIRECTION ( 'NONE',  ( -1.000000000000000000, -0.0000000000000000000, 0.0000000000000000000 ) ) ;
#747 = CARTESIAN_POINT ( 'NONE',  ( -0.03002342019540766432, 0.9737162547585943573, 0.01100000000000389902 ) ) ;
#748 = CARTESIAN_POINT ( 'NONE',  ( -2.900000000000000355, 3.330999999999999961, 2.901000000000011791 ) ) ;
#749 = EDGE_CURVE ( 'NONE', #9262, #8407, #216, .T. ) ;
#750 = STYLED_ITEM ( 'NONE', ( #8976 ), #126 ) ;
#751 = PRESENTATION_STYLE_ASSIGNMENT (( #9056 ) ) ;
#752 = ADVANCED_FACE ( 'NONE', ( #859 ), #4757, .T. ) ;
#753 = FILL_AREA_STYLE ('',( #42 ) ) ;
#754 = VECTOR ( 'NONE', #173, 1000.000000000000000 ) ;
#755 = CARTESIAN_POINT ( 'NONE',  ( -2.899999999999999911, 1.154204059636644075, 0.01100000000000433270 ) ) ;
#756 = PRESENTATION_LAYER_ASSIGNMENT (  '', '', ( #1076 ) ) ;
#757 = CARTESIAN_POINT ( 'NONE',  ( -0.1303544174682077228, 1.035335161279197447, 0.01100000000000433270 ) ) ;
#758 = SURFACE_SIDE_STYLE ('',( #7607 ) ) ;
#759 = EDGE_CURVE ( 'NONE', #5298, #5527, #6950, .T. ) ;
#760 = ADVANCED_FACE ( 'NONE', ( #7658 ), #2418, .F. ) ;
#761 = VECTOR ( 'NONE', #527, 1000.000000000000000 ) ;
#762 = DIRECTION ( 'NONE',  ( -1.445602896647339163E-16, -3.491481338843133355E-15, 1.000000000000000000 ) ) ;
#763 = CARTESIAN_POINT ( 'NONE',  ( 0.6999999999999992895, 4.231000000000008754, 0.2010000000000152498 ) ) ;
#764 =( LENGTH_UNIT ( ) NAMED_UNIT ( * ) SI_UNIT ( .MILLI., .METRE. ) );
#765 = CARTESIAN_POINT ( 'NONE',  ( 0.3465039882390222870, 0.9949292027865482835, 0.001000000000003873225 ) ) ;
#766 = DIRECTION ( 'NONE',  ( 0.0000000000000000000, -1.000000000000000000, -3.252606517456518824E-15 ) ) ;
#767 = LINE ( 'NONE', #7095, #8961 ) ;
#768 = EDGE_CURVE ( 'NONE', #9408, #733, #3547, .T. ) ;
#769 = LINE ( 'NONE', #1034, #6053 ) ;
#770 = VECTOR ( 'NONE', #8166, 1000.000000000000000 ) ;
#771 = VECTOR ( 'NONE', #2772, 1000.000000000000000 ) ;
#772 = PRESENTATION_STYLE_ASSIGNMENT (( #1265 ) ) ;
#773 = CARTESIAN_POINT ( 'NONE',  ( 0.01497500402272734787, 1.122922497301518163, 0.001000000000004306906 ) ) ;
#774 =( NAMED_UNIT ( * ) PLANE_ANGLE_UNIT ( ) SI_UNIT ( $, .RADIAN. ) );
#775 = MECHANICAL_DESIGN_GEOMETRIC_PRESENTATION_REPRESENTATION (  '', ( #5493 ), #2891 ) ;
#776 = PLANE ( 'NONE',  #5377 ) ;
#777 = EDGE_CURVE ( 'NONE', #4479, #1522, #848, .T. ) ;
#778 = CARTESIAN_POINT ( 'NONE',  ( 2.900000000000000355, -0.7590000000000035607, 3.880999999999997119 ) ) ;
#779 = LINE ( 'NONE', #6281, #2263 ) ;
#780 = VECTOR ( 'NONE', #443, 1000.000000000000000 ) ;
#781 = LINE ( 'NONE', #1126, #8624 ) ;
#782 = EDGE_CURVE ( 'NONE', #6919, #4484, #5888, .T. ) ;
#783 = PRESENTATION_LAYER_ASSIGNMENT (  '', '', ( #6005 ) ) ;
#784 = FACE_OUTER_BOUND ( 'NONE', #6683, .T. ) ;
#785 = CARTESIAN_POINT ( 'NONE',  ( 0.2613533984605144189, 0.9762138779826580182, 0.001000000000003873225 ) ) ;
#786 = VERTEX_POINT ( 'NONE', #3957 ) ;
#787 = ORIENTED_EDGE ( 'NONE', *, *, #1767, .F. ) ;
#788 = DIRECTION ( 'NONE',  ( -1.000000000000000000, -5.348949800920537088E-31, 1.532000111646839560E-16 ) ) ;
#789 = EDGE_LOOP ( 'NONE', ( #470, #7512, #3644, #1065 ) ) ;
#790 = FILL_AREA_STYLE ('',( #8933 ) ) ;
#791 = STYLED_ITEM ( 'NONE', ( #5786 ), #1531 ) ;
#792 = CARTESIAN_POINT ( 'NONE',  ( 0.3149626772449586887, 0.9951481318363789574, 0.01100000000000389902 ) ) ;
#793 = VERTEX_POINT ( 'NONE', #9499 ) ;
#794 = CARTESIAN_POINT ( 'NONE',  ( -0.1319670177563833924, 1.057976925490301534, 0.001000000000004306906 ) ) ;
#795 = CARTESIAN_POINT ( 'NONE',  ( -2.700000000000000178, -0.7690000000000101199, 5.800999999999997492 ) ) ;
#796 = ADVANCED_FACE ( 'NONE', ( #4964 ), #5118, .F. ) ;
#797 = SURFACE_STYLE_USAGE ( .BOTH. , #53 ) ;
#798 = DIRECTION ( 'NONE',  ( 1.000000000000000000, 0.0000000000000000000, 0.0000000000000000000 ) ) ;
#799 = LINE ( 'NONE', #3831, #6552 ) ;
#800 = SURFACE_STYLE_USAGE ( .BOTH. , #6086 ) ;
#801 = EDGE_LOOP ( 'NONE', ( #5149, #7836, #3771 ) ) ;
#802 = CARTESIAN_POINT ( 'NONE',  ( 0.4694221207311335409, 0.9918207268923631137, 0.001000000000003873225 ) ) ;
#803 =( LENGTH_UNIT ( ) NAMED_UNIT ( * ) SI_UNIT ( .MILLI., .METRE. ) );
#804 = FILL_AREA_STYLE_COLOUR ( '', #4161 ) ;
#805 = ORIENTED_EDGE ( 'NONE', *, *, #8302, .T. ) ;
#806 = DIRECTION ( 'NONE',  ( 1.000000000000000000, -5.595468833802103278E-31, 1.532000111646839560E-16 ) ) ;
#807 = CARTESIAN_POINT ( 'NONE',  ( 0.4627357261460555704, 0.9926186937829852841, 0.001000000000003873225 ) ) ;
#808 = AXIS2_PLACEMENT_3D ( 'NONE', #2939, #6722, #8901 ) ;
#809 = ORIENTED_EDGE ( 'NONE', *, *, #106, .T. ) ;
#810 = ORIENTED_EDGE ( 'NONE', *, *, #4159, .F. ) ;
#811 = SURFACE_STYLE_FILL_AREA ( #9136 ) ;
#812 = EDGE_CURVE ( 'NONE', #4702, #1624, #5669, .T. ) ;
#813 = ORIENTED_EDGE ( 'NONE', *, *, #7002, .F. ) ;
#814 = CARTESIAN_POINT ( 'NONE',  ( 1.800000000000000266, -4.686157287525374748, 1.400999999999984924 ) ) ;
#815 = CARTESIAN_POINT ( 'NONE',  ( -0.09597862183565752936, 0.9740194596949666161, 0.01100000000000389902 ) ) ;
#816 = DIRECTION ( 'NONE',  ( 1.000000000000000000, 0.0000000000000000000, 0.0000000000000000000 ) ) ;
#817 = VERTEX_POINT ( 'NONE', #6522 ) ;
#818 = DIRECTION ( 'NONE',  ( -1.000000000000000000, -0.0000000000000000000, 0.0000000000000000000 ) ) ;
#819 = VERTEX_POINT ( 'NONE', #6499 ) ;
#820 = ORIENTED_EDGE ( 'NONE', *, *, #5471, .F. ) ;
#821 = EDGE_CURVE ( 'NONE', #2276, #793, #1327, .T. ) ;
#822 = PRESENTATION_LAYER_ASSIGNMENT (  '', '', ( #1695 ) ) ;
#823 = EDGE_CURVE ( 'NONE', #2049, #3479, #6601, .T. ) ;
#824 = VERTEX_POINT ( 'NONE', #4394 ) ;
#825 =( NAMED_UNIT ( * ) SI_UNIT ( $, .STERADIAN. ) SOLID_ANGLE_UNIT ( ) );
#826 = DIRECTION ( 'NONE',  ( -0.0000000000000000000, 3.491481338843133355E-15, -1.000000000000000000 ) ) ;
#827 = DIRECTION ( 'NONE',  ( 0.0000000000000000000, 1.000000000000000000, 3.491481338843133355E-15 ) ) ;
#828 = ORIENTED_EDGE ( 'NONE', *, *, #4367, .T. ) ;
#829 = CARTESIAN_POINT ( 'NONE',  ( 2.699999999999998401, -0.7590000000000096669, 5.600999999999997314 ) ) ;
#830 = CARTESIAN_POINT ( 'NONE',  ( 0.3629189952254581741, 1.040974415568811207, 0.001000000000004306906 ) ) ;
#831 = DIRECTION ( 'NONE',  ( 0.0000000000000000000, 1.000000000000000000, 3.491481338843133355E-15 ) ) ;
#832 = ORIENTED_EDGE ( 'NONE', *, *, #7870, .F. ) ;
#833 = DIRECTION ( 'NONE',  ( 0.0000000000000000000, 1.000000000000000000, 3.491481338843133355E-15 ) ) ;
#834 = EDGE_CURVE ( 'NONE', #1999, #4077, #8691, .T. ) ;
#835 = CARTESIAN_POINT ( 'NONE',  ( 0.3312715545412180385, 1.085894449443538745, 0.001000000000004306906 ) ) ;
#836 = PRESENTATION_LAYER_ASSIGNMENT (  '', '', ( #6192 ) ) ;
#837 = CARTESIAN_POINT ( 'NONE',  ( -0.05321771489700095198, 0.9766893504245064417, 0.01100000000000389902 ) ) ;
#838 = CARTESIAN_POINT ( 'NONE',  ( 0.2893267954029409283, 1.150480373562890790, 0.001000000000004306906 ) ) ;
#839 = ORIENTED_EDGE ( 'NONE', *, *, #1090, .T. ) ;
#840 = CARTESIAN_POINT ( 'NONE',  ( -2.900000000000000799, 1.350999999999994650, 4.381000000000005556 ) ) ;
#841 = CARTESIAN_POINT ( 'NONE',  ( -0.04847834899968751082, 1.156414226776794951, 0.01100000000000433270 ) ) ;
#842 = COLOUR_RGB ( '',0.1098039215686274495, 0.1098039215686274495, 0.1098039215686274495 ) ;
#843 = PRESENTATION_STYLE_ASSIGNMENT (( #4421 ) ) ;
#844 = EDGE_LOOP ( 'NONE', ( #9272, #2415, #7876, #7490 ) ) ;
#845 = ADVANCED_FACE ( 'NONE', ( #1091 ), #5020, .T. ) ;
#846 = PRESENTATION_LAYER_ASSIGNMENT (  '', '', ( #9253 ) ) ;
#847 = CARTESIAN_POINT ( 'NONE',  ( -2.900000000000000355, 0.2860000000000050280, 1.401000000000001355 ) ) ;
#848 = LINE ( 'NONE', #2518, #626 ) ;
#849 = CARTESIAN_POINT ( 'NONE',  ( -0.01037766961828822179, 0.9527990677432475186, 0.01100000000000389902 ) ) ;
#850 = ORIENTED_EDGE ( 'NONE', *, *, #1509, .T. ) ;
#851 = FILL_AREA_STYLE_COLOUR ( '', #215 ) ;
#852 =( BOUNDED_CURVE ( )  B_SPLINE_CURVE ( 3, ( #5607, #7046, #2522, #7802 ),
 .UNSPECIFIED., .F., .F. ) 
 B_SPLINE_CURVE_WITH_KNOTS ( ( 4, 4 ),
 ( 1.570796326794896558, 3.141592653589789563 ),
 .UNSPECIFIED. ) 
 CURVE ( )  GEOMETRIC_REPRESENTATION_ITEM ( )  RATIONAL_B_SPLINE_CURVE ( ( 1.000000000000000000, 0.8047378541243658256, 0.8047378541243658256, 1.000000000000000000 ) ) 
 REPRESENTATION_ITEM ( '' )  );
#853 = CARTESIAN_POINT ( 'NONE',  ( 2.700000000000000622, 1.330999999999994410, 4.401000000000006018 ) ) ;
#854 = DIRECTION ( 'NONE',  ( 1.000000000000000000, 0.0000000000000000000, 0.0000000000000000000 ) ) ;
#855 = PRESENTATION_LAYER_ASSIGNMENT (  '', '', ( #9578 ) ) ;
#856 = CARTESIAN_POINT ( 'NONE',  ( 0.2900463511041491138, 0.9807911111707410257, 0.01100000000000389902 ) ) ;
#857 = ORIENTED_EDGE ( 'NONE', *, *, #589, .T. ) ;
#858 = ADVANCED_FACE ( 'NONE', ( #8920 ), #8240, .T. ) ;
#859 = FACE_OUTER_BOUND ( 'NONE', #4799, .T. ) ;
#860 = ORIENTED_EDGE ( 'NONE', *, *, #3765, .F. ) ;
#861 = CARTESIAN_POINT ( 'NONE',  ( 0.3777890798045920873, 1.154204059636644075, 0.01100000000000433270 ) ) ;
#862 = AXIS2_PLACEMENT_3D ( 'NONE', #1064, #7786, #8598 ) ;
#863 = PLANE ( 'NONE',  #647 ) ;
#864 = CARTESIAN_POINT ( 'NONE',  ( -0.01753703318240882117, 0.9744594742863974535, 0.001000000000003873225 ) ) ;
#865 = VERTEX_POINT ( 'NONE', #3499 ) ;
#866 = FACE_OUTER_BOUND ( 'NONE', #5642, .T. ) ;
#867 = VECTOR ( 'NONE', #7409, 1000.000000000000000 ) ;
#868 =( LENGTH_UNIT ( ) NAMED_UNIT ( * ) SI_UNIT ( .MILLI., .METRE. ) );
#869 = DIRECTION ( 'NONE',  ( -0.0000000000000000000, 3.491481338843133355E-15, -1.000000000000000000 ) ) ;
#870 = DIRECTION ( 'NONE',  ( 0.0000000000000000000, -1.000000000000000000, -3.491481338843133355E-15 ) ) ;
#871 = AXIS2_PLACEMENT_3D ( 'NONE', #3896, #9089, #8294 ) ;
#872 = FACE_OUTER_BOUND ( 'NONE', #3480, .T. ) ;
#873 = VECTOR ( 'NONE', #5243, 1000.000000000000000 ) ;
#874 = SURFACE_STYLE_FILL_AREA ( #3420 ) ;
#875 = FILL_AREA_STYLE ('',( #9644 ) ) ;
#876 = DIRECTION ( 'NONE',  ( 1.000000000000000000, 0.0000000000000000000, 0.0000000000000000000 ) ) ;
#877 = AXIS2_PLACEMENT_3D ( 'NONE', #5127, #5869, #1367 ) ;
#878 = CARTESIAN_POINT ( 'NONE',  ( 2.899999999999999911, -1.768999999999989248, 0.0009999999999943322455 ) ) ;
#879 = VECTOR ( 'NONE', #2653, 1000.000000000000000 ) ;
#880 = PRESENTATION_STYLE_ASSIGNMENT (( #5463 ) ) ;
#881 = CARTESIAN_POINT ( 'NONE',  ( 0.3311185127131069938, 1.019088363344296866, 0.001000000000003873225 ) ) ;
#882 = PRESENTATION_LAYER_ASSIGNMENT (  '', '', ( #407 ) ) ;
#883 = EDGE_CURVE ( 'NONE', #4228, #576, #8003, .T. ) ;
#884 = UNCERTAINTY_MEASURE_WITH_UNIT (LENGTH_MEASURE( 1.000000000000000082E-05 ), #4655, 'distance_accuracy_value', 'NONE');
#885 =( NAMED_UNIT ( * ) PLANE_ANGLE_UNIT ( ) SI_UNIT ( $, .RADIAN. ) );
#886 = FILL_AREA_STYLE ('',( #5946 ) ) ;
#887 = CARTESIAN_POINT ( 'NONE',  ( 0.1582768846826410614, 0.9542040596366438976, 0.001000000000003873225 ) ) ;
#888 = VECTOR ( 'NONE', #1707, 1000.000000000000000 ) ;
#889 =( LENGTH_UNIT ( ) NAMED_UNIT ( * ) SI_UNIT ( .MILLI., .METRE. ) );
#890 = ADVANCED_FACE ( 'NONE', ( #1209 ), #3002, .T. ) ;
#891 = CARTESIAN_POINT ( 'NONE',  ( -0.05650139686106990522, 1.131856251895310805, 0.01100000000000433270 ) ) ;
#892 = DIRECTION ( 'NONE',  ( -1.000000000000000000, -0.0000000000000000000, 0.0000000000000000000 ) ) ;
#893 = CARTESIAN_POINT ( 'NONE',  ( 0.01150139214840733941, 0.9834344153991825266, 0.01100000000000389902 ) ) ;
#894 = PRESENTATION_STYLE_ASSIGNMENT (( #8041 ) ) ;
#895 = MECHANICAL_DESIGN_GEOMETRIC_PRESENTATION_REPRESENTATION (  '', ( #7938 ), #1570 ) ;
#896 = EDGE_CURVE ( 'NONE', #7074, #1346, #7414, .T. ) ;
#897 = PLANE ( 'NONE',  #1255 ) ;
#898 = VERTEX_POINT ( 'NONE', #1465 ) ;
#899 = LINE ( 'NONE', #2521, #1146 ) ;
#900 = CARTESIAN_POINT ( 'NONE',  ( 0.3362566419663665096, 1.055336970376467676, 0.001000000000004306906 ) ) ;
#901 = CARTESIAN_POINT ( 'NONE',  ( -3.558578643762690508, 2.301710678118662923, 0.4010000000000084053 ) ) ;
#902 = PRESENTATION_LAYER_ASSIGNMENT (  '', '', ( #5122 ) ) ;
#903 = FILL_AREA_STYLE_COLOUR ( '', #5575 ) ;
#904 = CARTESIAN_POINT ( 'NONE',  ( 0.01197574320510694235, 0.9577281245309551272, 0.001000000000003873225 ) ) ;
#905 = ADVANCED_FACE ( 'NONE', ( #3676 ), #2123, .T. ) ;
#906 = CARTESIAN_POINT ( 'NONE',  ( -0.1319045080580226181, 1.061601218629672161, 0.01100000000000433270 ) ) ;
#907 = EDGE_LOOP ( 'NONE', ( #5392, #5640, #9723, #4569 ) ) ;
#908 = PLANE ( 'NONE',  #9114 ) ;
#909 = ORIENTED_EDGE ( 'NONE', *, *, #8312, .T. ) ;
#910 = DIRECTION ( 'NONE',  ( 0.0000000000000000000, -1.000000000000000000, -3.491481338843133355E-15 ) ) ;
#911 = CARTESIAN_POINT ( 'NONE',  ( -0.02792670660722892245, 0.9517817041335210337, 0.01100000000000389902 ) ) ;
#912 = DIRECTION ( 'NONE',  ( -1.000000000000000000, -0.0000000000000000000, 0.0000000000000000000 ) ) ;
#913 = CARTESIAN_POINT ( 'NONE',  ( -0.1318799130653508511, 1.054085823268342104, 0.001000000000004306906 ) ) ;
#914 = ORIENTED_EDGE ( 'NONE', *, *, #7686, .F. ) ;
#915 = CARTESIAN_POINT ( 'NONE',  ( -1.300000000000000044, 3.331000000000007955, 0.6010000000000131903 ) ) ;
#916 = UNCERTAINTY_MEASURE_WITH_UNIT (LENGTH_MEASURE( 1.000000000000000082E-05 ), #4144, 'distance_accuracy_value', 'NONE');
#917 = STYLED_ITEM ( 'NONE', ( #6315 ), #2003 ) ;
#918 = CARTESIAN_POINT ( 'NONE',  ( 0.3033704733862420122, 0.9867816244480482890, 0.01100000000000389902 ) ) ;
#919 = LINE ( 'NONE', #392, #2304 ) ;
#920 =( NAMED_UNIT ( * ) SI_UNIT ( $, .STERADIAN. ) SOLID_ANGLE_UNIT ( ) );
#921 =( NAMED_UNIT ( * ) PLANE_ANGLE_UNIT ( ) SI_UNIT ( $, .RADIAN. ) );
#922 = DIRECTION ( 'NONE',  ( 1.000000000000000000, 0.0000000000000000000, -0.0000000000000000000 ) ) ;
#923 = LINE ( 'NONE', #3848, #8655 ) ;
#924 = DIRECTION ( 'NONE',  ( 0.0000000000000000000, -3.491481338843133355E-15, 1.000000000000000000 ) ) ;
#925 =( NAMED_UNIT ( * ) PLANE_ANGLE_UNIT ( ) SI_UNIT ( $, .RADIAN. ) );
#926 = FILL_AREA_STYLE_COLOUR ( '', #8355 ) ;
#927 = CARTESIAN_POINT ( 'NONE',  ( -2.899999999999999911, 0.9761552791488392611, 0.01100000000000389902 ) ) ;
#928 = VECTOR ( 'NONE', #8372, 1000.000000000000000 ) ;
#929 = DIRECTION ( 'NONE',  ( 0.0000000000000000000, -3.491481338843133355E-15, 1.000000000000000000 ) ) ;
#930 = ORIENTED_EDGE ( 'NONE', *, *, #7675, .F. ) ;
#931 = EDGE_CURVE ( 'NONE', #6199, #4425, #9337, .T. ) ;
#932 = SURFACE_STYLE_FILL_AREA ( #5858 ) ;
#933 = ORIENTED_EDGE ( 'NONE', *, *, #1336, .F. ) ;
#934 = ORIENTED_EDGE ( 'NONE', *, *, #4114, .F. ) ;
#935 = SURFACE_SIDE_STYLE ('',( #1699 ) ) ;
#936 = SURFACE_STYLE_USAGE ( .BOTH. , #203 ) ;
#937 = AXIS2_PLACEMENT_3D ( 'NONE', #2597, #5585, #4872 ) ;
#938 = CARTESIAN_POINT ( 'NONE',  ( -0.1319045080580226181, 1.061601218629672161, 0.001000000000004306906 ) ) ;
#939 = ORIENTED_EDGE ( 'NONE', *, *, #4661, .T. ) ;
#940 = AXIS2_PLACEMENT_3D ( 'NONE', #2022, #8051, #9543 ) ;
#941 = FACE_OUTER_BOUND ( 'NONE', #720, .T. ) ;
#942 = PRESENTATION_STYLE_ASSIGNMENT (( #5737 ) ) ;
#943 =( NAMED_UNIT ( * ) PLANE_ANGLE_UNIT ( ) SI_UNIT ( $, .RADIAN. ) );
#944 = ORIENTED_EDGE ( 'NONE', *, *, #7883, .T. ) ;
#945 = AXIS2_PLACEMENT_3D ( 'NONE', #1086, #3402, #1269 ) ;
#946 = ORIENTED_EDGE ( 'NONE', *, *, #3775, .F. ) ;
#947 =( LENGTH_UNIT ( ) NAMED_UNIT ( * ) SI_UNIT ( .MILLI., .METRE. ) );
#948 = EDGE_CURVE ( 'NONE', #8676, #4957, #6764, .T. ) ;
#949 = CARTESIAN_POINT ( 'NONE',  ( -0.01672712504389542443, 0.9522223259996148714, 0.001000000000003873225 ) ) ;
#950 = CARTESIAN_POINT ( 'NONE',  ( -2.700000000000000178, 1.331000000000003292, 1.901000000000004908 ) ) ;
#951 = SURFACE_SIDE_STYLE ('',( #1986 ) ) ;
#952 = ORIENTED_EDGE ( 'NONE', *, *, #8841, .T. ) ;
#953 = EDGE_CURVE ( 'NONE', #4133, #1540, #93, .T. ) ;
#954 = ADVANCED_FACE ( 'NONE', ( #4307 ), #776, .T. ) ;
#955 = EDGE_CURVE ( 'NONE', #4834, #9018, #3826, .T. ) ;
#956 = LINE ( 'NONE', #7547, #6825 ) ;
#957 = FILL_AREA_STYLE ('',( #987 ) ) ;
#958 =( NAMED_UNIT ( * ) SI_UNIT ( $, .STERADIAN. ) SOLID_ANGLE_UNIT ( ) );
#959 = DIRECTION ( 'NONE',  ( -1.445602896647339163E-16, -3.491481338843133355E-15, 1.000000000000000000 ) ) ;
#960 = EDGE_LOOP ( 'NONE', ( #1523, #3245, #1667, #6249 ) ) ;
#961 = CARTESIAN_POINT ( 'NONE',  ( -0.2246499445856516564, 0.9542040596366438976, 0.001000000000003873225 ) ) ;
#962 =( NAMED_UNIT ( * ) PLANE_ANGLE_UNIT ( ) SI_UNIT ( $, .RADIAN. ) );
#963 = VECTOR ( 'NONE', #4229, 1000.000000000000000 ) ;
#964 =( GEOMETRIC_REPRESENTATION_CONTEXT ( 3 ) GLOBAL_UNCERTAINTY_ASSIGNED_CONTEXT ( ( #3298 ) ) GLOBAL_UNIT_ASSIGNED_CONTEXT ( ( #5156, #4405, #8877 ) ) REPRESENTATION_CONTEXT ( 'NONE', 'WORKASPACE' ) );
#965 = CARTESIAN_POINT ( 'NONE',  ( -1.300000000000000044, 3.331000000000007955, 0.6010000000000131903 ) ) ;
#966 = LINE ( 'NONE', #7546, #9041 ) ;
#967 = PRESENTATION_STYLE_ASSIGNMENT (( #3062 ) ) ;
#968 = VERTEX_POINT ( 'NONE', #6681 ) ;
#969 = CARTESIAN_POINT ( 'NONE',  ( -2.900000000000000799, 1.350999999999994650, 4.381000000000005556 ) ) ;
#970 = DIRECTION ( 'NONE',  ( 1.000000000000000000, 5.221340210712170860E-31, -1.495451272393799542E-16 ) ) ;
#971 = PLANE ( 'NONE',  #7775 ) ;
#972 = PRESENTATION_LAYER_ASSIGNMENT (  '', '', ( #4118 ) ) ;
#973 =( LENGTH_UNIT ( ) NAMED_UNIT ( * ) SI_UNIT ( .MILLI., .METRE. ) );
#974 = CARTESIAN_POINT ( 'NONE',  ( -2.900000000000000355, 0.2859999999999945919, 4.401000000000002466 ) ) ;
#975 = FILL_AREA_STYLE ('',( #3203 ) ) ;
#976 = VECTOR ( 'NONE', #5533, 1000.000000000000114 ) ;
#977 = VERTEX_POINT ( 'NONE', #3665 ) ;
#978 = FILL_AREA_STYLE ('',( #5960 ) ) ;
#979 = FACE_OUTER_BOUND ( 'NONE', #299, .T. ) ;
#980 = STYLED_ITEM ( 'NONE', ( #6265 ), #1732 ) ;
#981 = UNCERTAINTY_MEASURE_WITH_UNIT (LENGTH_MEASURE( 1.000000000000000082E-05 ), #2859, 'distance_accuracy_value', 'NONE');
#982 = ORIENTED_EDGE ( 'NONE', *, *, #3835, .F. ) ;
#983 = FILL_AREA_STYLE ('',( #6953 ) ) ;
#984 = UNCERTAINTY_MEASURE_WITH_UNIT (LENGTH_MEASURE( 1.000000000000000082E-05 ), #7779, 'distance_accuracy_value', 'NONE');
#985 = ORIENTED_EDGE ( 'NONE', *, *, #7616, .T. ) ;
#986 = COLOUR_RGB ( '',1.000000000000000000, 1.000000000000000000, 1.000000000000000000 ) ;
#987 = FILL_AREA_STYLE_COLOUR ( '', #3038 ) ;
#988 = FILL_AREA_STYLE_COLOUR ( '', #9209 ) ;
#989 = AXIS2_PLACEMENT_3D ( 'NONE', #2713, #4351, #2853 ) ;
#990 = SURFACE_STYLE_FILL_AREA ( #983 ) ;
#991 = CARTESIAN_POINT ( 'NONE',  ( 3.529289321881345032, 2.901710678118662123, 0.7131320343559757191 ) ) ;
#992 = CARTESIAN_POINT ( 'NONE',  ( -0.1100929276783069316, 0.9883945261992778120, 0.001000000000003873225 ) ) ;
#993 = PRESENTATION_LAYER_ASSIGNMENT (  '', '', ( #8220 ) ) ;
#994 = CARTESIAN_POINT ( 'NONE',  ( -2.899999999999999911, 1.132252840124448934, 0.01100000000000433270 ) ) ;
#995 = CARTESIAN_POINT ( 'NONE',  ( 0.01150139214840733941, 0.9834344153991825266, 0.001000000000003873225 ) ) ;
#996 = ORIENTED_EDGE ( 'NONE', *, *, #7987, .T. ) ;
#997 = AXIS2_PLACEMENT_3D ( 'NONE', #6955, #3862, #854 ) ;
#998 = VECTOR ( 'NONE', #2474, 1000.000000000000000 ) ;
#999 = FACE_OUTER_BOUND ( 'NONE', #5529, .T. ) ;
#1000 = FILL_AREA_STYLE_COLOUR ( '', #7500 ) ;
#1001 = FACE_OUTER_BOUND ( 'NONE', #4433, .T. ) ;
#1002 =( NAMED_UNIT ( * ) PLANE_ANGLE_UNIT ( ) SI_UNIT ( $, .RADIAN. ) );
#1003 = AXIS2_PLACEMENT_3D ( 'NONE', #6595, #536, #5800 ) ;
#1004 = CARTESIAN_POINT ( 'NONE',  ( -0.1125673915839457834, 1.122645568169616137, 0.001000000000004306906 ) ) ;
#1005 = ADVANCED_FACE ( 'NONE', ( #1721 ), #3103, .F. ) ;
#1006 = EDGE_CURVE ( 'NONE', #7712, #4356, #209, .T. ) ;
#1007 = CARTESIAN_POINT ( 'NONE',  ( -0.09713818363161201563, 1.014974238244390925, 0.001000000000003873225 ) ) ;
#1008 = DIRECTION ( 'NONE',  ( 1.000000000000000000, 0.0000000000000000000, -0.0000000000000000000 ) ) ;
#1009 = VECTOR ( 'NONE', #2935, 1000.000000000000000 ) ;
#1010 = LINE ( 'NONE', #745, #8725 ) ;
#1011 = FACE_OUTER_BOUND ( 'NONE', #8329, .T. ) ;
#1012 = EDGE_CURVE ( 'NONE', #1663, #5674, #3729, .T. ) ;
#1013 =( NAMED_UNIT ( * ) SI_UNIT ( $, .STERADIAN. ) SOLID_ANGLE_UNIT ( ) );
#1014 = PRESENTATION_STYLE_ASSIGNMENT (( #3947 ) ) ;
#1015 = UNCERTAINTY_MEASURE_WITH_UNIT (LENGTH_MEASURE( 1.000000000000000082E-05 ), #5394, 'distance_accuracy_value', 'NONE');
#1016 = FILL_AREA_STYLE_COLOUR ( '', #340 ) ;
#1017 = STYLED_ITEM ( 'NONE', ( #6978 ), #9059 ) ;
#1018 = LINE ( 'NONE', #7206, #6755 ) ;
#1019 = DIRECTION ( 'NONE',  ( -1.000000000000000000, -0.0000000000000000000, 0.0000000000000000000 ) ) ;
#1020 = VECTOR ( 'NONE', #3449, 1000.000000000000000 ) ;
#1021 = VERTEX_POINT ( 'NONE', #2410 ) ;
#1022 = VERTEX_POINT ( 'NONE', #2351 ) ;
#1023 = CARTESIAN_POINT ( 'NONE',  ( 1.299999999999999378, 5.131000000000009997, 0.001000000000018184693 ) ) ;
#1024 =( NAMED_UNIT ( * ) PLANE_ANGLE_UNIT ( ) SI_UNIT ( $, .RADIAN. ) );
#1025 =( LENGTH_UNIT ( ) NAMED_UNIT ( * ) SI_UNIT ( .MILLI., .METRE. ) );
#1026 = PRESENTATION_STYLE_ASSIGNMENT (( #3363 ) ) ;
#1027 = CARTESIAN_POINT ( 'NONE',  ( -0.08802039040033915462, 0.9680553751334475265, 0.001000000000003873225 ) ) ;
#1028 =( NAMED_UNIT ( * ) SI_UNIT ( $, .STERADIAN. ) SOLID_ANGLE_UNIT ( ) );
#1029 = PRESENTATION_LAYER_ASSIGNMENT (  '', '', ( #3165 ) ) ;
#1030 = VECTOR ( 'NONE', #5509, 1000.000000000000000 ) ;
#1031 = FILL_AREA_STYLE_COLOUR ( '', #4557 ) ;
#1032 = UNCERTAINTY_MEASURE_WITH_UNIT (LENGTH_MEASURE( 1.000000000000000082E-05 ), #3351, 'distance_accuracy_value', 'NONE');
#1033 = ORIENTED_EDGE ( 'NONE', *, *, #7878, .T. ) ;
#1034 = CARTESIAN_POINT ( 'NONE',  ( 2.900000000000000355, -0.7590000000000035607, 3.880999999999997119 ) ) ;
#1035 = VECTOR ( 'NONE', #9049, 1000.000000000000000 ) ;
#1036 = PLANE ( 'NONE',  #6094 ) ;
#1037 = LINE ( 'NONE', #5972, #1617 ) ;
#1038 = PLANE ( 'NONE',  #2847 ) ;
#1039 = DIRECTION ( 'NONE',  ( 0.0000000000000000000, -3.491481338843133355E-15, 1.000000000000000000 ) ) ;
#1040 = AXIS2_PLACEMENT_3D ( 'NONE', #2247, #9025, #6738 ) ;
#1041 = DIRECTION ( 'NONE',  ( -1.000000000000000000, -0.0000000000000000000, 0.0000000000000000000 ) ) ;
#1042 = CARTESIAN_POINT ( 'NONE',  ( -0.09274852792429597037, 1.141583996864458106, 0.001000000000004306906 ) ) ;
#1043 = LINE ( 'NONE', #3778, #4324 ) ;
#1044 = CARTESIAN_POINT ( 'NONE',  ( -0.04581223626064631627, 0.9750107625780516374, 0.001000000000003873225 ) ) ;
#1045 = DIRECTION ( 'NONE',  ( -1.000000000000000000, -0.0000000000000000000, 0.0000000000000000000 ) ) ;
#1046 = ORIENTED_EDGE ( 'NONE', *, *, #5299, .F. ) ;
#1047 = PRESENTATION_LAYER_ASSIGNMENT (  '', '', ( #3923 ) ) ;
#1048 = VECTOR ( 'NONE', #7054, 1000.000000000000000 ) ;
#1049 = CARTESIAN_POINT ( 'NONE',  ( 0.006841003938229285944, 0.9561644596738877455, 0.001000000000003873225 ) ) ;
#1050 = VERTEX_POINT ( 'NONE', #241 ) ;
#1051 = FACE_OUTER_BOUND ( 'NONE', #6693, .T. ) ;
#1052 = LINE ( 'NONE', #7152, #8765 ) ;
#1053 = VECTOR ( 'NONE', #6335, 1000.000000000000000 ) ;
#1054 = MECHANICAL_DESIGN_GEOMETRIC_PRESENTATION_REPRESENTATION (  '', ( #5453 ), #5947 ) ;
#1055 = FILL_AREA_STYLE ('',( #6173 ) ) ;
#1056 = ORIENTED_EDGE ( 'NONE', *, *, #2952, .F. ) ;
#1057 = ADVANCED_FACE ( 'NONE', ( #7001 ), #6752, .T. ) ;
#1058 = ORIENTED_EDGE ( 'NONE', *, *, #6860, .T. ) ;
#1059 = PLANE ( 'NONE',  #2028 ) ;
#1060 =( NAMED_UNIT ( * ) SI_UNIT ( $, .STERADIAN. ) SOLID_ANGLE_UNIT ( ) );
#1061 = ORIENTED_EDGE ( 'NONE', *, *, #8129, .T. ) ;
#1062 = CARTESIAN_POINT ( 'NONE',  ( -0.07065594719893500408, 0.9588657740735011537, 0.01100000000000389902 ) ) ;
#1063 = PLANE ( 'NONE',  #9436 ) ;
#1064 = CARTESIAN_POINT ( 'NONE',  ( -3.529289321881345032, 0.3017106781186620901, 0.7131320343559666153 ) ) ;
#1065 = ORIENTED_EDGE ( 'NONE', *, *, #3777, .F. ) ;
#1066 = ORIENTED_EDGE ( 'NONE', *, *, #5679, .F. ) ;
#1067 = MECHANICAL_DESIGN_GEOMETRIC_PRESENTATION_REPRESENTATION (  '', ( #2666 ), #8414 ) ;
#1068 = VERTEX_POINT ( 'NONE', #101 ) ;
#1069 = FILL_AREA_STYLE_COLOUR ( '', #9119 ) ;
#1070 =( NAMED_UNIT ( * ) SI_UNIT ( $, .STERADIAN. ) SOLID_ANGLE_UNIT ( ) );
#1071 = ORIENTED_EDGE ( 'NONE', *, *, #2764, .T. ) ;
#1072 = CARTESIAN_POINT ( 'NONE',  ( 1.800000000000000711, -1.768999999999994577, 1.400999999999994472 ) ) ;
#1073 = EDGE_CURVE ( 'NONE', #6256, #1505, #6186, .T. ) ;
#1074 = CARTESIAN_POINT ( 'NONE',  ( -0.03804794071834590591, 0.9738887966409637276, 0.001000000000003873225 ) ) ;
#1075 = SHAPE_DEFINITION_REPRESENTATION ( #3315, #9172 ) ;
#1076 = STYLED_ITEM ( 'NONE', ( #7117 ), #8229 ) ;
#1077 = FILL_AREA_STYLE_COLOUR ( '', #7832 ) ;
#1078 = ORIENTED_EDGE ( 'NONE', *, *, #4527, .F. ) ;
#1079 = VECTOR ( 'NONE', #9500, 1000.000000000000000 ) ;
#1080 = AXIS2_PLACEMENT_3D ( 'NONE', #6363, #8658, #9353 ) ;
#1081 = EDGE_CURVE ( 'NONE', #9395, #4228, #3472, .T. ) ;
#1082 = SURFACE_SIDE_STYLE ('',( #9175 ) ) ;
#1083 = ORIENTED_EDGE ( 'NONE', *, *, #3913, .F. ) ;
#1084 = FILL_AREA_STYLE ('',( #1178 ) ) ;
#1085 = FILL_AREA_STYLE ('',( #3401 ) ) ;
#1086 = CARTESIAN_POINT ( 'NONE',  ( 0.1533988359021532244, 1.042008937685424685, 0.001000000000004306906 ) ) ;
#1087 = COLOUR_RGB ( '',0.7764705882352941346, 0.7568627450980391913, 0.7372549019607843590 ) ;
#1088 = CARTESIAN_POINT ( 'NONE',  ( -2.699999999999999734, -1.568999999999990624, 0.2009999999999952935 ) ) ;
#1089 = MECHANICAL_DESIGN_GEOMETRIC_PRESENTATION_REPRESENTATION (  '', ( #5614 ), #2374 ) ;
#1090 = EDGE_CURVE ( 'NONE', #2436, #3952, #2149, .T. ) ;
#1091 = FACE_OUTER_BOUND ( 'NONE', #2923, .T. ) ;
#1092 = ORIENTED_EDGE ( 'NONE', *, *, #5113, .T. ) ;
#1093 =( LENGTH_UNIT ( ) NAMED_UNIT ( * ) SI_UNIT ( .MILLI., .METRE. ) );
#1094 = CARTESIAN_POINT ( 'NONE',  ( -2.900000000000000799, 3.110999999999994881, 4.381000000000011774 ) ) ;
#1095 = FILL_AREA_STYLE_COLOUR ( '', #7643 ) ;
#1096 = VECTOR ( 'NONE', #5036, 1000.000000000000000 ) ;
#1097 = CARTESIAN_POINT ( 'NONE',  ( -0.1033542127801761329, 0.9808541609952138307, 0.001000000000003873225 ) ) ;
#1098 = FILL_AREA_STYLE ('',( #1799 ) ) ;
#1099 = SURFACE_SIDE_STYLE ('',( #3840 ) ) ;
#1100 = ORIENTED_EDGE ( 'NONE', *, *, #3922, .T. ) ;
#1101 = AXIS2_PLACEMENT_3D ( 'NONE', #4600, #6730, #5984 ) ;
#1102 = EDGE_CURVE ( 'NONE', #1899, #9311, #1238, .T. ) ;
#1103 = ORIENTED_EDGE ( 'NONE', *, *, #4214, .F. ) ;
#1104 = VECTOR ( 'NONE', #6257, 1000.000000000000114 ) ;
#1105 = EDGE_CURVE ( 'NONE', #3682, #9240, #7815, .T. ) ;
#1106 = DIRECTION ( 'NONE',  ( -0.0000000000000000000, -1.000000000000000000, -3.491481338843133355E-15 ) ) ;
#1107 = MECHANICAL_DESIGN_GEOMETRIC_PRESENTATION_REPRESENTATION (  '', ( #7629 ), #1472 ) ;
#1108 =( NAMED_UNIT ( * ) SI_UNIT ( $, .STERADIAN. ) SOLID_ANGLE_UNIT ( ) );
#1109 = ORIENTED_EDGE ( 'NONE', *, *, #8669, .F. ) ;
#1110 = CARTESIAN_POINT ( 'NONE',  ( -0.03821701775638339238, 1.156643084026887092, 0.001000000000004306906 ) ) ;
#1111 = ADVANCED_FACE ( 'NONE', ( #2742 ), #4637, .T. ) ;
#1112 = FILL_AREA_STYLE ('',( #6451 ) ) ;
#1113 = CARTESIAN_POINT ( 'NONE',  ( -0.1051377494637004695, 1.056338205978106570, 0.001000000000004306906 ) ) ;
#1114 = DIRECTION ( 'NONE',  ( 0.0000000000000000000, 1.000000000000000000, 3.491481338843133355E-15 ) ) ;
#1115 = AXIS2_PLACEMENT_3D ( 'NONE', #1434, #6686, #7428 ) ;
#1116 = PLANE ( 'NONE',  #3630 ) ;
#1117 = CARTESIAN_POINT ( 'NONE',  ( -0.06122889893198446565, 0.9556983215005580012, 0.001000000000003873225 ) ) ;
#1118 = DIRECTION ( 'NONE',  ( 1.000000000000000000, 0.0000000000000000000, 0.0000000000000000000 ) ) ;
#1119 = FILL_AREA_STYLE ('',( #7108 ) ) ;
#1120 = LINE ( 'NONE', #8362, #6625 ) ;
#1121 = LINE ( 'NONE', #6484, #9319 ) ;
#1122 = SURFACE_STYLE_FILL_AREA ( #4203 ) ;
#1123 =( GEOMETRIC_REPRESENTATION_CONTEXT ( 3 ) GLOBAL_UNCERTAINTY_ASSIGNED_CONTEXT ( ( #2756 ) ) GLOBAL_UNIT_ASSIGNED_CONTEXT ( ( #3210, #4724, #252 ) ) REPRESENTATION_CONTEXT ( 'NONE', 'WORKASPACE' ) );
#1124 = SURFACE_STYLE_USAGE ( .BOTH. , #1769 ) ;
#1125 = FACE_OUTER_BOUND ( 'NONE', #8599, .T. ) ;
#1126 = CARTESIAN_POINT ( 'NONE',  ( -2.700000000000000622, 1.330999999999994410, 4.401000000000006018 ) ) ;
#1127 = VECTOR ( 'NONE', #8966, 1000.000000000000000 ) ;
#1128 = DIRECTION ( 'NONE',  ( 0.0000000000000000000, -3.491481338843133355E-15, 1.000000000000000000 ) ) ;
#1129 = ORIENTED_EDGE ( 'NONE', *, *, #6546, .T. ) ;
#1130 = MECHANICAL_DESIGN_GEOMETRIC_PRESENTATION_REPRESENTATION (  '', ( #635 ), #5530 ) ;
#1131 = FACE_OUTER_BOUND ( 'NONE', #3205, .T. ) ;
#1132 = PLANE ( 'NONE',  #1686 ) ;
#1133 = CARTESIAN_POINT ( 'NONE',  ( -0.6999999999999999556, 5.131000000000009109, 0.2010000000000191356 ) ) ;
#1134 = VECTOR ( 'NONE', #3615, 1000.000000000000000 ) ;
#1135 = VECTOR ( 'NONE', #1908, 1000.000000000000000 ) ;
#1136 = CARTESIAN_POINT ( 'NONE',  ( 0.4668621507123879577, 0.9801317783332814670, 0.001000000000003873225 ) ) ;
#1137 = CARTESIAN_POINT ( 'NONE',  ( 0.08266712858508006023, 0.9761552791488392611, 0.001000000000003873225 ) ) ;
#1138 = PRESENTATION_LAYER_ASSIGNMENT (  '', '', ( #7732 ) ) ;
#1139 = CARTESIAN_POINT ( 'NONE',  ( -0.03821701775638339238, 1.156643084026887092, 0.001000000000004306906 ) ) ;
#1140 = CARTESIAN_POINT ( 'NONE',  ( 2.720000000000000639, 1.350999999999994650, 4.381000000000004668 ) ) ;
#1141 = EDGE_CURVE ( 'NONE', #7281, #817, #663, .T. ) ;
#1142 = SURFACE_STYLE_USAGE ( .BOTH. , #3426 ) ;
#1143 = ORIENTED_EDGE ( 'NONE', *, *, #1983, .F. ) ;
#1144 = ORIENTED_EDGE ( 'NONE', *, *, #3142, .T. ) ;
#1145 = DIRECTION ( 'NONE',  ( 0.0000000000000000000, 1.000000000000000000, 3.491481338843133355E-15 ) ) ;
#1146 = VECTOR ( 'NONE', #6311, 1000.000000000000000 ) ;
#1147 = FACE_OUTER_BOUND ( 'NONE', #5303, .T. ) ;
#1148 = PLANE ( 'NONE',  #8649 ) ;
#1149 = CARTESIAN_POINT ( 'NONE',  ( -2.900000000000000799, -0.7590000000000096669, 5.600999999999997314 ) ) ;
#1150 = AXIS2_PLACEMENT_3D ( 'NONE', #4561, #6016, #2214 ) ;
#1151 = CARTESIAN_POINT ( 'NONE',  ( 2.699999999999999734, -1.568999999999990624, 0.2009999999999952935 ) ) ;
#1152 = CARTESIAN_POINT ( 'NONE',  ( -2.800000000000000266, -0.7589999999999966773, 1.900999999999998025 ) ) ;
#1153 = ORIENTED_EDGE ( 'NONE', *, *, #5346, .T. ) ;
#1154 = ORIENTED_EDGE ( 'NONE', *, *, #8811, .F. ) ;
#1155 = DIRECTION ( 'NONE',  ( 0.0000000000000000000, 1.000000000000000000, 3.491481338843133355E-15 ) ) ;
#1156 = LINE ( 'NONE', #927, #107 ) ;
#1157 = PRESENTATION_LAYER_ASSIGNMENT (  '', '', ( #6184 ) ) ;
#1158 = UNCERTAINTY_MEASURE_WITH_UNIT (LENGTH_MEASURE( 1.000000000000000082E-05 ), #15, 'distance_accuracy_value', 'NONE');
#1159 = DIRECTION ( 'NONE',  ( 1.000000000000000000, 0.0000000000000000000, 0.0000000000000000000 ) ) ;
#1160 = PLANE ( 'NONE',  #937 ) ;
#1161 = ORIENTED_EDGE ( 'NONE', *, *, #2740, .T. ) ;
#1162 = EDGE_LOOP ( 'NONE', ( #3873, #8605, #3560, #2393 ) ) ;
#1163 = PLANE ( 'NONE',  #6703 ) ;
#1164 =( NAMED_UNIT ( * ) SI_UNIT ( $, .STERADIAN. ) SOLID_ANGLE_UNIT ( ) );
#1165 = FACE_OUTER_BOUND ( 'NONE', #6682, .T. ) ;
#1166 = ORIENTED_EDGE ( 'NONE', *, *, #4835, .F. ) ;
#1167 = CARTESIAN_POINT ( 'NONE',  ( 4.699999999999997513, 2.901710678118663900, 0.2010000000000113363 ) ) ;
#1168 = UNCERTAINTY_MEASURE_WITH_UNIT (LENGTH_MEASURE( 1.000000000000000082E-05 ), #9636, 'distance_accuracy_value', 'NONE');
#1169 = CARTESIAN_POINT ( 'NONE',  ( 0.01493679189349682822, 1.144874055912085353, 0.001000000000004306906 ) ) ;
#1170 =( GEOMETRIC_REPRESENTATION_CONTEXT ( 3 ) GLOBAL_UNCERTAINTY_ASSIGNED_CONTEXT ( ( #5432 ) ) GLOBAL_UNIT_ASSIGNED_CONTEXT ( ( #889, #6354, #4105 ) ) REPRESENTATION_CONTEXT ( 'NONE', 'WORKASPACE' ) );
#1171 = CARTESIAN_POINT ( 'NONE',  ( -0.02246920390803058831, 1.155914792715085904, 0.001000000000004306906 ) ) ;
#1172 =( LENGTH_UNIT ( ) NAMED_UNIT ( * ) SI_UNIT ( .MILLI., .METRE. ) );
#1173 = DIRECTION ( 'NONE',  ( -0.0000000000000000000, 3.491481338843133355E-15, -1.000000000000000000 ) ) ;
#1174 = VECTOR ( 'NONE', #9634, 1000.000000000000000 ) ;
#1175 =( LENGTH_UNIT ( ) NAMED_UNIT ( * ) SI_UNIT ( .MILLI., .METRE. ) );
#1176 = VERTEX_POINT ( 'NONE', #9321 ) ;
#1177 = VERTEX_POINT ( 'NONE', #974 ) ;
#1178 = FILL_AREA_STYLE_COLOUR ( '', #5128 ) ;
#1179 = CARTESIAN_POINT ( 'NONE',  ( 0.3361225273894165033, 1.061314737052883928, 0.001000000000004306906 ) ) ;
#1180 = CARTESIAN_POINT ( 'NONE',  ( -4.699999999999997513, 2.301710678118663811, 0.2010000000000091713 ) ) ;
#1181 = ORIENTED_EDGE ( 'NONE', *, *, #4659, .T. ) ;
#1182 = LINE ( 'NONE', #6302, #6926 ) ;
#1183 = ORIENTED_EDGE ( 'NONE', *, *, #9190, .F. ) ;
#1184 = EDGE_LOOP ( 'NONE', ( #8462, #1561, #2753, #290 ) ) ;
#1185 = FILL_AREA_STYLE_COLOUR ( '', #7099 ) ;
#1186 = CARTESIAN_POINT ( 'NONE',  ( 0.3559157815880705789, 1.093583378065792200, 0.01100000000000433270 ) ) ;
#1187 = PLANE ( 'NONE',  #3712 ) ;
#1188 = UNCERTAINTY_MEASURE_WITH_UNIT (LENGTH_MEASURE( 1.000000000000000082E-05 ), #7913, 'distance_accuracy_value', 'NONE');
#1189 = VERTEX_POINT ( 'NONE', #1072 ) ;
#1190 = CARTESIAN_POINT ( 'NONE',  ( -0.0006420805121272697962, 1.129789853919795029, 0.001000000000004306906 ) ) ;
#1191 = DIRECTION ( 'NONE',  ( -0.7071067811865460184, 2.468850131082270866E-15, -0.7071067811865490160 ) ) ;
#1192 = CARTESIAN_POINT ( 'NONE',  ( -0.001251502302493863548, 1.151756498975641030, 0.001000000000004306906 ) ) ;
#1193 = CARTESIAN_POINT ( 'NONE',  ( 0.2992321777176327191, 1.147362222950234045, 0.01100000000000433270 ) ) ;
#1194 = EDGE_CURVE ( 'NONE', #2771, #6198, #2141, .T. ) ;
#1195 = CARTESIAN_POINT ( 'NONE',  ( 2.899999999999999911, 2.901710678118662567, 0.6010000000000110809 ) ) ;
#1196 = ORIENTED_EDGE ( 'NONE', *, *, #9101, .T. ) ;
#1197 = MECHANICAL_DESIGN_GEOMETRIC_PRESENTATION_REPRESENTATION (  '', ( #5727 ), #9548 ) ;
#1198 = FILL_AREA_STYLE ('',( #5045 ) ) ;
#1199 = LINE ( 'NONE', #5103, #6267 ) ;
#1200 = CIRCLE ( 'NONE', #6628, 0.2000000000000000944 ) ;
#1201 = ORIENTED_EDGE ( 'NONE', *, *, #5301, .F. ) ;
#1202 = B_SPLINE_SURFACE_WITH_KNOTS ( 'NONE', 3, 1, ( 
 ( #524, #2717 ),
 ( #8721, #7297 ),
 ( #4259, #5760 ),
 ( #7261, #3533 ),
 ( #4508, #2998 ),
 ( #2883, #4448 ),
 ( #8156, #2 ),
 ( #3658, #5919 ),
 ( #2244, #2925 ),
 ( #773, #5239 ),
 ( #7384, #8223 ) ),
 .UNSPECIFIED., .F., .F., .F.,
 ( 4, 1, 1, 1, 1, 1, 1, 1, 4 ),
 ( 2, 2 ),
 ( 0.0000000000000000000, 0.1352946047634291660, 0.2667656579247482673, 0.3948160188358730838, 0.5200516544342455028, 0.6421757029708217157, 0.7626518205584228438, 0.8818340043805041883, 1.000000000000000000 ),
 ( 0.0000000000000000000, 1.000000000000000000 ),
 .UNSPECIFIED. ) ;
#1203 = SURFACE_SIDE_STYLE ('',( #553 ) ) ;
#1204 = DIRECTION ( 'NONE',  ( 0.0000000000000000000, 0.3826834323650871728, 0.9238795325112877377 ) ) ;
#1205 = CARTESIAN_POINT ( 'NONE',  ( 0.3335345583066600672, 1.078212697423058808, 0.01100000000000433270 ) ) ;
#1206 = VECTOR ( 'NONE', #6271, 1000.000000000000000 ) ;
#1207 = DIRECTION ( 'NONE',  ( 1.000000000000000000, 0.0000000000000000000, 0.0000000000000000000 ) ) ;
#1208 = ORIENTED_EDGE ( 'NONE', *, *, #9539, .T. ) ;
#1209 = FACE_OUTER_BOUND ( 'NONE', #1404, .T. ) ;
#1210 = LINE ( 'NONE', #991, #1104 ) ;
#1211 = PRESENTATION_STYLE_ASSIGNMENT (( #5007 ) ) ;
#1212 = ORIENTED_EDGE ( 'NONE', *, *, #9693, .F. ) ;
#1213 = AXIS2_PLACEMENT_3D ( 'NONE', #748, #5212, #5443 ) ;
#1214 = EDGE_CURVE ( 'NONE', #3120, #2752, #8069, .T. ) ;
#1215 = UNCERTAINTY_MEASURE_WITH_UNIT (LENGTH_MEASURE( 1.000000000000000082E-05 ), #9043, 'distance_accuracy_value', 'NONE');
#1216 = MECHANICAL_DESIGN_GEOMETRIC_PRESENTATION_REPRESENTATION (  '', ( #1350 ), #4884 ) ;
#1217 = CARTESIAN_POINT ( 'NONE',  ( -0.03708970641716335948, 1.134625644897915286, 0.001000000000004306906 ) ) ;
#1218 = UNCERTAINTY_MEASURE_WITH_UNIT (LENGTH_MEASURE( 1.000000000000000082E-05 ), #3714, 'distance_accuracy_value', 'NONE');
#1219 = VERTEX_POINT ( 'NONE', #6975 ) ;
#1220 = LINE ( 'NONE', #8412, #7919 ) ;
#1221 = LINE ( 'NONE', #3900, #420 ) ;
#1222 = CARTESIAN_POINT ( 'NONE',  ( -2.899999999999999911, 2.901710678118662567, 0.6010000000000110809 ) ) ;
#1223 = PRESENTATION_LAYER_ASSIGNMENT (  '', '', ( #6447 ) ) ;
#1224 = CARTESIAN_POINT ( 'NONE',  ( 2.700000000000000178, 1.330999999999999739, 2.901000000000005130 ) ) ;
#1225 = CARTESIAN_POINT ( 'NONE',  ( 0.1533988359021532244, 1.042008937685424685, 0.001000000000004306906 ) ) ;
#1226 = SURFACE_SIDE_STYLE ('',( #9137 ) ) ;
#1227 = PLANE ( 'NONE',  #6458 ) ;
#1228 = ORIENTED_EDGE ( 'NONE', *, *, #4083, .T. ) ;
#1229 = VECTOR ( 'NONE', #5897, 1000.000000000000114 ) ;
#1230 = CARTESIAN_POINT ( 'NONE',  ( -0.1000717792163847014, 1.022318764291037851, 0.001000000000003873225 ) ) ;
#1231 = SURFACE_STYLE_FILL_AREA ( #2779 ) ;
#1232 =( GEOMETRIC_REPRESENTATION_CONTEXT ( 3 ) GLOBAL_UNCERTAINTY_ASSIGNED_CONTEXT ( ( #3436 ) ) GLOBAL_UNIT_ASSIGNED_CONTEXT ( ( #9645, #5932, #2159 ) ) REPRESENTATION_CONTEXT ( 'NONE', 'WORKASPACE' ) );
#1233 = LINE ( 'NONE', #4784, #1578 ) ;
#1234 = CARTESIAN_POINT ( 'NONE',  ( 0.2901426558642304920, 0.9577830627798176177, 0.001000000000003873225 ) ) ;
#1235 = CARTESIAN_POINT ( 'NONE',  ( 0.1631549334631288706, 1.154204059636644075, 0.001000000000004306906 ) ) ;
#1236 = DIRECTION ( 'NONE',  ( -1.532000111646839560E-16, -3.491481338843133355E-15, 1.000000000000000000 ) ) ;
#1237 = ADVANCED_FACE ( 'NONE', ( #1001 ), #4767, .T. ) ;
#1238 = LINE ( 'NONE', #1660, #80 ) ;
#1239 = STYLED_ITEM ( 'NONE', ( #772 ), #178 ) ;
#1240 = CARTESIAN_POINT ( 'NONE',  ( -0.1490401884880906969, 1.154204059636644075, 0.001000000000004306906 ) ) ;
#1241 = DIRECTION ( 'NONE',  ( 0.0000000000000000000, -3.491481338843133355E-15, 1.000000000000000000 ) ) ;
#1242 = CIRCLE ( 'NONE', #6102, 0.2000000000000000944 ) ;
#1243 = DIRECTION ( 'NONE',  ( 0.0000000000000000000, 1.000000000000000000, 3.491481338843133355E-15 ) ) ;
#1244 = VECTOR ( 'NONE', #381, 1000.000000000000114 ) ;
#1245 = CARTESIAN_POINT ( 'NONE',  ( -2.700000000000000178, -0.7589999999999966773, 1.900999999999998025 ) ) ;
#1246 = AXIS2_PLACEMENT_3D ( 'NONE', #1823, #7115, #6414 ) ;
#1247 = EDGE_LOOP ( 'NONE', ( #1821, #94, #2275, #4447 ) ) ;
#1248 = MECHANICAL_DESIGN_GEOMETRIC_PRESENTATION_REPRESENTATION (  '', ( #5661 ), #3268 ) ;
#1249 = ORIENTED_EDGE ( 'NONE', *, *, #5223, .F. ) ;
#1250 = VECTOR ( 'NONE', #1814, 1000.000000000000000 ) ;
#1251 = DIRECTION ( 'NONE',  ( -1.532000111646839560E-16, -3.491481338843133355E-15, 1.000000000000000000 ) ) ;
#1252 = DIRECTION ( 'NONE',  ( 0.3536223923290756632, -0.9353882635801357148, -3.265890666862925973E-15 ) ) ;
#1253 = DIRECTION ( 'NONE',  ( 1.000000000000000000, 0.0000000000000000000, 0.0000000000000000000 ) ) ;
#1255 = AXIS2_PLACEMENT_3D ( 'NONE', #7787, #8383, #6968 ) ;
#1254 = SURFACE_STYLE_FILL_AREA ( #8152 ) ;
#1256 = EDGE_CURVE ( 'NONE', #225, #7780, #767, .T. ) ;
#1257 = DIRECTION ( 'NONE',  ( 1.000000000000000000, 0.0000000000000000000, 0.0000000000000000000 ) ) ;
#1258 = SURFACE_SIDE_STYLE ('',( #687 ) ) ;
#1259 = ORIENTED_EDGE ( 'NONE', *, *, #4519, .T. ) ;
#1260 = ORIENTED_EDGE ( 'NONE', *, *, #7616, .F. ) ;
#1261 = ORIENTED_EDGE ( 'NONE', *, *, #9171, .F. ) ;
#1262 = LINE ( 'NONE', #8838, #5730 ) ;
#1263 = SURFACE_STYLE_FILL_AREA ( #9694 ) ;
#1264 = EDGE_CURVE ( 'NONE', #6436, #1021, #1233, .T. ) ;
#1265 = SURFACE_STYLE_USAGE ( .BOTH. , #8696 ) ;
#1266 = SURFACE_SIDE_STYLE ('',( #2584 ) ) ;
#1267 = MECHANICAL_DESIGN_GEOMETRIC_PRESENTATION_REPRESENTATION (  '', ( #1017 ), #9173 ) ;
#1268 = EDGE_CURVE ( 'NONE', #6237, #1050, #6629, .T. ) ;
#1269 = DIRECTION ( 'NONE',  ( 0.0000000000000000000, 1.000000000000000000, 3.491481338843133355E-15 ) ) ;
#1270 = CARTESIAN_POINT ( 'NONE',  ( 2.900000000000000799, 3.110999999999994881, 4.381000000000010886 ) ) ;
#1271 = FILL_AREA_STYLE ('',( #8102 ) ) ;
#1272 = UNCERTAINTY_MEASURE_WITH_UNIT (LENGTH_MEASURE( 1.000000000000000082E-05 ), #7814, 'distance_accuracy_value', 'NONE');
#1273 = FILL_AREA_STYLE ('',( #9532 ) ) ;
#1274 = COLOUR_RGB ( '',0.7764705882352941346, 0.7568627450980391913, 0.7372549019607843590 ) ;
#1275 = VERTEX_POINT ( 'NONE', #7984 ) ;
#1276 = ORIENTED_EDGE ( 'NONE', *, *, #8798, .T. ) ;
#1277 = EDGE_LOOP ( 'NONE', ( #7082, #7401, #3893, #5629 ) ) ;
#1278 = FACE_OUTER_BOUND ( 'NONE', #351, .T. ) ;
#1279 = VECTOR ( 'NONE', #3663, 1000.000000000000000 ) ;
#1280 = EDGE_CURVE ( 'NONE', #5382, #4843, #9435, .T. ) ;
#1281 = CYLINDRICAL_SURFACE ( 'NONE', #3540, 0.2000000000000000944 ) ;
#1282 = FILL_AREA_STYLE_COLOUR ( '', #3468 ) ;
#1283 = LINE ( 'NONE', #4849, #1053 ) ;
#1284 = SURFACE_SIDE_STYLE ('',( #6421 ) ) ;
#1285 =( NAMED_UNIT ( * ) PLANE_ANGLE_UNIT ( ) SI_UNIT ( $, .RADIAN. ) );
#1286 = ORIENTED_EDGE ( 'NONE', *, *, #2242, .F. ) ;
#1287 = ORIENTED_EDGE ( 'NONE', *, *, #2814, .F. ) ;
#1288 = CARTESIAN_POINT ( 'NONE',  ( 0.4657037291637594612, 0.9800184819967268091, 0.001000000000003873225 ) ) ;
#1289 = UNCERTAINTY_MEASURE_WITH_UNIT (LENGTH_MEASURE( 1.000000000000000082E-05 ), #5861, 'distance_accuracy_value', 'NONE');
#1290 = DIRECTION ( 'NONE',  ( -0.0000000000000000000, -1.000000000000000000, -3.491481338843133355E-15 ) ) ;
#1291 = PRESENTATION_STYLE_ASSIGNMENT (( #7626 ) ) ;
#1292 = EDGE_LOOP ( 'NONE', ( #6441, #8794, #4962, #2305 ) ) ;
#1293 = COLOUR_RGB ( '',1.000000000000000000, 1.000000000000000000, 1.000000000000000000 ) ;
#1294 = ORIENTED_EDGE ( 'NONE', *, *, #6411, .F. ) ;
#1295 = CARTESIAN_POINT ( 'NONE',  ( -0.007984824798366168055, 1.153527468887915575, 0.001000000000004306906 ) ) ;
#1296 = DIRECTION ( 'NONE',  ( 0.09525861801280718910, 0.9954525582338367151, 3.475604030777098573E-15 ) ) ;
#1297 = EDGE_LOOP ( 'NONE', ( #8142, #5650, #3746, #7391 ) ) ;
#1298 = CARTESIAN_POINT ( 'NONE',  ( -2.900000000000000799, 3.110999999999994881, 4.381000000000011774 ) ) ;
#1299 = ADVANCED_FACE ( 'NONE', ( #7436 ), #9422, .T. ) ;
#1300 = PLANE ( 'NONE',  #940 ) ;
#1301 = CARTESIAN_POINT ( 'NONE',  ( -0.1066097212569555308, 1.129691589581832467, 0.01100000000000433270 ) ) ;
#1302 = CARTESIAN_POINT ( 'NONE',  ( 1.299999999999999378, 3.818867965644044737, 0.5717106781186694908 ) ) ;
#1303 = ORIENTED_EDGE ( 'NONE', *, *, #9174, .T. ) ;
#1304 = VECTOR ( 'NONE', #5571, 1000.000000000000000 ) ;
#1305 = ORIENTED_EDGE ( 'NONE', *, *, #208, .F. ) ;
#1306 = ORIENTED_EDGE ( 'NONE', *, *, #3525, .F. ) ;
#1307 = CARTESIAN_POINT ( 'NONE',  ( 0.3629189952254581741, 1.040974415568811207, 0.001000000000004306906 ) ) ;
#1308 = FILL_AREA_STYLE_COLOUR ( '', #7404 ) ;
#1309 = DIRECTION ( 'NONE',  ( -1.532000111646839560E-16, -3.491481338843133355E-15, 1.000000000000000000 ) ) ;
#1310 = FILL_AREA_STYLE_COLOUR ( '', #6518 ) ;
#1311 = FILL_AREA_STYLE ('',( #3600 ) ) ;
#1312 = DIRECTION ( 'NONE',  ( -0.0000000000000000000, 3.491481338843133355E-15, -1.000000000000000000 ) ) ;
#1313 = CARTESIAN_POINT ( 'NONE',  ( 0.01522144534636387866, 0.9590456265885171083, 0.01100000000000389902 ) ) ;
#1314 = ORIENTED_EDGE ( 'NONE', *, *, #6331, .F. ) ;
#1315 = FACE_OUTER_BOUND ( 'NONE', #2218, .T. ) ;
#1316 = PRESENTATION_STYLE_ASSIGNMENT (( #4030 ) ) ;
#1317 = EDGE_LOOP ( 'NONE', ( #9458, #9501, #5518, #339 ) ) ;
#1318 = CARTESIAN_POINT ( 'NONE',  ( 0.1582768846826410614, 0.9761552791488392611, 0.001000000000003873225 ) ) ;
#1319 = CARTESIAN_POINT ( 'NONE',  ( 1.600000000000000533, -4.768999999999994799, 1.600999999999984214 ) ) ;
#1320 =( GEOMETRIC_REPRESENTATION_CONTEXT ( 3 ) GLOBAL_UNCERTAINTY_ASSIGNED_CONTEXT ( ( #1386 ) ) GLOBAL_UNIT_ASSIGNED_CONTEXT ( ( #1093, #3320, #2427 ) ) REPRESENTATION_CONTEXT ( 'NONE', 'WORKASPACE' ) );
#1321 = DIRECTION ( 'NONE',  ( 1.000000000000000000, 0.0000000000000000000, 0.0000000000000000000 ) ) ;
#1322 = ORIENTED_EDGE ( 'NONE', *, *, #7870, .T. ) ;
#1323 = SURFACE_STYLE_USAGE ( .BOTH. , #4302 ) ;
#1324 = CARTESIAN_POINT ( 'NONE',  ( -0.1049736703710298785, 1.064973421076008675, 0.001000000000004306906 ) ) ;
#1325 = AXIS2_PLACEMENT_3D ( 'NONE', #1151, #9267, #1884 ) ;
#1326 = EDGE_CURVE ( 'NONE', #5527, #9629, #3575, .T. ) ;
#1327 = LINE ( 'NONE', #2861, #5776 ) ;
#1328 = COLOUR_RGB ( '',0.7764705882352941346, 0.7568627450980391913, 0.7372549019607843590 ) ;
#1329 = CARTESIAN_POINT ( 'NONE',  ( 2.899999999999999911, 2.301710678118662923, 0.4010000000000088494 ) ) ;
#1330 = LINE ( 'NONE', #5819, #5779 ) ;
#1331 = CARTESIAN_POINT ( 'NONE',  ( -2.699999999999999734, -1.768999999999990136, 0.2009999999999944331 ) ) ;
#1332 = ORIENTED_EDGE ( 'NONE', *, *, #6166, .T. ) ;
#1333 = CARTESIAN_POINT ( 'NONE',  ( -2.720000000000000195, -0.7590000000000035607, 3.880999999999998007 ) ) ;
#1334 = CARTESIAN_POINT ( 'NONE',  ( 0.0000000000000000000, -0.7689999999999996838, 2.900999999999998025 ) ) ;
#1335 = SURFACE_SIDE_STYLE ('',( #6299 ) ) ;
#1336 = EDGE_CURVE ( 'NONE', #3126, #6237, #1121, .T. ) ;
#1337 = EDGE_LOOP ( 'NONE', ( #5279, #3392, #7514, #2439 ) ) ;
#1338 = COLOUR_RGB ( '',0.7764705882352941346, 0.7568627450980391913, 0.7372549019607843590 ) ;
#1339 = DIRECTION ( 'NONE',  ( 0.7071067811865460184, 2.468850131082270866E-15, -0.7071067811865490160 ) ) ;
#1340 = DIRECTION ( 'NONE',  ( 0.0000000000000000000, -1.000000000000000000, -2.840960035351830695E-15 ) ) ;
#1341 = CARTESIAN_POINT ( 'NONE',  ( 0.5290085919997140618, 1.154204059636644075, 0.001000000000004306906 ) ) ;
#1342 = EDGE_CURVE ( 'NONE', #1651, #3120, #5059, .T. ) ;
#1343 = ADVANCED_FACE ( 'NONE', ( #7561 ), #9309, .T. ) ;
#1344 = AXIS2_PLACEMENT_3D ( 'NONE', #741, #6022, #8982 ) ;
#1345 =( BOUNDED_CURVE ( )  B_SPLINE_CURVE ( 3, ( #5282, #1534, #814, #8203 ),
 .UNSPECIFIED., .F., .F. ) 
 B_SPLINE_CURVE_WITH_KNOTS ( ( 4, 4 ),
 ( 1.570796326794896558, 3.141592653589789563 ),
 .UNSPECIFIED. ) 
 CURVE ( )  GEOMETRIC_REPRESENTATION_ITEM ( )  RATIONAL_B_SPLINE_CURVE ( ( 1.000000000000000000, 0.8047378541243658256, 0.8047378541243658256, 1.000000000000000000 ) ) 
 REPRESENTATION_ITEM ( '' )  );
#1346 = VERTEX_POINT ( 'NONE', #8910 ) ;
#1347 = B_SPLINE_CURVE_WITH_KNOTS ( 'NONE', 3,
 ( #2291, #1504, #6069, #757, #3733, #5320, #4465, #4495, #6747, #725, #815, #7539, #9717, #1535, #6036, #5969, #7566, #3080, #1558 ),
 .UNSPECIFIED., .F., .F.,
 ( 4, 1, 1, 1, 1, 1, 1, 1, 1, 1, 1, 1, 1, 1, 1, 1, 4 ),
 ( 0.0000000000000000000, 0.07064371857535318988, 0.1382567155089053923, 0.2033641242175798225, 0.2663240938030566052, 0.3279047615429892537, 0.3887377151730922464, 0.4494235281093011958, 0.5108610114593152840, 0.5720793960475143436, 0.6317344287314450302, 0.6911172105788377928, 0.7503600294901704437, 0.8100329005312617570, 0.8713624508287360904, 0.9344271412311534464, 1.000000000000000000 ),
 .UNSPECIFIED. ) ;
#1348 = DIRECTION ( 'NONE',  ( 0.0000000000000000000, -3.491481338843133355E-15, 1.000000000000000000 ) ) ;
#1349 = PLANE ( 'NONE',  #6225 ) ;
#1350 = STYLED_ITEM ( 'NONE', ( #8930 ), #890 ) ;
#1351 = EDGE_LOOP ( 'NONE', ( #5483, #7746, #5201, #6101 ) ) ;
#1352 = PRESENTATION_STYLE_ASSIGNMENT (( #9603 ) ) ;
#1353 = PRESENTATION_LAYER_ASSIGNMENT (  '', '', ( #5751 ) ) ;
#1354 = CARTESIAN_POINT ( 'NONE',  ( -2.899999999999999911, 2.901710678118662123, 0.6010000000000114140 ) ) ;
#1355 = CARTESIAN_POINT ( 'NONE',  ( 4.699999999999997513, 0.9017106781186636777, 0.2010000000000039533 ) ) ;
#1356 = DIRECTION ( 'NONE',  ( -1.000000000000000000, -5.595468833802103278E-31, 1.532000111646839560E-16 ) ) ;
#1357 = CARTESIAN_POINT ( 'NONE',  ( 0.4533988359021531855, 0.9542040596366438976, 0.001000000000003873225 ) ) ;
#1358 = CARTESIAN_POINT ( 'NONE',  ( 2.899999999999999911, -0.7589999999999905711, 0.2009999999999983189 ) ) ;
#1359 = STYLED_ITEM ( 'NONE', ( #5487 ), #2906 ) ;
#1360 = DIRECTION ( 'NONE',  ( 0.0000000000000000000, 3.491481338843133355E-15, -1.000000000000000000 ) ) ;
#1361 = EDGE_LOOP ( 'NONE', ( #2048, #2787, #7532, #7974 ) ) ;
#1362 = ORIENTED_EDGE ( 'NONE', *, *, #8111, .F. ) ;
#1363 =( LENGTH_UNIT ( ) NAMED_UNIT ( * ) SI_UNIT ( .MILLI., .METRE. ) );
#1364 = DIRECTION ( 'NONE',  ( 0.9954525582338367151, 0.09525861801280717522, 4.814587666375479993E-16 ) ) ;
#1365 = STYLED_ITEM ( 'NONE', ( #4611 ), #752 ) ;
#1366 = PLANE ( 'NONE',  #5134 ) ;
#1367 = DIRECTION ( 'NONE',  ( 1.000000000000000000, -5.348949800920537088E-31, 1.532000111646839560E-16 ) ) ;
#1368 = CARTESIAN_POINT ( 'NONE',  ( -2.900000000000000355, 1.330999999999996186, 3.901000000000005130 ) ) ;
#1369 = ORIENTED_EDGE ( 'NONE', *, *, #1816, .F. ) ;
#1370 = CARTESIAN_POINT ( 'NONE',  ( -1.300000000000000044, 5.131000000000009109, 0.2010000000000191356 ) ) ;
#1371 = SURFACE_STYLE_USAGE ( .BOTH. , #4376 ) ;
#1372 = COLOUR_RGB ( '',0.1098039215686274495, 0.1098039215686274495, 0.1098039215686274495 ) ;
#1373 = VERTEX_POINT ( 'NONE', #1333 ) ;
#1374 = PLANE ( 'NONE',  #485 ) ;
#1375 = DIRECTION ( 'NONE',  ( -1.000000000000000000, -0.0000000000000000000, -0.0000000000000000000 ) ) ;
#1376 = MECHANICAL_DESIGN_GEOMETRIC_PRESENTATION_REPRESENTATION (  '', ( #5229 ), #2169 ) ;
#1377 = SURFACE_STYLE_FILL_AREA ( #8337 ) ;
#1378 = SURFACE_SIDE_STYLE ('',( #6514 ) ) ;
#1379 = ADVANCED_FACE ( 'NONE', ( #4049 ), #8177, .F. ) ;
#1380 = EDGE_CURVE ( 'NONE', #2276, #4936, #8007, .T. ) ;
#1381 = CARTESIAN_POINT ( 'NONE',  ( 0.3257822864519515638, 0.9743741634996028189, 0.01100000000000390075 ) ) ;
#1382 = CARTESIAN_POINT ( 'NONE',  ( 0.08266712858507989370, 1.063960157197619605, 0.01100000000000433270 ) ) ;
#1383 = PRESENTATION_STYLE_ASSIGNMENT (( #6419 ) ) ;
#1384 = DIRECTION ( 'NONE',  ( 0.0000000000000000000, 1.000000000000000000, 3.491481338843133355E-15 ) ) ;
#1385 = VECTOR ( 'NONE', #8098, 1000.000000000000000 ) ;
#1386 = UNCERTAINTY_MEASURE_WITH_UNIT (LENGTH_MEASURE( 1.000000000000000082E-05 ), #1093, 'distance_accuracy_value', 'NONE');
#1387 = EDGE_CURVE ( 'NONE', #8862, #4702, #2019, .T. ) ;
#1388 = CARTESIAN_POINT ( 'NONE',  ( 0.2604138740467116797, 1.132187698341091231, 0.001000000000004306906 ) ) ;
#1389 = FACE_OUTER_BOUND ( 'NONE', #6353, .T. ) ;
#1390 = CARTESIAN_POINT ( 'NONE',  ( -2.899999999999999911, 2.301710678118662035, 0.6010000000000088605 ) ) ;
#1391 = STYLED_ITEM ( 'NONE', ( #3854 ), #5683 ) ;
#1392 = EDGE_CURVE ( 'NONE', #6223, #4479, #2982, .T. ) ;
#1393 = CARTESIAN_POINT ( 'NONE',  ( 0.2604138740467116797, 1.132187698341091231, 0.001000000000004306906 ) ) ;
#1394 = ORIENTED_EDGE ( 'NONE', *, *, #6780, .T. ) ;
#1395 = DIRECTION ( 'NONE',  ( 1.000000000000000000, 0.0000000000000000000, 0.0000000000000000000 ) ) ;
#1396 =( NAMED_UNIT ( * ) PLANE_ANGLE_UNIT ( ) SI_UNIT ( $, .RADIAN. ) );
#1397 = LINE ( 'NONE', #3695, #7496 ) ;
#1398 = ORIENTED_EDGE ( 'NONE', *, *, #4926, .F. ) ;
#1399 = ORIENTED_EDGE ( 'NONE', *, *, #6670, .T. ) ;
#1400 = ORIENTED_EDGE ( 'NONE', *, *, #6851, .T. ) ;
#1401 = MECHANICAL_DESIGN_GEOMETRIC_PRESENTATION_REPRESENTATION (  '', ( #3973 ), #3785 ) ;
#1402 = B_SPLINE_CURVE_WITH_KNOTS ( 'NONE', 3,
 ( #5233, #2216, #7483, #2271, #8213, #8250, #3844, #6832, #2309, #7548, #3744, #8278, #9013, #7579, #6699, #8344, #707, #8977, #2173 ),
 .UNSPECIFIED., .F., .F.,
 ( 4, 1, 1, 1, 1, 1, 1, 1, 1, 1, 1, 1, 1, 1, 1, 1, 4 ),
 ( 0.0000000000000000000, 0.07430379644281460971, 0.1443936103644188063, 0.2104994961032806977, 0.2735426065034691767, 0.3338247445790729073, 0.3925296724085032829, 0.4500874545995857123, 0.5078206115557879485, 0.5654649127768467398, 0.6231487223336202863, 0.6812971927909354797, 0.7409134981565803635, 0.8018557521958574741, 0.8652412377209430794, 0.9309416570467438090, 1.000000000000000000 ),
 .UNSPECIFIED. ) ;
#1403 = FILL_AREA_STYLE ('',( #1282 ) ) ;
#1404 = EDGE_LOOP ( 'NONE', ( #577, #4121, #6392, #7407 ) ) ;
#1405 = LINE ( 'NONE', #456, #7393 ) ;
#1406 = DIRECTION ( 'NONE',  ( -8.673617379884042375E-16, 3.491481338843133355E-15, -1.000000000000000000 ) ) ;
#1407 = CARTESIAN_POINT ( 'NONE',  ( -3.529289321881345032, 0.9017106781186619013, 0.7131320343559683916 ) ) ;
#1408 = EDGE_CURVE ( 'NONE', #968, #786, #7797, .T. ) ;
#1409 = ORIENTED_EDGE ( 'NONE', *, *, #5426, .F. ) ;
#1410 = STYLED_ITEM ( 'NONE', ( #6713 ), #6742 ) ;
#1411 = ORIENTED_EDGE ( 'NONE', *, *, #9163, .T. ) ;
#1412 = VERTEX_POINT ( 'NONE', #7344 ) ;
#1413 = CARTESIAN_POINT ( 'NONE',  ( 0.3334399089454995746, 0.9805506371563776913, 0.01100000000000389902 ) ) ;
#1414 = DIRECTION ( 'NONE',  ( -1.495451272393799296E-16, -3.491481338843133355E-15, 1.000000000000000000 ) ) ;
#1415 = MECHANICAL_DESIGN_GEOMETRIC_PRESENTATION_REPRESENTATION (  '', ( #4765 ), #6284 ) ;
#1416 = CARTESIAN_POINT ( 'NONE',  ( 4.041421356237308693, 2.901710678118663900, 0.2010000000000108922 ) ) ;
#1417 = PRESENTATION_STYLE_ASSIGNMENT (( #9661 ) ) ;
#1418 = DIRECTION ( 'NONE',  ( 1.495451272393799542E-16, -3.491481338843133355E-15, 1.000000000000000000 ) ) ;
#1419 = ORIENTED_EDGE ( 'NONE', *, *, #6331, .T. ) ;
#1420 = SURFACE_STYLE_USAGE ( .BOTH. , #2820 ) ;
#1421 = VECTOR ( 'NONE', #5359, 1000.000000000000000 ) ;
#1422 = ORIENTED_EDGE ( 'NONE', *, *, #5802, .T. ) ;
#1423 = PRESENTATION_STYLE_ASSIGNMENT (( #5859 ) ) ;
#1424 = DIRECTION ( 'NONE',  ( 0.0000000000000000000, 1.000000000000000000, 3.491481338843133355E-15 ) ) ;
#1425 = SURFACE_SIDE_STYLE ('',( #5860 ) ) ;
#1426 = UNCERTAINTY_MEASURE_WITH_UNIT (LENGTH_MEASURE( 1.000000000000000082E-05 ), #764, 'distance_accuracy_value', 'NONE');
#1427 = DIRECTION ( 'NONE',  ( 2.465190328815661892E-32, -1.000000000000000000, -3.491481338843133355E-15 ) ) ;
#1428 = AXIS2_PLACEMENT_3D ( 'NONE', #1459, #3751, #4420 ) ;
#1429 = CARTESIAN_POINT ( 'NONE',  ( 0.4652631638185765195, 0.9827088734939608550, 0.001000000000003873225 ) ) ;
#1430 = LINE ( 'NONE', #5133, #6385 ) ;
#1431 = LINE ( 'NONE', #3534, #3194 ) ;
#1432 = VERTEX_POINT ( 'NONE', #677 ) ;
#1433 = CARTESIAN_POINT ( 'NONE',  ( 0.3351414718570921436, 1.034605507733256102, 0.001000000000004306906 ) ) ;
#1434 = CARTESIAN_POINT ( 'NONE',  ( 3.799999999999996714, 0.9017106781186641218, 0.001000000000003873225 ) ) ;
#1435 = VECTOR ( 'NONE', #7655, 1000.000000000000000 ) ;
#1436 = VERTEX_POINT ( 'NONE', #2912 ) ;
#1437 = SURFACE_STYLE_USAGE ( .BOTH. , #4300 ) ;
#1438 = STYLED_ITEM ( 'NONE', ( #3484 ), #8036 ) ;
#1439 = LINE ( 'NONE', #6817, #9180 ) ;
#1440 = CARTESIAN_POINT ( 'NONE',  ( -0.2246499445856516564, 1.132252840124448934, 0.001000000000004306906 ) ) ;
#1441 = PLANE ( 'NONE',  #4221 ) ;
#1442 = AXIS2_PLACEMENT_3D ( 'NONE', #3940, #4009, #300 ) ;
#1443 = EDGE_CURVE ( 'NONE', #5883, #1755, #4039, .T. ) ;
#1444 = LINE ( 'NONE', #7894, #5685 ) ;
#1445 = ADVANCED_FACE ( 'NONE', ( #8035 ), #6606, .F. ) ;
#1446 = UNCERTAINTY_MEASURE_WITH_UNIT (LENGTH_MEASURE( 1.000000000000000082E-05 ), #4332, 'distance_accuracy_value', 'NONE');
#1447 = FILL_AREA_STYLE_COLOUR ( '', #2582 ) ;
#1448 = CARTESIAN_POINT ( 'NONE',  ( -1.300000000000000044, 4.472421356237319401, 0.2010000000000169706 ) ) ;
#1449 =( NAMED_UNIT ( * ) PLANE_ANGLE_UNIT ( ) SI_UNIT ( $, .RADIAN. ) );
#1450 = CARTESIAN_POINT ( 'NONE',  ( 0.3631549334631288262, 1.051688815734204807, 0.001000000000004306906 ) ) ;
#1451 = EDGE_CURVE ( 'NONE', #8558, #1219, #641, .T. ) ;
#1452 = PRESENTATION_LAYER_ASSIGNMENT (  '', '', ( #7674 ) ) ;
#1453 = EDGE_CURVE ( 'NONE', #7113, #3017, #3336, .T. ) ;
#1454 = SURFACE_STYLE_USAGE ( .BOTH. , #8915 ) ;
#1455 = LINE ( 'NONE', #5041, #9433 ) ;
#1456 = LINE ( 'NONE', #9529, #9069 ) ;
#1457 = VECTOR ( 'NONE', #5663, 1000.000000000000000 ) ;
#1458 = UNCERTAINTY_MEASURE_WITH_UNIT (LENGTH_MEASURE( 1.000000000000000082E-05 ), #6774, 'distance_accuracy_value', 'NONE');
#1459 = CARTESIAN_POINT ( 'NONE',  ( 0.0000000000000000000, 5.131000000000001116, 2.501000000000018986 ) ) ;
#1460 = CARTESIAN_POINT ( 'NONE',  ( -0.1490401884880906969, 1.132252840124448934, 0.001000000000004306906 ) ) ;
#1461 = MECHANICAL_DESIGN_GEOMETRIC_PRESENTATION_REPRESENTATION (  '', ( #407 ), #655 ) ;
#1462 = UNCERTAINTY_MEASURE_WITH_UNIT (LENGTH_MEASURE( 1.000000000000000082E-05 ), #8189, 'distance_accuracy_value', 'NONE');
#1463 = EDGE_LOOP ( 'NONE', ( #5619, #4493, #7717, #7756 ) ) ;
#1464 = DIRECTION ( 'NONE',  ( 0.0000000000000000000, -1.000000000000000000, -4.336808689942015369E-15 ) ) ;
#1465 = CARTESIAN_POINT ( 'NONE',  ( 0.5290085919997140618, 1.154204059636644075, 0.001000000000004306906 ) ) ;
#1466 = CARTESIAN_POINT ( 'NONE',  ( -0.03025207873199329059, 0.9517650352463993269, 0.01100000000000389902 ) ) ;
#1467 = VECTOR ( 'NONE', #1990, 1000.000000000000000 ) ;
#1468 = LINE ( 'NONE', #6588, #2984 ) ;
#1469 = VECTOR ( 'NONE', #4745, 1000.000000000000114 ) ;
#1470 = PRESENTATION_STYLE_ASSIGNMENT (( #2391 ) ) ;
#1471 = EDGE_CURVE ( 'NONE', #8106, #1899, #4507, .T. ) ;
#1472 =( GEOMETRIC_REPRESENTATION_CONTEXT ( 3 ) GLOBAL_UNCERTAINTY_ASSIGNED_CONTEXT ( ( #1636 ) ) GLOBAL_UNIT_ASSIGNED_CONTEXT ( ( #8061, #525, #591 ) ) REPRESENTATION_CONTEXT ( 'NONE', 'WORKASPACE' ) );
#1473 = CARTESIAN_POINT ( 'NONE',  ( 0.2969124374808562727, 0.9834932963778895143, 0.001000000000003873225 ) ) ;
#1474 = FACE_OUTER_BOUND ( 'NONE', #8382, .T. ) ;
#1475 = FILL_AREA_STYLE ('',( #2977 ) ) ;
#1476 = LINE ( 'NONE', #2211, #3934 ) ;
#1477 = PRESENTATION_LAYER_ASSIGNMENT (  '', '', ( #980 ) ) ;
#1478 = SURFACE_SIDE_STYLE ('',( #2269 ) ) ;
#1479 = FACE_OUTER_BOUND ( 'NONE', #9031, .T. ) ;
#1480 = VECTOR ( 'NONE', #3201, 1000.000000000000000 ) ;
#1481 = ORIENTED_EDGE ( 'NONE', *, *, #4238, .T. ) ;
#1482 = CARTESIAN_POINT ( 'NONE',  ( 0.01681347004849466364, 1.143838205978106481, 0.001000000000004306906 ) ) ;
#1483 = CARTESIAN_POINT ( 'NONE',  ( -1.717157287525380660, -4.769000000000004569, 4.318157287525364652 ) ) ;
#1484 = CARTESIAN_POINT ( 'NONE',  ( -1.300000000000000044, 4.231000000000008754, 0.2010000000000161102 ) ) ;
#1485 = ADVANCED_FACE ( 'NONE', ( #5102 ), #5460, .T. ) ;
#1486 = CARTESIAN_POINT ( 'NONE',  ( -3.532842712474618896, 0.3017106781186633668, 0.3388679656440368726 ) ) ;
#1487 =( NAMED_UNIT ( * ) SI_UNIT ( $, .STERADIAN. ) SOLID_ANGLE_UNIT ( ) );
#1488 = SURFACE_STYLE_FILL_AREA ( #5566 ) ;
#1489 = FILL_AREA_STYLE_COLOUR ( '', #7597 ) ;
#1490 = VERTEX_POINT ( 'NONE', #6082 ) ;
#1491 = ORIENTED_EDGE ( 'NONE', *, *, #4932, .T. ) ;
#1492 = CARTESIAN_POINT ( 'NONE',  ( 1.800000000000000488, -4.568999999999995509, 1.900999999999984924 ) ) ;
#1493 = DIRECTION ( 'NONE',  ( -1.000000000000000000, -0.0000000000000000000, 0.0000000000000000000 ) ) ;
#1494 = ADVANCED_FACE ( 'NONE', ( #3225 ), #1545, .T. ) ;
#1495 = DIRECTION ( 'NONE',  ( 0.0000000000000000000, -1.000000000000000000, -3.252606517456518824E-15 ) ) ;
#1496 = ORIENTED_EDGE ( 'NONE', *, *, #7485, .F. ) ;
#1497 = VERTEX_POINT ( 'NONE', #5296 ) ;
#1498 =( GEOMETRIC_REPRESENTATION_CONTEXT ( 3 ) GLOBAL_UNCERTAINTY_ASSIGNED_CONTEXT ( ( #2025 ) ) GLOBAL_UNIT_ASSIGNED_CONTEXT ( ( #3678, #3573, #3611 ) ) REPRESENTATION_CONTEXT ( 'NONE', 'WORKASPACE' ) );
#1499 = EDGE_CURVE ( 'NONE', #1540, #7621, #7308, .T. ) ;
#1500 = LINE ( 'NONE', #3574, #463 ) ;
#1501 = DIRECTION ( 'NONE',  ( -0.0000000000000000000, 1.000000000000000000, 3.491481338843133355E-15 ) ) ;
#1502 = VECTOR ( 'NONE', #5332, 1000.000000000000000 ) ;
#1503 = CARTESIAN_POINT ( 'NONE',  ( -0.02791299425352328223, 0.9737481628778622555, 0.01100000000000389902 ) ) ;
#1504 = CARTESIAN_POINT ( 'NONE',  ( -0.1318799130653508511, 1.054085823268342104, 0.01100000000000433270 ) ) ;
#1505 = VERTEX_POINT ( 'NONE', #8942 ) ;
#1506 =( NAMED_UNIT ( * ) PLANE_ANGLE_UNIT ( ) SI_UNIT ( $, .RADIAN. ) );
#1507 = DIRECTION ( 'NONE',  ( -1.000000000000000000, -5.595468833802103278E-31, 1.532000111646839560E-16 ) ) ;
#1508 = PRESENTATION_STYLE_ASSIGNMENT (( #9304 ) ) ;
#1509 = EDGE_CURVE ( 'NONE', #3976, #8814, #6286, .T. ) ;
#1510 = ORIENTED_EDGE ( 'NONE', *, *, #6538, .T. ) ;
#1511 =( GEOMETRIC_REPRESENTATION_CONTEXT ( 3 ) GLOBAL_UNCERTAINTY_ASSIGNED_CONTEXT ( ( #7135 ) ) GLOBAL_UNIT_ASSIGNED_CONTEXT ( ( #5935, #2799, #8073 ) ) REPRESENTATION_CONTEXT ( 'NONE', 'WORKASPACE' ) );
#1512 = VECTOR ( 'NONE', #2531, 1000.000000000000000 ) ;
#1513 = CARTESIAN_POINT ( 'NONE',  ( 0.2901426558642304920, 0.9577830627798176177, 0.01100000000000389902 ) ) ;
#1514 = ORIENTED_EDGE ( 'NONE', *, *, #5782, .T. ) ;
#1515 = VERTEX_POINT ( 'NONE', #738 ) ;
#1516 = CARTESIAN_POINT ( 'NONE',  ( -2.899999999999999911, 0.9017106781186623454, 0.6010000000000036424 ) ) ;
#1517 = LINE ( 'NONE', #7212, #8071 ) ;
#1518 = CARTESIAN_POINT ( 'NONE',  ( 0.3334399089454995746, 0.9805506371563776913, 0.01100000000000390075 ) ) ;
#1519 = SURFACE_STYLE_USAGE ( .BOTH. , #4535 ) ;
#1520 =( LENGTH_UNIT ( ) NAMED_UNIT ( * ) SI_UNIT ( .MILLI., .METRE. ) );
#1521 = ORIENTED_EDGE ( 'NONE', *, *, #628, .T. ) ;
#1522 = VERTEX_POINT ( 'NONE', #9074 ) ;
#1523 = ORIENTED_EDGE ( 'NONE', *, *, #3517, .T. ) ;
#1524 = CARTESIAN_POINT ( 'NONE',  ( -1.799999999999999378, -1.768999999999994577, 1.400999999999994472 ) ) ;
#1525 = CARTESIAN_POINT ( 'NONE',  ( 2.699999999999998845, -0.7690000000000101199, 5.800999999999997492 ) ) ;
#1526 = MECHANICAL_DESIGN_GEOMETRIC_PRESENTATION_REPRESENTATION (  '', ( #3165 ), #2004 ) ;
#1527 = SURFACE_SIDE_STYLE ('',( #9417 ) ) ;
#1528 = CARTESIAN_POINT ( 'NONE',  ( 0.4802281041948359697, 0.9542040596366438976, 0.01100000000000389902 ) ) ;
#1529 = ORIENTED_EDGE ( 'NONE', *, *, #1081, .T. ) ;
#1530 = ORIENTED_EDGE ( 'NONE', *, *, #249, .T. ) ;
#1531 = ADVANCED_FACE ( 'NONE', ( #3915 ), #9687, .T. ) ;
#1532 = STYLED_ITEM ( 'NONE', ( #4722 ), #905 ) ;
#1533 = EDGE_LOOP ( 'NONE', ( #1103, #3859, #3750, #7653, #2142, #2705, #2687, #4243, #4064, #8209, #9027, #1820 ) ) ;
#1534 = CARTESIAN_POINT ( 'NONE',  ( 1.717157287525381548, -4.768999999999993911, 1.483842712474603642 ) ) ;
#1535 = CARTESIAN_POINT ( 'NONE',  ( -0.07065594719893500408, 0.9588657740735011537, 0.01100000000000389902 ) ) ;
#1536 = ORIENTED_EDGE ( 'NONE', *, *, #8620, .T. ) ;
#1537 = CARTESIAN_POINT ( 'NONE',  ( -1.799999999999999822, -1.769000000000005013, 4.400999999999995360 ) ) ;
#1538 = MECHANICAL_DESIGN_GEOMETRIC_PRESENTATION_REPRESENTATION (  '', ( #5383 ), #9447 ) ;
#1539 = LINE ( 'NONE', #6523, #6126 ) ;
#1540 = VERTEX_POINT ( 'NONE', #1448 ) ;
#1541 = ADVANCED_FACE ( 'NONE', ( #3688 ), #4666, .F. ) ;
#1542 =( NAMED_UNIT ( * ) SI_UNIT ( $, .STERADIAN. ) SOLID_ANGLE_UNIT ( ) );
#1543 = CARTESIAN_POINT ( 'NONE',  ( 0.2585055432192264191, 0.9761552791488392611, 0.001000000000003873225 ) ) ;
#1544 = PRESENTATION_LAYER_ASSIGNMENT (  '', '', ( #6758 ) ) ;
#1545 = PLANE ( 'NONE',  #5694 ) ;
#1546 = CARTESIAN_POINT ( 'NONE',  ( 1.600000000000000533, -4.569000000000002615, 3.900999999999985146 ) ) ;
#1547 = ORIENTED_EDGE ( 'NONE', *, *, #8441, .F. ) ;
#1548 = CARTESIAN_POINT ( 'NONE',  ( 0.01681347004849455609, 1.121886986465911118, 0.01100000000000433270 ) ) ;
#1549 = DIRECTION ( 'NONE',  ( 1.000000000000000000, 5.221340210712170860E-31, -1.495451272393799542E-16 ) ) ;
#1550 = AXIS2_PLACEMENT_3D ( 'NONE', #6717, #8927, #8998 ) ;
#1551 = SURFACE_SIDE_STYLE ('',( #493 ) ) ;
#1552 = SURFACE_STYLE_FILL_AREA ( #2171 ) ;
#1553 = ORIENTED_EDGE ( 'NONE', *, *, #5425, .T. ) ;
#1554 = DIRECTION ( 'NONE',  ( 0.7071067811865460184, 2.468850131082270866E-15, -0.7071067811865490160 ) ) ;
#1555 =( LENGTH_UNIT ( ) NAMED_UNIT ( * ) SI_UNIT ( .MILLI., .METRE. ) );
#1556 = CARTESIAN_POINT ( 'NONE',  ( -0.01753703318240882117, 0.9744594742863974535, 0.01100000000000389902 ) ) ;
#1557 =( GEOMETRIC_REPRESENTATION_CONTEXT ( 3 ) GLOBAL_UNCERTAINTY_ASSIGNED_CONTEXT ( ( #1426 ) ) GLOBAL_UNIT_ASSIGNED_CONTEXT ( ( #764, #6048, #6760 ) ) REPRESENTATION_CONTEXT ( 'NONE', 'WORKASPACE' ) );
#1558 = CARTESIAN_POINT ( 'NONE',  ( -0.03025207873199329059, 0.9517650352463993269, 0.01100000000000389902 ) ) ;
#1559 = EDGE_CURVE ( 'NONE', #8100, #4511, #1675, .T. ) ;
#1560 = EDGE_CURVE ( 'NONE', #824, #1373, #7663, .T. ) ;
#1561 = ORIENTED_EDGE ( 'NONE', *, *, #8180, .T. ) ;
#1562 = LINE ( 'NONE', #518, #1467 ) ;
#1563 = PLANE ( 'NONE',  #378 ) ;
#1564 = FILL_AREA_STYLE ('',( #6727 ) ) ;
#1565 = ADVANCED_FACE ( 'NONE', ( #3206 ), #8497, .T. ) ;
#1566 = CARTESIAN_POINT ( 'NONE',  ( -0.1004086358581722932, 1.088610507265425298, 0.01100000000000433270 ) ) ;
#1567 = CARTESIAN_POINT ( 'NONE',  ( 0.005939905825647328816, 0.9808656575139639289, 0.01100000000000389902 ) ) ;
#1568 = VECTOR ( 'NONE', #4950, 999.9999999999998863 ) ;
#1569 = EDGE_CURVE ( 'NONE', #3479, #7750, #2843, .T. ) ;
#1570 =( GEOMETRIC_REPRESENTATION_CONTEXT ( 3 ) GLOBAL_UNCERTAINTY_ASSIGNED_CONTEXT ( ( #2455 ) ) GLOBAL_UNIT_ASSIGNED_CONTEXT ( ( #5459, #297, #4037 ) ) REPRESENTATION_CONTEXT ( 'NONE', 'WORKASPACE' ) );
#1571 = EDGE_CURVE ( 'NONE', #6133, #9373, #1210, .T. ) ;
#1572 = PRESENTATION_STYLE_ASSIGNMENT (( #6909 ) ) ;
#1573 = VECTOR ( 'NONE', #9022, 1000.000000000000114 ) ;
#1574 =( LENGTH_UNIT ( ) NAMED_UNIT ( * ) SI_UNIT ( .MILLI., .METRE. ) );
#1575 = CARTESIAN_POINT ( 'NONE',  ( 0.5290085919997140618, 1.154204059636644075, 0.001000000000004306906 ) ) ;
#1576 = FILL_AREA_STYLE_COLOUR ( '', #6725 ) ;
#1577 = AXIS2_PLACEMENT_3D ( 'NONE', #5825, #2791, #7359 ) ;
#1578 = VECTOR ( 'NONE', #7771, 1000.000000000000000 ) ;
#1579 = FILL_AREA_STYLE_COLOUR ( '', #6508 ) ;
#1580 = DIRECTION ( 'NONE',  ( 1.000000000000000000, 0.0000000000000000000, 0.0000000000000000000 ) ) ;
#1581 = ADVANCED_FACE ( 'NONE', ( #8375 ), #2397, .F. ) ;
#1582 = EDGE_CURVE ( 'NONE', #1432, #2797, #1439, .T. ) ;
#1583 = CARTESIAN_POINT ( 'NONE',  ( -0.04847834899968751082, 1.156414226776794951, 0.001000000000004306906 ) ) ;
#1584 = LINE ( 'NONE', #6884, #6061 ) ;
#1585 = FACE_BOUND ( 'NONE', #9587, .T. ) ;
#1586 = LINE ( 'NONE', #4139, #2624 ) ;
#1587 = EDGE_CURVE ( 'NONE', #8869, #2716, #6721, .T. ) ;
#1588 = PRESENTATION_LAYER_ASSIGNMENT (  '', '', ( #1410 ) ) ;
#1589 = LINE ( 'NONE', #3737, #6881 ) ;
#1590 = COLOUR_RGB ( '',0.7764705882352941346, 0.7568627450980391913, 0.7372549019607843590 ) ;
#1591 = COLOUR_RGB ( '',0.1098039215686274495, 0.1098039215686274495, 0.1098039215686274495 ) ;
#1592 = FILL_AREA_STYLE_COLOUR ( '', #7699 ) ;
#1593 = DIRECTION ( 'NONE',  ( 0.0000000000000000000, -1.000000000000000000, -2.949380252600381138E-15 ) ) ;
#1594 = ORIENTED_EDGE ( 'NONE', *, *, #2553, .T. ) ;
#1595 = CARTESIAN_POINT ( 'NONE',  ( -0.1159717879133004143, 0.9966027881567357527, 0.001000000000003873225 ) ) ;
#1596 =( NAMED_UNIT ( * ) SI_UNIT ( $, .STERADIAN. ) SOLID_ANGLE_UNIT ( ) );
#1597 = FACE_OUTER_BOUND ( 'NONE', #3406, .T. ) ;
#1598 = B_SPLINE_SURFACE_WITH_KNOTS ( 'NONE', 3, 1, ( 
 ( #4851, #1806 ),
 ( #1169, #578 ),
 ( #484, #8049 ),
 ( #1956, #3482 ),
 ( #7249, #7286 ),
 ( #1295, #8017 ),
 ( #3552, #5721 ),
 ( #9518, #2810 ),
 ( #3582, #8084 ),
 ( #3521, #8782 ),
 ( #8688, #5839 ) ),
 .UNSPECIFIED., .F., .F., .F.,
 ( 4, 1, 1, 1, 1, 1, 1, 1, 4 ),
 ( 2, 2 ),
 ( 0.0000000000000000000, 0.1124483899088019601, 0.2265276752126784698, 0.3444019493260280229, 0.4658649724874588949, 0.5916594493521172282, 0.7221684870248874510, 0.8586063875549267976, 1.000000000000000000 ),
 ( 0.0000000000000000000, 1.000000000000000000 ),
 .UNSPECIFIED. ) ;
#1599 = STYLED_ITEM ( 'NONE', ( #9646 ), #1913 ) ;
#1600 = PRESENTATION_STYLE_ASSIGNMENT (( #3875 ) ) ;
#1601 = ORIENTED_EDGE ( 'NONE', *, *, #7627, .T. ) ;
#1602 = UNCERTAINTY_MEASURE_WITH_UNIT (LENGTH_MEASURE( 1.000000000000000082E-05 ), #8714, 'distance_accuracy_value', 'NONE');
#1603 = EDGE_LOOP ( 'NONE', ( #6815, #221, #7155, #8184 ) ) ;
#1604 =( LENGTH_UNIT ( ) NAMED_UNIT ( * ) SI_UNIT ( .MILLI., .METRE. ) );
#1605 = SURFACE_SIDE_STYLE ('',( #4592 ) ) ;
#1606 =( NAMED_UNIT ( * ) SI_UNIT ( $, .STERADIAN. ) SOLID_ANGLE_UNIT ( ) );
#1607 = DIRECTION ( 'NONE',  ( -1.000000000000000000, 5.348949800920537088E-31, -1.532000111646839560E-16 ) ) ;
#1608 = CARTESIAN_POINT ( 'NONE',  ( 2.900000000000000355, -0.7590000000000053371, 4.400999999999998913 ) ) ;
#1609 = LINE ( 'NONE', #8786, #685 ) ;
#1610 = DIRECTION ( 'NONE',  ( 0.0000000000000000000, 1.000000000000000000, 3.491481338843133355E-15 ) ) ;
#1611 = AXIS2_PLACEMENT_3D ( 'NONE', #9332, #1936, #2649 ) ;
#1612 = VERTEX_POINT ( 'NONE', #3759 ) ;
#1613 = ORIENTED_EDGE ( 'NONE', *, *, #8111, .T. ) ;
#1614 = DIRECTION ( 'NONE',  ( 2.930276141852714940E-16, 3.491481338843133355E-15, -1.000000000000000000 ) ) ;
#1615 =( NAMED_UNIT ( * ) SI_UNIT ( $, .STERADIAN. ) SOLID_ANGLE_UNIT ( ) );
#1616 = CARTESIAN_POINT ( 'NONE',  ( 0.2565619456582508007, 1.154204059636644075, 0.001000000000004306906 ) ) ;
#1617 = VECTOR ( 'NONE', #9718, 1000.000000000000000 ) ;
#1618 = CARTESIAN_POINT ( 'NONE',  ( -0.03025207873199314140, 0.9517650352463993269, 0.001000000000003873225 ) ) ;
#1619 = SURFACE_STYLE_FILL_AREA ( #2637 ) ;
#1620 = COLOUR_RGB ( '',0.7764705882352941346, 0.7568627450980391913, 0.7372549019607843590 ) ;
#1621 = MECHANICAL_DESIGN_GEOMETRIC_PRESENTATION_REPRESENTATION (  '', ( #3511 ), #8 ) ;
#1622 = FILL_AREA_STYLE ('',( #4685 ) ) ;
#1623 = VERTEX_POINT ( 'NONE', #6067 ) ;
#1624 = VERTEX_POINT ( 'NONE', #3168 ) ;
#1625 = ADVANCED_FACE ( 'NONE', ( #743 ), #1374, .T. ) ;
#1626 = AXIS2_PLACEMENT_3D ( 'NONE', #1921, #2633, #3416 ) ;
#1627 = EDGE_CURVE ( 'NONE', #9629, #9095, #1430, .T. ) ;
#1628 = ORIENTED_EDGE ( 'NONE', *, *, #91, .F. ) ;
#1629 = CARTESIAN_POINT ( 'NONE',  ( 2.800000000000000266, -0.7590000000000035607, 3.900999999999998025 ) ) ;
#1630 = VECTOR ( 'NONE', #5145, 1000.000000000000000 ) ;
#1631 = CARTESIAN_POINT ( 'NONE',  ( 0.4665848115119092254, 0.9785943035390829436, 0.01100000000000389902 ) ) ;
#1632 = ORIENTED_EDGE ( 'NONE', *, *, #9704, .F. ) ;
#1633 = UNCERTAINTY_MEASURE_WITH_UNIT (LENGTH_MEASURE( 1.000000000000000082E-05 ), #8248, 'distance_accuracy_value', 'NONE');
#1634 = CARTESIAN_POINT ( 'NONE',  ( 0.1533988359021532244, 1.063960157197619605, 0.001000000000004306906 ) ) ;
#1635 = ORIENTED_EDGE ( 'NONE', *, *, #9294, .F. ) ;
#1636 = UNCERTAINTY_MEASURE_WITH_UNIT (LENGTH_MEASURE( 1.000000000000000082E-05 ), #8061, 'distance_accuracy_value', 'NONE');
#1637 = PRESENTATION_LAYER_ASSIGNMENT (  '', '', ( #8368 ) ) ;
#1638 = EDGE_CURVE ( 'NONE', #1888, #380, #8136, .T. ) ;
#1639 = EDGE_LOOP ( 'NONE', ( #3088, #7153, #3102, #8772, #4613, #3636, #4299, #9515 ) ) ;
#1640 =( LENGTH_UNIT ( ) NAMED_UNIT ( * ) SI_UNIT ( .MILLI., .METRE. ) );
#1641 = DIRECTION ( 'NONE',  ( -1.000000000000000000, -0.0000000000000000000, 0.0000000000000000000 ) ) ;
#1642 = CARTESIAN_POINT ( 'NONE',  ( -2.700000000000000178, 1.330999999999996186, 3.901000000000005130 ) ) ;
#1643 = VERTEX_POINT ( 'NONE', #5980 ) ;
#1644 = SURFACE_STYLE_USAGE ( .BOTH. , #2341 ) ;
#1645 = DIRECTION ( 'NONE',  ( 0.0000000000000000000, -3.491481338843133355E-15, 1.000000000000000000 ) ) ;
#1646 = SURFACE_SIDE_STYLE ('',( #4963 ) ) ;
#1647 = ORIENTED_EDGE ( 'NONE', *, *, #1828, .T. ) ;
#1648 = VERTEX_POINT ( 'NONE', #2110 ) ;
#1649 = AXIS2_PLACEMENT_3D ( 'NONE', #4766, #289, #2492 ) ;
#1650 = CARTESIAN_POINT ( 'NONE',  ( 0.1533988359021532244, 1.063960157197619605, 0.001000000000004306906 ) ) ;
#1651 = VERTEX_POINT ( 'NONE', #1482 ) ;
#1652 = B_SPLINE_SURFACE_WITH_KNOTS ( 'NONE', 3, 1, ( 
 ( #807, #4427 ),
 ( #3043, #4456 ),
 ( #3724, #690 ),
 ( #5927, #3697 ),
 ( #1429, #8922 ),
 ( #8259, #9674 ),
 ( #66, #4513 ) ),
 .UNSPECIFIED., .F., .F., .F.,
 ( 4, 1, 1, 1, 4 ),
 ( 2, 2 ),
 ( 0.0000000000000000000, 0.1999663862629980082, 0.4322528535163797647, 0.6994588868414827187, 0.9999999999999998890 ),
 ( 0.0000000000000000000, 1.000000000000000000 ),
 .UNSPECIFIED. ) ;
#1653 = EDGE_CURVE ( 'NONE', #5674, #1497, #5197, .T. ) ;
#1654 = FILL_AREA_STYLE_COLOUR ( '', #8282 ) ;
#1655 = CARTESIAN_POINT ( 'NONE',  ( -1.300000000000000044, 5.131000000000009109, 0.2010000000000191356 ) ) ;
#1656 = AXIS2_PLACEMENT_3D ( 'NONE', #6139, #5473, #9204 ) ;
#1657 = CARTESIAN_POINT ( 'NONE',  ( -0.6999999999999999556, 3.818867965644045182, 0.5717106781186699349 ) ) ;
#1658 = CARTESIAN_POINT ( 'NONE',  ( 0.3086235994101352298, 1.143434785427621003, 0.001000000000004306906 ) ) ;
#1659 = VERTEX_POINT ( 'NONE', #2235 ) ;
#1660 = CARTESIAN_POINT ( 'NONE',  ( 1.299999999999999378, 5.131000000000009109, 0.2010000000000182752 ) ) ;
#1661 = DIRECTION ( 'NONE',  ( -0.0000000000000000000, 1.000000000000000000, 3.491481338843133355E-15 ) ) ;
#1662 = FILL_AREA_STYLE ('',( #6163 ) ) ;
#1663 = VERTEX_POINT ( 'NONE', #8880 ) ;
#1664 = VECTOR ( 'NONE', #3251, 1000.000000000000114 ) ;
#1665 = CARTESIAN_POINT ( 'NONE',  ( -2.899999999999999911, 0.9017106781186623454, 0.6010000000000036424 ) ) ;
#1666 = CARTESIAN_POINT ( 'NONE',  ( -0.03552261902966498408, 1.156611483264808893, 0.01100000000000433270 ) ) ;
#1667 = ORIENTED_EDGE ( 'NONE', *, *, #4155, .F. ) ;
#1668 =( NAMED_UNIT ( * ) PLANE_ANGLE_UNIT ( ) SI_UNIT ( $, .RADIAN. ) );
#1669 =( NAMED_UNIT ( * ) SI_UNIT ( $, .STERADIAN. ) SOLID_ANGLE_UNIT ( ) );
#1670 = FILL_AREA_STYLE_COLOUR ( '', #2286 ) ;
#1671 = VECTOR ( 'NONE', #1375, 1000.000000000000000 ) ;
#1672 = CARTESIAN_POINT ( 'NONE',  ( 0.5582768846826409170, 1.154204059636644075, 0.001000000000004306906 ) ) ;
#1673 = VERTEX_POINT ( 'NONE', #3740 ) ;
#1674 = ORIENTED_EDGE ( 'NONE', *, *, #8841, .F. ) ;
#1675 = LINE ( 'NONE', #6221, #6848 ) ;
#1676 = ADVANCED_FACE ( 'NONE', ( #5430 ), #7899, .T. ) ;
#1677 = CARTESIAN_POINT ( 'NONE',  ( 2.700000000000000178, 3.330999999999996408, 3.901000000000012236 ) ) ;
#1678 = CARTESIAN_POINT ( 'NONE',  ( 1.600000000000000089, -4.769000000000004569, 4.400999999999984702 ) ) ;
#1679 = CARTESIAN_POINT ( 'NONE',  ( 2.720000000000000195, 1.351000000000003309, 1.921000000000004038 ) ) ;
#1680 = DIRECTION ( 'NONE',  ( 1.000000000000000000, 0.0000000000000000000, 0.0000000000000000000 ) ) ;
#1681 = SURFACE_STYLE_USAGE ( .BOTH. , #3918 ) ;
#1682 = CARTESIAN_POINT ( 'NONE',  ( 0.2565619456582506897, 1.154204059636644075, 0.01100000000000433270 ) ) ;
#1683 = ORIENTED_EDGE ( 'NONE', *, *, #4291, .T. ) ;
#1684 =( LENGTH_UNIT ( ) NAMED_UNIT ( * ) SI_UNIT ( .MILLI., .METRE. ) );
#1685 = ADVANCED_FACE ( 'NONE', ( #4138 ), #5909, .F. ) ;
#1686 = AXIS2_PLACEMENT_3D ( 'NONE', #2671, #4178, #4943 ) ;
#1687 = SURFACE_SIDE_STYLE ('',( #4462 ) ) ;
#1688 = CIRCLE ( 'NONE', #1325, 0.2000000000000000944 ) ;
#1689 = EDGE_CURVE ( 'NONE', #5028, #7270, #8009, .T. ) ;
#1690 = CARTESIAN_POINT ( 'NONE',  ( 0.01197574320510694235, 0.9577281245309551272, 0.001000000000003873225 ) ) ;
#1691 = VERTEX_POINT ( 'NONE', #6664 ) ;
#1692 = PRESENTATION_STYLE_ASSIGNMENT (( #6528 ) ) ;
#1693 = FILL_AREA_STYLE_COLOUR ( '', #1935 ) ;
#1694 = PLANE ( 'NONE',  #2903 ) ;
#1695 = STYLED_ITEM ( 'NONE', ( #1572 ), #8619 ) ;
#1696 = CARTESIAN_POINT ( 'NONE',  ( 0.4673738889672532371, 0.9829686822643693977, 0.01100000000000389902 ) ) ;
#1697 = COLOUR_RGB ( '',0.7764705882352941346, 0.7568627450980391913, 0.7372549019607843590 ) ;
#1698 = DIRECTION ( 'NONE',  ( 0.0000000000000000000, 1.000000000000000000, 3.491481338843133355E-15 ) ) ;
#1699 = SURFACE_STYLE_FILL_AREA ( #202 ) ;
#1700 = FILL_AREA_STYLE_COLOUR ( '', #149 ) ;
#1701 = STYLED_ITEM ( 'NONE', ( #8067 ), #4491 ) ;
#1702 = VECTOR ( 'NONE', #6352, 1000.000000000000000 ) ;
#1703 =( NAMED_UNIT ( * ) PLANE_ANGLE_UNIT ( ) SI_UNIT ( $, .RADIAN. ) );
#1704 = CARTESIAN_POINT ( 'NONE',  ( 0.6999999999999992895, 4.072421356237318157, 0.6010000000000149667 ) ) ;
#1705 = VECTOR ( 'NONE', #5232, 1000.000000000000000 ) ;
#1706 =( LENGTH_UNIT ( ) NAMED_UNIT ( * ) SI_UNIT ( .MILLI., .METRE. ) );
#1707 = DIRECTION ( 'NONE',  ( 0.0000000000000000000, -3.491481338843133355E-15, 1.000000000000000000 ) ) ;
#1708 = FACE_OUTER_BOUND ( 'NONE', #8793, .T. ) ;
#1709 =( LENGTH_UNIT ( ) NAMED_UNIT ( * ) SI_UNIT ( .MILLI., .METRE. ) );
#1710 = CARTESIAN_POINT ( 'NONE',  ( -3.799999999999996714, 0.3017106781186638109, 0.2010000000000022324 ) ) ;
#1711 = STYLED_ITEM ( 'NONE', ( #1291 ), #5724 ) ;
#1712 = EDGE_CURVE ( 'NONE', #7368, #1050, #3075, .T. ) ;
#1713 = VECTOR ( 'NONE', #3292, 999.9999999999998863 ) ;
#1714 = COLOUR_RGB ( '',0.1098039215686274495, 0.1098039215686274495, 0.1098039215686274495 ) ;
#1715 = LINE ( 'NONE', #2867, #6889 ) ;
#1716 = FILL_AREA_STYLE ('',( #6230 ) ) ;
#1717 = PRESENTATION_LAYER_ASSIGNMENT (  '', '', ( #5747 ) ) ;
#1718 = LINE ( 'NONE', #8818, #771 ) ;
#1719 = CARTESIAN_POINT ( 'NONE',  ( -0.2246499445856516564, 1.132252840124448934, 0.001000000000004306906 ) ) ;
#1720 = CARTESIAN_POINT ( 'NONE',  ( -0.6999999999999999556, 4.231000000000008754, 0.2010000000000161102 ) ) ;
#1721 = FACE_OUTER_BOUND ( 'NONE', #5647, .T. ) ;
#1722 = ORIENTED_EDGE ( 'NONE', *, *, #4413, .F. ) ;
#1723 = SURFACE_STYLE_USAGE ( .BOTH. , #1687 ) ;
#1724 = EDGE_CURVE ( 'NONE', #6931, #3897, #504, .T. ) ;
#1725 = CARTESIAN_POINT ( 'NONE',  ( 1.717157287525380660, -4.769000000000002792, 3.983842712474602532 ) ) ;
#1726 = FACE_OUTER_BOUND ( 'NONE', #435, .T. ) ;
#1727 = UNCERTAINTY_MEASURE_WITH_UNIT (LENGTH_MEASURE( 1.000000000000000082E-05 ), #6150, 'distance_accuracy_value', 'NONE');
#1728 = CARTESIAN_POINT ( 'NONE',  ( 2.900000000000000355, -0.7589999999999966773, 1.920999999999997154 ) ) ;
#1729 = ORIENTED_EDGE ( 'NONE', *, *, #3144, .F. ) ;
#1730 =( GEOMETRIC_REPRESENTATION_CONTEXT ( 3 ) GLOBAL_UNCERTAINTY_ASSIGNED_CONTEXT ( ( #8373 ) ) GLOBAL_UNIT_ASSIGNED_CONTEXT ( ( #2068, #6622, #8141 ) ) REPRESENTATION_CONTEXT ( 'NONE', 'WORKASPACE' ) );
#1731 = VECTOR ( 'NONE', #3117, 1000.000000000000000 ) ;
#1732 = ADVANCED_FACE ( 'NONE', ( #4487 ), #120, .F. ) ;
#1733 = LINE ( 'NONE', #7090, #9360 ) ;
#1734 = CARTESIAN_POINT ( 'NONE',  ( 0.2585055432192265856, 0.9761552791488392611, 0.01100000000000389902 ) ) ;
#1735 = SURFACE_STYLE_FILL_AREA ( #8285 ) ;
#1736 = ORIENTED_EDGE ( 'NONE', *, *, #2203, .F. ) ;
#1737 = CARTESIAN_POINT ( 'NONE',  ( -0.05133847617578795458, 0.9534235412030243051, 0.001000000000003873225 ) ) ;
#1738 = DIRECTION ( 'NONE',  ( 1.445602896647339163E-16, 3.491481338843133355E-15, -1.000000000000000000 ) ) ;
#1739 = ORIENTED_EDGE ( 'NONE', *, *, #3399, .F. ) ;
#1740 = UNCERTAINTY_MEASURE_WITH_UNIT (LENGTH_MEASURE( 1.000000000000000082E-05 ), #370, 'distance_accuracy_value', 'NONE');
#1741 = AXIS2_PLACEMENT_3D ( 'NONE', #7354, #4223, #2029 ) ;
#1742 = LINE ( 'NONE', #688, #1174 ) ;
#1743 = ORIENTED_EDGE ( 'NONE', *, *, #1768, .T. ) ;
#1744 = CARTESIAN_POINT ( 'NONE',  ( 1.800000000000000711, -4.768999999999994799, 1.600999999999984214 ) ) ;
#1745 = VERTEX_POINT ( 'NONE', #2909 ) ;
#1746 =( LENGTH_UNIT ( ) NAMED_UNIT ( * ) SI_UNIT ( .MILLI., .METRE. ) );
#1747 = PLANE ( 'NONE',  #729 ) ;
#1748 = SURFACE_STYLE_USAGE ( .BOTH. , #3986 ) ;
#1749 = SURFACE_STYLE_USAGE ( .BOTH. , #4081 ) ;
#1750 = CARTESIAN_POINT ( 'NONE',  ( -0.1039835118711591871, 1.038445951998076877, 0.01100000000000433270 ) ) ;
#1751 = EDGE_LOOP ( 'NONE', ( #4321, #30, #9620, #8020 ) ) ;
#1752 =( GEOMETRIC_REPRESENTATION_CONTEXT ( 3 ) GLOBAL_UNCERTAINTY_ASSIGNED_CONTEXT ( ( #479 ) ) GLOBAL_UNIT_ASSIGNED_CONTEXT ( ( #1172, #9423, #6366 ) ) REPRESENTATION_CONTEXT ( 'NONE', 'WORKASPACE' ) );
#1753 = LINE ( 'NONE', #5648, #9259 ) ;
#1754 = CARTESIAN_POINT ( 'NONE',  ( -0.06023468116072546591, 0.9791460938802848402, 0.001000000000003873225 ) ) ;
#1755 = VERTEX_POINT ( 'NONE', #2266 ) ;
#1756 = ORIENTED_EDGE ( 'NONE', *, *, #7987, .F. ) ;
#1757 = MECHANICAL_DESIGN_GEOMETRIC_PRESENTATION_REPRESENTATION (  '', ( #580 ), #3451 ) ;
#1758 = ORIENTED_EDGE ( 'NONE', *, *, #3645, .T. ) ;
#1759 = EDGE_CURVE ( 'NONE', #1786, #786, #966, .T. ) ;
#1760 = DIRECTION ( 'NONE',  ( -1.000000000000000000, -0.0000000000000000000, 0.0000000000000000000 ) ) ;
#1761 = UNCERTAINTY_MEASURE_WITH_UNIT (LENGTH_MEASURE( 1.000000000000000082E-05 ), #3172, 'distance_accuracy_value', 'NONE');
#1762 = CARTESIAN_POINT ( 'NONE',  ( -0.6999999999999999556, 3.331000000000008399, 0.4010000000000131792 ) ) ;
#1763 = CARTESIAN_POINT ( 'NONE',  ( -0.08802039040033915462, 0.9680553751334475265, 0.001000000000003873225 ) ) ;
#1764 = VERTEX_POINT ( 'NONE', #795 ) ;
#1765 = B_SPLINE_SURFACE_WITH_KNOTS ( 'NONE', 3, 1, ( 
 ( #8088, #9582 ),
 ( #618, #2139 ),
 ( #5845, #2914 ),
 ( #7410, #6609 ),
 ( #8912, #2852 ),
 ( #8122, #3621 ),
 ( #8153, #8851 ),
 ( #7378, #9624 ),
 ( #5881, #1381 ),
 ( #2876, #1518 ),
 ( #4534, #5268 ),
 ( #765, #6049 ),
 ( #5951, #3093 ),
 ( #3810, #5297 ),
 ( #6084, #3773 ),
 ( #8309, #3031 ),
 ( #830, #9048 ),
 ( #5329, #6794 ),
 ( #1450, #6019 ) ),
 .UNSPECIFIED., .F., .F., .F.,
 ( 4, 1, 1, 1, 1, 1, 1, 1, 1, 1, 1, 1, 1, 1, 1, 1, 4 ),
 ( 2, 2 ),
 ( 0.0000000000000000000, 0.06863117867660142868, 0.1345664660386772793, 0.1983281540108814134, 0.2607897666408458548, 0.3219991514841591962, 0.3827217465030208210, 0.4435374740357291845, 0.5051334294849250117, 0.5662138747646732195, 0.6261058646175460263, 0.6853493221605171382, 0.7449958703477969069, 0.8054158418145623832, 0.8676362663459531444, 0.9323077823023293575, 1.000000000000000000 ),
 ( 0.0000000000000000000, 1.000000000000000000 ),
 .UNSPECIFIED. ) ;
#1766 = EDGE_LOOP ( 'NONE', ( #9627, #9291, #7672, #3290 ) ) ;
#1767 = EDGE_CURVE ( 'NONE', #29, #8902, #4844, .T. ) ;
#1768 = EDGE_CURVE ( 'NONE', #2797, #1899, #6954, .T. ) ;
#1769 = SURFACE_SIDE_STYLE ('',( #8579 ) ) ;
#1770 = ORIENTED_EDGE ( 'NONE', *, *, #8971, .F. ) ;
#1771 = LINE ( 'NONE', #5322, #9639 ) ;
#1772 = SURFACE_SIDE_STYLE ('',( #5748 ) ) ;
#1773 = CARTESIAN_POINT ( 'NONE',  ( -2.899999999999999911, 0.3017106781186625342, 0.6010000000000019771 ) ) ;
#1774 = AXIS2_PLACEMENT_3D ( 'NONE', #5490, #2344, #7682 ) ;
#1775 = CARTESIAN_POINT ( 'NONE',  ( -2.900000000000000355, -0.7589999999999966773, 1.920999999999998042 ) ) ;
#1776 = VECTOR ( 'NONE', #8374, 1000.000000000000000 ) ;
#1777 = VERTEX_POINT ( 'NONE', #3837 ) ;
#1778 = DIRECTION ( 'NONE',  ( 1.000000000000000000, -5.221340210712170860E-31, 1.495451272393799542E-16 ) ) ;
#1779 = FILL_AREA_STYLE_COLOUR ( '', #1293 ) ;
#1780 =( GEOMETRIC_REPRESENTATION_CONTEXT ( 3 ) GLOBAL_UNCERTAINTY_ASSIGNED_CONTEXT ( ( #7589 ) ) GLOBAL_UNIT_ASSIGNED_CONTEXT ( ( #9167, #5450, #7598 ) ) REPRESENTATION_CONTEXT ( 'NONE', 'WORKASPACE' ) );
#1781 = CARTESIAN_POINT ( 'NONE',  ( -2.700000000000000622, -1.769000000000009232, 5.600999999999993761 ) ) ;
#1782 = CARTESIAN_POINT ( 'NONE',  ( -1.599999999999999201, -4.768999999999994799, 1.400999999999984036 ) ) ;
#1783 = CARTESIAN_POINT ( 'NONE',  ( -0.09993272565861095746, 1.135989087788392915, 0.001000000000004306906 ) ) ;
#1784 = CARTESIAN_POINT ( 'NONE',  ( -0.03273329256830981998, 0.9737745219757900639, 0.01100000000000389902 ) ) ;
#1785 = LINE ( 'NONE', #172, #9528 ) ;
#1786 = VERTEX_POINT ( 'NONE', #4664 ) ;
#1787 = CARTESIAN_POINT ( 'NONE',  ( 2.899999999999999911, 0.3017106781186625342, 0.6010000000000019771 ) ) ;
#1788 = FACE_OUTER_BOUND ( 'NONE', #7869, .T. ) ;
#1789 = AXIS2_PLACEMENT_3D ( 'NONE', #3146, #8401, #2395 ) ;
#1790 = ORIENTED_EDGE ( 'NONE', *, *, #3237, .F. ) ;
#1791 = CARTESIAN_POINT ( 'NONE',  ( -2.699999999999999734, 1.331000000000004846, 1.401000000000005574 ) ) ;
#1792 = SURFACE_SIDE_STYLE ('',( #4990 ) ) ;
#1793 = COLOUR_RGB ( '',0.1098039215686274495, 0.1098039215686274495, 0.1098039215686274495 ) ;
#1794 = CYLINDRICAL_SURFACE ( 'NONE', #3871, 0.1999999999999996503 ) ;
#1795 = LINE ( 'NONE', #4, #754 ) ;
#1796 = CARTESIAN_POINT ( 'NONE',  ( -2.699999999999999734, 3.331000000000009731, 0.001000000000012113161 ) ) ;
#1797 = VECTOR ( 'NONE', #5414, 1000.000000000000000 ) ;
#1798 = CARTESIAN_POINT ( 'NONE',  ( -2.699999999999999734, -1.568999999999990624, 0.2009999999999952935 ) ) ;
#1799 = FILL_AREA_STYLE_COLOUR ( '', #6570 ) ;
#1800 = CARTESIAN_POINT ( 'NONE',  ( -0.01146997611436399028, 0.9754227964289593489, 0.001000000000003873225 ) ) ;
#1801 = CARTESIAN_POINT ( 'NONE',  ( -2.900000000000000355, 0.2859999999999945919, 4.401000000000002466 ) ) ;
#1802 = ORIENTED_EDGE ( 'NONE', *, *, #9359, .T. ) ;
#1803 = LINE ( 'NONE', #3662, #6161 ) ;
#1804 = STYLED_ITEM ( 'NONE', ( #2170 ), #7543 ) ;
#1805 = FACE_OUTER_BOUND ( 'NONE', #3541, .T. ) ;
#1806 = CARTESIAN_POINT ( 'NONE',  ( 0.01681347004849466364, 1.143838205978106481, 0.01100000000000433270 ) ) ;
#1807 = DIRECTION ( 'NONE',  ( 0.0000000000000000000, -3.491481338843132961E-15, 1.000000000000000000 ) ) ;
#1808 = AXIS2_PLACEMENT_3D ( 'NONE', #2801, #8074, #7335 ) ;
#1809 = EDGE_CURVE ( 'NONE', #8371, #4912, #7292, .T. ) ;
#1810 = SURFACE_SIDE_STYLE ('',( #8338 ) ) ;
#1811 = LINE ( 'NONE', #6705, #5587 ) ;
#1812 = COLOUR_RGB ( '',0.1098039215686274495, 0.1098039215686274495, 0.1098039215686274495 ) ;
#1813 = EDGE_CURVE ( 'NONE', #8615, #7793, #4010, .T. ) ;
#1814 = DIRECTION ( 'NONE',  ( 0.0000000000000000000, 1.000000000000000000, 3.491481338843133355E-15 ) ) ;
#1815 = AXIS2_PLACEMENT_3D ( 'NONE', #1137, #3263, #7069 ) ;
#1816 = EDGE_CURVE ( 'NONE', #8879, #2519, #6712, .T. ) ;
#1817 = DIRECTION ( 'NONE',  ( -0.9954525582338367151, 0.09525861801280717522, 4.814587666375479993E-16 ) ) ;
#1818 = LINE ( 'NONE', #5605, #8733 ) ;
#1819 = ADVANCED_FACE ( 'NONE', ( #2819 ), #3113, .T. ) ;
#1820 = ORIENTED_EDGE ( 'NONE', *, *, #2288, .F. ) ;
#1821 = ORIENTED_EDGE ( 'NONE', *, *, #6670, .F. ) ;
#1822 = DIRECTION ( 'NONE',  ( -1.243117742458889624E-31, 1.000000000000000000, 2.840960035351830695E-15 ) ) ;
#1823 = CARTESIAN_POINT ( 'NONE',  ( -2.700000000000000622, 3.330999999999990191, 5.601000000000012413 ) ) ;
#1824 = EDGE_LOOP ( 'NONE', ( #9468, #2943, #6090, #8241 ) ) ;
#1825 = DIRECTION ( 'NONE',  ( -1.000000000000000000, -0.0000000000000000000, 0.0000000000000000000 ) ) ;
#1826 = DIRECTION ( 'NONE',  ( -0.0000000000000000000, -3.491481338843133355E-15, 1.000000000000000000 ) ) ;
#1827 = FILL_AREA_STYLE ('',( #4876 ) ) ;
#1828 = EDGE_CURVE ( 'NONE', #6786, #7342, #7887, .T. ) ;
#1829 = AXIS2_PLACEMENT_3D ( 'NONE', #7506, #3760, #6818 ) ;
#1830 = ORIENTED_EDGE ( 'NONE', *, *, #7349, .F. ) ;
#1831 = CARTESIAN_POINT ( 'NONE',  ( 3.641421356237309226, 0.9017106781186623454, 0.6010000000000036424 ) ) ;
#1832 = EDGE_LOOP ( 'NONE', ( #6313, #8684, #7027, #5182 ) ) ;
#1833 =( NAMED_UNIT ( * ) SI_UNIT ( $, .STERADIAN. ) SOLID_ANGLE_UNIT ( ) );
#1834 = DIRECTION ( 'NONE',  ( 0.0000000000000000000, 0.7071067811865462405, 0.7071067811865489050 ) ) ;
#1835 = PLANE ( 'NONE',  #8785 ) ;
#1836 = PRESENTATION_LAYER_ASSIGNMENT (  '', '', ( #9061 ) ) ;
#1837 = CARTESIAN_POINT ( 'NONE',  ( 4.041421356237307805, 2.901710678118663900, 0.2010000000000108922 ) ) ;
#1838 = SURFACE_STYLE_FILL_AREA ( #8631 ) ;
#1839 = CARTESIAN_POINT ( 'NONE',  ( -0.1221939173639721571, 1.106851283680635678, 0.001000000000004306906 ) ) ;
#1840 = CARTESIAN_POINT ( 'NONE',  ( 0.3404398423454631506, 1.119069133559873030, 0.01100000000000433270 ) ) ;
#1841 = PRESENTATION_STYLE_ASSIGNMENT (( #7312 ) ) ;
#1842 = CARTESIAN_POINT ( 'NONE',  ( 0.4665848115119092254, 0.9785943035390829436, 0.001000000000003873225 ) ) ;
#1843 = ORIENTED_EDGE ( 'NONE', *, *, #6740, .F. ) ;
#1844 = MECHANICAL_DESIGN_GEOMETRIC_PRESENTATION_REPRESENTATION (  '', ( #9578 ), #2331 ) ;
#1845 = FACE_OUTER_BOUND ( 'NONE', #2659, .T. ) ;
#1846 = SURFACE_STYLE_FILL_AREA ( #790 ) ;
#1847 =( LENGTH_UNIT ( ) NAMED_UNIT ( * ) SI_UNIT ( .MILLI., .METRE. ) );
#1848 = DIRECTION ( 'NONE',  ( 1.000000000000000000, 0.0000000000000000000, 0.0000000000000000000 ) ) ;
#1849 = VECTOR ( 'NONE', #3379, 1000.000000000000000 ) ;
#1850 = AXIS2_PLACEMENT_3D ( 'NONE', #298, #4008, #8565 ) ;
#1851 =( NAMED_UNIT ( * ) SI_UNIT ( $, .STERADIAN. ) SOLID_ANGLE_UNIT ( ) );
#1852 = ORIENTED_EDGE ( 'NONE', *, *, #8239, .F. ) ;
#1853 = PRESENTATION_STYLE_ASSIGNMENT (( #5979 ) ) ;
#1854 = ORIENTED_EDGE ( 'NONE', *, *, #1336, .T. ) ;
#1855 = UNCERTAINTY_MEASURE_WITH_UNIT (LENGTH_MEASURE( 1.000000000000000082E-05 ), #3971, 'distance_accuracy_value', 'NONE');
#1856 = LINE ( 'NONE', #2557, #2657 ) ;
#1857 = CARTESIAN_POINT ( 'NONE',  ( -0.6999999999999999556, 3.331000000000008399, 0.4010000000000131792 ) ) ;
#1858 =( NAMED_UNIT ( * ) PLANE_ANGLE_UNIT ( ) SI_UNIT ( $, .RADIAN. ) );
#1859 = EDGE_LOOP ( 'NONE', ( #9263, #2601, #4687, #933 ) ) ;
#1860 = CARTESIAN_POINT ( 'NONE',  ( -2.899999999999999911, -0.7589999999999905711, 0.2009999999999983189 ) ) ;
#1861 = ORIENTED_EDGE ( 'NONE', *, *, #7975, .F. ) ;
#1862 =( NAMED_UNIT ( * ) PLANE_ANGLE_UNIT ( ) SI_UNIT ( $, .RADIAN. ) );
#1863 = AXIS2_PLACEMENT_3D ( 'NONE', #9316, #4848, #2406 ) ;
#1864 = ORIENTED_EDGE ( 'NONE', *, *, #4814, .T. ) ;
#1865 = FACE_OUTER_BOUND ( 'NONE', #1639, .T. ) ;
#1866 = LINE ( 'NONE', #3308, #3870 ) ;
#1867 = ORIENTED_EDGE ( 'NONE', *, *, #7502, .F. ) ;
#1868 = DIRECTION ( 'NONE',  ( -0.0000000000000000000, 3.491481338843133355E-15, -1.000000000000000000 ) ) ;
#1869 = DIRECTION ( 'NONE',  ( 0.0000000000000000000, 3.491481338843133355E-15, -1.000000000000000000 ) ) ;
#1870 = DIRECTION ( 'NONE',  ( 1.000000000000000000, 0.0000000000000000000, 0.0000000000000000000 ) ) ;
#1871 = ORIENTED_EDGE ( 'NONE', *, *, #2479, .F. ) ;
#1872 = VERTEX_POINT ( 'NONE', #3061 ) ;
#1873 = SURFACE_STYLE_USAGE ( .BOTH. , #8713 ) ;
#1874 = ADVANCED_FACE ( 'NONE', ( #1885 ), #49, .F. ) ;
#1875 = DIRECTION ( 'NONE',  ( 0.0000000000000000000, 0.7071067811865489050, -0.7071067811865462405 ) ) ;
#1876 = CARTESIAN_POINT ( 'NONE',  ( -0.1051377494637004695, 1.056338205978106570, 0.001000000000004306906 ) ) ;
#1877 = PRESENTATION_LAYER_ASSIGNMENT (  '', '', ( #403 ) ) ;
#1878 = LINE ( 'NONE', #4555, #3415 ) ;
#1879 = AXIS2_PLACEMENT_3D ( 'NONE', #8148, #9067, #6783 ) ;
#1880 = LINE ( 'NONE', #8824, #3181 ) ;
#1881 = EDGE_CURVE ( 'NONE', #1888, #428, #7642, .T. ) ;
#1882 = VERTEX_POINT ( 'NONE', #1796 ) ;
#1883 =( NAMED_UNIT ( * ) SI_UNIT ( $, .STERADIAN. ) SOLID_ANGLE_UNIT ( ) );
#1884 = DIRECTION ( 'NONE',  ( 0.0000000000000000000, 1.000000000000000000, 3.523657060577887833E-15 ) ) ;
#1885 = FACE_OUTER_BOUND ( 'NONE', #4364, .T. ) ;
#1886 = DIRECTION ( 'NONE',  ( 0.0000000000000000000, 1.000000000000000000, 3.491481338843133355E-15 ) ) ;
#1887 = VECTOR ( 'NONE', #8595, 1000.000000000000000 ) ;
#1888 = VERTEX_POINT ( 'NONE', #5326 ) ;
#1889 = MECHANICAL_DESIGN_GEOMETRIC_PRESENTATION_REPRESENTATION (  '', ( #9632 ), #4741 ) ;
#1890 = EDGE_CURVE ( 'NONE', #6383, #6790, #3459, .T. ) ;
#1891 = ORIENTED_EDGE ( 'NONE', *, *, #6177, .F. ) ;
#1892 = CARTESIAN_POINT ( 'NONE',  ( 1.800000000000000488, -4.686157287525385406, 4.400999999999984702 ) ) ;
#1893 = LINE ( 'NONE', #5049, #3781 ) ;
#1894 = CARTESIAN_POINT ( 'NONE',  ( 0.3629158289031925722, 1.062870975493835912, 0.001000000000004306906 ) ) ;
#1895 = FILL_AREA_STYLE ('',( #415 ) ) ;
#1896 = VERTEX_POINT ( 'NONE', #7783 ) ;
#1897 = MECHANICAL_DESIGN_GEOMETRIC_PRESENTATION_REPRESENTATION (  '', ( #8677 ), #6330 ) ;
#1898 = SURFACE_STYLE_FILL_AREA ( #6911 ) ;
#1899 = VERTEX_POINT ( 'NONE', #224 ) ;
#1900 = EDGE_CURVE ( 'NONE', #1050, #6223, #4726, .T. ) ;
#1901 = DIRECTION ( 'NONE',  ( 1.000000000000000000, 0.0000000000000000000, 0.0000000000000000000 ) ) ;
#1902 = MECHANICAL_DESIGN_GEOMETRIC_PRESENTATION_REPRESENTATION (  '', ( #1410 ), #8812 ) ;
#1903 = DIRECTION ( 'NONE',  ( 0.0000000000000000000, 1.000000000000000000, 3.491481338843133355E-15 ) ) ;
#1904 = CARTESIAN_POINT ( 'NONE',  ( 0.3086235994101352298, 1.143434785427621003, 0.01100000000000433270 ) ) ;
#1905 = LINE ( 'NONE', #7032, #5906 ) ;
#1906 = FILL_AREA_STYLE ('',( #1077 ) ) ;
#1907 = PRESENTATION_LAYER_ASSIGNMENT (  '', '', ( #1599 ) ) ;
#1908 = DIRECTION ( 'NONE',  ( -1.000000000000000000, 5.221340210712170860E-31, -1.495451272393799542E-16 ) ) ;
#1909 = DIRECTION ( 'NONE',  ( 1.000000000000000000, 0.0000000000000000000, 0.0000000000000000000 ) ) ;
#1910 = CARTESIAN_POINT ( 'NONE',  ( -0.09429782560323612950, 1.102065376651466311, 0.01100000000000433270 ) ) ;
#1911 = LINE ( 'NONE', #5117, #3571 ) ;
#1912 = COLOUR_RGB ( '',0.1098039215686274495, 0.1098039215686274495, 0.1098039215686274495 ) ;
#1913 = ADVANCED_FACE ( 'NONE', ( #7670 ), #1059, .T. ) ;
#1914 = EDGE_LOOP ( 'NONE', ( #8576, #3148, #4847, #9140 ) ) ;
#1915 = FACE_OUTER_BOUND ( 'NONE', #4590, .T. ) ;
#1916 = PRESENTATION_LAYER_ASSIGNMENT (  '', '', ( #3941 ) ) ;
#1917 =( NAMED_UNIT ( * ) PLANE_ANGLE_UNIT ( ) SI_UNIT ( $, .RADIAN. ) );
#1918 = LINE ( 'NONE', #7323, #313 ) ;
#1919 = CARTESIAN_POINT ( 'NONE',  ( 0.3517173643660215232, 1.102670113135681529, 0.01100000000000433270 ) ) ;
#1920 = UNCERTAINTY_MEASURE_WITH_UNIT (LENGTH_MEASURE( 1.000000000000000082E-05 ), #4438, 'distance_accuracy_value', 'NONE');
#1921 = CARTESIAN_POINT ( 'NONE',  ( -1.799999999999999378, -4.768999999999994799, 1.400999999999984036 ) ) ;
#1922 = PRESENTATION_STYLE_ASSIGNMENT (( #9064 ) ) ;
#1923 = UNCERTAINTY_MEASURE_WITH_UNIT (LENGTH_MEASURE( 1.000000000000000082E-05 ), #27, 'distance_accuracy_value', 'NONE');
#1924 = STYLED_ITEM ( 'NONE', ( #1600 ), #8276 ) ;
#1925 = LINE ( 'NONE', #7562, #541 ) ;
#1926 = PRESENTATION_STYLE_ASSIGNMENT (( #6337 ) ) ;
#1927 = DIRECTION ( 'NONE',  ( 1.000000000000000000, 0.0000000000000000000, 0.0000000000000000000 ) ) ;
#1928 = PRESENTATION_LAYER_ASSIGNMENT (  '', '', ( #452 ) ) ;
#1929 = DIRECTION ( 'NONE',  ( 0.0000000000000000000, 1.000000000000000000, 3.491481338843133355E-15 ) ) ;
#1930 = EDGE_CURVE ( 'NONE', #1346, #632, #3592, .T. ) ;
#1931 = CARTESIAN_POINT ( 'NONE',  ( -0.0006420805121272697962, 1.129789853919795029, 0.01100000000000433270 ) ) ;
#1932 = CARTESIAN_POINT ( 'NONE',  ( 0.2290085919997141839, -0.7589999999999896829, 0.01099999999999782749 ) ) ;
#1933 = DIRECTION ( 'NONE',  ( 0.0000000000000000000, 1.000000000000000000, 3.491481338843133355E-15 ) ) ;
#1934 = LINE ( 'NONE', #5974, #2278 ) ;
#1935 = COLOUR_RGB ( '',0.1098039215686274495, 0.1098039215686274495, 0.1098039215686274495 ) ;
#1936 = DIRECTION ( 'NONE',  ( 1.495451272393799542E-16, -2.949380252600381138E-15, 1.000000000000000000 ) ) ;
#1937 =( GEOMETRIC_REPRESENTATION_CONTEXT ( 3 ) GLOBAL_UNCERTAINTY_ASSIGNED_CONTEXT ( ( #5814 ) ) GLOBAL_UNIT_ASSIGNED_CONTEXT ( ( #5981, #2946, #5294 ) ) REPRESENTATION_CONTEXT ( 'NONE', 'WORKASPACE' ) );
#1938 = EDGE_CURVE ( 'NONE', #9268, #7324, #2864, .T. ) ;
#1939 =( NAMED_UNIT ( * ) SI_UNIT ( $, .STERADIAN. ) SOLID_ANGLE_UNIT ( ) );
#1940 = ORIENTED_EDGE ( 'NONE', *, *, #7163, .F. ) ;
#1941 = ORIENTED_EDGE ( 'NONE', *, *, #4818, .F. ) ;
#1942 = CARTESIAN_POINT ( 'NONE',  ( 1.299999999999999378, 3.818867965644044737, 0.5717106781186694908 ) ) ;
#1943 = DIRECTION ( 'NONE',  ( -1.000000000000000000, -0.0000000000000000000, 0.0000000000000000000 ) ) ;
#1944 = SURFACE_STYLE_FILL_AREA ( #7721 ) ;
#1945 = LINE ( 'NONE', #1245, #6661 ) ;
#1946 = AXIS2_PLACEMENT_3D ( 'NONE', #5056, #1364, #8103 ) ;
#1947 = CARTESIAN_POINT ( 'NONE',  ( -2.700000000000000622, 1.330999999999994410, 4.401000000000006018 ) ) ;
#1948 = ORIENTED_EDGE ( 'NONE', *, *, #1813, .T. ) ;
#1949 = CARTESIAN_POINT ( 'NONE',  ( 0.3174846348621224168, 1.138627920295193441, 0.001000000000004306906 ) ) ;
#1950 = EDGE_CURVE ( 'NONE', #8558, #2755, #2264, .T. ) ;
#1951 = AXIS2_PLACEMENT_3D ( 'NONE', #7226, #8697, #3460 ) ;
#1952 = CARTESIAN_POINT ( 'NONE',  ( 2.899999999999999023, -0.7590000000000096669, 5.600999999999997314 ) ) ;
#1953 = COLOUR_RGB ( '',0.7764705882352941346, 0.7568627450980391913, 0.7372549019607843590 ) ;
#1954 = ORIENTED_EDGE ( 'NONE', *, *, #4020, .T. ) ;
#1955 = DIRECTION ( 'NONE',  ( -1.000000000000000000, -0.0000000000000000000, 0.0000000000000000000 ) ) ;
#1956 = CARTESIAN_POINT ( 'NONE',  ( 0.005110284282089799096, 1.149535597253583452, 0.001000000000004306906 ) ) ;
#1957 =( GEOMETRIC_REPRESENTATION_CONTEXT ( 3 ) GLOBAL_UNCERTAINTY_ASSIGNED_CONTEXT ( ( #4408 ) ) GLOBAL_UNIT_ASSIGNED_CONTEXT ( ( #7516, #2307, #6728 ) ) REPRESENTATION_CONTEXT ( 'NONE', 'WORKASPACE' ) );
#1958 = CARTESIAN_POINT ( 'NONE',  ( 1.299999999999999378, 5.131000000000009109, 0.2010000000000182752 ) ) ;
#1959 = ADVANCED_FACE ( 'NONE', ( #4177 ), #355, .F. ) ;
#1960 = SURFACE_STYLE_USAGE ( .BOTH. , #7162 ) ;
#1961 = FILL_AREA_STYLE_COLOUR ( '', #710 ) ;
#1962 = DIRECTION ( 'NONE',  ( 1.000000000000000000, 5.221340210712170860E-31, -1.495451272393799542E-16 ) ) ;
#1963 = ORIENTED_EDGE ( 'NONE', *, *, #2952, .T. ) ;
#1964 = ORIENTED_EDGE ( 'NONE', *, *, #7927, .T. ) ;
#1965 = VERTEX_POINT ( 'NONE', #9243 ) ;
#1966 = ORIENTED_EDGE ( 'NONE', *, *, #2126, .T. ) ;
#1967 = CARTESIAN_POINT ( 'NONE',  ( -0.03452037141491998140, 1.134691864514691728, 0.001000000000004306906 ) ) ;
#1968 = CARTESIAN_POINT ( 'NONE',  ( -0.05650139686106990522, 1.131856251895310805, 0.01100000000000433270 ) ) ;
#1969 = DIRECTION ( 'NONE',  ( -1.000000000000000000, 0.0000000000000000000, 0.0000000000000000000 ) ) ;
#1970 = CARTESIAN_POINT ( 'NONE',  ( -4.699999999999997513, 0.9017106781186641218, 0.001000000000003873225 ) ) ;
#1971 = EDGE_LOOP ( 'NONE', ( #7210, #1954, #3925, #934 ) ) ;
#1972 =( GEOMETRIC_REPRESENTATION_CONTEXT ( 3 ) GLOBAL_UNCERTAINTY_ASSIGNED_CONTEXT ( ( #2916 ) ) GLOBAL_UNIT_ASSIGNED_CONTEXT ( ( #4905, #7882, #440 ) ) REPRESENTATION_CONTEXT ( 'NONE', 'WORKASPACE' ) );
#1973 = ORIENTED_EDGE ( 'NONE', *, *, #3922, .F. ) ;
#1974 = ORIENTED_EDGE ( 'NONE', *, *, #4659, .F. ) ;
#1975 = ORIENTED_EDGE ( 'NONE', *, *, #232, .F. ) ;
#1976 = CARTESIAN_POINT ( 'NONE',  ( 1.600000000000000089, -4.769000000000003681, 4.100999999999984880 ) ) ;
#1977 =( GEOMETRIC_REPRESENTATION_CONTEXT ( 3 ) GLOBAL_UNCERTAINTY_ASSIGNED_CONTEXT ( ( #8582 ) ) GLOBAL_UNIT_ASSIGNED_CONTEXT ( ( #3796, #1506, #9681 ) ) REPRESENTATION_CONTEXT ( 'NONE', 'WORKASPACE' ) );
#1978 = PLANE ( 'NONE',  #1003 ) ;
#1979 = SURFACE_STYLE_USAGE ( .BOTH. , #5831 ) ;
#1980 = PLANE ( 'NONE',  #7177 ) ;
#1981 = PRESENTATION_LAYER_ASSIGNMENT (  '', '', ( #8044 ) ) ;
#1982 = ORIENTED_EDGE ( 'NONE', *, *, #782, .F. ) ;
#1983 = EDGE_CURVE ( 'NONE', #3886, #824, #5704, .T. ) ;
#1984 = ORIENTED_EDGE ( 'NONE', *, *, #8548, .T. ) ;
#1985 = DIRECTION ( 'NONE',  ( 0.0000000000000000000, -3.491481338843133355E-15, 1.000000000000000000 ) ) ;
#1986 = SURFACE_STYLE_FILL_AREA ( #6316 ) ;
#1987 = DIRECTION ( 'NONE',  ( -0.3222024856061127540, 0.9466707760722534726, 3.305283348684419555E-15 ) ) ;
#1988 = EDGE_CURVE ( 'NONE', #819, #8072, #2042, .T. ) ;
#1989 = DIRECTION ( 'NONE',  ( 0.0000000000000000000, 3.491481338843133355E-15, -1.000000000000000000 ) ) ;
#1990 = DIRECTION ( 'NONE',  ( 0.0000000000000000000, 1.000000000000000000, 3.491481338843133355E-15 ) ) ;
#1991 = CARTESIAN_POINT ( 'NONE',  ( 2.900000000000000355, 0.2859999999999945919, 4.401000000000002466 ) ) ;
#1992 = CYLINDRICAL_SURFACE ( 'NONE', #7994, 0.2000000000000000944 ) ;
#1993 = ORIENTED_EDGE ( 'NONE', *, *, #6124, .T. ) ;
#1994 =( LENGTH_UNIT ( ) NAMED_UNIT ( * ) SI_UNIT ( .MILLI., .METRE. ) );
#1995 = DIRECTION ( 'NONE',  ( 0.0000000000000000000, 1.000000000000000000, 3.491481338843133355E-15 ) ) ;
#1996 = CARTESIAN_POINT ( 'NONE',  ( -0.05650139686106990522, 1.131856251895310805, 0.001000000000004306906 ) ) ;
#1997 = FACE_OUTER_BOUND ( 'NONE', #130, .T. ) ;
#1998 =( NAMED_UNIT ( * ) PLANE_ANGLE_UNIT ( ) SI_UNIT ( $, .RADIAN. ) );
#1999 = VERTEX_POINT ( 'NONE', #1704 ) ;
#2000 = CARTESIAN_POINT ( 'NONE',  ( 1.299999999999999378, 4.231000000000008754, 0.2010000000000152498 ) ) ;
#2001 = SURFACE_STYLE_FILL_AREA ( #8085 ) ;
#2002 = ORIENTED_EDGE ( 'NONE', *, *, #6865, .F. ) ;
#2003 = ADVANCED_FACE ( 'NONE', ( #9695, #3466, #9568, #1585, #9445, #1474 ), #5485, .F. ) ;
#2004 =( GEOMETRIC_REPRESENTATION_CONTEXT ( 3 ) GLOBAL_UNCERTAINTY_ASSIGNED_CONTEXT ( ( #8316 ) ) GLOBAL_UNIT_ASSIGNED_CONTEXT ( ( #1520, #3118, #8947 ) ) REPRESENTATION_CONTEXT ( 'NONE', 'WORKASPACE' ) );
#2005 = UNCERTAINTY_MEASURE_WITH_UNIT (LENGTH_MEASURE( 1.000000000000000082E-05 ), #614, 'distance_accuracy_value', 'NONE');
#2006 = B_SPLINE_CURVE_WITH_KNOTS ( 'NONE', 3,
 ( #2530, #8468, #995, #9346, #9308, #5588, #1800, #9247, #8529, #4038, #6357 ),
 .UNSPECIFIED., .F., .F.,
 ( 4, 1, 1, 1, 1, 1, 1, 1, 4 ),
 ( 0.0000000000000000000, 0.1252796967356235025, 0.2494199707420483858, 0.3733567994928193023, 0.4966812787822841302, 0.6202029157439812312, 0.7450863201614558173, 0.8712691950190976087, 1.000000000000000000 ),
 .UNSPECIFIED. ) ;
#2007 = CARTESIAN_POINT ( 'NONE',  ( -3.529289321881345032, 0.9017106781186619013, 0.7131320343559683916 ) ) ;
#2008 = CARTESIAN_POINT ( 'NONE',  ( 0.2893267954029409283, 1.150480373562890790, 0.01100000000000433270 ) ) ;
#2009 = CARTESIAN_POINT ( 'NONE',  ( -0.2514792128783345238, 1.154204059636644075, 0.001000000000004306906 ) ) ;
#2010 = CARTESIAN_POINT ( 'NONE',  ( 0.4636914380591874441, 0.9897366312300797109, 0.001000000000003873225 ) ) ;
#2011 = DIRECTION ( 'NONE',  ( 0.0000000000000000000, -1.000000000000000000, -2.840960035351830695E-15 ) ) ;
#2012 = VECTOR ( 'NONE', #4415, 1000.000000000000000 ) ;
#2013 = SURFACE_STYLE_FILL_AREA ( #4885 ) ;
#2014 = COLOUR_RGB ( '',0.7764705882352941346, 0.7568627450980391913, 0.7372549019607843590 ) ;
#2015 = LINE ( 'NONE', #7835, #6510 ) ;
#2016 = DIRECTION ( 'NONE',  ( 1.445602896647339163E-16, 3.491481338843133355E-15, -1.000000000000000000 ) ) ;
#2017 = MECHANICAL_DESIGN_GEOMETRIC_PRESENTATION_REPRESENTATION (  '', ( #8741 ), #3054 ) ;
#2018 = DIRECTION ( 'NONE',  ( 0.0000000000000000000, -1.000000000000000000, -3.491481338843133355E-15 ) ) ;
#2019 = LINE ( 'NONE', #5165, #2599 ) ;
#2020 = DIRECTION ( 'NONE',  ( 0.0000000000000000000, 3.491481338843133355E-15, -1.000000000000000000 ) ) ;
#2021 = FILL_AREA_STYLE ('',( #5135 ) ) ;
#2022 = CARTESIAN_POINT ( 'NONE',  ( 0.6999999999999992895, 4.231000000000008754, 0.2010000000000152498 ) ) ;
#2023 = CARTESIAN_POINT ( 'NONE',  ( -0.1257737216638940836, 1.098122238743174606, 0.01100000000000433270 ) ) ;
#2024 = ORIENTED_EDGE ( 'NONE', *, *, #5788, .T. ) ;
#2025 = UNCERTAINTY_MEASURE_WITH_UNIT (LENGTH_MEASURE( 1.000000000000000082E-05 ), #3678, 'distance_accuracy_value', 'NONE');
#2026 = CARTESIAN_POINT ( 'NONE',  ( -0.1051377494637004695, 1.056338205978106570, 0.001000000000004306906 ) ) ;
#2027 = VECTOR ( 'NONE', #6157, 1000.000000000000000 ) ;
#2028 = AXIS2_PLACEMENT_3D ( 'NONE', #7807, #9179, #295 ) ;
#2029 = DIRECTION ( 'NONE',  ( 0.0000000000000000000, 1.000000000000000000, 3.491481338843133355E-15 ) ) ;
#2030 = CARTESIAN_POINT ( 'NONE',  ( 0.3155503325149704996, 1.111308421226130383, 0.01100000000000433270 ) ) ;
#2031 = CARTESIAN_POINT ( 'NONE',  ( 3.529289321881345032, 2.301710678118662035, 0.7131320343559736097 ) ) ;
#2032 = ORIENTED_EDGE ( 'NONE', *, *, #2417, .F. ) ;
#2033 = SURFACE_STYLE_USAGE ( .BOTH. , #6559 ) ;
#2034 = PRESENTATION_STYLE_ASSIGNMENT (( #3346 ) ) ;
#2035 = CARTESIAN_POINT ( 'NONE',  ( -2.720000000000000195, 1.350999999999996204, 3.881000000000005112 ) ) ;
#2036 = LINE ( 'NONE', #4952, #7808 ) ;
#2037 = UNCERTAINTY_MEASURE_WITH_UNIT (LENGTH_MEASURE( 1.000000000000000082E-05 ), #560, 'distance_accuracy_value', 'NONE');
#2038 = LINE ( 'NONE', #9552, #207 ) ;
#2039 = FACE_OUTER_BOUND ( 'NONE', #8459, .T. ) ;
#2040 = AXIS2_PLACEMENT_3D ( 'NONE', #6972, #7727, #3230 ) ;
#2041 = LINE ( 'NONE', #2360, #7573 ) ;
#2042 = LINE ( 'NONE', #8433, #1702 ) ;
#2043 = FILL_AREA_STYLE_COLOUR ( '', #5360 ) ;
#2044 = PLANE ( 'NONE',  #1808 ) ;
#2045 = VECTOR ( 'NONE', #3677, 1000.000000000000000 ) ;
#2046 = CARTESIAN_POINT ( 'NONE',  ( -0.06311000067154111381, 1.129531286856690242, 0.001000000000004306906 ) ) ;
#2047 = LINE ( 'NONE', #3639, #8969 ) ;
#2048 = ORIENTED_EDGE ( 'NONE', *, *, #1256, .F. ) ;
#2049 = VERTEX_POINT ( 'NONE', #7085 ) ;
#2050 = STYLED_ITEM ( 'NONE', ( #4315 ), #8191 ) ;
#2051 = ORIENTED_EDGE ( 'NONE', *, *, #4100, .T. ) ;
#2052 = CARTESIAN_POINT ( 'NONE',  ( 0.05583786029239720672, 0.9542040596366438976, 0.01100000000000389902 ) ) ;
#2053 = EDGE_CURVE ( 'NONE', #7474, #2792, #6306, .T. ) ;
#2054 = SURFACE_STYLE_USAGE ( .BOTH. , #1335 ) ;
#2055 = ORIENTED_EDGE ( 'NONE', *, *, #5299, .T. ) ;
#2056 = ORIENTED_EDGE ( 'NONE', *, *, #5246, .F. ) ;
#2057 = VERTEX_POINT ( 'NONE', #3371 ) ;
#2058 = COLOUR_RGB ( '',0.7764705882352941346, 0.7568627450980391913, 0.7372549019607843590 ) ;
#2059 = EDGE_CURVE ( 'NONE', #3373, #6602, #6690, .T. ) ;
#2060 = DIRECTION ( 'NONE',  ( 0.0000000000000000000, 1.000000000000000000, 3.491481338843133355E-15 ) ) ;
#2061 = DIRECTION ( 'NONE',  ( 0.0000000000000000000, -1.000000000000000000, -3.491481338843133355E-15 ) ) ;
#2062 = MECHANICAL_DESIGN_GEOMETRIC_PRESENTATION_REPRESENTATION (  '', ( #3596 ), #8442 ) ;
#2063 = CARTESIAN_POINT ( 'NONE',  ( 0.2748599716244910507, 1.131051458916579655, 0.001000000000004306906 ) ) ;
#2064 = DIRECTION ( 'NONE',  ( 0.0000000000000000000, -3.491481338843133355E-15, 1.000000000000000000 ) ) ;
#2065 = EDGE_LOOP ( 'NONE', ( #9585, #6689, #2613, #2193 ) ) ;
#2066 = VECTOR ( 'NONE', #177, 1000.000000000000000 ) ;
#2067 = LINE ( 'NONE', #7183, #1512 ) ;
#2068 =( LENGTH_UNIT ( ) NAMED_UNIT ( * ) SI_UNIT ( .MILLI., .METRE. ) );
#2069 = CARTESIAN_POINT ( 'NONE',  ( 0.2565619456582508007, 1.154204059636644075, 0.01100000000000433270 ) ) ;
#2070 = ORIENTED_EDGE ( 'NONE', *, *, #3350, .F. ) ;
#2071 = ORIENTED_EDGE ( 'NONE', *, *, #4862, .F. ) ;
#2072 = AXIS2_PLACEMENT_3D ( 'NONE', #147, #3958, #6952 ) ;
#2073 = CARTESIAN_POINT ( 'NONE',  ( 0.4696717017558120766, 0.9926186937829848400, 0.001000000000003873225 ) ) ;
#2074 = VERTEX_POINT ( 'NONE', #1857 ) ;
#2075 = COLOUR_RGB ( '',0.1098039215686274495, 0.1098039215686274495, 0.1098039215686274495 ) ;
#2076 = ORIENTED_EDGE ( 'NONE', *, *, #79, .F. ) ;
#2077 = DIRECTION ( 'NONE',  ( 0.0000000000000000000, -3.491481338843133355E-15, 1.000000000000000000 ) ) ;
#2078 = SURFACE_SIDE_STYLE ('',( #1488 ) ) ;
#2079 = ORIENTED_EDGE ( 'NONE', *, *, #1983, .T. ) ;
#2080 = FILL_AREA_STYLE ('',( #5053 ) ) ;
#2081 =( NAMED_UNIT ( * ) PLANE_ANGLE_UNIT ( ) SI_UNIT ( $, .RADIAN. ) );
#2082 = CARTESIAN_POINT ( 'NONE',  ( 0.1631549334631288706, 1.132252840124448934, 0.001000000000004306906 ) ) ;
#2083 = FILL_AREA_STYLE_COLOUR ( '', #986 ) ;
#2084 =( LENGTH_UNIT ( ) NAMED_UNIT ( * ) SI_UNIT ( .MILLI., .METRE. ) );
#2085 = ORIENTED_EDGE ( 'NONE', *, *, #510, .T. ) ;
#2086 = VERTEX_POINT ( 'NONE', #9441 ) ;
#2087 = ORIENTED_EDGE ( 'NONE', *, *, #8981, .F. ) ;
#2088 = PLANE ( 'NONE',  #1741 ) ;
#2089 = DIRECTION ( 'NONE',  ( 0.0000000000000000000, -3.491481338843132961E-15, 1.000000000000000000 ) ) ;
#2090 = CARTESIAN_POINT ( 'NONE',  ( -2.800000000000000266, -0.7590000000000053371, 4.400999999999998913 ) ) ;
#2091 = CARTESIAN_POINT ( 'NONE',  ( 0.01681347004849455609, 0.9596918645146920168, 0.01100000000000389902 ) ) ;
#2092 = FACE_OUTER_BOUND ( 'NONE', #5047, .T. ) ;
#2093 = ADVANCED_FACE ( 'NONE', ( #8513 ), #3813, .T. ) ;
#2094 = ORIENTED_EDGE ( 'NONE', *, *, #5675, .F. ) ;
#2095 = CARTESIAN_POINT ( 'NONE',  ( 0.3243920403410524012, 1.005914989668964976, 0.001000000000003873225 ) ) ;
#2096 = PRESENTATION_STYLE_ASSIGNMENT (( #6893 ) ) ;
#2097 = COLOUR_RGB ( '',0.1098039215686274495, 0.1098039215686274495, 0.1098039215686274495 ) ;
#2098 = SURFACE_STYLE_FILL_AREA ( #3693 ) ;
#2099 =( NAMED_UNIT ( * ) SI_UNIT ( $, .STERADIAN. ) SOLID_ANGLE_UNIT ( ) );
#2100 = STYLED_ITEM ( 'NONE', ( #6779 ), #7937 ) ;
#2101 = CARTESIAN_POINT ( 'NONE',  ( -2.700000000000000178, 3.331000000000003070, 1.901000000000011791 ) ) ;
#2102 = ORIENTED_EDGE ( 'NONE', *, *, #8145, .F. ) ;
#2103 = CARTESIAN_POINT ( 'NONE',  ( 2.899999999999999911, 0.9017106781186623454, 0.6010000000000036424 ) ) ;
#2104 = PRESENTATION_STYLE_ASSIGNMENT (( #5395 ) ) ;
#2105 =( GEOMETRIC_REPRESENTATION_CONTEXT ( 3 ) GLOBAL_UNCERTAINTY_ASSIGNED_CONTEXT ( ( #9440 ) ) GLOBAL_UNIT_ASSIGNED_CONTEXT ( ( #4029, #7906, #2489 ) ) REPRESENTATION_CONTEXT ( 'NONE', 'WORKASPACE' ) );
#2106 = EDGE_CURVE ( 'NONE', #4791, #8473, #6745, .T. ) ;
#2107 = ORIENTED_EDGE ( 'NONE', *, *, #2942, .T. ) ;
#2108 = SURFACE_STYLE_FILL_AREA ( #9686 ) ;
#2109 = CARTESIAN_POINT ( 'NONE',  ( -0.2514792128783345238, 1.154204059636644075, 0.01100000000000433270 ) ) ;
#2110 = CARTESIAN_POINT ( 'NONE',  ( 0.08266712858507989370, 1.132252840124448934, 0.01100000000000433270 ) ) ;
#2111 = ORIENTED_EDGE ( 'NONE', *, *, #5613, .T. ) ;
#2112 = CARTESIAN_POINT ( 'NONE',  ( 2.900000000000000355, 0.2860000000000050280, 1.401000000000001355 ) ) ;
#2113 = CARTESIAN_POINT ( 'NONE',  ( 0.2586198724875190535, 0.9542040596366438976, 0.001000000000003873225 ) ) ;
#2114 =( NAMED_UNIT ( * ) PLANE_ANGLE_UNIT ( ) SI_UNIT ( $, .RADIAN. ) );
#2115 = STYLED_ITEM ( 'NONE', ( #9524 ), #9542 ) ;
#2116 = EDGE_CURVE ( 'NONE', #486, #336, #8964, .T. ) ;
#2117 = FILL_AREA_STYLE_COLOUR ( '', #7129 ) ;
#2118 = EDGE_LOOP ( 'NONE', ( #1061, #4789, #787, #1287 ) ) ;
#2119 = SURFACE_STYLE_USAGE ( .BOTH. , #7451 ) ;
#2120 = SURFACE_STYLE_USAGE ( .BOTH. , #5177 ) ;
#2121 = SURFACE_STYLE_FILL_AREA ( #4852 ) ;
#2122 = DIRECTION ( 'NONE',  ( -1.445602896647339163E-16, -3.491481338843133355E-15, 1.000000000000000000 ) ) ;
#2123 = PLANE ( 'NONE',  #9444 ) ;
#2124 = EDGE_CURVE ( 'NONE', #6886, #2586, #8842, .T. ) ;
#2125 = FILL_AREA_STYLE ('',( #6711 ) ) ;
#2126 = EDGE_CURVE ( 'NONE', #6436, #9262, #5236, .T. ) ;
#2127 =( GEOMETRIC_REPRESENTATION_CONTEXT ( 3 ) GLOBAL_UNCERTAINTY_ASSIGNED_CONTEXT ( ( #6877 ) ) GLOBAL_UNIT_ASSIGNED_CONTEXT ( ( #8252, #4505, #5269 ) ) REPRESENTATION_CONTEXT ( 'NONE', 'WORKASPACE' ) );
#2128 = CARTESIAN_POINT ( 'NONE',  ( -2.900000000000000355, 1.331000000000003292, 1.901000000000004908 ) ) ;
#2129 = CARTESIAN_POINT ( 'NONE',  ( 2.899999999999999023, -0.7590000000000105551, 5.800999999999997492 ) ) ;
#2130 = LINE ( 'NONE', #853, #1797 ) ;
#2131 = STYLED_ITEM ( 'NONE', ( #8594 ), #1676 ) ;
#2132 = SURFACE_STYLE_USAGE ( .BOTH. , #3641 ) ;
#2133 = LINE ( 'NONE', #8038, #2486 ) ;
#2134 = VECTOR ( 'NONE', #6875, 1000.000000000000000 ) ;
#2135 = FILL_AREA_STYLE_COLOUR ( '', #404 ) ;
#2136 = CARTESIAN_POINT ( 'NONE',  ( 2.899999999999999023, -1.769000000000009232, 5.600999999999992873 ) ) ;
#2137 = ADVANCED_FACE ( 'NONE', ( #6991 ), #5617, .F. ) ;
#2138 = FILL_AREA_STYLE_COLOUR ( '', #9099 ) ;
#2139 = CARTESIAN_POINT ( 'NONE',  ( 0.2622942453007889863, 0.9542859580271602082, 0.01100000000000390075 ) ) ;
#2140 = FILL_AREA_STYLE ('',( #28 ) ) ;
#2141 = LINE ( 'NONE', #1719, #9691 ) ;
#2142 = ORIENTED_EDGE ( 'NONE', *, *, #4870, .F. ) ;
#2143 = AXIS2_PLACEMENT_3D ( 'NONE', #5622, #3377, #6476 ) ;
#2144 = LINE ( 'NONE', #8327, #9446 ) ;
#2145 = PRESENTATION_STYLE_ASSIGNMENT (( #6154 ) ) ;
#2146 = DIRECTION ( 'NONE',  ( -0.09525861801280718910, 0.9954525582338367151, 3.475604030777098573E-15 ) ) ;
#2147 = CARTESIAN_POINT ( 'NONE',  ( 3.387867965644034918, 0.3017106781186625342, 0.5717106781186573894 ) ) ;
#2148 = CARTESIAN_POINT ( 'NONE',  ( 0.2021793237070310389, 0.9542040596366438976, 0.01100000000000389902 ) ) ;
#2149 = LINE ( 'NONE', #840, #9565 ) ;
#2150 = CARTESIAN_POINT ( 'NONE',  ( 2.699999999999998845, -1.769000000000010120, 5.800999999999993939 ) ) ;
#2151 = ORIENTED_EDGE ( 'NONE', *, *, #9437, .F. ) ;
#2152 = CARTESIAN_POINT ( 'NONE',  ( 0.5087723115119092698, 1.098106498661034047, 0.001000000000004306906 ) ) ;
#2153 = CARTESIAN_POINT ( 'NONE',  ( -4.699999999999997513, 0.9017106781186636777, 0.2010000000000039533 ) ) ;
#2154 = SURFACE_STYLE_FILL_AREA ( #8975 ) ;
#2155 = FACE_OUTER_BOUND ( 'NONE', #4822, .T. ) ;
#2156 = LINE ( 'NONE', #429, #4191 ) ;
#2157 = LINE ( 'NONE', #2735, #4536 ) ;
#2158 = CARTESIAN_POINT ( 'NONE',  ( -0.007984824798366168055, 1.153527468887915575, 0.01100000000000433270 ) ) ;
#2159 =( NAMED_UNIT ( * ) SI_UNIT ( $, .STERADIAN. ) SOLID_ANGLE_UNIT ( ) );
#2160 = ORIENTED_EDGE ( 'NONE', *, *, #3833, .F. ) ;
#2161 = ORIENTED_EDGE ( 'NONE', *, *, #5346, .F. ) ;
#2162 = DIRECTION ( 'NONE',  ( 0.0000000000000000000, -1.000000000000000000, -3.491481338843133355E-15 ) ) ;
#2163 = EDGE_CURVE ( 'NONE', #7825, #2549, #5806, .T. ) ;
#2164 = PRESENTATION_LAYER_ASSIGNMENT (  '', '', ( #6914 ) ) ;
#2165 = VERTEX_POINT ( 'NONE', #8705 ) ;
#2166 = ORIENTED_EDGE ( 'NONE', *, *, #4088, .T. ) ;
#2167 = CARTESIAN_POINT ( 'NONE',  ( -1.599999999999999423, -4.568999999999999062, 2.900999999999984702 ) ) ;
#2168 = DIRECTION ( 'NONE',  ( -0.7071067811865460184, 2.468850131082270866E-15, -0.7071067811865490160 ) ) ;
#2169 =( GEOMETRIC_REPRESENTATION_CONTEXT ( 3 ) GLOBAL_UNCERTAINTY_ASSIGNED_CONTEXT ( ( #9182 ) ) GLOBAL_UNIT_ASSIGNED_CONTEXT ( ( #478, #5001, #5714 ) ) REPRESENTATION_CONTEXT ( 'NONE', 'WORKASPACE' ) );
#2170 = PRESENTATION_STYLE_ASSIGNMENT (( #1979 ) ) ;
#2171 = FILL_AREA_STYLE ('',( #9045 ) ) ;
#2172 = DIRECTION ( 'NONE',  ( -1.495451272393799296E-16, -3.491481338843133355E-15, 1.000000000000000000 ) ) ;
#2173 = CARTESIAN_POINT ( 'NONE',  ( 0.2585055432192265856, 0.9761552791488392611, 0.01100000000000389902 ) ) ;
#2174 = DIRECTION ( 'NONE',  ( 1.495451272393799296E-16, 3.491481338843133355E-15, -1.000000000000000000 ) ) ;
#2175 = SURFACE_STYLE_FILL_AREA ( #1112 ) ;
#2176 = PLANE ( 'NONE',  #6057 ) ;
#2177 = PRESENTATION_STYLE_ASSIGNMENT (( #6973 ) ) ;
#2178 = ORIENTED_EDGE ( 'NONE', *, *, #2163, .F. ) ;
#2179 = ORIENTED_EDGE ( 'NONE', *, *, #145, .F. ) ;
#2180 = DIRECTION ( 'NONE',  ( 0.0000000000000000000, 1.000000000000000000, 3.491481338843133355E-15 ) ) ;
#2181 = FACE_OUTER_BOUND ( 'NONE', #6002, .T. ) ;
#2182 = SURFACE_STYLE_USAGE ( .BOTH. , #3595 ) ;
#2183 = PRESENTATION_LAYER_ASSIGNMENT (  '', '', ( #6934 ) ) ;
#2184 = EDGE_CURVE ( 'NONE', #3162, #7948, #7806, .T. ) ;
#2185 = CARTESIAN_POINT ( 'NONE',  ( 2.699999999999998401, -0.7590000000000096669, 5.600999999999997314 ) ) ;
#2186 = DIRECTION ( 'NONE',  ( -0.0000000000000000000, 3.491481338843133355E-15, -1.000000000000000000 ) ) ;
#2187 = VERTEX_POINT ( 'NONE', #1947 ) ;
#2188 = DIRECTION ( 'NONE',  ( 0.0000000000000000000, 1.000000000000000000, 3.491481338843133355E-15 ) ) ;
#2189 = CARTESIAN_POINT ( 'NONE',  ( 2.700000000000000178, 3.331000000000003070, 1.901000000000011791 ) ) ;
#2190 = VECTOR ( 'NONE', #9405, 1000.000000000000000 ) ;
#2191 = ORIENTED_EDGE ( 'NONE', *, *, #2053, .T. ) ;
#2192 = ORIENTED_EDGE ( 'NONE', *, *, #8505, .T. ) ;
#2193 = ORIENTED_EDGE ( 'NONE', *, *, #7596, .F. ) ;
#2194 = ADVANCED_FACE ( 'NONE', ( #3577 ), #4994, .F. ) ;
#2195 = AXIS2_PLACEMENT_3D ( 'NONE', #3690, #4316, #5037 ) ;
#2196 = B_SPLINE_CURVE_WITH_KNOTS ( 'NONE', 3,
 ( #692, #3673, #4399, #1433, #2228, #8871, #6033, #2095, #5218, #2197, #2972, #7396, #1473, #8963, #4461, #3731, #3013, #785, #8233 ),
 .UNSPECIFIED., .F., .F.,
 ( 4, 1, 1, 1, 1, 1, 1, 1, 1, 1, 1, 1, 1, 1, 1, 1, 4 ),
 ( 0.0000000000000000000, 0.07430379644281460971, 0.1443936103644188063, 0.2104994961032806977, 0.2735426065034691767, 0.3338247445790729073, 0.3925296724085032829, 0.4500874545995857123, 0.5078206115557879485, 0.5654649127768467398, 0.6231487223336202863, 0.6812971927909354797, 0.7409134981565803635, 0.8018557521958574741, 0.8652412377209430794, 0.9309416570467438090, 1.000000000000000000 ),
 .UNSPECIFIED. ) ;
#2197 = CARTESIAN_POINT ( 'NONE',  ( 0.3149626772449586887, 0.9951481318363789574, 0.001000000000003873225 ) ) ;
#2198 = COLOUR_RGB ( '',0.1098039215686274495, 0.1098039215686274495, 0.1098039215686274495 ) ;
#2199 = ORIENTED_EDGE ( 'NONE', *, *, #5939, .F. ) ;
#2200 = DIRECTION ( 'NONE',  ( -0.3390537954853688474, -0.9407669869669990081, -3.284670379194958489E-15 ) ) ;
#2201 = SURFACE_SIDE_STYLE ('',( #6527 ) ) ;
#2202 = FILL_AREA_STYLE_COLOUR ( '', #5627 ) ;
#2203 = EDGE_CURVE ( 'NONE', #6604, #6565, #4888, .T. ) ;
#2204 = EDGE_LOOP ( 'NONE', ( #6714, #3161, #3568, #5729 ) ) ;
#2205 = MECHANICAL_DESIGN_GEOMETRIC_PRESENTATION_REPRESENTATION (  '', ( #6447 ), #8455 ) ;
#2206 = DIRECTION ( 'NONE',  ( 1.532000111646839560E-16, 3.368276546515235160E-15, -1.000000000000000000 ) ) ;
#2207 = ORIENTED_EDGE ( 'NONE', *, *, #5623, .F. ) ;
#2208 = ORIENTED_EDGE ( 'NONE', *, *, #7349, .T. ) ;
#2209 = ADVANCED_FACE ( 'NONE', ( #4632 ), #4236, .F. ) ;
#2210 = ORIENTED_EDGE ( 'NONE', *, *, #7034, .F. ) ;
#2211 = CARTESIAN_POINT ( 'NONE',  ( -2.899999999999999911, 0.9017106781186623454, 0.6010000000000036424 ) ) ;
#2212 = VECTOR ( 'NONE', #7019, 1000.000000000000000 ) ;
#2213 = DIRECTION ( 'NONE',  ( 1.495451272393799296E-16, 3.491481338843133355E-15, -1.000000000000000000 ) ) ;
#2214 = DIRECTION ( 'NONE',  ( 1.000000000000000000, 0.0000000000000000000, 0.0000000000000000000 ) ) ;
#2215 = DIRECTION ( 'NONE',  ( -1.000000000000000000, 5.221340210712170860E-31, -1.495451272393799542E-16 ) ) ;
#2216 = CARTESIAN_POINT ( 'NONE',  ( 0.3362601090539636961, 1.049196285048161759, 0.01100000000000433270 ) ) ;
#2217 = DIRECTION ( 'NONE',  ( 0.0000000000000000000, -1.000000000000000000, -3.491481338843133355E-15 ) ) ;
#2218 = EDGE_LOOP ( 'NONE', ( #3302, #8482, #4406, #5175 ) ) ;
#2219 = SURFACE_SIDE_STYLE ('',( #9368 ) ) ;
#2220 = VERTEX_POINT ( 'NONE', #1318 ) ;
#2221 =( NAMED_UNIT ( * ) SI_UNIT ( $, .STERADIAN. ) SOLID_ANGLE_UNIT ( ) );
#2222 =( NAMED_UNIT ( * ) SI_UNIT ( $, .STERADIAN. ) SOLID_ANGLE_UNIT ( ) );
#2223 = EDGE_LOOP ( 'NONE', ( #3407, #8396, #4476, #1286 ) ) ;
#2224 = STYLED_ITEM ( 'NONE', ( #6534 ), #81 ) ;
#2225 = CARTESIAN_POINT ( 'NONE',  ( 0.0000000000000000000, -4.568999999999993733, 1.600999999999985102 ) ) ;
#2226 = LINE ( 'NONE', #3770, #288 ) ;
#2227 = EDGE_LOOP ( 'NONE', ( #3671, #8856, #810, #5535, #7509, #709, #466, #7371 ) ) ;
#2228 = CARTESIAN_POINT ( 'NONE',  ( 0.3334802748478690182, 1.026548112706091809, 0.001000000000003873225 ) ) ;
#2229 = PRESENTATION_LAYER_ASSIGNMENT (  '', '', ( #1438 ) ) ;
#2230 = CARTESIAN_POINT ( 'NONE',  ( 2.900000000000000355, -0.7590000000000053371, 4.400999999999998913 ) ) ;
#2231 = CIRCLE ( 'NONE', #4984, 0.2000000000000000944 ) ;
#2232 = DIRECTION ( 'NONE',  ( 0.0000000000000000000, -3.491481338843133355E-15, 1.000000000000000000 ) ) ;
#2233 = PRESENTATION_LAYER_ASSIGNMENT (  '', '', ( #6659 ) ) ;
#2234 = EDGE_CURVE ( 'NONE', #1651, #3897, #6297, .T. ) ;
#2235 = CARTESIAN_POINT ( 'NONE',  ( -2.900000000000000355, 1.350999999999996204, 3.881000000000005112 ) ) ;
#2236 =( NAMED_UNIT ( * ) PLANE_ANGLE_UNIT ( ) SI_UNIT ( $, .RADIAN. ) );
#2237 = ADVANCED_FACE ( 'NONE', ( #1915 ), #1366, .T. ) ;
#2238 = FILL_AREA_STYLE ('',( #3691 ) ) ;
#2239 =( NAMED_UNIT ( * ) PLANE_ANGLE_UNIT ( ) SI_UNIT ( $, .RADIAN. ) );
#2240 = VERTEX_POINT ( 'NONE', #9566 ) ;
#2241 = STYLED_ITEM ( 'NONE', ( #7796 ), #9104 ) ;
#2242 = EDGE_CURVE ( 'NONE', #5318, #4567, #2133, .T. ) ;
#2243 = FACE_OUTER_BOUND ( 'NONE', #1914, .T. ) ;
#2244 = CARTESIAN_POINT ( 'NONE',  ( 0.01128226177574312254, 1.125002424021003256, 0.001000000000004306906 ) ) ;
#2245 = CARTESIAN_POINT ( 'NONE',  ( -0.1051377494637006776, 1.056338205978106570, 0.01100000000000433270 ) ) ;
#2246 = MECHANICAL_DESIGN_GEOMETRIC_PRESENTATION_REPRESENTATION (  '', ( #7674 ), #4785 ) ;
#2247 = CARTESIAN_POINT ( 'NONE',  ( 3.529289321881345032, 2.901710678118662123, 0.7131320343559757191 ) ) ;
#2248 = ADVANCED_FACE ( 'NONE', ( #533 ), #5060, .T. ) ;
#2249 = CARTESIAN_POINT ( 'NONE',  ( -0.03821701775638339238, 1.156643084026887092, 0.01100000000000433270 ) ) ;
#2250 = LINE ( 'NONE', #6558, #201 ) ;
#2251 = LINE ( 'NONE', #8235, #4045 ) ;
#2252 = EDGE_CURVE ( 'NONE', #5411, #4113, #5224, .T. ) ;
#2253 = STYLED_ITEM ( 'NONE', ( #8740 ), #6562 ) ;
#2254 = CARTESIAN_POINT ( 'NONE',  ( -0.01037766961828822179, 0.9527990677432475186, 0.001000000000003873225 ) ) ;
#2255 = ORIENTED_EDGE ( 'NONE', *, *, #5040, .T. ) ;
#2256 = SURFACE_STYLE_USAGE ( .BOTH. , #2975 ) ;
#2257 = FILL_AREA_STYLE_COLOUR ( '', #4998 ) ;
#2258 = LINE ( 'NONE', #5152, #770 ) ;
#2259 = STYLED_ITEM ( 'NONE', ( #2466 ), #1625 ) ;
#2260 = CARTESIAN_POINT ( 'NONE',  ( -0.2246499445856516564, 0.9542040596366438976, 0.001000000000003873225 ) ) ;
#2261 = LINE ( 'NONE', #9605, #7572 ) ;
#2262 = SURFACE_STYLE_FILL_AREA ( #3130 ) ;
#2263 = VECTOR ( 'NONE', #3139, 1000.000000000000000 ) ;
#2264 = LINE ( 'NONE', #1094, #7697 ) ;
#2265 =( LENGTH_UNIT ( ) NAMED_UNIT ( * ) SI_UNIT ( .MILLI., .METRE. ) );
#2266 = CARTESIAN_POINT ( 'NONE',  ( 2.899999999999999911, -1.568999999999990624, 0.2009999999999952935 ) ) ;
#2267 = LINE ( 'NONE', #3375, #7576 ) ;
#2268 = DIRECTION ( 'NONE',  ( 0.0000000000000000000, 1.000000000000000000, 3.491481338843133355E-15 ) ) ;
#2269 = SURFACE_STYLE_FILL_AREA ( #6692 ) ;
#2270 = FACE_OUTER_BOUND ( 'NONE', #5155, .T. ) ;
#2271 = CARTESIAN_POINT ( 'NONE',  ( 0.3351414718570921436, 1.034605507733256102, 0.01100000000000433270 ) ) ;
#2272 = CARTESIAN_POINT ( 'NONE',  ( -0.03002342019540777188, 0.9737162547585943573, 0.01100000000000389902 ) ) ;
#2273 = VECTOR ( 'NONE', #200, 1000.000000000000000 ) ;
#2274 = PLANE ( 'NONE',  #9564 ) ;
#2275 = ORIENTED_EDGE ( 'NONE', *, *, #6990, .F. ) ;
#2276 = VERTEX_POINT ( 'NONE', #2838 ) ;
#2277 = CARTESIAN_POINT ( 'NONE',  ( -3.387867965644034918, 2.901710678118662567, 0.5717106781186664932 ) ) ;
#2278 = VECTOR ( 'NONE', #2232, 1000.000000000000000 ) ;
#2279 = CARTESIAN_POINT ( 'NONE',  ( -0.09713818363161201563, 1.014974238244390925, 0.01100000000000389902 ) ) ;
#2280 = CARTESIAN_POINT ( 'NONE',  ( -3.958578643762689087, 0.3017106781186642550, 0.001000000000001271139 ) ) ;
#2281 = CARTESIAN_POINT ( 'NONE',  ( 1.800000000000000488, -4.769000000000003681, 4.100999999999984880 ) ) ;
#2282 = PRESENTATION_LAYER_ASSIGNMENT (  '', '', ( #8707 ) ) ;
#2283 = COLOUR_RGB ( '',0.1098039215686274495, 0.1098039215686274495, 0.1098039215686274495 ) ;
#2284 = LINE ( 'NONE', #5774, #8307 ) ;
#2285 = ADVANCED_FACE ( 'NONE', ( #7438 ), #2863, .T. ) ;
#2287 = AXIS2_PLACEMENT_3D ( 'NONE', #2185, #7453, #3000 ) ;
#2286 = COLOUR_RGB ( '',0.7764705882352941346, 0.7568627450980391913, 0.7372549019607843590 ) ;
#2288 = EDGE_CURVE ( 'NONE', #2460, #865, #2731, .T. ) ;
#2289 = LINE ( 'NONE', #3034, #5507 ) ;
#2290 = DIRECTION ( 'NONE',  ( 0.0000000000000000000, 1.000000000000000000, 3.491481338843133355E-15 ) ) ;
#2291 = CARTESIAN_POINT ( 'NONE',  ( -0.1319670177563833646, 1.057976925490301534, 0.01100000000000433270 ) ) ;
#2292 = EDGE_LOOP ( 'NONE', ( #5408, #4258, #9575, #3642 ) ) ;
#2293 = ORIENTED_EDGE ( 'NONE', *, *, #4490, .F. ) ;
#2294 = SURFACE_SIDE_STYLE ('',( #9598 ) ) ;
#2295 = CARTESIAN_POINT ( 'NONE',  ( 0.2613533984605144189, 0.9762138779826580182, 0.001000000000003873225 ) ) ;
#2296 = LINE ( 'NONE', #6826, #581 ) ;
#2297 = EDGE_CURVE ( 'NONE', #5271, #1691, #6308, .T. ) ;
#2298 = LINE ( 'NONE', #114, #7254 ) ;
#2299 = UNCERTAINTY_MEASURE_WITH_UNIT (LENGTH_MEASURE( 1.000000000000000082E-05 ), #6180, 'distance_accuracy_value', 'NONE');
#2300 = ADVANCED_FACE ( 'NONE', ( #8515 ), #3703, .F. ) ;
#2301 = AXIS2_PLACEMENT_3D ( 'NONE', #3233, #5504, #1870 ) ;
#2302 = EDGE_CURVE ( 'NONE', #5510, #3719, #2377, .T. ) ;
#2303 = CIRCLE ( 'NONE', #90, 0.2000000000000000944 ) ;
#2304 = VECTOR ( 'NONE', #8622, 1000.000000000000000 ) ;
#2305 = ORIENTED_EDGE ( 'NONE', *, *, #5962, .F. ) ;
#2306 = ORIENTED_EDGE ( 'NONE', *, *, #1141, .F. ) ;
#2307 =( NAMED_UNIT ( * ) PLANE_ANGLE_UNIT ( ) SI_UNIT ( $, .RADIAN. ) );
#2308 = CARTESIAN_POINT ( 'NONE',  ( -0.06311000067154111381, 1.129531286856690242, 0.01100000000000433270 ) ) ;
#2309 = CARTESIAN_POINT ( 'NONE',  ( 0.3200113869302194658, 1.000210046315929135, 0.01100000000000389902 ) ) ;
#2310 = CARTESIAN_POINT ( 'NONE',  ( -0.01146997611436399028, 0.9754227964289593489, 0.001000000000003873225 ) ) ;
#2311 = VERTEX_POINT ( 'NONE', #8202 ) ;
#2312 = LINE ( 'NONE', #5765, #2420 ) ;
#2313 = EDGE_LOOP ( 'NONE', ( #8550, #3359, #1409, #9506 ) ) ;
#2314 = VERTEX_POINT ( 'NONE', #2681 ) ;
#2315 = CARTESIAN_POINT ( 'NONE',  ( 0.3351750137782715799, 1.070027024778770430, 0.001000000000004306906 ) ) ;
#2316 = MECHANICAL_DESIGN_GEOMETRIC_PRESENTATION_REPRESENTATION (  '', ( #9192 ), #2835 ) ;
#2317 = CARTESIAN_POINT ( 'NONE',  ( -0.08432855956516036033, 0.9959910393374763471, 0.01100000000000389902 ) ) ;
#2318 = CARTESIAN_POINT ( 'NONE',  ( 2.899999999999999911, 2.901710678118662567, 0.6010000000000110809 ) ) ;
#2319 =( NAMED_UNIT ( * ) PLANE_ANGLE_UNIT ( ) SI_UNIT ( $, .RADIAN. ) );
#2320 = CARTESIAN_POINT ( 'NONE',  ( -0.1221939173639721571, 1.106851283680635678, 0.01100000000000433270 ) ) ;
#2321 = ORIENTED_EDGE ( 'NONE', *, *, #7535, .T. ) ;
#2322 = SURFACE_STYLE_FILL_AREA ( #7013 ) ;
#2323 = ORIENTED_EDGE ( 'NONE', *, *, #2124, .F. ) ;
#2324 =( GEOMETRIC_REPRESENTATION_CONTEXT ( 3 ) GLOBAL_UNCERTAINTY_ASSIGNED_CONTEXT ( ( #4707 ) ) GLOBAL_UNIT_ASSIGNED_CONTEXT ( ( #1684, #2319, #3818 ) ) REPRESENTATION_CONTEXT ( 'NONE', 'WORKASPACE' ) );
#2325 = ORIENTED_EDGE ( 'NONE', *, *, #9487, .F. ) ;
#2326 = CARTESIAN_POINT ( 'NONE',  ( 0.4261503602923970568, 1.098106498661034047, 0.001000000000004306906 ) ) ;
#2327 =( LENGTH_UNIT ( ) NAMED_UNIT ( * ) SI_UNIT ( .MILLI., .METRE. ) );
#2328 = CARTESIAN_POINT ( 'NONE',  ( 0.4997784090728853434, 1.076155279148839128, 0.001000000000004306906 ) ) ;
#2329 = CARTESIAN_POINT ( 'NONE',  ( -0.1100929276783069316, 0.9883945261992778120, 0.001000000000003873225 ) ) ;
#2330 = CARTESIAN_POINT ( 'NONE',  ( -0.2246499445856516564, 0.9542040596366438976, 0.001000000000003873225 ) ) ;
#2331 =( GEOMETRIC_REPRESENTATION_CONTEXT ( 3 ) GLOBAL_UNCERTAINTY_ASSIGNED_CONTEXT ( ( #508 ) ) GLOBAL_UNIT_ASSIGNED_CONTEXT ( ( #1604, #885, #6862 ) ) REPRESENTATION_CONTEXT ( 'NONE', 'WORKASPACE' ) );
#2332 = LINE ( 'NONE', #8226, #2567 ) ;
#2333 = CARTESIAN_POINT ( 'NONE',  ( 0.3093698722766337061, 0.9906979784783396248, 0.001000000000003873225 ) ) ;
#2334 = UNCERTAINTY_MEASURE_WITH_UNIT (LENGTH_MEASURE( 1.000000000000000082E-05 ), #8520, 'distance_accuracy_value', 'NONE');
#2335 = EDGE_LOOP ( 'NONE', ( #1491, #8247, #6837, #2691 ) ) ;
#2336 = SURFACE_STYLE_USAGE ( .BOTH. , #5357 ) ;
#2337 = DIRECTION ( 'NONE',  ( 0.0000000000000000000, -3.491481338843133355E-15, 1.000000000000000000 ) ) ;
#2338 =( GEOMETRIC_REPRESENTATION_CONTEXT ( 3 ) GLOBAL_UNCERTAINTY_ASSIGNED_CONTEXT ( ( #1855 ) ) GLOBAL_UNIT_ASSIGNED_CONTEXT ( ( #3971, #9217, #1028 ) ) REPRESENTATION_CONTEXT ( 'NONE', 'WORKASPACE' ) );
#2339 =( LENGTH_UNIT ( ) NAMED_UNIT ( * ) SI_UNIT ( .MILLI., .METRE. ) );
#2340 = EDGE_LOOP ( 'NONE', ( #722, #5024, #4750, #8185 ) ) ;
#2341 = SURFACE_SIDE_STYLE ('',( #7911 ) ) ;
#2342 = FILL_AREA_STYLE ('',( #3843 ) ) ;
#2343 = LINE ( 'NONE', #994, #9047 ) ;
#2344 = DIRECTION ( 'NONE',  ( 0.0000000000000000000, -3.491481338843133355E-15, 1.000000000000000000 ) ) ;
#2345 = CARTESIAN_POINT ( 'NONE',  ( 0.05583786029239712345, 0.9542040596366438976, 0.001000000000003873225 ) ) ;
#2346 = CARTESIAN_POINT ( 'NONE',  ( -2.900000000000000355, 1.351000000000003309, 1.921000000000004926 ) ) ;
#2347 = ORIENTED_EDGE ( 'NONE', *, *, #6266, .F. ) ;
#2348 = VERTEX_POINT ( 'NONE', #4014 ) ;
#2349 = DIRECTION ( 'NONE',  ( 0.7071067811865490160, 2.468850131082260216E-15, -0.7071067811865460184 ) ) ;
#2350 = DIRECTION ( 'NONE',  ( -0.0000000000000000000, 3.491481338843133355E-15, -1.000000000000000000 ) ) ;
#2351 = CARTESIAN_POINT ( 'NONE',  ( 2.900000000000000355, 1.350999999999996204, 3.881000000000004224 ) ) ;
#2352 = ADVANCED_FACE ( 'NONE', ( #1125 ), #4709, .T. ) ;
#2353 = PRESENTATION_LAYER_ASSIGNMENT (  '', '', ( #5590 ) ) ;
#2354 = PRESENTATION_STYLE_ASSIGNMENT (( #2359 ) ) ;
#2355 = DIRECTION ( 'NONE',  ( 0.3635424856527061932, 0.9315776194850602376, 3.252585874115997162E-15 ) ) ;
#2356 = FACE_OUTER_BOUND ( 'NONE', #4537, .T. ) ;
#2357 = EDGE_LOOP ( 'NONE', ( #5278, #697, #5796, #8668 ) ) ;
#2358 = ORIENTED_EDGE ( 'NONE', *, *, #9495, .T. ) ;
#2359 = SURFACE_STYLE_USAGE ( .BOTH. , #9165 ) ;
#2360 = CARTESIAN_POINT ( 'NONE',  ( 1.299999999999999378, 4.072421356237318157, 0.6010000000000149667 ) ) ;
#2361 = PRESENTATION_LAYER_ASSIGNMENT (  '', '', ( #6307 ) ) ;
#2362 = DIRECTION ( 'NONE',  ( 2.930276141852714940E-16, -3.344967531750497781E-15, 1.000000000000000000 ) ) ;
#2363 = DIRECTION ( 'NONE',  ( -1.000000000000000000, -5.595468833802103278E-31, 1.532000111646839560E-16 ) ) ;
#2364 = CARTESIAN_POINT ( 'NONE',  ( 0.3093698722766337061, 0.9906979784783396248, 0.01100000000000389902 ) ) ;
#2365 = EDGE_CURVE ( 'NONE', #8589, #9629, #8967, .T. ) ;
#2366 = ORIENTED_EDGE ( 'NONE', *, *, #9365, .T. ) ;
#2367 = VECTOR ( 'NONE', #8952, 1000.000000000000000 ) ;
#2368 = DIRECTION ( 'NONE',  ( -1.495451272393799296E-16, -3.491481338843133355E-15, 1.000000000000000000 ) ) ;
#2369 = FACE_OUTER_BOUND ( 'NONE', #3675, .T. ) ;
#2370 = DIRECTION ( 'NONE',  ( 1.000000000000000000, 0.0000000000000000000, 0.0000000000000000000 ) ) ;
#2371 = PLANE ( 'NONE',  #280 ) ;
#2372 = PLANE ( 'NONE',  #4422 ) ;
#2373 = CARTESIAN_POINT ( 'NONE',  ( 0.01503739292294289411, 0.9854890982090792617, 0.001000000000003873225 ) ) ;
#2374 =( GEOMETRIC_REPRESENTATION_CONTEXT ( 3 ) GLOBAL_UNCERTAINTY_ASSIGNED_CONTEXT ( ( #5261 ) ) GLOBAL_UNIT_ASSIGNED_CONTEXT ( ( #3153, #6899, #162 ) ) REPRESENTATION_CONTEXT ( 'NONE', 'WORKASPACE' ) );
#2375 = EDGE_CURVE ( 'NONE', #6445, #4469, #6415, .T. ) ;
#2376 = CARTESIAN_POINT ( 'NONE',  ( -2.700000000000000178, 1.330999999999999739, 2.901000000000005130 ) ) ;
#2377 = LINE ( 'NONE', #1932, #4890 ) ;
#2378 = CARTESIAN_POINT ( 'NONE',  ( 0.4665848115119092254, 0.9785943035390829436, 0.001000000000003873225 ) ) ;
#2379 = DIRECTION ( 'NONE',  ( -1.000000000000000000, -0.0000000000000000000, 0.0000000000000000000 ) ) ;
#2380 = DIRECTION ( 'NONE',  ( 0.0000000000000000000, -1.000000000000000000, -3.491481338843133355E-15 ) ) ;
#2381 = PRESENTATION_LAYER_ASSIGNMENT (  '', '', ( #5493 ) ) ;
#2382 = CARTESIAN_POINT ( 'NONE',  ( -0.06778009672879739544, 1.153014013345657007, 0.001000000000004306906 ) ) ;
#2383 = PRESENTATION_STYLE_ASSIGNMENT (( #1437 ) ) ;
#2384 = PRESENTATION_LAYER_ASSIGNMENT (  '', '', ( #7364 ) ) ;
#2385 = VECTOR ( 'NONE', #8027, 1000.000000000000114 ) ;
#2386 =( NAMED_UNIT ( * ) PLANE_ANGLE_UNIT ( ) SI_UNIT ( $, .RADIAN. ) );
#2387 = B_SPLINE_CURVE_WITH_KNOTS ( 'NONE', 3,
 ( #6925, #4003, #8434, #3933, #2429, #7716, #4698, #5522, #6255, #4770, #3220, #4737, #2565, #2631, #7086, #4067, #5654, #319, #6325 ),
 .UNSPECIFIED., .F., .F.,
 ( 4, 1, 1, 1, 1, 1, 1, 1, 1, 1, 1, 1, 1, 1, 1, 1, 4 ),
 ( 0.0000000000000000000, 0.07082657255516264239, 0.1381690332797995135, 0.2024753315338427562, 0.2639737544135196123, 0.3233803205980373963, 0.3817976227131854583, 0.4393900745193894952, 0.4969027245459962661, 0.5546621696093689824, 0.6127418784921974115, 0.6715388363911720671, 0.7316557220901966918, 0.7942978116139537414, 0.8594822049793570118, 0.9276813254527891406, 1.000000000000000000 ),
 .UNSPECIFIED. ) ;
#2388 =( NAMED_UNIT ( * ) SI_UNIT ( $, .STERADIAN. ) SOLID_ANGLE_UNIT ( ) );
#2389 = VERTEX_POINT ( 'NONE', #9223 ) ;
#2390 = CARTESIAN_POINT ( 'NONE',  ( 3.558578643762690508, 0.3017106781186629783, 0.4010000000000014664 ) ) ;
#2391 = SURFACE_STYLE_USAGE ( .BOTH. , #3829 ) ;
#2392 = ADVANCED_FACE ( 'NONE', ( #8047 ), #4046, .F. ) ;
#2393 = ORIENTED_EDGE ( 'NONE', *, *, #301, .T. ) ;
#2394 = ORIENTED_EDGE ( 'NONE', *, *, #9707, .F. ) ;
#2395 = DIRECTION ( 'NONE',  ( -8.673617379884027583E-16, 3.491481338843133355E-15, -1.000000000000000000 ) ) ;
#2396 =( NAMED_UNIT ( * ) PLANE_ANGLE_UNIT ( ) SI_UNIT ( $, .RADIAN. ) );
#2397 = PLANE ( 'NONE',  #3992 ) ;
#2398 = CARTESIAN_POINT ( 'NONE',  ( -0.07520838083428801890, 1.122897641314254180, 0.01100000000000433270 ) ) ;
#2399 = DIRECTION ( 'NONE',  ( -1.495451272393799542E-16, 3.491481338843133355E-15, -1.000000000000000000 ) ) ;
#2400 = DIRECTION ( 'NONE',  ( -1.445602896647339163E-16, -3.491481338843133355E-15, 1.000000000000000000 ) ) ;
#2401 = CARTESIAN_POINT ( 'NONE',  ( 0.1631549334631288428, -0.7589999999999896829, 0.01099999999999782749 ) ) ;
#2402 = STYLED_ITEM ( 'NONE', ( #2145 ), #334 ) ;
#2403 = ORIENTED_EDGE ( 'NONE', *, *, #3454, .F. ) ;
#2404 = ORIENTED_EDGE ( 'NONE', *, *, #948, .F. ) ;
#2405 = DIRECTION ( 'NONE',  ( 1.000000000000000000, 0.0000000000000000000, -0.0000000000000000000 ) ) ;
#2406 = DIRECTION ( 'NONE',  ( 0.0000000000000000000, -1.000000000000000000, -3.491481338843133355E-15 ) ) ;
#2407 =( NAMED_UNIT ( * ) PLANE_ANGLE_UNIT ( ) SI_UNIT ( $, .RADIAN. ) );
#2408 = DIRECTION ( 'NONE',  ( 0.0000000000000000000, -1.000000000000000000, -3.491481338843133355E-15 ) ) ;
#2409 = LINE ( 'NONE', #9397, #8647 ) ;
#2410 = CARTESIAN_POINT ( 'NONE',  ( 1.600000000000000533, -1.769000000000003237, 3.900999999999994916 ) ) ;
#2411 = PRODUCT_DEFINITION ( '未知', '', #9215, #3769 ) ;
#2412 = CARTESIAN_POINT ( 'NONE',  ( 3.799999999999996714, 0.3017106781186638109, 0.2010000000000022324 ) ) ;
#2413 =( GEOMETRIC_REPRESENTATION_CONTEXT ( 3 ) GLOBAL_UNCERTAINTY_ASSIGNED_CONTEXT ( ( #9599 ) ) GLOBAL_UNIT_ASSIGNED_CONTEXT ( ( #548, #2081, #9581 ) ) REPRESENTATION_CONTEXT ( 'NONE', 'WORKASPACE' ) );
#2414 = CARTESIAN_POINT ( 'NONE',  ( 3.532842712474618896, 2.901710678118663456, 0.3388679656440459764 ) ) ;
#2415 = ORIENTED_EDGE ( 'NONE', *, *, #9054, .T. ) ;
#2416 = PLANE ( 'NONE',  #4528 ) ;
#2417 = EDGE_CURVE ( 'NONE', #3634, #1965, #2036, .T. ) ;
#2418 = PLANE ( 'NONE',  #7917 ) ;
#2419 = VERTEX_POINT ( 'NONE', #9453 ) ;
#2420 = VECTOR ( 'NONE', #5119, 1000.000000000000000 ) ;
#2421 =( NAMED_UNIT ( * ) PLANE_ANGLE_UNIT ( ) SI_UNIT ( $, .RADIAN. ) );
#2422 = ORIENTED_EDGE ( 'NONE', *, *, #349, .F. ) ;
#2423 = ORIENTED_EDGE ( 'NONE', *, *, #9163, .F. ) ;
#2424 = MECHANICAL_DESIGN_GEOMETRIC_PRESENTATION_REPRESENTATION (  '', ( #2115 ), #3654 ) ;
#2425 = EDGE_CURVE ( 'NONE', #4219, #6602, #5002, .T. ) ;
#2426 = ORIENTED_EDGE ( 'NONE', *, *, #8795, .T. ) ;
#2427 =( NAMED_UNIT ( * ) SI_UNIT ( $, .STERADIAN. ) SOLID_ANGLE_UNIT ( ) );
#2428 = LINE ( 'NONE', #3405, #9387 ) ;
#2429 = CARTESIAN_POINT ( 'NONE',  ( 0.2829233446528621743, 1.129430940013286699, 0.01100000000000433270 ) ) ;
#2430 = LINE ( 'NONE', #4882, #263 ) ;
#2431 = VERTEX_POINT ( 'NONE', #7690 ) ;
#2432 =( NAMED_UNIT ( * ) PLANE_ANGLE_UNIT ( ) SI_UNIT ( $, .RADIAN. ) );
#2433 = CARTESIAN_POINT ( 'NONE',  ( -0.1050821854936750954, 1.059262447117260697, 0.01100000000000433270 ) ) ;
#2434 = CARTESIAN_POINT ( 'NONE',  ( 4.041421356237307805, 0.9017106781186636777, 0.2010000000000035369 ) ) ;
#2435 = DIRECTION ( 'NONE',  ( 0.0000000000000000000, 1.000000000000000000, 3.491481338843133355E-15 ) ) ;
#2436 = VERTEX_POINT ( 'NONE', #969 ) ;
#2437 = ORIENTED_EDGE ( 'NONE', *, *, #5288, .F. ) ;
#2438 = EDGE_CURVE ( 'NONE', #977, #8457, #6994, .T. ) ;
#2439 = ORIENTED_EDGE ( 'NONE', *, *, #8319, .F. ) ;
#2440 = LINE ( 'NONE', #778, #6003 ) ;
#2441 = SURFACE_SIDE_STYLE ('',( #7567 ) ) ;
#2442 = EDGE_CURVE ( 'NONE', #5757, #3366, #769, .T. ) ;
#2443 = CARTESIAN_POINT ( 'NONE',  ( 2.900000000000000799, 1.330999999999994410, 4.401000000000006018 ) ) ;
#2444 = CARTESIAN_POINT ( 'NONE',  ( -2.699999999999999734, -1.568999999999990624, 0.2009999999999952935 ) ) ;
#2445 =( GEOMETRIC_REPRESENTATION_CONTEXT ( 3 ) GLOBAL_UNCERTAINTY_ASSIGNED_CONTEXT ( ( #4713 ) ) GLOBAL_UNIT_ASSIGNED_CONTEXT ( ( #8796, #9553, #3495 ) ) REPRESENTATION_CONTEXT ( 'NONE', 'WORKASPACE' ) );
#2446 = SURFACE_SIDE_STYLE ('',( #7078 ) ) ;
#2447 = CARTESIAN_POINT ( 'NONE',  ( 0.2788645238563826623, 1.152603369254106225, 0.001000000000004306906 ) ) ;
#2448 = ORIENTED_EDGE ( 'NONE', *, *, #349, .T. ) ;
#2449 = ADVANCED_FACE ( 'NONE', ( #5237 ), #1227, .F. ) ;
#2450 =( NAMED_UNIT ( * ) SI_UNIT ( $, .STERADIAN. ) SOLID_ANGLE_UNIT ( ) );
#2451 = EDGE_LOOP ( 'NONE', ( #7563, #2366, #3506, #9394 ) ) ;
#2452 = UNCERTAINTY_MEASURE_WITH_UNIT (LENGTH_MEASURE( 1.000000000000000082E-05 ), #2812, 'distance_accuracy_value', 'NONE');
#2453 = MECHANICAL_DESIGN_GEOMETRIC_PRESENTATION_REPRESENTATION (  '', ( #791 ), #670 ) ;
#2454 = CARTESIAN_POINT ( 'NONE',  ( 0.01522144534636387866, 0.9590456265885171083, 0.01100000000000389902 ) ) ;
#2455 = UNCERTAINTY_MEASURE_WITH_UNIT (LENGTH_MEASURE( 1.000000000000000082E-05 ), #5459, 'distance_accuracy_value', 'NONE');
#2456 = ORIENTED_EDGE ( 'NONE', *, *, #8606, .T. ) ;
#2457 = FILL_AREA_STYLE_COLOUR ( '', #7332 ) ;
#2458 = CARTESIAN_POINT ( 'NONE',  ( -0.1317094406053722633, 1.046470552954624988, 0.001000000000004306906 ) ) ;
#2459 = COLOUR_RGB ( '',0.7764705882352941346, 0.7568627450980391913, 0.7372549019607843590 ) ;
#2460 = VERTEX_POINT ( 'NONE', #490 ) ;
#2461 = LINE ( 'NONE', #7031, #1435 ) ;
#2462 = ORIENTED_EDGE ( 'NONE', *, *, #3012, .F. ) ;
#2463 = DIRECTION ( 'NONE',  ( 0.0000000000000000000, -1.000000000000000000, -3.491481338843133355E-15 ) ) ;
#2464 = FILL_AREA_STYLE ('',( #9275 ) ) ;
#2465 = STYLED_ITEM ( 'NONE', ( #7125 ), #2851 ) ;
#2466 = PRESENTATION_STYLE_ASSIGNMENT (( #9715 ) ) ;
#2467 = SURFACE_STYLE_USAGE ( .BOTH. , #6895 ) ;
#2468 = FILL_AREA_STYLE_COLOUR ( '', #512 ) ;
#2469 = CARTESIAN_POINT ( 'NONE',  ( -0.1281310457875163844, 1.024776362188159817, 0.001000000000003873225 ) ) ;
#2470 = CARTESIAN_POINT ( 'NONE',  ( 2.699999999999999289, -1.768999999999989248, 0.0009999999999943322455 ) ) ;
#2471 = DIRECTION ( 'NONE',  ( 0.0000000000000000000, -1.000000000000000000, -3.491481338843133355E-15 ) ) ;
#2472 = MECHANICAL_DESIGN_GEOMETRIC_PRESENTATION_REPRESENTATION (  '', ( #1804 ), #5153 ) ;
#2473 = CARTESIAN_POINT ( 'NONE',  ( 0.4997784090728848994, 1.076155279148839128, 0.001000000000004306906 ) ) ;
#2474 = DIRECTION ( 'NONE',  ( -1.495451272393799296E-16, -3.491481338843133355E-15, 1.000000000000000000 ) ) ;
#2475 = DIRECTION ( 'NONE',  ( 0.0000000000000000000, 1.000000000000000000, 3.491481338843133355E-15 ) ) ;
#2476 = DIRECTION ( 'NONE',  ( 0.0000000000000000000, 1.000000000000000000, 3.491481338843133355E-15 ) ) ;
#2477 = CARTESIAN_POINT ( 'NONE',  ( -0.1490401884880906969, 1.154204059636644075, 0.001000000000004306906 ) ) ;
#2478 = VERTEX_POINT ( 'NONE', #4281 ) ;
#2479 = EDGE_CURVE ( 'NONE', #6539, #2701, #6524, .T. ) ;
#2480 = CARTESIAN_POINT ( 'NONE',  ( -0.1049336084076501752, 1.047233240681907374, 0.001000000000004306906 ) ) ;
#2481 = CARTESIAN_POINT ( 'NONE',  ( -0.06685516725408512106, 0.9823168999493242515, 0.001000000000003873225 ) ) ;
#2482 = VECTOR ( 'NONE', #1309, 1000.000000000000000 ) ;
#2483 = EDGE_CURVE ( 'NONE', #1755, #5517, #1562, .T. ) ;
#2484 = SURFACE_STYLE_USAGE ( .BOTH. , #9295 ) ;
#2485 = ORIENTED_EDGE ( 'NONE', *, *, #3340, .T. ) ;
#2486 = VECTOR ( 'NONE', #3635, 1000.000000000000000 ) ;
#2487 = PLANE ( 'NONE',  #6135 ) ;
#2488 =( GEOMETRIC_REPRESENTATION_CONTEXT ( 3 ) GLOBAL_UNCERTAINTY_ASSIGNED_CONTEXT ( ( #8287 ) ) GLOBAL_UNIT_ASSIGNED_CONTEXT ( ( #4987, #7967, #3403 ) ) REPRESENTATION_CONTEXT ( 'NONE', 'WORKASPACE' ) );
#2489 =( NAMED_UNIT ( * ) SI_UNIT ( $, .STERADIAN. ) SOLID_ANGLE_UNIT ( ) );
#2490 = FACE_OUTER_BOUND ( 'NONE', #4428, .T. ) ;
#2491 = VECTOR ( 'NONE', #656, 1000.000000000000000 ) ;
#2492 = DIRECTION ( 'NONE',  ( 0.0000000000000000000, 1.000000000000000000, 3.491481338843133355E-15 ) ) ;
#2493 = ADVANCED_FACE ( 'NONE', ( #3341 ), #5812, .T. ) ;
#2494 = VECTOR ( 'NONE', #2895, 1000.000000000000000 ) ;
#2495 = VECTOR ( 'NONE', #9162, 1000.000000000000000 ) ;
#2496 = CARTESIAN_POINT ( 'NONE',  ( -0.1317094406053722633, 1.046470552954624988, 0.001000000000004306906 ) ) ;
#2497 = LINE ( 'NONE', #8186, #6181 ) ;
#2498 = DIRECTION ( 'NONE',  ( 0.0000000000000000000, 1.000000000000000000, 3.491481338843133355E-15 ) ) ;
#2499 = PLANE ( 'NONE',  #862 ) ;
#2500 = VECTOR ( 'NONE', #7367, 1000.000000000000000 ) ;
#2501 = AXIS2_PLACEMENT_3D ( 'NONE', #9015, #7550, #3066 ) ;
#2502 = DIRECTION ( 'NONE',  ( -1.000000000000000000, -0.0000000000000000000, 0.0000000000000000000 ) ) ;
#2503 = FACE_OUTER_BOUND ( 'NONE', #7271, .T. ) ;
#2504 = VECTOR ( 'NONE', #9306, 1000.000000000000000 ) ;
#2505 = FILL_AREA_STYLE ('',( #7028 ) ) ;
#2506 =( NAMED_UNIT ( * ) PLANE_ANGLE_UNIT ( ) SI_UNIT ( $, .RADIAN. ) );
#2507 = CARTESIAN_POINT ( 'NONE',  ( 0.2021793237070310389, -0.7589999999999896829, 0.01099999999999782749 ) ) ;
#2508 = STYLED_ITEM ( 'NONE', ( #3817 ), #1111 ) ;
#2509 = PLANE ( 'NONE',  #1815 ) ;
#2510 = LINE ( 'NONE', #2709, #5478 ) ;
#2511 = UNCERTAINTY_MEASURE_WITH_UNIT (LENGTH_MEASURE( 1.000000000000000082E-05 ), #4033, 'distance_accuracy_value', 'NONE');
#2512 = CARTESIAN_POINT ( 'NONE',  ( -0.2514792128783346348, 0.9542040596366438976, 0.001000000000003873225 ) ) ;
#2513 = DIRECTION ( 'NONE',  ( 0.0000000000000000000, 3.491481338843133355E-15, -1.000000000000000000 ) ) ;
#2514 = ORIENTED_EDGE ( 'NONE', *, *, #2679, .T. ) ;
#2515 = ORIENTED_EDGE ( 'NONE', *, *, #6812, .T. ) ;
#2516 = CARTESIAN_POINT ( 'NONE',  ( -0.07892766426524076839, 0.9907528318866556383, 0.001000000000003873225 ) ) ;
#2517 = ORIENTED_EDGE ( 'NONE', *, *, #9315, .F. ) ;
#2518 = CARTESIAN_POINT ( 'NONE',  ( -2.899999999999999911, 1.132252840124448934, 0.01100000000000433270 ) ) ;
#2519 = VERTEX_POINT ( 'NONE', #6581 ) ;
#2520 = CARTESIAN_POINT ( 'NONE',  ( -2.899999999999999911, 0.9542040596366438976, 0.01100000000000389902 ) ) ;
#2521 = CARTESIAN_POINT ( 'NONE',  ( 0.2574003602923971012, 1.132252840124448934, 0.001000000000004306906 ) ) ;
#2522 = CARTESIAN_POINT ( 'NONE',  ( -1.799999999999998712, -4.686157287525374748, 1.400999999999984924 ) ) ;
#2523 = COLOUR_RGB ( '',0.7764705882352941346, 0.7568627450980391913, 0.7372549019607843590 ) ;
#2524 = SURFACE_STYLE_FILL_AREA ( #8810 ) ;
#2525 = DIRECTION ( 'NONE',  ( -0.0000000000000000000, 1.000000000000000000, 3.491481338843133355E-15 ) ) ;
#2526 = CARTESIAN_POINT ( 'NONE',  ( 0.0000000000000000000, 0.0000000000000000000, 0.0000000000000000000 ) ) ;
#2527 = ORIENTED_EDGE ( 'NONE', *, *, #896, .F. ) ;
#2528 = CARTESIAN_POINT ( 'NONE',  ( -0.09597862183565752936, 0.9740194596949666161, 0.001000000000003873225 ) ) ;
#2529 = DIRECTION ( 'NONE',  ( -1.495451272393799296E-16, -3.491481338843133355E-15, 1.000000000000000000 ) ) ;
#2530 = CARTESIAN_POINT ( 'NONE',  ( 0.01681347004849466364, 0.9865211328073746344, 0.001000000000003873225 ) ) ;
#2531 = DIRECTION ( 'NONE',  ( 0.0000000000000000000, 1.000000000000000000, 3.491481338843133355E-15 ) ) ;
#2532 = CIRCLE ( 'NONE', #997, 0.2000000000000000944 ) ;
#2533 = PRESENTATION_LAYER_ASSIGNMENT (  '', '', ( #7091 ) ) ;
#2534 = VECTOR ( 'NONE', #1985, 1000.000000000000000 ) ;
#2535 = ORIENTED_EDGE ( 'NONE', *, *, #9692, .T. ) ;
#2536 = EDGE_LOOP ( 'NONE', ( #3072, #7424, #4387, #9618 ) ) ;
#2537 = SURFACE_SIDE_STYLE ('',( #5120 ) ) ;
#2538 = SURFACE_SIDE_STYLE ('',( #2850 ) ) ;
#2539 = CARTESIAN_POINT ( 'NONE',  ( -0.006966799307660954087, 1.131569054489793169, 0.001000000000004306906 ) ) ;
#2540 =( NAMED_UNIT ( * ) PLANE_ANGLE_UNIT ( ) SI_UNIT ( $, .RADIAN. ) );
#2541 = LINE ( 'NONE', #6014, #5397 ) ;
#2542 = FILL_AREA_STYLE_COLOUR ( '', #8623 ) ;
#2543 = ADVANCED_FACE ( 'NONE', ( #2490 ), #585, .T. ) ;
#2544 = CARTESIAN_POINT ( 'NONE',  ( -0.04581223626064631627, 0.9750107625780516374, 0.01100000000000389902 ) ) ;
#2545 = EDGE_LOOP ( 'NONE', ( #4500, #2961, #3554, #8904 ) ) ;
#2546 = MECHANICAL_DESIGN_GEOMETRIC_PRESENTATION_REPRESENTATION (  '', ( #1076 ), #3578 ) ;
#2547 = PRESENTATION_STYLE_ASSIGNMENT (( #4070 ) ) ;
#2548 = CARTESIAN_POINT ( 'NONE',  ( -0.03804794071834590591, 0.9738887966409637276, 0.001000000000003873225 ) ) ;
#2549 = VERTEX_POINT ( 'NONE', #2741 ) ;
#2550 = VERTEX_POINT ( 'NONE', #5784 ) ;
#2551 = MECHANICAL_DESIGN_GEOMETRIC_PRESENTATION_REPRESENTATION (  '', ( #6659 ), #4792 ) ;
#2552 = EDGE_LOOP ( 'NONE', ( #7112, #4187, #8602, #1770 ) ) ;
#2553 = EDGE_CURVE ( 'NONE', #9416, #7373, #9197, .T. ) ;
#2554 = FILL_AREA_STYLE_COLOUR ( '', #8857 ) ;
#2555 = CARTESIAN_POINT ( 'NONE',  ( -0.1004086358581722932, 1.088610507265425298, 0.001000000000004306906 ) ) ;
#2556 = EDGE_LOOP ( 'NONE', ( #3518, #8037, #8335, #6649, #7121, #996, #357, #3491 ) ) ;
#2557 = CARTESIAN_POINT ( 'NONE',  ( 1.299999999999999378, 4.231000000000008754, 0.2010000000000152498 ) ) ;
#2558 = EDGE_LOOP ( 'NONE', ( #1033, #9241, #3057, #839 ) ) ;
#2559 = VERTEX_POINT ( 'NONE', #3527 ) ;
#2560 = EDGE_CURVE ( 'NONE', #3866, #6432, #1455, .T. ) ;
#2561 =( GEOMETRIC_REPRESENTATION_CONTEXT ( 3 ) GLOBAL_UNCERTAINTY_ASSIGNED_CONTEXT ( ( #1761 ) ) GLOBAL_UNIT_ASSIGNED_CONTEXT ( ( #3172, #4453, #9702 ) ) REPRESENTATION_CONTEXT ( 'NONE', 'WORKASPACE' ) );
#2562 = EDGE_CURVE ( 'NONE', #5816, #7474, #190, .T. ) ;
#2563 = DIRECTION ( 'NONE',  ( -0.0000000000000000000, 1.000000000000000000, 3.491481338843133355E-15 ) ) ;
#2564 = DIRECTION ( 'NONE',  ( 0.0000000000000000000, -1.000000000000000000, -3.368276546515235160E-15 ) ) ;
#2565 = CARTESIAN_POINT ( 'NONE',  ( 0.3283100564981720759, 1.093041507312539906, 0.01100000000000433270 ) ) ;
#2566 = CARTESIAN_POINT ( 'NONE',  ( -0.1208971708759431218, 1.005423155735520435, 0.01100000000000389902 ) ) ;
#2567 = VECTOR ( 'NONE', #8163, 1000.000000000000000 ) ;
#2568 = STYLED_ITEM ( 'NONE', ( #9400 ), #5090 ) ;
#2569 = FILL_AREA_STYLE_COLOUR ( '', #9476 ) ;
#2570 = ORIENTED_EDGE ( 'NONE', *, *, #7005, .T. ) ;
#2571 = EDGE_LOOP ( 'NONE', ( #9293, #2051, #458, #4043 ) ) ;
#2572 = EDGE_CURVE ( 'NONE', #1673, #6604, #2602, .T. ) ;
#2573 = CARTESIAN_POINT ( 'NONE',  ( 2.699999999999998401, -0.7590000000000105551, 5.800999999999997492 ) ) ;
#2574 = DIRECTION ( 'NONE',  ( 0.7071067811865460184, 2.468850131082270866E-15, -0.7071067811865490160 ) ) ;
#2575 = MECHANICAL_DESIGN_GEOMETRIC_PRESENTATION_REPRESENTATION (  '', ( #2253 ), #9317 ) ;
#2576 = CARTESIAN_POINT ( 'NONE',  ( -0.02032099523474762900, 1.133956041297188966, 0.001000000000004306906 ) ) ;
#2577 = DIRECTION ( 'NONE',  ( 0.9315776194850603487, -0.3635424856527062487, -1.269301804533071462E-15 ) ) ;
#2578 =( NAMED_UNIT ( * ) SI_UNIT ( $, .STERADIAN. ) SOLID_ANGLE_UNIT ( ) );
#2579 = CARTESIAN_POINT ( 'NONE',  ( -2.900000000000000355, -0.7589999999999966773, 1.920999999999998042 ) ) ;
#2580 = CARTESIAN_POINT ( 'NONE',  ( -0.1000717792163847014, 1.022318764291037851, 0.01100000000000389902 ) ) ;
#2581 = ORIENTED_EDGE ( 'NONE', *, *, #6780, .F. ) ;
#2582 = COLOUR_RGB ( '',1.000000000000000000, 1.000000000000000000, 1.000000000000000000 ) ;
#2583 =( NAMED_UNIT ( * ) SI_UNIT ( $, .STERADIAN. ) SOLID_ANGLE_UNIT ( ) );
#2584 = SURFACE_STYLE_FILL_AREA ( #460 ) ;
#2585 = AXIS2_PLACEMENT_3D ( 'NONE', #4168, #503, #5740 ) ;
#2586 = VERTEX_POINT ( 'NONE', #645 ) ;
#2587 = CARTESIAN_POINT ( 'NONE',  ( 1.299999999999999378, 3.331000000000007955, 0.6010000000000123022 ) ) ;
#2588 = CARTESIAN_POINT ( 'NONE',  ( 2.899999999999999911, 0.9017106781186627895, 0.4010000000000036313 ) ) ;
#2589 = DIRECTION ( 'NONE',  ( 1.000000000000000000, 0.0000000000000000000, -0.0000000000000000000 ) ) ;
#2590 = ORIENTED_EDGE ( 'NONE', *, *, #4338, .T. ) ;
#2591 = DIRECTION ( 'NONE',  ( 1.000000000000000000, 0.0000000000000000000, 0.0000000000000000000 ) ) ;
#2592 = PRESENTATION_STYLE_ASSIGNMENT (( #8377 ) ) ;
#2593 = ADVANCED_FACE ( 'NONE', ( #872 ), #8747, .T. ) ;
#2594 = LINE ( 'NONE', #1837, #8710 ) ;
#2595 = PRESENTATION_LAYER_ASSIGNMENT (  '', '', ( #4634 ) ) ;
#2596 = DIRECTION ( 'NONE',  ( -0.0000000000000000000, 1.000000000000000000, 3.491481338843133355E-15 ) ) ;
#2597 = CARTESIAN_POINT ( 'NONE',  ( -3.529289321881345032, 2.301710678118662035, 0.7131320343559736097 ) ) ;
#2598 = CARTESIAN_POINT ( 'NONE',  ( -0.05133847617578795458, 0.9534235412030243051, 0.01100000000000389902 ) ) ;
#2599 = VECTOR ( 'NONE', #4382, 999.9999999999998863 ) ;
#2600 = DIRECTION ( 'NONE',  ( -0.0000000000000000000, 1.000000000000000000, 3.491481338843133355E-15 ) ) ;
#2601 = ORIENTED_EDGE ( 'NONE', *, *, #1712, .T. ) ;
#2602 = LINE ( 'NONE', #1302, #6507 ) ;
#2603 = LINE ( 'NONE', #9497, #4622 ) ;
#2604 = MECHANICAL_DESIGN_GEOMETRIC_PRESENTATION_REPRESENTATION (  '', ( #4143 ), #4846 ) ;
#2605 = CIRCLE ( 'NONE', #9082, 0.2000000000000000944 ) ;
#2606 = COLOUR_RGB ( '',0.7764705882352941346, 0.7568627450980391913, 0.7372549019607843590 ) ;
#2607 = DIRECTION ( 'NONE',  ( -1.000000000000000000, -0.0000000000000000000, 0.0000000000000000000 ) ) ;
#2608 = CARTESIAN_POINT ( 'NONE',  ( -2.899999999999999911, 1.076155279148839128, 0.01100000000000433270 ) ) ;
#2609 = CARTESIAN_POINT ( 'NONE',  ( -0.02734337160295019151, 1.134597636286959421, 0.001000000000004306906 ) ) ;
#2610 = DIRECTION ( 'NONE',  ( 2.465190328815661892E-32, -1.000000000000000000, -3.491481338843133355E-15 ) ) ;
#2611 = DIRECTION ( 'NONE',  ( 0.0000000000000000000, 1.000000000000000000, 3.491481338843133355E-15 ) ) ;
#2612 = EDGE_CURVE ( 'NONE', #264, #7247, #8948, .T. ) ;
#2613 = ORIENTED_EDGE ( 'NONE', *, *, #7041, .F. ) ;
#2614 = SURFACE_STYLE_FILL_AREA ( #2759 ) ;
#2615 = DIRECTION ( 'NONE',  ( 0.0000000000000000000, 1.000000000000000000, 3.491481338843133355E-15 ) ) ;
#2616 = SURFACE_STYLE_FILL_AREA ( #2860 ) ;
#2617 = LINE ( 'NONE', #3847, #8845 ) ;
#2618 = CARTESIAN_POINT ( 'NONE',  ( 0.4328957871216653763, 1.076155279148839128, 0.001000000000004306906 ) ) ;
#2619 = STYLED_ITEM ( 'NONE', ( #1211 ), #9302 ) ;
#2620 = EDGE_CURVE ( 'NONE', #3465, #6931, #9678, .T. ) ;
#2621 = CARTESIAN_POINT ( 'NONE',  ( -0.1050821854936750954, 1.059262447117260697, 0.01100000000000433270 ) ) ;
#2622 = SURFACE_SIDE_STYLE ('',( #7202 ) ) ;
#2623 = VECTOR ( 'NONE', #7055, 1000.000000000000000 ) ;
#2624 = VECTOR ( 'NONE', #9379, 1000.000000000000000 ) ;
#2625 = FACE_OUTER_BOUND ( 'NONE', #3625, .T. ) ;
#2626 = LINE ( 'NONE', #6531, #8171 ) ;
#2627 =( GEOMETRIC_REPRESENTATION_CONTEXT ( 3 ) GLOBAL_UNCERTAINTY_ASSIGNED_CONTEXT ( ( #7433 ) ) GLOBAL_UNIT_ASSIGNED_CONTEXT ( ( #6477, #7243, #4271 ) ) REPRESENTATION_CONTEXT ( 'NONE', 'WORKASPACE' ) );
#2628 = ORIENTED_EDGE ( 'NONE', *, *, #1073, .T. ) ;
#2629 = EDGE_CURVE ( 'NONE', #8212, #7712, #6732, .T. ) ;
#2630 = DIRECTION ( 'NONE',  ( 0.0000000000000000000, -1.000000000000000000, -3.491481338843133355E-15 ) ) ;
#2631 = CARTESIAN_POINT ( 'NONE',  ( 0.3312715545412180385, 1.085894449443538745, 0.01100000000000433270 ) ) ;
#2632 = CARTESIAN_POINT ( 'NONE',  ( 0.3630741600225999011, 1.055466332635474513, 0.01100000000000433270 ) ) ;
#2633 = DIRECTION ( 'NONE',  ( 0.0000000000000000000, -3.491481338843133355E-15, 1.000000000000000000 ) ) ;
#2634 = PRESENTATION_LAYER_ASSIGNMENT (  '', '', ( #7060 ) ) ;
#2635 = ORIENTED_EDGE ( 'NONE', *, *, #4349, .F. ) ;
#2636 = COLOUR_RGB ( '',0.7764705882352941346, 0.7568627450980391913, 0.7372549019607843590 ) ;
#2637 = FILL_AREA_STYLE ('',( #4910 ) ) ;
#2638 = ORIENTED_EDGE ( 'NONE', *, *, #1006, .F. ) ;
#2639 = VERTEX_POINT ( 'NONE', #2877 ) ;
#2640 = DIRECTION ( 'NONE',  ( 0.0000000000000000000, -3.491481338843133355E-15, 1.000000000000000000 ) ) ;
#2641 =( NAMED_UNIT ( * ) PLANE_ANGLE_UNIT ( ) SI_UNIT ( $, .RADIAN. ) );
#2642 =( NAMED_UNIT ( * ) PLANE_ANGLE_UNIT ( ) SI_UNIT ( $, .RADIAN. ) );
#2643 = CARTESIAN_POINT ( 'NONE',  ( 4.699999999999997513, 2.901710678118664788, 0.001000000000011245799 ) ) ;
#2644 = ADVANCED_FACE ( 'NONE', ( #650 ), #5167, .F. ) ;
#2645 = FACE_OUTER_BOUND ( 'NONE', #960, .T. ) ;
#2646 = FILL_AREA_STYLE ('',( #8716 ) ) ;
#2647 = DIRECTION ( 'NONE',  ( 0.0000000000000000000, -1.000000000000000000, -3.491481338843133355E-15 ) ) ;
#2648 = ORIENTED_EDGE ( 'NONE', *, *, #777, .T. ) ;
#2649 = DIRECTION ( 'NONE',  ( 0.0000000000000000000, -1.000000000000000000, -2.949380252600381138E-15 ) ) ;
#2650 = DIRECTION ( 'NONE',  ( -0.0000000000000000000, 1.000000000000000000, 3.491481338843133355E-15 ) ) ;
#2651 = SURFACE_STYLE_FILL_AREA ( #7849 ) ;
#2652 = CARTESIAN_POINT ( 'NONE',  ( -0.08067153242225633125, 1.118552949249750572, 0.001000000000004306906 ) ) ;
#2653 = DIRECTION ( 'NONE',  ( -1.000000000000000000, -0.0000000000000000000, 0.0000000000000000000 ) ) ;
#2654 = CARTESIAN_POINT ( 'NONE',  ( 4.699999999999997513, 2.901710678118664788, 0.001000000000011245799 ) ) ;
#2655 = VECTOR ( 'NONE', #2926, 1000.000000000000114 ) ;
#2656 = VERTEX_POINT ( 'NONE', #1382 ) ;
#2657 = VECTOR ( 'NONE', #7140, 1000.000000000000000 ) ;
#2658 = DIRECTION ( 'NONE',  ( 1.495451272393799296E-16, 3.491481338843133355E-15, -1.000000000000000000 ) ) ;
#2659 = EDGE_LOOP ( 'NONE', ( #7761, #3513, #7467, #3003 ) ) ;
#2660 =( GEOMETRIC_REPRESENTATION_CONTEXT ( 3 ) GLOBAL_UNCERTAINTY_ASSIGNED_CONTEXT ( ( #7052 ) ) GLOBAL_UNIT_ASSIGNED_CONTEXT ( ( #5097, #3612, #4374 ) ) REPRESENTATION_CONTEXT ( 'NONE', 'WORKASPACE' ) );
#2661 = DIRECTION ( 'NONE',  ( 0.0000000000000000000, -3.491481338843133355E-15, 1.000000000000000000 ) ) ;
#2662 = ORIENTED_EDGE ( 'NONE', *, *, #8052, .T. ) ;
#2663 = ORIENTED_EDGE ( 'NONE', *, *, #8369, .F. ) ;
#2664 = SURFACE_STYLE_USAGE ( .BOTH. , #4042 ) ;
#2665 = MECHANICAL_DESIGN_GEOMETRIC_PRESENTATION_REPRESENTATION (  '', ( #4019 ), #2105 ) ;
#2666 = STYLED_ITEM ( 'NONE', ( #880 ), #449 ) ;
#2667 = ORIENTED_EDGE ( 'NONE', *, *, #1638, .T. ) ;
#2668 = LINE ( 'NONE', #9278, #6103 ) ;
#2669 = PRESENTATION_STYLE_ASSIGNMENT (( #936 ) ) ;
#2670 = ORIENTED_EDGE ( 'NONE', *, *, #4589, .F. ) ;
#2671 = CARTESIAN_POINT ( 'NONE',  ( 0.0000000000000000000, 5.131000000000001116, 2.501000000000018986 ) ) ;
#2672 = SURFACE_STYLE_USAGE ( .BOTH. , #2538 ) ;
#2673 = CARTESIAN_POINT ( 'NONE',  ( 0.005419350084766471481, 1.127555041698318883, 0.001000000000004306906 ) ) ;
#2674 = CARTESIAN_POINT ( 'NONE',  ( 0.4261503602923970568, 1.098106498661034047, 0.001000000000004306906 ) ) ;
#2675 = ORIENTED_EDGE ( 'NONE', *, *, #5417, .T. ) ;
#2676 = EDGE_LOOP ( 'NONE', ( #7595, #2675, #2321, #742 ) ) ;
#2677 = FILL_AREA_STYLE ('',( #9396 ) ) ;
#2678 = CARTESIAN_POINT ( 'NONE',  ( 0.3629158289031925722, 1.062870975493835912, 0.01100000000000433270 ) ) ;
#2679 = EDGE_CURVE ( 'NONE', #383, #5382, #6288, .T. ) ;
#2680 = CARTESIAN_POINT ( 'NONE',  ( 0.01497500402272734787, 1.122922497301518163, 0.01100000000000433270 ) ) ;
#2681 = CARTESIAN_POINT ( 'NONE',  ( 2.720000000000000195, -0.7590000000000035607, 3.880999999999997119 ) ) ;
#2682 = MECHANICAL_DESIGN_GEOMETRIC_PRESENTATION_REPRESENTATION (  '', ( #1695 ), #3528 ) ;
#2683 =( NAMED_UNIT ( * ) PLANE_ANGLE_UNIT ( ) SI_UNIT ( $, .RADIAN. ) );
#2684 = ORIENTED_EDGE ( 'NONE', *, *, #4818, .T. ) ;
#2685 = LINE ( 'NONE', #7696, #4831 ) ;
#2686 =( GEOMETRIC_REPRESENTATION_CONTEXT ( 3 ) GLOBAL_UNCERTAINTY_ASSIGNED_CONTEXT ( ( #8147 ) ) GLOBAL_UNIT_ASSIGNED_CONTEXT ( ( #696, #6751, #17 ) ) REPRESENTATION_CONTEXT ( 'NONE', 'WORKASPACE' ) );
#2687 = ORIENTED_EDGE ( 'NONE', *, *, #5168, .F. ) ;
#2688 = CARTESIAN_POINT ( 'NONE',  ( 0.3204292812935306545, 1.105760135082390461, 0.001000000000004306906 ) ) ;
#2689 = CARTESIAN_POINT ( 'NONE',  ( -2.899999999999999911, 2.301710678118662035, 0.6010000000000088605 ) ) ;
#2690 = PRESENTATION_STYLE_ASSIGNMENT (( #6218 ) ) ;
#2691 = ORIENTED_EDGE ( 'NONE', *, *, #6874, .F. ) ;
#2692 = VECTOR ( 'NONE', #1738, 1000.000000000000000 ) ;
#2693 = ADVANCED_FACE ( 'NONE', ( #4273 ), #1794, .T. ) ;
#2694 = MECHANICAL_DESIGN_GEOMETRIC_PRESENTATION_REPRESENTATION (  '', ( #6934 ), #6734 ) ;
#2695 = ORIENTED_EDGE ( 'NONE', *, *, #5246, .T. ) ;
#2696 = CARTESIAN_POINT ( 'NONE',  ( -2.900000000000000799, 3.330999999999989747, 5.801000000000011703 ) ) ;
#2697 = EDGE_CURVE ( 'NONE', #5662, #6256, #5690, .T. ) ;
#2698 = LINE ( 'NONE', #3553, #5549 ) ;
#2699 = LINE ( 'NONE', #2718, #395 ) ;
#2700 = CARTESIAN_POINT ( 'NONE',  ( 0.3257396021181563350, 1.132842557843210640, 0.001000000000004306906 ) ) ;
#2701 = VERTEX_POINT ( 'NONE', #3715 ) ;
#2702 = PRESENTATION_LAYER_ASSIGNMENT (  '', '', ( #371 ) ) ;
#2703 = DIRECTION ( 'NONE',  ( -1.000000000000000000, -2.465190328815661892E-32, -8.607166029756451331E-47 ) ) ;
#2704 = VECTOR ( 'NONE', #6156, 1000.000000000000114 ) ;
#2705 = ORIENTED_EDGE ( 'NONE', *, *, #5356, .F. ) ;
#2706 = EDGE_CURVE ( 'NONE', #6460, #5082, #9540, .T. ) ;
#2707 = CARTESIAN_POINT ( 'NONE',  ( 2.899999999999999911, 0.3017106781186629783, 0.4010000000000019105 ) ) ;
#2708 =( GEOMETRIC_REPRESENTATION_CONTEXT ( 3 ) GLOBAL_UNCERTAINTY_ASSIGNED_CONTEXT ( ( #7339 ) ) GLOBAL_UNIT_ASSIGNED_CONTEXT ( ( #8844, #6540, #9516 ) ) REPRESENTATION_CONTEXT ( 'NONE', 'WORKASPACE' ) );
#2709 = CARTESIAN_POINT ( 'NONE',  ( 0.3777890798045921983, 1.154204059636644075, 0.01100000000000433270 ) ) ;
#2710 = ORIENTED_EDGE ( 'NONE', *, *, #7341, .F. ) ;
#2711 = CARTESIAN_POINT ( 'NONE',  ( 0.3465119524332894718, 1.111143828540339440, 0.01100000000000433270 ) ) ;
#2712 =( NAMED_UNIT ( * ) SI_UNIT ( $, .STERADIAN. ) SOLID_ANGLE_UNIT ( ) );
#2713 = CARTESIAN_POINT ( 'NONE',  ( -2.899999999999999911, 2.301710678118662035, 0.6010000000000088605 ) ) ;
#2714 = SURFACE_STYLE_FILL_AREA ( #5307 ) ;
#2715 = AXIS2_PLACEMENT_3D ( 'NONE', #1240, #9340, #5124 ) ;
#2716 = VERTEX_POINT ( 'NONE', #3650 ) ;
#2717 = CARTESIAN_POINT ( 'NONE',  ( -0.03452037141491998140, 1.134691864514691728, 0.01100000000000433270 ) ) ;
#2718 = CARTESIAN_POINT ( 'NONE',  ( 2.899999999999999911, 3.111000000000004206, 1.421000000000010477 ) ) ;
#2719 = CARTESIAN_POINT ( 'NONE',  ( -0.06311000067154111381, 1.129531286856690242, 0.01100000000000433270 ) ) ;
#2720 = FILL_AREA_STYLE_COLOUR ( '', #5928 ) ;
#2721 = PRESENTATION_STYLE_ASSIGNMENT (( #1519 ) ) ;
#2722 = LINE ( 'NONE', #9057, #2846 ) ;
#2723 = CARTESIAN_POINT ( 'NONE',  ( 0.01197574320510694235, 0.9577281245309551272, 0.01100000000000389902 ) ) ;
#2724 = UNCERTAINTY_MEASURE_WITH_UNIT (LENGTH_MEASURE( 1.000000000000000082E-05 ), #6729, 'distance_accuracy_value', 'NONE');
#2725 = DIRECTION ( 'NONE',  ( 4.709782017052876545E-32, -1.000000000000000000, -3.344967531750497386E-15 ) ) ;
#2726 = LINE ( 'NONE', #9555, #761 ) ;
#2727 = CARTESIAN_POINT ( 'NONE',  ( 0.3629158289031925722, 1.062870975493835912, 0.01100000000000433270 ) ) ;
#2728 = LINE ( 'NONE', #134, #2134 ) ;
#2729 = SURFACE_SIDE_STYLE ('',( #3845 ) ) ;
#2730 = PRESENTATION_LAYER_ASSIGNMENT (  '', '', ( #2050 ) ) ;
#2731 = LINE ( 'NONE', #9677, #2494 ) ;
#2732 = COLOUR_RGB ( '',0.7764705882352941346, 0.7568627450980391913, 0.7372549019607843590 ) ;
#2733 = FACE_OUTER_BOUND ( 'NONE', #4253, .T. ) ;
#2734 = FILL_AREA_STYLE ('',( #4341 ) ) ;
#2735 = CARTESIAN_POINT ( 'NONE',  ( 2.899999999999999911, 2.901710678118663456, 0.4010000000000110143 ) ) ;
#2736 = CARTESIAN_POINT ( 'NONE',  ( 2.899999999999999911, 0.3017106781186629783, 0.4010000000000019105 ) ) ;
#2737 = PRESENTATION_LAYER_ASSIGNMENT (  '', '', ( #6784 ) ) ;
#2738 = ADVANCED_FACE ( 'NONE', ( #9109 ), #5234, .T. ) ;
#2739 = CARTESIAN_POINT ( 'NONE',  ( 1.400000000000000355, -4.768999999999996575, 1.700999999999984080 ) ) ;
#2740 = EDGE_CURVE ( 'NONE', #9373, #7113, #5791, .T. ) ;
#2741 = CARTESIAN_POINT ( 'NONE',  ( 1.600000000000000533, -4.568999999999995509, 1.900999999999984924 ) ) ;
#2742 = FACE_OUTER_BOUND ( 'NONE', #9273, .T. ) ;
#2743 = VERTEX_POINT ( 'NONE', #6183 ) ;
#2744 = LINE ( 'NONE', #6246, #4060 ) ;
#2745 = FACE_OUTER_BOUND ( 'NONE', #7752, .T. ) ;
#2746 = FACE_OUTER_BOUND ( 'NONE', #9614, .T. ) ;
#2747 = LINE ( 'NONE', #5702, #8293 ) ;
#2748 = DIRECTION ( 'NONE',  ( 0.0000000000000000000, -3.491481338843133355E-15, 1.000000000000000000 ) ) ;
#2749 = AXIS2_PLACEMENT_3D ( 'NONE', #4782, #305, #1041 ) ;
#2750 = EDGE_CURVE ( 'NONE', #9262, #7825, #7478, .T. ) ;
#2751 = CARTESIAN_POINT ( 'NONE',  ( 0.3283100564981720759, 1.093041507312539906, 0.01100000000000433270 ) ) ;
#2752 = VERTEX_POINT ( 'NONE', #3911 ) ;
#2753 = ORIENTED_EDGE ( 'NONE', *, *, #4291, .F. ) ;
#2754 = CARTESIAN_POINT ( 'NONE',  ( -0.01672712504389542443, 0.9522223259996148714, 0.01100000000000389902 ) ) ;
#2755 = VERTEX_POINT ( 'NONE', #9077 ) ;
#2756 = UNCERTAINTY_MEASURE_WITH_UNIT (LENGTH_MEASURE( 1.000000000000000082E-05 ), #3210, 'distance_accuracy_value', 'NONE');
#2757 = EDGE_CURVE ( 'NONE', #7712, #1623, #5375, .T. ) ;
#2758 = B_SPLINE_CURVE_WITH_KNOTS ( 'NONE', 3,
 ( #9239, #4618, #6140, #3861, #1696, #7600, #1631 ),
 .UNSPECIFIED., .F., .F.,
 ( 4, 1, 1, 1, 4 ),
 ( 0.0000000000000000000, 0.1744817153170450941, 0.3982857591281150356, 0.6738978473986464435, 1.000000000000000000 ),
 .UNSPECIFIED. ) ;
#2759 = FILL_AREA_STYLE ('',( #7272 ) ) ;
#2760 = ORIENTED_EDGE ( 'NONE', *, *, #3833, .T. ) ;
#2761 = SURFACE_STYLE_USAGE ( .BOTH. , #5064 ) ;
#2762 = ORIENTED_EDGE ( 'NONE', *, *, #9563, .F. ) ;
#2763 = FILL_AREA_STYLE_COLOUR ( '', #6334 ) ;
#2764 = EDGE_CURVE ( 'NONE', #8407, #3373, #7839, .T. ) ;
#2765 = PRESENTATION_STYLE_ASSIGNMENT (( #7369 ) ) ;
#2766 = AXIS2_PLACEMENT_3D ( 'NONE', #5084, #2650, #1909 ) ;
#2767 = CARTESIAN_POINT ( 'NONE',  ( 2.900000000000000355, 1.351000000000003309, 1.921000000000004038 ) ) ;
#2768 = VECTOR ( 'NONE', #3424, 1000.000000000000000 ) ;
#2769 = ORIENTED_EDGE ( 'NONE', *, *, #6319, .T. ) ;
#2770 = ORIENTED_EDGE ( 'NONE', *, *, #3085, .F. ) ;
#2771 = VERTEX_POINT ( 'NONE', #4669 ) ;
#2772 = DIRECTION ( 'NONE',  ( 1.445602896647339163E-16, 3.491481338843133355E-15, -1.000000000000000000 ) ) ;
#2773 = PRESENTATION_LAYER_ASSIGNMENT (  '', '', ( #8876 ) ) ;
#2774 = CARTESIAN_POINT ( 'NONE',  ( -2.699999999999999734, -0.7589999999999905711, 0.2009999999999979026 ) ) ;
#2775 = SURFACE_STYLE_FILL_AREA ( #957 ) ;
#2776 = CARTESIAN_POINT ( 'NONE',  ( 0.4636914380591874441, 0.9897366312300797109, 0.01100000000000389902 ) ) ;
#2777 = CARTESIAN_POINT ( 'NONE',  ( 0.0000000000000000000, 3.330999999999999961, 2.901000000000012680 ) ) ;
#2778 = CARTESIAN_POINT ( 'NONE',  ( -0.04168883006668366864, 1.156565652609916617, 0.01100000000000433270 ) ) ;
#2779 = FILL_AREA_STYLE ('',( #7253 ) ) ;
#2780 = ORIENTED_EDGE ( 'NONE', *, *, #4835, .T. ) ;
#2781 = VECTOR ( 'NONE', #3052, 1000.000000000000000 ) ;
#2782 = ORIENTED_EDGE ( 'NONE', *, *, #1582, .F. ) ;
#2783 = CARTESIAN_POINT ( 'NONE',  ( 0.3559052451649729054, 1.011643291277799284, 0.001000000000003873225 ) ) ;
#2784 = SURFACE_STYLE_USAGE ( .BOTH. , #1266 ) ;
#2785 = CARTESIAN_POINT ( 'NONE',  ( -0.04949810279884432618, 1.133486133924673345, 0.01100000000000433270 ) ) ;
#2786 = FILL_AREA_STYLE ('',( #1310 ) ) ;
#2787 = ORIENTED_EDGE ( 'NONE', *, *, #5354, .T. ) ;
#2788 = DIRECTION ( 'NONE',  ( 0.0000000000000000000, -3.491481338843133355E-15, 1.000000000000000000 ) ) ;
#2789 =( NAMED_UNIT ( * ) PLANE_ANGLE_UNIT ( ) SI_UNIT ( $, .RADIAN. ) );
#2790 = FACE_OUTER_BOUND ( 'NONE', #7246, .T. ) ;
#2791 = DIRECTION ( 'NONE',  ( 0.0000000000000000000, -1.000000000000000000, -3.491481338843133355E-15 ) ) ;
#2792 = VERTEX_POINT ( 'NONE', #3190 ) ;
#2793 = VERTEX_POINT ( 'NONE', #87 ) ;
#2794 = ORIENTED_EDGE ( 'NONE', *, *, #8503, .F. ) ;
#2795 = ADVANCED_FACE ( 'NONE', ( #8306 ), #4265, .F. ) ;
#2796 = SURFACE_SIDE_STYLE ('',( #2614 ) ) ;
#2797 = VERTEX_POINT ( 'NONE', #6868 ) ;
#2798 = DIRECTION ( 'NONE',  ( 0.0000000000000000000, -3.491481338843133355E-15, 1.000000000000000000 ) ) ;
#2799 =( NAMED_UNIT ( * ) PLANE_ANGLE_UNIT ( ) SI_UNIT ( $, .RADIAN. ) );
#2800 = AXIS2_PLACEMENT_3D ( 'NONE', #7782, #4768, #3287 ) ;
#2801 = CARTESIAN_POINT ( 'NONE',  ( -2.700000000000000178, 3.330999999999999961, 2.901000000000012236 ) ) ;
#2802 = DIRECTION ( 'NONE',  ( 1.000000000000000000, 0.0000000000000000000, 0.0000000000000000000 ) ) ;
#2803 = EDGE_LOOP ( 'NONE', ( #6066, #5657, #9348, #2782 ) ) ;
#2804 = CARTESIAN_POINT ( 'NONE',  ( 2.700000000000000178, -0.7589999999999966773, 1.900999999999998025 ) ) ;
#2805 = STYLED_ITEM ( 'NONE', ( #1922 ), #3169 ) ;
#2806 = ORIENTED_EDGE ( 'NONE', *, *, #5631, .T. ) ;
#2807 = EDGE_CURVE ( 'NONE', #9381, #2240, #9471, .T. ) ;
#2808 = DIRECTION ( 'NONE',  ( 0.0000000000000000000, -1.000000000000000000, -3.491481338843133355E-15 ) ) ;
#2809 = PRESENTATION_STYLE_ASSIGNMENT (( #4396 ) ) ;
#2810 = CARTESIAN_POINT ( 'NONE',  ( -0.02246920390803058831, 1.155914792715085904, 0.01100000000000433270 ) ) ;
#2811 = FILL_AREA_STYLE_COLOUR ( '', #8255 ) ;
#2812 =( LENGTH_UNIT ( ) NAMED_UNIT ( * ) SI_UNIT ( .MILLI., .METRE. ) );
#2813 = CARTESIAN_POINT ( 'NONE',  ( 0.5582768846826408060, 1.154204059636644075, 0.01100000000000433270 ) ) ;
#2814 = EDGE_CURVE ( 'NONE', #8072, #29, #5499, .T. ) ;
#2815 = DIRECTION ( 'NONE',  ( 0.0000000000000000000, -3.491481338843133355E-15, 1.000000000000000000 ) ) ;
#2816 =( NAMED_UNIT ( * ) PLANE_ANGLE_UNIT ( ) SI_UNIT ( $, .RADIAN. ) );
#2817 = ORIENTED_EDGE ( 'NONE', *, *, #3777, .T. ) ;
#2818 = MECHANICAL_DESIGN_GEOMETRIC_PRESENTATION_REPRESENTATION (  '', ( #3461 ), #5480 ) ;
#2819 = FACE_OUTER_BOUND ( 'NONE', #7554, .T. ) ;
#2820 = SURFACE_SIDE_STYLE ('',( #5610 ) ) ;
#2821 = FACE_OUTER_BOUND ( 'NONE', #3791, .T. ) ;
#2822 = ORIENTED_EDGE ( 'NONE', *, *, #5000, .F. ) ;
#2823 = UNCERTAINTY_MEASURE_WITH_UNIT (LENGTH_MEASURE( 1.000000000000000082E-05 ), #6566, 'distance_accuracy_value', 'NONE');
#2824 = CARTESIAN_POINT ( 'NONE',  ( 0.2622942453007889863, 0.9542859580271602082, 0.001000000000003873225 ) ) ;
#2825 = CARTESIAN_POINT ( 'NONE',  ( 3.958578643762689087, 0.9017106781186641218, 0.001000000000003005863 ) ) ;
#2826 = PLANE ( 'NONE',  #4976 ) ;
#2827 = SURFACE_STYLE_FILL_AREA ( #7767 ) ;
#2828 = DIRECTION ( 'NONE',  ( -0.7071067811865460184, 2.468850131082270866E-15, -0.7071067811865490160 ) ) ;
#2829 = DIRECTION ( 'NONE',  ( -0.3363908276654480334, 0.9417224702971438433, 3.288006431411734637E-15 ) ) ;
#2830 = ORIENTED_EDGE ( 'NONE', *, *, #6332, .F. ) ;
#2831 = DIRECTION ( 'NONE',  ( 0.0000000000000000000, -0.3826834323650871728, -0.9238795325112877377 ) ) ;
#2832 =( NAMED_UNIT ( * ) PLANE_ANGLE_UNIT ( ) SI_UNIT ( $, .RADIAN. ) );
#2833 = VERTEX_POINT ( 'NONE', #9186 ) ;
#2834 = EDGE_CURVE ( 'NONE', #9665, #5510, #1156, .T. ) ;
#2835 =( GEOMETRIC_REPRESENTATION_CONTEXT ( 3 ) GLOBAL_UNCERTAINTY_ASSIGNED_CONTEXT ( ( #9331 ) ) GLOBAL_UNIT_ASSIGNED_CONTEXT ( ( #3898, #1668, #3239 ) ) REPRESENTATION_CONTEXT ( 'NONE', 'WORKASPACE' ) );
#2836 = VECTOR ( 'NONE', #7740, 1000.000000000000000 ) ;
#2837 = B_SPLINE_CURVE_WITH_KNOTS ( 'NONE', 3,
 ( #747, #3752, #8388, #3128, #837, #3784, #8348, #3, #7588, #2317, #135, #5997, #2279, #6735, #3100, #3816, #5371, #9024, #2245 ),
 .UNSPECIFIED., .F., .F.,
 ( 4, 1, 1, 1, 1, 1, 1, 1, 1, 1, 1, 1, 1, 1, 1, 1, 4 ),
 ( 0.0000000000000000000, 0.06460397028839218181, 0.1267024139629471524, 0.1867568140356181683, 0.2455056873654366256, 0.3036520244499758547, 0.3615030739706251439, 0.4202402229284681323, 0.4800333407766951277, 0.5406781347755144074, 0.6011918063807817347, 0.6623335024774418267, 0.7247395102972300496, 0.7894677361728849041, 0.8565048600438298632, 0.9263120958391908299, 1.000000000000000000 ),
 .UNSPECIFIED. ) ;
#2838 = CARTESIAN_POINT ( 'NONE',  ( 0.4659369456582506119, 0.9785943035390829436, 0.01100000000000389902 ) ) ;
#2839 = UNCERTAINTY_MEASURE_WITH_UNIT (LENGTH_MEASURE( 1.000000000000000082E-05 ), #3487, 'distance_accuracy_value', 'NONE');
#2840 = VERTEX_POINT ( 'NONE', #4700 ) ;
#2841 = CARTESIAN_POINT ( 'NONE',  ( 0.2788645238563826623, 1.152603369254106225, 0.001000000000004306906 ) ) ;
#2842 = FILL_AREA_STYLE ('',( #7276 ) ) ;
#2843 = LINE ( 'NONE', #4005, #5096 ) ;
#2844 = PRESENTATION_LAYER_ASSIGNMENT (  '', '', ( #6063 ) ) ;
#2845 = DIRECTION ( 'NONE',  ( 0.3826834323650907255, 3.225708147102274523E-15, -0.9238795325112864054 ) ) ;
#2846 = VECTOR ( 'NONE', #4573, 1000.000000000000114 ) ;
#2847 = AXIS2_PLACEMENT_3D ( 'NONE', #3198, #2379, #5565 ) ;
#2848 = CARTESIAN_POINT ( 'NONE',  ( 0.2021793237070312610, 1.154204059636644075, 0.001000000000004306906 ) ) ;
#2849 = CARTESIAN_POINT ( 'NONE',  ( 2.899999999999999911, 0.9017106781186623454, 0.6010000000000031983 ) ) ;
#2850 = SURFACE_STYLE_FILL_AREA ( #7186 ) ;
#2851 = ADVANCED_FACE ( 'NONE', ( #4800 ), #6050, .F. ) ;
#2852 = CARTESIAN_POINT ( 'NONE',  ( 0.2901426558642304920, 0.9577830627798176177, 0.01100000000000390075 ) ) ;
#2853 = DIRECTION ( 'NONE',  ( 1.000000000000000000, 0.0000000000000000000, 0.0000000000000000000 ) ) ;
#2854 = ORIENTED_EDGE ( 'NONE', *, *, #8606, .F. ) ;
#2855 = VECTOR ( 'NONE', #1257, 1000.000000000000000 ) ;
#2856 = COLOUR_RGB ( '',0.7764705882352941346, 0.7568627450980391913, 0.7372549019607843590 ) ;
#2857 = STYLED_ITEM ( 'NONE', ( #7687 ), #2543 ) ;
#2858 = DIRECTION ( 'NONE',  ( -1.495451272393799296E-16, -3.491481338843133355E-15, 1.000000000000000000 ) ) ;
#2859 =( LENGTH_UNIT ( ) NAMED_UNIT ( * ) SI_UNIT ( .MILLI., .METRE. ) );
#2860 = FILL_AREA_STYLE ('',( #6644 ) ) ;
#2861 = CARTESIAN_POINT ( 'NONE',  ( 0.4659369456582507230, 0.9785943035390829436, 0.001000000000003873225 ) ) ;
#2862 = VECTOR ( 'NONE', #3955, 1000.000000000000000 ) ;
#2863 = PLANE ( 'NONE',  #1115 ) ;
#2864 = LINE ( 'NONE', #6324, #2623 ) ;
#2865 = CARTESIAN_POINT ( 'NONE',  ( 0.2678929117493053513, 1.153999052975782424, 0.01100000000000433270 ) ) ;
#2866 = CARTESIAN_POINT ( 'NONE',  ( -0.6999999999999999556, 5.131000000000009109, 0.2010000000000191356 ) ) ;
#2867 = CARTESIAN_POINT ( 'NONE',  ( 2.899999999999999911, 1.351000000000004864, 1.421000000000004704 ) ) ;
#2868 = EDGE_CURVE ( 'NONE', #6786, #1882, #8994, .T. ) ;
#2869 = ORIENTED_EDGE ( 'NONE', *, *, #7144, .F. ) ;
#2870 = PRESENTATION_LAYER_ASSIGNMENT (  '', '', ( #3899 ) ) ;
#2871 = VECTOR ( 'NONE', #8616, 1000.000000000000114 ) ;
#2872 = CARTESIAN_POINT ( 'NONE',  ( 2.699999999999999289, -0.7589999999999896829, 0.0009999999999978016925 ) ) ;
#2873 = DIRECTION ( 'NONE',  ( -1.000000000000000000, 0.0000000000000000000, 0.0000000000000000000 ) ) ;
#2874 = SURFACE_SIDE_STYLE ('',( #2001 ) ) ;
#2875 = EDGE_CURVE ( 'NONE', #1490, #1659, #3368, .T. ) ;
#2876 = CARTESIAN_POINT ( 'NONE',  ( 0.3334399089454995746, 0.9805506371563776913, 0.001000000000003873225 ) ) ;
#2877 = CARTESIAN_POINT ( 'NONE',  ( 0.2585055432192264191, 0.9761552791488392611, 0.001000000000003873225 ) ) ;
#2878 = DIRECTION ( 'NONE',  ( -1.000000000000000000, 0.0000000000000000000, 0.0000000000000000000 ) ) ;
#2879 = ORIENTED_EDGE ( 'NONE', *, *, #4649, .T. ) ;
#2880 = EDGE_LOOP ( 'NONE', ( #2347, #8456, #5609, #7912, #2325, #4355 ) ) ;
#2881 = SURFACE_STYLE_FILL_AREA ( #1827 ) ;
#2882 = PRESENTATION_STYLE_ASSIGNMENT (( #3030 ) ) ;
#2883 = CARTESIAN_POINT ( 'NONE',  ( -0.006966799307660954087, 1.131569054489793169, 0.001000000000004306906 ) ) ;
#2884 = CARTESIAN_POINT ( 'NONE',  ( 1.299999999999999378, 4.472421356237319401, 0.2010000000000161102 ) ) ;
#2885 =( GEOMETRIC_REPRESENTATION_CONTEXT ( 3 ) GLOBAL_UNCERTAINTY_ASSIGNED_CONTEXT ( ( #4416 ) ) GLOBAL_UNIT_ASSIGNED_CONTEXT ( ( #321, #361, #6328 ) ) REPRESENTATION_CONTEXT ( 'NONE', 'WORKASPACE' ) );
#2886 = EDGE_CURVE ( 'NONE', #1497, #7343, #2006, .T. ) ;
#2887 = CIRCLE ( 'NONE', #2501, 0.2000000000000000944 ) ;
#2888 =( LENGTH_UNIT ( ) NAMED_UNIT ( * ) SI_UNIT ( .MILLI., .METRE. ) );
#2889 = VECTOR ( 'NONE', #1822, 1000.000000000000000 ) ;
#2890 = ADVANCED_FACE ( 'NONE', ( #5832 ), #2499, .T. ) ;
#2891 =( GEOMETRIC_REPRESENTATION_CONTEXT ( 3 ) GLOBAL_UNCERTAINTY_ASSIGNED_CONTEXT ( ( #1218 ) ) GLOBAL_UNIT_ASSIGNED_CONTEXT ( ( #3714, #7518, #9729 ) ) REPRESENTATION_CONTEXT ( 'NONE', 'WORKASPACE' ) );
#2892 = COLOUR_RGB ( '',1.000000000000000000, 1.000000000000000000, 1.000000000000000000 ) ;
#2893 = B_SPLINE_CURVE_WITH_KNOTS ( 'NONE', 3,
 ( #9325, #338, #2548, #7866, #6277, #1754, #2481, #7037, #2516, #3529, #9429, #4284, #8748, #1230, #4217, #9491, #8025, #9398, #2026 ),
 .UNSPECIFIED., .F., .F.,
 ( 4, 1, 1, 1, 1, 1, 1, 1, 1, 1, 1, 1, 1, 1, 1, 1, 4 ),
 ( 0.0000000000000000000, 0.06460397028839218181, 0.1267024139629471524, 0.1867568140356181683, 0.2455056873654366256, 0.3036520244499758547, 0.3615030739706251439, 0.4202402229284681323, 0.4800333407766951277, 0.5406781347755144074, 0.6011918063807817347, 0.6623335024774418267, 0.7247395102972300496, 0.7894677361728849041, 0.8565048600438298632, 0.9263120958391908299, 1.000000000000000000 ),
 .UNSPECIFIED. ) ;
#2894 = CARTESIAN_POINT ( 'NONE',  ( 0.01681347004849455609, 1.143838205978106481, 0.01100000000000433270 ) ) ;
#2895 = DIRECTION ( 'NONE',  ( -1.000000000000000000, -0.0000000000000000000, -0.0000000000000000000 ) ) ;
#2896 = CARTESIAN_POINT ( 'NONE',  ( -4.699999999999997513, 2.901710678118664788, 0.001000000000011245799 ) ) ;
#2897 = CARTESIAN_POINT ( 'NONE',  ( -4.699999999999997513, 0.9017106781186636777, 0.2010000000000039533 ) ) ;
#2898 = LINE ( 'NONE', #5335, #4686 ) ;
#2899 = EDGE_LOOP ( 'NONE', ( #3782, #282, #6321, #1332, #5572 ) ) ;
#2900 = ORIENTED_EDGE ( 'NONE', *, *, #4287, .F. ) ;
#2901 = CARTESIAN_POINT ( 'NONE',  ( -4.699999999999997513, 0.3017106781186638109, 0.2010000000000022324 ) ) ;
#2902 = EDGE_CURVE ( 'NONE', #576, #8304, #7950, .T. ) ;
#2903 = AXIS2_PLACEMENT_3D ( 'NONE', #5514, #3860, #286 ) ;
#2904 = DIRECTION ( 'NONE',  ( 1.000000000000000000, 0.0000000000000000000, 0.0000000000000000000 ) ) ;
#2905 = ORIENTED_EDGE ( 'NONE', *, *, #6684, .F. ) ;
#2906 = ADVANCED_FACE ( 'NONE', ( #7718 ), #4774, .T. ) ;
#2907 = SURFACE_STYLE_FILL_AREA ( #1311 ) ;
#2908 = ORIENTED_EDGE ( 'NONE', *, *, #7005, .F. ) ;
#2909 = CARTESIAN_POINT ( 'NONE',  ( 2.900000000000000355, 1.330999999999996186, 3.901000000000005130 ) ) ;
#2910 = ORIENTED_EDGE ( 'NONE', *, *, #5498, .T. ) ;
#2911 = ORIENTED_EDGE ( 'NONE', *, *, #2126, .F. ) ;
#2912 = CARTESIAN_POINT ( 'NONE',  ( 0.3777890798045921983, 1.154204059636644075, 0.001000000000004306906 ) ) ;
#2913 = CARTESIAN_POINT ( 'NONE',  ( -0.03452037141491998140, 1.134691864514691728, 0.001000000000004306906 ) ) ;
#2914 = CARTESIAN_POINT ( 'NONE',  ( 0.2694986584250371187, 0.9544465377694664188, 0.01100000000000390075 ) ) ;
#2915 = DIRECTION ( 'NONE',  ( 0.0000000000000000000, -1.000000000000000000, -3.491481338843133355E-15 ) ) ;
#2916 = UNCERTAINTY_MEASURE_WITH_UNIT (LENGTH_MEASURE( 1.000000000000000082E-05 ), #4905, 'distance_accuracy_value', 'NONE');
#2917 = SURFACE_SIDE_STYLE ('',( #5950 ) ) ;
#2918 = LINE ( 'NONE', #8418, #8559 ) ;
#2919 = VERTEX_POINT ( 'NONE', #1773 ) ;
#2920 = LINE ( 'NONE', #8564, #5054 ) ;
#2921 = LINE ( 'NONE', #8701, #4230 ) ;
#2922 = LINE ( 'NONE', #8409, #6467 ) ;
#2923 = EDGE_LOOP ( 'NONE', ( #1736, #2448, #6459, #2071 ) ) ;
#2924 = EDGE_LOOP ( 'NONE', ( #3868, #4459, #1305, #18 ) ) ;
#2925 = CARTESIAN_POINT ( 'NONE',  ( 0.01128226177574312254, 1.125002424021003256, 0.01100000000000433270 ) ) ;
#2926 = DIRECTION ( 'NONE',  ( 0.7071067811865460184, 2.468850131082270866E-15, -0.7071067811865490160 ) ) ;
#2927 = CARTESIAN_POINT ( 'NONE',  ( 0.2904838471789368826, 1.127160841048151507, 0.001000000000004306906 ) ) ;
#2928 = DIRECTION ( 'NONE',  ( 0.0000000000000000000, 1.000000000000000000, 3.491481338843133355E-15 ) ) ;
#2929 = CARTESIAN_POINT ( 'NONE',  ( 2.699999999999998845, -1.569000000000009720, 5.600999999999994650 ) ) ;
#2930 = ORIENTED_EDGE ( 'NONE', *, *, #5543, .T. ) ;
#2931 = VECTOR ( 'NONE', #7390, 1000.000000000000000 ) ;
#2932 = ORIENTED_EDGE ( 'NONE', *, *, #7606, .T. ) ;
#2933 = MECHANICAL_DESIGN_GEOMETRIC_PRESENTATION_REPRESENTATION (  '', ( #6479 ), #5709 ) ;
#2934 = CARTESIAN_POINT ( 'NONE',  ( -0.02246920390803058831, 1.155914792715085904, 0.01100000000000433270 ) ) ;
#2935 = DIRECTION ( 'NONE',  ( 0.0000000000000000000, -3.491481338843133355E-15, 1.000000000000000000 ) ) ;
#2936 = PRESENTATION_LAYER_ASSIGNMENT (  '', '', ( #7662 ) ) ;
#2937 = SURFACE_SIDE_STYLE ('',( #5579 ) ) ;
#2938 = ORIENTED_EDGE ( 'NONE', *, *, #2184, .F. ) ;
#2939 = CARTESIAN_POINT ( 'NONE',  ( -3.799999999999996714, 0.9017106781186641218, 0.001000000000003873225 ) ) ;
#2940 = CARTESIAN_POINT ( 'NONE',  ( 0.01681347004849466364, 1.121886986465911562, 0.001000000000004306906 ) ) ;
#2941 = MECHANICAL_DESIGN_GEOMETRIC_PRESENTATION_REPRESENTATION (  '', ( #452 ), #5975 ) ;
#2942 = EDGE_CURVE ( 'NONE', #6364, #5411, #9097, .T. ) ;
#2943 = ORIENTED_EDGE ( 'NONE', *, *, #9033, .T. ) ;
#2944 = SURFACE_STYLE_FILL_AREA ( #3027 ) ;
#2945 = UNCERTAINTY_MEASURE_WITH_UNIT (LENGTH_MEASURE( 1.000000000000000082E-05 ), #7733, 'distance_accuracy_value', 'NONE');
#2946 =( NAMED_UNIT ( * ) PLANE_ANGLE_UNIT ( ) SI_UNIT ( $, .RADIAN. ) );
#2947 = EDGE_LOOP ( 'NONE', ( #4110, #9116, #9000, #6653, #2456 ) ) ;
#2948 = ADVANCED_FACE ( 'NONE', ( #7709 ), #9279, .F. ) ;
#2949 = CARTESIAN_POINT ( 'NONE',  ( -2.699999999999999734, 3.331000000000004846, 1.401000000000011791 ) ) ;
#2950 = CARTESIAN_POINT ( 'NONE',  ( -2.899999999999999911, 1.042008937685424685, 0.01100000000000433270 ) ) ;
#2951 =( NAMED_UNIT ( * ) SI_UNIT ( $, .STERADIAN. ) SOLID_ANGLE_UNIT ( ) );
#2952 = EDGE_CURVE ( 'NONE', #1068, #9244, #8636, .T. ) ;
#2953 = STYLED_ITEM ( 'NONE', ( #58 ), #9155 ) ;
#2954 = EDGE_CURVE ( 'NONE', #1896, #8869, #3242, .T. ) ;
#2955 = PRESENTATION_STYLE_ASSIGNMENT (( #8328 ) ) ;
#2956 = FILL_AREA_STYLE ('',( #2117 ) ) ;
#2957 = LINE ( 'NONE', #3199, #2704 ) ;
#2958 = ORIENTED_EDGE ( 'NONE', *, *, #6124, .F. ) ;
#2959 = VECTOR ( 'NONE', #1901, 1000.000000000000000 ) ;
#2960 = PRESENTATION_STYLE_ASSIGNMENT (( #8820 ) ) ;
#2961 = ORIENTED_EDGE ( 'NONE', *, *, #4025, .T. ) ;
#2962 = CARTESIAN_POINT ( 'NONE',  ( 2.899999999999999911, 2.301710678118662035, 0.6010000000000093046 ) ) ;
#2963 =( GEOMETRIC_REPRESENTATION_CONTEXT ( 3 ) GLOBAL_UNCERTAINTY_ASSIGNED_CONTEXT ( ( #4727 ) ) GLOBAL_UNIT_ASSIGNED_CONTEXT ( ( #4858, #4821, #4887 ) ) REPRESENTATION_CONTEXT ( 'NONE', 'WORKASPACE' ) );
#2964 = CARTESIAN_POINT ( 'NONE',  ( 3.529289321881345032, 2.901710678118662123, 0.7131320343559757191 ) ) ;
#2965 =( LENGTH_UNIT ( ) NAMED_UNIT ( * ) SI_UNIT ( .MILLI., .METRE. ) );
#2966 = ADVANCED_FACE ( 'NONE', ( #9220 ), #8730, .F. ) ;
#2967 = FACE_OUTER_BOUND ( 'NONE', #6584, .T. ) ;
#2968 = UNCERTAINTY_MEASURE_WITH_UNIT (LENGTH_MEASURE( 1.000000000000000082E-05 ), #4124, 'distance_accuracy_value', 'NONE');
#2969 = EDGE_CURVE ( 'NONE', #1177, #9395, #1018, .T. ) ;
#2970 = AXIS2_PLACEMENT_3D ( 'NONE', #5016, #6519, #1995 ) ;
#2971 = B_SPLINE_CURVE_WITH_KNOTS ( 'NONE', 3,
 ( #9657, #8272, #9009, #6663, #1513, #674, #5908, #7441, #4530, #1413, #2985, #3709, #8174, #3685, #6726, #8972, #5876, #8150, #5264 ),
 .UNSPECIFIED., .F., .F.,
 ( 4, 1, 1, 1, 1, 1, 1, 1, 1, 1, 1, 1, 1, 1, 1, 1, 4 ),
 ( 0.0000000000000000000, 0.06863117867660142868, 0.1345664660386772793, 0.1983281540108814134, 0.2607897666408458548, 0.3219991514841591962, 0.3827217465030208210, 0.4435374740357291845, 0.5051334294849250117, 0.5662138747646732195, 0.6261058646175460263, 0.6853493221605171382, 0.7449958703477969069, 0.8054158418145623832, 0.8676362663459531444, 0.9323077823023293575, 1.000000000000000000 ),
 .UNSPECIFIED. ) ;
#2972 = CARTESIAN_POINT ( 'NONE',  ( 0.3093698722766337061, 0.9906979784783396248, 0.001000000000003873225 ) ) ;
#2973 = VECTOR ( 'NONE', #2991, 1000.000000000000000 ) ;
#2974 = VECTOR ( 'NONE', #4120, 1000.000000000000000 ) ;
#2975 = SURFACE_SIDE_STYLE ('',( #5944 ) ) ;
#2976 = VECTOR ( 'NONE', #2640, 1000.000000000000000 ) ;
#2977 = FILL_AREA_STYLE_COLOUR ( '', #7207 ) ;
#2978 = VECTOR ( 'NONE', #3463, 1000.000000000000000 ) ;
#2979 = DIRECTION ( 'NONE',  ( -0.7071067811865460184, 2.468850131082270866E-15, -0.7071067811865490160 ) ) ;
#2980 =( GEOMETRIC_REPRESENTATION_CONTEXT ( 3 ) GLOBAL_UNCERTAINTY_ASSIGNED_CONTEXT ( ( #8895 ) ) GLOBAL_UNIT_ASSIGNED_CONTEXT ( ( #5458, #3968, #9213 ) ) REPRESENTATION_CONTEXT ( 'NONE', 'WORKASPACE' ) );
#2981 =( NAMED_UNIT ( * ) SI_UNIT ( $, .STERADIAN. ) SOLID_ANGLE_UNIT ( ) );
#2982 = LINE ( 'NONE', #5911, #8269 ) ;
#2983 = VECTOR ( 'NONE', #1106, 1000.000000000000000 ) ;
#2984 = VECTOR ( 'NONE', #2064, 1000.000000000000000 ) ;
#2985 = CARTESIAN_POINT ( 'NONE',  ( 0.3404195640571922032, 0.9874182680539469459, 0.01100000000000389902 ) ) ;
#2986 = VECTOR ( 'NONE', #970, 1000.000000000000000 ) ;
#2987 = DIRECTION ( 'NONE',  ( 0.0000000000000000000, 1.000000000000000000, 3.491481338843133355E-15 ) ) ;
#2988 = FILL_AREA_STYLE_COLOUR ( '', #6856 ) ;
#2989 = CARTESIAN_POINT ( 'NONE',  ( -2.900000000000000799, 3.330999999999995520, 4.401000000000011347 ) ) ;
#2990 = SURFACE_SIDE_STYLE ('',( #7765 ) ) ;
#2991 = DIRECTION ( 'NONE',  ( 1.000000000000000000, 0.0000000000000000000, 0.0000000000000000000 ) ) ;
#2992 = SURFACE_STYLE_USAGE ( .BOTH. , #2219 ) ;
#2993 = VECTOR ( 'NONE', #7940, 1000.000000000000000 ) ;
#2994 = VECTOR ( 'NONE', #2405, 1000.000000000000000 ) ;
#2995 = VECTOR ( 'NONE', #109, 1000.000000000000000 ) ;
#2996 = VECTOR ( 'NONE', #6674, 1000.000000000000000 ) ;
#2997 = SURFACE_STYLE_FILL_AREA ( #569 ) ;
#2998 = CARTESIAN_POINT ( 'NONE',  ( -0.01351894947838448019, 1.132990397434181951, 0.01100000000000433270 ) ) ;
#2999 = DIRECTION ( 'NONE',  ( 0.0000000000000000000, -1.000000000000000000, -3.491481338843133355E-15 ) ) ;
#3000 = DIRECTION ( 'NONE',  ( 1.000000000000000000, 0.0000000000000000000, 0.0000000000000000000 ) ) ;
#3001 = FILL_AREA_STYLE_COLOUR ( '', #5342 ) ;
#3002 = PLANE ( 'NONE',  #1040 ) ;
#3003 = ORIENTED_EDGE ( 'NONE', *, *, #5413, .T. ) ;
#3004 = VECTOR ( 'NONE', #3828, 1000.000000000000000 ) ;
#3005 = VECTOR ( 'NONE', #5743, 1000.000000000000000 ) ;
#3006 = STYLED_ITEM ( 'NONE', ( #2765 ), #7591 ) ;
#3007 = VECTOR ( 'NONE', #6291, 1000.000000000000000 ) ;
#3008 = COLOUR_RGB ( '',0.7764705882352941346, 0.7568627450980391913, 0.7372549019607843590 ) ;
#3009 = LINE ( 'NONE', #2587, #8522 ) ;
#3010 = LINE ( 'NONE', #1650, #8736 ) ;
#3011 = MECHANICAL_DESIGN_GEOMETRIC_PRESENTATION_REPRESENTATION (  '', ( #3331 ), #4337 ) ;
#3012 = EDGE_CURVE ( 'NONE', #1663, #5139, #551, .T. ) ;
#3013 = CARTESIAN_POINT ( 'NONE',  ( 0.2669106335613573577, 0.9763282263144991147, 0.001000000000003873225 ) ) ;
#3014 = ORIENTED_EDGE ( 'NONE', *, *, #8715, .F. ) ;
#3015 = DIRECTION ( 'NONE',  ( -1.000000000000000000, -0.0000000000000000000, -0.0000000000000000000 ) ) ;
#3016 = DIRECTION ( 'NONE',  ( 0.0000000000000000000, -1.000000000000000000, -3.491481338843133355E-15 ) ) ;
#3017 = VERTEX_POINT ( 'NONE', #4907 ) ;
#3018 =( LENGTH_UNIT ( ) NAMED_UNIT ( * ) SI_UNIT ( .MILLI., .METRE. ) );
#3019 = CARTESIAN_POINT ( 'NONE',  ( 0.3149626772449586887, 0.9951481318363789574, 0.001000000000003873225 ) ) ;
#3020 = VECTOR ( 'NONE', #5843, 1000.000000000000000 ) ;
#3021 = EDGE_CURVE ( 'NONE', #1872, #5309, #5247, .T. ) ;
#3022 = LINE ( 'NONE', #8609, #1030 ) ;
#3023 = ADVANCED_FACE ( 'NONE', ( #1147 ), #1163, .F. ) ;
#3024 = AXIS2_PLACEMENT_3D ( 'NONE', #8621, #6474, #9411 ) ;
#3025 = ORIENTED_EDGE ( 'NONE', *, *, #6376, .F. ) ;
#3026 = CARTESIAN_POINT ( 'NONE',  ( -2.899999999999999911, -0.7589999999999896829, 0.0009999999999978016925 ) ) ;
#3027 = FILL_AREA_STYLE ('',( #642 ) ) ;
#3028 = ORIENTED_EDGE ( 'NONE', *, *, #883, .F. ) ;
#3029 = VECTOR ( 'NONE', #6533, 1000.000000000000000 ) ;
#3030 = SURFACE_STYLE_USAGE ( .BOTH. , #6793 ) ;
#3031 = CARTESIAN_POINT ( 'NONE',  ( 0.3614652056852972750, 1.030636815351427149, 0.01100000000000390075 ) ) ;
#3032 = CARTESIAN_POINT ( 'NONE',  ( 2.900000000000000355, 0.2859999999999945919, 4.401000000000002466 ) ) ;
#3033 = VECTOR ( 'NONE', #5098, 1000.000000000000000 ) ;
#3034 = CARTESIAN_POINT ( 'NONE',  ( 0.01681347004849466364, 1.121886986465911562, 0.001000000000004306906 ) ) ;
#3035 = CLOSED_SHELL ( 'NONE', ( #9502, #6562, #1732, #3169, #4397, #7481, #2209, #8849, #26, #1819 ) ) ;
#3036 = ORIENTED_EDGE ( 'NONE', *, *, #4866, .T. ) ;
#3037 = CARTESIAN_POINT ( 'NONE',  ( 3.641421356237309226, 2.901710678118662567, 0.6010000000000110809 ) ) ;
#3038 = COLOUR_RGB ( '',0.7764705882352941346, 0.7568627450980391913, 0.7372549019607843590 ) ;
#3039 = MECHANICAL_DESIGN_GEOMETRIC_PRESENTATION_REPRESENTATION (  '', ( #171 ), #8197 ) ;
#3040 = CARTESIAN_POINT ( 'NONE',  ( -2.899999999999999911, 0.3017106781186629783, 0.4010000000000019105 ) ) ;
#3041 = LINE ( 'NONE', #7569, #3381 ) ;
#3042 =( NAMED_UNIT ( * ) PLANE_ANGLE_UNIT ( ) SI_UNIT ( $, .RADIAN. ) );
#3043 = CARTESIAN_POINT ( 'NONE',  ( 0.4630380109320170745, 0.9917071181816329295, 0.001000000000003873225 ) ) ;
#3044 = EDGE_CURVE ( 'NONE', #1515, #4166, #3123, .T. ) ;
#3045 = ORIENTED_EDGE ( 'NONE', *, *, #1214, .F. ) ;
#3046 = ORIENTED_EDGE ( 'NONE', *, *, #6188, .F. ) ;
#3047 = AXIS2_PLACEMENT_3D ( 'NONE', #4610, #8390, #4574 ) ;
#3048 = FACE_OUTER_BOUND ( 'NONE', #2556, .T. ) ;
#3049 = ORIENTED_EDGE ( 'NONE', *, *, #335, .F. ) ;
#3050 =( NAMED_UNIT ( * ) PLANE_ANGLE_UNIT ( ) SI_UNIT ( $, .RADIAN. ) );
#3051 =( NAMED_UNIT ( * ) PLANE_ANGLE_UNIT ( ) SI_UNIT ( $, .RADIAN. ) );
#3052 = DIRECTION ( 'NONE',  ( 0.0000000000000000000, 1.000000000000000000, 3.491481338843133355E-15 ) ) ;
#3053 = ORIENTED_EDGE ( 'NONE', *, *, #8045, .F. ) ;
#3054 =( GEOMETRIC_REPRESENTATION_CONTEXT ( 3 ) GLOBAL_UNCERTAINTY_ASSIGNED_CONTEXT ( ( #5194 ) ) GLOBAL_UNIT_ASSIGNED_CONTEXT ( ( #2265, #82, #825 ) ) REPRESENTATION_CONTEXT ( 'NONE', 'WORKASPACE' ) );
#3055 = CARTESIAN_POINT ( 'NONE',  ( 0.3334802748478690182, 1.026548112706091809, 0.001000000000003873225 ) ) ;
#3056 = ORIENTED_EDGE ( 'NONE', *, *, #3163, .T. ) ;
#3057 = ORIENTED_EDGE ( 'NONE', *, *, #3285, .F. ) ;
#3058 = UNCERTAINTY_MEASURE_WITH_UNIT (LENGTH_MEASURE( 1.000000000000000082E-05 ), #7159, 'distance_accuracy_value', 'NONE');
#3059 = ORIENTED_EDGE ( 'NONE', *, *, #8493, .F. ) ;
#3060 = VECTOR ( 'NONE', #4125, 1000.000000000000000 ) ;
#3061 = CARTESIAN_POINT ( 'NONE',  ( 0.08266712858508006023, 0.9761552791488392611, 0.001000000000003873225 ) ) ;
#3062 = SURFACE_STYLE_USAGE ( .BOTH. , #8340 ) ;
#3063 = ADVANCED_FACE ( 'NONE', ( #5110 ), #7239, .F. ) ;
#3064 = CARTESIAN_POINT ( 'NONE',  ( -2.700000000000000622, -0.7690000000000092317, 5.600999999999997314 ) ) ;
#3065 = FILL_AREA_STYLE_COLOUR ( '', #2283 ) ;
#3066 = DIRECTION ( 'NONE',  ( 1.000000000000000000, 0.0000000000000000000, 0.0000000000000000000 ) ) ;
#3067 = ORIENTED_EDGE ( 'NONE', *, *, #1988, .T. ) ;
#3068 =( LENGTH_UNIT ( ) NAMED_UNIT ( * ) SI_UNIT ( .MILLI., .METRE. ) );
#3069 = CARTESIAN_POINT ( 'NONE',  ( -3.558578643762690508, 2.901710678118663456, 0.4010000000000105702 ) ) ;
#3070 = SURFACE_SIDE_STYLE ('',( #522 ) ) ;
#3071 = CARTESIAN_POINT ( 'NONE',  ( 0.2678929117493053513, 1.153999052975782424, 0.001000000000004306906 ) ) ;
#3072 = ORIENTED_EDGE ( 'NONE', *, *, #749, .F. ) ;
#3073 = ADVANCED_FACE ( 'NONE', ( #1479 ), #1978, .T. ) ;
#3074 = CARTESIAN_POINT ( 'NONE',  ( -0.1319670177563833924, 1.057976925490301534, 0.001000000000004306906 ) ) ;
#3075 = LINE ( 'NONE', #7442, #735 ) ;
#3076 = PRESENTATION_STYLE_ASSIGNMENT (( #9377 ) ) ;
#3077 = ORIENTED_EDGE ( 'NONE', *, *, #583, .F. ) ;
#3078 =( LENGTH_UNIT ( ) NAMED_UNIT ( * ) SI_UNIT ( .MILLI., .METRE. ) );
#3079 = STYLED_ITEM ( 'NONE', ( #2882 ), #8178 ) ;
#3080 = CARTESIAN_POINT ( 'NONE',  ( -0.03386431412593590012, 0.9518490802490902070, 0.01100000000000389902 ) ) ;
#3081 = SURFACE_STYLE_FILL_AREA ( #4147 ) ;
#3082 = CARTESIAN_POINT ( 'NONE',  ( 0.3361327146973694946, 1.043241709306693465, 0.01100000000000433270 ) ) ;
#3083 = ORIENTED_EDGE ( 'NONE', *, *, #3913, .T. ) ;
#3084 = AXIS2_PLACEMENT_3D ( 'NONE', #6541, #2018, #7313 ) ;
#3085 = EDGE_CURVE ( 'NONE', #7621, #7072, #4646, .T. ) ;
#3086 = UNCERTAINTY_MEASURE_WITH_UNIT (LENGTH_MEASURE( 1.000000000000000082E-05 ), #3078, 'distance_accuracy_value', 'NONE');
#3087 = VECTOR ( 'NONE', #7504, 1000.000000000000000 ) ;
#3088 = ORIENTED_EDGE ( 'NONE', *, *, #7124, .F. ) ;
#3089 = DIRECTION ( 'NONE',  ( 0.0000000000000000000, 0.7071067811865489050, -0.7071067811865462405 ) ) ;
#3090 = CARTESIAN_POINT ( 'NONE',  ( 0.6999999999999992895, 5.131000000000009109, 0.2010000000000182752 ) ) ;
#3091 = CARTESIAN_POINT ( 'NONE',  ( 3.958578643762689087, 2.901710678118664788, 0.001000000000010378438 ) ) ;
#3092 = CARTESIAN_POINT ( 'NONE',  ( -0.04949810279884432618, 1.133486133924673345, 0.01100000000000433270 ) ) ;
#3093 = CARTESIAN_POINT ( 'NONE',  ( 0.3517132003067554025, 1.002982983707136899, 0.01100000000000390075 ) ) ;
#3094 = DIRECTION ( 'NONE',  ( -1.000000000000000000, -0.0000000000000000000, 0.0000000000000000000 ) ) ;
#3095 = ORIENTED_EDGE ( 'NONE', *, *, #7310, .F. ) ;
#3096 = EDGE_CURVE ( 'NONE', #4220, #5964, #2047, .T. ) ;
#3097 = CARTESIAN_POINT ( 'NONE',  ( 2.900000000000000355, -0.7589999999999966773, 1.920999999999997154 ) ) ;
#3098 = FACE_OUTER_BOUND ( 'NONE', #7501, .T. ) ;
#3099 =( NAMED_UNIT ( * ) PLANE_ANGLE_UNIT ( ) SI_UNIT ( $, .RADIAN. ) );
#3100 = CARTESIAN_POINT ( 'NONE',  ( -0.1023436790652590689, 1.030146229064865082, 0.01100000000000389902 ) ) ;
#3101 =( GEOMETRIC_REPRESENTATION_CONTEXT ( 3 ) GLOBAL_UNCERTAINTY_ASSIGNED_CONTEXT ( ( #5148 ) ) GLOBAL_UNIT_ASSIGNED_CONTEXT ( ( #6648, #9026, #8990 ) ) REPRESENTATION_CONTEXT ( 'NONE', 'WORKASPACE' ) );
#3102 = ORIENTED_EDGE ( 'NONE', *, *, #8682, .F. ) ;
#3103 = PLANE ( 'NONE',  #4048 ) ;
#3104 = CARTESIAN_POINT ( 'NONE',  ( -0.04168883006668366864, 1.156565652609916617, 0.01100000000000433270 ) ) ;
#3105 = PRESENTATION_STYLE_ASSIGNMENT (( #6700 ) ) ;
#3106 = PRESENTATION_LAYER_ASSIGNMENT (  '', '', ( #2253 ) ) ;
#3107 = CARTESIAN_POINT ( 'NONE',  ( -0.1033542127801761329, 0.9808541609952138307, 0.001000000000003873225 ) ) ;
#3108 = SURFACE_STYLE_USAGE ( .BOTH. , #2294 ) ;
#3109 = LINE ( 'NONE', #3303, #2986 ) ;
#3110 = STYLED_ITEM ( 'NONE', ( #1352 ), #2209 ) ;
#3111 = CARTESIAN_POINT ( 'NONE',  ( 0.3200113869302194658, 1.000210046315929135, 0.001000000000003873225 ) ) ;
#3112 = ADVANCED_FACE ( 'NONE', ( #5595 ), #2044, .T. ) ;
#3113 = PLANE ( 'NONE',  #1789 ) ;
#3114 = SURFACE_SIDE_STYLE ('',( #4496 ) ) ;
#3115 = DIRECTION ( 'NONE',  ( 0.0000000000000000000, 1.000000000000000000, 3.491481338843133355E-15 ) ) ;
#3116 = FACE_OUTER_BOUND ( 'NONE', #4715, .T. ) ;
#3117 = DIRECTION ( 'NONE',  ( 1.000000000000000000, 0.0000000000000000000, 0.0000000000000000000 ) ) ;
#3118 =( NAMED_UNIT ( * ) PLANE_ANGLE_UNIT ( ) SI_UNIT ( $, .RADIAN. ) );
#3119 = VECTOR ( 'NONE', #1493, 1000.000000000000000 ) ;
#3120 = VERTEX_POINT ( 'NONE', #5903 ) ;
#3121 = ORIENTED_EDGE ( 'NONE', *, *, #7864, .T. ) ;
#3122 = MECHANICAL_DESIGN_GEOMETRIC_PRESENTATION_REPRESENTATION (  '', ( #4634 ), #1123 ) ;
#3123 = LINE ( 'NONE', #5688, #8865 ) ;
#3124 = CARTESIAN_POINT ( 'NONE',  ( 0.4696717017558120766, 0.9926186937829848400, 0.001000000000003873225 ) ) ;
#3125 = SURFACE_SIDE_STYLE ('',( #1735 ) ) ;
#3126 = VERTEX_POINT ( 'NONE', #2009 ) ;
#3127 = VECTOR ( 'NONE', #7293, 1000.000000000000000 ) ;
#3128 = CARTESIAN_POINT ( 'NONE',  ( -0.04581223626064631627, 0.9750107625780516374, 0.01100000000000389902 ) ) ;
#3129 = DIRECTION ( 'NONE',  ( -1.000000000000000000, -0.0000000000000000000, 0.0000000000000000000 ) ) ;
#3130 = FILL_AREA_STYLE ('',( #7657 ) ) ;
#3131 = CARTESIAN_POINT ( 'NONE',  ( 2.899999999999999023, 3.330999999999990191, 5.601000000000012413 ) ) ;
#3132 = ORIENTED_EDGE ( 'NONE', *, *, #455, .F. ) ;
#3133 = ORIENTED_EDGE ( 'NONE', *, *, #777, .F. ) ;
#3134 = PRESENTATION_LAYER_ASSIGNMENT (  '', '', ( #635 ) ) ;
#3135 = CARTESIAN_POINT ( 'NONE',  ( 4.147487373415290612, 2.301710678118662923, 0.4570660171779909464 ) ) ;
#3136 = VECTOR ( 'NONE', #2400, 1000.000000000000000 ) ;
#3137 = EDGE_CURVE ( 'NONE', #4936, #5191, #2626, .T. ) ;
#3138 = CARTESIAN_POINT ( 'NONE',  ( -2.700000000000000622, 3.330999999999995520, 4.401000000000011347 ) ) ;
#3139 = DIRECTION ( 'NONE',  ( 1.495451272393799542E-16, 3.491481338843133355E-15, -1.000000000000000000 ) ) ;
#3140 = CARTESIAN_POINT ( 'NONE',  ( 3.641421356237309670, 2.301710678118662035, 0.6010000000000088605 ) ) ;
#3141 = ORIENTED_EDGE ( 'NONE', *, *, #408, .F. ) ;
#3142 = EDGE_CURVE ( 'NONE', #336, #7630, #2261, .T. ) ;
#3143 = PRESENTATION_LAYER_ASSIGNMENT (  '', '', ( #2115 ) ) ;
#3144 = EDGE_CURVE ( 'NONE', #7907, #6358, #5353, .T. ) ;
#3145 = VECTOR ( 'NONE', #9280, 1000.000000000000000 ) ;
#3146 = CARTESIAN_POINT ( 'NONE',  ( 2.719999999999999307, 3.330999999999999961, 2.901000000000010459 ) ) ;
#3147 = FACE_OUTER_BOUND ( 'NONE', #13, .T. ) ;
#3148 = ORIENTED_EDGE ( 'NONE', *, *, #8239, .T. ) ;
#3149 = ORIENTED_EDGE ( 'NONE', *, *, #8121, .F. ) ;
#3150 = CARTESIAN_POINT ( 'NONE',  ( -2.720000000000000195, -0.7589999999999966773, 1.920999999999998042 ) ) ;
#3151 = ADVANCED_FACE ( 'NONE', ( #4894, #8283, #2039 ), #3544, .F. ) ;
#3152 = CARTESIAN_POINT ( 'NONE',  ( -0.03708970641716335948, 1.134625644897915286, 0.01100000000000433270 ) ) ;
#3153 =( LENGTH_UNIT ( ) NAMED_UNIT ( * ) SI_UNIT ( .MILLI., .METRE. ) );
#3154 = CARTESIAN_POINT ( 'NONE',  ( 0.01503739292294289411, 0.9854890982090792617, 0.01100000000000389902 ) ) ;
#3155 = MECHANICAL_DESIGN_GEOMETRIC_PRESENTATION_REPRESENTATION (  '', ( #6184 ), #7684 ) ;
#3156 = CARTESIAN_POINT ( 'NONE',  ( 0.4533988359021532966, 0.9542040596366438976, 0.01100000000000389902 ) ) ;
#3157 = VECTOR ( 'NONE', #2788, 1000.000000000000000 ) ;
#3158 = EDGE_CURVE ( 'NONE', #6790, #2840, #5930, .T. ) ;
#3159 = PRESENTATION_STYLE_ASSIGNMENT (( #9593 ) ) ;
#3160 = ORIENTED_EDGE ( 'NONE', *, *, #6613, .T. ) ;
#3161 = ORIENTED_EDGE ( 'NONE', *, *, #155, .T. ) ;
#3162 = VERTEX_POINT ( 'NONE', #5870 ) ;
#3163 = EDGE_CURVE ( 'NONE', #2919, #9095, #77, .T. ) ;
#3164 = DIRECTION ( 'NONE',  ( -1.000000000000000000, -0.0000000000000000000, 0.0000000000000000000 ) ) ;
#3165 = STYLED_ITEM ( 'NONE', ( #8321 ), #6132 ) ;
#3166 =( NAMED_UNIT ( * ) PLANE_ANGLE_UNIT ( ) SI_UNIT ( $, .RADIAN. ) );
#3167 = CARTESIAN_POINT ( 'NONE',  ( 2.900000000000000799, 3.330999999999994632, 4.401000000000012236 ) ) ;
#3168 = CARTESIAN_POINT ( 'NONE',  ( -1.300000000000000044, 4.389578643762701127, 0.001000000000016883651 ) ) ;
#3169 = ADVANCED_FACE ( 'NONE', ( #5121 ), #8297, .F. ) ;
#3170 = CARTESIAN_POINT ( 'NONE',  ( -0.1319670177563833924, 1.057976925490301534, 0.01100000000000433270 ) ) ;
#3171 = VERTEX_POINT ( 'NONE', #1368 ) ;
#3172 =( LENGTH_UNIT ( ) NAMED_UNIT ( * ) SI_UNIT ( .MILLI., .METRE. ) );
#3173 = EDGE_LOOP ( 'NONE', ( #8983, #4577, #2179, #6322 ) ) ;
#3174 = STYLED_ITEM ( 'NONE', ( #187 ), #1541 ) ;
#3175 = ORIENTED_EDGE ( 'NONE', *, *, #8045, .T. ) ;
#3176 = ORIENTED_EDGE ( 'NONE', *, *, #4866, .F. ) ;
#3177 = CARTESIAN_POINT ( 'NONE',  ( -0.01672712504389542443, 0.9522223259996148714, 0.01100000000000389902 ) ) ;
#3178 = CARTESIAN_POINT ( 'NONE',  ( 2.899999999999999911, -0.7589999999999949010, 1.400999999999998025 ) ) ;
#3179 = CARTESIAN_POINT ( 'NONE',  ( -0.1303544174682077228, 1.035335161279197447, 0.001000000000004306906 ) ) ;
#3180 = DIRECTION ( 'NONE',  ( 0.0000000000000000000, -3.491481338843133355E-15, 1.000000000000000000 ) ) ;
#3181 = VECTOR ( 'NONE', #1356, 1000.000000000000000 ) ;
#3182 = PRESENTATION_STYLE_ASSIGNMENT (( #2467 ) ) ;
#3183 = DIRECTION ( 'NONE',  ( 0.0000000000000000000, 1.000000000000000000, 3.491481338843133355E-15 ) ) ;
#3184 = VECTOR ( 'NONE', #1848, 1000.000000000000000 ) ;
#3185 = AXIS2_PLACEMENT_3D ( 'NONE', #7484, #2217, #5915 ) ;
#3186 = DIRECTION ( 'NONE',  ( 0.0000000000000000000, 1.000000000000000000, 3.491481338843133355E-15 ) ) ;
#3187 = ORIENTED_EDGE ( 'NONE', *, *, #6947, .T. ) ;
#3188 = DIRECTION ( 'NONE',  ( 0.0000000000000000000, -1.000000000000000000, -3.491481338843133355E-15 ) ) ;
#3189 = CARTESIAN_POINT ( 'NONE',  ( 4.699999999999997513, 2.301710678118664699, 0.001000000000009077395 ) ) ;
#3190 = CARTESIAN_POINT ( 'NONE',  ( -2.899999999999999911, 3.331000000000009287, 0.2010000000000126408 ) ) ;
#3191 = VECTOR ( 'NONE', #5792, 1000.000000000000000 ) ;
#3192 = CARTESIAN_POINT ( 'NONE',  ( -2.899999999999999911, 2.901710678118662567, 0.6010000000000110809 ) ) ;
#3193 = ORIENTED_EDGE ( 'NONE', *, *, #8620, .F. ) ;
#3194 = VECTOR ( 'NONE', #7934, 1000.000000000000114 ) ;
#3195 = MECHANICAL_DESIGN_GEOMETRIC_PRESENTATION_REPRESENTATION (  '', ( #9221 ), #1320 ) ;
#3196 = ORIENTED_EDGE ( 'NONE', *, *, #7111, .F. ) ;
#3197 = CARTESIAN_POINT ( 'NONE',  ( 2.900000000000000355, 1.330999999999999739, 2.901000000000005130 ) ) ;
#3198 = CARTESIAN_POINT ( 'NONE',  ( 0.6999999999999992895, 3.960289321881353519, 0.7131320343559792718 ) ) ;
#3199 = CARTESIAN_POINT ( 'NONE',  ( -4.147487373415290612, 2.901710678118663012, 0.4570660171779931114 ) ) ;
#3200 = AXIS2_PLACEMENT_3D ( 'NONE', #44, #5190, #788 ) ;
#3201 = DIRECTION ( 'NONE',  ( -0.0000000000000000000, -1.000000000000000000, -3.491481338843133355E-15 ) ) ;
#3202 = PRESENTATION_LAYER_ASSIGNMENT (  '', '', ( #2666 ) ) ;
#3203 = FILL_AREA_STYLE_COLOUR ( '', #6811 ) ;
#3204 = SURFACE_STYLE_FILL_AREA ( #1716 ) ;
#3205 = EDGE_LOOP ( 'NONE', ( #5759, #1536, #2151, #7617 ) ) ;
#3206 = FACE_OUTER_BOUND ( 'NONE', #345, .T. ) ;
#3207 = SURFACE_STYLE_USAGE ( .BOTH. , #6880 ) ;
#3208 = DIRECTION ( 'NONE',  ( 1.000000000000000000, 0.0000000000000000000, 0.0000000000000000000 ) ) ;
#3209 = EDGE_CURVE ( 'NONE', #7750, #5971, #6174, .T. ) ;
#3210 =( LENGTH_UNIT ( ) NAMED_UNIT ( * ) SI_UNIT ( .MILLI., .METRE. ) );
#3211 = CARTESIAN_POINT ( 'NONE',  ( -1.300000000000000044, 5.131000000000009997, 0.001000000000019052055 ) ) ;
#3212 = CARTESIAN_POINT ( 'NONE',  ( 1.600000000000000089, -4.769000000000004569, 4.200999999999984524 ) ) ;
#3213 = VECTOR ( 'NONE', #7525, 1000.000000000000000 ) ;
#3214 = DIRECTION ( 'NONE',  ( 0.0000000000000000000, 1.000000000000000000, 3.491481338843133355E-15 ) ) ;
#3215 = ORIENTED_EDGE ( 'NONE', *, *, #8934, .T. ) ;
#3216 = ADVANCED_FACE ( 'NONE', ( #1011 ), #4523, .F. ) ;
#3217 = PRESENTATION_STYLE_ASSIGNMENT (( #6195 ) ) ;
#3218 = CARTESIAN_POINT ( 'NONE',  ( 2.699999999999998845, -1.569000000000009720, 5.600999999999994650 ) ) ;
#3219 = DIRECTION ( 'NONE',  ( 0.0000000000000000000, -1.000000000000000000, -4.336808689942015369E-15 ) ) ;
#3220 = CARTESIAN_POINT ( 'NONE',  ( 0.3204292812935306545, 1.105760135082390461, 0.01100000000000433270 ) ) ;
#3221 =( LENGTH_UNIT ( ) NAMED_UNIT ( * ) SI_UNIT ( .MILLI., .METRE. ) );
#3222 = FILL_AREA_STYLE_COLOUR ( '', #5014 ) ;
#3223 = SURFACE_SIDE_STYLE ('',( #4134 ) ) ;
#3224 = SURFACE_STYLE_USAGE ( .BOTH. , #7760 ) ;
#3225 = FACE_OUTER_BOUND ( 'NONE', #267, .T. ) ;
#3226 = EDGE_CURVE ( 'NONE', #2389, #5139, #1347, .T. ) ;
#3227 = ORIENTED_EDGE ( 'NONE', *, *, #155, .F. ) ;
#3228 = PRESENTATION_STYLE_ASSIGNMENT (( #8284 ) ) ;
#3229 = DIRECTION ( 'NONE',  ( 1.000000000000000000, 0.0000000000000000000, -0.0000000000000000000 ) ) ;
#3230 = DIRECTION ( 'NONE',  ( 1.000000000000000000, 0.0000000000000000000, 0.0000000000000000000 ) ) ;
#3231 =( NAMED_UNIT ( * ) SI_UNIT ( $, .STERADIAN. ) SOLID_ANGLE_UNIT ( ) );
#3232 =( GEOMETRIC_REPRESENTATION_CONTEXT ( 3 ) GLOBAL_UNCERTAINTY_ASSIGNED_CONTEXT ( ( #3376 ) ) GLOBAL_UNIT_ASSIGNED_CONTEXT ( ( #64, #1396, #3753 ) ) REPRESENTATION_CONTEXT ( 'NONE', 'WORKASPACE' ) );
#3233 = CARTESIAN_POINT ( 'NONE',  ( 0.0000000000000000000, -1.768999999999999684, 2.900999999999994916 ) ) ;
#3234 = DIRECTION ( 'NONE',  ( 0.0000000000000000000, 0.7071067811865489050, -0.7071067811865462405 ) ) ;
#3235 = CARTESIAN_POINT ( 'NONE',  ( -0.06023468116072546591, 0.9791460938802848402, 0.001000000000003873225 ) ) ;
#3236 =( NAMED_UNIT ( * ) PLANE_ANGLE_UNIT ( ) SI_UNIT ( $, .RADIAN. ) );
#3237 = EDGE_CURVE ( 'NONE', #6766, #2314, #2251, .T. ) ;
#3238 = MECHANICAL_DESIGN_GEOMETRIC_PRESENTATION_REPRESENTATION (  '', ( #8936 ), #8083 ) ;
#3239 =( NAMED_UNIT ( * ) SI_UNIT ( $, .STERADIAN. ) SOLID_ANGLE_UNIT ( ) );
#3240 = DIRECTION ( 'NONE',  ( 0.0000000000000000000, 1.000000000000000000, 3.368276546515235160E-15 ) ) ;
#3241 = SURFACE_STYLE_FILL_AREA ( #8234 ) ;
#3242 = LINE ( 'NONE', #6261, #5013 ) ;
#3243 = MECHANICAL_DESIGN_GEOMETRIC_PRESENTATION_REPRESENTATION (  '', ( #8637 ), #430 ) ;
#3244 = FACE_BOUND ( 'NONE', #2340, .T. ) ;
#3245 = ORIENTED_EDGE ( 'NONE', *, *, #8357, .F. ) ;
#3246 = EDGE_LOOP ( 'NONE', ( #3083, #4871, #598, #1613 ) ) ;
#3247 = SURFACE_STYLE_USAGE ( .BOTH. , #6215 ) ;
#3248 = PLANE ( 'NONE',  #4460 ) ;
#3249 = ORIENTED_EDGE ( 'NONE', *, *, #1408, .T. ) ;
#3250 = DIRECTION ( 'NONE',  ( -1.000000000000000000, 5.221340210712170860E-31, -1.495451272393799542E-16 ) ) ;
#3251 = DIRECTION ( 'NONE',  ( 0.0000000000000000000, -0.3826834323650873948, -0.9238795325112877377 ) ) ;
#3252 = CARTESIAN_POINT ( 'NONE',  ( 3.532842712474618896, 0.3017106781186633668, 0.3388679656440368726 ) ) ;
#3253 = COLOUR_RGB ( '',0.1098039215686274495, 0.1098039215686274495, 0.1098039215686274495 ) ;
#3254 = PLANE ( 'NONE',  #1442 ) ;
#3255 = EDGE_CURVE ( 'NONE', #7192, #2057, #4516, .T. ) ;
#3256 =( GEOMETRIC_REPRESENTATION_CONTEXT ( 3 ) GLOBAL_UNCERTAINTY_ASSIGNED_CONTEXT ( ( #6873 ) ) GLOBAL_UNIT_ASSIGNED_CONTEXT ( ( #9666, #9631, #8127 ) ) REPRESENTATION_CONTEXT ( 'NONE', 'WORKASPACE' ) );
#3257 = ORIENTED_EDGE ( 'NONE', *, *, #4083, .F. ) ;
#3258 = EDGE_LOOP ( 'NONE', ( #41, #4000, #6719, #2032, #982 ) ) ;
#3259 = DIRECTION ( 'NONE',  ( -1.445602896647339163E-16, -3.491481338843133355E-15, 1.000000000000000000 ) ) ;
#3260 = VECTOR ( 'NONE', #3679, 1000.000000000000000 ) ;
#3261 =( NAMED_UNIT ( * ) PLANE_ANGLE_UNIT ( ) SI_UNIT ( $, .RADIAN. ) );
#3262 = PLANE ( 'NONE',  #5602 ) ;
#3263 = DIRECTION ( 'NONE',  ( 1.000000000000000000, 0.0000000000000000000, -0.0000000000000000000 ) ) ;
#3264 = UNCERTAINTY_MEASURE_WITH_UNIT (LENGTH_MEASURE( 1.000000000000000082E-05 ), #9536, 'distance_accuracy_value', 'NONE');
#3265 = FACE_OUTER_BOUND ( 'NONE', #4204, .T. ) ;
#3266 = ADVANCED_FACE ( 'NONE', ( #999 ), #8330, .F. ) ;
#3267 = CARTESIAN_POINT ( 'NONE',  ( 2.720000000000000195, -0.7590000000000035607, 3.880999999999997119 ) ) ;
#3268 =( GEOMETRIC_REPRESENTATION_CONTEXT ( 3 ) GLOBAL_UNCERTAINTY_ASSIGNED_CONTEXT ( ( #9426 ) ) GLOBAL_UNIT_ASSIGNED_CONTEXT ( ( #5742, #5771, #6503 ) ) REPRESENTATION_CONTEXT ( 'NONE', 'WORKASPACE' ) );
#3269 = DIRECTION ( 'NONE',  ( 1.000000000000000000, 0.0000000000000000000, -0.0000000000000000000 ) ) ;
#3270 = LINE ( 'NONE', #1390, #3965 ) ;
#3271 = ORIENTED_EDGE ( 'NONE', *, *, #6391, .F. ) ;
#3272 = EDGE_LOOP ( 'NONE', ( #4955, #1260, #3430, #4063 ) ) ;
#3273 = MECHANICAL_DESIGN_GEOMETRIC_PRESENTATION_REPRESENTATION (  '', ( #7287 ), #7102 ) ;
#3274 = EDGE_CURVE ( 'NONE', #6065, #5150, #2758, .T. ) ;
#3275 = CARTESIAN_POINT ( 'NONE',  ( -2.899999999999999911, 0.9017106781186627895, 0.4010000000000036313 ) ) ;
#3276 = ORIENTED_EDGE ( 'NONE', *, *, #9365, .F. ) ;
#3277 =( NAMED_UNIT ( * ) PLANE_ANGLE_UNIT ( ) SI_UNIT ( $, .RADIAN. ) );
#3278 = LINE ( 'NONE', #7420, #8893 ) ;
#3279 = CARTESIAN_POINT ( 'NONE',  ( -0.05133847617578795458, 0.9534235412030243051, 0.001000000000003873225 ) ) ;
#3280 = VECTOR ( 'NONE', #7891, 1000.000000000000000 ) ;
#3281 =( NAMED_UNIT ( * ) SI_UNIT ( $, .STERADIAN. ) SOLID_ANGLE_UNIT ( ) );
#3282 = EDGE_LOOP ( 'NONE', ( #9361, #4352, #8784, #8762 ) ) ;
#3283 = ORIENTED_EDGE ( 'NONE', *, *, #7432, .T. ) ;
#3284 = AXIS2_PLACEMENT_3D ( 'NONE', #6542, #5752, #1253 ) ;
#3285 = EDGE_CURVE ( 'NONE', #2436, #8558, #9551, .T. ) ;
#3286 = ORIENTED_EDGE ( 'NONE', *, *, #2875, .F. ) ;
#3287 = DIRECTION ( 'NONE',  ( -1.000000000000000000, -5.348949800920537088E-31, 1.532000111646839560E-16 ) ) ;
#3288 = CARTESIAN_POINT ( 'NONE',  ( 1.800000000000000488, -4.568999999999995509, 1.900999999999984924 ) ) ;
#3289 = VECTOR ( 'NONE', #1680, 1000.000000000000000 ) ;
#3290 = ORIENTED_EDGE ( 'NONE', *, *, #1105, .F. ) ;
#3291 = CARTESIAN_POINT ( 'NONE',  ( -0.1317094406053722633, 1.046470552954624988, 0.01100000000000433270 ) ) ;
#3292 = DIRECTION ( 'NONE',  ( 0.3826834323650907255, -3.225708147102274523E-15, 0.9238795325112862944 ) ) ;
#3293 = ORIENTED_EDGE ( 'NONE', *, *, #5922, .F. ) ;
#3294 = ORIENTED_EDGE ( 'NONE', *, *, #7485, .T. ) ;
#3295 = AXIS2_PLACEMENT_3D ( 'NONE', #3437, #1155, #7081 ) ;
#3296 = DIRECTION ( 'NONE',  ( 0.0000000000000000000, 3.491481338843133355E-15, -1.000000000000000000 ) ) ;
#3297 = ORIENTED_EDGE ( 'NONE', *, *, #749, .T. ) ;
#3298 = UNCERTAINTY_MEASURE_WITH_UNIT (LENGTH_MEASURE( 1.000000000000000082E-05 ), #5156, 'distance_accuracy_value', 'NONE');
#3299 = COLOUR_RGB ( '',0.7764705882352941346, 0.7568627450980391913, 0.7372549019607843590 ) ;
#3300 =( NAMED_UNIT ( * ) SI_UNIT ( $, .STERADIAN. ) SOLID_ANGLE_UNIT ( ) );
#3301 = EDGE_CURVE ( 'NONE', #6488, #3162, #8837, .T. ) ;
#3302 = ORIENTED_EDGE ( 'NONE', *, *, #3454, .T. ) ;
#3303 = CARTESIAN_POINT ( 'NONE',  ( 2.699999999999999734, 3.331000000000004846, 1.401000000000011791 ) ) ;
#3304 = AXIS2_PLACEMENT_3D ( 'NONE', #34, #3883, #2999 ) ;
#3305 = PLANE ( 'NONE',  #8118 ) ;
#3306 = CARTESIAN_POINT ( 'NONE',  ( -0.04847834899968751082, 1.156414226776794951, 0.001000000000004306906 ) ) ;
#3307 = CARTESIAN_POINT ( 'NONE',  ( -0.09347484358742036425, 1.008169002226834365, 0.01100000000000389902 ) ) ;
#3308 = CARTESIAN_POINT ( 'NONE',  ( 3.532842712474618896, 2.301710678118662923, 0.3388679656440438115 ) ) ;
#3309 = ORIENTED_EDGE ( 'NONE', *, *, #834, .F. ) ;
#3310 = LINE ( 'NONE', #1341, #4365 ) ;
#3311 = STYLED_ITEM ( 'NONE', ( #2096 ), #1819 ) ;
#3312 = CARTESIAN_POINT ( 'NONE',  ( -2.700000000000000178, -0.7590000000000035607, 3.900999999999998025 ) ) ;
#3313 = DIRECTION ( 'NONE',  ( 0.0000000000000000000, 1.000000000000000000, 3.491481338843133355E-15 ) ) ;
#3314 = VECTOR ( 'NONE', #5265, 1000.000000000000000 ) ;
#3315 = PRODUCT_DEFINITION_SHAPE ( 'NONE', 'NONE',  #2411 ) ;
#3316 = DIRECTION ( 'NONE',  ( 0.09525861801280718910, 0.9954525582338367151, 3.475604030777098573E-15 ) ) ;
#3317 = ORIENTED_EDGE ( 'NONE', *, *, #5787, .F. ) ;
#3318 = ADVANCED_FACE ( 'NONE', ( #1805 ), #5349, .F. ) ;
#3319 = EDGE_LOOP ( 'NONE', ( #1530, #5051, #3149, #7259 ) ) ;
#3320 =( NAMED_UNIT ( * ) PLANE_ANGLE_UNIT ( ) SI_UNIT ( $, .RADIAN. ) );
#3321 = DIRECTION ( 'NONE',  ( 0.0000000000000000000, -1.000000000000000000, -3.491481338843133355E-15 ) ) ;
#3322 = DIRECTION ( 'NONE',  ( 0.0000000000000000000, 0.0000000000000000000, 1.000000000000000000 ) ) ;
#3323 = CARTESIAN_POINT ( 'NONE',  ( 1.299999999999999378, 3.331000000000007955, 0.6010000000000123022 ) ) ;
#3324 = VERTEX_POINT ( 'NONE', #3140 ) ;
#3325 = EDGE_LOOP ( 'NONE', ( #4604, #2648, #4148, #159 ) ) ;
#3326 = PRESENTATION_STYLE_ASSIGNMENT (( #1644 ) ) ;
#3327 = PLANE ( 'NONE',  #2040 ) ;
#3328 =( LENGTH_UNIT ( ) NAMED_UNIT ( * ) SI_UNIT ( .MILLI., .METRE. ) );
#3329 = SURFACE_SIDE_STYLE ('',( #3204 ) ) ;
#3330 = DIRECTION ( 'NONE',  ( 0.3635424856527061932, 0.9315776194850602376, 3.252585874115997162E-15 ) ) ;
#3331 = STYLED_ITEM ( 'NONE', ( #894 ), #3112 ) ;
#3332 = DIRECTION ( 'NONE',  ( 1.000000000000000000, 0.0000000000000000000, 0.0000000000000000000 ) ) ;
#3333 = EDGE_CURVE ( 'NONE', #7527, #9102, #1120, .T. ) ;
#3334 = CARTESIAN_POINT ( 'NONE',  ( -0.07307343205382983709, 0.9862136614117462674, 0.01100000000000389902 ) ) ;
#3335 = FACE_OUTER_BOUND ( 'NONE', #1751, .T. ) ;
#3336 = LINE ( 'NONE', #3555, #9201 ) ;
#3337 = ORIENTED_EDGE ( 'NONE', *, *, #9510, .T. ) ;
#3338 = CARTESIAN_POINT ( 'NONE',  ( 2.899999999999999911, 2.301710678118662035, 0.6010000000000088605 ) ) ;
#3339 =( GEOMETRIC_REPRESENTATION_CONTEXT ( 3 ) GLOBAL_UNCERTAINTY_ASSIGNED_CONTEXT ( ( #2005 ) ) GLOBAL_UNIT_ASSIGNED_CONTEXT ( ( #614, #5808, #5163 ) ) REPRESENTATION_CONTEXT ( 'NONE', 'WORKASPACE' ) );
#3340 = EDGE_CURVE ( 'NONE', #2550, #411, #2130, .T. ) ;
#3341 = FACE_OUTER_BOUND ( 'NONE', #5780, .T. ) ;
#3342 = CARTESIAN_POINT ( 'NONE',  ( -0.03025207873199329059, 0.9517650352463993269, 0.01100000000000389902 ) ) ;
#3343 = VECTOR ( 'NONE', #2362, 1000.000000000000000 ) ;
#3344 = PRESENTATION_STYLE_ASSIGNMENT (( #3452 ) ) ;
#3345 = DIRECTION ( 'NONE',  ( 0.0000000000000000000, 1.000000000000000000, 3.491481338843133355E-15 ) ) ;
#3346 = SURFACE_STYLE_USAGE ( .BOTH. , #6439 ) ;
#3347 = SURFACE_STYLE_FILL_AREA ( #7171 ) ;
#3348 = FILL_AREA_STYLE_COLOUR ( '', #2075 ) ;
#3349 =( LENGTH_UNIT ( ) NAMED_UNIT ( * ) SI_UNIT ( .MILLI., .METRE. ) );
#3350 = EDGE_CURVE ( 'NONE', #8334, #5028, #1221, .T. ) ;
#3351 =( LENGTH_UNIT ( ) NAMED_UNIT ( * ) SI_UNIT ( .MILLI., .METRE. ) );
#3352 = CARTESIAN_POINT ( 'NONE',  ( -3.532842712474618896, 2.301710678118662923, 0.3388679656440438115 ) ) ;
#3353 = AXIS2_PLACEMENT_3D ( 'NONE', #7556, #870, #7590 ) ;
#3354 = CARTESIAN_POINT ( 'NONE',  ( 0.4802281041948360807, 0.9542040596366438976, 0.001000000000003873225 ) ) ;
#3355 = ADVANCED_FACE ( 'NONE', ( #7920 ), #8427, .T. ) ;
#3356 = DIRECTION ( 'NONE',  ( 2.465190328815661892E-32, 1.000000000000000000, 3.491481338843133355E-15 ) ) ;
#3357 = SURFACE_STYLE_USAGE ( .BOTH. , #719 ) ;
#3358 = ORIENTED_EDGE ( 'NONE', *, *, #166, .T. ) ;
#3359 = ORIENTED_EDGE ( 'NONE', *, *, #6495, .T. ) ;
#3360 = ORIENTED_EDGE ( 'NONE', *, *, #5425, .F. ) ;
#3361 = EDGE_LOOP ( 'NONE', ( #3283, #4825, #3867, #3309 ) ) ;
#3362 =( NAMED_UNIT ( * ) SI_UNIT ( $, .STERADIAN. ) SOLID_ANGLE_UNIT ( ) );
#3363 = SURFACE_STYLE_USAGE ( .BOTH. , #5677 ) ;
#3364 = SURFACE_STYLE_USAGE ( .BOTH. , #1792 ) ;
#3365 = DIRECTION ( 'NONE',  ( 0.0000000000000000000, -3.491481338843133355E-15, 1.000000000000000000 ) ) ;
#3366 = VERTEX_POINT ( 'NONE', #1728 ) ;
#3367 = ORIENTED_EDGE ( 'NONE', *, *, #1073, .F. ) ;
#3368 = LINE ( 'NONE', #4108, #4915 ) ;
#3369 = PRESENTATION_STYLE_ASSIGNMENT (( #1454 ) ) ;
#3370 = LINE ( 'NONE', #4348, #3020 ) ;
#3371 = CARTESIAN_POINT ( 'NONE',  ( 2.899999999999999911, 0.9017106781186627895, 0.4010000000000036313 ) ) ;
#3372 = CARTESIAN_POINT ( 'NONE',  ( 1.600000000000000533, -4.768999999999996575, 1.700999999999984080 ) ) ;
#3373 = VERTEX_POINT ( 'NONE', #3212 ) ;
#3374 = ORIENTED_EDGE ( 'NONE', *, *, #3905, .F. ) ;
#3375 = CARTESIAN_POINT ( 'NONE',  ( 0.08266712858508006023, 1.132252840124448934, 0.001000000000004306906 ) ) ;
#3376 = UNCERTAINTY_MEASURE_WITH_UNIT (LENGTH_MEASURE( 1.000000000000000082E-05 ), #64, 'distance_accuracy_value', 'NONE');
#3377 = DIRECTION ( 'NONE',  ( -1.000000000000000000, -0.0000000000000000000, 0.0000000000000000000 ) ) ;
#3378 = VECTOR ( 'NONE', #483, 1000.000000000000000 ) ;
#3379 = DIRECTION ( 'NONE',  ( 0.0000000000000000000, -3.491481338843133355E-15, 1.000000000000000000 ) ) ;
#3380 = UNCERTAINTY_MEASURE_WITH_UNIT (LENGTH_MEASURE( 1.000000000000000082E-05 ), #6374, 'distance_accuracy_value', 'NONE');
#3381 = VECTOR ( 'NONE', #3180, 1000.000000000000000 ) ;
#3382 = STYLED_ITEM ( 'NONE', ( #1423 ), #845 ) ;
#3383 = FACE_OUTER_BOUND ( 'NONE', #8991, .T. ) ;
#3384 = VECTOR ( 'NONE', #746, 1000.000000000000000 ) ;
#3385 = EDGE_LOOP ( 'NONE', ( #139, #9406, #6896, #8449 ) ) ;
#3386 = SURFACE_SIDE_STYLE ('',( #874 ) ) ;
#3387 = CARTESIAN_POINT ( 'NONE',  ( 0.2585055432192264191, 0.9761552791488392611, 0.001000000000003873225 ) ) ;
#3388 = CARTESIAN_POINT ( 'NONE',  ( -2.720000000000000195, 1.350999999999996204, 3.881000000000005112 ) ) ;
#3389 = CARTESIAN_POINT ( 'NONE',  ( -0.03022825769426029999, 1.156549389317368837, 0.001000000000004306906 ) ) ;
#3390 = DIRECTION ( 'NONE',  ( 1.000000000000000000, -5.595468833802103278E-31, 1.532000111646839560E-16 ) ) ;
#3391 = EDGE_CURVE ( 'NONE', #2752, #1663, #8805, .T. ) ;
#3392 = ORIENTED_EDGE ( 'NONE', *, *, #3158, .T. ) ;
#3393 = COLOUR_RGB ( '',0.1098039215686274495, 0.1098039215686274495, 0.1098039215686274495 ) ;
#3394 = SURFACE_STYLE_FILL_AREA ( #1273 ) ;
#3395 = CARTESIAN_POINT ( 'NONE',  ( 2.700000000000000622, 3.330999999999994632, 4.401000000000012236 ) ) ;
#3396 = FACE_OUTER_BOUND ( 'NONE', #2899, .T. ) ;
#3397 = ORIENTED_EDGE ( 'NONE', *, *, #4303, .T. ) ;
#3398 = STYLED_ITEM ( 'NONE', ( #5593 ), #4501 ) ;
#3399 = EDGE_CURVE ( 'NONE', #8354, #6786, #4164, .T. ) ;
#3400 = PLANE ( 'NONE',  #1611 ) ;
#3401 = FILL_AREA_STYLE_COLOUR ( '', #7173 ) ;
#3402 = DIRECTION ( 'NONE',  ( 1.000000000000000000, 0.0000000000000000000, -0.0000000000000000000 ) ) ;
#3403 =( NAMED_UNIT ( * ) SI_UNIT ( $, .STERADIAN. ) SOLID_ANGLE_UNIT ( ) );
#3404 = ORIENTED_EDGE ( 'NONE', *, *, #6933, .F. ) ;
#3405 = CARTESIAN_POINT ( 'NONE',  ( 1.299999999999999378, 4.389578643762700239, 0.001000000000016449970 ) ) ;
#3406 = EDGE_LOOP ( 'NONE', ( #9053, #6596, #5719 ) ) ;
#3407 = ORIENTED_EDGE ( 'NONE', *, *, #5444, .F. ) ;
#3408 = ORIENTED_EDGE ( 'NONE', *, *, #8192, .T. ) ;
#3409 = ADVANCED_FACE ( 'NONE', ( #6410 ), #382, .F. ) ;
#3410 = PRESENTATION_LAYER_ASSIGNMENT (  '', '', ( #5614 ) ) ;
#3411 = EDGE_CURVE ( 'NONE', #7324, #9381, #3795, .T. ) ;
#3412 = DIRECTION ( 'NONE',  ( 0.0000000000000000000, -1.000000000000000000, -3.491481338843133355E-15 ) ) ;
#3413 =( NAMED_UNIT ( * ) SI_UNIT ( $, .STERADIAN. ) SOLID_ANGLE_UNIT ( ) );
#3414 = CARTESIAN_POINT ( 'NONE',  ( 0.3614686731767869365, 1.073677414509583317, 0.01100000000000433270 ) ) ;
#3415 = VECTOR ( 'NONE', #3832, 1000.000000000000114 ) ;
#3416 = DIRECTION ( 'NONE',  ( 0.0000000000000000000, -1.000000000000000000, -3.491481338843133355E-15 ) ) ;
#3417 = PRESENTATION_LAYER_ASSIGNMENT (  '', '', ( #3973 ) ) ;
#3418 = LINE ( 'NONE', #7645, #5187 ) ;
#3419 = ORIENTED_EDGE ( 'NONE', *, *, #2252, .T. ) ;
#3420 = FILL_AREA_STYLE ('',( #4711 ) ) ;
#3421 = PRESENTATION_STYLE_ASSIGNMENT (( #4739 ) ) ;
#3422 = PLANE ( 'NONE',  #1080 ) ;
#3423 = CARTESIAN_POINT ( 'NONE',  ( 1.800000000000000488, -4.569000000000002615, 3.900999999999985146 ) ) ;
#3424 = DIRECTION ( 'NONE',  ( 0.0000000000000000000, -3.491481338843133355E-15, 1.000000000000000000 ) ) ;
#3425 = COLOUR_RGB ( '',0.7764705882352941346, 0.7568627450980391913, 0.7372549019607843590 ) ;
#3426 = SURFACE_SIDE_STYLE ('',( #7884 ) ) ;
#3427 = SURFACE_STYLE_USAGE ( .BOTH. , #1258 ) ;
#3428 = FACE_OUTER_BOUND ( 'NONE', #4334, .T. ) ;
#3429 = STYLED_ITEM ( 'NONE', ( #6986 ), #2285 ) ;
#3430 = ORIENTED_EDGE ( 'NONE', *, *, #3255, .F. ) ;
#3431 = PLANE ( 'NONE',  #1951 ) ;
#3432 = CARTESIAN_POINT ( 'NONE',  ( 0.2290085919997141839, 0.9761552791488392611, 0.001000000000003873225 ) ) ;
#3433 = SURFACE_SIDE_STYLE ('',( #3347 ) ) ;
#3434 = ORIENTED_EDGE ( 'NONE', *, *, #7497, .F. ) ;
#3435 = SURFACE_STYLE_FILL_AREA ( #3696 ) ;
#3436 = UNCERTAINTY_MEASURE_WITH_UNIT (LENGTH_MEASURE( 1.000000000000000082E-05 ), #9645, 'distance_accuracy_value', 'NONE');
#3437 = CARTESIAN_POINT ( 'NONE',  ( -2.700000000000000622, -0.7590000000000096669, 5.600999999999997314 ) ) ;
#3438 = EDGE_LOOP ( 'NONE', ( #7302, #3977, #2770, #4691 ) ) ;
#3439 =( GEOMETRIC_REPRESENTATION_CONTEXT ( 3 ) GLOBAL_UNCERTAINTY_ASSIGNED_CONTEXT ( ( #7901 ) ) GLOBAL_UNIT_ASSIGNED_CONTEXT ( ( #4895, #7833, #8551 ) ) REPRESENTATION_CONTEXT ( 'NONE', 'WORKASPACE' ) );
#3440 = LINE ( 'NONE', #9712, #8370 ) ;
#3441 = CARTESIAN_POINT ( 'NONE',  ( 0.3631549334631288262, 1.051688815734204807, 0.001000000000004306906 ) ) ;
#3442 = PLANE ( 'NONE',  #9430 ) ;
#3443 = ORIENTED_EDGE ( 'NONE', *, *, #1471, .F. ) ;
#3444 = LINE ( 'NONE', #8448, #2027 ) ;
#3445 = MECHANICAL_DESIGN_GEOMETRIC_PRESENTATION_REPRESENTATION (  '', ( #3079 ), #1557 ) ;
#3446 = PRESENTATION_STYLE_ASSIGNMENT (( #2120 ) ) ;
#3447 = DIRECTION ( 'NONE',  ( -0.0000000000000000000, 1.000000000000000000, 3.491481338843133355E-15 ) ) ;
#3448 = DIRECTION ( 'NONE',  ( -0.0000000000000000000, -1.000000000000000000, -3.491481338843133355E-15 ) ) ;
#3449 = DIRECTION ( 'NONE',  ( 0.0000000000000000000, 1.000000000000000000, 3.491481338843133355E-15 ) ) ;
#3450 = DIRECTION ( 'NONE',  ( -0.7071067811865490160, -2.468850131082260216E-15, 0.7071067811865460184 ) ) ;
#3451 =( GEOMETRIC_REPRESENTATION_CONTEXT ( 3 ) GLOBAL_UNCERTAINTY_ASSIGNED_CONTEXT ( ( #4512 ) ) GLOBAL_UNIT_ASSIGNED_CONTEXT ( ( #4342, #4211, #4247 ) ) REPRESENTATION_CONTEXT ( 'NONE', 'WORKASPACE' ) );
#3452 = SURFACE_STYLE_USAGE ( .BOTH. , #7957 ) ;
#3453 = CARTESIAN_POINT ( 'NONE',  ( 2.800000000000000266, -0.7589999999999949010, 1.400999999999997803 ) ) ;
#3454 = EDGE_CURVE ( 'NONE', #977, #6919, #852, .T. ) ;
#3455 = DIRECTION ( 'NONE',  ( -0.0000000000000000000, 1.000000000000000000, 3.491481338843133355E-15 ) ) ;
#3456 = EDGE_LOOP ( 'NONE', ( #7868, #8216, #2854, #1306 ) ) ;
#3457 = CARTESIAN_POINT ( 'NONE',  ( -0.6999999999999999556, 3.331000000000007955, 0.6010000000000131903 ) ) ;
#3458 = LINE ( 'NONE', #9224, #1469 ) ;
#3459 = LINE ( 'NONE', #6828, #9299 ) ;
#3460 = DIRECTION ( 'NONE',  ( 0.0000000000000000000, -1.000000000000000000, -3.491481338843133355E-15 ) ) ;
#3461 = STYLED_ITEM ( 'NONE', ( #7304 ), #9255 ) ;
#3462 = EDGE_CURVE ( 'NONE', #2549, #258, #2015, .T. ) ;
#3463 = DIRECTION ( 'NONE',  ( -0.0000000000000000000, 3.491481338843133355E-15, -1.000000000000000000 ) ) ;
#3464 = DIRECTION ( 'NONE',  ( 0.0000000000000000000, 1.000000000000000000, 3.491481338843133355E-15 ) ) ;
#3465 = VERTEX_POINT ( 'NONE', #4762 ) ;
#3466 = FACE_BOUND ( 'NONE', #5872, .T. ) ;
#3467 = CARTESIAN_POINT ( 'NONE',  ( 1.800000000000000266, -4.769000000000004569, 4.400999999999984702 ) ) ;
#3468 = COLOUR_RGB ( '',0.7764705882352941346, 0.7568627450980391913, 0.7372549019607843590 ) ;
#3469 = FACE_OUTER_BOUND ( 'NONE', #8303, .T. ) ;
#3470 = VECTOR ( 'NONE', #5634, 1000.000000000000000 ) ;
#3471 =( GEOMETRIC_REPRESENTATION_CONTEXT ( 3 ) GLOBAL_UNCERTAINTY_ASSIGNED_CONTEXT ( ( #2839 ) ) GLOBAL_UNIT_ASSIGNED_CONTEXT ( ( #3487, #5670, #7164 ) ) REPRESENTATION_CONTEXT ( 'NONE', 'WORKASPACE' ) );
#3472 = LINE ( 'NONE', #6059, #4058 ) ;
#3473 = EDGE_CURVE ( 'NONE', #2771, #4479, #8949, .T. ) ;
#3474 = LINE ( 'NONE', #9035, #3004 ) ;
#3475 = CARTESIAN_POINT ( 'NONE',  ( 0.3404398423454631506, 1.119069133559873030, 0.001000000000004306906 ) ) ;
#3476 = EDGE_CURVE ( 'NONE', #702, #8207, #1688, .T. ) ;
#3477 = FILL_AREA_STYLE_COLOUR ( '', #7020 ) ;
#3478 = VECTOR ( 'NONE', #4312, 1000.000000000000000 ) ;
#3479 = VERTEX_POINT ( 'NONE', #8584 ) ;
#3480 = EDGE_LOOP ( 'NONE', ( #6349, #4937, #7260, #6789, #6912, #1071, #3215, #5821 ) ) ;
#3481 = ORIENTED_EDGE ( 'NONE', *, *, #5976, .T. ) ;
#3482 = CARTESIAN_POINT ( 'NONE',  ( 0.005110284282089799096, 1.149535597253583452, 0.01100000000000433270 ) ) ;
#3483 = PRESENTATION_LAYER_ASSIGNMENT (  '', '', ( #6202 ) ) ;
#3484 = PRESENTATION_STYLE_ASSIGNMENT (( #4383 ) ) ;
#3485 = FILL_AREA_STYLE_COLOUR ( '', #315 ) ;
#3486 =( NAMED_UNIT ( * ) PLANE_ANGLE_UNIT ( ) SI_UNIT ( $, .RADIAN. ) );
#3487 =( LENGTH_UNIT ( ) NAMED_UNIT ( * ) SI_UNIT ( .MILLI., .METRE. ) );
#3488 = UNCERTAINTY_MEASURE_WITH_UNIT (LENGTH_MEASURE( 1.000000000000000082E-05 ), #8932, 'distance_accuracy_value', 'NONE');
#3489 = PLANE ( 'NONE',  #9055 ) ;
#3490 = ORIENTED_EDGE ( 'NONE', *, *, #6775, .F. ) ;
#3491 = ORIENTED_EDGE ( 'NONE', *, *, #5835, .T. ) ;
#3492 = ORIENTED_EDGE ( 'NONE', *, *, #1105, .T. ) ;
#3493 = LINE ( 'NONE', #8687, #3378 ) ;
#3494 = VECTOR ( 'NONE', #7708, 999.9999999999998863 ) ;
#3495 =( NAMED_UNIT ( * ) SI_UNIT ( $, .STERADIAN. ) SOLID_ANGLE_UNIT ( ) );
#3496 = PRESENTATION_STYLE_ASSIGNMENT (( #3357 ) ) ;
#3497 = CARTESIAN_POINT ( 'NONE',  ( -0.1004086358581722932, 1.088610507265425298, 0.01100000000000433270 ) ) ;
#3498 = DIRECTION ( 'NONE',  ( -0.0000000000000000000, -3.491481338843133355E-15, 1.000000000000000000 ) ) ;
#3499 = CARTESIAN_POINT ( 'NONE',  ( 0.05583786029239720672, 1.154204059636644075, 0.01100000000000433270 ) ) ;
#3500 = PRESENTATION_LAYER_ASSIGNMENT (  '', '', ( #7381 ) ) ;
#3501 = SURFACE_SIDE_STYLE ('',( #3394 ) ) ;
#3502 = UNCERTAINTY_MEASURE_WITH_UNIT (LENGTH_MEASURE( 1.000000000000000082E-05 ), #3221, 'distance_accuracy_value', 'NONE');
#3503 = MECHANICAL_DESIGN_GEOMETRIC_PRESENTATION_REPRESENTATION (  '', ( #8220 ), #1972 ) ;
#3504 = PRESENTATION_STYLE_ASSIGNMENT (( #2336 ) ) ;
#3505 = ADVANCED_FACE ( 'NONE', ( #2243 ), #7890, .F. ) ;
#3506 = ORIENTED_EDGE ( 'NONE', *, *, #6798, .T. ) ;
#3507 = UNCERTAINTY_MEASURE_WITH_UNIT (LENGTH_MEASURE( 1.000000000000000082E-05 ), #2888, 'distance_accuracy_value', 'NONE');
#3508 = LINE ( 'NONE', #5525, #4455 ) ;
#3509 = SURFACE_SIDE_STYLE ('',( #5469 ) ) ;
#3510 = LINE ( 'NONE', #3387, #9249 ) ;
#3511 = STYLED_ITEM ( 'NONE', ( #6081 ), #7641 ) ;
#3512 = DIRECTION ( 'NONE',  ( -0.7071067811865460184, 2.468850131082270866E-15, -0.7071067811865490160 ) ) ;
#3513 = ORIENTED_EDGE ( 'NONE', *, *, #2106, .T. ) ;
#3514 = ORIENTED_EDGE ( 'NONE', *, *, #5603, .T. ) ;
#3515 = FILL_AREA_STYLE ('',( #5456 ) ) ;
#3516 = DIRECTION ( 'NONE',  ( -1.000000000000000000, 5.221340210712170860E-31, -1.495451272393799542E-16 ) ) ;
#3517 = EDGE_CURVE ( 'NONE', #3171, #1777, #6164, .T. ) ;
#3518 = ORIENTED_EDGE ( 'NONE', *, *, #3285, .T. ) ;
#3519 = VERTEX_POINT ( 'NONE', #3432 ) ;
#3520 =( NAMED_UNIT ( * ) PLANE_ANGLE_UNIT ( ) SI_UNIT ( $, .RADIAN. ) );
#3521 = CARTESIAN_POINT ( 'NONE',  ( -0.03552261902966498408, 1.156611483264808893, 0.001000000000004306906 ) ) ;
#3522 = DIRECTION ( 'NONE',  ( 1.000000000000000000, 0.0000000000000000000, 0.0000000000000000000 ) ) ;
#3523 = VERTEX_POINT ( 'NONE', #8670 ) ;
#3524 = FILL_AREA_STYLE ('',( #3485 ) ) ;
#3525 = EDGE_CURVE ( 'NONE', #5510, #3519, #9199, .T. ) ;
#3526 = PLANE ( 'NONE',  #8004 ) ;
#3527 = CARTESIAN_POINT ( 'NONE',  ( 0.1631549334631288428, 1.132252840124448934, 0.01100000000000433270 ) ) ;
#3528 =( GEOMETRIC_REPRESENTATION_CONTEXT ( 3 ) GLOBAL_UNCERTAINTY_ASSIGNED_CONTEXT ( ( #5943 ) ) GLOBAL_UNIT_ASSIGNED_CONTEXT ( ( #947, #2386, #7701 ) ) REPRESENTATION_CONTEXT ( 'NONE', 'WORKASPACE' ) );
#3529 = CARTESIAN_POINT ( 'NONE',  ( -0.08432855956516036033, 0.9959910393374763471, 0.001000000000003873225 ) ) ;
#3530 = ORIENTED_EDGE ( 'NONE', *, *, #3301, .F. ) ;
#3531 = ORIENTED_EDGE ( 'NONE', *, *, #3226, .T. ) ;
#3532 = VECTOR ( 'NONE', #8015, 1000.000000000000000 ) ;
#3533 = CARTESIAN_POINT ( 'NONE',  ( -0.02032099523474762900, 1.133956041297188966, 0.01100000000000433270 ) ) ;
#3534 = CARTESIAN_POINT ( 'NONE',  ( -1.300000000000000044, 4.578487373415300432, 0.4570660171779996617 ) ) ;
#3535 = CARTESIAN_POINT ( 'NONE',  ( -0.04213362158172233307, 1.134495647786227135, 0.01100000000000433270 ) ) ;
#3536 = CARTESIAN_POINT ( 'NONE',  ( 1.400000000000000355, -4.769000000000003681, 4.100999999999984880 ) ) ;
#3537 = FILL_AREA_STYLE ('',( #3602 ) ) ;
#3538 = CARTESIAN_POINT ( 'NONE',  ( -0.01037766961828822179, 0.9527990677432475186, 0.01100000000000389902 ) ) ;
#3539 = VERTEX_POINT ( 'NONE', #5762 ) ;
#3540 = AXIS2_PLACEMENT_3D ( 'NONE', #8124, #5109, #679 ) ;
#3541 = EDGE_LOOP ( 'NONE', ( #3514, #337, #2900, #8557 ) ) ;
#3542 =( LENGTH_UNIT ( ) NAMED_UNIT ( * ) SI_UNIT ( .MILLI., .METRE. ) );
#3543 =( LENGTH_UNIT ( ) NAMED_UNIT ( * ) SI_UNIT ( .MILLI., .METRE. ) );
#3544 = PLANE ( 'NONE',  #7860 ) ;
#3545 = EDGE_LOOP ( 'NONE', ( #5019, #2255, #7770 ) ) ;
#3546 = STYLED_ITEM ( 'NONE', ( #4165 ), #1299 ) ;
#3547 = LINE ( 'NONE', #5544, #963 ) ;
#3548 = PRESENTATION_STYLE_ASSIGNMENT (( #7892 ) ) ;
#3549 = EDGE_LOOP ( 'NONE', ( #210, #6918, #9385, #511 ) ) ;
#3550 = VECTOR ( 'NONE', #4983, 1000.000000000000000 ) ;
#3551 = MECHANICAL_DESIGN_GEOMETRIC_PRESENTATION_REPRESENTATION (  '', ( #7953 ), #6279 ) ;
#3552 = CARTESIAN_POINT ( 'NONE',  ( -0.01504492206096092778, 1.154950752037733341, 0.001000000000004306906 ) ) ;
#3553 = CARTESIAN_POINT ( 'NONE',  ( -3.799999999999996714, 2.901710678118664788, 0.001000000000011245799 ) ) ;
#3554 = ORIENTED_EDGE ( 'NONE', *, *, #6032, .F. ) ;
#3555 = CARTESIAN_POINT ( 'NONE',  ( 4.699999999999997513, 2.901710678118663900, 0.2010000000000113363 ) ) ;
#3556 = ADVANCED_FACE ( 'NONE', ( #310 ), #7951, .F. ) ;
#3557 =( NAMED_UNIT ( * ) SI_UNIT ( $, .STERADIAN. ) SOLID_ANGLE_UNIT ( ) );
#3558 = SURFACE_STYLE_USAGE ( .BOTH. , #8056 ) ;
#3559 = PRESENTATION_LAYER_ASSIGNMENT (  '', '', ( #8637 ) ) ;
#3560 = ORIENTED_EDGE ( 'NONE', *, *, #6041, .F. ) ;
#3561 = CARTESIAN_POINT ( 'NONE',  ( 0.3614652056852972750, 1.030636815351427149, 0.001000000000003873225 ) ) ;
#3562 = CARTESIAN_POINT ( 'NONE',  ( -0.03452037141491998140, 1.134691864514691728, 0.001000000000004306906 ) ) ;
#3563 = CARTESIAN_POINT ( 'NONE',  ( 2.699999999999999734, 3.331000000000003958, 1.401000000000011125 ) ) ;
#3564 =( NAMED_UNIT ( * ) PLANE_ANGLE_UNIT ( ) SI_UNIT ( $, .RADIAN. ) );
#3565 = VECTOR ( 'NONE', #5692, 1000.000000000000000 ) ;
#3566 = CARTESIAN_POINT ( 'NONE',  ( -2.900000000000000799, -1.769000000000009232, 5.600999999999993761 ) ) ;
#3567 = LINE ( 'NONE', #4210, #2983 ) ;
#3568 = ORIENTED_EDGE ( 'NONE', *, *, #3824, .F. ) ;
#3569 = LINE ( 'NONE', #9352, #9052 ) ;
#3570 = AXIS2_PLACEMENT_3D ( 'NONE', #1942, #6951, #4827 ) ;
#3571 = VECTOR ( 'NONE', #7492, 1000.000000000000000 ) ;
#3572 = CARTESIAN_POINT ( 'NONE',  ( 0.2678929117493053513, 1.153999052975782424, 0.001000000000004306906 ) ) ;
#3573 =( NAMED_UNIT ( * ) PLANE_ANGLE_UNIT ( ) SI_UNIT ( $, .RADIAN. ) );
#3574 = CARTESIAN_POINT ( 'NONE',  ( 2.899999999999999023, -0.7590000000000096669, 5.600999999999997314 ) ) ;
#3575 = LINE ( 'NONE', #7251, #1568 ) ;
#3576 = ORIENTED_EDGE ( 'NONE', *, *, #1102, .T. ) ;
#3577 = FACE_OUTER_BOUND ( 'NONE', #5550, .T. ) ;
#3578 =( GEOMETRIC_REPRESENTATION_CONTEXT ( 3 ) GLOBAL_UNCERTAINTY_ASSIGNED_CONTEXT ( ( #1015 ) ) GLOBAL_UNIT_ASSIGNED_CONTEXT ( ( #5394, #3809, #7719 ) ) REPRESENTATION_CONTEXT ( 'NONE', 'WORKASPACE' ) );
#3579 = LINE ( 'NONE', #8422, #2495 ) ;
#3580 = CARTESIAN_POINT ( 'NONE',  ( 0.1631549334631288706, 1.154204059636644075, 0.001000000000004306906 ) ) ;
#3581 = LINE ( 'NONE', #8987, #1573 ) ;
#3582 = CARTESIAN_POINT ( 'NONE',  ( -0.03022825769426029999, 1.156549389317368837, 0.001000000000004306906 ) ) ;
#3583 = SURFACE_STYLE_USAGE ( .BOTH. , #8881 ) ;
#3584 = PRESENTATION_LAYER_ASSIGNMENT (  '', '', ( #5781 ) ) ;
#3585 =( NAMED_UNIT ( * ) SI_UNIT ( $, .STERADIAN. ) SOLID_ANGLE_UNIT ( ) );
#3586 = FILL_AREA_STYLE ('',( #5039 ) ) ;
#3587 = EDGE_CURVE ( 'NONE', #1505, #9395, #4036, .T. ) ;
#3588 = CARTESIAN_POINT ( 'NONE',  ( -0.08496206222803158459, 1.146250782943362134, 0.01100000000000433270 ) ) ;
#3589 = DIRECTION ( 'NONE',  ( 1.000000000000000000, 0.0000000000000000000, 0.0000000000000000000 ) ) ;
#3590 =( NAMED_UNIT ( * ) PLANE_ANGLE_UNIT ( ) SI_UNIT ( $, .RADIAN. ) );
#3591 = ORIENTED_EDGE ( 'NONE', *, *, #4238, .F. ) ;
#3592 = LINE ( 'NONE', #4066, #3820 ) ;
#3593 = EDGE_CURVE ( 'NONE', #8473, #8693, #8034, .T. ) ;
#3594 = CARTESIAN_POINT ( 'NONE',  ( 0.2997638812703259936, 0.9606707625257403516, 0.001000000000003873225 ) ) ;
#3595 = SURFACE_SIDE_STYLE ('',( #2098 ) ) ;
#3596 = STYLED_ITEM ( 'NONE', ( #8674 ), #5537 ) ;
#3597 = CARTESIAN_POINT ( 'NONE',  ( 0.2829233446528621743, 1.129430940013286699, 0.001000000000004306906 ) ) ;
#3598 = CARTESIAN_POINT ( 'NONE',  ( -2.899999999999999911, 2.901710678118663456, 0.4010000000000110143 ) ) ;
#3599 = ORIENTED_EDGE ( 'NONE', *, *, #3340, .F. ) ;
#3600 = FILL_AREA_STYLE_COLOUR ( '', #3393 ) ;
#3601 = ORIENTED_EDGE ( 'NONE', *, *, #2750, .F. ) ;
#3602 = FILL_AREA_STYLE_COLOUR ( '', #7536 ) ;
#3603 = CARTESIAN_POINT ( 'NONE',  ( -0.6999999999999999556, 3.989578643762699883, 0.4010000000000153442 ) ) ;
#3604 = SURFACE_STYLE_FILL_AREA ( #2342 ) ;
#3605 = ADVANCED_FACE ( 'NONE', ( #2369 ), #2826, .F. ) ;
#3606 = ORIENTED_EDGE ( 'NONE', *, *, #8971, .T. ) ;
#3607 = VECTOR ( 'NONE', #7990, 1000.000000000000000 ) ;
#3608 = STYLED_ITEM ( 'NONE', ( #2809 ), #4991 ) ;
#3609 = B_SPLINE_CURVE_WITH_KNOTS ( 'NONE', 3,
 ( #399, #4946, #2609, #2576, #450, #2539, #1190, #2673, #8539, #9288, #329 ),
 .UNSPECIFIED., .F., .F.,
 ( 4, 1, 1, 1, 1, 1, 1, 1, 4 ),
 ( 0.0000000000000000000, 0.1352946047634291660, 0.2667656579247482673, 0.3948160188358730838, 0.5200516544342455028, 0.6421757029708217157, 0.7626518205584228438, 0.8818340043805041883, 1.000000000000000000 ),
 .UNSPECIFIED. ) ;
#3610 = ORIENTED_EDGE ( 'NONE', *, *, #9539, .F. ) ;
#3611 =( NAMED_UNIT ( * ) SI_UNIT ( $, .STERADIAN. ) SOLID_ANGLE_UNIT ( ) );
#3612 =( NAMED_UNIT ( * ) PLANE_ANGLE_UNIT ( ) SI_UNIT ( $, .RADIAN. ) );
#3613 = EDGE_CURVE ( 'NONE', #3523, #9659, #6401, .T. ) ;
#3614 = VECTOR ( 'NONE', #4435, 1000.000000000000000 ) ;
#3615 = DIRECTION ( 'NONE',  ( -8.673617379884042375E-16, -3.491481338843133355E-15, 1.000000000000000000 ) ) ;
#3616 = UNCERTAINTY_MEASURE_WITH_UNIT (LENGTH_MEASURE( 1.000000000000000082E-05 ), #5107, 'distance_accuracy_value', 'NONE');
#3617 = ORIENTED_EDGE ( 'NONE', *, *, #5868, .T. ) ;
#3618 = SURFACE_SIDE_STYLE ('',( #2108 ) ) ;
#3619 = MECHANICAL_DESIGN_GEOMETRIC_PRESENTATION_REPRESENTATION (  '', ( #1599 ), #6142 ) ;
#3620 = SURFACE_SIDE_STYLE ('',( #9170 ) ) ;
#3621 = CARTESIAN_POINT ( 'NONE',  ( 0.2997638812703259936, 0.9606707625257403516, 0.01100000000000390075 ) ) ;
#3622 = CARTESIAN_POINT ( 'NONE',  ( -2.899999999999999911, 3.331000000000003958, 1.401000000000011125 ) ) ;
#3623 = LINE ( 'NONE', #417, #3145 ) ;
#3624 = LINE ( 'NONE', #5071, #4040 ) ;
#3625 = EDGE_LOOP ( 'NONE', ( #2191, #7763, #9514, #1975, #4675, #1154, #3095, #7232 ) ) ;
#3626 = CARTESIAN_POINT ( 'NONE',  ( 0.2662926603155902905, 1.132060619239166677, 0.001000000000004306906 ) ) ;
#3627 =( NAMED_UNIT ( * ) SI_UNIT ( $, .STERADIAN. ) SOLID_ANGLE_UNIT ( ) );
#3628 = VERTEX_POINT ( 'NONE', #6676 ) ;
#3629 = DIRECTION ( 'NONE',  ( 0.0000000000000000000, -3.491481338843132961E-15, 1.000000000000000000 ) ) ;
#3630 = AXIS2_PLACEMENT_3D ( 'NONE', #6585, #2748, #4288 ) ;
#3631 = SURFACE_SIDE_STYLE ('',( #5304 ) ) ;
#3632 = ORIENTED_EDGE ( 'NONE', *, *, #593, .F. ) ;
#3633 = ORIENTED_EDGE ( 'NONE', *, *, #4478, .F. ) ;
#3634 = VERTEX_POINT ( 'NONE', #2148 ) ;
#3635 = DIRECTION ( 'NONE',  ( 1.000000000000000000, 0.0000000000000000000, 0.0000000000000000000 ) ) ;
#3636 = ORIENTED_EDGE ( 'NONE', *, *, #6660, .T. ) ;
#3637 = CARTESIAN_POINT ( 'NONE',  ( 0.2603900890540523649, 1.154134798561413433, 0.001000000000004306906 ) ) ;
#3638 = AXIS2_PLACEMENT_3D ( 'NONE', #6992, #5484, #2463 ) ;
#3639 = CARTESIAN_POINT ( 'NONE',  ( -0.6999999999999999556, 3.331000000000007955, 0.6010000000000131903 ) ) ;
#3640 =( NAMED_UNIT ( * ) PLANE_ANGLE_UNIT ( ) SI_UNIT ( $, .RADIAN. ) );
#3641 = SURFACE_SIDE_STYLE ('',( #5477 ) ) ;
#3642 = ORIENTED_EDGE ( 'NONE', *, *, #628, .F. ) ;
#3643 = AXIS2_PLACEMENT_3D ( 'NONE', #3927, #9168, #6209 ) ;
#3644 = ORIENTED_EDGE ( 'NONE', *, *, #4993, .F. ) ;
#3645 = EDGE_CURVE ( 'NONE', #4356, #7374, #8491, .T. ) ;
#3646 = DIRECTION ( 'NONE',  ( 0.0000000000000000000, -3.491481338843133355E-15, 1.000000000000000000 ) ) ;
#3647 = SURFACE_STYLE_FILL_AREA ( #1055 ) ;
#3648 = DIRECTION ( 'NONE',  ( -1.000000000000000000, -0.0000000000000000000, 0.0000000000000000000 ) ) ;
#3649 = DIRECTION ( 'NONE',  ( 0.0000000000000000000, 1.000000000000000000, 3.368276546515235160E-15 ) ) ;
#3650 = CARTESIAN_POINT ( 'NONE',  ( -3.958578643762689087, 0.9017106781186641218, 0.001000000000003005863 ) ) ;
#3651 = ORIENTED_EDGE ( 'NONE', *, *, #5170, .T. ) ;
#3652 = EDGE_CURVE ( 'NONE', #5314, #1965, #8149, .T. ) ;
#3653 = UNCERTAINTY_MEASURE_WITH_UNIT (LENGTH_MEASURE( 1.000000000000000082E-05 ), #9254, 'distance_accuracy_value', 'NONE');
#3654 =( GEOMETRIC_REPRESENTATION_CONTEXT ( 3 ) GLOBAL_UNCERTAINTY_ASSIGNED_CONTEXT ( ( #601 ) ) GLOBAL_UNIT_ASSIGNED_CONTEXT ( ( #121, #2236, #9044 ) ) REPRESENTATION_CONTEXT ( 'NONE', 'WORKASPACE' ) );
#3655 = CARTESIAN_POINT ( 'NONE',  ( 0.4696717017558120766, 0.9926186937829848400, 0.01100000000000389902 ) ) ;
#3656 = ORIENTED_EDGE ( 'NONE', *, *, #3137, .T. ) ;
#3657 = VECTOR ( 'NONE', #7759, 1000.000000000000000 ) ;
#3658 = CARTESIAN_POINT ( 'NONE',  ( 0.005419350084766471481, 1.127555041698318883, 0.001000000000004306906 ) ) ;
#3659 = CARTESIAN_POINT ( 'NONE',  ( -2.899999999999999911, -0.7589999999999896829, 0.01099999999999782749 ) ) ;
#3660 = FILL_AREA_STYLE_COLOUR ( '', #60 ) ;
#3661 = STYLED_ITEM ( 'NONE', ( #7488 ), #4347 ) ;
#3662 = CARTESIAN_POINT ( 'NONE',  ( -1.799999999999999822, -4.769000000000004569, 4.200999999999984524 ) ) ;
#3663 = DIRECTION ( 'NONE',  ( 0.3536223923290756632, -0.9353882635801357148, -3.265890666862925973E-15 ) ) ;
#3664 = ORIENTED_EDGE ( 'NONE', *, *, #1881, .T. ) ;
#3665 = CARTESIAN_POINT ( 'NONE',  ( -1.599999999999999201, -4.768999999999994799, 1.600999999999984214 ) ) ;
#3666 = ADVANCED_FACE ( 'NONE', ( #4873, #4743 ), #4608, .F. ) ;
#3667 = EDGE_CURVE ( 'NONE', #4457, #1515, #5451, .T. ) ;
#3668 = DIRECTION ( 'NONE',  ( 1.000000000000000000, 0.0000000000000000000, 0.0000000000000000000 ) ) ;
#3669 = VECTOR ( 'NONE', #8909, 1000.000000000000000 ) ;
#3670 = FACE_OUTER_BOUND ( 'NONE', #2451, .T. ) ;
#3671 = ORIENTED_EDGE ( 'NONE', *, *, #9301, .T. ) ;
#3672 = EDGE_CURVE ( 'NONE', #7603, #1691, #2837, .T. ) ;
#3673 = CARTESIAN_POINT ( 'NONE',  ( 0.3362601090539636961, 1.049196285048161759, 0.001000000000004306906 ) ) ;
#3674 = CARTESIAN_POINT ( 'NONE',  ( 0.4627357261460555704, 0.9926186937829852841, 0.001000000000003873225 ) ) ;
#3675 = EDGE_LOOP ( 'NONE', ( #6088, #5894, #9630, #5699 ) ) ;
#3676 = FACE_OUTER_BOUND ( 'NONE', #9522, .T. ) ;
#3677 = DIRECTION ( 'NONE',  ( 1.000000000000000000, 0.0000000000000000000, 0.0000000000000000000 ) ) ;
#3678 =( LENGTH_UNIT ( ) NAMED_UNIT ( * ) SI_UNIT ( .MILLI., .METRE. ) );
#3679 = DIRECTION ( 'NONE',  ( -2.465190328815661892E-32, -1.000000000000000000, -3.491481338843133355E-15 ) ) ;
#3680 = PRESENTATION_LAYER_ASSIGNMENT (  '', '', ( #791 ) ) ;
#3681 = PLANE ( 'NONE',  #4671 ) ;
#3682 = VERTEX_POINT ( 'NONE', #9079 ) ;
#3683 = VECTOR ( 'NONE', #5695, 1000.000000000000000 ) ;
#3684 = LINE ( 'NONE', #5280, #3087 ) ;
#3685 = CARTESIAN_POINT ( 'NONE',  ( 0.3559052451649729054, 1.011643291277799284, 0.01100000000000389902 ) ) ;
#3686 = MANIFOLD_SOLID_BREP ( '实体-移动/复制2[5]', #3035 ) ;
#3687 =( LENGTH_UNIT ( ) NAMED_UNIT ( * ) SI_UNIT ( .MILLI., .METRE. ) );
#3688 = FACE_OUTER_BOUND ( 'NONE', #2924, .T. ) ;
#3689 = DIRECTION ( 'NONE',  ( 0.0000000000000000000, 1.000000000000000000, 3.491481338843133355E-15 ) ) ;
#3690 = CARTESIAN_POINT ( 'NONE',  ( 0.5290085919997140618, 1.154204059636644075, 0.001000000000004306906 ) ) ;
#3691 = FILL_AREA_STYLE_COLOUR ( '', #562 ) ;
#3692 = AXIS2_PLACEMENT_3D ( 'NONE', #5985, #6900, #831 ) ;
#3693 = FILL_AREA_STYLE ('',( #6706 ) ) ;
#3694 = CARTESIAN_POINT ( 'NONE',  ( -2.900000000000000799, -0.7590000000000105551, 5.800999999999997492 ) ) ;
#3695 = CARTESIAN_POINT ( 'NONE',  ( 0.4627357261460555704, 0.9926186937829852841, 0.01100000000000389902 ) ) ;
#3696 = FILL_AREA_STYLE ('',( #5213 ) ) ;
#3697 = CARTESIAN_POINT ( 'NONE',  ( 0.4645194661770152833, 0.9864786689854054824, 0.01100000000000389902 ) ) ;
#3698 = PRESENTATION_STYLE_ASSIGNMENT (( #6521 ) ) ;
#3699 = MECHANICAL_DESIGN_GEOMETRIC_PRESENTATION_REPRESENTATION (  '', ( #8707 ), #1977 ) ;
#3700 = ADVANCED_FACE ( 'NONE', ( #2967 ), #5273, .T. ) ;
#3701 = PRESENTATION_LAYER_ASSIGNMENT (  '', '', ( #6715 ) ) ;
#3702 = MECHANICAL_DESIGN_GEOMETRIC_PRESENTATION_REPRESENTATION (  '', ( #4911 ), #7788 ) ;
#3703 = PLANE ( 'NONE',  #8275 ) ;
#3704 =( NAMED_UNIT ( * ) PLANE_ANGLE_UNIT ( ) SI_UNIT ( $, .RADIAN. ) );
#3705 = CARTESIAN_POINT ( 'NONE',  ( -3.799999999999996714, 2.901710678118663900, 0.2010000000000113363 ) ) ;
#3706 = DIRECTION ( 'NONE',  ( 1.000000000000000000, -5.348949800920537088E-31, 1.532000111646839560E-16 ) ) ;
#3707 = EDGE_CURVE ( 'NONE', #6539, #428, #5785, .T. ) ;
#3708 =( GEOMETRIC_REPRESENTATION_CONTEXT ( 3 ) GLOBAL_UNCERTAINTY_ASSIGNED_CONTEXT ( ( #8989 ) ) GLOBAL_UNIT_ASSIGNED_CONTEXT ( ( #7694, #4609, #6944 ) ) REPRESENTATION_CONTEXT ( 'NONE', 'WORKASPACE' ) );
#3709 = CARTESIAN_POINT ( 'NONE',  ( 0.3465039882390222870, 0.9949292027865482835, 0.01100000000000389902 ) ) ;
#3710 = DIRECTION ( 'NONE',  ( 0.0000000000000000000, -1.000000000000000000, -3.491481338843133355E-15 ) ) ;
#3711 = DIRECTION ( 'NONE',  ( 1.000000000000000000, -5.595468833802103278E-31, 1.532000111646839560E-16 ) ) ;
#3712 = AXIS2_PLACEMENT_3D ( 'NONE', #5626, #7886, #2011 ) ;
#3713 = ORIENTED_EDGE ( 'NONE', *, *, #3255, .T. ) ;
#3714 =( LENGTH_UNIT ( ) NAMED_UNIT ( * ) SI_UNIT ( .MILLI., .METRE. ) );
#3715 = CARTESIAN_POINT ( 'NONE',  ( 2.699999999999998845, -1.569000000000010386, 5.800999999999995715 ) ) ;
#3716 = VECTOR ( 'NONE', #7213, 1000.000000000000114 ) ;
#3717 = SURFACE_STYLE_FILL_AREA ( #3887 ) ;
#3718 = VERTEX_POINT ( 'NONE', #901 ) ;
#3719 = VERTEX_POINT ( 'NONE', #6942 ) ;
#3720 = EDGE_LOOP ( 'NONE', ( #4701, #5711, #1314, #7413 ) ) ;
#3721 = CIRCLE ( 'NONE', #575, 0.2000000000000000944 ) ;
#3722 = CARTESIAN_POINT ( 'NONE',  ( -2.900000000000000355, 0.2860000000000050280, 1.401000000000001355 ) ) ;
#3723 = DIRECTION ( 'NONE',  ( 1.495451272393799296E-16, 3.491481338843133355E-15, -1.000000000000000000 ) ) ;
#3724 = CARTESIAN_POINT ( 'NONE',  ( 0.4636914380591874441, 0.9897366312300797109, 0.001000000000003873225 ) ) ;
#3725 = ORIENTED_EDGE ( 'NONE', *, *, #3525, .T. ) ;
#3726 = EDGE_LOOP ( 'NONE', ( #2293, #3617, #4072, #9349 ) ) ;
#3727 = MECHANICAL_DESIGN_GEOMETRIC_PRESENTATION_REPRESENTATION (  '', ( #371 ), #6691 ) ;
#3728 = PRESENTATION_STYLE_ASSIGNMENT (( #1420 ) ) ;
#3729 = B_SPLINE_CURVE_WITH_KNOTS ( 'NONE', 3,
 ( #1618, #6945, #4682, #9154, #8413, #174, #5439, #5405, #904, #9058, #9081 ),
 .UNSPECIFIED., .F., .F.,
 ( 4, 1, 1, 1, 1, 1, 1, 1, 4 ),
 ( 0.0000000000000000000, 0.1451868664724690616, 0.2834426109197292210, 0.4165243659288278000, 0.5431811235350814115, 0.6651530826377132222, 0.7813602063127137454, 0.8927566556418080612, 1.000000000000000000 ),
 .UNSPECIFIED. ) ;
#3730 = VECTOR ( 'NONE', #2600, 1000.000000000000000 ) ;
#3731 = CARTESIAN_POINT ( 'NONE',  ( 0.2750427017284273190, 0.9772190802700233547, 0.001000000000003873225 ) ) ;
#3732 = FILL_AREA_STYLE ('',( #851 ) ) ;
#3733 = CARTESIAN_POINT ( 'NONE',  ( -0.1281310457875163844, 1.024776362188159817, 0.01100000000000389902 ) ) ;
#3734 = ORIENTED_EDGE ( 'NONE', *, *, #2116, .T. ) ;
#3735 = ORIENTED_EDGE ( 'NONE', *, *, #3707, .F. ) ;
#3736 = SURFACE_STYLE_USAGE ( .BOTH. , #758 ) ;
#3737 = CARTESIAN_POINT ( 'NONE',  ( 2.899999999999999911, 2.301710678118662923, 0.4010000000000088494 ) ) ;
#3738 =( BOUNDED_CURVE ( )  B_SPLINE_CURVE ( 3, ( #4117, #8626, #4145, #4179 ),
 .UNSPECIFIED., .F., .F. ) 
 B_SPLINE_CURVE_WITH_KNOTS ( ( 4, 4 ),
 ( -8.881784197001252323E-16, 1.570796326794899445 ),
 .UNSPECIFIED. ) 
 CURVE ( )  GEOMETRIC_REPRESENTATION_ITEM ( )  RATIONAL_B_SPLINE_CURVE ( ( 1.000000000000000000, 0.8047378541243640493, 0.8047378541243640493, 1.000000000000000000 ) ) 
 REPRESENTATION_ITEM ( '' )  );
#3739 = VECTOR ( 'NONE', #1395, 1000.000000000000000 ) ;
#3740 = CARTESIAN_POINT ( 'NONE',  ( 1.299999999999999378, 3.989578643762699883, 0.4010000000000149001 ) ) ;
#3741 =( GEOMETRIC_REPRESENTATION_CONTEXT ( 3 ) GLOBAL_UNCERTAINTY_ASSIGNED_CONTEXT ( ( #8770 ) ) GLOBAL_UNIT_ASSIGNED_CONTEXT ( ( #6384, #1917, #8593 ) ) REPRESENTATION_CONTEXT ( 'NONE', 'WORKASPACE' ) );
#3742 = ORIENTED_EDGE ( 'NONE', *, *, #6245, .T. ) ;
#3743 = ADVANCED_FACE ( 'NONE', ( #6390, #48 ), #3305, .F. ) ;
#3744 = CARTESIAN_POINT ( 'NONE',  ( 0.3093698722766337061, 0.9906979784783396248, 0.01100000000000389902 ) ) ;
#3745 =( LENGTH_UNIT ( ) NAMED_UNIT ( * ) SI_UNIT ( .MILLI., .METRE. ) );
#3746 = ORIENTED_EDGE ( 'NONE', *, *, #7144, .T. ) ;
#3747 = VECTOR ( 'NONE', #1019, 1000.000000000000000 ) ;
#3748 = ORIENTED_EDGE ( 'NONE', *, *, #9375, .F. ) ;
#3749 = EDGE_LOOP ( 'NONE', ( #3025, #3337, #5545, #2102, #9133, #6803, #8231, #2535, #8560, #8804, #8896, #610, #1058, #7269, #9338, #857 ) ) ;
#3750 = ORIENTED_EDGE ( 'NONE', *, *, #644, .F. ) ;
#3751 = DIRECTION ( 'NONE',  ( 0.0000000000000000000, 1.000000000000000000, 3.491481338843133355E-15 ) ) ;
#3752 = CARTESIAN_POINT ( 'NONE',  ( -0.03273329256830981998, 0.9737745219757900639, 0.01100000000000389902 ) ) ;
#3753 =( NAMED_UNIT ( * ) SI_UNIT ( $, .STERADIAN. ) SOLID_ANGLE_UNIT ( ) );
#3754 = ADVANCED_FACE ( 'NONE', ( #2356 ), #4502, .T. ) ;
#3755 =( GEOMETRIC_REPRESENTATION_CONTEXT ( 3 ) GLOBAL_UNCERTAINTY_ASSIGNED_CONTEXT ( ( #341 ) ) GLOBAL_UNIT_ASSIGNED_CONTEXT ( ( #1574, #3099, #6841 ) ) REPRESENTATION_CONTEXT ( 'NONE', 'WORKASPACE' ) );
#3756 = DIRECTION ( 'NONE',  ( 0.0000000000000000000, 1.000000000000000000, 3.491481338843133355E-15 ) ) ;
#3757 = ORIENTED_EDGE ( 'NONE', *, *, #3476, .T. ) ;
#3758 = VECTOR ( 'NONE', #2615, 1000.000000000000000 ) ;
#3759 = CARTESIAN_POINT ( 'NONE',  ( 4.041421356237308693, 0.9017106781186636777, 0.2010000000000035369 ) ) ;
#3760 = DIRECTION ( 'NONE',  ( 0.0000000000000000000, -3.491481338843133355E-15, 1.000000000000000000 ) ) ;
#3761 = AXIS2_PLACEMENT_3D ( 'NONE', #2777, #9622, #4250 ) ;
#3762 = VERTEX_POINT ( 'NONE', #9227 ) ;
#3763 = DIRECTION ( 'NONE',  ( -0.7071067811865490160, -2.468850131082260216E-15, 0.7071067811865460184 ) ) ;
#3764 = MECHANICAL_DESIGN_GEOMETRIC_PRESENTATION_REPRESENTATION (  '', ( #6784 ), #7798 ) ;
#3765 = EDGE_CURVE ( 'NONE', #3994, #2793, #176, .T. ) ;
#3766 = EDGE_LOOP ( 'NONE', ( #3227, #1161, #5886, #6276 ) ) ;
#3767 = UNCERTAINTY_MEASURE_WITH_UNIT (LENGTH_MEASURE( 1.000000000000000082E-05 ), #4314, 'distance_accuracy_value', 'NONE');
#3768 = VECTOR ( 'NONE', #826, 1000.000000000000000 ) ;
#3769 = PRODUCT_DEFINITION_CONTEXT ( 'detailed design', #356, 'design' ) ;
#3770 = CARTESIAN_POINT ( 'NONE',  ( -2.899999999999999911, 3.111000000000004206, 1.421000000000011365 ) ) ;
#3771 = ORIENTED_EDGE ( 'NONE', *, *, #4978, .F. ) ;
#3772 = DIRECTION ( 'NONE',  ( 1.000000000000000000, -5.221340210712169984E-31, 1.495451272393799296E-16 ) ) ;
#3773 = CARTESIAN_POINT ( 'NONE',  ( 0.3591602428548397730, 1.020863463761995771, 0.01100000000000390075 ) ) ;
#3774 = DIRECTION ( 'NONE',  ( -0.0000000000000000000, 3.491481338843133355E-15, -1.000000000000000000 ) ) ;
#3775 = EDGE_CURVE ( 'NONE', #6480, #5042, #2957, .T. ) ;
#3776 = AXIS2_PLACEMENT_3D ( 'NONE', #3354, #2577, #3330 ) ;
#3777 = EDGE_CURVE ( 'NONE', #2165, #5971, #2461, .T. ) ;
#3778 = CARTESIAN_POINT ( 'NONE',  ( 2.700000000000000178, -0.7589999999999966773, 1.900999999999998025 ) ) ;
#3779 = EDGE_LOOP ( 'NONE', ( #620, #7646, #4463, #7394, #1143, #1078, #860, #3748 ) ) ;
#3780 = FACE_OUTER_BOUND ( 'NONE', #359, .T. ) ;
#3781 = VECTOR ( 'NONE', #1339, 1000.000000000000114 ) ;
#3782 = ORIENTED_EDGE ( 'NONE', *, *, #4423, .F. ) ;
#3783 = DIRECTION ( 'NONE',  ( -1.000000000000000000, 9.869980403415649600E-31, -2.930276141852714940E-16 ) ) ;
#3784 = CARTESIAN_POINT ( 'NONE',  ( -0.06023468116072546591, 0.9791460938802848402, 0.01100000000000389902 ) ) ;
#3785 =( GEOMETRIC_REPRESENTATION_CONTEXT ( 3 ) GLOBAL_UNCERTAINTY_ASSIGNED_CONTEXT ( ( #5563 ) ) GLOBAL_UNIT_ASSIGNED_CONTEXT ( ( #5106, #7347, #9689 ) ) REPRESENTATION_CONTEXT ( 'NONE', 'WORKASPACE' ) );
#3786 =( NAMED_UNIT ( * ) SI_UNIT ( $, .STERADIAN. ) SOLID_ANGLE_UNIT ( ) );
#3787 = EDGE_CURVE ( 'NONE', #6296, #4579, #1785, .T. ) ;
#3788 = CARTESIAN_POINT ( 'NONE',  ( -2.699999999999999734, 1.331000000000004846, 1.401000000000005574 ) ) ;
#3789 = ADVANCED_FACE ( 'NONE', ( #1997 ), #3262, .F. ) ;
#3790 = STYLED_ITEM ( 'NONE', ( #5660 ), #6607 ) ;
#3791 = EDGE_LOOP ( 'NONE', ( #7143, #4233, #7983 ) ) ;
#3792 = SURFACE_SIDE_STYLE ('',( #8926 ) ) ;
#3793 = VECTOR ( 'NONE', #3811, 1000.000000000000000 ) ;
#3794 = CARTESIAN_POINT ( 'NONE',  ( 0.01503739292294289411, 0.9854890982090792617, 0.01100000000000389902 ) ) ;
#3795 = LINE ( 'NONE', #4129, #8155 ) ;
#3796 =( LENGTH_UNIT ( ) NAMED_UNIT ( * ) SI_UNIT ( .MILLI., .METRE. ) );
#3797 = UNCERTAINTY_MEASURE_WITH_UNIT (LENGTH_MEASURE( 1.000000000000000082E-05 ), #5896, 'distance_accuracy_value', 'NONE');
#3798 =( GEOMETRIC_REPRESENTATION_CONTEXT ( 3 ) GLOBAL_UNCERTAINTY_ASSIGNED_CONTEXT ( ( #8438 ) ) GLOBAL_UNIT_ASSIGNED_CONTEXT ( ( #3687, #9616, #5199 ) ) REPRESENTATION_CONTEXT ( 'NONE', 'WORKASPACE' ) );
#3799 = CARTESIAN_POINT ( 'NONE',  ( 0.3363256651704459310, 1.052260462075668368, 0.001000000000004306906 ) ) ;
#3800 = SURFACE_STYLE_FILL_AREA ( #8342 ) ;
#3801 = LINE ( 'NONE', #513, #5069 ) ;
#3802 = UNCERTAINTY_MEASURE_WITH_UNIT (LENGTH_MEASURE( 1.000000000000000082E-05 ), #1175, 'distance_accuracy_value', 'NONE');
#3803 = LINE ( 'NONE', #6773, #9679 ) ;
#3804 = CARTESIAN_POINT ( 'NONE',  ( -2.899999999999999911, 2.901710678118662567, 0.6010000000000110809 ) ) ;
#3805 = FACE_OUTER_BOUND ( 'NONE', #9651, .T. ) ;
#3806 = DIRECTION ( 'NONE',  ( 0.0000000000000000000, 1.000000000000000000, 3.491481338843133355E-15 ) ) ;
#3807 = DIRECTION ( 'NONE',  ( -1.000000000000000000, -2.465190328815661892E-32, -8.607166029756451331E-47 ) ) ;
#3808 =( NAMED_UNIT ( * ) PLANE_ANGLE_UNIT ( ) SI_UNIT ( $, .RADIAN. ) );
#3809 =( NAMED_UNIT ( * ) PLANE_ANGLE_UNIT ( ) SI_UNIT ( $, .RADIAN. ) );
#3810 = CARTESIAN_POINT ( 'NONE',  ( 0.3559052451649729054, 1.011643291277799284, 0.001000000000003873225 ) ) ;
#3811 = DIRECTION ( 'NONE',  ( 1.000000000000000000, 0.0000000000000000000, 0.0000000000000000000 ) ) ;
#3812 = CARTESIAN_POINT ( 'NONE',  ( 2.700000000000000178, 1.331000000000003292, 1.901000000000004908 ) ) ;
#3813 = CYLINDRICAL_SURFACE ( 'NONE', #4257, 0.2000000000000000944 ) ;
#3814 = SURFACE_STYLE_FILL_AREA ( #8950 ) ;
#3815 = CARTESIAN_POINT ( 'NONE',  ( -1.799999999999999378, -4.568999999999993733, 1.400999999999984702 ) ) ;
#3816 = CARTESIAN_POINT ( 'NONE',  ( -0.1039835118711591871, 1.038445951998076877, 0.01100000000000433270 ) ) ;
#3817 = PRESENTATION_STYLE_ASSIGNMENT (( #4854 ) ) ;
#3818 =( NAMED_UNIT ( * ) SI_UNIT ( $, .STERADIAN. ) SOLID_ANGLE_UNIT ( ) );
#3819 = LINE ( 'NONE', #7667, #6529 ) ;
#3820 = VECTOR ( 'NONE', #4735, 1000.000000000000000 ) ;
#3821 = PRESENTATION_LAYER_ASSIGNMENT (  '', '', ( #1804 ) ) ;
#3822 = SURFACE_STYLE_FILL_AREA ( #7127 ) ;
#3823 = STYLED_ITEM ( 'NONE', ( #5366 ), #3073 ) ;
#3824 = EDGE_CURVE ( 'NONE', #6242, #9595, #6836, .T. ) ;
#3825 =( NAMED_UNIT ( * ) PLANE_ANGLE_UNIT ( ) SI_UNIT ( $, .RADIAN. ) );
#3826 = LINE ( 'NONE', #4426, #7228 ) ;
#3827 = ORIENTED_EDGE ( 'NONE', *, *, #3835, .T. ) ;
#3828 = DIRECTION ( 'NONE',  ( 1.000000000000000000, 0.0000000000000000000, 0.0000000000000000000 ) ) ;
#3829 = SURFACE_SIDE_STYLE ('',( #9314 ) ) ;
#3830 = ORIENTED_EDGE ( 'NONE', *, *, #3905, .T. ) ;
#3831 = CARTESIAN_POINT ( 'NONE',  ( -2.720000000000000639, 1.350999999999994650, 4.381000000000005556 ) ) ;
#3832 = DIRECTION ( 'NONE',  ( 0.09525861801280718910, 0.9954525582338367151, 3.475604030777098573E-15 ) ) ;
#3833 = EDGE_CURVE ( 'NONE', #5058, #2656, #8253, .T. ) ;
#3834 = STYLED_ITEM ( 'NONE', ( #8137 ), #9448 ) ;
#3835 = EDGE_CURVE ( 'NONE', #6961, #3634, #5777, .T. ) ;
#3836 = CARTESIAN_POINT ( 'NONE',  ( -2.899999999999999911, 3.331000000000004846, 1.401000000000011791 ) ) ;
#3837 = CARTESIAN_POINT ( 'NONE',  ( -2.900000000000000799, 1.330999999999994410, 4.401000000000006018 ) ) ;
#3838 = CARTESIAN_POINT ( 'NONE',  ( -3.799999999999996714, 0.9017106781186641218, 0.001000000000003873225 ) ) ;
#3839 = VERTEX_POINT ( 'NONE', #5503 ) ;
#3840 = SURFACE_STYLE_FILL_AREA ( #4630 ) ;
#3841 = VECTOR ( 'NONE', #605, 1000.000000000000000 ) ;
#3842 = ADVANCED_FACE ( 'NONE', ( #6718 ), #1835, .F. ) ;
#3843 = FILL_AREA_STYLE_COLOUR ( '', #5476 ) ;
#3844 = CARTESIAN_POINT ( 'NONE',  ( 0.3281040066410918499, 1.012197495354782539, 0.01100000000000389902 ) ) ;
#3845 = SURFACE_STYLE_FILL_AREA ( #7280 ) ;
#3846 = EDGE_CURVE ( 'NONE', #4909, #3952, #4644, .T. ) ;
#3847 = CARTESIAN_POINT ( 'NONE',  ( 0.08266712858508006023, 1.132252840124448934, 0.001000000000004306906 ) ) ;
#3848 = CARTESIAN_POINT ( 'NONE',  ( 2.899999999999999911, 3.331000000000003958, 1.401000000000011125 ) ) ;
#3849 = AXIS2_PLACEMENT_3D ( 'NONE', #7565, #6068, #4522 ) ;
#3850 = CARTESIAN_POINT ( 'NONE',  ( -2.899999999999999911, 1.351000000000004864, 1.421000000000005592 ) ) ;
#3851 = CARTESIAN_POINT ( 'NONE',  ( 0.3517173643660215232, 1.102670113135681529, 0.001000000000004306906 ) ) ;
#3852 = DIRECTION ( 'NONE',  ( 0.0000000000000000000, -1.000000000000000000, -3.491481338843133355E-15 ) ) ;
#3853 = ADVANCED_FACE ( 'NONE', ( #3935 ), #7921, .F. ) ;
#3854 = PRESENTATION_STYLE_ASSIGNMENT (( #3207 ) ) ;
#3855 = VECTOR ( 'NONE', #3974, 1000.000000000000000 ) ;
#3856 = CARTESIAN_POINT ( 'NONE',  ( -0.1066097212569555308, 1.129691589581832467, 0.01100000000000433270 ) ) ;
#3857 =( GEOMETRIC_REPRESENTATION_CONTEXT ( 3 ) GLOBAL_UNCERTAINTY_ASSIGNED_CONTEXT ( ( #4838 ) ) GLOBAL_UNIT_ASSIGNED_CONTEXT ( ( #8318, #6093, #5373 ) ) REPRESENTATION_CONTEXT ( 'NONE', 'WORKASPACE' ) );
#3858 = FILL_AREA_STYLE ('',( #1592 ) ) ;
#3859 = ORIENTED_EDGE ( 'NONE', *, *, #6984, .F. ) ;
#3860 = DIRECTION ( 'NONE',  ( 0.0000000000000000000, 0.7071067811865462405, 0.7071067811865489050 ) ) ;
#3861 = CARTESIAN_POINT ( 'NONE',  ( 0.4681058457567312536, 0.9868554126602115950, 0.01100000000000389902 ) ) ;
#3862 = DIRECTION ( 'NONE',  ( -0.0000000000000000000, 1.000000000000000000, 3.491481338843133355E-15 ) ) ;
#3863 = VERTEX_POINT ( 'NONE', #8628 ) ;
#3864 = STYLED_ITEM ( 'NONE', ( #5112 ), #7189 ) ;
#3865 = CARTESIAN_POINT ( 'NONE',  ( 0.3334802748478690182, 1.026548112706091809, 0.01100000000000389902 ) ) ;
#3866 = VERTEX_POINT ( 'NONE', #6423 ) ;
#3867 = ORIENTED_EDGE ( 'NONE', *, *, #7883, .F. ) ;
#3868 = ORIENTED_EDGE ( 'NONE', *, *, #7310, .T. ) ;
#3869 = SURFACE_STYLE_USAGE ( .BOTH. , #157 ) ;
#3870 = VECTOR ( 'NONE', #5600, 999.9999999999998863 ) ;
#3871 = AXIS2_PLACEMENT_3D ( 'NONE', #4442, #8883, #766 ) ;
#3872 =( NAMED_UNIT ( * ) SI_UNIT ( $, .STERADIAN. ) SOLID_ANGLE_UNIT ( ) );
#3873 = ORIENTED_EDGE ( 'NONE', *, *, #574, .T. ) ;
#3874 = DIRECTION ( 'NONE',  ( 0.0000000000000000000, -3.491481338843133355E-15, 1.000000000000000000 ) ) ;
#3875 = SURFACE_STYLE_USAGE ( .BOTH. , #8379 ) ;
#3876 = DIRECTION ( 'NONE',  ( 0.0000000000000000000, 1.000000000000000000, 3.491481338843133355E-15 ) ) ;
#3877 = ORIENTED_EDGE ( 'NONE', *, *, #9250, .T. ) ;
#3878 = ORIENTED_EDGE ( 'NONE', *, *, #4088, .F. ) ;
#3879 = DIRECTION ( 'NONE',  ( 0.0000000000000000000, -3.491481338843133355E-15, 1.000000000000000000 ) ) ;
#3880 = LINE ( 'NONE', #6251, #385 ) ;
#3881 = FACE_OUTER_BOUND ( 'NONE', #6110, .T. ) ;
#3882 = CARTESIAN_POINT ( 'NONE',  ( 0.3363256651704459310, 1.052260462075668368, 0.001000000000004306906 ) ) ;
#3883 = DIRECTION ( 'NONE',  ( 0.0000000000000000000, -3.491481338843133355E-15, 1.000000000000000000 ) ) ;
#3884 = CARTESIAN_POINT ( 'NONE',  ( -2.899999999999999911, -0.7589999999999896829, 0.01099999999999782749 ) ) ;
#3885 = CARTESIAN_POINT ( 'NONE',  ( 0.3591585339600882332, 1.083916821098035888, 0.001000000000004306906 ) ) ;
#3886 = VERTEX_POINT ( 'NONE', #4916 ) ;
#3887 = FILL_AREA_STYLE ('',( #689 ) ) ;
#3888 = PRESENTATION_LAYER_ASSIGNMENT (  '', '', ( #3382 ) ) ;
#3889 = CARTESIAN_POINT ( 'NONE',  ( -0.08496206222803158459, 1.146250782943362134, 0.01100000000000433270 ) ) ;
#3890 = VECTOR ( 'NONE', #6045, 1000.000000000000000 ) ;
#3891 = LINE ( 'NONE', #9341, #1887 ) ;
#3892 = CARTESIAN_POINT ( 'NONE',  ( -2.700000000000000622, -1.569000000000009720, 5.600999999999994650 ) ) ;
#3893 = ORIENTED_EDGE ( 'NONE', *, *, #7168, .T. ) ;
#3894 = ADVANCED_FACE ( 'NONE', ( #5818 ), #3422, .T. ) ;
#3895 = LINE ( 'NONE', #2470, #500 ) ;
#3896 = CARTESIAN_POINT ( 'NONE',  ( -0.6999999999999999556, 4.231000000000008754, 0.2010000000000161102 ) ) ;
#3897 = VERTEX_POINT ( 'NONE', #4820 ) ;
#3898 =( LENGTH_UNIT ( ) NAMED_UNIT ( * ) SI_UNIT ( .MILLI., .METRE. ) );
#3899 = STYLED_ITEM ( 'NONE', ( #9561 ), #8478 ) ;
#3900 = CARTESIAN_POINT ( 'NONE',  ( -2.899999999999999911, 1.098106498661034047, 0.01100000000000433270 ) ) ;
#3901 = CARTESIAN_POINT ( 'NONE',  ( -2.699999999999999734, 3.331000000000004846, 1.401000000000011791 ) ) ;
#3902 = CARTESIAN_POINT ( 'NONE',  ( 0.2900463511041491138, 0.9807911111707410257, 0.001000000000003873225 ) ) ;
#3903 = ORIENTED_EDGE ( 'NONE', *, *, #145, .T. ) ;
#3904 = PRESENTATION_LAYER_ASSIGNMENT (  '', '', ( #3398 ) ) ;
#3905 = EDGE_CURVE ( 'NONE', #8195, #3465, #3609, .T. ) ;
#3906 = ADVANCED_FACE ( 'NONE', ( #784 ), #1598, .F. ) ;
#3907 = EDGE_LOOP ( 'NONE', ( #3877, #9153, #5338 ) ) ;
#3908 = CARTESIAN_POINT ( 'NONE',  ( 2.700000000000000178, 3.330999999999999961, 2.901000000000012236 ) ) ;
#3909 =( NAMED_UNIT ( * ) PLANE_ANGLE_UNIT ( ) SI_UNIT ( $, .RADIAN. ) );
#3910 = CARTESIAN_POINT ( 'NONE',  ( -2.900000000000000355, 0.2859999999999963127, 3.901000000000001577 ) ) ;
#3911 = CARTESIAN_POINT ( 'NONE',  ( -0.1319670177563833924, 1.057976925490301534, 0.001000000000004306906 ) ) ;
#3912 =( GEOMETRIC_REPRESENTATION_CONTEXT ( 3 ) GLOBAL_UNCERTAINTY_ASSIGNED_CONTEXT ( ( #6295 ) ) GLOBAL_UNIT_ASSIGNED_CONTEXT ( ( #3990, #3236, #6908 ) ) REPRESENTATION_CONTEXT ( 'NONE', 'WORKASPACE' ) );
#3913 = EDGE_CURVE ( 'NONE', #2348, #336, #6536, .T. ) ;
#3914 = UNCERTAINTY_MEASURE_WITH_UNIT (LENGTH_MEASURE( 1.000000000000000082E-05 ), #3349, 'distance_accuracy_value', 'NONE');
#3915 = FACE_OUTER_BOUND ( 'NONE', #3173, .T. ) ;
#3916 = CARTESIAN_POINT ( 'NONE',  ( -1.799999999999999822, -1.769000000000005013, 4.400999999999995360 ) ) ;
#3917 = DIRECTION ( 'NONE',  ( 0.0000000000000000000, -3.491481338843133355E-15, 1.000000000000000000 ) ) ;
#3918 = SURFACE_SIDE_STYLE ('',( #2827 ) ) ;
#3919 = PRESENTATION_LAYER_ASSIGNMENT (  '', '', ( #8677 ) ) ;
#3920 = SURFACE_SIDE_STYLE ('',( #3717 ) ) ;
#3921 = SURFACE_STYLE_FILL_AREA ( #1895 ) ;
#3922 = EDGE_CURVE ( 'NONE', #4606, #2550, #8979, .T. ) ;
#3923 = STYLED_ITEM ( 'NONE', ( #7745 ), #7010 ) ;
#3924 = CARTESIAN_POINT ( 'NONE',  ( 0.001417314545994351974, 0.9547689439688084034, 0.001000000000003873225 ) ) ;
#3925 = ORIENTED_EDGE ( 'NONE', *, *, #1890, .F. ) ;
#3926 = SURFACE_SIDE_STYLE ('',( #4777 ) ) ;
#3927 = CARTESIAN_POINT ( 'NONE',  ( 3.529289321881345032, 0.9017106781186619013, 0.7131320343559683916 ) ) ;
#3928 = FILL_AREA_STYLE_COLOUR ( '', #2892 ) ;
#3929 = MECHANICAL_DESIGN_GEOMETRIC_PRESENTATION_REPRESENTATION (  '', ( #3429 ), #1232 ) ;
#3930 = DIRECTION ( 'NONE',  ( 0.0000000000000000000, -3.491481338843133355E-15, 1.000000000000000000 ) ) ;
#3931 = SURFACE_STYLE_USAGE ( .BOTH. , #6788 ) ;
#3932 =( NAMED_UNIT ( * ) SI_UNIT ( $, .STERADIAN. ) SOLID_ANGLE_UNIT ( ) );
#3933 = CARTESIAN_POINT ( 'NONE',  ( 0.2748599716244910507, 1.131051458916579655, 0.01100000000000433270 ) ) ;
#3934 = VECTOR ( 'NONE', #4525, 1000.000000000000000 ) ;
#3935 = FACE_OUTER_BOUND ( 'NONE', #6883, .T. ) ;
#3936 = FILL_AREA_STYLE ('',( #9141 ) ) ;
#3937 = ADVANCED_FACE ( 'NONE', ( #4192 ), #220, .T. ) ;
#3938 =( NAMED_UNIT ( * ) SI_UNIT ( $, .STERADIAN. ) SOLID_ANGLE_UNIT ( ) );
#3939 = PLANE ( 'NONE',  #945 ) ;
#3940 = CARTESIAN_POINT ( 'NONE',  ( 0.3777890798045921983, 1.154204059636644075, 0.001000000000004306906 ) ) ;
#3941 = STYLED_ITEM ( 'NONE', ( #3228 ), #388 ) ;
#3942 = VECTOR ( 'NONE', #4494, 1000.000000000000000 ) ;
#3943 = CARTESIAN_POINT ( 'NONE',  ( 1.600000000000000533, -4.768999999999996575, 1.900999999999984036 ) ) ;
#3944 = DIRECTION ( 'NONE',  ( -0.0000000000000000000, 1.000000000000000000, 3.491481338843133355E-15 ) ) ;
#3945 = ORIENTED_EDGE ( 'NONE', *, *, #2629, .F. ) ;
#3946 = PLANE ( 'NONE',  #519 ) ;
#3947 = SURFACE_STYLE_USAGE ( .BOTH. , #6807 ) ;
#3948 = ADVANCED_FACE ( 'NONE', ( #2733 ), #6512, .F. ) ;
#3949 = ORIENTED_EDGE ( 'NONE', *, *, #7362, .T. ) ;
#3950 =( GEOMETRIC_REPRESENTATION_CONTEXT ( 3 ) GLOBAL_UNCERTAINTY_ASSIGNED_CONTEXT ( ( #2724 ) ) GLOBAL_UNIT_ASSIGNED_CONTEXT ( ( #6729, #1449, #6666 ) ) REPRESENTATION_CONTEXT ( 'NONE', 'WORKASPACE' ) );
#3951 = CARTESIAN_POINT ( 'NONE',  ( 1.299999999999999378, 4.231000000000008754, 0.2010000000000152498 ) ) ;
#3952 = VERTEX_POINT ( 'NONE', #9482 ) ;
#3954 = AXIS2_PLACEMENT_3D ( 'NONE', #1331, #8742, #5035 ) ;
#3953 = CIRCLE ( 'NONE', #6655, 0.2000000000000000944 ) ;
#3955 = DIRECTION ( 'NONE',  ( 0.0000000000000000000, -3.491481338843133355E-15, 1.000000000000000000 ) ) ;
#3956 = EDGE_CURVE ( 'NONE', #7247, #6193, #2157, .T. ) ;
#3957 = CARTESIAN_POINT ( 'NONE',  ( 2.900000000000000355, 0.2860000000000032516, 1.901000000000001355 ) ) ;
#3958 = DIRECTION ( 'NONE',  ( 0.0000000000000000000, 1.000000000000000000, 3.491481338843133355E-15 ) ) ;
#3959 = ORIENTED_EDGE ( 'NONE', *, *, #7097, .T. ) ;
#3960 = FACE_OUTER_BOUND ( 'NONE', #9465, .T. ) ;
#3961 = PRESENTATION_LAYER_ASSIGNMENT (  '', '', ( #2619 ) ) ;
#3962 = EDGE_CURVE ( 'NONE', #6602, #9262, #1718, .T. ) ;
#3963 = SURFACE_STYLE_USAGE ( .BOTH. , #5554 ) ;
#3964 = DIRECTION ( 'NONE',  ( 0.0000000000000000000, 3.344967531750497386E-15, -1.000000000000000000 ) ) ;
#3965 = VECTOR ( 'NONE', #8157, 1000.000000000000000 ) ;
#3966 = VERTEX_POINT ( 'NONE', #544 ) ;
#3967 = ORIENTED_EDGE ( 'NONE', *, *, #1342, .T. ) ;
#3968 =( NAMED_UNIT ( * ) PLANE_ANGLE_UNIT ( ) SI_UNIT ( $, .RADIAN. ) );
#3969 = CARTESIAN_POINT ( 'NONE',  ( -0.08802039040033915462, 0.9680553751334475265, 0.01100000000000389902 ) ) ;
#3970 = CARTESIAN_POINT ( 'NONE',  ( 2.899999999999999911, -0.7689999999999893587, 0.0009999999999978016925 ) ) ;
#3971 =( LENGTH_UNIT ( ) NAMED_UNIT ( * ) SI_UNIT ( .MILLI., .METRE. ) );
#3972 = COLOUR_RGB ( '',0.7764705882352941346, 0.7568627450980391913, 0.7372549019607843590 ) ;
#3973 = STYLED_ITEM ( 'NONE', ( #1417 ), #5289 ) ;
#3974 = DIRECTION ( 'NONE',  ( -1.445602896647339163E-16, -3.491481338843133355E-15, 1.000000000000000000 ) ) ;
#3975 = EDGE_CURVE ( 'NONE', #5058, #9160, #8059, .T. ) ;
#3976 = VERTEX_POINT ( 'NONE', #1354 ) ;
#3977 = ORIENTED_EDGE ( 'NONE', *, *, #5741, .T. ) ;
#3978 = DIRECTION ( 'NONE',  ( 0.0000000000000000000, 1.000000000000000000, 3.491481338843133355E-15 ) ) ;
#3979 = ORIENTED_EDGE ( 'NONE', *, *, #7975, .T. ) ;
#3980 = EDGE_CURVE ( 'NONE', #6916, #6961, #6196, .T. ) ;
#3981 = CARTESIAN_POINT ( 'NONE',  ( -2.900000000000000799, -1.569000000000009720, 5.600999999999994650 ) ) ;
#3982 = VECTOR ( 'NONE', #1251, 1000.000000000000000 ) ;
#3983 = CARTESIAN_POINT ( 'NONE',  ( -2.900000000000000799, -1.769000000000009232, 5.600999999999993761 ) ) ;
#3984 = AXIS2_PLACEMENT_3D ( 'NONE', #5996, #1360, #8859 ) ;
#3985 = DIRECTION ( 'NONE',  ( 0.0000000000000000000, 0.7071067811865489050, -0.7071067811865462405 ) ) ;
#3986 = SURFACE_SIDE_STYLE ('',( #529 ) ) ;
#3987 =( NAMED_UNIT ( * ) SI_UNIT ( $, .STERADIAN. ) SOLID_ANGLE_UNIT ( ) );
#3988 = CARTESIAN_POINT ( 'NONE',  ( -0.07307343205382983709, 0.9862136614117462674, 0.001000000000003873225 ) ) ;
#3989 = ORIENTED_EDGE ( 'NONE', *, *, #4589, .T. ) ;
#3990 =( LENGTH_UNIT ( ) NAMED_UNIT ( * ) SI_UNIT ( .MILLI., .METRE. ) );
#3991 = ORIENTED_EDGE ( 'NONE', *, *, #9375, .T. ) ;
#3992 = AXIS2_PLACEMENT_3D ( 'NONE', #7057, #2798, #5934 ) ;
#3993 = ORIENTED_EDGE ( 'NONE', *, *, #302, .F. ) ;
#3994 = VERTEX_POINT ( 'NONE', #4275 ) ;
#3995 = CARTESIAN_POINT ( 'NONE',  ( 1.600000000000000089, -4.769000000000003681, 4.100999999999984880 ) ) ;
#3996 = DIRECTION ( 'NONE',  ( -1.000000000000000000, -0.0000000000000000000, 0.0000000000000000000 ) ) ;
#3997 = ORIENTED_EDGE ( 'NONE', *, *, #9424, .T. ) ;
#3998 = CYLINDRICAL_SURFACE ( 'NONE', #5308, 0.1999999999999996503 ) ;
#3999 = PLANE ( 'NONE',  #1649 ) ;
#4000 = ORIENTED_EDGE ( 'NONE', *, *, #7949, .F. ) ;
#4001 = PLANE ( 'NONE',  #7531 ) ;
#4002 = PRESENTATION_LAYER_ASSIGNMENT (  '', '', ( #4388 ) ) ;
#4003 = CARTESIAN_POINT ( 'NONE',  ( 0.2604138740467116797, 1.132187698341091231, 0.01100000000000433270 ) ) ;
#4004 = ORIENTED_EDGE ( 'NONE', *, *, #4804, .T. ) ;
#4005 = CARTESIAN_POINT ( 'NONE',  ( -4.699999999999997513, 0.3017106781186638109, 0.2010000000000022324 ) ) ;
#4006 = CARTESIAN_POINT ( 'NONE',  ( -0.07957551441870747144, 0.9630152253555178676, 0.01100000000000389902 ) ) ;
#4007 = PLANE ( 'NONE',  #231 ) ;
#4008 = DIRECTION ( 'NONE',  ( -1.000000000000000000, 5.221340210712169984E-31, -1.495451272393799296E-16 ) ) ;
#4009 = DIRECTION ( 'NONE',  ( -0.9353882635801357148, -0.3536223923290756632, -1.234665983814032961E-15 ) ) ;
#4010 = LINE ( 'NONE', #5358, #1776 ) ;
#4011 = FACE_OUTER_BOUND ( 'NONE', #6577, .T. ) ;
#4012 = PRESENTATION_LAYER_ASSIGNMENT (  '', '', ( #9221 ) ) ;
#4013 = EDGE_LOOP ( 'NONE', ( #4521, #3036, #9531, #8125 ) ) ;
#4014 = CARTESIAN_POINT ( 'NONE',  ( 2.720000000000000195, -0.7589999999999966773, 1.920999999999997154 ) ) ;
#4015 =( LENGTH_UNIT ( ) NAMED_UNIT ( * ) SI_UNIT ( .MILLI., .METRE. ) );
#4016 = DIRECTION ( 'NONE',  ( 0.0000000000000000000, -1.000000000000000000, -3.491481338843133355E-15 ) ) ;
#4017 =( NAMED_UNIT ( * ) PLANE_ANGLE_UNIT ( ) SI_UNIT ( $, .RADIAN. ) );
#4018 =( LENGTH_UNIT ( ) NAMED_UNIT ( * ) SI_UNIT ( .MILLI., .METRE. ) );
#4019 = STYLED_ITEM ( 'NONE', ( #7200 ), #3409 ) ;
#4020 = EDGE_CURVE ( 'NONE', #1612, #6790, #8281, .T. ) ;
#4021 = CARTESIAN_POINT ( 'NONE',  ( 0.0000000000000000000, -1.569000000000009720, 5.600999999999994650 ) ) ;
#4022 = PRESENTATION_STYLE_ASSIGNMENT (( #1681 ) ) ;
#4023 = ORIENTED_EDGE ( 'NONE', *, *, #5159, .F. ) ;
#4024 = PLANE ( 'NONE',  #6262 ) ;
#4025 = EDGE_CURVE ( 'NONE', #7398, #4140, #2510, .T. ) ;
#4026 = DIRECTION ( 'NONE',  ( -1.000000000000000000, 5.047295537021763909E-31, -1.445602896647339163E-16 ) ) ;
#4027 = CARTESIAN_POINT ( 'NONE',  ( 2.900000000000000355, 1.350999999999996204, 3.881000000000004224 ) ) ;
#4028 =( GEOMETRIC_REPRESENTATION_CONTEXT ( 3 ) GLOBAL_UNCERTAINTY_ASSIGNED_CONTEXT ( ( #7871 ) ) GLOBAL_UNIT_ASSIGNED_CONTEXT ( ( #3543, #8769, #2099 ) ) REPRESENTATION_CONTEXT ( 'NONE', 'WORKASPACE' ) );
#4029 =( LENGTH_UNIT ( ) NAMED_UNIT ( * ) SI_UNIT ( .MILLI., .METRE. ) );
#4030 = SURFACE_STYLE_USAGE ( .BOTH. , #7747 ) ;
#4031 = VECTOR ( 'NONE', #2915, 1000.000000000000000 ) ;
#4032 = COLOUR_RGB ( '',0.1098039215686274495, 0.1098039215686274495, 0.1098039215686274495 ) ;
#4033 =( LENGTH_UNIT ( ) NAMED_UNIT ( * ) SI_UNIT ( .MILLI., .METRE. ) );
#4034 = VECTOR ( 'NONE', #9418, 1000.000000000000114 ) ;
#4035 = FILL_AREA_STYLE ('',( #1095 ) ) ;
#4036 = LINE ( 'NONE', #3694, #4404 ) ;
#4037 =( NAMED_UNIT ( * ) SI_UNIT ( $, .STERADIAN. ) SOLID_ANGLE_UNIT ( ) );
#4038 = CARTESIAN_POINT ( 'NONE',  ( -0.02791299425352328223, 0.9737481628778622555, 0.001000000000003873225 ) ) ;
#4039 = LINE ( 'NONE', #4346, #867 ) ;
#4040 = VECTOR ( 'NONE', #611, 1000.000000000000000 ) ;
#4041 = MECHANICAL_DESIGN_GEOMETRIC_PRESENTATION_REPRESENTATION (  '', ( #6389 ), #662 ) ;
#4042 = SURFACE_SIDE_STYLE ('',( #1619 ) ) ;
#4043 = ORIENTED_EDGE ( 'NONE', *, *, #2740, .F. ) ;
#4044 = LINE ( 'NONE', #398, #5797 ) ;
#4045 = VECTOR ( 'NONE', #3016, 1000.000000000000000 ) ;
#4046 = PLANE ( 'NONE',  #7443 ) ;
#4047 = FILL_AREA_STYLE_COLOUR ( '', #8168 ) ;
#4048 = AXIS2_PLACEMENT_3D ( 'NONE', #5339, #6159, #3852 ) ;
#4049 = FACE_OUTER_BOUND ( 'NONE', #8063, .T. ) ;
#4050 =( NAMED_UNIT ( * ) SI_UNIT ( $, .STERADIAN. ) SOLID_ANGLE_UNIT ( ) );
#4051 = CARTESIAN_POINT ( 'NONE',  ( -0.1319045080580226181, 1.061601218629672161, 0.001000000000004306906 ) ) ;
#4052 = ADVANCED_FACE ( 'NONE', ( #7461 ), #3939, .F. ) ;
#4053 = FILL_AREA_STYLE ('',( #6235 ) ) ;
#4054 = CARTESIAN_POINT ( 'NONE',  ( 2.899999999999999023, -1.569000000000009720, 5.600999999999994650 ) ) ;
#4055 = VECTOR ( 'NONE', #7291, 1000.000000000000000 ) ;
#4056 = VECTOR ( 'NONE', #5447, 1000.000000000000000 ) ;
#4057 = MECHANICAL_DESIGN_GEOMETRIC_PRESENTATION_REPRESENTATION (  '', ( #3864 ), #2708 ) ;
#4058 = VECTOR ( 'NONE', #6878, 1000.000000000000000 ) ;
#4059 = DIRECTION ( 'NONE',  ( 0.0000000000000000000, 1.000000000000000000, 3.491481338843133355E-15 ) ) ;
#4060 = VECTOR ( 'NONE', #876, 1000.000000000000000 ) ;
#4061 = VECTOR ( 'NONE', #6688, 1000.000000000000000 ) ;
#4062 = LINE ( 'NONE', #7075, #8292 ) ;
#4063 = ORIENTED_EDGE ( 'NONE', *, *, #5802, .F. ) ;
#4064 = ORIENTED_EDGE ( 'NONE', *, *, #4303, .F. ) ;
#4065 = SURFACE_SIDE_STYLE ('',( #9004 ) ) ;
#4066 = CARTESIAN_POINT ( 'NONE',  ( 0.4261503602923970568, 1.098106498661034047, 0.001000000000004306906 ) ) ;
#4067 = CARTESIAN_POINT ( 'NONE',  ( 0.3351750137782715799, 1.070027024778770430, 0.01100000000000433270 ) ) ;
#4068 = ORIENTED_EDGE ( 'NONE', *, *, #1900, .F. ) ;
#4069 = CARTESIAN_POINT ( 'NONE',  ( -0.1249491089196549665, 1.014810183652269604, 0.001000000000003873225 ) ) ;
#4070 = SURFACE_STYLE_USAGE ( .BOTH. , #1772 ) ;
#4071 = PRESENTATION_STYLE_ASSIGNMENT (( #8404 ) ) ;
#4072 = ORIENTED_EDGE ( 'NONE', *, *, #1569, .F. ) ;
#4073 = UNCERTAINTY_MEASURE_WITH_UNIT (LENGTH_MEASURE( 1.000000000000000082E-05 ), #8132, 'distance_accuracy_value', 'NONE');
#4074 =( GEOMETRIC_REPRESENTATION_CONTEXT ( 3 ) GLOBAL_UNCERTAINTY_ASSIGNED_CONTEXT ( ( #7584 ) ) GLOBAL_UNIT_ASSIGNED_CONTEXT ( ( #2327, #3825, #2388 ) ) REPRESENTATION_CONTEXT ( 'NONE', 'WORKASPACE' ) );
#4075 = ORIENTED_EDGE ( 'NONE', *, *, #7472, .F. ) ;
#4076 = ORIENTED_EDGE ( 'NONE', *, *, #3975, .T. ) ;
#4077 = VERTEX_POINT ( 'NONE', #5005 ) ;
#4078 = DIRECTION ( 'NONE',  ( -1.495451272393799542E-16, 3.491481338843133355E-15, -1.000000000000000000 ) ) ;
#4079 = CARTESIAN_POINT ( 'NONE',  ( 0.08266712858508006023, 1.132252840124448934, 0.001000000000004306906 ) ) ;
#4080 = LINE ( 'NONE', #4619, #5505 ) ;
#4081 = SURFACE_SIDE_STYLE ('',( #6639 ) ) ;
#4082 = CARTESIAN_POINT ( 'NONE',  ( 0.3334594324317887715, 1.126337445013490202, 0.01100000000000433270 ) ) ;
#4083 = EDGE_CURVE ( 'NONE', #9722, #8100, #2747, .T. ) ;
#4084 = CARTESIAN_POINT ( 'NONE',  ( -0.08925027752033071193, 1.001783660092786965, 0.001000000000003873225 ) ) ;
#4085 =( GEOMETRIC_REPRESENTATION_CONTEXT ( 3 ) GLOBAL_UNCERTAINTY_ASSIGNED_CONTEXT ( ( #1727 ) ) GLOBAL_UNIT_ASSIGNED_CONTEXT ( ( #6150, #925, #5363 ) ) REPRESENTATION_CONTEXT ( 'NONE', 'WORKASPACE' ) );
#4086 = CARTESIAN_POINT ( 'NONE',  ( -1.300000000000000044, 3.331000000000008399, 0.4010000000000131792 ) ) ;
#4087 = MECHANICAL_DESIGN_GEOMETRIC_PRESENTATION_REPRESENTATION (  '', ( #5781 ), #4588 ) ;
#4088 = EDGE_CURVE ( 'NONE', #411, #9051, #4783, .T. ) ;
#4089 = LINE ( 'NONE', #3705, #7134 ) ;
#4090 = PLANE ( 'NONE',  #8162 ) ;
#4091 = DIRECTION ( 'NONE',  ( 0.0000000000000000000, -3.491481338843133355E-15, 1.000000000000000000 ) ) ;
#4092 = LINE ( 'NONE', #5999, #2066 ) ;
#4093 = CARTESIAN_POINT ( 'NONE',  ( -0.07957551441870747144, 0.9630152253555178676, 0.001000000000003873225 ) ) ;
#4094 = DIRECTION ( 'NONE',  ( 1.000000000000000000, 0.0000000000000000000, 0.0000000000000000000 ) ) ;
#4095 = VECTOR ( 'NONE', #9699, 1000.000000000000000 ) ;
#4096 = EDGE_CURVE ( 'NONE', #1643, #6470, #4306, .T. ) ;
#4097 = LINE ( 'NONE', #640, #6910 ) ;
#4098 = ADVANCED_FACE ( 'NONE', ( #5008 ), #897, .F. ) ;
#4099 = STYLED_ITEM ( 'NONE', ( #6787 ), #5636 ) ;
#4100 = EDGE_CURVE ( 'NONE', #8780, #3017, #431, .T. ) ;
#4101 = DIRECTION ( 'NONE',  ( -1.000000000000000000, -0.0000000000000000000, -0.0000000000000000000 ) ) ;
#4102 = CARTESIAN_POINT ( 'NONE',  ( 2.900000000000000355, 1.351000000000003309, 1.921000000000004038 ) ) ;
#4103 = CARTESIAN_POINT ( 'NONE',  ( 1.800000000000000933, -4.686157287525376525, 1.900999999999984480 ) ) ;
#4104 = ORIENTED_EDGE ( 'NONE', *, *, #432, .T. ) ;
#4105 =( NAMED_UNIT ( * ) SI_UNIT ( $, .STERADIAN. ) SOLID_ANGLE_UNIT ( ) );
#4106 = CARTESIAN_POINT ( 'NONE',  ( -0.04095061655091503799, 0.9520139555247633112, 0.01100000000000389902 ) ) ;
#4107 = PLANE ( 'NONE',  #5300 ) ;
#4108 = CARTESIAN_POINT ( 'NONE',  ( -2.900000000000000355, -0.7590000000000035607, 3.880999999999998007 ) ) ;
#4109 = ORIENTED_EDGE ( 'NONE', *, *, #821, .F. ) ;
#4110 = ORIENTED_EDGE ( 'NONE', *, *, #2242, .T. ) ;
#4111 = MECHANICAL_DESIGN_GEOMETRIC_PRESENTATION_REPRESENTATION (  '', ( #7623 ), #2963 ) ;
#4112 = SURFACE_SIDE_STYLE ('',( #6555 ) ) ;
#4113 = VERTEX_POINT ( 'NONE', #6152 ) ;
#4114 = EDGE_CURVE ( 'NONE', #4345, #6383, #7660, .T. ) ;
#4115 = ORIENTED_EDGE ( 'NONE', *, *, #7034, .T. ) ;
#4116 = CARTESIAN_POINT ( 'NONE',  ( -0.6999999999999999556, 4.578487373415300432, 0.4570660171779996617 ) ) ;
#4117 = CARTESIAN_POINT ( 'NONE',  ( 1.600000000000000533, -4.569000000000002615, 3.900999999999985146 ) ) ;
#4118 = STYLED_ITEM ( 'NONE', ( #1026 ), #6515 ) ;
#4119 = CARTESIAN_POINT ( 'NONE',  ( 0.4688524073505806466, 0.9899992245749832387, 0.01100000000000389902 ) ) ;
#4120 = DIRECTION ( 'NONE',  ( 0.0000000000000000000, -1.000000000000000000, -3.491481338843133355E-15 ) ) ;
#4121 = ORIENTED_EDGE ( 'NONE', *, *, #9115, .T. ) ;
#4122 = CARTESIAN_POINT ( 'NONE',  ( -0.1319670177563833924, 1.057976925490301534, 0.001000000000004306906 ) ) ;
#4123 = CARTESIAN_POINT ( 'NONE',  ( 0.2788645238563826623, 1.152603369254106225, 0.01100000000000433270 ) ) ;
#4124 =( LENGTH_UNIT ( ) NAMED_UNIT ( * ) SI_UNIT ( .MILLI., .METRE. ) );
#4125 = DIRECTION ( 'NONE',  ( -1.000000000000000000, -0.0000000000000000000, 0.0000000000000000000 ) ) ;
#4126 = AXIS2_PLACEMENT_3D ( 'NONE', #5770, #2725, #8070 ) ;
#4127 = ORIENTED_EDGE ( 'NONE', *, *, #8367, .F. ) ;
#4128 = FILL_AREA_STYLE_COLOUR ( '', #1590 ) ;
#4129 = CARTESIAN_POINT ( 'NONE',  ( -3.529289321881345032, 2.301710678118662035, 0.7131320343559736097 ) ) ;
#4130 = VECTOR ( 'NONE', #4596, 1000.000000000000000 ) ;
#4131 = FACE_OUTER_BOUND ( 'NONE', #9166, .T. ) ;
#4132 =( NAMED_UNIT ( * ) SI_UNIT ( $, .STERADIAN. ) SOLID_ANGLE_UNIT ( ) );
#4133 = VERTEX_POINT ( 'NONE', #9147 ) ;
#4134 = SURFACE_STYLE_FILL_AREA ( #198 ) ;
#4135 = ORIENTED_EDGE ( 'NONE', *, *, #3613, .F. ) ;
#4136 = EDGE_CURVE ( 'NONE', #817, #1643, #331, .T. ) ;
#4137 = CARTESIAN_POINT ( 'NONE',  ( 1.800000000000000266, -4.569000000000004391, 4.400999999999984702 ) ) ;
#4138 = FACE_OUTER_BOUND ( 'NONE', #7970, .T. ) ;
#4139 = CARTESIAN_POINT ( 'NONE',  ( 2.899999999999999911, 0.3017106781186625342, 0.6010000000000019771 ) ) ;
#4140 = VERTEX_POINT ( 'NONE', #3156 ) ;
#4141 = DIRECTION ( 'NONE',  ( 0.0000000000000000000, 1.000000000000000000, 4.336808689942025625E-15 ) ) ;
#4142 = VERTEX_POINT ( 'NONE', #269 ) ;
#4143 = STYLED_ITEM ( 'NONE', ( #1508 ), #7495 ) ;
#4144 =( LENGTH_UNIT ( ) NAMED_UNIT ( * ) SI_UNIT ( .MILLI., .METRE. ) );
#4145 = CARTESIAN_POINT ( 'NONE',  ( 1.517157287525380704, -4.769000000000002792, 3.983842712474602532 ) ) ;
#4146 =( NAMED_UNIT ( * ) SI_UNIT ( $, .STERADIAN. ) SOLID_ANGLE_UNIT ( ) );
#4147 = FILL_AREA_STYLE ('',( #515 ) ) ;
#4148 = ORIENTED_EDGE ( 'NONE', *, *, #4744, .F. ) ;
#4149 = PRESENTATION_LAYER_ASSIGNMENT (  '', '', ( #8542 ) ) ;
#4150 = CARTESIAN_POINT ( 'NONE',  ( -0.01504492206096092778, 1.154950752037733341, 0.001000000000004306906 ) ) ;
#4151 = CARTESIAN_POINT ( 'NONE',  ( 0.3630741600225999011, 1.055466332635474513, 0.01100000000000433270 ) ) ;
#4152 = EDGE_CURVE ( 'NONE', #4579, #2311, #3010, .T. ) ;
#4153 = CARTESIAN_POINT ( 'NONE',  ( 2.700000000000000178, 1.330999999999999739, 2.901000000000005130 ) ) ;
#4154 = ORIENTED_EDGE ( 'NONE', *, *, #602, .T. ) ;
#4155 = EDGE_CURVE ( 'NONE', #9608, #2187, #8090, .T. ) ;
#4156 = CARTESIAN_POINT ( 'NONE',  ( 2.899999999999999467, 3.330999999999999961, 2.901000000000010459 ) ) ;
#4157 =( NAMED_UNIT ( * ) PLANE_ANGLE_UNIT ( ) SI_UNIT ( $, .RADIAN. ) );
#4158 = AXIS2_PLACEMENT_3D ( 'NONE', #8476, #1807, #8575 ) ;
#4159 = EDGE_CURVE ( 'NONE', #1189, #8728, #7851, .T. ) ;
#4160 = DIRECTION ( 'NONE',  ( 1.000000000000000000, 0.0000000000000000000, -0.0000000000000000000 ) ) ;
#4161 = COLOUR_RGB ( '',0.7764705882352941346, 0.7568627450980391913, 0.7372549019607843590 ) ;
#4162 = UNCERTAINTY_MEASURE_WITH_UNIT (LENGTH_MEASURE( 1.000000000000000082E-05 ), #8023, 'distance_accuracy_value', 'NONE');
#4163 = CARTESIAN_POINT ( 'NONE',  ( -0.6999999999999999556, 3.960289321881354407, 0.7131320343559796049 ) ) ;
#4164 = CIRCLE ( 'NONE', #5345, 0.2000000000000000944 ) ;
#4165 = PRESENTATION_STYLE_ASSIGNMENT (( #1873 ) ) ;
#4166 = VERTEX_POINT ( 'NONE', #1775 ) ;
#4167 = EDGE_CURVE ( 'NONE', #6199, #2419, #366, .T. ) ;
#4168 = CARTESIAN_POINT ( 'NONE',  ( 0.5087723115119092698, 1.098106498661034047, 0.001000000000004306906 ) ) ;
#4169 = CARTESIAN_POINT ( 'NONE',  ( 0.08266712858507989370, 1.042008937685424685, 0.01100000000000433270 ) ) ;
#4170 = COLOUR_RGB ( '',1.000000000000000000, 1.000000000000000000, 1.000000000000000000 ) ;
#4171 = CARTESIAN_POINT ( 'NONE',  ( 0.3591585339600882332, 1.083916821098035888, 0.001000000000004306906 ) ) ;
#4172 = LINE ( 'NONE', #3037, #9443 ) ;
#4173 = SURFACE_SIDE_STYLE ('',( #3921 ) ) ;
#4174 = EDGE_CURVE ( 'NONE', #3976, #9268, #5044, .T. ) ;
#4175 = DIRECTION ( 'NONE',  ( 0.0000000000000000000, -1.000000000000000000, -3.491481338843133355E-15 ) ) ;
#4176 = VECTOR ( 'NONE', #3234, 999.9999999999998863 ) ;
#4177 = FACE_OUTER_BOUND ( 'NONE', #47, .T. ) ;
#4178 = DIRECTION ( 'NONE',  ( 0.0000000000000000000, 1.000000000000000000, 3.491481338843133355E-15 ) ) ;
#4179 = CARTESIAN_POINT ( 'NONE',  ( 1.400000000000000355, -4.769000000000003681, 4.100999999999984880 ) ) ;
#4180 = LINE ( 'NONE', #3722, #6054 ) ;
#4181 = FILL_AREA_STYLE_COLOUR ( '', #7946 ) ;
#4182 = MECHANICAL_DESIGN_GEOMETRIC_PRESENTATION_REPRESENTATION (  '', ( #3174 ), #2980 ) ;
#4183 = CARTESIAN_POINT ( 'NONE',  ( 2.800000000000000266, -0.7590000000000035607, 3.900999999999998025 ) ) ;
#4184 = CARTESIAN_POINT ( 'NONE',  ( 2.899999999999999911, 0.9017106781186627895, 0.4010000000000036313 ) ) ;
#4185 = CARTESIAN_POINT ( 'NONE',  ( -2.900000000000000355, -0.7589999999999966773, 1.920999999999998042 ) ) ;
#4186 = CARTESIAN_POINT ( 'NONE',  ( -0.01351894947838448019, 1.132990397434181951, 0.01100000000000433270 ) ) ;
#4187 = ORIENTED_EDGE ( 'NONE', *, *, #9633, .T. ) ;
#4188 = PLANE ( 'NONE',  #477 ) ;
#4189 = FACE_OUTER_BOUND ( 'NONE', #1297, .T. ) ;
#4190 = ORIENTED_EDGE ( 'NONE', *, *, #462, .F. ) ;
#4191 = VECTOR ( 'NONE', #6428, 1000.000000000000000 ) ;
#4192 = FACE_OUTER_BOUND ( 'NONE', #1766, .T. ) ;
#4193 = CARTESIAN_POINT ( 'NONE',  ( -2.899999999999999911, 2.901710678118663456, 0.4010000000000110143 ) ) ;
#4194 = CARTESIAN_POINT ( 'NONE',  ( -1.300000000000000044, 3.331000000000008399, 0.4010000000000131792 ) ) ;
#4195 = CARTESIAN_POINT ( 'NONE',  ( 0.3362566419663665096, 1.055336970376467676, 0.001000000000004306906 ) ) ;
#4196 = PLANE ( 'NONE',  #7044 ) ;
#4197 = ORIENTED_EDGE ( 'NONE', *, *, #2954, .F. ) ;
#4198 = AXIS2_PLACEMENT_3D ( 'NONE', #1710, #2471, #7059 ) ;
#4199 = DIRECTION ( 'NONE',  ( 0.0000000000000000000, -3.491481338843133355E-15, 1.000000000000000000 ) ) ;
#4200 = ORIENTED_EDGE ( 'NONE', *, *, #5560, .F. ) ;
#4201 = FACE_OUTER_BOUND ( 'NONE', #2223, .T. ) ;
#4202 = ADVANCED_FACE ( 'NONE', ( #6344 ), #3254, .F. ) ;
#4203 = FILL_AREA_STYLE ('',( #1185 ) ) ;
#4204 = EDGE_LOOP ( 'NONE', ( #2323, #9490, #7079, #6782 ) ) ;
#4205 = FILL_AREA_STYLE ('',( #3222 ) ) ;
#4206 = AXIS2_PLACEMENT_3D ( 'NONE', #6749, #7468, #5221 ) ;
#4207 = SURFACE_SIDE_STYLE ('',( #6771 ) ) ;
#4209 = AXIS2_PLACEMENT_3D ( 'NONE', #184, #7634, #3996 ) ;
#4208 = SURFACE_STYLE_FILL_AREA ( #8363 ) ;
#4210 = CARTESIAN_POINT ( 'NONE',  ( 4.699999999999997513, 0.9017106781186636777, 0.2010000000000039533 ) ) ;
#4211 =( NAMED_UNIT ( * ) PLANE_ANGLE_UNIT ( ) SI_UNIT ( $, .RADIAN. ) );
#4212 = DIRECTION ( 'NONE',  ( -0.0000000000000000000, 3.491481338843133355E-15, -1.000000000000000000 ) ) ;
#4213 =( NAMED_UNIT ( * ) PLANE_ANGLE_UNIT ( ) SI_UNIT ( $, .RADIAN. ) );
#4214 = EDGE_CURVE ( 'NONE', #2559, #2460, #8320, .T. ) ;
#4215 = DIRECTION ( 'NONE',  ( 0.0000000000000000000, 3.491481338843133355E-15, -1.000000000000000000 ) ) ;
#4216 = ORIENTED_EDGE ( 'NONE', *, *, #4136, .F. ) ;
#4217 = CARTESIAN_POINT ( 'NONE',  ( -0.1023436790652590689, 1.030146229064865082, 0.001000000000003873225 ) ) ;
#4218 = VECTOR ( 'NONE', #3944, 1000.000000000000000 ) ;
#4219 = VERTEX_POINT ( 'NONE', #4703 ) ;
#4220 = VERTEX_POINT ( 'NONE', #965 ) ;
#4221 = AXIS2_PLACEMENT_3D ( 'NONE', #2940, #5874, #7435 ) ;
#4222 = ORIENTED_EDGE ( 'NONE', *, *, #152, .F. ) ;
#4223 = DIRECTION ( 'NONE',  ( 0.0000000000000000000, 3.491481338843133355E-15, -1.000000000000000000 ) ) ;
#4224 = PLANE ( 'NONE',  #2970 ) ;
#4225 = CARTESIAN_POINT ( 'NONE',  ( -0.09764101482038482771, 1.095562708480731118, 0.01100000000000433270 ) ) ;
#4226 = CARTESIAN_POINT ( 'NONE',  ( -2.900000000000000799, -0.7590000000000105551, 5.800999999999997492 ) ) ;
#4227 = VECTOR ( 'NONE', #7456, 1000.000000000000000 ) ;
#4228 = VERTEX_POINT ( 'NONE', #4742 ) ;
#4229 = DIRECTION ( 'NONE',  ( -0.0000000000000000000, -1.000000000000000000, -3.491481338843133355E-15 ) ) ;
#4230 = VECTOR ( 'NONE', #5608, 1000.000000000000000 ) ;
#4231 = ORIENTED_EDGE ( 'NONE', *, *, #2297, .F. ) ;
#4232 = UNCERTAINTY_MEASURE_WITH_UNIT (LENGTH_MEASURE( 1.000000000000000082E-05 ), #1555, 'distance_accuracy_value', 'NONE');
#4233 = ORIENTED_EDGE ( 'NONE', *, *, #232, .T. ) ;
#4234 = EDGE_LOOP ( 'NONE', ( #6108, #2794, #939, #3249 ) ) ;
#4235 = MECHANICAL_DESIGN_GEOMETRIC_PRESENTATION_REPRESENTATION (  '', ( #6123 ), #2885 ) ;
#4236 = PLANE ( 'NONE',  #4126 ) ;
#4237 = EDGE_LOOP ( 'NONE', ( #8341, #7133, #2638, #3945, #5994, #1183, #2085, #2166 ) ) ;
#4238 = EDGE_CURVE ( 'NONE', #1177, #8304, #7498, .T. ) ;
#4239 = CARTESIAN_POINT ( 'NONE',  ( 0.3174846348621224168, 1.138627920295193441, 0.01100000000000433270 ) ) ;
#4240 = FACE_OUTER_BOUND ( 'NONE', #3456, .T. ) ;
#4241 = DIRECTION ( 'NONE',  ( 1.000000000000000000, 0.0000000000000000000, -0.0000000000000000000 ) ) ;
#4242 = PRESENTATION_STYLE_ASSIGNMENT (( #8945 ) ) ;
#4243 = ORIENTED_EDGE ( 'NONE', *, *, #3333, .F. ) ;
#4244 = ORIENTED_EDGE ( 'NONE', *, *, #8006, .F. ) ;
#4245 = CARTESIAN_POINT ( 'NONE',  ( -0.03821701775638339238, 1.156643084026887092, 0.001000000000004306906 ) ) ;
#4246 = AXIS2_PLACEMENT_3D ( 'NONE', #5592, #1834, #7952 ) ;
#4247 =( NAMED_UNIT ( * ) SI_UNIT ( $, .STERADIAN. ) SOLID_ANGLE_UNIT ( ) );
#4248 = PLANE ( 'NONE',  #3284 ) ;
#4249 = ADVANCED_FACE ( 'NONE', ( #3383 ), #7061, .F. ) ;
#4250 = DIRECTION ( 'NONE',  ( 1.000000000000000000, 0.0000000000000000000, 0.0000000000000000000 ) ) ;
#4251 = CARTESIAN_POINT ( 'NONE',  ( 0.08266712858508006023, 1.042008937685424685, 0.001000000000004306906 ) ) ;
#4252 = FILL_AREA_STYLE ('',( #9583 ) ) ;
#4253 = EDGE_LOOP ( 'NONE', ( #5643, #4730, #9078, #3049 ) ) ;
#4254 = DIRECTION ( 'NONE',  ( 1.000000000000000000, 0.0000000000000000000, 0.0000000000000000000 ) ) ;
#4255 = SURFACE_STYLE_FILL_AREA ( #9073 ) ;
#4256 = COLOUR_RGB ( '',0.1098039215686274495, 0.1098039215686274495, 0.1098039215686274495 ) ;
#4257 = AXIS2_PLACEMENT_3D ( 'NONE', #7147, #7178, #1159 ) ;
#4258 = ORIENTED_EDGE ( 'NONE', *, *, #5356, .T. ) ;
#4259 = CARTESIAN_POINT ( 'NONE',  ( -0.02734337160295019151, 1.134597636286959421, 0.001000000000004306906 ) ) ;
#4260 = DIRECTION ( 'NONE',  ( 0.0000000000000000000, -1.000000000000000000, -4.336808689942015369E-15 ) ) ;
#4261 = CARTESIAN_POINT ( 'NONE',  ( -0.09429782560323612950, 1.102065376651466311, 0.001000000000004306906 ) ) ;
#4262 = ORIENTED_EDGE ( 'NONE', *, *, #3587, .F. ) ;
#4263 = CARTESIAN_POINT ( 'NONE',  ( 1.299999999999999378, 5.131000000000009109, 0.2010000000000182752 ) ) ;
#4264 = COLOUR_RGB ( '',0.1098039215686274495, 0.1098039215686274495, 0.1098039215686274495 ) ;
#4265 = B_SPLINE_SURFACE_WITH_KNOTS ( 'NONE', 3, 1, ( 
 ( #8381, #6085 ),
 ( #2373, #3154 ),
 ( #8310, #893 ),
 ( #5330, #1567 ),
 ( #128, #163 ),
 ( #9111, #6833 ),
 ( #2310, #7648 ),
 ( #864, #7683 ),
 ( #4601, #8440 ),
 ( #5396, #7580 ),
 ( #5365, #2272 ) ),
 .UNSPECIFIED., .F., .F., .F.,
 ( 4, 1, 1, 1, 1, 1, 1, 1, 4 ),
 ( 2, 2 ),
 ( 0.0000000000000000000, 0.1252796967356235025, 0.2494199707420483858, 0.3733567994928193023, 0.4966812787822841302, 0.6202029157439812312, 0.7450863201614558173, 0.8712691950190976087, 1.000000000000000000 ),
 ( 0.0000000000000000000, 1.000000000000000000 ),
 .UNSPECIFIED. ) ;
#4266 = AXIS2_PLACEMENT_3D ( 'NONE', #4607, #3783, #1614 ) ;
#4267 = CARTESIAN_POINT ( 'NONE',  ( 0.01681347004849466364, 1.143838205978106481, 0.001000000000004306906 ) ) ;
#4268 = CARTESIAN_POINT ( 'NONE',  ( 0.3404398423454631506, 1.119069133559873030, 0.01100000000000433270 ) ) ;
#4269 =( NAMED_UNIT ( * ) PLANE_ANGLE_UNIT ( ) SI_UNIT ( $, .RADIAN. ) );
#4270 = DIRECTION ( 'NONE',  ( 1.000000000000000000, 0.0000000000000000000, 0.0000000000000000000 ) ) ;
#4271 =( NAMED_UNIT ( * ) SI_UNIT ( $, .STERADIAN. ) SOLID_ANGLE_UNIT ( ) );
#4272 = EDGE_CURVE ( 'NONE', #6436, #8615, #1052, .T. ) ;
#4273 = FACE_OUTER_BOUND ( 'NONE', #6870, .T. ) ;
#4274 = CARTESIAN_POINT ( 'NONE',  ( 0.1631549334631288706, 1.154204059636644075, 0.001000000000004306906 ) ) ;
#4275 = CARTESIAN_POINT ( 'NONE',  ( -2.719999999999999751, 3.111000000000004206, 1.421000000000011365 ) ) ;
#4276 = VECTOR ( 'NONE', #1418, 1000.000000000000000 ) ;
#4277 =( NAMED_UNIT ( * ) PLANE_ANGLE_UNIT ( ) SI_UNIT ( $, .RADIAN. ) );
#4278 = AXIS2_PLACEMENT_3D ( 'NONE', #1781, #2476, #204 ) ;
#4279 = DIRECTION ( 'NONE',  ( 0.0000000000000000000, -1.000000000000000000, -3.491481338843133355E-15 ) ) ;
#4280 = EDGE_CURVE ( 'NONE', #9244, #7948, #3623, .T. ) ;
#4281 = CARTESIAN_POINT ( 'NONE',  ( 0.6999999999999992895, 3.331000000000007955, 0.6010000000000123022 ) ) ;
#4282 = ORIENTED_EDGE ( 'NONE', *, *, #9312, .T. ) ;
#4283 = PRESENTATION_STYLE_ASSIGNMENT (( #665 ) ) ;
#4284 = CARTESIAN_POINT ( 'NONE',  ( -0.09347484358742036425, 1.008169002226834365, 0.001000000000003873225 ) ) ;
#4285 = COLOUR_RGB ( '',0.7764705882352941346, 0.7568627450980391913, 0.7372549019607843590 ) ;
#4286 = UNCERTAINTY_MEASURE_WITH_UNIT (LENGTH_MEASURE( 1.000000000000000082E-05 ), #6941, 'distance_accuracy_value', 'NONE');
#4287 = EDGE_CURVE ( 'NONE', #1872, #9102, #5628, .T. ) ;
#4288 = DIRECTION ( 'NONE',  ( 0.0000000000000000000, -1.000000000000000000, -3.491481338843133355E-15 ) ) ;
#4289 = DIRECTION ( 'NONE',  ( -1.000000000000000000, -5.595468833802103278E-31, 1.532000111646839560E-16 ) ) ;
#4290 = MECHANICAL_DESIGN_GEOMETRIC_PRESENTATION_REPRESENTATION (  '', ( #2241 ), #292 ) ;
#4291 = EDGE_CURVE ( 'NONE', #5890, #1673, #2067, .T. ) ;
#4292 = CARTESIAN_POINT ( 'NONE',  ( -0.08573764209312743911, 1.113605818827721139, 0.01100000000000433270 ) ) ;
#4293 = VECTOR ( 'NONE', #7094, 1000.000000000000000 ) ;
#4294 = LINE ( 'NONE', #9698, #7571 ) ;
#4295 = ADVANCED_FACE ( 'NONE', ( #1165 ), #4683, .T. ) ;
#4296 = AXIS2_PLACEMENT_3D ( 'NONE', #1720, #5570, #7071 ) ;
#4297 = EDGE_CURVE ( 'NONE', #4425, #3866, #919, .T. ) ;
#4298 =( NAMED_UNIT ( * ) PLANE_ANGLE_UNIT ( ) SI_UNIT ( $, .RADIAN. ) );
#4299 = ORIENTED_EDGE ( 'NONE', *, *, #3593, .F. ) ;
#4300 = SURFACE_SIDE_STYLE ('',( #668 ) ) ;
#4301 =( NAMED_UNIT ( * ) SI_UNIT ( $, .STERADIAN. ) SOLID_ANGLE_UNIT ( ) );
#4302 = SURFACE_SIDE_STYLE ('',( #8077 ) ) ;
#4303 = EDGE_CURVE ( 'NONE', #8902, #7527, #6096, .T. ) ;
#4304 = PRESENTATION_LAYER_ASSIGNMENT (  '', '', ( #9653 ) ) ;
#4305 = SURFACE_STYLE_FILL_AREA ( #1084 ) ;
#4306 = LINE ( 'NONE', #5398, #2273 ) ;
#4307 = FACE_OUTER_BOUND ( 'NONE', #3720, .T. ) ;
#4308 = ORIENTED_EDGE ( 'NONE', *, *, #931, .F. ) ;
#4309 = ORIENTED_EDGE ( 'NONE', *, *, #8934, .F. ) ;
#4310 = ORIENTED_EDGE ( 'NONE', *, *, #5782, .F. ) ;
#4311 = LINE ( 'NONE', #7043, #7116 ) ;
#4312 = DIRECTION ( 'NONE',  ( 0.0000000000000000000, 1.000000000000000000, 3.491481338843133355E-15 ) ) ;
#4313 = AXIS2_PLACEMENT_3D ( 'NONE', #8561, #7714, #3219 ) ;
#4314 =( LENGTH_UNIT ( ) NAMED_UNIT ( * ) SI_UNIT ( .MILLI., .METRE. ) );
#4315 = PRESENTATION_STYLE_ASSIGNMENT (( #797 ) ) ;
#4316 = DIRECTION ( 'NONE',  ( -0.9406672605435411061, 0.3393303772748763603, 1.184765679957830957E-15 ) ) ;
#4317 = DIRECTION ( 'NONE',  ( 0.0000000000000000000, 3.491481338843133355E-15, -1.000000000000000000 ) ) ;
#4318 = PRESENTATION_STYLE_ASSIGNMENT (( #4760 ) ) ;
#4319 = CARTESIAN_POINT ( 'NONE',  ( -0.1285634483476619516, 1.088854815624679118, 0.01100000000000433270 ) ) ;
#4320 = FILL_AREA_STYLE_COLOUR ( '', #5140 ) ;
#4321 = ORIENTED_EDGE ( 'NONE', *, *, #2954, .T. ) ;
#4322 = SURFACE_STYLE_FILL_AREA ( #3515 ) ;
#4323 = CARTESIAN_POINT ( 'NONE',  ( 0.2694986584250371187, 0.9544465377694664188, 0.001000000000003873225 ) ) ;
#4324 = VECTOR ( 'NONE', #56, 1000.000000000000000 ) ;
#4325 = CARTESIAN_POINT ( 'NONE',  ( -2.899999999999999911, 1.351000000000004864, 1.421000000000005592 ) ) ;
#4326 = PLANE ( 'NONE',  #9427 ) ;
#4327 =( NAMED_UNIT ( * ) PLANE_ANGLE_UNIT ( ) SI_UNIT ( $, .RADIAN. ) );
#4328 = ORIENTED_EDGE ( 'NONE', *, *, #7799, .T. ) ;
#4329 = ORIENTED_EDGE ( 'NONE', *, *, #4280, .T. ) ;
#4330 = CARTESIAN_POINT ( 'NONE',  ( 1.299999999999999378, 4.578487373415300432, 0.4570660171779987735 ) ) ;
#4331 = CARTESIAN_POINT ( 'NONE',  ( 0.2021793237070312610, 1.154204059636644075, 0.001000000000004306906 ) ) ;
#4332 =( LENGTH_UNIT ( ) NAMED_UNIT ( * ) SI_UNIT ( .MILLI., .METRE. ) );
#4333 = ORIENTED_EDGE ( 'NONE', *, *, #2184, .T. ) ;
#4334 = EDGE_LOOP ( 'NONE', ( #6927, #6112, #9300, #4329 ) ) ;
#4335 = CARTESIAN_POINT ( 'NONE',  ( 2.899999999999999911, 3.111000000000004206, 1.421000000000010477 ) ) ;
#4336 = CARTESIAN_POINT ( 'NONE',  ( -0.04949810279884432618, 1.133486133924673345, 0.001000000000004306906 ) ) ;
#4337 =( GEOMETRIC_REPRESENTATION_CONTEXT ( 3 ) GLOBAL_UNCERTAINTY_ASSIGNED_CONTEXT ( ( #6800 ) ) GLOBAL_UNIT_ASSIGNED_CONTEXT ( ( #5772, #1285, #4301 ) ) REPRESENTATION_CONTEXT ( 'NONE', 'WORKASPACE' ) );
#4338 = EDGE_CURVE ( 'NONE', #5964, #2074, #1733, .T. ) ;
#4339 = ORIENTED_EDGE ( 'NONE', *, *, #7596, .T. ) ;
#4340 = ORIENTED_EDGE ( 'NONE', *, *, #4100, .F. ) ;
#4341 = FILL_AREA_STYLE_COLOUR ( '', #8889 ) ;
#4342 =( LENGTH_UNIT ( ) NAMED_UNIT ( * ) SI_UNIT ( .MILLI., .METRE. ) );
#4343 = CARTESIAN_POINT ( 'NONE',  ( -2.900000000000000355, -0.7590000000000053371, 4.400999999999998913 ) ) ;
#4344 = ORIENTED_EDGE ( 'NONE', *, *, #6189, .T. ) ;
#4345 = VERTEX_POINT ( 'NONE', #1831 ) ;
#4346 = CARTESIAN_POINT ( 'NONE',  ( 2.899999999999999911, -1.568999999999989736, 0.0009999999999951996073 ) ) ;
#4347 = ADVANCED_FACE ( 'NONE', ( #8756 ), #1187, .T. ) ;
#4348 = CARTESIAN_POINT ( 'NONE',  ( 0.05583786029239712345, 0.9542040596366438976, 0.001000000000003873225 ) ) ;
#4349 = EDGE_CURVE ( 'NONE', #5174, #4356, #1500, .T. ) ;
#4350 = CARTESIAN_POINT ( 'NONE',  ( -0.1317821831727490900, 1.068693577961060903, 0.01100000000000433270 ) ) ;
#4351 = DIRECTION ( 'NONE',  ( 0.0000000000000000000, -1.000000000000000000, -3.491481338843133355E-15 ) ) ;
#4352 = ORIENTED_EDGE ( 'NONE', *, *, #6332, .T. ) ;
#4353 = FACE_OUTER_BOUND ( 'NONE', #5864, .T. ) ;
#4354 = VECTOR ( 'NONE', #6400, 1000.000000000000000 ) ;
#4355 = ORIENTED_EDGE ( 'NONE', *, *, #3274, .F. ) ;
#4356 = VERTEX_POINT ( 'NONE', #1952 ) ;
#4357 = CARTESIAN_POINT ( 'NONE',  ( 4.147487373415290612, 2.901710678118663012, 0.4570660171779931114 ) ) ;
#4358 =( LENGTH_UNIT ( ) NAMED_UNIT ( * ) SI_UNIT ( .MILLI., .METRE. ) );
#4359 = CARTESIAN_POINT ( 'NONE',  ( 0.2604138740467116797, 1.132187698341091231, 0.01100000000000433270 ) ) ;
#4360 = CARTESIAN_POINT ( 'NONE',  ( -3.958578643762689087, 2.301710678118664699, 0.001000000000008210033 ) ) ;
#4361 = SURFACE_STYLE_USAGE ( .BOTH. , #1425 ) ;
#4362 = CARTESIAN_POINT ( 'NONE',  ( 0.2021793237070312610, 0.9542040596366438976, 0.001000000000003873225 ) ) ;
#4363 =( NAMED_UNIT ( * ) SI_UNIT ( $, .STERADIAN. ) SOLID_ANGLE_UNIT ( ) );
#4364 = EDGE_LOOP ( 'NONE', ( #3196, #8749, #3725, #5160 ) ) ;
#4365 = VECTOR ( 'NONE', #5793, 1000.000000000000000 ) ;
#4366 = CIRCLE ( 'NONE', #9372, 0.2000000000000000944 ) ;
#4367 = EDGE_CURVE ( 'NONE', #4859, #8862, #7841, .T. ) ;
#4368 = STYLED_ITEM ( 'NONE', ( #3728 ), #6062 ) ;
#4369 = ORIENTED_EDGE ( 'NONE', *, *, #4985, .T. ) ;
#4370 = B_SPLINE_CURVE_WITH_KNOTS ( 'NONE', 3,
 ( #3342, #9434, #7267, #2754, #3538, #8759, #8802, #530, #2723, #1313, #2091 ),
 .UNSPECIFIED., .F., .F.,
 ( 4, 1, 1, 1, 1, 1, 1, 1, 4 ),
 ( 0.0000000000000000000, 0.1451868664724690616, 0.2834426109197292210, 0.4165243659288278000, 0.5431811235350814115, 0.6651530826377132222, 0.7813602063127137454, 0.8927566556418080612, 1.000000000000000000 ),
 .UNSPECIFIED. ) ;
#4371 = FILL_AREA_STYLE_COLOUR ( '', #6169 ) ;
#4372 = DIRECTION ( 'NONE',  ( 1.000000000000000000, 0.0000000000000000000, 0.0000000000000000000 ) ) ;
#4373 = ORIENTED_EDGE ( 'NONE', *, *, #510, .F. ) ;
#4374 =( NAMED_UNIT ( * ) SI_UNIT ( $, .STERADIAN. ) SOLID_ANGLE_UNIT ( ) );
#4375 = AXIS2_PLACEMENT_3D ( 'NONE', #547, #4440, #6544 ) ;
#4376 = SURFACE_SIDE_STYLE ('',( #6422 ) ) ;
#4377 = PLANE ( 'NONE',  #5072 ) ;
#4378 = AXIS2_PLACEMENT_3D ( 'NONE', #3218, #4101, #317 ) ;
#4379 = CARTESIAN_POINT ( 'NONE',  ( 0.4261503602923970568, 1.098106498661034047, 0.01100000000000433270 ) ) ;
#4380 =( LENGTH_UNIT ( ) NAMED_UNIT ( * ) SI_UNIT ( .MILLI., .METRE. ) );
#4381 = ORIENTED_EDGE ( 'NONE', *, *, #91, .T. ) ;
#4382 = DIRECTION ( 'NONE',  ( 0.0000000000000000000, -0.3826834323650873393, -0.9238795325112878487 ) ) ;
#4383 = SURFACE_STYLE_USAGE ( .BOTH. , #8746 ) ;
#4384 = CARTESIAN_POINT ( 'NONE',  ( -0.09274852792429597037, 1.141583996864458106, 0.01100000000000433270 ) ) ;
#4385 = DIRECTION ( 'NONE',  ( -1.000000000000000000, -0.0000000000000000000, 0.0000000000000000000 ) ) ;
#4386 = UNCERTAINTY_MEASURE_WITH_UNIT (LENGTH_MEASURE( 1.000000000000000082E-05 ), #1025, 'distance_accuracy_value', 'NONE');
#4387 = ORIENTED_EDGE ( 'NONE', *, *, #2059, .F. ) ;
#4388 = STYLED_ITEM ( 'NONE', ( #7676 ), #3063 ) ;
#4389 = VECTOR ( 'NONE', #6179, 1000.000000000000000 ) ;
#4390 = ORIENTED_EDGE ( 'NONE', *, *, #5288, .T. ) ;
#4391 = CARTESIAN_POINT ( 'NONE',  ( 0.3040546471607585843, 1.120540597211066247, 0.001000000000004306906 ) ) ;
#4392 = CARTESIAN_POINT ( 'NONE',  ( 0.2662926603155902905, 1.132060619239166677, 0.01100000000000433270 ) ) ;
#4393 = DIRECTION ( 'NONE',  ( 0.0000000000000000000, -1.000000000000000000, -3.491481338843133355E-15 ) ) ;
#4394 = CARTESIAN_POINT ( 'NONE',  ( -2.720000000000000195, -0.7589999999999966773, 1.920999999999998042 ) ) ;
#4395 = SURFACE_STYLE_FILL_AREA ( #753 ) ;
#4396 = SURFACE_STYLE_USAGE ( .BOTH. , #3631 ) ;
#4397 = ADVANCED_FACE ( 'NONE', ( #7245 ), #3442, .F. ) ;
#4398 =( GEOMETRIC_REPRESENTATION_CONTEXT ( 3 ) GLOBAL_UNCERTAINTY_ASSIGNED_CONTEXT ( ( #2037 ) ) GLOBAL_UNIT_ASSIGNED_CONTEXT ( ( #560, #2789, #5146 ) ) REPRESENTATION_CONTEXT ( 'NONE', 'WORKASPACE' ) );
#4399 = CARTESIAN_POINT ( 'NONE',  ( 0.3361327146973694946, 1.043241709306693465, 0.001000000000004306906 ) ) ;
#4400 = SURFACE_STYLE_USAGE ( .BOTH. , #7235 ) ;
#4401 = SURFACE_STYLE_FILL_AREA ( #5210 ) ;
#4402 = VECTOR ( 'NONE', #2607, 1000.000000000000000 ) ;
#4403 = CARTESIAN_POINT ( 'NONE',  ( 3.958578643762689087, 0.9017106781186641218, 0.001000000000003005863 ) ) ;
#4404 = VECTOR ( 'NONE', #3723, 1000.000000000000000 ) ;
#4405 =( NAMED_UNIT ( * ) PLANE_ANGLE_UNIT ( ) SI_UNIT ( $, .RADIAN. ) );
#4406 = ORIENTED_EDGE ( 'NONE', *, *, #6310, .F. ) ;
#4407 = PRESENTATION_LAYER_ASSIGNMENT (  '', '', ( #5907 ) ) ;
#4408 = UNCERTAINTY_MEASURE_WITH_UNIT (LENGTH_MEASURE( 1.000000000000000082E-05 ), #7516, 'distance_accuracy_value', 'NONE');
#4409 =( LENGTH_UNIT ( ) NAMED_UNIT ( * ) SI_UNIT ( .MILLI., .METRE. ) );
#4410 = STYLED_ITEM ( 'NONE', ( #32 ), #4628 ) ;
#4411 = CARTESIAN_POINT ( 'NONE',  ( 0.4659369456582506119, 0.9785943035390829436, 0.01100000000000389902 ) ) ;
#4412 = DIRECTION ( 'NONE',  ( 0.09525861801280717522, -0.9954525582338367151, -3.475604030777098573E-15 ) ) ;
#4413 = EDGE_CURVE ( 'NONE', #6358, #8666, #1945, .T. ) ;
#4414 = FILL_AREA_STYLE_COLOUR ( '', #4710 ) ;
#4415 = DIRECTION ( 'NONE',  ( -0.0000000000000000000, -1.000000000000000000, -3.491481338843133355E-15 ) ) ;
#4416 = UNCERTAINTY_MEASURE_WITH_UNIT (LENGTH_MEASURE( 1.000000000000000082E-05 ), #321, 'distance_accuracy_value', 'NONE');
#4417 = CARTESIAN_POINT ( 'NONE',  ( -2.700000000000000178, 3.330999999999999961, 2.901000000000012236 ) ) ;
#4418 = LINE ( 'NONE', #8563, #2504 ) ;
#4419 = PRESENTATION_STYLE_ASSIGNMENT (( #1371 ) ) ;
#4420 = DIRECTION ( 'NONE',  ( -1.000000000000000000, -0.0000000000000000000, 0.0000000000000000000 ) ) ;
#4421 = SURFACE_STYLE_USAGE ( .BOTH. , #9667 ) ;
#4422 = AXIS2_PLACEMENT_3D ( 'NONE', #1677, #2399, #6930 ) ;
#4423 = EDGE_CURVE ( 'NONE', #2419, #786, #4920, .T. ) ;
#4424 = DIRECTION ( 'NONE',  ( 2.465190328815661892E-32, 1.000000000000000000, 3.491481338843133355E-15 ) ) ;
#4425 = VERTEX_POINT ( 'NONE', #2804 ) ;
#4426 = CARTESIAN_POINT ( 'NONE',  ( 0.2565619456582508007, 1.154204059636644075, 0.001000000000004306906 ) ) ;
#4427 = CARTESIAN_POINT ( 'NONE',  ( 0.4627357261460555704, 0.9926186937829852841, 0.01100000000000389902 ) ) ;
#4428 = EDGE_LOOP ( 'NONE', ( #7831, #8686, #8416, #7601 ) ) ;
#4429 = PRESENTATION_LAYER_ASSIGNMENT (  '', '', ( #4810 ) ) ;
#4430 = SURFACE_SIDE_STYLE ('',( #4395 ) ) ;
#4431 = DIRECTION ( 'NONE',  ( -0.3363908276654480334, 0.9417224702971438433, 3.288006431411734637E-15 ) ) ;
#4432 = ORIENTED_EDGE ( 'NONE', *, *, #821, .T. ) ;
#4433 = EDGE_LOOP ( 'NONE', ( #5826, #438, #8222, #4309 ) ) ;
#4434 = SURFACE_STYLE_USAGE ( .BOTH. , #9680 ) ;
#4435 = DIRECTION ( 'NONE',  ( -1.495451272393799542E-16, -3.491481338843133355E-15, 1.000000000000000000 ) ) ;
#4436 = EDGE_CURVE ( 'NONE', #5271, #8195, #7426, .T. ) ;
#4437 = ORIENTED_EDGE ( 'NONE', *, *, #8182, .T. ) ;
#4438 =( LENGTH_UNIT ( ) NAMED_UNIT ( * ) SI_UNIT ( .MILLI., .METRE. ) );
#4439 = DIRECTION ( 'NONE',  ( 0.0000000000000000000, -3.491481338843133355E-15, 1.000000000000000000 ) ) ;
#4440 = DIRECTION ( 'NONE',  ( 0.0000000000000000000, -3.491481338843133355E-15, 1.000000000000000000 ) ) ;
#4441 = CARTESIAN_POINT ( 'NONE',  ( 2.699999999999999734, -1.768999999999990136, 0.2009999999999944331 ) ) ;
#4442 = CARTESIAN_POINT ( 'NONE',  ( 1.400000000000000355, -4.568999999999995509, 1.900999999999984924 ) ) ;
#4443 = LINE ( 'NONE', #4417, #119 ) ;
#4444 = DIRECTION ( 'NONE',  ( 0.0000000000000000000, -3.491481338843133355E-15, 1.000000000000000000 ) ) ;
#4445 = VECTOR ( 'NONE', #9023, 1000.000000000000114 ) ;
#4446 = ORIENTED_EDGE ( 'NONE', *, *, #4155, .T. ) ;
#4447 = ORIENTED_EDGE ( 'NONE', *, *, #9383, .F. ) ;
#4448 = CARTESIAN_POINT ( 'NONE',  ( -0.006966799307660954087, 1.131569054489793169, 0.01100000000000433270 ) ) ;
#4449 = COLOUR_RGB ( '',0.7764705882352941346, 0.7568627450980391913, 0.7372549019607843590 ) ;
#4450 =( NAMED_UNIT ( * ) SI_UNIT ( $, .STERADIAN. ) SOLID_ANGLE_UNIT ( ) );
#4451 =( NAMED_UNIT ( * ) PLANE_ANGLE_UNIT ( ) SI_UNIT ( $, .RADIAN. ) );
#4452 = ORIENTED_EDGE ( 'NONE', *, *, #812, .T. ) ;
#4453 =( NAMED_UNIT ( * ) PLANE_ANGLE_UNIT ( ) SI_UNIT ( $, .RADIAN. ) );
#4454 = ADVANCED_FACE ( 'NONE', ( #5726 ), #1980, .F. ) ;
#4455 = VECTOR ( 'NONE', #2122, 1000.000000000000000 ) ;
#4456 = CARTESIAN_POINT ( 'NONE',  ( 0.4630380109320170745, 0.9917071181816329295, 0.01100000000000389902 ) ) ;
#4457 = VERTEX_POINT ( 'NONE', #7945 ) ;
#4458 = ORIENTED_EDGE ( 'NONE', *, *, #8453, .F. ) ;
#4459 = ORIENTED_EDGE ( 'NONE', *, *, #89, .F. ) ;
#4460 = AXIS2_PLACEMENT_3D ( 'NONE', #887, #922, #3186 ) ;
#4461 = CARTESIAN_POINT ( 'NONE',  ( 0.2827489765482774642, 0.9786826004574413762, 0.001000000000003873225 ) ) ;
#4462 = SURFACE_STYLE_FILL_AREA ( #978 ) ;
#4463 = ORIENTED_EDGE ( 'NONE', *, *, #5976, .F. ) ;
#4464 = MECHANICAL_DESIGN_GEOMETRIC_PRESENTATION_REPRESENTATION (  '', ( #7662 ), #447 ) ;
#4465 = CARTESIAN_POINT ( 'NONE',  ( -0.1208971708759431218, 1.005423155735520435, 0.01100000000000389902 ) ) ;
#4466 = PLANE ( 'NONE',  #808 ) ;
#4467 = ORIENTED_EDGE ( 'NONE', *, *, #3652, .T. ) ;
#4468 = MECHANICAL_DESIGN_GEOMETRIC_PRESENTATION_REPRESENTATION (  '', ( #5104 ), #8486 ) ;
#4469 = VERTEX_POINT ( 'NONE', #2073 ) ;
#4470 = EDGE_CURVE ( 'NONE', #7373, #5129, #1934, .T. ) ;
#4471 = ORIENTED_EDGE ( 'NONE', *, *, #8052, .F. ) ;
#4472 = CARTESIAN_POINT ( 'NONE',  ( 0.4802281041948360807, 0.9542040596366438976, 0.001000000000003873225 ) ) ;
#4473 = DIRECTION ( 'NONE',  ( -1.000000000000000000, -0.0000000000000000000, 0.0000000000000000000 ) ) ;
#4474 = SURFACE_STYLE_USAGE ( .BOTH. , #5202 ) ;
#4475 = CARTESIAN_POINT ( 'NONE',  ( 2.900000000000000355, 0.2859999999999945919, 4.401000000000002466 ) ) ;
#4476 = ORIENTED_EDGE ( 'NONE', *, *, #6501, .T. ) ;
#4477 = MECHANICAL_DESIGN_GEOMETRIC_PRESENTATION_REPRESENTATION (  '', ( #2619 ), #5848 ) ;
#4478 = EDGE_CURVE ( 'NONE', #8676, #7630, #1715, .T. ) ;
#4479 = VERTEX_POINT ( 'NONE', #8238 ) ;
#4480 = PLANE ( 'NONE',  #1428 ) ;
#4481 = CARTESIAN_POINT ( 'NONE',  ( -4.699999999999997513, 2.901710678118663900, 0.2010000000000113363 ) ) ;
#4482 = STYLED_ITEM ( 'NONE', ( #7639 ), #5245 ) ;
#4483 = CARTESIAN_POINT ( 'NONE',  ( -2.899999999999999911, 0.3017106781186629783, 0.4010000000000019105 ) ) ;
#4484 = VERTEX_POINT ( 'NONE', #5259 ) ;
#4485 = SURFACE_STYLE_USAGE ( .BOTH. , #1527 ) ;
#4486 = CARTESIAN_POINT ( 'NONE',  ( -2.900000000000000799, 3.330999999999994632, 4.401000000000012236 ) ) ;
#4487 = FACE_OUTER_BOUND ( 'NONE', #9194, .T. ) ;
#4488 = SURFACE_STYLE_FILL_AREA ( #495 ) ;
#4489 = ORIENTED_EDGE ( 'NONE', *, *, #1194, .T. ) ;
#4490 = EDGE_CURVE ( 'NONE', #1412, #8869, #8868, .T. ) ;
#4491 = ADVANCED_FACE ( 'NONE', ( #8638 ), #6013, .F. ) ;
#4492 = MECHANICAL_DESIGN_GEOMETRIC_PRESENTATION_REPRESENTATION (  '', ( #6005 ), #7503 ) ;
#4493 = ORIENTED_EDGE ( 'NONE', *, *, #6970, .T. ) ;
#4494 = DIRECTION ( 'NONE',  ( -1.000000000000000000, -0.0000000000000000000, 0.0000000000000000000 ) ) ;
#4495 = CARTESIAN_POINT ( 'NONE',  ( -0.1159717879133004143, 0.9966027881567357527, 0.01100000000000389902 ) ) ;
#4496 = SURFACE_STYLE_FILL_AREA ( #2080 ) ;
#4497 = LINE ( 'NONE', #2736, #744 ) ;
#4498 =( GEOMETRIC_REPRESENTATION_CONTEXT ( 3 ) GLOBAL_UNCERTAINTY_ASSIGNED_CONTEXT ( ( #6457 ) ) GLOBAL_UNIT_ASSIGNED_CONTEXT ( ( #6863, #921, #9071 ) ) REPRESENTATION_CONTEXT ( 'NONE', 'WORKASPACE' ) );
#4499 = CARTESIAN_POINT ( 'NONE',  ( -2.900000000000000799, -0.7690000000000092317, 5.600999999999997314 ) ) ;
#4500 = ORIENTED_EDGE ( 'NONE', *, *, #593, .T. ) ;
#4501 = ADVANCED_FACE ( 'NONE', ( #2746 ), #3681, .T. ) ;
#4502 = CYLINDRICAL_SURFACE ( 'NONE', #4278, 0.2000000000000000944 ) ;
#4503 = CARTESIAN_POINT ( 'NONE',  ( -2.699999999999999734, -1.768999999999989248, 0.0009999999999943322455 ) ) ;
#4504 =( LENGTH_UNIT ( ) NAMED_UNIT ( * ) SI_UNIT ( .MILLI., .METRE. ) );
#4505 =( NAMED_UNIT ( * ) PLANE_ANGLE_UNIT ( ) SI_UNIT ( $, .RADIAN. ) );
#4506 = STYLED_ITEM ( 'NONE', ( #4547 ), #2890 ) ;
#4507 = LINE ( 'NONE', #763, #5794 ) ;
#4508 = CARTESIAN_POINT ( 'NONE',  ( -0.01351894947838448019, 1.132990397434181951, 0.001000000000004306906 ) ) ;
#4509 = FILL_AREA_STYLE_COLOUR ( '', #4980 ) ;
#4510 = CARTESIAN_POINT ( 'NONE',  ( -1.300000000000000044, 4.072421356237318157, 0.6010000000000158549 ) ) ;
#4511 = VERTEX_POINT ( 'NONE', #5942 ) ;
#4512 = UNCERTAINTY_MEASURE_WITH_UNIT (LENGTH_MEASURE( 1.000000000000000082E-05 ), #4342, 'distance_accuracy_value', 'NONE');
#4513 = CARTESIAN_POINT ( 'NONE',  ( 0.4659369456582507230, 0.9785943035390829436, 0.01100000000000389902 ) ) ;
#4514 = LINE ( 'NONE', #5018, #2491 ) ;
#4515 = AXIS2_PLACEMENT_3D ( 'NONE', #6597, #9570, #5029 ) ;
#4516 = LINE ( 'NONE', #5936, #6046 ) ;
#4517 = VECTOR ( 'NONE', #8630, 1000.000000000000000 ) ;
#4518 = AXIS2_PLACEMENT_3D ( 'NONE', #8999, #9036, #7507 ) ;
#4519 = EDGE_CURVE ( 'NONE', #7247, #5955, #1589, .T. ) ;
#4520 =( NAMED_UNIT ( * ) SI_UNIT ( $, .STERADIAN. ) SOLID_ANGLE_UNIT ( ) );
#4521 = ORIENTED_EDGE ( 'NONE', *, *, #3012, .T. ) ;
#4522 = DIRECTION ( 'NONE',  ( -1.000000000000000000, -0.0000000000000000000, 0.0000000000000000000 ) ) ;
#4523 = PLANE ( 'NONE',  #4518 ) ;
#4524 = VECTOR ( 'NONE', #272, 1000.000000000000000 ) ;
#4525 = DIRECTION ( 'NONE',  ( 0.0000000000000000000, 3.491481338843133355E-15, -1.000000000000000000 ) ) ;
#4526 = CARTESIAN_POINT ( 'NONE',  ( 0.2585055432192264191, 0.9761552791488392611, 0.01100000000000389902 ) ) ;
#4527 = EDGE_CURVE ( 'NONE', #2793, #3886, #6640, .T. ) ;
#4528 = AXIS2_PLACEMENT_3D ( 'NONE', #4582, #910, #6136 ) ;
#4529 = COLOUR_RGB ( '',0.1098039215686274495, 0.1098039215686274495, 0.1098039215686274495 ) ;
#4530 = CARTESIAN_POINT ( 'NONE',  ( 0.3257822864519515638, 0.9743741634996028189, 0.01100000000000389902 ) ) ;
#4531 = LINE ( 'NONE', #360, #3007 ) ;
#4532 = DIRECTION ( 'NONE',  ( 0.0000000000000000000, 1.000000000000000000, 3.491481338843133355E-15 ) ) ;
#4533 = ADVANCED_FACE ( 'NONE', ( #3116 ), #1441, .F. ) ;
#4534 = CARTESIAN_POINT ( 'NONE',  ( 0.3404195640571922032, 0.9874182680539469459, 0.001000000000003873225 ) ) ;
#4535 = SURFACE_SIDE_STYLE ('',( #4754 ) ) ;
#4536 = VECTOR ( 'NONE', #6575, 1000.000000000000000 ) ;
#4537 = EDGE_LOOP ( 'NONE', ( #6220, #2908, #3735, #713 ) ) ;
#4538 = FACE_OUTER_BOUND ( 'NONE', #7151, .T. ) ;
#4539 = CARTESIAN_POINT ( 'NONE',  ( -2.899999999999999911, -0.7589999999999896829, 0.01099999999999782749 ) ) ;
#4540 = PRESENTATION_LAYER_ASSIGNMENT (  '', '', ( #7182 ) ) ;
#4541 = VECTOR ( 'NONE', #6599, 1000.000000000000000 ) ;
#4542 = FILL_AREA_STYLE ('',( #1576 ) ) ;
#4543 = CARTESIAN_POINT ( 'NONE',  ( 1.299999999999999378, 4.231000000000008754, 0.001000000000015148927 ) ) ;
#4544 = CARTESIAN_POINT ( 'NONE',  ( 2.899999999999999911, 1.351000000000004864, 1.421000000000004704 ) ) ;
#4545 = ADVANCED_FACE ( 'NONE', ( #4645, #3244, #2625 ), #8839, .F. ) ;
#4546 = ORIENTED_EDGE ( 'NONE', *, *, #6865, .T. ) ;
#4547 = PRESENTATION_STYLE_ASSIGNMENT (( #7089 ) ) ;
#4548 = MECHANICAL_DESIGN_GEOMETRIC_PRESENTATION_REPRESENTATION (  '', ( #3546 ), #7423 ) ;
#4549 = FACE_OUTER_BOUND ( 'NONE', #8809, .T. ) ;
#4550 = CARTESIAN_POINT ( 'NONE',  ( 2.899999999999999911, 3.331000000000004846, 1.401000000000011791 ) ) ;
#4551 = CARTESIAN_POINT ( 'NONE',  ( -0.02338697403762965768, 0.9518142461464570436, 0.001000000000003873225 ) ) ;
#4552 = PLANE ( 'NONE',  #3849 ) ;
#4553 =( NAMED_UNIT ( * ) SI_UNIT ( $, .STERADIAN. ) SOLID_ANGLE_UNIT ( ) );
#4554 = VERTEX_POINT ( 'NONE', #4499 ) ;
#4555 = CARTESIAN_POINT ( 'NONE',  ( 2.800000000000000266, -0.7590000000000053371, 4.400999999999998913 ) ) ;
#4556 = FACE_OUTER_BOUND ( 'NONE', #7611, .T. ) ;
#4557 = COLOUR_RGB ( '',0.1098039215686274495, 0.1098039215686274495, 0.1098039215686274495 ) ;
#4558 = FILL_AREA_STYLE_COLOUR ( '', #3972 ) ;
#4559 =( NAMED_UNIT ( * ) PLANE_ANGLE_UNIT ( ) SI_UNIT ( $, .RADIAN. ) );
#4560 = MECHANICAL_DESIGN_GEOMETRIC_PRESENTATION_REPRESENTATION (  '', ( #2857 ), #386 ) ;
#4561 = CARTESIAN_POINT ( 'NONE',  ( -2.699999999999999734, 3.331000000000009287, 0.2010000000000121967 ) ) ;
#4562 = ORIENTED_EDGE ( 'NONE', *, *, #7487, .T. ) ;
#4563 = EDGE_LOOP ( 'NONE', ( #7014, #6662, #3053, #5497 ) ) ;
#4564 = DIRECTION ( 'NONE',  ( 0.0000000000000000000, 3.491481338843133355E-15, -1.000000000000000000 ) ) ;
#4565 = CARTESIAN_POINT ( 'NONE',  ( 3.799999999999996714, 2.901710678118663900, 0.2010000000000113363 ) ) ;
#4566 = PRESENTATION_STYLE_ASSIGNMENT (( #3931 ) ) ;
#4567 = VERTEX_POINT ( 'NONE', #6888 ) ;
#4568 = VERTEX_POINT ( 'NONE', #4620 ) ;
#4569 = ORIENTED_EDGE ( 'NONE', *, *, #4993, .T. ) ;
#4570 = ORIENTED_EDGE ( 'NONE', *, *, #8850, .T. ) ;
#4571 = CARTESIAN_POINT ( 'NONE',  ( 0.3247337544664557485, 1.099685366410765752, 0.001000000000004306906 ) ) ;
#4572 =( NAMED_UNIT ( * ) SI_UNIT ( $, .STERADIAN. ) SOLID_ANGLE_UNIT ( ) );
#4573 = DIRECTION ( 'NONE',  ( 0.3826834323650907255, -3.225708147102274523E-15, 0.9238795325112864054 ) ) ;
#4574 = DIRECTION ( 'NONE',  ( 0.0000000000000000000, -1.000000000000000000, -3.523657060577887833E-15 ) ) ;
#4575 = MECHANICAL_DESIGN_GEOMETRIC_PRESENTATION_REPRESENTATION (  '', ( #5590 ), #7592 ) ;
#4576 = DIRECTION ( 'NONE',  ( 1.000000000000000000, 0.0000000000000000000, -0.0000000000000000000 ) ) ;
#4577 = ORIENTED_EDGE ( 'NONE', *, *, #4926, .T. ) ;
#4578 = COLOUR_RGB ( '',0.1098039215686274495, 0.1098039215686274495, 0.1098039215686274495 ) ;
#4579 = VERTEX_POINT ( 'NONE', #1634 ) ;
#4580 = ADVANCED_FACE ( 'NONE', ( #5542 ), #8001, .F. ) ;
#4581 = VERTEX_POINT ( 'NONE', #2260 ) ;
#4582 = CARTESIAN_POINT ( 'NONE',  ( 0.05583786029239712345, 0.9542040596366438976, 0.001000000000003873225 ) ) ;
#4583 = CARTESIAN_POINT ( 'NONE',  ( 0.01681347004849455609, 0.9865211328073746344, 0.01100000000000389902 ) ) ;
#4584 = PRESENTATION_LAYER_ASSIGNMENT (  '', '', ( #1924 ) ) ;
#4585 = ORIENTED_EDGE ( 'NONE', *, *, #9301, .F. ) ;
#4586 = CARTESIAN_POINT ( 'NONE',  ( 0.6999999999999992895, 3.818867965644044737, 0.5717106781186694908 ) ) ;
#4587 = LINE ( 'NONE', #2153, #7392 ) ;
#4588 =( GEOMETRIC_REPRESENTATION_CONTEXT ( 3 ) GLOBAL_UNCERTAINTY_ASSIGNED_CONTEXT ( ( #1032 ) ) GLOBAL_UNIT_ASSIGNED_CONTEXT ( ( #3351, #1862, #4879 ) ) REPRESENTATION_CONTEXT ( 'NONE', 'WORKASPACE' ) );
#4589 = EDGE_CURVE ( 'NONE', #1623, #8212, #1878, .T. ) ;
#4590 = EDGE_LOOP ( 'NONE', ( #4104, #4913, #914, #8562 ) ) ;
#4591 = ADVANCED_FACE ( 'NONE', ( #4839 ), #9098, .F. ) ;
#4592 = SURFACE_STYLE_FILL_AREA ( #886 ) ;
#4593 = CIRCLE ( 'NONE', #1246, 0.2000000000000000944 ) ;
#4594 = DIRECTION ( 'NONE',  ( 0.0000000000000000000, 0.7071067811865489050, -0.7071067811865462405 ) ) ;
#4595 = PRESENTATION_STYLE_ASSIGNMENT (( #7965 ) ) ;
#4596 = DIRECTION ( 'NONE',  ( 0.0000000000000000000, -3.491481338843133355E-15, 1.000000000000000000 ) ) ;
#4597 = ORIENTED_EDGE ( 'NONE', *, *, #948, .T. ) ;
#4598 = DIRECTION ( 'NONE',  ( -0.0000000000000000000, 3.491481338843133355E-15, -1.000000000000000000 ) ) ;
#4599 = SURFACE_STYLE_USAGE ( .BOTH. , #6083 ) ;
#4600 = CARTESIAN_POINT ( 'NONE',  ( 1.600000000000000533, -4.568999999999995509, 1.700999999999984524 ) ) ;
#4601 = CARTESIAN_POINT ( 'NONE',  ( -0.02373391339597477959, 0.9738113475685843401, 0.001000000000003873225 ) ) ;
#4602 = PRESENTATION_LAYER_ASSIGNMENT (  '', '', ( #7416 ) ) ;
#4603 = EDGE_CURVE ( 'NONE', #7062, #7368, #1771, .T. ) ;
#4604 = ORIENTED_EDGE ( 'NONE', *, *, #3473, .T. ) ;
#4605 = LINE ( 'NONE', #8028, #3550 ) ;
#4606 = VERTEX_POINT ( 'NONE', #7803 ) ;
#4607 = CARTESIAN_POINT ( 'NONE',  ( -2.720000000000000195, 3.330999999999999961, 2.901000000000011791 ) ) ;
#4608 = PLANE ( 'NONE',  #9484 ) ;
#4609 =( NAMED_UNIT ( * ) PLANE_ANGLE_UNIT ( ) SI_UNIT ( $, .RADIAN. ) );
#4610 = CARTESIAN_POINT ( 'NONE',  ( 0.0000000000000000000, -1.568999999999990624, 0.2009999999999952935 ) ) ;
#4611 = PRESENTATION_STYLE_ASSIGNMENT (( #8699 ) ) ;
#4612 = CARTESIAN_POINT ( 'NONE',  ( -0.06778009672879739544, 1.153014013345657007, 0.01100000000000433270 ) ) ;
#4613 = ORIENTED_EDGE ( 'NONE', *, *, #5495, .F. ) ;
#4614 =( GEOMETRIC_REPRESENTATION_CONTEXT ( 3 ) GLOBAL_UNCERTAINTY_ASSIGNED_CONTEXT ( ( #8198 ) ) GLOBAL_UNIT_ASSIGNED_CONTEXT ( ( #7834, #4157, #1883 ) ) REPRESENTATION_CONTEXT ( 'NONE', 'WORKASPACE' ) );
#4615 = CARTESIAN_POINT ( 'NONE',  ( -0.6999999999999999556, 3.331000000000007955, 0.6010000000000131903 ) ) ;
#4616 = DIRECTION ( 'NONE',  ( -1.495451272393799542E-16, -2.949380252600381138E-15, 1.000000000000000000 ) ) ;
#4617 = CARTESIAN_POINT ( 'NONE',  ( 2.719999999999999751, 3.111000000000004206, 1.421000000000010477 ) ) ;
#4618 = CARTESIAN_POINT ( 'NONE',  ( 0.4694221207311335409, 0.9918207268923631137, 0.01100000000000389902 ) ) ;
#4619 = CARTESIAN_POINT ( 'NONE',  ( -2.900000000000000799, -0.7590000000000105551, 5.800999999999997492 ) ) ;
#4620 = CARTESIAN_POINT ( 'NONE',  ( -0.03452037141491977323, 1.134691864514691728, 0.01100000000000433270 ) ) ;
#4621 = ORIENTED_EDGE ( 'NONE', *, *, #7216, .F. ) ;
#4622 = VECTOR ( 'NONE', #8286, 1000.000000000000000 ) ;
#4623 = LINE ( 'NONE', #397, #1457 ) ;
#4624 = FILL_AREA_STYLE_COLOUR ( '', #6592 ) ;
#4625 = CARTESIAN_POINT ( 'NONE',  ( -2.899999999999999911, 1.154204059636644075, 0.01100000000000433270 ) ) ;
#4626 = PRESENTATION_STYLE_ASSIGNMENT (( #5474 ) ) ;
#4627 = SURFACE_STYLE_USAGE ( .BOTH. , #7444 ) ;
#4628 = ADVANCED_FACE ( 'NONE', ( #9517 ), #9003, .T. ) ;
#4629 = PLANE ( 'NONE',  #7233 ) ;
#4630 = FILL_AREA_STYLE ('',( #3065 ) ) ;
#4631 = CARTESIAN_POINT ( 'NONE',  ( 2.900000000000000799, 3.330999999999995520, 4.401000000000011347 ) ) ;
#4632 = FACE_OUTER_BOUND ( 'NONE', #7283, .T. ) ;
#4633 = UNCERTAINTY_MEASURE_WITH_UNIT (LENGTH_MEASURE( 1.000000000000000082E-05 ), #7519, 'distance_accuracy_value', 'NONE');
#4634 = STYLED_ITEM ( 'NONE', ( #4318 ), #26 ) ;
#4635 = LINE ( 'NONE', #1235, #8164 ) ;
#4636 = PLANE ( 'NONE',  #4266 ) ;
#4637 = CYLINDRICAL_SURFACE ( 'NONE', #4748, 0.2000000000000000944 ) ;
#4638 = CARTESIAN_POINT ( 'NONE',  ( 0.3631549334631288262, 1.051688815734204807, 0.001000000000004306906 ) ) ;
#4639 = CARTESIAN_POINT ( 'NONE',  ( 2.899999999999999023, -0.7590000000000105551, 5.800999999999997492 ) ) ;
#4640 = ADVANCED_FACE ( 'NONE', ( #7285 ), #8492, .T. ) ;
#4641 = CARTESIAN_POINT ( 'NONE',  ( -0.07662485597625623424, 1.150026198483270701, 0.001000000000004306906 ) ) ;
#4642 = PRESENTATION_LAYER_ASSIGNMENT (  '', '', ( #4143 ) ) ;
#4643 = CARTESIAN_POINT ( 'NONE',  ( -2.700000000000000622, 3.330999999999989747, 5.801000000000011703 ) ) ;
#4644 = LINE ( 'NONE', #3388, #3470 ) ;
#4645 = FACE_BOUND ( 'NONE', #9612, .T. ) ;
#4646 = LINE ( 'NONE', #2866, #9573 ) ;
#4647 = MECHANICAL_DESIGN_GEOMETRIC_PRESENTATION_REPRESENTATION (  '', ( #8542 ), #332 ) ;
#4648 = DIRECTION ( 'NONE',  ( 0.0000000000000000000, 1.000000000000000000, 3.491481338843133355E-15 ) ) ;
#4649 = EDGE_CURVE ( 'NONE', #9240, #380, #4366, .T. ) ;
#4650 = CARTESIAN_POINT ( 'NONE',  ( -0.02792670660722892245, 0.9517817041335210337, 0.001000000000003873225 ) ) ;
#4651 = EDGE_LOOP ( 'NONE', ( #8410, #1843, #2404, #6243 ) ) ;
#4652 = DIRECTION ( 'NONE',  ( 1.000000000000000000, 0.0000000000000000000, 0.0000000000000000000 ) ) ;
#4653 = DIRECTION ( 'NONE',  ( -0.0000000000000000000, -3.491481338843133355E-15, 1.000000000000000000 ) ) ;
#4654 = ORIENTED_EDGE ( 'NONE', *, *, #2375, .T. ) ;
#4655 =( LENGTH_UNIT ( ) NAMED_UNIT ( * ) SI_UNIT ( .MILLI., .METRE. ) );
#4656 = CARTESIAN_POINT ( 'NONE',  ( 0.3361327146973694946, 1.043241709306693465, 0.001000000000004306906 ) ) ;
#4657 = VECTOR ( 'NONE', #9688, 1000.000000000000000 ) ;
#4658 = ORIENTED_EDGE ( 'NONE', *, *, #1724, .F. ) ;
#4659 = EDGE_CURVE ( 'NONE', #9240, #428, #8115, .T. ) ;
#4660 = PRESENTATION_LAYER_ASSIGNMENT (  '', '', ( #5987 ) ) ;
#4661 = EDGE_CURVE ( 'NONE', #1176, #968, #3880, .T. ) ;
#4662 = ORIENTED_EDGE ( 'NONE', *, *, #5223, .T. ) ;
#4663 = DIRECTION ( 'NONE',  ( 1.000000000000000000, 0.0000000000000000000, 0.0000000000000000000 ) ) ;
#4664 = CARTESIAN_POINT ( 'NONE',  ( 2.800000000000000266, -0.7589999999999966773, 1.900999999999998025 ) ) ;
#4665 =( NAMED_UNIT ( * ) PLANE_ANGLE_UNIT ( ) SI_UNIT ( $, .RADIAN. ) );
#4666 = PLANE ( 'NONE',  #8819 ) ;
#4667 = CARTESIAN_POINT ( 'NONE',  ( -0.09764101482038482771, 1.095562708480731118, 0.01100000000000433270 ) ) ;
#4668 = FILL_AREA_STYLE ('',( #926 ) ) ;
#4669 = CARTESIAN_POINT ( 'NONE',  ( -0.2246499445856516564, 1.132252840124448934, 0.001000000000004306906 ) ) ;
#4670 = FACE_BOUND ( 'NONE', #8591, .T. ) ;
#4671 = AXIS2_PLACEMENT_3D ( 'NONE', #9610, #2162, #2904 ) ;
#4672 = DIRECTION ( 'NONE',  ( -1.532000111646839560E-16, -3.491481338843133355E-15, 1.000000000000000000 ) ) ;
#4673 = EDGE_LOOP ( 'NONE', ( #8916, #387, #8005, #5482 ) ) ;
#4674 = ORIENTED_EDGE ( 'NONE', *, *, #8319, .T. ) ;
#4675 = ORIENTED_EDGE ( 'NONE', *, *, #728, .T. ) ;
#4676 = DIRECTION ( 'NONE',  ( 1.445602896647339163E-16, 3.491481338843133355E-15, -1.000000000000000000 ) ) ;
#4677 = CARTESIAN_POINT ( 'NONE',  ( 0.2021793237070310389, 1.154204059636644075, 0.01100000000000433270 ) ) ;
#4678 =( GEOMETRIC_REPRESENTATION_CONTEXT ( 3 ) GLOBAL_UNCERTAINTY_ASSIGNED_CONTEXT ( ( #3802 ) ) GLOBAL_UNIT_ASSIGNED_CONTEXT ( ( #1175, #2683, #5756 ) ) REPRESENTATION_CONTEXT ( 'NONE', 'WORKASPACE' ) );
#4679 = FILL_AREA_STYLE_COLOUR ( '', #294 ) ;
#4680 = CARTESIAN_POINT ( 'NONE',  ( 0.3257396021181563350, 1.132842557843210640, 0.001000000000004306906 ) ) ;
#4681 =( BOUNDED_CURVE ( )  B_SPLINE_CURVE ( 3, ( #3288, #4103, #9276, #3372 ),
 .UNSPECIFIED., .F., .F. ) 
 B_SPLINE_CURVE_WITH_KNOTS ( ( 4, 4 ),
 ( 3.141592653589789563, 4.712388980384687898 ),
 .UNSPECIFIED. ) 
 CURVE ( )  GEOMETRIC_REPRESENTATION_ITEM ( )  RATIONAL_B_SPLINE_CURVE ( ( 1.000000000000000000, 0.8047378541243646044, 0.8047378541243646044, 1.000000000000000000 ) ) 
 REPRESENTATION_ITEM ( '' )  );
#4682 = CARTESIAN_POINT ( 'NONE',  ( -0.02338697403762965768, 0.9518142461464570436, 0.001000000000003873225 ) ) ;
#4683 = CYLINDRICAL_SURFACE ( 'NONE', #703, 0.1999999999999996503 ) ;
#4684 = CARTESIAN_POINT ( 'NONE',  ( -0.07662485597625623424, 1.150026198483270701, 0.01100000000000433270 ) ) ;
#4685 = FILL_AREA_STYLE_COLOUR ( '', #7366 ) ;
#4686 = VECTOR ( 'NONE', #7587, 1000.000000000000114 ) ;
#4687 = ORIENTED_EDGE ( 'NONE', *, *, #1268, .F. ) ;
#4688 =( GEOMETRIC_REPRESENTATION_CONTEXT ( 3 ) GLOBAL_UNCERTAINTY_ASSIGNED_CONTEXT ( ( #7166 ) ) GLOBAL_UNIT_ASSIGNED_CONTEXT ( ( #1706, #2432, #1606 ) ) REPRESENTATION_CONTEXT ( 'NONE', 'WORKASPACE' ) );
#4689 = ORIENTED_EDGE ( 'NONE', *, *, #7992, .F. ) ;
#4690 = PLANE ( 'NONE',  #2072 ) ;
#4691 = ORIENTED_EDGE ( 'NONE', *, *, #1499, .F. ) ;
#4692 = EDGE_LOOP ( 'NONE', ( #9145, #3531, #2462, #9284 ) ) ;
#4693 = ORIENTED_EDGE ( 'NONE', *, *, #1387, .F. ) ;
#4694 = ADVANCED_FACE ( 'NONE', ( #4240 ), #3999, .F. ) ;
#4695 = ORIENTED_EDGE ( 'NONE', *, *, #8312, .F. ) ;
#4696 = VECTOR ( 'NONE', #2529, 1000.000000000000000 ) ;
#4697 = CARTESIAN_POINT ( 'NONE',  ( -2.720000000000000195, 1.351000000000003309, 1.921000000000004926 ) ) ;
#4698 = CARTESIAN_POINT ( 'NONE',  ( 0.2975087245752359166, 1.124151716906326648, 0.01100000000000433270 ) ) ;
#4699 = ORIENTED_EDGE ( 'NONE', *, *, #2969, .T. ) ;
#4700 = CARTESIAN_POINT ( 'NONE',  ( 3.958578643762689087, 0.3017106781186642550, 0.001000000000001704820 ) ) ;
#4701 = ORIENTED_EDGE ( 'NONE', *, *, #152, .T. ) ;
#4702 = VERTEX_POINT ( 'NONE', #4729 ) ;
#4703 = CARTESIAN_POINT ( 'NONE',  ( -1.799999999999999822, -4.569000000000004391, 4.400999999999984702 ) ) ;
#4704 = ORIENTED_EDGE ( 'NONE', *, *, #1767, .T. ) ;
#4706 = LINE ( 'NONE', #8391, #8680 ) ;
#4705 = STYLED_ITEM ( 'NONE', ( #4812 ), #7751 ) ;
#4707 = UNCERTAINTY_MEASURE_WITH_UNIT (LENGTH_MEASURE( 1.000000000000000082E-05 ), #1684, 'distance_accuracy_value', 'NONE');
#4708 = COLOUR_RGB ( '',0.7764705882352941346, 0.7568627450980391913, 0.7372549019607843590 ) ;
#4709 = PLANE ( 'NONE',  #6958 ) ;
#4710 = COLOUR_RGB ( '',1.000000000000000000, 1.000000000000000000, 1.000000000000000000 ) ;
#4711 = FILL_AREA_STYLE_COLOUR ( '', #2856 ) ;
#4712 = CARTESIAN_POINT ( 'NONE',  ( 0.3630741600225999011, 1.055466332635474513, 0.001000000000004306906 ) ) ;
#4713 = UNCERTAINTY_MEASURE_WITH_UNIT (LENGTH_MEASURE( 1.000000000000000082E-05 ), #8796, 'distance_accuracy_value', 'NONE');
#4714 = STYLED_ITEM ( 'NONE', ( #9330 ), #3151 ) ;
#4715 = EDGE_LOOP ( 'NONE', ( #8737, #502, #8572, #3046 ) ) ;
#4716 = FILL_AREA_STYLE_COLOUR ( '', #8519 ) ;
#4717 = MECHANICAL_DESIGN_GEOMETRIC_PRESENTATION_REPRESENTATION (  '', ( #3382 ), #4398 ) ;
#4718 = CARTESIAN_POINT ( 'NONE',  ( -0.05839684137278238624, 1.155140516325007249, 0.001000000000004306906 ) ) ;
#4719 = FACE_OUTER_BOUND ( 'NONE', #6620, .T. ) ;
#4720 = DIRECTION ( 'NONE',  ( -1.000000000000000000, -0.0000000000000000000, 0.0000000000000000000 ) ) ;
#4721 = CARTESIAN_POINT ( 'NONE',  ( 0.0000000000000000000, -1.768999999999999684, 2.900999999999994916 ) ) ;
#4722 = PRESENTATION_STYLE_ASSIGNMENT (( #8921 ) ) ;
#4723 = EDGE_LOOP ( 'NONE', ( #7175, #5982, #5094, #3175 ) ) ;
#4724 =( NAMED_UNIT ( * ) PLANE_ANGLE_UNIT ( ) SI_UNIT ( $, .RADIAN. ) );
#4725 = DIRECTION ( 'NONE',  ( 1.495451272393799296E-16, 3.491481338843133355E-15, -1.000000000000000000 ) ) ;
#4726 = LINE ( 'NONE', #8496, #8471 ) ;
#4727 = UNCERTAINTY_MEASURE_WITH_UNIT (LENGTH_MEASURE( 1.000000000000000082E-05 ), #4858, 'distance_accuracy_value', 'NONE');
#4728 = VECTOR ( 'NONE', #9617, 1000.000000000000000 ) ;
#4729 = CARTESIAN_POINT ( 'NONE',  ( -1.300000000000000044, 3.989578643762699883, 0.4010000000000157883 ) ) ;
#4730 = ORIENTED_EDGE ( 'NONE', *, *, #6984, .T. ) ;
#4731 = PRESENTATION_LAYER_ASSIGNMENT (  '', '', ( #3661 ) ) ;
#4732 = LINE ( 'NONE', #7968, #2836 ) ;
#4733 = EDGE_LOOP ( 'NONE', ( #3187, #805, #7774 ) ) ;
#4734 =( NAMED_UNIT ( * ) SI_UNIT ( $, .STERADIAN. ) SOLID_ANGLE_UNIT ( ) );
#4735 = DIRECTION ( 'NONE',  ( -0.3222024856061127540, 0.9466707760722534726, 3.305283348684419555E-15 ) ) ;
#4736 = VECTOR ( 'NONE', #4881, 1000.000000000000000 ) ;
#4737 = CARTESIAN_POINT ( 'NONE',  ( 0.3247337544664557485, 1.099685366410765752, 0.01100000000000433270 ) ) ;
#4738 = CARTESIAN_POINT ( 'NONE',  ( -2.700000000000000178, 1.330999999999999739, 2.901000000000005130 ) ) ;
#4739 = SURFACE_STYLE_USAGE ( .BOTH. , #5364 ) ;
#4740 = EDGE_LOOP ( 'NONE', ( #9574, #2806, #358, #4200 ) ) ;
#4741 =( GEOMETRIC_REPRESENTATION_CONTEXT ( 3 ) GLOBAL_UNCERTAINTY_ASSIGNED_CONTEXT ( ( #5847 ) ) GLOBAL_UNIT_ASSIGNED_CONTEXT ( ( #6980, #8485, #2450 ) ) REPRESENTATION_CONTEXT ( 'NONE', 'WORKASPACE' ) );
#4742 = CARTESIAN_POINT ( 'NONE',  ( -2.800000000000000266, -0.7590000000000053371, 4.400999999999998913 ) ) ;
#4743 = FACE_BOUND ( 'NONE', #2880, .T. ) ;
#4744 = EDGE_CURVE ( 'NONE', #6198, #1522, #8108, .T. ) ;
#4745 = DIRECTION ( 'NONE',  ( -0.7071067811865460184, 2.468850131082270866E-15, -0.7071067811865490160 ) ) ;
#4746 = DIRECTION ( 'NONE',  ( 0.0000000000000000000, 1.000000000000000000, 3.491481338843133355E-15 ) ) ;
#4747 = DIRECTION ( 'NONE',  ( 0.0000000000000000000, -3.491481338843133355E-15, 1.000000000000000000 ) ) ;
#4748 = AXIS2_PLACEMENT_3D ( 'NONE', #9195, #6845, #7862 ) ;
#4749 = SURFACE_SIDE_STYLE ('',( #2121 ) ) ;
#4750 = ORIENTED_EDGE ( 'NONE', *, *, #6785, .F. ) ;
#4751 = CARTESIAN_POINT ( 'NONE',  ( -0.1285634483476619516, 1.088854815624679118, 0.001000000000004306906 ) ) ;
#4752 = ADVANCED_FACE ( 'NONE', ( #6004 ), #7969, .T. ) ;
#4753 = CARTESIAN_POINT ( 'NONE',  ( -0.03002342019540777188, 0.9737162547585943573, 0.01100000000000389902 ) ) ;
#4754 = SURFACE_STYLE_FILL_AREA ( #2140 ) ;
#4755 = SURFACE_STYLE_USAGE ( .BOTH. , #9234 ) ;
#4756 =( GEOMETRIC_REPRESENTATION_CONTEXT ( 3 ) GLOBAL_UNCERTAINTY_ASSIGNED_CONTEXT ( ( #7649 ) ) GLOBAL_UNIT_ASSIGNED_CONTEXT ( ( #5501, #3261, #8507 ) ) REPRESENTATION_CONTEXT ( 'NONE', 'WORKASPACE' ) );
#4757 = PLANE ( 'NONE',  #3570 ) ;
#4758 = CLOSED_SHELL ( 'NONE', ( #4491, #9660, #8242, #3605, #3789, #7937, #8478, #3216, #5724, #334 ) ) ;
#4759 = SURFACE_STYLE_FILL_AREA ( #1403 ) ;
#4760 = SURFACE_STYLE_USAGE ( .BOTH. , #7704 ) ;
#4761 = CARTESIAN_POINT ( 'NONE',  ( 0.01681347004849455609, 0.9865211328073746344, 0.01100000000000389902 ) ) ;
#4762 = CARTESIAN_POINT ( 'NONE',  ( 0.01681347004849466711, 1.121886986465911118, 0.001000000000004306906 ) ) ;
#4763 = LINE ( 'NONE', #8800, #9685 ) ;
#4764 = FACE_OUTER_BOUND ( 'NONE', #5262, .T. ) ;
#4765 = STYLED_ITEM ( 'NONE', ( #4283 ), #2248 ) ;
#4766 = CARTESIAN_POINT ( 'NONE',  ( 0.2290085919997141839, 0.9761552791488392611, 0.001000000000003873225 ) ) ;
#4767 = CYLINDRICAL_SURFACE ( 'NONE', #6442, 0.1999999999999996503 ) ;
#4768 = DIRECTION ( 'NONE',  ( 1.532000111646839560E-16, -3.368276546515235160E-15, 1.000000000000000000 ) ) ;
#4769 = SURFACE_STYLE_USAGE ( .BOTH. , #6993 ) ;
#4770 = CARTESIAN_POINT ( 'NONE',  ( 0.3155503325149704996, 1.111308421226130383, 0.01100000000000433270 ) ) ;
#4771 = LINE ( 'NONE', #6497, #5350 ) ;
#4772 = VECTOR ( 'NONE', #5083, 1000.000000000000000 ) ;
#4773 =( NAMED_UNIT ( * ) PLANE_ANGLE_UNIT ( ) SI_UNIT ( $, .RADIAN. ) );
#4774 = PLANE ( 'NONE',  #4198 ) ;
#4775 = SURFACE_STYLE_FILL_AREA ( #2842 ) ;
#4776 = PRESENTATION_LAYER_ASSIGNMENT (  '', '', ( #2402 ) ) ;
#4777 = SURFACE_STYLE_FILL_AREA ( #6170 ) ;
#4778 = PRESENTATION_STYLE_ASSIGNMENT (( #7238 ) ) ;
#4779 = SURFACE_SIDE_STYLE ('',( #5738 ) ) ;
#4780 = SURFACE_STYLE_FILL_AREA ( #7169 ) ;
#4781 = CARTESIAN_POINT ( 'NONE',  ( 3.387867965644034918, 2.901710678118662567, 0.5717106781186664932 ) ) ;
#4782 = CARTESIAN_POINT ( 'NONE',  ( 2.700000000000000178, 1.330999999999999739, 2.901000000000005130 ) ) ;
#4783 = LINE ( 'NONE', #4631, #6318 ) ;
#4784 = CARTESIAN_POINT ( 'NONE',  ( 1.600000000000000533, -1.769000000000003237, 3.900999999999994916 ) ) ;
#4785 =( GEOMETRIC_REPRESENTATION_CONTEXT ( 3 ) GLOBAL_UNCERTAINTY_ASSIGNED_CONTEXT ( ( #4386 ) ) GLOBAL_UNIT_ASSIGNED_CONTEXT ( ( #1025, #4665, #3872 ) ) REPRESENTATION_CONTEXT ( 'NONE', 'WORKASPACE' ) );
#4786 = CARTESIAN_POINT ( 'NONE',  ( -0.03273329256830981998, 0.9737745219757900639, 0.001000000000003873225 ) ) ;
#4787 = COLOUR_RGB ( '',1.000000000000000000, 1.000000000000000000, 1.000000000000000000 ) ;
#4788 = ORIENTED_EDGE ( 'NONE', *, *, #8854, .T. ) ;
#4789 = ORIENTED_EDGE ( 'NONE', *, *, #20, .T. ) ;
#4790 = STYLED_ITEM ( 'NONE', ( #4071 ), #8242 ) ;
#4791 = VERTEX_POINT ( 'NONE', #4929 ) ;
#4792 =( GEOMETRIC_REPRESENTATION_CONTEXT ( 3 ) GLOBAL_UNCERTAINTY_ASSIGNED_CONTEXT ( ( #6282 ) ) GLOBAL_UNIT_ASSIGNED_CONTEXT ( ( #5666, #8604, #1108 ) ) REPRESENTATION_CONTEXT ( 'NONE', 'WORKASPACE' ) );
#4793 = EDGE_CURVE ( 'NONE', #1432, #6604, #2428, .T. ) ;
#4794 = DIRECTION ( 'NONE',  ( -0.0000000000000000000, 1.000000000000000000, 3.491481338843133355E-15 ) ) ;
#4795 = VECTOR ( 'NONE', #6490, 999.9999999999998863 ) ;
#4796 = CARTESIAN_POINT ( 'NONE',  ( 1.299999999999999378, 4.389578643762700239, 0.001000000000016016289 ) ) ;
#4797 = CARTESIAN_POINT ( 'NONE',  ( -2.699999999999999734, -0.7589999999999905711, 0.2009999999999979026 ) ) ;
#4798 = EDGE_LOOP ( 'NONE', ( #3757, #7065, #5933, #6569 ) ) ;
#4799 = EDGE_LOOP ( 'NONE', ( #944, #5875, #7816, #7762 ) ) ;
#4800 = FACE_OUTER_BOUND ( 'NONE', #4237, .T. ) ;
#4801 = LINE ( 'NONE', #1023, #5030 ) ;
#4802 = EDGE_CURVE ( 'NONE', #8633, #7324, #6239, .T. ) ;
#4803 = PRESENTATION_LAYER_ASSIGNMENT (  '', '', ( #7938 ) ) ;
#4804 = EDGE_CURVE ( 'NONE', #4912, #6445, #2921, .T. ) ;
#4805 = FILL_AREA_STYLE_COLOUR ( '', #235 ) ;
#4806 =( LENGTH_UNIT ( ) NAMED_UNIT ( * ) SI_UNIT ( .MILLI., .METRE. ) );
#4807 = ORIENTED_EDGE ( 'NONE', *, *, #7992, .T. ) ;
#4808 = DIRECTION ( 'NONE',  ( -0.0000000000000000000, 3.491481338843133355E-15, -1.000000000000000000 ) ) ;
#4809 = CARTESIAN_POINT ( 'NONE',  ( 0.1631549334631288706, 1.132252840124448934, 0.001000000000004306906 ) ) ;
#4810 = STYLED_ITEM ( 'NONE', ( #3159 ), #4901 ) ;
#4811 = CARTESIAN_POINT ( 'NONE',  ( 1.600000000000000533, -4.569000000000002615, 4.100999999999984880 ) ) ;
#4812 = PRESENTATION_STYLE_ASSIGNMENT (( #7508 ) ) ;
#4813 = UNCERTAINTY_MEASURE_WITH_UNIT (LENGTH_MEASURE( 1.000000000000000082E-05 ), #3018, 'distance_accuracy_value', 'NONE');
#4814 = EDGE_CURVE ( 'NONE', #2840, #3762, #1753, .T. ) ;
#4815 = LINE ( 'NONE', #7857, #3280 ) ;
#4816 = ORIENTED_EDGE ( 'NONE', *, *, #3962, .T. ) ;
#4817 = ORIENTED_EDGE ( 'NONE', *, *, #291, .F. ) ;
#4818 = EDGE_CURVE ( 'NONE', #4859, #4133, #9017, .T. ) ;
#4819 = DIRECTION ( 'NONE',  ( 1.000000000000000000, 0.0000000000000000000, 0.0000000000000000000 ) ) ;
#4820 = CARTESIAN_POINT ( 'NONE',  ( 0.01681347004849455609, 1.143838205978106481, 0.01100000000000433270 ) ) ;
#4821 =( NAMED_UNIT ( * ) PLANE_ANGLE_UNIT ( ) SI_UNIT ( $, .RADIAN. ) );
#4822 = EDGE_LOOP ( 'NONE', ( #8436, #6679, #8095, #5649, #4115, #4597, #8345, #1963 ) ) ;
#4823 = VECTOR ( 'NONE', #1236, 1000.000000000000000 ) ;
#4824 = FILL_AREA_STYLE_COLOUR ( '', #3299 ) ;
#4825 = ORIENTED_EDGE ( 'NONE', *, *, #5361, .T. ) ;
#4826 = ORIENTED_EDGE ( 'NONE', *, *, #8487, .T. ) ;
#4827 = DIRECTION ( 'NONE',  ( 0.0000000000000000000, 0.7071067811865489050, -0.7071067811865462405 ) ) ;
#4828 = CARTESIAN_POINT ( 'NONE',  ( 0.5290085919997140618, 1.154204059636644075, 0.01100000000000433270 ) ) ;
#4829 = CARTESIAN_POINT ( 'NONE',  ( -0.1025311041977150506, 1.081190301029506529, 0.001000000000004306906 ) ) ;
#4830 = ORIENTED_EDGE ( 'NONE', *, *, #7927, .F. ) ;
#4831 = VECTOR ( 'NONE', #2355, 1000.000000000000114 ) ;
#4832 = DIRECTION ( 'NONE',  ( -0.0000000000000000000, -3.491481338843133355E-15, 1.000000000000000000 ) ) ;
#4833 = ORIENTED_EDGE ( 'NONE', *, *, #9030, .F. ) ;
#4834 = VERTEX_POINT ( 'NONE', #498 ) ;
#4835 = EDGE_CURVE ( 'NONE', #6358, #3628, #6466, .T. ) ;
#4836 = DIRECTION ( 'NONE',  ( 1.000000000000000000, -5.595468833802103278E-31, 1.532000111646839560E-16 ) ) ;
#4837 = LINE ( 'NONE', #3566, #8002 ) ;
#4838 = UNCERTAINTY_MEASURE_WITH_UNIT (LENGTH_MEASURE( 1.000000000000000082E-05 ), #8318, 'distance_accuracy_value', 'NONE');
#4839 = FACE_OUTER_BOUND ( 'NONE', #5862, .T. ) ;
#4840 = CARTESIAN_POINT ( 'NONE',  ( 0.2290085919997141839, 1.132252840124448934, 0.001000000000004306906 ) ) ;
#4841 = CARTESIAN_POINT ( 'NONE',  ( -2.699999999999999734, -0.7589999999999896829, 0.0009999999999978016925 ) ) ;
#4842 = SURFACE_SIDE_STYLE ('',( #2651 ) ) ;
#4843 = VERTEX_POINT ( 'NONE', #2654 ) ;
#4844 = LINE ( 'NONE', #8274, #4130 ) ;
#4845 = VECTOR ( 'NONE', #6149, 999.9999999999998863 ) ;
#4846 =( GEOMETRIC_REPRESENTATION_CONTEXT ( 3 ) GLOBAL_UNCERTAINTY_ASSIGNED_CONTEXT ( ( #2511 ) ) GLOBAL_UNIT_ASSIGNED_CONTEXT ( ( #4033, #1703, #4734 ) ) REPRESENTATION_CONTEXT ( 'NONE', 'WORKASPACE' ) );
#4847 = ORIENTED_EDGE ( 'NONE', *, *, #6647, .F. ) ;
#4848 = DIRECTION ( 'NONE',  ( -1.000000000000000000, -0.0000000000000000000, 0.0000000000000000000 ) ) ;
#4849 = CARTESIAN_POINT ( 'NONE',  ( 2.900000000000000355, 1.351000000000003309, 1.921000000000004038 ) ) ;
#4850 = FACE_OUTER_BOUND ( 'NONE', #2947, .T. ) ;
#4851 = CARTESIAN_POINT ( 'NONE',  ( 0.01681347004849466364, 1.143838205978106481, 0.001000000000004306906 ) ) ;
#4852 = FILL_AREA_STYLE ('',( #1579 ) ) ;
#4853 = MECHANICAL_DESIGN_GEOMETRIC_PRESENTATION_REPRESENTATION (  '', ( #3823 ), #1498 ) ;
#4854 = SURFACE_STYLE_USAGE ( .BOTH. , #306 ) ;
#4855 = ADVANCED_FACE ( 'NONE', ( #7266 ), #6801, .T. ) ;
#4856 = CARTESIAN_POINT ( 'NONE',  ( 0.2678929117493053513, 1.153999052975782424, 0.01100000000000433270 ) ) ;
#4857 = EDGE_CURVE ( 'NONE', #819, #865, #5055, .T. ) ;
#4858 =( LENGTH_UNIT ( ) NAMED_UNIT ( * ) SI_UNIT ( .MILLI., .METRE. ) );
#4859 = VERTEX_POINT ( 'NONE', #7837 ) ;
#4860 = CARTESIAN_POINT ( 'NONE',  ( -3.532842712474618896, 2.901710678118663456, 0.3388679656440459764 ) ) ;
#4861 = ORIENTED_EDGE ( 'NONE', *, *, #1280, .F. ) ;
#4862 = EDGE_CURVE ( 'NONE', #6565, #9311, #1856, .T. ) ;
#4863 =( NAMED_UNIT ( * ) PLANE_ANGLE_UNIT ( ) SI_UNIT ( $, .RADIAN. ) );
#4864 = SURFACE_STYLE_USAGE ( .BOTH. , #7104 ) ;
#4865 = PRESENTATION_LAYER_ASSIGNMENT (  '', '', ( #3834 ) ) ;
#4866 = EDGE_CURVE ( 'NONE', #5139, #9117, #4370, .T. ) ;
#4867 = COLOUR_RGB ( '',0.1098039215686274495, 0.1098039215686274495, 0.1098039215686274495 ) ;
#4868 = EDGE_LOOP ( 'NONE', ( #9012, #6829, #2905, #4817 ) ) ;
#4869 = CARTESIAN_POINT ( 'NONE',  ( -2.700000000000000178, -0.7590000000000001190, 2.900999999999997581 ) ) ;
#4870 = EDGE_CURVE ( 'NONE', #532, #2311, #2312, .T. ) ;
#4871 = ORIENTED_EDGE ( 'NONE', *, *, #2116, .F. ) ;
#4872 = DIRECTION ( 'NONE',  ( 1.000000000000000000, 0.0000000000000000000, 0.0000000000000000000 ) ) ;
#4873 = FACE_OUTER_BOUND ( 'NONE', #104, .T. ) ;
#4874 = CARTESIAN_POINT ( 'NONE',  ( -0.03386431412593590012, 0.9518490802490902070, 0.01100000000000389902 ) ) ;
#4875 = DIRECTION ( 'NONE',  ( 0.0000000000000000000, -1.000000000000000000, -3.491481338843133355E-15 ) ) ;
#4876 = FILL_AREA_STYLE_COLOUR ( '', #2523 ) ;
#4877 = EDGE_CURVE ( 'NONE', #1764, #6539, #472, .T. ) ;
#4878 =( GEOMETRIC_REPRESENTATION_CONTEXT ( 3 ) GLOBAL_UNCERTAINTY_ASSIGNED_CONTEXT ( ( #7167 ) ) GLOBAL_UNIT_ASSIGNED_CONTEXT ( ( #2084, #3590, #9663 ) ) REPRESENTATION_CONTEXT ( 'NONE', 'WORKASPACE' ) );
#4879 =( NAMED_UNIT ( * ) SI_UNIT ( $, .STERADIAN. ) SOLID_ANGLE_UNIT ( ) );
#4880 = EDGE_CURVE ( 'NONE', #6360, #2478, #5977, .T. ) ;
#4881 = DIRECTION ( 'NONE',  ( 0.0000000000000000000, 1.000000000000000000, 3.491481338843133355E-15 ) ) ;
#4882 = CARTESIAN_POINT ( 'NONE',  ( -2.900000000000000799, -0.7690000000000101199, 5.800999999999997492 ) ) ;
#4883 = CARTESIAN_POINT ( 'NONE',  ( 0.4673738889672532371, 0.9829686822643693977, 0.001000000000003873225 ) ) ;
#4884 =( GEOMETRIC_REPRESENTATION_CONTEXT ( 3 ) GLOBAL_UNCERTAINTY_ASSIGNED_CONTEXT ( ( #1458 ) ) GLOBAL_UNIT_ASSIGNED_CONTEXT ( ( #6774, #8954, #8258 ) ) REPRESENTATION_CONTEXT ( 'NONE', 'WORKASPACE' ) );
#4885 = FILL_AREA_STYLE ('',( #5567 ) ) ;
#4886 = DIRECTION ( 'NONE',  ( 0.0000000000000000000, 1.000000000000000000, 4.336808689942025625E-15 ) ) ;
#4887 =( NAMED_UNIT ( * ) SI_UNIT ( $, .STERADIAN. ) SOLID_ANGLE_UNIT ( ) );
#4888 = LINE ( 'NONE', #4330, #5348 ) ;
#4889 = DIRECTION ( 'NONE',  ( -1.000000000000000000, -0.0000000000000000000, -0.0000000000000000000 ) ) ;
#4890 = VECTOR ( 'NONE', #3455, 1000.000000000000000 ) ;
#4891 = LINE ( 'NONE', #4226, #4995 ) ;
#4892 = AXIS2_PLACEMENT_3D ( 'NONE', #6511, #2016, #7284 ) ;
#4893 = PRESENTATION_STYLE_ASSIGNMENT (( #9191 ) ) ;
#4894 = FACE_BOUND ( 'NONE', #3272, .T. ) ;
#4895 =( LENGTH_UNIT ( ) NAMED_UNIT ( * ) SI_UNIT ( .MILLI., .METRE. ) );
#4896 = CARTESIAN_POINT ( 'NONE',  ( -2.700000000000000622, -1.569000000000010386, 5.800999999999995715 ) ) ;
#4897 = FACE_OUTER_BOUND ( 'NONE', #6341, .T. ) ;
#4898 =( GEOMETRIC_REPRESENTATION_CONTEXT ( 3 ) GLOBAL_UNCERTAINTY_ASSIGNED_CONTEXT ( ( #5547 ) ) GLOBAL_UNIT_ASSIGNED_CONTEXT ( ( #8717, #2239, #1487 ) ) REPRESENTATION_CONTEXT ( 'NONE', 'WORKASPACE' ) );
#4899 = DIRECTION ( 'NONE',  ( 0.0000000000000000000, 1.000000000000000000, 3.491481338843133355E-15 ) ) ;
#4900 = UNCERTAINTY_MEASURE_WITH_UNIT (LENGTH_MEASURE( 1.000000000000000082E-05 ), #5291, 'distance_accuracy_value', 'NONE');
#4901 = ADVANCED_FACE ( 'NONE', ( #7146 ), #6560, .F. ) ;
#4902 = COLOUR_RGB ( '',0.7764705882352941346, 0.7568627450980391913, 0.7372549019607843590 ) ;
#4903 = ORIENTED_EDGE ( 'NONE', *, *, #9652, .F. ) ;
#4904 = CARTESIAN_POINT ( 'NONE',  ( 1.600000000000000089, -4.769000000000004569, 4.200999999999984524 ) ) ;
#4905 =( LENGTH_UNIT ( ) NAMED_UNIT ( * ) SI_UNIT ( .MILLI., .METRE. ) );
#4906 = LINE ( 'NONE', #1149, #441 ) ;
#4907 = CARTESIAN_POINT ( 'NONE',  ( 4.699999999999997513, 2.301710678118663811, 0.2010000000000091713 ) ) ;
#4908 = COLOUR_RGB ( '',0.1098039215686274495, 0.1098039215686274495, 0.1098039215686274495 ) ;
#4909 = VERTEX_POINT ( 'NONE', #2035 ) ;
#4910 = FILL_AREA_STYLE_COLOUR ( '', #9601 ) ;
#4911 = STYLED_ITEM ( 'NONE', ( #4893 ), #468 ) ;
#4912 = VERTEX_POINT ( 'NONE', #8723 ) ;
#4913 = ORIENTED_EDGE ( 'NONE', *, *, #8919, .T. ) ;
#4914 = EDGE_LOOP ( 'NONE', ( #1743, #3576, #9413, #316 ) ) ;
#4915 = VECTOR ( 'NONE', #2435, 1000.000000000000000 ) ;
#4916 = CARTESIAN_POINT ( 'NONE',  ( -2.720000000000000195, 1.351000000000003309, 1.921000000000004926 ) ) ;
#4917 = PLANE ( 'NONE',  #154 ) ;
#4918 = DIRECTION ( 'NONE',  ( 0.0000000000000000000, 1.000000000000000000, 3.491481338843133355E-15 ) ) ;
#4919 = DIRECTION ( 'NONE',  ( -1.000000000000000000, 0.0000000000000000000, 0.0000000000000000000 ) ) ;
#4920 = LINE ( 'NONE', #6568, #4541 ) ;
#4921 = DIRECTION ( 'NONE',  ( 0.0000000000000000000, 1.000000000000000000, 4.336808689942015369E-15 ) ) ;
#4922 = MECHANICAL_DESIGN_GEOMETRIC_PRESENTATION_REPRESENTATION (  '', ( #5907 ), #348 ) ;
#4923 = CARTESIAN_POINT ( 'NONE',  ( -2.720000000000000195, -0.7590000000000035607, 3.880999999999998007 ) ) ;
#4924 = ORIENTED_EDGE ( 'NONE', *, *, #7341, .T. ) ;
#4925 = MECHANICAL_DESIGN_GEOMETRIC_PRESENTATION_REPRESENTATION (  '', ( #1701 ), #964 ) ;
#4926 = EDGE_CURVE ( 'NONE', #4702, #7281, #7636, .T. ) ;
#4927 = DIRECTION ( 'NONE',  ( 0.0000000000000000000, 3.491481338843133355E-15, -1.000000000000000000 ) ) ;
#4928 = CARTESIAN_POINT ( 'NONE',  ( -0.03708970641716335948, 1.134625644897915286, 0.001000000000004306906 ) ) ;
#4929 = CARTESIAN_POINT ( 'NONE',  ( -2.699999999999999734, -1.568999999999989736, 0.0009999999999951996073 ) ) ;
#4930 = ORIENTED_EDGE ( 'NONE', *, *, #5168, .T. ) ;
#4931 =( GEOMETRIC_REPRESENTATION_CONTEXT ( 3 ) GLOBAL_UNCERTAINTY_ASSIGNED_CONTEXT ( ( #3507 ) ) GLOBAL_UNIT_ASSIGNED_CONTEXT ( ( #2888, #5889, #8133 ) ) REPRESENTATION_CONTEXT ( 'NONE', 'WORKASPACE' ) );
#4932 = EDGE_CURVE ( 'NONE', #898, #4511, #3310, .T. ) ;
#4933 = FACE_OUTER_BOUND ( 'NONE', #1351, .T. ) ;
#4934 = DIRECTION ( 'NONE',  ( 1.000000000000000000, 0.0000000000000000000, 1.301042606982604690E-14 ) ) ;
#4935 = APPLICATION_PROTOCOL_DEFINITION ( 'draft international standard', 'automotive_design', 1998, #8525 ) ;
#4936 = VERTEX_POINT ( 'NONE', #5892 ) ;
#4937 = ORIENTED_EDGE ( 'NONE', *, *, #455, .T. ) ;
#4938 = ORIENTED_EDGE ( 'NONE', *, *, #1689, .T. ) ;
#4939 = MECHANICAL_DESIGN_GEOMETRIC_PRESENTATION_REPRESENTATION (  '', ( #5747 ), #538 ) ;
#4940 = ORIENTED_EDGE ( 'NONE', *, *, #7739, .T. ) ;
#4941 = VECTOR ( 'NONE', #5811, 1000.000000000000000 ) ;
#4942 = EDGE_CURVE ( 'NONE', #9311, #7360, #9637, .T. ) ;
#4943 = DIRECTION ( 'NONE',  ( -1.000000000000000000, -0.0000000000000000000, 0.0000000000000000000 ) ) ;
#4944 = DIRECTION ( 'NONE',  ( -1.000000000000000000, -5.221340210712170860E-31, 1.495451272393799542E-16 ) ) ;
#4945 = MECHANICAL_DESIGN_GEOMETRIC_PRESENTATION_REPRESENTATION (  '', ( #5751 ), #6072 ) ;
#4946 = CARTESIAN_POINT ( 'NONE',  ( -0.03210528730176866880, 1.134660156405207454, 0.001000000000004306906 ) ) ;
#4947 = CARTESIAN_POINT ( 'NONE',  ( -2.800000000000000266, -0.7589999999999949010, 1.400999999999997803 ) ) ;
#4948 = ORIENTED_EDGE ( 'NONE', *, *, #8386, .F. ) ;
#4949 = ORIENTED_EDGE ( 'NONE', *, *, #6970, .F. ) ;
#4950 = DIRECTION ( 'NONE',  ( -0.3826834323650907255, -3.225708147102274523E-15, 0.9238795325112862944 ) ) ;
#4951 = ADVANCED_FACE ( 'NONE', ( #6821 ), #5022, .F. ) ;
#4952 = CARTESIAN_POINT ( 'NONE',  ( -2.899999999999999911, 0.9542040596366438976, 0.01100000000000389902 ) ) ;
#4953 = UNCERTAINTY_MEASURE_WITH_UNIT (LENGTH_MEASURE( 1.000000000000000082E-05 ), #803, 'distance_accuracy_value', 'NONE');
#4954 = DIRECTION ( 'NONE',  ( -1.000000000000000000, -0.0000000000000000000, 0.0000000000000000000 ) ) ;
#4955 = ORIENTED_EDGE ( 'NONE', *, *, #768, .F. ) ;
#4956 = COLOUR_RGB ( '',0.7764705882352941346, 0.7568627450980391913, 0.7372549019607843590 ) ;
#4957 = VERTEX_POINT ( 'NONE', #8863 ) ;
#4958 = FILL_AREA_STYLE ('',( #4128 ) ) ;
#4959 = CARTESIAN_POINT ( 'NONE',  ( 0.3312715545412180385, 1.085894449443538745, 0.01100000000000433270 ) ) ;
#4960 = LINE ( 'NONE', #4625, #156 ) ;
#4961 = FILL_AREA_STYLE ('',( #7050 ) ) ;
#4962 = ORIENTED_EDGE ( 'NONE', *, *, #9495, .F. ) ;
#4963 = SURFACE_STYLE_FILL_AREA ( #4668 ) ;
#4964 = FACE_OUTER_BOUND ( 'NONE', #6571, .T. ) ;
#4965 = UNCERTAINTY_MEASURE_WITH_UNIT (LENGTH_MEASURE( 1.000000000000000082E-05 ), #1709, 'distance_accuracy_value', 'NONE');
#4966 = MECHANICAL_DESIGN_GEOMETRIC_PRESENTATION_REPRESENTATION (  '', ( #1239 ), #6350 ) ;
#4967 = COLOUR_RGB ( '',0.1098039215686274495, 0.1098039215686274495, 0.1098039215686274495 ) ;
#4968 = CARTESIAN_POINT ( 'NONE',  ( 0.3334594324317887715, 1.126337445013490202, 0.01100000000000433270 ) ) ;
#4969 = ORIENTED_EDGE ( 'NONE', *, *, #9704, .T. ) ;
#4970 = STYLED_ITEM ( 'NONE', ( #2690 ), #9660 ) ;
#4971 = ORIENTED_EDGE ( 'NONE', *, *, #9236, .F. ) ;
#4972 = PRESENTATION_STYLE_ASSIGNMENT (( #3583 ) ) ;
#4973 = DIRECTION ( 'NONE',  ( -1.000000000000000000, 0.0000000000000000000, 0.0000000000000000000 ) ) ;
#4974 = DIRECTION ( 'NONE',  ( 0.0000000000000000000, -3.491481338843133355E-15, 1.000000000000000000 ) ) ;
#4975 = FILL_AREA_STYLE ('',( #9483 ) ) ;
#4976 = AXIS2_PLACEMENT_3D ( 'NONE', #4325, #4424, #6614 ) ;
#4977 = CARTESIAN_POINT ( 'NONE',  ( 0.3559157815880705789, 1.093583378065792200, 0.01100000000000433270 ) ) ;
#4978 = EDGE_CURVE ( 'NONE', #968, #6468, #1539, .T. ) ;
#4979 = CARTESIAN_POINT ( 'NONE',  ( 1.800000000000000266, -4.569000000000004391, 4.400999999999984702 ) ) ;
#4980 = COLOUR_RGB ( '',1.000000000000000000, 1.000000000000000000, 1.000000000000000000 ) ;
#4981 = ORIENTED_EDGE ( 'NONE', *, *, #4793, .F. ) ;
#4982 = CARTESIAN_POINT ( 'NONE',  ( -0.03821701775638328136, 1.156643084026887092, 0.01100000000000433270 ) ) ;
#4983 = DIRECTION ( 'NONE',  ( -0.0000000000000000000, 3.491481338843133355E-15, -1.000000000000000000 ) ) ;
#4984 = AXIS2_PLACEMENT_3D ( 'NONE', #9450, #7250, #9520 ) ;
#4985 = EDGE_CURVE ( 'NONE', #7521, #1888, #4837, .T. ) ;
#4986 = CARTESIAN_POINT ( 'NONE',  ( 0.3312715545412180385, 1.085894449443538745, 0.001000000000004306906 ) ) ;
#4987 =( LENGTH_UNIT ( ) NAMED_UNIT ( * ) SI_UNIT ( .MILLI., .METRE. ) );
#4988 = COLOUR_RGB ( '',1.000000000000000000, 1.000000000000000000, 1.000000000000000000 ) ;
#4989 = SURFACE_SIDE_STYLE ('',( #6923 ) ) ;
#4990 = SURFACE_STYLE_FILL_AREA ( #6312 ) ;
#4991 = ADVANCED_FACE ( 'NONE', ( #2092 ), #8831, .T. ) ;
#4992 = ORIENTED_EDGE ( 'NONE', *, *, #8980, .F. ) ;
#4993 = EDGE_CURVE ( 'NONE', #5971, #2049, #4587, .T. ) ;
#4994 = PLANE ( 'NONE',  #2715 ) ;
#4995 = VECTOR ( 'NONE', #1969, 1000.000000000000000 ) ;
#4996 = B_SPLINE_SURFACE_WITH_KNOTS ( 'NONE', 3, 1, ( 
 ( #307, #4753 ),
 ( #4786, #1784 ),
 ( #1074, #5539 ),
 ( #1044, #2544 ),
 ( #8480, #6305 ),
 ( #3235, #7823 ),
 ( #7098, #7035 ),
 ( #3988, #3334 ),
 ( #9231, #5638 ),
 ( #8578, #7772 ),
 ( #4084, #9323 ),
 ( #374, #3307 ),
 ( #1007, #7735 ),
 ( #6977, #2580 ),
 ( #279, #401 ),
 ( #8512, #1750 ),
 ( #2480, #5597 ),
 ( #6275, #5508 ),
 ( #1113, #7011 ) ),
 .UNSPECIFIED., .F., .F., .F.,
 ( 4, 1, 1, 1, 1, 1, 1, 1, 1, 1, 1, 1, 1, 1, 1, 1, 4 ),
 ( 2, 2 ),
 ( 0.0000000000000000000, 0.06460397028839218181, 0.1267024139629471524, 0.1867568140356181683, 0.2455056873654366256, 0.3036520244499758547, 0.3615030739706251439, 0.4202402229284681323, 0.4800333407766951277, 0.5406781347755144074, 0.6011918063807817347, 0.6623335024774418267, 0.7247395102972300496, 0.7894677361728849041, 0.8565048600438298632, 0.9263120958391908299, 1.000000000000000000 ),
 ( 0.0000000000000000000, 1.000000000000000000 ),
 .UNSPECIFIED. ) ;
#4997 = CARTESIAN_POINT ( 'NONE',  ( -0.03025207873199314140, 0.9517650352463993269, 0.001000000000003873225 ) ) ;
#4998 = COLOUR_RGB ( '',0.1098039215686274495, 0.1098039215686274495, 0.1098039215686274495 ) ;
#4999 = CARTESIAN_POINT ( 'NONE',  ( 2.899999999999999911, 2.901710678118663456, 0.4010000000000110143 ) ) ;
#5000 = EDGE_CURVE ( 'NONE', #9595, #383, #2332, .T. ) ;
#5001 =( NAMED_UNIT ( * ) PLANE_ANGLE_UNIT ( ) SI_UNIT ( $, .RADIAN. ) );
#5002 = LINE ( 'NONE', #4979, #2994 ) ;
#5003 = CARTESIAN_POINT ( 'NONE',  ( -2.900000000000000355, 1.330999999999999739, 2.901000000000005130 ) ) ;
#5004 = LINE ( 'NONE', #1524, #2996 ) ;
#5005 = CARTESIAN_POINT ( 'NONE',  ( 0.6999999999999992895, 3.989578643762699883, 0.4010000000000149001 ) ) ;
#5006 = PRESENTATION_LAYER_ASSIGNMENT (  '', '', ( #7829 ) ) ;
#5007 = SURFACE_STYLE_USAGE ( .BOTH. , #6482 ) ;
#5008 = FACE_OUTER_BOUND ( 'NONE', #1824, .T. ) ;
#5009 = CARTESIAN_POINT ( 'NONE',  ( 2.699999999999999734, -0.7589999999999905711, 0.2009999999999983189 ) ) ;
#5010 = CARTESIAN_POINT ( 'NONE',  ( 1.600000000000000533, -4.568999999999995509, 1.900999999999984924 ) ) ;
#5011 = DIRECTION ( 'NONE',  ( 0.0000000000000000000, 1.000000000000000000, 3.491481338843133355E-15 ) ) ;
#5012 =( NAMED_UNIT ( * ) PLANE_ANGLE_UNIT ( ) SI_UNIT ( $, .RADIAN. ) );
#5013 = VECTOR ( 'NONE', #3512, 1000.000000000000114 ) ;
#5014 = COLOUR_RGB ( '',0.7764705882352941346, 0.7568627450980391913, 0.7372549019607843590 ) ;
#5015 = DIRECTION ( 'NONE',  ( 1.000000000000000000, 0.0000000000000000000, 0.0000000000000000000 ) ) ;
#5016 = CARTESIAN_POINT ( 'NONE',  ( -2.899999999999999911, 0.9017106781186627895, 0.4010000000000036313 ) ) ;
#5017 = CARTESIAN_POINT ( 'NONE',  ( -0.04213362158172233307, 1.134495647786227135, 0.001000000000004306906 ) ) ;
#5018 = CARTESIAN_POINT ( 'NONE',  ( -2.900000000000000355, 3.331000000000003070, 1.901000000000011791 ) ) ;
#5019 = ORIENTED_EDGE ( 'NONE', *, *, #6684, .T. ) ;
#5020 = PLANE ( 'NONE',  #7209 ) ;
#5021 =( GEOMETRIC_REPRESENTATION_CONTEXT ( 3 ) GLOBAL_UNCERTAINTY_ASSIGNED_CONTEXT ( ( #9559 ) ) GLOBAL_UNIT_ASSIGNED_CONTEXT ( ( #266, #6293, #5558 ) ) REPRESENTATION_CONTEXT ( 'NONE', 'WORKASPACE' ) );
#5022 = PLANE ( 'NONE',  #1577 ) ;
#5023 = VECTOR ( 'NONE', #8120, 1000.000000000000000 ) ;
#5024 = ORIENTED_EDGE ( 'NONE', *, *, #5033, .F. ) ;
#5025 = ORIENTED_EDGE ( 'NONE', *, *, #3975, .F. ) ;
#5026 = CARTESIAN_POINT ( 'NONE',  ( 0.3591585339600882332, 1.083916821098035888, 0.01100000000000433270 ) ) ;
#5027 =( GEOMETRIC_REPRESENTATION_CONTEXT ( 3 ) GLOBAL_UNCERTAINTY_ASSIGNED_CONTEXT ( ( #7555 ) ) GLOBAL_UNIT_ASSIGNED_CONTEXT ( ( #6172, #9096, #6105 ) ) REPRESENTATION_CONTEXT ( 'NONE', 'WORKASPACE' ) );
#5028 = VERTEX_POINT ( 'NONE', #6739 ) ;
#5029 = DIRECTION ( 'NONE',  ( 0.0000000000000000000, 1.000000000000000000, 3.491481338843133355E-15 ) ) ;
#5030 = VECTOR ( 'NONE', #9274, 1000.000000000000000 ) ;
#5031 = FILL_AREA_STYLE ('',( #5833 ) ) ;
#5032 = MECHANICAL_DESIGN_GEOMETRIC_PRESENTATION_REPRESENTATION (  '', ( #8044 ), #6849 ) ;
#5033 = EDGE_CURVE ( 'NONE', #8633, #3976, #390, .T. ) ;
#5034 = ORIENTED_EDGE ( 'NONE', *, *, #5788, .F. ) ;
#5035 = DIRECTION ( 'NONE',  ( -1.000000000000000000, 0.0000000000000000000, 0.0000000000000000000 ) ) ;
#5036 = DIRECTION ( 'NONE',  ( -0.0000000000000000000, 3.491481338843133355E-15, -1.000000000000000000 ) ) ;
#5037 = DIRECTION ( 'NONE',  ( -0.3393303772748763047, -0.9406672605435409951, -3.284322186248465163E-15 ) ) ;
#5038 = ADVANCED_FACE ( 'NONE', ( #5541 ), #1652, .F. ) ;
#5039 = FILL_AREA_STYLE_COLOUR ( '', #7470 ) ;
#5040 = EDGE_CURVE ( 'NONE', #5883, #2701, #6589, .T. ) ;
#5041 = CARTESIAN_POINT ( 'NONE',  ( 2.700000000000000178, -0.7590000000000035607, 3.900999999999998025 ) ) ;
#5042 = VERTEX_POINT ( 'NONE', #5312 ) ;
#5043 = FACE_OUTER_BOUND ( 'NONE', #3325, .T. ) ;
#5044 = LINE ( 'NONE', #3192, #118 ) ;
#5045 = FILL_AREA_STYLE_COLOUR ( '', #3253 ) ;
#5046 = VECTOR ( 'NONE', #2574, 1000.000000000000114 ) ;
#5047 = EDGE_LOOP ( 'NONE', ( #1683, #3160, #7939, #6145 ) ) ;
#5048 = CARTESIAN_POINT ( 'NONE',  ( 0.3175795056410232187, 0.9689811057798201066, 0.001000000000003873225 ) ) ;
#5049 = CARTESIAN_POINT ( 'NONE',  ( 3.529289321881345032, 2.301710678118662035, 0.7131320343559736097 ) ) ;
#5050 = CARTESIAN_POINT ( 'NONE',  ( -0.06311000067154111381, 1.129531286856690242, 0.001000000000004306906 ) ) ;
#5051 = ORIENTED_EDGE ( 'NONE', *, *, #834, .T. ) ;
#5052 = FILL_AREA_STYLE ('',( #3348 ) ) ;
#5053 = FILL_AREA_STYLE_COLOUR ( '', #8484 ) ;
#5054 = VECTOR ( 'NONE', #6356, 1000.000000000000000 ) ;
#5055 = LINE ( 'NONE', #8675, #8779 ) ;
#5056 = CARTESIAN_POINT ( 'NONE',  ( -2.800000000000000266, -0.7589999999999949010, 1.400999999999997803 ) ) ;
#5057 = VERTEX_POINT ( 'NONE', #3788 ) ;
#5058 = VERTEX_POINT ( 'NONE', #5277 ) ;
#5059 = B_SPLINE_CURVE_WITH_KNOTS ( 'NONE', 3,
 ( #453, #8744, #7895, #7925, #1192, #6450, #4150, #1171, #3389, #5723, #1139 ),
 .UNSPECIFIED., .F., .F.,
 ( 4, 1, 1, 1, 1, 1, 1, 1, 4 ),
 ( 0.0000000000000000000, 0.1124483899088019601, 0.2265276752126784698, 0.3444019493260280229, 0.4658649724874588949, 0.5916594493521172282, 0.7221684870248874510, 0.8586063875549267976, 1.000000000000000000 ),
 .UNSPECIFIED. ) ;
#5060 = PLANE ( 'NONE',  #9270 ) ;
#5061 = EDGE_LOOP ( 'NONE', ( #8821, #3067, #7685, #4381, #4570, #5287, #1521, #9438, #6847, #4076, #8635, #5523 ) ) ;
#5062 = CARTESIAN_POINT ( 'NONE',  ( 0.2603900890540523649, 1.154134798561413433, 0.01100000000000433270 ) ) ;
#5063 = FACE_OUTER_BOUND ( 'NONE', #8667, .T. ) ;
#5064 = SURFACE_SIDE_STYLE ('',( #4775 ) ) ;
#5065 = CARTESIAN_POINT ( 'NONE',  ( -0.1490401884880906969, 1.132252840124448934, 0.001000000000004306906 ) ) ;
#5066 = ORIENTED_EDGE ( 'NONE', *, *, #8678, .T. ) ;
#5067 =( GEOMETRIC_REPRESENTATION_CONTEXT ( 3 ) GLOBAL_UNCERTAINTY_ASSIGNED_CONTEXT ( ( #9638 ) ) GLOBAL_UNIT_ASSIGNED_CONTEXT ( ( #8690, #4213, #488 ) ) REPRESENTATION_CONTEXT ( 'NONE', 'WORKASPACE' ) );
#5068 = CARTESIAN_POINT ( 'NONE',  ( -0.6999999999999999556, 4.072421356237318157, 0.6010000000000158549 ) ) ;
#5069 = VECTOR ( 'NONE', #2808, 1000.000000000000000 ) ;
#5070 = ORIENTED_EDGE ( 'NONE', *, *, #5471, .T. ) ;
#5071 = CARTESIAN_POINT ( 'NONE',  ( 0.2585055432192264191, 0.9761552791488392611, 0.001000000000003873225 ) ) ;
#5072 = AXIS2_PLACEMENT_3D ( 'NONE', #1222, #2077, #6481 ) ;
#5073 = SURFACE_STYLE_USAGE ( .BOTH. , #2078 ) ;
#5074 =( NAMED_UNIT ( * ) PLANE_ANGLE_UNIT ( ) SI_UNIT ( $, .RADIAN. ) );
#5075 = DIRECTION ( 'NONE',  ( 2.930276141852714940E-16, 3.344967531750497781E-15, -1.000000000000000000 ) ) ;
#5076 = DIRECTION ( 'NONE',  ( 0.0000000000000000000, 1.000000000000000000, 3.523657060577887833E-15 ) ) ;
#5077 = CARTESIAN_POINT ( 'NONE',  ( -0.1221939173639721571, 1.106851283680635678, 0.01100000000000433270 ) ) ;
#5078 = ORIENTED_EDGE ( 'NONE', *, *, #8367, .T. ) ;
#5079 = FILL_AREA_STYLE_COLOUR ( '', #1620 ) ;
#5080 = LINE ( 'NONE', #6864, #622 ) ;
#5081 = MECHANICAL_DESIGN_GEOMETRIC_PRESENTATION_REPRESENTATION (  '', ( #4388 ), #6079 ) ;
#5082 = VERTEX_POINT ( 'NONE', #4486 ) ;
#5083 = DIRECTION ( 'NONE',  ( -8.673617379884027583E-16, 3.491481338843133355E-15, -1.000000000000000000 ) ) ;
#5084 = CARTESIAN_POINT ( 'NONE',  ( 2.699999999999999734, -0.7689999999999901359, 0.2009999999999979026 ) ) ;
#5085 = PRESENTATION_STYLE_ASSIGNMENT (( #8064 ) ) ;
#5086 = DIRECTION ( 'NONE',  ( -1.532000111646839560E-16, 3.368276546515235160E-15, -1.000000000000000000 ) ) ;
#5087 = CARTESIAN_POINT ( 'NONE',  ( -0.6999999999999999556, 4.389578643762701127, 0.001000000000016883651 ) ) ;
#5088 = FILL_AREA_STYLE ('',( #8065 ) ) ;
#5089 = ORIENTED_EDGE ( 'NONE', *, *, #1090, .F. ) ;
#5090 = ADVANCED_FACE ( 'NONE', ( #1315 ), #3998, .T. ) ;
#5091 = PRESENTATION_LAYER_ASSIGNMENT (  '', '', ( #6716 ) ) ;
#5092 = COLOUR_RGB ( '',0.1098039215686274495, 0.1098039215686274495, 0.1098039215686274495 ) ;
#5093 =( NAMED_UNIT ( * ) SI_UNIT ( $, .STERADIAN. ) SOLID_ANGLE_UNIT ( ) );
#5094 = ORIENTED_EDGE ( 'NONE', *, *, #5849, .F. ) ;
#5095 =( NAMED_UNIT ( * ) PLANE_ANGLE_UNIT ( ) SI_UNIT ( $, .RADIAN. ) );
#5096 = VECTOR ( 'NONE', #3874, 1000.000000000000000 ) ;
#5097 =( LENGTH_UNIT ( ) NAMED_UNIT ( * ) SI_UNIT ( .MILLI., .METRE. ) );
#5098 = DIRECTION ( 'NONE',  ( -1.000000000000000000, -0.0000000000000000000, 0.0000000000000000000 ) ) ;
#5099 = VECTOR ( 'NONE', #2350, 1000.000000000000000 ) ;
#5100 = DIRECTION ( 'NONE',  ( 0.0000000000000000000, 1.000000000000000000, 3.491481338843133355E-15 ) ) ;
#5101 = CARTESIAN_POINT ( 'NONE',  ( 0.08266712858508006023, 1.063960157197619605, 0.001000000000004306906 ) ) ;
#5102 = FACE_OUTER_BOUND ( 'NONE', #5461, .T. ) ;
#5103 = CARTESIAN_POINT ( 'NONE',  ( 0.4802281041948360807, 0.9542040596366438976, 0.01100000000000389902 ) ) ;
#5104 = STYLED_ITEM ( 'NONE', ( #9367 ), #4295 ) ;
#5105 = EDGE_CURVE ( 'NONE', #1021, #7825, #8792, .T. ) ;
#5106 =( LENGTH_UNIT ( ) NAMED_UNIT ( * ) SI_UNIT ( .MILLI., .METRE. ) );
#5107 =( LENGTH_UNIT ( ) NAMED_UNIT ( * ) SI_UNIT ( .MILLI., .METRE. ) );
#5108 = UNCERTAINTY_MEASURE_WITH_UNIT (LENGTH_MEASURE( 1.000000000000000082E-05 ), #9320, 'distance_accuracy_value', 'NONE');
#5109 = DIRECTION ( 'NONE',  ( 1.445602896647339163E-16, 3.491481338843133355E-15, -1.000000000000000000 ) ) ;
#5110 = FACE_OUTER_BOUND ( 'NONE', #7824, .T. ) ;
#5111 = LINE ( 'NONE', #2573, #3565 ) ;
#5112 = PRESENTATION_STYLE_ASSIGNMENT (( #5837 ) ) ;
#5113 = EDGE_CURVE ( 'NONE', #5757, #2314, #2440, .T. ) ;
#5114 =( NAMED_UNIT ( * ) PLANE_ANGLE_UNIT ( ) SI_UNIT ( $, .RADIAN. ) );
#5115 = PLANE ( 'NONE',  #6336 ) ;
#5116 = CARTESIAN_POINT ( 'NONE',  ( 0.2574003602923971012, 1.132252840124448934, 0.01100000000000433270 ) ) ;
#5117 = CARTESIAN_POINT ( 'NONE',  ( -1.300000000000000044, 3.331000000000007955, 0.6010000000000131903 ) ) ;
#5118 = PLANE ( 'NONE',  #9282 ) ;
#5119 = DIRECTION ( 'NONE',  ( -0.0000000000000000000, 1.000000000000000000, 3.491481338843133355E-15 ) ) ;
#5120 = SURFACE_STYLE_FILL_AREA ( #9286 ) ;
#5121 = FACE_OUTER_BOUND ( 'NONE', #3246, .T. ) ;
#5122 = STYLED_ITEM ( 'NONE', ( #6114 ), #5231 ) ;
#5123 = PRESENTATION_STYLE_ASSIGNMENT (( #1749 ) ) ;
#5124 = DIRECTION ( 'NONE',  ( -1.000000000000000000, -0.0000000000000000000, 0.0000000000000000000 ) ) ;
#5125 = VERTEX_POINT ( 'NONE', #40 ) ;
#5126 = FACE_OUTER_BOUND ( 'NONE', #7664, .T. ) ;
#5127 = CARTESIAN_POINT ( 'NONE',  ( -2.900000000000000355, -0.7590000000000035607, 3.880999999999998007 ) ) ;
#5128 = COLOUR_RGB ( '',0.1098039215686274495, 0.1098039215686274495, 0.1098039215686274495 ) ;
#5129 = VERTEX_POINT ( 'NONE', #1528 ) ;
#5130 = ORIENTED_EDGE ( 'NONE', *, *, #6122, .T. ) ;
#5131 =( LENGTH_UNIT ( ) NAMED_UNIT ( * ) SI_UNIT ( .MILLI., .METRE. ) );
#5132 = UNCERTAINTY_MEASURE_WITH_UNIT (LENGTH_MEASURE( 1.000000000000000082E-05 ), #1746, 'distance_accuracy_value', 'NONE');
#5133 = CARTESIAN_POINT ( 'NONE',  ( -3.641421356237309226, 0.9017106781186623454, 0.6010000000000036424 ) ) ;
#5134 = AXIS2_PLACEMENT_3D ( 'NONE', #2007, #8767, #6564 ) ;
#5135 = FILL_AREA_STYLE_COLOUR ( '', #6303 ) ;
#5136 = ADVANCED_FACE ( 'NONE', ( #23 ), #8399, .F. ) ;
#5137 = CARTESIAN_POINT ( 'NONE',  ( 0.05583786029239712345, 0.9542040596366438976, 0.001000000000003873225 ) ) ;
#5138 = DIRECTION ( 'NONE',  ( 1.000000000000000000, 0.0000000000000000000, 0.0000000000000000000 ) ) ;
#5139 = VERTEX_POINT ( 'NONE', #1466 ) ;
#5140 = COLOUR_RGB ( '',0.7764705882352941346, 0.7568627450980391913, 0.7372549019607843590 ) ;
#5141 = COLOUR_RGB ( '',0.1098039215686274495, 0.1098039215686274495, 0.1098039215686274495 ) ;
#5142 = CARTESIAN_POINT ( 'NONE',  ( 2.720000000000000195, 1.350999999999996204, 3.881000000000004224 ) ) ;
#5143 = VECTOR ( 'NONE', #833, 1000.000000000000000 ) ;
#5144 = CARTESIAN_POINT ( 'NONE',  ( 0.2904838471789368826, 1.127160841048151507, 0.01100000000000433270 ) ) ;
#5145 = DIRECTION ( 'NONE',  ( -1.000000000000000000, -0.0000000000000000000, 0.0000000000000000000 ) ) ;
#5146 =( NAMED_UNIT ( * ) SI_UNIT ( $, .STERADIAN. ) SOLID_ANGLE_UNIT ( ) );
#5147 = AXIS2_PLACEMENT_3D ( 'NONE', #4156, #7136, #5701 ) ;
#5148 = UNCERTAINTY_MEASURE_WITH_UNIT (LENGTH_MEASURE( 1.000000000000000082E-05 ), #6648, 'distance_accuracy_value', 'NONE');
#5149 = ORIENTED_EDGE ( 'NONE', *, *, #4661, .F. ) ;
#5150 = VERTEX_POINT ( 'NONE', #8322 ) ;
#5151 = CYLINDRICAL_SURFACE ( 'NONE', #6797, 0.2000000000000000944 ) ;
#5152 = CARTESIAN_POINT ( 'NONE',  ( -0.03002342019540777188, 0.9737162547585943573, 0.001000000000003873225 ) ) ;
#5153 =( GEOMETRIC_REPRESENTATION_CONTEXT ( 3 ) GLOBAL_UNCERTAINTY_ASSIGNED_CONTEXT ( ( #3264 ) ) GLOBAL_UNIT_ASSIGNED_CONTEXT ( ( #9536, #8013, #636 ) ) REPRESENTATION_CONTEXT ( 'NONE', 'WORKASPACE' ) );
#5154 = SURFACE_SIDE_STYLE ('',( #9088 ) ) ;
#5155 = EDGE_LOOP ( 'NONE', ( #3878, #3599, #9177, #4437 ) ) ;
#5156 =( LENGTH_UNIT ( ) NAMED_UNIT ( * ) SI_UNIT ( .MILLI., .METRE. ) );
#5157 = MECHANICAL_DESIGN_GEOMETRIC_PRESENTATION_REPRESENTATION (  '', ( #4714 ), #637 ) ;
#5158 = FACE_OUTER_BOUND ( 'NONE', #2536, .T. ) ;
#5159 = EDGE_CURVE ( 'NONE', #8791, #8407, #7275, .T. ) ;
#5160 = ORIENTED_EDGE ( 'NONE', *, *, #7289, .F. ) ;
#5161 = CARTESIAN_POINT ( 'NONE',  ( -0.03002342019540777188, 0.9737162547585943573, 0.001000000000003873225 ) ) ;
#5162 = CARTESIAN_POINT ( 'NONE',  ( -2.900000000000000799, -1.769000000000010120, 5.800999999999993939 ) ) ;
#5163 =( NAMED_UNIT ( * ) SI_UNIT ( $, .STERADIAN. ) SOLID_ANGLE_UNIT ( ) );
#5164 = ORIENTED_EDGE ( 'NONE', *, *, #7472, .T. ) ;
#5165 = CARTESIAN_POINT ( 'NONE',  ( -1.300000000000000044, 3.963842712474628271, 0.3388679656440503063 ) ) ;
#5166 = CARTESIAN_POINT ( 'NONE',  ( -0.03821701775638328136, 1.156643084026887092, 0.01100000000000433270 ) ) ;
#5167 = PLANE ( 'NONE',  #6894 ) ;
#5168 = EDGE_CURVE ( 'NONE', #9102, #9714, #4706, .T. ) ;
#5169 = MECHANICAL_DESIGN_GEOMETRIC_PRESENTATION_REPRESENTATION (  '', ( #5987 ), #6494 ) ;
#5170 = EDGE_CURVE ( 'NONE', #4113, #2833, #6937, .T. ) ;
#5171 =( NAMED_UNIT ( * ) SI_UNIT ( $, .STERADIAN. ) SOLID_ANGLE_UNIT ( ) );
#5172 = ORIENTED_EDGE ( 'NONE', *, *, #1559, .T. ) ;
#5173 = FACE_OUTER_BOUND ( 'NONE', #1317, .T. ) ;
#5174 = VERTEX_POINT ( 'NONE', #3131 ) ;
#5175 = ORIENTED_EDGE ( 'NONE', *, *, #2438, .F. ) ;
#5176 =( NAMED_UNIT ( * ) PLANE_ANGLE_UNIT ( ) SI_UNIT ( $, .RADIAN. ) );
#5177 = SURFACE_SIDE_STYLE ('',( #7431 ) ) ;
#5178 =( GEOMETRIC_REPRESENTATION_CONTEXT ( 3 ) GLOBAL_UNCERTAINTY_ASSIGNED_CONTEXT ( ( #984 ) ) GLOBAL_UNIT_ASSIGNED_CONTEXT ( ( #7779, #9242, #8461 ) ) REPRESENTATION_CONTEXT ( 'NONE', 'WORKASPACE' ) );
#5179 = CARTESIAN_POINT ( 'NONE',  ( 2.699999999999999734, -1.768999999999990136, 0.2009999999999944331 ) ) ;
#5180 = DIRECTION ( 'NONE',  ( 0.0000000000000000000, -3.491481338843133355E-15, 1.000000000000000000 ) ) ;
#5181 = DIRECTION ( 'NONE',  ( 0.0000000000000000000, 1.000000000000000000, 3.491481338843133355E-15 ) ) ;
#5182 = ORIENTED_EDGE ( 'NONE', *, *, #8613, .F. ) ;
#5183 = EDGE_CURVE ( 'NONE', #7373, #9722, #2685, .T. ) ;
#5184 = ADVANCED_FACE ( 'NONE', ( #9269 ), #9196, .T. ) ;
#5185 = PRESENTATION_LAYER_ASSIGNMENT (  '', '', ( #8256 ) ) ;
#5186 = DIRECTION ( 'NONE',  ( 0.9417224702971438433, 0.3363908276654480334, 1.174502297351907966E-15 ) ) ;
#5187 = VECTOR ( 'NONE', #2368, 1000.000000000000000 ) ;
#5188 = SURFACE_STYLE_FILL_AREA ( #1085 ) ;
#5189 = FILL_AREA_STYLE ('',( #5799 ) ) ;
#5190 = DIRECTION ( 'NONE',  ( 1.532000111646839560E-16, -3.491481338843133355E-15, 1.000000000000000000 ) ) ;
#5191 = VERTEX_POINT ( 'NONE', #6160 ) ;
#5192 = PLANE ( 'NONE',  #7334 ) ;
#5193 = MECHANICAL_DESIGN_GEOMETRIC_PRESENTATION_REPRESENTATION (  '', ( #613 ), #4688 ) ;
#5194 = UNCERTAINTY_MEASURE_WITH_UNIT (LENGTH_MEASURE( 1.000000000000000082E-05 ), #2265, 'distance_accuracy_value', 'NONE');
#5195 = ORIENTED_EDGE ( 'NONE', *, *, #955, .F. ) ;
#5196 = ADVANCED_FACE ( 'NONE', ( #5063 ), #4996, .F. ) ;
#5197 = LINE ( 'NONE', #7476, #6839 ) ;
#5198 = FILL_AREA_STYLE_COLOUR ( '', #4449 ) ;
#5199 =( NAMED_UNIT ( * ) SI_UNIT ( $, .STERADIAN. ) SOLID_ANGLE_UNIT ( ) );
#5200 =( NAMED_UNIT ( * ) PLANE_ANGLE_UNIT ( ) SI_UNIT ( $, .RADIAN. ) );
#5201 = ORIENTED_EDGE ( 'NONE', *, *, #9250, .F. ) ;
#5202 = SURFACE_SIDE_STYLE ('',( #3800 ) ) ;
#5203 = FILL_AREA_STYLE_COLOUR ( '', #5141 ) ;
#5204 = CARTESIAN_POINT ( 'NONE',  ( -0.04847834899968751082, 1.156414226776794951, 0.01100000000000433270 ) ) ;
#5205 = CARTESIAN_POINT ( 'NONE',  ( 2.899999999999999911, 2.301710678118662035, 0.6010000000000088605 ) ) ;
#5206 = PRESENTATION_LAYER_ASSIGNMENT (  '', '', ( #2857 ) ) ;
#5207 =( GEOMETRIC_REPRESENTATION_CONTEXT ( 3 ) GLOBAL_UNCERTAINTY_ASSIGNED_CONTEXT ( ( #1188 ) ) GLOBAL_UNIT_ASSIGNED_CONTEXT ( ( #7913, #5556, #3413 ) ) REPRESENTATION_CONTEXT ( 'NONE', 'WORKASPACE' ) );
#5208 = CARTESIAN_POINT ( 'NONE',  ( 0.2662926603155902905, 1.132060619239166677, 0.001000000000004306906 ) ) ;
#5209 = CARTESIAN_POINT ( 'NONE',  ( 1.800000000000000488, -1.768999999999996353, 1.900999999999994472 ) ) ;
#5210 = FILL_AREA_STYLE ('',( #3001 ) ) ;
#5211 = LINE ( 'NONE', #6338, #7666 ) ;
#5212 = DIRECTION ( 'NONE',  ( -1.000000000000000000, 9.869980403415649600E-31, -2.930276141852714940E-16 ) ) ;
#5213 = FILL_AREA_STYLE_COLOUR ( '', #7908 ) ;
#5214 =( GEOMETRIC_REPRESENTATION_CONTEXT ( 3 ) GLOBAL_UNCERTAINTY_ASSIGNED_CONTEXT ( ( #4813 ) ) GLOBAL_UNIT_ASSIGNED_CONTEXT ( ( #3018, #5256, #8266 ) ) REPRESENTATION_CONTEXT ( 'NONE', 'WORKASPACE' ) );
#5215 = ORIENTED_EDGE ( 'NONE', *, *, #7417, .F. ) ;
#5216 =( GEOMETRIC_REPRESENTATION_CONTEXT ( 3 ) GLOBAL_UNCERTAINTY_ASSIGNED_CONTEXT ( ( #1158 ) ) GLOBAL_UNIT_ASSIGNED_CONTEXT ( ( #15, #3051, #7466 ) ) REPRESENTATION_CONTEXT ( 'NONE', 'WORKASPACE' ) );
#5217 = STYLED_ITEM ( 'NONE', ( #5085 ), #858 ) ;
#5218 = CARTESIAN_POINT ( 'NONE',  ( 0.3200113869302194658, 1.000210046315929135, 0.001000000000003873225 ) ) ;
#5219 = VECTOR ( 'NONE', #8852, 1000.000000000000000 ) ;
#5220 = CARTESIAN_POINT ( 'NONE',  ( 0.4665848115119092254, 0.9785943035390829436, 0.001000000000003873225 ) ) ;
#5221 = DIRECTION ( 'NONE',  ( 0.0000000000000000000, 1.000000000000000000, 3.491481338843133355E-15 ) ) ;
#5222 = FILL_AREA_STYLE_COLOUR ( '', #8405 ) ;
#5223 = EDGE_CURVE ( 'NONE', #2314, #2348, #6250, .T. ) ;
#5224 = LINE ( 'NONE', #5866, #1229 ) ;
#5225 = STYLED_ITEM ( 'NONE', ( #6631 ), #8745 ) ;
#5226 = PRESENTATION_STYLE_ASSIGNMENT (( #5681 ) ) ;
#5227 = FACE_OUTER_BOUND ( 'NONE', #609, .T. ) ;
#5228 = FILL_AREA_STYLE_COLOUR ( '', #2459 ) ;
#5229 = STYLED_ITEM ( 'NONE', ( #1841 ), #4397 ) ;
#5230 = DIRECTION ( 'NONE',  ( 0.0000000000000000000, -3.491481338843133355E-15, 1.000000000000000000 ) ) ;
#5231 = ADVANCED_FACE ( 'NONE', ( #4353 ), #9640, .T. ) ;
#5232 = DIRECTION ( 'NONE',  ( 1.495451272393799542E-16, -3.491481338843133355E-15, 1.000000000000000000 ) ) ;
#5233 = CARTESIAN_POINT ( 'NONE',  ( 0.3363256651704458200, 1.052260462075668368, 0.01100000000000433270 ) ) ;
#5234 = PLANE ( 'NONE',  #3692 ) ;
#5235 = ORIENTED_EDGE ( 'NONE', *, *, #7665, .T. ) ;
#5236 = LINE ( 'NONE', #5653, #9557 ) ;
#5237 = FACE_OUTER_BOUND ( 'NONE', #7264, .T. ) ;
#5238 = SURFACE_STYLE_FILL_AREA ( #7993 ) ;
#5239 = CARTESIAN_POINT ( 'NONE',  ( 0.01497500402272734787, 1.122922497301518163, 0.01100000000000433270 ) ) ;
#5240 = CARTESIAN_POINT ( 'NONE',  ( -1.799999999999999822, -4.769000000000004569, 4.400999999999984702 ) ) ;
#5241 = STYLED_ITEM ( 'NONE', ( #8531 ), #5926 ) ;
#5242 = DIRECTION ( 'NONE',  ( 0.0000000000000000000, -3.491481338843133355E-15, 1.000000000000000000 ) ) ;
#5243 = DIRECTION ( 'NONE',  ( -1.000000000000000000, -0.0000000000000000000, 0.0000000000000000000 ) ) ;
#5244 = SURFACE_SIDE_STYLE ('',( #3435 ) ) ;
#5245 = ADVANCED_FACE ( 'NONE', ( #8450 ), #9452, .T. ) ;
#5246 = EDGE_CURVE ( 'NONE', #5150, #6254, #1405, .T. ) ;
#5247 = LINE ( 'NONE', #8708, #780 ) ;
#5248 = FACE_OUTER_BOUND ( 'NONE', #8888, .T. ) ;
#5249 = MECHANICAL_DESIGN_GEOMETRIC_PRESENTATION_REPRESENTATION (  '', ( #9253 ), #2324 ) ;
#5250 = VECTOR ( 'NONE', #9541, 1000.000000000000000 ) ;
#5251 = CARTESIAN_POINT ( 'NONE',  ( 0.4070573724875189980, 1.154204059636644075, 0.001000000000004306906 ) ) ;
#5252 = ORIENTED_EDGE ( 'NONE', *, *, #3672, .F. ) ;
#5253 = ORIENTED_EDGE ( 'NONE', *, *, #8993, .F. ) ;
#5254 = FILL_AREA_STYLE ('',( #693 ) ) ;
#5255 = EDGE_LOOP ( 'NONE', ( #3360, #3651, #2869, #3193 ) ) ;
#5256 =( NAMED_UNIT ( * ) PLANE_ANGLE_UNIT ( ) SI_UNIT ( $, .RADIAN. ) );
#5257 = AXIS2_PLACEMENT_3D ( 'NONE', #4274, #5100, #1955 ) ;
#5258 = UNCERTAINTY_MEASURE_WITH_UNIT (LENGTH_MEASURE( 1.000000000000000082E-05 ), #4015, 'distance_accuracy_value', 'NONE');
#5259 = CARTESIAN_POINT ( 'NONE',  ( -1.799999999999999378, -1.768999999999994577, 1.400999999999994472 ) ) ;
#5260 = FACE_OUTER_BOUND ( 'NONE', #6077, .T. ) ;
#5261 = UNCERTAINTY_MEASURE_WITH_UNIT (LENGTH_MEASURE( 1.000000000000000082E-05 ), #3153, 'distance_accuracy_value', 'NONE');
#5262 = EDGE_LOOP ( 'NONE', ( #7361, #7991, #5429, #2762 ) ) ;
#5263 = EDGE_LOOP ( 'NONE', ( #4109, #6074, #3656, #7845 ) ) ;
#5264 = CARTESIAN_POINT ( 'NONE',  ( 0.3631549334631289372, 1.051688815734204807, 0.01100000000000433270 ) ) ;
#5265 = DIRECTION ( 'NONE',  ( -0.0000000000000000000, 1.000000000000000000, 3.491481338843133355E-15 ) ) ;
#5266 = AXIS2_PLACEMENT_3D ( 'NONE', #9409, #2596, #4934 ) ;
#5267 = LINE ( 'NONE', #5801, #3260 ) ;
#5268 = CARTESIAN_POINT ( 'NONE',  ( 0.3404195640571922032, 0.9874182680539469459, 0.01100000000000390075 ) ) ;
#5269 =( NAMED_UNIT ( * ) SI_UNIT ( $, .STERADIAN. ) SOLID_ANGLE_UNIT ( ) );
#5270 = VECTOR ( 'NONE', #7415, 1000.000000000000000 ) ;
#5271 = VERTEX_POINT ( 'NONE', #1876 ) ;
#5272 = CARTESIAN_POINT ( 'NONE',  ( 0.2748599716244910507, 1.131051458916579655, 0.001000000000004306906 ) ) ;
#5273 = PLANE ( 'NONE',  #8970 ) ;
#5274 = PLANE ( 'NONE',  #7219 ) ;
#5275 = ORIENTED_EDGE ( 'NONE', *, *, #4114, .T. ) ;
#5276 = MECHANICAL_DESIGN_GEOMETRIC_PRESENTATION_REPRESENTATION (  '', ( #7458 ), #6838 ) ;
#5277 = CARTESIAN_POINT ( 'NONE',  ( 0.08266712858508006023, 1.063960157197619605, 0.001000000000004306906 ) ) ;
#5278 = ORIENTED_EDGE ( 'NONE', *, *, #6501, .F. ) ;
#5279 = ORIENTED_EDGE ( 'NONE', *, *, #1890, .T. ) ;
#5280 = CARTESIAN_POINT ( 'NONE',  ( 0.08266712858508006023, 1.042008937685424685, 0.001000000000004306906 ) ) ;
#5281 = ORIENTED_EDGE ( 'NONE', *, *, #3142, .F. ) ;
#5282 = CARTESIAN_POINT ( 'NONE',  ( 1.600000000000000533, -4.768999999999994799, 1.600999999999984214 ) ) ;
#5283 =( GEOMETRIC_REPRESENTATION_CONTEXT ( 3 ) GLOBAL_UNCERTAINTY_ASSIGNED_CONTEXT ( ( #2299 ) ) GLOBAL_UNIT_ASSIGNED_CONTEXT ( ( #6180, #9110, #3938 ) ) REPRESENTATION_CONTEXT ( 'NONE', 'WORKASPACE' ) );
#5284 = COLOUR_RGB ( '',0.1098039215686274495, 0.1098039215686274495, 0.1098039215686274495 ) ;
#5285 = DIRECTION ( 'NONE',  ( -1.000000000000000000, -0.0000000000000000000, 0.0000000000000000000 ) ) ;
#5286 = CARTESIAN_POINT ( 'NONE',  ( 0.2750427017284273190, 0.9772190802700233547, 0.01100000000000389902 ) ) ;
#5287 = ORIENTED_EDGE ( 'NONE', *, *, #3021, .T. ) ;
#5288 = EDGE_CURVE ( 'NONE', #4568, #6931, #6621, .T. ) ;
#5289 = ADVANCED_FACE ( 'NONE', ( #1865 ), #3526, .F. ) ;
#5290 = ORIENTED_EDGE ( 'NONE', *, *, #1653, .T. ) ;
#5291 =( LENGTH_UNIT ( ) NAMED_UNIT ( * ) SI_UNIT ( .MILLI., .METRE. ) );
#5292 = LINE ( 'NONE', #8580, #1304 ) ;
#5293 = DIRECTION ( 'NONE',  ( 0.09525861801280718910, 0.9954525582338367151, 3.475604030777098573E-15 ) ) ;
#5294 =( NAMED_UNIT ( * ) SI_UNIT ( $, .STERADIAN. ) SOLID_ANGLE_UNIT ( ) );
#5295 = ORIENTED_EDGE ( 'NONE', *, *, #4413, .T. ) ;
#5296 = CARTESIAN_POINT ( 'NONE',  ( 0.01681347004849466364, 0.9865211328073746344, 0.001000000000003873225 ) ) ;
#5297 = CARTESIAN_POINT ( 'NONE',  ( 0.3559052451649729054, 1.011643291277799284, 0.01100000000000390075 ) ) ;
#5298 = VERTEX_POINT ( 'NONE', #7317 ) ;
#5299 = EDGE_CURVE ( 'NONE', #165, #2389, #664, .T. ) ;
#5300 = AXIS2_PLACEMENT_3D ( 'NONE', #6292, #4808, #2498 ) ;
#5301 = EDGE_CURVE ( 'NONE', #8938, #2919, #8217, .T. ) ;
#5302 = CARTESIAN_POINT ( 'NONE',  ( -0.1490401884880906969, 1.132252840124448934, 0.001000000000004306906 ) ) ;
#5303 = EDGE_LOOP ( 'NONE', ( #4658, #2437, #1852, #5252, #2830, #4695, #3176, #6473, #1046, #251 ) ) ;
#5304 = SURFACE_STYLE_FILL_AREA ( #5088 ) ;
#5305 = CARTESIAN_POINT ( 'NONE',  ( 0.4668621507123879577, 0.9801317783332814670, 0.001000000000003873225 ) ) ;
#5306 = DIRECTION ( 'NONE',  ( 0.0000000000000000000, -3.491481338843133355E-15, 1.000000000000000000 ) ) ;
#5307 = FILL_AREA_STYLE ('',( #4509 ) ) ;
#5308 = AXIS2_PLACEMENT_3D ( 'NONE', #2225, #8894, #1495 ) ;
#5309 = VERTEX_POINT ( 'NONE', #4251 ) ;
#5310 = DIRECTION ( 'NONE',  ( 0.0000000000000000000, 1.000000000000000000, 3.491481338843133355E-15 ) ) ;
#5311 = EDGE_CURVE ( 'NONE', #1022, #6766, #1880, .T. ) ;
#5312 = CARTESIAN_POINT ( 'NONE',  ( -4.041421356237308693, 2.901710678118663900, 0.2010000000000108922 ) ) ;
#5313 = VECTOR ( 'NONE', #6665, 1000.000000000000000 ) ;
#5314 = VERTEX_POINT ( 'NONE', #2113 ) ;
#5315 = EDGE_CURVE ( 'NONE', #5991, #2559, #5879, .T. ) ;
#5316 = AXIS2_PLACEMENT_3D ( 'NONE', #2444, #4016, #6270 ) ;
#5317 = SURFACE_STYLE_FILL_AREA ( #1271 ) ;
#5318 = VERTEX_POINT ( 'NONE', #584 ) ;
#5319 = CARTESIAN_POINT ( 'NONE',  ( 0.1533988359021532244, 1.042008937685424685, 0.001000000000004306906 ) ) ;
#5320 = CARTESIAN_POINT ( 'NONE',  ( -0.1249491089196549665, 1.014810183652269604, 0.01100000000000389902 ) ) ;
#5321 = AXIS2_PLACEMENT_3D ( 'NONE', #2167, #762, #2873 ) ;
#5322 = CARTESIAN_POINT ( 'NONE',  ( -2.899999999999999911, 1.154204059636644075, 0.01100000000000433270 ) ) ;
#5323 = EDGE_LOOP ( 'NONE', ( #8419, #4546, #7602, #268 ) ) ;
#5324 = PRESENTATION_STYLE_ASSIGNMENT (( #6772 ) ) ;
#5325 = DIRECTION ( 'NONE',  ( -1.532000111646839560E-16, 3.491481338843133355E-15, -1.000000000000000000 ) ) ;
#5326 = CARTESIAN_POINT ( 'NONE',  ( -2.700000000000000622, -1.769000000000009232, 5.600999999999993761 ) ) ;
#5327 = ADVANCED_FACE ( 'NONE', ( #3881 ), #1765, .F. ) ;
#5328 = DIRECTION ( 'NONE',  ( -1.000000000000000000, 0.0000000000000000000, 0.0000000000000000000 ) ) ;
#5329 = CARTESIAN_POINT ( 'NONE',  ( 0.3630750998843740307, 1.048063422420008273, 0.001000000000004306906 ) ) ;
#5330 = CARTESIAN_POINT ( 'NONE',  ( 0.005939905825647328816, 0.9808656575139639289, 0.001000000000003873225 ) ) ;
#5331 = ORIENTED_EDGE ( 'NONE', *, *, #1342, .F. ) ;
#5332 = DIRECTION ( 'NONE',  ( 1.000000000000000000, -5.595468833802103278E-31, 1.532000111646839560E-16 ) ) ;
#5333 = STYLED_ITEM ( 'NONE', ( #75 ), #242 ) ;
#5334 = CARTESIAN_POINT ( 'NONE',  ( 0.3361225273894165033, 1.061314737052883928, 0.001000000000004306906 ) ) ;
#5335 = CARTESIAN_POINT ( 'NONE',  ( -2.800000000000000266, -0.7589999999999949010, 1.400999999999997803 ) ) ;
#5336 = DIRECTION ( 'NONE',  ( 0.0000000000000000000, -1.000000000000000000, -3.491481338843133355E-15 ) ) ;
#5337 = CARTESIAN_POINT ( 'NONE',  ( 0.3174846348621224168, 1.138627920295193441, 0.001000000000004306906 ) ) ;
#5338 = ORIENTED_EDGE ( 'NONE', *, *, #3476, .F. ) ;
#5339 = CARTESIAN_POINT ( 'NONE',  ( 1.600000000000000533, -1.768999999999996353, 1.900999999999994472 ) ) ;
#5340 = ADVANCED_FACE ( 'NONE', ( #6253 ), #6696, .T. ) ;
#5341 = CARTESIAN_POINT ( 'NONE',  ( -0.1317821831727490900, 1.068693577961060903, 0.001000000000004306906 ) ) ;
#5342 = COLOUR_RGB ( '',0.7764705882352941346, 0.7568627450980391913, 0.7372549019607843590 ) ;
#5343 = MECHANICAL_DESIGN_GEOMETRIC_PRESENTATION_REPRESENTATION (  '', ( #3006 ), #2660 ) ;
#5344 = VECTOR ( 'NONE', #6902, 1000.000000000000000 ) ;
#5345 = AXIS2_PLACEMENT_3D ( 'NONE', #4797, #8521, #6377 ) ;
#5346 = EDGE_CURVE ( 'NONE', #9095, #1896, #9271, .T. ) ;
#5347 = CARTESIAN_POINT ( 'NONE',  ( -0.03025207873199314140, 0.9517650352463993269, 0.01100000000000389902 ) ) ;
#5348 = VECTOR ( 'NONE', #534, 1000.000000000000114 ) ;
#5349 = PLANE ( 'NONE',  #4209 ) ;
#5350 = VECTOR ( 'NONE', #1118, 1000.000000000000000 ) ;
#5351 = DIRECTION ( 'NONE',  ( -1.000000000000000000, -0.0000000000000000000, 0.0000000000000000000 ) ) ;
#5352 = DIRECTION ( 'NONE',  ( -1.000000000000000000, -0.0000000000000000000, -0.0000000000000000000 ) ) ;
#5353 = LINE ( 'NONE', #2101, #7329 ) ;
#5354 = EDGE_CURVE ( 'NONE', #225, #9665, #1402, .T. ) ;
#5355 = MECHANICAL_DESIGN_GEOMETRIC_PRESENTATION_REPRESENTATION (  '', ( #3834 ), #6859 ) ;
#5356 = EDGE_CURVE ( 'NONE', #9714, #532, #5531, .T. ) ;
#5357 = SURFACE_SIDE_STYLE ('',( #1377 ) ) ;
#5358 = CARTESIAN_POINT ( 'NONE',  ( -1.799999999999999822, -1.769000000000005013, 4.400999999999995360 ) ) ;
#5359 = DIRECTION ( 'NONE',  ( -1.000000000000000000, -0.0000000000000000000, 0.0000000000000000000 ) ) ;
#5360 = COLOUR_RGB ( '',0.1098039215686274495, 0.1098039215686274495, 0.1098039215686274495 ) ;
#5361 = EDGE_CURVE ( 'NONE', #8106, #1432, #6598, .T. ) ;
#5362 = FILL_AREA_STYLE ('',( #125 ) ) ;
#5363 =( NAMED_UNIT ( * ) SI_UNIT ( $, .STERADIAN. ) SOLID_ANGLE_UNIT ( ) );
#5364 = SURFACE_SIDE_STYLE ('',( #5423 ) ) ;
#5365 = CARTESIAN_POINT ( 'NONE',  ( -0.03002342019540777188, 0.9737162547585943573, 0.001000000000003873225 ) ) ;
#5366 = PRESENTATION_STYLE_ASSIGNMENT (( #4434 ) ) ;
#5367 = VECTOR ( 'NONE', #1427, 1000.000000000000000 ) ;
#5368 = ORIENTED_EDGE ( 'NONE', *, *, #4744, .T. ) ;
#5369 = ORIENTED_EDGE ( 'NONE', *, *, #6851, .F. ) ;
#5370 = EDGE_CURVE ( 'NONE', #3719, #5568, #2343, .T. ) ;
#5371 = CARTESIAN_POINT ( 'NONE',  ( -0.1049336084076501752, 1.047233240681907374, 0.01100000000000433270 ) ) ;
#5372 = CARTESIAN_POINT ( 'NONE',  ( 0.3465119524332894718, 1.111143828540339440, 0.001000000000004306906 ) ) ;
#5373 =( NAMED_UNIT ( * ) SI_UNIT ( $, .STERADIAN. ) SOLID_ANGLE_UNIT ( ) );
#5374 = EDGE_LOOP ( 'NONE', ( #2192, #828, #5553, #6813 ) ) ;
#5375 = LINE ( 'NONE', #1608, #1035 ) ;
#5376 = ADVANCED_FACE ( 'NONE', ( #4850 ), #9216, .F. ) ;
#5377 = AXIS2_PLACEMENT_3D ( 'NONE', #8161, #5310, #7388 ) ;
#5378 = VECTOR ( 'NONE', #5810, 1000.000000000000000 ) ;
#5379 =( NAMED_UNIT ( * ) SI_UNIT ( $, .STERADIAN. ) SOLID_ANGLE_UNIT ( ) );
#5380 = DIRECTION ( 'NONE',  ( 1.000000000000000000, 0.0000000000000000000, 0.0000000000000000000 ) ) ;
#5381 =( LENGTH_UNIT ( ) NAMED_UNIT ( * ) SI_UNIT ( .MILLI., .METRE. ) );
#5382 = VERTEX_POINT ( 'NONE', #3189 ) ;
#5383 = STYLED_ITEM ( 'NONE', ( #1853 ), #7376 ) ;
#5384 = CARTESIAN_POINT ( 'NONE',  ( 0.3281040066410918499, 1.012197495354782539, 0.001000000000003873225 ) ) ;
#5385 = COLOUR_RGB ( '',0.1098039215686274495, 0.1098039215686274495, 0.1098039215686274495 ) ;
#5386 = LINE ( 'NONE', #1407, #365 ) ;
#5387 = ADVANCED_FACE ( 'NONE', ( #8590 ), #4629, .F. ) ;
#5388 = CARTESIAN_POINT ( 'NONE',  ( 0.6999999999999992895, 3.960289321881353519, 0.7131320343559792718 ) ) ;
#5389 = MECHANICAL_DESIGN_GEOMETRIC_PRESENTATION_REPRESENTATION (  '', ( #6583 ), #9211 ) ;
#5390 = DIRECTION ( 'NONE',  ( -4.709782017052876545E-32, -1.000000000000000000, -3.344967531750497386E-15 ) ) ;
#5391 = LINE ( 'NONE', #5240, #4095 ) ;
#5392 = ORIENTED_EDGE ( 'NONE', *, *, #823, .T. ) ;
#5393 = ORIENTED_EDGE ( 'NONE', *, *, #5417, .F. ) ;
#5394 =( LENGTH_UNIT ( ) NAMED_UNIT ( * ) SI_UNIT ( .MILLI., .METRE. ) );
#5395 = SURFACE_STYLE_USAGE ( .BOTH. , #3223 ) ;
#5396 = CARTESIAN_POINT ( 'NONE',  ( -0.02791299425352328223, 0.9737481628778622555, 0.001000000000003873225 ) ) ;
#5397 = VECTOR ( 'NONE', #8908, 1000.000000000000114 ) ;
#5398 = CARTESIAN_POINT ( 'NONE',  ( -0.6999999999999999556, 5.131000000000009997, 0.001000000000019052055 ) ) ;
#5399 = ORIENTED_EDGE ( 'NONE', *, *, #8495, .F. ) ;
#5400 = FACE_OUTER_BOUND ( 'NONE', #3545, .T. ) ;
#5401 = ORIENTED_EDGE ( 'NONE', *, *, #7675, .T. ) ;
#5402 = CARTESIAN_POINT ( 'NONE',  ( 0.3335345583066600672, 1.078212697423058808, 0.001000000000004306906 ) ) ;
#5403 = PLANE ( 'NONE',  #2301 ) ;
#5404 = UNCERTAINTY_MEASURE_WITH_UNIT (LENGTH_MEASURE( 1.000000000000000082E-05 ), #4018, 'distance_accuracy_value', 'NONE');
#5405 = CARTESIAN_POINT ( 'NONE',  ( 0.006841003938229285944, 0.9561644596738877455, 0.001000000000003873225 ) ) ;
#5406 = AXIS2_PLACEMENT_3D ( 'NONE', #3138, #4616, #1593 ) ;
#5407 = CARTESIAN_POINT ( 'NONE',  ( -0.1285634483476619516, 1.088854815624679118, 0.001000000000004306906 ) ) ;
#5408 = ORIENTED_EDGE ( 'NONE', *, *, #8453, .T. ) ;
#5409 = LINE ( 'NONE', #4086, #3758 ) ;
#5410 = CARTESIAN_POINT ( 'NONE',  ( 2.900000000000000355, -0.7590000000000035607, 3.880999999999997119 ) ) ;
#5411 = VERTEX_POINT ( 'NONE', #7614 ) ;
#5412 = ORIENTED_EDGE ( 'NONE', *, *, #3301, .T. ) ;
#5413 = EDGE_CURVE ( 'NONE', #8693, #702, #3895, .T. ) ;
#5414 = DIRECTION ( 'NONE',  ( 1.000000000000000000, 5.221340210712170860E-31, -1.495451272393799542E-16 ) ) ;
#5415 =( NAMED_UNIT ( * ) PLANE_ANGLE_UNIT ( ) SI_UNIT ( $, .RADIAN. ) );
#5416 =( GEOMETRIC_REPRESENTATION_CONTEXT ( 3 ) GLOBAL_UNCERTAINTY_ASSIGNED_CONTEXT ( ( #9675 ) ) GLOBAL_UNIT_ASSIGNED_CONTEXT ( ( #9414, #9347, #1164 ) ) REPRESENTATION_CONTEXT ( 'NONE', 'WORKASPACE' ) );
#5417 = EDGE_CURVE ( 'NONE', #258, #3966, #9407, .T. ) ;
#5418 = ORIENTED_EDGE ( 'NONE', *, *, #2572, .T. ) ;
#5419 = SURFACE_SIDE_STYLE ('',( #8352 ) ) ;
#5420 = VERTEX_POINT ( 'NONE', #5424 ) ;
#5421 = ADVANCED_FACE ( 'NONE', ( #8126 ), #2372, .T. ) ;
#5422 = CARTESIAN_POINT ( 'NONE',  ( -0.03452037141491977323, 1.134691864514691728, 0.01100000000000433270 ) ) ;
#5423 = SURFACE_STYLE_FILL_AREA ( #9185 ) ;
#5424 = CARTESIAN_POINT ( 'NONE',  ( 2.699999999999999734, 3.331000000000004846, 1.401000000000011791 ) ) ;
#5425 = EDGE_CURVE ( 'NONE', #4113, #1612, #730, .T. ) ;
#5426 = EDGE_CURVE ( 'NONE', #9408, #4345, #7647, .T. ) ;
#5427 = VECTOR ( 'NONE', #7998, 999.9999999999998863 ) ;
#5428 = CARTESIAN_POINT ( 'NONE',  ( 1.800000000000000266, -1.769000000000005013, 4.400999999999995360 ) ) ;
#5429 = ORIENTED_EDGE ( 'NONE', *, *, #8787, .F. ) ;
#5430 = FACE_OUTER_BOUND ( 'NONE', #7961, .T. ) ;
#5431 = LINE ( 'NONE', #2136, #9410 ) ;
#5432 = UNCERTAINTY_MEASURE_WITH_UNIT (LENGTH_MEASURE( 1.000000000000000082E-05 ), #889, 'distance_accuracy_value', 'NONE');
#5433 = CARTESIAN_POINT ( 'NONE',  ( -2.699999999999999734, -1.768999999999990136, 0.2009999999999944331 ) ) ;
#5434 = CARTESIAN_POINT ( 'NONE',  ( 0.4665848115119092254, 0.9785943035390829436, 0.001000000000003873225 ) ) ;
#5435 = SURFACE_STYLE_USAGE ( .BOTH. , #2446 ) ;
#5436 = PRESENTATION_LAYER_ASSIGNMENT (  '', '', ( #1532 ) ) ;
#5437 = CARTESIAN_POINT ( 'NONE',  ( 0.3614686731767869365, 1.073677414509583317, 0.001000000000004306906 ) ) ;
#5438 = UNCERTAINTY_MEASURE_WITH_UNIT (LENGTH_MEASURE( 1.000000000000000082E-05 ), #649, 'distance_accuracy_value', 'NONE');
#5439 = CARTESIAN_POINT ( 'NONE',  ( 0.001417314545994351974, 0.9547689439688084034, 0.001000000000003873225 ) ) ;
#5440 = ADVANCED_FACE ( 'NONE', ( #7399 ), #4007, .T. ) ;
#5441 = ORIENTED_EDGE ( 'NONE', *, *, #8662, .T. ) ;
#5442 = VECTOR ( 'NONE', #717, 1000.000000000000000 ) ;
#5443 = DIRECTION ( 'NONE',  ( 2.930276141852714940E-16, 3.491481338843133355E-15, -1.000000000000000000 ) ) ;
#5444 = EDGE_CURVE ( 'NONE', #3719, #5318, #8218, .T. ) ;
#5445 = COLOUR_RGB ( '',0.7764705882352941346, 0.7568627450980391913, 0.7372549019607843590 ) ;
#5446 = MECHANICAL_DESIGN_GEOMETRIC_PRESENTATION_REPRESENTATION (  '', ( #247 ), #5940 ) ;
#5447 = DIRECTION ( 'NONE',  ( 0.0000000000000000000, -3.491481338843133355E-15, 1.000000000000000000 ) ) ;
#5448 = CARTESIAN_POINT ( 'NONE',  ( -0.03821701775638328136, 1.156643084026887092, 0.01100000000000433270 ) ) ;
#5449 = FACE_OUTER_BOUND ( 'NONE', #5598, .T. ) ;
#5450 =( NAMED_UNIT ( * ) PLANE_ANGLE_UNIT ( ) SI_UNIT ( $, .RADIAN. ) );
#5451 = LINE ( 'NONE', #3850, #3213 ) ;
#5452 = DIRECTION ( 'NONE',  ( 0.0000000000000000000, -1.000000000000000000, -3.491481338843133355E-15 ) ) ;
#5453 = STYLED_ITEM ( 'NONE', ( #6872 ), #2352 ) ;
#5454 = ORIENTED_EDGE ( 'NONE', *, *, #3021, .F. ) ;
#5455 = SURFACE_STYLE_FILL_AREA ( #7656 ) ;
#5456 = FILL_AREA_STYLE_COLOUR ( '', #7728 ) ;
#5457 = PLANE ( 'NONE',  #5658 ) ;
#5458 =( LENGTH_UNIT ( ) NAMED_UNIT ( * ) SI_UNIT ( .MILLI., .METRE. ) );
#5459 =( LENGTH_UNIT ( ) NAMED_UNIT ( * ) SI_UNIT ( .MILLI., .METRE. ) );
#5460 = CYLINDRICAL_SURFACE ( 'NONE', #8206, 0.2000000000000000944 ) ;
#5461 = EDGE_LOOP ( 'NONE', ( #5630, #2635, #1891, #3077 ) ) ;
#5462 = PRESENTATION_LAYER_ASSIGNMENT (  '', '', ( #1239 ) ) ;
#5463 = SURFACE_STYLE_USAGE ( .BOTH. , #273 ) ;
#5464 = CARTESIAN_POINT ( 'NONE',  ( 3.799999999999996714, 0.3017106781186638109, 0.2010000000000022324 ) ) ;
#5465 = PRESENTATION_LAYER_ASSIGNMENT (  '', '', ( #6479 ) ) ;
#5466 = DIRECTION ( 'NONE',  ( 1.000000000000000000, 0.0000000000000000000, 0.0000000000000000000 ) ) ;
#5467 = EDGE_LOOP ( 'NONE', ( #5368, #3294, #9233, #9016 ) ) ;
#5468 = AXIS2_PLACEMENT_3D ( 'NONE', #4185, #3356, #454 ) ;
#5469 = SURFACE_STYLE_FILL_AREA ( #5828 ) ;
#5470 = AXIS2_PLACEMENT_3D ( 'NONE', #275, #2380, #9120 ) ;
#5471 = EDGE_CURVE ( 'NONE', #1659, #4909, #2668, .T. ) ;
#5472 = CARTESIAN_POINT ( 'NONE',  ( 0.01681347004849466364, 0.9596918645146920168, 0.001000000000003873225 ) ) ;
#5473 = DIRECTION ( 'NONE',  ( 0.9954525582338367151, -0.09525861801280717522, -1.837286076738572362E-16 ) ) ;
#5474 = SURFACE_STYLE_USAGE ( .BOTH. , #9094 ) ;
#5475 = LINE ( 'NONE', #6853, #7107 ) ;
#5476 = COLOUR_RGB ( '',0.7764705882352941346, 0.7568627450980391913, 0.7372549019607843590 ) ;
#5477 = SURFACE_STYLE_FILL_AREA ( #6657 ) ;
#5478 = VECTOR ( 'NONE', #1252, 1000.000000000000000 ) ;
#5479 = ADVANCED_FACE ( 'NONE', ( #2790 ), #4107, .T. ) ;
#5480 =( GEOMETRIC_REPRESENTATION_CONTEXT ( 3 ) GLOBAL_UNCERTAINTY_ASSIGNED_CONTEXT ( ( #3058 ) ) GLOBAL_UNIT_ASSIGNED_CONTEXT ( ( #7159, #7924, #7188 ) ) REPRESENTATION_CONTEXT ( 'NONE', 'WORKASPACE' ) );
#5481 = EDGE_CURVE ( 'NONE', #9659, #8791, #6238, .T. ) ;
#5482 = ORIENTED_EDGE ( 'NONE', *, *, #9549, .F. ) ;
#5483 = ORIENTED_EDGE ( 'NONE', *, *, #6660, .F. ) ;
#5484 = DIRECTION ( 'NONE',  ( 0.0000000000000000000, -3.491481338843133355E-15, 1.000000000000000000 ) ) ;
#5485 = PLANE ( 'NONE',  #8460 ) ;
#5486 = ORIENTED_EDGE ( 'NONE', *, *, #6376, .T. ) ;
#5487 = PRESENTATION_STYLE_ASSIGNMENT (( #3224 ) ) ;
#5488 = CARTESIAN_POINT ( 'NONE',  ( -3.799999999999996714, 0.9017106781186636777, 0.2010000000000039533 ) ) ;
#5489 = DIRECTION ( 'NONE',  ( 0.0000000000000000000, -1.000000000000000000, -3.523657060577887833E-15 ) ) ;
#5490 = CARTESIAN_POINT ( 'NONE',  ( -2.899999999999999911, -0.7589999999999896829, 0.0009999999999978016925 ) ) ;
#5491 = VECTOR ( 'NONE', #3390, 1000.000000000000000 ) ;
#5492 = PRESENTATION_STYLE_ASSIGNMENT (( #7338 ) ) ;
#5493 = STYLED_ITEM ( 'NONE', ( #4242 ), #5340 ) ;
#5494 = DIRECTION ( 'NONE',  ( 0.0000000000000000000, 1.000000000000000000, 3.491481338843133355E-15 ) ) ;
#5495 = EDGE_CURVE ( 'NONE', #5517, #2586, #260, .T. ) ;
#5496 = ORIENTED_EDGE ( 'NONE', *, *, #5560, .T. ) ;
#5497 = ORIENTED_EDGE ( 'NONE', *, *, #6367, .F. ) ;
#5498 = EDGE_CURVE ( 'NONE', #6790, #5125, #2920, .T. ) ;
#5499 = LINE ( 'NONE', #2345, #1731 ) ;
#5500 = LINE ( 'NONE', #2103, #3841 ) ;
#5501 =( LENGTH_UNIT ( ) NAMED_UNIT ( * ) SI_UNIT ( .MILLI., .METRE. ) );
#5502 = AXIS2_PLACEMENT_3D ( 'NONE', #9590, #2061, #6675 ) ;
#5503 = CARTESIAN_POINT ( 'NONE',  ( 2.899999999999999911, 2.901710678118662567, 0.6010000000000110809 ) ) ;
#5504 = DIRECTION ( 'NONE',  ( 0.0000000000000000000, -1.000000000000000000, -3.491481338843133355E-15 ) ) ;
#5505 = VECTOR ( 'NONE', #9129, 1000.000000000000000 ) ;
#5506 = CARTESIAN_POINT ( 'NONE',  ( -0.04168883006668366864, 1.156565652609916617, 0.001000000000004306906 ) ) ;
#5507 = VECTOR ( 'NONE', #1610, 1000.000000000000000 ) ;
#5508 = CARTESIAN_POINT ( 'NONE',  ( -0.1050684865678115087, 1.053248987789543012, 0.01100000000000433270 ) ) ;
#5509 = DIRECTION ( 'NONE',  ( -1.000000000000000000, -0.0000000000000000000, 0.0000000000000000000 ) ) ;
#5510 = VERTEX_POINT ( 'NONE', #7812 ) ;
#5511 = MECHANICAL_DESIGN_GEOMETRIC_PRESENTATION_REPRESENTATION (  '', ( #7829 ), #1957 ) ;
#5512 = CIRCLE ( 'NONE', #4378, 0.2000000000000000944 ) ;
#5513 = VERTEX_POINT ( 'NONE', #3323 ) ;
#5514 = CARTESIAN_POINT ( 'NONE',  ( -0.6999999999999999556, 3.960289321881354407, 0.7131320343559796049 ) ) ;
#5515 = VECTOR ( 'NONE', #8532, 1000.000000000000000 ) ;
#5516 = CARTESIAN_POINT ( 'NONE',  ( -2.899999999999999911, 2.301710678118662035, 0.6010000000000088605 ) ) ;
#5517 = VERTEX_POINT ( 'NONE', #8597 ) ;
#5518 = ORIENTED_EDGE ( 'NONE', *, *, #2365, .F. ) ;
#5519 = CARTESIAN_POINT ( 'NONE',  ( 1.800000000000000711, -4.768999999999994799, 1.400999999999984036 ) ) ;
#5520 =( LENGTH_UNIT ( ) NAMED_UNIT ( * ) SI_UNIT ( .MILLI., .METRE. ) );
#5521 = MECHANICAL_DESIGN_GEOMETRIC_PRESENTATION_REPRESENTATION (  '', ( #4506 ), #5021 ) ;
#5522 = CARTESIAN_POINT ( 'NONE',  ( 0.3040546471607585843, 1.120540597211066247, 0.01100000000000433270 ) ) ;
#5523 = ORIENTED_EDGE ( 'NONE', *, *, #8613, .T. ) ;
#5524 = DIRECTION ( 'NONE',  ( -1.000000000000000000, 5.221340210712170860E-31, -1.495451272393799542E-16 ) ) ;
#5525 = CARTESIAN_POINT ( 'NONE',  ( -1.799999999999999822, -4.569000000000004391, 4.400999999999984702 ) ) ;
#5526 = SURFACE_STYLE_USAGE ( .BOTH. , #1099 ) ;
#5527 = VERTEX_POINT ( 'NONE', #7058 ) ;
#5528 = UNCERTAINTY_MEASURE_WITH_UNIT (LENGTH_MEASURE( 1.000000000000000082E-05 ), #465, 'distance_accuracy_value', 'NONE');
#5529 = EDGE_LOOP ( 'NONE', ( #6106, #1802, #8081, #6687 ) ) ;
#5530 =( GEOMETRIC_REPRESENTATION_CONTEXT ( 3 ) GLOBAL_UNCERTAINTY_ASSIGNED_CONTEXT ( ( #884 ) ) GLOBAL_UNIT_ASSIGNED_CONTEXT ( ( #4655, #5415, #1596 ) ) REPRESENTATION_CONTEXT ( 'NONE', 'WORKASPACE' ) );
#5531 = LINE ( 'NONE', #2950, #6939 ) ;
#5532 = ORIENTED_EDGE ( 'NONE', *, *, #3158, .F. ) ;
#5533 = DIRECTION ( 'NONE',  ( 0.7071067811865460184, 2.468850131082270866E-15, -0.7071067811865490160 ) ) ;
#5534 = SURFACE_STYLE_USAGE ( .BOTH. , #8540 ) ;
#5535 = ORIENTED_EDGE ( 'NONE', *, *, #246, .F. ) ;
#5536 = CARTESIAN_POINT ( 'NONE',  ( -0.05839684137278238624, 1.155140516325007249, 0.001000000000004306906 ) ) ;
#5537 = ADVANCED_FACE ( 'NONE', ( #941 ), #1063, .T. ) ;
#5538 = EDGE_CURVE ( 'NONE', #865, #7273, #3278, .T. ) ;
#5539 = CARTESIAN_POINT ( 'NONE',  ( -0.03804794071834590591, 0.9738887966409637276, 0.01100000000000389902 ) ) ;
#5540 = DIRECTION ( 'NONE',  ( 0.0000000000000000000, 1.000000000000000000, 3.491481338843133355E-15 ) ) ;
#5541 = FACE_OUTER_BOUND ( 'NONE', #5263, .T. ) ;
#5542 = FACE_OUTER_BOUND ( 'NONE', #1361, .T. ) ;
#5543 = EDGE_CURVE ( 'NONE', #6919, #4219, #3508, .T. ) ;
#5544 = CARTESIAN_POINT ( 'NONE',  ( 2.899999999999999911, 0.9017106781186623454, 0.6010000000000036424 ) ) ;
#5545 = ORIENTED_EDGE ( 'NONE', *, *, #2053, .F. ) ;
#5546 = MECHANICAL_DESIGN_GEOMETRIC_PRESENTATION_REPRESENTATION (  '', ( #6914 ), #2488 ) ;
#5547 = UNCERTAINTY_MEASURE_WITH_UNIT (LENGTH_MEASURE( 1.000000000000000082E-05 ), #8717, 'distance_accuracy_value', 'NONE');
#5548 = CARTESIAN_POINT ( 'NONE',  ( -0.1049736703710298785, 1.064973421076008675, 0.001000000000004306906 ) ) ;
#5549 = VECTOR ( 'NONE', #5840, 1000.000000000000000 ) ;
#5550 = EDGE_LOOP ( 'NONE', ( #5925, #9020, #8219, #4992 ) ) ;
#5551 = SURFACE_STYLE_FILL_AREA ( #3537 ) ;
#5552 = SURFACE_STYLE_FILL_AREA ( #9481 ) ;
#5553 = ORIENTED_EDGE ( 'NONE', *, *, #8866, .F. ) ;
#5554 = SURFACE_SIDE_STYLE ('',( #5884 ) ) ;
#5555 = VECTOR ( 'NONE', #2213, 1000.000000000000000 ) ;
#5556 =( NAMED_UNIT ( * ) PLANE_ANGLE_UNIT ( ) SI_UNIT ( $, .RADIAN. ) );
#5557 = CARTESIAN_POINT ( 'NONE',  ( -0.1303544174682077228, 1.035335161279197447, 0.001000000000004306906 ) ) ;
#5558 =( NAMED_UNIT ( * ) SI_UNIT ( $, .STERADIAN. ) SOLID_ANGLE_UNIT ( ) );
#5559 = ORIENTED_EDGE ( 'NONE', *, *, #6608, .F. ) ;
#5560 = EDGE_CURVE ( 'NONE', #5191, #4912, #7618, .T. ) ;
#5561 = PRESENTATION_LAYER_ASSIGNMENT (  '', '', ( #9192 ) ) ;
#5562 = CARTESIAN_POINT ( 'NONE',  ( 0.08266712858508006023, 0.9761552791488392611, 0.001000000000003873225 ) ) ;
#5563 = UNCERTAINTY_MEASURE_WITH_UNIT (LENGTH_MEASURE( 1.000000000000000082E-05 ), #5106, 'distance_accuracy_value', 'NONE');
#5564 = FILL_AREA_STYLE_COLOUR ( '', #6300 ) ;
#5565 = DIRECTION ( 'NONE',  ( 0.0000000000000000000, -1.000000000000000000, -3.491481338843133355E-15 ) ) ;
#5566 = FILL_AREA_STYLE ('',( #4181 ) ) ;
#5567 = FILL_AREA_STYLE_COLOUR ( '', #4032 ) ;
#5568 = VERTEX_POINT ( 'NONE', #5822 ) ;
#5569 =( NAMED_UNIT ( * ) PLANE_ANGLE_UNIT ( ) SI_UNIT ( $, .RADIAN. ) );
#5570 = DIRECTION ( 'NONE',  ( 0.0000000000000000000, -3.491481338843133355E-15, 1.000000000000000000 ) ) ;
#5571 = DIRECTION ( 'NONE',  ( 0.0000000000000000000, 1.000000000000000000, 3.491481338843133355E-15 ) ) ;
#5572 = ORIENTED_EDGE ( 'NONE', *, *, #1759, .T. ) ;
#5573 = CARTESIAN_POINT ( 'NONE',  ( -3.387867965644034918, 2.301710678118662479, 0.5717106781186642728 ) ) ;
#5574 = CARTESIAN_POINT ( 'NONE',  ( -0.1049736703710298785, 1.064973421076008675, 0.01100000000000433270 ) ) ;
#5575 = COLOUR_RGB ( '',0.7764705882352941346, 0.7568627450980391913, 0.7372549019607843590 ) ;
#5576 = PRESENTATION_STYLE_ASSIGNMENT (( #8656 ) ) ;
#5577 =( GEOMETRIC_REPRESENTATION_CONTEXT ( 3 ) GLOBAL_UNCERTAINTY_ASSIGNED_CONTEXT ( ( #3914 ) ) GLOBAL_UNIT_ASSIGNED_CONTEXT ( ( #3349, #962, #322 ) ) REPRESENTATION_CONTEXT ( 'NONE', 'WORKASPACE' ) );
#5578 = DIRECTION ( 'NONE',  ( 0.0000000000000000000, 1.000000000000000000, 3.523657060577887833E-15 ) ) ;
#5579 = SURFACE_STYLE_FILL_AREA ( #1475 ) ;
#5580 = ADVANCED_FACE ( 'NONE', ( #5400 ), #5739, .T. ) ;
#5581 = ORIENTED_EDGE ( 'NONE', *, *, #9492, .F. ) ;
#5582 = COLOUR_RGB ( '',0.1098039215686274495, 0.1098039215686274495, 0.1098039215686274495 ) ;
#5583 = CARTESIAN_POINT ( 'NONE',  ( 0.1582768846826411169, 0.9761552791488392611, 0.01100000000000389902 ) ) ;
#5584 = DIRECTION ( 'NONE',  ( -1.000000000000000000, -0.0000000000000000000, 0.0000000000000000000 ) ) ;
#5585 = DIRECTION ( 'NONE',  ( 0.0000000000000000000, -1.000000000000000000, -3.491481338843133355E-15 ) ) ;
#5586 = CARTESIAN_POINT ( 'NONE',  ( -0.1100929276783069316, 0.9883945261992778120, 0.01100000000000389902 ) ) ;
#5587 = VECTOR ( 'NONE', #2180, 1000.000000000000000 ) ;
#5588 = CARTESIAN_POINT ( 'NONE',  ( -0.005544237115527294799, 0.9768590297132084821, 0.001000000000003873225 ) ) ;
#5589 =( NAMED_UNIT ( * ) PLANE_ANGLE_UNIT ( ) SI_UNIT ( $, .RADIAN. ) );
#5590 = STYLED_ITEM ( 'NONE', ( #2354 ), #706 ) ;
#5591 = LINE ( 'NONE', #7705, #9335 ) ;
#5592 = CARTESIAN_POINT ( 'NONE',  ( 1.299999999999999378, 3.960289321881353519, 0.7131320343559792718 ) ) ;
#5593 = PRESENTATION_STYLE_ASSIGNMENT (( #9682 ) ) ;
#5594 = PRESENTATION_STYLE_ASSIGNMENT (( #6373 ) ) ;
#5595 = FACE_OUTER_BOUND ( 'NONE', #5978, .T. ) ;
#5596 = EDGE_CURVE ( 'NONE', #1624, #817, #7743, .T. ) ;
#5597 = CARTESIAN_POINT ( 'NONE',  ( -0.1049336084076501752, 1.047233240681907374, 0.01100000000000433270 ) ) ;
#5598 = EDGE_LOOP ( 'NONE', ( #1984, #4938, #2710, #8221 ) ) ;
#5599 = MECHANICAL_DESIGN_GEOMETRIC_PRESENTATION_REPRESENTATION (  '', ( #1924 ), #5283 ) ;
#5600 = DIRECTION ( 'NONE',  ( 0.3826834323650907255, -3.225708147102274523E-15, 0.9238795325112862944 ) ) ;
#5601 = LINE ( 'NONE', #1791, #8408 ) ;
#5602 = AXIS2_PLACEMENT_3D ( 'NONE', #6904, #8411, #9151 ) ;
#5603 = EDGE_CURVE ( 'NONE', #2220, #7527, #7256, .T. ) ;
#5604 = LINE ( 'NONE', #7220, #3607 ) ;
#5605 = CARTESIAN_POINT ( 'NONE',  ( -2.700000000000000178, 1.331000000000003292, 1.901000000000004908 ) ) ;
#5606 = DIRECTION ( 'NONE',  ( -1.000000000000000000, 5.221340210712170860E-31, -1.495451272393799542E-16 ) ) ;
#5607 = CARTESIAN_POINT ( 'NONE',  ( -1.599999999999999201, -4.768999999999994799, 1.600999999999984214 ) ) ;
#5608 = DIRECTION ( 'NONE',  ( 1.000000000000000000, 0.0000000000000000000, 0.0000000000000000000 ) ) ;
#5609 = ORIENTED_EDGE ( 'NONE', *, *, #5631, .F. ) ;
#5610 = SURFACE_STYLE_FILL_AREA ( #2956 ) ;
#5611 = UNCERTAINTY_MEASURE_WITH_UNIT (LENGTH_MEASURE( 1.000000000000000082E-05 ), #5131, 'distance_accuracy_value', 'NONE');
#5612 = VECTOR ( 'NONE', #6855, 1000.000000000000000 ) ;
#5613 = EDGE_CURVE ( 'NONE', #1436, #9416, #6915, .T. ) ;
#5614 = STYLED_ITEM ( 'NONE', ( #7066 ), #5421 ) ;
#5615 = EDGE_CURVE ( 'NONE', #9125, #3126, #8764, .T. ) ;
#5616 = SURFACE_STYLE_FILL_AREA ( #6051 ) ;
#5617 = PLANE ( 'NONE',  #2585 ) ;
#5618 = SURFACE_SIDE_STYLE ('',( #5659 ) ) ;
#5619 = ORIENTED_EDGE ( 'NONE', *, *, #6032, .T. ) ;
#5620 = ORIENTED_EDGE ( 'NONE', *, *, #2442, .F. ) ;
#5621 = CARTESIAN_POINT ( 'NONE',  ( -0.03025207873199314140, 0.9517650352463993269, 0.01100000000000389902 ) ) ;
#5622 = CARTESIAN_POINT ( 'NONE',  ( -0.2514792128783346348, 1.154204059636644075, 0.001000000000004306906 ) ) ;
#5623 = EDGE_CURVE ( 'NONE', #1219, #4457, #1742, .T. ) ;
#5624 = COLOUR_RGB ( '',0.1098039215686274495, 0.1098039215686274495, 0.1098039215686274495 ) ;
#5625 =( GEOMETRIC_REPRESENTATION_CONTEXT ( 3 ) GLOBAL_UNCERTAINTY_ASSIGNED_CONTEXT ( ( #1289 ) ) GLOBAL_UNIT_ASSIGNED_CONTEXT ( ( #5861, #7327, #659 ) ) REPRESENTATION_CONTEXT ( 'NONE', 'WORKASPACE' ) );
#5626 = CARTESIAN_POINT ( 'NONE',  ( -2.699999999999999734, 3.331000000000003958, 1.401000000000011125 ) ) ;
#5627 = COLOUR_RGB ( '',0.7764705882352941346, 0.7568627450980391913, 0.7372549019607843590 ) ;
#5628 = LINE ( 'NONE', #5562, #1849 ) ;
#5629 = ORIENTED_EDGE ( 'NONE', *, *, #2697, .T. ) ;
#5630 = ORIENTED_EDGE ( 'NONE', *, *, #3645, .F. ) ;
#5631 = EDGE_CURVE ( 'NONE', #4936, #8371, #1397, .T. ) ;
#5632 =( NAMED_UNIT ( * ) SI_UNIT ( $, .STERADIAN. ) SOLID_ANGLE_UNIT ( ) );
#5633 = MECHANICAL_DESIGN_GEOMETRIC_PRESENTATION_REPRESENTATION (  '', ( #3790 ), #4614 ) ;
#5634 = DIRECTION ( 'NONE',  ( -8.673617379884027583E-16, -3.491481338843133355E-15, 1.000000000000000000 ) ) ;
#5635 = PRESENTATION_STYLE_ASSIGNMENT (( #3869 ) ) ;
#5636 = ADVANCED_FACE ( 'NONE', ( #4933 ), #5151, .T. ) ;
#5637 = CARTESIAN_POINT ( 'NONE',  ( 2.699999999999998845, -1.769000000000009232, 5.600999999999993761 ) ) ;
#5638 = CARTESIAN_POINT ( 'NONE',  ( -0.07892766426524076839, 0.9907528318866556383, 0.01100000000000389902 ) ) ;
#5639 = ORIENTED_EDGE ( 'NONE', *, *, #1264, .F. ) ;
#5640 = ORIENTED_EDGE ( 'NONE', *, *, #1569, .T. ) ;
#5641 = PRESENTATION_LAYER_ASSIGNMENT (  '', '', ( #917 ) ) ;
#5642 = EDGE_LOOP ( 'NONE', ( #7865, #4930, #4458, #5454 ) ) ;
#5643 = ORIENTED_EDGE ( 'NONE', *, *, #8369, .T. ) ;
#5644 = DIRECTION ( 'NONE',  ( 1.000000000000000000, 0.0000000000000000000, 0.0000000000000000000 ) ) ;
#5645 = FILL_AREA_STYLE_COLOUR ( '', #8864 ) ;
#5646 = DIRECTION ( 'NONE',  ( 0.0000000000000000000, -3.491481338843133355E-15, 1.000000000000000000 ) ) ;
#5647 = EDGE_LOOP ( 'NONE', ( #7150, #9511, #930, #4585 ) ) ;
#5648 = CARTESIAN_POINT ( 'NONE',  ( 3.799999999999996714, 0.3017106781186642550, 0.001000000000002138501 ) ) ;
#5649 = ORIENTED_EDGE ( 'NONE', *, *, #6134, .T. ) ;
#5650 = ORIENTED_EDGE ( 'NONE', *, *, #9437, .T. ) ;
#5651 = ORIENTED_EDGE ( 'NONE', *, *, #6976, .F. ) ;
#5652 = MECHANICAL_DESIGN_GEOMETRIC_PRESENTATION_REPRESENTATION (  '', ( #2224 ), #3439 ) ;
#5653 = CARTESIAN_POINT ( 'NONE',  ( 1.800000000000000488, -1.769000000000003237, 3.900999999999994916 ) ) ;
#5654 = CARTESIAN_POINT ( 'NONE',  ( 0.3361225273894165033, 1.061314737052883928, 0.01100000000000433270 ) ) ;
#5655 = DIRECTION ( 'NONE',  ( 0.0000000000000000000, -1.000000000000000000, -3.491481338843133355E-15 ) ) ;
#5656 = DIRECTION ( 'NONE',  ( 1.000000000000000000, 0.0000000000000000000, 0.0000000000000000000 ) ) ;
#5657 = ORIENTED_EDGE ( 'NONE', *, *, #1471, .T. ) ;
#5658 = AXIS2_PLACEMENT_3D ( 'NONE', #8403, #7755, #959 ) ;
#5659 = SURFACE_STYLE_FILL_AREA ( #4035 ) ;
#5660 = PRESENTATION_STYLE_ASSIGNMENT (( #4864 ) ) ;
#5661 = STYLED_ITEM ( 'NONE', ( #4778 ), #8378 ) ;
#5662 = VERTEX_POINT ( 'NONE', #4643 ) ;
#5663 = DIRECTION ( 'NONE',  ( -1.000000000000000000, -0.0000000000000000000, 0.0000000000000000000 ) ) ;
#5664 =( NAMED_UNIT ( * ) SI_UNIT ( $, .STERADIAN. ) SOLID_ANGLE_UNIT ( ) );
#5665 = COLOUR_RGB ( '',0.7764705882352941346, 0.7568627450980391913, 0.7372549019607843590 ) ;
#5666 =( LENGTH_UNIT ( ) NAMED_UNIT ( * ) SI_UNIT ( .MILLI., .METRE. ) );
#5667 =( GEOMETRIC_REPRESENTATION_CONTEXT ( 3 ) GLOBAL_UNCERTAINTY_ASSIGNED_CONTEXT ( ( #1740 ) ) GLOBAL_UNIT_ASSIGNED_CONTEXT ( ( #370, #2642, #4146 ) ) REPRESENTATION_CONTEXT ( 'NONE', 'WORKASPACE' ) );
#5668 = EDGE_CURVE ( 'NONE', #1888, #6539, #2303, .T. ) ;
#5669 = LINE ( 'NONE', #7303, #5427 ) ;
#5670 =( NAMED_UNIT ( * ) PLANE_ANGLE_UNIT ( ) SI_UNIT ( $, .RADIAN. ) );
#5671 = ORIENTED_EDGE ( 'NONE', *, *, #8145, .T. ) ;
#5672 = CARTESIAN_POINT ( 'NONE',  ( -4.699999999999997513, 0.9017106781186636777, 0.2010000000000039533 ) ) ;
#5673 = VECTOR ( 'NONE', #3689, 1000.000000000000000 ) ;
#5674 = VERTEX_POINT ( 'NONE', #9159 ) ;
#5675 = EDGE_CURVE ( 'NONE', #2478, #5513, #4092, .T. ) ;
#5676 = DIRECTION ( 'NONE',  ( 0.0000000000000000000, -1.000000000000000000, -3.491481338843133355E-15 ) ) ;
#5677 = SURFACE_SIDE_STYLE ('',( #9343 ) ) ;
#5678 = PRESENTATION_LAYER_ASSIGNMENT (  '', '', ( #2953 ) ) ;
#5679 = EDGE_CURVE ( 'NONE', #383, #8780, #9366, .T. ) ;
#5680 = CARTESIAN_POINT ( 'NONE',  ( 0.3363256651704459310, 1.052260462075668368, 0.001000000000004306906 ) ) ;
#5681 = SURFACE_STYLE_USAGE ( .BOTH. , #2622 ) ;
#5682 = ORIENTED_EDGE ( 'NONE', *, *, #1627, .T. ) ;
#5683 = ADVANCED_FACE ( 'NONE', ( #6095 ), #908, .T. ) ;
#5684 = AXIS2_PLACEMENT_3D ( 'NONE', #731, #2206, #3706 ) ;
#5685 = VECTOR ( 'NONE', #4212, 1000.000000000000000 ) ;
#5686 = DIRECTION ( 'NONE',  ( 0.0000000000000000000, -3.491481338843133355E-15, 1.000000000000000000 ) ) ;
#5687 = CARTESIAN_POINT ( 'NONE',  ( 0.5582768846826409170, 1.154204059636644075, 0.001000000000004306906 ) ) ;
#5688 = CARTESIAN_POINT ( 'NONE',  ( -2.900000000000000355, 1.351000000000003309, 1.921000000000004926 ) ) ;
#5689 = ORIENTED_EDGE ( 'NONE', *, *, #3462, .F. ) ;
#5690 = LINE ( 'NONE', #6020, #2012 ) ;
#5691 = VECTOR ( 'NONE', #369, 1000.000000000000000 ) ;
#5692 = DIRECTION ( 'NONE',  ( 0.0000000000000000000, 1.000000000000000000, 3.491481338843133355E-15 ) ) ;
#5693 = CARTESIAN_POINT ( 'NONE',  ( 0.4681058457567312536, 0.9868554126602115950, 0.01100000000000389902 ) ) ;
#5694 = AXIS2_PLACEMENT_3D ( 'NONE', #1516, #5230, #6791 ) ;
#5695 = DIRECTION ( 'NONE',  ( 1.445602896647339163E-16, 3.491481338843133355E-15, -1.000000000000000000 ) ) ;
#5696 = DIRECTION ( 'NONE',  ( -0.0000000000000000000, 1.000000000000000000, 3.491481338843133355E-15 ) ) ;
#5697 = CARTESIAN_POINT ( 'NONE',  ( 0.3257396021181563350, 1.132842557843210640, 0.01100000000000433270 ) ) ;
#5698 = CARTESIAN_POINT ( 'NONE',  ( -0.006966799307660954087, 1.131569054489793169, 0.01100000000000433270 ) ) ;
#5699 = ORIENTED_EDGE ( 'NONE', *, *, #7045, .T. ) ;
#5700 = LINE ( 'NONE', #1180, #2862 ) ;
#5701 = DIRECTION ( 'NONE',  ( -8.673617379884027583E-16, 3.491481338843133355E-15, -1.000000000000000000 ) ) ;
#5702 = CARTESIAN_POINT ( 'NONE',  ( 0.5582768846826409170, 1.154204059636644075, 0.001000000000004306906 ) ) ;
#5703 = CARTESIAN_POINT ( 'NONE',  ( 2.699999999999999289, -0.7689999999999893587, 0.0009999999999978016925 ) ) ;
#5704 = LINE ( 'NONE', #4697, #666 ) ;
#5705 = PRESENTATION_LAYER_ASSIGNMENT (  '', '', ( #4506 ) ) ;
#5706 = SURFACE_STYLE_USAGE ( .BOTH. , #7199 ) ;
#5707 = EDGE_CURVE ( 'NONE', #2919, #8589, #2918, .T. ) ;
#5708 = LINE ( 'NONE', #7903, #8516 ) ;
#5709 =( GEOMETRIC_REPRESENTATION_CONTEXT ( 3 ) GLOBAL_UNCERTAINTY_ASSIGNED_CONTEXT ( ( #7425 ) ) GLOBAL_UNIT_ASSIGNED_CONTEXT ( ( #6386, #1858, #1060 ) ) REPRESENTATION_CONTEXT ( 'NONE', 'WORKASPACE' ) );
#5710 = DIRECTION ( 'NONE',  ( 0.0000000000000000000, 3.491481338843133355E-15, -1.000000000000000000 ) ) ;
#5711 = ORIENTED_EDGE ( 'NONE', *, *, #5725, .T. ) ;
#5712 = VECTOR ( 'NONE', #8681, 1000.000000000000000 ) ;
#5713 = LINE ( 'NONE', #2989, #4657 ) ;
#5714 =( NAMED_UNIT ( * ) SI_UNIT ( $, .STERADIAN. ) SOLID_ANGLE_UNIT ( ) );
#5715 = AXIS2_PLACEMENT_3D ( 'NONE', #878, #253, #4725 ) ;
#5716 = MECHANICAL_DESIGN_GEOMETRIC_PRESENTATION_REPRESENTATION (  '', ( #6716 ), #8601 ) ;
#5717 = ORIENTED_EDGE ( 'NONE', *, *, #7170, .T. ) ;
#5718 = ORIENTED_EDGE ( 'NONE', *, *, #6166, .F. ) ;
#5719 = ORIENTED_EDGE ( 'NONE', *, *, #2969, .F. ) ;
#5720 =( NAMED_UNIT ( * ) SI_UNIT ( $, .STERADIAN. ) SOLID_ANGLE_UNIT ( ) );
#5721 = CARTESIAN_POINT ( 'NONE',  ( -0.01504492206096092778, 1.154950752037733341, 0.01100000000000433270 ) ) ;
#5722 = SURFACE_SIDE_STYLE ('',( #8816 ) ) ;
#5723 = CARTESIAN_POINT ( 'NONE',  ( -0.03552261902966498408, 1.156611483264808893, 0.001000000000004306906 ) ) ;
#5724 = ADVANCED_FACE ( 'NONE', ( #3048 ), #8394, .T. ) ;
#5725 = EDGE_CURVE ( 'NONE', #6133, #6242, #480, .T. ) ;
#5726 = FACE_OUTER_BOUND ( 'NONE', #801, .T. ) ;
#5727 = STYLED_ITEM ( 'NONE', ( #651 ), #8906 ) ;
#5728 = PLANE ( 'NONE',  #531 ) ;
#5729 = ORIENTED_EDGE ( 'NONE', *, *, #5725, .F. ) ;
#5730 = VECTOR ( 'NONE', #9609, 1000.000000000000000 ) ;
#5731 = UNCERTAINTY_MEASURE_WITH_UNIT (LENGTH_MEASURE( 1.000000000000000082E-05 ), #8538, 'distance_accuracy_value', 'NONE');
#5732 = CARTESIAN_POINT ( 'NONE',  ( 0.3631549334631288262, 1.051688815734204807, 0.001000000000004306906 ) ) ;
#5733 = SURFACE_SIDE_STYLE ('',( #4488 ) ) ;
#5734 = CARTESIAN_POINT ( 'NONE',  ( -0.09030062205260809549, 1.108089146978341821, 0.001000000000004306906 ) ) ;
#5735 = FILL_AREA_STYLE_COLOUR ( '', #2732 ) ;
#5736 = CARTESIAN_POINT ( 'NONE',  ( 2.899999999999999911, 0.3017106781186625342, 0.6010000000000019771 ) ) ;
#5737 = SURFACE_STYLE_USAGE ( .BOTH. , #4989 ) ;
#5738 = SURFACE_STYLE_FILL_AREA ( #7692 ) ;
#5739 = SPHERICAL_SURFACE ( 'NONE', #8311, 0.2000000000000000111 ) ;
#5740 = DIRECTION ( 'NONE',  ( -1.000000000000000000, -0.0000000000000000000, 0.0000000000000000000 ) ) ;
#5741 = EDGE_CURVE ( 'NONE', #4133, #7072, #6236, .T. ) ;
#5742 =( LENGTH_UNIT ( ) NAMED_UNIT ( * ) SI_UNIT ( .MILLI., .METRE. ) );
#5743 = DIRECTION ( 'NONE',  ( 0.0000000000000000000, -3.491481338843133355E-15, 1.000000000000000000 ) ) ;
#5744 = ORIENTED_EDGE ( 'NONE', *, *, #6546, .F. ) ;
#5745 = EDGE_LOOP ( 'NONE', ( #9324, #8417, #6228, #254 ) ) ;
#5746 = DIRECTION ( 'NONE',  ( -0.0000000000000000000, 3.491481338843133355E-15, -1.000000000000000000 ) ) ;
#5747 = STYLED_ITEM ( 'NONE', ( #6982 ), #1379 ) ;
#5748 = SURFACE_STYLE_FILL_AREA ( #1098 ) ;
#5749 = ORIENTED_EDGE ( 'NONE', *, *, #4436, .T. ) ;
#5750 = DIRECTION ( 'NONE',  ( 1.000000000000000000, 5.221340210712170860E-31, -1.495451272393799542E-16 ) ) ;
#5751 = STYLED_ITEM ( 'NONE', ( #5635 ), #7422 ) ;
#5752 = DIRECTION ( 'NONE',  ( 0.0000000000000000000, -1.000000000000000000, -3.491481338843133355E-15 ) ) ;
#5753 = ORIENTED_EDGE ( 'NONE', *, *, #8715, .T. ) ;
#5754 = ORIENTED_EDGE ( 'NONE', *, *, #2834, .F. ) ;
#5755 =( NAMED_UNIT ( * ) SI_UNIT ( $, .STERADIAN. ) SOLID_ANGLE_UNIT ( ) );
#5756 =( NAMED_UNIT ( * ) SI_UNIT ( $, .STERADIAN. ) SOLID_ANGLE_UNIT ( ) );
#5757 = VERTEX_POINT ( 'NONE', #5410 ) ;
#5758 = PRESENTATION_STYLE_ASSIGNMENT (( #6368 ) ) ;
#5759 = ORIENTED_EDGE ( 'NONE', *, *, #4020, .F. ) ;
#5760 = CARTESIAN_POINT ( 'NONE',  ( -0.02734337160295019151, 1.134597636286959421, 0.01100000000000433270 ) ) ;
#5761 = DIRECTION ( 'NONE',  ( 0.0000000000000000000, -3.491481338843133355E-15, 1.000000000000000000 ) ) ;
#5762 = CARTESIAN_POINT ( 'NONE',  ( -1.599999999999999645, -4.769000000000004569, 4.200999999999984524 ) ) ;
#5763 = DIRECTION ( 'NONE',  ( 1.000000000000000000, 0.0000000000000000000, 0.0000000000000000000 ) ) ;
#5764 = SURFACE_SIDE_STYLE ('',( #5317 ) ) ;
#5765 = CARTESIAN_POINT ( 'NONE',  ( 0.1533988359021533909, -0.7589999999999896829, 0.01099999999999782749 ) ) ;
#5766 = ORIENTED_EDGE ( 'NONE', *, *, #3707, .T. ) ;
#5767 = VECTOR ( 'NONE', #629, 1000.000000000000000 ) ;
#5768 = ADVANCED_FACE ( 'NONE', ( #7976 ), #6240, .F. ) ;
#5769 = MECHANICAL_DESIGN_GEOMETRIC_PRESENTATION_REPRESENTATION (  '', ( #3941 ), #6298 ) ;
#5770 = CARTESIAN_POINT ( 'NONE',  ( 2.899999999999999911, 3.111000000000004206, 1.421000000000010477 ) ) ;
#5771 =( NAMED_UNIT ( * ) PLANE_ANGLE_UNIT ( ) SI_UNIT ( $, .RADIAN. ) );
#5772 =( LENGTH_UNIT ( ) NAMED_UNIT ( * ) SI_UNIT ( .MILLI., .METRE. ) );
#5773 = ORIENTED_EDGE ( 'NONE', *, *, #3517, .F. ) ;
#5774 = CARTESIAN_POINT ( 'NONE',  ( 2.899999999999999911, -1.768999999999990136, 0.2009999999999944331 ) ) ;
#5775 = CARTESIAN_POINT ( 'NONE',  ( -0.1051377494637004695, 1.056338205978106570, 0.001000000000004306906 ) ) ;
#5776 = VECTOR ( 'NONE', #1312, 1000.000000000000000 ) ;
#5777 = LINE ( 'NONE', #2507, #1206 ) ;
#5778 = ORIENTED_EDGE ( 'NONE', *, *, #2560, .T. ) ;
#5779 = VECTOR ( 'NONE', #1204, 1000.000000000000114 ) ;
#5780 = EDGE_LOOP ( 'NONE', ( #8446, #2107, #4948, #1422 ) ) ;
#5781 = STYLED_ITEM ( 'NONE', ( #1383 ), #4249 ) ;
#5782 = EDGE_CURVE ( 'NONE', #6254, #793, #8339, .T. ) ;
#5783 = CARTESIAN_POINT ( 'NONE',  ( -0.09993272565861095746, 1.135989087788392915, 0.01100000000000433270 ) ) ;
#5784 = CARTESIAN_POINT ( 'NONE',  ( 2.700000000000000622, 1.330999999999994410, 4.401000000000006018 ) ) ;
#5785 = CIRCLE ( 'NONE', #5470, 0.2000000000000000944 ) ;
#5786 = PRESENTATION_STYLE_ASSIGNMENT (( #4627 ) ) ;
#5787 = EDGE_CURVE ( 'NONE', #8879, #6480, #5292, .T. ) ;
#5788 = EDGE_CURVE ( 'NONE', #3863, #7342, #141, .T. ) ;
#5789 = CARTESIAN_POINT ( 'NONE',  ( -0.04949810279884432618, 1.133486133924673345, 0.001000000000004306906 ) ) ;
#5790 = CARTESIAN_POINT ( 'NONE',  ( 4.041421356237308693, 2.301710678118663811, 0.2010000000000087272 ) ) ;
#5791 = LINE ( 'NONE', #4565, #3793 ) ;
#5792 = DIRECTION ( 'NONE',  ( 0.0000000000000000000, -1.000000000000000000, -3.491481338843133355E-15 ) ) ;
#5793 = DIRECTION ( 'NONE',  ( 0.0000000000000000000, -3.491481338843133355E-15, 1.000000000000000000 ) ) ;
#5794 = VECTOR ( 'NONE', #4532, 1000.000000000000000 ) ;
#5795 = MECHANICAL_DESIGN_GEOMETRIC_PRESENTATION_REPRESENTATION (  '', ( #4810 ), #5625 ) ;
#5796 = ORIENTED_EDGE ( 'NONE', *, *, #1256, .T. ) ;
#5797 = VECTOR ( 'NONE', #3448, 1000.000000000000000 ) ;
#5798 = EDGE_CURVE ( 'NONE', #702, #4791, #6115, .T. ) ;
#5799 = FILL_AREA_STYLE_COLOUR ( '', #9085 ) ;
#5800 = DIRECTION ( 'NONE',  ( 0.0000000000000000000, 1.000000000000000000, 3.491481338843133355E-15 ) ) ;
#5801 = CARTESIAN_POINT ( 'NONE',  ( -2.700000000000000178, 3.330999999999996408, 3.901000000000012236 ) ) ;
#5802 = EDGE_CURVE ( 'NONE', #733, #7192, #7049, .T. ) ;
#5803 = AXIS2_PLACEMENT_3D ( 'NONE', #1460, #8224, #8951 ) ;
#5804 = CARTESIAN_POINT ( 'NONE',  ( -0.07520838083428801890, 1.122897641314254180, 0.001000000000004306906 ) ) ;
#5805 = EDGE_LOOP ( 'NONE', ( #2958, #4816, #2911, #8777 ) ) ;
#5806 = LINE ( 'NONE', #7114, #7564 ) ;
#5807 = MECHANICAL_DESIGN_GEOMETRIC_PRESENTATION_REPRESENTATION (  '', ( #980 ), #4498 ) ;
#5808 =( NAMED_UNIT ( * ) PLANE_ANGLE_UNIT ( ) SI_UNIT ( $, .RADIAN. ) );
#5809 = DIRECTION ( 'NONE',  ( -0.0000000000000000000, -1.000000000000000000, -3.491481338843133355E-15 ) ) ;
#5810 = DIRECTION ( 'NONE',  ( -1.000000000000000000, -5.595468833802103278E-31, 1.532000111646839560E-16 ) ) ;
#5811 = DIRECTION ( 'NONE',  ( 0.0000000000000000000, -3.491481338843133355E-15, 1.000000000000000000 ) ) ;
#5812 = PLANE ( 'NONE',  #7080 ) ;
#5813 = SURFACE_STYLE_FILL_AREA ( #9290 ) ;
#5814 = UNCERTAINTY_MEASURE_WITH_UNIT (LENGTH_MEASURE( 1.000000000000000082E-05 ), #5981, 'distance_accuracy_value', 'NONE');
#5815 = CARTESIAN_POINT ( 'NONE',  ( -3.529289321881345032, 2.901710678118662123, 0.7131320343559757191 ) ) ;
#5816 = VERTEX_POINT ( 'NONE', #7773 ) ;
#5817 = FACE_OUTER_BOUND ( 'NONE', #4692, .T. ) ;
#5818 = FACE_OUTER_BOUND ( 'NONE', #1337, .T. ) ;
#5819 = CARTESIAN_POINT ( 'NONE',  ( 1.299999999999999378, 3.963842712474628271, 0.3388679656440498622 ) ) ;
#5820 = SURFACE_STYLE_FILL_AREA ( #5891 ) ;
#5821 = ORIENTED_EDGE ( 'NONE', *, *, #9171, .T. ) ;
#5822 = CARTESIAN_POINT ( 'NONE',  ( 0.2574003602923971012, 1.132252840124448934, 0.01100000000000433270 ) ) ;
#5823 = ORIENTED_EDGE ( 'NONE', *, *, #2757, .F. ) ;
#5824 = CARTESIAN_POINT ( 'NONE',  ( -2.699999999999999734, -1.568999999999990624, 0.2009999999999952935 ) ) ;
#5825 = CARTESIAN_POINT ( 'NONE',  ( -0.2514792128783346348, 0.9542040596366438976, 0.001000000000003873225 ) ) ;
#5826 = ORIENTED_EDGE ( 'NONE', *, *, #2059, .T. ) ;
#5827 = FACE_OUTER_BOUND ( 'NONE', #113, .T. ) ;
#5828 = FILL_AREA_STYLE ('',( #4371 ) ) ;
#5829 = CARTESIAN_POINT ( 'NONE',  ( 0.08266712858508006023, 1.042008937685424685, 0.001000000000004306906 ) ) ;
#5830 =( NAMED_UNIT ( * ) SI_UNIT ( $, .STERADIAN. ) SOLID_ANGLE_UNIT ( ) );
#5831 = SURFACE_SIDE_STYLE ('',( #2524 ) ) ;
#5832 = FACE_OUTER_BOUND ( 'NONE', #9091, .T. ) ;
#5833 = FILL_AREA_STYLE_COLOUR ( '', #1372 ) ;
#5834 =( GEOMETRIC_REPRESENTATION_CONTEXT ( 3 ) GLOBAL_UNCERTAINTY_ASSIGNED_CONTEXT ( ( #7706 ) ) GLOBAL_UNIT_ASSIGNED_CONTEXT ( ( #5381, #9205, #148 ) ) REPRESENTATION_CONTEXT ( 'NONE', 'WORKASPACE' ) );
#5835 = EDGE_CURVE ( 'NONE', #1659, #2436, #6922, .T. ) ;
#5836 = VERTEX_POINT ( 'NONE', #3395 ) ;
#5837 = SURFACE_STYLE_USAGE ( .BOTH. , #8817 ) ;
#5838 = UNCERTAINTY_MEASURE_WITH_UNIT (LENGTH_MEASURE( 1.000000000000000082E-05 ), #1363, 'distance_accuracy_value', 'NONE');
#5839 = CARTESIAN_POINT ( 'NONE',  ( -0.03821701775638339238, 1.156643084026887092, 0.01100000000000433270 ) ) ;
#5840 = DIRECTION ( 'NONE',  ( -1.000000000000000000, -0.0000000000000000000, 0.0000000000000000000 ) ) ;
#5841 = CARTESIAN_POINT ( 'NONE',  ( 0.4645194661770152833, 0.9864786689854054824, 0.01100000000000389902 ) ) ;
#5842 = FACE_OUTER_BOUND ( 'NONE', #3385, .T. ) ;
#5843 = DIRECTION ( 'NONE',  ( 0.0000000000000000000, -3.491481338843133355E-15, 1.000000000000000000 ) ) ;
#5844 = EDGE_CURVE ( 'NONE', #5955, #3324, #1866, .T. ) ;
#5845 = CARTESIAN_POINT ( 'NONE',  ( 0.2694986584250371187, 0.9544465377694664188, 0.001000000000003873225 ) ) ;
#5846 = CARTESIAN_POINT ( 'NONE',  ( 0.01681347004849466711, 1.121886986465911118, 0.001000000000004306906 ) ) ;
#5847 = UNCERTAINTY_MEASURE_WITH_UNIT (LENGTH_MEASURE( 1.000000000000000082E-05 ), #6980, 'distance_accuracy_value', 'NONE');
#5848 =( GEOMETRIC_REPRESENTATION_CONTEXT ( 3 ) GLOBAL_UNCERTAINTY_ASSIGNED_CONTEXT ( ( #7255 ) ) GLOBAL_UNIT_ASSIGNED_CONTEXT ( ( #7214, #4277, #9421 ) ) REPRESENTATION_CONTEXT ( 'NONE', 'WORKASPACE' ) );
#5849 = EDGE_CURVE ( 'NONE', #6673, #4702, #5409, .T. ) ;
#5850 =( NAMED_UNIT ( * ) PLANE_ANGLE_UNIT ( ) SI_UNIT ( $, .RADIAN. ) );
#5851 = LINE ( 'NONE', #2147, #2655 ) ;
#5852 = EDGE_LOOP ( 'NONE', ( #6151, #1830, #1722, #1729, #8465 ) ) ;
#5853 = ORIENTED_EDGE ( 'NONE', *, *, #5868, .F. ) ;
#5854 =( NAMED_UNIT ( * ) SI_UNIT ( $, .STERADIAN. ) SOLID_ANGLE_UNIT ( ) );
#5855 = LINE ( 'NONE', #5388, #8097 ) ;
#5856 = DIRECTION ( 'NONE',  ( 1.000000000000000000, 0.0000000000000000000, 0.0000000000000000000 ) ) ;
#5857 = SURFACE_STYLE_USAGE ( .BOTH. , #8861 ) ;
#5858 = FILL_AREA_STYLE ('',( #9556 ) ) ;
#5859 = SURFACE_STYLE_USAGE ( .BOTH. , #5764 ) ;
#5860 = SURFACE_STYLE_FILL_AREA ( #5052 ) ;
#5861 =( LENGTH_UNIT ( ) NAMED_UNIT ( * ) SI_UNIT ( .MILLI., .METRE. ) );
#5862 = EDGE_LOOP ( 'NONE', ( #1294, #1228, #5172, #8428 ) ) ;
#5863 = EDGE_LOOP ( 'NONE', ( #7039, #4328, #8082, #1411 ) ) ;
#5864 = EDGE_LOOP ( 'NONE', ( #4562, #1871, #7781, #6478 ) ) ;
#5865 = ADVANCED_FACE ( 'NONE', ( #5173 ), #309, .T. ) ;
#5866 = CARTESIAN_POINT ( 'NONE',  ( 3.529289321881345032, 0.3017106781186620901, 0.7131320343559666153 ) ) ;
#5867 = EDGE_LOOP ( 'NONE', ( #9462, #7025, #4826, #5671 ) ) ;
#5868 = EDGE_CURVE ( 'NONE', #1412, #7750, #3022, .T. ) ;
#5869 = DIRECTION ( 'NONE',  ( 1.532000111646839560E-16, 3.491481338843133355E-15, -1.000000000000000000 ) ) ;
#5870 = CARTESIAN_POINT ( 'NONE',  ( 2.720000000000000639, 3.110999999999994881, 4.381000000000010886 ) ) ;
#5871 =( NAMED_UNIT ( * ) SI_UNIT ( $, .STERADIAN. ) SOLID_ANGLE_UNIT ( ) );
#5872 = EDGE_LOOP ( 'NONE', ( #3967, #9676, #7582, #256, #5290, #6891, #7977, #5749, #3830, #8000 ) ) ;
#5873 = PRESENTATION_LAYER_ASSIGNMENT (  '', '', ( #6395 ) ) ;
#5874 = DIRECTION ( 'NONE',  ( 1.000000000000000000, 0.0000000000000000000, -0.0000000000000000000 ) ) ;
#5875 = ORIENTED_EDGE ( 'NONE', *, *, #4793, .T. ) ;
#5876 = CARTESIAN_POINT ( 'NONE',  ( 0.3629189952254581741, 1.040974415568811207, 0.01100000000000433270 ) ) ;
#5877 = SURFACE_STYLE_USAGE ( .BOTH. , #3618 ) ;
#5878 =( NAMED_UNIT ( * ) SI_UNIT ( $, .STERADIAN. ) SOLID_ANGLE_UNIT ( ) );
#5879 = LINE ( 'NONE', #2082, #4941 ) ;
#5880 = PLANE ( 'NONE',  #9158 ) ;
#5881 = CARTESIAN_POINT ( 'NONE',  ( 0.3257822864519515638, 0.9743741634996028189, 0.001000000000003873225 ) ) ;
#5882 = FILL_AREA_STYLE ('',( #2083 ) ) ;
#5883 = VERTEX_POINT ( 'NONE', #4054 ) ;
#5884 = SURFACE_STYLE_FILL_AREA ( #2464 ) ;
#5885 =( GEOMETRIC_REPRESENTATION_CONTEXT ( 3 ) GLOBAL_UNCERTAINTY_ASSIGNED_CONTEXT ( ( #4633 ) ) GLOBAL_UNIT_ASSIGNED_CONTEXT ( ( #7519, #7446, #2951 ) ) REPRESENTATION_CONTEXT ( 'NONE', 'WORKASPACE' ) );
#5886 = ORIENTED_EDGE ( 'NONE', *, *, #8795, .F. ) ;
#5887 = DIRECTION ( 'NONE',  ( 0.0000000000000000000, -1.000000000000000000, -3.491481338843133355E-15 ) ) ;
#5888 = LINE ( 'NONE', #250, #9655 ) ;
#5889 =( NAMED_UNIT ( * ) PLANE_ANGLE_UNIT ( ) SI_UNIT ( $, .RADIAN. ) );
#5890 = VERTEX_POINT ( 'NONE', #6369 ) ;
#5891 = FILL_AREA_STYLE ('',( #9703 ) ) ;
#5892 = CARTESIAN_POINT ( 'NONE',  ( 0.4627357261460557369, 0.9926186937829852841, 0.01100000000000389902 ) ) ;
#5893 = CIRCLE ( 'NONE', #2766, 0.2000000000000000944 ) ;
#5894 = ORIENTED_EDGE ( 'NONE', *, *, #6189, .F. ) ;
#5895 = COLOUR_RGB ( '',0.7764705882352941346, 0.7568627450980391913, 0.7372549019607843590 ) ;
#5896 =( LENGTH_UNIT ( ) NAMED_UNIT ( * ) SI_UNIT ( .MILLI., .METRE. ) );
#5897 = DIRECTION ( 'NONE',  ( 0.7071067811865460184, 2.468850131082270866E-15, -0.7071067811865490160 ) ) ;
#5898 = PRESENTATION_STYLE_ASSIGNMENT (( #5435 ) ) ;
#5899 = ORIENTED_EDGE ( 'NONE', *, *, #8554, .T. ) ;
#5900 = LINE ( 'NONE', #4245, #2534 ) ;
#5901 = CARTESIAN_POINT ( 'NONE',  ( -2.700000000000000622, 3.330999999999995520, 4.401000000000011347 ) ) ;
#5902 = UNCERTAINTY_MEASURE_WITH_UNIT (LENGTH_MEASURE( 1.000000000000000082E-05 ), #3542, 'distance_accuracy_value', 'NONE');
#5903 = CARTESIAN_POINT ( 'NONE',  ( -0.03821701775638339238, 1.156643084026887092, 0.001000000000004306906 ) ) ;
#5904 = CARTESIAN_POINT ( 'NONE',  ( -3.558578643762690508, 0.9017106781186627895, 0.4010000000000036313 ) ) ;
#5905 = FILL_AREA_STYLE ('',( #5222 ) ) ;
#5906 = VECTOR ( 'NONE', #9289, 1000.000000000000000 ) ;
#5907 = STYLED_ITEM ( 'NONE', ( #5226 ), #8704 ) ;
#5908 = CARTESIAN_POINT ( 'NONE',  ( 0.3089383080800607306, 0.9643597674347730297, 0.01100000000000389902 ) ) ;
#5909 = PLANE ( 'NONE',  #8517 ) ;
#5910 = DIRECTION ( 'NONE',  ( 0.0000000000000000000, 1.000000000000000000, 3.491481338843133355E-15 ) ) ;
#5911 = CARTESIAN_POINT ( 'NONE',  ( -0.2246499445856518229, -0.7589999999999896829, 0.01099999999999782749 ) ) ;
#5912 = ADVANCED_FACE ( 'NONE', ( #1726 ), #4024, .F. ) ;
#5913 = DIRECTION ( 'NONE',  ( 1.000000000000000000, 0.0000000000000000000, 0.0000000000000000000 ) ) ;
#5914 = FILL_AREA_STYLE ('',( #4414 ) ) ;
#5915 = DIRECTION ( 'NONE',  ( 1.000000000000000000, 0.0000000000000000000, 0.0000000000000000000 ) ) ;
#5916 = PLANE ( 'NONE',  #7552 ) ;
#5917 = FACE_OUTER_BOUND ( 'NONE', #7493, .T. ) ;
#5918 = FACE_OUTER_BOUND ( 'NONE', #4914, .T. ) ;
#5919 = CARTESIAN_POINT ( 'NONE',  ( 0.005419350084766471481, 1.127555041698318883, 0.01100000000000433270 ) ) ;
#5920 = DIRECTION ( 'NONE',  ( 0.0000000000000000000, -1.000000000000000000, -3.491481338843133355E-15 ) ) ;
#5921 = PRESENTATION_LAYER_ASSIGNMENT (  '', '', ( #6123 ) ) ;
#5922 = EDGE_CURVE ( 'NONE', #7343, #5271, #2893, .T. ) ;
#5923 = FILL_AREA_STYLE ('',( #3660 ) ) ;
#5924 = PLANE ( 'NONE',  #21 ) ;
#5925 = ORIENTED_EDGE ( 'NONE', *, *, #5615, .F. ) ;
#5926 = ADVANCED_FACE ( 'NONE', ( #98 ), #4188, .F. ) ;
#5927 = CARTESIAN_POINT ( 'NONE',  ( 0.4645194661770152833, 0.9864786689854054824, 0.001000000000003873225 ) ) ;
#5928 = COLOUR_RGB ( '',0.1098039215686274495, 0.1098039215686274495, 0.1098039215686274495 ) ;
#5929 = LINE ( 'NONE', #6269, #6633 ) ;
#5930 = LINE ( 'NONE', #4403, #2500 ) ;
#5931 = MECHANICAL_DESIGN_GEOMETRIC_PRESENTATION_REPRESENTATION (  '', ( #6063 ), #3857 ) ;
#5932 =( NAMED_UNIT ( * ) PLANE_ANGLE_UNIT ( ) SI_UNIT ( $, .RADIAN. ) );
#5933 = ORIENTED_EDGE ( 'NONE', *, *, #8302, .F. ) ;
#5934 = DIRECTION ( 'NONE',  ( 0.0000000000000000000, -1.000000000000000000, -3.491481338843133355E-15 ) ) ;
#5935 =( LENGTH_UNIT ( ) NAMED_UNIT ( * ) SI_UNIT ( .MILLI., .METRE. ) );
#5936 = CARTESIAN_POINT ( 'NONE',  ( 2.899999999999999911, 0.9017106781186627895, 0.4010000000000036313 ) ) ;
#5937 = PRESENTATION_STYLE_ASSIGNMENT (( #7195 ) ) ;
#5938 = CARTESIAN_POINT ( 'NONE',  ( 0.3363256651704459310, 1.052260462075668368, 0.001000000000004306906 ) ) ;
#5939 = EDGE_CURVE ( 'NONE', #9021, #6464, #5604, .T. ) ;
#5940 =( GEOMETRIC_REPRESENTATION_CONTEXT ( 3 ) GLOBAL_UNCERTAINTY_ASSIGNED_CONTEXT ( ( #5731 ) ) GLOBAL_UNIT_ASSIGNED_CONTEXT ( ( #8538, #9287, #6191 ) ) REPRESENTATION_CONTEXT ( 'NONE', 'WORKASPACE' ) );
#5941 = LINE ( 'NONE', #4357, #2385 ) ;
#5942 = CARTESIAN_POINT ( 'NONE',  ( 0.5290085919997140618, 1.154204059636644075, 0.01100000000000433270 ) ) ;
#5943 = UNCERTAINTY_MEASURE_WITH_UNIT (LENGTH_MEASURE( 1.000000000000000082E-05 ), #947, 'distance_accuracy_value', 'NONE');
#5944 = SURFACE_STYLE_FILL_AREA ( #3732 ) ;
#5945 = PLANE ( 'NONE',  #8267 ) ;
#5946 = FILL_AREA_STYLE_COLOUR ( '', #842 ) ;
#5947 =( GEOMETRIC_REPRESENTATION_CONTEXT ( 3 ) GLOBAL_UNCERTAINTY_ASSIGNED_CONTEXT ( ( #7048 ) ) GLOBAL_UNIT_ASSIGNED_CONTEXT ( ( #7789, #6938, #3300 ) ) REPRESENTATION_CONTEXT ( 'NONE', 'WORKASPACE' ) );
#5948 = CARTESIAN_POINT ( 'NONE',  ( -1.300000000000000044, 4.231000000000008754, 0.001000000000016016289 ) ) ;
#5949 = DIRECTION ( 'NONE',  ( 0.0000000000000000000, -1.000000000000000000, -3.491481338843133355E-15 ) ) ;
#5950 = SURFACE_STYLE_FILL_AREA ( #8092 ) ;
#5951 = CARTESIAN_POINT ( 'NONE',  ( 0.3517132003067554025, 1.002982983707136899, 0.001000000000003873225 ) ) ;
#5952 = CARTESIAN_POINT ( 'NONE',  ( 3.799999999999996714, 2.301710678118664699, 0.001000000000009077395 ) ) ;
#5953 = CARTESIAN_POINT ( 'NONE',  ( 3.641421356237309670, 2.901710678118662567, 0.6010000000000110809 ) ) ;
#5954 = ORIENTED_EDGE ( 'NONE', *, *, #9487, .T. ) ;
#5955 = VERTEX_POINT ( 'NONE', #9523 ) ;
#5956 = FILL_AREA_STYLE_COLOUR ( '', #7811 ) ;
#5957 = PLANE ( 'NONE',  #5803 ) ;
#5958 = CARTESIAN_POINT ( 'NONE',  ( 0.2975087245752359166, 1.124151716906326648, 0.01100000000000433270 ) ) ;
#5959 = SURFACE_SIDE_STYLE ('',( #4401 ) ) ;
#5960 = FILL_AREA_STYLE_COLOUR ( '', #8672 ) ;
#5961 = FILL_AREA_STYLE ('',( #6616 ) ) ;
#5962 = EDGE_CURVE ( 'NONE', #6932, #9268, #8424, .T. ) ;
#5963 = ORIENTED_EDGE ( 'NONE', *, *, #782, .T. ) ;
#5964 = VERTEX_POINT ( 'NONE', #3457 ) ;
#5965 = LINE ( 'NONE', #4335, #3029 ) ;
#5966 = ADVANCED_FACE ( 'NONE', ( #2645 ), #3489, .F. ) ;
#5967 = SURFACE_STYLE_USAGE ( .BOTH. , #724 ) ;
#5968 = MECHANICAL_DESIGN_GEOMETRIC_PRESENTATION_REPRESENTATION (  '', ( #1438 ), #7282 ) ;
#5969 = CARTESIAN_POINT ( 'NONE',  ( -0.05133847617578795458, 0.9534235412030243051, 0.01100000000000389902 ) ) ;
#5970 = VECTOR ( 'NONE', #6027, 1000.000000000000114 ) ;
#5971 = VERTEX_POINT ( 'NONE', #5672 ) ;
#5972 = CARTESIAN_POINT ( 'NONE',  ( 1.600000000000000533, -1.768999999999996353, 1.900999999999994472 ) ) ;
#5973 = UNCERTAINTY_MEASURE_WITH_UNIT (LENGTH_MEASURE( 1.000000000000000082E-05 ), #1994, 'distance_accuracy_value', 'NONE');
#5974 = CARTESIAN_POINT ( 'NONE',  ( 0.4802281041948360807, 0.9542040596366438976, 0.001000000000003873225 ) ) ;
#5975 =( GEOMETRIC_REPRESENTATION_CONTEXT ( 3 ) GLOBAL_UNCERTAINTY_ASSIGNED_CONTEXT ( ( #7389 ) ) GLOBAL_UNIT_ASSIGNED_CONTEXT ( ( #973, #4017, #7008 ) ) REPRESENTATION_CONTEXT ( 'NONE', 'WORKASPACE' ) );
#5976 = EDGE_CURVE ( 'NONE', #1373, #4909, #6206, .T. ) ;
#5977 = LINE ( 'NONE', #7231, #7744 ) ;
#5978 = EDGE_LOOP ( 'NONE', ( #9350, #9001, #2780, #179, #4446, #6244, #5130, #8760 ) ) ;
#5979 = SURFACE_STYLE_USAGE ( .BOTH. , #736 ) ;
#5980 = CARTESIAN_POINT ( 'NONE',  ( -0.6999999999999999556, 5.131000000000009997, 0.001000000000019052055 ) ) ;
#5981 =( LENGTH_UNIT ( ) NAMED_UNIT ( * ) SI_UNIT ( .MILLI., .METRE. ) );
#5982 = ORIENTED_EDGE ( 'NONE', *, *, #1387, .T. ) ;
#5983 = PLANE ( 'NONE',  #8778 ) ;
#5984 = DIRECTION ( 'NONE',  ( 0.0000000000000000000, -1.000000000000000000, -3.252606517456518824E-15 ) ) ;
#5985 = CARTESIAN_POINT ( 'NONE',  ( 1.299999999999999378, 3.331000000000008399, 0.4010000000000122911 ) ) ;
#5986 = EDGE_CURVE ( 'NONE', #8212, #9479, #8639, .T. ) ;
#5987 = STYLED_ITEM ( 'NONE', ( #4972 ), #9327 ) ;
#5988 = EDGE_CURVE ( 'NONE', #222, #9202, #444, .T. ) ;
#5989 = DIRECTION ( 'NONE',  ( 1.495451272393799542E-16, 3.491481338843133355E-15, -1.000000000000000000 ) ) ;
#5990 = PRESENTATION_STYLE_ASSIGNMENT (( #1723 ) ) ;
#5991 = VERTEX_POINT ( 'NONE', #9454 ) ;
#5992 = SURFACE_STYLE_FILL_AREA ( #9150 ) ;
#5993 = ORIENTED_EDGE ( 'NONE', *, *, #2629, .T. ) ;
#5994 = ORIENTED_EDGE ( 'NONE', *, *, #5986, .T. ) ;
#5995 = ORIENTED_EDGE ( 'NONE', *, *, #5596, .F. ) ;
#5996 = CARTESIAN_POINT ( 'NONE',  ( 7.477256361968997712E-17, 3.331000000000004846, 1.401000000000012014 ) ) ;
#5997 = CARTESIAN_POINT ( 'NONE',  ( -0.09347484358742036425, 1.008169002226834365, 0.01100000000000389902 ) ) ;
#5998 = FILL_AREA_STYLE ('',( #804 ) ) ;
#5999 = CARTESIAN_POINT ( 'NONE',  ( 1.299999999999999378, 3.331000000000007955, 0.6010000000000123022 ) ) ;
#6000 = CARTESIAN_POINT ( 'NONE',  ( -0.6999999999999999556, 4.472421356237319401, 0.2010000000000169706 ) ) ;
#6001 = EDGE_CURVE ( 'NONE', #632, #1436, #2156, .T. ) ;
#6002 = EDGE_LOOP ( 'NONE', ( #7118, #8323, #7979, #850 ) ) ;
#6003 = VECTOR ( 'NONE', #6029, 1000.000000000000000 ) ;
#6004 = FACE_OUTER_BOUND ( 'NONE', #789, .T. ) ;
#6005 = STYLED_ITEM ( 'NONE', ( #843 ), #6753 ) ;
#6006 =( NAMED_UNIT ( * ) PLANE_ANGLE_UNIT ( ) SI_UNIT ( $, .RADIAN. ) );
#6007 = CARTESIAN_POINT ( 'NONE',  ( 0.0002712571954569721762, 0.9786376298791450434, 0.01100000000000389902 ) ) ;
#6008 = SURFACE_STYLE_USAGE ( .BOTH. , #2937 ) ;
#6009 = ORIENTED_EDGE ( 'NONE', *, *, #9033, .F. ) ;
#6010 = DIRECTION ( 'NONE',  ( -0.7071067811865460184, 2.468850131082270866E-15, -0.7071067811865490160 ) ) ;
#6011 = COLOUR_RGB ( '',0.7764705882352941346, 0.7568627450980391913, 0.7372549019607843590 ) ;
#6012 = PRESENTATION_LAYER_ASSIGNMENT (  '', '', ( #2259 ) ) ;
#6013 = PLANE ( 'NONE',  #5684 ) ;
#6014 = CARTESIAN_POINT ( 'NONE',  ( -2.800000000000000266, -0.7589999999999966773, 1.900999999999998025 ) ) ;
#6015 = SURFACE_SIDE_STYLE ('',( #8815 ) ) ;
#6016 = DIRECTION ( 'NONE',  ( -0.0000000000000000000, 1.000000000000000000, 3.491481338843133355E-15 ) ) ;
#6017 = ADVANCED_FACE ( 'NONE', ( #7943 ), #5728, .F. ) ;
#6018 = DIRECTION ( 'NONE',  ( 1.000000000000000000, 0.0000000000000000000, 0.0000000000000000000 ) ) ;
#6019 = CARTESIAN_POINT ( 'NONE',  ( 0.3631549334631288262, 1.051688815734204807, 0.01100000000000433444 ) ) ;
#6020 = CARTESIAN_POINT ( 'NONE',  ( -2.700000000000000622, -0.7590000000000105551, 5.800999999999997492 ) ) ;
#6021 = COLOUR_RGB ( '',0.7764705882352941346, 0.7568627450980391913, 0.7372549019607843590 ) ;
#6022 = DIRECTION ( 'NONE',  ( -1.000000000000000000, -0.0000000000000000000, 0.0000000000000000000 ) ) ;
#6023 = EDGE_LOOP ( 'NONE', ( #3408, #7123, #1547, #8887 ) ) ;
#6024 = LINE ( 'NONE', #1225, #6965 ) ;
#6025 = ORIENTED_EDGE ( 'NONE', *, *, #1809, .F. ) ;
#6026 = CARTESIAN_POINT ( 'NONE',  ( 0.2829233446528621743, 1.129430940013286699, 0.001000000000004306906 ) ) ;
#6027 = DIRECTION ( 'NONE',  ( 0.3826834323650907255, 3.225708147102274523E-15, -0.9238795325112864054 ) ) ;
#6028 = ADVANCED_FACE ( 'NONE', ( #6890 ), #2176, .T. ) ;
#6029 = DIRECTION ( 'NONE',  ( -1.000000000000000000, -5.595468833802103278E-31, 1.532000111646839560E-16 ) ) ;
#6030 = AXIS2_PLACEMENT_3D ( 'NONE', #8331, #9065, #185 ) ;
#6031 = VECTOR ( 'NONE', #4564, 1000.000000000000000 ) ;
#6032 = EDGE_CURVE ( 'NONE', #9416, #4140, #8766, .T. ) ;
#6033 = CARTESIAN_POINT ( 'NONE',  ( 0.3281040066410918499, 1.012197495354782539, 0.001000000000003873225 ) ) ;
#6034 = VECTOR ( 'NONE', #6487, 1000.000000000000000 ) ;
#6035 = SPHERICAL_SURFACE ( 'NONE', #4158, 0.2000000000000000111 ) ;
#6036 = CARTESIAN_POINT ( 'NONE',  ( -0.06122889893198446565, 0.9556983215005580012, 0.01100000000000389902 ) ) ;
#6037 = VECTOR ( 'NONE', #5856, 1000.000000000000000 ) ;
#6038 = DIRECTION ( 'NONE',  ( 0.0000000000000000000, -1.000000000000000000, -3.491481338843133355E-15 ) ) ;
#6039 = CARTESIAN_POINT ( 'NONE',  ( 0.3243920403410524012, 1.005914989668964976, 0.01100000000000389902 ) ) ;
#6040 = COLOUR_RGB ( '',0.1098039215686274495, 0.1098039215686274495, 0.1098039215686274495 ) ;
#6041 = EDGE_CURVE ( 'NONE', #8814, #6932, #9588, .T. ) ;
#6042 = FACE_OUTER_BOUND ( 'NONE', #8454, .T. ) ;
#6043 = FACE_OUTER_BOUND ( 'NONE', #2204, .T. ) ;
#6044 = FILL_AREA_STYLE_COLOUR ( '', #248 ) ;
#6045 = DIRECTION ( 'NONE',  ( 1.000000000000000000, 0.0000000000000000000, 0.0000000000000000000 ) ) ;
#6046 = VECTOR ( 'NONE', #73, 1000.000000000000000 ) ;
#6047 =( NAMED_UNIT ( * ) SI_UNIT ( $, .STERADIAN. ) SOLID_ANGLE_UNIT ( ) );
#6048 =( NAMED_UNIT ( * ) PLANE_ANGLE_UNIT ( ) SI_UNIT ( $, .RADIAN. ) );
#6049 = CARTESIAN_POINT ( 'NONE',  ( 0.3465039882390222870, 0.9949292027865482835, 0.01100000000000390075 ) ) ;
#6050 = PLANE ( 'NONE',  #1850 ) ;
#6051 = FILL_AREA_STYLE ('',( #1489 ) ) ;
#6052 = VECTOR ( 'NONE', #413, 1000.000000000000000 ) ;
#6053 = VECTOR ( 'NONE', #4215, 1000.000000000000000 ) ;
#6054 = VECTOR ( 'NONE', #5887, 1000.000000000000000 ) ;
#6055 =( NAMED_UNIT ( * ) SI_UNIT ( $, .STERADIAN. ) SOLID_ANGLE_UNIT ( ) );
#6056 = DIRECTION ( 'NONE',  ( 0.0000000000000000000, -1.000000000000000000, -3.491481338843133355E-15 ) ) ;
#6057 = AXIS2_PLACEMENT_3D ( 'NONE', #5815, #8154, #2878 ) ;
#6058 =( NAMED_UNIT ( * ) PLANE_ANGLE_UNIT ( ) SI_UNIT ( $, .RADIAN. ) );
#6059 = CARTESIAN_POINT ( 'NONE',  ( -2.900000000000000355, -0.7590000000000053371, 4.400999999999998913 ) ) ;
#6060 = SURFACE_STYLE_USAGE ( .BOTH. , #8956 ) ;
#6061 = VECTOR ( 'NONE', #183, 1000.000000000000000 ) ;
#6062 = ADVANCED_FACE ( 'NONE', ( #7352 ), #1281, .T. ) ;
#6063 = STYLED_ITEM ( 'NONE', ( #1014 ), #1057 ) ;
#6064 = CARTESIAN_POINT ( 'NONE',  ( -0.03025207873199314140, 0.9517650352463993269, 0.001000000000003873225 ) ) ;
#6065 = VERTEX_POINT ( 'NONE', #3655 ) ;
#6066 = ORIENTED_EDGE ( 'NONE', *, *, #5361, .F. ) ;
#6067 = CARTESIAN_POINT ( 'NONE',  ( 2.800000000000000266, -0.7590000000000053371, 4.400999999999998913 ) ) ;
#6068 = DIRECTION ( 'NONE',  ( 0.0000000000000000000, 1.000000000000000000, 3.491481338843133355E-15 ) ) ;
#6069 = CARTESIAN_POINT ( 'NONE',  ( -0.1317094406053722633, 1.046470552954624988, 0.01100000000000433270 ) ) ;
#6070 = VERTEX_POINT ( 'NONE', #7350 ) ;
#6071 = CARTESIAN_POINT ( 'NONE',  ( 2.900000000000000355, 1.330999999999999739, 2.901000000000005130 ) ) ;
#6072 =( GEOMETRIC_REPRESENTATION_CONTEXT ( 3 ) GLOBAL_UNCERTAINTY_ASSIGNED_CONTEXT ( ( #6347 ) ) GLOBAL_UNIT_ASSIGNED_CONTEXT ( ( #1640, #9106, #1542 ) ) REPRESENTATION_CONTEXT ( 'NONE', 'WORKASPACE' ) );
#6073 = FILL_AREA_STYLE ('',( #6359 ) ) ;
#6074 = ORIENTED_EDGE ( 'NONE', *, *, #1380, .T. ) ;
#6075 = ADVANCED_FACE ( 'NONE', ( #9112 ), #5916, .T. ) ;
#6076 = VERTEX_POINT ( 'NONE', #1358 ) ;
#6077 = EDGE_LOOP ( 'NONE', ( #946, #3997, #9628, #6138 ) ) ;
#6078 = FILL_AREA_STYLE ('',( #4624 ) ) ;
#6079 =( GEOMETRIC_REPRESENTATION_CONTEXT ( 3 ) GLOBAL_UNCERTAINTY_ASSIGNED_CONTEXT ( ( #9258 ) ) GLOBAL_UNIT_ASSIGNED_CONTEXT ( ( #506, #4269, #7180 ) ) REPRESENTATION_CONTEXT ( 'NONE', 'WORKASPACE' ) );
#6080 = DIRECTION ( 'NONE',  ( 0.0000000000000000000, 1.000000000000000000, 3.491481338843133355E-15 ) ) ;
#6081 = PRESENTATION_STYLE_ASSIGNMENT (( #1323 ) ) ;
#6082 = CARTESIAN_POINT ( 'NONE',  ( -2.900000000000000355, -0.7590000000000035607, 3.880999999999998007 ) ) ;
#6083 = SURFACE_SIDE_STYLE ('',( #2154 ) ) ;
#6084 = CARTESIAN_POINT ( 'NONE',  ( 0.3591602428548397730, 1.020863463761995771, 0.001000000000003873225 ) ) ;
#6085 = CARTESIAN_POINT ( 'NONE',  ( 0.01681347004849466364, 0.9865211328073746344, 0.01100000000000389902 ) ) ;
#6086 = SURFACE_SIDE_STYLE ('',( #5616 ) ) ;
#6087 = UNCERTAINTY_MEASURE_WITH_UNIT (LENGTH_MEASURE( 1.000000000000000082E-05 ), #3745, 'distance_accuracy_value', 'NONE');
#6088 = ORIENTED_EDGE ( 'NONE', *, *, #4527, .T. ) ;
#6089 = EDGE_LOOP ( 'NONE', ( #681, #8992, #476, #8914 ) ) ;
#6090 = ORIENTED_EDGE ( 'NONE', *, *, #2375, .F. ) ;
#6091 = CARTESIAN_POINT ( 'NONE',  ( 0.4681058457567312536, 0.9868554126602115950, 0.001000000000003873225 ) ) ;
#6092 = FACE_OUTER_BOUND ( 'NONE', #4673, .T. ) ;
#6093 =( NAMED_UNIT ( * ) PLANE_ANGLE_UNIT ( ) SI_UNIT ( $, .RADIAN. ) );
#6094 = AXIS2_PLACEMENT_3D ( 'NONE', #8573, #6301, #1778 ) ;
#6095 = FACE_OUTER_BOUND ( 'NONE', #7012, .T. ) ;
#6096 = LINE ( 'NONE', #8651, #3730 ) ;
#6097 = CARTESIAN_POINT ( 'NONE',  ( -0.09993272565861095746, 1.135989087788392915, 0.001000000000004306906 ) ) ;
#6098 = LINE ( 'NONE', #2884, #3384 ) ;
#6099 = ORIENTED_EDGE ( 'NONE', *, *, #5615, .T. ) ;
#6100 = PRESENTATION_STYLE_ASSIGNMENT (( #8113 ) ) ;
#6101 = ORIENTED_EDGE ( 'NONE', *, *, #5413, .F. ) ;
#6102 = AXIS2_PLACEMENT_3D ( 'NONE', #1798, #1825, #5489 ) ;
#6103 = VECTOR ( 'NONE', #9307, 1000.000000000000000 ) ;
#6104 = CARTESIAN_POINT ( 'NONE',  ( -0.1208971708759431218, 1.005423155735520435, 0.001000000000003873225 ) ) ;
#6105 =( NAMED_UNIT ( * ) SI_UNIT ( $, .STERADIAN. ) SOLID_ANGLE_UNIT ( ) );
#6106 = ORIENTED_EDGE ( 'NONE', *, *, #5495, .T. ) ;
#6107 = CARTESIAN_POINT ( 'NONE',  ( 0.2827489765482774642, 0.9786826004574413762, 0.01100000000000389902 ) ) ;
#6108 = ORIENTED_EDGE ( 'NONE', *, *, #1759, .F. ) ;
#6109 = PRESENTATION_LAYER_ASSIGNMENT (  '', '', ( #5104 ) ) ;
#6110 = EDGE_LOOP ( 'NONE', ( #4467, #6704, #2199, #7619 ) ) ;
#6111 = EDGE_CURVE ( 'NONE', #1497, #6435, #8091, .T. ) ;
#6112 = ORIENTED_EDGE ( 'NONE', *, *, #5311, .F. ) ;
#6113 = DIRECTION ( 'NONE',  ( 1.000000000000000000, 5.595468833802103278E-31, -1.532000111646839560E-16 ) ) ;
#6114 = PRESENTATION_STYLE_ASSIGNMENT (( #8607 ) ) ;
#6115 = LINE ( 'NONE', #7827, #9029 ) ;
#6116 = DIRECTION ( 'NONE',  ( -2.465190328815661892E-32, 1.000000000000000000, 3.491481338843133355E-15 ) ) ;
#6117 = EDGE_LOOP ( 'NONE', ( #5418, #492, #4075, #7879 ) ) ;
#6118 = FILL_AREA_STYLE ('',( #2468 ) ) ;
#6119 = CARTESIAN_POINT ( 'NONE',  ( -2.899999999999999911, 3.111000000000004206, 1.421000000000011365 ) ) ;
#6120 = CARTESIAN_POINT ( 'NONE',  ( -3.799999999999996714, 2.301710678118663811, 0.2010000000000091713 ) ) ;
#6121 = ORIENTED_EDGE ( 'NONE', *, *, #6740, .T. ) ;
#6122 = EDGE_CURVE ( 'NONE', #6397, #7855, #4443, .T. ) ;
#6123 = STYLED_ITEM ( 'NONE', ( #2547 ), #5479 ) ;
#6124 = EDGE_CURVE ( 'NONE', #6602, #8615, #8653, .T. ) ;
#6125 = ORIENTED_EDGE ( 'NONE', *, *, #2750, .T. ) ;
#6126 = VECTOR ( 'NONE', #8033, 1000.000000000000000 ) ;
#6127 = VECTOR ( 'NONE', #217, 1000.000000000000000 ) ;
#6128 = CARTESIAN_POINT ( 'NONE',  ( 0.4673738889672532371, 0.9829686822643693977, 0.001000000000003873225 ) ) ;
#6129 =( LENGTH_UNIT ( ) NAMED_UNIT ( * ) SI_UNIT ( .MILLI., .METRE. ) );
#6130 =( GEOMETRIC_REPRESENTATION_CONTEXT ( 3 ) GLOBAL_UNCERTAINTY_ASSIGNED_CONTEXT ( ( #1168 ) ) GLOBAL_UNIT_ASSIGNED_CONTEXT ( ( #9636, #2832, #4363 ) ) REPRESENTATION_CONTEXT ( 'NONE', 'WORKASPACE' ) );
#6131 = DIRECTION ( 'NONE',  ( 0.0000000000000000000, -1.000000000000000000, -3.491481338843133355E-15 ) ) ;
#6132 = ADVANCED_FACE ( 'NONE', ( #7852 ), #9731, .T. ) ;
#6133 = VERTEX_POINT ( 'NONE', #5953 ) ;
#6134 = EDGE_CURVE ( 'NONE', #3366, #486, #8648, .T. ) ;
#6135 = AXIS2_PLACEMENT_3D ( 'NONE', #4027, #7137, #9401 ) ;
#6136 = DIRECTION ( 'NONE',  ( 1.000000000000000000, 0.0000000000000000000, 0.0000000000000000000 ) ) ;
#6137 = PLANE ( 'NONE',  #5406 ) ;
#6138 = ORIENTED_EDGE ( 'NONE', *, *, #7739, .F. ) ;
#6139 = CARTESIAN_POINT ( 'NONE',  ( 2.800000000000000266, -0.7590000000000053371, 4.400999999999998913 ) ) ;
#6140 = CARTESIAN_POINT ( 'NONE',  ( 0.4688524073505806466, 0.9899992245749832387, 0.01100000000000389902 ) ) ;
#6141 = PLANE ( 'NONE',  #8040 ) ;
#6142 =( GEOMETRIC_REPRESENTATION_CONTEXT ( 3 ) GLOBAL_UNCERTAINTY_ASSIGNED_CONTEXT ( ( #9206 ) ) GLOBAL_UNIT_ASSIGNED_CONTEXT ( ( #4806, #7678, #958 ) ) REPRESENTATION_CONTEXT ( 'NONE', 'WORKASPACE' ) );
#6143 = CARTESIAN_POINT ( 'NONE',  ( 0.2750427017284273190, 0.9772190802700233547, 0.001000000000003873225 ) ) ;
#6144 = ORIENTED_EDGE ( 'NONE', *, *, #1712, .F. ) ;
#6145 = ORIENTED_EDGE ( 'NONE', *, *, #79, .T. ) ;
#6146 = CARTESIAN_POINT ( 'NONE',  ( -2.899999999999999911, 0.3017106781186625342, 0.6010000000000019771 ) ) ;
#6147 = CARTESIAN_POINT ( 'NONE',  ( -3.799999999999996714, 2.301710678118664699, 0.001000000000009077395 ) ) ;
#6148 = SURFACE_STYLE_FILL_AREA ( #6118 ) ;
#6149 = DIRECTION ( 'NONE',  ( 0.0000000000000000000, 0.3826834323650873393, 0.9238795325112878487 ) ) ;
#6150 =( LENGTH_UNIT ( ) NAMED_UNIT ( * ) SI_UNIT ( .MILLI., .METRE. ) );
#6151 = ORIENTED_EDGE ( 'NONE', *, *, #8811, .T. ) ;
#6152 = CARTESIAN_POINT ( 'NONE',  ( 4.041421356237308693, 0.3017106781186638109, 0.2010000000000017883 ) ) ;
#6153 = UNCERTAINTY_MEASURE_WITH_UNIT (LENGTH_MEASURE( 1.000000000000000082E-05 ), #8488, 'distance_accuracy_value', 'NONE');
#6154 = SURFACE_STYLE_USAGE ( .BOTH. , #7586 ) ;
#6155 = CARTESIAN_POINT ( 'NONE',  ( -2.899999999999999911, 0.9542040596366438976, 0.01100000000000389902 ) ) ;
#6156 = DIRECTION ( 'NONE',  ( -0.3826834323650907255, -3.225708147102274523E-15, 0.9238795325112864054 ) ) ;
#6157 = DIRECTION ( 'NONE',  ( 0.0000000000000000000, -3.491481338843133355E-15, 1.000000000000000000 ) ) ;
#6158 = ORIENTED_EDGE ( 'NONE', *, *, #2612, .T. ) ;
#6159 = DIRECTION ( 'NONE',  ( -1.000000000000000000, -0.0000000000000000000, 0.0000000000000000000 ) ) ;
#6160 = CARTESIAN_POINT ( 'NONE',  ( 0.4627357261460555704, 0.9926186937829852841, 0.001000000000003873225 ) ) ;
#6161 = VECTOR ( 'NONE', #8892, 1000.000000000000000 ) ;
#6162 = STYLED_ITEM ( 'NONE', ( #7353 ), #8087 ) ;
#6163 = FILL_AREA_STYLE_COLOUR ( '', #2198 ) ;
#6164 = LINE ( 'NONE', #7966, #2482 ) ;
#6165 = SURFACE_STYLE_FILL_AREA ( #2677 ) ;
#6166 = EDGE_CURVE ( 'NONE', #4425, #1786, #1043, .T. ) ;
#6167 = CARTESIAN_POINT ( 'NONE',  ( 1.800000000000000488, -4.569000000000002615, 3.900999999999985146 ) ) ;
#6168 = ORIENTED_EDGE ( 'NONE', *, *, #5370, .F. ) ;
#6169 = COLOUR_RGB ( '',0.7764705882352941346, 0.7568627450980391913, 0.7372549019607843590 ) ;
#6170 = FILL_AREA_STYLE ('',( #2457 ) ) ;
#6171 =( LENGTH_UNIT ( ) NAMED_UNIT ( * ) SI_UNIT ( .MILLI., .METRE. ) );
#6172 =( LENGTH_UNIT ( ) NAMED_UNIT ( * ) SI_UNIT ( .MILLI., .METRE. ) );
#6173 = FILL_AREA_STYLE_COLOUR ( '', #4956 ) ;
#6174 = LINE ( 'NONE', #2897, #7931 ) ;
#6175 = ADVANCED_FACE ( 'NONE', ( #7356 ), #2274, .F. ) ;
#6176 = STYLED_ITEM ( 'NONE', ( #2960 ), #9357 ) ;
#6177 = EDGE_CURVE ( 'NONE', #6070, #5174, #2887, .T. ) ;
#6178 = FILL_AREA_STYLE ('',( #9139 ) ) ;
#6179 = DIRECTION ( 'NONE',  ( 0.0000000000000000000, -3.491481338843133355E-15, 1.000000000000000000 ) ) ;
#6180 =( LENGTH_UNIT ( ) NAMED_UNIT ( * ) SI_UNIT ( .MILLI., .METRE. ) );
#6181 = VECTOR ( 'NONE', #2858, 1000.000000000000000 ) ;
#6182 = SURFACE_STYLE_USAGE ( .BOTH. , #1646 ) ;
#6183 = CARTESIAN_POINT ( 'NONE',  ( 2.699999999999999734, 1.331000000000004846, 1.401000000000005574 ) ) ;
#6184 = STYLED_ITEM ( 'NONE', ( #6475 ), #4752 ) ;
#6185 = DIRECTION ( 'NONE',  ( 1.000000000000000000, 5.221340210712170860E-31, -1.495451272393799542E-16 ) ) ;
#6186 = CIRCLE ( 'NONE', #3353, 0.2000000000000000944 ) ;
#6187 = ORIENTED_EDGE ( 'NONE', *, *, #421, .T. ) ;
#6188 = EDGE_CURVE ( 'NONE', #3465, #1651, #2289, .T. ) ;
#6189 = EDGE_CURVE ( 'NONE', #1515, #3886, #6556, .T. ) ;
#6190 = CARTESIAN_POINT ( 'NONE',  ( 3.958578643762689087, 2.301710678118664699, 0.001000000000008643714 ) ) ;
#6191 =( NAMED_UNIT ( * ) SI_UNIT ( $, .STERADIAN. ) SOLID_ANGLE_UNIT ( ) );
#6192 = STYLED_ITEM ( 'NONE', ( #3369 ), #6075 ) ;
#6193 = VERTEX_POINT ( 'NONE', #6835 ) ;
#6194 = FILL_AREA_STYLE_COLOUR ( '', #4867 ) ;
#6195 = SURFACE_STYLE_USAGE ( .BOTH. , #9152 ) ;
#6196 = LINE ( 'NONE', #2848, #6763 ) ;
#6197 = CARTESIAN_POINT ( 'NONE',  ( -0.09274852792429597037, 1.141583996864458106, 0.001000000000004306906 ) ) ;
#6198 = VERTEX_POINT ( 'NONE', #5302 ) ;
#6199 = VERTEX_POINT ( 'NONE', #3812 ) ;
#6200 = DIRECTION ( 'NONE',  ( 0.3826834323650907255, -3.225708147102274523E-15, 0.9238795325112864054 ) ) ;
#6201 = VERTEX_POINT ( 'NONE', #9050 ) ;
#6202 = STYLED_ITEM ( 'NONE', ( #2592 ), #1581 ) ;
#6203 = VECTOR ( 'NONE', #2215, 1000.000000000000000 ) ;
#6204 = CARTESIAN_POINT ( 'NONE',  ( 0.1631549334631288706, 1.132252840124448934, 0.001000000000004306906 ) ) ;
#6205 =( LENGTH_UNIT ( ) NAMED_UNIT ( * ) SI_UNIT ( .MILLI., .METRE. ) );
#6206 = LINE ( 'NONE', #4923, #9721 ) ;
#6207 = CARTESIAN_POINT ( 'NONE',  ( 0.1582768846826410614, 0.9542040596366438976, 0.001000000000003873225 ) ) ;
#6208 = CARTESIAN_POINT ( 'NONE',  ( 0.6999999999999992895, 3.331000000000008399, 0.4010000000000122911 ) ) ;
#6209 = DIRECTION ( 'NONE',  ( -0.7071067811865460184, -2.468850131082270866E-15, 0.7071067811865490160 ) ) ;
#6210 = ORIENTED_EDGE ( 'NONE', *, *, #7673, .T. ) ;
#6211 = EDGE_LOOP ( 'NONE', ( #4127, #7844, #8739, #3141, #1973, #7038, #8469, #4308 ) ) ;
#6212 = SURFACE_SIDE_STYLE ('',( #4208 ) ) ;
#6213 = LINE ( 'NONE', #5519, #353 ) ;
#6214 = VECTOR ( 'NONE', #1698, 1000.000000000000000 ) ;
#6215 = SURFACE_SIDE_STYLE ('',( #2775 ) ) ;
#6216 = CARTESIAN_POINT ( 'NONE',  ( 0.05583786029239712345, 1.154204059636644075, 0.001000000000004306906 ) ) ;
#6217 = STYLED_ITEM ( 'NONE', ( #8751 ), #2738 ) ;
#6218 = SURFACE_STYLE_USAGE ( .BOTH. , #195 ) ;
#6219 = FACE_OUTER_BOUND ( 'NONE', #3361, .T. ) ;
#6220 = ORIENTED_EDGE ( 'NONE', *, *, #8172, .F. ) ;
#6221 = CARTESIAN_POINT ( 'NONE',  ( -2.899999999999999911, 1.154204059636644075, 0.01100000000000433270 ) ) ;
#6222 = DIRECTION ( 'NONE',  ( 1.000000000000000000, 0.0000000000000000000, 0.0000000000000000000 ) ) ;
#6223 = VERTEX_POINT ( 'NONE', #8313 ) ;
#6224 = ORIENTED_EDGE ( 'NONE', *, *, #6371, .F. ) ;
#6225 = AXIS2_PLACEMENT_3D ( 'NONE', #8042, #2802, #8075 ) ;
#6226 = ORIENTED_EDGE ( 'NONE', *, *, #9611, .T. ) ;
#6227 = CARTESIAN_POINT ( 'NONE',  ( -2.899999999999999911, 0.9017106781186623454, 0.6010000000000036424 ) ) ;
#6228 = ORIENTED_EDGE ( 'NONE', *, *, #9189, .F. ) ;
#6229 =( NAMED_UNIT ( * ) PLANE_ANGLE_UNIT ( ) SI_UNIT ( $, .RADIAN. ) );
#6230 = FILL_AREA_STYLE_COLOUR ( '', #7184 ) ;
#6231 = CARTESIAN_POINT ( 'NONE',  ( 0.3631549334631288262, 1.051688815734204807, 0.001000000000004306906 ) ) ;
#6232 = MECHANICAL_DESIGN_GEOMETRIC_PRESENTATION_REPRESENTATION (  '', ( #7732 ), #7340 ) ;
#6233 = ADVANCED_FACE ( 'NONE', ( #5260 ), #4552, .T. ) ;
#6234 = MECHANICAL_DESIGN_GEOMETRIC_PRESENTATION_REPRESENTATION (  '', ( #7091 ), #4074 ) ;
#6235 = FILL_AREA_STYLE_COLOUR ( '', #4578 ) ;
#6236 = LINE ( 'NONE', #9198, #4227 ) ;
#6237 = VERTEX_POINT ( 'NONE', #7538 ) ;
#6238 = LINE ( 'NONE', #9345, #6465 ) ;
#6239 = LINE ( 'NONE', #5516, #3747 ) ;
#6240 = PLANE ( 'NONE',  #6437 ) ;
#6241 = LINE ( 'NONE', #6155, #3289 ) ;
#6242 = VERTEX_POINT ( 'NONE', #6720 ) ;
#6243 = ORIENTED_EDGE ( 'NONE', *, *, #4478, .T. ) ;
#6244 = ORIENTED_EDGE ( 'NONE', *, *, #8441, .T. ) ;
#6245 = EDGE_CURVE ( 'NONE', #6468, #1176, #9455, .T. ) ;
#6246 = CARTESIAN_POINT ( 'NONE',  ( 0.2021793237070312610, 0.9542040596366438976, 0.001000000000003873225 ) ) ;
#6247 = AXIS2_PLACEMENT_3D ( 'NONE', #4615, #2589, #3464 ) ;
#6248 = FILL_AREA_STYLE_COLOUR ( '', #1912 ) ;
#6249 = ORIENTED_EDGE ( 'NONE', *, *, #9707, .T. ) ;
#6250 = LINE ( 'NONE', #3267, #7515 ) ;
#6251 = CARTESIAN_POINT ( 'NONE',  ( 2.800000000000000266, -0.7589999999999949010, 1.400999999999997803 ) ) ;
#6252 = AXIS2_PLACEMENT_3D ( 'NONE', #1672, #6917, #818 ) ;
#6253 = FACE_OUTER_BOUND ( 'NONE', #9005, .T. ) ;
#6254 = VERTEX_POINT ( 'NONE', #5220 ) ;
#6255 = CARTESIAN_POINT ( 'NONE',  ( 0.3100766535444369199, 1.116243433368553584, 0.01100000000000433270 ) ) ;
#6256 = VERTEX_POINT ( 'NONE', #6746 ) ;
#6257 = DIRECTION ( 'NONE',  ( 0.7071067811865460184, 2.468850131082270866E-15, -0.7071067811865490160 ) ) ;
#6258 = CARTESIAN_POINT ( 'NONE',  ( -0.1318799130653508511, 1.054085823268342104, 0.001000000000004306906 ) ) ;
#6259 = VECTOR ( 'NONE', #6222, 1000.000000000000000 ) ;
#6260 = CARTESIAN_POINT ( 'NONE',  ( 0.2565619456582508007, 1.154204059636644075, 0.001000000000004306906 ) ) ;
#6261 = CARTESIAN_POINT ( 'NONE',  ( -3.387867965644034918, 0.3017106781186625342, 0.5717106781186573894 ) ) ;
#6262 = AXIS2_PLACEMENT_3D ( 'NONE', #7900, #1008, #1145 ) ;
#6263 = COLOUR_RGB ( '',0.7764705882352941346, 0.7568627450980391913, 0.7372549019607843590 ) ;
#6264 = ORIENTED_EDGE ( 'NONE', *, *, #3044, .F. ) ;
#6265 = PRESENTATION_STYLE_ASSIGNMENT (( #7609 ) ) ;
#6266 = EDGE_CURVE ( 'NONE', #9257, #6065, #5475, .T. ) ;
#6267 = VECTOR ( 'NONE', #8783, 1000.000000000000114 ) ;
#6268 = ORIENTED_EDGE ( 'NONE', *, *, #3956, .T. ) ;
#6269 = CARTESIAN_POINT ( 'NONE',  ( 2.700000000000000622, 3.330999999999995520, 4.401000000000011347 ) ) ;
#6270 = DIRECTION ( 'NONE',  ( 1.000000000000000000, 0.0000000000000000000, 0.0000000000000000000 ) ) ;
#6271 = DIRECTION ( 'NONE',  ( 0.0000000000000000000, -1.000000000000000000, -3.491481338843133355E-15 ) ) ;
#6272 =( GEOMETRIC_REPRESENTATION_CONTEXT ( 3 ) GLOBAL_UNCERTAINTY_ASSIGNED_CONTEXT ( ( #5838 ) ) GLOBAL_UNIT_ASSIGNED_CONTEXT ( ( #1363, #3564, #8801 ) ) REPRESENTATION_CONTEXT ( 'NONE', 'WORKASPACE' ) );
#6273 = FILL_AREA_STYLE ('',( #330 ) ) ;
#6274 = FILL_AREA_STYLE ('',( #2542 ) ) ;
#6275 = CARTESIAN_POINT ( 'NONE',  ( -0.1050684865678115087, 1.053248987789543012, 0.001000000000004306906 ) ) ;
#6276 = ORIENTED_EDGE ( 'NONE', *, *, #8554, .F. ) ;
#6277 = CARTESIAN_POINT ( 'NONE',  ( -0.05321771489700095198, 0.9766893504245064417, 0.001000000000003873225 ) ) ;
#6278 = SURFACE_STYLE_FILL_AREA ( #6576 ) ;
#6279 =( GEOMETRIC_REPRESENTATION_CONTEXT ( 3 ) GLOBAL_UNCERTAINTY_ASSIGNED_CONTEXT ( ( #684 ) ) GLOBAL_UNIT_ASSIGNED_CONTEXT ( ( #3328, #2641, #5664 ) ) REPRESENTATION_CONTEXT ( 'NONE', 'WORKASPACE' ) );
#6280 = CARTESIAN_POINT ( 'NONE',  ( 0.01197574320510694235, 0.9577281245309551272, 0.01100000000000389902 ) ) ;
#6281 = CARTESIAN_POINT ( 'NONE',  ( 2.800000000000000266, -0.7590000000000053371, 4.400999999999998913 ) ) ;
#6282 = UNCERTAINTY_MEASURE_WITH_UNIT (LENGTH_MEASURE( 1.000000000000000082E-05 ), #5666, 'distance_accuracy_value', 'NONE');
#6283 = CARTESIAN_POINT ( 'NONE',  ( -0.1051377494637004695, 1.056338205978106570, 0.001000000000004306906 ) ) ;
#6284 =( GEOMETRIC_REPRESENTATION_CONTEXT ( 3 ) GLOBAL_UNCERTAINTY_ASSIGNED_CONTEXT ( ( #5902 ) ) GLOBAL_UNIT_ASSIGNED_CONTEXT ( ( #3542, #4298, #6591 ) ) REPRESENTATION_CONTEXT ( 'NONE', 'WORKASPACE' ) );
#6285 = CARTESIAN_POINT ( 'NONE',  ( -0.1490401884880906969, 1.132252840124448934, 0.001000000000004306906 ) ) ;
#6286 = LINE ( 'NONE', #705, #6031 ) ;
#6287 = ADVANCED_FACE ( 'NONE', ( #5126 ), #9716, .T. ) ;
#6288 = LINE ( 'NONE', #5952, #2973 ) ;
#6289 = CARTESIAN_POINT ( 'NONE',  ( 2.699999999999999734, 3.331000000000003958, 1.401000000000011125 ) ) ;
#6290 = CARTESIAN_POINT ( 'NONE',  ( 1.400000000000000355, -4.768999999999996575, 1.700999999999984080 ) ) ;
#6291 = DIRECTION ( 'NONE',  ( 0.0000000000000000000, -1.000000000000000000, -3.491481338843133355E-15 ) ) ;
#6292 = CARTESIAN_POINT ( 'NONE',  ( 3.799999999999996714, 2.901710678118664788, 0.001000000000011245799 ) ) ;
#6293 =( NAMED_UNIT ( * ) PLANE_ANGLE_UNIT ( ) SI_UNIT ( $, .RADIAN. ) );
#6294 = DIRECTION ( 'NONE',  ( -1.077017957529335354E-31, 1.000000000000000000, 2.949380252600381138E-15 ) ) ;
#6295 = UNCERTAINTY_MEASURE_WITH_UNIT (LENGTH_MEASURE( 1.000000000000000082E-05 ), #3990, 'distance_accuracy_value', 'NONE');
#6296 = VERTEX_POINT ( 'NONE', #5319 ) ;
#6297 = LINE ( 'NONE', #4267, #437 ) ;
#6298 =( GEOMETRIC_REPRESENTATION_CONTEXT ( 3 ) GLOBAL_UNCERTAINTY_ASSIGNED_CONTEXT ( ( #631 ) ) GLOBAL_UNIT_ASSIGNED_CONTEXT ( ( #3068, #61, #6055 ) ) REPRESENTATION_CONTEXT ( 'NONE', 'WORKASPACE' ) );
#6299 = SURFACE_STYLE_FILL_AREA ( #4252 ) ;
#6300 = COLOUR_RGB ( '',1.000000000000000000, 1.000000000000000000, 1.000000000000000000 ) ;
#6301 = DIRECTION ( 'NONE',  ( 1.495451272393799542E-16, 3.491481338843133355E-15, -1.000000000000000000 ) ) ;
#6302 = CARTESIAN_POINT ( 'NONE',  ( -2.899999999999999911, 1.132252840124448934, 0.01100000000000433270 ) ) ;
#6303 = COLOUR_RGB ( '',0.1098039215686274495, 0.1098039215686274495, 0.1098039215686274495 ) ;
#6304 = DIRECTION ( 'NONE',  ( -0.0000000000000000000, 3.491481338843133355E-15, -1.000000000000000000 ) ) ;
#6305 = CARTESIAN_POINT ( 'NONE',  ( -0.05321771489700095198, 0.9766893504245064417, 0.01100000000000389902 ) ) ;
#6306 = LINE ( 'NONE', #2696, #6413 ) ;
#6307 = STYLED_ITEM ( 'NONE', ( #2383 ), #8431 ) ;
#6308 = LINE ( 'NONE', #8899, #1009 ) ;
#6309 = COLOUR_RGB ( '',1.000000000000000000, 1.000000000000000000, 1.000000000000000000 ) ;
#6310 = EDGE_CURVE ( 'NONE', #8457, #3966, #1345, .T. ) ;
#6311 = DIRECTION ( 'NONE',  ( -0.0000000000000000000, 3.491481338843133355E-15, -1.000000000000000000 ) ) ;
#6312 = FILL_AREA_STYLE ('',( #6248 ) ) ;
#6313 = ORIENTED_EDGE ( 'NONE', *, *, #5315, .T. ) ;
#6314 = PRESENTATION_STYLE_ASSIGNMENT (( #8489 ) ) ;
#6315 = PRESENTATION_STYLE_ASSIGNMENT (( #4769 ) ) ;
#6316 = FILL_AREA_STYLE ('',( #1700 ) ) ;
#6317 = VECTOR ( 'NONE', #9469, 1000.000000000000000 ) ;
#6318 = VECTOR ( 'NONE', #6294, 1000.000000000000000 ) ;
#6319 = EDGE_CURVE ( 'NONE', #7270, #7398, #6754, .T. ) ;
#6320 = AXIS2_PLACEMENT_3D ( 'NONE', #281, #5540, #1045 ) ;
#6321 = ORIENTED_EDGE ( 'NONE', *, *, #931, .T. ) ;
#6322 = ORIENTED_EDGE ( 'NONE', *, *, #6367, .T. ) ;
#6323 = CARTESIAN_POINT ( 'NONE',  ( 2.720000000000000639, 1.350999999999994650, 4.381000000000004668 ) ) ;
#6324 = CARTESIAN_POINT ( 'NONE',  ( -3.641421356237309226, 2.901710678118662567, 0.6010000000000110809 ) ) ;
#6325 = CARTESIAN_POINT ( 'NONE',  ( 0.3363256651704458200, 1.052260462075668368, 0.01100000000000433270 ) ) ;
#6326 = VECTOR ( 'NONE', #7633, 1000.000000000000000 ) ;
#6327 = CARTESIAN_POINT ( 'NONE',  ( -0.1033542127801761329, 0.9808541609952138307, 0.01100000000000389902 ) ) ;
#6328 =( NAMED_UNIT ( * ) SI_UNIT ( $, .STERADIAN. ) SOLID_ANGLE_UNIT ( ) );
#6329 = FILL_AREA_STYLE_COLOUR ( '', #7583 ) ;
#6330 =( GEOMETRIC_REPRESENTATION_CONTEXT ( 3 ) GLOBAL_UNCERTAINTY_ASSIGNED_CONTEXT ( ( #7224 ) ) GLOBAL_UNIT_ASSIGNED_CONTEXT ( ( #7936, #8588, #4132 ) ) REPRESENTATION_CONTEXT ( 'NONE', 'WORKASPACE' ) );
#6331 = EDGE_CURVE ( 'NONE', #6193, #6242, #3474, .T. ) ;
#6332 = EDGE_CURVE ( 'NONE', #6435, #7603, #8200, .T. ) ;
#6333 = CARTESIAN_POINT ( 'NONE',  ( 2.899999999999999023, 3.330999999999989747, 5.801000000000011703 ) ) ;
#6334 = COLOUR_RGB ( '',0.7764705882352941346, 0.7568627450980391913, 0.7372549019607843590 ) ;
#6335 = DIRECTION ( 'NONE',  ( -8.673617379884042375E-16, 3.491481338843133355E-15, -1.000000000000000000 ) ) ;
#6336 = AXIS2_PLACEMENT_3D ( 'NONE', #3659, #8890, #5920 ) ;
#6337 = SURFACE_STYLE_USAGE ( .BOTH. , #424 ) ;
#6338 = CARTESIAN_POINT ( 'NONE',  ( -0.6999999999999999556, 5.131000000000009109, 0.2010000000000191356 ) ) ;
#6339 = ADVANCED_FACE ( 'NONE', ( #9706 ), #7429, .T. ) ;
#6340 = ORIENTED_EDGE ( 'NONE', *, *, #284, .T. ) ;
#6341 = EDGE_LOOP ( 'NONE', ( #2684, #9567, #4689, #7029 ) ) ;
#6342 = AXIS2_PLACEMENT_3D ( 'NONE', #9010, #6116, #9138 ) ;
#6343 = DIRECTION ( 'NONE',  ( -1.000000000000000000, 5.221340210712170860E-31, -1.495451272393799542E-16 ) ) ;
#6344 = FACE_OUTER_BOUND ( 'NONE', #2545, .T. ) ;
#6345 = CARTESIAN_POINT ( 'NONE',  ( -0.1025311041977150506, 1.081190301029506529, 0.01100000000000433270 ) ) ;
#6346 = CARTESIAN_POINT ( 'NONE',  ( 3.799999999999996714, 2.901710678118663900, 0.2010000000000113363 ) ) ;
#6347 = UNCERTAINTY_MEASURE_WITH_UNIT (LENGTH_MEASURE( 1.000000000000000082E-05 ), #1640, 'distance_accuracy_value', 'NONE');
#6348 = SURFACE_STYLE_FILL_AREA ( #2734 ) ;
#6349 = ORIENTED_EDGE ( 'NONE', *, *, #2438, .T. ) ;
#6350 =( GEOMETRIC_REPRESENTATION_CONTEXT ( 3 ) GLOBAL_UNCERTAINTY_ASSIGNED_CONTEXT ( ( #5973 ) ) GLOBAL_UNIT_ASSIGNED_CONTEXT ( ( #1994, #5114, #5854 ) ) REPRESENTATION_CONTEXT ( 'NONE', 'WORKASPACE' ) );
#6351 = COLOUR_RGB ( '',0.1098039215686274495, 0.1098039215686274495, 0.1098039215686274495 ) ;
#6352 = DIRECTION ( 'NONE',  ( 0.0000000000000000000, -1.000000000000000000, -3.491481338843133355E-15 ) ) ;
#6353 = EDGE_LOOP ( 'NONE', ( #3056, #1153, #7036, #6920 ) ) ;
#6354 =( NAMED_UNIT ( * ) PLANE_ANGLE_UNIT ( ) SI_UNIT ( $, .RADIAN. ) );
#6355 = CARTESIAN_POINT ( 'NONE',  ( -0.1319670177563833924, 1.057976925490301534, 0.01100000000000433270 ) ) ;
#6356 = DIRECTION ( 'NONE',  ( 1.000000000000000000, 0.0000000000000000000, 0.0000000000000000000 ) ) ;
#6357 = CARTESIAN_POINT ( 'NONE',  ( -0.03002342019540777188, 0.9737162547585943573, 0.001000000000003873225 ) ) ;
#6358 = VERTEX_POINT ( 'NONE', #8425 ) ;
#6359 = FILL_AREA_STYLE_COLOUR ( '', #8080 ) ;
#6360 = VERTEX_POINT ( 'NONE', #6208 ) ;
#6361 = ORIENTED_EDGE ( 'NONE', *, *, #1582, .T. ) ;
#6362 = CARTESIAN_POINT ( 'NONE',  ( 0.1533988359021533909, 1.042008937685424685, 0.01100000000000433270 ) ) ;
#6363 = CARTESIAN_POINT ( 'NONE',  ( 3.387867965644034918, 0.9017106781186623454, 0.5717106781186591657 ) ) ;
#6364 = VERTEX_POINT ( 'NONE', #2390 ) ;
#6365 = CARTESIAN_POINT ( 'NONE',  ( -0.1177822076485574437, 1.115024231206105165, 0.001000000000004306906 ) ) ;
#6366 =( NAMED_UNIT ( * ) SI_UNIT ( $, .STERADIAN. ) SOLID_ANGLE_UNIT ( ) );
#6367 = EDGE_CURVE ( 'NONE', #2074, #6673, #7817, .T. ) ;
#6368 = SURFACE_STYLE_USAGE ( .BOTH. , #1551 ) ;
#6369 = CARTESIAN_POINT ( 'NONE',  ( 1.299999999999999378, 3.331000000000008399, 0.4010000000000122911 ) ) ;
#6370 = EDGE_LOOP ( 'NONE', ( #3419, #1553, #144, #9252 ) ) ;
#6371 = EDGE_CURVE ( 'NONE', #1623, #6432, #779, .T. ) ;
#6372 = ORIENTED_EDGE ( 'NONE', *, *, #1627, .F. ) ;
#6373 = SURFACE_STYLE_USAGE ( .BOTH. , #1203 ) ;
#6374 =( LENGTH_UNIT ( ) NAMED_UNIT ( * ) SI_UNIT ( .MILLI., .METRE. ) );
#6375 =( GEOMETRIC_REPRESENTATION_CONTEXT ( 3 ) GLOBAL_UNCERTAINTY_ASSIGNED_CONTEXT ( ( #5108 ) ) GLOBAL_UNIT_ASSIGNED_CONTEXT ( ( #9320, #1002, #4050 ) ) REPRESENTATION_CONTEXT ( 'NONE', 'WORKASPACE' ) );
#6376 = EDGE_CURVE ( 'NONE', #1882, #3863, #3819, .T. ) ;
#6377 = DIRECTION ( 'NONE',  ( 1.000000000000000000, 0.0000000000000000000, 0.0000000000000000000 ) ) ;
#6378 = VECTOR ( 'NONE', #8175, 1000.000000000000000 ) ;
#6379 = FACE_OUTER_BOUND ( 'NONE', #396, .T. ) ;
#6380 = EDGE_LOOP ( 'NONE', ( #2208, #124, #7505, #711 ) ) ;
#6381 = ADVANCED_FACE ( 'NONE', ( #2503 ), #4690, .F. ) ;
#6382 = VECTOR ( 'NONE', #2831, 1000.000000000000114 ) ;
#6383 = VERTEX_POINT ( 'NONE', #9126 ) ;
#6384 =( LENGTH_UNIT ( ) NAMED_UNIT ( * ) SI_UNIT ( .MILLI., .METRE. ) );
#6385 = VECTOR ( 'NONE', #8245, 1000.000000000000000 ) ;
#6386 =( LENGTH_UNIT ( ) NAMED_UNIT ( * ) SI_UNIT ( .MILLI., .METRE. ) );
#6387 = LINE ( 'NONE', #1967, #406 ) ;
#6388 = CARTESIAN_POINT ( 'NONE',  ( 0.5087723115119093809, 1.098106498661034047, 0.01100000000000433270 ) ) ;
#6389 = STYLED_ITEM ( 'NONE', ( #9219 ), #6287 ) ;
#6390 = FACE_BOUND ( 'NONE', #8295, .T. ) ;
#6391 = EDGE_CURVE ( 'NONE', #2431, #5314, #2744, .T. ) ;
#6392 = ORIENTED_EDGE ( 'NONE', *, *, #1571, .F. ) ;
#6393 = DIRECTION ( 'NONE',  ( 1.000000000000000000, -5.595468833802103278E-31, 1.532000111646839560E-16 ) ) ;
#6394 = CARTESIAN_POINT ( 'NONE',  ( 2.899999999999999023, -1.769000000000010120, 5.800999999999993939 ) ) ;
#6395 = STYLED_ITEM ( 'NONE', ( #556 ), #954 ) ;
#6396 = PLANE ( 'NONE',  #3776 ) ;
#6397 = VERTEX_POINT ( 'NONE', #9237 ) ;
#6398 =( NAMED_UNIT ( * ) PLANE_ANGLE_UNIT ( ) SI_UNIT ( $, .RADIAN. ) );
#6399 = VECTOR ( 'NONE', #8625, 999.9999999999998863 ) ;
#6400 = DIRECTION ( 'NONE',  ( -0.0000000000000000000, -1.000000000000000000, -3.491481338843133355E-15 ) ) ;
#6401 = LINE ( 'NONE', #8131, #6617 ) ;
#6402 = PRESENTATION_STYLE_ASSIGNMENT (( #52 ) ) ;
#6403 = PRESENTATION_STYLE_ASSIGNMENT (( #2672 ) ) ;
#6404 = EDGE_LOOP ( 'NONE', ( #4262, #1129, #7738, #8254, #5773, #8444, #3591, #4699 ) ) ;
#6405 =( NAMED_UNIT ( * ) SI_UNIT ( $, .STERADIAN. ) SOLID_ANGLE_UNIT ( ) );
#6406 = SURFACE_STYLE_USAGE ( .BOTH. , #9333 ) ;
#6407 = CARTESIAN_POINT ( 'NONE',  ( -0.03386431412593590012, 0.9518490802490902070, 0.001000000000003873225 ) ) ;
#6408 = LINE ( 'NONE', #4483, #873 ) ;
#6409 = PRESENTATION_LAYER_ASSIGNMENT (  '', '', ( #1359 ) ) ;
#6410 = FACE_OUTER_BOUND ( 'NONE', #4234, .T. ) ;
#6411 = EDGE_CURVE ( 'NONE', #9722, #898, #1584, .T. ) ;
#6412 = UNCERTAINTY_MEASURE_WITH_UNIT (LENGTH_MEASURE( 1.000000000000000082E-05 ), #6959, 'distance_accuracy_value', 'NONE');
#6413 = VECTOR ( 'NONE', #2658, 1000.000000000000000 ) ;
#6414 = DIRECTION ( 'NONE',  ( 1.000000000000000000, 0.0000000000000000000, 0.0000000000000000000 ) ) ;
#6415 = LINE ( 'NONE', #2473, #540 ) ;
#6416 = COLOUR_RGB ( '',0.7764705882352941346, 0.7568627450980391913, 0.7372549019607843590 ) ;
#6417 = CARTESIAN_POINT ( 'NONE',  ( 0.3630741600225999011, 1.055466332635474513, 0.001000000000004306906 ) ) ;
#6418 = DIRECTION ( 'NONE',  ( 0.0000000000000000000, -1.000000000000000000, -3.491481338843133355E-15 ) ) ;
#6419 = SURFACE_STYLE_USAGE ( .BOTH. , #4842 ) ;
#6420 = MECHANICAL_DESIGN_GEOMETRIC_PRESENTATION_REPRESENTATION (  '', ( #1365 ), #393 ) ;
#6421 = SURFACE_STYLE_FILL_AREA ( #4205 ) ;
#6422 = SURFACE_STYLE_FILL_AREA ( #5905 ) ;
#6423 = CARTESIAN_POINT ( 'NONE',  ( 2.700000000000000178, -0.7590000000000035607, 3.900999999999998025 ) ) ;
#6424 = CARTESIAN_POINT ( 'NONE',  ( -2.900000000000000355, 0.2860000000000032516, 1.901000000000001355 ) ) ;
#6425 = CARTESIAN_POINT ( 'NONE',  ( 0.3174846348621224168, 1.138627920295193441, 0.01100000000000433270 ) ) ;
#6426 = CARTESIAN_POINT ( 'NONE',  ( -0.03452037141491977323, 1.134691864514691728, 0.01100000000000433270 ) ) ;
#6427 =( GEOMETRIC_REPRESENTATION_CONTEXT ( 3 ) GLOBAL_UNCERTAINTY_ASSIGNED_CONTEXT ( ( #4073 ) ) GLOBAL_UNIT_ASSIGNED_CONTEXT ( ( #8132, #7263, #3627 ) ) REPRESENTATION_CONTEXT ( 'NONE', 'WORKASPACE' ) );
#6428 = DIRECTION ( 'NONE',  ( -1.000000000000000000, -0.0000000000000000000, 0.0000000000000000000 ) ) ;
#6429 = LINE ( 'NONE', #8552, #1250 ) ;
#6431 =( GEOMETRIC_REPRESENTATION_CONTEXT ( 3 ) GLOBAL_UNCERTAINTY_ASSIGNED_CONTEXT ( ( #6412 ) ) GLOBAL_UNIT_ASSIGNED_CONTEXT ( ( #6959, #314, #3281 ) ) REPRESENTATION_CONTEXT ( 'NONE', 'WORKASPACE' ) );
#6430 = LINE ( 'NONE', #8911, #7830 ) ;
#6432 = VERTEX_POINT ( 'NONE', #1629 ) ;
#6433 = DIRECTION ( 'NONE',  ( 0.0000000000000000000, 1.000000000000000000, 3.491481338843133355E-15 ) ) ;
#6434 = CARTESIAN_POINT ( 'NONE',  ( 0.2290085919997141839, 0.9761552791488392611, 0.001000000000003873225 ) ) ;
#6435 = VERTEX_POINT ( 'NONE', #4761 ) ;
#6436 = VERTEX_POINT ( 'NONE', #6987 ) ;
#6437 = AXIS2_PLACEMENT_3D ( 'NONE', #9260, #3269, #1114 ) ;
#6438 = EDGE_CURVE ( 'NONE', #6193, #3839, #5591, .T. ) ;
#6439 = SURFACE_SIDE_STYLE ('',( #1122 ) ) ;
#6440 = EDGE_LOOP ( 'NONE', ( #4788, #6767, #8299, #2527 ) ) ;
#6441 = ORIENTED_EDGE ( 'NONE', *, *, #8787, .T. ) ;
#6442 = AXIS2_PLACEMENT_3D ( 'NONE', #277, #9356, #4886 ) ;
#6443 = CYLINDRICAL_SURFACE ( 'NONE', #8654, 0.2000000000000000944 ) ;
#6444 = LINE ( 'NONE', #97, #5970 ) ;
#6445 = VERTEX_POINT ( 'NONE', #2328 ) ;
#6446 = EDGE_CURVE ( 'NONE', #8984, #1999, #2041, .T. ) ;
#6447 = STYLED_ITEM ( 'NONE', ( #2669 ), #6997 ) ;
#6448 = CARTESIAN_POINT ( 'NONE',  ( 0.4665848115119092254, 0.9785943035390829436, 0.001000000000003873225 ) ) ;
#6449 = SURFACE_STYLE_USAGE ( .BOTH. , #5722 ) ;
#6450 = CARTESIAN_POINT ( 'NONE',  ( -0.007984824798366168055, 1.153527468887915575, 0.001000000000004306906 ) ) ;
#6451 = FILL_AREA_STYLE_COLOUR ( '', #9474 ) ;
#6452 = FILL_AREA_STYLE ('',( #1961 ) ) ;
#6453 = DIRECTION ( 'NONE',  ( 1.000000000000000000, 0.0000000000000000000, 0.0000000000000000000 ) ) ;
#6454 = ORIENTED_EDGE ( 'NONE', *, *, #1006, .T. ) ;
#6455 = CARTESIAN_POINT ( 'NONE',  ( -2.700000000000000178, 1.330999999999999739, 2.901000000000005130 ) ) ;
#6456 = ORIENTED_EDGE ( 'NONE', *, *, #246, .T. ) ;
#6457 = UNCERTAINTY_MEASURE_WITH_UNIT (LENGTH_MEASURE( 1.000000000000000082E-05 ), #6863, 'distance_accuracy_value', 'NONE');
#6458 = AXIS2_PLACEMENT_3D ( 'NONE', #9489, #5011, #4385 ) ;
#6459 = ORIENTED_EDGE ( 'NONE', *, *, #4942, .F. ) ;
#6460 = VERTEX_POINT ( 'NONE', #8458 ) ;
#6461 = SURFACE_STYLE_USAGE ( .BOTH. , #7933 ) ;
#6462 = CARTESIAN_POINT ( 'NONE',  ( 0.3247337544664557485, 1.099685366410765752, 0.01100000000000433270 ) ) ;
#6463 =( NAMED_UNIT ( * ) PLANE_ANGLE_UNIT ( ) SI_UNIT ( $, .RADIAN. ) );
#6464 = VERTEX_POINT ( 'NONE', #6913 ) ;
#6465 = VECTOR ( 'NONE', #1826, 1000.000000000000000 ) ;
#6466 = LINE ( 'NONE', #4869, #4823 ) ;
#6467 = VECTOR ( 'NONE', #236, 1000.000000000000000 ) ;
#6468 = VERTEX_POINT ( 'NONE', #3178 ) ;
#6469 = ORIENTED_EDGE ( 'NONE', *, *, #6874, .T. ) ;
#6470 = VERTEX_POINT ( 'NONE', #3211 ) ;
#6471 = ADVANCED_FACE ( 'NONE', ( #4897 ), #1694, .T. ) ;
#6472 = MECHANICAL_DESIGN_GEOMETRIC_PRESENTATION_REPRESENTATION (  '', ( #750 ), #8346 ) ;
#6473 = ORIENTED_EDGE ( 'NONE', *, *, #3226, .F. ) ;
#6474 = DIRECTION ( 'NONE',  ( 0.0000000000000000000, 1.000000000000000000, 3.491481338843133355E-15 ) ) ;
#6475 = PRESENTATION_STYLE_ASSIGNMENT (( #5706 ) ) ;
#6476 = DIRECTION ( 'NONE',  ( 0.0000000000000000000, -1.000000000000000000, -3.491481338843133355E-15 ) ) ;
#6477 =( LENGTH_UNIT ( ) NAMED_UNIT ( * ) SI_UNIT ( .MILLI., .METRE. ) );
#6478 = ORIENTED_EDGE ( 'NONE', *, *, #4985, .F. ) ;
#6479 = STYLED_ITEM ( 'NONE', ( #7053 ), #9172 ) ;
#6480 = VERTEX_POINT ( 'NONE', #9092 ) ;
#6481 = DIRECTION ( 'NONE',  ( 0.0000000000000000000, -1.000000000000000000, -3.491481338843133355E-15 ) ) ;
#6482 = SURFACE_SIDE_STYLE ('',( #3081 ) ) ;
#6483 = PRESENTATION_LAYER_ASSIGNMENT (  '', '', ( #8659 ) ) ;
#6484 = CARTESIAN_POINT ( 'NONE',  ( -0.2514792128783346348, 1.154204059636644075, 0.001000000000004306906 ) ) ;
#6485 = CARTESIAN_POINT ( 'NONE',  ( 0.3631549334631289372, 1.051688815734204807, 0.01100000000000433270 ) ) ;
#6486 = EDGE_CURVE ( 'NONE', #3171, #8304, #673, .T. ) ;
#6487 = DIRECTION ( 'NONE',  ( 0.0000000000000000000, -3.491481338843133355E-15, 1.000000000000000000 ) ) ;
#6488 = VERTEX_POINT ( 'NONE', #4617 ) ;
#6489 = COLOUR_RGB ( '',0.7764705882352941346, 0.7568627450980391913, 0.7372549019607843590 ) ;
#6490 = DIRECTION ( 'NONE',  ( -0.3826834323650907255, -3.225708147102274523E-15, 0.9238795325112862944 ) ) ;
#6491 = ORIENTED_EDGE ( 'NONE', *, *, #8443, .F. ) ;
#6492 = EDGE_CURVE ( 'NONE', #3718, #8879, #8527, .T. ) ;
#6493 = CARTESIAN_POINT ( 'NONE',  ( 0.3089383080800607306, 0.9643597674347730297, 0.001000000000003873225 ) ) ;
#6494 =( GEOMETRIC_REPRESENTATION_CONTEXT ( 3 ) GLOBAL_UNCERTAINTY_ASSIGNED_CONTEXT ( ( #3767 ) ) GLOBAL_UNIT_ASSIGNED_CONTEXT ( ( #4314, #5074, #579 ) ) REPRESENTATION_CONTEXT ( 'NONE', 'WORKASPACE' ) );
#6495 = EDGE_CURVE ( 'NONE', #5411, #4345, #6429, .T. ) ;
#6496 = CARTESIAN_POINT ( 'NONE',  ( 0.3100766535444369199, 1.116243433368553584, 0.001000000000004306906 ) ) ;
#6497 = CARTESIAN_POINT ( 'NONE',  ( 3.799999999999996714, 0.9017106781186636777, 0.2010000000000039533 ) ) ;
#6498 = ORIENTED_EDGE ( 'NONE', *, *, #7432, .F. ) ;
#6499 = CARTESIAN_POINT ( 'NONE',  ( 0.05583786029239720672, 1.154204059636644075, 0.001000000000004306906 ) ) ;
#6500 = PRESENTATION_LAYER_ASSIGNMENT (  '', '', ( #4482 ) ) ;
#6501 = EDGE_CURVE ( 'NONE', #5568, #4567, #899, .T. ) ;
#6502 = VECTOR ( 'NONE', #8406, 999.9999999999998863 ) ;
#6503 =( NAMED_UNIT ( * ) SI_UNIT ( $, .STERADIAN. ) SOLID_ANGLE_UNIT ( ) );
#6504 = CARTESIAN_POINT ( 'NONE',  ( 2.900000000000000799, 3.110999999999994881, 4.381000000000010886 ) ) ;
#6505 = EDGE_CURVE ( 'NONE', #5057, #5816, #5601, .T. ) ;
#6506 = CARTESIAN_POINT ( 'NONE',  ( -0.06933628480680452399, 1.126524106680409032, 0.001000000000004306906 ) ) ;
#6507 = VECTOR ( 'NONE', #9625, 999.9999999999998863 ) ;
#6508 = COLOUR_RGB ( '',1.000000000000000000, 1.000000000000000000, 1.000000000000000000 ) ;
#6509 = LINE ( 'NONE', #4116, #4034 ) ;
#6510 = VECTOR ( 'NONE', #410, 1000.000000000000000 ) ;
#6511 = CARTESIAN_POINT ( 'NONE',  ( 1.600000000000000311, -4.568999999999999062, 2.900999999999985146 ) ) ;
#6512 = PLANE ( 'NONE',  #3084 ) ;
#6513 = MECHANICAL_DESIGN_GEOMETRIC_PRESENTATION_REPRESENTATION (  '', ( #2131 ), #7314 ) ;
#6514 = SURFACE_STYLE_FILL_AREA ( #2021 ) ;
#6515 = ADVANCED_FACE ( 'NONE', ( #1597 ), #7017, .F. ) ;
#6516 = CARTESIAN_POINT ( 'NONE',  ( 2.699999999999999734, -1.568999999999990624, 0.2009999999999952935 ) ) ;
#6517 = CARTESIAN_POINT ( 'NONE',  ( 2.899999999999999023, -1.569000000000010386, 5.800999999999995715 ) ) ;
#6518 = COLOUR_RGB ( '',0.1098039215686274495, 0.1098039215686274495, 0.1098039215686274495 ) ;
#6519 = DIRECTION ( 'NONE',  ( 0.0000000000000000000, 3.491481338843133355E-15, -1.000000000000000000 ) ) ;
#6520 = CARTESIAN_POINT ( 'NONE',  ( 0.3351750137782715799, 1.070027024778770430, 0.001000000000004306906 ) ) ;
#6521 = SURFACE_STYLE_USAGE ( .BOTH. , #7300 ) ;
#6522 = CARTESIAN_POINT ( 'NONE',  ( -0.6999999999999999556, 4.389578643762701127, 0.001000000000016883651 ) ) ;
#6523 = CARTESIAN_POINT ( 'NONE',  ( 2.900000000000000355, 0.2860000000000050280, 1.401000000000001355 ) ) ;
#6524 = LINE ( 'NONE', #6517, #4055 ) ;
#6525 = PRESENTATION_STYLE_ASSIGNMENT (( #5073 ) ) ;
#6526 = LINE ( 'NONE', #9493, #7450 ) ;
#6527 = SURFACE_STYLE_FILL_AREA ( #5254 ) ;
#6528 = SURFACE_STYLE_USAGE ( .BOTH. , #8727 ) ;
#6529 = VECTOR ( 'NONE', #5380, 1000.000000000000000 ) ;
#6530 = CARTESIAN_POINT ( 'NONE',  ( 0.2893267954029409283, 1.150480373562890790, 0.001000000000004306906 ) ) ;
#6531 = CARTESIAN_POINT ( 'NONE',  ( 0.4627357261460555704, 0.9926186937829852841, 0.001000000000003873225 ) ) ;
#6532 = FACE_OUTER_BOUND ( 'NONE', #3907, .T. ) ;
#6533 = DIRECTION ( 'NONE',  ( 2.930276141852714940E-16, -3.344967531750497781E-15, 1.000000000000000000 ) ) ;
#6534 = PRESENTATION_STYLE_ASSIGNMENT (( #9363 ) ) ;
#6535 = CARTESIAN_POINT ( 'NONE',  ( -0.1050821854936750954, 1.059262447117260697, 0.001000000000004306906 ) ) ;
#6536 = LINE ( 'NONE', #9449, #3478 ) ;
#6537 = PRESENTATION_LAYER_ASSIGNMENT (  '', '', ( #4019 ) ) ;
#6538 = EDGE_CURVE ( 'NONE', #5513, #8984, #4311, .T. ) ;
#6539 = VERTEX_POINT ( 'NONE', #4896 ) ;
#6540 =( NAMED_UNIT ( * ) PLANE_ANGLE_UNIT ( ) SI_UNIT ( $, .RADIAN. ) );
#6541 = CARTESIAN_POINT ( 'NONE',  ( 0.08266712858508006023, 1.132252840124448934, 0.001000000000004306906 ) ) ;
#6542 = CARTESIAN_POINT ( 'NONE',  ( 3.799999999999996714, 2.301710678118663811, 0.2010000000000091713 ) ) ;
#6543 = SURFACE_STYLE_FILL_AREA ( #9728 ) ;
#6544 = DIRECTION ( 'NONE',  ( 0.0000000000000000000, 1.000000000000000000, 3.491481338843133355E-15 ) ) ;
#6545 =( NAMED_UNIT ( * ) PLANE_ANGLE_UNIT ( ) SI_UNIT ( $, .RADIAN. ) );
#6546 = EDGE_CURVE ( 'NONE', #1505, #6460, #4906, .T. ) ;
#6547 = CARTESIAN_POINT ( 'NONE',  ( -0.1125673915839457834, 1.122645568169616137, 0.01100000000000433270 ) ) ;
#6548 = MECHANICAL_DESIGN_GEOMETRIC_PRESENTATION_REPRESENTATION (  '', ( #6307 ), #1511 ) ;
#6549 = ORIENTED_EDGE ( 'NONE', *, *, #4870, .T. ) ;
#6550 = ORIENTED_EDGE ( 'NONE', *, *, #7296, .F. ) ;
#6551 = FACE_OUTER_BOUND ( 'NONE', #1277, .T. ) ;
#6552 = VECTOR ( 'NONE', #8397, 1000.000000000000000 ) ;
#6553 = CARTESIAN_POINT ( 'NONE',  ( 0.3630750998843740307, 1.048063422420008273, 0.001000000000004306906 ) ) ;
#6554 = FILL_AREA_STYLE_COLOUR ( '', #1087 ) ;
#6555 = SURFACE_STYLE_FILL_AREA ( #8600 ) ;
#6556 = LINE ( 'NONE', #2346, #1502 ) ;
#6557 = CARTESIAN_POINT ( 'NONE',  ( 0.3204292812935306545, 1.105760135082390461, 0.01100000000000433270 ) ) ;
#6558 = CARTESIAN_POINT ( 'NONE',  ( -3.387867965644034918, 2.901710678118662567, 0.5717106781186664932 ) ) ;
#6559 = SURFACE_SIDE_STYLE ('',( #2907 ) ) ;
#6560 = PLANE ( 'NONE',  #1946 ) ;
#6561 = LINE ( 'NONE', #6323, #1048 ) ;
#6562 = ADVANCED_FACE ( 'NONE', ( #4538 ), #2487, .F. ) ;
#6563 = MECHANICAL_DESIGN_GEOMETRIC_PRESENTATION_REPRESENTATION (  '', ( #4368 ), #7885 ) ;
#6564 = DIRECTION ( 'NONE',  ( -1.000000000000000000, 0.0000000000000000000, 0.0000000000000000000 ) ) ;
#6565 = VERTEX_POINT ( 'NONE', #347 ) ;
#6566 =( LENGTH_UNIT ( ) NAMED_UNIT ( * ) SI_UNIT ( .MILLI., .METRE. ) );
#6567 = PRESENTATION_LAYER_ASSIGNMENT (  '', '', ( #7242 ) ) ;
#6568 = CARTESIAN_POINT ( 'NONE',  ( 2.900000000000000355, 3.331000000000003070, 1.901000000000011791 ) ) ;
#6569 = ORIENTED_EDGE ( 'NONE', *, *, #5798, .F. ) ;
#6570 = COLOUR_RGB ( '',0.7764705882352941346, 0.7568627450980391913, 0.7372549019607843590 ) ;
#6571 = EDGE_LOOP ( 'NONE', ( #5753, #9498, #9264, #3271 ) ) ;
#6572 = PLANE ( 'NONE',  #5257 ) ;
#6573 = MECHANICAL_DESIGN_GEOMETRIC_PRESENTATION_REPRESENTATION (  '', ( #3923 ), #4756 ) ;
#6574 = UNCERTAINTY_MEASURE_WITH_UNIT (LENGTH_MEASURE( 1.000000000000000082E-05 ), #2965, 'distance_accuracy_value', 'NONE');
#6575 = DIRECTION ( 'NONE',  ( -0.0000000000000000000, 1.000000000000000000, 3.491481338843133355E-15 ) ) ;
#6576 = FILL_AREA_STYLE ('',( #2811 ) ) ;
#6577 = EDGE_LOOP ( 'NONE', ( #9480, #19, #1647, #1322, #6226, #3742, #9388, #5718, #8773, #5778, #6224, #5823, #6454, #1758, #5441, #2628, #188, #1529, #6582, #9232, #1166, #5295, #646, #9378 ) ) ;
#6578 = ORIENTED_EDGE ( 'NONE', *, *, #9544, .T. ) ;
#6579 = CARTESIAN_POINT ( 'NONE',  ( 1.517157287525381371, -4.768999999999995687, 1.818157287525364874 ) ) ;
#6580 = CARTESIAN_POINT ( 'NONE',  ( -2.899999999999999911, 0.3017106781186625342, 0.6010000000000019771 ) ) ;
#6581 = CARTESIAN_POINT ( 'NONE',  ( -4.699999999999997513, 2.301710678118664699, 0.001000000000009077395 ) ) ;
#6582 = ORIENTED_EDGE ( 'NONE', *, *, #883, .T. ) ;
#6583 = STYLED_ITEM ( 'NONE', ( #2721 ), #2644 ) ;
#6584 = EDGE_LOOP ( 'NONE', ( #4452, #7520, #2306, #1398 ) ) ;
#6585 = CARTESIAN_POINT ( 'NONE',  ( -0.6999999999999999556, 3.331000000000007955, 0.6010000000000131903 ) ) ;
#6586 = FILL_AREA_STYLE ('',( #7322 ) ) ;
#6587 = DIRECTION ( 'NONE',  ( 0.0000000000000000000, -3.491481338843133355E-15, 1.000000000000000000 ) ) ;
#6588 = CARTESIAN_POINT ( 'NONE',  ( 0.2021793237070312610, 0.9542040596366438976, 0.001000000000003873225 ) ) ;
#6589 = CIRCLE ( 'NONE', #9641, 0.2000000000000000944 ) ;
#6590 = ORIENTED_EDGE ( 'NONE', *, *, #8905, .F. ) ;
#6591 =( NAMED_UNIT ( * ) SI_UNIT ( $, .STERADIAN. ) SOLID_ANGLE_UNIT ( ) );
#6592 = COLOUR_RGB ( '',0.1098039215686274495, 0.1098039215686274495, 0.1098039215686274495 ) ;
#6593 = COLOUR_RGB ( '',1.000000000000000000, 1.000000000000000000, 1.000000000000000000 ) ;
#6594 = CARTESIAN_POINT ( 'NONE',  ( -2.699999999999999734, 3.331000000000003958, 1.401000000000011125 ) ) ;
#6595 = CARTESIAN_POINT ( 'NONE',  ( -0.6999999999999999556, 4.231000000000008754, 0.001000000000016016289 ) ) ;
#6596 = ORIENTED_EDGE ( 'NONE', *, *, #1081, .F. ) ;
#6597 = CARTESIAN_POINT ( 'NONE',  ( -2.900000000000000799, -0.7590000000000105551, 5.800999999999997492 ) ) ;
#6598 = LINE ( 'NONE', #86, #1664 ) ;
#6599 = DIRECTION ( 'NONE',  ( 2.465190328815661892E-32, -1.000000000000000000, -3.491481338843133355E-15 ) ) ;
#6600 = EDGE_CURVE ( 'NONE', #2057, #6383, #9157, .T. ) ;
#6601 = LINE ( 'NONE', #1970, #3191 ) ;
#6602 = VERTEX_POINT ( 'NONE', #8641 ) ;
#6603 = CARTESIAN_POINT ( 'NONE',  ( -4.041421356237308693, 2.301710678118663811, 0.2010000000000087272 ) ) ;
#6604 = VERTEX_POINT ( 'NONE', #4796 ) ;
#6605 = PRESENTATION_LAYER_ASSIGNMENT (  '', '', ( #7605 ) ) ;
#6606 = PLANE ( 'NONE',  #2195 ) ;
#6607 = ADVANCED_FACE ( 'NONE', ( #9648 ), #7076, .T. ) ;
#6608 = EDGE_CURVE ( 'NONE', #3017, #5382, #4605, .T. ) ;
#6609 = CARTESIAN_POINT ( 'NONE',  ( 0.2800634872622634886, 0.9556663288180556881, 0.01100000000000390075 ) ) ;
#6610 = ORIENTED_EDGE ( 'NONE', *, *, #362, .T. ) ;
#6611 = DIRECTION ( 'NONE',  ( -1.532000111646839560E-16, -3.491481338843133355E-15, 1.000000000000000000 ) ) ;
#6612 = MECHANICAL_DESIGN_GEOMETRIC_PRESENTATION_REPRESENTATION (  '', ( #1711 ), #2561 ) ;
#6613 = EDGE_CURVE ( 'NONE', #1673, #8984, #1330, .T. ) ;
#6614 = DIRECTION ( 'NONE',  ( -1.000000000000000000, 2.465190328815661892E-32, 8.607166029756451331E-47 ) ) ;
#6615 = LINE ( 'NONE', #7769, #2974 ) ;
#6616 = FILL_AREA_STYLE_COLOUR ( '', #6263 ) ;
#6617 = VECTOR ( 'NONE', #8891, 1000.000000000000000 ) ;
#6618 = SURFACE_STYLE_FILL_AREA ( #7480 ) ;
#6619 = PRESENTATION_LAYER_ASSIGNMENT (  '', '', ( #2568 ) ) ;
#6620 = EDGE_LOOP ( 'NONE', ( #3991, #3610, #8211, #8900 ) ) ;
#6621 = B_SPLINE_CURVE_WITH_KNOTS ( 'NONE', 3,
 ( #6426, #9521, #8663, #7252, #4186, #5698, #1931, #7217, #7190, #2680, #7959 ),
 .UNSPECIFIED., .F., .F.,
 ( 4, 1, 1, 1, 1, 1, 1, 1, 4 ),
 ( 0.0000000000000000000, 0.1352946047634291660, 0.2667656579247482673, 0.3948160188358730838, 0.5200516544342455028, 0.6421757029708217157, 0.7626518205584228438, 0.8818340043805041883, 1.000000000000000000 ),
 .UNSPECIFIED. ) ;
#6622 =( NAMED_UNIT ( * ) PLANE_ANGLE_UNIT ( ) SI_UNIT ( $, .RADIAN. ) );
#6623 = VECTOR ( 'NONE', #3129, 1000.000000000000000 ) ;
#6624 = DIRECTION ( 'NONE',  ( 1.243117742458889624E-31, 1.000000000000000000, 2.840960035351830695E-15 ) ) ;
#6625 = VECTOR ( 'NONE', #7707, 1000.000000000000000 ) ;
#6626 = CARTESIAN_POINT ( 'NONE',  ( 0.4645194661770152833, 0.9864786689854054824, 0.001000000000003873225 ) ) ;
#6627 = EDGE_CURVE ( 'NONE', #3324, #8780, #1893, .T. ) ;
#6628 = AXIS2_PLACEMENT_3D ( 'NONE', #7193, #8755, #4260 ) ;
#6629 = LINE ( 'NONE', #2512, #4517 ) ;
#6630 = ORIENTED_EDGE ( 'NONE', *, *, #8470, .T. ) ;
#6631 = PRESENTATION_STYLE_ASSIGNMENT (( #5857 ) ) ;
#6632 = CARTESIAN_POINT ( 'NONE',  ( -1.799999999999999378, -4.568999999999993733, 1.400999999999984702 ) ) ;
#6633 = VECTOR ( 'NONE', #7006, 1000.000000000000000 ) ;
#6634 = CARTESIAN_POINT ( 'NONE',  ( -1.300000000000000044, 4.231000000000008754, 0.2010000000000161102 ) ) ;
#6635 = CARTESIAN_POINT ( 'NONE',  ( 2.900000000000000355, 0.2859999999999963127, 3.901000000000001577 ) ) ;
#6636 =( NAMED_UNIT ( * ) PLANE_ANGLE_UNIT ( ) SI_UNIT ( $, .RADIAN. ) );
#6637 = CARTESIAN_POINT ( 'NONE',  ( 0.2290085919997141839, 1.132252840124448934, 0.001000000000004306906 ) ) ;
#6638 = CARTESIAN_POINT ( 'NONE',  ( -0.1305143557127103060, 1.079040672338170692, 0.01100000000000433270 ) ) ;
#6639 = SURFACE_STYLE_FILL_AREA ( #6274 ) ;
#6640 = LINE ( 'NONE', #9720, #1134 ) ;
#6641 = FACE_OUTER_BOUND ( 'NONE', #5374, .T. ) ;
#6642 = CARTESIAN_POINT ( 'NONE',  ( 0.3155503325149704996, 1.111308421226130383, 0.001000000000004306906 ) ) ;
#6643 =( NAMED_UNIT ( * ) SI_UNIT ( $, .STERADIAN. ) SOLID_ANGLE_UNIT ( ) );
#6644 = FILL_AREA_STYLE_COLOUR ( '', #6416 ) ;
#6645 = ORIENTED_EDGE ( 'NONE', *, *, #4814, .F. ) ;
#6646 = DIRECTION ( 'NONE',  ( 1.000000000000000000, 0.0000000000000000000, 0.0000000000000000000 ) ) ;
#6647 = EDGE_CURVE ( 'NONE', #8195, #4568, #6387, .T. ) ;
#6648 =( LENGTH_UNIT ( ) NAMED_UNIT ( * ) SI_UNIT ( .MILLI., .METRE. ) );
#6649 = ORIENTED_EDGE ( 'NONE', *, *, #3667, .T. ) ;
#6650 = SURFACE_STYLE_FILL_AREA ( #9266 ) ;
#6651 = FILL_AREA_STYLE_COLOUR ( '', #6021 ) ;
#6652 = FILL_AREA_STYLE ('',( #8833 ) ) ;
#6653 = ORIENTED_EDGE ( 'NONE', *, *, #7289, .T. ) ;
#6654 = FILL_AREA_STYLE ('',( #2043 ) ) ;
#6655 = AXIS2_PLACEMENT_3D ( 'NONE', #3064, #7482, #6018 ) ;
#6656 = DIRECTION ( 'NONE',  ( -2.465190328815661892E-32, -1.000000000000000000, -3.491481338843133355E-15 ) ) ;
#6657 = FILL_AREA_STYLE ('',( #7400 ) ) ;
#6659 = STYLED_ITEM ( 'NONE', ( #1926 ), #3894 ) ;
#6658 = FACE_OUTER_BOUND ( 'NONE', #3749, .T. ) ;
#6660 = EDGE_CURVE ( 'NONE', #5517, #8693, #5893, .T. ) ;
#6661 = VECTOR ( 'NONE', #3516, 1000.000000000000000 ) ;
#6662 = ORIENTED_EDGE ( 'NONE', *, *, #3096, .F. ) ;
#6663 = CARTESIAN_POINT ( 'NONE',  ( 0.2800634872622634886, 0.9556663288180556881, 0.01100000000000389902 ) ) ;
#6664 = CARTESIAN_POINT ( 'NONE',  ( -0.1051377494637006776, 1.056338205978106570, 0.01100000000000433270 ) ) ;
#6665 = DIRECTION ( 'NONE',  ( -0.0000000000000000000, -3.491481338843133355E-15, 1.000000000000000000 ) ) ;
#6666 =( NAMED_UNIT ( * ) SI_UNIT ( $, .STERADIAN. ) SOLID_ANGLE_UNIT ( ) );
#6667 = CARTESIAN_POINT ( 'NONE',  ( -0.07662485597625623424, 1.150026198483270701, 0.01100000000000433270 ) ) ;
#6668 = SURFACE_SIDE_STYLE ('',( #8031 ) ) ;
#6669 = LINE ( 'NONE', #5904, #2781 ) ;
#6670 = EDGE_CURVE ( 'NONE', #1540, #1624, #1431, .T. ) ;
#6671 = MECHANICAL_DESIGN_GEOMETRIC_PRESENTATION_REPRESENTATION (  '', ( #6176 ), #3339 ) ;
#6672 = CARTESIAN_POINT ( 'NONE',  ( 1.800000000000000266, -4.769000000000004569, 4.400999999999984702 ) ) ;
#6673 = VERTEX_POINT ( 'NONE', #4194 ) ;
#6674 = DIRECTION ( 'NONE',  ( 1.000000000000000000, 0.0000000000000000000, 0.0000000000000000000 ) ) ;
#6675 = DIRECTION ( 'NONE',  ( 1.000000000000000000, 0.0000000000000000000, 0.0000000000000000000 ) ) ;
#6676 = CARTESIAN_POINT ( 'NONE',  ( -2.700000000000000178, -0.7590000000000035607, 3.900999999999998025 ) ) ;
#6677 = PRESENTATION_LAYER_ASSIGNMENT (  '', '', ( #164 ) ) ;
#6678 = DIRECTION ( 'NONE',  ( -1.000000000000000000, -0.0000000000000000000, 0.0000000000000000000 ) ) ;
#6679 = ORIENTED_EDGE ( 'NONE', *, *, #7305, .T. ) ;
#6680 = SURFACE_SIDE_STYLE ('',( #932 ) ) ;
#6681 = CARTESIAN_POINT ( 'NONE',  ( 2.900000000000000355, 0.2860000000000050280, 1.401000000000001355 ) ) ;
#6682 = EDGE_LOOP ( 'NONE', ( #3297, #4023, #9463, #3601 ) ) ;
#6683 = EDGE_LOOP ( 'NONE', ( #5331, #123, #7382, #6550 ) ) ;
#6684 = EDGE_CURVE ( 'NONE', #7521, #5883, #1200, .T. ) ;
#6685 = MECHANICAL_DESIGN_GEOMETRIC_PRESENTATION_REPRESENTATION (  '', ( #7060 ), #2127 ) ;
#6686 = DIRECTION ( 'NONE',  ( -0.0000000000000000000, 3.491481338843133355E-15, -1.000000000000000000 ) ) ;
#6687 = ORIENTED_EDGE ( 'NONE', *, *, #2483, .T. ) ;
#6688 = DIRECTION ( 'NONE',  ( 1.077017957529335354E-31, 1.000000000000000000, 2.949380252600381138E-15 ) ) ;
#6689 = ORIENTED_EDGE ( 'NONE', *, *, #5000, .T. ) ;
#6690 =( BOUNDED_CURVE ( )  B_SPLINE_CURVE ( 3, ( #4904, #7881, #1892, #4137 ),
 .UNSPECIFIED., .F., .F. ) 
 B_SPLINE_CURVE_WITH_KNOTS ( ( 4, 4 ),
 ( 1.570796326794896114, 3.141592653589796669 ),
 .UNSPECIFIED. ) 
 CURVE ( )  GEOMETRIC_REPRESENTATION_ITEM ( )  RATIONAL_B_SPLINE_CURVE ( ( 1.000000000000000000, 0.8047378541243640493, 0.8047378541243640493, 1.000000000000000000 ) ) 
 REPRESENTATION_ITEM ( '' )  );
#6691 =( GEOMETRIC_REPRESENTATION_CONTEXT ( 3 ) GLOBAL_UNCERTAINTY_ASSIGNED_CONTEXT ( ( #1633 ) ) GLOBAL_UNIT_ASSIGNED_CONTEXT ( ( #8248, #3808, #6047 ) ) REPRESENTATION_CONTEXT ( 'NONE', 'WORKASPACE' ) );
#6692 = FILL_AREA_STYLE ('',( #9654 ) ) ;
#6693 = EDGE_LOOP ( 'NONE', ( #9084, #9547, #1993, #1948 ) ) ;
#6694 = VERTEX_POINT ( 'NONE', #9526 ) ;
#6695 =( NAMED_UNIT ( * ) PLANE_ANGLE_UNIT ( ) SI_UNIT ( $, .RADIAN. ) );
#6696 = CYLINDRICAL_SURFACE ( 'NONE', #1101, 0.1999999999999996503 ) ;
#6697 = ADVANCED_FACE ( 'NONE', ( #3670 ), #3431, .T. ) ;
#6698 = DIRECTION ( 'NONE',  ( 1.000000000000000000, 0.0000000000000000000, 0.0000000000000000000 ) ) ;
#6699 = CARTESIAN_POINT ( 'NONE',  ( 0.2827489765482774642, 0.9786826004574413762, 0.01100000000000389902 ) ) ;
#6700 = SURFACE_STYLE_USAGE ( .BOTH. , #6668 ) ;
#6701 = EDGE_LOOP ( 'NONE', ( #4333, #6824, #1056, #3121 ) ) ;
#6702 = CARTESIAN_POINT ( 'NONE',  ( 0.01681347004849466364, 0.9865211328073746344, 0.001000000000003873225 ) ) ;
#6703 = AXIS2_PLACEMENT_3D ( 'NONE', #9470, #2661, #6418 ) ;
#6704 = ORIENTED_EDGE ( 'NONE', *, *, #7345, .T. ) ;
#6705 = CARTESIAN_POINT ( 'NONE',  ( 0.6999999999999992895, 3.331000000000007955, 0.6010000000000123022 ) ) ;
#6706 = FILL_AREA_STYLE_COLOUR ( '', #4256 ) ;
#6707 =( LENGTH_UNIT ( ) NAMED_UNIT ( * ) SI_UNIT ( .MILLI., .METRE. ) );
#6708 = SURFACE_SIDE_STYLE ('',( #595 ) ) ;
#6709 = CARTESIAN_POINT ( 'NONE',  ( -3.799999999999996714, 2.901710678118663900, 0.2010000000000113363 ) ) ;
#6710 = ADVANCED_FACE ( 'NONE', ( #8586 ), #4224, .T. ) ;
#6711 = FILL_AREA_STYLE_COLOUR ( '', #8114 ) ;
#6712 = LINE ( 'NONE', #6147, #8585 ) ;
#6713 = PRESENTATION_STYLE_ASSIGNMENT (( #2182 ) ) ;
#6714 = ORIENTED_EDGE ( 'NONE', *, *, #1571, .T. ) ;
#6715 = STYLED_ITEM ( 'NONE', ( #1470 ), #3266 ) ;
#6716 = STYLED_ITEM ( 'NONE', ( #8130 ), #760 ) ;
#6717 = CARTESIAN_POINT ( 'NONE',  ( -3.387867965644034918, 0.9017106781186623454, 0.5717106781186591657 ) ) ;
#6718 = FACE_OUTER_BOUND ( 'NONE', #9342, .T. ) ;
#6719 = ORIENTED_EDGE ( 'NONE', *, *, #7345, .F. ) ;
#6720 = CARTESIAN_POINT ( 'NONE',  ( 3.558578643762690508, 2.901710678118663456, 0.4010000000000105702 ) ) ;
#6721 = LINE ( 'NONE', #8929, #4736 ) ;
#6722 = DIRECTION ( 'NONE',  ( 0.0000000000000000000, 3.491481338843133355E-15, -1.000000000000000000 ) ) ;
#6723 = ORIENTED_EDGE ( 'NONE', *, *, #2757, .T. ) ;
#6724 = AXIS2_PLACEMENT_3D ( 'NONE', #2031, #4393, #8722 ) ;
#6725 = COLOUR_RGB ( '',0.7764705882352941346, 0.7568627450980391913, 0.7372549019607843590 ) ;
#6726 = CARTESIAN_POINT ( 'NONE',  ( 0.3591602428548397730, 1.020863463761995771, 0.01100000000000389902 ) ) ;
#6727 = FILL_AREA_STYLE_COLOUR ( '', #6593 ) ;
#6728 =( NAMED_UNIT ( * ) SI_UNIT ( $, .STERADIAN. ) SOLID_ANGLE_UNIT ( ) );
#6729 =( LENGTH_UNIT ( ) NAMED_UNIT ( * ) SI_UNIT ( .MILLI., .METRE. ) );
#6730 = DIRECTION ( 'NONE',  ( -1.000000000000000000, -0.0000000000000000000, 0.0000000000000000000 ) ) ;
#6731 = FILL_AREA_STYLE_COLOUR ( '', #308 ) ;
#6732 = LINE ( 'NONE', #3032, #4031 ) ;
#6733 = SURFACE_STYLE_USAGE ( .BOTH. , #3125 ) ;
#6734 =( GEOMETRIC_REPRESENTATION_CONTEXT ( 3 ) GLOBAL_UNCERTAINTY_ASSIGNED_CONTEXT ( ( #37 ) ) GLOBAL_UNIT_ASSIGNED_CONTEXT ( ( #8546, #375, #2583 ) ) REPRESENTATION_CONTEXT ( 'NONE', 'WORKASPACE' ) );
#6735 = CARTESIAN_POINT ( 'NONE',  ( -0.1000717792163847014, 1.022318764291037851, 0.01100000000000389902 ) ) ;
#6736 = SURFACE_SIDE_STYLE ('',( #419 ) ) ;
#6737 = CLOSED_SHELL ( 'NONE', ( #7495, #3266, #3842, #1685, #8704, #5289, #7985, #2093, #5636, #5580, #8431, #3754, #5231, #1057, #3937, #9104, #858, #1111 ) ) ;
#6738 = DIRECTION ( 'NONE',  ( -0.7071067811865460184, -2.468850131082270866E-15, 0.7071067811865490160 ) ) ;
#6739 = CARTESIAN_POINT ( 'NONE',  ( 0.4261503602923971679, 1.098106498661034047, 0.01100000000000433270 ) ) ;
#6740 = EDGE_CURVE ( 'NONE', #4957, #6488, #2699, .T. ) ;
#6741 = FACE_OUTER_BOUND ( 'NONE', #1463, .T. ) ;
#6742 = ADVANCED_FACE ( 'NONE', ( #2821 ), #7355, .F. ) ;
#6743 = PRESENTATION_LAYER_ASSIGNMENT (  '', '', ( #2508 ) ) ;
#6744 = SURFACE_STYLE_USAGE ( .BOTH. , #4430 ) ;
#6745 = LINE ( 'NONE', #9376, #2993 ) ;
#6746 = CARTESIAN_POINT ( 'NONE',  ( -2.700000000000000622, -0.7590000000000105551, 5.800999999999997492 ) ) ;
#6747 = CARTESIAN_POINT ( 'NONE',  ( -0.1100929276783069316, 0.9883945261992778120, 0.01100000000000389902 ) ) ;
#6748 = FACE_OUTER_BOUND ( 'NONE', #6117, .T. ) ;
#6749 = CARTESIAN_POINT ( 'NONE',  ( 0.08266712858508006023, 1.063960157197619605, 0.001000000000004306906 ) ) ;
#6750 = FACE_OUTER_BOUND ( 'NONE', #3549, .T. ) ;
#6751 =( NAMED_UNIT ( * ) PLANE_ANGLE_UNIT ( ) SI_UNIT ( $, .RADIAN. ) );
#6752 = CYLINDRICAL_SURFACE ( 'NONE', #3047, 0.2000000000000000944 ) ;
#6753 = ADVANCED_FACE ( 'NONE', ( #4011 ), #8917, .T. ) ;
#6754 = LINE ( 'NONE', #755, #8057 ) ;
#6755 = VECTOR ( 'NONE', #9380, 1000.000000000000000 ) ;
#6756 = CARTESIAN_POINT ( 'NONE',  ( 1.299999999999999378, 5.131000000000009997, 0.001000000000018184693 ) ) ;
#6757 = SURFACE_STYLE_USAGE ( .BOTH. , #6015 ) ;
#6758 = STYLED_ITEM ( 'NONE', ( #2034 ), #2093 ) ;
#6759 = PLANE ( 'NONE',  #8181 ) ;
#6760 =( NAMED_UNIT ( * ) SI_UNIT ( $, .STERADIAN. ) SOLID_ANGLE_UNIT ( ) );
#6761 = FACE_OUTER_BOUND ( 'NONE', #1162, .T. ) ;
#6762 = FILL_AREA_STYLE_COLOUR ( '', #2058 ) ;
#6763 = VECTOR ( 'NONE', #4974, 1000.000000000000000 ) ;
#6764 = LINE ( 'NONE', #4544, #7711 ) ;
#6765 = ORIENTED_EDGE ( 'NONE', *, *, #2868, .F. ) ;
#6766 = VERTEX_POINT ( 'NONE', #5142 ) ;
#6767 = ORIENTED_EDGE ( 'NONE', *, *, #3350, .T. ) ;
#6768 = LINE ( 'NONE', #2949, #6203 ) ;
#6769 = CARTESIAN_POINT ( 'NONE',  ( 0.2904838471789368826, 1.127160841048151507, 0.001000000000004306906 ) ) ;
#6770 = CARTESIAN_POINT ( 'NONE',  ( 2.700000000000000178, 3.330999999999999961, 2.901000000000012236 ) ) ;
#6771 = SURFACE_STYLE_FILL_AREA ( #5031 ) ;
#6772 = SURFACE_STYLE_USAGE ( .BOTH. , #3070 ) ;
#6773 = CARTESIAN_POINT ( 'NONE',  ( 2.699999999999999734, 1.331000000000004846, 1.401000000000005574 ) ) ;
#6774 =( LENGTH_UNIT ( ) NAMED_UNIT ( * ) SI_UNIT ( .MILLI., .METRE. ) );
#6775 = EDGE_CURVE ( 'NONE', #8728, #258, #8094, .T. ) ;
#6776 = CARTESIAN_POINT ( 'NONE',  ( -0.03821701775638339238, 1.156643084026887092, 0.001000000000004306906 ) ) ;
#6777 = ORIENTED_EDGE ( 'NONE', *, *, #2560, .F. ) ;
#6778 = FACE_OUTER_BOUND ( 'NONE', #487, .T. ) ;
#6779 = PRESENTATION_STYLE_ASSIGNMENT (( #1960 ) ) ;
#6780 = EDGE_CURVE ( 'NONE', #6565, #8106, #6098, .T. ) ;
#6781 = CARTESIAN_POINT ( 'NONE',  ( 2.900000000000000355, -0.7589999999999949010, 1.400999999999997803 ) ) ;
#6782 = ORIENTED_EDGE ( 'NONE', *, *, #9359, .F. ) ;
#6783 = DIRECTION ( 'NONE',  ( -1.495451272393799296E-16, -3.491481338843133355E-15, 1.000000000000000000 ) ) ;
#6784 = STYLED_ITEM ( 'NONE', ( #5324 ), #3700 ) ;
#6785 = EDGE_CURVE ( 'NONE', #6201, #8633, #3270, .T. ) ;
#6786 = VERTEX_POINT ( 'NONE', #625 ) ;
#6787 = PRESENTATION_STYLE_ASSIGNMENT (( #2033 ) ) ;
#6788 = SURFACE_SIDE_STYLE ('',( #811 ) ) ;
#6789 = ORIENTED_EDGE ( 'NONE', *, *, #5481, .T. ) ;
#6790 = VERTEX_POINT ( 'NONE', #2825 ) ;
#6791 = DIRECTION ( 'NONE',  ( 0.0000000000000000000, -1.000000000000000000, -3.491481338843133355E-15 ) ) ;
#6792 = ADVANCED_FACE ( 'NONE', ( #9733 ), #5115, .F. ) ;
#6793 = SURFACE_SIDE_STYLE ('',( #6543 ) ) ;
#6794 = CARTESIAN_POINT ( 'NONE',  ( 0.3630750998843740307, 1.048063422420008273, 0.01100000000000433444 ) ) ;
#6795 = EDGE_CURVE ( 'NONE', #6364, #2840, #5851, .T. ) ;
#6796 = VECTOR ( 'NONE', #699, 1000.000000000000000 ) ;
#6797 = AXIS2_PLACEMENT_3D ( 'NONE', #5179, #2928, #7736 ) ;
#6798 = EDGE_CURVE ( 'NONE', #4142, #8502, #8886, .T. ) ;
#6799 = ORIENTED_EDGE ( 'NONE', *, *, #9190, .T. ) ;
#6800 = UNCERTAINTY_MEASURE_WITH_UNIT (LENGTH_MEASURE( 1.000000000000000082E-05 ), #5772, 'distance_accuracy_value', 'NONE');
#6801 = CYLINDRICAL_SURFACE ( 'NONE', #3295, 0.2000000000000000944 ) ;
#6802 = ORIENTED_EDGE ( 'NONE', *, *, #1938, .F. ) ;
#6803 = ORIENTED_EDGE ( 'NONE', *, *, #8325, .T. ) ;
#6804 = PLANE ( 'NONE',  #131 ) ;
#6805 = CARTESIAN_POINT ( 'NONE',  ( 1.600000000000000533, -1.768999999999996353, 1.900999999999994472 ) ) ;
#6806 = SURFACE_SIDE_STYLE ('',( #2714 ) ) ;
#6807 = SURFACE_SIDE_STYLE ('',( #2262 ) ) ;
#6808 = ADVANCED_FACE ( 'NONE', ( #7737 ), #5957, .F. ) ;
#6809 = CARTESIAN_POINT ( 'NONE',  ( -0.1125673915839457834, 1.122645568169616137, 0.01100000000000433270 ) ) ;
#6810 = ORIENTED_EDGE ( 'NONE', *, *, #4025, .F. ) ;
#6811 = COLOUR_RGB ( '',0.7764705882352941346, 0.7568627450980391913, 0.7372549019607843590 ) ;
#6812 = EDGE_CURVE ( 'NONE', #4219, #7793, #5391, .T. ) ;
#6813 = ORIENTED_EDGE ( 'NONE', *, *, #3096, .T. ) ;
#6814 = MECHANICAL_DESIGN_GEOMETRIC_PRESENTATION_REPRESENTATION (  '', ( #4118 ), #7007 ) ;
#6815 = ORIENTED_EDGE ( 'NONE', *, *, #1268, .T. ) ;
#6816 = SURFACE_SIDE_STYLE ('',( #7211 ) ) ;
#6817 = CARTESIAN_POINT ( 'NONE',  ( 0.6999999999999992895, 4.231000000000008754, 0.001000000000015148927 ) ) ;
#6818 = DIRECTION ( 'NONE',  ( 0.0000000000000000000, -1.000000000000000000, -3.491481338843133355E-15 ) ) ;
#6819 = ORIENTED_EDGE ( 'NONE', *, *, #4167, .T. ) ;
#6820 = DIRECTION ( 'NONE',  ( 0.0000000000000000000, -1.000000000000000000, -3.491481338843133355E-15 ) ) ;
#6821 = FACE_OUTER_BOUND ( 'NONE', #1603, .T. ) ;
#6822 = AXIS2_PLACEMENT_3D ( 'NONE', #1543, #3806, #83 ) ;
#6823 = CARTESIAN_POINT ( 'NONE',  ( 0.3281040066410918499, 1.012197495354782539, 0.01100000000000389902 ) ) ;
#6824 = ORIENTED_EDGE ( 'NONE', *, *, #4280, .F. ) ;
#6825 = VECTOR ( 'NONE', #6080, 1000.000000000000000 ) ;
#6826 = CARTESIAN_POINT ( 'NONE',  ( 1.299999999999999378, 3.960289321881353519, 0.7131320343559792718 ) ) ;
#6827 = COLOUR_RGB ( '',0.1098039215686274495, 0.1098039215686274495, 0.1098039215686274495 ) ;
#6828 = CARTESIAN_POINT ( 'NONE',  ( 3.387867965644034918, 0.9017106781186623454, 0.5717106781186591657 ) ) ;
#6829 = ORIENTED_EDGE ( 'NONE', *, *, #1443, .F. ) ;
#6830 = SURFACE_SIDE_STYLE ('',( #6618 ) ) ;
#6831 = CARTESIAN_POINT ( 'NONE',  ( -0.08573764209312743911, 1.113605818827721139, 0.01100000000000433270 ) ) ;
#6832 = CARTESIAN_POINT ( 'NONE',  ( 0.3243920403410524012, 1.005914989668964976, 0.01100000000000389902 ) ) ;
#6833 = CARTESIAN_POINT ( 'NONE',  ( -0.005544237115527294799, 0.9768590297132084821, 0.01100000000000389902 ) ) ;
#6834 = VECTOR ( 'NONE', #1760, 1000.000000000000000 ) ;
#6835 = CARTESIAN_POINT ( 'NONE',  ( 2.899999999999999911, 2.901710678118663456, 0.4010000000000110143 ) ) ;
#6836 = LINE ( 'NONE', #4781, #976 ) ;
#6837 = ORIENTED_EDGE ( 'NONE', *, *, #8854, .F. ) ;
#6838 =( GEOMETRIC_REPRESENTATION_CONTEXT ( 3 ) GLOBAL_UNCERTAINTY_ASSIGNED_CONTEXT ( ( #31 ) ) GLOBAL_UNIT_ASSIGNED_CONTEXT ( ( #1847, #7872, #3362 ) ) REPRESENTATION_CONTEXT ( 'NONE', 'WORKASPACE' ) );
#6839 = VECTOR ( 'NONE', #2987, 1000.000000000000000 ) ;
#6840 = CLOSED_SHELL ( 'NONE', ( #2003, #8036, #3151, #6753, #8178, #468, #4545, #2851, #7591, #1541, #4347, #661, #5966, #6175, #3112, #4901, #6742, #8191, #6515, #9155, #5537, #81, #5926, #1379, #6339, #5421, #7422, #7010, #3409, #4454, #4991, #2738, #6132, #6287, #8660, #752, #6960, #7142, #5683, #8087, #8906, #845, #563, #8619, #1531, #7896, #138, #7533, #3700, #2248, #6471, #5184, #1625, #3073, #706, #242, #7376, #126, #2543, #7189, #6028, #388, #9708, #7751, #905, #4501, #5245, #6233, #6697, #6710, #7439, #1494, #5865, #616, #2890, #9255, #2237, #4752, #1565, #2906, #7680, #5768, #6607, #7641, #954, #2352, #8745, #1913, #8943, #890, #4628, #4640, #5479, #9302, #7543, #6858, #2493, #1299, #6075, #3355, #5440, #3894, #9542, #8378, #2285, #9007, #8276, #8229, #9357, #1343, #1485, #4855, #3666, #1445, #2137, #9208, #6381, #4202, #426, #9086, #4591, #3853, #6948, #5038, #2300, #39, #4098, #796, #5327, #8420, #5387, #516, #3743, #8138, #3556, #4580, #1874, #4694, #1959, #8577, #9672, #3318, #9142, #6017, #4052, #2449, #7695, #3948, #2948, #7288, #6792, #5136, #8326, #718, #5912, #2795, #5196, #3505, #227, #4533, #3906, #3023, #2966, #4951, #2392, #7795, #6808, #2194, #6906, #4249, #5376 ) ) ;
#6841 =( NAMED_UNIT ( * ) SI_UNIT ( $, .STERADIAN. ) SOLID_ANGLE_UNIT ( ) );
#6842 = CARTESIAN_POINT ( 'NONE',  ( -2.899999999999999911, -0.7589999999999896829, 0.01099999999999782749 ) ) ;
#6843 = CARTESIAN_POINT ( 'NONE',  ( 0.3404398423454631506, 1.119069133559873030, 0.001000000000004306906 ) ) ;
#6844 =( BOUNDED_CURVE ( )  B_SPLINE_CURVE ( 3, ( #8973, #1483, #7477, #8246 ),
 .UNSPECIFIED., .F., .F. ) 
 B_SPLINE_CURVE_WITH_KNOTS ( ( 4, 4 ),
 ( 1.570796326794896114, 3.141592653589796669 ),
 .UNSPECIFIED. ) 
 CURVE ( )  GEOMETRIC_REPRESENTATION_ITEM ( )  RATIONAL_B_SPLINE_CURVE ( ( 1.000000000000000000, 0.8047378541243640493, 0.8047378541243640493, 1.000000000000000000 ) ) 
 REPRESENTATION_ITEM ( '' )  );
#6845 = DIRECTION ( 'NONE',  ( -1.495451272393799296E-16, -3.491481338843133355E-15, 1.000000000000000000 ) ) ;
#6846 = CARTESIAN_POINT ( 'NONE',  ( -0.09993272565861095746, 1.135989087788392915, 0.01100000000000433270 ) ) ;
#6847 = ORIENTED_EDGE ( 'NONE', *, *, #7216, .T. ) ;
#6848 = VECTOR ( 'NONE', #196, 1000.000000000000000 ) ;
#6849 =( GEOMETRIC_REPRESENTATION_CONTEXT ( 3 ) GLOBAL_UNCERTAINTY_ASSIGNED_CONTEXT ( ( #3488 ) ) GLOBAL_UNIT_ASSIGNED_CONTEXT ( ( #8932, #3704, #4553 ) ) REPRESENTATION_CONTEXT ( 'NONE', 'WORKASPACE' ) );
#6850 = PLANE ( 'NONE',  #6247 ) ;
#6851 = EDGE_CURVE ( 'NONE', #4166, #824, #122, .T. ) ;
#6852 = FACE_OUTER_BOUND ( 'NONE', #2227, .T. ) ;
#6853 = CARTESIAN_POINT ( 'NONE',  ( 0.4997784090728848994, 1.076155279148839128, 0.01100000000000433270 ) ) ;
#6854 = CARTESIAN_POINT ( 'NONE',  ( -0.1249491089196549665, 1.014810183652269604, 0.001000000000003873225 ) ) ;
#6855 = DIRECTION ( 'NONE',  ( 1.532000111646839560E-16, -3.491481338843133355E-15, 1.000000000000000000 ) ) ;
#6856 = COLOUR_RGB ( '',0.7764705882352941346, 0.7568627450980391913, 0.7372549019607843590 ) ;
#6857 = FACE_OUTER_BOUND ( 'NONE', #379, .T. ) ;
#6858 = ADVANCED_FACE ( 'NONE', ( #8204 ), #8347, .T. ) ;
#6859 =( GEOMETRIC_REPRESENTATION_CONTEXT ( 3 ) GLOBAL_UNCERTAINTY_ASSIGNED_CONTEXT ( ( #9296 ) ) GLOBAL_UNIT_ASSIGNED_CONTEXT ( ( #4380, #5200, #5878 ) ) REPRESENTATION_CONTEXT ( 'NONE', 'WORKASPACE' ) );
#6860 = EDGE_CURVE ( 'NONE', #5836, #5420, #7610, .T. ) ;
#6861 = LINE ( 'NONE', #7455, #7321 ) ;
#6862 =( NAMED_UNIT ( * ) SI_UNIT ( $, .STERADIAN. ) SOLID_ANGLE_UNIT ( ) );
#6863 =( LENGTH_UNIT ( ) NAMED_UNIT ( * ) SI_UNIT ( .MILLI., .METRE. ) );
#6864 = CARTESIAN_POINT ( 'NONE',  ( 2.899999999999999911, -0.7589999999999905711, 0.2009999999999983189 ) ) ;
#6865 = EDGE_CURVE ( 'NONE', #9381, #8879, #6444, .T. ) ;
#6866 = SURFACE_SIDE_STYLE ('',( #6148 ) ) ;
#6867 = CARTESIAN_POINT ( 'NONE',  ( -0.09429782560323612950, 1.102065376651466311, 0.01100000000000433270 ) ) ;
#6868 = CARTESIAN_POINT ( 'NONE',  ( 0.6999999999999992895, 5.131000000000009997, 0.001000000000018184693 ) ) ;
#6869 = CARTESIAN_POINT ( 'NONE',  ( -2.700000000000000178, 3.331000000000003070, 1.901000000000011791 ) ) ;
#6870 = EDGE_LOOP ( 'NONE', ( #7916, #8360, #4471, #2178 ) ) ;
#6871 = VECTOR ( 'NONE', #2564, 1000.000000000000000 ) ;
#6872 = PRESENTATION_STYLE_ASSIGNMENT (( #7004 ) ) ;
#6873 = UNCERTAINTY_MEASURE_WITH_UNIT (LENGTH_MEASURE( 1.000000000000000082E-05 ), #9666, 'distance_accuracy_value', 'NONE');
#6874 = EDGE_CURVE ( 'NONE', #898, #7074, #9478, .T. ) ;
#6875 = DIRECTION ( 'NONE',  ( 0.0000000000000000000, 1.000000000000000000, 3.491481338843133355E-15 ) ) ;
#6876 = CARTESIAN_POINT ( 'NONE',  ( 0.4696717017558117990, 0.9926186937829848400, 0.001000000000003873225 ) ) ;
#6877 = UNCERTAINTY_MEASURE_WITH_UNIT (LENGTH_MEASURE( 1.000000000000000082E-05 ), #8252, 'distance_accuracy_value', 'NONE');
#6878 = DIRECTION ( 'NONE',  ( 1.000000000000000000, 0.0000000000000000000, 0.0000000000000000000 ) ) ;
#6879 = CARTESIAN_POINT ( 'NONE',  ( -0.1177822076485574437, 1.115024231206105165, 0.01100000000000433270 ) ) ;
#6880 = SURFACE_SIDE_STYLE ('',( #7850 ) ) ;
#6881 = VECTOR ( 'NONE', #671, 1000.000000000000000 ) ;
#6882 = B_SPLINE_CURVE_WITH_KNOTS ( 'NONE', 3,
 ( #9046, #2433, #85, #7578, #8308, #1566, #4667, #6867, #7681, #6831, #6929, #2398, #8437, #2308, #891, #3092, #197, #3152, #5422 ),
 .UNSPECIFIED., .F., .F.,
 ( 4, 1, 1, 1, 1, 1, 1, 1, 1, 1, 1, 1, 1, 1, 1, 1, 4 ),
 ( 0.0000000000000000000, 0.07377411937406366804, 0.1440791147260407912, 0.2113485183089132413, 0.2760768857398834819, 0.3385209158196750279, 0.3998851166931320922, 0.4602540674652123021, 0.5205889643912471332, 0.5802076845630435020, 0.6386329085525448424, 0.6963645494905229549, 0.7540017746600130577, 0.8128056813744977127, 0.8727544255255600403, 0.9351819969782672048, 1.000000000000000000 ),
 .UNSPECIFIED. ) ;
#6883 = EDGE_LOOP ( 'NONE', ( #6009, #9281, #2695, #499 ) ) ;
#6884 = CARTESIAN_POINT ( 'NONE',  ( 0.5582768846826409170, 1.154204059636644075, 0.001000000000004306906 ) ) ;
#6885 = CARTESIAN_POINT ( 'NONE',  ( -2.900000000000000799, 1.350999999999994650, 4.381000000000005556 ) ) ;
#6886 = VERTEX_POINT ( 'NONE', #1525 ) ;
#6887 = FILL_AREA_STYLE ('',( #3928 ) ) ;
#6888 = CARTESIAN_POINT ( 'NONE',  ( 0.2574003602923971012, 1.132252840124448934, 0.001000000000004306906 ) ) ;
#6889 = VECTOR ( 'NONE', #1507, 1000.000000000000000 ) ;
#6890 = FACE_OUTER_BOUND ( 'NONE', #1292, .T. ) ;
#6891 = ORIENTED_EDGE ( 'NONE', *, *, #2886, .T. ) ;
#6892 =( NAMED_UNIT ( * ) PLANE_ANGLE_UNIT ( ) SI_UNIT ( $, .RADIAN. ) );
#6893 = SURFACE_STYLE_USAGE ( .BOTH. , #5419 ) ;
#6894 = AXIS2_PLACEMENT_3D ( 'NONE', #9014, #54, #8279 ) ;
#6895 = SURFACE_SIDE_STYLE ('',( #8685 ) ) ;
#6896 = ORIENTED_EDGE ( 'NONE', *, *, #4802, .F. ) ;
#6897 =( NAMED_UNIT ( * ) SI_UNIT ( $, .STERADIAN. ) SOLID_ANGLE_UNIT ( ) );
#6898 = CARTESIAN_POINT ( 'NONE',  ( -2.700000000000000622, 3.330999999999994632, 4.401000000000012236 ) ) ;
#6899 =( NAMED_UNIT ( * ) PLANE_ANGLE_UNIT ( ) SI_UNIT ( $, .RADIAN. ) );
#6900 = DIRECTION ( 'NONE',  ( -0.0000000000000000000, 3.491481338843133355E-15, -1.000000000000000000 ) ) ;
#6901 = COLOUR_RGB ( '',0.1098039215686274495, 0.1098039215686274495, 0.1098039215686274495 ) ;
#6902 = DIRECTION ( 'NONE',  ( 1.000000000000000000, 0.0000000000000000000, 0.0000000000000000000 ) ) ;
#6903 = ORIENTED_EDGE ( 'NONE', *, *, #3846, .T. ) ;
#6904 = CARTESIAN_POINT ( 'NONE',  ( -2.900000000000000355, 1.351000000000003309, 1.921000000000004926 ) ) ;
#6905 = CARTESIAN_POINT ( 'NONE',  ( 0.2603900890540523649, 1.154134798561413433, 0.001000000000004306906 ) ) ;
#6906 = ADVANCED_FACE ( 'NONE', ( #7489 ), #170, .F. ) ;
#6907 = CARTESIAN_POINT ( 'NONE',  ( -0.1177822076485574437, 1.115024231206105165, 0.001000000000004306906 ) ) ;
#6908 =( NAMED_UNIT ( * ) SI_UNIT ( $, .STERADIAN. ) SOLID_ANGLE_UNIT ( ) );
#6909 = SURFACE_STYLE_USAGE ( .BOTH. , #6816 ) ;
#6910 = VECTOR ( 'NONE', #3646, 1000.000000000000000 ) ;
#6911 = FILL_AREA_STYLE ('',( #6651 ) ) ;
#6912 = ORIENTED_EDGE ( 'NONE', *, *, #5159, .T. ) ;
#6913 = CARTESIAN_POINT ( 'NONE',  ( 0.3631549334631289372, 1.051688815734204807, 0.01100000000000433270 ) ) ;
#6914 = STYLED_ITEM ( 'NONE', ( #5937 ), #8660 ) ;
#6915 = LINE ( 'NONE', #8101, #1279 ) ;
#6916 = VERTEX_POINT ( 'NONE', #8314 ) ;
#6917 = DIRECTION ( 'NONE',  ( 0.0000000000000000000, 1.000000000000000000, 3.491481338843133355E-15 ) ) ;
#6918 = ORIENTED_EDGE ( 'NONE', *, *, #3085, .T. ) ;
#6919 = VERTEX_POINT ( 'NONE', #3815 ) ;
#6920 = ORIENTED_EDGE ( 'NONE', *, *, #5301, .T. ) ;
#6921 = FILL_AREA_STYLE_COLOUR ( '', #5624 ) ;
#6922 = LINE ( 'NONE', #8634, #9508 ) ;
#6923 = SURFACE_STYLE_FILL_AREA ( #1119 ) ;
#6924 =( NAMED_UNIT ( * ) SI_UNIT ( $, .STERADIAN. ) SOLID_ANGLE_UNIT ( ) );
#6925 = CARTESIAN_POINT ( 'NONE',  ( 0.2574003602923971012, 1.132252840124448934, 0.01100000000000433270 ) ) ;
#6926 = VECTOR ( 'NONE', #4819, 1000.000000000000000 ) ;
#6927 = ORIENTED_EDGE ( 'NONE', *, *, #7502, .T. ) ;
#6928 = SURFACE_STYLE_USAGE ( .BOTH. , #7757 ) ;
#6929 = CARTESIAN_POINT ( 'NONE',  ( -0.08067153242225633125, 1.118552949249750572, 0.01100000000000433270 ) ) ;
#6930 = DIRECTION ( 'NONE',  ( -1.000000000000000000, -5.221340210712170860E-31, 1.495451272393799542E-16 ) ) ;
#6931 = VERTEX_POINT ( 'NONE', #1548 ) ;
#6932 = VERTEX_POINT ( 'NONE', #3069 ) ;
#6933 = EDGE_CURVE ( 'NONE', #1275, #8523, #923, .T. ) ;
#6934 = STYLED_ITEM ( 'NONE', ( #7877 ), #5865 ) ;
#6935 = EDGE_CURVE ( 'NONE', #9202, #8567, #2898, .T. ) ;
#6936 = B_SPLINE_SURFACE_WITH_KNOTS ( 'NONE', 3, 1, ( 
 ( #296, #6355 ),
 ( #6258, #7087 ),
 ( #2496, #3291 ),
 ( #5557, #6996 ),
 ( #2469, #8498 ),
 ( #4069, #7023 ),
 ( #8467, #2566 ),
 ( #8596, #265 ),
 ( #992, #5586 ),
 ( #1097, #6327 ),
 ( #2528, #7846 ),
 ( #1027, #3969 ),
 ( #9245, #4006 ),
 ( #8528, #1062 ),
 ( #9214, #9277 ),
 ( #1737, #2598 ),
 ( #7810, #4106 ),
 ( #9344, #4874 ),
 ( #389, #5621 ) ),
 .UNSPECIFIED., .F., .F., .F.,
 ( 4, 1, 1, 1, 1, 1, 1, 1, 1, 1, 1, 1, 1, 1, 1, 1, 4 ),
 ( 2, 2 ),
 ( 0.0000000000000000000, 0.07064371857535318988, 0.1382567155089053923, 0.2033641242175798225, 0.2663240938030566052, 0.3279047615429892537, 0.3887377151730922464, 0.4494235281093011958, 0.5108610114593152840, 0.5720793960475143436, 0.6317344287314450302, 0.6911172105788377928, 0.7503600294901704437, 0.8100329005312617570, 0.8713624508287360904, 0.9344271412311534464, 1.000000000000000000 ),
 ( 0.0000000000000000000, 1.000000000000000000 ),
 .UNSPECIFIED. ) ;
#6937 = LINE ( 'NONE', #2412, #7764 ) ;
#6938 =( NAMED_UNIT ( * ) PLANE_ANGLE_UNIT ( ) SI_UNIT ( $, .RADIAN. ) );
#6939 = VECTOR ( 'NONE', #798, 1000.000000000000000 ) ;
#6940 = FILL_AREA_STYLE ('',( #1654 ) ) ;
#6941 =( LENGTH_UNIT ( ) NAMED_UNIT ( * ) SI_UNIT ( .MILLI., .METRE. ) );
#6942 = CARTESIAN_POINT ( 'NONE',  ( 0.2290085919997141839, 1.132252840124448934, 0.01100000000000433270 ) ) ;
#6943 = MECHANICAL_DESIGN_GEOMETRIC_PRESENTATION_REPRESENTATION (  '', ( #1532 ), #3232 ) ;
#6944 =( NAMED_UNIT ( * ) SI_UNIT ( $, .STERADIAN. ) SOLID_ANGLE_UNIT ( ) );
#6945 = CARTESIAN_POINT ( 'NONE',  ( -0.02792670660722892245, 0.9517817041335210337, 0.001000000000003873225 ) ) ;
#6946 = ORIENTED_EDGE ( 'NONE', *, *, #9424, .F. ) ;
#6947 = EDGE_CURVE ( 'NONE', #9240, #4791, #8435, .T. ) ;
#6948 = ADVANCED_FACE ( 'NONE', ( #3147 ), #1747, .F. ) ;
#6949 = PRESENTATION_LAYER_ASSIGNMENT (  '', '', ( #3864 ) ) ;
#6950 = LINE ( 'NONE', #3275, #6834 ) ;
#6951 = DIRECTION ( 'NONE',  ( 0.0000000000000000000, -0.7071067811865462405, -0.7071067811865489050 ) ) ;
#6952 = DIRECTION ( 'NONE',  ( -1.000000000000000000, -0.0000000000000000000, 0.0000000000000000000 ) ) ;
#6953 = FILL_AREA_STYLE_COLOUR ( '', #2606 ) ;
#6954 = LINE ( 'NONE', #3090, #394 ) ;
#6955 = CARTESIAN_POINT ( 'NONE',  ( -2.699999999999999734, -0.7689999999999901359, 0.2009999999999979026 ) ) ;
#6956 = VECTOR ( 'NONE', #2168, 1000.000000000000114 ) ;
#6957 = PRESENTATION_STYLE_ASSIGNMENT (( #2784 ) ) ;
#6958 = AXIS2_PLACEMENT_3D ( 'NONE', #1195, #8474, #9285 ) ;
#6959 =( LENGTH_UNIT ( ) NAMED_UNIT ( * ) SI_UNIT ( .MILLI., .METRE. ) );
#6960 = ADVANCED_FACE ( 'NONE', ( #6219 ), #1038, .T. ) ;
#6961 = VERTEX_POINT ( 'NONE', #4677 ) ;
#6962 = CARTESIAN_POINT ( 'NONE',  ( 2.699999999999998845, -1.769000000000009232, 5.600999999999993761 ) ) ;
#6963 = CARTESIAN_POINT ( 'NONE',  ( 2.700000000000000178, 3.330999999999996408, 3.901000000000012236 ) ) ;
#6964 = LINE ( 'NONE', #2608, #2959 ) ;
#6965 = VECTOR ( 'NONE', #4439, 1000.000000000000000 ) ;
#6966 = FILL_AREA_STYLE_COLOUR ( '', #7176 ) ;
#6967 = ORIENTED_EDGE ( 'NONE', *, *, #3765, .T. ) ;
#6968 = DIRECTION ( 'NONE',  ( -0.3390537954853688474, -0.9407669869669990081, -3.284670379194958489E-15 ) ) ;
#6969 = UNCERTAINTY_MEASURE_WITH_UNIT (LENGTH_MEASURE( 1.000000000000000082E-05 ), #6707, 'distance_accuracy_value', 'NONE');
#6970 = EDGE_CURVE ( 'NONE', #4140, #5129, #6241, .T. ) ;
#6971 = VECTOR ( 'NONE', #6587, 1000.000000000000000 ) ;
#6972 = CARTESIAN_POINT ( 'NONE',  ( 0.4533988359021531855, 0.9542040596366438976, 0.001000000000003873225 ) ) ;
#6973 = SURFACE_STYLE_USAGE ( .BOTH. , #4779 ) ;
#6974 = DIRECTION ( 'NONE',  ( 0.0000000000000000000, 1.000000000000000000, 3.491481338843133355E-15 ) ) ;
#6975 = CARTESIAN_POINT ( 'NONE',  ( -2.899999999999999911, 3.111000000000004206, 1.421000000000011365 ) ) ;
#6976 = EDGE_CURVE ( 'NONE', #8502, #2519, #2922, .T. ) ;
#6977 = CARTESIAN_POINT ( 'NONE',  ( -0.1000717792163847014, 1.022318764291037851, 0.001000000000003873225 ) ) ;
#6978 = PRESENTATION_STYLE_ASSIGNMENT (( #7859 ) ) ;
#6979 = PRESENTATION_LAYER_ASSIGNMENT (  '', '', ( #4790 ) ) ;
#6980 =( LENGTH_UNIT ( ) NAMED_UNIT ( * ) SI_UNIT ( .MILLI., .METRE. ) );
#6981 = VECTOR ( 'NONE', #5646, 1000.000000000000000 ) ;
#6982 = PRESENTATION_STYLE_ASSIGNMENT (( #7315 ) ) ;
#6983 = MECHANICAL_DESIGN_GEOMETRIC_PRESENTATION_REPRESENTATION (  '', ( #8659 ), #5667 ) ;
#6984 = EDGE_CURVE ( 'NONE', #1648, #2559, #1182, .T. ) ;
#6985 = ORIENTED_EDGE ( 'NONE', *, *, #5105, .F. ) ;
#6986 = PRESENTATION_STYLE_ASSIGNMENT (( #4400 ) ) ;
#6987 = CARTESIAN_POINT ( 'NONE',  ( 1.800000000000000488, -1.769000000000003237, 3.900999999999994916 ) ) ;
#6988 = VECTOR ( 'NONE', #3259, 1000.000000000000000 ) ;
#6989 = MECHANICAL_DESIGN_GEOMETRIC_PRESENTATION_REPRESENTATION (  '', ( #2953 ), #6375 ) ;
#6990 = EDGE_CURVE ( 'NONE', #6470, #7621, #9261, .T. ) ;
#6991 = FACE_OUTER_BOUND ( 'NONE', #6440, .T. ) ;
#6992 = CARTESIAN_POINT ( 'NONE',  ( -2.899999999999999911, -1.768999999999989248, 0.0009999999999943322455 ) ) ;
#6993 = SURFACE_SIDE_STYLE ('',( #8291 ) ) ;
#6994 = LINE ( 'NONE', #1744, #8724 ) ;
#6995 = VECTOR ( 'NONE', #1554, 1000.000000000000114 ) ;
#6996 = CARTESIAN_POINT ( 'NONE',  ( -0.1303544174682077228, 1.035335161279197447, 0.01100000000000433270 ) ) ;
#6997 = MANIFOLD_SOLID_BREP ( '实体-移动/复制2[2]', #704 ) ;
#6998 = DIRECTION ( 'NONE',  ( 0.0000000000000000000, 1.000000000000000000, 3.491481338843133355E-15 ) ) ;
#6999 = STYLED_ITEM ( 'NONE', ( #2104 ), #5376 ) ;
#7000 = CARTESIAN_POINT ( 'NONE',  ( 3.532842712474618896, 0.9017106781186632336, 0.3388679656440385934 ) ) ;
#7001 = FACE_OUTER_BOUND ( 'NONE', #4798, .T. ) ;
#7002 = EDGE_CURVE ( 'NONE', #3762, #5125, #473, .T. ) ;
#7003 = LINE ( 'NONE', #8107, #2045 ) ;
#7004 = SURFACE_STYLE_USAGE ( .BOTH. , #2441 ) ;
#7005 = EDGE_CURVE ( 'NONE', #428, #4554, #376, .T. ) ;
#7006 = DIRECTION ( 'NONE',  ( -1.077017957529335354E-31, 1.000000000000000000, 2.949380252600381138E-15 ) ) ;
#7007 =( GEOMETRIC_REPRESENTATION_CONTEXT ( 3 ) GLOBAL_UNCERTAINTY_ASSIGNED_CONTEXT ( ( #2334 ) ) GLOBAL_UNIT_ASSIGNED_CONTEXT ( ( #8520, #3277, #7801 ) ) REPRESENTATION_CONTEXT ( 'NONE', 'WORKASPACE' ) );
#7008 =( NAMED_UNIT ( * ) SI_UNIT ( $, .STERADIAN. ) SOLID_ANGLE_UNIT ( ) );
#7009 =( NAMED_UNIT ( * ) PLANE_ANGLE_UNIT ( ) SI_UNIT ( $, .RADIAN. ) );
#7010 = ADVANCED_FACE ( 'NONE', ( #3396 ), #971, .F. ) ;
#7011 = CARTESIAN_POINT ( 'NONE',  ( -0.1051377494637004695, 1.056338205978106570, 0.01100000000000433270 ) ) ;
#7012 = EDGE_LOOP ( 'NONE', ( #2581, #5, #7160, #3443 ) ) ;
#7013 = FILL_AREA_STYLE ('',( #4824 ) ) ;
#7014 = ORIENTED_EDGE ( 'NONE', *, *, #4338, .F. ) ;
#7015 = FILL_AREA_STYLE ('',( #7197 ) ) ;
#7016 = PRESENTATION_STYLE_ASSIGNMENT (( #3427 ) ) ;
#7017 = PLANE ( 'NONE',  #7311 ) ;
#7018 = CARTESIAN_POINT ( 'NONE',  ( -0.07065594719893500408, 0.9588657740735011537, 0.001000000000003873225 ) ) ;
#7019 = DIRECTION ( 'NONE',  ( 0.0000000000000000000, -3.491481338843133355E-15, 1.000000000000000000 ) ) ;
#7020 = COLOUR_RGB ( '',0.1098039215686274495, 0.1098039215686274495, 0.1098039215686274495 ) ;
#7021 = FILL_AREA_STYLE ('',( #988 ) ) ;
#7022 = ORIENTED_EDGE ( 'NONE', *, *, #7305, .F. ) ;
#7023 = CARTESIAN_POINT ( 'NONE',  ( -0.1249491089196549665, 1.014810183652269604, 0.01100000000000389902 ) ) ;
#7024 = CARTESIAN_POINT ( 'NONE',  ( 2.700000000000000178, 1.331000000000003292, 1.901000000000004908 ) ) ;
#7025 = ORIENTED_EDGE ( 'NONE', *, *, #6505, .F. ) ;
#7026 = VECTOR ( 'NONE', #4672, 1000.000000000000000 ) ;
#7027 = ORIENTED_EDGE ( 'NONE', *, *, #8678, .F. ) ;
#7028 = FILL_AREA_STYLE_COLOUR ( '', #8843 ) ;
#7029 = ORIENTED_EDGE ( 'NONE', *, *, #4367, .F. ) ;
#7030 = DIRECTION ( 'NONE',  ( 0.7071067811865460184, -2.468850131082270866E-15, 0.7071067811865490160 ) ) ;
#7031 = CARTESIAN_POINT ( 'NONE',  ( -3.799999999999996714, 0.9017106781186636777, 0.2010000000000039533 ) ) ;
#7032 = CARTESIAN_POINT ( 'NONE',  ( -2.899999999999999911, 0.9017106781186627895, 0.4010000000000036313 ) ) ;
#7033 = CARTESIAN_POINT ( 'NONE',  ( -0.1305143557127103060, 1.079040672338170692, 0.001000000000004306906 ) ) ;
#7034 = EDGE_CURVE ( 'NONE', #486, #8676, #1283, .T. ) ;
#7035 = CARTESIAN_POINT ( 'NONE',  ( -0.06685516725408512106, 0.9823168999493242515, 0.01100000000000389902 ) ) ;
#7036 = ORIENTED_EDGE ( 'NONE', *, *, #8962, .F. ) ;
#7037 = CARTESIAN_POINT ( 'NONE',  ( -0.07307343205382983709, 0.9862136614117462674, 0.001000000000003873225 ) ) ;
#7038 = ORIENTED_EDGE ( 'NONE', *, *, #9652, .T. ) ;
#7039 = ORIENTED_EDGE ( 'NONE', *, *, #8962, .T. ) ;
#7040 = ORIENTED_EDGE ( 'NONE', *, *, #9030, .T. ) ;
#7041 = EDGE_CURVE ( 'NONE', #5955, #383, #7258, .T. ) ;
#7042 = CARTESIAN_POINT ( 'NONE',  ( 0.01681347004849466364, 0.9596918645146920168, 0.01100000000000389902 ) ) ;
#7043 = CARTESIAN_POINT ( 'NONE',  ( 1.299999999999999378, 3.331000000000007955, 0.6010000000000123022 ) ) ;
#7044 = AXIS2_PLACEMENT_3D ( 'NONE', #8643, #4160, #1886 ) ;
#7045 = EDGE_CURVE ( 'NONE', #4457, #2793, #9008, .T. ) ;
#7046 = CARTESIAN_POINT ( 'NONE',  ( -1.717157287525379550, -4.768999999999993911, 1.483842712474603864 ) ) ;
#7047 = ORIENTED_EDGE ( 'NONE', *, *, #1141, .T. ) ;
#7048 = UNCERTAINTY_MEASURE_WITH_UNIT (LENGTH_MEASURE( 1.000000000000000082E-05 ), #7789, 'distance_accuracy_value', 'NONE');
#7049 = LINE ( 'NONE', #1787, #8571 ) ;
#7050 = FILL_AREA_STYLE_COLOUR ( '', #4708 ) ;
#7051 = ORIENTED_EDGE ( 'NONE', *, *, #6600, .T. ) ;
#7052 = UNCERTAINTY_MEASURE_WITH_UNIT (LENGTH_MEASURE( 1.000000000000000082E-05 ), #5097, 'distance_accuracy_value', 'NONE');
#7053 = PRESENTATION_STYLE_ASSIGNMENT (( #1124 ) ) ;
#7054 = DIRECTION ( 'NONE',  ( -8.673617379884027583E-16, 3.491481338843133355E-15, -1.000000000000000000 ) ) ;
#7055 = DIRECTION ( 'NONE',  ( 0.0000000000000000000, -1.000000000000000000, -3.491481338843133355E-15 ) ) ;
#7056 = ORIENTED_EDGE ( 'NONE', *, *, #4490, .T. ) ;
#7057 = CARTESIAN_POINT ( 'NONE',  ( 1.600000000000000533, -1.769000000000003237, 3.900999999999994916 ) ) ;
#7058 = CARTESIAN_POINT ( 'NONE',  ( -3.558578643762690508, 0.9017106781186627895, 0.4010000000000031872 ) ) ;
#7059 = DIRECTION ( 'NONE',  ( 1.000000000000000000, 0.0000000000000000000, 0.0000000000000000000 ) ) ;
#7060 = STYLED_ITEM ( 'NONE', ( #8878 ), #6175 ) ;
#7061 = PLANE ( 'NONE',  #7471 ) ;
#7062 = VERTEX_POINT ( 'NONE', #9419 ) ;
#7063 = SURFACE_STYLE_FILL_AREA ( #6178 ) ;
#7064 = SURFACE_STYLE_FILL_AREA ( #6586 ) ;
#7065 = ORIENTED_EDGE ( 'NONE', *, *, #7606, .F. ) ;
#7066 = PRESENTATION_STYLE_ASSIGNMENT (( #6182 ) ) ;
#7067 = CARTESIAN_POINT ( 'NONE',  ( 0.4694221207311335409, 0.9918207268923631137, 0.01100000000000389902 ) ) ;
#7068 = PRESENTATION_LAYER_ASSIGNMENT (  '', '', ( #3546 ) ) ;
#7069 = DIRECTION ( 'NONE',  ( 0.0000000000000000000, 1.000000000000000000, 3.491481338843133355E-15 ) ) ;
#7070 = CARTESIAN_POINT ( 'NONE',  ( -0.1317821831727490900, 1.068693577961060903, 0.001000000000004306906 ) ) ;
#7071 = DIRECTION ( 'NONE',  ( 0.0000000000000000000, -1.000000000000000000, -3.491481338843133355E-15 ) ) ;
#7072 = VERTEX_POINT ( 'NONE', #1133 ) ;
#7073 = PRESENTATION_LAYER_ASSIGNMENT (  '', '', ( #8936 ) ) ;
#7074 = VERTEX_POINT ( 'NONE', #9390 ) ;
#7075 = CARTESIAN_POINT ( 'NONE',  ( 0.1582768846826410614, 0.9542040596366438976, 0.001000000000003873225 ) ) ;
#7076 = PLANE ( 'NONE',  #303 ) ;
#7077 = LINE ( 'NONE', #7463, #520 ) ;
#7078 = SURFACE_STYLE_FILL_AREA ( #8509 ) ;
#7079 = ORIENTED_EDGE ( 'NONE', *, *, #5040, .F. ) ;
#7080 = AXIS2_PLACEMENT_3D ( 'NONE', #8825, #8789, #3589 ) ;
#7081 = DIRECTION ( 'NONE',  ( -1.000000000000000000, 0.0000000000000000000, 0.0000000000000000000 ) ) ;
#7082 = ORIENTED_EDGE ( 'NONE', *, *, #8662, .F. ) ;
#7083 = LINE ( 'NONE', #6876, #5099 ) ;
#7084 = DIRECTION ( 'NONE',  ( 1.000000000000000000, 0.0000000000000000000, -0.0000000000000000000 ) ) ;
#7085 = CARTESIAN_POINT ( 'NONE',  ( -4.699999999999997513, 0.9017106781186641218, 0.001000000000003873225 ) ) ;
#7086 = CARTESIAN_POINT ( 'NONE',  ( 0.3335345583066600672, 1.078212697423058808, 0.01100000000000433270 ) ) ;
#7087 = CARTESIAN_POINT ( 'NONE',  ( -0.1318799130653508511, 1.054085823268342104, 0.01100000000000433270 ) ) ;
#7088 = CARTESIAN_POINT ( 'NONE',  ( 3.529289321881345032, 0.3017106781186620901, 0.7131320343559666153 ) ) ;
#7089 = SURFACE_STYLE_USAGE ( .BOTH. , #8500 ) ;
#7090 = CARTESIAN_POINT ( 'NONE',  ( -0.6999999999999999556, 3.331000000000007955, 0.6010000000000131903 ) ) ;
#7091 = STYLED_ITEM ( 'NONE', ( #2955 ), #661 ) ;
#7092 = VECTOR ( 'NONE', #5494, 1000.000000000000000 ) ;
#7093 = CARTESIAN_POINT ( 'NONE',  ( -2.800000000000000266, -0.7590000000000035607, 3.900999999999998025 ) ) ;
#7094 = DIRECTION ( 'NONE',  ( 1.000000000000000000, 0.0000000000000000000, 0.0000000000000000000 ) ) ;
#7095 = CARTESIAN_POINT ( 'NONE',  ( 0.3363256651704459310, 1.052260462075668368, 0.001000000000004306906 ) ) ;
#7096 =( LENGTH_UNIT ( ) NAMED_UNIT ( * ) SI_UNIT ( .MILLI., .METRE. ) );
#7097 = EDGE_CURVE ( 'NONE', #5042, #9381, #4815, .T. ) ;
#7098 = CARTESIAN_POINT ( 'NONE',  ( -0.06685516725408512106, 0.9823168999493242515, 0.001000000000003873225 ) ) ;
#7099 = COLOUR_RGB ( '',0.1098039215686274495, 0.1098039215686274495, 0.1098039215686274495 ) ;
#7100 = MECHANICAL_DESIGN_GEOMETRIC_PRESENTATION_REPRESENTATION (  '', ( #4790 ), #4085 ) ;
#7101 = LINE ( 'NONE', #6333, #998 ) ;
#7102 =( GEOMETRIC_REPRESENTATION_CONTEXT ( 3 ) GLOBAL_UNCERTAINTY_ASSIGNED_CONTEXT ( ( #9127 ) ) GLOBAL_UNIT_ASSIGNED_CONTEXT ( ( #868, #35, #1615 ) ) REPRESENTATION_CONTEXT ( 'NONE', 'WORKASPACE' ) );
#7103 = EDGE_CURVE ( 'NONE', #7825, #8791, #3738, .T. ) ;
#7104 = SURFACE_SIDE_STYLE ('',( #5188 ) ) ;
#7105 = CARTESIAN_POINT ( 'NONE',  ( -0.2246499445856516564, 1.132252840124448934, 0.001000000000004306906 ) ) ;
#7106 = ORIENTED_EDGE ( 'NONE', *, *, #343, .T. ) ;
#7107 = VECTOR ( 'NONE', #2200, 999.9999999999998863 ) ;
#7108 = FILL_AREA_STYLE_COLOUR ( '', #5284 ) ;
#7109 = SURFACE_STYLE_FILL_AREA ( #5189 ) ;
#7110 =( GEOMETRIC_REPRESENTATION_CONTEXT ( 3 ) GLOBAL_UNCERTAINTY_ASSIGNED_CONTEXT ( ( #7902 ) ) GLOBAL_UNIT_ASSIGNED_CONTEXT ( ( #7301, #943, #9124 ) ) REPRESENTATION_CONTEXT ( 'NONE', 'WORKASPACE' ) );
#7111 = EDGE_CURVE ( 'NONE', #9665, #2639, #3510, .T. ) ;
#7112 = ORIENTED_EDGE ( 'NONE', *, *, #955, .T. ) ;
#7113 = VERTEX_POINT ( 'NONE', #1167 ) ;
#7114 = CARTESIAN_POINT ( 'NONE',  ( 1.600000000000000533, -4.568999999999995509, 1.900999999999984924 ) ) ;
#7115 = DIRECTION ( 'NONE',  ( -0.0000000000000000000, 1.000000000000000000, 3.491481338843133355E-15 ) ) ;
#7116 = VECTOR ( 'NONE', #3313, 1000.000000000000000 ) ;
#7117 = PRESENTATION_STYLE_ASSIGNMENT (( #4599 ) ) ;
#7118 = ORIENTED_EDGE ( 'NONE', *, *, #6041, .T. ) ;
#7119 = MECHANICAL_DESIGN_GEOMETRIC_PRESENTATION_REPRESENTATION (  '', ( #3608 ), #6130 ) ;
#7120 = SURFACE_STYLE_USAGE ( .BOTH. , #4112 ) ;
#7121 = ORIENTED_EDGE ( 'NONE', *, *, #3044, .T. ) ;
#7122 = ORIENTED_EDGE ( 'NONE', *, *, #4804, .F. ) ;
#7123 = ORIENTED_EDGE ( 'NONE', *, *, #8325, .F. ) ;
#7124 = EDGE_CURVE ( 'NONE', #4554, #3682, #2430, .T. ) ;
#7125 = PRESENTATION_STYLE_ASSIGNMENT (( #5526 ) ) ;
#7126 = MECHANICAL_DESIGN_GEOMETRIC_PRESENTATION_REPRESENTATION (  '', ( #7364 ), #1780 ) ;
#7127 = FILL_AREA_STYLE ('',( #4047 ) ) ;
#7128 = CARTESIAN_POINT ( 'NONE',  ( -3.641421356237309670, 0.3017106781186625342, 0.6010000000000019771 ) ) ;
#7129 = COLOUR_RGB ( '',1.000000000000000000, 1.000000000000000000, 1.000000000000000000 ) ;
#7130 = FACE_OUTER_BOUND ( 'NONE', #6404, .T. ) ;
#7131 = CARTESIAN_POINT ( 'NONE',  ( -2.900000000000000355, -0.7590000000000035607, 3.880999999999998007 ) ) ;
#7132 = EDGE_LOOP ( 'NONE', ( #3367, #9538, #368, #5744 ) ) ;
#7133 = ORIENTED_EDGE ( 'NONE', *, *, #4349, .T. ) ;
#7134 = VECTOR ( 'NONE', #5285, 1000.000000000000000 ) ;
#7135 = UNCERTAINTY_MEASURE_WITH_UNIT (LENGTH_MEASURE( 1.000000000000000082E-05 ), #5935, 'distance_accuracy_value', 'NONE');
#7136 = DIRECTION ( 'NONE',  ( -1.000000000000000000, -3.028377322213055368E-30, 8.673617379884027583E-16 ) ) ;
#7137 = DIRECTION ( 'NONE',  ( -1.532000111646839560E-16, 3.491481338843133355E-15, -1.000000000000000000 ) ) ;
#7138 = VECTOR ( 'NONE', #6185, 1000.000000000000000 ) ;
#7139 = CARTESIAN_POINT ( 'NONE',  ( -0.1051377494637004695, 1.056338205978106570, 0.01100000000000433270 ) ) ;
#7140 = DIRECTION ( 'NONE',  ( 0.0000000000000000000, 1.000000000000000000, 3.491481338843133355E-15 ) ) ;
#7141 = ORIENTED_EDGE ( 'NONE', *, *, #648, .T. ) ;
#7142 = ADVANCED_FACE ( 'NONE', ( #6857 ), #7922, .T. ) ;
#7143 = ORIENTED_EDGE ( 'NONE', *, *, #6935, .T. ) ;
#7144 = EDGE_CURVE ( 'NONE', #587, #2833, #3567, .T. ) ;
#7145 = COLOUR_RGB ( '',0.1098039215686274495, 0.1098039215686274495, 0.1098039215686274495 ) ;
#7146 = FACE_OUTER_BOUND ( 'NONE', #6380, .T. ) ;
#7147 = CARTESIAN_POINT ( 'NONE',  ( 2.699999999999999289, -1.569000000000000172, 2.900999999999995804 ) ) ;
#7148 = FILL_AREA_STYLE_COLOUR ( '', #146 ) ;
#7149 = SURFACE_STYLE_FILL_AREA ( #274 ) ;
#7150 = ORIENTED_EDGE ( 'NONE', *, *, #5105, .T. ) ;
#7151 = EDGE_LOOP ( 'NONE', ( #8566, #7383, #7022, #8872 ) ) ;
#7152 = CARTESIAN_POINT ( 'NONE',  ( 1.800000000000000266, -1.769000000000005013, 4.400999999999995360 ) ) ;
#7153 = ORIENTED_EDGE ( 'NONE', *, *, #8172, .T. ) ;
#7154 = PRESENTATION_LAYER_ASSIGNMENT (  '', '', ( #5661 ) ) ;
#7155 = ORIENTED_EDGE ( 'NONE', *, *, #8298, .F. ) ;
#7156 = CARTESIAN_POINT ( 'NONE',  ( 4.699999999999997513, 0.9017106781186636777, 0.2010000000000039533 ) ) ;
#7157 = CARTESIAN_POINT ( 'NONE',  ( 2.700000000000000178, 3.331000000000003070, 1.901000000000011791 ) ) ;
#7158 = CARTESIAN_POINT ( 'NONE',  ( 0.4668621507123879577, 0.9801317783332814670, 0.01100000000000389902 ) ) ;
#7159 =( LENGTH_UNIT ( ) NAMED_UNIT ( * ) SI_UNIT ( .MILLI., .METRE. ) );
#7160 = ORIENTED_EDGE ( 'NONE', *, *, #1102, .F. ) ;
#7161 = ORIENTED_EDGE ( 'NONE', *, *, #102, .F. ) ;
#7162 = SURFACE_SIDE_STYLE ('',( #1838 ) ) ;
#7163 = EDGE_CURVE ( 'NONE', #2792, #8354, #4044, .T. ) ;
#7164 =( NAMED_UNIT ( * ) SI_UNIT ( $, .STERADIAN. ) SOLID_ANGLE_UNIT ( ) );
#7165 = CARTESIAN_POINT ( 'NONE',  ( 0.08266712858508006023, 1.042008937685424685, 0.001000000000004306906 ) ) ;
#7166 = UNCERTAINTY_MEASURE_WITH_UNIT (LENGTH_MEASURE( 1.000000000000000082E-05 ), #1706, 'distance_accuracy_value', 'NONE');
#7167 = UNCERTAINTY_MEASURE_WITH_UNIT (LENGTH_MEASURE( 1.000000000000000082E-05 ), #2084, 'distance_accuracy_value', 'NONE');
#7168 = EDGE_CURVE ( 'NONE', #6070, #5662, #3569, .T. ) ;
#7169 = FILL_AREA_STYLE ('',( #2554 ) ) ;
#7170 = EDGE_CURVE ( 'NONE', #8371, #9257, #6964, .T. ) ;
#7171 = FILL_AREA_STYLE ('',( #5735 ) ) ;
#7172 = VECTOR ( 'NONE', #158, 1000.000000000000000 ) ;
#7173 = COLOUR_RGB ( '',0.7764705882352941346, 0.7568627450980391913, 0.7372549019607843590 ) ;
#7174 = DIRECTION ( 'NONE',  ( 0.0000000000000000000, 0.7071067811865489050, -0.7071067811865462405 ) ) ;
#7175 = ORIENTED_EDGE ( 'NONE', *, *, #8866, .T. ) ;
#7176 = COLOUR_RGB ( '',0.1098039215686274495, 0.1098039215686274495, 0.1098039215686274495 ) ;
#7177 = AXIS2_PLACEMENT_3D ( 'NONE', #9513, #8043, #608 ) ;
#7178 = DIRECTION ( 'NONE',  ( 1.495451272393799296E-16, 3.491481338843133355E-15, -1.000000000000000000 ) ) ;
#7179 = CARTESIAN_POINT ( 'NONE',  ( 0.3465119524332894718, 1.111143828540339440, 0.001000000000004306906 ) ) ;
#7180 =( NAMED_UNIT ( * ) SI_UNIT ( $, .STERADIAN. ) SOLID_ANGLE_UNIT ( ) );
#7181 = EDGE_CURVE ( 'NONE', #5890, #6360, #3493, .T. ) ;
#7182 = STYLED_ITEM ( 'NONE', ( #7016 ), #5966 ) ;
#7183 = CARTESIAN_POINT ( 'NONE',  ( 1.299999999999999378, 3.331000000000008399, 0.4010000000000122911 ) ) ;
#7184 = COLOUR_RGB ( '',0.1098039215686274495, 0.1098039215686274495, 0.1098039215686274495 ) ;
#7185 = ORIENTED_EDGE ( 'NONE', *, *, #7236, .T. ) ;
#7186 = FILL_AREA_STYLE ('',( #7820 ) ) ;
#7187 = AXIS2_PLACEMENT_3D ( 'NONE', #5488, #924, #160 ) ;
#7188 =( NAMED_UNIT ( * ) SI_UNIT ( $, .STERADIAN. ) SOLID_ANGLE_UNIT ( ) );
#7189 = ADVANCED_FACE ( 'NONE', ( #5842 ), #4377, .T. ) ;
#7190 = CARTESIAN_POINT ( 'NONE',  ( 0.01128226177574312254, 1.125002424021003256, 0.01100000000000433270 ) ) ;
#7191 = SURFACE_STYLE_FILL_AREA ( #3936 ) ;
#7192 = VERTEX_POINT ( 'NONE', #2707 ) ;
#7193 = CARTESIAN_POINT ( 'NONE',  ( 2.699999999999998845, -1.569000000000009720, 5.600999999999994650 ) ) ;
#7194 = CARTESIAN_POINT ( 'NONE',  ( 0.3351750137782715799, 1.070027024778770430, 0.01100000000000433270 ) ) ;
#7195 = SURFACE_STYLE_USAGE ( .BOTH. , #3433 ) ;
#7196 = VECTOR ( 'NONE', #9080, 1000.000000000000000 ) ;
#7197 = FILL_AREA_STYLE_COLOUR ( '', #8358 ) ;
#7198 = PRESENTATION_LAYER_ASSIGNMENT (  '', '', ( #8093 ) ) ;
#7199 = SURFACE_SIDE_STYLE ('',( #142 ) ) ;
#7200 = PRESENTATION_STYLE_ASSIGNMENT (( #3364 ) ) ;
#7201 = PRESENTATION_LAYER_ASSIGNMENT (  '', '', ( #4970 ) ) ;
#7202 = SURFACE_STYLE_FILL_AREA ( #7997 ) ;
#7203 = CARTESIAN_POINT ( 'NONE',  ( 0.3086235994101352298, 1.143434785427621003, 0.001000000000004306906 ) ) ;
#7204 = PRESENTATION_LAYER_ASSIGNMENT (  '', '', ( #3511 ) ) ;
#7205 = SURFACE_STYLE_FILL_AREA ( #7766 ) ;
#7206 = CARTESIAN_POINT ( 'NONE',  ( -2.900000000000000355, 0.2859999999999945919, 4.401000000000002466 ) ) ;
#7207 = COLOUR_RGB ( '',0.1098039215686274495, 0.1098039215686274495, 0.1098039215686274495 ) ;
#7208 = CARTESIAN_POINT ( 'NONE',  ( -0.09764101482038482771, 1.095562708480731118, 0.001000000000004306906 ) ) ;
#7209 = AXIS2_PLACEMENT_3D ( 'NONE', #2000, #7265, #596 ) ;
#7210 = ORIENTED_EDGE ( 'NONE', *, *, #8544, .T. ) ;
#7211 = SURFACE_STYLE_FILL_AREA ( #3858 ) ;
#7212 = CARTESIAN_POINT ( 'NONE',  ( 2.700000000000000178, 1.330999999999996186, 3.901000000000005130 ) ) ;
#7213 = DIRECTION ( 'NONE',  ( -0.3826834323650907255, 3.225708147102274523E-15, -0.9238795325112864054 ) ) ;
#7214 =( LENGTH_UNIT ( ) NAMED_UNIT ( * ) SI_UNIT ( .MILLI., .METRE. ) );
#7215 = SURFACE_STYLE_USAGE ( .BOTH. , #7958 ) ;
#7216 = EDGE_CURVE ( 'NONE', #4579, #5058, #7725, .T. ) ;
#7217 = CARTESIAN_POINT ( 'NONE',  ( 0.005419350084766471481, 1.127555041698318883, 0.01100000000000433270 ) ) ;
#7218 = SURFACE_SIDE_STYLE ('',( #7918 ) ) ;
#7219 = AXIS2_PLACEMENT_3D ( 'NONE', #4543, #2186, #36 ) ;
#7220 = CARTESIAN_POINT ( 'NONE',  ( 0.3631549334631288262, 1.051688815734204807, 0.001000000000004306906 ) ) ;
#7221 = PRESENTATION_STYLE_ASSIGNMENT (( #5967 ) ) ;
#7223 = PRESENTATION_LAYER_ASSIGNMENT (  '', '', ( #1701 ) ) ;
#7222 = VECTOR ( 'NONE', #1348, 1000.000000000000000 ) ;
#7224 = UNCERTAINTY_MEASURE_WITH_UNIT (LENGTH_MEASURE( 1.000000000000000082E-05 ), #7936, 'distance_accuracy_value', 'NONE');
#7225 = CARTESIAN_POINT ( 'NONE',  ( 2.900000000000000799, 1.350999999999994650, 4.381000000000004668 ) ) ;
#7226 = CARTESIAN_POINT ( 'NONE',  ( -4.699999999999997513, 3.331000000000000849, 2.501000000000012768 ) ) ;
#7227 = CARTESIAN_POINT ( 'NONE',  ( -0.09764101482038482771, 1.095562708480731118, 0.001000000000004306906 ) ) ;
#7228 = VECTOR ( 'NONE', #5180, 1000.000000000000000 ) ;
#7229 = ORIENTED_EDGE ( 'NONE', *, *, #7097, .F. ) ;
#7230 = ORIENTED_EDGE ( 'NONE', *, *, #9383, .T. ) ;
#7231 = CARTESIAN_POINT ( 'NONE',  ( 0.6999999999999992895, 3.331000000000007955, 0.6010000000000123022 ) ) ;
#7232 = ORIENTED_EDGE ( 'NONE', *, *, #2562, .T. ) ;
#7233 = AXIS2_PLACEMENT_3D ( 'NONE', #6260, #3876, #892 ) ;
#7234 = B_SPLINE_CURVE_WITH_KNOTS ( 'NONE', 3,
 ( #3124, #802, #7523, #6091, #6128, #5305, #2378 ),
 .UNSPECIFIED., .F., .F.,
 ( 4, 1, 1, 1, 4 ),
 ( 0.0000000000000000000, 0.1744817153170450941, 0.3982857591281150356, 0.6738978473986464435, 1.000000000000000000 ),
 .UNSPECIFIED. ) ;
#7235 = SURFACE_SIDE_STYLE ('',( #8953 ) ) ;
#7236 = EDGE_CURVE ( 'NONE', #4606, #1745, #1517, .T. ) ;
#7237 = VERTEX_POINT ( 'NONE', #3580 ) ;
#7238 = SURFACE_STYLE_USAGE ( .BOTH. , #1284 ) ;
#7239 = PLANE ( 'NONE',  #1626 ) ;
#7240 = CARTESIAN_POINT ( 'NONE',  ( -0.03002342019540766432, 0.9737162547585943573, 0.01100000000000389902 ) ) ;
#7241 = VECTOR ( 'NONE', #3094, 1000.000000000000000 ) ;
#7242 = STYLED_ITEM ( 'NONE', ( #5123 ), #1237 ) ;
#7243 =( NAMED_UNIT ( * ) PLANE_ANGLE_UNIT ( ) SI_UNIT ( $, .RADIAN. ) );
#7244 = FACE_OUTER_BOUND ( 'NONE', #4723, .T. ) ;
#7245 = FACE_OUTER_BOUND ( 'NONE', #8903, .T. ) ;
#7246 = EDGE_LOOP ( 'NONE', ( #2822, #5899, #4861, #8350 ) ) ;
#7247 = VERTEX_POINT ( 'NONE', #1329 ) ;
#7248 = PRESENTATION_LAYER_ASSIGNMENT (  '', '', ( #7953 ) ) ;
#7249 = CARTESIAN_POINT ( 'NONE',  ( -0.001251502302493863548, 1.151756498975641030, 0.001000000000004306906 ) ) ;
#7250 = DIRECTION ( 'NONE',  ( 0.0000000000000000000, -1.000000000000000000, -3.491481338843133355E-15 ) ) ;
#7251 = CARTESIAN_POINT ( 'NONE',  ( -3.532842712474618896, 0.9017106781186632336, 0.3388679656440385934 ) ) ;
#7252 = CARTESIAN_POINT ( 'NONE',  ( -0.02032099523474762900, 1.133956041297188966, 0.01100000000000433270 ) ) ;
#7253 = FILL_AREA_STYLE_COLOUR ( '', #1697 ) ;
#7254 = VECTOR ( 'NONE', #2363, 1000.000000000000000 ) ;
#7255 = UNCERTAINTY_MEASURE_WITH_UNIT (LENGTH_MEASURE( 1.000000000000000082E-05 ), #7214, 'distance_accuracy_value', 'NONE');
#7256 = LINE ( 'NONE', #7358, #3157 ) ;
#7257 =( NAMED_UNIT ( * ) SI_UNIT ( $, .STERADIAN. ) SOLID_ANGLE_UNIT ( ) );
#7258 = LINE ( 'NONE', #422, #5046 ) ;
#7259 = ORIENTED_EDGE ( 'NONE', *, *, #4880, .T. ) ;
#7260 = ORIENTED_EDGE ( 'NONE', *, *, #3613, .T. ) ;
#7261 = CARTESIAN_POINT ( 'NONE',  ( -0.02032099523474762900, 1.133956041297188966, 0.001000000000004306906 ) ) ;
#7262 = CARTESIAN_POINT ( 'NONE',  ( 0.3283100564981720759, 1.093041507312539906, 0.001000000000004306906 ) ) ;
#7263 =( NAMED_UNIT ( * ) PLANE_ANGLE_UNIT ( ) SI_UNIT ( $, .RADIAN. ) );
#7264 = EDGE_LOOP ( 'NONE', ( #9656, #8570, #2160, #4621 ) ) ;
#7265 = DIRECTION ( 'NONE',  ( 1.000000000000000000, 0.0000000000000000000, -0.0000000000000000000 ) ) ;
#7266 = FACE_OUTER_BOUND ( 'NONE', #7132, .T. ) ;
#7267 = CARTESIAN_POINT ( 'NONE',  ( -0.02338697403762965768, 0.9518142461464570436, 0.01100000000000389902 ) ) ;
#7268 = VECTOR ( 'NONE', #3917, 1000.000000000000000 ) ;
#7269 = ORIENTED_EDGE ( 'NONE', *, *, #462, .T. ) ;
#7270 = VERTEX_POINT ( 'NONE', #9615 ) ;
#7271 = EDGE_LOOP ( 'NONE', ( #4924, #2769, #3632, #9060 ) ) ;
#7272 = FILL_AREA_STYLE_COLOUR ( '', #5582 ) ;
#7273 = VERTEX_POINT ( 'NONE', #2052 ) ;
#7274 = PLANE ( 'NONE',  #3024 ) ;
#7275 = LINE ( 'NONE', #2281, #384 ) ;
#7276 = FILL_AREA_STYLE_COLOUR ( '', #1812 ) ;
#7277 = CARTESIAN_POINT ( 'NONE',  ( 0.4630380109320170745, 0.9917071181816329295, 0.001000000000003873225 ) ) ;
#7278 = VECTOR ( 'NONE', #9076, 999.9999999999998863 ) ;
#7279 = EDGE_LOOP ( 'NONE', ( #8695, #5393, #4969, #3132 ) ) ;
#7280 = FILL_AREA_STYLE ('',( #3477 ) ) ;
#7281 = VERTEX_POINT ( 'NONE', #9577 ) ;
#7282 =( GEOMETRIC_REPRESENTATION_CONTEXT ( 3 ) GLOBAL_UNCERTAINTY_ASSIGNED_CONTEXT ( ( #1602 ) ) GLOBAL_UNIT_ASSIGNED_CONTEXT ( ( #8714, #6545, #5755 ) ) REPRESENTATION_CONTEXT ( 'NONE', 'WORKASPACE' ) );
#7283 = EDGE_LOOP ( 'NONE', ( #5412, #55, #481, #6121 ) ) ;
#7284 = DIRECTION ( 'NONE',  ( 1.000000000000000000, 0.0000000000000000000, 0.0000000000000000000 ) ) ;
#7285 = FACE_OUTER_BOUND ( 'NONE', #3766, .T. ) ;
#7286 = CARTESIAN_POINT ( 'NONE',  ( -0.001251502302493863548, 1.151756498975641030, 0.01100000000000433270 ) ) ;
#7287 = STYLED_ITEM ( 'NONE', ( #751 ), #3686 ) ;
#7288 = ADVANCED_FACE ( 'NONE', ( #6042 ), #6572, .F. ) ;
#7289 = EDGE_CURVE ( 'NONE', #2639, #3519, #3624, .T. ) ;
#7290 = DIRECTION ( 'NONE',  ( 0.0000000000000000000, -1.000000000000000000, -3.491481338843133355E-15 ) ) ;
#7291 = DIRECTION ( 'NONE',  ( 1.000000000000000000, 0.0000000000000000000, -0.0000000000000000000 ) ) ;
#7292 = LINE ( 'NONE', #193, #3768 ) ;
#7293 = DIRECTION ( 'NONE',  ( 1.000000000000000000, 0.0000000000000000000, 0.0000000000000000000 ) ) ;
#7294 = LINE ( 'NONE', #5948, #3669 ) ;
#7295 = ORIENTED_EDGE ( 'NONE', *, *, #4423, .T. ) ;
#7296 = EDGE_CURVE ( 'NONE', #3120, #165, #5900, .T. ) ;
#7297 = CARTESIAN_POINT ( 'NONE',  ( -0.03210528730176866880, 1.134660156405207454, 0.01100000000000433270 ) ) ;
#7298 = PRESENTATION_LAYER_ASSIGNMENT (  '', '', ( #4099 ) ) ;
#7299 = CARTESIAN_POINT ( 'NONE',  ( 0.3100766535444369199, 1.116243433368553584, 0.01100000000000433270 ) ) ;
#7300 = SURFACE_SIDE_STYLE ('',( #7440 ) ) ;
#7301 =( LENGTH_UNIT ( ) NAMED_UNIT ( * ) SI_UNIT ( .MILLI., .METRE. ) );
#7302 = ORIENTED_EDGE ( 'NONE', *, *, #953, .F. ) ;
#7303 = CARTESIAN_POINT ( 'NONE',  ( -1.300000000000000044, 3.818867965644045182, 0.5717106781186699349 ) ) ;
#7304 = PRESENTATION_STYLE_ASSIGNMENT (( #6449 ) ) ;
#7305 = EDGE_CURVE ( 'NONE', #1022, #5757, #3801, .T. ) ;
#7306 = B_SPLINE_CURVE_WITH_KNOTS ( 'NONE', 3,
 ( #9525, #2824, #4323, #8096, #1234, #3594, #6493, #5048, #8060, #554, #624, #8754, #8828, #2783, #7964, #3561, #1307, #6553, #5732 ),
 .UNSPECIFIED., .F., .F.,
 ( 4, 1, 1, 1, 1, 1, 1, 1, 1, 1, 1, 1, 1, 1, 1, 1, 4 ),
 ( 0.0000000000000000000, 0.06863117867660142868, 0.1345664660386772793, 0.1983281540108814134, 0.2607897666408458548, 0.3219991514841591962, 0.3827217465030208210, 0.4435374740357291845, 0.5051334294849250117, 0.5662138747646732195, 0.6261058646175460263, 0.6853493221605171382, 0.7449958703477969069, 0.8054158418145623832, 0.8676362663459531444, 0.9323077823023293575, 1.000000000000000000 ),
 .UNSPECIFIED. ) ;
#7307 = FILL_AREA_STYLE ('',( #9650 ) ) ;
#7308 = LINE ( 'NONE', #1484, #8026 ) ;
#7309 = PLANE ( 'NONE',  #4515 ) ;
#7310 = EDGE_CURVE ( 'NONE', #5816, #607, #7475, .T. ) ;
#7311 = AXIS2_PLACEMENT_3D ( 'NONE', #9364, #4091, #4059 ) ;
#7312 = SURFACE_STYLE_USAGE ( .BOTH. , #2729 ) ;
#7313 = DIRECTION ( 'NONE',  ( 1.000000000000000000, 0.0000000000000000000, 0.0000000000000000000 ) ) ;
#7314 =( GEOMETRIC_REPRESENTATION_CONTEXT ( 3 ) GLOBAL_UNCERTAINTY_ASSIGNED_CONTEXT ( ( #8196 ) ) GLOBAL_UNIT_ASSIGNED_CONTEXT ( ( #4409, #700, #8116 ) ) REPRESENTATION_CONTEXT ( 'NONE', 'WORKASPACE' ) );
#7315 = SURFACE_STYLE_USAGE ( .BOTH. , #1378 ) ;
#7316 = CARTESIAN_POINT ( 'NONE',  ( 1.600000000000000533, -4.686157287525377413, 1.900999999999983814 ) ) ;
#7317 = CARTESIAN_POINT ( 'NONE',  ( -2.899999999999999911, 0.9017106781186627895, 0.4010000000000036313 ) ) ;
#7318 = SURFACE_STYLE_USAGE ( .BOTH. , #7348 ) ;
#7319 = ORIENTED_EDGE ( 'NONE', *, *, #4152, .F. ) ;
#7320 = FILL_AREA_STYLE_COLOUR ( '', #2636 ) ;
#7321 = VECTOR ( 'NONE', #8225, 1000.000000000000114 ) ;
#7322 = FILL_AREA_STYLE_COLOUR ( '', #6827 ) ;
#7323 = CARTESIAN_POINT ( 'NONE',  ( 2.899999999999999911, 2.301710678118662035, 0.6010000000000088605 ) ) ;
#7324 = VERTEX_POINT ( 'NONE', #8781 ) ;
#7325 = CARTESIAN_POINT ( 'NONE',  ( -0.1490401884880906969, 1.154204059636644075, 0.001000000000004306906 ) ) ;
#7326 = CARTESIAN_POINT ( 'NONE',  ( 0.6999999999999992895, 3.963842712474628271, 0.3388679656440498622 ) ) ;
#7327 =( NAMED_UNIT ( * ) PLANE_ANGLE_UNIT ( ) SI_UNIT ( $, .RADIAN. ) );
#7328 = FACE_OUTER_BOUND ( 'NONE', #7748, .T. ) ;
#7329 = VECTOR ( 'NONE', #6656, 1000.000000000000000 ) ;
#7330 = ADVANCED_FACE ( 'NONE', ( #5158 ), #129, .T. ) ;
#7331 = DIRECTION ( 'NONE',  ( -1.000000000000000000, -0.0000000000000000000, 0.0000000000000000000 ) ) ;
#7332 = COLOUR_RGB ( '',0.7764705882352941346, 0.7568627450980391913, 0.7372549019607843590 ) ;
#7333 = SURFACE_STYLE_USAGE ( .BOTH. , #634 ) ;
#7334 = AXIS2_PLACEMENT_3D ( 'NONE', #669, #3763, #2979 ) ;
#7335 = DIRECTION ( 'NONE',  ( 1.532000111646839560E-16, 3.491481338843133355E-15, -1.000000000000000000 ) ) ;
#7336 = LINE ( 'NONE', #961, #888 ) ;
#7337 = FILL_AREA_STYLE ('',( #2763 ) ) ;
#7338 = SURFACE_STYLE_USAGE ( .BOTH. , #4207 ) ;
#7339 = UNCERTAINTY_MEASURE_WITH_UNIT (LENGTH_MEASURE( 1.000000000000000082E-05 ), #8844, 'distance_accuracy_value', 'NONE');
#7340 =( GEOMETRIC_REPRESENTATION_CONTEXT ( 3 ) GLOBAL_UNCERTAINTY_ASSIGNED_CONTEXT ( ( #7826 ) ) GLOBAL_UNIT_ASSIGNED_CONTEXT ( ( #6171, #2421, #1669 ) ) REPRESENTATION_CONTEXT ( 'NONE', 'WORKASPACE' ) );
#7341 = EDGE_CURVE ( 'NONE', #632, #7270, #4097, .T. ) ;
#7342 = VERTEX_POINT ( 'NONE', #2872 ) ;
#7343 = VERTEX_POINT ( 'NONE', #5161 ) ;
#7344 = CARTESIAN_POINT ( 'NONE',  ( -4.041421356237308693, 0.3017106781186638109, 0.2010000000000017883 ) ) ;
#7345 = EDGE_CURVE ( 'NONE', #1965, #6464, #2971, .T. ) ;
#7346 = PRESENTATION_STYLE_ASSIGNMENT (( #586 ) ) ;
#7347 =( NAMED_UNIT ( * ) PLANE_ANGLE_UNIT ( ) SI_UNIT ( $, .RADIAN. ) );
#7348 = SURFACE_SIDE_STYLE ('',( #1231 ) ) ;
#7349 = EDGE_CURVE ( 'NONE', #8666, #9235, #2541, .T. ) ;
#7350 = CARTESIAN_POINT ( 'NONE',  ( 2.699999999999998401, 3.330999999999989747, 5.801000000000011703 ) ) ;
#7351 = ORIENTED_EDGE ( 'NONE', *, *, #8298, .T. ) ;
#7352 = FACE_OUTER_BOUND ( 'NONE', #7279, .T. ) ;
#7353 = PRESENTATION_STYLE_ASSIGNMENT (( #643 ) ) ;
#7354 = CARTESIAN_POINT ( 'NONE',  ( 1.600000000000000533, -1.768999999999996353, 1.900999999999994472 ) ) ;
#7355 = PLANE ( 'NONE',  #3984 ) ;
#7356 = FACE_OUTER_BOUND ( 'NONE', #5852, .T. ) ;
#7357 = CARTESIAN_POINT ( 'NONE',  ( 1.800000000000000488, -1.768999999999996353, 1.900999999999994472 ) ) ;
#7358 = CARTESIAN_POINT ( 'NONE',  ( 0.1582768846826410614, 0.9761552791488392611, 0.001000000000003873225 ) ) ;
#7359 = DIRECTION ( 'NONE',  ( 1.000000000000000000, 0.0000000000000000000, 0.0000000000000000000 ) ) ;
#7360 = VERTEX_POINT ( 'NONE', #6756 ) ;
#7361 = ORIENTED_EDGE ( 'NONE', *, *, #6492, .T. ) ;
#7362 = EDGE_CURVE ( 'NONE', #3966, #6919, #590, .T. ) ;
#7363 = LINE ( 'NONE', #8524, #9362 ) ;
#7364 = STYLED_ITEM ( 'NONE', ( #6314 ), #6471 ) ;
#7365 = PRESENTATION_STYLE_ASSIGNMENT (( #3108 ) ) ;
#7366 = COLOUR_RGB ( '',0.7764705882352941346, 0.7568627450980391913, 0.7372549019607843590 ) ;
#7367 = DIRECTION ( 'NONE',  ( 0.0000000000000000000, -1.000000000000000000, -3.491481338843133355E-15 ) ) ;
#7368 = VERTEX_POINT ( 'NONE', #2109 ) ;
#7369 = SURFACE_STYLE_USAGE ( .BOTH. , #9509 ) ;
#7370 =( GEOMETRIC_REPRESENTATION_CONTEXT ( 3 ) GLOBAL_UNCERTAINTY_ASSIGNED_CONTEXT ( ( #8016 ) ) GLOBAL_UNIT_ASSIGNED_CONTEXT ( ( #8511, #7009, #2578 ) ) REPRESENTATION_CONTEXT ( 'NONE', 'WORKASPACE' ) );
#7371 = ORIENTED_EDGE ( 'NONE', *, *, #1264, .T. ) ;
#7372 = FILL_AREA_STYLE_COLOUR ( '', #4264 ) ;
#7373 = VERTEX_POINT ( 'NONE', #4472 ) ;
#7374 = VERTEX_POINT ( 'NONE', #9724 ) ;
#7375 = CARTESIAN_POINT ( 'NONE',  ( 0.4652631638185765195, 0.9827088734939608550, 0.01100000000000389902 ) ) ;
#7376 = ADVANCED_FACE ( 'NONE', ( #2181 ), #5945, .T. ) ;
#7377 = FILL_AREA_STYLE_COLOUR ( '', #6901 ) ;
#7378 = CARTESIAN_POINT ( 'NONE',  ( 0.3175795056410232187, 0.9689811057798201066, 0.001000000000003873225 ) ) ;
#7379 = FILL_AREA_STYLE ('',( #6762 ) ) ;
#7380 = ORIENTED_EDGE ( 'NONE', *, *, #1988, .F. ) ;
#7381 = STYLED_ITEM ( 'NONE', ( #8392 ), #2593 ) ;
#7382 = ORIENTED_EDGE ( 'NONE', *, *, #660, .T. ) ;
#7383 = ORIENTED_EDGE ( 'NONE', *, *, #5113, .F. ) ;
#7384 = CARTESIAN_POINT ( 'NONE',  ( 0.01681347004849466711, 1.121886986465911118, 0.001000000000004306906 ) ) ;
#7385 = DIRECTION ( 'NONE',  ( 0.0000000000000000000, -1.000000000000000000, -3.491481338843133355E-15 ) ) ;
#7386 =( LENGTH_UNIT ( ) NAMED_UNIT ( * ) SI_UNIT ( .MILLI., .METRE. ) );
#7387 = CARTESIAN_POINT ( 'NONE',  ( 2.699999999999998845, -1.569000000000009720, 5.600999999999994650 ) ) ;
#7388 = DIRECTION ( 'NONE',  ( -1.000000000000000000, 0.0000000000000000000, 0.0000000000000000000 ) ) ;
#7389 = UNCERTAINTY_MEASURE_WITH_UNIT (LENGTH_MEASURE( 1.000000000000000082E-05 ), #973, 'distance_accuracy_value', 'NONE');
#7390 = DIRECTION ( 'NONE',  ( 0.0000000000000000000, -1.000000000000000000, -3.491481338843133355E-15 ) ) ;
#7391 = ORIENTED_EDGE ( 'NONE', *, *, #8993, .T. ) ;
#7392 = VECTOR ( 'NONE', #7421, 1000.000000000000000 ) ;
#7393 = VECTOR ( 'NONE', #1173, 1000.000000000000000 ) ;
#7394 = ORIENTED_EDGE ( 'NONE', *, *, #1560, .F. ) ;
#7395 = PRESENTATION_LAYER_ASSIGNMENT (  '', '', ( #7734 ) ) ;
#7396 = CARTESIAN_POINT ( 'NONE',  ( 0.3033704733862420122, 0.9867816244480482890, 0.001000000000003873225 ) ) ;
#7397 = DIRECTION ( 'NONE',  ( -1.000000000000000000, 5.221340210712169984E-31, -1.495451272393799296E-16 ) ) ;
#7398 = VERTEX_POINT ( 'NONE', #861 ) ;
#7399 = FACE_OUTER_BOUND ( 'NONE', #844, .T. ) ;
#7400 = FILL_AREA_STYLE_COLOUR ( '', #4908 ) ;
#7401 = ORIENTED_EDGE ( 'NONE', *, *, #583, .T. ) ;
#7402 = AXIS2_PLACEMENT_3D ( 'NONE', #4721, #8671, #1207 ) ;
#7403 = LINE ( 'NONE', #7575, #6956 ) ;
#7404 = COLOUR_RGB ( '',0.7764705882352941346, 0.7568627450980391913, 0.7372549019607843590 ) ;
#7405 = DIRECTION ( 'NONE',  ( 1.000000000000000000, -5.221340210712169984E-31, 1.495451272393799296E-16 ) ) ;
#7406 = CARTESIAN_POINT ( 'NONE',  ( -2.899999999999999911, 0.9785943035390829436, 0.01100000000000389902 ) ) ;
#7407 = ORIENTED_EDGE ( 'NONE', *, *, #343, .F. ) ;
#7408 = AXIS2_PLACEMENT_3D ( 'NONE', #6346, #3930, #7710 ) ;
#7409 = DIRECTION ( 'NONE',  ( 1.495451272393799296E-16, 3.491481338843133355E-15, -1.000000000000000000 ) ) ;
#7410 = CARTESIAN_POINT ( 'NONE',  ( 0.2800634872622634886, 0.9556663288180556881, 0.001000000000003873225 ) ) ;
#7411 = SURFACE_SIDE_STYLE ('',( #8076 ) ) ;
#7412 = CARTESIAN_POINT ( 'NONE',  ( -2.899999999999999911, 2.901710678118663456, 0.4010000000000110143 ) ) ;
#7413 = ORIENTED_EDGE ( 'NONE', *, *, #6438, .T. ) ;
#7414 = LINE ( 'NONE', #2152, #5442 ) ;
#7415 = DIRECTION ( 'NONE',  ( 0.0000000000000000000, 3.491481338843133355E-15, -1.000000000000000000 ) ) ;
#7416 = STYLED_ITEM ( 'NONE', ( #471 ), #5580 ) ;
#7417 = EDGE_CURVE ( 'NONE', #2752, #2389, #467, .T. ) ;
#7418 = CARTESIAN_POINT ( 'NONE',  ( 0.1582768846826411169, 0.9542040596366438976, 0.01100000000000389902 ) ) ;
#7419 = LINE ( 'NONE', #545, #9188 ) ;
#7420 = CARTESIAN_POINT ( 'NONE',  ( 0.05583786029239720672, -0.7589999999999896829, 0.01099999999999782749 ) ) ;
#7421 = DIRECTION ( 'NONE',  ( 0.0000000000000000000, 3.491481338843133355E-15, -1.000000000000000000 ) ) ;
#7422 = ADVANCED_FACE ( 'NONE', ( #9371 ), #9178, .T. ) ;
#7423 =( GEOMETRIC_REPRESENTATION_CONTEXT ( 3 ) GLOBAL_UNCERTAINTY_ASSIGNED_CONTEXT ( ( #8610 ) ) GLOBAL_UNIT_ASSIGNED_CONTEXT ( ( #8021, #6398, #9451 ) ) REPRESENTATION_CONTEXT ( 'NONE', 'WORKASPACE' ) );
#7424 = ORIENTED_EDGE ( 'NONE', *, *, #3962, .F. ) ;
#7425 = UNCERTAINTY_MEASURE_WITH_UNIT (LENGTH_MEASURE( 1.000000000000000082E-05 ), #6386, 'distance_accuracy_value', 'NONE');
#7426 = B_SPLINE_CURVE_WITH_KNOTS ( 'NONE', 3,
 ( #5775, #6535, #1324, #8683, #9537, #539, #7208, #8078, #572, #8813, #9473, #5804, #6506, #2046, #8014, #4336, #9572, #1217, #8735 ),
 .UNSPECIFIED., .F., .F.,
 ( 4, 1, 1, 1, 1, 1, 1, 1, 1, 1, 1, 1, 1, 1, 1, 1, 4 ),
 ( 0.0000000000000000000, 0.07377411937406366804, 0.1440791147260407912, 0.2113485183089132413, 0.2760768857398834819, 0.3385209158196750279, 0.3998851166931320922, 0.4602540674652123021, 0.5205889643912471332, 0.5802076845630435020, 0.6386329085525448424, 0.6963645494905229549, 0.7540017746600130577, 0.8128056813744977127, 0.8727544255255600403, 0.9351819969782672048, 1.000000000000000000 ),
 .UNSPECIFIED. ) ;
#7427 = CARTESIAN_POINT ( 'NONE',  ( -0.01504492206096092778, 1.154950752037733341, 0.01100000000000433270 ) ) ;
#7428 = DIRECTION ( 'NONE',  ( 0.0000000000000000000, 1.000000000000000000, 3.491481338843133355E-15 ) ) ;
#7429 = PLANE ( 'NONE',  #1656 ) ;
#7430 = DIRECTION ( 'NONE',  ( 0.0000000000000000000, 1.000000000000000000, 3.491481338843133355E-15 ) ) ;
#7431 = SURFACE_STYLE_FILL_AREA ( #5923 ) ;
#7432 = EDGE_CURVE ( 'NONE', #1999, #8106, #5855, .T. ) ;
#7433 = UNCERTAINTY_MEASURE_WITH_UNIT (LENGTH_MEASURE( 1.000000000000000082E-05 ), #6477, 'distance_accuracy_value', 'NONE');
#7434 = PRESENTATION_LAYER_ASSIGNMENT (  '', '', ( #247 ) ) ;
#7435 = DIRECTION ( 'NONE',  ( 0.0000000000000000000, 1.000000000000000000, 3.491481338843133355E-15 ) ) ;
#7436 = FACE_OUTER_BOUND ( 'NONE', #8526, .T. ) ;
#7437 = ORIENTED_EDGE ( 'NONE', *, *, #7124, .T. ) ;
#7438 = FACE_OUTER_BOUND ( 'NONE', #132, .T. ) ;
#7439 = ADVANCED_FACE ( 'NONE', ( #1389 ), #1563, .T. ) ;
#7440 = SURFACE_STYLE_FILL_AREA ( #2786 ) ;
#7441 = CARTESIAN_POINT ( 'NONE',  ( 0.3175795056410232187, 0.9689811057798201066, 0.01100000000000389902 ) ) ;
#7442 = CARTESIAN_POINT ( 'NONE',  ( -0.2514792128783345238, -0.7589999999999896829, 0.01099999999999782749 ) ) ;
#7443 = AXIS2_PLACEMENT_3D ( 'NONE', #7726, #3229, #3978 ) ;
#7444 = SURFACE_SIDE_STYLE ('',( #1552 ) ) ;
#7445 = DIRECTION ( 'NONE',  ( -0.9954525582338367151, -0.09525861801280717522, -1.837286076738572362E-16 ) ) ;
#7446 =( NAMED_UNIT ( * ) PLANE_ANGLE_UNIT ( ) SI_UNIT ( $, .RADIAN. ) );
#7447 = CARTESIAN_POINT ( 'NONE',  ( 0.4533988359021531855, 0.9542040596366438976, 0.001000000000003873225 ) ) ;
#7448 = ORIENTED_EDGE ( 'NONE', *, *, #5354, .F. ) ;
#7449 = FACE_OUTER_BOUND ( 'NONE', #2118, .T. ) ;
#7450 = VECTOR ( 'NONE', #6611, 1000.000000000000000 ) ;
#7451 = SURFACE_SIDE_STYLE ('',( #3814 ) ) ;
#7452 =( NAMED_UNIT ( * ) SI_UNIT ( $, .STERADIAN. ) SOLID_ANGLE_UNIT ( ) );
#7453 = DIRECTION ( 'NONE',  ( 0.0000000000000000000, -1.000000000000000000, -3.491481338843133355E-15 ) ) ;
#7454 = VECTOR ( 'NONE', #205, 1000.000000000000000 ) ;
#7455 = CARTESIAN_POINT ( 'NONE',  ( -4.147487373415290612, 0.9017106781186627895, 0.4570660171779857839 ) ) ;
#7456 = DIRECTION ( 'NONE',  ( 0.0000000000000000000, 1.000000000000000000, 3.491481338843133355E-15 ) ) ;
#7457 = SURFACE_STYLE_USAGE ( .BOTH. , #8190 ) ;
#7458 = STYLED_ITEM ( 'NONE', ( #5594 ), #138 ) ;
#7459 = CARTESIAN_POINT ( 'NONE',  ( 1.299999999999999378, 3.331000000000007955, 0.6010000000000123022 ) ) ;
#7460 = UNCERTAINTY_MEASURE_WITH_UNIT (LENGTH_MEASURE( 1.000000000000000082E-05 ), #5520, 'distance_accuracy_value', 'NONE');
#7461 = FACE_OUTER_BOUND ( 'NONE', #9684, .T. ) ;
#7462 = UNCERTAINTY_MEASURE_WITH_UNIT (LENGTH_MEASURE( 1.000000000000000082E-05 ), #4358, 'distance_accuracy_value', 'NONE');
#7463 = CARTESIAN_POINT ( 'NONE',  ( 0.08266712858507989370, -0.7589999999999896829, 0.01099999999999782749 ) ) ;
#7464 = ORIENTED_EDGE ( 'NONE', *, *, #1453, .T. ) ;
#7465 =( NAMED_UNIT ( * ) SI_UNIT ( $, .STERADIAN. ) SOLID_ANGLE_UNIT ( ) );
#7466 =( NAMED_UNIT ( * ) SI_UNIT ( $, .STERADIAN. ) SOLID_ANGLE_UNIT ( ) );
#7467 = ORIENTED_EDGE ( 'NONE', *, *, #3593, .T. ) ;
#7468 = DIRECTION ( 'NONE',  ( 1.000000000000000000, 0.0000000000000000000, -0.0000000000000000000 ) ) ;
#7469 =( NAMED_UNIT ( * ) PLANE_ANGLE_UNIT ( ) SI_UNIT ( $, .RADIAN. ) );
#7471 = AXIS2_PLACEMENT_3D ( 'NONE', #7915, #1128, #4175 ) ;
#7470 = COLOUR_RGB ( '',0.7764705882352941346, 0.7568627450980391913, 0.7372549019607843590 ) ;
#7472 = EDGE_CURVE ( 'NONE', #8984, #6565, #2296, .T. ) ;
#7473 = SURFACE_STYLE_FILL_AREA ( #1906 ) ;
#7474 = VERTEX_POINT ( 'NONE', #3836 ) ;
#7475 = LINE ( 'NONE', #5003, #3982 ) ;
#7476 = CARTESIAN_POINT ( 'NONE',  ( 0.01681347004849466364, 0.9596918645146920168, 0.001000000000003873225 ) ) ;
#7477 = CARTESIAN_POINT ( 'NONE',  ( -1.799999999999999822, -4.686157287525385406, 4.400999999999984702 ) ) ;
#7478 = LINE ( 'NONE', #1546, #7241 ) ;
#7479 = VECTOR ( 'NONE', #571, 1000.000000000000000 ) ;
#7480 = FILL_AREA_STYLE ('',( #2988 ) ) ;
#7481 = ADVANCED_FACE ( 'NONE', ( #363 ), #192, .F. ) ;
#7482 = DIRECTION ( 'NONE',  ( -0.0000000000000000000, 1.000000000000000000, 3.491481338843133355E-15 ) ) ;
#7483 = CARTESIAN_POINT ( 'NONE',  ( 0.3361327146973694946, 1.043241709306693465, 0.01100000000000433270 ) ) ;
#7484 = CARTESIAN_POINT ( 'NONE',  ( 0.0000000000000000000, -4.769000000000000128, 2.900999999999984258 ) ) ;
#7485 = EDGE_CURVE ( 'NONE', #1522, #7062, #7363, .T. ) ;
#7486 = PRESENTATION_LAYER_ASSIGNMENT (  '', '', ( #6176 ) ) ;
#7487 = EDGE_CURVE ( 'NONE', #7521, #2701, #5512, .T. ) ;
#7488 = PRESENTATION_STYLE_ASSIGNMENT (( #7120 ) ) ;
#7489 = FACE_OUTER_BOUND ( 'NONE', #8227, .T. ) ;
#7490 = ORIENTED_EDGE ( 'NONE', *, *, #2942, .F. ) ;
#7491 = MECHANICAL_DESIGN_GEOMETRIC_PRESENTATION_REPRESENTATION (  '', ( #6999 ), #9503 ) ;
#7492 = DIRECTION ( 'NONE',  ( 0.0000000000000000000, 1.000000000000000000, 3.491481338843133355E-15 ) ) ;
#7493 = EDGE_LOOP ( 'NONE', ( #4981, #6361, #9734, #2422 ) ) ;
#7494 =( NAMED_UNIT ( * ) SI_UNIT ( $, .STERADIAN. ) SOLID_ANGLE_UNIT ( ) );
#7495 = ADVANCED_FACE ( 'NONE', ( #1845 ), #223, .F. ) ;
#7496 = VECTOR ( 'NONE', #2829, 1000.000000000000114 ) ;
#7497 = EDGE_CURVE ( 'NONE', #2743, #5420, #8761, .T. ) ;
#7498 = LINE ( 'NONE', #1801, #5515 ) ;
#7499 = CARTESIAN_POINT ( 'NONE',  ( 1.600000000000000533, -1.769000000000003237, 3.900999999999994916 ) ) ;
#7500 = COLOUR_RGB ( '',0.1098039215686274495, 0.1098039215686274495, 0.1098039215686274495 ) ;
#7501 = EDGE_LOOP ( 'NONE', ( #8159, #8068, #3257, #8110 ) ) ;
#7502 = EDGE_CURVE ( 'NONE', #7948, #6766, #6561, .T. ) ;
#7503 =( GEOMETRIC_REPRESENTATION_CONTEXT ( 3 ) GLOBAL_UNCERTAINTY_ASSIGNED_CONTEXT ( ( #7462 ) ) GLOBAL_UNIT_ASSIGNED_CONTEXT ( ( #4358, #5176, #7452 ) ) REPRESENTATION_CONTEXT ( 'NONE', 'WORKASPACE' ) );
#7504 = DIRECTION ( 'NONE',  ( 1.000000000000000000, 0.0000000000000000000, 0.0000000000000000000 ) ) ;
#7505 = ORIENTED_EDGE ( 'NONE', *, *, #6935, .F. ) ;
#7506 = CARTESIAN_POINT ( 'NONE',  ( 1.299999999999999378, 3.331000000000007955, 0.6010000000000123022 ) ) ;
#7507 = DIRECTION ( 'NONE',  ( -1.000000000000000000, 2.465190328815661892E-32, 8.607166029756451331E-47 ) ) ;
#7508 = SURFACE_STYLE_USAGE ( .BOTH. , #727 ) ;
#7509 = ORIENTED_EDGE ( 'NONE', *, *, #421, .F. ) ;
#7510 = PRESENTATION_LAYER_ASSIGNMENT (  '', '', ( #3311 ) ) ;
#7511 = CARTESIAN_POINT ( 'NONE',  ( 0.2827489765482774642, 0.9786826004574413762, 0.001000000000003873225 ) ) ;
#7512 = ORIENTED_EDGE ( 'NONE', *, *, #9549, .T. ) ;
#7513 = ORIENTED_EDGE ( 'NONE', *, *, #9623, .T. ) ;
#7514 = ORIENTED_EDGE ( 'NONE', *, *, #6795, .F. ) ;
#7515 = VECTOR ( 'NONE', #2513, 1000.000000000000000 ) ;
#7516 =( LENGTH_UNIT ( ) NAMED_UNIT ( * ) SI_UNIT ( .MILLI., .METRE. ) );
#7517 = CARTESIAN_POINT ( 'NONE',  ( -2.900000000000000799, -0.7590000000000105551, 5.800999999999997492 ) ) ;
#7518 =( NAMED_UNIT ( * ) PLANE_ANGLE_UNIT ( ) SI_UNIT ( $, .RADIAN. ) );
#7519 =( LENGTH_UNIT ( ) NAMED_UNIT ( * ) SI_UNIT ( .MILLI., .METRE. ) );
#7520 = ORIENTED_EDGE ( 'NONE', *, *, #5596, .T. ) ;
#7521 = VERTEX_POINT ( 'NONE', #6962 ) ;
#7522 = SURFACE_STYLE_FILL_AREA ( #2125 ) ;
#7523 = CARTESIAN_POINT ( 'NONE',  ( 0.4688524073505806466, 0.9899992245749832387, 0.001000000000003873225 ) ) ;
#7524 = DIRECTION ( 'NONE',  ( -1.532000111646839560E-16, 3.491481338843133355E-15, -1.000000000000000000 ) ) ;
#7525 = DIRECTION ( 'NONE',  ( -8.673617379884042375E-16, -3.491481338843133355E-15, 1.000000000000000000 ) ) ;
#7526 = SURFACE_STYLE_USAGE ( .BOTH. , #5959 ) ;
#7527 = VERTEX_POINT ( 'NONE', #5583 ) ;
#7528 = DIRECTION ( 'NONE',  ( 0.0000000000000000000, -3.491481338843133355E-15, 1.000000000000000000 ) ) ;
#7529 = CARTESIAN_POINT ( 'NONE',  ( -2.899999999999999911, 2.901710678118662567, 0.6010000000000110809 ) ) ;
#7530 = LINE ( 'NONE', #8050, #4728 ) ;
#7531 = AXIS2_PLACEMENT_3D ( 'NONE', #8592, #7084, #3345 ) ;
#7532 = ORIENTED_EDGE ( 'NONE', *, *, #7111, .T. ) ;
#7533 = ADVANCED_FACE ( 'NONE', ( #4556 ), #4001, .T. ) ;
#7534 = PRESENTATION_LAYER_ASSIGNMENT (  '', '', ( #3331 ) ) ;
#7535 = EDGE_CURVE ( 'NONE', #3966, #1189, #6213, .T. ) ;
#7536 = COLOUR_RGB ( '',0.1098039215686274495, 0.1098039215686274495, 0.1098039215686274495 ) ;
#7537 = ORIENTED_EDGE ( 'NONE', *, *, #1638, .F. ) ;
#7538 = CARTESIAN_POINT ( 'NONE',  ( -0.2514792128783346348, 0.9542040596366438976, 0.001000000000003873225 ) ) ;
#7539 = CARTESIAN_POINT ( 'NONE',  ( -0.08802039040033915462, 0.9680553751334475265, 0.01100000000000389902 ) ) ;
#7540 = CARTESIAN_POINT ( 'NONE',  ( 0.3311185127131069938, 1.019088363344296866, 0.01100000000000389902 ) ) ;
#7541 = EDGE_LOOP ( 'NONE', ( #8924, #2055, #5215, #3045 ) ) ;
#7542 = EDGE_CURVE ( 'NONE', #7360, #2797, #4801, .T. ) ;
#7543 = ADVANCED_FACE ( 'NONE', ( #6778 ), #1349, .T. ) ;
#7544 = MECHANICAL_DESIGN_GEOMETRIC_PRESENTATION_REPRESENTATION (  '', ( #5225 ), #6427 ) ;
#7545 = EDGE_CURVE ( 'NONE', #4957, #1068, #5965, .T. ) ;
#7546 = CARTESIAN_POINT ( 'NONE',  ( 2.800000000000000266, -0.7589999999999966773, 1.900999999999998025 ) ) ;
#7547 = CARTESIAN_POINT ( 'NONE',  ( -3.558578643762690508, 2.901710678118663456, 0.4010000000000110143 ) ) ;
#7548 = CARTESIAN_POINT ( 'NONE',  ( 0.3149626772449586887, 0.9951481318363789574, 0.01100000000000389902 ) ) ;
#7549 = DIRECTION ( 'NONE',  ( -1.000000000000000000, -0.0000000000000000000, 0.0000000000000000000 ) ) ;
#7550 = DIRECTION ( 'NONE',  ( -0.0000000000000000000, 1.000000000000000000, 3.491481338843133355E-15 ) ) ;
#7551 = DIRECTION ( 'NONE',  ( -1.243117742458889624E-31, 1.000000000000000000, 2.840960035351830695E-15 ) ) ;
#7552 = AXIS2_PLACEMENT_3D ( 'NONE', #8183, #1384, #621 ) ;
#7553 =( LENGTH_UNIT ( ) NAMED_UNIT ( * ) SI_UNIT ( .MILLI., .METRE. ) );
#7554 = EDGE_LOOP ( 'NONE', ( #1867, #2938, #3530, #2517, #5281, #1083, #1249, #1790 ) ) ;
#7555 = UNCERTAINTY_MEASURE_WITH_UNIT (LENGTH_MEASURE( 1.000000000000000082E-05 ), #6172, 'distance_accuracy_value', 'NONE');
#7556 = CARTESIAN_POINT ( 'NONE',  ( -2.700000000000000622, -0.7590000000000096669, 5.600999999999997314 ) ) ;
#7557 = CARTESIAN_POINT ( 'NONE',  ( -0.1317821831727490900, 1.068693577961060903, 0.01100000000000433270 ) ) ;
#7558 = FACE_OUTER_BOUND ( 'NONE', #63, .T. ) ;
#7559 = VECTOR ( 'NONE', #3240, 1000.000000000000000 ) ;
#7560 = PRESENTATION_LAYER_ASSIGNMENT (  '', '', ( #1350 ) ) ;
#7561 = FACE_OUTER_BOUND ( 'NONE', #9576, .T. ) ;
#7562 = CARTESIAN_POINT ( 'NONE',  ( -0.6999999999999999556, 3.331000000000007955, 0.6010000000000131903 ) ) ;
#7563 = ORIENTED_EDGE ( 'NONE', *, *, #8669, .T. ) ;
#7564 = VECTOR ( 'NONE', #5710, 1000.000000000000000 ) ;
#7565 = CARTESIAN_POINT ( 'NONE',  ( -3.799999999999996714, 2.901710678118663900, 0.2010000000000113363 ) ) ;
#7566 = CARTESIAN_POINT ( 'NONE',  ( -0.04095061655091503799, 0.9520139555247633112, 0.01100000000000389902 ) ) ;
#7567 = SURFACE_STYLE_FILL_AREA ( #2505 ) ;
#7568 = LINE ( 'NONE', #68, #6995 ) ;
#7569 = CARTESIAN_POINT ( 'NONE',  ( -0.1490401884880906969, 1.154204059636644075, 0.001000000000004306906 ) ) ;
#7570 = AXIS2_PLACEMENT_3D ( 'NONE', #3908, #6113, #5325 ) ;
#7571 = VECTOR ( 'NONE', #9118, 1000.000000000000000 ) ;
#7572 = VECTOR ( 'NONE', #1406, 1000.000000000000000 ) ;
#7573 = VECTOR ( 'NONE', #211, 1000.000000000000000 ) ;
#7574 =( GEOMETRIC_REPRESENTATION_CONTEXT ( 3 ) GLOBAL_UNCERTAINTY_ASSIGNED_CONTEXT ( ( #6087 ) ) GLOBAL_UNIT_ASSIGNED_CONTEXT ( ( #3745, #2114, #8978 ) ) REPRESENTATION_CONTEXT ( 'NONE', 'WORKASPACE' ) );
#7575 = CARTESIAN_POINT ( 'NONE',  ( -3.529289321881345032, 2.901710678118662123, 0.7131320343559757191 ) ) ;
#7576 = VECTOR ( 'NONE', #1241, 1000.000000000000000 ) ;
#7577 = DIRECTION ( 'NONE',  ( 0.0000000000000000000, 1.000000000000000000, 3.491481338843133355E-15 ) ) ;
#7578 = CARTESIAN_POINT ( 'NONE',  ( -0.1040413530463693004, 1.073308956660573132, 0.01100000000000433270 ) ) ;
#7579 = CARTESIAN_POINT ( 'NONE',  ( 0.2900463511041491138, 0.9807911111707410257, 0.01100000000000389902 ) ) ;
#7580 = CARTESIAN_POINT ( 'NONE',  ( -0.02791299425352328223, 0.9737481628778622555, 0.01100000000000389902 ) ) ;
#7581 = ORIENTED_EDGE ( 'NONE', *, *, #2365, .T. ) ;
#7582 = ORIENTED_EDGE ( 'NONE', *, *, #3391, .T. ) ;
#7583 = COLOUR_RGB ( '',0.7764705882352941346, 0.7568627450980391913, 0.7372549019607843590 ) ;
#7584 = UNCERTAINTY_MEASURE_WITH_UNIT (LENGTH_MEASURE( 1.000000000000000082E-05 ), #2327, 'distance_accuracy_value', 'NONE');
#7585 = FACE_OUTER_BOUND ( 'NONE', #8261, .T. ) ;
#7586 = SURFACE_SIDE_STYLE ('',( #9328 ) ) ;
#7587 = DIRECTION ( 'NONE',  ( -0.09525861801280718910, 0.9954525582338367151, 3.475604030777098573E-15 ) ) ;
#7588 = CARTESIAN_POINT ( 'NONE',  ( -0.07892766426524076839, 0.9907528318866556383, 0.01100000000000389902 ) ) ;
#7589 = UNCERTAINTY_MEASURE_WITH_UNIT (LENGTH_MEASURE( 1.000000000000000082E-05 ), #9167, 'distance_accuracy_value', 'NONE');
#7590 = DIRECTION ( 'NONE',  ( 1.000000000000000000, 0.0000000000000000000, 0.0000000000000000000 ) ) ;
#7591 = ADVANCED_FACE ( 'NONE', ( #6551 ), #7309, .F. ) ;
#7592 =( GEOMETRIC_REPRESENTATION_CONTEXT ( 3 ) GLOBAL_UNCERTAINTY_ASSIGNED_CONTEXT ( ( #4232 ) ) GLOBAL_UNIT_ASSIGNED_CONTEXT ( ( #1555, #8359, #5379 ) ) REPRESENTATION_CONTEXT ( 'NONE', 'WORKASPACE' ) );
#7593 = CARTESIAN_POINT ( 'NONE',  ( -0.1257737216638940836, 1.098122238743174606, 0.01100000000000433270 ) ) ;
#7594 = ORIENTED_EDGE ( 'NONE', *, *, #9236, .T. ) ;
#7595 = ORIENTED_EDGE ( 'NONE', *, *, #6775, .T. ) ;
#7596 = EDGE_CURVE ( 'NONE', #6242, #5955, #1262, .T. ) ;
#7597 = COLOUR_RGB ( '',0.1098039215686274495, 0.1098039215686274495, 0.1098039215686274495 ) ;
#7598 =( NAMED_UNIT ( * ) SI_UNIT ( $, .STERADIAN. ) SOLID_ANGLE_UNIT ( ) );
#7599 = MECHANICAL_DESIGN_GEOMETRIC_PRESENTATION_REPRESENTATION (  '', ( #6162 ), #2413 ) ;
#7600 = CARTESIAN_POINT ( 'NONE',  ( 0.4668621507123879577, 0.9801317783332814670, 0.01100000000000389902 ) ) ;
#7601 = ORIENTED_EDGE ( 'NONE', *, *, #6785, .T. ) ;
#7602 = ORIENTED_EDGE ( 'NONE', *, *, #6492, .F. ) ;
#7603 = VERTEX_POINT ( 'NONE', #7240 ) ;
#7604 = CARTESIAN_POINT ( 'NONE',  ( 0.2669106335613573577, 0.9763282263144991147, 0.001000000000003873225 ) ) ;
#7605 = STYLED_ITEM ( 'NONE', ( #4022 ), #3789 ) ;
#7606 = EDGE_CURVE ( 'NONE', #380, #8207, #2284, .T. ) ;
#7607 = SURFACE_STYLE_FILL_AREA ( #8205 ) ;
#7608 = VECTOR ( 'NONE', #708, 1000.000000000000000 ) ;
#7609 = SURFACE_STYLE_USAGE ( .BOTH. , #1605 ) ;
#7610 = LINE ( 'NONE', #6770, #9606 ) ;
#7611 = EDGE_LOOP ( 'NONE', ( #7047, #4154, #1941, #9068 ) ) ;
#7612 = EDGE_LOOP ( 'NONE', ( #9032, #2087, #9, #8046 ) ) ;
#7613 = CARTESIAN_POINT ( 'NONE',  ( 3.799999999999996714, 0.9017106781186636777, 0.2010000000000039533 ) ) ;
#7614 = CARTESIAN_POINT ( 'NONE',  ( 3.641421356237309226, 0.3017106781186625342, 0.6010000000000019771 ) ) ;
#7615 = MECHANICAL_DESIGN_GEOMETRIC_PRESENTATION_REPRESENTATION (  '', ( #1391 ), #3912 ) ;
#7616 = EDGE_CURVE ( 'NONE', #2057, #9408, #5500, .T. ) ;
#7617 = ORIENTED_EDGE ( 'NONE', *, *, #5498, .F. ) ;
#7618 = LINE ( 'NONE', #8160, #9374 ) ;
#7619 = ORIENTED_EDGE ( 'NONE', *, *, #166, .F. ) ;
#7620 = ORIENTED_EDGE ( 'NONE', *, *, #2807, .F. ) ;
#7621 = VERTEX_POINT ( 'NONE', #1370 ) ;
#7622 = CARTESIAN_POINT ( 'NONE',  ( 0.3204292812935306545, 1.105760135082390461, 0.001000000000004306906 ) ) ;
#7623 = STYLED_ITEM ( 'NONE', ( #5758 ), #5184 ) ;
#7624 = CARTESIAN_POINT ( 'NONE',  ( 1.299999999999999378, 4.072421356237318157, 0.6010000000000149667 ) ) ;
#7625 = ORIENTED_EDGE ( 'NONE', *, *, #5675, .T. ) ;
#7626 = SURFACE_STYLE_USAGE ( .BOTH. , #6708 ) ;
#7627 = EDGE_CURVE ( 'NONE', #793, #5191, #7702, .T. ) ;
#7628 = ORIENTED_EDGE ( 'NONE', *, *, #589, .F. ) ;
#7629 = STYLED_ITEM ( 'NONE', ( #6957 ), #6697 ) ;
#7630 = VERTEX_POINT ( 'NONE', #8774 ) ;
#7631 = ORIENTED_EDGE ( 'NONE', *, *, #644, .T. ) ;
#7632 = PRODUCT ( 'SW-SMD_XKB5858-W-F-75', 'SW-SMD_XKB5858-W-F-75', '', ( #9305 ) ) ;
#7633 = DIRECTION ( 'NONE',  ( -2.465190328815661892E-32, -1.000000000000000000, -3.491481338843133355E-15 ) ) ;
#7634 = DIRECTION ( 'NONE',  ( 0.0000000000000000000, 1.000000000000000000, 3.491481338843133355E-15 ) ) ;
#7635 = PLANE ( 'NONE',  #5468 ) ;
#7636 = LINE ( 'NONE', #3603, #5767 ) ;
#7637 = AXIS2_PLACEMENT_3D ( 'NONE', #6216, #5584, #261 ) ;
#7638 = CARTESIAN_POINT ( 'NONE',  ( 0.3033704733862420122, 0.9867816244480482890, 0.001000000000003873225 ) ) ;
#7639 = PRESENTATION_STYLE_ASSIGNMENT (( #1142 ) ) ;
#7640 = ORIENTED_EDGE ( 'NONE', *, *, #5668, .T. ) ;
#7641 = ADVANCED_FACE ( 'NONE', ( #3960 ), #8875, .T. ) ;
#7642 = CIRCLE ( 'NONE', #4313, 0.2000000000000000944 ) ;
#7643 = COLOUR_RGB ( '',0.7764705882352941346, 0.7568627450980391913, 0.7372549019607843590 ) ;
#7644 = DIRECTION ( 'NONE',  ( 0.0000000000000000000, -1.000000000000000000, -3.491481338843133355E-15 ) ) ;
#7645 = CARTESIAN_POINT ( 'NONE',  ( 2.899999999999999023, -0.7590000000000105551, 5.800999999999997492 ) ) ;
#7646 = ORIENTED_EDGE ( 'NONE', *, *, #3846, .F. ) ;
#7647 = LINE ( 'NONE', #8499, #6259 ) ;
#7648 = CARTESIAN_POINT ( 'NONE',  ( -0.01146997611436399028, 0.9754227964289593489, 0.01100000000000389902 ) ) ;
#7649 = UNCERTAINTY_MEASURE_WITH_UNIT (LENGTH_MEASURE( 1.000000000000000082E-05 ), #5501, 'distance_accuracy_value', 'NONE');
#7650 = CARTESIAN_POINT ( 'NONE',  ( 3.799999999999996714, 2.301710678118663811, 0.2010000000000091713 ) ) ;
#7651 = EDGE_LOOP ( 'NONE', ( #4373, #568, #1100, #2485 ) ) ;
#7652 = PRESENTATION_LAYER_ASSIGNMENT (  '', '', ( #2224 ) ) ;
#7653 = ORIENTED_EDGE ( 'NONE', *, *, #9040, .F. ) ;
#7654 = DIRECTION ( 'NONE',  ( 0.0000000000000000000, 1.000000000000000000, 3.491481338843133355E-15 ) ) ;
#7655 = DIRECTION ( 'NONE',  ( -1.000000000000000000, -0.0000000000000000000, 0.0000000000000000000 ) ) ;
#7656 = FILL_AREA_STYLE ('',( #903 ) ) ;
#7657 = FILL_AREA_STYLE_COLOUR ( '', #8632 ) ;
#7658 = FACE_OUTER_BOUND ( 'NONE', #5805, .T. ) ;
#7659 = CARTESIAN_POINT ( 'NONE',  ( -0.1305143557127103060, 1.079040672338170692, 0.001000000000004306906 ) ) ;
#7660 = LINE ( 'NONE', #7000, #6502 ) ;
#7661 = ORIENTED_EDGE ( 'NONE', *, *, #2302, .F. ) ;
#7662 = STYLED_ITEM ( 'NONE', ( #9730 ), #7985 ) ;
#7663 = LINE ( 'NONE', #3150, #4389 ) ;
#7664 = EDGE_LOOP ( 'NONE', ( #1510, #9399, #8134, #7625 ) ) ;
#7665 = EDGE_CURVE ( 'NONE', #6198, #9125, #9472, .T. ) ;
#7666 = VECTOR ( 'NONE', #2020, 1000.000000000000000 ) ;
#7667 = CARTESIAN_POINT ( 'NONE',  ( -2.899999999999999911, 3.331000000000009731, 0.001000000000012113161 ) ) ;
#7668 = PLANE ( 'NONE',  #6030 ) ;
#7669 = CARTESIAN_POINT ( 'NONE',  ( -2.900000000000000799, -1.569000000000010386, 5.800999999999995715 ) ) ;
#7670 = FACE_OUTER_BOUND ( 'NONE', #2065, .T. ) ;
#7671 = B_SPLINE_SURFACE_WITH_KNOTS ( 'NONE', 3, 1, ( 
 ( #6064, #5347 ),
 ( #4650, #911 ),
 ( #4551, #69 ),
 ( #949, #3177 ),
 ( #2254, #849 ),
 ( #9034, #8423 ),
 ( #3924, #9464 ),
 ( #1049, #344 ),
 ( #1690, #6280 ),
 ( #497, #2454 ),
 ( #5472, #7042 ) ),
 .UNSPECIFIED., .F., .F., .F.,
 ( 4, 1, 1, 1, 1, 1, 1, 1, 4 ),
 ( 2, 2 ),
 ( 0.0000000000000000000, 0.1451868664724690616, 0.2834426109197292210, 0.4165243659288278000, 0.5431811235350814115, 0.6651530826377132222, 0.7813602063127137454, 0.8927566556418080612, 1.000000000000000000 ),
 ( 0.0000000000000000000, 1.000000000000000000 ),
 .UNSPECIFIED. ) ;
#7672 = ORIENTED_EDGE ( 'NONE', *, *, #6947, .F. ) ;
#7673 = EDGE_CURVE ( 'NONE', #9608, #3628, #5267, .T. ) ;
#7674 = STYLED_ITEM ( 'NONE', ( #3182 ), #9597 ) ;
#7675 = EDGE_CURVE ( 'NONE', #6694, #2549, #1037, .T. ) ;
#7676 = PRESENTATION_STYLE_ASSIGNMENT (( #9412 ) ) ;
#7677 = PRESENTATION_STYLE_ASSIGNMENT (( #9669 ) ) ;
#7678 =( NAMED_UNIT ( * ) PLANE_ANGLE_UNIT ( ) SI_UNIT ( $, .RADIAN. ) );
#7679 = DIRECTION ( 'NONE',  ( 0.0000000000000000000, 1.000000000000000000, 3.491481338843133355E-15 ) ) ;
#7680 = ADVANCED_FACE ( 'NONE', ( #6092 ), #4466, .T. ) ;
#7681 = CARTESIAN_POINT ( 'NONE',  ( -0.09030062205260809549, 1.108089146978341821, 0.01100000000000433270 ) ) ;
#7682 = DIRECTION ( 'NONE',  ( 0.0000000000000000000, -1.000000000000000000, -3.491481338843133355E-15 ) ) ;
#7683 = CARTESIAN_POINT ( 'NONE',  ( -0.01753703318240882117, 0.9744594742863974535, 0.01100000000000389902 ) ) ;
#7684 =( GEOMETRIC_REPRESENTATION_CONTEXT ( 3 ) GLOBAL_UNCERTAINTY_ASSIGNED_CONTEXT ( ( #8960 ) ) GLOBAL_UNIT_ASSIGNED_CONTEXT ( ( #436, #9370, #1851 ) ) REPRESENTATION_CONTEXT ( 'NONE', 'WORKASPACE' ) );
#7685 = ORIENTED_EDGE ( 'NONE', *, *, #2814, .T. ) ;
#7686 = EDGE_CURVE ( 'NONE', #9629, #2165, #5386, .T. ) ;
#7687 = PRESENTATION_STYLE_ASSIGNMENT (( #2054 ) ) ;
#7688 = FACE_OUTER_BOUND ( 'NONE', #6701, .T. ) ;
#7689 = LINE ( 'NONE', #3916, #8273 ) ;
#7690 = CARTESIAN_POINT ( 'NONE',  ( 0.2021793237070310389, 0.9542040596366434535, 0.001000000000003873225 ) ) ;
#7691 = EDGE_CURVE ( 'NONE', #9202, #8666, #8089, .T. ) ;
#7692 = FILL_AREA_STYLE ('',( #327 ) ) ;
#7693 =( LENGTH_UNIT ( ) NAMED_UNIT ( * ) SI_UNIT ( .MILLI., .METRE. ) );
#7694 =( LENGTH_UNIT ( ) NAMED_UNIT ( * ) SI_UNIT ( .MILLI., .METRE. ) );
#7695 = ADVANCED_FACE ( 'NONE', ( #1278 ), #45, .F. ) ;
#7696 = CARTESIAN_POINT ( 'NONE',  ( 0.4802281041948360807, 0.9542040596366438976, 0.001000000000003873225 ) ) ;
#7697 = VECTOR ( 'NONE', #4836, 1000.000000000000000 ) ;
#7698 = CARTESIAN_POINT ( 'NONE',  ( 2.699999999999999289, -0.7589999999999896829, 0.0009999999999978016925 ) ) ;
#7699 = COLOUR_RGB ( '',0.7764705882352941346, 0.7568627450980391913, 0.7372549019607843590 ) ;
#7700 = MECHANICAL_DESIGN_GEOMETRIC_PRESENTATION_REPRESENTATION (  '', ( #6202 ), #1170 ) ;
#7701 =( NAMED_UNIT ( * ) SI_UNIT ( $, .STERADIAN. ) SOLID_ANGLE_UNIT ( ) );
#7702 = B_SPLINE_CURVE_WITH_KNOTS ( 'NONE', 3,
 ( #537, #1288, #8732, #6626, #2010, #7277, #8144 ),
 .UNSPECIFIED., .F., .F.,
 ( 4, 1, 1, 1, 4 ),
 ( 0.0000000000000000000, 0.3005411131585171702, 0.5677471464836201243, 0.8000336137370018808, 0.9999999999999998890 ),
 .UNSPECIFIED. ) ;
#7703 = DIRECTION ( 'NONE',  ( 1.000000000000000000, 0.0000000000000000000, 0.0000000000000000000 ) ) ;
#7704 = SURFACE_SIDE_STYLE ('',( #9711 ) ) ;
#7705 = CARTESIAN_POINT ( 'NONE',  ( 2.899999999999999911, 2.901710678118662567, 0.6010000000000110809 ) ) ;
#7706 = UNCERTAINTY_MEASURE_WITH_UNIT (LENGTH_MEASURE( 1.000000000000000082E-05 ), #5381, 'distance_accuracy_value', 'NONE');
#7707 = DIRECTION ( 'NONE',  ( -1.000000000000000000, -0.0000000000000000000, -0.0000000000000000000 ) ) ;
#7708 = DIRECTION ( 'NONE',  ( 0.0000000000000000000, 0.7071067811865489050, -0.7071067811865462405 ) ) ;
#7709 = FACE_OUTER_BOUND ( 'NONE', #1832, .T. ) ;
#7710 = DIRECTION ( 'NONE',  ( 0.0000000000000000000, -1.000000000000000000, -3.491481338843133355E-15 ) ) ;
#7711 = VECTOR ( 'NONE', #9671, 1000.000000000000000 ) ;
#7712 = VERTEX_POINT ( 'NONE', #2230 ) ;
#7713 = ORIENTED_EDGE ( 'NONE', *, *, #9693, .T. ) ;
#7714 = DIRECTION ( 'NONE',  ( -0.0000000000000000000, 3.491481338843133355E-15, -1.000000000000000000 ) ) ;
#7715 = MECHANICAL_DESIGN_GEOMETRIC_PRESENTATION_REPRESENTATION (  '', ( #8093 ), #7574 ) ;
#7716 = CARTESIAN_POINT ( 'NONE',  ( 0.2904838471789368826, 1.127160841048151507, 0.01100000000000433270 ) ) ;
#7717 = ORIENTED_EDGE ( 'NONE', *, *, #4470, .F. ) ;
#7718 = FACE_OUTER_BOUND ( 'NONE', #3726, .T. ) ;
#7719 =( NAMED_UNIT ( * ) SI_UNIT ( $, .STERADIAN. ) SOLID_ANGLE_UNIT ( ) );
#7720 = MECHANICAL_DESIGN_GEOMETRIC_PRESENTATION_REPRESENTATION (  '', ( #4970 ), #501 ) ;
#7721 = FILL_AREA_STYLE ('',( #6329 ) ) ;
#7722 = ORIENTED_EDGE ( 'NONE', *, *, #5170, .F. ) ;
#7723 = ORIENTED_EDGE ( 'NONE', *, *, #1689, .F. ) ;
#7724 = PRESENTATION_LAYER_ASSIGNMENT (  '', '', ( #3006 ) ) ;
#7725 = LINE ( 'NONE', #7980, #3532 ) ;
#7726 = CARTESIAN_POINT ( 'NONE',  ( -0.2246499445856516564, 0.9542040596366438976, 0.001000000000003873225 ) ) ;
#7727 = DIRECTION ( 'NONE',  ( 0.0000000000000000000, -1.000000000000000000, -3.491481338843133355E-15 ) ) ;
#7728 = COLOUR_RGB ( '',0.1098039215686274495, 0.1098039215686274495, 0.1098039215686274495 ) ;
#7729 = CARTESIAN_POINT ( 'NONE',  ( -2.719999999999999751, 3.111000000000004206, 1.421000000000011365 ) ) ;
#7730 = DIRECTION ( 'NONE',  ( 0.0000000000000000000, 1.000000000000000000, 3.491481338843133355E-15 ) ) ;
#7732 = STYLED_ITEM ( 'NONE', ( #4626 ), #3355 ) ;
#7731 = LINE ( 'NONE', #2330, #6214 ) ;
#7733 =( LENGTH_UNIT ( ) NAMED_UNIT ( * ) SI_UNIT ( .MILLI., .METRE. ) );
#7734 = STYLED_ITEM ( 'NONE', ( #59 ), #616 ) ;
#7735 = CARTESIAN_POINT ( 'NONE',  ( -0.09713818363161201563, 1.014974238244390925, 0.01100000000000389902 ) ) ;
#7736 = DIRECTION ( 'NONE',  ( -1.000000000000000000, 0.0000000000000000000, 0.0000000000000000000 ) ) ;
#7737 = FACE_OUTER_BOUND ( 'NONE', #5467, .T. ) ;
#7738 = ORIENTED_EDGE ( 'NONE', *, *, #2706, .T. ) ;
#7739 = EDGE_CURVE ( 'NONE', #5042, #4142, #4089, .T. ) ;
#7740 = DIRECTION ( 'NONE',  ( -1.495451272393799542E-16, -3.491481338843133355E-15, 1.000000000000000000 ) ) ;
#7741 = ORIENTED_EDGE ( 'NONE', *, *, #5707, .F. ) ;
#7742 = STYLED_ITEM ( 'NONE', ( #7677 ), #8943 ) ;
#7743 = LINE ( 'NONE', #5087, #3739 ) ;
#7744 = VECTOR ( 'NONE', #7999, 1000.000000000000000 ) ;
#7745 = PRESENTATION_STYLE_ASSIGNMENT (( #7790 ) ) ;
#7746 = ORIENTED_EDGE ( 'NONE', *, *, #2483, .F. ) ;
#7747 = SURFACE_SIDE_STYLE ('',( #3647 ) ) ;
#7748 = EDGE_LOOP ( 'NONE', ( #5401, #9642, #3490, #3059 ) ) ;
#7749 = PRESENTATION_LAYER_ASSIGNMENT (  '', '', ( #4410 ) ) ;
#7750 = VERTEX_POINT ( 'NONE', #2901 ) ;
#7751 = ADVANCED_FACE ( 'NONE', ( #9006 ), #5192, .T. ) ;
#7752 = EDGE_LOOP ( 'NONE', ( #8581, #22, #5195, #4833 ) ) ;
#7753 = VECTOR ( 'NONE', #7785, 1000.000000000000000 ) ;
#7754 = CARTESIAN_POINT ( 'NONE',  ( -2.899999999999999911, -0.7589999999999896829, 0.0009999999999978016925 ) ) ;
#7755 = DIRECTION ( 'NONE',  ( 1.000000000000000000, -5.047295537021763909E-31, 1.445602896647339163E-16 ) ) ;
#7756 = ORIENTED_EDGE ( 'NONE', *, *, #2553, .F. ) ;
#7757 = SURFACE_SIDE_STYLE ('',( #7191 ) ) ;
#7758 = CARTESIAN_POINT ( 'NONE',  ( 0.4328957871216655429, 1.076155279148839128, 0.01100000000000433270 ) ) ;
#7759 = DIRECTION ( 'NONE',  ( 0.0000000000000000000, 1.000000000000000000, 3.491481338843133355E-15 ) ) ;
#7760 = SURFACE_SIDE_STYLE ('',( #1944 ) ) ;
#7761 = ORIENTED_EDGE ( 'NONE', *, *, #5798, .T. ) ;
#7762 = ORIENTED_EDGE ( 'NONE', *, *, #8180, .F. ) ;
#7763 = ORIENTED_EDGE ( 'NONE', *, *, #7163, .T. ) ;
#7764 = VECTOR ( 'NONE', #5466, 1000.000000000000000 ) ;
#7765 = SURFACE_STYLE_FILL_AREA ( #5914 ) ;
#7766 = FILL_AREA_STYLE ('',( #5564 ) ) ;
#7767 = FILL_AREA_STYLE ('',( #4679 ) ) ;
#7768 = MECHANICAL_DESIGN_GEOMETRIC_PRESENTATION_REPRESENTATION (  '', ( #7242 ), #7370 ) ;
#7769 = CARTESIAN_POINT ( 'NONE',  ( -4.041421356237307805, 0.9017106781186636777, 0.2010000000000035369 ) ) ;
#7770 = ORIENTED_EDGE ( 'NONE', *, *, #7487, .F. ) ;
#7771 = DIRECTION ( 'NONE',  ( -1.000000000000000000, 0.0000000000000000000, 0.0000000000000000000 ) ) ;
#7772 = CARTESIAN_POINT ( 'NONE',  ( -0.08432855956516036033, 0.9959910393374763471, 0.01100000000000389902 ) ) ;
#7773 = CARTESIAN_POINT ( 'NONE',  ( -2.899999999999999911, 1.331000000000004846, 1.401000000000005574 ) ) ;
#7774 = ORIENTED_EDGE ( 'NONE', *, *, #4649, .F. ) ;
#7775 = AXIS2_PLACEMENT_3D ( 'NONE', #7157, #4078, #4944 ) ;
#7776 =( NAMED_UNIT ( * ) PLANE_ANGLE_UNIT ( ) SI_UNIT ( $, .RADIAN. ) );
#7777 = FILL_AREA_STYLE ('',( #1016 ) ) ;
#7778 = PRESENTATION_LAYER_ASSIGNMENT (  '', '', ( #3429 ) ) ;
#7779 =( LENGTH_UNIT ( ) NAMED_UNIT ( * ) SI_UNIT ( .MILLI., .METRE. ) );
#7780 = VERTEX_POINT ( 'NONE', #5938 ) ;
#7781 = ORIENTED_EDGE ( 'NONE', *, *, #5668, .F. ) ;
#7782 = CARTESIAN_POINT ( 'NONE',  ( 2.899999999999999911, 1.351000000000004864, 1.421000000000004704 ) ) ;
#7783 = CARTESIAN_POINT ( 'NONE',  ( -3.558578643762690508, 0.3017106781186629783, 0.4010000000000014664 ) ) ;
#7784 = VECTOR ( 'NONE', #3649, 1000.000000000000000 ) ;
#7785 = DIRECTION ( 'NONE',  ( -0.0000000000000000000, 3.491481338843133355E-15, -1.000000000000000000 ) ) ;
#7786 = DIRECTION ( 'NONE',  ( 0.0000000000000000000, -1.000000000000000000, -3.491481338843133355E-15 ) ) ;
#7787 = CARTESIAN_POINT ( 'NONE',  ( 0.4997784090728848994, 1.076155279148839128, 0.001000000000004306906 ) ) ;
#7788 =( GEOMETRIC_REPRESENTATION_CONTEXT ( 3 ) GLOBAL_UNCERTAINTY_ASSIGNED_CONTEXT ( ( #5258 ) ) GLOBAL_UNIT_ASSIGNED_CONTEXT ( ( #4015, #2506, #326 ) ) REPRESENTATION_CONTEXT ( 'NONE', 'WORKASPACE' ) );
#7789 =( LENGTH_UNIT ( ) NAMED_UNIT ( * ) SI_UNIT ( .MILLI., .METRE. ) );
#7790 = SURFACE_STYLE_USAGE ( .BOTH. , #9225 ) ;
#7791 = DIRECTION ( 'NONE',  ( 0.0000000000000000000, -0.7071067811865462405, -0.7071067811865489050 ) ) ;
#7792 =( NAMED_UNIT ( * ) SI_UNIT ( $, .STERADIAN. ) SOLID_ANGLE_UNIT ( ) );
#7793 = VERTEX_POINT ( 'NONE', #1537 ) ;
#7794 = CARTESIAN_POINT ( 'NONE',  ( -0.1257737216638940836, 1.098122238743174606, 0.001000000000004306906 ) ) ;
#7795 = ADVANCED_FACE ( 'NONE', ( #5043 ), #695, .F. ) ;
#7796 = PRESENTATION_STYLE_ASSIGNMENT (( #1748 ) ) ;
#7797 = LINE ( 'NONE', #2112, #4276 ) ;
#7798 =( GEOMETRIC_REPRESENTATION_CONTEXT ( 3 ) GLOBAL_UNCERTAINTY_ASSIGNED_CONTEXT ( ( #4953 ) ) GLOBAL_UNIT_ASSIGNED_CONTEXT ( ( #803, #6058, #4572 ) ) REPRESENTATION_CONTEXT ( 'NONE', 'WORKASPACE' ) );
#7799 = EDGE_CURVE ( 'NONE', #1896, #5527, #6669, .T. ) ;
#7800 = FILL_AREA_STYLE_COLOUR ( '', #5895 ) ;
#7801 =( NAMED_UNIT ( * ) SI_UNIT ( $, .STERADIAN. ) SOLID_ANGLE_UNIT ( ) );
#7802 = CARTESIAN_POINT ( 'NONE',  ( -1.799999999999999378, -4.568999999999993733, 1.400999999999984702 ) ) ;
#7803 = CARTESIAN_POINT ( 'NONE',  ( 2.700000000000000178, 1.330999999999996186, 3.901000000000005130 ) ) ;
#7804 = PRESENTATION_STYLE_ASSIGNMENT (( #6008 ) ) ;
#7805 = EDGE_CURVE ( 'NONE', #8473, #3682, #2532, .T. ) ;
#7806 = LINE ( 'NONE', #439, #6871 ) ;
#7807 = CARTESIAN_POINT ( 'NONE',  ( 3.387867965644034918, 2.901710678118662567, 0.5717106781186664932 ) ) ;
#7808 = VECTOR ( 'NONE', #6453, 1000.000000000000000 ) ;
#7809 = LINE ( 'NONE', #6805, #4293 ) ;
#7810 = CARTESIAN_POINT ( 'NONE',  ( -0.04095061655091503799, 0.9520139555247633112, 0.001000000000003873225 ) ) ;
#7811 = COLOUR_RGB ( '',0.7764705882352941346, 0.7568627450980391913, 0.7372549019607843590 ) ;
#7812 = CARTESIAN_POINT ( 'NONE',  ( 0.2290085919997141839, 0.9761552791488392611, 0.01100000000000389902 ) ) ;
#7813 = AXIS2_PLACEMENT_3D ( 'NONE', #4021, #9256, #4921 ) ;
#7814 =( LENGTH_UNIT ( ) NAMED_UNIT ( * ) SI_UNIT ( .MILLI., .METRE. ) );
#7815 = LINE ( 'NONE', #137, #1480 ) ;
#7816 = ORIENTED_EDGE ( 'NONE', *, *, #2572, .F. ) ;
#7817 = LINE ( 'NONE', #1762, #8290 ) ;
#7818 = LINE ( 'NONE', #8011, #6317 ) ;
#7819 = EDGE_CURVE ( 'NONE', #9125, #7062, #3041, .T. ) ;
#7820 = FILL_AREA_STYLE_COLOUR ( '', #8832 ) ;
#7821 = MECHANICAL_DESIGN_GEOMETRIC_PRESENTATION_REPRESENTATION (  '', ( #8508 ), #9512 ) ;
#7822 = CARTESIAN_POINT ( 'NONE',  ( 0.4681058457567312536, 0.9868554126602115950, 0.001000000000003873225 ) ) ;
#7823 = CARTESIAN_POINT ( 'NONE',  ( -0.06023468116072546591, 0.9791460938802848402, 0.01100000000000389902 ) ) ;
#7824 = EDGE_LOOP ( 'NONE', ( #8738, #3949, #5963, #6456 ) ) ;
#7825 = VERTEX_POINT ( 'NONE', #8237 ) ;
#7826 = UNCERTAINTY_MEASURE_WITH_UNIT (LENGTH_MEASURE( 1.000000000000000082E-05 ), #6171, 'distance_accuracy_value', 'NONE');
#7827 = CARTESIAN_POINT ( 'NONE',  ( -2.899999999999999911, -1.568999999999989736, 0.0009999999999951996073 ) ) ;
#7828 = ORIENTED_EDGE ( 'NONE', *, *, #6933, .T. ) ;
#7829 = STYLED_ITEM ( 'NONE', ( #6402 ), #1494 ) ;
#7830 = VECTOR ( 'NONE', #8277, 1000.000000000000000 ) ;
#7831 = ORIENTED_EDGE ( 'NONE', *, *, #4802, .T. ) ;
#7832 = COLOUR_RGB ( '',0.1098039215686274495, 0.1098039215686274495, 0.1098039215686274495 ) ;
#7833 =( NAMED_UNIT ( * ) PLANE_ANGLE_UNIT ( ) SI_UNIT ( $, .RADIAN. ) );
#7834 =( LENGTH_UNIT ( ) NAMED_UNIT ( * ) SI_UNIT ( .MILLI., .METRE. ) );
#7835 = CARTESIAN_POINT ( 'NONE',  ( 1.800000000000000488, -4.568999999999995509, 1.900999999999984924 ) ) ;
#7836 = ORIENTED_EDGE ( 'NONE', *, *, #6245, .F. ) ;
#7837 = CARTESIAN_POINT ( 'NONE',  ( -0.6999999999999999556, 4.072421356237318157, 0.6010000000000158549 ) ) ;
#7838 = EDGE_LOOP ( 'NONE', ( #7594, #9146, #2670, #8112 ) ) ;
#7839 = LINE ( 'NONE', #1678, #3136 ) ;
#7840 = ADVANCED_FACE ( 'NONE', ( #1051 ), #7668, .F. ) ;
#7841 = LINE ( 'NONE', #5068, #3033 ) ;
#7842 = SURFACE_STYLE_FILL_AREA ( #6073 ) ;
#7843 = APPLICATION_PROTOCOL_DEFINITION ( 'draft international standard', 'automotive_design', 1998, #356 ) ;
#7844 = ORIENTED_EDGE ( 'NONE', *, *, #7497, .T. ) ;
#7845 = ORIENTED_EDGE ( 'NONE', *, *, #7627, .F. ) ;
#7846 = CARTESIAN_POINT ( 'NONE',  ( -0.09597862183565752936, 0.9740194596949666161, 0.01100000000000389902 ) ) ;
#7847 = DIRECTION ( 'NONE',  ( 1.000000000000000000, 0.0000000000000000000, 0.0000000000000000000 ) ) ;
#7848 = DIRECTION ( 'NONE',  ( -0.09525861801280718910, 0.9954525582338367151, 3.475604030777098573E-15 ) ) ;
#7849 = FILL_AREA_STYLE ('',( #1031 ) ) ;
#7850 = SURFACE_STYLE_FILL_AREA ( #1622 ) ;
#7851 = LINE ( 'NONE', #5428, #3855 ) ;
#7852 = FACE_OUTER_BOUND ( 'NONE', #3319, .T. ) ;
#7853 = PRESENTATION_LAYER_ASSIGNMENT (  '', '', ( #4705 ) ) ;
#7854 = VECTOR ( 'NONE', #7385, 1000.000000000000000 ) ;
#7855 = VERTEX_POINT ( 'NONE', #3901 ) ;
#7856 = CARTESIAN_POINT ( 'NONE',  ( -2.899999999999999911, 2.301710678118662923, 0.4010000000000088494 ) ) ;
#7857 = CARTESIAN_POINT ( 'NONE',  ( -4.041421356237307805, 2.901710678118663900, 0.2010000000000108922 ) ) ;
#7858 = CARTESIAN_POINT ( 'NONE',  ( 0.4696717017558117990, 0.9926186937829848400, 0.001000000000003873225 ) ) ;
#7859 = SURFACE_STYLE_USAGE ( .BOTH. , #4749 ) ;
#7860 = AXIS2_PLACEMENT_3D ( 'NONE', #2129, #7397, #8808 ) ;
#7861 = SURFACE_STYLE_FILL_AREA ( #8939 ) ;
#7862 = DIRECTION ( 'NONE',  ( -1.000000000000000000, 0.0000000000000000000, 0.0000000000000000000 ) ) ;
#7863 = DIRECTION ( 'NONE',  ( -1.000000000000000000, -0.0000000000000000000, 0.0000000000000000000 ) ) ;
#7864 = EDGE_CURVE ( 'NONE', #1068, #3162, #2298, .T. ) ;
#7865 = ORIENTED_EDGE ( 'NONE', *, *, #4287, .T. ) ;
#7866 = CARTESIAN_POINT ( 'NONE',  ( -0.04581223626064631627, 0.9750107625780516374, 0.001000000000003873225 ) ) ;
#7867 = ORIENTED_EDGE ( 'NONE', *, *, #1881, .F. ) ;
#7868 = ORIENTED_EDGE ( 'NONE', *, *, #2302, .T. ) ;
#7869 = EDGE_LOOP ( 'NONE', ( #1739, #1940, #9594, #6765 ) ) ;
#7870 = EDGE_CURVE ( 'NONE', #7342, #6076, #240, .T. ) ;
#7871 = UNCERTAINTY_MEASURE_WITH_UNIT (LENGTH_MEASURE( 1.000000000000000082E-05 ), #3543, 'distance_accuracy_value', 'NONE');
#7872 =( NAMED_UNIT ( * ) PLANE_ANGLE_UNIT ( ) SI_UNIT ( $, .RADIAN. ) );
#7873 = DIRECTION ( 'NONE',  ( 0.0000000000000000000, -1.000000000000000000, -3.491481338843133355E-15 ) ) ;
#7874 = EDGE_CURVE ( 'NONE', #222, #8354, #4080, .T. ) ;
#7875 = CARTESIAN_POINT ( 'NONE',  ( -0.09597862183565752936, 0.9740194596949666161, 0.001000000000003873225 ) ) ;
#7876 = ORIENTED_EDGE ( 'NONE', *, *, #2252, .F. ) ;
#7877 = PRESENTATION_STYLE_ASSIGNMENT (( #4755 ) ) ;
#7878 = EDGE_CURVE ( 'NONE', #3952, #2755, #799, .T. ) ;
#7879 = ORIENTED_EDGE ( 'NONE', *, *, #6613, .F. ) ;
#7880 = EDGE_LOOP ( 'NONE', ( #1259, #9134, #1674, #6158 ) ) ;
#7881 = CARTESIAN_POINT ( 'NONE',  ( 1.717157287525381548, -4.769000000000004569, 4.318157287525364652 ) ) ;
#7882 =( NAMED_UNIT ( * ) PLANE_ANGLE_UNIT ( ) SI_UNIT ( $, .RADIAN. ) );
#7883 = EDGE_CURVE ( 'NONE', #4077, #1432, #8199, .T. ) ;
#7884 = SURFACE_STYLE_FILL_AREA ( #6452 ) ;
#7885 =( GEOMETRIC_REPRESENTATION_CONTEXT ( 3 ) GLOBAL_UNCERTAINTY_ASSIGNED_CONTEXT ( ( #8614 ) ) GLOBAL_UNIT_ASSIGNED_CONTEXT ( ( #8214, #9584, #5171 ) ) REPRESENTATION_CONTEXT ( 'NONE', 'WORKASPACE' ) );
#7886 = DIRECTION ( 'NONE',  ( -1.495451272393799542E-16, -2.840960035351830695E-15, 1.000000000000000000 ) ) ;
#7887 = LINE ( 'NONE', #3026, #3890 ) ;
#7888 = LINE ( 'NONE', #8464, #4845 ) ;
#7889 = ORIENTED_EDGE ( 'NONE', *, *, #2902, .F. ) ;
#7890 = B_SPLINE_SURFACE_WITH_KNOTS ( 'NONE', 3, 1, ( 
 ( #6283, #7139 ),
 ( #312, #2621 ),
 ( #5548, #5574 ),
 ( #8555, #9298 ),
 ( #4829, #6345 ),
 ( #2555, #3497 ),
 ( #7227, #4225 ),
 ( #4261, #1910 ),
 ( #5734, #8757 ),
 ( #9527, #4292 ),
 ( #2652, #9496 ),
 ( #555, #7935 ),
 ( #8799, #7996 ),
 ( #5050, #2719 ),
 ( #1996, #1968 ),
 ( #5789, #2785 ),
 ( #5017, #3535 ),
 ( #4928, #9460 ),
 ( #3562, #464 ) ),
 .UNSPECIFIED., .F., .F., .F.,
 ( 4, 1, 1, 1, 1, 1, 1, 1, 1, 1, 1, 1, 1, 1, 1, 1, 4 ),
 ( 2, 2 ),
 ( 0.0000000000000000000, 0.07377411937406366804, 0.1440791147260407912, 0.2113485183089132413, 0.2760768857398834819, 0.3385209158196750279, 0.3998851166931320922, 0.4602540674652123021, 0.5205889643912471332, 0.5802076845630435020, 0.6386329085525448424, 0.6963645494905229549, 0.7540017746600130577, 0.8128056813744977127, 0.8727544255255600403, 0.9351819969782672048, 1.000000000000000000 ),
 ( 0.0000000000000000000, 1.000000000000000000 ),
 .UNSPECIFIED. ) ;
#7891 = DIRECTION ( 'NONE',  ( 0.0000000000000000000, -1.000000000000000000, -3.491481338843133355E-15 ) ) ;
#7892 = SURFACE_STYLE_USAGE ( .BOTH. , #3329 ) ;
#7893 = AXIS2_PLACEMENT_3D ( 'NONE', #9183, #4598, #226 ) ;
#7894 = CARTESIAN_POINT ( 'NONE',  ( 0.4997784090728848994, 1.076155279148839128, 0.001000000000004306906 ) ) ;
#7895 = CARTESIAN_POINT ( 'NONE',  ( 0.01115621717900906057, 1.146960779231144256, 0.001000000000004306906 ) ) ;
#7896 = ADVANCED_FACE ( 'NONE', ( #7244 ), #6141, .T. ) ;
#7897 = CARTESIAN_POINT ( 'NONE',  ( 0.3591585339600882332, 1.083916821098035888, 0.01100000000000433270 ) ) ;
#7898 = ORIENTED_EDGE ( 'NONE', *, *, #2902, .T. ) ;
#7899 = CYLINDRICAL_SURFACE ( 'NONE', #5321, 0.2000000000000000944 ) ;
#7900 = CARTESIAN_POINT ( 'NONE',  ( 0.01681347004849466364, 0.9596918645146920168, 0.001000000000003873225 ) ) ;
#7901 = UNCERTAINTY_MEASURE_WITH_UNIT (LENGTH_MEASURE( 1.000000000000000082E-05 ), #4895, 'distance_accuracy_value', 'NONE');
#7902 = UNCERTAINTY_MEASURE_WITH_UNIT (LENGTH_MEASURE( 1.000000000000000082E-05 ), #7301, 'distance_accuracy_value', 'NONE');
#7903 = CARTESIAN_POINT ( 'NONE',  ( 2.899999999999999911, 2.901710678118662567, 0.6010000000000110809 ) ) ;
#7904 =( NAMED_UNIT ( * ) PLANE_ANGLE_UNIT ( ) SI_UNIT ( $, .RADIAN. ) );
#7905 = FACE_OUTER_BOUND ( 'NONE', #5745, .T. ) ;
#7906 =( NAMED_UNIT ( * ) PLANE_ANGLE_UNIT ( ) SI_UNIT ( $, .RADIAN. ) );
#7907 = VERTEX_POINT ( 'NONE', #950 ) ;
#7908 = COLOUR_RGB ( '',0.7764705882352941346, 0.7568627450980391913, 0.7372549019607843590 ) ;
#7909 = MECHANICAL_DESIGN_GEOMETRIC_PRESENTATION_REPRESENTATION (  '', ( #1359 ), #2338 ) ;
#7910 = CARTESIAN_POINT ( 'NONE',  ( -3.799999999999996714, 0.9017106781186636777, 0.2010000000000039533 ) ) ;
#7911 = SURFACE_STYLE_FILL_AREA ( #5362 ) ;
#7912 = ORIENTED_EDGE ( 'NONE', *, *, #1380, .F. ) ;
#7913 =( LENGTH_UNIT ( ) NAMED_UNIT ( * ) SI_UNIT ( .MILLI., .METRE. ) );
#7914 = CARTESIAN_POINT ( 'NONE',  ( 0.3614686731767869365, 1.073677414509583317, 0.001000000000004306906 ) ) ;
#7915 = CARTESIAN_POINT ( 'NONE',  ( -2.899999999999999911, -0.7589999999999896829, 0.0009999999999978016925 ) ) ;
#7916 = ORIENTED_EDGE ( 'NONE', *, *, #7103, .T. ) ;
#7917 = AXIS2_PLACEMENT_3D ( 'NONE', #3467, #4026, #9265 ) ;
#7918 = SURFACE_STYLE_FILL_AREA ( #5882 ) ;
#7919 = VECTOR ( 'NONE', #869, 1000.000000000000000 ) ;
#7920 = FACE_OUTER_BOUND ( 'NONE', #6370, .T. ) ;
#7921 = B_SPLINE_SURFACE_WITH_KNOTS ( 'NONE', 3, 1, ( 
 ( #6448, #9391 ),
 ( #1136, #7158 ),
 ( #4883, #7954 ),
 ( #7822, #5693 ),
 ( #9420, #4119 ),
 ( #7923, #7067 ),
 ( #7858, #9318 ) ),
 .UNSPECIFIED., .F., .F., .F.,
 ( 4, 1, 1, 1, 4 ),
 ( 2, 2 ),
 ( 0.0000000000000000000, 0.3261021526013535565, 0.6017142408718849644, 0.8255182846829549614, 1.000000000000000000 ),
 ( 0.0000000000000000000, 1.000000000000000000 ),
 .UNSPECIFIED. ) ;
#7922 = PLANE ( 'NONE',  #4246 ) ;
#7923 = CARTESIAN_POINT ( 'NONE',  ( 0.4694221207311335409, 0.9918207268923631137, 0.001000000000003873225 ) ) ;
#7924 =( NAMED_UNIT ( * ) PLANE_ANGLE_UNIT ( ) SI_UNIT ( $, .RADIAN. ) );
#7925 = CARTESIAN_POINT ( 'NONE',  ( 0.005110284282089799096, 1.149535597253583452, 0.001000000000004306906 ) ) ;
#7926 = CARTESIAN_POINT ( 'NONE',  ( 0.2893267954029409283, 1.150480373562890790, 0.01100000000000433270 ) ) ;
#7927 = EDGE_CURVE ( 'NONE', #4581, #2771, #7731, .T. ) ;
#7928 = ORIENTED_EDGE ( 'NONE', *, *, #4857, .T. ) ;
#7929 = PRESENTATION_LAYER_ASSIGNMENT (  '', '', ( #9093 ) ) ;
#7930 = DIRECTION ( 'NONE',  ( 1.000000000000000000, 0.0000000000000000000, 0.0000000000000000000 ) ) ;
#7931 = VECTOR ( 'NONE', #7430, 1000.000000000000000 ) ;
#7932 = STYLED_ITEM ( 'NONE', ( #1316 ), #4640 ) ;
#7933 = SURFACE_SIDE_STYLE ('',( #4780 ) ) ;
#7934 = DIRECTION ( 'NONE',  ( 0.0000000000000000000, -0.3826834323650873948, -0.9238795325112877377 ) ) ;
#7935 = CARTESIAN_POINT ( 'NONE',  ( -0.07520838083428801890, 1.122897641314254180, 0.01100000000000433270 ) ) ;
#7936 =( LENGTH_UNIT ( ) NAMED_UNIT ( * ) SI_UNIT ( .MILLI., .METRE. ) );
#7937 = ADVANCED_FACE ( 'NONE', ( #4549 ), #7635, .F. ) ;
#7938 = STYLED_ITEM ( 'NONE', ( #3421 ), #5440 ) ;
#7939 = ORIENTED_EDGE ( 'NONE', *, *, #6538, .F. ) ;
#7940 = DIRECTION ( 'NONE',  ( 0.0000000000000000000, 1.000000000000000000, 3.491481338843133355E-15 ) ) ;
#7941 = DIRECTION ( 'NONE',  ( 0.0000000000000000000, 1.000000000000000000, 3.491481338843133355E-15 ) ) ;
#7942 = VECTOR ( 'NONE', #4652, 1000.000000000000000 ) ;
#7943 = FACE_OUTER_BOUND ( 'NONE', #2292, .T. ) ;
#7944 = AXIS2_PLACEMENT_3D ( 'NONE', #4184, #9485, #2611 ) ;
#7945 = CARTESIAN_POINT ( 'NONE',  ( -2.899999999999999911, 1.351000000000004864, 1.421000000000005592 ) ) ;
#7946 = COLOUR_RGB ( '',0.1098039215686274495, 0.1098039215686274495, 0.1098039215686274495 ) ;
#7947 = ORIENTED_EDGE ( 'NONE', *, *, #6111, .F. ) ;
#7948 = VERTEX_POINT ( 'NONE', #1140 ) ;
#7949 = EDGE_CURVE ( 'NONE', #6464, #9018, #181, .T. ) ;
#7950 = LINE ( 'NONE', #391, #683 ) ;
#7951 = B_SPLINE_SURFACE_WITH_KNOTS ( 'NONE', 3, 1, ( 
 ( #5680, #526 ),
 ( #4195, #434 ),
 ( #1179, #9432 ),
 ( #6520, #7194 ),
 ( #8698, #1205 ),
 ( #4986, #4959 ),
 ( #7262, #2751 ),
 ( #8029, #6462 ),
 ( #2688, #6557 ),
 ( #496, #2030 ),
 ( #6496, #7299 ),
 ( #8062, #9402 ),
 ( #9554, #5958 ),
 ( #2927, #5144 ),
 ( #3597, #8188 ),
 ( #2063, #9668 ),
 ( #3626, #4392 ),
 ( #1393, #4359 ),
 ( #9591, #5116 ) ),
 .UNSPECIFIED., .F., .F., .F.,
 ( 4, 1, 1, 1, 1, 1, 1, 1, 1, 1, 1, 1, 1, 1, 1, 1, 4 ),
 ( 2, 2 ),
 ( 0.0000000000000000000, 0.07231867454721085942, 0.1405177950206429882, 0.2057021883860462586, 0.2683442779098033082, 0.3284611636088279329, 0.3872581215078025885, 0.4453378303906310176, 0.5030972754540037339, 0.5606099254806105048, 0.6182023772868145972, 0.6766196794019625482, 0.7360262455864803322, 0.7975246684661572161, 0.8618309667202004309, 0.9291734274448373299, 1.000000000000000000 ),
 ( 0.0000000000000000000, 1.000000000000000000 ),
 .UNSPECIFIED. ) ;
#7952 = DIRECTION ( 'NONE',  ( 0.0000000000000000000, -0.7071067811865489050, 0.7071067811865462405 ) ) ;
#7953 = STYLED_ITEM ( 'NONE', ( #6403 ), #7142 ) ;
#7954 = CARTESIAN_POINT ( 'NONE',  ( 0.4673738889672532371, 0.9829686822643693977, 0.01100000000000389902 ) ) ;
#7955 = CARTESIAN_POINT ( 'NONE',  ( -3.529289321881345032, 0.9017106781186619013, 0.7131320343559683916 ) ) ;
#7956 = FACE_BOUND ( 'NONE', #4563, .T. ) ;
#7957 = SURFACE_SIDE_STYLE ('',( #6165 ) ) ;
#7958 = SURFACE_SIDE_STYLE ('',( #2175 ) ) ;
#7959 = CARTESIAN_POINT ( 'NONE',  ( 0.01681347004849455609, 1.121886986465911118, 0.01100000000000433270 ) ) ;
#7960 =( LENGTH_UNIT ( ) NAMED_UNIT ( * ) SI_UNIT ( .MILLI., .METRE. ) );
#7961 = EDGE_LOOP ( 'NONE', ( #6578, #8109, #2403, #1261 ) ) ;
#7962 = ORIENTED_EDGE ( 'NONE', *, *, #1653, .F. ) ;
#7963 = MECHANICAL_DESIGN_GEOMETRIC_PRESENTATION_REPRESENTATION (  '', ( #3110 ), #1730 ) ;
#7964 = CARTESIAN_POINT ( 'NONE',  ( 0.3591602428548397730, 1.020863463761995771, 0.001000000000003873225 ) ) ;
#7965 = SURFACE_STYLE_USAGE ( .BOTH. , #5733 ) ;
#7966 = CARTESIAN_POINT ( 'NONE',  ( -2.900000000000000355, 1.330999999999999739, 2.901000000000005130 ) ) ;
#7967 =( NAMED_UNIT ( * ) PLANE_ANGLE_UNIT ( ) SI_UNIT ( $, .RADIAN. ) );
#7968 = CARTESIAN_POINT ( 'NONE',  ( -2.900000000000000355, 0.2860000000000050280, 1.401000000000001355 ) ) ;
#7969 = PLANE ( 'NONE',  #9701 ) ;
#7970 = EDGE_LOOP ( 'NONE', ( #1181, #2570, #7437, #3492 ) ) ;
#7971 = PRESENTATION_LAYER_ASSIGNMENT (  '', '', ( #750 ) ) ;
#7972 = ORIENTED_EDGE ( 'NONE', *, *, #9611, .F. ) ;
#7973 = CARTESIAN_POINT ( 'NONE',  ( 0.2992321777176327191, 1.147362222950234045, 0.001000000000004306906 ) ) ;
#7974 = ORIENTED_EDGE ( 'NONE', *, *, #638, .F. ) ;
#7975 = EDGE_CURVE ( 'NONE', #1275, #2419, #354, .T. ) ;
#7976 = FACE_OUTER_BOUND ( 'NONE', #907, .T. ) ;
#7977 = ORIENTED_EDGE ( 'NONE', *, *, #5922, .T. ) ;
#7978 = AXIS2_PLACEMENT_3D ( 'NONE', #9143, #5328, #3115 ) ;
#7979 = ORIENTED_EDGE ( 'NONE', *, *, #4174, .F. ) ;
#7980 = CARTESIAN_POINT ( 'NONE',  ( 0.1533988359021532244, 1.063960157197619605, 0.001000000000004306906 ) ) ;
#7981 = PLANE ( 'NONE',  #9494 ) ;
#7982 = ORIENTED_EDGE ( 'NONE', *, *, #1816, .T. ) ;
#7983 = ORIENTED_EDGE ( 'NONE', *, *, #5988, .T. ) ;
#7984 = CARTESIAN_POINT ( 'NONE',  ( 2.899999999999999911, 1.331000000000004846, 1.401000000000005574 ) ) ;
#7985 = ADVANCED_FACE ( 'NONE', ( #3265 ), #6443, .T. ) ;
#7986 = CARTESIAN_POINT ( 'NONE',  ( -1.300000000000000044, 3.960289321881354407, 0.7131320343559796049 ) ) ;
#7987 = EDGE_CURVE ( 'NONE', #4166, #1490, #8996, .T. ) ;
#7988 = CARTESIAN_POINT ( 'NONE',  ( -3.799999999999996714, 2.901710678118664788, 0.001000000000011245799 ) ) ;
#7989 = SURFACE_STYLE_USAGE ( .BOTH. , #7218 ) ;
#7990 = DIRECTION ( 'NONE',  ( 0.0000000000000000000, -3.491481338843133355E-15, 1.000000000000000000 ) ) ;
#7991 = ORIENTED_EDGE ( 'NONE', *, *, #5787, .T. ) ;
#7992 = EDGE_CURVE ( 'NONE', #8862, #1540, #8430, .T. ) ;
#7993 = FILL_AREA_STYLE ('',( #9589 ) ) ;
#7994 = AXIS2_PLACEMENT_3D ( 'NONE', #2774, #5910, #675 ) ;
#7995 = EDGE_CURVE ( 'NONE', #8869, #3479, #2409, .T. ) ;
#7996 = CARTESIAN_POINT ( 'NONE',  ( -0.06933628480680452399, 1.126524106680409032, 0.01100000000000433270 ) ) ;
#7997 = FILL_AREA_STYLE ('',( #2720 ) ) ;
#7998 = DIRECTION ( 'NONE',  ( 0.0000000000000000000, 0.7071067811865489050, -0.7071067811865462405 ) ) ;
#7999 = DIRECTION ( 'NONE',  ( 0.0000000000000000000, -3.491481338843133355E-15, 1.000000000000000000 ) ) ;
#8000 = ORIENTED_EDGE ( 'NONE', *, *, #6188, .T. ) ;
#8001 = B_SPLINE_SURFACE_WITH_KNOTS ( 'NONE', 3, 1, ( 
 ( #8333, #4526 ),
 ( #2295, #8398 ),
 ( #7604, #46 ),
 ( #6143, #5286 ),
 ( #7511, #6107 ),
 ( #3902, #856 ),
 ( #150, #116 ),
 ( #7638, #918 ),
 ( #2333, #2364 ),
 ( #3019, #792 ),
 ( #3111, #76 ),
 ( #8365, #6039 ),
 ( #5384, #6823 ),
 ( #881, #7540 ),
 ( #3055, #3865 ),
 ( #8268, #9132 ),
 ( #4656, #3082 ),
 ( #8300, #186 ),
 ( #3799, #9038 ) ),
 .UNSPECIFIED., .F., .F., .F.,
 ( 4, 1, 1, 1, 1, 1, 1, 1, 1, 1, 1, 1, 1, 1, 1, 1, 4 ),
 ( 2, 2 ),
 ( 0.0000000000000000000, 0.06905834295325619099, 0.1347587622790569206, 0.1981442478041425259, 0.2590865018434196365, 0.3187028072090645203, 0.3768512776663797137, 0.4345350872231532602, 0.4921793884442120515, 0.5499125454004143432, 0.6074703275914967726, 0.6661752554209270372, 0.7264573934965308233, 0.7895005038967193300, 0.8556063896355812215, 0.9256962035571854042, 1.000000000000000000 ),
 ( 0.0000000000000000000, 1.000000000000000000 ),
 .UNSPECIFIED. ) ;
#8002 = VECTOR ( 'NONE', #9560, 1000.000000000000000 ) ;
#8003 = LINE ( 'NONE', #2090, #732 ) ;
#8004 = AXIS2_PLACEMENT_3D ( 'NONE', #1334, #7290, #5138 ) ;
#8005 = ORIENTED_EDGE ( 'NONE', *, *, #823, .F. ) ;
#8006 = EDGE_CURVE ( 'NONE', #1490, #1373, #8421, .T. ) ;
#8007 = B_SPLINE_CURVE_WITH_KNOTS ( 'NONE', 3,
 ( #4411, #8086, #7375, #5841, #2776, #8848, #615 ),
 .UNSPECIFIED., .F., .F.,
 ( 4, 1, 1, 1, 4 ),
 ( 0.0000000000000000000, 0.3005411131585171702, 0.5677471464836201243, 0.8000336137370018808, 0.9999999999999998890 ),
 .UNSPECIFIED. ) ;
#8008 =( LENGTH_UNIT ( ) NAMED_UNIT ( * ) SI_UNIT ( .MILLI., .METRE. ) );
#8009 = LINE ( 'NONE', #4379, #6378 ) ;
#8010 = FACE_OUTER_BOUND ( 'NONE', #1971, .T. ) ;
#8011 = CARTESIAN_POINT ( 'NONE',  ( 2.700000000000000178, 1.330999999999999739, 2.901000000000005130 ) ) ;
#8012 = ORIENTED_EDGE ( 'NONE', *, *, #5183, .T. ) ;
#8013 =( NAMED_UNIT ( * ) PLANE_ANGLE_UNIT ( ) SI_UNIT ( $, .RADIAN. ) );
#8014 = CARTESIAN_POINT ( 'NONE',  ( -0.05650139686106990522, 1.131856251895310805, 0.001000000000004306906 ) ) ;
#8015 = DIRECTION ( 'NONE',  ( -1.000000000000000000, -0.0000000000000000000, 0.0000000000000000000 ) ) ;
#8016 = UNCERTAINTY_MEASURE_WITH_UNIT (LENGTH_MEASURE( 1.000000000000000082E-05 ), #8511, 'distance_accuracy_value', 'NONE');
#8017 = CARTESIAN_POINT ( 'NONE',  ( -0.007984824798366168055, 1.153527468887915575, 0.01100000000000433270 ) ) ;
#8018 = PRESENTATION_LAYER_ASSIGNMENT (  '', '', ( #613 ) ) ;
#8019 = CARTESIAN_POINT ( 'NONE',  ( -3.641421356237309670, 2.901710678118662567, 0.6010000000000110809 ) ) ;
#8020 = ORIENTED_EDGE ( 'NONE', *, *, #7799, .F. ) ;
#8021 =( LENGTH_UNIT ( ) NAMED_UNIT ( * ) SI_UNIT ( .MILLI., .METRE. ) );
#8022 = SURFACE_SIDE_STYLE ('',( #9355 ) ) ;
#8023 =( LENGTH_UNIT ( ) NAMED_UNIT ( * ) SI_UNIT ( .MILLI., .METRE. ) );
#8024 = UNCERTAINTY_MEASURE_WITH_UNIT (LENGTH_MEASURE( 1.000000000000000082E-05 ), #7960, 'distance_accuracy_value', 'NONE');
#8025 = CARTESIAN_POINT ( 'NONE',  ( -0.1049336084076501752, 1.047233240681907374, 0.001000000000004306906 ) ) ;
#8026 = VECTOR ( 'NONE', #2268, 1000.000000000000000 ) ;
#8027 = DIRECTION ( 'NONE',  ( -0.3826834323650907255, 3.225708147102274523E-15, -0.9238795325112864054 ) ) ;
#8028 = CARTESIAN_POINT ( 'NONE',  ( 4.699999999999997513, 2.301710678118663811, 0.2010000000000091713 ) ) ;
#8029 = CARTESIAN_POINT ( 'NONE',  ( 0.3247337544664557485, 1.099685366410765752, 0.001000000000004306906 ) ) ;
#8030 =( LENGTH_UNIT ( ) NAMED_UNIT ( * ) SI_UNIT ( .MILLI., .METRE. ) );
#8031 = SURFACE_STYLE_FILL_AREA ( #8251 ) ;
#8032 = COLOUR_RGB ( '',0.1098039215686274495, 0.1098039215686274495, 0.1098039215686274495 ) ;
#8033 = DIRECTION ( 'NONE',  ( 0.0000000000000000000, -1.000000000000000000, -3.491481338843133355E-15 ) ) ;
#8034 = LINE ( 'NONE', #654, #6037 ) ;
#8035 = FACE_OUTER_BOUND ( 'NONE', #2335, .T. ) ;
#8036 = ADVANCED_FACE ( 'NONE', ( #7956, #4670, #6658 ), #9358, .F. ) ;
#8037 = ORIENTED_EDGE ( 'NONE', *, *, #1451, .T. ) ;
#8038 = CARTESIAN_POINT ( 'NONE',  ( 0.2290085919997141839, 1.132252840124448934, 0.001000000000004306906 ) ) ;
#8039 = DIRECTION ( 'NONE',  ( 0.0000000000000000000, -1.000000000000000000, -3.491481338843133355E-15 ) ) ;
#8040 = AXIS2_PLACEMENT_3D ( 'NONE', #915, #5351, #6820 ) ;
#8041 = SURFACE_STYLE_USAGE ( .BOTH. , #5154 ) ;
#8042 = CARTESIAN_POINT ( 'NONE',  ( 4.699999999999997513, 3.331000000000000849, 2.501000000000012768 ) ) ;
#8043 = DIRECTION ( 'NONE',  ( 0.0000000000000000000, 3.491481338843133355E-15, -1.000000000000000000 ) ) ;
#8044 = STYLED_ITEM ( 'NONE', ( #7804 ), #3216 ) ;
#8045 = EDGE_CURVE ( 'NONE', #6673, #4220, #1609, .T. ) ;
#8046 = ORIENTED_EDGE ( 'NONE', *, *, #3956, .F. ) ;
#8047 = FACE_OUTER_BOUND ( 'NONE', #9135, .T. ) ;
#8048 = LINE ( 'NONE', #3453, #1705 ) ;
#8049 = CARTESIAN_POINT ( 'NONE',  ( 0.01115621717900906057, 1.146960779231144256, 0.01100000000000433270 ) ) ;
#8050 = CARTESIAN_POINT ( 'NONE',  ( -2.720000000000000639, 3.110999999999994881, 4.381000000000011774 ) ) ;
#8051 = DIRECTION ( 'NONE',  ( -1.000000000000000000, -0.0000000000000000000, 0.0000000000000000000 ) ) ;
#8052 = EDGE_CURVE ( 'NONE', #2549, #9659, #8870, .T. ) ;
#8053 = CARTESIAN_POINT ( 'NONE',  ( -0.1177822076485574437, 1.115024231206105165, 0.01100000000000433270 ) ) ;
#8054 = PRESENTATION_LAYER_ASSIGNMENT (  '', '', ( #5225 ) ) ;
#8055 = EDGE_CURVE ( 'NONE', #1755, #8207, #3721, .T. ) ;
#8056 = SURFACE_SIDE_STYLE ('',( #7473 ) ) ;
#8057 = VECTOR ( 'NONE', #3015, 1000.000000000000000 ) ;
#8058 = LINE ( 'NONE', #5829, #7222 ) ;
#8059 = LINE ( 'NONE', #5101, #1020 ) ;
#8060 = CARTESIAN_POINT ( 'NONE',  ( 0.3257822864519515638, 0.9743741634996028189, 0.001000000000003873225 ) ) ;
#8061 =( LENGTH_UNIT ( ) NAMED_UNIT ( * ) SI_UNIT ( .MILLI., .METRE. ) );
#8062 = CARTESIAN_POINT ( 'NONE',  ( 0.3040546471607585843, 1.120540597211066247, 0.001000000000004306906 ) ) ;
#8063 = EDGE_LOOP ( 'NONE', ( #3989, #5993, #6723 ) ) ;
#8064 = SURFACE_STYLE_USAGE ( .BOTH. , #8135 ) ;
#8065 = FILL_AREA_STYLE_COLOUR ( '', #6011 ) ;
#8066 = PRESENTATION_LAYER_ASSIGNMENT (  '', '', ( #6389 ) ) ;
#8067 = PRESENTATION_STYLE_ASSIGNMENT (( #2132 ) ) ;
#8068 = ORIENTED_EDGE ( 'NONE', *, *, #9492, .T. ) ;
#8069 = B_SPLINE_CURVE_WITH_KNOTS ( 'NONE', 3,
 ( #1110, #5506, #3306, #5536, #8543, #333, #8477, #1042, #1783, #372, #1004, #6365, #1839, #7794, #4751, #7033, #7070, #4051, #4122 ),
 .UNSPECIFIED., .F., .F.,
 ( 4, 1, 1, 1, 1, 1, 1, 1, 1, 1, 1, 1, 1, 1, 1, 1, 4 ),
 ( 0.0000000000000000000, 0.06783324845577361206, 0.1326555365079040427, 0.1950508840508274611, 0.2555829330687774958, 0.3147998341472895145, 0.3736004728263744301, 0.4325455953267433595, 0.4924306292835643473, 0.5526712559629685106, 0.6125130441881163623, 0.6726102503570058344, 0.7338383693139448605, 0.7965942385677732274, 0.8614497992905715273, 0.9291989423509054991, 1.000000000000000000 ),
 .UNSPECIFIED. ) ;
#8070 = DIRECTION ( 'NONE',  ( 0.0000000000000000000, 3.344967531750497386E-15, -1.000000000000000000 ) ) ;
#8071 = VECTOR ( 'NONE', #5750, 1000.000000000000000 ) ;
#8072 = VERTEX_POINT ( 'NONE', #5137 ) ;
#8073 =( NAMED_UNIT ( * ) SI_UNIT ( $, .STERADIAN. ) SOLID_ANGLE_UNIT ( ) );
#8074 = DIRECTION ( 'NONE',  ( -1.000000000000000000, 5.595468833802103278E-31, -1.532000111646839560E-16 ) ) ;
#8075 = DIRECTION ( 'NONE',  ( 0.0000000000000000000, -1.000000000000000000, -3.491481338843133355E-15 ) ) ;
#8076 = SURFACE_STYLE_FILL_AREA ( #7379 ) ;
#8077 = SURFACE_STYLE_FILL_AREA ( #7337 ) ;
#8078 = CARTESIAN_POINT ( 'NONE',  ( -0.09429782560323612950, 1.102065376651466311, 0.001000000000004306906 ) ) ;
#8079 = PRESENTATION_STYLE_ASSIGNMENT (( #9169 ) ) ;
#8080 = COLOUR_RGB ( '',0.7764705882352941346, 0.7568627450980391913, 0.7372549019607843590 ) ;
#8081 = ORIENTED_EDGE ( 'NONE', *, *, #1443, .T. ) ;
#8082 = ORIENTED_EDGE ( 'NONE', *, *, #759, .F. ) ;
#8083 =( GEOMETRIC_REPRESENTATION_CONTEXT ( 3 ) GLOBAL_UNCERTAINTY_ASSIGNED_CONTEXT ( ( #5611 ) ) GLOBAL_UNIT_ASSIGNED_CONTEXT ( ( #5131, #3520, #5720 ) ) REPRESENTATION_CONTEXT ( 'NONE', 'WORKASPACE' ) );
#8084 = CARTESIAN_POINT ( 'NONE',  ( -0.03022825769426029999, 1.156549389317368837, 0.01100000000000433270 ) ) ;
#8085 = FILL_AREA_STYLE ('',( #7372 ) ) ;
#8086 = CARTESIAN_POINT ( 'NONE',  ( 0.4657037291637594612, 0.9800184819967268091, 0.01100000000000389902 ) ) ;
#8087 = ADVANCED_FACE ( 'NONE', ( #9113 ), #1300, .T. ) ;
#8088 = CARTESIAN_POINT ( 'NONE',  ( 0.2586198724875190535, 0.9542040596366438976, 0.001000000000003873225 ) ) ;
#8089 = LINE ( 'NONE', #8167, #3614 ) ;
#8090 = LINE ( 'NONE', #2376, #7026 ) ;
#8091 = LINE ( 'NONE', #6702, #9602 ) ;
#8092 = FILL_AREA_STYLE ('',( #7320 ) ) ;
#8093 = STYLED_ITEM ( 'NONE', ( #3105 ), #2693 ) ;
#8094 = LINE ( 'NONE', #5209, #7854 ) ;
#8095 = ORIENTED_EDGE ( 'NONE', *, *, #2442, .T. ) ;
#8096 = CARTESIAN_POINT ( 'NONE',  ( 0.2800634872622634886, 0.9556663288180556881, 0.001000000000003873225 ) ) ;
#8097 = VECTOR ( 'NONE', #4594, 999.9999999999998863 ) ;
#8098 = DIRECTION ( 'NONE',  ( 1.000000000000000000, -5.595468833802103278E-31, 1.532000111646839560E-16 ) ) ;
#8099 = PLANE ( 'NONE',  #6724 ) ;
#8100 = VERTEX_POINT ( 'NONE', #2813 ) ;
#8101 = CARTESIAN_POINT ( 'NONE',  ( 0.3777890798045921983, 1.154204059636644075, 0.001000000000004306906 ) ) ;
#8102 = FILL_AREA_STYLE_COLOUR ( '', #3425 ) ;
#8103 = DIRECTION ( 'NONE',  ( -0.09525861801280717522, 0.9954525582338367151, 3.475604030777098573E-15 ) ) ;
#8104 = ORIENTED_EDGE ( 'NONE', *, *, #8955, .T. ) ;
#8105 = ORIENTED_EDGE ( 'NONE', *, *, #9101, .F. ) ;
#8106 = VERTEX_POINT ( 'NONE', #617 ) ;
#8107 = CARTESIAN_POINT ( 'NONE',  ( -0.2514792128783346348, 0.9542040596366438976, 0.001000000000003873225 ) ) ;
#8108 = LINE ( 'NONE', #6285, #2212 ) ;
#8109 = ORIENTED_EDGE ( 'NONE', *, *, #5543, .F. ) ;
#8110 = ORIENTED_EDGE ( 'NONE', *, *, #5183, .F. ) ;
#8111 = EDGE_CURVE ( 'NONE', #3366, #2348, #8530, .T. ) ;
#8112 = ORIENTED_EDGE ( 'NONE', *, *, #6371, .T. ) ;
#8113 = SURFACE_STYLE_USAGE ( .BOTH. , #542 ) ;
#8114 = COLOUR_RGB ( '',1.000000000000000000, 1.000000000000000000, 1.000000000000000000 ) ;
#8115 = LINE ( 'NONE', #7669, #6127 ) ;
#8116 =( NAMED_UNIT ( * ) SI_UNIT ( $, .STERADIAN. ) SOLID_ANGLE_UNIT ( ) );
#8117 = FILL_AREA_STYLE_COLOUR ( '', #8472 ) ;
#8118 = AXIS2_PLACEMENT_3D ( 'NONE', #3884, #4747, #2408 ) ;
#8119 = DIRECTION ( 'NONE',  ( -1.000000000000000000, 0.0000000000000000000, 0.0000000000000000000 ) ) ;
#8120 = DIRECTION ( 'NONE',  ( 0.0000000000000000000, 1.000000000000000000, 3.491481338843133355E-15 ) ) ;
#8121 = EDGE_CURVE ( 'NONE', #6360, #4077, #8986, .T. ) ;
#8122 = CARTESIAN_POINT ( 'NONE',  ( 0.2997638812703259936, 0.9606707625257403516, 0.001000000000003873225 ) ) ;
#8123 = ORIENTED_EDGE ( 'NONE', *, *, #8006, .T. ) ;
#8124 = CARTESIAN_POINT ( 'NONE',  ( 1.600000000000000311, -4.568999999999999062, 2.900999999999985146 ) ) ;
#8125 = ORIENTED_EDGE ( 'NONE', *, *, #1012, .F. ) ;
#8126 = FACE_OUTER_BOUND ( 'NONE', #726, .T. ) ;
#8127 =( NAMED_UNIT ( * ) SI_UNIT ( $, .STERADIAN. ) SOLID_ANGLE_UNIT ( ) );
#8128 = PRESENTATION_LAYER_ASSIGNMENT (  '', '', ( #1711 ) ) ;
#8129 = EDGE_CURVE ( 'NONE', #8072, #7273, #3370, .T. ) ;
#8130 = PRESENTATION_STYLE_ASSIGNMENT (( #2484 ) ) ;
#8131 = CARTESIAN_POINT ( 'NONE',  ( 1.600000000000000533, -4.768999999999996575, 1.700999999999984080 ) ) ;
#8132 =( LENGTH_UNIT ( ) NAMED_UNIT ( * ) SI_UNIT ( .MILLI., .METRE. ) );
#8133 =( NAMED_UNIT ( * ) SI_UNIT ( $, .STERADIAN. ) SOLID_ANGLE_UNIT ( ) );
#8134 = ORIENTED_EDGE ( 'NONE', *, *, #249, .F. ) ;
#8135 = SURFACE_SIDE_STYLE ('',( #5551 ) ) ;
#8136 = LINE ( 'NONE', #4503, #5555 ) ;
#8137 = PRESENTATION_STYLE_ASSIGNMENT (( #8847 ) ) ;
#8138 = ADVANCED_FACE ( 'NONE', ( #4201 ), #5880, .F. ) ;
#8139 = AXIS2_PLACEMENT_3D ( 'NONE', #7459, #8193, #5181 ) ;
#8140 = DIRECTION ( 'NONE',  ( -1.495451272393799296E-16, -3.491481338843133355E-15, 1.000000000000000000 ) ) ;
#8141 =( NAMED_UNIT ( * ) SI_UNIT ( $, .STERADIAN. ) SOLID_ANGLE_UNIT ( ) );
#8142 = ORIENTED_EDGE ( 'NONE', *, *, #7002, .T. ) ;
#8143 = CARTESIAN_POINT ( 'NONE',  ( 2.699999999999999734, -1.568999999999990624, 0.2009999999999952935 ) ) ;
#8144 = CARTESIAN_POINT ( 'NONE',  ( 0.4627357261460555704, 0.9926186937829852841, 0.001000000000003873225 ) ) ;
#8145 = EDGE_CURVE ( 'NONE', #7855, #7474, #6768, .T. ) ;
#8146 = MECHANICAL_DESIGN_GEOMETRIC_PRESENTATION_REPRESENTATION (  '', ( #9653 ), #2445 ) ;
#8147 = UNCERTAINTY_MEASURE_WITH_UNIT (LENGTH_MEASURE( 1.000000000000000082E-05 ), #696, 'distance_accuracy_value', 'NONE');
#8148 = CARTESIAN_POINT ( 'NONE',  ( -2.900000000000000799, -0.7590000000000105551, 5.800999999999997492 ) ) ;
#8149 = LINE ( 'NONE', #9700, #6971 ) ;
#8150 = CARTESIAN_POINT ( 'NONE',  ( 0.3630750998843740307, 1.048063422420008273, 0.01100000000000433270 ) ) ;
#8151 =( GEOMETRIC_REPRESENTATION_CONTEXT ( 3 ) GLOBAL_UNCERTAINTY_ASSIGNED_CONTEXT ( ( #7460 ) ) GLOBAL_UNIT_ASSIGNED_CONTEXT ( ( #5520, #1024, #3932 ) ) REPRESENTATION_CONTEXT ( 'NONE', 'WORKASPACE' ) );
#8152 = FILL_AREA_STYLE ('',( #7377 ) ) ;
#8153 = CARTESIAN_POINT ( 'NONE',  ( 0.3089383080800607306, 0.9643597674347730297, 0.001000000000003873225 ) ) ;
#8154 = DIRECTION ( 'NONE',  ( 0.0000000000000000000, 1.000000000000000000, 3.491481338843133355E-15 ) ) ;
#8155 = VECTOR ( 'NONE', #9334, 1000.000000000000114 ) ;
#8156 = CARTESIAN_POINT ( 'NONE',  ( -0.0006420805121272697962, 1.129789853919795029, 0.001000000000004306906 ) ) ;
#8157 = DIRECTION ( 'NONE',  ( 0.0000000000000000000, -3.491481338843133355E-15, 1.000000000000000000 ) ) ;
#8158 =( NAMED_UNIT ( * ) PLANE_ANGLE_UNIT ( ) SI_UNIT ( $, .RADIAN. ) );
#8159 = ORIENTED_EDGE ( 'NONE', *, *, #4470, .T. ) ;
#8160 = CARTESIAN_POINT ( 'NONE',  ( 0.4627357261460555704, 0.9926186937829852841, 0.001000000000003873225 ) ) ;
#8161 = CARTESIAN_POINT ( 'NONE',  ( 2.899999999999999911, 2.901710678118662567, 0.6010000000000110809 ) ) ;
#8162 = AXIS2_PLACEMENT_3D ( 'NONE', #2618, #5676, #5644 ) ;
#8163 = DIRECTION ( 'NONE',  ( 0.0000000000000000000, -1.000000000000000000, -3.491481338843133355E-15 ) ) ;
#8164 = VECTOR ( 'NONE', #3365, 1000.000000000000000 ) ;
#8165 = CARTESIAN_POINT ( 'NONE',  ( 0.005110284282089799096, 1.149535597253583452, 0.01100000000000433270 ) ) ;
#8166 = DIRECTION ( 'NONE',  ( 0.0000000000000000000, -3.491481338843133355E-15, 1.000000000000000000 ) ) ;
#8167 = CARTESIAN_POINT ( 'NONE',  ( -2.800000000000000266, -0.7589999999999949010, 1.400999999999997803 ) ) ;
#8168 = COLOUR_RGB ( '',0.7764705882352941346, 0.7568627450980391913, 0.7372549019607843590 ) ;
#8169 = FACE_OUTER_BOUND ( 'NONE', #3779, .T. ) ;
#8170 =( LENGTH_UNIT ( ) NAMED_UNIT ( * ) SI_UNIT ( .MILLI., .METRE. ) );
#8171 = VECTOR ( 'NONE', #8771, 1000.000000000000000 ) ;
#8172 = EDGE_CURVE ( 'NONE', #4554, #1764, #3953, .T. ) ;
#8173 = ORIENTED_EDGE ( 'NONE', *, *, #4857, .F. ) ;
#8174 = CARTESIAN_POINT ( 'NONE',  ( 0.3517132003067554025, 1.002982983707136899, 0.01100000000000389902 ) ) ;
#8175 = DIRECTION ( 'NONE',  ( -0.3222024856061127540, 0.9466707760722534726, 3.305283348684419555E-15 ) ) ;
#8176 = DIRECTION ( 'NONE',  ( -0.0000000000000000000, -1.000000000000000000, -3.491481338843133355E-15 ) ) ;
#8177 = PLANE ( 'NONE',  #4375 ) ;
#8178 = ADVANCED_FACE ( 'NONE', ( #7130 ), #5983, .F. ) ;
#8179 = CARTESIAN_POINT ( 'NONE',  ( -0.06778009672879739544, 1.153014013345657007, 0.01100000000000433270 ) ) ;
#8180 = EDGE_CURVE ( 'NONE', #4077, #1673, #95, .T. ) ;
#8181 = AXIS2_PLACEMENT_3D ( 'NONE', #9011, #827, #4473 ) ;
#8182 = EDGE_CURVE ( 'NONE', #5836, #9051, #6430, .T. ) ;
#8183 = CARTESIAN_POINT ( 'NONE',  ( 2.899999999999999911, 0.9017106781186623454, 0.6010000000000036424 ) ) ;
#8184 = ORIENTED_EDGE ( 'NONE', *, *, #8470, .F. ) ;
#8185 = ORIENTED_EDGE ( 'NONE', *, *, #301, .F. ) ;
#8186 = CARTESIAN_POINT ( 'NONE',  ( 2.699999999999998845, -1.769000000000010120, 5.800999999999993939 ) ) ;
#8187 = CARTESIAN_POINT ( 'NONE',  ( -2.900000000000000355, -0.7589999999999966773, 1.920999999999998042 ) ) ;
#8188 = CARTESIAN_POINT ( 'NONE',  ( 0.2829233446528621743, 1.129430940013286699, 0.01100000000000433270 ) ) ;
#8189 =( LENGTH_UNIT ( ) NAMED_UNIT ( * ) SI_UNIT ( .MILLI., .METRE. ) );
#8190 = SURFACE_SIDE_STYLE ('',( #5820 ) ) ;
#8191 = ADVANCED_FACE ( 'NONE', ( #5827 ), #8882, .T. ) ;
#8192 = EDGE_CURVE ( 'NONE', #1777, #5082, #5713, .T. ) ;
#8193 = DIRECTION ( 'NONE',  ( 1.000000000000000000, 0.0000000000000000000, -0.0000000000000000000 ) ) ;
#8194 = ORIENTED_EDGE ( 'NONE', *, *, #8443, .T. ) ;
#8195 = VERTEX_POINT ( 'NONE', #2913 ) ;
#8196 = UNCERTAINTY_MEASURE_WITH_UNIT (LENGTH_MEASURE( 1.000000000000000082E-05 ), #4409, 'distance_accuracy_value', 'NONE');
#8197 =( GEOMETRIC_REPRESENTATION_CONTEXT ( 3 ) GLOBAL_UNCERTAINTY_ASSIGNED_CONTEXT ( ( #1923 ) ) GLOBAL_UNIT_ASSIGNED_CONTEXT ( ( #27, #4327, #7257 ) ) REPRESENTATION_CONTEXT ( 'NONE', 'WORKASPACE' ) );
#8198 = UNCERTAINTY_MEASURE_WITH_UNIT (LENGTH_MEASURE( 1.000000000000000082E-05 ), #7834, 'distance_accuracy_value', 'NONE');
#8199 = LINE ( 'NONE', #4586, #3494 ) ;
#8200 = B_SPLINE_CURVE_WITH_KNOTS ( 'NONE', 3,
 ( #4583, #3794, #8264, #43, #6007, #71, #8965, #1556, #14, #1503, #8931 ),
 .UNSPECIFIED., .F., .F.,
 ( 4, 1, 1, 1, 1, 1, 1, 1, 4 ),
 ( 0.0000000000000000000, 0.1252796967356235025, 0.2494199707420483858, 0.3733567994928193023, 0.4966812787822841302, 0.6202029157439812312, 0.7450863201614558173, 0.8712691950190976087, 1.000000000000000000 ),
 .UNSPECIFIED. ) ;
#8201 = PLANE ( 'NONE',  #1550 ) ;
#8202 = CARTESIAN_POINT ( 'NONE',  ( 0.1533988359021533909, 1.063960157197619605, 0.01100000000000433270 ) ) ;
#8203 = CARTESIAN_POINT ( 'NONE',  ( 1.800000000000000711, -4.568999999999993733, 1.400999999999984702 ) ) ;
#8204 = FACE_OUTER_BOUND ( 'NONE', #2313, .T. ) ;
#8205 = FILL_AREA_STYLE ('',( #2202 ) ) ;
#8206 = AXIS2_PLACEMENT_3D ( 'NONE', #829, #7577, #9727 ) ;
#8207 = VERTEX_POINT ( 'NONE', #4441 ) ;
#8208 = VECTOR ( 'NONE', #4746, 1000.000000000000000 ) ;
#8209 = ORIENTED_EDGE ( 'NONE', *, *, #20, .F. ) ;
#8210 = DIRECTION ( 'NONE',  ( -2.465190328815661892E-32, 1.000000000000000000, 3.491481338843133355E-15 ) ) ;
#8211 = ORIENTED_EDGE ( 'NONE', *, *, #1451, .F. ) ;
#8212 = VERTEX_POINT ( 'NONE', #4475 ) ;
#8213 = CARTESIAN_POINT ( 'NONE',  ( 0.3334802748478690182, 1.026548112706091809, 0.01100000000000389902 ) ) ;
#8214 =( LENGTH_UNIT ( ) NAMED_UNIT ( * ) SI_UNIT ( .MILLI., .METRE. ) );
#8215 = VECTOR ( 'NONE', #8452, 999.9999999999998863 ) ;
#8216 = ORIENTED_EDGE ( 'NONE', *, *, #5444, .T. ) ;
#8217 = LINE ( 'NONE', #6580, #151 ) ;
#8218 = LINE ( 'NONE', #4840, #7753 ) ;
#8219 = ORIENTED_EDGE ( 'NONE', *, *, #4603, .T. ) ;
#8220 = STYLED_ITEM ( 'NONE', ( #3076 ), #9708 ) ;
#8221 = ORIENTED_EDGE ( 'NONE', *, *, #1930, .F. ) ;
#8222 = ORIENTED_EDGE ( 'NONE', *, *, #9544, .F. ) ;
#8223 = CARTESIAN_POINT ( 'NONE',  ( 0.01681347004849466711, 1.121886986465911118, 0.01100000000000433270 ) ) ;
#8224 = DIRECTION ( 'NONE',  ( 1.000000000000000000, 0.0000000000000000000, -0.0000000000000000000 ) ) ;
#8225 = DIRECTION ( 'NONE',  ( -0.3826834323650907255, -3.225708147102274523E-15, 0.9238795325112864054 ) ) ;
#8226 = CARTESIAN_POINT ( 'NONE',  ( 3.958578643762689087, 2.901710678118664788, 0.001000000000010378438 ) ) ;
#8227 = EDGE_LOOP ( 'NONE', ( #1496, #3133, #561, #4068, #6144, #377 ) ) ;
#8228 = AXIS2_PLACEMENT_3D ( 'NONE', #1440, #6038, #9037 ) ;
#8229 = ADVANCED_FACE ( 'NONE', ( #4189 ), #8249, .F. ) ;
#8230 = PRESENTATION_LAYER_ASSIGNMENT (  '', '', ( #4714 ) ) ;
#8231 = ORIENTED_EDGE ( 'NONE', *, *, #2706, .F. ) ;
#8232 =( GEOMETRIC_REPRESENTATION_CONTEXT ( 3 ) GLOBAL_UNCERTAINTY_ASSIGNED_CONTEXT ( ( #3797 ) ) GLOBAL_UNIT_ASSIGNED_CONTEXT ( ( #5896, #6006, #4520 ) ) REPRESENTATION_CONTEXT ( 'NONE', 'WORKASPACE' ) );
#8233 = CARTESIAN_POINT ( 'NONE',  ( 0.2585055432192264191, 0.9761552791488392611, 0.001000000000003873225 ) ) ;
#8234 = FILL_AREA_STYLE ('',( #111 ) ) ;
#8235 = CARTESIAN_POINT ( 'NONE',  ( 2.720000000000000195, 1.350999999999996204, 3.881000000000004224 ) ) ;
#8236 = ORIENTED_EDGE ( 'NONE', *, *, #302, .T. ) ;
#8237 = CARTESIAN_POINT ( 'NONE',  ( 1.600000000000000533, -4.569000000000002615, 3.900999999999985146 ) ) ;
#8238 = CARTESIAN_POINT ( 'NONE',  ( -0.2246499445856518229, 1.132252840124448934, 0.01100000000000433270 ) ) ;
#8239 = EDGE_CURVE ( 'NONE', #1691, #4568, #6882, .T. ) ;
#8240 = SPHERICAL_SURFACE ( 'NONE', #8734, 0.2000000000000000111 ) ;
#8241 = ORIENTED_EDGE ( 'NONE', *, *, #9174, .F. ) ;
#8242 = ADVANCED_FACE ( 'NONE', ( #7585 ), #8343, .F. ) ;
#8243 = MECHANICAL_DESIGN_GEOMETRIC_PRESENTATION_REPRESENTATION (  '', ( #7742 ), #8608 ) ;
#8244 = CIRCLE ( 'NONE', #1150, 0.2000000000000000944 ) ;
#8245 = DIRECTION ( 'NONE',  ( 0.0000000000000000000, -1.000000000000000000, -3.491481338843133355E-15 ) ) ;
#8246 = CARTESIAN_POINT ( 'NONE',  ( -1.799999999999999822, -4.569000000000004391, 4.400999999999984702 ) ) ;
#8247 = ORIENTED_EDGE ( 'NONE', *, *, #102, .T. ) ;
#8248 =( LENGTH_UNIT ( ) NAMED_UNIT ( * ) SI_UNIT ( .MILLI., .METRE. ) );
#8249 = PLANE ( 'NONE',  #7978 ) ;
#8250 = CARTESIAN_POINT ( 'NONE',  ( 0.3311185127131069938, 1.019088363344296866, 0.01100000000000389902 ) ) ;
#8251 = FILL_AREA_STYLE ('',( #6731 ) ) ;
#8252 =( LENGTH_UNIT ( ) NAMED_UNIT ( * ) SI_UNIT ( .MILLI., .METRE. ) );
#8253 = LINE ( 'NONE', #237, #9176 ) ;
#8254 = ORIENTED_EDGE ( 'NONE', *, *, #8192, .F. ) ;
#8255 = COLOUR_RGB ( '',1.000000000000000000, 1.000000000000000000, 1.000000000000000000 ) ;
#8256 = STYLED_ITEM ( 'NONE', ( #7346 ), #6028 ) ;
#8257 = CARTESIAN_POINT ( 'NONE',  ( 0.2565619456582508007, 1.154204059636644075, 0.001000000000004306906 ) ) ;
#8258 =( NAMED_UNIT ( * ) SI_UNIT ( $, .STERADIAN. ) SOLID_ANGLE_UNIT ( ) );
#8259 = CARTESIAN_POINT ( 'NONE',  ( 0.4657037291637594612, 0.9800184819967268091, 0.001000000000003873225 ) ) ;
#8260 =( GEOMETRIC_REPRESENTATION_CONTEXT ( 3 ) GLOBAL_UNCERTAINTY_ASSIGNED_CONTEXT ( ( #6574 ) ) GLOBAL_UNIT_ASSIGNED_CONTEXT ( ( #2965, #3042, #7494 ) ) REPRESENTATION_CONTEXT ( 'NONE', 'WORKASPACE' ) );
#8261 = EDGE_LOOP ( 'NONE', ( #6967, #105, #2207, #1208 ) ) ;
#8262 = CARTESIAN_POINT ( 'NONE',  ( 0.01115621717900906057, 1.146960779231144256, 0.01100000000000433270 ) ) ;
#8263 = FACE_OUTER_BOUND ( 'NONE', #623, .T. ) ;
#8264 = CARTESIAN_POINT ( 'NONE',  ( 0.01150139214840733941, 0.9834344153991825266, 0.01100000000000389902 ) ) ;
#8265 = FILL_AREA_STYLE ('',( #2257 ) ) ;
#8266 =( NAMED_UNIT ( * ) SI_UNIT ( $, .STERADIAN. ) SOLID_ANGLE_UNIT ( ) );
#8267 = AXIS2_PLACEMENT_3D ( 'NONE', #3804, #3183, #8432 ) ;
#8268 = CARTESIAN_POINT ( 'NONE',  ( 0.3351414718570921436, 1.034605507733256102, 0.001000000000004306906 ) ) ;
#8269 = VECTOR ( 'NONE', #8822, 1000.000000000000000 ) ;
#8270 = ORIENTED_EDGE ( 'NONE', *, *, #8905, .T. ) ;
#8271 = FACE_OUTER_BOUND ( 'NONE', #6089, .T. ) ;
#8272 = CARTESIAN_POINT ( 'NONE',  ( 0.2622942453007889863, 0.9542859580271602082, 0.01100000000000389902 ) ) ;
#8273 = VECTOR ( 'NONE', #4676, 1000.000000000000000 ) ;
#8274 = CARTESIAN_POINT ( 'NONE',  ( 0.1582768846826410614, 0.9542040596366438976, 0.001000000000003873225 ) ) ;
#8275 = AXIS2_PLACEMENT_3D ( 'NONE', #3674, #5186, #4431 ) ;
#8276 = ADVANCED_FACE ( 'NONE', ( #676 ), #2371, .T. ) ;
#8277 = DIRECTION ( 'NONE',  ( 1.000000000000000000, 5.221340210712170860E-31, -1.495451272393799542E-16 ) ) ;
#8278 = CARTESIAN_POINT ( 'NONE',  ( 0.3033704733862420122, 0.9867816244480482890, 0.01100000000000389902 ) ) ;
#8279 = DIRECTION ( 'NONE',  ( 1.445602896647339163E-16, 3.491481338843133355E-15, -1.000000000000000000 ) ) ;
#8280 = DIRECTION ( 'NONE',  ( 1.000000000000000000, -5.221340210712170860E-31, 1.495451272393799542E-16 ) ) ;
#8281 = LINE ( 'NONE', #514, #3716 ) ;
#8282 = COLOUR_RGB ( '',0.1098039215686274495, 0.1098039215686274495, 0.1098039215686274495 ) ;
#8283 = FACE_BOUND ( 'NONE', #7612, .T. ) ;
#8284 = SURFACE_STYLE_USAGE ( .BOTH. , #935 ) ;
#8285 = FILL_AREA_STYLE ('',( #62 ) ) ;
#8286 = DIRECTION ( 'NONE',  ( 0.0000000000000000000, -3.491481338843133355E-15, 1.000000000000000000 ) ) ;
#8287 = UNCERTAINTY_MEASURE_WITH_UNIT (LENGTH_MEASURE( 1.000000000000000082E-05 ), #4987, 'distance_accuracy_value', 'NONE');
#8288 = PRESENTATION_LAYER_ASSIGNMENT (  '', '', ( #9600 ) ) ;
#8289 = CARTESIAN_POINT ( 'NONE',  ( -0.04168883006668366864, 1.156565652609916617, 0.001000000000004306906 ) ) ;
#8290 = VECTOR ( 'NONE', #912, 1000.000000000000000 ) ;
#8291 = SURFACE_STYLE_FILL_AREA ( #7021 ) ;
#8292 = VECTOR ( 'NONE', #409, 1000.000000000000000 ) ;
#8293 = VECTOR ( 'NONE', #3879, 1000.000000000000000 ) ;
#8294 = DIRECTION ( 'NONE',  ( 0.0000000000000000000, 1.000000000000000000, 3.491481338843133355E-15 ) ) ;
#8295 = EDGE_LOOP ( 'NONE', ( #6168, #7661, #5754, #7448, #604 ) ) ;
#8296 = PRESENTATION_LAYER_ASSIGNMENT (  '', '', ( #3079 ) ) ;
#8297 = PLANE ( 'NONE',  #3200 ) ;
#8298 = EDGE_CURVE ( 'NONE', #4581, #6223, #7336, .T. ) ;
#8299 = ORIENTED_EDGE ( 'NONE', *, *, #8548, .F. ) ;
#8300 = CARTESIAN_POINT ( 'NONE',  ( 0.3362601090539636961, 1.049196285048161759, 0.001000000000004306906 ) ) ;
#8301 = MECHANICAL_DESIGN_GEOMETRIC_PRESENTATION_REPRESENTATION (  '', ( #7605 ), #283 ) ;
#8302 = EDGE_CURVE ( 'NONE', #4791, #380, #1242, .T. ) ;
#8303 = EDGE_LOOP ( 'NONE', ( #3903, #7513, #276, #2590 ) ) ;
#8304 = VERTEX_POINT ( 'NONE', #3910 ) ;
#8305 = ORIENTED_EDGE ( 'NONE', *, *, #7181, .F. ) ;
#8306 = FACE_OUTER_BOUND ( 'NONE', #3282, .T. ) ;
#8307 = VECTOR ( 'NONE', #4270, 1000.000000000000000 ) ;
#8308 = CARTESIAN_POINT ( 'NONE',  ( -0.1025311041977150506, 1.081190301029506529, 0.01100000000000433270 ) ) ;
#8309 = CARTESIAN_POINT ( 'NONE',  ( 0.3614652056852972750, 1.030636815351427149, 0.001000000000003873225 ) ) ;
#8310 = CARTESIAN_POINT ( 'NONE',  ( 0.01150139214840733941, 0.9834344153991825266, 0.001000000000003873225 ) ) ;
#8311 = AXIS2_PLACEMENT_3D ( 'NONE', #7387, #2089, #6646 ) ;
#8312 = EDGE_CURVE ( 'NONE', #9117, #6435, #4418, .T. ) ;
#8313 = CARTESIAN_POINT ( 'NONE',  ( -0.2246499445856518229, 0.9542040596366438976, 0.01100000000000389902 ) ) ;
#8314 = CARTESIAN_POINT ( 'NONE',  ( 0.2021793237070312610, 1.154204059636644075, 0.001000000000004306906 ) ) ;
#8315 = MECHANICAL_DESIGN_GEOMETRIC_PRESENTATION_REPRESENTATION (  '', ( #4482 ), #3471 ) ;
#8316 = UNCERTAINTY_MEASURE_WITH_UNIT (LENGTH_MEASURE( 1.000000000000000082E-05 ), #1520, 'distance_accuracy_value', 'NONE');
#8317 = PRESENTATION_STYLE_ASSIGNMENT (( #3736 ) ) ;
#8318 =( LENGTH_UNIT ( ) NAMED_UNIT ( * ) SI_UNIT ( .MILLI., .METRE. ) );
#8319 = EDGE_CURVE ( 'NONE', #6383, #6364, #4531, .T. ) ;
#8320 = LINE ( 'NONE', #2401, #8652 ) ;
#8321 = PRESENTATION_STYLE_ASSIGNMENT (( #2992 ) ) ;
#8322 = CARTESIAN_POINT ( 'NONE',  ( 0.4665848115119092254, 0.9785943035390829436, 0.01100000000000389902 ) ) ;
#8323 = ORIENTED_EDGE ( 'NONE', *, *, #5962, .T. ) ;
#8324 = ORIENTED_EDGE ( 'NONE', *, *, #3787, .F. ) ;
#8325 = EDGE_CURVE ( 'NONE', #6397, #5082, #84, .T. ) ;
#8326 = ADVANCED_FACE ( 'NONE', ( #5817 ), #6936, .F. ) ;
#8327 = CARTESIAN_POINT ( 'NONE',  ( 3.799999999999996714, 2.901710678118664788, 0.001000000000011245799 ) ) ;
#8328 = SURFACE_STYLE_USAGE ( .BOTH. , #3792 ) ;
#8329 = EDGE_LOOP ( 'NONE', ( #6903, #5089, #445, #5070 ) ) ;
#8330 = PLANE ( 'NONE',  #5715 ) ;
#8331 = CARTESIAN_POINT ( 'NONE',  ( -1.799999999999999822, -4.769000000000004569, 4.400999999999984702 ) ) ;
#8332 = ORIENTED_EDGE ( 'NONE', *, *, #9054, .F. ) ;
#8333 = CARTESIAN_POINT ( 'NONE',  ( 0.2585055432192264191, 0.9761552791488392611, 0.001000000000003873225 ) ) ;
#8334 = VERTEX_POINT ( 'NONE', #6388 ) ;
#8335 = ORIENTED_EDGE ( 'NONE', *, *, #5623, .T. ) ;
#8336 = ORIENTED_EDGE ( 'NONE', *, *, #1408, .F. ) ;
#8337 = FILL_AREA_STYLE ('',( #6921 ) ) ;
#8338 = SURFACE_STYLE_FILL_AREA ( #4053 ) ;
#8339 = LINE ( 'NONE', #1842, #3060 ) ;
#8340 = SURFACE_SIDE_STYLE ('',( #2944 ) ) ;
#8341 = ORIENTED_EDGE ( 'NONE', *, *, #459, .T. ) ;
#8342 = FILL_AREA_STYLE ('',( #9621 ) ) ;
#8343 = PLANE ( 'NONE',  #8483 ) ;
#8344 = CARTESIAN_POINT ( 'NONE',  ( 0.2750427017284273190, 0.9772190802700233547, 0.01100000000000389902 ) ) ;
#8345 = ORIENTED_EDGE ( 'NONE', *, *, #7545, .T. ) ;
#8346 =( GEOMETRIC_REPRESENTATION_CONTEXT ( 3 ) GLOBAL_UNCERTAINTY_ASSIGNED_CONTEXT ( ( #9019 ) ) GLOBAL_UNIT_ASSIGNED_CONTEXT ( ( #433, #4863, #6405 ) ) REPRESENTATION_CONTEXT ( 'NONE', 'WORKASPACE' ) );
#8347 = PLANE ( 'NONE',  #3304 ) ;
#8348 = CARTESIAN_POINT ( 'NONE',  ( -0.06685516725408512106, 0.9823168999493242515, 0.01100000000000389902 ) ) ;
#8349 = CARTESIAN_POINT ( 'NONE',  ( 0.3334594324317887715, 1.126337445013490202, 0.001000000000004306906 ) ) ;
#8350 = ORIENTED_EDGE ( 'NONE', *, *, #2679, .F. ) ;
#8351 = CARTESIAN_POINT ( 'NONE',  ( -0.1066097212569555308, 1.129691589581832467, 0.001000000000004306906 ) ) ;
#8352 = SURFACE_STYLE_FILL_AREA ( #6078 ) ;
#8353 = PRESENTATION_LAYER_ASSIGNMENT (  '', '', ( #9534 ) ) ;
#8354 = VERTEX_POINT ( 'NONE', #1860 ) ;
#8355 = COLOUR_RGB ( '',0.1098039215686274495, 0.1098039215686274495, 0.1098039215686274495 ) ;
#8356 = CARTESIAN_POINT ( 'NONE',  ( 1.800000000000000266, -1.769000000000005013, 4.400999999999995360 ) ) ;
#8357 = EDGE_CURVE ( 'NONE', #2187, #1777, #781, .T. ) ;
#8358 = COLOUR_RGB ( '',1.000000000000000000, 1.000000000000000000, 1.000000000000000000 ) ;
#8359 =( NAMED_UNIT ( * ) PLANE_ANGLE_UNIT ( ) SI_UNIT ( $, .RADIAN. ) );
#8360 = ORIENTED_EDGE ( 'NONE', *, *, #5481, .F. ) ;
#8361 = CARTESIAN_POINT ( 'NONE',  ( -2.900000000000000355, 3.330999999999996408, 3.901000000000012236 ) ) ;
#8362 = CARTESIAN_POINT ( 'NONE',  ( -2.899999999999999911, 0.9761552791488392611, 0.01100000000000389902 ) ) ;
#8363 = FILL_AREA_STYLE ('',( #1670 ) ) ;
#8364 = LINE ( 'NONE', #8743, #1096 ) ;
#8365 = CARTESIAN_POINT ( 'NONE',  ( 0.3243920403410524012, 1.005914989668964976, 0.001000000000003873225 ) ) ;
#8366 = EDGE_LOOP ( 'NONE', ( #367, #5275, #8535, #985 ) ) ;
#8367 = EDGE_CURVE ( 'NONE', #2743, #6199, #7818, .T. ) ;
#8368 = STYLED_ITEM ( 'NONE', ( #967 ), #9502 ) ;
#8369 = EDGE_CURVE ( 'NONE', #9160, #1648, #2267, .T. ) ;
#8370 = VECTOR ( 'NONE', #8140, 1000.000000000000000 ) ;
#8371 = VERTEX_POINT ( 'NONE', #7758 ) ;
#8372 = DIRECTION ( 'NONE',  ( 0.0000000000000000000, -3.491481338843133355E-15, 1.000000000000000000 ) ) ;
#8373 = UNCERTAINTY_MEASURE_WITH_UNIT (LENGTH_MEASURE( 1.000000000000000082E-05 ), #2068, 'distance_accuracy_value', 'NONE');
#8374 = DIRECTION ( 'NONE',  ( -1.000000000000000000, 0.0000000000000000000, 0.0000000000000000000 ) ) ;
#8375 = FACE_OUTER_BOUND ( 'NONE', #507, .T. ) ;
#8376 =( NAMED_UNIT ( * ) SI_UNIT ( $, .STERADIAN. ) SOLID_ANGLE_UNIT ( ) );
#8377 = SURFACE_STYLE_USAGE ( .BOTH. , #6866 ) ;
#8378 = ADVANCED_FACE ( 'NONE', ( #1131 ), #7274, .T. ) ;
#8379 = SURFACE_SIDE_STYLE ('',( #3604 ) ) ;
#8380 =( NAMED_UNIT ( * ) SI_UNIT ( $, .STERADIAN. ) SOLID_ANGLE_UNIT ( ) );
#8381 = CARTESIAN_POINT ( 'NONE',  ( 0.01681347004849466364, 0.9865211328073746344, 0.001000000000003873225 ) ) ;
#8382 = EDGE_LOOP ( 'NONE', ( #9664, #8873, #5486, #2024 ) ) ;
#8383 = DIRECTION ( 'NONE',  ( -0.9407669869669990081, 0.3390537954853688474, 1.183799999801101569E-15 ) ) ;
#8384 = FACE_OUTER_BOUND ( 'NONE', #8445, .T. ) ;
#8385 = PRESENTATION_STYLE_ASSIGNMENT (( #4474 ) ) ;
#8386 = EDGE_CURVE ( 'NONE', #733, #5411, #1586, .T. ) ;
#8387 = MECHANICAL_DESIGN_GEOMETRIC_PRESENTATION_REPRESENTATION (  '', ( #8256 ), #4878 ) ;
#8388 = CARTESIAN_POINT ( 'NONE',  ( -0.03804794071834590591, 0.9738887966409637276, 0.01100000000000389902 ) ) ;
#8389 = ORIENTED_EDGE ( 'NONE', *, *, #6486, .F. ) ;
#8390 = DIRECTION ( 'NONE',  ( -1.000000000000000000, -0.0000000000000000000, 0.0000000000000000000 ) ) ;
#8391 = CARTESIAN_POINT ( 'NONE',  ( 0.08266712858507989370, -0.7589999999999896829, 0.01099999999999782749 ) ) ;
#8392 = PRESENTATION_STYLE_ASSIGNMENT (( #7989 ) ) ;
#8393 = LINE ( 'NONE', #9351, #2976 ) ;
#8394 = PLANE ( 'NONE',  #1213 ) ;
#8395 = CARTESIAN_POINT ( 'NONE',  ( -0.03022825769426029999, 1.156549389317368837, 0.01100000000000433270 ) ) ;
#8396 = ORIENTED_EDGE ( 'NONE', *, *, #5370, .T. ) ;
#8397 = DIRECTION ( 'NONE',  ( 0.0000000000000000000, 1.000000000000000000, 3.368276546515235160E-15 ) ) ;
#8398 = CARTESIAN_POINT ( 'NONE',  ( 0.2613533984605144189, 0.9762138779826580182, 0.01100000000000389902 ) ) ;
#8399 = B_SPLINE_SURFACE_WITH_KNOTS ( 'NONE', 3, 1, ( 
 ( #6776, #2249 ),
 ( #8289, #3104 ),
 ( #1583, #841 ),
 ( #4718, #9156 ),
 ( #2382, #4612 ),
 ( #4641, #4684 ),
 ( #175, #3889 ),
 ( #6197, #9123 ),
 ( #6097, #6846 ),
 ( #8351, #3856 ),
 ( #103, #6809 ),
 ( #6907, #6879 ),
 ( #206, #2320 ),
 ( #243, #7593 ),
 ( #5407, #9083 ),
 ( #7659, #8415 ),
 ( #5341, #7557 ),
 ( #938, #906 ),
 ( #3074, #3170 ) ),
 .UNSPECIFIED., .F., .F., .F.,
 ( 4, 1, 1, 1, 1, 1, 1, 1, 1, 1, 1, 1, 1, 1, 1, 1, 4 ),
 ( 2, 2 ),
 ( 0.0000000000000000000, 0.06783324845577361206, 0.1326555365079040427, 0.1950508840508274611, 0.2555829330687774958, 0.3147998341472895145, 0.3736004728263744301, 0.4325455953267433595, 0.4924306292835643473, 0.5526712559629685106, 0.6125130441881163623, 0.6726102503570058344, 0.7338383693139448605, 0.7965942385677732274, 0.8614497992905715273, 0.9291989423509054991, 1.000000000000000000 ),
 ( 0.0000000000000000000, 1.000000000000000000 ),
 .UNSPECIFIED. ) ;
#8400 = FILL_AREA_STYLE ('',( #6044 ) ) ;
#8401 = DIRECTION ( 'NONE',  ( -1.000000000000000000, -3.028377322213055368E-30, 8.673617379884027583E-16 ) ) ;
#8402 = PRESENTATION_LAYER_ASSIGNMENT (  '', '', ( #6217 ) ) ;
#8403 = CARTESIAN_POINT ( 'NONE',  ( -1.799999999999999822, -4.769000000000004569, 4.400999999999984702 ) ) ;
#8404 = SURFACE_STYLE_USAGE ( .BOTH. , #9184 ) ;
#8405 = COLOUR_RGB ( '',0.1098039215686274495, 0.1098039215686274495, 0.1098039215686274495 ) ;
#8406 = DIRECTION ( 'NONE',  ( -0.3826834323650907255, 3.225708147102274523E-15, -0.9238795325112862944 ) ) ;
#8407 = VERTEX_POINT ( 'NONE', #1976 ) ;
#8408 = VECTOR ( 'NONE', #5606, 1000.000000000000000 ) ;
#8409 = CARTESIAN_POINT ( 'NONE',  ( -4.699999999999997513, 2.901710678118664788, 0.001000000000011245799 ) ) ;
#8410 = ORIENTED_EDGE ( 'NONE', *, *, #9315, .T. ) ;
#8411 = DIRECTION ( 'NONE',  ( -1.532000111646839560E-16, -3.491481338843133355E-15, 1.000000000000000000 ) ) ;
#8412 = CARTESIAN_POINT ( 'NONE',  ( 4.699999999999997513, 0.3017106781186638109, 0.2010000000000022324 ) ) ;
#8413 = CARTESIAN_POINT ( 'NONE',  ( -0.01037766961828822179, 0.9527990677432475186, 0.001000000000003873225 ) ) ;
#8414 =( GEOMETRIC_REPRESENTATION_CONTEXT ( 3 ) GLOBAL_UNCERTAINTY_ASSIGNED_CONTEXT ( ( #5132 ) ) GLOBAL_UNIT_ASSIGNED_CONTEXT ( ( #1746, #6229, #1833 ) ) REPRESENTATION_CONTEXT ( 'NONE', 'WORKASPACE' ) );
#8415 = CARTESIAN_POINT ( 'NONE',  ( -0.1305143557127103060, 1.079040672338170692, 0.01100000000000433270 ) ) ;
#8416 = ORIENTED_EDGE ( 'NONE', *, *, #574, .F. ) ;
#8417 = ORIENTED_EDGE ( 'NONE', *, *, #4136, .T. ) ;
#8418 = CARTESIAN_POINT ( 'NONE',  ( -2.899999999999999911, 0.9017106781186623454, 0.6010000000000036424 ) ) ;
#8419 = ORIENTED_EDGE ( 'NONE', *, *, #3411, .T. ) ;
#8420 = ADVANCED_FACE ( 'NONE', ( #2745 ), #565, .F. ) ;
#8421 = LINE ( 'NONE', #7131, #5491 ) ;
#8422 = CARTESIAN_POINT ( 'NONE',  ( 0.2290085919997141839, 0.9761552791488392611, 0.001000000000003873225 ) ) ;
#8423 = CARTESIAN_POINT ( 'NONE',  ( -0.004329419350173203951, 0.9536983920904328338, 0.01100000000000389902 ) ) ;
#8424 = LINE ( 'NONE', #4860, #4795 ) ;
#8425 = CARTESIAN_POINT ( 'NONE',  ( -2.700000000000000178, -0.7589999999999966773, 1.900999999999998025 ) ) ;
#8426 = AXIS2_PLACEMENT_3D ( 'NONE', #8143, #8807, #8874 ) ;
#8427 = PLANE ( 'NONE',  #3643 ) ;
#8428 = ORIENTED_EDGE ( 'NONE', *, *, #4932, .F. ) ;
#8429 = PRESENTATION_LAYER_ASSIGNMENT (  '', '', ( #7932 ) ) ;
#8430 = LINE ( 'NONE', #7986, #8753 ) ;
#8431 = ADVANCED_FACE ( 'NONE', ( #6532 ), #325, .T. ) ;
#8432 = DIRECTION ( 'NONE',  ( -1.000000000000000000, -0.0000000000000000000, 0.0000000000000000000 ) ) ;
#8433 = CARTESIAN_POINT ( 'NONE',  ( 0.05583786029239712345, 1.154204059636644075, 0.001000000000004306906 ) ) ;
#8434 = CARTESIAN_POINT ( 'NONE',  ( 0.2662926603155902905, 1.132060619239166677, 0.01100000000000433270 ) ) ;
#8435 = CIRCLE ( 'NONE', #5316, 0.2000000000000000944 ) ;
#8436 = ORIENTED_EDGE ( 'NONE', *, *, #270, .T. ) ;
#8437 = CARTESIAN_POINT ( 'NONE',  ( -0.06933628480680452399, 1.126524106680409032, 0.01100000000000433270 ) ) ;
#8438 = UNCERTAINTY_MEASURE_WITH_UNIT (LENGTH_MEASURE( 1.000000000000000082E-05 ), #3687, 'distance_accuracy_value', 'NONE');
#8439 = DIRECTION ( 'NONE',  ( 1.000000000000000000, 0.0000000000000000000, 0.0000000000000000000 ) ) ;
#8440 = CARTESIAN_POINT ( 'NONE',  ( -0.02373391339597477959, 0.9738113475685843401, 0.01100000000000389902 ) ) ;
#8441 = EDGE_CURVE ( 'NONE', #2187, #6397, #9222, .T. ) ;
#8442 =( GEOMETRIC_REPRESENTATION_CONTEXT ( 3 ) GLOBAL_UNCERTAINTY_ASSIGNED_CONTEXT ( ( #1462 ) ) GLOBAL_UNIT_ASSIGNED_CONTEXT ( ( #8189, #8829, #558 ) ) REPRESENTATION_CONTEXT ( 'NONE', 'WORKASPACE' ) );
#8443 = EDGE_CURVE ( 'NONE', #6916, #2431, #8974, .T. ) ;
#8444 = ORIENTED_EDGE ( 'NONE', *, *, #6486, .T. ) ;
#8445 = EDGE_LOOP ( 'NONE', ( #7640, #5766, #7867 ) ) ;
#8446 = ORIENTED_EDGE ( 'NONE', *, *, #9294, .T. ) ;
#8447 =( NAMED_UNIT ( * ) SI_UNIT ( $, .STERADIAN. ) SOLID_ANGLE_UNIT ( ) );
#8448 = CARTESIAN_POINT ( 'NONE',  ( -0.2514792128783346348, 1.154204059636644075, 0.001000000000004306906 ) ) ;
#8449 = ORIENTED_EDGE ( 'NONE', *, *, #5033, .T. ) ;
#8450 = FACE_OUTER_BOUND ( 'NONE', #691, .T. ) ;
#8451 = VECTOR ( 'NONE', #7174, 999.9999999999998863 ) ;
#8452 = DIRECTION ( 'NONE',  ( -0.3826834323650907255, 3.225708147102274523E-15, -0.9238795325112862944 ) ) ;
#8453 = EDGE_CURVE ( 'NONE', #5309, #9714, #8058, .T. ) ;
#8454 = EDGE_LOOP ( 'NONE', ( #10, #5066, #153, #8173 ) ) ;
#8455 =( GEOMETRIC_REPRESENTATION_CONTEXT ( 3 ) GLOBAL_UNCERTAINTY_ASSIGNED_CONTEXT ( ( #4286 ) ) GLOBAL_UNIT_ASSIGNED_CONTEXT ( ( #6941, #2407, #3231 ) ) REPRESENTATION_CONTEXT ( 'NONE', 'WORKASPACE' ) );
#8456 = ORIENTED_EDGE ( 'NONE', *, *, #7170, .F. ) ;
#8457 = VERTEX_POINT ( 'NONE', #1319 ) ;
#8458 = CARTESIAN_POINT ( 'NONE',  ( -2.900000000000000799, 3.330999999999990191, 5.601000000000012413 ) ) ;
#8459 = EDGE_LOOP ( 'NONE', ( #7972, #7713, #7141, #3404, #3979, #7295, #8336, #70 ) ) ;
#8460 = AXIS2_PLACEMENT_3D ( 'NONE', #7754, #5686, #2630 ) ;
#8461 =( NAMED_UNIT ( * ) SI_UNIT ( $, .STERADIAN. ) SOLID_ANGLE_UNIT ( ) );
#8462 = ORIENTED_EDGE ( 'NONE', *, *, #8121, .T. ) ;
#8463 = FILL_AREA_STYLE ('',( #259 ) ) ;
#8464 = CARTESIAN_POINT ( 'NONE',  ( -0.6999999999999999556, 3.963842712474628271, 0.3388679656440503063 ) ) ;
#8465 = ORIENTED_EDGE ( 'NONE', *, *, #89, .T. ) ;
#8466 = DIRECTION ( 'NONE',  ( 0.0000000000000000000, -1.000000000000000000, -3.491481338843133355E-15 ) ) ;
#8467 = CARTESIAN_POINT ( 'NONE',  ( -0.1208971708759431218, 1.005423155735520435, 0.001000000000003873225 ) ) ;
#8468 = CARTESIAN_POINT ( 'NONE',  ( 0.01503739292294289411, 0.9854890982090792617, 0.001000000000003873225 ) ) ;
#8469 = ORIENTED_EDGE ( 'NONE', *, *, #4297, .F. ) ;
#8470 = EDGE_CURVE ( 'NONE', #6237, #4581, #7003, .T. ) ;
#8471 = VECTOR ( 'NONE', #318, 1000.000000000000000 ) ;
#8472 = COLOUR_RGB ( '',1.000000000000000000, 1.000000000000000000, 1.000000000000000000 ) ;
#8473 = VERTEX_POINT ( 'NONE', #9649 ) ;
#8474 = DIRECTION ( 'NONE',  ( 0.0000000000000000000, -3.491481338843133355E-15, 1.000000000000000000 ) ) ;
#8475 = CARTESIAN_POINT ( 'NONE',  ( 4.699999999999997513, 0.9017106781186641218, 0.001000000000003873225 ) ) ;
#8476 = CARTESIAN_POINT ( 'NONE',  ( -2.700000000000000622, -1.569000000000009720, 5.600999999999994650 ) ) ;
#8477 = CARTESIAN_POINT ( 'NONE',  ( -0.08496206222803158459, 1.146250782943362134, 0.001000000000004306906 ) ) ;
#8478 = ADVANCED_FACE ( 'NONE', ( #5248 ), #9604, .F. ) ;
#8479 = EDGE_CURVE ( 'NONE', #7343, #7603, #2258, .T. ) ;
#8480 = CARTESIAN_POINT ( 'NONE',  ( -0.05321771489700095198, 0.9766893504245064417, 0.001000000000003873225 ) ) ;
#8481 = VECTOR ( 'NONE', #304, 1000.000000000000000 ) ;
#8482 = ORIENTED_EDGE ( 'NONE', *, *, #7362, .F. ) ;
#8483 = AXIS2_PLACEMENT_3D ( 'NONE', #6119, #228, #1607 ) ;
#8484 = COLOUR_RGB ( '',0.7764705882352941346, 0.7568627450980391913, 0.7372549019607843590 ) ;
#8485 =( NAMED_UNIT ( * ) PLANE_ANGLE_UNIT ( ) SI_UNIT ( $, .RADIAN. ) );
#8486 =( GEOMETRIC_REPRESENTATION_CONTEXT ( 3 ) GLOBAL_UNCERTAINTY_ASSIGNED_CONTEXT ( ( #1272 ) ) GLOBAL_UNIT_ASSIGNED_CONTEXT ( ( #7814, #5589, #8569 ) ) REPRESENTATION_CONTEXT ( 'NONE', 'WORKASPACE' ) );
#8487 = EDGE_CURVE ( 'NONE', #5057, #7855, #8968, .T. ) ;
#8488 =( LENGTH_UNIT ( ) NAMED_UNIT ( * ) SI_UNIT ( .MILLI., .METRE. ) );
#8489 = SURFACE_STYLE_USAGE ( .BOTH. , #3926 ) ;
#8490 = CARTESIAN_POINT ( 'NONE',  ( -0.1281310457875163844, 1.024776362188159817, 0.001000000000003873225 ) ) ;
#8491 = CIRCLE ( 'NONE', #2287, 0.2000000000000000944 ) ;
#8492 = PLANE ( 'NONE',  #8860 ) ;
#8493 = EDGE_CURVE ( 'NONE', #6694, #8728, #7809, .T. ) ;
#8494 = PRESENTATION_LAYER_ASSIGNMENT (  '', '', ( #2241 ) ) ;
#8495 = EDGE_CURVE ( 'NONE', #8589, #5298, #1476, .T. ) ;
#8496 = CARTESIAN_POINT ( 'NONE',  ( -2.899999999999999911, 0.9542040596366438976, 0.01100000000000389902 ) ) ;
#8497 = PLANE ( 'NONE',  #7187 ) ;
#8498 = CARTESIAN_POINT ( 'NONE',  ( -0.1281310457875163844, 1.024776362188159817, 0.01100000000000389902 ) ) ;
#8499 = CARTESIAN_POINT ( 'NONE',  ( 2.899999999999999911, 0.9017106781186623454, 0.6010000000000036424 ) ) ;
#8500 = SURFACE_SIDE_STYLE ('',( #2881 ) ) ;
#8501 = PRESENTATION_LAYER_ASSIGNMENT (  '', '', ( #3608 ) ) ;
#8502 = VERTEX_POINT ( 'NONE', #2896 ) ;
#8503 = EDGE_CURVE ( 'NONE', #1176, #1786, #8048, .T. ) ;
#8504 = LINE ( 'NONE', #9369, #879 ) ;
#8505 = EDGE_CURVE ( 'NONE', #5964, #4859, #1925, .T. ) ;
#8506 = PLANE ( 'NONE',  #1863 ) ;
#8507 =( NAMED_UNIT ( * ) SI_UNIT ( $, .STERADIAN. ) SOLID_ANGLE_UNIT ( ) );
#8508 = STYLED_ITEM ( 'NONE', ( #694 ), #6858 ) ;
#8509 = FILL_AREA_STYLE ('',( #6194 ) ) ;
#8510 =( NAMED_UNIT ( * ) PLANE_ANGLE_UNIT ( ) SI_UNIT ( $, .RADIAN. ) );
#8511 =( LENGTH_UNIT ( ) NAMED_UNIT ( * ) SI_UNIT ( .MILLI., .METRE. ) );
#8512 = CARTESIAN_POINT ( 'NONE',  ( -0.1039835118711591871, 1.038445951998076877, 0.001000000000004306906 ) ) ;
#8513 = FACE_OUTER_BOUND ( 'NONE', #4868, .T. ) ;
#8514 = DIRECTION ( 'NONE',  ( -0.0000000000000000000, 3.491481338843133355E-15, -1.000000000000000000 ) ) ;
#8515 = FACE_OUTER_BOUND ( 'NONE', #4740, .T. ) ;
#8516 = VECTOR ( 'NONE', #5015, 1000.000000000000000 ) ;
#8517 = AXIS2_PLACEMENT_3D ( 'NONE', #5162, #7405, #1414 ) ;
#8518 = CARTESIAN_POINT ( 'NONE',  ( 1.799999999999999822, -4.686157287525382742, 3.900999999999983370 ) ) ;
#8519 = COLOUR_RGB ( '',0.1098039215686274495, 0.1098039215686274495, 0.1098039215686274495 ) ;
#8520 =( LENGTH_UNIT ( ) NAMED_UNIT ( * ) SI_UNIT ( .MILLI., .METRE. ) );
#8521 = DIRECTION ( 'NONE',  ( 0.0000000000000000000, -1.000000000000000000, -3.491481338843133355E-15 ) ) ;
#8522 = VECTOR ( 'NONE', #346, 1000.000000000000000 ) ;
#8523 = VERTEX_POINT ( 'NONE', #4550 ) ;
#8524 = CARTESIAN_POINT ( 'NONE',  ( -0.1490401884880906136, -0.7589999999999896829, 0.01099999999999782749 ) ) ;
#8525 = APPLICATION_CONTEXT ( 'automotive_design' ) ;
#8526 = EDGE_LOOP ( 'NONE', ( #7051, #4674, #1635, #3713 ) ) ;
#8527 = LINE ( 'NONE', #5573, #2871 ) ;
#8528 = CARTESIAN_POINT ( 'NONE',  ( -0.07065594719893500408, 0.9588657740735011537, 0.001000000000003873225 ) ) ;
#8529 = CARTESIAN_POINT ( 'NONE',  ( -0.02373391339597477959, 0.9738113475685843401, 0.001000000000003873225 ) ) ;
#8530 = LINE ( 'NONE', #582, #5378 ) ;
#8531 = PRESENTATION_STYLE_ASSIGNMENT (( #3558 ) ) ;
#8532 = DIRECTION ( 'NONE',  ( -1.495451272393799542E-16, 3.491481338843133355E-15, -1.000000000000000000 ) ) ;
#8533 = ORIENTED_EDGE ( 'NONE', *, *, #4880, .F. ) ;
#8534 = PRESENTATION_LAYER_ASSIGNMENT (  '', '', ( #2100 ) ) ;
#8535 = ORIENTED_EDGE ( 'NONE', *, *, #6600, .F. ) ;
#8536 = VECTOR ( 'NONE', #6998, 1000.000000000000000 ) ;
#8537 = FILL_AREA_STYLE_COLOUR ( '', #8720 ) ;
#8538 =( LENGTH_UNIT ( ) NAMED_UNIT ( * ) SI_UNIT ( .MILLI., .METRE. ) );
#8539 = CARTESIAN_POINT ( 'NONE',  ( 0.01128226177574312254, 1.125002424021003256, 0.001000000000004306906 ) ) ;
#8540 = SURFACE_SIDE_STYLE ('',( #2013 ) ) ;
#8541 = VECTOR ( 'NONE', #8855, 1000.000000000000000 ) ;
#8542 = STYLED_ITEM ( 'NONE', ( #3446 ), #3605 ) ;
#8543 = CARTESIAN_POINT ( 'NONE',  ( -0.06778009672879739544, 1.153014013345657007, 0.001000000000004306906 ) ) ;
#8544 = EDGE_CURVE ( 'NONE', #4345, #1612, #7568, .T. ) ;
#8545 = UNCERTAINTY_MEASURE_WITH_UNIT (LENGTH_MEASURE( 1.000000000000000082E-05 ), #4504, 'distance_accuracy_value', 'NONE');
#8546 =( LENGTH_UNIT ( ) NAMED_UNIT ( * ) SI_UNIT ( .MILLI., .METRE. ) );
#8547 = ORIENTED_EDGE ( 'NONE', *, *, #7686, .T. ) ;
#8548 = EDGE_CURVE ( 'NONE', #1346, #5028, #9697, .T. ) ;
#8549 =( NAMED_UNIT ( * ) PLANE_ANGLE_UNIT ( ) SI_UNIT ( $, .RADIAN. ) );
#8550 = ORIENTED_EDGE ( 'NONE', *, *, #8386, .T. ) ;
#8551 =( NAMED_UNIT ( * ) SI_UNIT ( $, .STERADIAN. ) SOLID_ANGLE_UNIT ( ) );
#8552 = CARTESIAN_POINT ( 'NONE',  ( 3.641421356237309226, 0.9017106781186623454, 0.6010000000000036424 ) ) ;
#8553 =( GEOMETRIC_REPRESENTATION_CONTEXT ( 3 ) GLOBAL_UNCERTAINTY_ASSIGNED_CONTEXT ( ( #716 ) ) GLOBAL_UNIT_ASSIGNED_CONTEXT ( ( #8030, #1998, #8758 ) ) REPRESENTATION_CONTEXT ( 'NONE', 'WORKASPACE' ) );
#8554 = EDGE_CURVE ( 'NONE', #9595, #4843, #2144, .T. ) ;
#8555 = CARTESIAN_POINT ( 'NONE',  ( -0.1040413530463693004, 1.073308956660573132, 0.001000000000004306906 ) ) ;
#8556 = SURFACE_STYLE_USAGE ( .BOTH. , #951 ) ;
#8557 = ORIENTED_EDGE ( 'NONE', *, *, #8850, .F. ) ;
#8558 = VERTEX_POINT ( 'NONE', #180 ) ;
#8559 = VECTOR ( 'NONE', #2188, 1000.000000000000000 ) ;
#8560 = ORIENTED_EDGE ( 'NONE', *, *, #7168, .F. ) ;
#8561 = CARTESIAN_POINT ( 'NONE',  ( -2.700000000000000622, -1.569000000000009720, 5.600999999999994650 ) ) ;
#8562 = ORIENTED_EDGE ( 'NONE', *, *, #1326, .F. ) ;
#8563 = CARTESIAN_POINT ( 'NONE',  ( 0.01681347004849455609, -0.7589999999999896829, 0.01099999999999782749 ) ) ;
#8564 = CARTESIAN_POINT ( 'NONE',  ( 3.799999999999996714, 0.9017106781186641218, 0.001000000000003873225 ) ) ;
#8565 = DIRECTION ( 'NONE',  ( 1.495451272393799296E-16, 3.491481338843133355E-15, -1.000000000000000000 ) ) ;
#8566 = ORIENTED_EDGE ( 'NONE', *, *, #3237, .T. ) ;
#8567 = VERTEX_POINT ( 'NONE', #847 ) ;
#8568 = MECHANICAL_DESIGN_GEOMETRIC_PRESENTATION_REPRESENTATION (  '', ( #6192 ), #8726 ) ;
#8569 =( NAMED_UNIT ( * ) SI_UNIT ( $, .STERADIAN. ) SOLID_ANGLE_UNIT ( ) );
#8570 = ORIENTED_EDGE ( 'NONE', *, *, #9040, .T. ) ;
#8571 = VECTOR ( 'NONE', #8514, 1000.000000000000000 ) ;
#8572 = ORIENTED_EDGE ( 'NONE', *, *, #2234, .F. ) ;
#8573 = CARTESIAN_POINT ( 'NONE',  ( -2.700000000000000178, 3.330999999999996408, 3.901000000000012236 ) ) ;
#8574 = MECHANICAL_DESIGN_GEOMETRIC_PRESENTATION_REPRESENTATION (  '', ( #6395 ), #8260 ) ;
#8575 = DIRECTION ( 'NONE',  ( 1.000000000000000000, 0.0000000000000000000, 0.0000000000000000000 ) ) ;
#8576 = ORIENTED_EDGE ( 'NONE', *, *, #2297, .T. ) ;
#8577 = ADVANCED_FACE ( 'NONE', ( #7449 ), #2416, .F. ) ;
#8578 = CARTESIAN_POINT ( 'NONE',  ( -0.08432855956516036033, 0.9959910393374763471, 0.001000000000003873225 ) ) ;
#8579 = SURFACE_STYLE_FILL_AREA ( #8650 ) ;
#8580 = CARTESIAN_POINT ( 'NONE',  ( -3.958578643762689087, 2.901710678118664788, 0.001000000000010378438 ) ) ;
#8581 = ORIENTED_EDGE ( 'NONE', *, *, #5939, .T. ) ;
#8582 = UNCERTAINTY_MEASURE_WITH_UNIT (LENGTH_MEASURE( 1.000000000000000082E-05 ), #3796, 'distance_accuracy_value', 'NONE');
#8583 = DIRECTION ( 'NONE',  ( 1.000000000000000000, 0.0000000000000000000, 0.0000000000000000000 ) ) ;
#8584 = CARTESIAN_POINT ( 'NONE',  ( -4.699999999999997513, 0.3017106781186642550, 0.001000000000002138501 ) ) ;
#8585 = VECTOR ( 'NONE', #1641, 1000.000000000000000 ) ;
#8586 = FACE_OUTER_BOUND ( 'NONE', #5863, .T. ) ;
#8587 = MECHANICAL_DESIGN_GEOMETRIC_PRESENTATION_REPRESENTATION (  '', ( #8941 ), #8885 ) ;
#8588 =( NAMED_UNIT ( * ) PLANE_ANGLE_UNIT ( ) SI_UNIT ( $, .RADIAN. ) );
#8589 = VERTEX_POINT ( 'NONE', #1665 ) ;
#8590 = FACE_OUTER_BOUND ( 'NONE', #2552, .T. ) ;
#8591 = EDGE_LOOP ( 'NONE', ( #2076, #2094, #8533, #8305 ) ) ;
#8592 = CARTESIAN_POINT ( 'NONE',  ( -0.6999999999999999556, 3.960289321881354407, 0.7131320343559796049 ) ) ;
#8593 =( NAMED_UNIT ( * ) SI_UNIT ( $, .STERADIAN. ) SOLID_ANGLE_UNIT ( ) );
#8594 = PRESENTATION_STYLE_ASSIGNMENT (( #6757 ) ) ;
#8595 = DIRECTION ( 'NONE',  ( -1.000000000000000000, 5.221340210712170860E-31, -1.495451272393799542E-16 ) ) ;
#8596 = CARTESIAN_POINT ( 'NONE',  ( -0.1159717879133004143, 0.9966027881567357527, 0.001000000000003873225 ) ) ;
#8597 = CARTESIAN_POINT ( 'NONE',  ( 2.899999999999999911, -0.7689999999999901359, 0.2009999999999979026 ) ) ;
#8598 = DIRECTION ( 'NONE',  ( 1.000000000000000000, 0.0000000000000000000, 0.0000000000000000000 ) ) ;
#8599 = EDGE_LOOP ( 'NONE', ( #952, #7106, #4222, #8703 ) ) ;
#8600 = FILL_AREA_STYLE ('',( #2569 ) ) ;
#8601 =( GEOMETRIC_REPRESENTATION_CONTEXT ( 3 ) GLOBAL_UNCERTAINTY_ASSIGNED_CONTEXT ( ( #8711 ) ) GLOBAL_UNIT_ASSIGNED_CONTEXT ( ( #6205, #7776, #311 ) ) REPRESENTATION_CONTEXT ( 'NONE', 'WORKASPACE' ) );
#8602 = ORIENTED_EDGE ( 'NONE', *, *, #3980, .F. ) ;
#8603 = CARTESIAN_POINT ( 'NONE',  ( -2.899999999999999911, 1.351000000000004864, 1.421000000000005592 ) ) ;
#8604 =( NAMED_UNIT ( * ) PLANE_ANGLE_UNIT ( ) SI_UNIT ( $, .RADIAN. ) );
#8605 = ORIENTED_EDGE ( 'NONE', *, *, #9563, .T. ) ;
#8606 = EDGE_CURVE ( 'NONE', #3519, #5318, #3579, .T. ) ;
#8607 = SURFACE_STYLE_USAGE ( .BOTH. , #1810 ) ;
#8608 =( GEOMETRIC_REPRESENTATION_CONTEXT ( 3 ) GLOBAL_UNCERTAINTY_ASSIGNED_CONTEXT ( ( #6969 ) ) GLOBAL_UNIT_ASSIGNED_CONTEXT ( ( #6707, #4451, #2222 ) ) REPRESENTATION_CONTEXT ( 'NONE', 'WORKASPACE' ) );
#8609 = CARTESIAN_POINT ( 'NONE',  ( -3.799999999999996714, 0.3017106781186638109, 0.2010000000000022324 ) ) ;
#8610 = UNCERTAINTY_MEASURE_WITH_UNIT (LENGTH_MEASURE( 1.000000000000000082E-05 ), #8021, 'distance_accuracy_value', 'NONE');
#8611 = VECTOR ( 'NONE', #5075, 1000.000000000000000 ) ;
#8612 = MECHANICAL_DESIGN_GEOMETRIC_PRESENTATION_REPRESENTATION (  '', ( #4410 ), #6431 ) ;
#8613 = EDGE_CURVE ( 'NONE', #5991, #7237, #320, .T. ) ;
#8614 = UNCERTAINTY_MEASURE_WITH_UNIT (LENGTH_MEASURE( 1.000000000000000082E-05 ), #8214, 'distance_accuracy_value', 'NONE');
#8615 = VERTEX_POINT ( 'NONE', #8356 ) ;
#8616 = DIRECTION ( 'NONE',  ( -0.7071067811865460184, 2.468850131082270866E-15, -0.7071067811865490160 ) ) ;
#8617 = DIRECTION ( 'NONE',  ( 0.09525861801280717522, 0.9954525582338367151, 3.475604030777098573E-15 ) ) ;
#8618 = PLANE ( 'NONE',  #7402 ) ;
#8619 = ADVANCED_FACE ( 'NONE', ( #3469 ), #6850, .T. ) ;
#8620 = EDGE_CURVE ( 'NONE', #1612, #587, #4771, .T. ) ;
#8621 = CARTESIAN_POINT ( 'NONE',  ( 3.799999999999996714, 0.9017106781186636777, 0.2010000000000039533 ) ) ;
#8622 = DIRECTION ( 'NONE',  ( 1.532000111646839560E-16, -3.491481338843133355E-15, 1.000000000000000000 ) ) ;
#8623 = COLOUR_RGB ( '',1.000000000000000000, 1.000000000000000000, 1.000000000000000000 ) ;
#8624 = VECTOR ( 'NONE', #5524, 1000.000000000000000 ) ;
#8625 = DIRECTION ( 'NONE',  ( 0.3826834323650907255, 3.225708147102274523E-15, -0.9238795325112862944 ) ) ;
#8626 = CARTESIAN_POINT ( 'NONE',  ( 1.600000000000000311, -4.686157287525382742, 3.900999999999983370 ) ) ;
#8627 = PRESENTATION_LAYER_ASSIGNMENT (  '', '', ( #7629 ) ) ;
#8628 = CARTESIAN_POINT ( 'NONE',  ( 2.699999999999999289, 3.331000000000009731, 0.001000000000012113161 ) ) ;
#8629 = CARTESIAN_POINT ( 'NONE',  ( 2.719999999999999751, 1.351000000000004864, 1.421000000000004704 ) ) ;
#8630 = DIRECTION ( 'NONE',  ( 0.0000000000000000000, -3.491481338843133355E-15, 1.000000000000000000 ) ) ;
#8631 = FILL_AREA_STYLE ('',( #214 ) ) ;
#8632 = COLOUR_RGB ( '',0.1098039215686274495, 0.1098039215686274495, 0.1098039215686274495 ) ;
#8633 = VERTEX_POINT ( 'NONE', #2689 ) ;
#8634 = CARTESIAN_POINT ( 'NONE',  ( -2.900000000000000355, 1.350999999999996204, 3.881000000000005112 ) ) ;
#8635 = ORIENTED_EDGE ( 'NONE', *, *, #335, .T. ) ;
#8636 = LINE ( 'NONE', #6504, #5712 ) ;
#8637 = STYLED_ITEM ( 'NONE', ( #1692 ), #2237 ) ;
#8638 = FACE_OUTER_BOUND ( 'NONE', #2558, .T. ) ;
#8639 = LINE ( 'NONE', #1991, #9103 ) ;
#8640 = SURFACE_SIDE_STYLE ('',( #4305 ) ) ;
#8641 = CARTESIAN_POINT ( 'NONE',  ( 1.800000000000000266, -4.569000000000004391, 4.400999999999984702 ) ) ;
#8642 = CARTESIAN_POINT ( 'NONE',  ( -0.03025207873199314140, 0.9517650352463993269, 0.001000000000003873225 ) ) ;
#8643 = CARTESIAN_POINT ( 'NONE',  ( 1.299999999999999378, 3.960289321881353519, 0.7131320343559792718 ) ) ;
#8644 = ORIENTED_EDGE ( 'NONE', *, *, #3209, .F. ) ;
#8645 = ORIENTED_EDGE ( 'NONE', *, *, #8682, .T. ) ;
#8646 = CARTESIAN_POINT ( 'NONE',  ( -2.700000000000000178, -1.769000000000010120, 5.800999999999993939 ) ) ;
#8647 = VECTOR ( 'NONE', #7863, 1000.000000000000000 ) ;
#8648 = LINE ( 'NONE', #3097, #5143 ) ;
#8649 = AXIS2_PLACEMENT_3D ( 'NONE', #4193, #4927, #9431 ) ;
#8650 = FILL_AREA_STYLE ('',( #7148 ) ) ;
#8651 = CARTESIAN_POINT ( 'NONE',  ( 0.1582768846826411169, -0.7589999999999896829, 0.01099999999999782749 ) ) ;
#8652 = VECTOR ( 'NONE', #233, 1000.000000000000000 ) ;
#8653 = LINE ( 'NONE', #6672, #7608 ) ;
#8654 = AXIS2_PLACEMENT_3D ( 'NONE', #5637, #1929, #4919 ) ;
#8655 = VECTOR ( 'NONE', #7551, 1000.000000000000000 ) ;
#8656 = SURFACE_STYLE_USAGE ( .BOTH. , #3386 ) ;
#8657 = DIRECTION ( 'NONE',  ( 1.495451272393799296E-16, 3.491481338843133355E-15, -1.000000000000000000 ) ) ;
#8658 = DIRECTION ( 'NONE',  ( -0.7071067811865490160, 2.468850131082260216E-15, -0.7071067811865460184 ) ) ;
#8659 = STYLED_ITEM ( 'NONE', ( #3548 ), #3842 ) ;
#8660 = ADVANCED_FACE ( 'NONE', ( #6748 ), #4196, .T. ) ;
#8661 = CARTESIAN_POINT ( 'NONE',  ( 0.3614686731767869365, 1.073677414509583317, 0.01100000000000433270 ) ) ;
#8662 = EDGE_CURVE ( 'NONE', #7374, #6256, #4891, .T. ) ;
#8663 = CARTESIAN_POINT ( 'NONE',  ( -0.02734337160295019151, 1.134597636286959421, 0.01100000000000433270 ) ) ;
#8664 = ORIENTED_EDGE ( 'NONE', *, *, #3473, .F. ) ;
#8665 = DIRECTION ( 'NONE',  ( 0.0000000000000000000, -1.000000000000000000, -3.491481338843133355E-15 ) ) ;
#8666 = VERTEX_POINT ( 'NONE', #1152 ) ;
#8667 = EDGE_LOOP ( 'NONE', ( #712, #257, #4231, #3293 ) ) ;
#8668 = ORIENTED_EDGE ( 'NONE', *, *, #293, .F. ) ;
#8669 = EDGE_CURVE ( 'NONE', #2519, #2240, #5700, .T. ) ;
#8670 = CARTESIAN_POINT ( 'NONE',  ( 1.600000000000000533, -4.768999999999996575, 1.700999999999984080 ) ) ;
#8671 = DIRECTION ( 'NONE',  ( 0.0000000000000000000, -1.000000000000000000, -3.491481338843133355E-15 ) ) ;
#8672 = COLOUR_RGB ( '',0.7764705882352941346, 0.7568627450980391913, 0.7372549019607843590 ) ;
#8673 = ORIENTED_EDGE ( 'NONE', *, *, #6001, .T. ) ;
#8674 = PRESENTATION_STYLE_ASSIGNMENT (( #4361 ) ) ;
#8675 = CARTESIAN_POINT ( 'NONE',  ( 0.05583786029239712345, 1.154204059636644075, 0.001000000000004306906 ) ) ;
#8676 = VERTEX_POINT ( 'NONE', #9403 ) ;
#8677 = STYLED_ITEM ( 'NONE', ( #942 ), #4855 ) ;
#8678 = EDGE_CURVE ( 'NONE', #7237, #2460, #4635, .T. ) ;
#8679 = CARTESIAN_POINT ( 'NONE',  ( 0.3517173643660215232, 1.102670113135681529, 0.001000000000004306906 ) ) ;
#8680 = VECTOR ( 'NONE', #1661, 1000.000000000000000 ) ;
#8681 = DIRECTION ( 'NONE',  ( 0.0000000000000000000, -1.000000000000000000, -3.368276546515235160E-15 ) ) ;
#8682 = EDGE_CURVE ( 'NONE', #6886, #1764, #8504, .T. ) ;
#8683 = CARTESIAN_POINT ( 'NONE',  ( -0.1040413530463693004, 1.073308956660573132, 0.001000000000004306906 ) ) ;
#8684 = ORIENTED_EDGE ( 'NONE', *, *, #4214, .T. ) ;
#8685 = SURFACE_STYLE_FILL_AREA ( #1564 ) ;
#8686 = ORIENTED_EDGE ( 'NONE', *, *, #606, .T. ) ;
#8687 = CARTESIAN_POINT ( 'NONE',  ( 1.299999999999999378, 3.331000000000008399, 0.4010000000000122911 ) ) ;
#8688 = CARTESIAN_POINT ( 'NONE',  ( -0.03821701775638339238, 1.156643084026887092, 0.001000000000004306906 ) ) ;
#8689 = DIRECTION ( 'NONE',  ( 0.9466707760722534726, 0.3222024856061127540, 1.124963965822616183E-15 ) ) ;
#8690 =( LENGTH_UNIT ( ) NAMED_UNIT ( * ) SI_UNIT ( .MILLI., .METRE. ) );
#8691 = LINE ( 'NONE', #7326, #6382 ) ;
#8692 = DIRECTION ( 'NONE',  ( -0.3390537954853688474, -0.9407669869669990081, -3.284670379194958489E-15 ) ) ;
#8693 = VERTEX_POINT ( 'NONE', #5703 ) ;
#8694 = UNCERTAINTY_MEASURE_WITH_UNIT (LENGTH_MEASURE( 1.000000000000000082E-05 ), #7553, 'distance_accuracy_value', 'NONE');
#8695 = ORIENTED_EDGE ( 'NONE', *, *, #6310, .T. ) ;
#8696 = SURFACE_SIDE_STYLE ('',( #5238 ) ) ;
#8697 = DIRECTION ( 'NONE',  ( -1.000000000000000000, -0.0000000000000000000, 0.0000000000000000000 ) ) ;
#8698 = CARTESIAN_POINT ( 'NONE',  ( 0.3335345583066600672, 1.078212697423058808, 0.001000000000004306906 ) ) ;
#8699 = SURFACE_STYLE_USAGE ( .BOTH. , #1082 ) ;
#8700 = MECHANICAL_DESIGN_GEOMETRIC_PRESENTATION_REPRESENTATION (  '', ( #7381 ), #4898 ) ;
#8701 = CARTESIAN_POINT ( 'NONE',  ( 0.4328957871216653763, 1.076155279148839128, 0.001000000000004306906 ) ) ;
#8702 = LINE ( 'NONE', #4183, #630 ) ;
#8703 = ORIENTED_EDGE ( 'NONE', *, *, #8981, .T. ) ;
#8704 = ADVANCED_FACE ( 'NONE', ( #8958 ), #8618, .T. ) ;
#8705 = CARTESIAN_POINT ( 'NONE',  ( -4.041421356237308693, 0.9017106781186636777, 0.2010000000000035369 ) ) ;
#8706 = CARTESIAN_POINT ( 'NONE',  ( 0.2992321777176327191, 1.147362222950234045, 0.01100000000000433270 ) ) ;
#8707 = STYLED_ITEM ( 'NONE', ( #8317 ), #7680 ) ;
#8708 = CARTESIAN_POINT ( 'NONE',  ( 0.08266712858508006023, 0.9761552791488392611, 0.001000000000003873225 ) ) ;
#8709 = MECHANICAL_DESIGN_GEOMETRIC_PRESENTATION_REPRESENTATION (  '', ( #7734 ), #8232 ) ;
#8710 = VECTOR ( 'NONE', #7730, 1000.000000000000000 ) ;
#8711 = UNCERTAINTY_MEASURE_WITH_UNIT (LENGTH_MEASURE( 1.000000000000000082E-05 ), #6205, 'distance_accuracy_value', 'NONE');
#8712 = CARTESIAN_POINT ( 'NONE',  ( 0.4997784090728851214, 1.076155279148839128, 0.01100000000000433270 ) ) ;
#8713 = SURFACE_SIDE_STYLE ('',( #199 ) ) ;
#8714 =( LENGTH_UNIT ( ) NAMED_UNIT ( * ) SI_UNIT ( .MILLI., .METRE. ) );
#8715 = EDGE_CURVE ( 'NONE', #2431, #3634, #1468, .T. ) ;
#8716 = FILL_AREA_STYLE_COLOUR ( '', #9386 ) ;
#8717 =( LENGTH_UNIT ( ) NAMED_UNIT ( * ) SI_UNIT ( .MILLI., .METRE. ) );
#8718 = PRESENTATION_LAYER_ASSIGNMENT (  '', '', ( #1017 ) ) ;
#8719 = PRESENTATION_STYLE_ASSIGNMENT (( #7318 ) ) ;
#8720 = COLOUR_RGB ( '',0.1098039215686274495, 0.1098039215686274495, 0.1098039215686274495 ) ;
#8721 = CARTESIAN_POINT ( 'NONE',  ( -0.03210528730176866880, 1.134660156405207454, 0.001000000000004306906 ) ) ;
#8722 = DIRECTION ( 'NONE',  ( 1.000000000000000000, 0.0000000000000000000, 0.0000000000000000000 ) ) ;
#8723 = CARTESIAN_POINT ( 'NONE',  ( 0.4328957871216653763, 1.076155279148839128, 0.001000000000004306906 ) ) ;
#8724 = VECTOR ( 'NONE', #9251, 1000.000000000000000 ) ;
#8725 = VECTOR ( 'NONE', #2146, 1000.000000000000114 ) ;
#8726 =( GEOMETRIC_REPRESENTATION_CONTEXT ( 3 ) GLOBAL_UNCERTAINTY_ASSIGNED_CONTEXT ( ( #5438 ) ) GLOBAL_UNIT_ASSIGNED_CONTEXT ( ( #649, #5850, #9550 ) ) REPRESENTATION_CONTEXT ( 'NONE', 'WORKASPACE' ) );
#8727 = SURFACE_SIDE_STYLE ('',( #4759 ) ) ;
#8728 = VERTEX_POINT ( 'NONE', #7357 ) ;
#8729 = CARTESIAN_POINT ( 'NONE',  ( 0.3559157815880705789, 1.093583378065792200, 0.001000000000004306906 ) ) ;
#8730 = PLANE ( 'NONE',  #2143 ) ;
#8731 = VECTOR ( 'NONE', #3250, 1000.000000000000000 ) ;
#8732 = CARTESIAN_POINT ( 'NONE',  ( 0.4652631638185765195, 0.9827088734939608550, 0.001000000000003873225 ) ) ;
#8733 = VECTOR ( 'NONE', #6343, 1000.000000000000000 ) ;
#8734 = AXIS2_PLACEMENT_3D ( 'NONE', #5824, #3629, #9635 ) ;
#8735 = CARTESIAN_POINT ( 'NONE',  ( -0.03452037141491998140, 1.134691864514691728, 0.001000000000004306906 ) ) ;
#8736 = VECTOR ( 'NONE', #929, 1000.000000000000000 ) ;
#8737 = ORIENTED_EDGE ( 'NONE', *, *, #2620, .T. ) ;
#8738 = ORIENTED_EDGE ( 'NONE', *, *, #7535, .F. ) ;
#8739 = ORIENTED_EDGE ( 'NONE', *, *, #6860, .F. ) ;
#8740 = PRESENTATION_STYLE_ASSIGNMENT (( #6406 ) ) ;
#8741 = STYLED_ITEM ( 'NONE', ( #4566 ), #7439 ) ;
#8742 = DIRECTION ( 'NONE',  ( 0.0000000000000000000, 1.000000000000000000, 3.491481338843133355E-15 ) ) ;
#8743 = CARTESIAN_POINT ( 'NONE',  ( 1.600000000000000533, -1.768999999999996353, 1.900999999999994472 ) ) ;
#8744 = CARTESIAN_POINT ( 'NONE',  ( 0.01493679189349682822, 1.144874055912085353, 0.001000000000004306906 ) ) ;
#8745 = ADVANCED_FACE ( 'NONE', ( #8271 ), #8099, .T. ) ;
#8746 = SURFACE_SIDE_STYLE ('',( #1254 ) ) ;
#8747 = PLANE ( 'NONE',  #3185 ) ;
#8748 = CARTESIAN_POINT ( 'NONE',  ( -0.09713818363161201563, 1.014974238244390925, 0.001000000000003873225 ) ) ;
#8749 = ORIENTED_EDGE ( 'NONE', *, *, #2834, .T. ) ;
#8750 = PRESENTATION_LAYER_ASSIGNMENT (  '', '', ( #4765 ) ) ;
#8751 = PRESENTATION_STYLE_ASSIGNMENT (( #9690 ) ) ;
#8752 = VECTOR ( 'NONE', #4444, 1000.000000000000000 ) ;
#8753 = VECTOR ( 'NONE', #1875, 999.9999999999998863 ) ;
#8754 = CARTESIAN_POINT ( 'NONE',  ( 0.3465039882390222870, 0.9949292027865482835, 0.001000000000003873225 ) ) ;
#8755 = DIRECTION ( 'NONE',  ( 0.0000000000000000000, -3.491481338843133355E-15, 1.000000000000000000 ) ) ;
#8756 = FACE_OUTER_BOUND ( 'NONE', #5867, .T. ) ;
#8757 = CARTESIAN_POINT ( 'NONE',  ( -0.09030062205260809549, 1.108089146978341821, 0.01100000000000433270 ) ) ;
#8758 =( NAMED_UNIT ( * ) SI_UNIT ( $, .STERADIAN. ) SOLID_ANGLE_UNIT ( ) );
#8759 = CARTESIAN_POINT ( 'NONE',  ( -0.004329419350173203951, 0.9536983920904328338, 0.01100000000000389902 ) ) ;
#8760 = ORIENTED_EDGE ( 'NONE', *, *, #8487, .F. ) ;
#8761 = LINE ( 'NONE', #6289, #2889 ) ;
#8762 = ORIENTED_EDGE ( 'NONE', *, *, #2886, .F. ) ;
#8763 =( GEOMETRIC_REPRESENTATION_CONTEXT ( 3 ) GLOBAL_UNCERTAINTY_ASSIGNED_CONTEXT ( ( #916 ) ) GLOBAL_UNIT_ASSIGNED_CONTEXT ( ( #4144, #9389, #5632 ) ) REPRESENTATION_CONTEXT ( 'NONE', 'WORKASPACE' ) );
#8764 = LINE ( 'NONE', #7325, #1630 ) ;
#8765 = VECTOR ( 'NONE', #9310, 1000.000000000000000 ) ;
#8766 = LINE ( 'NONE', #7447, #8752 ) ;
#8767 = DIRECTION ( 'NONE',  ( 0.0000000000000000000, 1.000000000000000000, 3.491481338843133355E-15 ) ) ;
#8768 = VECTOR ( 'NONE', #6393, 1000.000000000000000 ) ;
#8769 =( NAMED_UNIT ( * ) PLANE_ANGLE_UNIT ( ) SI_UNIT ( $, .RADIAN. ) );
#8770 = UNCERTAINTY_MEASURE_WITH_UNIT (LENGTH_MEASURE( 1.000000000000000082E-05 ), #6384, 'distance_accuracy_value', 'NONE');
#8771 = DIRECTION ( 'NONE',  ( -0.0000000000000000000, 3.491481338843133355E-15, -1.000000000000000000 ) ) ;
#8772 = ORIENTED_EDGE ( 'NONE', *, *, #2124, .T. ) ;
#8773 = ORIENTED_EDGE ( 'NONE', *, *, #4297, .T. ) ;
#8774 = CARTESIAN_POINT ( 'NONE',  ( 2.719999999999999751, 1.351000000000004864, 1.421000000000004704 ) ) ;
#8775 = DIRECTION ( 'NONE',  ( -2.465190328815661892E-32, 1.000000000000000000, 3.491481338843133355E-15 ) ) ;
#8776 = SURFACE_STYLE_FILL_AREA ( #8400 ) ;
#8777 = ORIENTED_EDGE ( 'NONE', *, *, #4272, .T. ) ;
#8778 = AXIS2_PLACEMENT_3D ( 'NONE', #7517, #3772, #2172 ) ;
#8779 = VECTOR ( 'NONE', #4199, 1000.000000000000000 ) ;
#8780 = VERTEX_POINT ( 'NONE', #5790 ) ;
#8781 = CARTESIAN_POINT ( 'NONE',  ( -3.641421356237309670, 2.301710678118662035, 0.6010000000000088605 ) ) ;
#8782 = CARTESIAN_POINT ( 'NONE',  ( -0.03552261902966498408, 1.156611483264808893, 0.01100000000000433270 ) ) ;
#8783 = DIRECTION ( 'NONE',  ( 0.3635424856527061932, 0.9315776194850602376, 3.252585874115997162E-15 ) ) ;
#8784 = ORIENTED_EDGE ( 'NONE', *, *, #8479, .F. ) ;
#8785 = AXIS2_PLACEMENT_3D ( 'NONE', #6394, #1869, #1903 ) ;
#8786 = CARTESIAN_POINT ( 'NONE',  ( -1.300000000000000044, 3.331000000000007955, 0.6010000000000131903 ) ) ;
#8787 = EDGE_CURVE ( 'NONE', #6932, #6480, #2250, .T. ) ;
#8788 = CARTESIAN_POINT ( 'NONE',  ( -0.05839684137278238624, 1.155140516325007249, 0.01100000000000433270 ) ) ;
#8789 = DIRECTION ( 'NONE',  ( 0.0000000000000000000, -1.000000000000000000, -3.491481338843133355E-15 ) ) ;
#8790 = DIRECTION ( 'NONE',  ( 1.532000111646839560E-16, 3.491481338843133355E-15, -1.000000000000000000 ) ) ;
#8791 = VERTEX_POINT ( 'NONE', #3536 ) ;
#8792 = LINE ( 'NONE', #7499, #2931 ) ;
#8793 = EDGE_LOOP ( 'NONE', ( #9062, #4390, #570, #3374 ) ) ;
#8794 = ORIENTED_EDGE ( 'NONE', *, *, #3775, .T. ) ;
#8795 = EDGE_CURVE ( 'NONE', #4843, #7113, #4763, .T. ) ;
#8796 =( LENGTH_UNIT ( ) NAMED_UNIT ( * ) SI_UNIT ( .MILLI., .METRE. ) );
#8797 = PRESENTATION_LAYER_ASSIGNMENT (  '', '', ( #5241 ) ) ;
#8798 = EDGE_CURVE ( 'NONE', #5674, #9117, #2726, .T. ) ;
#8799 = CARTESIAN_POINT ( 'NONE',  ( -0.06933628480680452399, 1.126524106680409032, 0.001000000000004306906 ) ) ;
#8800 = CARTESIAN_POINT ( 'NONE',  ( 4.699999999999997513, 2.901710678118663900, 0.2010000000000113363 ) ) ;
#8801 =( NAMED_UNIT ( * ) SI_UNIT ( $, .STERADIAN. ) SOLID_ANGLE_UNIT ( ) );
#8802 = CARTESIAN_POINT ( 'NONE',  ( 0.001417314545994351974, 0.9547689439688084034, 0.01100000000000389902 ) ) ;
#8803 = PRESENTATION_LAYER_ASSIGNMENT (  '', '', ( #6999 ) ) ;
#8804 = ORIENTED_EDGE ( 'NONE', *, *, #6177, .T. ) ;
#8805 = B_SPLINE_CURVE_WITH_KNOTS ( 'NONE', 3,
 ( #112, #913, #2458, #3179, #8490, #6854, #6104, #1595, #2329, #3107, #7875, #1763, #4093, #7018, #1117, #3279, #287, #6407, #8642 ),
 .UNSPECIFIED., .F., .F.,
 ( 4, 1, 1, 1, 1, 1, 1, 1, 1, 1, 1, 1, 1, 1, 1, 1, 4 ),
 ( 0.0000000000000000000, 0.07064371857535318988, 0.1382567155089053923, 0.2033641242175798225, 0.2663240938030566052, 0.3279047615429892537, 0.3887377151730922464, 0.4494235281093011958, 0.5108610114593152840, 0.5720793960475143436, 0.6317344287314450302, 0.6911172105788377928, 0.7503600294901704437, 0.8100329005312617570, 0.8713624508287360904, 0.9344271412311534464, 1.000000000000000000 ),
 .UNSPECIFIED. ) ;
#8806 = LINE ( 'NONE', #3838, #1421 ) ;
#8807 = DIRECTION ( 'NONE',  ( 0.0000000000000000000, -3.491481338843132961E-15, 1.000000000000000000 ) ) ;
#8808 = DIRECTION ( 'NONE',  ( 1.495451272393799296E-16, 3.491481338843133355E-15, -1.000000000000000000 ) ) ;
#8809 = EDGE_LOOP ( 'NONE', ( #16, #4244, #1756, #1400 ) ) ;
#8810 = FILL_AREA_STYLE ('',( #4805 ) ) ;
#8811 = EDGE_CURVE ( 'NONE', #607, #9235, #4514, .T. ) ;
#8812 =( GEOMETRIC_REPRESENTATION_CONTEXT ( 3 ) GLOBAL_UNCERTAINTY_ASSIGNED_CONTEXT ( ( #981 ) ) GLOBAL_UNIT_ASSIGNED_CONTEXT ( ( #2859, #686, #6643 ) ) REPRESENTATION_CONTEXT ( 'NONE', 'WORKASPACE' ) );
#8813 = CARTESIAN_POINT ( 'NONE',  ( -0.08573764209312743911, 1.113605818827721139, 0.001000000000004306906 ) ) ;
#8814 = VERTEX_POINT ( 'NONE', #3598 ) ;
#8815 = SURFACE_STYLE_FILL_AREA ( #8846 ) ;
#8816 = SURFACE_STYLE_FILL_AREA ( #4975 ) ;
#8817 = SURFACE_SIDE_STYLE ('',( #5552 ) ) ;
#8818 = CARTESIAN_POINT ( 'NONE',  ( 1.800000000000000266, -4.569000000000002615, 3.900999999999985146 ) ) ;
#8819 = AXIS2_PLACEMENT_3D ( 'NONE', #4738, #8466, #2370 ) ;
#8820 = SURFACE_STYLE_USAGE ( .BOTH. , #2874 ) ;
#8821 = ORIENTED_EDGE ( 'NONE', *, *, #517, .T. ) ;
#8822 = DIRECTION ( 'NONE',  ( -0.0000000000000000000, 1.000000000000000000, 3.491481338843133355E-15 ) ) ;
#8823 = CARTESIAN_POINT ( 'NONE',  ( 0.6999999999999992895, 3.331000000000008399, 0.4010000000000122911 ) ) ;
#8824 = CARTESIAN_POINT ( 'NONE',  ( 2.900000000000000355, 1.350999999999996204, 3.881000000000004224 ) ) ;
#8825 = CARTESIAN_POINT ( 'NONE',  ( 2.899999999999999911, 0.3017106781186625342, 0.6010000000000019771 ) ) ;
#8826 = FACE_OUTER_BOUND ( 'NONE', #4013, .T. ) ;
#8827 = EDGE_LOOP ( 'NONE', ( #6025, #5717, #1303, #7122 ) ) ;
#8828 = CARTESIAN_POINT ( 'NONE',  ( 0.3517132003067554025, 1.002982983707136899, 0.001000000000003873225 ) ) ;
#8829 =( NAMED_UNIT ( * ) PLANE_ANGLE_UNIT ( ) SI_UNIT ( $, .RADIAN. ) );
#8830 = DIRECTION ( 'NONE',  ( 0.0000000000000000000, -1.000000000000000000, -3.491481338843133355E-15 ) ) ;
#8831 = PLANE ( 'NONE',  #8139 ) ;
#8832 = COLOUR_RGB ( '',0.7764705882352941346, 0.7568627450980391913, 0.7372549019607843590 ) ;
#8833 = FILL_AREA_STYLE_COLOUR ( '', #9439 ) ;
#8834 = LINE ( 'NONE', #2150, #2367 ) ;
#8835 = MECHANICAL_DESIGN_GEOMETRIC_PRESENTATION_REPRESENTATION (  '', ( #9534 ), #5027 ) ;
#8836 = CARTESIAN_POINT ( 'NONE',  ( -2.899999999999999911, 0.3017106781186625342, 0.6010000000000019771 ) ) ;
#8837 = LINE ( 'NONE', #213, #3343 ) ;
#8838 = CARTESIAN_POINT ( 'NONE',  ( 3.558578643762690508, 2.901710678118663456, 0.4010000000000110143 ) ) ;
#8839 = PLANE ( 'NONE',  #1879 ) ;
#8840 = AXIS2_PLACEMENT_3D ( 'NONE', #350, #1817, #8617 ) ;
#8841 = EDGE_CURVE ( 'NONE', #264, #3324, #1918, .T. ) ;
#8842 = CIRCLE ( 'NONE', #5266, 0.2000000000000000944 ) ;
#8843 = COLOUR_RGB ( '',0.7764705882352941346, 0.7568627450980391913, 0.7372549019607843590 ) ;
#8844 =( LENGTH_UNIT ( ) NAMED_UNIT ( * ) SI_UNIT ( .MILLI., .METRE. ) );
#8845 = VECTOR ( 'NONE', #169, 1000.000000000000000 ) ;
#8846 = FILL_AREA_STYLE ('',( #1447 ) ) ;
#8847 = SURFACE_STYLE_USAGE ( .BOTH. , #3620 ) ;
#8848 = CARTESIAN_POINT ( 'NONE',  ( 0.4630380109320170745, 0.9917071181816329295, 0.01100000000000389902 ) ) ;
#8849 = ADVANCED_FACE ( 'NONE', ( #7688 ), #4326, .F. ) ;
#8850 = EDGE_CURVE ( 'NONE', #2220, #1872, #1456, .T. ) ;
#8851 = CARTESIAN_POINT ( 'NONE',  ( 0.3089383080800607306, 0.9643597674347730297, 0.01100000000000390075 ) ) ;
#8852 = DIRECTION ( 'NONE',  ( 1.243117742458889624E-31, 1.000000000000000000, 2.840960035351830695E-15 ) ) ;
#8853 = MECHANICAL_DESIGN_GEOMETRIC_PRESENTATION_REPRESENTATION (  '', ( #8368 ), #1937 ) ;
#8854 = EDGE_CURVE ( 'NONE', #7074, #8334, #2603, .T. ) ;
#8855 = DIRECTION ( 'NONE',  ( -1.000000000000000000, -0.0000000000000000000, 0.0000000000000000000 ) ) ;
#8856 = ORIENTED_EDGE ( 'NONE', *, *, #8493, .T. ) ;
#8857 = COLOUR_RGB ( '',0.7764705882352941346, 0.7568627450980391913, 0.7372549019607843590 ) ;
#8858 = CARTESIAN_POINT ( 'NONE',  ( 0.2975087245752359166, 1.124151716906326648, 0.001000000000004306906 ) ) ;
#8859 = DIRECTION ( 'NONE',  ( 0.0000000000000000000, 1.000000000000000000, 3.491481338843133355E-15 ) ) ;
#8860 = AXIS2_PLACEMENT_3D ( 'NONE', #9207, #3214, #255 ) ;
#8861 = SURFACE_SIDE_STYLE ('',( #2616 ) ) ;
#8862 = VERTEX_POINT ( 'NONE', #4510 ) ;
#8863 = CARTESIAN_POINT ( 'NONE',  ( 2.899999999999999911, 3.111000000000004206, 1.421000000000010477 ) ) ;
#8864 = COLOUR_RGB ( '',0.1098039215686274495, 0.1098039215686274495, 0.1098039215686274495 ) ;
#8865 = VECTOR ( 'NONE', #5655, 1000.000000000000000 ) ;
#8866 = EDGE_CURVE ( 'NONE', #4220, #8862, #1911, .T. ) ;
#8867 = MECHANICAL_DESIGN_GEOMETRIC_PRESENTATION_REPRESENTATION (  '', ( #7182 ), #4678 ) ;
#8868 = LINE ( 'NONE', #8937, #9710 ) ;
#8869 = VERTEX_POINT ( 'NONE', #2280 ) ;
#8870 =( BOUNDED_CURVE ( )  B_SPLINE_CURVE ( 3, ( #5010, #7316, #6579, #2739 ),
 .UNSPECIFIED., .F., .F. ) 
 B_SPLINE_CURVE_WITH_KNOTS ( ( 4, 4 ),
 ( 8.453273510988870432E-16, 1.570796326794895892 ),
 .UNSPECIFIED. ) 
 CURVE ( )  GEOMETRIC_REPRESENTATION_ITEM ( )  RATIONAL_B_SPLINE_CURVE ( ( 1.000000000000000000, 0.8047378541243653816, 0.8047378541243653816, 1.000000000000000000 ) ) 
 REPRESENTATION_ITEM ( '' )  );
#8871 = CARTESIAN_POINT ( 'NONE',  ( 0.3311185127131069938, 1.019088363344296866, 0.001000000000003873225 ) ) ;
#8872 = ORIENTED_EDGE ( 'NONE', *, *, #5311, .T. ) ;
#8873 = ORIENTED_EDGE ( 'NONE', *, *, #2868, .T. ) ;
#8874 = DIRECTION ( 'NONE',  ( 1.000000000000000000, 0.0000000000000000000, 0.0000000000000000000 ) ) ;
#8875 = PLANE ( 'NONE',  #324 ) ;
#8876 = STYLED_ITEM ( 'NONE', ( #167 ), #1685 ) ;
#8877 =( NAMED_UNIT ( * ) SI_UNIT ( $, .STERADIAN. ) SOLID_ANGLE_UNIT ( ) );
#8878 = PRESENTATION_STYLE_ASSIGNMENT (( #800 ) ) ;
#8879 = VERTEX_POINT ( 'NONE', #4360 ) ;
#8880 = CARTESIAN_POINT ( 'NONE',  ( -0.03025207873199314140, 0.9517650352463993269, 0.001000000000003873225 ) ) ;
#8881 = SURFACE_SIDE_STYLE ('',( #6278 ) ) ;
#8882 = PLANE ( 'NONE',  #72 ) ;
#8883 = DIRECTION ( 'NONE',  ( 0.0000000000000000000, -3.491481338843133355E-15, 1.000000000000000000 ) ) ;
#8884 = COLOUR_RGB ( '',0.7764705882352941346, 0.7568627450980391913, 0.7372549019607843590 ) ;
#8885 =( GEOMETRIC_REPRESENTATION_CONTEXT ( 3 ) GLOBAL_UNCERTAINTY_ASSIGNED_CONTEXT ( ( #4162 ) ) GLOBAL_UNIT_ASSIGNED_CONTEXT ( ( #8023, #2816, #9546 ) ) REPRESENTATION_CONTEXT ( 'NONE', 'WORKASPACE' ) );
#8886 = LINE ( 'NONE', #4481, #5270 ) ;
#8887 = ORIENTED_EDGE ( 'NONE', *, *, #8357, .T. ) ;
#8888 = EDGE_LOOP ( 'NONE', ( #3481, #820, #3286, #8123 ) ) ;
#8889 = COLOUR_RGB ( '',1.000000000000000000, 1.000000000000000000, 1.000000000000000000 ) ;
#8890 = DIRECTION ( 'NONE',  ( 0.0000000000000000000, -3.491481338843133355E-15, 1.000000000000000000 ) ) ;
#8891 = DIRECTION ( 'NONE',  ( -1.000000000000000000, -0.0000000000000000000, -0.0000000000000000000 ) ) ;
#8892 = DIRECTION ( 'NONE',  ( -1.000000000000000000, -0.0000000000000000000, 0.0000000000000000000 ) ) ;
#8893 = VECTOR ( 'NONE', #9530, 1000.000000000000000 ) ;
#8894 = DIRECTION ( 'NONE',  ( -1.000000000000000000, 0.0000000000000000000, 0.0000000000000000000 ) ) ;
#8895 = UNCERTAINTY_MEASURE_WITH_UNIT (LENGTH_MEASURE( 1.000000000000000082E-05 ), #5458, 'distance_accuracy_value', 'NONE');
#8896 = ORIENTED_EDGE ( 'NONE', *, *, #459, .F. ) ;
#8897 = PRESENTATION_LAYER_ASSIGNMENT (  '', '', ( #4911 ) ) ;
#8898 = CARTESIAN_POINT ( 'NONE',  ( -0.001251502302493863548, 1.151756498975641030, 0.01100000000000433270 ) ) ;
#8899 = CARTESIAN_POINT ( 'NONE',  ( -0.1051377494637004695, 1.056338205978106570, 0.001000000000004306906 ) ) ;
#8900 = ORIENTED_EDGE ( 'NONE', *, *, #1950, .T. ) ;
#8901 = DIRECTION ( 'NONE',  ( 0.0000000000000000000, 1.000000000000000000, 3.491481338843133355E-15 ) ) ;
#8902 = VERTEX_POINT ( 'NONE', #7418 ) ;
#8903 = EDGE_LOOP ( 'NONE', ( #1144, #3633, #2210, #3734 ) ) ;
#8904 = ORIENTED_EDGE ( 'NONE', *, *, #5613, .F. ) ;
#8905 = EDGE_CURVE ( 'NONE', #2743, #1275, #3803, .T. ) ;
#8906 = ADVANCED_FACE ( 'NONE', ( #5917 ), #5274, .T. ) ;
#8907 = MECHANICAL_DESIGN_GEOMETRIC_PRESENTATION_REPRESENTATION (  '', ( #9093 ), #8553 ) ;
#8908 = DIRECTION ( 'NONE',  ( -0.09525861801280718910, 0.9954525582338367151, 3.475604030777098573E-15 ) ) ;
#8909 = DIRECTION ( 'NONE',  ( 0.0000000000000000000, 1.000000000000000000, 3.491481338843133355E-15 ) ) ;
#8910 = CARTESIAN_POINT ( 'NONE',  ( 0.4261503602923970568, 1.098106498661034047, 0.001000000000004306906 ) ) ;
#8911 = CARTESIAN_POINT ( 'NONE',  ( 2.700000000000000622, 3.330999999999994632, 4.401000000000012236 ) ) ;
#8912 = CARTESIAN_POINT ( 'NONE',  ( 0.2901426558642304920, 0.9577830627798176177, 0.001000000000003873225 ) ) ;
#8913 =( NAMED_UNIT ( * ) PLANE_ANGLE_UNIT ( ) SI_UNIT ( $, .RADIAN. ) );
#8914 = ORIENTED_EDGE ( 'NONE', *, *, #5844, .F. ) ;
#8915 = SURFACE_SIDE_STYLE ('',( #1263 ) ) ;
#8916 = ORIENTED_EDGE ( 'NONE', *, *, #1587, .F. ) ;
#8917 = PLANE ( 'NONE',  #5502 ) ;
#8918 = PRESENTATION_LAYER_ASSIGNMENT (  '', '', ( #3596 ) ) ;
#8919 = EDGE_CURVE ( 'NONE', #2716, #2165, #6861, .T. ) ;
#8920 = FACE_OUTER_BOUND ( 'NONE', #4733, .T. ) ;
#8921 = SURFACE_STYLE_USAGE ( .BOTH. , #5244 ) ;
#8922 = CARTESIAN_POINT ( 'NONE',  ( 0.4652631638185765195, 0.9827088734939608550, 0.01100000000000389902 ) ) ;
#8923 = LINE ( 'NONE', #7406, #1671 ) ;
#8924 = ORIENTED_EDGE ( 'NONE', *, *, #7296, .T. ) ;
#8925 = MECHANICAL_DESIGN_GEOMETRIC_PRESENTATION_REPRESENTATION (  '', ( #2508 ), #721 ) ;
#8926 = SURFACE_STYLE_FILL_AREA ( #875 ) ;
#8927 = DIRECTION ( 'NONE',  ( 0.7071067811865490160, 2.468850131082260216E-15, -0.7071067811865460184 ) ) ;
#8928 = ORIENTED_EDGE ( 'NONE', *, *, #6411, .T. ) ;
#8929 = CARTESIAN_POINT ( 'NONE',  ( -3.958578643762689087, 0.9017106781186641218, 0.001000000000003005863 ) ) ;
#8930 = PRESENTATION_STYLE_ASSIGNMENT (( #4485 ) ) ;
#8931 = CARTESIAN_POINT ( 'NONE',  ( -0.03002342019540766432, 0.9737162547585943573, 0.01100000000000389902 ) ) ;
#8932 =( LENGTH_UNIT ( ) NAMED_UNIT ( * ) SI_UNIT ( .MILLI., .METRE. ) );
#8933 = FILL_AREA_STYLE_COLOUR ( '', #8884 ) ;
#8934 = EDGE_CURVE ( 'NONE', #3373, #3539, #1803, .T. ) ;
#8935 = LINE ( 'NONE', #8629, #7784 ) ;
#8936 = STYLED_ITEM ( 'NONE', ( #6100 ), #7330 ) ;
#8937 = CARTESIAN_POINT ( 'NONE',  ( -4.147487373415290612, 0.3017106781186629783, 0.4570660171779840075 ) ) ;
#8938 = VERTEX_POINT ( 'NONE', #3040 ) ;
#8939 = FILL_AREA_STYLE ('',( #5198 ) ) ;
#8940 =( NAMED_UNIT ( * ) SI_UNIT ( $, .STERADIAN. ) SOLID_ANGLE_UNIT ( ) );
#8941 = STYLED_ITEM ( 'NONE', ( #8719 ), #2493 ) ;
#8942 = CARTESIAN_POINT ( 'NONE',  ( -2.900000000000000799, -0.7590000000000096669, 5.600999999999997314 ) ) ;
#8943 = ADVANCED_FACE ( 'NONE', ( #6043 ), #5924, .T. ) ;
#8944 = CARTESIAN_POINT ( 'NONE',  ( 1.299999999999999378, 3.989578643762698995, 0.4010000000000144560 ) ) ;
#8945 = SURFACE_STYLE_USAGE ( .BOTH. , #2990 ) ;
#8946 = ORIENTED_EDGE ( 'NONE', *, *, #4519, .F. ) ;
#8947 =( NAMED_UNIT ( * ) SI_UNIT ( $, .STERADIAN. ) SOLID_ANGLE_UNIT ( ) );
#8948 = LINE ( 'NONE', #5205, #528 ) ;
#8949 = LINE ( 'NONE', #7105, #6981 ) ;
#8950 = FILL_AREA_STYLE ('',( #5956 ) ) ;
#8951 = DIRECTION ( 'NONE',  ( 0.0000000000000000000, 1.000000000000000000, 3.491481338843133355E-15 ) ) ;
#8952 = DIRECTION ( 'NONE',  ( 0.0000000000000000000, 1.000000000000000000, 3.491481338843133355E-15 ) ) ;
#8953 = SURFACE_STYLE_FILL_AREA ( #6652 ) ;
#8954 =( NAMED_UNIT ( * ) PLANE_ANGLE_UNIT ( ) SI_UNIT ( $, .RADIAN. ) );
#8955 = EDGE_CURVE ( 'NONE', #2701, #6886, #8834, .T. ) ;
#8956 = SURFACE_SIDE_STYLE ('',( #7522 ) ) ;
#8957 = COLOUR_RGB ( '',0.7764705882352941346, 0.7568627450980391913, 0.7372549019607843590 ) ;
#8958 = FACE_OUTER_BOUND ( 'NONE', #474, .T. ) ;
#8959 = LINE ( 'NONE', #3943, #6988 ) ;
#8960 = UNCERTAINTY_MEASURE_WITH_UNIT (LENGTH_MEASURE( 1.000000000000000082E-05 ), #436, 'distance_accuracy_value', 'NONE');
#8961 = VECTOR ( 'NONE', #6304, 1000.000000000000000 ) ;
#8962 = EDGE_CURVE ( 'NONE', #8938, #1896, #6408, .T. ) ;
#8963 = CARTESIAN_POINT ( 'NONE',  ( 0.2900463511041491138, 0.9807911111707410257, 0.001000000000003873225 ) ) ;
#8964 = LINE ( 'NONE', #4102, #6052 ) ;
#8965 = CARTESIAN_POINT ( 'NONE',  ( -0.01146997611436399028, 0.9754227964289593489, 0.01100000000000389902 ) ) ;
#8966 = DIRECTION ( 'NONE',  ( -1.000000000000000000, -0.0000000000000000000, 0.0000000000000000000 ) ) ;
#8967 = LINE ( 'NONE', #6227, #4524 ) ;
#8968 = LINE ( 'NONE', #6594, #9326 ) ;
#8969 = VECTOR ( 'NONE', #1321, 1000.000000000000000 ) ;
#8970 = AXIS2_PLACEMENT_3D ( 'NONE', #1657, #7791, #3985 ) ;
#8971 = EDGE_CURVE ( 'NONE', #4834, #6916, #191, .T. ) ;
#8972 = CARTESIAN_POINT ( 'NONE',  ( 0.3614652056852972750, 1.030636815351427149, 0.01100000000000389902 ) ) ;
#8973 = CARTESIAN_POINT ( 'NONE',  ( -1.599999999999999645, -4.769000000000004569, 4.200999999999984524 ) ) ;
#8974 = LINE ( 'NONE', #4331, #9336 ) ;
#8975 = FILL_AREA_STYLE ('',( #2138 ) ) ;
#8976 = PRESENTATION_STYLE_ASSIGNMENT (( #6461 ) ) ;
#8977 = CARTESIAN_POINT ( 'NONE',  ( 0.2613533984605144189, 0.9762138779826580182, 0.01100000000000389902 ) ) ;
#8978 =( NAMED_UNIT ( * ) SI_UNIT ( $, .STERADIAN. ) SOLID_ANGLE_UNIT ( ) );
#8979 = LINE ( 'NONE', #1224, #5250 ) ;
#8980 = EDGE_CURVE ( 'NONE', #3126, #7368, #3444, .T. ) ;
#8981 = EDGE_CURVE ( 'NONE', #3839, #264, #9313, .T. ) ;
#8982 = DIRECTION ( 'NONE',  ( 0.0000000000000000000, -1.000000000000000000, -3.491481338843133355E-15 ) ) ;
#8983 = ORIENTED_EDGE ( 'NONE', *, *, #5849, .T. ) ;
#8984 = VERTEX_POINT ( 'NONE', #7624 ) ;
#8985 = ORIENTED_EDGE ( 'NONE', *, *, #6391, .T. ) ;
#8986 = LINE ( 'NONE', #8823, #5023 ) ;
#8987 = CARTESIAN_POINT ( 'NONE',  ( -3.529289321881345032, 0.3017106781186620901, 0.7131320343559666153 ) ) ;
#8988 = MECHANICAL_DESIGN_GEOMETRIC_PRESENTATION_REPRESENTATION (  '', ( #2568 ), #3101 ) ;
#8989 = UNCERTAINTY_MEASURE_WITH_UNIT (LENGTH_MEASURE( 1.000000000000000082E-05 ), #7694, 'distance_accuracy_value', 'NONE');
#8990 =( NAMED_UNIT ( * ) SI_UNIT ( $, .STERADIAN. ) SOLID_ANGLE_UNIT ( ) );
#8991 = EDGE_LOOP ( 'NONE', ( #4654, #6610, #1514, #1601, #5496, #4004 ) ) ;
#8992 = ORIENTED_EDGE ( 'NONE', *, *, #5679, .T. ) ;
#8993 = EDGE_CURVE ( 'NONE', #2833, #3762, #1220, .T. ) ;
#8994 = LINE ( 'NONE', #4841, #8536 ) ;
#8995 = PRESENTATION_LAYER_ASSIGNMENT (  '', '', ( #8508 ) ) ;
#8996 = LINE ( 'NONE', #2579, #2768 ) ;
#8997 = B_SPLINE_CURVE_WITH_KNOTS ( 'NONE', 3,
 ( #6231, #4712, #136, #5437, #3885, #100, #3851, #5372, #6843, #8349, #4680, #5337, #1658, #239, #838, #2447, #3071, #6905, #1616 ),
 .UNSPECIFIED., .F., .F.,
 ( 4, 1, 1, 1, 1, 1, 1, 1, 1, 1, 1, 1, 1, 1, 1, 1, 4 ),
 ( 0.0000000000000000000, 0.06806869584499454506, 0.1334274328189550829, 0.1961460338131571224, 0.2570485924493138841, 0.3168826631591613041, 0.3761872086663220482, 0.4359603353635470024, 0.4965352368627265478, 0.5574653434807335106, 0.6176868634101472244, 0.6779436406969060469, 0.7388052848060400191, 0.8009493367665845298, 0.8648146674702268388, 0.9310247810786576039, 1.000000000000000000 ),
 .UNSPECIFIED. ) ;
#8998 = DIRECTION ( 'NONE',  ( 0.7071067811865460184, -2.468850131082270866E-15, 0.7071067811865490160 ) ) ;
#8999 = CARTESIAN_POINT ( 'NONE',  ( -2.900000000000000355, 1.350999999999996204, 3.881000000000005112 ) ) ;
#9000 = ORIENTED_EDGE ( 'NONE', *, *, #638, .T. ) ;
#9001 = ORIENTED_EDGE ( 'NONE', *, *, #3144, .T. ) ;
#9002 = MECHANICAL_DESIGN_GEOMETRIC_PRESENTATION_REPRESENTATION (  '', ( #3311 ), #9519 ) ;
#9003 = PLANE ( 'NONE',  #7408 ) ;
#9004 = SURFACE_STYLE_FILL_AREA ( #8463 ) ;
#9005 = EDGE_LOOP ( 'NONE', ( #2662, #4135, #1632, #5689 ) ) ;
#9006 = FACE_OUTER_BOUND ( 'NONE', #680, .T. ) ;
#9007 = ADVANCED_FACE ( 'NONE', ( #7558 ), #3946, .T. ) ;
#9008 = LINE ( 'NONE', #8603, #8768 ) ;
#9009 = CARTESIAN_POINT ( 'NONE',  ( 0.2694986584250371187, 0.9544465377694664188, 0.01100000000000389902 ) ) ;
#9010 = CARTESIAN_POINT ( 'NONE',  ( 2.900000000000000355, -0.7590000000000035607, 3.880999999999997119 ) ) ;
#9011 = CARTESIAN_POINT ( 'NONE',  ( 3.529289321881345032, 0.9017106781186619013, 0.7131320343559683916 ) ) ;
#9012 = ORIENTED_EDGE ( 'NONE', *, *, #8055, .F. ) ;
#9013 = CARTESIAN_POINT ( 'NONE',  ( 0.2969124374808562727, 0.9834932963778895143, 0.01100000000000389902 ) ) ;
#9014 = CARTESIAN_POINT ( 'NONE',  ( 1.800000000000000266, -4.769000000000004569, 4.400999999999984702 ) ) ;
#9015 = CARTESIAN_POINT ( 'NONE',  ( 2.699999999999998401, 3.330999999999990191, 5.601000000000012413 ) ) ;
#9016 = ORIENTED_EDGE ( 'NONE', *, *, #7665, .F. ) ;
#9017 = LINE ( 'NONE', #4163, #8451 ) ;
#9018 = VERTEX_POINT ( 'NONE', #1682 ) ;
#9019 = UNCERTAINTY_MEASURE_WITH_UNIT (LENGTH_MEASURE( 1.000000000000000082E-05 ), #433, 'distance_accuracy_value', 'NONE');
#9020 = ORIENTED_EDGE ( 'NONE', *, *, #7819, .T. ) ;
#9021 = VERTEX_POINT ( 'NONE', #4638 ) ;
#9022 = DIRECTION ( 'NONE',  ( -0.7071067811865460184, 2.468850131082270866E-15, -0.7071067811865490160 ) ) ;
#9023 = DIRECTION ( 'NONE',  ( -0.3393303772748763047, -0.9406672605435409951, -3.284322186248465163E-15 ) ) ;
#9024 = CARTESIAN_POINT ( 'NONE',  ( -0.1050684865678115087, 1.053248987789543012, 0.01100000000000433270 ) ) ;
#9025 = DIRECTION ( 'NONE',  ( 0.7071067811865490160, -2.468850131082260216E-15, 0.7071067811865460184 ) ) ;
#9026 =( NAMED_UNIT ( * ) PLANE_ANGLE_UNIT ( ) SI_UNIT ( $, .RADIAN. ) );
#9027 = ORIENTED_EDGE ( 'NONE', *, *, #5538, .F. ) ;
#9028 = MECHANICAL_DESIGN_GEOMETRIC_PRESENTATION_REPRESENTATION (  '', ( #2100 ), #1752 ) ;
#9029 = VECTOR ( 'NONE', #4889, 1000.000000000000000 ) ;
#9030 = EDGE_CURVE ( 'NONE', #9021, #4834, #8997, .T. ) ;
#9031 = EDGE_LOOP ( 'NONE', ( #5995, #7230, #9607, #4216 ) ) ;
#9032 = ORIENTED_EDGE ( 'NONE', *, *, #2612, .F. ) ;
#9033 = EDGE_CURVE ( 'NONE', #6065, #4469, #7083, .T. ) ;
#9034 = CARTESIAN_POINT ( 'NONE',  ( -0.004329419350173203951, 0.9536983920904328338, 0.001000000000003873225 ) ) ;
#9035 = CARTESIAN_POINT ( 'NONE',  ( 2.899999999999999911, 2.901710678118663456, 0.4010000000000110143 ) ) ;
#9036 = DIRECTION ( 'NONE',  ( 2.465190328815661892E-32, 1.000000000000000000, 3.491481338843133355E-15 ) ) ;
#9037 = DIRECTION ( 'NONE',  ( 1.000000000000000000, 0.0000000000000000000, 0.0000000000000000000 ) ) ;
#9038 = CARTESIAN_POINT ( 'NONE',  ( 0.3363256651704459310, 1.052260462075668368, 0.01100000000000433270 ) ) ;
#9039 = ORIENTED_EDGE ( 'NONE', *, *, #3163, .F. ) ;
#9040 = EDGE_CURVE ( 'NONE', #2311, #2656, #1795, .T. ) ;
#9041 = VECTOR ( 'NONE', #5293, 1000.000000000000114 ) ;
#9042 = LINE ( 'NONE', #6963, #7172 ) ;
#9043 =( LENGTH_UNIT ( ) NAMED_UNIT ( * ) SI_UNIT ( .MILLI., .METRE. ) );
#9044 =( NAMED_UNIT ( * ) SI_UNIT ( $, .STERADIAN. ) SOLID_ANGLE_UNIT ( ) );
#9045 = FILL_AREA_STYLE_COLOUR ( '', #523 ) ;
#9046 = CARTESIAN_POINT ( 'NONE',  ( -0.1051377494637006776, 1.056338205978106570, 0.01100000000000433270 ) ) ;
#9047 = VECTOR ( 'NONE', #8439, 1000.000000000000000 ) ;
#9048 = CARTESIAN_POINT ( 'NONE',  ( 0.3629189952254581741, 1.040974415568811207, 0.01100000000000433444 ) ) ;
#9049 = DIRECTION ( 'NONE',  ( -1.000000000000000000, -0.0000000000000000000, 0.0000000000000000000 ) ) ;
#9050 = CARTESIAN_POINT ( 'NONE',  ( -2.899999999999999911, 2.301710678118662923, 0.4010000000000088494 ) ) ;
#9051 = VERTEX_POINT ( 'NONE', #3167 ) ;
#9052 = VECTOR ( 'NONE', #4973, 1000.000000000000000 ) ;
#9053 = ORIENTED_EDGE ( 'NONE', *, *, #284, .F. ) ;
#9054 = EDGE_CURVE ( 'NONE', #2840, #4113, #2722, .T. ) ;
#9055 = AXIS2_PLACEMENT_3D ( 'NONE', #6455, #550, #4254 ) ;
#9056 = SURFACE_STYLE_USAGE ( .BOTH. , #6806 ) ;
#9057 = CARTESIAN_POINT ( 'NONE',  ( 4.147487373415290612, 0.3017106781186629783, 0.4570660171779840075 ) ) ;
#9058 = CARTESIAN_POINT ( 'NONE',  ( 0.01522144534636387866, 0.9590456265885171083, 0.001000000000003873225 ) ) ;
#9059 = ADVANCED_FACE ( 'NONE', ( #6852 ), #5403, .F. ) ;
#9060 = ORIENTED_EDGE ( 'NONE', *, *, #6001, .F. ) ;
#9061 = STYLED_ITEM ( 'NONE', ( #3344 ), #1343 ) ;
#9062 = ORIENTED_EDGE ( 'NONE', *, *, #6647, .T. ) ;
#9063 = CARTESIAN_POINT ( 'NONE',  ( 2.699999999999999734, -1.568999999999989736, 0.0009999999999951996073 ) ) ;
#9064 = SURFACE_STYLE_USAGE ( .BOTH. , #2201 ) ;
#9065 = DIRECTION ( 'NONE',  ( 0.0000000000000000000, 3.491481338843133355E-15, -1.000000000000000000 ) ) ;
#9066 = PRESENTATION_LAYER_ASSIGNMENT (  '', '', ( #8741 ) ) ;
#9067 = DIRECTION ( 'NONE',  ( 1.000000000000000000, -5.221340210712169984E-31, 1.495451272393799296E-16 ) ) ;
#9068 = ORIENTED_EDGE ( 'NONE', *, *, #9623, .F. ) ;
#9069 = VECTOR ( 'NONE', #9592, 1000.000000000000000 ) ;
#9070 = LINE ( 'NONE', #7856, #4402 ) ;
#9071 =( NAMED_UNIT ( * ) SI_UNIT ( $, .STERADIAN. ) SOLID_ANGLE_UNIT ( ) );
#9072 = MECHANICAL_DESIGN_GEOMETRIC_PRESENTATION_REPRESENTATION (  '', ( #6217 ), #5885 ) ;
#9073 = FILL_AREA_STYLE ('',( #5228 ) ) ;
#9074 = CARTESIAN_POINT ( 'NONE',  ( -0.1490401884880906136, 1.132252840124448934, 0.01100000000000433270 ) ) ;
#9075 = FILL_AREA_STYLE_COLOUR ( '', #1714 ) ;
#9076 = DIRECTION ( 'NONE',  ( 0.3826834323650907255, 3.225708147102274523E-15, -0.9238795325112862944 ) ) ;
#9077 = CARTESIAN_POINT ( 'NONE',  ( -2.720000000000000639, 3.110999999999994881, 4.381000000000011774 ) ) ;
#9078 = ORIENTED_EDGE ( 'NONE', *, *, #5315, .F. ) ;
#9079 = CARTESIAN_POINT ( 'NONE',  ( -2.899999999999999911, -0.7689999999999901359, 0.2009999999999983189 ) ) ;
#9080 = DIRECTION ( 'NONE',  ( -0.0000000000000000000, -1.000000000000000000, -3.491481338843133355E-15 ) ) ;
#9081 = CARTESIAN_POINT ( 'NONE',  ( 0.01681347004849466364, 0.9596918645146920168, 0.001000000000003873225 ) ) ;
#9082 = AXIS2_PLACEMENT_3D ( 'NONE', #448, #3447, #1927 ) ;
#9083 = CARTESIAN_POINT ( 'NONE',  ( -0.1285634483476619516, 1.088854815624679118, 0.01100000000000433270 ) ) ;
#9084 = ORIENTED_EDGE ( 'NONE', *, *, #6812, .F. ) ;
#9085 = COLOUR_RGB ( '',0.1098039215686274495, 0.1098039215686274495, 0.1098039215686274495 ) ;
#9086 = ADVANCED_FACE ( 'NONE', ( #3098 ), #6396, .F. ) ;
#9087 = FACE_OUTER_BOUND ( 'NONE', #8827, .T. ) ;
#9088 = SURFACE_STYLE_FILL_AREA ( #7307 ) ;
#9089 = DIRECTION ( 'NONE',  ( 1.000000000000000000, 0.0000000000000000000, -0.0000000000000000000 ) ) ;
#9090 = ORIENTED_EDGE ( 'NONE', *, *, #291, .T. ) ;
#9091 = EDGE_LOOP ( 'NONE', ( #8236, #7056, #4197, #2161 ) ) ;
#9092 = CARTESIAN_POINT ( 'NONE',  ( -3.958578643762689087, 2.901710678118664788, 0.001000000000010812119 ) ) ;
#9093 = STYLED_ITEM ( 'NONE', ( #3698 ), #8849 ) ;
#9094 = SURFACE_SIDE_STYLE ('',( #990 ) ) ;
#9095 = VERTEX_POINT ( 'NONE', #7128 ) ;
#9096 =( NAMED_UNIT ( * ) PLANE_ANGLE_UNIT ( ) SI_UNIT ( $, .RADIAN. ) );
#9097 = LINE ( 'NONE', #3252, #1713 ) ;
#9098 = PLANE ( 'NONE',  #6252 ) ;
#9100 = MECHANICAL_DESIGN_GEOMETRIC_PRESENTATION_REPRESENTATION (  '', ( #3661 ), #5416 ) ;
#9099 = COLOUR_RGB ( '',0.7764705882352941346, 0.7568627450980391913, 0.7372549019607843590 ) ;
#9101 = EDGE_CURVE ( 'NONE', #2165, #1412, #6615, .T. ) ;
#9102 = VERTEX_POINT ( 'NONE', #400 ) ;
#9103 = VECTOR ( 'NONE', #457, 1000.000000000000000 ) ;
#9104 = ADVANCED_FACE ( 'NONE', ( #8384 ), #6035, .T. ) ;
#9105 = ORIENTED_EDGE ( 'NONE', *, *, #2479, .T. ) ;
#9106 =( NAMED_UNIT ( * ) PLANE_ANGLE_UNIT ( ) SI_UNIT ( $, .RADIAN. ) );
#9107 = PLANE ( 'NONE',  #9475 ) ;
#9108 = EDGE_LOOP ( 'NONE', ( #6099, #1854, #6630, #1964, #4489, #5235 ) ) ;
#9109 = FACE_OUTER_BOUND ( 'NONE', #1184, .T. ) ;
#9110 =( NAMED_UNIT ( * ) PLANE_ANGLE_UNIT ( ) SI_UNIT ( $, .RADIAN. ) );
#9111 = CARTESIAN_POINT ( 'NONE',  ( -0.005544237115527294799, 0.9768590297132084821, 0.001000000000003873225 ) ) ;
#9112 = FACE_OUTER_BOUND ( 'NONE', #8366, .T. ) ;
#9113 = FACE_OUTER_BOUND ( 'NONE', #2803, .T. ) ;
#9114 = AXIS2_PLACEMENT_3D ( 'NONE', #3951, #6, #244 ) ;
#9115 = EDGE_CURVE ( 'NONE', #8780, #9373, #2594, .T. ) ;
#9116 = ORIENTED_EDGE ( 'NONE', *, *, #293, .T. ) ;
#9117 = VERTEX_POINT ( 'NONE', #9228 ) ;
#9118 = DIRECTION ( 'NONE',  ( 0.0000000000000000000, -1.000000000000000000, -3.491481338843133355E-15 ) ) ;
#9119 = COLOUR_RGB ( '',0.7764705882352941346, 0.7568627450980391913, 0.7372549019607843590 ) ;
#9120 = DIRECTION ( 'NONE',  ( 1.000000000000000000, 0.0000000000000000000, 0.0000000000000000000 ) ) ;
#9121 = AXIS2_PLACEMENT_3D ( 'NONE', #7988, #1989, #9488 ) ;
#9122 = SURFACE_STYLE_USAGE ( .BOTH. , #3920 ) ;
#9123 = CARTESIAN_POINT ( 'NONE',  ( -0.09274852792429597037, 1.141583996864458106, 0.01100000000000433270 ) ) ;
#9124 =( NAMED_UNIT ( * ) SI_UNIT ( $, .STERADIAN. ) SOLID_ANGLE_UNIT ( ) );
#9125 = VERTEX_POINT ( 'NONE', #2477 ) ;
#9126 = CARTESIAN_POINT ( 'NONE',  ( 3.558578643762690508, 0.9017106781186627895, 0.4010000000000031872 ) ) ;
#9127 = UNCERTAINTY_MEASURE_WITH_UNIT (LENGTH_MEASURE( 1.000000000000000082E-05 ), #868, 'distance_accuracy_value', 'NONE');
#9128 = DIRECTION ( 'NONE',  ( -1.000000000000000000, -0.0000000000000000000, -0.0000000000000000000 ) ) ;
#9129 = DIRECTION ( 'NONE',  ( 1.495451272393799296E-16, 3.491481338843133355E-15, -1.000000000000000000 ) ) ;
#9130 = ORIENTED_EDGE ( 'NONE', *, *, #1559, .F. ) ;
#9131 = MECHANICAL_DESIGN_GEOMETRIC_PRESENTATION_REPRESENTATION (  '', ( #6758 ), #3741 ) ;
#9132 = CARTESIAN_POINT ( 'NONE',  ( 0.3351414718570921436, 1.034605507733256102, 0.01100000000000433270 ) ) ;
#9133 = ORIENTED_EDGE ( 'NONE', *, *, #6122, .F. ) ;
#9134 = ORIENTED_EDGE ( 'NONE', *, *, #5844, .T. ) ;
#9135 = EDGE_LOOP ( 'NONE', ( #7351, #245, #8664, #4830 ) ) ;
#9136 = FILL_AREA_STYLE ('',( #4558 ) ) ;
#9137 = SURFACE_STYLE_FILL_AREA ( #2646 ) ;
#9138 = DIRECTION ( 'NONE',  ( -1.000000000000000000, -2.465190328815661892E-32, -8.607166029756451331E-47 ) ) ;
#9139 = FILL_AREA_STYLE_COLOUR ( '', #2097 ) ;
#9140 = ORIENTED_EDGE ( 'NONE', *, *, #4436, .F. ) ;
#9141 = FILL_AREA_STYLE_COLOUR ( '', #1793 ) ;
#9142 = ADVANCED_FACE ( 'NONE', ( #866 ), #2509, .F. ) ;
#9143 = CARTESIAN_POINT ( 'NONE',  ( 4.699999999999997513, 3.331000000000000849, 2.501000000000012768 ) ) ;
#9144 = CARTESIAN_POINT ( 'NONE',  ( 1.800000000000000711, -4.568999999999993733, 1.400999999999984702 ) ) ;
#9145 = ORIENTED_EDGE ( 'NONE', *, *, #7417, .T. ) ;
#9146 = ORIENTED_EDGE ( 'NONE', *, *, #5986, .F. ) ;
#9147 = CARTESIAN_POINT ( 'NONE',  ( -0.6999999999999999556, 4.472421356237319401, 0.2010000000000169706 ) ) ;
#9148 = MECHANICAL_DESIGN_GEOMETRIC_PRESENTATION_REPRESENTATION (  '', ( #5333 ), #3256 ) ;
#9149 = FILL_AREA_STYLE_COLOUR ( '', #4285 ) ;
#9150 = FILL_AREA_STYLE ('',( #1779 ) ) ;
#9151 = DIRECTION ( 'NONE',  ( -1.000000000000000000, 5.348949800920537088E-31, -1.532000111646839560E-16 ) ) ;
#9152 = SURFACE_SIDE_STYLE ('',( #5455 ) ) ;
#9153 = ORIENTED_EDGE ( 'NONE', *, *, #8055, .T. ) ;
#9154 = CARTESIAN_POINT ( 'NONE',  ( -0.01672712504389542443, 0.9522223259996148714, 0.001000000000003873225 ) ) ;
#9155 = ADVANCED_FACE ( 'NONE', ( #8263 ), #9354, .F. ) ;
#9156 = CARTESIAN_POINT ( 'NONE',  ( -0.05839684137278238624, 1.155140516325007249, 0.01100000000000433270 ) ) ;
#9157 = LINE ( 'NONE', #2588, #3184 ) ;
#9158 = AXIS2_PLACEMENT_3D ( 'NONE', #6637, #5949, #6698 ) ;
#9159 = CARTESIAN_POINT ( 'NONE',  ( 0.01681347004849466364, 0.9596918645146920168, 0.001000000000003873225 ) ) ;
#9160 = VERTEX_POINT ( 'NONE', #4079 ) ;
#9161 = PRESENTATION_LAYER_ASSIGNMENT (  '', '', ( #580 ) ) ;
#9162 = DIRECTION ( 'NONE',  ( 0.0000000000000000000, 1.000000000000000000, 3.491481338843133355E-15 ) ) ;
#9163 = EDGE_CURVE ( 'NONE', #5298, #8938, #1905, .T. ) ;
#9164 = SURFACE_STYLE_FILL_AREA ( #7015 ) ;
#9165 = SURFACE_SIDE_STYLE ('',( #1898 ) ) ;
#9166 = EDGE_LOOP ( 'NONE', ( #1982, #2930, #2515, #6187 ) ) ;
#9167 =( LENGTH_UNIT ( ) NAMED_UNIT ( * ) SI_UNIT ( .MILLI., .METRE. ) );
#9168 = DIRECTION ( 'NONE',  ( 0.7071067811865490160, -2.468850131082260216E-15, 0.7071067811865460184 ) ) ;
#9169 = SURFACE_STYLE_USAGE ( .BOTH. , #6212 ) ;
#9170 = SURFACE_STYLE_FILL_AREA ( #9658 ) ;
#9171 = EDGE_CURVE ( 'NONE', #3539, #977, #9425, .T. ) ;
#9172 = ADVANCED_BREP_SHAPE_REPRESENTATION ( 'SW-SMD_XKB5858-W-F-75', ( #449, #6997, #9327, #9448, #3686, #1 ), #5207 ) ;
#9173 =( GEOMETRIC_REPRESENTATION_CONTEXT ( 3 ) GLOBAL_UNCERTAINTY_ASSIGNED_CONTEXT ( ( #5404 ) ) GLOBAL_UNIT_ASSIGNED_CONTEXT ( ( #4018, #8510, #7792 ) ) REPRESENTATION_CONTEXT ( 'NONE', 'WORKASPACE' ) );
#9174 = EDGE_CURVE ( 'NONE', #9257, #6445, #1444, .T. ) ;
#9175 = SURFACE_STYLE_FILL_AREA ( #285 ) ;
#9176 = VECTOR ( 'NONE', #1039, 1000.000000000000000 ) ;
#9177 = ORIENTED_EDGE ( 'NONE', *, *, #408, .T. ) ;
#9178 = PLANE ( 'NONE',  #7570 ) ;
#9179 = DIRECTION ( 'NONE',  ( -0.7071067811865490160, 2.468850131082260216E-15, -0.7071067811865460184 ) ) ;
#9180 = VECTOR ( 'NONE', #2290, 1000.000000000000000 ) ;
#9181 = CARTESIAN_POINT ( 'NONE',  ( -2.900000000000000799, 3.110999999999994881, 4.381000000000011774 ) ) ;
#9182 = UNCERTAINTY_MEASURE_WITH_UNIT (LENGTH_MEASURE( 1.000000000000000082E-05 ), #478, 'distance_accuracy_value', 'NONE');
#9183 = CARTESIAN_POINT ( 'NONE',  ( -0.6999999999999999556, 3.331000000000008399, 0.4010000000000131792 ) ) ;
#9184 = SURFACE_SIDE_STYLE ('',( #342 ) ) ;
#9185 = FILL_AREA_STYLE ('',( #9246 ) ) ;
#9186 = CARTESIAN_POINT ( 'NONE',  ( 4.699999999999997513, 0.3017106781186638109, 0.2010000000000022324 ) ) ;
#9187 = MECHANICAL_DESIGN_GEOMETRIC_PRESENTATION_REPRESENTATION (  '', ( #3398 ), #2686 ) ;
#9188 = VECTOR ( 'NONE', #2610, 1000.000000000000000 ) ;
#9189 = EDGE_CURVE ( 'NONE', #7072, #1643, #5211, .T. ) ;
#9190 = EDGE_CURVE ( 'NONE', #1745, #9479, #7419, .T. ) ;
#9191 = SURFACE_STYLE_USAGE ( .BOTH. , #2537 ) ;
#9192 = STYLED_ITEM ( 'NONE', ( #7221 ), #6339 ) ;
#9193 = DIRECTION ( 'NONE',  ( 1.000000000000000000, 0.0000000000000000000, 0.0000000000000000000 ) ) ;
#9194 = EDGE_LOOP ( 'NONE', ( #4662, #1362, #5620, #1092 ) ) ;
#9195 = CARTESIAN_POINT ( 'NONE',  ( -2.700000000000000178, -1.569000000000000172, 2.900999999999995360 ) ) ;
#9196 = PLANE ( 'NONE',  #4296 ) ;
#9197 = LINE ( 'NONE', #1357, #2855 ) ;
#9198 = CARTESIAN_POINT ( 'NONE',  ( -0.6999999999999999556, 4.231000000000008754, 0.2010000000000161102 ) ) ;
#9199 = LINE ( 'NONE', #6434, #2978 ) ;
#9200 = PRESENTATION_LAYER_ASSIGNMENT (  '', '', ( #2131 ) ) ;
#9201 = VECTOR ( 'NONE', #5809, 1000.000000000000000 ) ;
#9202 = VERTEX_POINT ( 'NONE', #4947 ) ;
#9203 = FILL_AREA_STYLE ('',( #1693 ) ) ;
#9204 = DIRECTION ( 'NONE',  ( -0.09525861801280717522, -0.9954525582338367151, -3.475604030777098573E-15 ) ) ;
#9205 =( NAMED_UNIT ( * ) PLANE_ANGLE_UNIT ( ) SI_UNIT ( $, .RADIAN. ) );
#9206 = UNCERTAINTY_MEASURE_WITH_UNIT (LENGTH_MEASURE( 1.000000000000000082E-05 ), #4806, 'distance_accuracy_value', 'NONE');
#9207 = CARTESIAN_POINT ( 'NONE',  ( 3.799999999999996714, 2.901710678118663900, 0.2010000000000113363 ) ) ;
#9208 = ADVANCED_FACE ( 'NONE', ( #5449 ), #4917, .F. ) ;
#9209 = COLOUR_RGB ( '',0.1098039215686274495, 0.1098039215686274495, 0.1098039215686274495 ) ;
#9210 = DIRECTION ( 'NONE',  ( 0.7071067811865460184, 2.468850131082270866E-15, -0.7071067811865490160 ) ) ;
#9211 =( GEOMETRIC_REPRESENTATION_CONTEXT ( 3 ) GLOBAL_UNCERTAINTY_ASSIGNED_CONTEXT ( ( #8545 ) ) GLOBAL_UNIT_ASSIGNED_CONTEXT ( ( #4504, #8913, #9662 ) ) REPRESENTATION_CONTEXT ( 'NONE', 'WORKASPACE' ) );
#9212 = DIRECTION ( 'NONE',  ( -1.000000000000000000, -0.0000000000000000000, -0.0000000000000000000 ) ) ;
#9213 =( NAMED_UNIT ( * ) SI_UNIT ( $, .STERADIAN. ) SOLID_ANGLE_UNIT ( ) );
#9214 = CARTESIAN_POINT ( 'NONE',  ( -0.06122889893198446565, 0.9556983215005580012, 0.001000000000003873225 ) ) ;
#9215 = PRODUCT_DEFINITION_FORMATION_WITH_SPECIFIED_SOURCE ( '任何', '', #7632, .NOT_KNOWN. ) ;
#9216 = PLANE ( 'NONE',  #1774 ) ;
#9217 =( NAMED_UNIT ( * ) PLANE_ANGLE_UNIT ( ) SI_UNIT ( $, .RADIAN. ) );
#9218 = CARTESIAN_POINT ( 'NONE',  ( -0.6999999999999999556, 4.231000000000008754, 0.001000000000016016289 ) ) ;
#9219 = PRESENTATION_STYLE_ASSIGNMENT (( #2256 ) ) ;
#9220 = FACE_OUTER_BOUND ( 'NONE', #1859, .T. ) ;
#9221 = STYLED_ITEM ( 'NONE', ( #9596 ), #7533 ) ;
#9222 = LINE ( 'NONE', #5901, #4061 ) ;
#9223 = CARTESIAN_POINT ( 'NONE',  ( -0.1319670177563833646, 1.057976925490301534, 0.01100000000000433270 ) ) ;
#9224 = CARTESIAN_POINT ( 'NONE',  ( -3.387867965644034918, 0.9017106781186623454, 0.5717106781186591657 ) ) ;
#9225 = SURFACE_SIDE_STYLE ('',( #7149 ) ) ;
#9226 = LINE ( 'NONE', #4828, #1244 ) ;
#9227 = CARTESIAN_POINT ( 'NONE',  ( 4.699999999999997513, 0.3017106781186642550, 0.001000000000002138501 ) ) ;
#9228 = CARTESIAN_POINT ( 'NONE',  ( 0.01681347004849455609, 0.9596918645146920168, 0.01100000000000389902 ) ) ;
#9229 = PRESENTATION_LAYER_ASSIGNMENT (  '', '', ( #3823 ) ) ;
#9230 = CARTESIAN_POINT ( 'NONE',  ( -0.6999999999999999556, 3.818867965644045182, 0.5717106781186699349 ) ) ;
#9231 = CARTESIAN_POINT ( 'NONE',  ( -0.07892766426524076839, 0.9907528318866556383, 0.001000000000003873225 ) ) ;
#9232 = ORIENTED_EDGE ( 'NONE', *, *, #106, .F. ) ;
#9233 = ORIENTED_EDGE ( 'NONE', *, *, #7819, .F. ) ;
#9234 = SURFACE_SIDE_STYLE ('',( #2322 ) ) ;
#9235 = VERTEX_POINT ( 'NONE', #6424 ) ;
#9236 = EDGE_CURVE ( 'NONE', #6432, #9479, #8702, .T. ) ;
#9237 = CARTESIAN_POINT ( 'NONE',  ( -2.700000000000000622, 3.330999999999994632, 4.401000000000012236 ) ) ;
#9238 = MECHANICAL_DESIGN_GEOMETRIC_PRESENTATION_REPRESENTATION (  '', ( #3899 ), #4028 ) ;
#9239 = CARTESIAN_POINT ( 'NONE',  ( 0.4696717017558120766, 0.9926186937829848400, 0.01100000000000389902 ) ) ;
#9240 = VERTEX_POINT ( 'NONE', #451 ) ;
#9241 = ORIENTED_EDGE ( 'NONE', *, *, #1950, .F. ) ;
#9242 =( NAMED_UNIT ( * ) PLANE_ANGLE_UNIT ( ) SI_UNIT ( $, .RADIAN. ) );
#9243 = CARTESIAN_POINT ( 'NONE',  ( 0.2586198724875191646, 0.9542040596366438976, 0.01100000000000389902 ) ) ;
#9244 = VERTEX_POINT ( 'NONE', #9393 ) ;
#9245 = CARTESIAN_POINT ( 'NONE',  ( -0.07957551441870747144, 0.9630152253555178676, 0.001000000000003873225 ) ) ;
#9246 = FILL_AREA_STYLE_COLOUR ( '', #5665 ) ;
#9247 = CARTESIAN_POINT ( 'NONE',  ( -0.01753703318240882117, 0.9744594742863974535, 0.001000000000003873225 ) ) ;
#9248 = PRESENTATION_LAYER_ASSIGNMENT (  '', '', ( #171 ) ) ;
#9249 = VECTOR ( 'NONE', #1868, 1000.000000000000000 ) ;
#9250 = EDGE_CURVE ( 'NONE', #702, #1755, #2231, .T. ) ;
#9251 = DIRECTION ( 'NONE',  ( 1.000000000000000000, 0.0000000000000000000, 0.0000000000000000000 ) ) ;
#9252 = ORIENTED_EDGE ( 'NONE', *, *, #6495, .F. ) ;
#9253 = STYLED_ITEM ( 'NONE', ( #9461 ), #1005 ) ;
#9254 =( LENGTH_UNIT ( ) NAMED_UNIT ( * ) SI_UNIT ( .MILLI., .METRE. ) );
#9255 = ADVANCED_FACE ( 'NONE', ( #3780 ), #7981, .T. ) ;
#9256 = DIRECTION ( 'NONE',  ( 1.000000000000000000, 0.0000000000000000000, 0.0000000000000000000 ) ) ;
#9257 = VERTEX_POINT ( 'NONE', #8712 ) ;
#9258 = UNCERTAINTY_MEASURE_WITH_UNIT (LENGTH_MEASURE( 1.000000000000000082E-05 ), #506, 'distance_accuracy_value', 'NONE');
#9259 = VECTOR ( 'NONE', #4094, 1000.000000000000000 ) ;
#9260 = CARTESIAN_POINT ( 'NONE',  ( -4.699999999999997513, 3.331000000000000849, 2.501000000000012768 ) ) ;
#9261 = LINE ( 'NONE', #1655, #7268 ) ;
#9262 = VERTEX_POINT ( 'NONE', #3423 ) ;
#9263 = ORIENTED_EDGE ( 'NONE', *, *, #8980, .T. ) ;
#9264 = ORIENTED_EDGE ( 'NONE', *, *, #3652, .F. ) ;
#9265 = DIRECTION ( 'NONE',  ( 1.445602896647339163E-16, 3.491481338843133355E-15, -1.000000000000000000 ) ) ;
#9266 = FILL_AREA_STYLE ('',( #5645 ) ) ;
#9267 = DIRECTION ( 'NONE',  ( -1.000000000000000000, -0.0000000000000000000, -0.0000000000000000000 ) ) ;
#9268 = VERTEX_POINT ( 'NONE', #8019 ) ;
#9269 = FACE_OUTER_BOUND ( 'NONE', #3438, .T. ) ;
#9270 = AXIS2_PLACEMENT_3D ( 'NONE', #603, #7331, #567 ) ;
#9271 = LINE ( 'NONE', #1486, #7278 ) ;
#9272 = ORIENTED_EDGE ( 'NONE', *, *, #6795, .T. ) ;
#9273 = EDGE_LOOP ( 'NONE', ( #3664, #1974, #2879, #7537 ) ) ;
#9274 = DIRECTION ( 'NONE',  ( -1.000000000000000000, -0.0000000000000000000, 0.0000000000000000000 ) ) ;
#9275 = FILL_AREA_STYLE_COLOUR ( '', #6489 ) ;
#9276 = CARTESIAN_POINT ( 'NONE',  ( 1.717157287525382214, -4.768999999999995687, 1.818157287525365318 ) ) ;
#9277 = CARTESIAN_POINT ( 'NONE',  ( -0.06122889893198446565, 0.9556983215005580012, 0.01100000000000389902 ) ) ;
#9278 = CARTESIAN_POINT ( 'NONE',  ( -2.900000000000000355, 1.350999999999996204, 3.881000000000005112 ) ) ;
#9279 = PLANE ( 'NONE',  #9404 ) ;
#9280 = DIRECTION ( 'NONE',  ( -1.000000000000000000, -5.595468833802103278E-31, 1.532000111646839560E-16 ) ) ;
#9281 = ORIENTED_EDGE ( 'NONE', *, *, #3274, .T. ) ;
#9282 = AXIS2_PLACEMENT_3D ( 'NONE', #4362, #8830, #9558 ) ;
#9283 = LINE ( 'NONE', #701, #5673 ) ;
#9284 = ORIENTED_EDGE ( 'NONE', *, *, #3391, .F. ) ;
#9285 = DIRECTION ( 'NONE',  ( 0.0000000000000000000, -1.000000000000000000, -3.491481338843133355E-15 ) ) ;
#9286 = FILL_AREA_STYLE ('',( #8537 ) ) ;
#9287 =( NAMED_UNIT ( * ) PLANE_ANGLE_UNIT ( ) SI_UNIT ( $, .RADIAN. ) );
#9288 = CARTESIAN_POINT ( 'NONE',  ( 0.01497500402272734787, 1.122922497301518163, 0.001000000000004306906 ) ) ;
#9289 = DIRECTION ( 'NONE',  ( 0.0000000000000000000, -1.000000000000000000, -3.491481338843133355E-15 ) ) ;
#9290 = FILL_AREA_STYLE ('',( #4716 ) ) ;
#9291 = ORIENTED_EDGE ( 'NONE', *, *, #2106, .F. ) ;
#9292 = MECHANICAL_DESIGN_GEOMETRIC_PRESENTATION_REPRESENTATION (  '', ( #2050 ), #3950 ) ;
#9293 = ORIENTED_EDGE ( 'NONE', *, *, #9115, .F. ) ;
#9294 = EDGE_CURVE ( 'NONE', #7192, #6364, #4497, .T. ) ;
#9295 = SURFACE_SIDE_STYLE ('',( #9164 ) ) ;
#9296 = UNCERTAINTY_MEASURE_WITH_UNIT (LENGTH_MEASURE( 1.000000000000000082E-05 ), #4380, 'distance_accuracy_value', 'NONE');
#9297 =( NAMED_UNIT ( * ) SI_UNIT ( $, .STERADIAN. ) SOLID_ANGLE_UNIT ( ) );
#9298 = CARTESIAN_POINT ( 'NONE',  ( -0.1040413530463693004, 1.073308956660573132, 0.01100000000000433270 ) ) ;
#9299 = VECTOR ( 'NONE', #9210, 1000.000000000000114 ) ;
#9300 = ORIENTED_EDGE ( 'NONE', *, *, #270, .F. ) ;
#9301 = EDGE_CURVE ( 'NONE', #1021, #6694, #8364, .T. ) ;
#9302 = ADVANCED_FACE ( 'NONE', ( #979 ), #4248, .T. ) ;
#9303 = MECHANICAL_DESIGN_GEOMETRIC_PRESENTATION_REPRESENTATION (  '', ( #7416 ), #4931 ) ;
#9304 = SURFACE_STYLE_USAGE ( .BOTH. , #4065 ) ;
#9305 = PRODUCT_CONTEXT ( 'NONE', #8525, 'mechanical' ) ;
#9306 = DIRECTION ( 'NONE',  ( -0.0000000000000000000, 1.000000000000000000, 3.491481338843133355E-15 ) ) ;
#9307 = DIRECTION ( 'NONE',  ( 1.000000000000000000, -5.595468833802103278E-31, 1.532000111646839560E-16 ) ) ;
#9308 = CARTESIAN_POINT ( 'NONE',  ( 0.0002712571954569721762, 0.9786376298791450434, 0.001000000000003873225 ) ) ;
#9309 = CYLINDRICAL_SURFACE ( 'NONE', #9571, 0.2000000000000000944 ) ;
#9310 = DIRECTION ( 'NONE',  ( -1.445602896647339163E-16, -3.491481338843133355E-15, 1.000000000000000000 ) ) ;
#9311 = VERTEX_POINT ( 'NONE', #1958 ) ;
#9312 = EDGE_CURVE ( 'NONE', #6296, #532, #6024, .T. ) ;
#9313 = LINE ( 'NONE', #2318, #7196 ) ;
#9314 = SURFACE_STYLE_FILL_AREA ( #8265 ) ;
#9315 = EDGE_CURVE ( 'NONE', #7630, #6488, #8935, .T. ) ;
#9316 = CARTESIAN_POINT ( 'NONE',  ( 0.2021793237070312610, 1.154204059636644075, 0.001000000000004306906 ) ) ;
#9317 =( GEOMETRIC_REPRESENTATION_CONTEXT ( 3 ) GLOBAL_UNCERTAINTY_ASSIGNED_CONTEXT ( ( #3380 ) ) GLOBAL_UNIT_ASSIGNED_CONTEXT ( ( #6374, #7904, #9297 ) ) REPRESENTATION_CONTEXT ( 'NONE', 'WORKASPACE' ) );
#9318 = CARTESIAN_POINT ( 'NONE',  ( 0.4696717017558117990, 0.9926186937829848400, 0.01100000000000389902 ) ) ;
#9319 = VECTOR ( 'NONE', #4279, 1000.000000000000000 ) ;
#9320 =( LENGTH_UNIT ( ) NAMED_UNIT ( * ) SI_UNIT ( .MILLI., .METRE. ) );
#9321 = CARTESIAN_POINT ( 'NONE',  ( 2.800000000000000266, -0.7589999999999949010, 1.400999999999997803 ) ) ;
#9322 = CARTESIAN_POINT ( 'NONE',  ( 0.3517173643660215232, 1.102670113135681529, 0.01100000000000433270 ) ) ;
#9323 = CARTESIAN_POINT ( 'NONE',  ( -0.08925027752033071193, 1.001783660092786965, 0.01100000000000389902 ) ) ;
#9324 = ORIENTED_EDGE ( 'NONE', *, *, #602, .F. ) ;
#9325 = CARTESIAN_POINT ( 'NONE',  ( -0.03002342019540777188, 0.9737162547585943573, 0.001000000000003873225 ) ) ;
#9326 = VECTOR ( 'NONE', #6624, 1000.000000000000000 ) ;
#9327 = MANIFOLD_SOLID_BREP ( '实体-移动/复制2[3]', #6840 ) ;
#9328 = SURFACE_STYLE_FILL_AREA ( #6940 ) ;
#9329 = MECHANICAL_DESIGN_GEOMETRIC_PRESENTATION_REPRESENTATION (  '', ( #2259 ), #3798 ) ;
#9330 = PRESENTATION_STYLE_ASSIGNMENT (( #2761 ) ) ;
#9331 = UNCERTAINTY_MEASURE_WITH_UNIT (LENGTH_MEASURE( 1.000000000000000082E-05 ), #3898, 'distance_accuracy_value', 'NONE');
#9332 = CARTESIAN_POINT ( 'NONE',  ( 2.700000000000000622, 3.330999999999995520, 4.401000000000011347 ) ) ;
#9333 = SURFACE_SIDE_STYLE ('',( #6650 ) ) ;
#9334 = DIRECTION ( 'NONE',  ( -0.7071067811865460184, 2.468850131082270866E-15, -0.7071067811865490160 ) ) ;
#9335 = VECTOR ( 'NONE', #4653, 1000.000000000000000 ) ;
#9336 = VECTOR ( 'NONE', #8039, 1000.000000000000000 ) ;
#9337 = LINE ( 'NONE', #2189, #5367 ) ;
#9338 = ORIENTED_EDGE ( 'NONE', *, *, #648, .F. ) ;
#9339 = PRESENTATION_LAYER_ASSIGNMENT (  '', '', ( #5333 ) ) ;
#9340 = DIRECTION ( 'NONE',  ( 0.0000000000000000000, 1.000000000000000000, 3.491481338843133355E-15 ) ) ;
#9341 = CARTESIAN_POINT ( 'NONE',  ( -2.700000000000000178, 1.330999999999996186, 3.901000000000005130 ) ) ;
#9342 = EDGE_LOOP ( 'NONE', ( #8645, #599, #9105, #8104 ) ) ;
#9343 = SURFACE_STYLE_FILL_AREA ( #7777 ) ;
#9344 = CARTESIAN_POINT ( 'NONE',  ( -0.03386431412593590012, 0.9518490802490902070, 0.001000000000003873225 ) ) ;
#9345 = CARTESIAN_POINT ( 'NONE',  ( 1.400000000000000355, -4.769000000000003681, 3.900999999999984258 ) ) ;
#9346 = CARTESIAN_POINT ( 'NONE',  ( 0.005939905825647328816, 0.9808656575139639289, 0.001000000000003873225 ) ) ;
#9347 =( NAMED_UNIT ( * ) PLANE_ANGLE_UNIT ( ) SI_UNIT ( $, .RADIAN. ) );
#9348 = ORIENTED_EDGE ( 'NONE', *, *, #1768, .F. ) ;
#9349 = ORIENTED_EDGE ( 'NONE', *, *, #7995, .F. ) ;
#9350 = ORIENTED_EDGE ( 'NONE', *, *, #208, .T. ) ;
#9351 = CARTESIAN_POINT ( 'NONE',  ( 0.3777890798045921983, 1.154204059636644075, 0.001000000000004306906 ) ) ;
#9352 = CARTESIAN_POINT ( 'NONE',  ( -2.900000000000000799, 3.330999999999989747, 5.801000000000011703 ) ) ;
#9353 = DIRECTION ( 'NONE',  ( 0.7071067811865460184, 2.468850131082270866E-15, -0.7071067811865490160 ) ) ;
#9354 = PLANE ( 'NONE',  #2749 ) ;
#9355 = SURFACE_STYLE_FILL_AREA ( #3586 ) ;
#9356 = DIRECTION ( 'NONE',  ( 1.000000000000000000, 0.0000000000000000000, 0.0000000000000000000 ) ) ;
#9357 = ADVANCED_FACE ( 'NONE', ( #1788 ), #1992, .T. ) ;
#9358 = PLANE ( 'NONE',  #3761 ) ;
#9359 = EDGE_CURVE ( 'NONE', #2586, #5883, #5431, .T. ) ;
#9360 = VECTOR ( 'NONE', #3296, 1000.000000000000000 ) ;
#9361 = ORIENTED_EDGE ( 'NONE', *, *, #6111, .T. ) ;
#9362 = VECTOR ( 'NONE', #2563, 1000.000000000000000 ) ;
#9363 = SURFACE_STYLE_USAGE ( .BOTH. , #8640 ) ;
#9364 = CARTESIAN_POINT ( 'NONE',  ( 7.477256361968997712E-17, 3.330999999999994632, 4.401000000000012236 ) ) ;
#9365 = EDGE_CURVE ( 'NONE', #2240, #4142, #9283, .T. ) ;
#9366 = LINE ( 'NONE', #3135, #117 ) ;
#9367 = PRESENTATION_STYLE_ASSIGNMENT (( #2664 ) ) ;
#9368 = SURFACE_STYLE_FILL_AREA ( #92 ) ;
#9369 = CARTESIAN_POINT ( 'NONE',  ( 2.899999999999999023, -0.7690000000000101199, 5.800999999999997492 ) ) ;
#9370 =( NAMED_UNIT ( * ) PLANE_ANGLE_UNIT ( ) SI_UNIT ( $, .RADIAN. ) );
#9371 = FACE_OUTER_BOUND ( 'NONE', #6211, .T. ) ;
#9372 = AXIS2_PLACEMENT_3D ( 'NONE', #1088, #4832, #5578 ) ;
#9373 = VERTEX_POINT ( 'NONE', #1416 ) ;
#9374 = VECTOR ( 'NONE', #627, 1000.000000000000114 ) ;
#9375 = EDGE_CURVE ( 'NONE', #2755, #3994, #7530, .T. ) ;
#9376 = CARTESIAN_POINT ( 'NONE',  ( -2.699999999999999734, -1.768999999999989248, 0.0009999999999943322455 ) ) ;
#9377 = SURFACE_STYLE_USAGE ( .BOTH. , #5618 ) ;
#9378 = ORIENTED_EDGE ( 'NONE', *, *, #5988, .F. ) ;
#9379 = DIRECTION ( 'NONE',  ( 1.000000000000000000, 0.0000000000000000000, 0.0000000000000000000 ) ) ;
#9380 = DIRECTION ( 'NONE',  ( 0.0000000000000000000, -1.000000000000000000, -3.491481338843133355E-15 ) ) ;
#9381 = VERTEX_POINT ( 'NONE', #6603 ) ;
#9382 = ORIENTED_EDGE ( 'NONE', *, *, #1930, .T. ) ;
#9383 = EDGE_CURVE ( 'NONE', #1624, #6470, #7294, .T. ) ;
#9384 = PRESENTATION_LAYER_ASSIGNMENT (  '', '', ( #4368 ) ) ;
#9385 = ORIENTED_EDGE ( 'NONE', *, *, #9189, .T. ) ;
#9386 = COLOUR_RGB ( '',0.1098039215686274495, 0.1098039215686274495, 0.1098039215686274495 ) ;
#9387 = VECTOR ( 'NONE', #2591, 1000.000000000000000 ) ;
#9388 = ORIENTED_EDGE ( 'NONE', *, *, #8503, .T. ) ;
#9389 =( NAMED_UNIT ( * ) PLANE_ANGLE_UNIT ( ) SI_UNIT ( $, .RADIAN. ) );
#9390 = CARTESIAN_POINT ( 'NONE',  ( 0.5087723115119092698, 1.098106498661034047, 0.001000000000004306906 ) ) ;
#9391 = CARTESIAN_POINT ( 'NONE',  ( 0.4665848115119092254, 0.9785943035390829436, 0.01100000000000389902 ) ) ;
#9392 = MECHANICAL_DESIGN_GEOMETRIC_PRESENTATION_REPRESENTATION (  '', ( #8876 ), #9719 ) ;
#9393 = CARTESIAN_POINT ( 'NONE',  ( 2.900000000000000799, 1.350999999999994650, 4.381000000000004668 ) ) ;
#9394 = ORIENTED_EDGE ( 'NONE', *, *, #6976, .T. ) ;
#9395 = VERTEX_POINT ( 'NONE', #4343 ) ;
#9396 = FILL_AREA_STYLE_COLOUR ( '', #67 ) ;
#9397 = CARTESIAN_POINT ( 'NONE',  ( -3.799999999999996714, 0.3017106781186642550, 0.001000000000002138501 ) ) ;
#9398 = CARTESIAN_POINT ( 'NONE',  ( -0.1050684865678115087, 1.053248987789543012, 0.001000000000004306906 ) ) ;
#9399 = ORIENTED_EDGE ( 'NONE', *, *, #6446, .T. ) ;
#9400 = PRESENTATION_STYLE_ASSIGNMENT (( #6060 ) ) ;
#9401 = DIRECTION ( 'NONE',  ( 1.000000000000000000, 5.348949800920537088E-31, -1.532000111646839560E-16 ) ) ;
#9402 = CARTESIAN_POINT ( 'NONE',  ( 0.3040546471607585843, 1.120540597211066247, 0.01100000000000433270 ) ) ;
#9403 = CARTESIAN_POINT ( 'NONE',  ( 2.899999999999999911, 1.351000000000004864, 1.421000000000004704 ) ) ;
#9404 = AXIS2_PLACEMENT_3D ( 'NONE', #4809, #4241, #7941 ) ;
#9405 = DIRECTION ( 'NONE',  ( -0.0000000000000000000, -1.000000000000000000, -3.491481338843133355E-15 ) ) ;
#9406 = ORIENTED_EDGE ( 'NONE', *, *, #1938, .T. ) ;
#9407 = LINE ( 'NONE', #9144, #2692 ) ;
#9408 = VERTEX_POINT ( 'NONE', #2849 ) ;
#9409 = CARTESIAN_POINT ( 'NONE',  ( 2.699999999999998845, -0.7690000000000092317, 5.600999999999997314 ) ) ;
#9410 = VECTOR ( 'NONE', #8176, 1000.000000000000000 ) ;
#9411 = DIRECTION ( 'NONE',  ( -1.000000000000000000, 0.0000000000000000000, 0.0000000000000000000 ) ) ;
#9412 = SURFACE_STYLE_USAGE ( .BOTH. , #4173 ) ;
#9413 = ORIENTED_EDGE ( 'NONE', *, *, #4942, .T. ) ;
#9414 =( LENGTH_UNIT ( ) NAMED_UNIT ( * ) SI_UNIT ( .MILLI., .METRE. ) );
#9415 = MECHANICAL_DESIGN_GEOMETRIC_PRESENTATION_REPRESENTATION (  '', ( #9600 ), #8763 ) ;
#9416 = VERTEX_POINT ( 'NONE', #9579 ) ;
#9417 = SURFACE_STYLE_FILL_AREA ( #5961 ) ;
#9418 = DIRECTION ( 'NONE',  ( 0.0000000000000000000, 0.3826834323650873948, 0.9238795325112877377 ) ) ;
#9419 = CARTESIAN_POINT ( 'NONE',  ( -0.1490401884880906136, 1.154204059636644075, 0.01100000000000433270 ) ) ;
#9420 = CARTESIAN_POINT ( 'NONE',  ( 0.4688524073505806466, 0.9899992245749832387, 0.001000000000003873225 ) ) ;
#9421 =( NAMED_UNIT ( * ) SI_UNIT ( $, .STERADIAN. ) SOLID_ANGLE_UNIT ( ) );
#9422 = PLANE ( 'NONE',  #7944 ) ;
#9423 =( NAMED_UNIT ( * ) PLANE_ANGLE_UNIT ( ) SI_UNIT ( $, .RADIAN. ) );
#9424 = EDGE_CURVE ( 'NONE', #6480, #8502, #2698, .T. ) ;
#9425 = LINE ( 'NONE', #1782, #3683 ) ;
#9426 = UNCERTAINTY_MEASURE_WITH_UNIT (LENGTH_MEASURE( 1.000000000000000082E-05 ), #5742, 'distance_accuracy_value', 'NONE');
#9427 = AXIS2_PLACEMENT_3D ( 'NONE', #1270, #5086, #594 ) ;
#9428 = FACE_OUTER_BOUND ( 'NONE', #6023, .T. ) ;
#9429 = CARTESIAN_POINT ( 'NONE',  ( -0.08925027752033071193, 1.001783660092786965, 0.001000000000003873225 ) ) ;
#9430 = AXIS2_PLACEMENT_3D ( 'NONE', #2767, #8775, #2703 ) ;
#9431 = DIRECTION ( 'NONE',  ( 0.0000000000000000000, 1.000000000000000000, 3.491481338843133355E-15 ) ) ;
#9432 = CARTESIAN_POINT ( 'NONE',  ( 0.3361225273894165033, 1.061314737052883928, 0.01100000000000433270 ) ) ;
#9433 = VECTOR ( 'NONE', #1962, 1000.000000000000000 ) ;
#9434 = CARTESIAN_POINT ( 'NONE',  ( -0.02792670660722892245, 0.9517817041335210337, 0.01100000000000389902 ) ) ;
#9435 = LINE ( 'NONE', #2643, #425 ) ;
#9436 = AXIS2_PLACEMENT_3D ( 'NONE', #3563, #9670, #1340 ) ;
#9437 = EDGE_CURVE ( 'NONE', #5125, #587, #168, .T. ) ;
#9438 = ORIENTED_EDGE ( 'NONE', *, *, #3787, .T. ) ;
#9439 = COLOUR_RGB ( '',0.7764705882352941346, 0.7568627450980391913, 0.7372549019607843590 ) ;
#9440 = UNCERTAINTY_MEASURE_WITH_UNIT (LENGTH_MEASURE( 1.000000000000000082E-05 ), #4029, 'distance_accuracy_value', 'NONE');
#9441 = CARTESIAN_POINT ( 'NONE',  ( 2.899999999999999911, 3.331000000000009287, 0.2010000000000126408 ) ) ;
#9442 = CARTESIAN_POINT ( 'NONE',  ( 0.3465119524332894718, 1.111143828540339440, 0.01100000000000433270 ) ) ;
#9443 = VECTOR ( 'NONE', #7654, 1000.000000000000000 ) ;
#9444 = AXIS2_PLACEMENT_3D ( 'NONE', #6709, #7528, #38 ) ;
#9445 = FACE_BOUND ( 'NONE', #9713, .T. ) ;
#9446 = VECTOR ( 'NONE', #3208, 1000.000000000000000 ) ;
#9447 =( GEOMETRIC_REPRESENTATION_CONTEXT ( 3 ) GLOBAL_UNCERTAINTY_ASSIGNED_CONTEXT ( ( #4900 ) ) GLOBAL_UNIT_ASSIGNED_CONTEXT ( ( #5291, #6892, #920 ) ) REPRESENTATION_CONTEXT ( 'NONE', 'WORKASPACE' ) );
#9448 = MANIFOLD_SOLID_BREP ( '实体-移动/复制2[4]', #6737 ) ;
#9449 = CARTESIAN_POINT ( 'NONE',  ( 2.720000000000000195, -0.7589999999999966773, 1.920999999999997154 ) ) ;
#9450 = CARTESIAN_POINT ( 'NONE',  ( 2.699999999999999734, -1.568999999999990624, 0.2009999999999952935 ) ) ;
#9451 =( NAMED_UNIT ( * ) SI_UNIT ( $, .STERADIAN. ) SOLID_ANGLE_UNIT ( ) );
#9452 = PLANE ( 'NONE',  #9121 ) ;
#9453 = CARTESIAN_POINT ( 'NONE',  ( 2.900000000000000355, 1.331000000000003292, 1.901000000000004908 ) ) ;
#9454 = CARTESIAN_POINT ( 'NONE',  ( 0.1631549334631288706, 1.132252840124448934, 0.001000000000004306906 ) ) ;
#9455 = LINE ( 'NONE', #6781, #3942 ) ;
#9456 = PRESENTATION_LAYER_ASSIGNMENT (  '', '', ( #3110 ) ) ;
#9457 = SURFACE_STYLE_FILL_AREA ( #2238 ) ;
#9458 = ORIENTED_EDGE ( 'NONE', *, *, #759, .T. ) ;
#9459 = CARTESIAN_POINT ( 'NONE',  ( 0.3363256651704458200, 1.052260462075668368, 0.01100000000000433270 ) ) ;
#9460 = CARTESIAN_POINT ( 'NONE',  ( -0.03708970641716335948, 1.134625644897915286, 0.01100000000000433270 ) ) ;
#9461 = PRESENTATION_STYLE_ASSIGNMENT (( #9122 ) ) ;
#9462 = ORIENTED_EDGE ( 'NONE', *, *, #2562, .F. ) ;
#9463 = ORIENTED_EDGE ( 'NONE', *, *, #7103, .F. ) ;
#9464 = CARTESIAN_POINT ( 'NONE',  ( 0.001417314545994351974, 0.9547689439688084034, 0.01100000000000389902 ) ) ;
#9465 = EDGE_LOOP ( 'NONE', ( #1419, #4339, #8946, #6268 ) ) ;
#9466 = PRESENTATION_LAYER_ASSIGNMENT (  '', '', ( #7458 ) ) ;
#9467 = EDGE_LOOP ( 'NONE', ( #4807, #1399, #446, #4693 ) ) ;
#9468 = ORIENTED_EDGE ( 'NONE', *, *, #6266, .T. ) ;
#9469 = DIRECTION ( 'NONE',  ( 1.532000111646839560E-16, -3.491481338843133355E-15, 1.000000000000000000 ) ) ;
#9470 = CARTESIAN_POINT ( 'NONE',  ( -2.899999999999999911, -0.7589999999999896829, 0.01099999999999782749 ) ) ;
#9471 = LINE ( 'NONE', #6120, #352 ) ;
#9472 = LINE ( 'NONE', #5065, #7479 ) ;
#9473 = CARTESIAN_POINT ( 'NONE',  ( -0.08067153242225633125, 1.118552949249750572, 0.001000000000004306906 ) ) ;
#9474 = COLOUR_RGB ( '',0.1098039215686274495, 0.1098039215686274495, 0.1098039215686274495 ) ;
#9475 = AXIS2_PLACEMENT_3D ( 'NONE', #9181, #5390, #3964 ) ;
#9476 = COLOUR_RGB ( '',0.1098039215686274495, 0.1098039215686274495, 0.1098039215686274495 ) ;
#9477 = PRESENTATION_LAYER_ASSIGNMENT (  '', '', ( #6162 ) ) ;
#9478 = LINE ( 'NONE', #1575, #4445 ) ;
#9479 = VERTEX_POINT ( 'NONE', #6635 ) ;
#9480 = ORIENTED_EDGE ( 'NONE', *, *, #7874, .T. ) ;
#9481 = FILL_AREA_STYLE ('',( #1069 ) ) ;
#9482 = CARTESIAN_POINT ( 'NONE',  ( -2.720000000000000639, 1.350999999999994650, 4.381000000000005556 ) ) ;
#9483 = FILL_AREA_STYLE_COLOUR ( '', #5445 ) ;
#9484 = AXIS2_PLACEMENT_3D ( 'NONE', #6842, #5242, #5336 ) ;
#9485 = DIRECTION ( 'NONE',  ( -0.0000000000000000000, 3.491481338843133355E-15, -1.000000000000000000 ) ) ;
#9486 = DIRECTION ( 'NONE',  ( 0.0000000000000000000, -3.491481338843133355E-15, 1.000000000000000000 ) ) ;
#9487 = EDGE_CURVE ( 'NONE', #5150, #2276, #8923, .T. ) ;
#9488 = DIRECTION ( 'NONE',  ( 0.0000000000000000000, 1.000000000000000000, 3.491481338843133355E-15 ) ) ;
#9489 = CARTESIAN_POINT ( 'NONE',  ( 0.1533988359021532244, 1.063960157197619605, 0.001000000000004306906 ) ) ;
#9490 = ORIENTED_EDGE ( 'NONE', *, *, #8955, .F. ) ;
#9491 = CARTESIAN_POINT ( 'NONE',  ( -0.1039835118711591871, 1.038445951998076877, 0.001000000000004306906 ) ) ;
#9492 = EDGE_CURVE ( 'NONE', #5129, #8100, #1199, .T. ) ;
#9493 = CARTESIAN_POINT ( 'NONE',  ( -2.700000000000000178, 1.330999999999999739, 2.901000000000005130 ) ) ;
#9494 = AXIS2_PLACEMENT_3D ( 'NONE', #7955, #3450, #1191 ) ;
#9495 = EDGE_CURVE ( 'NONE', #9268, #5042, #7403, .T. ) ;
#9496 = CARTESIAN_POINT ( 'NONE',  ( -0.08067153242225633125, 1.118552949249750572, 0.01100000000000433270 ) ) ;
#9497 = CARTESIAN_POINT ( 'NONE',  ( 0.5087723115119092698, 1.098106498661034047, 0.001000000000004306906 ) ) ;
#9498 = ORIENTED_EDGE ( 'NONE', *, *, #2417, .T. ) ;
#9499 = CARTESIAN_POINT ( 'NONE',  ( 0.4659369456582507230, 0.9785943035390829436, 0.001000000000003873225 ) ) ;
#9500 = DIRECTION ( 'NONE',  ( 0.0000000000000000000, 3.491481338843133355E-15, -1.000000000000000000 ) ) ;
#9501 = ORIENTED_EDGE ( 'NONE', *, *, #1326, .T. ) ;
#9502 = ADVANCED_FACE ( 'NONE', ( #3428 ), #863, .F. ) ;
#9503 =( GEOMETRIC_REPRESENTATION_CONTEXT ( 3 ) GLOBAL_UNCERTAINTY_ASSIGNED_CONTEXT ( ( #4965 ) ) GLOBAL_UNIT_ASSIGNED_CONTEXT ( ( #1709, #4773, #8380 ) ) REPRESENTATION_CONTEXT ( 'NONE', 'WORKASPACE' ) );
#9504 = B_SPLINE_CURVE_WITH_KNOTS ( 'NONE', 3,
 ( #33, #1388, #5208, #5272, #6026, #6769, #8858, #4391, #653, #6642, #7622, #4571, #96, #835, #5402, #2315, #5334, #900, #3882 ),
 .UNSPECIFIED., .F., .F.,
 ( 4, 1, 1, 1, 1, 1, 1, 1, 1, 1, 1, 1, 1, 1, 1, 1, 4 ),
 ( 0.0000000000000000000, 0.07082657255516264239, 0.1381690332797995135, 0.2024753315338427562, 0.2639737544135196123, 0.3233803205980373963, 0.3817976227131854583, 0.4393900745193894952, 0.4969027245459962661, 0.5546621696093689824, 0.6127418784921974115, 0.6715388363911720671, 0.7316557220901966918, 0.7942978116139537414, 0.8594822049793570118, 0.9276813254527891406, 1.000000000000000000 ),
 .UNSPECIFIED. ) ;
#9505 =( NAMED_UNIT ( * ) PLANE_ANGLE_UNIT ( ) SI_UNIT ( $, .RADIAN. ) );
#9506 = ORIENTED_EDGE ( 'NONE', *, *, #768, .T. ) ;
#9507 = CARTESIAN_POINT ( 'NONE',  ( 0.3086235994101352298, 1.143434785427621003, 0.01100000000000433270 ) ) ;
#9508 = VECTOR ( 'NONE', #405, 1000.000000000000000 ) ;
#9509 = SURFACE_SIDE_STYLE ('',( #4322 ) ) ;
#9510 = EDGE_CURVE ( 'NONE', #1882, #2792, #8244, .T. ) ;
#9511 = ORIENTED_EDGE ( 'NONE', *, *, #2163, .T. ) ;
#9512 =( GEOMETRIC_REPRESENTATION_CONTEXT ( 3 ) GLOBAL_UNCERTAINTY_ASSIGNED_CONTEXT ( ( #88 ) ) GLOBAL_UNIT_ASSIGNED_CONTEXT ( ( #6129, #774, #2221 ) ) REPRESENTATION_CONTEXT ( 'NONE', 'WORKASPACE' ) );
#9513 = CARTESIAN_POINT ( 'NONE',  ( -7.477256361968997712E-17, 3.331000000000004846, 1.401000000000012014 ) ) ;
#9514 = ORIENTED_EDGE ( 'NONE', *, *, #7874, .F. ) ;
#9515 = ORIENTED_EDGE ( 'NONE', *, *, #7805, .T. ) ;
#9516 =( NAMED_UNIT ( * ) SI_UNIT ( $, .STERADIAN. ) SOLID_ANGLE_UNIT ( ) );
#9517 = FACE_OUTER_BOUND ( 'NONE', #2571, .T. ) ;
#9518 = CARTESIAN_POINT ( 'NONE',  ( -0.02246920390803058831, 1.155914792715085904, 0.001000000000004306906 ) ) ;
#9519 =( GEOMETRIC_REPRESENTATION_CONTEXT ( 3 ) GLOBAL_UNCERTAINTY_ASSIGNED_CONTEXT ( ( #1215 ) ) GLOBAL_UNIT_ASSIGNED_CONTEXT ( ( #9043, #4559, #6924 ) ) REPRESENTATION_CONTEXT ( 'NONE', 'WORKASPACE' ) );
#9520 = DIRECTION ( 'NONE',  ( 1.000000000000000000, 0.0000000000000000000, 0.0000000000000000000 ) ) ;
#9521 = CARTESIAN_POINT ( 'NONE',  ( -0.03210528730176866880, 1.134660156405207454, 0.01100000000000433270 ) ) ;
#9522 = EDGE_LOOP ( 'NONE', ( #7229, #4940, #3276, #7620 ) ) ;
#9523 = CARTESIAN_POINT ( 'NONE',  ( 3.558578643762690508, 2.301710678118662923, 0.4010000000000084053 ) ) ;
#9524 = PRESENTATION_STYLE_ASSIGNMENT (( #25 ) ) ;
#9525 = CARTESIAN_POINT ( 'NONE',  ( 0.2586198724875190535, 0.9542040596366438976, 0.001000000000003873225 ) ) ;
#9526 = CARTESIAN_POINT ( 'NONE',  ( 1.600000000000000533, -1.768999999999996353, 1.900999999999994472 ) ) ;
#9527 = CARTESIAN_POINT ( 'NONE',  ( -0.08573764209312743911, 1.113605818827721139, 0.001000000000004306906 ) ) ;
#9528 = VECTOR ( 'NONE', #6974, 1000.000000000000000 ) ;
#9529 = CARTESIAN_POINT ( 'NONE',  ( 0.1582768846826410614, 0.9761552791488392611, 0.001000000000003873225 ) ) ;
#9530 = DIRECTION ( 'NONE',  ( 0.0000000000000000000, -1.000000000000000000, -3.491481338843133355E-15 ) ) ;
#9531 = ORIENTED_EDGE ( 'NONE', *, *, #8798, .F. ) ;
#9532 = FILL_AREA_STYLE_COLOUR ( '', #6351 ) ;
#9533 = DIRECTION ( 'NONE',  ( 0.0000000000000000000, -3.491481338843133355E-15, 1.000000000000000000 ) ) ;
#9534 = STYLED_ITEM ( 'NONE', ( #7365 ), #7840 ) ;
#9535 = FILL_AREA_STYLE_COLOUR ( '', #672 ) ;
#9536 =( LENGTH_UNIT ( ) NAMED_UNIT ( * ) SI_UNIT ( .MILLI., .METRE. ) );
#9537 = CARTESIAN_POINT ( 'NONE',  ( -0.1025311041977150506, 1.081190301029506529, 0.001000000000004306906 ) ) ;
#9538 = ORIENTED_EDGE ( 'NONE', *, *, #2697, .F. ) ;
#9539 = EDGE_CURVE ( 'NONE', #1219, #3994, #2226, .T. ) ;
#9540 = LINE ( 'NONE', #740, #57 ) ;
#9541 = DIRECTION ( 'NONE',  ( 1.532000111646839560E-16, -3.491481338843133355E-15, 1.000000000000000000 ) ) ;
#9542 = ADVANCED_FACE ( 'NONE', ( #8010 ), #6759, .T. ) ;
#9543 = DIRECTION ( 'NONE',  ( 0.0000000000000000000, -1.000000000000000000, -3.491481338843133355E-15 ) ) ;
#9544 = EDGE_CURVE ( 'NONE', #3539, #4219, #6844, .T. ) ;
#9545 = CARTESIAN_POINT ( 'NONE',  ( -0.1319670177563833646, 1.057976925490301534, 0.01100000000000433270 ) ) ;
#9546 =( NAMED_UNIT ( * ) SI_UNIT ( $, .STERADIAN. ) SOLID_ANGLE_UNIT ( ) );
#9547 = ORIENTED_EDGE ( 'NONE', *, *, #2425, .T. ) ;
#9548 =( GEOMETRIC_REPRESENTATION_CONTEXT ( 3 ) GLOBAL_UNCERTAINTY_ASSIGNED_CONTEXT ( ( #8694 ) ) GLOBAL_UNIT_ASSIGNED_CONTEXT ( ( #7553, #8158, #3786 ) ) REPRESENTATION_CONTEXT ( 'NONE', 'WORKASPACE' ) );
#9549 = EDGE_CURVE ( 'NONE', #2716, #2049, #8806, .T. ) ;
#9550 =( NAMED_UNIT ( * ) SI_UNIT ( $, .STERADIAN. ) SOLID_ANGLE_UNIT ( ) );
#9551 = LINE ( 'NONE', #6885, #7559 ) ;
#9552 = CARTESIAN_POINT ( 'NONE',  ( -0.6999999999999999556, 3.331000000000008399, 0.4010000000000131792 ) ) ;
#9553 =( NAMED_UNIT ( * ) PLANE_ANGLE_UNIT ( ) SI_UNIT ( $, .RADIAN. ) );
#9554 = CARTESIAN_POINT ( 'NONE',  ( 0.2975087245752359166, 1.124151716906326648, 0.001000000000004306906 ) ) ;
#9555 = CARTESIAN_POINT ( 'NONE',  ( 0.01681347004849466364, 0.9596918645146920168, 0.001000000000003873225 ) ) ;
#9556 = FILL_AREA_STYLE_COLOUR ( '', #7145 ) ;
#9557 = VECTOR ( 'NONE', #3412, 1000.000000000000000 ) ;
#9558 = DIRECTION ( 'NONE',  ( 1.000000000000000000, 0.0000000000000000000, 0.0000000000000000000 ) ) ;
#9559 = UNCERTAINTY_MEASURE_WITH_UNIT (LENGTH_MEASURE( 1.000000000000000082E-05 ), #266, 'distance_accuracy_value', 'NONE');
#9560 = DIRECTION ( 'NONE',  ( -1.000000000000000000, -0.0000000000000000000, 0.0000000000000000000 ) ) ;
#9561 = PRESENTATION_STYLE_ASSIGNMENT (( #7333 ) ) ;
#9562 = LINE ( 'NONE', #7225, #4772 ) ;
#9563 = EDGE_CURVE ( 'NONE', #3718, #6932, #956, .T. ) ;
#9564 = AXIS2_PLACEMENT_3D ( 'NONE', #6869, #5989, #8280 ) ;
#9565 = VECTOR ( 'NONE', #806, 1000.000000000000000 ) ;
#9566 = CARTESIAN_POINT ( 'NONE',  ( -4.699999999999997513, 2.301710678118663811, 0.2010000000000091713 ) ) ;
#9567 = ORIENTED_EDGE ( 'NONE', *, *, #953, .T. ) ;
#9568 = FACE_BOUND ( 'NONE', #5061, .T. ) ;
#9569 = CARTESIAN_POINT ( 'NONE',  ( 0.2788645238563826623, 1.152603369254106225, 0.01100000000000433270 ) ) ;
#9570 = DIRECTION ( 'NONE',  ( 0.0000000000000000000, 3.491481338843133355E-15, -1.000000000000000000 ) ) ;
#9571 = AXIS2_PLACEMENT_3D ( 'NONE', #5009, #4918, #8119 ) ;
#9572 = CARTESIAN_POINT ( 'NONE',  ( -0.04213362158172233307, 1.134495647786227135, 0.001000000000004306906 ) ) ;
#9573 = VECTOR ( 'NONE', #4372, 1000.000000000000000 ) ;
#9574 = ORIENTED_EDGE ( 'NONE', *, *, #3137, .F. ) ;
#9575 = ORIENTED_EDGE ( 'NONE', *, *, #9312, .F. ) ;
#9576 = EDGE_LOOP ( 'NONE', ( #832, #5034, #7628, #1212 ) ) ;
#9577 = CARTESIAN_POINT ( 'NONE',  ( -0.6999999999999999556, 3.989578643762699883, 0.4010000000000157883 ) ) ;
#9578 = STYLED_ITEM ( 'NONE', ( #3504 ), #7481 ) ;
#9579 = CARTESIAN_POINT ( 'NONE',  ( 0.4533988359021531855, 0.9542040596366438976, 0.001000000000003873225 ) ) ;
#9580 = VECTOR ( 'NONE', #5913, 1000.000000000000000 ) ;
#9581 =( NAMED_UNIT ( * ) SI_UNIT ( $, .STERADIAN. ) SOLID_ANGLE_UNIT ( ) );
#9582 = CARTESIAN_POINT ( 'NONE',  ( 0.2586198724875190535, 0.9542040596366438976, 0.01100000000000390075 ) ) ;
#9583 = FILL_AREA_STYLE_COLOUR ( '', #8957 ) ;
#9584 =( NAMED_UNIT ( * ) PLANE_ANGLE_UNIT ( ) SI_UNIT ( $, .RADIAN. ) );
#9585 = ORIENTED_EDGE ( 'NONE', *, *, #3824, .T. ) ;
#9586 = ORIENTED_EDGE ( 'NONE', *, *, #5707, .T. ) ;
#9587 = EDGE_LOOP ( 'NONE', ( #8194, #8985, #3358, #7040, #3606 ) ) ;
#9588 = LINE ( 'NONE', #7412, #8541 ) ;
#9589 = FILL_AREA_STYLE_COLOUR ( '', #6309 ) ;
#9590 = CARTESIAN_POINT ( 'NONE',  ( 0.0000000000000000000, -0.7590000000000001190, 2.900999999999998025 ) ) ;
#9591 = CARTESIAN_POINT ( 'NONE',  ( 0.2574003602923971012, 1.132252840124448934, 0.001000000000004306906 ) ) ;
#9592 = DIRECTION ( 'NONE',  ( -1.000000000000000000, -0.0000000000000000000, 0.0000000000000000000 ) ) ;
#9593 = SURFACE_STYLE_USAGE ( .BOTH. , #3501 ) ;
#9594 = ORIENTED_EDGE ( 'NONE', *, *, #9510, .F. ) ;
#9595 = VERTEX_POINT ( 'NONE', #3091 ) ;
#9596 = PRESENTATION_STYLE_ASSIGNMENT (( #3247 ) ) ;
#9597 = ADVANCED_FACE ( 'NONE', ( #4131 ), #5457, .F. ) ;
#9598 = SURFACE_STYLE_FILL_AREA ( #6887 ) ;
#9599 = UNCERTAINTY_MEASURE_WITH_UNIT (LENGTH_MEASURE( 1.000000000000000082E-05 ), #548, 'distance_accuracy_value', 'NONE');
#9600 = STYLED_ITEM ( 'NONE', ( #5576 ), #563 ) ;
#9601 = COLOUR_RGB ( '',1.000000000000000000, 1.000000000000000000, 1.000000000000000000 ) ;
#9602 = VECTOR ( 'NONE', #9626, 1000.000000000000000 ) ;
#9603 = SURFACE_STYLE_USAGE ( .BOTH. , #2796 ) ;
#9604 = PLANE ( 'NONE',  #877 ) ;
#9605 = CARTESIAN_POINT ( 'NONE',  ( 2.720000000000000195, 1.351000000000003309, 1.921000000000004038 ) ) ;
#9606 = VECTOR ( 'NONE', #7524, 1000.000000000000000 ) ;
#9607 = ORIENTED_EDGE ( 'NONE', *, *, #4096, .F. ) ;
#9608 = VERTEX_POINT ( 'NONE', #1642 ) ;
#9609 = DIRECTION ( 'NONE',  ( 0.0000000000000000000, -1.000000000000000000, -3.491481338843133355E-15 ) ) ;
#9610 = CARTESIAN_POINT ( 'NONE',  ( -3.799999999999996714, 2.301710678118663811, 0.2010000000000091713 ) ) ;
#9611 = EDGE_CURVE ( 'NONE', #6076, #6468, #3418, .T. ) ;
#9612 = EDGE_LOOP ( 'NONE', ( #2423, #5399, #7741, #1201 ) ) ;
#9613 = PRESENTATION_LAYER_ASSIGNMENT (  '', '', ( #7742 ) ) ;
#9614 = EDGE_LOOP ( 'NONE', ( #2002, #402, #1109, #1369 ) ) ;
#9615 = CARTESIAN_POINT ( 'NONE',  ( 0.4070573724875188315, 1.154204059636644075, 0.01100000000000433270 ) ) ;
#9616 =( NAMED_UNIT ( * ) PLANE_ANGLE_UNIT ( ) SI_UNIT ( $, .RADIAN. ) );
#9617 = DIRECTION ( 'NONE',  ( 2.930276141852714940E-16, 3.344967531750497781E-15, -1.000000000000000000 ) ) ;
#9618 = ORIENTED_EDGE ( 'NONE', *, *, #2764, .F. ) ;
#9619 = MECHANICAL_DESIGN_GEOMETRIC_PRESENTATION_REPRESENTATION (  '', ( #164 ), #2627 ) ;
#9620 = ORIENTED_EDGE ( 'NONE', *, *, #432, .F. ) ;
#9621 = FILL_AREA_STYLE_COLOUR ( '', #6040 ) ;
#9622 = DIRECTION ( 'NONE',  ( 0.0000000000000000000, -1.000000000000000000, -3.491481338843133355E-15 ) ) ;
#9623 = EDGE_CURVE ( 'NONE', #7281, #4859, #7888, .T. ) ;
#9624 = CARTESIAN_POINT ( 'NONE',  ( 0.3175795056410232187, 0.9689811057798201066, 0.01100000000000390075 ) ) ;
#9625 = DIRECTION ( 'NONE',  ( 0.0000000000000000000, 0.7071067811865489050, -0.7071067811865462405 ) ) ;
#9626 = DIRECTION ( 'NONE',  ( 0.0000000000000000000, -3.491481338843133355E-15, 1.000000000000000000 ) ) ;
#9627 = ORIENTED_EDGE ( 'NONE', *, *, #7805, .F. ) ;
#9628 = ORIENTED_EDGE ( 'NONE', *, *, #6798, .F. ) ;
#9629 = VERTEX_POINT ( 'NONE', #262 ) ;
#9630 = ORIENTED_EDGE ( 'NONE', *, *, #3667, .F. ) ;
#9631 =( NAMED_UNIT ( * ) PLANE_ANGLE_UNIT ( ) SI_UNIT ( $, .RADIAN. ) );
#9632 = STYLED_ITEM ( 'NONE', ( #5990 ), #5768 ) ;
#9633 = EDGE_CURVE ( 'NONE', #9018, #6961, #4960, .T. ) ;
#9634 = DIRECTION ( 'NONE',  ( 0.0000000000000000000, -1.000000000000000000, -3.368276546515235160E-15 ) ) ;
#9635 = DIRECTION ( 'NONE',  ( 1.000000000000000000, 0.0000000000000000000, 0.0000000000000000000 ) ) ;
#9636 =( LENGTH_UNIT ( ) NAMED_UNIT ( * ) SI_UNIT ( .MILLI., .METRE. ) );
#9637 = LINE ( 'NONE', #4263, #1079 ) ;
#9638 = UNCERTAINTY_MEASURE_WITH_UNIT (LENGTH_MEASURE( 1.000000000000000082E-05 ), #8690, 'distance_accuracy_value', 'NONE');
#9639 = VECTOR ( 'NONE', #5352, 1000.000000000000000 ) ;
#9640 = CYLINDRICAL_SURFACE ( 'NONE', #7813, 0.2000000000000000944 ) ;
#9641 = AXIS2_PLACEMENT_3D ( 'NONE', #2929, #9705, #3668 ) ;
#9642 = ORIENTED_EDGE ( 'NONE', *, *, #3462, .T. ) ;
#9643 = B_SPLINE_CURVE_WITH_KNOTS ( 'NONE', 3,
 ( #2894, #723, #8262, #8165, #8898, #2158, #7427, #2934, #8395, #1666, #5448 ),
 .UNSPECIFIED., .F., .F.,
 ( 4, 1, 1, 1, 1, 1, 1, 1, 4 ),
 ( 0.0000000000000000000, 0.1124483899088019601, 0.2265276752126784698, 0.3444019493260280229, 0.4658649724874588949, 0.5916594493521172282, 0.7221684870248874510, 0.8586063875549267976, 1.000000000000000000 ),
 .UNSPECIFIED. ) ;
#9644 = FILL_AREA_STYLE_COLOUR ( '', #5092 ) ;
#9645 =( LENGTH_UNIT ( ) NAMED_UNIT ( * ) SI_UNIT ( .MILLI., .METRE. ) );
#9646 = PRESENTATION_STYLE_ASSIGNMENT (( #3963 ) ) ;
#9647 = FACE_OUTER_BOUND ( 'NONE', #5323, .T. ) ;
#9648 = FACE_OUTER_BOUND ( 'NONE', #7880, .T. ) ;
#9649 = CARTESIAN_POINT ( 'NONE',  ( -2.699999999999999734, -0.7689999999999893587, 0.0009999999999978016925 ) ) ;
#9650 = FILL_AREA_STYLE_COLOUR ( '', #1591 ) ;
#9651 = EDGE_LOOP ( 'NONE', ( #6491, #597, #3827, #3014 ) ) ;
#9652 = EDGE_CURVE ( 'NONE', #4606, #3866, #9042, .T. ) ;
#9653 = STYLED_ITEM ( 'NONE', ( #4595 ), #6710 ) ;
#9654 = FILL_AREA_STYLE_COLOUR ( '', #3008 ) ;
#9655 = VECTOR ( 'NONE', #4794, 1000.000000000000000 ) ;
#9656 = ORIENTED_EDGE ( 'NONE', *, *, #4152, .T. ) ;
#9657 = CARTESIAN_POINT ( 'NONE',  ( 0.2586198724875191646, 0.9542040596366438976, 0.01100000000000389902 ) ) ;
#9658 = FILL_AREA_STYLE ('',( #8117 ) ) ;
#9659 = VERTEX_POINT ( 'NONE', #6290 ) ;
#9660 = ADVANCED_FACE ( 'NONE', ( #4719 ), #9107, .F. ) ;
#9661 = SURFACE_STYLE_USAGE ( .BOTH. , #1226 ) ;
#9662 =( NAMED_UNIT ( * ) SI_UNIT ( $, .STERADIAN. ) SOLID_ANGLE_UNIT ( ) );
#9663 =( NAMED_UNIT ( * ) SI_UNIT ( $, .STERADIAN. ) SOLID_ANGLE_UNIT ( ) );
#9664 = ORIENTED_EDGE ( 'NONE', *, *, #1828, .F. ) ;
#9665 = VERTEX_POINT ( 'NONE', #1734 ) ;
#9666 =( LENGTH_UNIT ( ) NAMED_UNIT ( * ) SI_UNIT ( .MILLI., .METRE. ) );
#9667 = SURFACE_SIDE_STYLE ('',( #7064 ) ) ;
#9668 = CARTESIAN_POINT ( 'NONE',  ( 0.2748599716244910507, 1.131051458916579655, 0.01100000000000433270 ) ) ;
#9669 = SURFACE_STYLE_USAGE ( .BOTH. , #6736 ) ;
#9670 = DIRECTION ( 'NONE',  ( 1.495451272393799542E-16, -2.840960035351830695E-15, 1.000000000000000000 ) ) ;
#9671 = DIRECTION ( 'NONE',  ( 0.0000000000000000000, 1.000000000000000000, 3.368276546515235160E-15 ) ) ;
#9672 = ADVANCED_FACE ( 'NONE', ( #6379 ), #3248, .F. ) ;
#9673 = MECHANICAL_DESIGN_GEOMETRIC_PRESENTATION_REPRESENTATION (  '', ( #2402 ), #3755 ) ;
#9674 = CARTESIAN_POINT ( 'NONE',  ( 0.4657037291637594612, 0.9800184819967268091, 0.01100000000000389902 ) ) ;
#9675 = UNCERTAINTY_MEASURE_WITH_UNIT (LENGTH_MEASURE( 1.000000000000000082E-05 ), #9414, 'distance_accuracy_value', 'NONE');
#9676 = ORIENTED_EDGE ( 'NONE', *, *, #1214, .T. ) ;
#9677 = CARTESIAN_POINT ( 'NONE',  ( -2.899999999999999911, 1.154204059636644075, 0.01100000000000433270 ) ) ;
#9678 = LINE ( 'NONE', #5846, #6034 ) ;
#9679 = VECTOR ( 'NONE', #1549, 1000.000000000000000 ) ;
#9680 = SURFACE_SIDE_STYLE ('',( #2997 ) ) ;
#9681 =( NAMED_UNIT ( * ) SI_UNIT ( $, .STERADIAN. ) SOLID_ANGLE_UNIT ( ) );
#9682 = SURFACE_STYLE_USAGE ( .BOTH. , #1478 ) ;
#9683 = EDGE_CURVE ( 'NONE', #5568, #225, #2387, .T. ) ;
#9684 = EDGE_LOOP ( 'NONE', ( #4282, #6549, #7319, #8324 ) ) ;
#9685 = VECTOR ( 'NONE', #3498, 1000.000000000000000 ) ;
#9686 = FILL_AREA_STYLE ('',( #2135 ) ) ;
#9687 = PLANE ( 'NONE',  #7893 ) ;
#9688 = DIRECTION ( 'NONE',  ( 1.077017957529335354E-31, 1.000000000000000000, 2.949380252600381138E-15 ) ) ;
#9689 =( NAMED_UNIT ( * ) SI_UNIT ( $, .STERADIAN. ) SOLID_ANGLE_UNIT ( ) );
#9690 = SURFACE_STYLE_USAGE ( .BOTH. , #7411 ) ;
#9691 = VECTOR ( 'NONE', #3332, 1000.000000000000000 ) ;
#9692 = EDGE_CURVE ( 'NONE', #6460, #5662, #4593, .T. ) ;
#9693 = EDGE_CURVE ( 'NONE', #6076, #2086, #5080, .T. ) ;
#9694 = FILL_AREA_STYLE ('',( #4320 ) ) ;
#9695 = FACE_BOUND ( 'NONE', #9108, .T. ) ;
#9696 = UNCERTAINTY_MEASURE_WITH_UNIT (LENGTH_MEASURE( 1.000000000000000082E-05 ), #8008, 'distance_accuracy_value', 'NONE');
#9697 = LINE ( 'NONE', #2326, #4056 ) ;
#9698 = CARTESIAN_POINT ( 'NONE',  ( -2.899999999999999911, 2.901710678118663456, 0.4010000000000110143 ) ) ;
#9699 = DIRECTION ( 'NONE',  ( -0.0000000000000000000, 1.000000000000000000, 3.491481338843133355E-15 ) ) ;
#9700 = CARTESIAN_POINT ( 'NONE',  ( 0.2586198724875190535, 0.9542040596366438976, 0.001000000000003873225 ) ) ;
#9701 = AXIS2_PLACEMENT_3D ( 'NONE', #7910, #4899, #1943 ) ;
#9702 =( NAMED_UNIT ( * ) SI_UNIT ( $, .STERADIAN. ) SOLID_ANGLE_UNIT ( ) );
#9703 = FILL_AREA_STYLE_COLOUR ( '', #4902 ) ;
#9704 = EDGE_CURVE ( 'NONE', #258, #3523, #4681, .T. ) ;
#9705 = DIRECTION ( 'NONE',  ( 0.0000000000000000000, -1.000000000000000000, -3.491481338843133355E-15 ) ) ;
#9706 = FACE_OUTER_BOUND ( 'NONE', #7838, .T. ) ;
#9707 = EDGE_CURVE ( 'NONE', #9608, #3171, #3891, .T. ) ;
#9708 = ADVANCED_FACE ( 'NONE', ( #9647 ), #1160, .T. ) ;
#9709 =( GEOMETRIC_REPRESENTATION_CONTEXT ( 3 ) GLOBAL_UNCERTAINTY_ASSIGNED_CONTEXT ( ( #8024 ) ) GLOBAL_UNIT_ASSIGNED_CONTEXT ( ( #7960, #5012, #521 ) ) REPRESENTATION_CONTEXT ( 'NONE', 'WORKASPACE' ) );
#9710 = VECTOR ( 'NONE', #2845, 1000.000000000000114 ) ;
#9711 = SURFACE_STYLE_FILL_AREA ( #9203 ) ;
#9712 = CARTESIAN_POINT ( 'NONE',  ( 2.899999999999999023, 3.330999999999989747, 5.801000000000011703 ) ) ;
#9713 = EDGE_LOOP ( 'NONE', ( #8928, #6469, #633, #9382, #8673, #2111, #1594, #8012 ) ) ;
#9714 = VERTEX_POINT ( 'NONE', #4169 ) ;
#9715 = SURFACE_STYLE_USAGE ( .BOTH. , #3114 ) ;
#9716 = PLANE ( 'NONE',  #1829 ) ;
#9717 = CARTESIAN_POINT ( 'NONE',  ( -0.07957551441870747144, 0.9630152253555178676, 0.01100000000000389902 ) ) ;
#9718 = DIRECTION ( 'NONE',  ( 0.0000000000000000000, -1.000000000000000000, -3.491481338843133355E-15 ) ) ;
#9719 =( GEOMETRIC_REPRESENTATION_CONTEXT ( 3 ) GLOBAL_UNCERTAINTY_ASSIGNED_CONTEXT ( ( #1920 ) ) GLOBAL_UNIT_ASSIGNED_CONTEXT ( ( #4438, #6695, #8940 ) ) REPRESENTATION_CONTEXT ( 'NONE', 'WORKASPACE' ) );
#9720 = CARTESIAN_POINT ( 'NONE',  ( -2.719999999999999751, 1.351000000000004864, 1.421000000000005592 ) ) ;
#9721 = VECTOR ( 'NONE', #1933, 1000.000000000000000 ) ;
#9722 = VERTEX_POINT ( 'NONE', #5687 ) ;
#9723 = ORIENTED_EDGE ( 'NONE', *, *, #3209, .T. ) ;
#9724 = CARTESIAN_POINT ( 'NONE',  ( 2.699999999999998401, -0.7590000000000105551, 5.800999999999997492 ) ) ;
#9725 = CARTESIAN_POINT ( 'NONE',  ( 0.01681347004849455609, -0.7589999999999896829, 0.01099999999999782749 ) ) ;
#9726 = CARTESIAN_POINT ( 'NONE',  ( 2.900000000000000799, 1.350999999999994650, 4.381000000000004668 ) ) ;
#9727 = DIRECTION ( 'NONE',  ( -1.000000000000000000, 0.0000000000000000000, 0.0000000000000000000 ) ) ;
#9728 = FILL_AREA_STYLE ('',( #5203 ) ) ;
#9729 =( NAMED_UNIT ( * ) SI_UNIT ( $, .STERADIAN. ) SOLID_ANGLE_UNIT ( ) );
#9730 = PRESENTATION_STYLE_ASSIGNMENT (( #7215 ) ) ;
#9731 = PLANE ( 'NONE',  #1344 ) ;
#9732 = PRESENTATION_LAYER_ASSIGNMENT (  '', '', ( #6583 ) ) ;
#9733 = FACE_OUTER_BOUND ( 'NONE', #1533, .T. ) ;
#9734 = ORIENTED_EDGE ( 'NONE', *, *, #7542, .F. ) ;
ENDSEC;
END-ISO-10303-21;
