ISO-10303-21;
HEADER;
FILE_DESCRIPTION((''),'2;1');
FILE_NAME('323','2021-09-22T22:05:14',('Administrator'),(''),
'CREO PARAMETRIC BY PTC INC, 2016510','CREO PARAMETRIC BY PTC INC, 2016510','');
FILE_SCHEMA(('CONFIG_CONTROL_DESIGN','GEOMETRIC_VALIDATION_PROPERTIES_MIM'));
ENDSEC;
DATA;
#42=DIRECTION('',(0.E0,0.E0,-1.E0));
#43=VECTOR('',#42,2.E-2);
#44=CARTESIAN_POINT('',(-3.038716712940E0,-3.529638504624E-1,0.E0));
#45=LINE('',#44,#43);
#46=DIRECTION('',(0.E0,-1.E0,0.E0));
#47=VECTOR('',#46,3.E-1);
#48=CARTESIAN_POINT('',(-5.5E0,3.15E0,0.E0));
#49=LINE('',#48,#47);
#50=DIRECTION('',(-1.E0,0.E0,0.E0));
#51=VECTOR('',#50,1.E0);
#52=CARTESIAN_POINT('',(-5.5E0,2.85E0,0.E0));
#53=LINE('',#52,#51);
#54=DIRECTION('',(0.E0,-1.E0,0.E0));
#55=VECTOR('',#54,3.E-1);
#56=CARTESIAN_POINT('',(-6.5E0,3.15E0,0.E0));
#57=LINE('',#56,#55);
#58=DIRECTION('',(-1.E0,0.E0,0.E0));
#59=VECTOR('',#58,1.E0);
#60=CARTESIAN_POINT('',(-5.5E0,3.15E0,0.E0));
#61=LINE('',#60,#59);
#62=DIRECTION('',(0.E0,-1.E0,0.E0));
#63=VECTOR('',#62,3.E-1);
#64=CARTESIAN_POINT('',(-5.5E0,-2.85E0,0.E0));
#65=LINE('',#64,#63);
#66=DIRECTION('',(-1.E0,0.E0,0.E0));
#67=VECTOR('',#66,1.E0);
#68=CARTESIAN_POINT('',(-5.5E0,-3.15E0,0.E0));
#69=LINE('',#68,#67);
#70=DIRECTION('',(0.E0,-1.E0,0.E0));
#71=VECTOR('',#70,3.E-1);
#72=CARTESIAN_POINT('',(-6.5E0,-2.85E0,0.E0));
#73=LINE('',#72,#71);
#74=DIRECTION('',(-1.E0,0.E0,0.E0));
#75=VECTOR('',#74,1.E0);
#76=CARTESIAN_POINT('',(-5.5E0,-2.85E0,0.E0));
#77=LINE('',#76,#75);
#78=DIRECTION('',(0.E0,-1.E0,0.E0));
#79=VECTOR('',#78,3.E-1);
#80=CARTESIAN_POINT('',(-1.5E0,3.15E0,0.E0));
#81=LINE('',#80,#79);
#82=DIRECTION('',(-1.E0,0.E0,0.E0));
#83=VECTOR('',#82,1.E0);
#84=CARTESIAN_POINT('',(-1.5E0,2.85E0,0.E0));
#85=LINE('',#84,#83);
#86=DIRECTION('',(0.E0,-1.E0,0.E0));
#87=VECTOR('',#86,3.E-1);
#88=CARTESIAN_POINT('',(-2.5E0,3.15E0,0.E0));
#89=LINE('',#88,#87);
#90=DIRECTION('',(-1.E0,0.E0,0.E0));
#91=VECTOR('',#90,1.E0);
#92=CARTESIAN_POINT('',(-1.5E0,3.15E0,0.E0));
#93=LINE('',#92,#91);
#94=DIRECTION('',(0.E0,-1.E0,0.E0));
#95=VECTOR('',#94,3.E-1);
#96=CARTESIAN_POINT('',(-1.5E0,-2.85E0,0.E0));
#97=LINE('',#96,#95);
#98=DIRECTION('',(-1.E0,0.E0,0.E0));
#99=VECTOR('',#98,1.E0);
#100=CARTESIAN_POINT('',(-1.5E0,-3.15E0,0.E0));
#101=LINE('',#100,#99);
#102=DIRECTION('',(0.E0,-1.E0,0.E0));
#103=VECTOR('',#102,3.E-1);
#104=CARTESIAN_POINT('',(-2.5E0,-2.85E0,0.E0));
#105=LINE('',#104,#103);
#106=DIRECTION('',(-1.E0,0.E0,0.E0));
#107=VECTOR('',#106,1.E0);
#108=CARTESIAN_POINT('',(-1.5E0,-2.85E0,0.E0));
#109=LINE('',#108,#107);
#110=DIRECTION('',(0.E0,-1.E0,0.E0));
#111=VECTOR('',#110,3.E-1);
#112=CARTESIAN_POINT('',(2.5E0,3.15E0,0.E0));
#113=LINE('',#112,#111);
#114=DIRECTION('',(-1.E0,0.E0,0.E0));
#115=VECTOR('',#114,1.E0);
#116=CARTESIAN_POINT('',(2.5E0,2.85E0,0.E0));
#117=LINE('',#116,#115);
#118=DIRECTION('',(0.E0,-1.E0,0.E0));
#119=VECTOR('',#118,3.E-1);
#120=CARTESIAN_POINT('',(1.5E0,3.15E0,0.E0));
#121=LINE('',#120,#119);
#122=DIRECTION('',(-1.E0,0.E0,0.E0));
#123=VECTOR('',#122,1.E0);
#124=CARTESIAN_POINT('',(2.5E0,3.15E0,0.E0));
#125=LINE('',#124,#123);
#126=DIRECTION('',(0.E0,-1.E0,0.E0));
#127=VECTOR('',#126,3.E-1);
#128=CARTESIAN_POINT('',(2.5E0,-2.85E0,0.E0));
#129=LINE('',#128,#127);
#130=DIRECTION('',(-1.E0,0.E0,0.E0));
#131=VECTOR('',#130,1.E0);
#132=CARTESIAN_POINT('',(2.5E0,-3.15E0,0.E0));
#133=LINE('',#132,#131);
#134=DIRECTION('',(0.E0,-1.E0,0.E0));
#135=VECTOR('',#134,3.E-1);
#136=CARTESIAN_POINT('',(1.5E0,-2.85E0,0.E0));
#137=LINE('',#136,#135);
#138=DIRECTION('',(-1.E0,0.E0,0.E0));
#139=VECTOR('',#138,1.E0);
#140=CARTESIAN_POINT('',(2.5E0,-2.85E0,0.E0));
#141=LINE('',#140,#139);
#142=DIRECTION('',(0.E0,-1.E0,0.E0));
#143=VECTOR('',#142,9.E-1);
#144=CARTESIAN_POINT('',(5.159533726050E0,4.2E0,0.E0));
#145=LINE('',#144,#143);
#146=DIRECTION('',(1.E0,0.E0,0.E0));
#147=VECTOR('',#146,1.219366273950E0);
#148=CARTESIAN_POINT('',(5.159533726050E0,3.3E0,0.E0));
#149=LINE('',#148,#147);
#150=DIRECTION('',(0.E0,-1.E0,0.E0));
#151=VECTOR('',#150,6.6E0);
#152=CARTESIAN_POINT('',(6.3789E0,3.3E0,0.E0));
#153=LINE('',#152,#151);
#154=DIRECTION('',(-1.E0,0.E0,0.E0));
#155=VECTOR('',#154,1.219366273950E0);
#156=CARTESIAN_POINT('',(6.3789E0,-3.3E0,0.E0));
#157=LINE('',#156,#155);
#158=DIRECTION('',(0.E0,1.E0,0.E0));
#159=VECTOR('',#158,9.E-1);
#160=CARTESIAN_POINT('',(5.159533726050E0,-4.2E0,0.E0));
#161=LINE('',#160,#159);
#162=DIRECTION('',(1.E0,0.E0,0.E0));
#163=VECTOR('',#162,6.840466273950E0);
#164=CARTESIAN_POINT('',(5.159533726050E0,-4.2E0,0.E0));
#165=LINE('',#164,#163);
#166=DIRECTION('',(0.E0,1.E0,0.E0));
#167=VECTOR('',#166,8.4E0);
#168=CARTESIAN_POINT('',(1.2E1,-4.2E0,0.E0));
#169=LINE('',#168,#167);
#170=DIRECTION('',(-1.E0,0.E0,0.E0));
#171=VECTOR('',#170,6.840466273950E0);
#172=CARTESIAN_POINT('',(1.2E1,4.2E0,0.E0));
#173=LINE('',#172,#171);
#174=DIRECTION('',(1.E0,0.E0,0.E0));
#175=VECTOR('',#174,5.152E-1);
#176=CARTESIAN_POINT('',(2.4283E0,2.35E0,0.E0));
#177=LINE('',#176,#175);
#178=DIRECTION('',(-1.E0,0.E0,0.E0));
#179=VECTOR('',#178,1.7044E0);
#180=CARTESIAN_POINT('',(2.9435E0,4.2E0,0.E0));
#181=LINE('',#180,#179);
#182=DIRECTION('',(0.E0,-1.E0,0.E0));
#183=VECTOR('',#182,8.E-1);
#184=CARTESIAN_POINT('',(1.2391E0,4.2E0,0.E0));
#185=LINE('',#184,#183);
#186=DIRECTION('',(1.E0,0.E0,0.E0));
#187=VECTOR('',#186,2.5E0);
#188=CARTESIAN_POINT('',(-1.2609E0,3.4E0,0.E0));
#189=LINE('',#188,#187);
#190=DIRECTION('',(0.E0,-1.E0,0.E0));
#191=VECTOR('',#190,8.E-1);
#192=CARTESIAN_POINT('',(-1.2609E0,4.2E0,0.E0));
#193=LINE('',#192,#191);
#194=DIRECTION('',(-1.E0,0.E0,0.E0));
#195=VECTOR('',#194,9.7391E0);
#196=CARTESIAN_POINT('',(-1.2609E0,4.2E0,0.E0));
#197=LINE('',#196,#195);
#198=DIRECTION('',(7.071067811865E-1,7.071067811865E-1,0.E0));
#199=VECTOR('',#198,1.414213562373E0);
#200=CARTESIAN_POINT('',(-1.2E1,3.2E0,0.E0));
#201=LINE('',#200,#199);
#202=DIRECTION('',(0.E0,-1.E0,0.E0));
#203=VECTOR('',#202,8.5E-1);
#204=CARTESIAN_POINT('',(-1.2E1,3.2E0,0.E0));
#205=LINE('',#204,#203);
#206=DIRECTION('',(1.E0,0.E0,0.E0));
#207=VECTOR('',#206,2.E0);
#208=CARTESIAN_POINT('',(-1.2E1,2.35E0,0.E0));
#209=LINE('',#208,#207);
#210=DIRECTION('',(0.E0,-1.E0,0.E0));
#211=VECTOR('',#210,4.7E0);
#212=CARTESIAN_POINT('',(-1.E1,2.35E0,0.E0));
#213=LINE('',#212,#211);
#214=DIRECTION('',(1.E0,0.E0,0.E0));
#215=VECTOR('',#214,2.E0);
#216=CARTESIAN_POINT('',(-1.2E1,-2.35E0,0.E0));
#217=LINE('',#216,#215);
#218=DIRECTION('',(0.E0,-1.E0,0.E0));
#219=VECTOR('',#218,8.5E-1);
#220=CARTESIAN_POINT('',(-1.2E1,-2.35E0,0.E0));
#221=LINE('',#220,#219);
#222=DIRECTION('',(-7.071067811865E-1,7.071067811865E-1,0.E0));
#223=VECTOR('',#222,1.414213562373E0);
#224=CARTESIAN_POINT('',(-1.1E1,-4.2E0,0.E0));
#225=LINE('',#224,#223);
#226=DIRECTION('',(1.E0,0.E0,0.E0));
#227=VECTOR('',#226,9.7391E0);
#228=CARTESIAN_POINT('',(-1.1E1,-4.2E0,0.E0));
#229=LINE('',#228,#227);
#230=DIRECTION('',(0.E0,1.E0,0.E0));
#231=VECTOR('',#230,8.E-1);
#232=CARTESIAN_POINT('',(-1.2609E0,-4.2E0,0.E0));
#233=LINE('',#232,#231);
#234=DIRECTION('',(1.E0,0.E0,0.E0));
#235=VECTOR('',#234,2.5E0);
#236=CARTESIAN_POINT('',(-1.2609E0,-3.4E0,0.E0));
#237=LINE('',#236,#235);
#238=DIRECTION('',(0.E0,1.E0,0.E0));
#239=VECTOR('',#238,8.E-1);
#240=CARTESIAN_POINT('',(1.2391E0,-4.2E0,0.E0));
#241=LINE('',#240,#239);
#242=DIRECTION('',(1.E0,0.E0,0.E0));
#243=VECTOR('',#242,1.7044E0);
#244=CARTESIAN_POINT('',(1.2391E0,-4.2E0,0.E0));
#245=LINE('',#244,#243);
#246=DIRECTION('',(1.E0,0.E0,0.E0));
#247=VECTOR('',#246,5.152E-1);
#248=CARTESIAN_POINT('',(2.4283E0,-2.35E0,0.E0));
#249=LINE('',#248,#247);
#250=DIRECTION('',(0.E0,-1.E0,0.E0));
#251=VECTOR('',#250,4.7E0);
#252=CARTESIAN_POINT('',(2.4283E0,2.35E0,0.E0));
#253=LINE('',#252,#251);
#254=DIRECTION('',(0.E0,1.E0,0.E0));
#255=VECTOR('',#254,1.1645E0);
#256=CARTESIAN_POINT('',(-4.3973E0,-5.264E-1,0.E0));
#257=LINE('',#256,#255);
#258=DIRECTION('',(1.E0,0.E0,0.E0));
#259=VECTOR('',#258,8.73375E-1);
#260=CARTESIAN_POINT('',(-4.3973E0,6.381E-1,0.E0));
#261=LINE('',#260,#259);
#262=DIRECTION('',(0.E0,-1.E0,0.E0));
#263=VECTOR('',#262,1.486595740989E-1);
#264=CARTESIAN_POINT('',(-3.523925E0,6.381E-1,0.E0));
#265=LINE('',#264,#263);
#266=DIRECTION('',(-1.E0,0.E0,0.E0));
#267=VECTOR('',#266,7.278125E-1);
#268=CARTESIAN_POINT('',(-3.523925E0,4.894404259011E-1,0.E0));
#269=LINE('',#268,#267);
#270=DIRECTION('',(0.E0,-1.E0,0.E0));
#271=VECTOR('',#270,1.015840425901E0);
#272=CARTESIAN_POINT('',(-4.2517375E0,4.894404259011E-1,0.E0));
#273=LINE('',#272,#271);
#274=DIRECTION('',(-1.E0,0.E0,0.E0));
#275=VECTOR('',#274,1.455625E-1);
#276=CARTESIAN_POINT('',(-4.2517375E0,-5.264E-1,0.E0));
#277=LINE('',#276,#275);
#278=DIRECTION('',(-1.E0,0.E0,0.E0));
#279=VECTOR('',#278,1.455625E-1);
#280=CARTESIAN_POINT('',(-2.383685462940E0,3.407808518022E-1,0.E0));
#281=LINE('',#280,#279);
#282=DIRECTION('',(-3.102789952956E-1,9.506455412394E-1,0.E0));
#283=VECTOR('',#282,7.818874138550E-2);
#284=CARTESIAN_POINT('',(-2.529247962940E0,3.407808518022E-1,0.E0));
#285=LINE('',#284,#283);
#286=DIRECTION('',(-8.265991871191E-1,5.627910658975E-1,0.E0));
#287=VECTOR('',#286,8.804902198569E-2);
#288=CARTESIAN_POINT('',(-2.553508287060E0,4.151106301755E-1,0.E0));
#289=LINE('',#288,#287);
#290=DIRECTION('',(-9.689177459678E-1,2.473831068378E-1,0.E0));
#291=VECTOR('',#290,1.001547482679E-1);
#292=CARTESIAN_POINT('',(-2.626289537060E0,4.646638331100E-1,0.E0));
#293=LINE('',#292,#291);
#294=DIRECTION('',(-1.E0,0.E0,0.E0));
#295=VECTOR('',#294,2.1834375E-1);
#296=CARTESIAN_POINT('',(-2.72333125E0,4.894404259011E-1,0.E0));
#297=LINE('',#296,#295);
#298=DIRECTION('',(-9.689177459678E-1,-2.473831068378E-1,0.E0));
#299=VECTOR('',#298,1.001547482679E-1);
#300=CARTESIAN_POINT('',(-2.941675E0,4.894404259011E-1,0.E0));
#301=LINE('',#300,#299);
#302=DIRECTION('',(-8.265991871191E-1,-5.627910658975E-1,0.E0));
#303=VECTOR('',#302,8.804902198569E-2);
#304=CARTESIAN_POINT('',(-3.038716712940E0,4.646638331100E-1,0.E0));
#305=LINE('',#304,#303);
#306=DIRECTION('',(-5.466221810895E-1,-8.373793591563E-1,0.E0));
#307=VECTOR('',#306,8.876476063147E-2);
#308=CARTESIAN_POINT('',(-3.111497962940E0,4.151106301755E-1,0.E0));
#309=LINE('',#308,#307);
#310=DIRECTION('',(-2.377717803411E-1,-9.713210491251E-1,0.E0));
#311=VECTOR('',#310,1.020325578794E-1);
#312=CARTESIAN_POINT('',(-3.16001875E0,3.407808518022E-1,0.E0));
#313=LINE('',#312,#311);
#314=DIRECTION('',(0.E0,-1.E0,0.E0));
#315=VECTOR('',#314,3.716489265710E-1);
#316=CARTESIAN_POINT('',(-3.184279212940E0,2.416744806379E-1,0.E0));
#317=LINE('',#316,#315);
#318=DIRECTION('',(2.377717803411E-1,-9.713210491251E-1,0.E0));
#319=VECTOR('',#318,1.020325578794E-1);
#320=CARTESIAN_POINT('',(-3.184279212940E0,-1.299744459331E-1,0.E0));
#321=LINE('',#320,#319);
#322=DIRECTION('',(5.466218231676E-1,-8.373795927994E-1,0.E0));
#323=VECTOR('',#322,8.876481875365E-2);
#324=CARTESIAN_POINT('',(-3.16001875E0,-2.290808170974E-1,0.E0));
#325=LINE('',#324,#323);
#326=DIRECTION('',(8.265992787996E-1,-5.627909312417E-1,0.E0));
#327=VECTOR('',#326,8.804901221991E-2);
#328=CARTESIAN_POINT('',(-3.111497962940E0,-3.034106648803E-1,0.E0));
#329=LINE('',#328,#327);
#330=DIRECTION('',(9.689177459678E-1,-2.473831068378E-1,0.E0));
#331=VECTOR('',#330,1.001547482679E-1);
#332=CARTESIAN_POINT('',(-3.038716712940E0,-3.529638504624E-1,0.E0));
#333=LINE('',#332,#331);
#334=DIRECTION('',(1.E0,0.E0,0.E0));
#335=VECTOR('',#334,2.1834375E-1);
#336=CARTESIAN_POINT('',(-2.941675E0,-3.777404432535E-1,0.E0));
#337=LINE('',#336,#335);
#338=DIRECTION('',(9.689177459678E-1,2.473831068378E-1,0.E0));
#339=VECTOR('',#338,1.001547482679E-1);
#340=CARTESIAN_POINT('',(-2.72333125E0,-3.777404432535E-1,0.E0));
#341=LINE('',#340,#339);
#342=DIRECTION('',(8.265992787996E-1,5.627909312417E-1,0.E0));
#343=VECTOR('',#342,8.804901221991E-2);
#344=CARTESIAN_POINT('',(-2.626289537060E0,-3.529638504624E-1,0.E0));
#345=LINE('',#344,#343);
#346=DIRECTION('',(3.102787334496E-1,9.506456267027E-1,0.E0));
#347=VECTOR('',#346,7.818880736943E-2);
#348=CARTESIAN_POINT('',(-2.553508287060E0,-3.034106648803E-1,0.E0));
#349=LINE('',#348,#347);
#350=DIRECTION('',(1.E0,0.E0,0.E0));
#351=VECTOR('',#350,1.455625E-1);
#352=CARTESIAN_POINT('',(-2.529247962940E0,-2.290808170974E-1,0.E0));
#353=LINE('',#352,#351);
#354=DIRECTION('',(-1.921820436730E-1,-9.813592930674E-1,0.E0));
#355=VECTOR('',#354,1.262361647158E-1);
#356=CARTESIAN_POINT('',(-2.383685462940E0,-2.290808170974E-1,0.E0));
#357=LINE('',#356,#355);
#358=DIRECTION('',(-6.996250055017E-1,-7.145102180353E-1,0.E0));
#359=VECTOR('',#358,1.387053238187E-1);
#360=CARTESIAN_POINT('',(-2.407945787060E0,-3.529638504624E-1,0.E0));
#361=LINE('',#360,#359);
#362=DIRECTION('',(-8.906053746977E-1,-4.547769415434E-1,0.E0));
#363=VECTOR('',#362,1.089615172968E-1);
#364=CARTESIAN_POINT('',(-2.5049875E0,-4.520702216268E-1,0.E0));
#365=LINE('',#364,#363);
#366=DIRECTION('',(-9.797706943097E-1,-2.001234283435E-1,0.E0));
#367=VECTOR('',#366,1.238065577637E-1);
#368=CARTESIAN_POINT('',(-2.602029212940E0,-5.016234072089E-1,0.E0));
#369=LINE('',#368,#367);
#370=DIRECTION('',(-1.E0,0.E0,0.E0));
#371=VECTOR('',#370,2.1834375E-1);
#372=CARTESIAN_POINT('',(-2.72333125E0,-5.264E-1,0.E0));
#373=LINE('',#372,#371);
#374=DIRECTION('',(-9.797706943097E-1,2.001234283435E-1,0.E0));
#375=VECTOR('',#374,1.238065577637E-1);
#376=CARTESIAN_POINT('',(-2.941675E0,-5.264E-1,0.E0));
#377=LINE('',#376,#375);
#378=DIRECTION('',(-8.906053746977E-1,4.547769415434E-1,0.E0));
#379=VECTOR('',#378,1.089615172968E-1);
#380=CARTESIAN_POINT('',(-3.062977037060E0,-5.016234072089E-1,0.E0));
#381=LINE('',#380,#379);
#382=DIRECTION('',(-6.996247500295E-1,7.145104681851E-1,0.E0));
#383=VECTOR('',#382,1.387052752580E-1);
#384=CARTESIAN_POINT('',(-3.16001875E0,-4.520702216268E-1,0.E0));
#385=LINE('',#384,#383);
#386=DIRECTION('',(-4.397136649566E-1,8.981380143666E-1,0.E0));
#387=VECTOR('',#386,1.103464830338E-1);
#388=CARTESIAN_POINT('',(-3.257060393530E0,-3.529638504624E-1,0.E0));
#389=LINE('',#388,#387);
#390=DIRECTION('',(-1.921825732045E-1,9.813591893677E-1,0.E0));
#391=VECTOR('',#390,1.262361780551E-1);
#392=CARTESIAN_POINT('',(-3.30558125E0,-2.538574792981E-1,0.E0));
#393=LINE('',#392,#391);
#394=DIRECTION('',(0.E0,1.E0,0.E0));
#395=VECTOR('',#394,3.716489265710E-1);
#396=CARTESIAN_POINT('',(-3.329841643530E0,-1.299744459331E-1,0.E0));
#397=LINE('',#396,#395);
#398=DIRECTION('',(1.921826769044E-1,9.813591690599E-1,0.E0));
#399=VECTOR('',#398,1.262361099393E-1);
#400=CARTESIAN_POINT('',(-3.329841643530E0,2.416744806379E-1,0.E0));
#401=LINE('',#400,#399);
#402=DIRECTION('',(4.397136028534E-1,8.981380447713E-1,0.E0));
#403=VECTOR('',#402,1.103464986187E-1);
#404=CARTESIAN_POINT('',(-3.30558125E0,3.655574445933E-1,0.E0));
#405=LINE('',#404,#403);
#406=DIRECTION('',(6.996247187608E-1,7.145104988024E-1,0.E0));
#407=VECTOR('',#406,1.387052814572E-1);
#408=CARTESIAN_POINT('',(-3.257060393530E0,4.646638331100E-1,0.E0));
#409=LINE('',#408,#407);
#410=DIRECTION('',(8.906053505096E-1,4.547769889117E-1,0.E0));
#411=VECTOR('',#410,1.089615202561E-1);
#412=CARTESIAN_POINT('',(-3.16001875E0,5.637702129506E-1,0.E0));
#413=LINE('',#412,#411);
#414=DIRECTION('',(9.797706908745E-1,2.001234451615E-1,0.E0));
#415=VECTOR('',#414,1.238065581978E-1);
#416=CARTESIAN_POINT('',(-3.062977037060E0,6.133234050399E-1,0.E0));
#417=LINE('',#416,#415);
#418=DIRECTION('',(1.E0,0.E0,0.E0));
#419=VECTOR('',#418,2.1834375E-1);
#420=CARTESIAN_POINT('',(-2.941675E0,6.381E-1,0.E0));
#421=LINE('',#420,#419);
#422=DIRECTION('',(9.797706908745E-1,-2.001234451615E-1,0.E0));
#423=VECTOR('',#422,1.238065581978E-1);
#424=CARTESIAN_POINT('',(-2.72333125E0,6.381E-1,0.E0));
#425=LINE('',#424,#423);
#426=DIRECTION('',(8.906053505096E-1,-4.547769889117E-1,0.E0));
#427=VECTOR('',#426,1.089615202561E-1);
#428=CARTESIAN_POINT('',(-2.602029212940E0,6.133234050399E-1,0.E0));
#429=LINE('',#428,#427);
#430=DIRECTION('',(6.996249742329E-1,-7.145102486526E-1,0.E0));
#431=VECTOR('',#430,1.387053300179E-1);
#432=CARTESIAN_POINT('',(-2.5049875E0,5.637702129506E-1,0.E0));
#433=LINE('',#432,#431);
#434=DIRECTION('',(1.921821214477E-1,-9.813592778365E-1,0.E0));
#435=VECTOR('',#434,1.262361136290E-1);
#436=CARTESIAN_POINT('',(-2.407945787060E0,4.646638331100E-1,0.E0));
#437=LINE('',#436,#435);
#438=DIRECTION('',(-1.E0,0.E0,0.E0));
#439=VECTOR('',#438,7.278125E-1);
#440=CARTESIAN_POINT('',(-1.316227175879E0,4.894404259011E-1,0.E0));
#441=LINE('',#440,#439);
#442=DIRECTION('',(0.E0,-1.E0,0.E0));
#443=VECTOR('',#442,3.964255367145E-1);
#444=CARTESIAN_POINT('',(-2.044039675879E0,4.894404259011E-1,0.E0));
#445=LINE('',#444,#443);
#446=DIRECTION('',(1.E0,0.E0,0.E0));
#447=VECTOR('',#446,6.307709258795E-1);
#448=CARTESIAN_POINT('',(-2.044039675879E0,9.301488918662E-2,0.E0));
#449=LINE('',#448,#447);
#450=DIRECTION('',(0.E0,-1.E0,0.E0));
#451=VECTOR('',#450,1.486595567465E-1);
#452=CARTESIAN_POINT('',(-1.41326875E0,9.301488918662E-2,0.E0));
#453=LINE('',#452,#451);
#454=DIRECTION('',(-1.E0,0.E0,0.E0));
#455=VECTOR('',#454,6.307709258795E-1);
#456=CARTESIAN_POINT('',(-1.41326875E0,-5.564466755986E-2,0.E0));
#457=LINE('',#456,#455);
#458=DIRECTION('',(0.E0,-1.E0,0.E0));
#459=VECTOR('',#458,3.220957756937E-1);
#460=CARTESIAN_POINT('',(-2.044039675879E0,-5.564466755986E-2,0.E0));
#461=LINE('',#460,#459);
#462=DIRECTION('',(1.E0,0.E0,0.E0));
#463=VECTOR('',#462,7.278125E-1);
#464=CARTESIAN_POINT('',(-2.044039675879E0,-3.777404432535E-1,0.E0));
#465=LINE('',#464,#463);
#466=DIRECTION('',(0.E0,-1.E0,0.E0));
#467=VECTOR('',#466,1.486595567465E-1);
#468=CARTESIAN_POINT('',(-1.316227175879E0,-3.777404432535E-1,0.E0));
#469=LINE('',#468,#467);
#470=DIRECTION('',(-1.E0,0.E0,0.E0));
#471=VECTOR('',#470,8.733748611808E-1);
#472=CARTESIAN_POINT('',(-1.316227175879E0,-5.264E-1,0.E0));
#473=LINE('',#472,#471);
#474=DIRECTION('',(0.E0,1.E0,0.E0));
#475=VECTOR('',#474,1.1645E0);
#476=CARTESIAN_POINT('',(-2.189602037060E0,-5.264E-1,0.E0));
#477=LINE('',#476,#475);
#478=DIRECTION('',(1.E0,0.E0,0.E0));
#479=VECTOR('',#478,8.733748611808E-1);
#480=CARTESIAN_POINT('',(-2.189602037060E0,6.381E-1,0.E0));
#481=LINE('',#480,#479);
#482=DIRECTION('',(0.E0,-1.E0,0.E0));
#483=VECTOR('',#482,1.486595740989E-1);
#484=CARTESIAN_POINT('',(-1.316227175879E0,6.381E-1,0.E0));
#485=LINE('',#484,#483);
#486=DIRECTION('',(-1.E0,0.E0,0.E0));
#487=VECTOR('',#486,5.8225E-1);
#488=CARTESIAN_POINT('',(-5.3989375E-1,-5.264E-1,0.E0));
#489=LINE('',#488,#487);
#490=DIRECTION('',(0.E0,1.E0,0.E0));
#491=VECTOR('',#490,1.1645E0);
#492=CARTESIAN_POINT('',(-1.12214375E0,-5.264E-1,0.E0));
#493=LINE('',#492,#491);
#494=DIRECTION('',(1.E0,0.E0,0.E0));
#495=VECTOR('',#494,5.8225E-1);
#496=CARTESIAN_POINT('',(-1.12214375E0,6.381E-1,0.E0));
#497=LINE('',#496,#495);
#498=DIRECTION('',(9.797707357802E-1,-2.001232253108E-1,0.E0));
#499=VECTOR('',#498,1.238066942088E-1);
#500=CARTESIAN_POINT('',(-5.3989375E-1,6.381E-1,0.E0));
#501=LINE('',#500,#499);
#502=DIRECTION('',(8.906050870136E-1,-4.547775049247E-1,0.E0));
#503=VECTOR('',#502,1.089613966230E-1);
#504=CARTESIAN_POINT('',(-4.185915741205E-1,6.133234050399E-1,0.E0));
#505=LINE('',#504,#503);
#506=DIRECTION('',(6.996244632883E-1,-7.145107489524E-1,0.E0));
#507=VECTOR('',#506,1.387052328965E-1);
#508=CARTESIAN_POINT('',(-3.2155E-1,5.637702129506E-1,0.E0));
#509=LINE('',#508,#507);
#510=DIRECTION('',(4.397141102494E-1,-8.981377963584E-1,0.E0));
#511=VECTOR('',#510,1.103465291390E-1);
#512=CARTESIAN_POINT('',(-2.245084258795E-1,4.646638331100E-1,0.E0));
#513=LINE('',#512,#511);
#514=DIRECTION('',(1.921821473726E-1,-9.813592727596E-1,0.E0));
#515=VECTOR('',#514,1.262360966E-1);
#516=CARTESIAN_POINT('',(-1.759875E-1,3.655574445933E-1,0.E0));
#517=LINE('',#516,#515);
#518=DIRECTION('',(0.E0,-1.E0,0.E0));
#519=VECTOR('',#518,3.716489265710E-1);
#520=CARTESIAN_POINT('',(-1.517271758795E-1,2.416744806379E-1,0.E0));
#521=LINE('',#520,#519);
#522=DIRECTION('',(-1.921820436730E-1,-9.813592930674E-1,0.E0));
#523=VECTOR('',#522,1.262361647158E-1);
#524=CARTESIAN_POINT('',(-1.517271758795E-1,-1.299744459331E-1,0.E0));
#525=LINE('',#524,#523);
#526=DIRECTION('',(-4.397141723527E-1,-8.981377659536E-1,0.E0));
#527=VECTOR('',#526,1.103465135542E-1);
#528=CARTESIAN_POINT('',(-1.759875E-1,-2.538574792981E-1,0.E0));
#529=LINE('',#528,#527);
#530=DIRECTION('',(-6.996244945571E-1,-7.145107183351E-1,0.E0));
#531=VECTOR('',#530,1.387052266973E-1);
#532=CARTESIAN_POINT('',(-2.245084258795E-1,-3.529638504624E-1,0.E0));
#533=LINE('',#532,#531);
#534=DIRECTION('',(-8.906051112017E-1,-4.547774575564E-1,0.E0));
#535=VECTOR('',#534,1.089613936637E-1);
#536=CARTESIAN_POINT('',(-3.2155E-1,-4.520702216268E-1,0.E0));
#537=LINE('',#536,#535);
#538=DIRECTION('',(-9.797707392153E-1,-2.001232084928E-1,0.E0));
#539=VECTOR('',#538,1.238066937747E-1);
#540=CARTESIAN_POINT('',(-4.185915741205E-1,-5.016234072089E-1,0.E0));
#541=LINE('',#540,#539);
#542=DIRECTION('',(1.E0,0.E0,0.E0));
#543=VECTOR('',#542,4.366875E-1);
#544=CARTESIAN_POINT('',(-9.7658125E-1,-3.777404432535E-1,0.E0));
#545=LINE('',#544,#543);
#546=DIRECTION('',(9.689176611437E-1,2.473834390653E-1,0.E0));
#547=VECTOR('',#546,1.001546137635E-1);
#548=CARTESIAN_POINT('',(-5.3989375E-1,-3.777404432535E-1,0.E0));
#549=LINE('',#548,#547);
#550=DIRECTION('',(8.265992787996E-1,5.627909312417E-1,0.E0));
#551=VECTOR('',#550,8.804901221991E-2);
#552=CARTESIAN_POINT('',(-4.428521758795E-1,-3.529638504624E-1,0.E0));
#553=LINE('',#552,#551);
#554=DIRECTION('',(5.466229197794E-1,8.373788769559E-1,0.E0));
#555=VECTOR('',#554,8.876489463534E-2);
#556=CARTESIAN_POINT('',(-3.700709258795E-1,-3.034106648803E-1,0.E0));
#557=LINE('',#556,#555);
#558=DIRECTION('',(2.377704967206E-1,9.713213633444E-1,0.E0));
#559=VECTOR('',#558,1.020325248722E-1);
#560=CARTESIAN_POINT('',(-3.2155E-1,-2.290808170974E-1,0.E0));
#561=LINE('',#560,#559);
#562=DIRECTION('',(0.E0,1.E0,0.E0));
#563=VECTOR('',#562,3.716489265710E-1);
#564=CARTESIAN_POINT('',(-2.972896758795E-1,-1.299744459331E-1,0.E0));
#565=LINE('',#564,#563);
#566=DIRECTION('',(-2.377704967206E-1,9.713213633444E-1,0.E0));
#567=VECTOR('',#566,1.020325248722E-1);
#568=CARTESIAN_POINT('',(-2.972896758795E-1,2.416744806379E-1,0.E0));
#569=LINE('',#568,#567);
#570=DIRECTION('',(-5.466232777014E-1,8.373786433120E-1,0.E0));
#571=VECTOR('',#570,8.876483651321E-2);
#572=CARTESIAN_POINT('',(-3.2155E-1,3.407808518022E-1,0.E0));
#573=LINE('',#572,#571);
#574=DIRECTION('',(-8.265991871191E-1,5.627910658976E-1,0.E0));
#575=VECTOR('',#574,8.804902198569E-2);
#576=CARTESIAN_POINT('',(-3.700709258795E-1,4.151106301755E-1,0.E0));
#577=LINE('',#576,#575);
#578=DIRECTION('',(-9.689176611437E-1,2.473834390653E-1,0.E0));
#579=VECTOR('',#578,1.001546137635E-1);
#580=CARTESIAN_POINT('',(-4.428521758795E-1,4.646638331100E-1,0.E0));
#581=LINE('',#580,#579);
#582=DIRECTION('',(-1.E0,0.E0,0.E0));
#583=VECTOR('',#582,4.366875E-1);
#584=CARTESIAN_POINT('',(-5.3989375E-1,4.894404259011E-1,0.E0));
#585=LINE('',#584,#583);
#586=DIRECTION('',(0.E0,-1.E0,0.E0));
#587=VECTOR('',#586,8.671808691546E-1);
#588=CARTESIAN_POINT('',(-9.7658125E-1,4.894404259011E-1,0.E0));
#589=LINE('',#588,#587);
#590=DIRECTION('',(-1.E0,0.E0,0.E0));
#591=VECTOR('',#590,1.940831482410E-1);
#592=CARTESIAN_POINT('',(6.2460625E-1,-5.264E-1,0.E0));
#593=LINE('',#592,#591);
#594=DIRECTION('',(-3.162279017271E-1,9.486832528138E-1,0.E0));
#595=VECTOR('',#594,1.227490836953E0);
#596=CARTESIAN_POINT('',(4.305231017590E-1,-5.264E-1,0.E0));
#597=LINE('',#596,#595);
#598=DIRECTION('',(1.E0,0.E0,0.E0));
#599=VECTOR('',#598,1.455625E-1);
#600=CARTESIAN_POINT('',(4.235625E-2,6.381E-1,0.E0));
#601=LINE('',#600,#599);
#602=DIRECTION('',(3.102805670740E-1,-9.506450282288E-1,0.E0));
#603=VECTOR('',#602,3.127551708251E-1);
#604=CARTESIAN_POINT('',(1.8791875E-1,6.381E-1,0.E0));
#605=LINE('',#604,#603);
#606=DIRECTION('',(1.E0,0.E0,0.E0));
#607=VECTOR('',#606,4.852081482410E-1);
#608=CARTESIAN_POINT('',(2.849606017590E-1,3.407808518022E-1,0.E0));
#609=LINE('',#608,#607);
#610=DIRECTION('',(3.102805670740E-1,9.506450282288E-1,0.E0));
#611=VECTOR('',#610,3.127551708251E-1);
#612=CARTESIAN_POINT('',(7.7016875E-1,3.407808518022E-1,0.E0));
#613=LINE('',#612,#611);
#614=DIRECTION('',(1.E0,0.E0,0.E0));
#615=VECTOR('',#614,1.455625E-1);
#616=CARTESIAN_POINT('',(8.672106017590E-1,6.381E-1,0.E0));
#617=LINE('',#616,#615);
#618=DIRECTION('',(-3.162279017271E-1,-9.486832528138E-1,0.E0));
#619=VECTOR('',#618,1.227490836953E0);
#620=CARTESIAN_POINT('',(1.012773101759E0,6.381E-1,0.E0));
#621=LINE('',#620,#619);
#622=DIRECTION('',(3.102800213276E-1,9.506452063546E-1,0.E0));
#623=VECTOR('',#622,7.036990298819E-1);
#624=CARTESIAN_POINT('',(5.275643982410E-1,-4.272936288357E-1,0.E0));
#625=LINE('',#624,#623);
#626=DIRECTION('',(-1.E0,0.E0,0.E0));
#627=VECTOR('',#626,4.366875E-1);
#628=CARTESIAN_POINT('',(7.459081482410E-1,2.416744806379E-1,0.E0));
#629=LINE('',#628,#627);
#630=DIRECTION('',(3.102800213276E-1,-9.506452063546E-1,0.E0));
#631=VECTOR('',#630,7.036990298819E-1);
#632=CARTESIAN_POINT('',(3.092206482410E-1,2.416744806379E-1,0.E0));
#633=LINE('',#632,#631);
#634=DIRECTION('',(0.E0,-1.E0,0.E0));
#635=VECTOR('',#634,3.E-1);
#636=CARTESIAN_POINT('',(-5.5E0,3.15E0,-6.5E0));
#637=LINE('',#636,#635);
#638=DIRECTION('',(0.E0,0.E0,1.E0));
#639=VECTOR('',#638,6.5E0);
#640=CARTESIAN_POINT('',(-5.5E0,2.85E0,-6.5E0));
#641=LINE('',#640,#639);
#642=DIRECTION('',(0.E0,0.E0,-1.E0));
#643=VECTOR('',#642,6.5E0);
#644=CARTESIAN_POINT('',(-5.5E0,3.15E0,0.E0));
#645=LINE('',#644,#643);
#646=DIRECTION('',(0.E0,1.E0,0.E0));
#647=VECTOR('',#646,3.E-1);
#648=CARTESIAN_POINT('',(-5.5E0,-3.15E0,-6.5E0));
#649=LINE('',#648,#647);
#650=DIRECTION('',(0.E0,0.E0,1.E0));
#651=VECTOR('',#650,6.5E0);
#652=CARTESIAN_POINT('',(-5.5E0,-3.15E0,-6.5E0));
#653=LINE('',#652,#651);
#654=DIRECTION('',(0.E0,0.E0,-1.E0));
#655=VECTOR('',#654,6.5E0);
#656=CARTESIAN_POINT('',(-5.5E0,-2.85E0,0.E0));
#657=LINE('',#656,#655);
#658=CARTESIAN_POINT('',(-6.E0,2.85E0,-6.5E0));
#659=DIRECTION('',(0.E0,-1.E0,0.E0));
#660=DIRECTION('',(-1.E0,0.E0,0.E0));
#661=AXIS2_PLACEMENT_3D('',#658,#659,#660);
#663=DIRECTION('',(0.E0,-1.E0,0.E0));
#664=VECTOR('',#663,3.E-1);
#665=CARTESIAN_POINT('',(-6.5E0,3.15E0,-6.5E0));
#666=LINE('',#665,#664);
#667=DIRECTION('',(0.E0,0.E0,-1.E0));
#668=VECTOR('',#667,6.5E0);
#669=CARTESIAN_POINT('',(-6.5E0,3.15E0,0.E0));
#670=LINE('',#669,#668);
#671=DIRECTION('',(0.E0,0.E0,1.E0));
#672=VECTOR('',#671,6.5E0);
#673=CARTESIAN_POINT('',(-6.5E0,2.85E0,-6.5E0));
#674=LINE('',#673,#672);
#675=DIRECTION('',(0.E0,1.E0,0.E0));
#676=VECTOR('',#675,3.E-1);
#677=CARTESIAN_POINT('',(-6.5E0,-3.15E0,-6.5E0));
#678=LINE('',#677,#676);
#679=DIRECTION('',(0.E0,0.E0,-1.E0));
#680=VECTOR('',#679,6.5E0);
#681=CARTESIAN_POINT('',(-6.5E0,-2.85E0,0.E0));
#682=LINE('',#681,#680);
#683=DIRECTION('',(0.E0,0.E0,1.E0));
#684=VECTOR('',#683,6.5E0);
#685=CARTESIAN_POINT('',(-6.5E0,-3.15E0,-6.5E0));
#686=LINE('',#685,#684);
#687=CARTESIAN_POINT('',(-6.E0,3.15E0,-6.5E0));
#688=DIRECTION('',(0.E0,1.E0,0.E0));
#689=DIRECTION('',(1.E0,0.E0,0.E0));
#690=AXIS2_PLACEMENT_3D('',#687,#688,#689);
#692=CARTESIAN_POINT('',(-6.E0,-2.85E0,-6.5E0));
#693=DIRECTION('',(0.E0,1.E0,0.E0));
#694=DIRECTION('',(1.E0,0.E0,0.E0));
#695=AXIS2_PLACEMENT_3D('',#692,#693,#694);
#697=CARTESIAN_POINT('',(-6.E0,-3.15E0,-6.5E0));
#698=DIRECTION('',(0.E0,-1.E0,0.E0));
#699=DIRECTION('',(-1.E0,0.E0,0.E0));
#700=AXIS2_PLACEMENT_3D('',#697,#698,#699);
#702=DIRECTION('',(0.E0,-1.E0,0.E0));
#703=VECTOR('',#702,3.E-1);
#704=CARTESIAN_POINT('',(-1.5E0,3.15E0,-6.5E0));
#705=LINE('',#704,#703);
#706=DIRECTION('',(0.E0,0.E0,1.E0));
#707=VECTOR('',#706,6.5E0);
#708=CARTESIAN_POINT('',(-1.5E0,2.85E0,-6.5E0));
#709=LINE('',#708,#707);
#710=DIRECTION('',(0.E0,0.E0,-1.E0));
#711=VECTOR('',#710,6.5E0);
#712=CARTESIAN_POINT('',(-1.5E0,3.15E0,0.E0));
#713=LINE('',#712,#711);
#714=DIRECTION('',(0.E0,1.E0,0.E0));
#715=VECTOR('',#714,3.E-1);
#716=CARTESIAN_POINT('',(-1.5E0,-3.15E0,-6.5E0));
#717=LINE('',#716,#715);
#718=DIRECTION('',(0.E0,0.E0,1.E0));
#719=VECTOR('',#718,6.5E0);
#720=CARTESIAN_POINT('',(-1.5E0,-3.15E0,-6.5E0));
#721=LINE('',#720,#719);
#722=DIRECTION('',(0.E0,0.E0,-1.E0));
#723=VECTOR('',#722,6.5E0);
#724=CARTESIAN_POINT('',(-1.5E0,-2.85E0,0.E0));
#725=LINE('',#724,#723);
#726=CARTESIAN_POINT('',(-2.E0,2.85E0,-6.5E0));
#727=DIRECTION('',(0.E0,-1.E0,0.E0));
#728=DIRECTION('',(-1.E0,0.E0,0.E0));
#729=AXIS2_PLACEMENT_3D('',#726,#727,#728);
#731=DIRECTION('',(0.E0,-1.E0,0.E0));
#732=VECTOR('',#731,3.E-1);
#733=CARTESIAN_POINT('',(-2.5E0,3.15E0,-6.5E0));
#734=LINE('',#733,#732);
#735=DIRECTION('',(0.E0,0.E0,-1.E0));
#736=VECTOR('',#735,6.5E0);
#737=CARTESIAN_POINT('',(-2.5E0,3.15E0,0.E0));
#738=LINE('',#737,#736);
#739=DIRECTION('',(0.E0,0.E0,1.E0));
#740=VECTOR('',#739,6.5E0);
#741=CARTESIAN_POINT('',(-2.5E0,2.85E0,-6.5E0));
#742=LINE('',#741,#740);
#743=DIRECTION('',(0.E0,1.E0,0.E0));
#744=VECTOR('',#743,3.E-1);
#745=CARTESIAN_POINT('',(-2.5E0,-3.15E0,-6.5E0));
#746=LINE('',#745,#744);
#747=DIRECTION('',(0.E0,0.E0,-1.E0));
#748=VECTOR('',#747,6.5E0);
#749=CARTESIAN_POINT('',(-2.5E0,-2.85E0,0.E0));
#750=LINE('',#749,#748);
#751=DIRECTION('',(0.E0,0.E0,1.E0));
#752=VECTOR('',#751,6.5E0);
#753=CARTESIAN_POINT('',(-2.5E0,-3.15E0,-6.5E0));
#754=LINE('',#753,#752);
#755=CARTESIAN_POINT('',(-2.E0,3.15E0,-6.5E0));
#756=DIRECTION('',(0.E0,1.E0,0.E0));
#757=DIRECTION('',(1.E0,0.E0,0.E0));
#758=AXIS2_PLACEMENT_3D('',#755,#756,#757);
#760=CARTESIAN_POINT('',(-2.E0,-2.85E0,-6.5E0));
#761=DIRECTION('',(0.E0,1.E0,0.E0));
#762=DIRECTION('',(1.E0,0.E0,0.E0));
#763=AXIS2_PLACEMENT_3D('',#760,#761,#762);
#765=CARTESIAN_POINT('',(-2.E0,-3.15E0,-6.5E0));
#766=DIRECTION('',(0.E0,-1.E0,0.E0));
#767=DIRECTION('',(-1.E0,0.E0,0.E0));
#768=AXIS2_PLACEMENT_3D('',#765,#766,#767);
#770=DIRECTION('',(0.E0,-1.E0,0.E0));
#771=VECTOR('',#770,3.E-1);
#772=CARTESIAN_POINT('',(2.5E0,3.15E0,-6.5E0));
#773=LINE('',#772,#771);
#774=DIRECTION('',(0.E0,0.E0,1.E0));
#775=VECTOR('',#774,6.5E0);
#776=CARTESIAN_POINT('',(2.5E0,2.85E0,-6.5E0));
#777=LINE('',#776,#775);
#778=DIRECTION('',(0.E0,0.E0,-1.E0));
#779=VECTOR('',#778,6.5E0);
#780=CARTESIAN_POINT('',(2.5E0,3.15E0,0.E0));
#781=LINE('',#780,#779);
#782=DIRECTION('',(0.E0,1.E0,0.E0));
#783=VECTOR('',#782,3.E-1);
#784=CARTESIAN_POINT('',(2.5E0,-3.15E0,-6.5E0));
#785=LINE('',#784,#783);
#786=DIRECTION('',(0.E0,0.E0,1.E0));
#787=VECTOR('',#786,6.5E0);
#788=CARTESIAN_POINT('',(2.5E0,-3.15E0,-6.5E0));
#789=LINE('',#788,#787);
#790=DIRECTION('',(0.E0,0.E0,-1.E0));
#791=VECTOR('',#790,6.5E0);
#792=CARTESIAN_POINT('',(2.5E0,-2.85E0,0.E0));
#793=LINE('',#792,#791);
#794=CARTESIAN_POINT('',(2.E0,2.85E0,-6.5E0));
#795=DIRECTION('',(0.E0,-1.E0,0.E0));
#796=DIRECTION('',(-1.E0,0.E0,0.E0));
#797=AXIS2_PLACEMENT_3D('',#794,#795,#796);
#799=DIRECTION('',(0.E0,-1.E0,0.E0));
#800=VECTOR('',#799,3.E-1);
#801=CARTESIAN_POINT('',(1.5E0,3.15E0,-6.5E0));
#802=LINE('',#801,#800);
#803=DIRECTION('',(0.E0,0.E0,-1.E0));
#804=VECTOR('',#803,6.5E0);
#805=CARTESIAN_POINT('',(1.5E0,3.15E0,0.E0));
#806=LINE('',#805,#804);
#807=DIRECTION('',(0.E0,0.E0,1.E0));
#808=VECTOR('',#807,6.5E0);
#809=CARTESIAN_POINT('',(1.5E0,2.85E0,-6.5E0));
#810=LINE('',#809,#808);
#811=DIRECTION('',(0.E0,1.E0,0.E0));
#812=VECTOR('',#811,3.E-1);
#813=CARTESIAN_POINT('',(1.5E0,-3.15E0,-6.5E0));
#814=LINE('',#813,#812);
#815=DIRECTION('',(0.E0,0.E0,-1.E0));
#816=VECTOR('',#815,6.5E0);
#817=CARTESIAN_POINT('',(1.5E0,-2.85E0,0.E0));
#818=LINE('',#817,#816);
#819=DIRECTION('',(0.E0,0.E0,1.E0));
#820=VECTOR('',#819,6.5E0);
#821=CARTESIAN_POINT('',(1.5E0,-3.15E0,-6.5E0));
#822=LINE('',#821,#820);
#823=CARTESIAN_POINT('',(2.E0,3.15E0,-6.5E0));
#824=DIRECTION('',(0.E0,1.E0,0.E0));
#825=DIRECTION('',(1.E0,0.E0,0.E0));
#826=AXIS2_PLACEMENT_3D('',#823,#824,#825);
#828=CARTESIAN_POINT('',(2.E0,-2.85E0,-6.5E0));
#829=DIRECTION('',(0.E0,1.E0,0.E0));
#830=DIRECTION('',(1.E0,0.E0,0.E0));
#831=AXIS2_PLACEMENT_3D('',#828,#829,#830);
#833=CARTESIAN_POINT('',(2.E0,-3.15E0,-6.5E0));
#834=DIRECTION('',(0.E0,-1.E0,0.E0));
#835=DIRECTION('',(-1.E0,0.E0,0.E0));
#836=AXIS2_PLACEMENT_3D('',#833,#834,#835);
#838=DIRECTION('',(0.E0,0.E0,1.E0));
#839=VECTOR('',#838,1.278696146090E0);
#840=CARTESIAN_POINT('',(5.159533726050E0,3.3E0,0.E0));
#841=LINE('',#840,#839);
#842=DIRECTION('',(-1.E0,0.E0,0.E0));
#843=VECTOR('',#842,1.278696146090E0);
#844=CARTESIAN_POINT('',(5.159533726050E0,3.3E0,1.278696146090E0));
#845=LINE('',#844,#843);
#846=DIRECTION('',(0.E0,-1.E0,0.E0));
#847=VECTOR('',#846,9.E-1);
#848=CARTESIAN_POINT('',(5.159533726050E0,4.2E0,1.278696146090E0));
#849=LINE('',#848,#847);
#850=DIRECTION('',(0.E0,0.E0,1.E0));
#851=VECTOR('',#850,1.4866E0);
#852=CARTESIAN_POINT('',(9.2513E0,4.2E0,8.7E0));
#853=LINE('',#852,#851);
#854=DIRECTION('',(-1.E0,0.E0,0.E0));
#855=VECTOR('',#854,4.2239E0);
#856=CARTESIAN_POINT('',(9.2513E0,4.2E0,1.01866E1));
#857=LINE('',#856,#855);
#858=DIRECTION('',(0.E0,0.E0,-1.E0));
#859=VECTOR('',#858,1.4866E0);
#860=CARTESIAN_POINT('',(5.0274E0,4.2E0,1.01866E1));
#861=LINE('',#860,#859);
#862=DIRECTION('',(0.E0,0.E0,-1.E0));
#863=VECTOR('',#862,8.7E0);
#864=CARTESIAN_POINT('',(-1.1E1,4.2E0,8.7E0));
#865=LINE('',#864,#863);
#866=DIRECTION('',(0.E0,0.E0,1.E0));
#867=VECTOR('',#866,7.E0);
#868=CARTESIAN_POINT('',(-1.2609E0,4.2E0,0.E0));
#869=LINE('',#868,#867);
#870=DIRECTION('',(-1.E0,0.E0,0.E0));
#871=VECTOR('',#870,2.5E0);
#872=CARTESIAN_POINT('',(1.2391E0,4.2E0,7.E0));
#873=LINE('',#872,#871);
#874=DIRECTION('',(0.E0,0.E0,1.E0));
#875=VECTOR('',#874,7.E0);
#876=CARTESIAN_POINT('',(1.2391E0,4.2E0,0.E0));
#877=LINE('',#876,#875);
#878=DIRECTION('',(0.E0,0.E0,-1.E0));
#879=VECTOR('',#878,8.E-1);
#880=CARTESIAN_POINT('',(2.9435E0,4.2E0,0.E0));
#881=LINE('',#880,#879);
#882=DIRECTION('',(-1.E0,0.E0,0.E0));
#883=VECTOR('',#882,1.278696146090E0);
#884=CARTESIAN_POINT('',(5.159533726050E0,4.2E0,1.278696146090E0));
#885=LINE('',#884,#883);
#886=DIRECTION('',(0.E0,0.E0,1.E0));
#887=VECTOR('',#886,1.278696146090E0);
#888=CARTESIAN_POINT('',(5.159533726050E0,4.2E0,0.E0));
#889=LINE('',#888,#887);
#890=DIRECTION('',(0.E0,0.E0,1.E0));
#891=VECTOR('',#890,8.7E0);
#892=CARTESIAN_POINT('',(1.2E1,4.2E0,0.E0));
#893=LINE('',#892,#891);
#894=DIRECTION('',(0.E0,-1.E0,0.E0));
#895=VECTOR('',#894,9.E-1);
#896=CARTESIAN_POINT('',(9.2513E0,4.2E0,8.7E0));
#897=LINE('',#896,#895);
#898=DIRECTION('',(-1.E0,0.E0,0.E0));
#899=VECTOR('',#898,2.7487E0);
#900=CARTESIAN_POINT('',(1.2E1,4.2E0,8.7E0));
#901=LINE('',#900,#899);
#902=DIRECTION('',(0.E0,1.E0,0.E0));
#903=VECTOR('',#902,8.4E0);
#904=CARTESIAN_POINT('',(1.2E1,-4.2E0,8.7E0));
#905=LINE('',#904,#903);
#906=DIRECTION('',(1.E0,0.E0,0.E0));
#907=VECTOR('',#906,2.7487E0);
#908=CARTESIAN_POINT('',(9.2513E0,-4.2E0,8.7E0));
#909=LINE('',#908,#907);
#910=DIRECTION('',(0.E0,1.E0,0.E0));
#911=VECTOR('',#910,9.E-1);
#912=CARTESIAN_POINT('',(9.2513E0,-4.2E0,8.7E0));
#913=LINE('',#912,#911);
#914=DIRECTION('',(1.E0,0.E0,0.E0));
#915=VECTOR('',#914,2.7513E0);
#916=CARTESIAN_POINT('',(6.5E0,-3.3E0,8.7E0));
#917=LINE('',#916,#915);
#918=DIRECTION('',(0.E0,1.E0,0.E0));
#919=VECTOR('',#918,1.3E0);
#920=CARTESIAN_POINT('',(6.5E0,-3.3E0,8.7E0));
#921=LINE('',#920,#919);
#922=DIRECTION('',(-1.E0,0.E0,0.E0));
#923=VECTOR('',#922,2.E0);
#924=CARTESIAN_POINT('',(6.5E0,-2.E0,8.7E0));
#925=LINE('',#924,#923);
#926=DIRECTION('',(0.E0,1.E0,0.E0));
#927=VECTOR('',#926,4.E0);
#928=CARTESIAN_POINT('',(4.5E0,-2.E0,8.7E0));
#929=LINE('',#928,#927);
#930=DIRECTION('',(1.E0,0.E0,0.E0));
#931=VECTOR('',#930,2.E0);
#932=CARTESIAN_POINT('',(4.5E0,2.E0,8.7E0));
#933=LINE('',#932,#931);
#934=DIRECTION('',(0.E0,1.E0,0.E0));
#935=VECTOR('',#934,1.3E0);
#936=CARTESIAN_POINT('',(6.5E0,2.E0,8.7E0));
#937=LINE('',#936,#935);
#938=DIRECTION('',(1.E0,0.E0,0.E0));
#939=VECTOR('',#938,2.7513E0);
#940=CARTESIAN_POINT('',(6.5E0,3.3E0,8.7E0));
#941=LINE('',#940,#939);
#942=DIRECTION('',(0.E0,-1.E0,0.E0));
#943=VECTOR('',#942,9.E-1);
#944=CARTESIAN_POINT('',(5.0274E0,4.2E0,8.7E0));
#945=LINE('',#944,#943);
#946=DIRECTION('',(-1.E0,0.E0,0.E0));
#947=VECTOR('',#946,1.15274E1);
#948=CARTESIAN_POINT('',(5.0274E0,3.3E0,8.7E0));
#949=LINE('',#948,#947);
#950=DIRECTION('',(0.E0,-1.E0,0.E0));
#951=VECTOR('',#950,5.5E-1);
#952=CARTESIAN_POINT('',(-6.5E0,3.3E0,8.7E0));
#953=LINE('',#952,#951);
#954=DIRECTION('',(-1.E0,0.E0,0.E0));
#955=VECTOR('',#954,3.E0);
#956=CARTESIAN_POINT('',(-3.5E0,2.75E0,8.7E0));
#957=LINE('',#956,#955);
#958=DIRECTION('',(0.E0,1.E0,0.E0));
#959=VECTOR('',#958,5.5E0);
#960=CARTESIAN_POINT('',(-3.5E0,-2.75E0,8.7E0));
#961=LINE('',#960,#959);
#962=DIRECTION('',(1.E0,0.E0,0.E0));
#963=VECTOR('',#962,3.E0);
#964=CARTESIAN_POINT('',(-6.5E0,-2.75E0,8.7E0));
#965=LINE('',#964,#963);
#966=DIRECTION('',(0.E0,-1.E0,0.E0));
#967=VECTOR('',#966,5.5E-1);
#968=CARTESIAN_POINT('',(-6.5E0,-2.75E0,8.7E0));
#969=LINE('',#968,#967);
#970=DIRECTION('',(1.E0,0.E0,0.E0));
#971=VECTOR('',#970,1.15274E1);
#972=CARTESIAN_POINT('',(-6.5E0,-3.3E0,8.7E0));
#973=LINE('',#972,#971);
#974=DIRECTION('',(0.E0,1.E0,0.E0));
#975=VECTOR('',#974,9.E-1);
#976=CARTESIAN_POINT('',(5.0274E0,-4.2E0,8.7E0));
#977=LINE('',#976,#975);
#978=DIRECTION('',(1.E0,0.E0,0.E0));
#979=VECTOR('',#978,1.60274E1);
#980=CARTESIAN_POINT('',(-1.1E1,-4.2E0,8.7E0));
#981=LINE('',#980,#979);
#982=DIRECTION('',(7.071067811865E-1,-7.071067811865E-1,0.E0));
#983=VECTOR('',#982,1.414213562373E0);
#984=CARTESIAN_POINT('',(-1.2E1,-3.2E0,8.7E0));
#985=LINE('',#984,#983);
#986=DIRECTION('',(0.E0,-1.E0,0.E0));
#987=VECTOR('',#986,6.4E0);
#988=CARTESIAN_POINT('',(-1.2E1,3.2E0,8.7E0));
#989=LINE('',#988,#987);
#990=DIRECTION('',(-7.071067811865E-1,-7.071067811865E-1,0.E0));
#991=VECTOR('',#990,1.414213562373E0);
#992=CARTESIAN_POINT('',(-1.1E1,4.2E0,8.7E0));
#993=LINE('',#992,#991);
#994=DIRECTION('',(-1.E0,0.E0,0.E0));
#995=VECTOR('',#994,1.60274E1);
#996=CARTESIAN_POINT('',(5.0274E0,4.2E0,8.7E0));
#997=LINE('',#996,#995);
#998=DIRECTION('',(0.E0,0.E0,1.E0));
#999=VECTOR('',#998,1.4866E0);
#1000=CARTESIAN_POINT('',(9.2513E0,3.3E0,8.7E0));
#1001=LINE('',#1000,#999);
#1002=DIRECTION('',(-1.E0,0.E0,0.E0));
#1003=VECTOR('',#1002,2.7513E0);
#1004=CARTESIAN_POINT('',(9.2513E0,3.3E0,1.01866E1));
#1005=LINE('',#1004,#1003);
#1006=DIRECTION('',(0.E0,0.E0,1.E0));
#1007=VECTOR('',#1006,1.4866E0);
#1008=CARTESIAN_POINT('',(6.5E0,3.3E0,8.7E0));
#1009=LINE('',#1008,#1007);
#1010=DIRECTION('',(0.E0,0.E0,1.E0));
#1011=VECTOR('',#1010,2.3E0);
#1012=CARTESIAN_POINT('',(6.5E0,2.E0,8.7E0));
#1013=LINE('',#1012,#1011);
#1014=DIRECTION('',(0.E0,0.E0,1.E0));
#1015=VECTOR('',#1014,2.3E0);
#1016=CARTESIAN_POINT('',(4.5E0,2.E0,8.7E0));
#1017=LINE('',#1016,#1015);
#1018=DIRECTION('',(0.E0,0.E0,1.E0));
#1019=VECTOR('',#1018,2.3E0);
#1020=CARTESIAN_POINT('',(4.5E0,-2.E0,8.7E0));
#1021=LINE('',#1020,#1019);
#1022=DIRECTION('',(0.E0,0.E0,1.E0));
#1023=VECTOR('',#1022,2.3E0);
#1024=CARTESIAN_POINT('',(6.5E0,-2.E0,8.7E0));
#1025=LINE('',#1024,#1023);
#1026=DIRECTION('',(0.E0,0.E0,1.E0));
#1027=VECTOR('',#1026,1.4866E0);
#1028=CARTESIAN_POINT('',(6.5E0,-3.3E0,8.7E0));
#1029=LINE('',#1028,#1027);
#1030=DIRECTION('',(0.E0,0.E0,1.E0));
#1031=VECTOR('',#1030,8.134E-1);
#1032=CARTESIAN_POINT('',(6.5E0,-3.3E0,1.01866E1));
#1033=LINE('',#1032,#1031);
#1034=DIRECTION('',(0.E0,0.E0,1.E0));
#1035=VECTOR('',#1034,1.4866E0);
#1036=CARTESIAN_POINT('',(9.2513E0,-3.3E0,8.7E0));
#1037=LINE('',#1036,#1035);
#1038=DIRECTION('',(-1.E0,0.E0,0.E0));
#1039=VECTOR('',#1038,2.7513E0);
#1040=CARTESIAN_POINT('',(9.2513E0,-3.3E0,1.01866E1));
#1041=LINE('',#1040,#1039);
#1042=DIRECTION('',(0.E0,0.E0,-1.E0));
#1043=VECTOR('',#1042,1.4866E0);
#1044=CARTESIAN_POINT('',(5.0274E0,-4.2E0,1.01866E1));
#1045=LINE('',#1044,#1043);
#1046=DIRECTION('',(-1.E0,0.E0,0.E0));
#1047=VECTOR('',#1046,4.2239E0);
#1048=CARTESIAN_POINT('',(9.2513E0,-4.2E0,1.01866E1));
#1049=LINE('',#1048,#1047);
#1050=DIRECTION('',(0.E0,0.E0,1.E0));
#1051=VECTOR('',#1050,1.4866E0);
#1052=CARTESIAN_POINT('',(9.2513E0,-4.2E0,8.7E0));
#1053=LINE('',#1052,#1051);
#1054=DIRECTION('',(0.E0,0.E0,1.E0));
#1055=VECTOR('',#1054,1.278696146090E0);
#1056=CARTESIAN_POINT('',(5.159533726050E0,-4.2E0,0.E0));
#1057=LINE('',#1056,#1055);
#1058=DIRECTION('',(-1.E0,0.E0,0.E0));
#1059=VECTOR('',#1058,1.278696146090E0);
#1060=CARTESIAN_POINT('',(5.159533726050E0,-4.2E0,1.278696146090E0));
#1061=LINE('',#1060,#1059);
#1062=DIRECTION('',(0.E0,0.E0,1.E0));
#1063=VECTOR('',#1062,7.E0);
#1064=CARTESIAN_POINT('',(1.2391E0,-4.2E0,0.E0));
#1065=LINE('',#1064,#1063);
#1066=DIRECTION('',(-1.E0,0.E0,0.E0));
#1067=VECTOR('',#1066,2.5E0);
#1068=CARTESIAN_POINT('',(1.2391E0,-4.2E0,7.E0));
#1069=LINE('',#1068,#1067);
#1070=DIRECTION('',(0.E0,0.E0,1.E0));
#1071=VECTOR('',#1070,7.E0);
#1072=CARTESIAN_POINT('',(-1.2609E0,-4.2E0,0.E0));
#1073=LINE('',#1072,#1071);
#1074=DIRECTION('',(0.E0,0.E0,-1.E0));
#1075=VECTOR('',#1074,8.7E0);
#1076=CARTESIAN_POINT('',(-1.1E1,-4.2E0,8.7E0));
#1077=LINE('',#1076,#1075);
#1078=DIRECTION('',(0.E0,1.E0,0.E0));
#1079=VECTOR('',#1078,9.E-1);
#1080=CARTESIAN_POINT('',(5.0274E0,-4.2E0,1.01866E1));
#1081=LINE('',#1080,#1079);
#1082=DIRECTION('',(-1.E0,0.E0,0.E0));
#1083=VECTOR('',#1082,1.4726E0);
#1084=CARTESIAN_POINT('',(6.5E0,-3.3E0,1.01866E1));
#1085=LINE('',#1084,#1083);
#1086=DIRECTION('',(0.E0,0.E0,1.E0));
#1087=VECTOR('',#1086,1.4866E0);
#1088=CARTESIAN_POINT('',(5.0274E0,-3.3E0,8.7E0));
#1089=LINE('',#1088,#1087);
#1090=DIRECTION('',(-7.936063612919E-1,0.E0,-6.084315436571E-1));
#1091=VECTOR('',#1090,3.780211634287E0);
#1092=CARTESIAN_POINT('',(-3.5E0,-3.3E0,1.1E1));
#1093=LINE('',#1092,#1091);
#1094=DIRECTION('',(0.E0,1.E0,0.E0));
#1095=VECTOR('',#1094,9.E-1);
#1096=CARTESIAN_POINT('',(9.2513E0,-4.2E0,1.01866E1));
#1097=LINE('',#1096,#1095);
#1098=DIRECTION('',(-7.936063612919E-1,0.E0,-6.084315436571E-1));
#1099=VECTOR('',#1098,3.780211634287E0);
#1100=CARTESIAN_POINT('',(-3.5E0,2.75E0,1.1E1));
#1101=LINE('',#1100,#1099);
#1102=DIRECTION('',(-7.936063612919E-1,0.E0,-6.084315436571E-1));
#1103=VECTOR('',#1102,3.780211634287E0);
#1104=CARTESIAN_POINT('',(-3.5E0,-2.75E0,1.1E1));
#1105=LINE('',#1104,#1103);
#1106=DIRECTION('',(0.E0,0.E0,-1.E0));
#1107=VECTOR('',#1106,2.3E0);
#1108=CARTESIAN_POINT('',(-3.5E0,2.75E0,1.1E1));
#1109=LINE('',#1108,#1107);
#1110=DIRECTION('',(0.E0,0.E0,-1.E0));
#1111=VECTOR('',#1110,2.3E0);
#1112=CARTESIAN_POINT('',(-3.5E0,-2.75E0,1.1E1));
#1113=LINE('',#1112,#1111);
#1114=DIRECTION('',(0.E0,1.E0,0.E0));
#1115=VECTOR('',#1114,5.5E0);
#1116=CARTESIAN_POINT('',(-3.5E0,-2.75E0,1.1E1));
#1117=LINE('',#1116,#1115);
#1118=DIRECTION('',(0.E0,-1.E0,0.E0));
#1119=VECTOR('',#1118,5.5E-1);
#1120=CARTESIAN_POINT('',(-3.5E0,3.3E0,1.1E1));
#1121=LINE('',#1120,#1119);
#1122=DIRECTION('',(-1.E0,0.E0,0.E0));
#1123=VECTOR('',#1122,1.E1);
#1124=CARTESIAN_POINT('',(6.5E0,3.3E0,1.1E1));
#1125=LINE('',#1124,#1123);
#1126=DIRECTION('',(0.E0,1.E0,0.E0));
#1127=VECTOR('',#1126,1.3E0);
#1128=CARTESIAN_POINT('',(6.5E0,2.E0,1.1E1));
#1129=LINE('',#1128,#1127);
#1130=DIRECTION('',(1.E0,0.E0,0.E0));
#1131=VECTOR('',#1130,2.E0);
#1132=CARTESIAN_POINT('',(4.5E0,2.E0,1.1E1));
#1133=LINE('',#1132,#1131);
#1134=DIRECTION('',(0.E0,1.E0,0.E0));
#1135=VECTOR('',#1134,4.E0);
#1136=CARTESIAN_POINT('',(4.5E0,-2.E0,1.1E1));
#1137=LINE('',#1136,#1135);
#1138=DIRECTION('',(-1.E0,0.E0,0.E0));
#1139=VECTOR('',#1138,2.E0);
#1140=CARTESIAN_POINT('',(6.5E0,-2.E0,1.1E1));
#1141=LINE('',#1140,#1139);
#1142=DIRECTION('',(0.E0,1.E0,0.E0));
#1143=VECTOR('',#1142,1.3E0);
#1144=CARTESIAN_POINT('',(6.5E0,-3.3E0,1.1E1));
#1145=LINE('',#1144,#1143);
#1146=DIRECTION('',(1.E0,0.E0,0.E0));
#1147=VECTOR('',#1146,1.E1);
#1148=CARTESIAN_POINT('',(-3.5E0,-3.3E0,1.1E1));
#1149=LINE('',#1148,#1147);
#1150=DIRECTION('',(0.E0,-1.E0,0.E0));
#1151=VECTOR('',#1150,5.5E-1);
#1152=CARTESIAN_POINT('',(-3.5E0,-2.75E0,1.1E1));
#1153=LINE('',#1152,#1151);
#1154=DIRECTION('',(-1.E0,0.E0,0.E0));
#1155=VECTOR('',#1154,1.4726E0);
#1156=CARTESIAN_POINT('',(6.5E0,3.3E0,1.01866E1));
#1157=LINE('',#1156,#1155);
#1158=DIRECTION('',(0.E0,0.E0,1.E0));
#1159=VECTOR('',#1158,8.134E-1);
#1160=CARTESIAN_POINT('',(6.5E0,3.3E0,1.01866E1));
#1161=LINE('',#1160,#1159);
#1162=DIRECTION('',(7.936063612919E-1,0.E0,6.084315436571E-1));
#1163=VECTOR('',#1162,3.780211634287E0);
#1164=CARTESIAN_POINT('',(-6.5E0,3.3E0,8.7E0));
#1165=LINE('',#1164,#1163);
#1166=DIRECTION('',(0.E0,0.E0,1.E0));
#1167=VECTOR('',#1166,1.4866E0);
#1168=CARTESIAN_POINT('',(5.0274E0,3.3E0,8.7E0));
#1169=LINE('',#1168,#1167);
#1170=DIRECTION('',(0.E0,-1.E0,0.E0));
#1171=VECTOR('',#1170,9.E-1);
#1172=CARTESIAN_POINT('',(9.2513E0,4.2E0,1.01866E1));
#1173=LINE('',#1172,#1171);
#1174=DIRECTION('',(0.E0,-1.E0,0.E0));
#1175=VECTOR('',#1174,9.E-1);
#1176=CARTESIAN_POINT('',(5.0274E0,4.2E0,1.01866E1));
#1177=LINE('',#1176,#1175);
#1178=DIRECTION('',(0.E0,0.E0,1.E0));
#1179=VECTOR('',#1178,8.7E0);
#1180=CARTESIAN_POINT('',(1.2E1,-4.2E0,0.E0));
#1181=LINE('',#1180,#1179);
#1182=DIRECTION('',(0.E0,0.E0,1.E0));
#1183=VECTOR('',#1182,5.E-1);
#1184=CARTESIAN_POINT('',(1.2E1,1.0533E0,2.5E0));
#1185=LINE('',#1184,#1183);
#1186=DIRECTION('',(0.E0,0.E0,1.E0));
#1187=VECTOR('',#1186,4.E0);
#1188=CARTESIAN_POINT('',(1.2E1,2.5E0,3.E0));
#1189=LINE('',#1188,#1187);
#1190=DIRECTION('',(0.E0,-1.E0,0.E0));
#1191=VECTOR('',#1190,1.6974E0);
#1192=CARTESIAN_POINT('',(1.2E1,2.5E0,7.E0));
#1193=LINE('',#1192,#1191);
#1194=DIRECTION('',(0.E0,0.E0,-1.E0));
#1195=VECTOR('',#1194,1.E0);
#1196=CARTESIAN_POINT('',(1.2E1,8.026E-1,7.E0));
#1197=LINE('',#1196,#1195);
#1198=DIRECTION('',(0.E0,-1.E0,0.E0));
#1199=VECTOR('',#1198,1.6974E0);
#1200=CARTESIAN_POINT('',(1.2E1,-8.026E-1,7.E0));
#1201=LINE('',#1200,#1199);
#1202=DIRECTION('',(0.E0,0.E0,-1.E0));
#1203=VECTOR('',#1202,4.E0);
#1204=CARTESIAN_POINT('',(1.2E1,-2.5E0,7.E0));
#1205=LINE('',#1204,#1203);
#1206=DIRECTION('',(0.E0,1.E0,-4.440892098501E-14));
#1207=VECTOR('',#1206,3.E-1);
#1208=CARTESIAN_POINT('',(1.2E1,-3.9907E0,4.4649E0));
#1209=LINE('',#1208,#1207);
#1210=CARTESIAN_POINT('',(1.2E1,-3.9907E0,4.4649E0));
#1211=CARTESIAN_POINT('',(1.2E1,-3.9907E0,4.383959806643E0));
#1212=CARTESIAN_POINT('',(1.2E1,-3.985412227005E0,4.227645338595E0));
#1213=CARTESIAN_POINT('',(1.2E1,-3.964696249575E0,4.009656623579E0));
#1214=CARTESIAN_POINT('',(1.2E1,-3.934013798562E0,3.808770266358E0));
#1215=CARTESIAN_POINT('',(1.2E1,-3.895850211222E0,3.624710697314E0));
#1216=CARTESIAN_POINT('',(1.2E1,-3.852392950768E0,3.457001973458E0));
#1217=CARTESIAN_POINT('',(1.2E1,-3.805551443285E0,3.304906857522E0));
#1218=CARTESIAN_POINT('',(1.2E1,-3.756800928572E0,3.167265303375E0));
#1219=CARTESIAN_POINT('',(1.2E1,-3.707025532408E0,3.042276248198E0));
#1220=CARTESIAN_POINT('',(1.2E1,-3.657349185318E0,2.929475089757E0));
#1221=CARTESIAN_POINT('',(1.2E1,-3.608567996487E0,2.827950516095E0));
#1222=CARTESIAN_POINT('',(1.2E1,-3.561328455974E0,2.736836354330E0));
#1223=CARTESIAN_POINT('',(1.2E1,-3.516088710294E0,2.655232376878E0));
#1224=CARTESIAN_POINT('',(1.2E1,-3.473153693545E0,2.582252946153E0));
#1225=CARTESIAN_POINT('',(1.2E1,-3.432693635482E0,2.517031391686E0));
#1226=CARTESIAN_POINT('',(1.2E1,-3.394764485034E0,2.458729933710E0));
#1227=CARTESIAN_POINT('',(1.2E1,-3.359324996019E0,2.406543337377E0));
#1228=CARTESIAN_POINT('',(1.2E1,-3.326251836314E0,2.359700733036E0));
#1229=CARTESIAN_POINT('',(1.2E1,-3.295352488179E0,2.317465529774E0));
#1230=CARTESIAN_POINT('',(1.2E1,-3.266376092112E0,2.279134112643E0));
#1231=CARTESIAN_POINT('',(1.2E1,-3.239022725142E0,2.244034569542E0));
#1232=CARTESIAN_POINT('',(1.2E1,-3.212950312284E0,2.211522705861E0));
#1233=CARTESIAN_POINT('',(1.2E1,-3.187780914167E0,2.180981656023E0));
#1234=CARTESIAN_POINT('',(1.2E1,-3.163128757348E0,2.151853480493E0));
#1235=CARTESIAN_POINT('',(1.2E1,-3.139048620153E0,2.124136685804E0));
#1236=CARTESIAN_POINT('',(1.2E1,-3.115572217246E0,2.097800442630E0));
#1237=CARTESIAN_POINT('',(1.2E1,-3.092724426113E0,2.072810292618E0));
#1238=CARTESIAN_POINT('',(1.2E1,-3.070526244121E0,2.049130346943E0));
#1239=CARTESIAN_POINT('',(1.2E1,-3.048994340562E0,2.026723359438E0));
#1240=CARTESIAN_POINT('',(1.2E1,-3.028141593854E0,2.005551370734E0));
#1241=CARTESIAN_POINT('',(1.2E1,-3.007977404388E0,1.985576170570E0));
#1242=CARTESIAN_POINT('',(1.2E1,-2.988508079088E0,1.966759760666E0));
#1243=CARTESIAN_POINT('',(1.2E1,-2.969737182721E0,1.949064757243E0));
#1244=CARTESIAN_POINT('',(1.2E1,-2.951665870118E0,1.932454750552E0));
#1245=CARTESIAN_POINT('',(1.2E1,-2.934293156200E0,1.916894603496E0));
#1246=CARTESIAN_POINT('',(1.2E1,-2.917616205716E0,1.902350765177E0));
#1247=CARTESIAN_POINT('',(1.2E1,-2.901630292357E0,1.888791365738E0));
#1248=CARTESIAN_POINT('',(1.2E1,-2.886329685313E0,1.876187036602E0));
#1249=CARTESIAN_POINT('',(1.2E1,-2.871704737429E0,1.864509059820E0));
#1250=CARTESIAN_POINT('',(1.2E1,-2.857752429636E0,1.853737435366E0));
#1251=CARTESIAN_POINT('',(1.2E1,-2.844420741648E0,1.843820723113E0));
#1252=CARTESIAN_POINT('',(1.2E1,-2.831718645770E0,1.834760828118E0));
#1253=CARTESIAN_POINT('',(1.2E1,-2.819633995960E0,1.826550591095E0));
#1254=CARTESIAN_POINT('',(1.2E1,-2.808152188415E0,1.819189339029E0));
#1255=CARTESIAN_POINT('',(1.2E1,-2.797195556943E0,1.812661337629E0));
#1256=CARTESIAN_POINT('',(1.2E1,-2.786860376383E0,1.807065874654E0));
#1257=CARTESIAN_POINT('',(1.2E1,-2.776320569001E0,1.802104267255E0));
#1258=CARTESIAN_POINT('',(1.2E1,-2.766506514193E0,1.798676395575E0));
#1259=CARTESIAN_POINT('',(1.2E1,-2.757814378212E0,1.796814020927E0));
#1260=CARTESIAN_POINT('',(1.2E1,-2.748424210465E0,1.799110963162E0));
#1261=CARTESIAN_POINT('',(1.2E1,-2.746401622176E0,1.808039218756E0));
#1262=CARTESIAN_POINT('',(1.2E1,-2.747852095162E0,1.816357690290E0));
#1263=CARTESIAN_POINT('',(1.2E1,-2.750412113213E0,1.824684913736E0));
#1264=CARTESIAN_POINT('',(1.2E1,-2.753799897703E0,1.833083624552E0));
#1265=CARTESIAN_POINT('',(1.2E1,-2.757819716786E0,1.841765152963E0));
#1266=CARTESIAN_POINT('',(1.2E1,-2.762473878110E0,1.850912717800E0));
#1267=CARTESIAN_POINT('',(1.2E1,-2.767801750903E0,1.860703790334E0));
#1268=CARTESIAN_POINT('',(1.2E1,-2.773863659235E0,1.871285317816E0));
#1269=CARTESIAN_POINT('',(1.2E1,-2.780709872940E0,1.882762967819E0));
#1270=CARTESIAN_POINT('',(1.2E1,-2.788355180448E0,1.895174954169E0));
#1271=CARTESIAN_POINT('',(1.2E1,-2.796781402180E0,1.908508584077E0));
#1272=CARTESIAN_POINT('',(1.2E1,-2.805859948107E0,1.922588526899E0));
#1273=CARTESIAN_POINT('',(1.2E1,-2.815637535874E0,1.937519720516E0));
#1274=CARTESIAN_POINT('',(1.2E1,-2.826349616827E0,1.953682448809E0));
#1275=CARTESIAN_POINT('',(1.2E1,-2.838015110808E0,1.971125089178E0));
#1276=CARTESIAN_POINT('',(1.2E1,-2.850701825287E0,1.989976110072E0));
#1277=CARTESIAN_POINT('',(1.2E1,-2.864460690922E0,2.010344331675E0));
#1278=CARTESIAN_POINT('',(1.2E1,-2.879344489475E0,2.032349426637E0));
#1279=CARTESIAN_POINT('',(1.2E1,-2.895391013124E0,2.056098339467E0));
#1280=CARTESIAN_POINT('',(1.2E1,-2.912661211424E0,2.081743222141E0));
#1281=CARTESIAN_POINT('',(1.2E1,-2.931281793612E0,2.109548099517E0));
#1282=CARTESIAN_POINT('',(1.2E1,-2.951356827725E0,2.139762533346E0));
#1283=CARTESIAN_POINT('',(1.2E1,-2.973003551523E0,2.172680088837E0));
#1284=CARTESIAN_POINT('',(1.2E1,-2.996256563096E0,2.208498585874E0));
#1285=CARTESIAN_POINT('',(1.2E1,-3.020943399144E0,2.247119509113E0));
#1286=CARTESIAN_POINT('',(1.2E1,-3.046900872617E0,2.288468646299E0));
#1287=CARTESIAN_POINT('',(1.2E1,-3.073956330743E0,2.332464859168E0));
#1288=CARTESIAN_POINT('',(1.2E1,-3.101934678824E0,2.379026929148E0));
#1289=CARTESIAN_POINT('',(1.2E1,-3.130659689893E0,2.428073126527E0));
#1290=CARTESIAN_POINT('',(1.2E1,-3.159951690903E0,2.479507117933E0));
#1291=CARTESIAN_POINT('',(1.2E1,-3.189650645712E0,2.533264945318E0));
#1292=CARTESIAN_POINT('',(1.2E1,-3.219508487098E0,2.589101240535E0));
#1293=CARTESIAN_POINT('',(1.2E1,-3.249831646318E0,2.647824840243E0));
#1294=CARTESIAN_POINT('',(1.2E1,-3.281028536104E0,2.710594591333E0));
#1295=CARTESIAN_POINT('',(1.2E1,-3.313408626433E0,2.778572298139E0));
#1296=CARTESIAN_POINT('',(1.2E1,-3.347185938151E0,2.852961552451E0));
#1297=CARTESIAN_POINT('',(1.2E1,-3.382454977283E0,2.935003629531E0));
#1298=CARTESIAN_POINT('',(1.2E1,-3.419165901008E0,3.025976872269E0));
#1299=CARTESIAN_POINT('',(1.2E1,-3.457090987553E0,3.127192920152E0));
#1300=CARTESIAN_POINT('',(1.2E1,-3.495807679437E0,3.239977289500E0));
#1301=CARTESIAN_POINT('',(1.2E1,-3.534655086404E0,3.365663807931E0));
#1302=CARTESIAN_POINT('',(1.2E1,-3.572684282479E0,3.505538952712E0));
#1303=CARTESIAN_POINT('',(1.2E1,-3.608637937969E0,3.660919594064E0));
#1304=CARTESIAN_POINT('',(1.2E1,-3.640819731261E0,3.832670155226E0));
#1305=CARTESIAN_POINT('',(1.2E1,-3.667357536755E0,4.022585347862E0));
#1306=CARTESIAN_POINT('',(1.2E1,-3.685812038382E0,4.232021384786E0));
#1307=CARTESIAN_POINT('',(1.2E1,-3.6907E0,4.385059179060E0));
#1308=CARTESIAN_POINT('',(1.2E1,-3.6907E0,4.4649E0));
#1310=DIRECTION('',(1.E0,0.E0,0.E0));
#1311=VECTOR('',#1310,3.545986662713E0);
#1312=CARTESIAN_POINT('',(1.2E1,-1.0533E0,2.5E0));
#1313=LINE('',#1312,#1311);
#1314=CARTESIAN_POINT('',(1.92334E1,0.E0,2.5E0));
#1315=DIRECTION('',(0.E0,0.E0,1.E0));
#1316=DIRECTION('',(-9.615409364747E-1,2.746616600172E-1,0.E0));
#1317=AXIS2_PLACEMENT_3D('',#1314,#1315,#1316);
#1319=DIRECTION('',(1.E0,0.E0,0.E0));
#1320=VECTOR('',#1319,3.545986662713E0);
#1321=CARTESIAN_POINT('',(1.2E1,1.0533E0,2.5E0));
#1322=LINE('',#1321,#1320);
#1323=DIRECTION('',(0.E0,1.E0,0.E0));
#1324=VECTOR('',#1323,2.1066E0);
#1325=CARTESIAN_POINT('',(1.2E1,-1.0533E0,2.5E0));
#1326=LINE('',#1325,#1324);
#1327=DIRECTION('',(0.E0,0.E0,1.E0));
#1328=VECTOR('',#1327,5.E-1);
#1329=CARTESIAN_POINT('',(1.2E1,-1.0533E0,2.5E0));
#1330=LINE('',#1329,#1328);
#1331=CARTESIAN_POINT('',(1.92334E1,0.E0,3.E0));
#1332=DIRECTION('',(0.E0,0.E0,1.E0));
#1333=DIRECTION('',(-9.615409364747E-1,-2.746616600172E-1,0.E0));
#1334=AXIS2_PLACEMENT_3D('',#1331,#1332,#1333);
#1336=DIRECTION('',(1.E0,0.E0,0.E0));
#1337=VECTOR('',#1336,3.545986662713E0);
#1338=CARTESIAN_POINT('',(1.2E1,-1.0533E0,3.E0));
#1339=LINE('',#1338,#1337);
#1340=DIRECTION('',(0.E0,1.E0,0.E0));
#1341=VECTOR('',#1340,1.4467E0);
#1342=CARTESIAN_POINT('',(1.2E1,-2.5E0,3.E0));
#1343=LINE('',#1342,#1341);
#1344=DIRECTION('',(0.E0,1.E0,0.E0));
#1345=VECTOR('',#1344,1.4467E0);
#1346=CARTESIAN_POINT('',(1.2E1,1.0533E0,3.E0));
#1347=LINE('',#1346,#1345);
#1348=DIRECTION('',(-1.E0,0.E0,0.E0));
#1349=VECTOR('',#1348,3.545986662713E0);
#1350=CARTESIAN_POINT('',(1.554598666271E1,1.0533E0,3.E0));
#1351=LINE('',#1350,#1349);
#1352=CARTESIAN_POINT('',(1.92334E1,0.E0,3.E0));
#1353=DIRECTION('',(0.E0,0.E0,1.E0));
#1354=DIRECTION('',(-7.582985136724E-1,6.519074812903E-1,0.E0));
#1355=AXIS2_PLACEMENT_3D('',#1352,#1353,#1354);
#1357=DIRECTION('',(1.E0,0.E0,0.E0));
#1358=VECTOR('',#1357,4.325401029918E0);
#1359=CARTESIAN_POINT('',(1.2E1,-2.5E0,3.E0));
#1360=LINE('',#1359,#1358);
#1361=DIRECTION('',(-1.E0,0.E0,0.E0));
#1362=VECTOR('',#1361,8.5E0);
#1363=CARTESIAN_POINT('',(2.05E1,-2.5E0,7.E0));
#1364=LINE('',#1363,#1362);
#1365=DIRECTION('',(1.E0,0.E0,0.E0));
#1366=VECTOR('',#1365,4.1185E0);
#1367=CARTESIAN_POINT('',(1.2E1,8.026E-1,7.E0));
#1368=LINE('',#1367,#1366);
#1369=DIRECTION('',(-1.E0,0.E0,0.E0));
#1370=VECTOR('',#1369,8.5E0);
#1371=CARTESIAN_POINT('',(2.05E1,2.5E0,7.E0));
#1372=LINE('',#1371,#1370);
#1373=DIRECTION('',(1.E0,0.E0,0.E0));
#1374=VECTOR('',#1373,4.1185E0);
#1375=CARTESIAN_POINT('',(1.2E1,-8.026E-1,7.E0));
#1376=LINE('',#1375,#1374);
#1377=DIRECTION('',(0.E0,1.E0,0.E0));
#1378=VECTOR('',#1377,1.6052E0);
#1379=CARTESIAN_POINT('',(1.61185E1,-8.026E-1,7.E0));
#1380=LINE('',#1379,#1378);
#1381=DIRECTION('',(0.E0,0.E0,-1.E0));
#1382=VECTOR('',#1381,1.E0);
#1383=CARTESIAN_POINT('',(1.61185E1,8.026E-1,7.E0));
#1384=LINE('',#1383,#1382);
#1385=DIRECTION('',(0.E0,0.E0,-1.E0));
#1386=VECTOR('',#1385,1.E0);
#1387=CARTESIAN_POINT('',(1.61185E1,-8.026E-1,7.E0));
#1388=LINE('',#1387,#1386);
#1389=DIRECTION('',(0.E0,0.E0,-1.E0));
#1390=VECTOR('',#1389,1.E0);
#1391=CARTESIAN_POINT('',(1.2E1,-8.026E-1,7.E0));
#1392=LINE('',#1391,#1390);
#1393=DIRECTION('',(-1.E0,0.E0,0.E0));
#1394=VECTOR('',#1393,4.1185E0);
#1395=CARTESIAN_POINT('',(1.61185E1,8.026E-1,6.E0));
#1396=LINE('',#1395,#1394);
#1397=DIRECTION('',(0.E0,1.E0,0.E0));
#1398=VECTOR('',#1397,1.6052E0);
#1399=CARTESIAN_POINT('',(1.61185E1,-8.026E-1,6.E0));
#1400=LINE('',#1399,#1398);
#1401=DIRECTION('',(1.E0,0.E0,0.E0));
#1402=VECTOR('',#1401,4.1185E0);
#1403=CARTESIAN_POINT('',(1.2E1,-8.026E-1,6.E0));
#1404=LINE('',#1403,#1402);
#1405=DIRECTION('',(0.E0,-1.E0,0.E0));
#1406=VECTOR('',#1405,1.6052E0);
#1407=CARTESIAN_POINT('',(1.2E1,8.026E-1,6.E0));
#1408=LINE('',#1407,#1406);
#1409=DIRECTION('',(1.E0,0.E0,0.E0));
#1410=VECTOR('',#1409,4.325401029918E0);
#1411=CARTESIAN_POINT('',(1.2E1,2.5E0,3.E0));
#1412=LINE('',#1411,#1410);
#1413=DIRECTION('',(-1.E0,0.E0,0.E0));
#1414=VECTOR('',#1413,4.174598970082E0);
#1415=CARTESIAN_POINT('',(2.05E1,2.5E0,2.E0));
#1416=LINE('',#1415,#1414);
#1417=DIRECTION('',(0.E0,0.E0,1.E0));
#1418=VECTOR('',#1417,1.E0);
#1419=CARTESIAN_POINT('',(1.632540102992E1,2.5E0,2.E0));
#1420=LINE('',#1419,#1418);
#1421=DIRECTION('',(0.E0,0.E0,1.E0));
#1422=VECTOR('',#1421,5.E-1);
#1423=CARTESIAN_POINT('',(1.554598666271E1,-1.0533E0,2.5E0));
#1424=LINE('',#1423,#1422);
#1425=DIRECTION('',(0.E0,0.E0,-1.E0));
#1426=VECTOR('',#1425,1.E0);
#1427=CARTESIAN_POINT('',(1.632540102992E1,-2.5E0,3.E0));
#1428=LINE('',#1427,#1426);
#1429=DIRECTION('',(0.E0,0.E0,1.E0));
#1430=VECTOR('',#1429,5.E-1);
#1431=CARTESIAN_POINT('',(1.554598666271E1,1.0533E0,2.5E0));
#1432=LINE('',#1431,#1430);
#1433=CARTESIAN_POINT('',(1.92334E1,0.E0,2.E0));
#1434=DIRECTION('',(0.E0,0.E0,-1.E0));
#1435=DIRECTION('',(-7.582985136724E-1,-6.519074812903E-1,0.E0));
#1436=AXIS2_PLACEMENT_3D('',#1433,#1434,#1435);
#1438=DIRECTION('',(-1.E0,0.E0,0.E0));
#1439=VECTOR('',#1438,4.174598970082E0);
#1440=CARTESIAN_POINT('',(2.05E1,-2.5E0,2.E0));
#1441=LINE('',#1440,#1439);
#1442=DIRECTION('',(0.E0,0.E0,-1.E0));
#1443=VECTOR('',#1442,5.E0);
#1444=CARTESIAN_POINT('',(2.05E1,-2.5E0,7.E0));
#1445=LINE('',#1444,#1443);
#1446=DIRECTION('',(0.E0,-1.E0,0.E0));
#1447=VECTOR('',#1446,5.E0);
#1448=CARTESIAN_POINT('',(2.05E1,2.5E0,7.E0));
#1449=LINE('',#1448,#1447);
#1450=DIRECTION('',(0.E0,0.E0,1.E0));
#1451=VECTOR('',#1450,5.E0);
#1452=CARTESIAN_POINT('',(2.05E1,2.5E0,2.E0));
#1453=LINE('',#1452,#1451);
#1454=DIRECTION('',(0.E0,1.E0,0.E0));
#1455=VECTOR('',#1454,5.E0);
#1456=CARTESIAN_POINT('',(2.05E1,-2.5E0,2.E0));
#1457=LINE('',#1456,#1455);
#1458=DIRECTION('',(0.E0,1.E0,0.E0));
#1459=VECTOR('',#1458,2.093E-1);
#1460=CARTESIAN_POINT('',(2.05E1,-3.9E0,4.4649E0));
#1461=LINE('',#1460,#1459);
#1462=DIRECTION('',(0.E0,0.E0,1.E0));
#1463=VECTOR('',#1462,3.6649E0);
#1464=CARTESIAN_POINT('',(2.05E1,-3.9E0,8.E-1));
#1465=LINE('',#1464,#1463);
#1466=DIRECTION('',(0.E0,-1.E0,0.E0));
#1467=VECTOR('',#1466,7.8E0);
#1468=CARTESIAN_POINT('',(2.05E1,3.9E0,8.E-1));
#1469=LINE('',#1468,#1467);
#1470=DIRECTION('',(0.E0,0.E0,-1.E0));
#1471=VECTOR('',#1470,7.4E0);
#1472=CARTESIAN_POINT('',(2.05E1,3.9E0,8.2E0));
#1473=LINE('',#1472,#1471);
#1474=DIRECTION('',(0.E0,1.E0,0.E0));
#1475=VECTOR('',#1474,7.8E0);
#1476=CARTESIAN_POINT('',(2.05E1,-3.9E0,8.2E0));
#1477=LINE('',#1476,#1475);
#1478=DIRECTION('',(0.E0,0.E0,1.E0));
#1479=VECTOR('',#1478,2.919627868979E0);
#1480=CARTESIAN_POINT('',(2.05E1,-3.9E0,5.280372131021E0));
#1481=LINE('',#1480,#1479);
#1482=CARTESIAN_POINT('',(2.05E1,-3.9E0,5.280372131021E0));
#1483=CARTESIAN_POINT('',(2.05E1,-3.884188764693E0,5.350461648371E0));
#1484=CARTESIAN_POINT('',(2.05E1,-3.849832786428E0,5.483889708879E0));
#1485=CARTESIAN_POINT('',(2.05E1,-3.791567416146E0,5.667733266168E0));
#1486=CARTESIAN_POINT('',(2.05E1,-3.732610381505E0,5.825794594532E0));
#1487=CARTESIAN_POINT('',(2.05E1,-3.674997578555E0,5.961932154389E0));
#1488=CARTESIAN_POINT('',(2.05E1,-3.620144842524E0,6.078746470233E0));
#1489=CARTESIAN_POINT('',(2.05E1,-3.568725682014E0,6.179246493591E0));
#1490=CARTESIAN_POINT('',(2.05E1,-3.520877078763E0,6.266231773411E0));
#1491=CARTESIAN_POINT('',(2.05E1,-3.476269577506E0,6.342423275954E0));
#1492=CARTESIAN_POINT('',(2.05E1,-3.434267685742E0,6.410339482120E0));
#1493=CARTESIAN_POINT('',(2.05E1,-3.393772726734E0,6.472631396411E0));
#1494=CARTESIAN_POINT('',(2.05E1,-3.354811884933E0,6.529834459875E0));
#1495=CARTESIAN_POINT('',(2.05E1,-3.317569233787E0,6.582198906423E0));
#1496=CARTESIAN_POINT('',(2.05E1,-3.282149433964E0,6.630032749222E0));
#1497=CARTESIAN_POINT('',(2.05E1,-3.248625211200E0,6.673635309728E0));
#1498=CARTESIAN_POINT('',(2.05E1,-3.217032593277E0,6.713307323110E0));
#1499=CARTESIAN_POINT('',(2.05E1,-3.187378252606E0,6.749343943624E0));
#1500=CARTESIAN_POINT('',(2.05E1,-3.159641084516E0,6.782032203618E0));
#1501=CARTESIAN_POINT('',(2.05E1,-3.133776449195E0,6.811649626313E0));
#1502=CARTESIAN_POINT('',(2.05E1,-3.109719244509E0,6.838463527855E0));
#1503=CARTESIAN_POINT('',(2.05E1,-3.087386694589E0,6.862730798024E0));
#1504=CARTESIAN_POINT('',(2.05E1,-3.066680672654E0,6.884698027593E0));
#1505=CARTESIAN_POINT('',(2.05E1,-3.047489673699E0,6.904601862288E0));
#1506=CARTESIAN_POINT('',(2.05E1,-3.029690473403E0,6.922669491974E0));
#1507=CARTESIAN_POINT('',(2.05E1,-3.013149525347E0,6.939119202719E0));
#1508=CARTESIAN_POINT('',(2.05E1,-2.997724130118E0,6.954160938733E0));
#1509=CARTESIAN_POINT('',(2.05E1,-2.983263414400E0,6.967996820561E0));
#1510=CARTESIAN_POINT('',(2.05E1,-2.969609094482E0,6.980821613390E0));
#1511=CARTESIAN_POINT('',(2.05E1,-2.956596179035E0,6.992822980797E0));
#1512=CARTESIAN_POINT('',(2.05E1,-2.944053033609E0,7.004181941637E0));
#1513=CARTESIAN_POINT('',(2.05E1,-2.931802896396E0,7.015071732466E0));
#1514=CARTESIAN_POINT('',(2.05E1,-2.919658899102E0,7.025661460390E0));
#1515=CARTESIAN_POINT('',(2.05E1,-2.907441985663E0,7.036100240021E0));
#1516=CARTESIAN_POINT('',(2.05E1,-2.894906697138E0,7.046575904149E0));
#1517=CARTESIAN_POINT('',(2.05E1,-2.882074020951E0,7.057036844372E0));
#1518=CARTESIAN_POINT('',(2.05E1,-2.869099516402E0,7.067322538188E0));
#1519=CARTESIAN_POINT('',(2.05E1,-2.856120572214E0,7.077292892563E0));
#1520=CARTESIAN_POINT('',(2.05E1,-2.843278384044E0,7.086809642011E0));
#1521=CARTESIAN_POINT('',(2.05E1,-2.830710477672E0,7.095742326596E0));
#1522=CARTESIAN_POINT('',(2.05E1,-2.818555088191E0,7.103964737058E0));
#1523=CARTESIAN_POINT('',(2.05E1,-2.806945381426E0,7.111358823304E0));
#1524=CARTESIAN_POINT('',(2.05E1,-2.796044628545E0,7.117791950851E0));
#1525=CARTESIAN_POINT('',(2.05E1,-2.785963298315E0,7.123179589334E0));
#1526=CARTESIAN_POINT('',(2.05E1,-2.776568602335E0,7.127528202919E0));
#1527=CARTESIAN_POINT('',(2.05E1,-2.767947849127E0,7.130718042309E0));
#1528=CARTESIAN_POINT('',(2.05E1,-2.759035816517E0,7.132720737728E0));
#1529=CARTESIAN_POINT('',(2.05E1,-2.750317500436E0,7.131882942646E0));
#1530=CARTESIAN_POINT('',(2.05E1,-2.746212258160E0,7.124145753736E0));
#1531=CARTESIAN_POINT('',(2.05E1,-2.747555120314E0,7.114409603429E0));
#1532=CARTESIAN_POINT('',(2.05E1,-2.750374779471E0,7.105136201040E0));
#1533=CARTESIAN_POINT('',(2.05E1,-2.754216929370E0,7.095718009149E0));
#1534=CARTESIAN_POINT('',(2.05E1,-2.758735673129E0,7.086151847930E0));
#1535=CARTESIAN_POINT('',(2.05E1,-2.763831561579E0,7.076325316941E0));
#1536=CARTESIAN_POINT('',(2.05E1,-2.769454582912E0,7.066159477898E0));
#1537=CARTESIAN_POINT('',(2.05E1,-2.775598083650E0,7.055568702355E0));
#1538=CARTESIAN_POINT('',(2.05E1,-2.782273158484E0,7.044473290346E0));
#1539=CARTESIAN_POINT('',(2.05E1,-2.789500123536E0,7.032799312662E0));
#1540=CARTESIAN_POINT('',(2.05E1,-2.797300418549E0,7.020482788022E0));
#1541=CARTESIAN_POINT('',(2.05E1,-2.805690920795E0,7.007473082315E0));
#1542=CARTESIAN_POINT('',(2.05E1,-2.814678784673E0,6.993737083864E0));
#1543=CARTESIAN_POINT('',(2.05E1,-2.824258893033E0,6.979260587833E0));
#1544=CARTESIAN_POINT('',(2.05E1,-2.834407988818E0,6.964055463076E0));
#1545=CARTESIAN_POINT('',(2.05E1,-2.845101012834E0,6.948134727314E0));
#1546=CARTESIAN_POINT('',(2.05E1,-2.856261166493E0,6.931586510893E0));
#1547=CARTESIAN_POINT('',(2.05E1,-2.867953531041E0,6.914287885081E0));
#1548=CARTESIAN_POINT('',(2.05E1,-2.880375344678E0,6.895920885632E0));
#1549=CARTESIAN_POINT('',(2.05E1,-2.893652245090E0,6.876270218677E0));
#1550=CARTESIAN_POINT('',(2.05E1,-2.907916787471E0,6.855103667707E0));
#1551=CARTESIAN_POINT('',(2.05E1,-2.923294936343E0,6.832189000259E0));
#1552=CARTESIAN_POINT('',(2.05E1,-2.939906989474E0,6.807289338067E0));
#1553=CARTESIAN_POINT('',(2.05E1,-2.957865617806E0,6.780162537058E0));
#1554=CARTESIAN_POINT('',(2.05E1,-2.977272509021E0,6.750562640212E0));
#1555=CARTESIAN_POINT('',(2.05E1,-2.998222446841E0,6.718229043953E0));
#1556=CARTESIAN_POINT('',(2.05E1,-3.020777828692E0,6.682922853485E0));
#1557=CARTESIAN_POINT('',(2.05E1,-3.036961038246E0,6.657165624756E0));
#1558=CARTESIAN_POINT('',(2.05E1,-3.045312522921E0,6.643739230148E0));
#1560=CARTESIAN_POINT('',(2.05E1,-3.045312522921E0,6.643739230148E0));
#1561=CARTESIAN_POINT('',(2.05E1,-3.054203707811E0,6.629445178071E0));
#1562=CARTESIAN_POINT('',(2.05E1,-3.072524795073E0,6.599697097897E0));
#1563=CARTESIAN_POINT('',(2.05E1,-3.101532667002E0,6.551469564161E0));
#1564=CARTESIAN_POINT('',(2.05E1,-3.131844134970E0,6.499706476617E0));
#1565=CARTESIAN_POINT('',(2.05E1,-3.163257183152E0,6.444434732039E0));
#1566=CARTESIAN_POINT('',(2.05E1,-3.195541196427E0,6.385728367807E0));
#1567=CARTESIAN_POINT('',(2.05E1,-3.228861996429E0,6.322900083014E0));
#1568=CARTESIAN_POINT('',(2.05E1,-3.263391068639E0,6.255114921398E0));
#1569=CARTESIAN_POINT('',(2.05E1,-3.299221208446E0,6.181523570840E0));
#1570=CARTESIAN_POINT('',(2.05E1,-3.336357294287E0,6.101254481565E0));
#1571=CARTESIAN_POINT('',(2.05E1,-3.374701930476E0,6.013410282304E0));
#1572=CARTESIAN_POINT('',(2.05E1,-3.414032889655E0,5.917086699118E0));
#1573=CARTESIAN_POINT('',(2.05E1,-3.453996234241E0,5.811324237929E0));
#1574=CARTESIAN_POINT('',(2.05E1,-3.494033106057E0,5.695344318463E0));
#1575=CARTESIAN_POINT('',(2.05E1,-3.533613941327E0,5.567778847238E0));
#1576=CARTESIAN_POINT('',(2.05E1,-3.572028021684E0,5.426902183954E0));
#1577=CARTESIAN_POINT('',(2.05E1,-3.608185532012E0,5.271078629927E0));
#1578=CARTESIAN_POINT('',(2.05E1,-3.640560469594E0,5.098760223926E0));
#1579=CARTESIAN_POINT('',(2.05E1,-3.667191835578E0,4.908674748044E0));
#1580=CARTESIAN_POINT('',(2.05E1,-3.685747956940E0,4.699041448583E0));
#1581=CARTESIAN_POINT('',(2.05E1,-3.6907E0,4.545233788380E0));
#1582=CARTESIAN_POINT('',(2.05E1,-3.6907E0,4.4649E0));
#1584=CARTESIAN_POINT('',(2.05E1,-3.8407E0,4.4649E0));
#1585=DIRECTION('',(5.079213769856E-2,0.E0,-9.987092463515E-1));
#1586=DIRECTION('',(-7.870885988221E-1,-6.155397389801E-1,-4.002958081983E-2));
#1587=AXIS2_PLACEMENT_3D('',#1584,#1585,#1586);
#1589=CARTESIAN_POINT('',(2.05E1,-3.8407E0,4.4649E0));
#1590=DIRECTION('',(5.079213769856E-2,0.E0,-9.987092463515E-1));
#1591=DIRECTION('',(9.173521208782E-1,-3.953333333333E-1,4.665449470097E-2));
#1592=AXIS2_PLACEMENT_3D('',#1589,#1590,#1591);
#1594=CARTESIAN_POINT('',(1.2E1,-3.6907E0,4.4649E0));
#1595=CARTESIAN_POINT('',(1.201220529042E1,-3.6907E0,4.224911353214E0));
#1596=CARTESIAN_POINT('',(1.203661587556E1,-3.643213419055E0,3.744940965187E0));
#1597=CARTESIAN_POINT('',(1.207323610393E1,-3.432284841064E0,3.052892862352E0));
#1598=CARTESIAN_POINT('',(1.210982743846E1,-3.089833357616E0,2.415588015063E0));
#1599=CARTESIAN_POINT('',(1.214647144591E1,-2.629133496735E0,1.857739016421E0));
#1600=CARTESIAN_POINT('',(1.218307254370E1,-2.068042759289E0,1.400970692083E0));
#1601=CARTESIAN_POINT('',(1.221970136304E1,-1.428311802399E0,1.063000286202E0));
#1602=CARTESIAN_POINT('',(1.225630610660E1,-7.347388958617E-1,
8.569327988294E-1));
#1603=CARTESIAN_POINT('',(1.229292589780E1,-1.421193221688E-2,
7.907675470835E-1));
#1604=CARTESIAN_POINT('',(1.232958906496E1,7.053319530251E-1,
8.670806984398E-1));
#1605=CARTESIAN_POINT('',(1.236619386823E1,1.396001979465E0,1.082915349228E0));
#1606=CARTESIAN_POINT('',(1.240281014636E1,2.031014193806E0,1.429920016973E0));
#1607=CARTESIAN_POINT('',(1.243944413462E1,2.585741675877E0,1.894651854222E0));
#1608=CARTESIAN_POINT('',(1.247605960898E1,3.038673821533E0,2.459102157258E0));
#1609=CARTESIAN_POINT('',(1.251270153962E1,3.372233178507E0,3.101397550181E0));
#1610=CARTESIAN_POINT('',(1.254931902952E1,3.573481286741E0,3.796643156988E0));
#1611=CARTESIAN_POINT('',(1.258594848246E1,3.634594254836E0,4.517889836086E0));
#1612=CARTESIAN_POINT('',(1.262259274372E1,3.553184345556E0,5.237175006550E0));
#1613=CARTESIAN_POINT('',(1.265922777581E1,3.332392410447E0,5.926612097109E0));
#1614=CARTESIAN_POINT('',(1.269587522361E1,2.980756461369E0,6.559463098310E0));
#1615=CARTESIAN_POINT('',(1.273251222678E1,2.511892484567E0,7.111186213252E0));
#1616=CARTESIAN_POINT('',(1.276917533677E1,1.943959767919E0,7.560368862379E0));
#1617=CARTESIAN_POINT('',(1.280578233175E1,1.298962895878E0,7.889596908300E0));
#1618=CARTESIAN_POINT('',(1.284250731719E1,6.018969559925E-1,8.086043220575E0));
#1619=CARTESIAN_POINT('',(1.287912677669E1,-1.202214877259E-1,
8.142119468415E0));
#1620=CARTESIAN_POINT('',(1.291578579412E1,-8.393964174079E-1,
8.055589850798E0));
#1621=CARTESIAN_POINT('',(1.295246512281E1,-1.527740737243E0,7.829786450181E0));
#1622=CARTESIAN_POINT('',(1.298912216353E1,-2.158563979272E0,7.473444626499E0));
#1623=CARTESIAN_POINT('',(1.302580320387E1,-2.707386791774E0,7.000344250010E0));
#1624=CARTESIAN_POINT('',(1.306247076157E1,-3.152919318995E0,6.428808750679E0));
#1625=CARTESIAN_POINT('',(1.309916306689E1,-3.477851685281E0,5.780973053905E0));
#1626=CARTESIAN_POINT('',(1.313583834184E1,-3.669569027535E0,5.081940756224E0));
#1627=CARTESIAN_POINT('',(1.317251175690E1,-3.720600289888E0,4.358801349984E0));
#1628=CARTESIAN_POINT('',(1.320920894109E1,-3.628922393494E0,3.639589415101E0));
#1629=CARTESIAN_POINT('',(1.324592159055E1,-3.398056064295E0,2.952196978572E0));
#1630=CARTESIAN_POINT('',(1.328262777578E1,-3.036922092354E0,2.323281715812E0));
#1631=CARTESIAN_POINT('',(1.331933620985E1,-2.559486079129E0,1.777247527205E0));
#1632=CARTESIAN_POINT('',(1.335604228293E1,-1.984222986083E0,1.335286701570E0));
#1633=CARTESIAN_POINT('',(1.339279574529E1,-1.333415861706E0,1.014589300768E0));
#1634=CARTESIAN_POINT('',(1.342942097946E1,-6.322703017450E-1,
8.275529700924E-1));
#1635=CARTESIAN_POINT('',(1.346623029796E1,9.203166765369E-2,
7.816009885278E-1));
#1636=CARTESIAN_POINT('',(1.350298891309E1,8.114207648086E-1,
8.784626425121E-1));
#1637=CARTESIAN_POINT('',(1.353970814656E1,1.497995488409E0,1.114432239073E0));
#1638=CARTESIAN_POINT('',(1.357647115470E1,2.125123313224E0,1.480441419335E0));
#1639=CARTESIAN_POINT('',(1.361322519303E1,2.668464466132E0,1.962317056231E0));
#1640=CARTESIAN_POINT('',(1.364997999332E1,3.106929057670E0,2.541423162589E0));
#1641=CARTESIAN_POINT('',(1.368675975277E1,3.423461454527E0,3.195338353297E0));
#1642=CARTESIAN_POINT('',(1.372354565359E1,3.605753882930E0,3.898729068945E0));
#1643=CARTESIAN_POINT('',(1.376029370717E1,3.646710745623E0,4.624339379381E0));
#1644=CARTESIAN_POINT('',(1.379704366751E1,3.544670860555E0,5.344051525754E0));
#1645=CARTESIAN_POINT('',(1.383385430966E1,3.303505344863E0,6.029937246503E0));
#1646=CARTESIAN_POINT('',(1.387070495305E1,2.932529177605E0,6.655375400628E0));
#1647=CARTESIAN_POINT('',(1.390750768628E1,2.446112373447E0,7.196123572993E0));
#1648=CARTESIAN_POINT('',(1.394431987305E1,1.863045441519E0,7.631161097709E0));
#1649=CARTESIAN_POINT('',(1.398115572641E1,1.205894063154E0,7.943567250218E0));
#1650=CARTESIAN_POINT('',(1.401798568556E1,5.001213720306E-1,8.121189928139E0));
#1651=CARTESIAN_POINT('',(1.405483169097E1,-2.269318681855E-1,
8.157073438530E0));
#1652=CARTESIAN_POINT('',(1.409168997788E1,-9.470741906689E-1,
8.049766741476E0));
#1653=CARTESIAN_POINT('',(1.412854365240E1,-1.632383367805E0,7.803378994242E0));
#1654=CARTESIAN_POINT('',(1.416539956860E1,-2.256268483001E0,7.427397622288E0));
#1655=CARTESIAN_POINT('',(1.420228284730E1,-2.794497082397E0,6.936332682518E0));
#1656=CARTESIAN_POINT('',(1.423916395956E1,-3.226170335644E0,6.349188219550E0));
#1657=CARTESIAN_POINT('',(1.427606243162E1,-3.534487644256E0,5.688683635339E0));
#1658=CARTESIAN_POINT('',(1.431296767948E1,-3.707441751272E0,4.980400725445E0));
#1659=CARTESIAN_POINT('',(1.434984512503E1,-3.738286763838E0,4.251782206997E0));
#1660=CARTESIAN_POINT('',(1.438673793087E1,-3.625725895144E0,3.531062106955E0));
#1661=CARTESIAN_POINT('',(1.442368593561E1,-3.374024652156E0,2.846217321868E0));
#1662=CARTESIAN_POINT('',(1.446065614351E1,-2.992905725428E0,2.223826952799E0));
#1663=CARTESIAN_POINT('',(1.449758512237E1,-2.497114557152E0,1.688020030872E0));
#1664=CARTESIAN_POINT('',(1.453455838867E1,-1.905785592936E0,1.259668645027E0));
#1665=CARTESIAN_POINT('',(1.457148103468E1,-1.241807694761E0,
9.553644413974E-1));
#1666=CARTESIAN_POINT('',(1.460850070895E1,-5.308975391733E-1,
7.870999368167E-1));
#1667=CARTESIAN_POINT('',(1.464557997707E1,1.994070324127E-1,
7.614402335326E-1));
#1668=CARTESIAN_POINT('',(1.468241970457E1,9.207961063007E-1,
8.792000699621E-1));
#1669=CARTESIAN_POINT('',(1.471949090623E1,1.605276168718E0,1.136294977651E0));
#1670=CARTESIAN_POINT('',(1.475648737589E1,2.226288687096E0,1.522564246935E0));
#1671=CARTESIAN_POINT('',(1.479351298131E1,2.759722780679E0,2.023192841323E0));
#1672=CARTESIAN_POINT('',(1.483054557163E1,3.184830935387E0,2.618806073566E0));
#1673=CARTESIAN_POINT('',(1.486760232900E1,3.485059605493E0,3.286368734242E0));
#1674=CARTESIAN_POINT('',(1.490464568050E1,3.648725320481E0,4.000017632479E0));
#1675=CARTESIAN_POINT('',(1.494170244145E1,3.669380372212E0,4.732118844700E0));
#1676=CARTESIAN_POINT('',(1.497878317783E1,3.546127565467E0,5.454281675724E0));
#1677=CARTESIAN_POINT('',(1.501588473670E1,3.283667207784E0,6.138487703828E0));
#1678=CARTESIAN_POINT('',(1.505298198582E1,2.892121493388E0,6.758189587074E0));
#1679=CARTESIAN_POINT('',(1.509008718338E1,2.386582050600E0,7.289317217512E0));
#1680=CARTESIAN_POINT('',(1.512721336464E1,1.786581578200E0,7.711202754917E0));
#1681=CARTESIAN_POINT('',(1.516435210617E1,1.115338448738E0,8.007425730984E0));
#1682=CARTESIAN_POINT('',(1.520145890904E1,3.988490786996E-1,8.166472588278E0));
#1683=CARTESIAN_POINT('',(1.523863962167E1,-3.351493832694E-1,
8.181969471180E0));
#1684=CARTESIAN_POINT('',(1.527582502726E1,-1.058170085155E0,8.053303451108E0));
#1685=CARTESIAN_POINT('',(1.531299803041E1,-1.742188419282E0,7.785397453803E0));
#1686=CARTESIAN_POINT('',(1.535019611668E1,-2.360637225181E0,7.388508421309E0));
#1687=CARTESIAN_POINT('',(1.538739250376E1,-2.889503933270E0,6.877976891836E0));
#1688=CARTESIAN_POINT('',(1.542461263882E1,-3.308200831928E0,6.273504679442E0));
#1689=CARTESIAN_POINT('',(1.546183920438E1,-3.600432138833E0,5.598491810141E0));
#1690=CARTESIAN_POINT('',(1.549908645963E1,-3.754765792363E0,4.879065055168E0));
#1691=CARTESIAN_POINT('',(1.553632374788E1,-3.765167536232E0,4.143101982591E0));
#1692=CARTESIAN_POINT('',(1.557357258113E1,-3.631109566979E0,3.419120757293E0));
#1693=CARTESIAN_POINT('',(1.561086052951E1,-3.357655962596E0,2.735231433344E0));
#1694=CARTESIAN_POINT('',(1.564816271133E1,-2.955359143650E0,2.117985969197E0));
#1695=CARTESIAN_POINT('',(1.568545484525E1,-2.439760211891E0,1.591335705219E0));
#1696=CARTESIAN_POINT('',(1.572277148437E1,-1.830738592896E0,1.175801071293E0));
#1697=CARTESIAN_POINT('',(1.576010272804E1,-1.151868898633E0,
8.875688646345E-1));
#1698=CARTESIAN_POINT('',(1.579743143625E1,-4.294319871935E-1,
7.378743920011E-1));
#1699=CARTESIAN_POINT('',(1.583481803312E1,3.085794080585E-1,
7.327201584502E-1));
#1700=CARTESIAN_POINT('',(1.587214975403E1,1.033567080336E0,8.722174985822E-1));
#1701=CARTESIAN_POINT('',(1.590954405499E1,1.717379350948E0,1.151252832697E0));
#1702=CARTESIAN_POINT('',(1.594692822266E1,2.333488818578E0,1.558981007040E0));
#1703=CARTESIAN_POINT('',(1.598433941737E1,2.857928574701E0,2.079736237502E0));
#1704=CARTESIAN_POINT('',(1.602175276006E1,3.270319308625E0,2.693367518455E0));
#1705=CARTESIAN_POINT('',(1.605919141360E1,3.554551985799E0,3.376163297370E0));
#1706=CARTESIAN_POINT('',(1.609662669901E1,3.699561979315E0,4.101671512926E0));
#1707=CARTESIAN_POINT('',(1.613408015624E1,3.699586512915E0,4.841801701614E0));
#1708=CARTESIAN_POINT('',(1.617155555950E1,3.554509008944E0,5.567846698300E0));
#1709=CARTESIAN_POINT('',(1.620904815796E1,3.269864243425E0,6.251628289123E0));
#1710=CARTESIAN_POINT('',(1.624654516089E1,2.856611780832E0,6.866613071712E0));
#1711=CARTESIAN_POINT('',(1.628406183665E1,2.330668884504E0,7.388874394890E0));
#1712=CARTESIAN_POINT('',(1.632157376822E1,1.712353697739E0,7.798148442353E0));
#1713=CARTESIAN_POINT('',(1.635916865557E1,1.025574224170E0,8.078255011541E0));
#1714=CARTESIAN_POINT('',(1.639653995096E1,2.969571397668E-1,8.219004937083E0));
#1715=CARTESIAN_POINT('',(1.643427514198E1,-4.453523979417E-1,
8.213369633955E0));
#1716=CARTESIAN_POINT('',(1.647183117110E1,-1.172486385529E0,8.062813004930E0));
#1717=CARTESIAN_POINT('',(1.650943337269E1,-1.856269361568E0,7.772501710124E0));
#1718=CARTESIAN_POINT('',(1.654704350650E1,-2.470143861894E0,7.353685854141E0));
#1719=CARTESIAN_POINT('',(1.658466948113E1,-2.990239402348E0,6.822496704718E0));
#1720=CARTESIAN_POINT('',(1.662230456970E1,-3.396332796522E0,6.199460412490E0));
#1721=CARTESIAN_POINT('',(1.665996337792E1,-3.672543637022E0,5.508656415973E0));
#1722=CARTESIAN_POINT('',(1.669763176326E1,-3.808098856034E0,4.776848295724E0));
#1723=CARTESIAN_POINT('',(1.673530563413E1,-3.797651794296E0,4.032377927792E0));
#1724=CARTESIAN_POINT('',(1.677299592298E1,-3.641459079298E0,3.304100302487E0));
#1725=CARTESIAN_POINT('',(1.681071633167E1,-3.345422838426E0,2.620312671838E0));
#1726=CARTESIAN_POINT('',(1.684844495017E1,-2.920992365496E0,2.007548717060E0));
#1727=CARTESIAN_POINT('',(1.688618201591E1,-2.384527157506E0,1.489616337347E0));
#1728=CARTESIAN_POINT('',(1.692393648733E1,-1.756715649514E0,1.086696809412E0));
#1729=CARTESIAN_POINT('',(1.696171363739E1,-1.061858955085E0,
8.145447281075E-1));
#1730=CARTESIAN_POINT('',(1.699947687378E1,-3.268550005044E-1,
6.836483151932E-1));
#1731=CARTESIAN_POINT('',(1.703729145571E1,4.198229742774E-1,
6.994881792139E-1));
#1732=CARTESIAN_POINT('',(1.707510444131E1,1.149220691759E0,8.613250776494E-1));
#1733=CARTESIAN_POINT('',(1.711293225846E1,1.833025893754E0,1.163070502581E0));
#1734=CARTESIAN_POINT('',(1.715077587902E1,2.444686566233E0,1.593132490776E0));
#1735=CARTESIAN_POINT('',(1.718863184204E1,2.960426328342E0,2.134917149851E0));
#1736=CARTESIAN_POINT('',(1.722650639362E1,3.360141204447E0,2.767518230270E0));
#1737=CARTESIAN_POINT('',(1.726439360869E1,3.628261718510E0,3.466448037358E0));
#1738=CARTESIAN_POINT('',(1.730229337171E1,3.754292902258E0,4.204655500266E0));
#1739=CARTESIAN_POINT('',(1.734020907426E1,3.733213101524E0,4.953547040878E0));
#1740=CARTESIAN_POINT('',(1.737814300389E1,3.565702222090E0,5.684068865404E0));
#1741=CARTESIAN_POINT('',(1.741609099918E1,3.258176046690E0,6.367870759997E0));
#1742=CARTESIAN_POINT('',(1.745405202493E1,2.822458527986E0,6.978408989286E0));
#1743=CARTESIAN_POINT('',(1.749202948826E1,2.275332058819E0,7.491914139588E0));
#1744=CARTESIAN_POINT('',(1.753001962641E1,1.637933601365E0,7.888453000558E0));
#1745=CARTESIAN_POINT('',(1.756803160210E1,9.349222067914E-1,8.152379449266E0));
#1746=CARTESIAN_POINT('',(1.760604156474E1,1.935053207264E-1,8.273793766931E0));
#1747=CARTESIAN_POINT('',(1.764408475010E1,-5.575724722509E-1,
8.247223997877E0));
#1748=CARTESIAN_POINT('',(1.768214072469E1,-1.289201538819E0,8.073966826500E0));
#1749=CARTESIAN_POINT('',(1.772020473720E1,-1.972976278181E0,7.760703823572E0));
#1750=CARTESIAN_POINT('',(1.775828786642E1,-2.582344240155E0,7.319279311768E0));
#1751=CARTESIAN_POINT('',(1.779638421913E1,-3.093601741528E0,6.766818113551E0));
#1752=CARTESIAN_POINT('',(1.783449641950E1,-3.486846327328E0,6.124616749689E0));
#1753=CARTESIAN_POINT('',(1.787262310152E1,-3.746716845061E0,5.417534225203E0));
#1754=CARTESIAN_POINT('',(1.791076502424E1,-3.863053998100E0,4.672944614025E0));
#1755=CARTESIAN_POINT('',(1.794892305398E1,-3.831251141360E0,3.919692464489E0));
#1756=CARTESIAN_POINT('',(1.798709615393E1,-3.652366341048E0,3.186982674030E0));
#1757=CARTESIAN_POINT('',(1.802528166914E1,-3.333205020333E0,2.503289625219E0));
#1758=CARTESIAN_POINT('',(1.806348340239E1,-2.886108176332E0,1.895138027631E0));
#1759=CARTESIAN_POINT('',(1.810170085188E1,-2.328302816044E0,1.386178660145E0));
#1760=CARTESIAN_POINT('',(1.813993306486E1,-1.681317128748E0,
9.962406234119E-1));
#1761=CARTESIAN_POINT('',(1.817818073063E1,-9.701896970837E-1,
7.405369758421E-1));
#1762=CARTESIAN_POINT('',(1.821644139448E1,-2.224467515552E-1,
6.291150327538E-1));
#1763=CARTESIAN_POINT('',(1.825471756001E1,5.329258560469E-1,
6.663836611613E-1));
#1764=CARTESIAN_POINT('',(1.829300946904E1,1.266637791843E0,8.510107068568E-1));
#1765=CARTESIAN_POINT('',(1.833131711705E1,1.950218450818E0,1.175956387694E0));
#1766=CARTESIAN_POINT('',(1.836963853978E1,2.557101867199E0,1.628732644044E0));
#1767=CARTESIAN_POINT('',(1.840797580160E1,3.063699368628E0,2.191870830174E0));
#1768=CARTESIAN_POINT('',(1.844632691466E1,3.450269701011E0,2.843612859363E0));
#1769=CARTESIAN_POINT('',(1.848469242997E1,3.701729787758E0,3.558749694708E0));
#1770=CARTESIAN_POINT('',(1.852307751801E1,3.808248344589E0,4.309581048246E0));
#1771=CARTESIAN_POINT('',(1.856147436680E1,3.765538474494E0,5.067026488086E0));
#1772=CARTESIAN_POINT('',(1.859988305788E1,3.575145224622E0,5.801694204782E0));
#1773=CARTESIAN_POINT('',(1.863830624797E1,3.244357900408E0,6.485070154148E0));
#1774=CARTESIAN_POINT('',(1.867674847609E1,2.785911662101E0,7.090622808983E0));
#1775=CARTESIAN_POINT('',(1.871520159070E1,2.217468974875E0,7.594780569315E0));
#1776=CARTESIAN_POINT('',(1.875367402113E1,1.561009401002E0,7.977939811047E0));
#1777=CARTESIAN_POINT('',(1.879215922565E1,8.419193558931E-1,8.225119940354E0));
#1778=CARTESIAN_POINT('',(1.883063452804E1,8.804525327345E-2,8.326549099379E0));
#1779=CARTESIAN_POINT('',(1.886915530466E1,-6.713719343209E-1,
8.278384761230E0));
#1780=CARTESIAN_POINT('',(1.890769978628E1,-1.406922525748E0,8.082298594191E0));
#1781=CARTESIAN_POINT('',(1.894623092094E1,-2.090014301536E0,7.745658434193E0));
#1782=CARTESIAN_POINT('',(1.898479159289E1,-2.694139915807E0,7.281569310431E0));
#1783=CARTESIAN_POINT('',(1.902336215129E1,-3.195797578487E0,6.707863923395E0));
#1784=CARTESIAN_POINT('',(1.906194851181E1,-3.575451134342E0,6.046740612905E0));
#1785=CARTESIAN_POINT('',(1.910053977237E1,-3.818259640483E0,5.323762759680E0));
#1786=CARTESIAN_POINT('',(1.913916106602E1,-3.914770938315E0,4.566955225298E0));
#1787=CARTESIAN_POINT('',(1.917780565430E1,-3.861115258622E0,3.805616130725E0));
#1788=CARTESIAN_POINT('',(1.921645232636E1,-3.659201696956E0,3.069282788796E0));
#1789=CARTESIAN_POINT('',(1.925509005955E1,-3.316740227237E0,2.386573177232E0));
#1790=CARTESIAN_POINT('',(1.929375270898E1,-2.846997534300E0,1.783977418671E0));
#1791=CARTESIAN_POINT('',(1.933244616846E1,-2.268100410832E0,1.284899968952E0));
#1792=CARTESIAN_POINT('',(1.937113785959E1,-1.602365727832E0,
9.088302261732E-1));
#1793=CARTESIAN_POINT('',(1.940985392115E1,-8.755991517635E-1,
6.703981029785E-1));
#1794=CARTESIAN_POINT('',(1.944856810464E1,-1.159223745130E-1,5.790028803E-1));
#1795=CARTESIAN_POINT('',(1.948730557220E1,6.471996345440E-1,
6.382399522238E-1));
#1796=CARTESIAN_POINT('',(1.952606330652E1,1.384185736788E0,8.459249674637E-1));
#1797=CARTESIAN_POINT('',(1.956483419178E1,2.066428162412E0,1.194124044103E0));
#1798=CARTESIAN_POINT('',(1.960361168905E1,2.667414332247E0,1.669437972450E0));
#1799=CARTESIAN_POINT('',(1.964240278988E1,3.163781108901E0,2.253503929793E0));
#1800=CARTESIAN_POINT('',(1.968121170092E1,3.536210939108E0,2.923738687508E0));
#1801=CARTESIAN_POINT('',(1.972002171618E1,3.770143720690E0,3.654215980476E0));
#1802=CARTESIAN_POINT('',(1.975886900899E1,3.856475009673E0,4.416622743705E0));
#1803=CARTESIAN_POINT('',(1.979773467912E1,3.791721586585E0,5.181436263396E0));
#1804=CARTESIAN_POINT('',(1.983659472284E1,3.578247871047E0,5.918978537074E0));
#1805=CARTESIAN_POINT('',(1.987544106306E1,3.224232548771E0,6.600593327119E0));
#1806=CARTESIAN_POINT('',(1.991432759202E1,2.743397170233E0,7.199845299915E0));
#1807=CARTESIAN_POINT('',(1.995323213943E1,2.154264923299E0,7.693431304884E0));
#1808=CARTESIAN_POINT('',(1.999213135094E1,1.479601708815E0,8.062099942603E0));
#1809=CARTESIAN_POINT('',(2.003110142442E1,7.455482462978E-1,8.291581073873E0));
#1810=CARTESIAN_POINT('',(2.006984836937E1,-1.950639910609E-2,
8.372440535793E0));
#1811=CARTESIAN_POINT('',(2.010898709195E1,-7.858362190088E-1,
8.302369897490E0));
#1812=CARTESIAN_POINT('',(2.014789862861E1,-1.523787089324E0,8.083057881658E0));
#1813=CARTESIAN_POINT('',(2.018688114346E1,-2.204672018495E0,7.723371054050E0));
#1814=CARTESIAN_POINT('',(2.022586578878E1,-2.802068669467E0,7.237063762620E0));
#1815=CARTESIAN_POINT('',(2.026486951252E1,-3.292746720340E0,6.642943455682E0));
#1816=CARTESIAN_POINT('',(2.030387231986E1,-3.657590984593E0,5.963971408476E0));
#1817=CARTESIAN_POINT('',(2.034290128913E1,-3.882401191265E0,5.226448108624E0));
#1818=CARTESIAN_POINT('',(2.036892326180E1,-3.933030960847E0,4.714774756267E0));
#1819=CARTESIAN_POINT('',(2.038193671018E1,-3.933030960847E0,4.458895562877E0));
#1821=CARTESIAN_POINT('',(1.2E1,-3.9907E0,4.4649E0));
#1822=CARTESIAN_POINT('',(1.201313569435E1,-3.9907E0,4.206617123921E0));
#1823=CARTESIAN_POINT('',(1.203940714157E1,-3.939866363749E0,3.690058617735E0));
#1824=CARTESIAN_POINT('',(1.207880964846E1,-3.714041141245E0,2.944944360466E0));
#1825=CARTESIAN_POINT('',(1.211824138730E1,-3.347307550626E0,2.258151135274E0));
#1826=CARTESIAN_POINT('',(1.215762071378E1,-2.853738787659E0,1.656022218295E0));
#1827=CARTESIAN_POINT('',(1.219704196153E1,-2.252275995501E0,1.161663960216E0));
#1828=CARTESIAN_POINT('',(1.223643669115E1,-1.565999022070E0,
7.940356530614E-1));
#1829=CARTESIAN_POINT('',(1.227585395299E1,-8.212430951407E-1,
5.672405695193E-1));
#1830=CARTESIAN_POINT('',(1.231525899831E1,-4.658523450612E-2,
4.899707556859E-1));
#1831=CARTESIAN_POINT('',(1.235461905006E1,7.282547623553E-1,
5.651797458090E-1));
#1832=CARTESIAN_POINT('',(1.239403451171E1,1.473541920882E0,7.899801783355E-1));
#1833=CARTESIAN_POINT('',(1.243344323105E1,2.160686921802E0,1.155731151021E0));
#1834=CARTESIAN_POINT('',(1.247283201343E1,2.763333061070E0,1.648388520854E0));
#1835=CARTESIAN_POINT('',(1.251223919752E1,3.258361431045E0,2.249041221495E0));
#1836=CARTESIAN_POINT('',(1.255162166888E1,3.626795429552E0,2.934633028111E0));
#1837=CARTESIAN_POINT('',(1.259102497983E1,3.854505748301E0,3.678851997893E0));
#1838=CARTESIAN_POINT('',(1.263042089762E1,3.932775562878E0,4.453138205413E0));
#1839=CARTESIAN_POINT('',(1.266979982609E1,3.858620872804E0,5.227783269926E0));
#1840=CARTESIAN_POINT('',(1.270918739045E1,3.634901800678E0,5.973065264726E0));
#1841=CARTESIAN_POINT('',(1.274856405971E1,3.270223511650E0,6.660396975307E0));
#1842=CARTESIAN_POINT('',(1.278794972702E1,2.778595364203E0,7.263412712668E0));
#1843=CARTESIAN_POINT('',(1.282731067711E1,2.178898234807E0,7.758997316666E0));
#1844=CARTESIAN_POINT('',(1.286672348057E1,1.494156085336E0,8.128135910480E0));
#1845=CARTESIAN_POINT('',(1.290603568936E1,7.506525347862E-1,8.356722747465E0));
#1846=CARTESIAN_POINT('',(1.294541920291E1,-2.307645215095E-2,
8.435970949629E0));
#1847=CARTESIAN_POINT('',(1.298479946851E1,-7.973427941507E-1,
8.362884477019E0));
#1848=CARTESIAN_POINT('',(1.302413791266E1,-1.542443844518E0,8.140303502611E0));
#1849=CARTESIAN_POINT('',(1.306350425148E1,-2.229794396915E0,7.776780143347E0));
#1850=CARTESIAN_POINT('',(1.310284986651E1,-2.833041701516E0,7.286298461670E0));
#1851=CARTESIAN_POINT('',(1.314220238688E1,-3.329054192767E0,6.687697568981E0));
#1852=CARTESIAN_POINT('',(1.318153929108E1,-3.698832123731E0,6.003966431993E0));
#1853=CARTESIAN_POINT('',(1.322088066924E1,-3.928210245945E0,5.261354023024E0));
#1854=CARTESIAN_POINT('',(1.326023449973E1,-4.008418085195E0,4.488363859362E0));
#1855=CARTESIAN_POINT('',(1.329956409300E1,-3.936425134349E0,3.714658650397E0));
#1856=CARTESIAN_POINT('',(1.333887665533E1,-3.715027430059E0,2.969916304706E0));
#1857=CARTESIAN_POINT('',(1.337819166944E1,-3.352749484601E0,2.282703973124E0));
#1858=CARTESIAN_POINT('',(1.341750832431E1,-2.863524635906E0,1.679371125540E0));
#1859=CARTESIAN_POINT('',(1.345682592158E1,-2.266159672592E0,1.183044342736E0));
#1860=CARTESIAN_POINT('',(1.349610406935E1,-1.583596625560E0,
8.127172571397E-1));
#1861=CARTESIAN_POINT('',(1.353546818123E1,-8.420476355594E-1,
5.826143021882E-1));
#1862=CARTESIAN_POINT('',(1.357475363078E1,-6.997368553615E-2,
5.014556206860E-1));
#1863=CARTESIAN_POINT('',(1.361395830396E1,7.029975396487E-1,
5.723097270779E-1));
#1864=CARTESIAN_POINT('',(1.365329408783E1,1.447207826528E0,7.925019017453E-1));
#1865=CARTESIAN_POINT('',(1.369254309468E1,2.134123245730E0,1.153448371152E0));
#1866=CARTESIAN_POINT('',(1.373182086027E1,2.737405356606E0,1.641308033611E0));
#1867=CARTESIAN_POINT('',(1.377108387136E1,3.233937033973E0,2.237304636918E0));
#1868=CARTESIAN_POINT('',(1.381034159216E1,3.604708442688E0,2.918546424189E0));
#1869=CARTESIAN_POINT('',(1.384957102428E1,3.835546207434E0,3.658867599881E0));
#1870=CARTESIAN_POINT('',(1.388884013059E1,3.917609883273E0,4.429854772285E0));
#1871=CARTESIAN_POINT('',(1.392811904009E1,3.847815882631E0,5.201906698140E0));
#1872=CARTESIAN_POINT('',(1.396735270926E1,3.628925539678E0,5.945416072923E0));
#1873=CARTESIAN_POINT('',(1.400652777906E1,3.269390955591E0,6.631889731391E0));
#1874=CARTESIAN_POINT('',(1.404573130859E1,2.783013463879E0,7.234991183842E0));
#1875=CARTESIAN_POINT('',(1.408495970912E1,2.188506178199E0,7.731605885989E0));
#1876=CARTESIAN_POINT('',(1.412414334268E1,1.508739869592E0,8.102756266701E0));
#1877=CARTESIAN_POINT('',(1.416334206808E1,7.698032172420E-1,8.334225223886E0));
#1878=CARTESIAN_POINT('',(1.420252247959E1,7.592055103078E-5,8.417204273988E0));
#1879=CARTESIAN_POINT('',(1.424169367058E1,-7.709082506232E-1,
8.348565421538E0));
#1880=CARTESIAN_POINT('',(1.428085808668E1,-1.513572151853E0,8.131000529138E0));
#1881=CARTESIAN_POINT('',(1.432003372660E1,-2.199431228398E0,7.772907122239E0));
#1882=CARTESIAN_POINT('',(1.435918085115E1,-2.802212344957E0,7.288102811717E0));
#1883=CARTESIAN_POINT('',(1.439832064958E1,-3.298823768580E0,6.695224639548E0));
#1884=CARTESIAN_POINT('',(1.443745909660E1,-3.670255231075E0,6.017061410767E0));
#1885=CARTESIAN_POINT('',(1.447657017664E1,-3.902331417986E0,5.279668941638E0));
#1886=CARTESIAN_POINT('',(1.451571287391E1,-3.986169663960E0,4.511352337560E0));
#1887=CARTESIAN_POINT('',(1.455485326872E1,-3.918643490646E0,3.741613380671E0));
#1888=CARTESIAN_POINT('',(1.459395384393E1,-3.702442144166E0,2.999968525030E0));
#1889=CARTESIAN_POINT('',(1.463300260092E1,-3.345930437054E0,2.314830801024E0));
#1890=CARTESIAN_POINT('',(1.467208622346E1,-2.862789433667E0,1.712490174323E0));
#1891=CARTESIAN_POINT('',(1.471116942547E1,-2.271645487076E0,1.216009720185E0));
#1892=CARTESIAN_POINT('',(1.475021101429E1,-1.595228538963E0,
8.443457466291E-1));
#1893=CARTESIAN_POINT('',(1.478934428628E1,-8.595202828694E-1,
6.118076750867E-1));
#1894=CARTESIAN_POINT('',(1.482817696338E1,-9.277074248024E-2,
5.269093869473E-1));
#1895=CARTESIAN_POINT('',(1.486738783239E1,6.755822378240E-1,
5.934175941952E-1));
#1896=CARTESIAN_POINT('',(1.490637460182E1,1.416080353391E0,8.081857577396E-1));
#1897=CARTESIAN_POINT('',(1.494539028197E1,2.100330883422E0,1.163120729005E0));
#1898=CARTESIAN_POINT('',(1.498439506766E1,2.702110594357E0,1.644500756998E0));
#1899=CARTESIAN_POINT('',(1.502339786700E1,3.198374908467E0,2.233798456383E0));
#1900=CARTESIAN_POINT('',(1.506236832204E1,3.570170857172E0,2.908341161513E0));
#1901=CARTESIAN_POINT('',(1.510134779315E1,3.803267373241E0,3.642227393962E0));
#1902=CARTESIAN_POINT('',(1.514032282267E1,3.888807767266E0,4.407263869263E0));
#1903=CARTESIAN_POINT('',(1.517928042836E1,3.823605578036E0,5.174086987712E0));
#1904=CARTESIAN_POINT('',(1.521820804885E1,3.610256570979E0,5.913295890456E0));
#1905=CARTESIAN_POINT('',(1.525713639542E1,3.256995395669E0,6.596542428723E0));
#1906=CARTESIAN_POINT('',(1.529605898211E1,2.777456442486E0,7.197649963575E0));
#1907=CARTESIAN_POINT('',(1.533497487029E1,2.190112568113E0,7.693603470033E0));
#1908=CARTESIAN_POINT('',(1.537385228545E1,1.517559361400E0,8.065478842198E0));
#1909=CARTESIAN_POINT('',(1.541277211303E1,7.856199932829E-1,8.298991705851E0));
#1910=CARTESIAN_POINT('',(1.545164945860E1,2.243381428587E-2,8.385361114677E0));
#1911=CARTESIAN_POINT('',(1.549048332241E1,-7.427338718473E-1,
8.321364176787E0));
#1912=CARTESIAN_POINT('',(1.552933722783E1,-1.480520980332E0,8.109469483608E0));
#1913=CARTESIAN_POINT('',(1.556817351346E1,-2.162652014659E0,7.757934743964E0));
#1914=CARTESIAN_POINT('',(1.560700545109E1,-2.762984936932E0,7.280316113694E0));
#1915=CARTESIAN_POINT('',(1.564582104478E1,-3.258556604805E0,6.695017827813E0));
#1916=CARTESIAN_POINT('',(1.568462604481E1,-3.630414175993E0,6.024553701161E0));
#1917=CARTESIAN_POINT('',(1.572341248238E1,-3.864384829750E0,5.294690126529E0));
#1918=CARTESIAN_POINT('',(1.576219563666E1,-3.951557056160E0,4.533455182145E0));
#1919=CARTESIAN_POINT('',(1.580098383016E1,-3.888667024578E0,3.770076619059E0));
#1920=CARTESIAN_POINT('',(1.583974266719E1,-3.678271017618E0,3.033830972214E0));
#1921=CARTESIAN_POINT('',(1.587846920780E1,-3.328531968157E0,2.352917892876E0));
#1922=CARTESIAN_POINT('',(1.591720026993E1,-2.852903978577E0,1.753445836821E0));
#1923=CARTESIAN_POINT('',(1.595592647539E1,-2.269730001452E0,1.258356701104E0));
#1924=CARTESIAN_POINT('',(1.599462370271E1,-1.601460041601E0,
8.865381491047E-1));
#1925=CARTESIAN_POINT('',(1.603332949024E1,-8.737693684080E-1,
6.522263880154E-1));
#1926=CARTESIAN_POINT('',(1.607199200986E1,-1.146043594705E-1,
5.642343789797E-1));
#1927=CARTESIAN_POINT('',(1.611066029302E1,6.468856312590E-1,
6.259217704054E-1));
#1928=CARTESIAN_POINT('',(1.614933098289E1,1.381501357314E0,8.348186504657E-1));
#1929=CARTESIAN_POINT('',(1.618796437866E1,2.061084034222E0,1.182746638894E0));
#1930=CARTESIAN_POINT('',(1.622659752105E1,2.659605842485E0,1.656333523269E0));
#1931=CARTESIAN_POINT('',(1.626521210471E1,3.154163943763E0,2.237295525377E0));
#1932=CARTESIAN_POINT('',(1.630381543365E1,3.525864804378E0,2.903295870564E0));
#1933=CARTESIAN_POINT('',(1.634240401330E1,3.760533910347E0,3.628722988508E0));
#1934=CARTESIAN_POINT('',(1.638099140483E1,3.849241912060E0,4.385720664703E0));
#1935=CARTESIAN_POINT('',(1.641955621013E1,3.788727738282E0,5.145221008405E0));
#1936=CARTESIAN_POINT('',(1.645809997615E1,3.581413354010E0,5.878110414232E0));
#1937=CARTESIAN_POINT('',(1.649663401943E1,3.235332353059E0,6.556288131812E0));
#1938=CARTESIAN_POINT('',(1.653515497416E1,2.763849681611E0,7.153792305396E0));
#1939=CARTESIAN_POINT('',(1.657367547230E1,2.185149755443E0,7.647719273201E0));
#1940=CARTESIAN_POINT('',(1.661214467756E1,1.521506447647E0,8.019330161204E0));
#1941=CARTESIAN_POINT('',(1.665066534034E1,7.984153508754E-1,8.254203227102E0));
#1942=CARTESIAN_POINT('',(1.668922589730E1,4.365834628099E-2,8.343451640677E0));
#1943=CARTESIAN_POINT('',(1.672752012714E1,-7.137553362612E-1,
8.284522096558E0));
#1944=CARTESIAN_POINT('',(1.676602131497E1,-1.444847222833E0,8.078602294907E0));
#1945=CARTESIAN_POINT('',(1.680442491201E1,-2.121544769288E0,7.734457763637E0));
#1946=CARTESIAN_POINT('',(1.684284494675E1,-2.717955092209E0,7.265101959542E0));
#1947=CARTESIAN_POINT('',(1.688124143046E1,-3.211254585385E0,6.688728299101E0));
#1948=CARTESIAN_POINT('',(1.691962911877E1,-3.582597465961E0,6.027485351378E0));
#1949=CARTESIAN_POINT('',(1.695799290363E1,-3.817862060871E0,5.306817562737E0));
#1950=CARTESIAN_POINT('',(1.699635213026E1,-3.908074588083E0,4.554383934259E0));
#1951=CARTESIAN_POINT('',(1.703470316216E1,-3.849886204962E0,3.799088318724E0));
#1952=CARTESIAN_POINT('',(1.707303262014E1,-3.645686409003E0,3.069894214003E0));
#1953=CARTESIAN_POINT('',(1.711133554126E1,-3.303429439119E0,2.394719451856E0));
#1954=CARTESIAN_POINT('',(1.714963475267E1,-2.836268991893E0,1.799451663345E0));
#1955=CARTESIAN_POINT('',(1.718792217492E1,-2.262247923861E0,1.306862624931E0));
#1956=CARTESIAN_POINT('',(1.722618947152E1,-1.603478633439E0,
9.357349097670E-1));
#1957=CARTESIAN_POINT('',(1.726444248931E1,-8.852670247430E-1,
7.002243998809E-1));
#1958=CARTESIAN_POINT('',(1.730270266025E1,-1.352125788958E-1,
6.093650501072E-1));
#1959=CARTESIAN_POINT('',(1.734090708983E1,6.178937974244E-1,
6.662460827495E-1));
#1960=CARTESIAN_POINT('',(1.737912686494E1,1.345169154964E0,8.688950971717E-1));
#1961=CARTESIAN_POINT('',(1.741732057491E1,2.018746807920E0,1.209241180094E0));
#1962=CARTESIAN_POINT('',(1.745550478924E1,2.612824822564E0,1.674202332972E0));
#1963=CARTESIAN_POINT('',(1.749367356688E1,3.104682432906E0,2.245822186812E0));
#1964=CARTESIAN_POINT('',(1.753182479104E1,3.475555809421E0,2.902094522577E0));
#1965=CARTESIAN_POINT('',(1.756996464925E1,3.711279624382E0,3.617803878364E0));
#1966=CARTESIAN_POINT('',(1.760809109722E1,3.802923184367E0,4.365442350370E0));
#1967=CARTESIAN_POINT('',(1.764620114538E1,3.747105273563E0,5.116309288921E0));
#1968=CARTESIAN_POINT('',(1.768429336970E1,3.546095676579E0,5.841620547597E0));
#1969=CARTESIAN_POINT('',(1.772237276620E1,3.207675200555E0,6.513573044090E0));
#1970=CARTESIAN_POINT('',(1.776043851221E1,2.744937800130E0,7.106426820500E0));
#1971=CARTESIAN_POINT('',(1.779848803090E1,2.175739094690E0,7.597534381170E0));
#1972=CARTESIAN_POINT('',(1.783652492305E1,1.521986082526E0,7.968084223460E0));
#1973=CARTESIAN_POINT('',(1.787454026051E1,8.088124540167E-1,8.204124819841E0));
#1974=CARTESIAN_POINT('',(1.791256045523E1,6.362498738227E-2,8.296220137783E0));
#1975=CARTESIAN_POINT('',(1.795053882465E1,-6.849927486123E-1,
8.241810925518E0));
#1976=CARTESIAN_POINT('',(1.798851593491E1,-1.408304048740E0,8.042345093487E0));
#1977=CARTESIAN_POINT('',(1.802647749808E1,-2.078611205075E0,7.705862010905E0));
#1978=CARTESIAN_POINT('',(1.806442342961E1,-2.670230146501E0,7.245361626730E0));
#1979=CARTESIAN_POINT('',(1.810235499873E1,-3.160552607205E0,6.678589348545E0));
#1980=CARTESIAN_POINT('',(1.814027136298E1,-3.530838170831E0,6.027370944944E0));
#1981=CARTESIAN_POINT('',(1.817817328954E1,-3.767004472757E0,5.316743939915E0));
#1982=CARTESIAN_POINT('',(1.821606001338E1,-3.860057893024E0,4.574001742502E0));
#1983=CARTESIAN_POINT('',(1.825393075141E1,-3.806541352480E0,3.827668986458E0));
#1984=CARTESIAN_POINT('',(1.829178696154E1,-3.608680633301E0,3.106368136036E0));
#1985=CARTESIAN_POINT('',(1.832963096322E1,-3.274182026402E0,2.437706028032E0));
#1986=CARTESIAN_POINT('',(1.836745813169E1,-2.815906018734E0,1.847329426479E0));
#1987=CARTESIAN_POINT('',(1.840527052889E1,-2.251559876413E0,1.357799398740E0));
#1988=CARTESIAN_POINT('',(1.844306778825E1,-1.602873814419E0,
9.878147258829E-1));
#1989=CARTESIAN_POINT('',(1.848085020583E1,-8.947883656362E-1,
7.514657147701E-1));
#1990=CARTESIAN_POINT('',(1.851861970688E1,-1.545065230951E-1,
6.576941306235E-1));
#1991=CARTESIAN_POINT('',(1.855637351149E1,5.895635971590E-1,
7.100121986135E-1));
#1992=CARTESIAN_POINT('',(1.859411200996E1,1.308880815674E0,9.062959971751E-1));
#1993=CARTESIAN_POINT('',(1.863183471827E1,1.975871710905E0,1.238902456830E0));
#1994=CARTESIAN_POINT('',(1.866954426897E1,2.565012394862E0,1.694959083571E0));
#1995=CARTESIAN_POINT('',(1.870723743468E1,3.053753261048E0,2.256890189594E0));
#1996=CARTESIAN_POINT('',(1.874491787467E1,3.423450904002E0,2.903057190283E0));
#1997=CARTESIAN_POINT('',(1.878258289766E1,3.660004201836E0,3.608617315582E0));
#1998=CARTESIAN_POINT('',(1.882022927401E1,3.754428560376E0,4.346470505638E0));
#1999=CARTESIAN_POINT('',(1.885786407441E1,3.703252395976E0,5.088282484439E0));
#2000=CARTESIAN_POINT('',(1.889548715125E1,3.508547533540E0,5.805617327319E0));
#2001=CARTESIAN_POINT('',(1.893309556650E1,3.177873516639E0,6.470982800288E0));
#2002=CARTESIAN_POINT('',(1.897068514464E1,2.724007492115E0,7.058887316020E0));
#2003=CARTESIAN_POINT('',(1.900826449670E1,2.164472729502E0,7.546870314947E0));
#2004=CARTESIAN_POINT('',(1.904582361763E1,1.520792524672E0,7.916259362115E0));
#2005=CARTESIAN_POINT('',(1.908337190484E1,8.177305644251E-1,8.153016573160E0));
#2006=CARTESIAN_POINT('',(1.912092887054E1,8.228856645101E-2,8.248232990273E0));
#2007=CARTESIAN_POINT('',(1.915843990045E1,-6.573244699794E-1,
8.198167173884E0));
#2008=CARTESIAN_POINT('',(1.919592909540E1,-1.372702148502E0,8.004941592876E0));
#2009=CARTESIAN_POINT('',(1.923343072842E1,-2.036469046329E0,7.676192977028E0));
#2010=CARTESIAN_POINT('',(1.927090329976E1,-2.623181663810E0,7.224484458373E0));
#2011=CARTESIAN_POINT('',(1.930836608745E1,-3.110407320988E0,6.667304567420E0));
#2012=CARTESIAN_POINT('',(1.934581313074E1,-3.479537081374E0,6.026074608652E0));
#2013=CARTESIAN_POINT('',(1.938325551927E1,-3.716528667572E0,5.325465525487E0));
#2014=CARTESIAN_POINT('',(1.942066830808E1,-3.812326309130E0,4.592362939089E0));
#2015=CARTESIAN_POINT('',(1.945805779844E1,-3.763379204970E0,3.854937834889E0));
#2016=CARTESIAN_POINT('',(1.949544459187E1,-3.571733222967E0,3.141465798795E0));
#2017=CARTESIAN_POINT('',(1.953284051097E1,-3.244861302235E0,2.479252882882E0));
#2018=CARTESIAN_POINT('',(1.957021349818E1,-2.795316415752E0,1.893682660372E0));
#2019=CARTESIAN_POINT('',(1.960755383902E1,-2.240424557804E0,1.407189060359E0));
#2020=CARTESIAN_POINT('',(1.964489731841E1,-1.601607523758E0,1.038294249280E0));
#2021=CARTESIAN_POINT('',(1.968221546216E1,-9.033785830019E-1,
8.011093867431E-1));
#2022=CARTESIAN_POINT('',(1.971953607968E1,-1.725846997867E-1,
7.045780804911E-1));
#2023=CARTESIAN_POINT('',(1.975683434946E1,5.627467370767E-1,
7.523532922743E-1));
#2024=CARTESIAN_POINT('',(1.979411213770E1,1.274396055016E0,9.424939354836E-1));
#2025=CARTESIAN_POINT('',(1.983137634316E1,1.935090099537E0,1.267588152645E0));
#2026=CARTESIAN_POINT('',(1.986863369978E1,2.519538251955E0,1.715061378735E0));
#2027=CARTESIAN_POINT('',(1.990587919169E1,3.005380304126E0,2.267678423654E0));
#2028=CARTESIAN_POINT('',(1.994310480415E1,3.374039901056E0,2.904178108439E0));
#2029=CARTESIAN_POINT('',(1.998033150997E1,3.611498183944E0,3.600075972745E0));
#2030=CARTESIAN_POINT('',(2.001752232725E1,3.708675683241E0,4.328664889358E0));
#2031=CARTESIAN_POINT('',(2.005469256906E1,3.661971222217E0,5.061953469731E0));
#2032=CARTESIAN_POINT('',(2.009186510431E1,3.473320405457E0,5.771824350889E0));
#2033=CARTESIAN_POINT('',(2.012905457031E1,3.150071552716E0,6.431103329183E0));
#2034=CARTESIAN_POINT('',(2.016620980190E1,2.704626930639E0,7.014509902922E0));
#2035=CARTESIAN_POINT('',(2.020333497220E1,2.154186062774E0,7.499703005048E0));
#2036=CARTESIAN_POINT('',(2.024048687085E1,1.519955445296E0,7.868225644615E0));
#2037=CARTESIAN_POINT('',(2.027752705632E1,8.262792881960E-1,8.105819467128E0));
#2038=CARTESIAN_POINT('',(2.031483107954E1,9.985258682390E-2,8.204026308871E0));
#2039=CARTESIAN_POINT('',(2.035175249728E1,-6.315170460421E-1,
8.158201907254E0));
#2040=CARTESIAN_POINT('',(2.038884801324E1,-1.339715036121E0,7.971039208251E0));
#2041=CARTESIAN_POINT('',(2.042591625289E1,-1.997629529045E0,7.649498667435E0));
#2042=CARTESIAN_POINT('',(2.046296549408E1,-2.580059032007E0,7.206022916505E0));
#2043=CARTESIAN_POINT('',(2.048765572776E1,-2.903134866431E0,6.840463179560E0));
#2044=CARTESIAN_POINT('',(2.05E1,-3.045312522921E0,6.643739230148E0));
#2046=DIRECTION('',(9.987092463515E-1,0.E0,5.079213769856E-2));
#2047=VECTOR('',#2046,1.377806590201E-1);
#2048=CARTESIAN_POINT('',(2.05E1,-3.9E0,4.4649E0));
#2049=LINE('',#2048,#2047);
#2050=CARTESIAN_POINT('',(2.063760281813E1,-3.9E0,4.471898174205E0));
#2051=CARTESIAN_POINT('',(2.063610450327E1,-3.9E0,4.501359050957E0));
#2052=CARTESIAN_POINT('',(2.063293944847E1,-3.9E0,4.557897231877E0));
#2053=CARTESIAN_POINT('',(2.062786816540E1,-3.9E0,4.635276948090E0));
#2054=CARTESIAN_POINT('',(2.062251668715E1,-3.9E0,4.706089700943E0));
#2055=CARTESIAN_POINT('',(2.061690549037E1,-3.9E0,4.770891750787E0));
#2056=CARTESIAN_POINT('',(2.061103016120E1,-3.9E0,4.830317671610E0));
#2057=CARTESIAN_POINT('',(2.060486559637E1,-3.9E0,4.885022826770E0));
#2058=CARTESIAN_POINT('',(2.059839146038E1,-3.9E0,4.935508708621E0));
#2059=CARTESIAN_POINT('',(2.059149309941E1,-3.9E0,4.982782673634E0));
#2060=CARTESIAN_POINT('',(2.058410905190E1,-3.9E0,5.027149298676E0));
#2061=CARTESIAN_POINT('',(2.057624317548E1,-3.9E0,5.068489942984E0));
#2062=CARTESIAN_POINT('',(2.056788991058E1,-3.9E0,5.106796685030E0));
#2063=CARTESIAN_POINT('',(2.055900933652E1,-3.9E0,5.142191656178E0));
#2064=CARTESIAN_POINT('',(2.054952499216E1,-3.9E0,5.174843683346E0));
#2065=CARTESIAN_POINT('',(2.053927628352E1,-3.9E0,5.204983094922E0));
#2066=CARTESIAN_POINT('',(2.052808704620E1,-3.9E0,5.232631004072E0));
#2067=CARTESIAN_POINT('',(2.051538901397E1,-3.9E0,5.258165652965E0));
#2068=CARTESIAN_POINT('',(2.050552873660E1,-3.9E0,5.273393735782E0));
#2069=CARTESIAN_POINT('',(2.05E1,-3.9E0,5.280372131021E0));
#2071=DIRECTION('',(-1.E0,0.E0,0.E0));
#2072=VECTOR('',#2071,5.E-1);
#2073=CARTESIAN_POINT('',(2.1E1,-3.9E0,8.E-1));
#2074=LINE('',#2073,#2072);
#2075=DIRECTION('',(-1.E0,0.E0,0.E0));
#2076=VECTOR('',#2075,5.E-1);
#2077=CARTESIAN_POINT('',(2.1E1,-3.9E0,8.2E0));
#2078=LINE('',#2077,#2076);
#2079=DIRECTION('',(0.E0,0.E0,-1.E0));
#2080=VECTOR('',#2079,7.4E0);
#2081=CARTESIAN_POINT('',(2.1E1,3.9E0,8.2E0));
#2082=LINE('',#2081,#2080);
#2083=DIRECTION('',(0.E0,-1.E0,0.E0));
#2084=VECTOR('',#2083,7.8E0);
#2085=CARTESIAN_POINT('',(2.1E1,3.9E0,8.E-1));
#2086=LINE('',#2085,#2084);
#2087=DIRECTION('',(0.E0,0.E0,1.E0));
#2088=VECTOR('',#2087,7.4E0);
#2089=CARTESIAN_POINT('',(2.1E1,-3.9E0,8.E-1));
#2090=LINE('',#2089,#2088);
#2091=DIRECTION('',(0.E0,1.E0,0.E0));
#2092=VECTOR('',#2091,7.8E0);
#2093=CARTESIAN_POINT('',(2.1E1,-3.9E0,8.2E0));
#2094=LINE('',#2093,#2092);
#2095=DIRECTION('',(-1.E0,0.E0,0.E0));
#2096=VECTOR('',#2095,5.E-1);
#2097=CARTESIAN_POINT('',(2.1E1,3.9E0,8.2E0));
#2098=LINE('',#2097,#2096);
#2099=DIRECTION('',(-1.E0,0.E0,0.E0));
#2100=VECTOR('',#2099,5.E-1);
#2101=CARTESIAN_POINT('',(2.1E1,3.9E0,8.E-1));
#2102=LINE('',#2101,#2100);
#2103=DIRECTION('',(0.E0,0.E0,-1.E0));
#2104=VECTOR('',#2103,5.E0);
#2105=CARTESIAN_POINT('',(2.1E1,2.5E0,7.E0));
#2106=LINE('',#2105,#2104);
#2107=DIRECTION('',(-1.E0,0.E0,0.E0));
#2108=VECTOR('',#2107,5.E-1);
#2109=CARTESIAN_POINT('',(2.15E1,2.5E0,7.E0));
#2110=LINE('',#2109,#2108);
#2111=DIRECTION('',(0.E0,-1.E0,0.E0));
#2112=VECTOR('',#2111,5.E0);
#2113=CARTESIAN_POINT('',(2.1E1,2.5E0,2.E0));
#2114=LINE('',#2113,#2112);
#2115=DIRECTION('',(-1.E0,0.E0,0.E0));
#2116=VECTOR('',#2115,5.E-1);
#2117=CARTESIAN_POINT('',(2.15E1,2.5E0,2.E0));
#2118=LINE('',#2117,#2116);
#2119=DIRECTION('',(0.E0,0.E0,1.E0));
#2120=VECTOR('',#2119,5.E0);
#2121=CARTESIAN_POINT('',(2.1E1,-2.5E0,2.E0));
#2122=LINE('',#2121,#2120);
#2123=DIRECTION('',(-1.E0,0.E0,0.E0));
#2124=VECTOR('',#2123,5.E-1);
#2125=CARTESIAN_POINT('',(2.15E1,-2.5E0,2.E0));
#2126=LINE('',#2125,#2124);
#2127=DIRECTION('',(0.E0,1.E0,0.E0));
#2128=VECTOR('',#2127,5.E0);
#2129=CARTESIAN_POINT('',(2.1E1,-2.5E0,7.E0));
#2130=LINE('',#2129,#2128);
#2131=DIRECTION('',(-1.E0,0.E0,0.E0));
#2132=VECTOR('',#2131,5.E-1);
#2133=CARTESIAN_POINT('',(2.15E1,-2.5E0,7.E0));
#2134=LINE('',#2133,#2132);
#2135=DIRECTION('',(0.E0,0.E0,-1.E0));
#2136=VECTOR('',#2135,5.E0);
#2137=CARTESIAN_POINT('',(2.15E1,2.5E0,7.E0));
#2138=LINE('',#2137,#2136);
#2139=DIRECTION('',(0.E0,-1.E0,0.E0));
#2140=VECTOR('',#2139,5.E0);
#2141=CARTESIAN_POINT('',(2.15E1,2.5E0,2.E0));
#2142=LINE('',#2141,#2140);
#2143=DIRECTION('',(0.E0,0.E0,1.E0));
#2144=VECTOR('',#2143,5.E0);
#2145=CARTESIAN_POINT('',(2.15E1,-2.5E0,2.E0));
#2146=LINE('',#2145,#2144);
#2147=DIRECTION('',(0.E0,1.E0,0.E0));
#2148=VECTOR('',#2147,5.E0);
#2149=CARTESIAN_POINT('',(2.15E1,-2.5E0,7.E0));
#2150=LINE('',#2149,#2148);
#2151=DIRECTION('',(0.E0,-1.E0,0.E0));
#2152=VECTOR('',#2151,3.3E0);
#2153=CARTESIAN_POINT('',(2.15E1,1.65E0,2.85E0));
#2154=LINE('',#2153,#2152);
#2155=DIRECTION('',(-1.E0,0.E0,0.E0));
#2156=VECTOR('',#2155,2.E0);
#2157=CARTESIAN_POINT('',(2.35E1,1.65E0,2.85E0));
#2158=LINE('',#2157,#2156);
#2159=DIRECTION('',(0.E0,0.E0,1.E0));
#2160=VECTOR('',#2159,3.3E0);
#2161=CARTESIAN_POINT('',(2.15E1,-1.65E0,2.85E0));
#2162=LINE('',#2161,#2160);
#2163=DIRECTION('',(-1.E0,0.E0,0.E0));
#2164=VECTOR('',#2163,2.E0);
#2165=CARTESIAN_POINT('',(2.35E1,-1.65E0,2.85E0));
#2166=LINE('',#2165,#2164);
#2167=DIRECTION('',(0.E0,1.E0,0.E0));
#2168=VECTOR('',#2167,3.3E0);
#2169=CARTESIAN_POINT('',(2.15E1,-1.65E0,6.15E0));
#2170=LINE('',#2169,#2168);
#2171=DIRECTION('',(-1.E0,0.E0,0.E0));
#2172=VECTOR('',#2171,2.E0);
#2173=CARTESIAN_POINT('',(2.35E1,-1.65E0,6.15E0));
#2174=LINE('',#2173,#2172);
#2175=DIRECTION('',(0.E0,0.E0,-1.E0));
#2176=VECTOR('',#2175,3.3E0);
#2177=CARTESIAN_POINT('',(2.15E1,1.65E0,6.15E0));
#2178=LINE('',#2177,#2176);
#2179=DIRECTION('',(-1.E0,0.E0,0.E0));
#2180=VECTOR('',#2179,2.E0);
#2181=CARTESIAN_POINT('',(2.35E1,1.65E0,6.15E0));
#2182=LINE('',#2181,#2180);
#2183=DIRECTION('',(0.E0,-1.E0,0.E0));
#2184=VECTOR('',#2183,3.3E0);
#2185=CARTESIAN_POINT('',(2.35E1,1.65E0,2.85E0));
#2186=LINE('',#2185,#2184);
#2187=DIRECTION('',(0.E0,0.E0,1.E0));
#2188=VECTOR('',#2187,3.3E0);
#2189=CARTESIAN_POINT('',(2.35E1,-1.65E0,2.85E0));
#2190=LINE('',#2189,#2188);
#2191=DIRECTION('',(0.E0,1.E0,0.E0));
#2192=VECTOR('',#2191,3.3E0);
#2193=CARTESIAN_POINT('',(2.35E1,-1.65E0,6.15E0));
#2194=LINE('',#2193,#2192);
#2195=DIRECTION('',(0.E0,0.E0,-1.E0));
#2196=VECTOR('',#2195,3.3E0);
#2197=CARTESIAN_POINT('',(2.35E1,1.65E0,6.15E0));
#2198=LINE('',#2197,#2196);
#2199=DIRECTION('',(0.E0,0.E0,-1.E0));
#2200=VECTOR('',#2199,2.5E0);
#2201=CARTESIAN_POINT('',(2.35E1,-1.25E0,5.75E0));
#2202=LINE('',#2201,#2200);
#2203=DIRECTION('',(-1.E0,0.E0,0.E0));
#2204=VECTOR('',#2203,1.E0);
#2205=CARTESIAN_POINT('',(2.45E1,-1.25E0,5.75E0));
#2206=LINE('',#2205,#2204);
#2207=DIRECTION('',(0.E0,-1.E0,0.E0));
#2208=VECTOR('',#2207,2.5E0);
#2209=CARTESIAN_POINT('',(2.35E1,1.25E0,5.75E0));
#2210=LINE('',#2209,#2208);
#2211=DIRECTION('',(-1.E0,0.E0,0.E0));
#2212=VECTOR('',#2211,1.E0);
#2213=CARTESIAN_POINT('',(2.45E1,1.25E0,5.75E0));
#2214=LINE('',#2213,#2212);
#2215=DIRECTION('',(0.E0,0.E0,1.E0));
#2216=VECTOR('',#2215,2.5E0);
#2217=CARTESIAN_POINT('',(2.35E1,1.25E0,3.25E0));
#2218=LINE('',#2217,#2216);
#2219=DIRECTION('',(-1.E0,0.E0,0.E0));
#2220=VECTOR('',#2219,1.E0);
#2221=CARTESIAN_POINT('',(2.45E1,1.25E0,3.25E0));
#2222=LINE('',#2221,#2220);
#2223=DIRECTION('',(0.E0,1.E0,0.E0));
#2224=VECTOR('',#2223,2.5E0);
#2225=CARTESIAN_POINT('',(2.35E1,-1.25E0,3.25E0));
#2226=LINE('',#2225,#2224);
#2227=DIRECTION('',(-1.E0,0.E0,0.E0));
#2228=VECTOR('',#2227,1.E0);
#2229=CARTESIAN_POINT('',(2.45E1,-1.25E0,3.25E0));
#2230=LINE('',#2229,#2228);
#2231=DIRECTION('',(0.E0,1.E0,0.E0));
#2232=VECTOR('',#2231,3.3E0);
#2233=CARTESIAN_POINT('',(2.45E1,-1.65E0,2.85E0));
#2234=LINE('',#2233,#2232);
#2235=DIRECTION('',(0.E0,0.E0,1.E0));
#2236=VECTOR('',#2235,3.3E0);
#2237=CARTESIAN_POINT('',(2.45E1,1.65E0,2.85E0));
#2238=LINE('',#2237,#2236);
#2239=DIRECTION('',(0.E0,-1.E0,0.E0));
#2240=VECTOR('',#2239,3.3E0);
#2241=CARTESIAN_POINT('',(2.45E1,1.65E0,6.15E0));
#2242=LINE('',#2241,#2240);
#2243=DIRECTION('',(0.E0,0.E0,-1.E0));
#2244=VECTOR('',#2243,3.3E0);
#2245=CARTESIAN_POINT('',(2.45E1,-1.65E0,6.15E0));
#2246=LINE('',#2245,#2244);
#2247=DIRECTION('',(0.E0,0.E0,-1.E0));
#2248=VECTOR('',#2247,2.5E0);
#2249=CARTESIAN_POINT('',(2.45E1,-1.25E0,5.75E0));
#2250=LINE('',#2249,#2248);
#2251=DIRECTION('',(0.E0,-1.E0,0.E0));
#2252=VECTOR('',#2251,2.5E0);
#2253=CARTESIAN_POINT('',(2.45E1,1.25E0,5.75E0));
#2254=LINE('',#2253,#2252);
#2255=DIRECTION('',(0.E0,0.E0,1.E0));
#2256=VECTOR('',#2255,2.5E0);
#2257=CARTESIAN_POINT('',(2.45E1,1.25E0,3.25E0));
#2258=LINE('',#2257,#2256);
#2259=DIRECTION('',(0.E0,1.E0,0.E0));
#2260=VECTOR('',#2259,2.5E0);
#2261=CARTESIAN_POINT('',(2.45E1,-1.25E0,3.25E0));
#2262=LINE('',#2261,#2260);
#2263=DIRECTION('',(-1.E0,0.E0,0.E0));
#2264=VECTOR('',#2263,2.25E0);
#2265=CARTESIAN_POINT('',(2.675E1,-1.65E0,2.85E0));
#2266=LINE('',#2265,#2264);
#2267=DIRECTION('',(-1.E0,0.E0,0.E0));
#2268=VECTOR('',#2267,6.E-1);
#2269=CARTESIAN_POINT('',(2.755E1,-1.25E0,2.85E0));
#2270=LINE('',#2269,#2268);
#2271=DIRECTION('',(-1.E0,0.E0,0.E0));
#2272=VECTOR('',#2271,2.25E0);
#2273=CARTESIAN_POINT('',(3.E1,-1.65E0,2.85E0));
#2274=LINE('',#2273,#2272);
#2275=DIRECTION('',(-1.E0,0.E0,0.E0));
#2276=VECTOR('',#2275,2.E-1);
#2277=CARTESIAN_POINT('',(3.E1,-1.E0,2.85E0));
#2278=LINE('',#2277,#2276);
#2279=DIRECTION('',(0.E0,-1.E0,0.E0));
#2280=VECTOR('',#2279,2.E0);
#2281=CARTESIAN_POINT('',(2.98E1,1.E0,2.85E0));
#2282=LINE('',#2281,#2280);
#2283=DIRECTION('',(-1.E0,0.E0,0.E0));
#2284=VECTOR('',#2283,2.E-1);
#2285=CARTESIAN_POINT('',(3.E1,1.E0,2.85E0));
#2286=LINE('',#2285,#2284);
#2287=DIRECTION('',(1.E0,0.E0,0.E0));
#2288=VECTOR('',#2287,6.E-1);
#2289=CARTESIAN_POINT('',(2.695E1,1.25E0,2.85E0));
#2290=LINE('',#2289,#2288);
#2291=DIRECTION('',(0.E0,0.E0,-1.E0));
#2292=VECTOR('',#2291,3.3E0);
#2293=CARTESIAN_POINT('',(2.775E1,-1.65E0,6.15E0));
#2294=LINE('',#2293,#2292);
#2295=DIRECTION('',(-1.E0,0.E0,0.E0));
#2296=VECTOR('',#2295,2.25E0);
#2297=CARTESIAN_POINT('',(3.E1,-1.65E0,6.15E0));
#2298=LINE('',#2297,#2296);
#2299=DIRECTION('',(0.E0,0.E0,-1.E0));
#2300=VECTOR('',#2299,3.3E0);
#2301=CARTESIAN_POINT('',(2.675E1,-1.65E0,6.15E0));
#2302=LINE('',#2301,#2300);
#2303=DIRECTION('',(-1.E0,0.E0,0.E0));
#2304=VECTOR('',#2303,2.25E0);
#2305=CARTESIAN_POINT('',(2.675E1,-1.65E0,6.15E0));
#2306=LINE('',#2305,#2304);
#2307=DIRECTION('',(4.472135955E-1,-8.944271909999E-1,0.E0));
#2308=VECTOR('',#2307,4.472135955E-1);
#2309=CARTESIAN_POINT('',(2.755E1,-1.25E0,6.15E0));
#2310=LINE('',#2309,#2308);
#2311=DIRECTION('',(-4.472135955E-1,8.944271909999E-1,0.E0));
#2312=VECTOR('',#2311,4.472135955E-1);
#2313=CARTESIAN_POINT('',(2.775E1,-1.65E0,2.85E0));
#2314=LINE('',#2313,#2312);
#2315=DIRECTION('',(0.E0,0.E0,-1.E0));
#2316=VECTOR('',#2315,3.3E0);
#2317=CARTESIAN_POINT('',(2.755E1,-1.25E0,6.15E0));
#2318=LINE('',#2317,#2316);
#2319=DIRECTION('',(0.E0,0.E0,-1.E0));
#2320=VECTOR('',#2319,3.3E0);
#2321=CARTESIAN_POINT('',(2.695E1,-1.25E0,6.15E0));
#2322=LINE('',#2321,#2320);
#2323=DIRECTION('',(4.472135955E-1,8.944271909999E-1,0.E0));
#2324=VECTOR('',#2323,4.472135955E-1);
#2325=CARTESIAN_POINT('',(2.675E1,-1.65E0,6.15E0));
#2326=LINE('',#2325,#2324);
#2327=DIRECTION('',(-4.472135955E-1,-8.944271909999E-1,0.E0));
#2328=VECTOR('',#2327,4.472135955E-1);
#2329=CARTESIAN_POINT('',(2.695E1,-1.25E0,2.85E0));
#2330=LINE('',#2329,#2328);
#2331=DIRECTION('',(-1.E0,0.E0,0.E0));
#2332=VECTOR('',#2331,6.E-1);
#2333=CARTESIAN_POINT('',(2.755E1,-1.25E0,6.15E0));
#2334=LINE('',#2333,#2332);
#2335=DIRECTION('',(-1.E0,0.E0,0.E0));
#2336=VECTOR('',#2335,2.25E0);
#2337=CARTESIAN_POINT('',(2.675E1,1.65E0,6.15E0));
#2338=LINE('',#2337,#2336);
#2339=DIRECTION('',(1.E0,0.E0,0.E0));
#2340=VECTOR('',#2339,6.E-1);
#2341=CARTESIAN_POINT('',(2.695E1,1.25E0,6.15E0));
#2342=LINE('',#2341,#2340);
#2343=DIRECTION('',(-1.E0,0.E0,0.E0));
#2344=VECTOR('',#2343,2.25E0);
#2345=CARTESIAN_POINT('',(3.E1,1.65E0,6.15E0));
#2346=LINE('',#2345,#2344);
#2347=DIRECTION('',(-1.E0,0.E0,0.E0));
#2348=VECTOR('',#2347,2.E-1);
#2349=CARTESIAN_POINT('',(3.E1,1.E0,6.15E0));
#2350=LINE('',#2349,#2348);
#2351=DIRECTION('',(0.E0,-1.E0,0.E0));
#2352=VECTOR('',#2351,2.E0);
#2353=CARTESIAN_POINT('',(2.98E1,1.E0,6.15E0));
#2354=LINE('',#2353,#2352);
#2355=DIRECTION('',(-1.E0,0.E0,0.E0));
#2356=VECTOR('',#2355,2.E-1);
#2357=CARTESIAN_POINT('',(3.E1,-1.E0,6.15E0));
#2358=LINE('',#2357,#2356);
#2359=DIRECTION('',(0.E0,0.E0,-1.E0));
#2360=VECTOR('',#2359,3.3E0);
#2361=CARTESIAN_POINT('',(2.775E1,1.65E0,6.15E0));
#2362=LINE('',#2361,#2360);
#2363=DIRECTION('',(-1.E0,0.E0,0.E0));
#2364=VECTOR('',#2363,2.25E0);
#2365=CARTESIAN_POINT('',(3.E1,1.65E0,2.85E0));
#2366=LINE('',#2365,#2364);
#2367=DIRECTION('',(0.E0,0.E0,-1.E0));
#2368=VECTOR('',#2367,3.3E0);
#2369=CARTESIAN_POINT('',(2.675E1,1.65E0,6.15E0));
#2370=LINE('',#2369,#2368);
#2371=DIRECTION('',(-1.E0,0.E0,0.E0));
#2372=VECTOR('',#2371,2.25E0);
#2373=CARTESIAN_POINT('',(2.675E1,1.65E0,2.85E0));
#2374=LINE('',#2373,#2372);
#2375=DIRECTION('',(-4.472135955E-1,-8.944271909999E-1,0.E0));
#2376=VECTOR('',#2375,4.472135955E-1);
#2377=CARTESIAN_POINT('',(2.775E1,1.65E0,6.15E0));
#2378=LINE('',#2377,#2376);
#2379=DIRECTION('',(4.472135955E-1,8.944271909999E-1,0.E0));
#2380=VECTOR('',#2379,4.472135955E-1);
#2381=CARTESIAN_POINT('',(2.755E1,1.25E0,2.85E0));
#2382=LINE('',#2381,#2380);
#2383=DIRECTION('',(0.E0,0.E0,-1.E0));
#2384=VECTOR('',#2383,3.3E0);
#2385=CARTESIAN_POINT('',(2.755E1,1.25E0,6.15E0));
#2386=LINE('',#2385,#2384);
#2387=DIRECTION('',(0.E0,0.E0,-1.E0));
#2388=VECTOR('',#2387,3.3E0);
#2389=CARTESIAN_POINT('',(2.695E1,1.25E0,6.15E0));
#2390=LINE('',#2389,#2388);
#2391=DIRECTION('',(-4.472135954999E-1,8.944271909999E-1,0.E0));
#2392=VECTOR('',#2391,4.472135955E-1);
#2393=CARTESIAN_POINT('',(2.695E1,1.25E0,6.15E0));
#2394=LINE('',#2393,#2392);
#2395=DIRECTION('',(4.472135955E-1,-8.944271909999E-1,0.E0));
#2396=VECTOR('',#2395,4.472135955E-1);
#2397=CARTESIAN_POINT('',(2.675E1,1.65E0,2.85E0));
#2398=LINE('',#2397,#2396);
#2399=DIRECTION('',(0.E0,0.E0,1.E0));
#2400=VECTOR('',#2399,3.3E0);
#2401=CARTESIAN_POINT('',(3.E1,1.E0,2.85E0));
#2402=LINE('',#2401,#2400);
#2403=DIRECTION('',(0.E0,-1.E0,0.E0));
#2404=VECTOR('',#2403,6.5E-1);
#2405=CARTESIAN_POINT('',(3.E1,1.65E0,6.15E0));
#2406=LINE('',#2405,#2404);
#2407=DIRECTION('',(0.E0,0.E0,1.E0));
#2408=VECTOR('',#2407,3.3E0);
#2409=CARTESIAN_POINT('',(3.E1,1.65E0,2.85E0));
#2410=LINE('',#2409,#2408);
#2411=DIRECTION('',(0.E0,1.E0,0.E0));
#2412=VECTOR('',#2411,6.5E-1);
#2413=CARTESIAN_POINT('',(3.E1,1.E0,2.85E0));
#2414=LINE('',#2413,#2412);
#2415=DIRECTION('',(0.E0,0.E0,1.E0));
#2416=VECTOR('',#2415,3.3E0);
#2417=CARTESIAN_POINT('',(3.E1,-1.E0,2.85E0));
#2418=LINE('',#2417,#2416);
#2419=DIRECTION('',(0.E0,1.E0,0.E0));
#2420=VECTOR('',#2419,6.5E-1);
#2421=CARTESIAN_POINT('',(3.E1,-1.65E0,2.85E0));
#2422=LINE('',#2421,#2420);
#2423=DIRECTION('',(0.E0,0.E0,-1.E0));
#2424=VECTOR('',#2423,3.3E0);
#2425=CARTESIAN_POINT('',(3.E1,-1.65E0,6.15E0));
#2426=LINE('',#2425,#2424);
#2427=DIRECTION('',(0.E0,-1.E0,0.E0));
#2428=VECTOR('',#2427,6.5E-1);
#2429=CARTESIAN_POINT('',(3.E1,-1.E0,6.15E0));
#2430=LINE('',#2429,#2428);
#2431=DIRECTION('',(0.E0,0.E0,-1.E0));
#2432=VECTOR('',#2431,3.3E0);
#2433=CARTESIAN_POINT('',(2.98E1,1.E0,6.15E0));
#2434=LINE('',#2433,#2432);
#2435=DIRECTION('',(0.E0,0.E0,-1.E0));
#2436=VECTOR('',#2435,3.3E0);
#2437=CARTESIAN_POINT('',(2.98E1,-1.E0,6.15E0));
#2438=LINE('',#2437,#2436);
#2439=CARTESIAN_POINT('',(1.2E1,-3.8407E0,4.4649E0));
#2440=DIRECTION('',(5.079213769856E-2,0.E0,-9.987092463515E-1));
#2441=DIRECTION('',(1.184237892934E-14,1.E0,0.E0));
#2442=AXIS2_PLACEMENT_3D('',#2439,#2440,#2441);
#2444=DIRECTION('',(-1.E0,0.E0,0.E0));
#2445=VECTOR('',#2444,1.278696146090E0);
#2446=CARTESIAN_POINT('',(5.159533726050E0,-3.3E0,1.278696146090E0));
#2447=LINE('',#2446,#2445);
#2448=DIRECTION('',(0.E0,0.E0,1.E0));
#2449=VECTOR('',#2448,1.278696146090E0);
#2450=CARTESIAN_POINT('',(5.159533726050E0,-3.3E0,0.E0));
#2451=LINE('',#2450,#2449);
#2452=DIRECTION('',(0.E0,0.E0,-1.E0));
#2453=VECTOR('',#2452,8.E-1);
#2454=CARTESIAN_POINT('',(6.3789E0,-3.3E0,0.E0));
#2455=LINE('',#2454,#2453);
#2456=DIRECTION('',(0.E0,0.E0,1.E0));
#2457=VECTOR('',#2456,2.078696146090E0);
#2458=CARTESIAN_POINT('',(3.880837579960E0,-4.2E0,-8.E-1));
#2459=LINE('',#2458,#2457);
#2460=DIRECTION('',(0.E0,1.E0,0.E0));
#2461=VECTOR('',#2460,9.E-1);
#2462=CARTESIAN_POINT('',(3.880837579960E0,-4.2E0,1.278696146090E0));
#2463=LINE('',#2462,#2461);
#2464=DIRECTION('',(0.E0,0.E0,-1.E0));
#2465=VECTOR('',#2464,2.078696146090E0);
#2466=CARTESIAN_POINT('',(3.880837579960E0,-3.3E0,1.278696146090E0));
#2467=LINE('',#2466,#2465);
#2468=DIRECTION('',(0.E0,1.E0,0.E0));
#2469=VECTOR('',#2468,9.E-1);
#2470=CARTESIAN_POINT('',(5.159533726050E0,-4.2E0,1.278696146090E0));
#2471=LINE('',#2470,#2469);
#2472=DIRECTION('',(1.E0,0.E0,0.E0));
#2473=VECTOR('',#2472,1.4848E0);
#2474=CARTESIAN_POINT('',(2.9435E0,2.35E0,-8.E-1));
#2475=LINE('',#2474,#2473);
#2476=DIRECTION('',(0.E0,-1.E0,0.E0));
#2477=VECTOR('',#2476,4.7E0);
#2478=CARTESIAN_POINT('',(4.4283E0,2.35E0,-8.E-1));
#2479=LINE('',#2478,#2477);
#2480=DIRECTION('',(1.E0,0.E0,0.E0));
#2481=VECTOR('',#2480,1.4848E0);
#2482=CARTESIAN_POINT('',(2.9435E0,-2.35E0,-8.E-1));
#2483=LINE('',#2482,#2481);
#2484=DIRECTION('',(-1.E0,0.E0,0.E0));
#2485=VECTOR('',#2484,9.373375799599E-1);
#2486=CARTESIAN_POINT('',(3.880837579960E0,-4.2E0,-8.E-1));
#2487=LINE('',#2486,#2485);
#2488=DIRECTION('',(0.E0,-1.E0,0.E0));
#2489=VECTOR('',#2488,9.E-1);
#2490=CARTESIAN_POINT('',(3.880837579960E0,-3.3E0,-8.E-1));
#2491=LINE('',#2490,#2489);
#2492=DIRECTION('',(-1.E0,0.E0,0.E0));
#2493=VECTOR('',#2492,2.498062420040E0);
#2494=CARTESIAN_POINT('',(6.3789E0,-3.3E0,-8.E-1));
#2495=LINE('',#2494,#2493);
#2496=DIRECTION('',(0.E0,-1.E0,0.E0));
#2497=VECTOR('',#2496,6.6E0);
#2498=CARTESIAN_POINT('',(6.3789E0,3.3E0,-8.E-1));
#2499=LINE('',#2498,#2497);
#2500=DIRECTION('',(1.E0,0.E0,0.E0));
#2501=VECTOR('',#2500,2.498062420040E0);
#2502=CARTESIAN_POINT('',(3.880837579960E0,3.3E0,-8.E-1));
#2503=LINE('',#2502,#2501);
#2504=DIRECTION('',(0.E0,-1.E0,0.E0));
#2505=VECTOR('',#2504,9.E-1);
#2506=CARTESIAN_POINT('',(3.880837579960E0,4.2E0,-8.E-1));
#2507=LINE('',#2506,#2505);
#2508=DIRECTION('',(1.E0,0.E0,0.E0));
#2509=VECTOR('',#2508,9.373375799599E-1);
#2510=CARTESIAN_POINT('',(2.9435E0,4.2E0,-8.E-1));
#2511=LINE('',#2510,#2509);
#2512=DIRECTION('',(4.472135955E-1,0.E0,-8.944271909999E-1));
#2513=VECTOR('',#2512,2.236067977500E0);
#2514=CARTESIAN_POINT('',(2.4283E0,2.35E0,0.E0));
#2515=LINE('',#2514,#2513);
#2516=DIRECTION('',(1.E0,0.E0,0.E0));
#2517=VECTOR('',#2516,1.E0);
#2518=CARTESIAN_POINT('',(3.4283E0,2.35E0,-2.E0));
#2519=LINE('',#2518,#2517);
#2520=DIRECTION('',(0.E0,0.E0,1.E0));
#2521=VECTOR('',#2520,1.2E0);
#2522=CARTESIAN_POINT('',(4.4283E0,2.35E0,-2.E0));
#2523=LINE('',#2522,#2521);
#2524=DIRECTION('',(0.E0,0.E0,1.E0));
#2525=VECTOR('',#2524,1.2E0);
#2526=CARTESIAN_POINT('',(4.4283E0,-2.35E0,-2.E0));
#2527=LINE('',#2526,#2525);
#2528=DIRECTION('',(1.E0,0.E0,0.E0));
#2529=VECTOR('',#2528,1.E0);
#2530=CARTESIAN_POINT('',(3.4283E0,-2.35E0,-2.E0));
#2531=LINE('',#2530,#2529);
#2532=DIRECTION('',(4.472135955E-1,0.E0,-8.944271909999E-1));
#2533=VECTOR('',#2532,2.236067977500E0);
#2534=CARTESIAN_POINT('',(2.4283E0,-2.35E0,0.E0));
#2535=LINE('',#2534,#2533);
#2536=DIRECTION('',(0.E0,0.E0,-1.E0));
#2537=VECTOR('',#2536,8.E-1);
#2538=CARTESIAN_POINT('',(2.9435E0,2.35E0,0.E0));
#2539=LINE('',#2538,#2537);
#2540=DIRECTION('',(0.E0,1.E0,0.E0));
#2541=VECTOR('',#2540,1.85E0);
#2542=CARTESIAN_POINT('',(2.9435E0,2.35E0,-8.E-1));
#2543=LINE('',#2542,#2541);
#2544=DIRECTION('',(0.E0,-1.E0,0.E0));
#2545=VECTOR('',#2544,1.85E0);
#2546=CARTESIAN_POINT('',(2.9435E0,4.2E0,0.E0));
#2547=LINE('',#2546,#2545);
#2548=DIRECTION('',(0.E0,0.E0,-1.E0));
#2549=VECTOR('',#2548,8.E-1);
#2550=CARTESIAN_POINT('',(2.9435E0,-2.35E0,0.E0));
#2551=LINE('',#2550,#2549);
#2552=DIRECTION('',(0.E0,-1.E0,0.E0));
#2553=VECTOR('',#2552,1.85E0);
#2554=CARTESIAN_POINT('',(2.9435E0,-2.35E0,0.E0));
#2555=LINE('',#2554,#2553);
#2556=DIRECTION('',(0.E0,0.E0,-1.E0));
#2557=VECTOR('',#2556,8.E-1);
#2558=CARTESIAN_POINT('',(2.9435E0,-4.2E0,0.E0));
#2559=LINE('',#2558,#2557);
#2560=DIRECTION('',(0.E0,1.E0,0.E0));
#2561=VECTOR('',#2560,1.85E0);
#2562=CARTESIAN_POINT('',(2.9435E0,-4.2E0,-8.E-1));
#2563=LINE('',#2562,#2561);
#2564=DIRECTION('',(0.E0,-1.E0,0.E0));
#2565=VECTOR('',#2564,4.7E0);
#2566=CARTESIAN_POINT('',(4.4283E0,2.35E0,-2.E0));
#2567=LINE('',#2566,#2565);
#2568=DIRECTION('',(0.E0,-1.E0,0.E0));
#2569=VECTOR('',#2568,4.7E0);
#2570=CARTESIAN_POINT('',(3.4283E0,2.35E0,-2.E0));
#2571=LINE('',#2570,#2569);
#2572=DIRECTION('',(0.E0,0.E0,-1.E0));
#2573=VECTOR('',#2572,8.E-1);
#2574=CARTESIAN_POINT('',(6.3789E0,3.3E0,0.E0));
#2575=LINE('',#2574,#2573);
#2576=DIRECTION('',(0.E0,0.E0,1.E0));
#2577=VECTOR('',#2576,2.078696146090E0);
#2578=CARTESIAN_POINT('',(3.880837579960E0,3.3E0,-8.E-1));
#2579=LINE('',#2578,#2577);
#2580=DIRECTION('',(0.E0,-1.E0,0.E0));
#2581=VECTOR('',#2580,9.E-1);
#2582=CARTESIAN_POINT('',(3.880837579960E0,4.2E0,1.278696146090E0));
#2583=LINE('',#2582,#2581);
#2584=DIRECTION('',(0.E0,0.E0,-1.E0));
#2585=VECTOR('',#2584,2.078696146090E0);
#2586=CARTESIAN_POINT('',(3.880837579960E0,4.2E0,1.278696146090E0));
#2587=LINE('',#2586,#2585);
#2588=DIRECTION('',(0.E0,0.E0,-1.E0));
#2589=VECTOR('',#2588,7.E0);
#2590=CARTESIAN_POINT('',(-1.2609E0,-3.4E0,7.E0));
#2591=LINE('',#2590,#2589);
#2592=DIRECTION('',(-1.E0,0.E0,0.E0));
#2593=VECTOR('',#2592,2.5E0);
#2594=CARTESIAN_POINT('',(1.2391E0,-3.4E0,7.E0));
#2595=LINE('',#2594,#2593);
#2596=DIRECTION('',(0.E0,0.E0,1.E0));
#2597=VECTOR('',#2596,7.E0);
#2598=CARTESIAN_POINT('',(1.2391E0,-3.4E0,0.E0));
#2599=LINE('',#2598,#2597);
#2600=DIRECTION('',(1.E0,0.E0,0.E0));
#2601=VECTOR('',#2600,2.2925E0);
#2602=CARTESIAN_POINT('',(-1.14625E0,-3.4E0,5.5358E0));
#2603=LINE('',#2602,#2601);
#2604=DIRECTION('',(0.E0,0.E0,1.E0));
#2605=VECTOR('',#2604,1.355E0);
#2606=CARTESIAN_POINT('',(1.14625E0,-3.4E0,5.5358E0));
#2607=LINE('',#2606,#2605);
#2608=DIRECTION('',(-1.E0,0.E0,0.E0));
#2609=VECTOR('',#2608,2.2925E0);
#2610=CARTESIAN_POINT('',(1.14625E0,-3.4E0,6.8908E0));
#2611=LINE('',#2610,#2609);
#2612=DIRECTION('',(0.E0,0.E0,-1.E0));
#2613=VECTOR('',#2612,1.355E0);
#2614=CARTESIAN_POINT('',(-1.14625E0,-3.4E0,6.8908E0));
#2615=LINE('',#2614,#2613);
#2616=DIRECTION('',(0.E0,1.E0,0.E0));
#2617=VECTOR('',#2616,8.E-1);
#2618=CARTESIAN_POINT('',(-1.2609E0,-4.2E0,7.E0));
#2619=LINE('',#2618,#2617);
#2620=DIRECTION('',(0.E0,1.E0,0.E0));
#2621=VECTOR('',#2620,8.E-1);
#2622=CARTESIAN_POINT('',(1.2391E0,-4.2E0,7.E0));
#2623=LINE('',#2622,#2621);
#2624=DIRECTION('',(0.E0,6.139406135149E-1,-7.893522173763E-1));
#2625=VECTOR('',#2624,1.140175425099E0);
#2626=CARTESIAN_POINT('',(1.14625E0,-4.1E0,6.4358E0));
#2627=LINE('',#2626,#2625);
#2628=DIRECTION('',(1.E0,0.E0,0.E0));
#2629=VECTOR('',#2628,2.2925E0);
#2630=CARTESIAN_POINT('',(-1.14625E0,-4.1E0,6.4358E0));
#2631=LINE('',#2630,#2629);
#2632=DIRECTION('',(0.E0,0.E0,-1.E0));
#2633=VECTOR('',#2632,4.55E-1);
#2634=CARTESIAN_POINT('',(-1.14625E0,-4.1E0,6.8908E0));
#2635=LINE('',#2634,#2633);
#2636=DIRECTION('',(-1.E0,0.E0,0.E0));
#2637=VECTOR('',#2636,2.2925E0);
#2638=CARTESIAN_POINT('',(1.14625E0,-4.1E0,6.8908E0));
#2639=LINE('',#2638,#2637);
#2640=DIRECTION('',(0.E0,0.E0,1.E0));
#2641=VECTOR('',#2640,4.55E-1);
#2642=CARTESIAN_POINT('',(1.14625E0,-4.1E0,6.4358E0));
#2643=LINE('',#2642,#2641);
#2644=DIRECTION('',(0.E0,-6.139406135149E-1,7.893522173763E-1));
#2645=VECTOR('',#2644,1.140175425099E0);
#2646=CARTESIAN_POINT('',(-1.14625E0,-3.4E0,5.5358E0));
#2647=LINE('',#2646,#2645);
#2648=DIRECTION('',(0.E0,-1.E0,0.E0));
#2649=VECTOR('',#2648,7.E-1);
#2650=CARTESIAN_POINT('',(-1.14625E0,-3.4E0,6.8908E0));
#2651=LINE('',#2650,#2649);
#2652=DIRECTION('',(0.E0,-1.E0,0.E0));
#2653=VECTOR('',#2652,7.E-1);
#2654=CARTESIAN_POINT('',(1.14625E0,-3.4E0,6.8908E0));
#2655=LINE('',#2654,#2653);
#2656=DIRECTION('',(0.E0,0.E0,-1.E0));
#2657=VECTOR('',#2656,8.7E0);
#2658=CARTESIAN_POINT('',(-1.2E1,-3.2E0,8.7E0));
#2659=LINE('',#2658,#2657);
#2660=DIRECTION('',(0.E0,0.E0,-1.E0));
#2661=VECTOR('',#2660,8.7E0);
#2662=CARTESIAN_POINT('',(-1.2E1,3.2E0,8.7E0));
#2663=LINE('',#2662,#2661);
#2664=DIRECTION('',(4.472135955E-1,0.E0,8.944271909999E-1));
#2665=VECTOR('',#2664,2.236067977500E0);
#2666=CARTESIAN_POINT('',(-1.1E1,-2.35E0,-2.E0));
#2667=LINE('',#2666,#2665);
#2668=DIRECTION('',(1.E0,0.E0,0.E0));
#2669=VECTOR('',#2668,1.E0);
#2670=CARTESIAN_POINT('',(-1.2E1,-2.35E0,-2.E0));
#2671=LINE('',#2670,#2669);
#2672=DIRECTION('',(0.E0,0.E0,-1.E0));
#2673=VECTOR('',#2672,2.E0);
#2674=CARTESIAN_POINT('',(-1.2E1,-2.35E0,0.E0));
#2675=LINE('',#2674,#2673);
#2676=DIRECTION('',(0.E0,-1.E0,0.E0));
#2677=VECTOR('',#2676,4.7E0);
#2678=CARTESIAN_POINT('',(-1.1E1,2.35E0,-2.E0));
#2679=LINE('',#2678,#2677);
#2680=DIRECTION('',(0.E0,0.E0,-1.E0));
#2681=VECTOR('',#2680,2.E0);
#2682=CARTESIAN_POINT('',(-1.2E1,2.35E0,0.E0));
#2683=LINE('',#2682,#2681);
#2684=DIRECTION('',(1.E0,0.E0,0.E0));
#2685=VECTOR('',#2684,1.E0);
#2686=CARTESIAN_POINT('',(-1.2E1,2.35E0,-2.E0));
#2687=LINE('',#2686,#2685);
#2688=DIRECTION('',(4.472135955E-1,0.E0,8.944271909999E-1));
#2689=VECTOR('',#2688,2.236067977500E0);
#2690=CARTESIAN_POINT('',(-1.1E1,2.35E0,-2.E0));
#2691=LINE('',#2690,#2689);
#2692=DIRECTION('',(0.E0,-1.E0,0.E0));
#2693=VECTOR('',#2692,4.7E0);
#2694=CARTESIAN_POINT('',(-1.2E1,2.35E0,-2.E0));
#2695=LINE('',#2694,#2693);
#2696=DIRECTION('',(0.E0,-1.E0,0.E0));
#2697=VECTOR('',#2696,8.E-1);
#2698=CARTESIAN_POINT('',(-1.2609E0,4.2E0,7.E0));
#2699=LINE('',#2698,#2697);
#2700=DIRECTION('',(0.E0,0.E0,-1.E0));
#2701=VECTOR('',#2700,7.E0);
#2702=CARTESIAN_POINT('',(-1.2609E0,3.4E0,7.E0));
#2703=LINE('',#2702,#2701);
#2704=DIRECTION('',(0.E0,0.E0,1.E0));
#2705=VECTOR('',#2704,7.E0);
#2706=CARTESIAN_POINT('',(1.2391E0,3.4E0,0.E0));
#2707=LINE('',#2706,#2705);
#2708=DIRECTION('',(-1.E0,0.E0,0.E0));
#2709=VECTOR('',#2708,2.5E0);
#2710=CARTESIAN_POINT('',(1.2391E0,3.4E0,7.E0));
#2711=LINE('',#2710,#2709);
#2712=DIRECTION('',(-1.E0,0.E0,0.E0));
#2713=VECTOR('',#2712,2.2925E0);
#2714=CARTESIAN_POINT('',(1.14625E0,3.4E0,5.5358E0));
#2715=LINE('',#2714,#2713);
#2716=DIRECTION('',(0.E0,0.E0,-1.E0));
#2717=VECTOR('',#2716,1.355E0);
#2718=CARTESIAN_POINT('',(-1.14625E0,3.4E0,6.8908E0));
#2719=LINE('',#2718,#2717);
#2720=DIRECTION('',(-1.E0,0.E0,0.E0));
#2721=VECTOR('',#2720,2.2925E0);
#2722=CARTESIAN_POINT('',(1.14625E0,3.4E0,6.8908E0));
#2723=LINE('',#2722,#2721);
#2724=DIRECTION('',(0.E0,0.E0,1.E0));
#2725=VECTOR('',#2724,1.355E0);
#2726=CARTESIAN_POINT('',(1.14625E0,3.4E0,5.5358E0));
#2727=LINE('',#2726,#2725);
#2728=DIRECTION('',(0.E0,-1.E0,0.E0));
#2729=VECTOR('',#2728,8.E-1);
#2730=CARTESIAN_POINT('',(1.2391E0,4.2E0,7.E0));
#2731=LINE('',#2730,#2729);
#2732=DIRECTION('',(0.E0,-6.139406135149E-1,-7.893522173763E-1));
#2733=VECTOR('',#2732,1.140175425099E0);
#2734=CARTESIAN_POINT('',(-1.14625E0,4.1E0,6.4358E0));
#2735=LINE('',#2734,#2733);
#2736=DIRECTION('',(0.E0,1.E0,0.E0));
#2737=VECTOR('',#2736,7.E-1);
#2738=CARTESIAN_POINT('',(-1.14625E0,3.4E0,6.8908E0));
#2739=LINE('',#2738,#2737);
#2740=DIRECTION('',(-1.E0,0.E0,0.E0));
#2741=VECTOR('',#2740,2.2925E0);
#2742=CARTESIAN_POINT('',(1.14625E0,4.1E0,6.4358E0));
#2743=LINE('',#2742,#2741);
#2744=DIRECTION('',(0.E0,0.E0,1.E0));
#2745=VECTOR('',#2744,4.55E-1);
#2746=CARTESIAN_POINT('',(1.14625E0,4.1E0,6.4358E0));
#2747=LINE('',#2746,#2745);
#2748=DIRECTION('',(-1.E0,0.E0,0.E0));
#2749=VECTOR('',#2748,2.2925E0);
#2750=CARTESIAN_POINT('',(1.14625E0,4.1E0,6.8908E0));
#2751=LINE('',#2750,#2749);
#2752=DIRECTION('',(0.E0,0.E0,-1.E0));
#2753=VECTOR('',#2752,4.55E-1);
#2754=CARTESIAN_POINT('',(-1.14625E0,4.1E0,6.8908E0));
#2755=LINE('',#2754,#2753);
#2756=DIRECTION('',(0.E0,6.139406135149E-1,7.893522173763E-1));
#2757=VECTOR('',#2756,1.140175425099E0);
#2758=CARTESIAN_POINT('',(1.14625E0,3.4E0,5.5358E0));
#2759=LINE('',#2758,#2757);
#2760=DIRECTION('',(0.E0,1.E0,0.E0));
#2761=VECTOR('',#2760,7.E-1);
#2762=CARTESIAN_POINT('',(1.14625E0,3.4E0,6.8908E0));
#2763=LINE('',#2762,#2761);
#2764=DIRECTION('',(0.E0,0.E0,-1.E0));
#2765=VECTOR('',#2764,2.E-2);
#2766=CARTESIAN_POINT('',(-4.3973E0,-5.264E-1,0.E0));
#2767=LINE('',#2766,#2765);
#2768=DIRECTION('',(0.E0,0.E0,-1.E0));
#2769=VECTOR('',#2768,2.E-2);
#2770=CARTESIAN_POINT('',(-4.2517375E0,-5.264E-1,0.E0));
#2771=LINE('',#2770,#2769);
#2772=DIRECTION('',(0.E0,0.E0,-1.E0));
#2773=VECTOR('',#2772,2.E-2);
#2774=CARTESIAN_POINT('',(-4.2517375E0,4.894404259011E-1,0.E0));
#2775=LINE('',#2774,#2773);
#2776=DIRECTION('',(0.E0,0.E0,-1.E0));
#2777=VECTOR('',#2776,2.E-2);
#2778=CARTESIAN_POINT('',(-3.523925E0,4.894404259011E-1,0.E0));
#2779=LINE('',#2778,#2777);
#2780=DIRECTION('',(0.E0,0.E0,-1.E0));
#2781=VECTOR('',#2780,2.E-2);
#2782=CARTESIAN_POINT('',(-3.523925E0,6.381E-1,0.E0));
#2783=LINE('',#2782,#2781);
#2784=DIRECTION('',(0.E0,0.E0,-1.E0));
#2785=VECTOR('',#2784,2.E-2);
#2786=CARTESIAN_POINT('',(-4.3973E0,6.381E-1,0.E0));
#2787=LINE('',#2786,#2785);
#2788=DIRECTION('',(0.E0,1.E0,0.E0));
#2789=VECTOR('',#2788,1.1645E0);
#2790=CARTESIAN_POINT('',(-4.3973E0,-5.264E-1,-2.E-2));
#2791=LINE('',#2790,#2789);
#2792=DIRECTION('',(-1.E0,0.E0,0.E0));
#2793=VECTOR('',#2792,1.455625E-1);
#2794=CARTESIAN_POINT('',(-4.2517375E0,-5.264E-1,-2.E-2));
#2795=LINE('',#2794,#2793);
#2796=DIRECTION('',(0.E0,-1.E0,0.E0));
#2797=VECTOR('',#2796,1.015840425901E0);
#2798=CARTESIAN_POINT('',(-4.2517375E0,4.894404259011E-1,-2.E-2));
#2799=LINE('',#2798,#2797);
#2800=DIRECTION('',(-1.E0,0.E0,0.E0));
#2801=VECTOR('',#2800,7.278125E-1);
#2802=CARTESIAN_POINT('',(-3.523925E0,4.894404259011E-1,-2.E-2));
#2803=LINE('',#2802,#2801);
#2804=DIRECTION('',(0.E0,-1.E0,0.E0));
#2805=VECTOR('',#2804,1.486595740989E-1);
#2806=CARTESIAN_POINT('',(-3.523925E0,6.381E-1,-2.E-2));
#2807=LINE('',#2806,#2805);
#2808=DIRECTION('',(1.E0,0.E0,0.E0));
#2809=VECTOR('',#2808,8.73375E-1);
#2810=CARTESIAN_POINT('',(-4.3973E0,6.381E-1,-2.E-2));
#2811=LINE('',#2810,#2809);
#2812=DIRECTION('',(-1.E0,0.E0,0.E0));
#2813=VECTOR('',#2812,1.455625E-1);
#2814=CARTESIAN_POINT('',(-2.383685462940E0,3.407808518022E-1,-2.E-2));
#2815=LINE('',#2814,#2813);
#2816=DIRECTION('',(1.921821214477E-1,-9.813592778366E-1,0.E0));
#2817=VECTOR('',#2816,1.262361136290E-1);
#2818=CARTESIAN_POINT('',(-2.407945787060E0,4.646638331100E-1,-2.E-2));
#2819=LINE('',#2818,#2817);
#2820=DIRECTION('',(6.996249742329E-1,-7.145102486526E-1,0.E0));
#2821=VECTOR('',#2820,1.387053300179E-1);
#2822=CARTESIAN_POINT('',(-2.5049875E0,5.637702129506E-1,-2.E-2));
#2823=LINE('',#2822,#2821);
#2824=DIRECTION('',(8.906053505096E-1,-4.547769889117E-1,0.E0));
#2825=VECTOR('',#2824,1.089615202561E-1);
#2826=CARTESIAN_POINT('',(-2.602029212940E0,6.133234050399E-1,-2.E-2));
#2827=LINE('',#2826,#2825);
#2828=DIRECTION('',(9.797706908745E-1,-2.001234451615E-1,0.E0));
#2829=VECTOR('',#2828,1.238065581978E-1);
#2830=CARTESIAN_POINT('',(-2.72333125E0,6.381E-1,-2.E-2));
#2831=LINE('',#2830,#2829);
#2832=DIRECTION('',(1.E0,0.E0,0.E0));
#2833=VECTOR('',#2832,2.1834375E-1);
#2834=CARTESIAN_POINT('',(-2.941675E0,6.381E-1,-2.E-2));
#2835=LINE('',#2834,#2833);
#2836=DIRECTION('',(9.797706908745E-1,2.001234451615E-1,0.E0));
#2837=VECTOR('',#2836,1.238065581978E-1);
#2838=CARTESIAN_POINT('',(-3.062977037060E0,6.133234050399E-1,-2.E-2));
#2839=LINE('',#2838,#2837);
#2840=DIRECTION('',(8.906053505096E-1,4.547769889117E-1,0.E0));
#2841=VECTOR('',#2840,1.089615202561E-1);
#2842=CARTESIAN_POINT('',(-3.16001875E0,5.637702129506E-1,-2.E-2));
#2843=LINE('',#2842,#2841);
#2844=DIRECTION('',(6.996247187608E-1,7.145104988024E-1,0.E0));
#2845=VECTOR('',#2844,1.387052814572E-1);
#2846=CARTESIAN_POINT('',(-3.257060393530E0,4.646638331100E-1,-2.E-2));
#2847=LINE('',#2846,#2845);
#2848=DIRECTION('',(4.397136028534E-1,8.981380447713E-1,0.E0));
#2849=VECTOR('',#2848,1.103464986187E-1);
#2850=CARTESIAN_POINT('',(-3.30558125E0,3.655574445933E-1,-2.E-2));
#2851=LINE('',#2850,#2849);
#2852=DIRECTION('',(1.921826769044E-1,9.813591690599E-1,0.E0));
#2853=VECTOR('',#2852,1.262361099393E-1);
#2854=CARTESIAN_POINT('',(-3.329841643530E0,2.416744806379E-1,-2.E-2));
#2855=LINE('',#2854,#2853);
#2856=DIRECTION('',(0.E0,1.E0,0.E0));
#2857=VECTOR('',#2856,3.716489265710E-1);
#2858=CARTESIAN_POINT('',(-3.329841643530E0,-1.299744459331E-1,-2.E-2));
#2859=LINE('',#2858,#2857);
#2860=DIRECTION('',(-1.921825732045E-1,9.813591893677E-1,0.E0));
#2861=VECTOR('',#2860,1.262361780551E-1);
#2862=CARTESIAN_POINT('',(-3.30558125E0,-2.538574792981E-1,-2.E-2));
#2863=LINE('',#2862,#2861);
#2864=DIRECTION('',(-4.397136649566E-1,8.981380143666E-1,0.E0));
#2865=VECTOR('',#2864,1.103464830338E-1);
#2866=CARTESIAN_POINT('',(-3.257060393530E0,-3.529638504624E-1,-2.E-2));
#2867=LINE('',#2866,#2865);
#2868=DIRECTION('',(-6.996247500295E-1,7.145104681851E-1,0.E0));
#2869=VECTOR('',#2868,1.387052752580E-1);
#2870=CARTESIAN_POINT('',(-3.16001875E0,-4.520702216268E-1,-2.E-2));
#2871=LINE('',#2870,#2869);
#2872=DIRECTION('',(-8.906053746977E-1,4.547769415434E-1,0.E0));
#2873=VECTOR('',#2872,1.089615172968E-1);
#2874=CARTESIAN_POINT('',(-3.062977037060E0,-5.016234072089E-1,-2.E-2));
#2875=LINE('',#2874,#2873);
#2876=DIRECTION('',(-9.797706943097E-1,2.001234283435E-1,0.E0));
#2877=VECTOR('',#2876,1.238065577637E-1);
#2878=CARTESIAN_POINT('',(-2.941675E0,-5.264E-1,-2.E-2));
#2879=LINE('',#2878,#2877);
#2880=DIRECTION('',(-1.E0,0.E0,0.E0));
#2881=VECTOR('',#2880,2.1834375E-1);
#2882=CARTESIAN_POINT('',(-2.72333125E0,-5.264E-1,-2.E-2));
#2883=LINE('',#2882,#2881);
#2884=DIRECTION('',(-9.797706943097E-1,-2.001234283435E-1,0.E0));
#2885=VECTOR('',#2884,1.238065577637E-1);
#2886=CARTESIAN_POINT('',(-2.602029212940E0,-5.016234072089E-1,-2.E-2));
#2887=LINE('',#2886,#2885);
#2888=DIRECTION('',(-8.906053746977E-1,-4.547769415434E-1,0.E0));
#2889=VECTOR('',#2888,1.089615172968E-1);
#2890=CARTESIAN_POINT('',(-2.5049875E0,-4.520702216268E-1,-2.E-2));
#2891=LINE('',#2890,#2889);
#2892=DIRECTION('',(-6.996250055017E-1,-7.145102180353E-1,0.E0));
#2893=VECTOR('',#2892,1.387053238187E-1);
#2894=CARTESIAN_POINT('',(-2.407945787060E0,-3.529638504624E-1,-2.E-2));
#2895=LINE('',#2894,#2893);
#2896=DIRECTION('',(-1.921820436730E-1,-9.813592930674E-1,0.E0));
#2897=VECTOR('',#2896,1.262361647158E-1);
#2898=CARTESIAN_POINT('',(-2.383685462940E0,-2.290808170974E-1,-2.E-2));
#2899=LINE('',#2898,#2897);
#2900=DIRECTION('',(1.E0,0.E0,0.E0));
#2901=VECTOR('',#2900,1.455625E-1);
#2902=CARTESIAN_POINT('',(-2.529247962940E0,-2.290808170974E-1,-2.E-2));
#2903=LINE('',#2902,#2901);
#2904=DIRECTION('',(3.102787334496E-1,9.506456267027E-1,0.E0));
#2905=VECTOR('',#2904,7.818880736943E-2);
#2906=CARTESIAN_POINT('',(-2.553508287060E0,-3.034106648803E-1,-2.E-2));
#2907=LINE('',#2906,#2905);
#2908=DIRECTION('',(8.265992787996E-1,5.627909312417E-1,0.E0));
#2909=VECTOR('',#2908,8.804901221991E-2);
#2910=CARTESIAN_POINT('',(-2.626289537060E0,-3.529638504624E-1,-2.E-2));
#2911=LINE('',#2910,#2909);
#2912=DIRECTION('',(9.689177459678E-1,2.473831068378E-1,0.E0));
#2913=VECTOR('',#2912,1.001547482679E-1);
#2914=CARTESIAN_POINT('',(-2.72333125E0,-3.777404432535E-1,-2.E-2));
#2915=LINE('',#2914,#2913);
#2916=DIRECTION('',(1.E0,0.E0,0.E0));
#2917=VECTOR('',#2916,2.1834375E-1);
#2918=CARTESIAN_POINT('',(-2.941675E0,-3.777404432535E-1,-2.E-2));
#2919=LINE('',#2918,#2917);
#2920=DIRECTION('',(9.689177459678E-1,-2.473831068378E-1,0.E0));
#2921=VECTOR('',#2920,1.001547482679E-1);
#2922=CARTESIAN_POINT('',(-3.038716712940E0,-3.529638504624E-1,-2.E-2));
#2923=LINE('',#2922,#2921);
#2924=DIRECTION('',(8.265992787996E-1,-5.627909312417E-1,0.E0));
#2925=VECTOR('',#2924,8.804901221991E-2);
#2926=CARTESIAN_POINT('',(-3.111497962940E0,-3.034106648803E-1,-2.E-2));
#2927=LINE('',#2926,#2925);
#2928=DIRECTION('',(5.466218231676E-1,-8.373795927994E-1,0.E0));
#2929=VECTOR('',#2928,8.876481875365E-2);
#2930=CARTESIAN_POINT('',(-3.16001875E0,-2.290808170974E-1,-2.E-2));
#2931=LINE('',#2930,#2929);
#2932=DIRECTION('',(2.377717803411E-1,-9.713210491251E-1,0.E0));
#2933=VECTOR('',#2932,1.020325578794E-1);
#2934=CARTESIAN_POINT('',(-3.184279212940E0,-1.299744459331E-1,-2.E-2));
#2935=LINE('',#2934,#2933);
#2936=DIRECTION('',(0.E0,-1.E0,0.E0));
#2937=VECTOR('',#2936,3.716489265710E-1);
#2938=CARTESIAN_POINT('',(-3.184279212940E0,2.416744806379E-1,-2.E-2));
#2939=LINE('',#2938,#2937);
#2940=DIRECTION('',(-2.377717803411E-1,-9.713210491251E-1,0.E0));
#2941=VECTOR('',#2940,1.020325578794E-1);
#2942=CARTESIAN_POINT('',(-3.16001875E0,3.407808518022E-1,-2.E-2));
#2943=LINE('',#2942,#2941);
#2944=DIRECTION('',(-5.466221810895E-1,-8.373793591563E-1,0.E0));
#2945=VECTOR('',#2944,8.876476063147E-2);
#2946=CARTESIAN_POINT('',(-3.111497962940E0,4.151106301755E-1,-2.E-2));
#2947=LINE('',#2946,#2945);
#2948=DIRECTION('',(-8.265991871191E-1,-5.627910658975E-1,0.E0));
#2949=VECTOR('',#2948,8.804902198569E-2);
#2950=CARTESIAN_POINT('',(-3.038716712940E0,4.646638331100E-1,-2.E-2));
#2951=LINE('',#2950,#2949);
#2952=DIRECTION('',(-9.689177459678E-1,-2.473831068378E-1,0.E0));
#2953=VECTOR('',#2952,1.001547482679E-1);
#2954=CARTESIAN_POINT('',(-2.941675E0,4.894404259011E-1,-2.E-2));
#2955=LINE('',#2954,#2953);
#2956=DIRECTION('',(-1.E0,0.E0,0.E0));
#2957=VECTOR('',#2956,2.1834375E-1);
#2958=CARTESIAN_POINT('',(-2.72333125E0,4.894404259011E-1,-2.E-2));
#2959=LINE('',#2958,#2957);
#2960=DIRECTION('',(-9.689177459678E-1,2.473831068378E-1,0.E0));
#2961=VECTOR('',#2960,1.001547482679E-1);
#2962=CARTESIAN_POINT('',(-2.626289537060E0,4.646638331100E-1,-2.E-2));
#2963=LINE('',#2962,#2961);
#2964=DIRECTION('',(-8.265991871191E-1,5.627910658975E-1,0.E0));
#2965=VECTOR('',#2964,8.804902198569E-2);
#2966=CARTESIAN_POINT('',(-2.553508287060E0,4.151106301755E-1,-2.E-2));
#2967=LINE('',#2966,#2965);
#2968=DIRECTION('',(-3.102789952956E-1,9.506455412394E-1,0.E0));
#2969=VECTOR('',#2968,7.818874138550E-2);
#2970=CARTESIAN_POINT('',(-2.529247962940E0,3.407808518022E-1,-2.E-2));
#2971=LINE('',#2970,#2969);
#2972=DIRECTION('',(-1.E0,0.E0,0.E0));
#2973=VECTOR('',#2972,7.278125E-1);
#2974=CARTESIAN_POINT('',(-1.316227175879E0,4.894404259011E-1,-2.E-2));
#2975=LINE('',#2974,#2973);
#2976=DIRECTION('',(0.E0,-1.E0,0.E0));
#2977=VECTOR('',#2976,1.486595740989E-1);
#2978=CARTESIAN_POINT('',(-1.316227175879E0,6.381E-1,-2.E-2));
#2979=LINE('',#2978,#2977);
#2980=DIRECTION('',(1.E0,0.E0,0.E0));
#2981=VECTOR('',#2980,8.733748611808E-1);
#2982=CARTESIAN_POINT('',(-2.189602037060E0,6.381E-1,-2.E-2));
#2983=LINE('',#2982,#2981);
#2984=DIRECTION('',(0.E0,1.E0,0.E0));
#2985=VECTOR('',#2984,1.1645E0);
#2986=CARTESIAN_POINT('',(-2.189602037060E0,-5.264E-1,-2.E-2));
#2987=LINE('',#2986,#2985);
#2988=DIRECTION('',(-1.E0,0.E0,0.E0));
#2989=VECTOR('',#2988,8.733748611808E-1);
#2990=CARTESIAN_POINT('',(-1.316227175879E0,-5.264E-1,-2.E-2));
#2991=LINE('',#2990,#2989);
#2992=DIRECTION('',(0.E0,-1.E0,0.E0));
#2993=VECTOR('',#2992,1.486595567465E-1);
#2994=CARTESIAN_POINT('',(-1.316227175879E0,-3.777404432535E-1,-2.E-2));
#2995=LINE('',#2994,#2993);
#2996=DIRECTION('',(1.E0,0.E0,0.E0));
#2997=VECTOR('',#2996,7.278125E-1);
#2998=CARTESIAN_POINT('',(-2.044039675879E0,-3.777404432535E-1,-2.E-2));
#2999=LINE('',#2998,#2997);
#3000=DIRECTION('',(0.E0,-1.E0,0.E0));
#3001=VECTOR('',#3000,3.220957756937E-1);
#3002=CARTESIAN_POINT('',(-2.044039675879E0,-5.564466755986E-2,-2.E-2));
#3003=LINE('',#3002,#3001);
#3004=DIRECTION('',(-1.E0,0.E0,0.E0));
#3005=VECTOR('',#3004,6.307709258795E-1);
#3006=CARTESIAN_POINT('',(-1.41326875E0,-5.564466755986E-2,-2.E-2));
#3007=LINE('',#3006,#3005);
#3008=DIRECTION('',(0.E0,-1.E0,0.E0));
#3009=VECTOR('',#3008,1.486595567465E-1);
#3010=CARTESIAN_POINT('',(-1.41326875E0,9.301488918662E-2,-2.E-2));
#3011=LINE('',#3010,#3009);
#3012=DIRECTION('',(1.E0,0.E0,0.E0));
#3013=VECTOR('',#3012,6.307709258795E-1);
#3014=CARTESIAN_POINT('',(-2.044039675879E0,9.301488918662E-2,-2.E-2));
#3015=LINE('',#3014,#3013);
#3016=DIRECTION('',(0.E0,-1.E0,0.E0));
#3017=VECTOR('',#3016,3.964255367145E-1);
#3018=CARTESIAN_POINT('',(-2.044039675879E0,4.894404259011E-1,-2.E-2));
#3019=LINE('',#3018,#3017);
#3020=DIRECTION('',(-1.E0,0.E0,0.E0));
#3021=VECTOR('',#3020,5.8225E-1);
#3022=CARTESIAN_POINT('',(-5.3989375E-1,-5.264E-1,-2.E-2));
#3023=LINE('',#3022,#3021);
#3024=DIRECTION('',(-9.797707392153E-1,-2.001232084928E-1,0.E0));
#3025=VECTOR('',#3024,1.238066937747E-1);
#3026=CARTESIAN_POINT('',(-4.185915741205E-1,-5.016234072089E-1,-2.E-2));
#3027=LINE('',#3026,#3025);
#3028=DIRECTION('',(-8.906051112017E-1,-4.547774575564E-1,0.E0));
#3029=VECTOR('',#3028,1.089613936637E-1);
#3030=CARTESIAN_POINT('',(-3.2155E-1,-4.520702216268E-1,-2.E-2));
#3031=LINE('',#3030,#3029);
#3032=DIRECTION('',(-6.996244945571E-1,-7.145107183351E-1,0.E0));
#3033=VECTOR('',#3032,1.387052266973E-1);
#3034=CARTESIAN_POINT('',(-2.245084258795E-1,-3.529638504624E-1,-2.E-2));
#3035=LINE('',#3034,#3033);
#3036=DIRECTION('',(-4.397141723527E-1,-8.981377659536E-1,0.E0));
#3037=VECTOR('',#3036,1.103465135542E-1);
#3038=CARTESIAN_POINT('',(-1.759875E-1,-2.538574792981E-1,-2.E-2));
#3039=LINE('',#3038,#3037);
#3040=DIRECTION('',(-1.921820436730E-1,-9.813592930674E-1,0.E0));
#3041=VECTOR('',#3040,1.262361647158E-1);
#3042=CARTESIAN_POINT('',(-1.517271758795E-1,-1.299744459331E-1,-2.E-2));
#3043=LINE('',#3042,#3041);
#3044=DIRECTION('',(0.E0,-1.E0,0.E0));
#3045=VECTOR('',#3044,3.716489265710E-1);
#3046=CARTESIAN_POINT('',(-1.517271758795E-1,2.416744806379E-1,-2.E-2));
#3047=LINE('',#3046,#3045);
#3048=DIRECTION('',(1.921821473726E-1,-9.813592727596E-1,0.E0));
#3049=VECTOR('',#3048,1.262360966E-1);
#3050=CARTESIAN_POINT('',(-1.759875E-1,3.655574445933E-1,-2.E-2));
#3051=LINE('',#3050,#3049);
#3052=DIRECTION('',(4.397141102494E-1,-8.981377963584E-1,0.E0));
#3053=VECTOR('',#3052,1.103465291390E-1);
#3054=CARTESIAN_POINT('',(-2.245084258795E-1,4.646638331100E-1,-2.E-2));
#3055=LINE('',#3054,#3053);
#3056=DIRECTION('',(6.996244632883E-1,-7.145107489524E-1,0.E0));
#3057=VECTOR('',#3056,1.387052328965E-1);
#3058=CARTESIAN_POINT('',(-3.2155E-1,5.637702129506E-1,-2.E-2));
#3059=LINE('',#3058,#3057);
#3060=DIRECTION('',(8.906050870136E-1,-4.547775049247E-1,0.E0));
#3061=VECTOR('',#3060,1.089613966230E-1);
#3062=CARTESIAN_POINT('',(-4.185915741205E-1,6.133234050399E-1,-2.E-2));
#3063=LINE('',#3062,#3061);
#3064=DIRECTION('',(9.797707357802E-1,-2.001232253108E-1,0.E0));
#3065=VECTOR('',#3064,1.238066942088E-1);
#3066=CARTESIAN_POINT('',(-5.3989375E-1,6.381E-1,-2.E-2));
#3067=LINE('',#3066,#3065);
#3068=DIRECTION('',(1.E0,0.E0,0.E0));
#3069=VECTOR('',#3068,5.8225E-1);
#3070=CARTESIAN_POINT('',(-1.12214375E0,6.381E-1,-2.E-2));
#3071=LINE('',#3070,#3069);
#3072=DIRECTION('',(0.E0,1.E0,0.E0));
#3073=VECTOR('',#3072,1.1645E0);
#3074=CARTESIAN_POINT('',(-1.12214375E0,-5.264E-1,-2.E-2));
#3075=LINE('',#3074,#3073);
#3076=DIRECTION('',(1.E0,0.E0,0.E0));
#3077=VECTOR('',#3076,4.366875E-1);
#3078=CARTESIAN_POINT('',(-9.7658125E-1,-3.777404432535E-1,-2.E-2));
#3079=LINE('',#3078,#3077);
#3080=DIRECTION('',(0.E0,-1.E0,0.E0));
#3081=VECTOR('',#3080,8.671808691546E-1);
#3082=CARTESIAN_POINT('',(-9.7658125E-1,4.894404259011E-1,-2.E-2));
#3083=LINE('',#3082,#3081);
#3084=DIRECTION('',(-1.E0,0.E0,0.E0));
#3085=VECTOR('',#3084,4.366875E-1);
#3086=CARTESIAN_POINT('',(-5.3989375E-1,4.894404259011E-1,-2.E-2));
#3087=LINE('',#3086,#3085);
#3088=DIRECTION('',(-9.689176611437E-1,2.473834390653E-1,0.E0));
#3089=VECTOR('',#3088,1.001546137635E-1);
#3090=CARTESIAN_POINT('',(-4.428521758795E-1,4.646638331100E-1,-2.E-2));
#3091=LINE('',#3090,#3089);
#3092=DIRECTION('',(-8.265991871191E-1,5.627910658976E-1,0.E0));
#3093=VECTOR('',#3092,8.804902198569E-2);
#3094=CARTESIAN_POINT('',(-3.700709258795E-1,4.151106301755E-1,-2.E-2));
#3095=LINE('',#3094,#3093);
#3096=DIRECTION('',(-5.466232777014E-1,8.373786433120E-1,0.E0));
#3097=VECTOR('',#3096,8.876483651321E-2);
#3098=CARTESIAN_POINT('',(-3.2155E-1,3.407808518022E-1,-2.E-2));
#3099=LINE('',#3098,#3097);
#3100=DIRECTION('',(-2.377704967206E-1,9.713213633444E-1,0.E0));
#3101=VECTOR('',#3100,1.020325248722E-1);
#3102=CARTESIAN_POINT('',(-2.972896758795E-1,2.416744806379E-1,-2.E-2));
#3103=LINE('',#3102,#3101);
#3104=DIRECTION('',(0.E0,1.E0,0.E0));
#3105=VECTOR('',#3104,3.716489265710E-1);
#3106=CARTESIAN_POINT('',(-2.972896758795E-1,-1.299744459331E-1,-2.E-2));
#3107=LINE('',#3106,#3105);
#3108=DIRECTION('',(2.377704967206E-1,9.713213633444E-1,0.E0));
#3109=VECTOR('',#3108,1.020325248722E-1);
#3110=CARTESIAN_POINT('',(-3.2155E-1,-2.290808170974E-1,-2.E-2));
#3111=LINE('',#3110,#3109);
#3112=DIRECTION('',(5.466229197794E-1,8.373788769559E-1,0.E0));
#3113=VECTOR('',#3112,8.876489463534E-2);
#3114=CARTESIAN_POINT('',(-3.700709258795E-1,-3.034106648803E-1,-2.E-2));
#3115=LINE('',#3114,#3113);
#3116=DIRECTION('',(8.265992787996E-1,5.627909312417E-1,0.E0));
#3117=VECTOR('',#3116,8.804901221991E-2);
#3118=CARTESIAN_POINT('',(-4.428521758795E-1,-3.529638504624E-1,-2.E-2));
#3119=LINE('',#3118,#3117);
#3120=DIRECTION('',(9.689176611437E-1,2.473834390653E-1,0.E0));
#3121=VECTOR('',#3120,1.001546137635E-1);
#3122=CARTESIAN_POINT('',(-5.3989375E-1,-3.777404432535E-1,-2.E-2));
#3123=LINE('',#3122,#3121);
#3124=DIRECTION('',(-1.E0,0.E0,0.E0));
#3125=VECTOR('',#3124,1.940831482410E-1);
#3126=CARTESIAN_POINT('',(6.2460625E-1,-5.264E-1,-2.E-2));
#3127=LINE('',#3126,#3125);
#3128=DIRECTION('',(-3.162279017271E-1,-9.486832528138E-1,0.E0));
#3129=VECTOR('',#3128,1.227490836953E0);
#3130=CARTESIAN_POINT('',(1.012773101759E0,6.381E-1,-2.E-2));
#3131=LINE('',#3130,#3129);
#3132=DIRECTION('',(1.E0,0.E0,0.E0));
#3133=VECTOR('',#3132,1.455625E-1);
#3134=CARTESIAN_POINT('',(8.672106017590E-1,6.381E-1,-2.E-2));
#3135=LINE('',#3134,#3133);
#3136=DIRECTION('',(3.102805670740E-1,9.506450282288E-1,0.E0));
#3137=VECTOR('',#3136,3.127551708251E-1);
#3138=CARTESIAN_POINT('',(7.7016875E-1,3.407808518022E-1,-2.E-2));
#3139=LINE('',#3138,#3137);
#3140=DIRECTION('',(1.E0,0.E0,0.E0));
#3141=VECTOR('',#3140,4.852081482410E-1);
#3142=CARTESIAN_POINT('',(2.849606017590E-1,3.407808518022E-1,-2.E-2));
#3143=LINE('',#3142,#3141);
#3144=DIRECTION('',(3.102805670740E-1,-9.506450282288E-1,0.E0));
#3145=VECTOR('',#3144,3.127551708251E-1);
#3146=CARTESIAN_POINT('',(1.8791875E-1,6.381E-1,-2.E-2));
#3147=LINE('',#3146,#3145);
#3148=DIRECTION('',(1.E0,0.E0,0.E0));
#3149=VECTOR('',#3148,1.455625E-1);
#3150=CARTESIAN_POINT('',(4.235625E-2,6.381E-1,-2.E-2));
#3151=LINE('',#3150,#3149);
#3152=DIRECTION('',(-3.162279017271E-1,9.486832528138E-1,0.E0));
#3153=VECTOR('',#3152,1.227490836953E0);
#3154=CARTESIAN_POINT('',(4.305231017590E-1,-5.264E-1,-2.E-2));
#3155=LINE('',#3154,#3153);
#3156=DIRECTION('',(3.102800213276E-1,9.506452063546E-1,0.E0));
#3157=VECTOR('',#3156,7.036990298819E-1);
#3158=CARTESIAN_POINT('',(5.275643982410E-1,-4.272936288357E-1,-2.E-2));
#3159=LINE('',#3158,#3157);
#3160=DIRECTION('',(3.102800213276E-1,-9.506452063546E-1,0.E0));
#3161=VECTOR('',#3160,7.036990298819E-1);
#3162=CARTESIAN_POINT('',(3.092206482410E-1,2.416744806379E-1,-2.E-2));
#3163=LINE('',#3162,#3161);
#3164=DIRECTION('',(-1.E0,0.E0,0.E0));
#3165=VECTOR('',#3164,4.366875E-1);
#3166=CARTESIAN_POINT('',(7.459081482410E-1,2.416744806379E-1,-2.E-2));
#3167=LINE('',#3166,#3165);
#3168=DIRECTION('',(0.E0,0.E0,-1.E0));
#3169=VECTOR('',#3168,2.E-2);
#3170=CARTESIAN_POINT('',(-2.383685462940E0,3.407808518022E-1,0.E0));
#3171=LINE('',#3170,#3169);
#3172=DIRECTION('',(0.E0,-1.665334536938E-14,-1.E0));
#3173=VECTOR('',#3172,2.E-2);
#3174=CARTESIAN_POINT('',(-2.407945787060E0,4.646638331100E-1,0.E0));
#3175=LINE('',#3174,#3173);
#3176=DIRECTION('',(0.E0,0.E0,-1.E0));
#3177=VECTOR('',#3176,2.E-2);
#3178=CARTESIAN_POINT('',(-2.5049875E0,5.637702129506E-1,0.E0));
#3179=LINE('',#3178,#3177);
#3180=DIRECTION('',(0.E0,0.E0,-1.E0));
#3181=VECTOR('',#3180,2.E-2);
#3182=CARTESIAN_POINT('',(-2.602029212940E0,6.133234050399E-1,0.E0));
#3183=LINE('',#3182,#3181);
#3184=DIRECTION('',(0.E0,0.E0,-1.E0));
#3185=VECTOR('',#3184,2.E-2);
#3186=CARTESIAN_POINT('',(-2.72333125E0,6.381E-1,0.E0));
#3187=LINE('',#3186,#3185);
#3188=DIRECTION('',(0.E0,0.E0,-1.E0));
#3189=VECTOR('',#3188,2.E-2);
#3190=CARTESIAN_POINT('',(-2.941675E0,6.381E-1,0.E0));
#3191=LINE('',#3190,#3189);
#3192=DIRECTION('',(-2.220446049250E-14,0.E0,-1.E0));
#3193=VECTOR('',#3192,2.E-2);
#3194=CARTESIAN_POINT('',(-3.062977037060E0,6.133234050399E-1,0.E0));
#3195=LINE('',#3194,#3193);
#3196=DIRECTION('',(0.E0,0.E0,-1.E0));
#3197=VECTOR('',#3196,2.E-2);
#3198=CARTESIAN_POINT('',(-3.16001875E0,5.637702129506E-1,0.E0));
#3199=LINE('',#3198,#3197);
#3200=DIRECTION('',(0.E0,0.E0,-1.E0));
#3201=VECTOR('',#3200,2.E-2);
#3202=CARTESIAN_POINT('',(-3.257060393530E0,4.646638331100E-1,0.E0));
#3203=LINE('',#3202,#3201);
#3204=DIRECTION('',(0.E0,0.E0,-1.E0));
#3205=VECTOR('',#3204,2.E-2);
#3206=CARTESIAN_POINT('',(-3.30558125E0,3.655574445933E-1,0.E0));
#3207=LINE('',#3206,#3205);
#3208=DIRECTION('',(0.E0,0.E0,-1.E0));
#3209=VECTOR('',#3208,2.E-2);
#3210=CARTESIAN_POINT('',(-3.329841643530E0,2.416744806379E-1,0.E0));
#3211=LINE('',#3210,#3209);
#3212=DIRECTION('',(0.E0,0.E0,-1.E0));
#3213=VECTOR('',#3212,2.E-2);
#3214=CARTESIAN_POINT('',(-3.329841643530E0,-1.299744459331E-1,0.E0));
#3215=LINE('',#3214,#3213);
#3216=DIRECTION('',(0.E0,0.E0,-1.E0));
#3217=VECTOR('',#3216,2.E-2);
#3218=CARTESIAN_POINT('',(-3.30558125E0,-2.538574792981E-1,0.E0));
#3219=LINE('',#3218,#3217);
#3220=DIRECTION('',(0.E0,0.E0,-1.E0));
#3221=VECTOR('',#3220,2.E-2);
#3222=CARTESIAN_POINT('',(-3.257060393530E0,-3.529638504624E-1,0.E0));
#3223=LINE('',#3222,#3221);
#3224=DIRECTION('',(0.E0,0.E0,-1.E0));
#3225=VECTOR('',#3224,2.E-2);
#3226=CARTESIAN_POINT('',(-3.16001875E0,-4.520702216268E-1,0.E0));
#3227=LINE('',#3226,#3225);
#3228=DIRECTION('',(-2.220446049250E-14,0.E0,-1.E0));
#3229=VECTOR('',#3228,2.E-2);
#3230=CARTESIAN_POINT('',(-3.062977037060E0,-5.016234072089E-1,0.E0));
#3231=LINE('',#3230,#3229);
#3232=DIRECTION('',(0.E0,0.E0,-1.E0));
#3233=VECTOR('',#3232,2.E-2);
#3234=CARTESIAN_POINT('',(-2.941675E0,-5.264E-1,0.E0));
#3235=LINE('',#3234,#3233);
#3236=DIRECTION('',(0.E0,0.E0,-1.E0));
#3237=VECTOR('',#3236,2.E-2);
#3238=CARTESIAN_POINT('',(-2.72333125E0,-5.264E-1,0.E0));
#3239=LINE('',#3238,#3237);
#3240=DIRECTION('',(0.E0,0.E0,-1.E0));
#3241=VECTOR('',#3240,2.E-2);
#3242=CARTESIAN_POINT('',(-2.602029212940E0,-5.016234072089E-1,0.E0));
#3243=LINE('',#3242,#3241);
#3244=DIRECTION('',(0.E0,0.E0,-1.E0));
#3245=VECTOR('',#3244,2.E-2);
#3246=CARTESIAN_POINT('',(-2.5049875E0,-4.520702216268E-1,0.E0));
#3247=LINE('',#3246,#3245);
#3248=DIRECTION('',(0.E0,-1.110223024625E-14,-1.E0));
#3249=VECTOR('',#3248,2.E-2);
#3250=CARTESIAN_POINT('',(-2.407945787060E0,-3.529638504624E-1,0.E0));
#3251=LINE('',#3250,#3249);
#3252=DIRECTION('',(0.E0,0.E0,-1.E0));
#3253=VECTOR('',#3252,2.E-2);
#3254=CARTESIAN_POINT('',(-2.383685462940E0,-2.290808170974E-1,0.E0));
#3255=LINE('',#3254,#3253);
#3256=DIRECTION('',(0.E0,0.E0,-1.E0));
#3257=VECTOR('',#3256,2.E-2);
#3258=CARTESIAN_POINT('',(-2.529247962940E0,-2.290808170974E-1,0.E0));
#3259=LINE('',#3258,#3257);
#3260=DIRECTION('',(0.E0,0.E0,-1.E0));
#3261=VECTOR('',#3260,2.E-2);
#3262=CARTESIAN_POINT('',(-2.553508287060E0,-3.034106648803E-1,0.E0));
#3263=LINE('',#3262,#3261);
#3264=DIRECTION('',(0.E0,0.E0,-1.E0));
#3265=VECTOR('',#3264,2.E-2);
#3266=CARTESIAN_POINT('',(-2.626289537060E0,-3.529638504624E-1,0.E0));
#3267=LINE('',#3266,#3265);
#3268=DIRECTION('',(0.E0,0.E0,-1.E0));
#3269=VECTOR('',#3268,2.E-2);
#3270=CARTESIAN_POINT('',(-2.72333125E0,-3.777404432535E-1,0.E0));
#3271=LINE('',#3270,#3269);
#3272=DIRECTION('',(0.E0,0.E0,-1.E0));
#3273=VECTOR('',#3272,2.E-2);
#3274=CARTESIAN_POINT('',(-2.941675E0,-3.777404432535E-1,0.E0));
#3275=LINE('',#3274,#3273);
#3276=DIRECTION('',(0.E0,0.E0,-1.E0));
#3277=VECTOR('',#3276,2.E-2);
#3278=CARTESIAN_POINT('',(-2.529247962940E0,3.407808518022E-1,0.E0));
#3279=LINE('',#3278,#3277);
#3280=DIRECTION('',(0.E0,-1.110223024625E-14,-1.E0));
#3281=VECTOR('',#3280,2.E-2);
#3282=CARTESIAN_POINT('',(-2.553508287060E0,4.151106301755E-1,0.E0));
#3283=LINE('',#3282,#3281);
#3284=DIRECTION('',(0.E0,0.E0,-1.E0));
#3285=VECTOR('',#3284,2.E-2);
#3286=CARTESIAN_POINT('',(-2.626289537060E0,4.646638331100E-1,0.E0));
#3287=LINE('',#3286,#3285);
#3288=DIRECTION('',(0.E0,0.E0,-1.E0));
#3289=VECTOR('',#3288,2.E-2);
#3290=CARTESIAN_POINT('',(-2.72333125E0,4.894404259011E-1,0.E0));
#3291=LINE('',#3290,#3289);
#3292=DIRECTION('',(0.E0,0.E0,-1.E0));
#3293=VECTOR('',#3292,2.E-2);
#3294=CARTESIAN_POINT('',(-2.941675E0,4.894404259011E-1,0.E0));
#3295=LINE('',#3294,#3293);
#3296=DIRECTION('',(0.E0,0.E0,-1.E0));
#3297=VECTOR('',#3296,2.E-2);
#3298=CARTESIAN_POINT('',(-3.038716712940E0,4.646638331100E-1,0.E0));
#3299=LINE('',#3298,#3297);
#3300=DIRECTION('',(0.E0,0.E0,-1.E0));
#3301=VECTOR('',#3300,2.E-2);
#3302=CARTESIAN_POINT('',(-3.111497962940E0,4.151106301755E-1,0.E0));
#3303=LINE('',#3302,#3301);
#3304=DIRECTION('',(0.E0,0.E0,-1.E0));
#3305=VECTOR('',#3304,2.E-2);
#3306=CARTESIAN_POINT('',(-3.16001875E0,3.407808518022E-1,0.E0));
#3307=LINE('',#3306,#3305);
#3308=DIRECTION('',(0.E0,0.E0,-1.E0));
#3309=VECTOR('',#3308,2.E-2);
#3310=CARTESIAN_POINT('',(-3.184279212940E0,2.416744806379E-1,0.E0));
#3311=LINE('',#3310,#3309);
#3312=DIRECTION('',(0.E0,0.E0,-1.E0));
#3313=VECTOR('',#3312,2.E-2);
#3314=CARTESIAN_POINT('',(-3.184279212940E0,-1.299744459331E-1,0.E0));
#3315=LINE('',#3314,#3313);
#3316=DIRECTION('',(0.E0,0.E0,-1.E0));
#3317=VECTOR('',#3316,2.E-2);
#3318=CARTESIAN_POINT('',(-3.16001875E0,-2.290808170974E-1,0.E0));
#3319=LINE('',#3318,#3317);
#3320=DIRECTION('',(0.E0,0.E0,-1.E0));
#3321=VECTOR('',#3320,2.E-2);
#3322=CARTESIAN_POINT('',(-3.111497962940E0,-3.034106648803E-1,0.E0));
#3323=LINE('',#3322,#3321);
#3324=DIRECTION('',(0.E0,0.E0,-1.E0));
#3325=VECTOR('',#3324,2.E-2);
#3326=CARTESIAN_POINT('',(-1.316227175879E0,4.894404259011E-1,0.E0));
#3327=LINE('',#3326,#3325);
#3328=DIRECTION('',(0.E0,0.E0,-1.E0));
#3329=VECTOR('',#3328,2.E-2);
#3330=CARTESIAN_POINT('',(-1.316227175879E0,6.381E-1,0.E0));
#3331=LINE('',#3330,#3329);
#3332=DIRECTION('',(0.E0,0.E0,-1.E0));
#3333=VECTOR('',#3332,2.E-2);
#3334=CARTESIAN_POINT('',(-2.189602037060E0,6.381E-1,0.E0));
#3335=LINE('',#3334,#3333);
#3336=DIRECTION('',(0.E0,0.E0,-1.E0));
#3337=VECTOR('',#3336,2.E-2);
#3338=CARTESIAN_POINT('',(-2.189602037060E0,-5.264E-1,0.E0));
#3339=LINE('',#3338,#3337);
#3340=DIRECTION('',(0.E0,0.E0,-1.E0));
#3341=VECTOR('',#3340,2.E-2);
#3342=CARTESIAN_POINT('',(-1.316227175879E0,-5.264E-1,0.E0));
#3343=LINE('',#3342,#3341);
#3344=DIRECTION('',(0.E0,0.E0,-1.E0));
#3345=VECTOR('',#3344,2.E-2);
#3346=CARTESIAN_POINT('',(-1.316227175879E0,-3.777404432535E-1,0.E0));
#3347=LINE('',#3346,#3345);
#3348=DIRECTION('',(0.E0,0.E0,-1.E0));
#3349=VECTOR('',#3348,2.E-2);
#3350=CARTESIAN_POINT('',(-2.044039675879E0,-3.777404432535E-1,0.E0));
#3351=LINE('',#3350,#3349);
#3352=DIRECTION('',(0.E0,0.E0,-1.E0));
#3353=VECTOR('',#3352,2.E-2);
#3354=CARTESIAN_POINT('',(-2.044039675879E0,-5.564466755986E-2,0.E0));
#3355=LINE('',#3354,#3353);
#3356=DIRECTION('',(0.E0,0.E0,-1.E0));
#3357=VECTOR('',#3356,2.E-2);
#3358=CARTESIAN_POINT('',(-1.41326875E0,-5.564466755986E-2,0.E0));
#3359=LINE('',#3358,#3357);
#3360=DIRECTION('',(0.E0,0.E0,-1.E0));
#3361=VECTOR('',#3360,2.E-2);
#3362=CARTESIAN_POINT('',(-1.41326875E0,9.301488918662E-2,0.E0));
#3363=LINE('',#3362,#3361);
#3364=DIRECTION('',(0.E0,0.E0,-1.E0));
#3365=VECTOR('',#3364,2.E-2);
#3366=CARTESIAN_POINT('',(-2.044039675879E0,9.301488918662E-2,0.E0));
#3367=LINE('',#3366,#3365);
#3368=DIRECTION('',(0.E0,0.E0,-1.E0));
#3369=VECTOR('',#3368,2.E-2);
#3370=CARTESIAN_POINT('',(-2.044039675879E0,4.894404259011E-1,0.E0));
#3371=LINE('',#3370,#3369);
#3372=DIRECTION('',(0.E0,0.E0,-1.E0));
#3373=VECTOR('',#3372,2.E-2);
#3374=CARTESIAN_POINT('',(-5.3989375E-1,-5.264E-1,0.E0));
#3375=LINE('',#3374,#3373);
#3376=DIRECTION('',(0.E0,0.E0,-1.E0));
#3377=VECTOR('',#3376,2.E-2);
#3378=CARTESIAN_POINT('',(-4.185915741205E-1,-5.016234072089E-1,0.E0));
#3379=LINE('',#3378,#3377);
#3380=DIRECTION('',(0.E0,0.E0,-1.E0));
#3381=VECTOR('',#3380,2.E-2);
#3382=CARTESIAN_POINT('',(-3.2155E-1,-4.520702216268E-1,0.E0));
#3383=LINE('',#3382,#3381);
#3384=DIRECTION('',(0.E0,0.E0,-1.E0));
#3385=VECTOR('',#3384,2.E-2);
#3386=CARTESIAN_POINT('',(-2.245084258795E-1,-3.529638504624E-1,0.E0));
#3387=LINE('',#3386,#3385);
#3388=DIRECTION('',(0.E0,0.E0,-1.E0));
#3389=VECTOR('',#3388,2.E-2);
#3390=CARTESIAN_POINT('',(-1.759875E-1,-2.538574792981E-1,0.E0));
#3391=LINE('',#3390,#3389);
#3392=DIRECTION('',(0.E0,0.E0,-1.E0));
#3393=VECTOR('',#3392,2.E-2);
#3394=CARTESIAN_POINT('',(-1.517271758795E-1,-1.299744459331E-1,0.E0));
#3395=LINE('',#3394,#3393);
#3396=DIRECTION('',(0.E0,0.E0,-1.E0));
#3397=VECTOR('',#3396,2.E-2);
#3398=CARTESIAN_POINT('',(-1.517271758795E-1,2.416744806379E-1,0.E0));
#3399=LINE('',#3398,#3397);
#3400=DIRECTION('',(0.E0,0.E0,-1.E0));
#3401=VECTOR('',#3400,2.E-2);
#3402=CARTESIAN_POINT('',(-1.759875E-1,3.655574445933E-1,0.E0));
#3403=LINE('',#3402,#3401);
#3404=DIRECTION('',(0.E0,0.E0,-1.E0));
#3405=VECTOR('',#3404,2.E-2);
#3406=CARTESIAN_POINT('',(-2.245084258795E-1,4.646638331100E-1,0.E0));
#3407=LINE('',#3406,#3405);
#3408=DIRECTION('',(0.E0,0.E0,-1.E0));
#3409=VECTOR('',#3408,2.E-2);
#3410=CARTESIAN_POINT('',(-3.2155E-1,5.637702129506E-1,0.E0));
#3411=LINE('',#3410,#3409);
#3412=DIRECTION('',(0.E0,0.E0,-1.E0));
#3413=VECTOR('',#3412,2.E-2);
#3414=CARTESIAN_POINT('',(-4.185915741205E-1,6.133234050399E-1,0.E0));
#3415=LINE('',#3414,#3413);
#3416=DIRECTION('',(0.E0,0.E0,-1.E0));
#3417=VECTOR('',#3416,2.E-2);
#3418=CARTESIAN_POINT('',(-5.3989375E-1,6.381E-1,0.E0));
#3419=LINE('',#3418,#3417);
#3420=DIRECTION('',(0.E0,0.E0,-1.E0));
#3421=VECTOR('',#3420,2.E-2);
#3422=CARTESIAN_POINT('',(-1.12214375E0,6.381E-1,0.E0));
#3423=LINE('',#3422,#3421);
#3424=DIRECTION('',(0.E0,0.E0,-1.E0));
#3425=VECTOR('',#3424,2.E-2);
#3426=CARTESIAN_POINT('',(-1.12214375E0,-5.264E-1,0.E0));
#3427=LINE('',#3426,#3425);
#3428=DIRECTION('',(0.E0,0.E0,-1.E0));
#3429=VECTOR('',#3428,2.E-2);
#3430=CARTESIAN_POINT('',(-9.7658125E-1,-3.777404432535E-1,0.E0));
#3431=LINE('',#3430,#3429);
#3432=DIRECTION('',(0.E0,0.E0,-1.E0));
#3433=VECTOR('',#3432,2.E-2);
#3434=CARTESIAN_POINT('',(-9.7658125E-1,4.894404259011E-1,0.E0));
#3435=LINE('',#3434,#3433);
#3436=DIRECTION('',(0.E0,0.E0,-1.E0));
#3437=VECTOR('',#3436,2.E-2);
#3438=CARTESIAN_POINT('',(-5.3989375E-1,4.894404259011E-1,0.E0));
#3439=LINE('',#3438,#3437);
#3440=DIRECTION('',(0.E0,0.E0,-1.E0));
#3441=VECTOR('',#3440,2.E-2);
#3442=CARTESIAN_POINT('',(-4.428521758795E-1,4.646638331100E-1,0.E0));
#3443=LINE('',#3442,#3441);
#3444=DIRECTION('',(0.E0,0.E0,-1.E0));
#3445=VECTOR('',#3444,2.E-2);
#3446=CARTESIAN_POINT('',(-3.700709258795E-1,4.151106301755E-1,0.E0));
#3447=LINE('',#3446,#3445);
#3448=DIRECTION('',(0.E0,0.E0,-1.E0));
#3449=VECTOR('',#3448,2.E-2);
#3450=CARTESIAN_POINT('',(-3.2155E-1,3.407808518022E-1,0.E0));
#3451=LINE('',#3450,#3449);
#3452=DIRECTION('',(0.E0,0.E0,-1.E0));
#3453=VECTOR('',#3452,2.E-2);
#3454=CARTESIAN_POINT('',(-2.972896758795E-1,2.416744806379E-1,0.E0));
#3455=LINE('',#3454,#3453);
#3456=DIRECTION('',(0.E0,0.E0,-1.E0));
#3457=VECTOR('',#3456,2.E-2);
#3458=CARTESIAN_POINT('',(-2.972896758795E-1,-1.299744459331E-1,0.E0));
#3459=LINE('',#3458,#3457);
#3460=DIRECTION('',(0.E0,0.E0,-1.E0));
#3461=VECTOR('',#3460,2.E-2);
#3462=CARTESIAN_POINT('',(-3.2155E-1,-2.290808170974E-1,0.E0));
#3463=LINE('',#3462,#3461);
#3464=DIRECTION('',(0.E0,0.E0,-1.E0));
#3465=VECTOR('',#3464,2.E-2);
#3466=CARTESIAN_POINT('',(-3.700709258795E-1,-3.034106648803E-1,0.E0));
#3467=LINE('',#3466,#3465);
#3468=DIRECTION('',(0.E0,0.E0,-1.E0));
#3469=VECTOR('',#3468,2.E-2);
#3470=CARTESIAN_POINT('',(-4.428521758795E-1,-3.529638504624E-1,0.E0));
#3471=LINE('',#3470,#3469);
#3472=DIRECTION('',(0.E0,0.E0,-1.E0));
#3473=VECTOR('',#3472,2.E-2);
#3474=CARTESIAN_POINT('',(-5.3989375E-1,-3.777404432535E-1,0.E0));
#3475=LINE('',#3474,#3473);
#3476=DIRECTION('',(0.E0,0.E0,-1.E0));
#3477=VECTOR('',#3476,2.E-2);
#3478=CARTESIAN_POINT('',(6.2460625E-1,-5.264E-1,0.E0));
#3479=LINE('',#3478,#3477);
#3480=DIRECTION('',(0.E0,0.E0,-1.E0));
#3481=VECTOR('',#3480,2.E-2);
#3482=CARTESIAN_POINT('',(1.012773101759E0,6.381E-1,0.E0));
#3483=LINE('',#3482,#3481);
#3484=DIRECTION('',(0.E0,0.E0,-1.E0));
#3485=VECTOR('',#3484,2.E-2);
#3486=CARTESIAN_POINT('',(8.672106017590E-1,6.381E-1,0.E0));
#3487=LINE('',#3486,#3485);
#3488=DIRECTION('',(0.E0,0.E0,-1.E0));
#3489=VECTOR('',#3488,2.E-2);
#3490=CARTESIAN_POINT('',(7.7016875E-1,3.407808518022E-1,0.E0));
#3491=LINE('',#3490,#3489);
#3492=DIRECTION('',(0.E0,0.E0,-1.E0));
#3493=VECTOR('',#3492,2.E-2);
#3494=CARTESIAN_POINT('',(2.849606017590E-1,3.407808518022E-1,0.E0));
#3495=LINE('',#3494,#3493);
#3496=DIRECTION('',(0.E0,0.E0,-1.E0));
#3497=VECTOR('',#3496,2.E-2);
#3498=CARTESIAN_POINT('',(1.8791875E-1,6.381E-1,0.E0));
#3499=LINE('',#3498,#3497);
#3500=DIRECTION('',(0.E0,0.E0,-1.E0));
#3501=VECTOR('',#3500,2.E-2);
#3502=CARTESIAN_POINT('',(4.235625E-2,6.381E-1,0.E0));
#3503=LINE('',#3502,#3501);
#3504=DIRECTION('',(0.E0,0.E0,-1.E0));
#3505=VECTOR('',#3504,2.E-2);
#3506=CARTESIAN_POINT('',(4.305231017590E-1,-5.264E-1,0.E0));
#3507=LINE('',#3506,#3505);
#3508=DIRECTION('',(0.E0,-1.110223024625E-14,-1.E0));
#3509=VECTOR('',#3508,2.E-2);
#3510=CARTESIAN_POINT('',(5.275643982410E-1,-4.272936288357E-1,0.E0));
#3511=LINE('',#3510,#3509);
#3512=DIRECTION('',(0.E0,0.E0,-1.E0));
#3513=VECTOR('',#3512,2.E-2);
#3514=CARTESIAN_POINT('',(3.092206482410E-1,2.416744806379E-1,0.E0));
#3515=LINE('',#3514,#3513);
#3516=DIRECTION('',(0.E0,0.E0,-1.E0));
#3517=VECTOR('',#3516,2.E-2);
#3518=CARTESIAN_POINT('',(7.459081482410E-1,2.416744806379E-1,0.E0));
#3519=LINE('',#3518,#3517);
#3520=CARTESIAN_POINT('',(1.2E1,-4.2E0,0.E0));
#3521=CARTESIAN_POINT('',(1.2E1,4.2E0,0.E0));
#3522=VERTEX_POINT('',#3520);
#3523=VERTEX_POINT('',#3521);
#3524=CARTESIAN_POINT('',(1.2E1,-4.2E0,8.7E0));
#3525=CARTESIAN_POINT('',(1.2E1,4.2E0,8.7E0));
#3526=VERTEX_POINT('',#3524);
#3527=VERTEX_POINT('',#3525);
#3528=CARTESIAN_POINT('',(6.5E0,-3.3E0,1.1E1));
#3529=CARTESIAN_POINT('',(6.5E0,-2.E0,1.1E1));
#3530=VERTEX_POINT('',#3528);
#3531=VERTEX_POINT('',#3529);
#3532=CARTESIAN_POINT('',(4.5E0,-2.E0,1.1E1));
#3533=VERTEX_POINT('',#3532);
#3534=CARTESIAN_POINT('',(4.5E0,2.E0,1.1E1));
#3535=VERTEX_POINT('',#3534);
#3536=CARTESIAN_POINT('',(6.5E0,2.E0,1.1E1));
#3537=VERTEX_POINT('',#3536);
#3538=CARTESIAN_POINT('',(6.5E0,3.3E0,1.1E1));
#3539=VERTEX_POINT('',#3538);
#3540=CARTESIAN_POINT('',(6.5E0,-2.E0,8.7E0));
#3541=CARTESIAN_POINT('',(4.5E0,-2.E0,8.7E0));
#3542=VERTEX_POINT('',#3540);
#3543=VERTEX_POINT('',#3541);
#3544=CARTESIAN_POINT('',(4.5E0,2.E0,8.7E0));
#3545=VERTEX_POINT('',#3544);
#3546=CARTESIAN_POINT('',(6.5E0,2.E0,8.7E0));
#3547=VERTEX_POINT('',#3546);
#3548=CARTESIAN_POINT('',(-3.5E0,-3.3E0,1.1E1));
#3549=CARTESIAN_POINT('',(-6.5E0,-3.3E0,8.7E0));
#3550=VERTEX_POINT('',#3548);
#3551=VERTEX_POINT('',#3549);
#3552=CARTESIAN_POINT('',(-6.5E0,3.3E0,8.7E0));
#3553=CARTESIAN_POINT('',(-3.5E0,3.3E0,1.1E1));
#3554=VERTEX_POINT('',#3552);
#3555=VERTEX_POINT('',#3553);
#3556=CARTESIAN_POINT('',(-3.5E0,-2.75E0,8.7E0));
#3557=CARTESIAN_POINT('',(-3.5E0,2.75E0,8.7E0));
#3558=VERTEX_POINT('',#3556);
#3559=VERTEX_POINT('',#3557);
#3560=CARTESIAN_POINT('',(-3.5E0,-2.75E0,1.1E1));
#3561=CARTESIAN_POINT('',(-3.5E0,2.75E0,1.1E1));
#3562=VERTEX_POINT('',#3560);
#3563=VERTEX_POINT('',#3561);
#3564=CARTESIAN_POINT('',(-6.5E0,2.75E0,8.7E0));
#3565=VERTEX_POINT('',#3564);
#3566=CARTESIAN_POINT('',(-6.5E0,-2.75E0,8.7E0));
#3567=VERTEX_POINT('',#3566);
#3568=CARTESIAN_POINT('',(-1.2E1,2.35E0,-2.E0));
#3569=CARTESIAN_POINT('',(-1.1E1,2.35E0,-2.E0));
#3570=VERTEX_POINT('',#3568);
#3571=VERTEX_POINT('',#3569);
#3572=CARTESIAN_POINT('',(-1.2E1,-2.35E0,-2.E0));
#3573=CARTESIAN_POINT('',(-1.1E1,-2.35E0,-2.E0));
#3574=VERTEX_POINT('',#3572);
#3575=VERTEX_POINT('',#3573);
#3576=CARTESIAN_POINT('',(-1.2E1,2.35E0,0.E0));
#3577=CARTESIAN_POINT('',(-1.E1,2.35E0,0.E0));
#3578=VERTEX_POINT('',#3576);
#3579=VERTEX_POINT('',#3577);
#3580=CARTESIAN_POINT('',(-1.2E1,-2.35E0,0.E0));
#3581=CARTESIAN_POINT('',(-1.E1,-2.35E0,0.E0));
#3582=VERTEX_POINT('',#3580);
#3583=VERTEX_POINT('',#3581);
#3584=CARTESIAN_POINT('',(-1.1E1,-4.2E0,0.E0));
#3585=CARTESIAN_POINT('',(-1.2E1,-3.2E0,0.E0));
#3586=VERTEX_POINT('',#3584);
#3587=VERTEX_POINT('',#3585);
#3588=CARTESIAN_POINT('',(-1.2E1,-3.2E0,8.7E0));
#3589=VERTEX_POINT('',#3588);
#3590=CARTESIAN_POINT('',(-1.1E1,-4.2E0,8.7E0));
#3591=VERTEX_POINT('',#3590);
#3592=CARTESIAN_POINT('',(-1.2E1,3.2E0,0.E0));
#3593=CARTESIAN_POINT('',(-1.1E1,4.2E0,0.E0));
#3594=VERTEX_POINT('',#3592);
#3595=VERTEX_POINT('',#3593);
#3596=CARTESIAN_POINT('',(-1.1E1,4.2E0,8.7E0));
#3597=VERTEX_POINT('',#3596);
#3598=CARTESIAN_POINT('',(-1.2E1,3.2E0,8.7E0));
#3599=VERTEX_POINT('',#3598);
#3600=CARTESIAN_POINT('',(1.2391E0,-3.4E0,7.E0));
#3601=CARTESIAN_POINT('',(-1.2609E0,-3.4E0,7.E0));
#3602=VERTEX_POINT('',#3600);
#3603=VERTEX_POINT('',#3601);
#3604=CARTESIAN_POINT('',(-1.2609E0,-3.4E0,0.E0));
#3605=CARTESIAN_POINT('',(1.2391E0,-3.4E0,0.E0));
#3606=VERTEX_POINT('',#3604);
#3607=VERTEX_POINT('',#3605);
#3608=CARTESIAN_POINT('',(-1.2609E0,-4.2E0,0.E0));
#3609=VERTEX_POINT('',#3608);
#3610=CARTESIAN_POINT('',(1.2391E0,-4.2E0,0.E0));
#3611=VERTEX_POINT('',#3610);
#3612=CARTESIAN_POINT('',(-1.2609E0,-4.2E0,7.E0));
#3613=VERTEX_POINT('',#3612);
#3614=CARTESIAN_POINT('',(1.2391E0,-4.2E0,7.E0));
#3615=VERTEX_POINT('',#3614);
#3616=CARTESIAN_POINT('',(1.14625E0,-4.1E0,6.8908E0));
#3617=CARTESIAN_POINT('',(-1.14625E0,-4.1E0,6.8908E0));
#3618=VERTEX_POINT('',#3616);
#3619=VERTEX_POINT('',#3617);
#3620=CARTESIAN_POINT('',(1.14625E0,-3.4E0,6.8908E0));
#3621=CARTESIAN_POINT('',(-1.14625E0,-3.4E0,6.8908E0));
#3622=VERTEX_POINT('',#3620);
#3623=VERTEX_POINT('',#3621);
#3624=CARTESIAN_POINT('',(1.14625E0,-4.1E0,6.4358E0));
#3625=CARTESIAN_POINT('',(1.14625E0,-3.4E0,5.5358E0));
#3626=VERTEX_POINT('',#3624);
#3627=VERTEX_POINT('',#3625);
#3628=CARTESIAN_POINT('',(-1.14625E0,-3.4E0,5.5358E0));
#3629=VERTEX_POINT('',#3628);
#3630=CARTESIAN_POINT('',(-1.14625E0,-4.1E0,6.4358E0));
#3631=VERTEX_POINT('',#3630);
#3632=CARTESIAN_POINT('',(1.2391E0,3.4E0,7.E0));
#3633=CARTESIAN_POINT('',(-1.2609E0,3.4E0,7.E0));
#3634=VERTEX_POINT('',#3632);
#3635=VERTEX_POINT('',#3633);
#3636=CARTESIAN_POINT('',(-1.2609E0,3.4E0,0.E0));
#3637=VERTEX_POINT('',#3636);
#3638=CARTESIAN_POINT('',(1.2391E0,3.4E0,0.E0));
#3639=VERTEX_POINT('',#3638);
#3640=CARTESIAN_POINT('',(-1.2609E0,4.2E0,7.E0));
#3641=VERTEX_POINT('',#3640);
#3642=CARTESIAN_POINT('',(1.2391E0,4.2E0,7.E0));
#3643=VERTEX_POINT('',#3642);
#3644=CARTESIAN_POINT('',(1.14625E0,4.1E0,6.8908E0));
#3645=CARTESIAN_POINT('',(-1.14625E0,4.1E0,6.8908E0));
#3646=VERTEX_POINT('',#3644);
#3647=VERTEX_POINT('',#3645);
#3648=CARTESIAN_POINT('',(1.14625E0,3.4E0,6.8908E0));
#3649=VERTEX_POINT('',#3648);
#3650=CARTESIAN_POINT('',(-1.14625E0,3.4E0,6.8908E0));
#3651=VERTEX_POINT('',#3650);
#3652=CARTESIAN_POINT('',(-1.2609E0,4.2E0,0.E0));
#3653=VERTEX_POINT('',#3652);
#3654=CARTESIAN_POINT('',(1.2391E0,4.2E0,0.E0));
#3655=VERTEX_POINT('',#3654);
#3656=CARTESIAN_POINT('',(-1.14625E0,4.1E0,6.4358E0));
#3657=CARTESIAN_POINT('',(-1.14625E0,3.4E0,5.5358E0));
#3658=VERTEX_POINT('',#3656);
#3659=VERTEX_POINT('',#3657);
#3660=CARTESIAN_POINT('',(1.14625E0,3.4E0,5.5358E0));
#3661=VERTEX_POINT('',#3660);
#3662=CARTESIAN_POINT('',(1.14625E0,4.1E0,6.4358E0));
#3663=VERTEX_POINT('',#3662);
#3664=CARTESIAN_POINT('',(-5.5E0,3.15E0,0.E0));
#3665=CARTESIAN_POINT('',(-5.5E0,2.85E0,0.E0));
#3666=VERTEX_POINT('',#3664);
#3667=VERTEX_POINT('',#3665);
#3668=CARTESIAN_POINT('',(-5.5E0,-2.85E0,0.E0));
#3669=CARTESIAN_POINT('',(-5.5E0,-3.15E0,0.E0));
#3670=VERTEX_POINT('',#3668);
#3671=VERTEX_POINT('',#3669);
#3672=CARTESIAN_POINT('',(-6.5E0,3.15E0,0.E0));
#3673=CARTESIAN_POINT('',(-6.5E0,2.85E0,0.E0));
#3674=VERTEX_POINT('',#3672);
#3675=VERTEX_POINT('',#3673);
#3676=CARTESIAN_POINT('',(-6.5E0,-2.85E0,0.E0));
#3677=CARTESIAN_POINT('',(-6.5E0,-3.15E0,0.E0));
#3678=VERTEX_POINT('',#3676);
#3679=VERTEX_POINT('',#3677);
#3680=CARTESIAN_POINT('',(-6.5E0,2.85E0,-6.5E0));
#3681=CARTESIAN_POINT('',(-5.5E0,2.85E0,-6.5E0));
#3682=VERTEX_POINT('',#3680);
#3683=VERTEX_POINT('',#3681);
#3684=CARTESIAN_POINT('',(-5.5E0,3.15E0,-6.5E0));
#3685=VERTEX_POINT('',#3684);
#3686=CARTESIAN_POINT('',(-6.5E0,3.15E0,-6.5E0));
#3687=VERTEX_POINT('',#3686);
#3688=CARTESIAN_POINT('',(-5.5E0,-2.85E0,-6.5E0));
#3689=CARTESIAN_POINT('',(-6.5E0,-2.85E0,-6.5E0));
#3690=VERTEX_POINT('',#3688);
#3691=VERTEX_POINT('',#3689);
#3692=CARTESIAN_POINT('',(-6.5E0,-3.15E0,-6.5E0));
#3693=VERTEX_POINT('',#3692);
#3694=CARTESIAN_POINT('',(-5.5E0,-3.15E0,-6.5E0));
#3695=VERTEX_POINT('',#3694);
#3696=CARTESIAN_POINT('',(-1.5E0,3.15E0,0.E0));
#3697=CARTESIAN_POINT('',(-1.5E0,2.85E0,0.E0));
#3698=VERTEX_POINT('',#3696);
#3699=VERTEX_POINT('',#3697);
#3700=CARTESIAN_POINT('',(-1.5E0,-2.85E0,0.E0));
#3701=CARTESIAN_POINT('',(-1.5E0,-3.15E0,0.E0));
#3702=VERTEX_POINT('',#3700);
#3703=VERTEX_POINT('',#3701);
#3704=CARTESIAN_POINT('',(-2.5E0,3.15E0,0.E0));
#3705=CARTESIAN_POINT('',(-2.5E0,2.85E0,0.E0));
#3706=VERTEX_POINT('',#3704);
#3707=VERTEX_POINT('',#3705);
#3708=CARTESIAN_POINT('',(-2.5E0,-2.85E0,0.E0));
#3709=CARTESIAN_POINT('',(-2.5E0,-3.15E0,0.E0));
#3710=VERTEX_POINT('',#3708);
#3711=VERTEX_POINT('',#3709);
#3712=CARTESIAN_POINT('',(-2.5E0,2.85E0,-6.5E0));
#3713=CARTESIAN_POINT('',(-1.5E0,2.85E0,-6.5E0));
#3714=VERTEX_POINT('',#3712);
#3715=VERTEX_POINT('',#3713);
#3716=CARTESIAN_POINT('',(-1.5E0,3.15E0,-6.5E0));
#3717=VERTEX_POINT('',#3716);
#3718=CARTESIAN_POINT('',(-2.5E0,3.15E0,-6.5E0));
#3719=VERTEX_POINT('',#3718);
#3720=CARTESIAN_POINT('',(-1.5E0,-2.85E0,-6.5E0));
#3721=CARTESIAN_POINT('',(-2.5E0,-2.85E0,-6.5E0));
#3722=VERTEX_POINT('',#3720);
#3723=VERTEX_POINT('',#3721);
#3724=CARTESIAN_POINT('',(-2.5E0,-3.15E0,-6.5E0));
#3725=VERTEX_POINT('',#3724);
#3726=CARTESIAN_POINT('',(-1.5E0,-3.15E0,-6.5E0));
#3727=VERTEX_POINT('',#3726);
#3728=CARTESIAN_POINT('',(2.5E0,3.15E0,0.E0));
#3729=CARTESIAN_POINT('',(2.5E0,2.85E0,0.E0));
#3730=VERTEX_POINT('',#3728);
#3731=VERTEX_POINT('',#3729);
#3732=CARTESIAN_POINT('',(2.5E0,-2.85E0,0.E0));
#3733=CARTESIAN_POINT('',(2.5E0,-3.15E0,0.E0));
#3734=VERTEX_POINT('',#3732);
#3735=VERTEX_POINT('',#3733);
#3736=CARTESIAN_POINT('',(1.5E0,3.15E0,0.E0));
#3737=CARTESIAN_POINT('',(1.5E0,2.85E0,0.E0));
#3738=VERTEX_POINT('',#3736);
#3739=VERTEX_POINT('',#3737);
#3740=CARTESIAN_POINT('',(1.5E0,-2.85E0,0.E0));
#3741=CARTESIAN_POINT('',(1.5E0,-3.15E0,0.E0));
#3742=VERTEX_POINT('',#3740);
#3743=VERTEX_POINT('',#3741);
#3744=CARTESIAN_POINT('',(1.5E0,2.85E0,-6.5E0));
#3745=CARTESIAN_POINT('',(2.5E0,2.85E0,-6.5E0));
#3746=VERTEX_POINT('',#3744);
#3747=VERTEX_POINT('',#3745);
#3748=CARTESIAN_POINT('',(2.5E0,3.15E0,-6.5E0));
#3749=VERTEX_POINT('',#3748);
#3750=CARTESIAN_POINT('',(1.5E0,3.15E0,-6.5E0));
#3751=VERTEX_POINT('',#3750);
#3752=CARTESIAN_POINT('',(2.5E0,-2.85E0,-6.5E0));
#3753=CARTESIAN_POINT('',(1.5E0,-2.85E0,-6.5E0));
#3754=VERTEX_POINT('',#3752);
#3755=VERTEX_POINT('',#3753);
#3756=CARTESIAN_POINT('',(1.5E0,-3.15E0,-6.5E0));
#3757=VERTEX_POINT('',#3756);
#3758=CARTESIAN_POINT('',(2.5E0,-3.15E0,-6.5E0));
#3759=VERTEX_POINT('',#3758);
#3760=CARTESIAN_POINT('',(3.880837579960E0,-3.3E0,-8.E-1));
#3761=CARTESIAN_POINT('',(3.880837579960E0,-4.2E0,-8.E-1));
#3762=VERTEX_POINT('',#3760);
#3763=VERTEX_POINT('',#3761);
#3764=CARTESIAN_POINT('',(2.9435E0,-4.2E0,-8.E-1));
#3765=VERTEX_POINT('',#3764);
#3766=CARTESIAN_POINT('',(2.9435E0,4.2E0,-8.E-1));
#3767=CARTESIAN_POINT('',(3.880837579960E0,4.2E0,-8.E-1));
#3768=VERTEX_POINT('',#3766);
#3769=VERTEX_POINT('',#3767);
#3770=CARTESIAN_POINT('',(3.880837579960E0,3.3E0,-8.E-1));
#3771=VERTEX_POINT('',#3770);
#3772=CARTESIAN_POINT('',(6.3789E0,3.3E0,-8.E-1));
#3773=VERTEX_POINT('',#3772);
#3774=CARTESIAN_POINT('',(6.3789E0,-3.3E0,-8.E-1));
#3775=VERTEX_POINT('',#3774);
#3776=CARTESIAN_POINT('',(6.3789E0,3.3E0,0.E0));
#3777=CARTESIAN_POINT('',(6.3789E0,-3.3E0,0.E0));
#3778=VERTEX_POINT('',#3776);
#3779=VERTEX_POINT('',#3777);
#3780=CARTESIAN_POINT('',(2.9435E0,-4.2E0,0.E0));
#3781=VERTEX_POINT('',#3780);
#3782=CARTESIAN_POINT('',(2.9435E0,4.2E0,0.E0));
#3783=VERTEX_POINT('',#3782);
#3784=CARTESIAN_POINT('',(5.159533726050E0,-3.3E0,1.278696146090E0));
#3785=CARTESIAN_POINT('',(3.880837579960E0,-3.3E0,1.278696146090E0));
#3786=VERTEX_POINT('',#3784);
#3787=VERTEX_POINT('',#3785);
#3788=CARTESIAN_POINT('',(5.159533726050E0,-4.2E0,0.E0));
#3789=CARTESIAN_POINT('',(5.159533726050E0,-3.3E0,0.E0));
#3790=VERTEX_POINT('',#3788);
#3791=VERTEX_POINT('',#3789);
#3792=CARTESIAN_POINT('',(5.159533726050E0,-4.2E0,1.278696146090E0));
#3793=VERTEX_POINT('',#3792);
#3794=CARTESIAN_POINT('',(3.880837579960E0,-4.2E0,1.278696146090E0));
#3795=VERTEX_POINT('',#3794);
#3796=CARTESIAN_POINT('',(5.159533726050E0,3.3E0,1.278696146090E0));
#3797=CARTESIAN_POINT('',(3.880837579960E0,3.3E0,1.278696146090E0));
#3798=VERTEX_POINT('',#3796);
#3799=VERTEX_POINT('',#3797);
#3800=CARTESIAN_POINT('',(5.159533726050E0,3.3E0,0.E0));
#3801=VERTEX_POINT('',#3800);
#3802=CARTESIAN_POINT('',(5.159533726050E0,4.2E0,1.278696146090E0));
#3803=VERTEX_POINT('',#3802);
#3804=CARTESIAN_POINT('',(3.880837579960E0,4.2E0,1.278696146090E0));
#3805=VERTEX_POINT('',#3804);
#3806=CARTESIAN_POINT('',(5.159533726050E0,4.2E0,0.E0));
#3807=VERTEX_POINT('',#3806);
#3808=CARTESIAN_POINT('',(9.2513E0,-4.2E0,1.01866E1));
#3809=CARTESIAN_POINT('',(5.0274E0,-4.2E0,1.01866E1));
#3810=VERTEX_POINT('',#3808);
#3811=VERTEX_POINT('',#3809);
#3812=CARTESIAN_POINT('',(9.2513E0,-3.3E0,1.01866E1));
#3813=VERTEX_POINT('',#3812);
#3814=CARTESIAN_POINT('',(9.2513E0,-4.2E0,8.7E0));
#3815=CARTESIAN_POINT('',(9.2513E0,-3.3E0,8.7E0));
#3816=VERTEX_POINT('',#3814);
#3817=VERTEX_POINT('',#3815);
#3818=CARTESIAN_POINT('',(5.0274E0,-4.2E0,8.7E0));
#3819=CARTESIAN_POINT('',(5.0274E0,-3.3E0,8.7E0));
#3820=VERTEX_POINT('',#3818);
#3821=VERTEX_POINT('',#3819);
#3822=CARTESIAN_POINT('',(6.5E0,-3.3E0,8.7E0));
#3823=VERTEX_POINT('',#3822);
#3824=CARTESIAN_POINT('',(6.5E0,-3.3E0,1.01866E1));
#3825=CARTESIAN_POINT('',(5.0274E0,-3.3E0,1.01866E1));
#3826=VERTEX_POINT('',#3824);
#3827=VERTEX_POINT('',#3825);
#3828=CARTESIAN_POINT('',(9.2513E0,4.2E0,1.01866E1));
#3829=CARTESIAN_POINT('',(5.0274E0,4.2E0,1.01866E1));
#3830=VERTEX_POINT('',#3828);
#3831=VERTEX_POINT('',#3829);
#3832=CARTESIAN_POINT('',(9.2513E0,3.3E0,1.01866E1));
#3833=VERTEX_POINT('',#3832);
#3834=CARTESIAN_POINT('',(9.2513E0,4.2E0,8.7E0));
#3835=VERTEX_POINT('',#3834);
#3836=CARTESIAN_POINT('',(5.0274E0,4.2E0,8.7E0));
#3837=VERTEX_POINT('',#3836);
#3838=CARTESIAN_POINT('',(9.2513E0,3.3E0,8.7E0));
#3839=VERTEX_POINT('',#3838);
#3840=CARTESIAN_POINT('',(6.5E0,3.3E0,1.01866E1));
#3841=VERTEX_POINT('',#3840);
#3842=CARTESIAN_POINT('',(5.0274E0,3.3E0,1.01866E1));
#3843=VERTEX_POINT('',#3842);
#3844=CARTESIAN_POINT('',(5.0274E0,3.3E0,8.7E0));
#3845=VERTEX_POINT('',#3844);
#3846=CARTESIAN_POINT('',(6.5E0,3.3E0,8.7E0));
#3847=VERTEX_POINT('',#3846);
#3848=CARTESIAN_POINT('',(3.4283E0,2.35E0,-2.E0));
#3849=CARTESIAN_POINT('',(4.4283E0,2.35E0,-2.E0));
#3850=VERTEX_POINT('',#3848);
#3851=VERTEX_POINT('',#3849);
#3852=CARTESIAN_POINT('',(3.4283E0,-2.35E0,-2.E0));
#3853=CARTESIAN_POINT('',(4.4283E0,-2.35E0,-2.E0));
#3854=VERTEX_POINT('',#3852);
#3855=VERTEX_POINT('',#3853);
#3856=CARTESIAN_POINT('',(2.4283E0,2.35E0,0.E0));
#3857=CARTESIAN_POINT('',(2.9435E0,2.35E0,0.E0));
#3858=VERTEX_POINT('',#3856);
#3859=VERTEX_POINT('',#3857);
#3860=CARTESIAN_POINT('',(2.4283E0,-2.35E0,0.E0));
#3861=CARTESIAN_POINT('',(2.9435E0,-2.35E0,0.E0));
#3862=VERTEX_POINT('',#3860);
#3863=VERTEX_POINT('',#3861);
#3864=CARTESIAN_POINT('',(2.9435E0,2.35E0,-8.E-1));
#3865=CARTESIAN_POINT('',(4.4283E0,2.35E0,-8.E-1));
#3866=VERTEX_POINT('',#3864);
#3867=VERTEX_POINT('',#3865);
#3868=CARTESIAN_POINT('',(2.9435E0,-2.35E0,-8.E-1));
#3869=CARTESIAN_POINT('',(4.4283E0,-2.35E0,-8.E-1));
#3870=VERTEX_POINT('',#3868);
#3871=VERTEX_POINT('',#3869);
#3872=CARTESIAN_POINT('',(3.E1,1.65E0,2.85E0));
#3873=CARTESIAN_POINT('',(3.E1,1.65E0,6.15E0));
#3874=VERTEX_POINT('',#3872);
#3875=VERTEX_POINT('',#3873);
#3876=CARTESIAN_POINT('',(3.E1,-1.65E0,6.15E0));
#3877=CARTESIAN_POINT('',(3.E1,-1.65E0,2.85E0));
#3878=VERTEX_POINT('',#3876);
#3879=VERTEX_POINT('',#3877);
#3880=CARTESIAN_POINT('',(2.45E1,-1.65E0,2.85E0));
#3881=CARTESIAN_POINT('',(2.45E1,1.65E0,2.85E0));
#3882=VERTEX_POINT('',#3880);
#3883=VERTEX_POINT('',#3881);
#3884=CARTESIAN_POINT('',(2.45E1,1.65E0,6.15E0));
#3885=VERTEX_POINT('',#3884);
#3886=CARTESIAN_POINT('',(2.45E1,-1.65E0,6.15E0));
#3887=VERTEX_POINT('',#3886);
#3888=CARTESIAN_POINT('',(2.45E1,-1.25E0,5.75E0));
#3889=CARTESIAN_POINT('',(2.45E1,-1.25E0,3.25E0));
#3890=VERTEX_POINT('',#3888);
#3891=VERTEX_POINT('',#3889);
#3892=CARTESIAN_POINT('',(2.45E1,1.25E0,3.25E0));
#3893=VERTEX_POINT('',#3892);
#3894=CARTESIAN_POINT('',(2.45E1,1.25E0,5.75E0));
#3895=VERTEX_POINT('',#3894);
#3896=CARTESIAN_POINT('',(2.35E1,1.65E0,2.85E0));
#3897=CARTESIAN_POINT('',(2.35E1,-1.65E0,2.85E0));
#3898=VERTEX_POINT('',#3896);
#3899=VERTEX_POINT('',#3897);
#3900=CARTESIAN_POINT('',(2.35E1,-1.65E0,6.15E0));
#3901=VERTEX_POINT('',#3900);
#3902=CARTESIAN_POINT('',(2.35E1,1.65E0,6.15E0));
#3903=VERTEX_POINT('',#3902);
#3904=CARTESIAN_POINT('',(2.35E1,-1.25E0,5.75E0));
#3905=CARTESIAN_POINT('',(2.35E1,-1.25E0,3.25E0));
#3906=VERTEX_POINT('',#3904);
#3907=VERTEX_POINT('',#3905);
#3908=CARTESIAN_POINT('',(2.35E1,1.25E0,3.25E0));
#3909=VERTEX_POINT('',#3908);
#3910=CARTESIAN_POINT('',(2.35E1,1.25E0,5.75E0));
#3911=VERTEX_POINT('',#3910);
#3912=CARTESIAN_POINT('',(2.15E1,2.5E0,7.E0));
#3913=CARTESIAN_POINT('',(2.15E1,2.5E0,2.E0));
#3914=VERTEX_POINT('',#3912);
#3915=VERTEX_POINT('',#3913);
#3916=CARTESIAN_POINT('',(2.15E1,-2.5E0,2.E0));
#3917=VERTEX_POINT('',#3916);
#3918=CARTESIAN_POINT('',(2.15E1,-2.5E0,7.E0));
#3919=VERTEX_POINT('',#3918);
#3920=CARTESIAN_POINT('',(2.15E1,1.65E0,2.85E0));
#3921=CARTESIAN_POINT('',(2.15E1,-1.65E0,2.85E0));
#3922=VERTEX_POINT('',#3920);
#3923=VERTEX_POINT('',#3921);
#3924=CARTESIAN_POINT('',(2.15E1,-1.65E0,6.15E0));
#3925=VERTEX_POINT('',#3924);
#3926=CARTESIAN_POINT('',(2.15E1,1.65E0,6.15E0));
#3927=VERTEX_POINT('',#3926);
#3928=CARTESIAN_POINT('',(3.E1,1.E0,2.85E0));
#3929=CARTESIAN_POINT('',(3.E1,1.E0,6.15E0));
#3930=VERTEX_POINT('',#3928);
#3931=VERTEX_POINT('',#3929);
#3932=CARTESIAN_POINT('',(3.E1,-1.E0,2.85E0));
#3933=CARTESIAN_POINT('',(3.E1,-1.E0,6.15E0));
#3934=VERTEX_POINT('',#3932);
#3935=VERTEX_POINT('',#3933);
#3936=CARTESIAN_POINT('',(2.98E1,1.E0,2.85E0));
#3937=VERTEX_POINT('',#3936);
#3938=CARTESIAN_POINT('',(2.98E1,-1.E0,2.85E0));
#3939=VERTEX_POINT('',#3938);
#3940=CARTESIAN_POINT('',(2.98E1,1.E0,6.15E0));
#3941=VERTEX_POINT('',#3940);
#3942=CARTESIAN_POINT('',(2.98E1,-1.E0,6.15E0));
#3943=VERTEX_POINT('',#3942);
#3944=CARTESIAN_POINT('',(2.755E1,-1.25E0,6.15E0));
#3945=CARTESIAN_POINT('',(2.755E1,-1.25E0,2.85E0));
#3946=VERTEX_POINT('',#3944);
#3947=VERTEX_POINT('',#3945);
#3948=CARTESIAN_POINT('',(2.775E1,-1.65E0,6.15E0));
#3949=CARTESIAN_POINT('',(2.775E1,-1.65E0,2.85E0));
#3950=VERTEX_POINT('',#3948);
#3951=VERTEX_POINT('',#3949);
#3952=CARTESIAN_POINT('',(2.675E1,-1.65E0,6.15E0));
#3953=CARTESIAN_POINT('',(2.675E1,-1.65E0,2.85E0));
#3954=VERTEX_POINT('',#3952);
#3955=VERTEX_POINT('',#3953);
#3956=CARTESIAN_POINT('',(2.695E1,-1.25E0,6.15E0));
#3957=CARTESIAN_POINT('',(2.695E1,-1.25E0,2.85E0));
#3958=VERTEX_POINT('',#3956);
#3959=VERTEX_POINT('',#3957);
#3960=CARTESIAN_POINT('',(2.775E1,1.65E0,6.15E0));
#3961=CARTESIAN_POINT('',(2.775E1,1.65E0,2.85E0));
#3962=VERTEX_POINT('',#3960);
#3963=VERTEX_POINT('',#3961);
#3964=CARTESIAN_POINT('',(2.755E1,1.25E0,6.15E0));
#3965=CARTESIAN_POINT('',(2.755E1,1.25E0,2.85E0));
#3966=VERTEX_POINT('',#3964);
#3967=VERTEX_POINT('',#3965);
#3968=CARTESIAN_POINT('',(2.695E1,1.25E0,6.15E0));
#3969=CARTESIAN_POINT('',(2.695E1,1.25E0,2.85E0));
#3970=VERTEX_POINT('',#3968);
#3971=VERTEX_POINT('',#3969);
#3972=CARTESIAN_POINT('',(2.675E1,1.65E0,6.15E0));
#3973=CARTESIAN_POINT('',(2.675E1,1.65E0,2.85E0));
#3974=VERTEX_POINT('',#3972);
#3975=VERTEX_POINT('',#3973);
#3976=CARTESIAN_POINT('',(2.1E1,3.9E0,8.2E0));
#3977=CARTESIAN_POINT('',(2.1E1,3.9E0,8.E-1));
#3978=VERTEX_POINT('',#3976);
#3979=VERTEX_POINT('',#3977);
#3980=CARTESIAN_POINT('',(2.1E1,-3.9E0,8.E-1));
#3981=VERTEX_POINT('',#3980);
#3982=CARTESIAN_POINT('',(2.1E1,-3.9E0,8.2E0));
#3983=VERTEX_POINT('',#3982);
#3984=CARTESIAN_POINT('',(2.05E1,3.9E0,8.2E0));
#3985=CARTESIAN_POINT('',(2.05E1,3.9E0,8.E-1));
#3986=VERTEX_POINT('',#3984);
#3987=VERTEX_POINT('',#3985);
#3988=CARTESIAN_POINT('',(2.05E1,-3.9E0,8.E-1));
#3989=VERTEX_POINT('',#3988);
#3990=CARTESIAN_POINT('',(2.05E1,-3.9E0,8.2E0));
#3991=VERTEX_POINT('',#3990);
#3992=CARTESIAN_POINT('',(2.1E1,2.5E0,7.E0));
#3993=CARTESIAN_POINT('',(2.1E1,2.5E0,2.E0));
#3994=VERTEX_POINT('',#3992);
#3995=VERTEX_POINT('',#3993);
#3996=CARTESIAN_POINT('',(2.1E1,-2.5E0,2.E0));
#3997=VERTEX_POINT('',#3996);
#3998=CARTESIAN_POINT('',(2.1E1,-2.5E0,7.E0));
#3999=VERTEX_POINT('',#3998);
#4000=CARTESIAN_POINT('',(2.05E1,-2.5E0,7.E0));
#4001=CARTESIAN_POINT('',(2.05E1,-2.5E0,2.E0));
#4002=VERTEX_POINT('',#4000);
#4003=VERTEX_POINT('',#4001);
#4004=CARTESIAN_POINT('',(2.05E1,2.5E0,2.E0));
#4005=VERTEX_POINT('',#4004);
#4006=CARTESIAN_POINT('',(2.05E1,2.5E0,7.E0));
#4007=VERTEX_POINT('',#4006);
#4008=CARTESIAN_POINT('',(1.2E1,-2.5E0,7.E0));
#4009=VERTEX_POINT('',#4008);
#4010=CARTESIAN_POINT('',(1.2E1,2.5E0,7.E0));
#4011=VERTEX_POINT('',#4010);
#4012=CARTESIAN_POINT('',(1.61185E1,8.026E-1,6.E0));
#4013=CARTESIAN_POINT('',(1.2E1,8.026E-1,6.E0));
#4014=VERTEX_POINT('',#4012);
#4015=VERTEX_POINT('',#4013);
#4016=CARTESIAN_POINT('',(1.2E1,-8.026E-1,6.E0));
#4017=VERTEX_POINT('',#4016);
#4018=CARTESIAN_POINT('',(1.61185E1,-8.026E-1,6.E0));
#4019=VERTEX_POINT('',#4018);
#4020=CARTESIAN_POINT('',(1.2E1,8.026E-1,7.E0));
#4021=CARTESIAN_POINT('',(1.61185E1,8.026E-1,7.E0));
#4022=VERTEX_POINT('',#4020);
#4023=VERTEX_POINT('',#4021);
#4024=CARTESIAN_POINT('',(1.2E1,-8.026E-1,7.E0));
#4025=CARTESIAN_POINT('',(1.61185E1,-8.026E-1,7.E0));
#4026=VERTEX_POINT('',#4024);
#4027=VERTEX_POINT('',#4025);
#4028=CARTESIAN_POINT('',(1.632540102992E1,-2.5E0,2.E0));
#4029=CARTESIAN_POINT('',(1.632540102992E1,2.5E0,2.E0));
#4030=VERTEX_POINT('',#4028);
#4031=VERTEX_POINT('',#4029);
#4032=CARTESIAN_POINT('',(1.2E1,-1.0533E0,3.E0));
#4033=CARTESIAN_POINT('',(1.554598666271E1,-1.0533E0,3.E0));
#4034=VERTEX_POINT('',#4032);
#4035=VERTEX_POINT('',#4033);
#4036=CARTESIAN_POINT('',(1.554598666271E1,1.0533E0,3.E0));
#4037=CARTESIAN_POINT('',(1.2E1,1.0533E0,3.E0));
#4038=VERTEX_POINT('',#4036);
#4039=VERTEX_POINT('',#4037);
#4040=CARTESIAN_POINT('',(1.2E1,-2.5E0,3.E0));
#4041=CARTESIAN_POINT('',(1.632540102992E1,-2.5E0,3.E0));
#4042=VERTEX_POINT('',#4040);
#4043=VERTEX_POINT('',#4041);
#4044=CARTESIAN_POINT('',(1.2E1,2.5E0,3.E0));
#4045=CARTESIAN_POINT('',(1.632540102992E1,2.5E0,3.E0));
#4046=VERTEX_POINT('',#4044);
#4047=VERTEX_POINT('',#4045);
#4048=CARTESIAN_POINT('',(1.2E1,-1.0533E0,2.5E0));
#4049=CARTESIAN_POINT('',(1.554598666271E1,-1.0533E0,2.5E0));
#4050=VERTEX_POINT('',#4048);
#4051=VERTEX_POINT('',#4049);
#4052=CARTESIAN_POINT('',(1.2E1,1.0533E0,2.5E0));
#4053=CARTESIAN_POINT('',(1.554598666271E1,1.0533E0,2.5E0));
#4054=VERTEX_POINT('',#4052);
#4055=VERTEX_POINT('',#4053);
#4056=CARTESIAN_POINT('',(1.2E1,-3.9907E0,4.4649E0));
#4057=CARTESIAN_POINT('',(1.2E1,-3.6907E0,4.4649E0));
#4058=VERTEX_POINT('',#4056);
#4059=VERTEX_POINT('',#4057);
#4060=CARTESIAN_POINT('',(2.05E1,-3.9E0,4.4649E0));
#4061=CARTESIAN_POINT('',(2.05E1,-3.6907E0,4.4649E0));
#4062=VERTEX_POINT('',#4060);
#4063=VERTEX_POINT('',#4061);
#4064=VERTEX_POINT('',#1560);
#4065=VERTEX_POINT('',#1482);
#4066=CARTESIAN_POINT('',(2.063760281813E1,-3.9E0,4.471898174205E0));
#4067=VERTEX_POINT('',#4066);
#4068=CARTESIAN_POINT('',(2.038193671018E1,-3.933030960847E0,4.458895562877E0));
#4069=VERTEX_POINT('',#4068);
#4070=CARTESIAN_POINT('',(-4.3973E0,-5.264E-1,-2.E-2));
#4071=CARTESIAN_POINT('',(-4.3973E0,6.381E-1,-2.E-2));
#4072=VERTEX_POINT('',#4070);
#4073=VERTEX_POINT('',#4071);
#4074=CARTESIAN_POINT('',(-3.523925E0,6.381E-1,-2.E-2));
#4075=VERTEX_POINT('',#4074);
#4076=CARTESIAN_POINT('',(-3.523925E0,4.894404259011E-1,-2.E-2));
#4077=VERTEX_POINT('',#4076);
#4078=CARTESIAN_POINT('',(-4.2517375E0,4.894404259011E-1,-2.E-2));
#4079=VERTEX_POINT('',#4078);
#4080=CARTESIAN_POINT('',(-4.2517375E0,-5.264E-1,-2.E-2));
#4081=VERTEX_POINT('',#4080);
#4082=CARTESIAN_POINT('',(-2.383685462940E0,3.407808518022E-1,-2.E-2));
#4083=CARTESIAN_POINT('',(-2.529247962940E0,3.407808518022E-1,-2.E-2));
#4084=VERTEX_POINT('',#4082);
#4085=VERTEX_POINT('',#4083);
#4086=CARTESIAN_POINT('',(-2.553508287060E0,4.151106301755E-1,-2.E-2));
#4087=VERTEX_POINT('',#4086);
#4088=CARTESIAN_POINT('',(-2.626289537060E0,4.646638331100E-1,-2.E-2));
#4089=VERTEX_POINT('',#4088);
#4090=CARTESIAN_POINT('',(-2.72333125E0,4.894404259011E-1,-2.E-2));
#4091=VERTEX_POINT('',#4090);
#4092=CARTESIAN_POINT('',(-2.941675E0,4.894404259011E-1,-2.E-2));
#4093=VERTEX_POINT('',#4092);
#4094=CARTESIAN_POINT('',(-3.038716712940E0,4.646638331100E-1,-2.E-2));
#4095=VERTEX_POINT('',#4094);
#4096=CARTESIAN_POINT('',(-3.111497962940E0,4.151106301755E-1,-2.E-2));
#4097=VERTEX_POINT('',#4096);
#4098=CARTESIAN_POINT('',(-3.16001875E0,3.407808518022E-1,-2.E-2));
#4099=VERTEX_POINT('',#4098);
#4100=CARTESIAN_POINT('',(-3.184279212940E0,2.416744806379E-1,-2.E-2));
#4101=VERTEX_POINT('',#4100);
#4102=CARTESIAN_POINT('',(-3.184279212940E0,-1.299744459331E-1,-2.E-2));
#4103=VERTEX_POINT('',#4102);
#4104=CARTESIAN_POINT('',(-3.16001875E0,-2.290808170974E-1,-2.E-2));
#4105=VERTEX_POINT('',#4104);
#4106=CARTESIAN_POINT('',(-3.111497962940E0,-3.034106648803E-1,-2.E-2));
#4107=VERTEX_POINT('',#4106);
#4108=CARTESIAN_POINT('',(-3.038716712940E0,-3.529638504624E-1,-2.E-2));
#4109=VERTEX_POINT('',#4108);
#4110=CARTESIAN_POINT('',(-2.941675E0,-3.777404432535E-1,-2.E-2));
#4111=VERTEX_POINT('',#4110);
#4112=CARTESIAN_POINT('',(-2.72333125E0,-3.777404432535E-1,-2.E-2));
#4113=VERTEX_POINT('',#4112);
#4114=CARTESIAN_POINT('',(-2.626289537060E0,-3.529638504624E-1,-2.E-2));
#4115=VERTEX_POINT('',#4114);
#4116=CARTESIAN_POINT('',(-2.553508287060E0,-3.034106648803E-1,-2.E-2));
#4117=VERTEX_POINT('',#4116);
#4118=CARTESIAN_POINT('',(-2.529247962940E0,-2.290808170974E-1,-2.E-2));
#4119=VERTEX_POINT('',#4118);
#4120=CARTESIAN_POINT('',(-2.383685462940E0,-2.290808170974E-1,-2.E-2));
#4121=VERTEX_POINT('',#4120);
#4122=CARTESIAN_POINT('',(-2.407945787060E0,-3.529638504624E-1,-2.E-2));
#4123=VERTEX_POINT('',#4122);
#4124=CARTESIAN_POINT('',(-2.5049875E0,-4.520702216268E-1,-2.E-2));
#4125=VERTEX_POINT('',#4124);
#4126=CARTESIAN_POINT('',(-2.602029212940E0,-5.016234072089E-1,-2.E-2));
#4127=VERTEX_POINT('',#4126);
#4128=CARTESIAN_POINT('',(-2.72333125E0,-5.264E-1,-2.E-2));
#4129=VERTEX_POINT('',#4128);
#4130=CARTESIAN_POINT('',(-2.941675E0,-5.264E-1,-2.E-2));
#4131=VERTEX_POINT('',#4130);
#4132=CARTESIAN_POINT('',(-3.062977037060E0,-5.016234072089E-1,-2.E-2));
#4133=VERTEX_POINT('',#4132);
#4134=CARTESIAN_POINT('',(-3.16001875E0,-4.520702216268E-1,-2.E-2));
#4135=VERTEX_POINT('',#4134);
#4136=CARTESIAN_POINT('',(-3.257060393530E0,-3.529638504624E-1,-2.E-2));
#4137=VERTEX_POINT('',#4136);
#4138=CARTESIAN_POINT('',(-3.30558125E0,-2.538574792981E-1,-2.E-2));
#4139=VERTEX_POINT('',#4138);
#4140=CARTESIAN_POINT('',(-3.329841643530E0,-1.299744459331E-1,-2.E-2));
#4141=VERTEX_POINT('',#4140);
#4142=CARTESIAN_POINT('',(-3.329841643530E0,2.416744806379E-1,-2.E-2));
#4143=VERTEX_POINT('',#4142);
#4144=CARTESIAN_POINT('',(-3.30558125E0,3.655574445933E-1,-2.E-2));
#4145=VERTEX_POINT('',#4144);
#4146=CARTESIAN_POINT('',(-3.257060393530E0,4.646638331100E-1,-2.E-2));
#4147=VERTEX_POINT('',#4146);
#4148=CARTESIAN_POINT('',(-3.16001875E0,5.637702129506E-1,-2.E-2));
#4149=VERTEX_POINT('',#4148);
#4150=CARTESIAN_POINT('',(-3.062977037060E0,6.133234050399E-1,-2.E-2));
#4151=VERTEX_POINT('',#4150);
#4152=CARTESIAN_POINT('',(-2.941675E0,6.381E-1,-2.E-2));
#4153=VERTEX_POINT('',#4152);
#4154=CARTESIAN_POINT('',(-2.72333125E0,6.381E-1,-2.E-2));
#4155=VERTEX_POINT('',#4154);
#4156=CARTESIAN_POINT('',(-2.602029212940E0,6.133234050399E-1,-2.E-2));
#4157=VERTEX_POINT('',#4156);
#4158=CARTESIAN_POINT('',(-2.5049875E0,5.637702129506E-1,-2.E-2));
#4159=VERTEX_POINT('',#4158);
#4160=CARTESIAN_POINT('',(-2.407945787060E0,4.646638331100E-1,-2.E-2));
#4161=VERTEX_POINT('',#4160);
#4162=CARTESIAN_POINT('',(-1.316227175879E0,4.894404259011E-1,-2.E-2));
#4163=CARTESIAN_POINT('',(-2.044039675879E0,4.894404259011E-1,-2.E-2));
#4164=VERTEX_POINT('',#4162);
#4165=VERTEX_POINT('',#4163);
#4166=CARTESIAN_POINT('',(-2.044039675879E0,9.301488918662E-2,-2.E-2));
#4167=VERTEX_POINT('',#4166);
#4168=CARTESIAN_POINT('',(-1.41326875E0,9.301488918662E-2,-2.E-2));
#4169=VERTEX_POINT('',#4168);
#4170=CARTESIAN_POINT('',(-1.41326875E0,-5.564466755986E-2,-2.E-2));
#4171=VERTEX_POINT('',#4170);
#4172=CARTESIAN_POINT('',(-2.044039675879E0,-5.564466755986E-2,-2.E-2));
#4173=VERTEX_POINT('',#4172);
#4174=CARTESIAN_POINT('',(-2.044039675879E0,-3.777404432535E-1,-2.E-2));
#4175=VERTEX_POINT('',#4174);
#4176=CARTESIAN_POINT('',(-1.316227175879E0,-3.777404432535E-1,-2.E-2));
#4177=VERTEX_POINT('',#4176);
#4178=CARTESIAN_POINT('',(-1.316227175879E0,-5.264E-1,-2.E-2));
#4179=VERTEX_POINT('',#4178);
#4180=CARTESIAN_POINT('',(-2.189602037060E0,-5.264E-1,-2.E-2));
#4181=VERTEX_POINT('',#4180);
#4182=CARTESIAN_POINT('',(-2.189602037060E0,6.381E-1,-2.E-2));
#4183=VERTEX_POINT('',#4182);
#4184=CARTESIAN_POINT('',(-1.316227175879E0,6.381E-1,-2.E-2));
#4185=VERTEX_POINT('',#4184);
#4186=CARTESIAN_POINT('',(-5.3989375E-1,-5.264E-1,-2.E-2));
#4187=CARTESIAN_POINT('',(-1.12214375E0,-5.264E-1,-2.E-2));
#4188=VERTEX_POINT('',#4186);
#4189=VERTEX_POINT('',#4187);
#4190=CARTESIAN_POINT('',(-1.12214375E0,6.381E-1,-2.E-2));
#4191=VERTEX_POINT('',#4190);
#4192=CARTESIAN_POINT('',(-5.3989375E-1,6.381E-1,-2.E-2));
#4193=VERTEX_POINT('',#4192);
#4194=CARTESIAN_POINT('',(-4.185915741205E-1,6.133234050399E-1,-2.E-2));
#4195=VERTEX_POINT('',#4194);
#4196=CARTESIAN_POINT('',(-3.2155E-1,5.637702129506E-1,-2.E-2));
#4197=VERTEX_POINT('',#4196);
#4198=CARTESIAN_POINT('',(-2.245084258795E-1,4.646638331100E-1,-2.E-2));
#4199=VERTEX_POINT('',#4198);
#4200=CARTESIAN_POINT('',(-1.759875E-1,3.655574445933E-1,-2.E-2));
#4201=VERTEX_POINT('',#4200);
#4202=CARTESIAN_POINT('',(-1.517271758795E-1,2.416744806379E-1,-2.E-2));
#4203=VERTEX_POINT('',#4202);
#4204=CARTESIAN_POINT('',(-1.517271758795E-1,-1.299744459331E-1,-2.E-2));
#4205=VERTEX_POINT('',#4204);
#4206=CARTESIAN_POINT('',(-1.759875E-1,-2.538574792981E-1,-2.E-2));
#4207=VERTEX_POINT('',#4206);
#4208=CARTESIAN_POINT('',(-2.245084258795E-1,-3.529638504624E-1,-2.E-2));
#4209=VERTEX_POINT('',#4208);
#4210=CARTESIAN_POINT('',(-3.2155E-1,-4.520702216268E-1,-2.E-2));
#4211=VERTEX_POINT('',#4210);
#4212=CARTESIAN_POINT('',(-4.185915741205E-1,-5.016234072089E-1,-2.E-2));
#4213=VERTEX_POINT('',#4212);
#4214=CARTESIAN_POINT('',(-9.7658125E-1,-3.777404432535E-1,-2.E-2));
#4215=CARTESIAN_POINT('',(-5.3989375E-1,-3.777404432535E-1,-2.E-2));
#4216=VERTEX_POINT('',#4214);
#4217=VERTEX_POINT('',#4215);
#4218=CARTESIAN_POINT('',(-4.428521758795E-1,-3.529638504624E-1,-2.E-2));
#4219=VERTEX_POINT('',#4218);
#4220=CARTESIAN_POINT('',(-3.700709258795E-1,-3.034106648803E-1,-2.E-2));
#4221=VERTEX_POINT('',#4220);
#4222=CARTESIAN_POINT('',(-3.2155E-1,-2.290808170974E-1,-2.E-2));
#4223=VERTEX_POINT('',#4222);
#4224=CARTESIAN_POINT('',(-2.972896758795E-1,-1.299744459331E-1,-2.E-2));
#4225=VERTEX_POINT('',#4224);
#4226=CARTESIAN_POINT('',(-2.972896758795E-1,2.416744806379E-1,-2.E-2));
#4227=VERTEX_POINT('',#4226);
#4228=CARTESIAN_POINT('',(-3.2155E-1,3.407808518022E-1,-2.E-2));
#4229=VERTEX_POINT('',#4228);
#4230=CARTESIAN_POINT('',(-3.700709258795E-1,4.151106301755E-1,-2.E-2));
#4231=VERTEX_POINT('',#4230);
#4232=CARTESIAN_POINT('',(-4.428521758795E-1,4.646638331100E-1,-2.E-2));
#4233=VERTEX_POINT('',#4232);
#4234=CARTESIAN_POINT('',(-5.3989375E-1,4.894404259011E-1,-2.E-2));
#4235=VERTEX_POINT('',#4234);
#4236=CARTESIAN_POINT('',(-9.7658125E-1,4.894404259011E-1,-2.E-2));
#4237=VERTEX_POINT('',#4236);
#4238=CARTESIAN_POINT('',(6.2460625E-1,-5.264E-1,-2.E-2));
#4239=CARTESIAN_POINT('',(4.305231017590E-1,-5.264E-1,-2.E-2));
#4240=VERTEX_POINT('',#4238);
#4241=VERTEX_POINT('',#4239);
#4242=CARTESIAN_POINT('',(4.235625E-2,6.381E-1,-2.E-2));
#4243=VERTEX_POINT('',#4242);
#4244=CARTESIAN_POINT('',(1.8791875E-1,6.381E-1,-2.E-2));
#4245=VERTEX_POINT('',#4244);
#4246=CARTESIAN_POINT('',(2.849606017590E-1,3.407808518022E-1,-2.E-2));
#4247=VERTEX_POINT('',#4246);
#4248=CARTESIAN_POINT('',(7.7016875E-1,3.407808518022E-1,-2.E-2));
#4249=VERTEX_POINT('',#4248);
#4250=CARTESIAN_POINT('',(8.672106017590E-1,6.381E-1,-2.E-2));
#4251=VERTEX_POINT('',#4250);
#4252=CARTESIAN_POINT('',(1.012773101759E0,6.381E-1,-2.E-2));
#4253=VERTEX_POINT('',#4252);
#4254=CARTESIAN_POINT('',(5.275643982410E-1,-4.272936288357E-1,-2.E-2));
#4255=CARTESIAN_POINT('',(7.459081482410E-1,2.416744806379E-1,-2.E-2));
#4256=VERTEX_POINT('',#4254);
#4257=VERTEX_POINT('',#4255);
#4258=CARTESIAN_POINT('',(3.092206482410E-1,2.416744806379E-1,-2.E-2));
#4259=VERTEX_POINT('',#4258);
#4260=CARTESIAN_POINT('',(-4.3973E0,-5.264E-1,0.E0));
#4261=CARTESIAN_POINT('',(-4.3973E0,6.381E-1,0.E0));
#4262=VERTEX_POINT('',#4260);
#4263=VERTEX_POINT('',#4261);
#4264=CARTESIAN_POINT('',(-3.523925E0,6.381E-1,0.E0));
#4265=VERTEX_POINT('',#4264);
#4266=CARTESIAN_POINT('',(-3.523925E0,4.894404259011E-1,0.E0));
#4267=VERTEX_POINT('',#4266);
#4268=CARTESIAN_POINT('',(-4.2517375E0,4.894404259011E-1,0.E0));
#4269=VERTEX_POINT('',#4268);
#4270=CARTESIAN_POINT('',(-4.2517375E0,-5.264E-1,0.E0));
#4271=VERTEX_POINT('',#4270);
#4272=CARTESIAN_POINT('',(-2.383685462940E0,3.407808518022E-1,0.E0));
#4273=CARTESIAN_POINT('',(-2.529247962940E0,3.407808518022E-1,0.E0));
#4274=VERTEX_POINT('',#4272);
#4275=VERTEX_POINT('',#4273);
#4276=CARTESIAN_POINT('',(-2.553508287060E0,4.151106301755E-1,0.E0));
#4277=VERTEX_POINT('',#4276);
#4278=CARTESIAN_POINT('',(-2.626289537060E0,4.646638331100E-1,0.E0));
#4279=VERTEX_POINT('',#4278);
#4280=CARTESIAN_POINT('',(-2.72333125E0,4.894404259011E-1,0.E0));
#4281=VERTEX_POINT('',#4280);
#4282=CARTESIAN_POINT('',(-2.941675E0,4.894404259011E-1,0.E0));
#4283=VERTEX_POINT('',#4282);
#4284=CARTESIAN_POINT('',(-3.038716712940E0,4.646638331100E-1,0.E0));
#4285=VERTEX_POINT('',#4284);
#4286=CARTESIAN_POINT('',(-3.111497962940E0,4.151106301755E-1,0.E0));
#4287=VERTEX_POINT('',#4286);
#4288=CARTESIAN_POINT('',(-3.16001875E0,3.407808518022E-1,0.E0));
#4289=VERTEX_POINT('',#4288);
#4290=CARTESIAN_POINT('',(-3.184279212940E0,2.416744806379E-1,0.E0));
#4291=VERTEX_POINT('',#4290);
#4292=CARTESIAN_POINT('',(-3.184279212940E0,-1.299744459331E-1,0.E0));
#4293=VERTEX_POINT('',#4292);
#4294=CARTESIAN_POINT('',(-3.16001875E0,-2.290808170974E-1,0.E0));
#4295=VERTEX_POINT('',#4294);
#4296=CARTESIAN_POINT('',(-3.111497962940E0,-3.034106648803E-1,0.E0));
#4297=VERTEX_POINT('',#4296);
#4298=CARTESIAN_POINT('',(-3.038716712940E0,-3.529638504624E-1,0.E0));
#4299=VERTEX_POINT('',#4298);
#4300=CARTESIAN_POINT('',(-2.941675E0,-3.777404432535E-1,0.E0));
#4301=VERTEX_POINT('',#4300);
#4302=CARTESIAN_POINT('',(-2.72333125E0,-3.777404432535E-1,0.E0));
#4303=VERTEX_POINT('',#4302);
#4304=CARTESIAN_POINT('',(-2.626289537060E0,-3.529638504624E-1,0.E0));
#4305=VERTEX_POINT('',#4304);
#4306=CARTESIAN_POINT('',(-2.553508287060E0,-3.034106648803E-1,0.E0));
#4307=VERTEX_POINT('',#4306);
#4308=CARTESIAN_POINT('',(-2.529247962940E0,-2.290808170974E-1,0.E0));
#4309=VERTEX_POINT('',#4308);
#4310=CARTESIAN_POINT('',(-2.383685462940E0,-2.290808170974E-1,0.E0));
#4311=VERTEX_POINT('',#4310);
#4312=CARTESIAN_POINT('',(-2.407945787060E0,-3.529638504624E-1,0.E0));
#4313=VERTEX_POINT('',#4312);
#4314=CARTESIAN_POINT('',(-2.5049875E0,-4.520702216268E-1,0.E0));
#4315=VERTEX_POINT('',#4314);
#4316=CARTESIAN_POINT('',(-2.602029212940E0,-5.016234072089E-1,0.E0));
#4317=VERTEX_POINT('',#4316);
#4318=CARTESIAN_POINT('',(-2.72333125E0,-5.264E-1,0.E0));
#4319=VERTEX_POINT('',#4318);
#4320=CARTESIAN_POINT('',(-2.941675E0,-5.264E-1,0.E0));
#4321=VERTEX_POINT('',#4320);
#4322=CARTESIAN_POINT('',(-3.062977037060E0,-5.016234072089E-1,0.E0));
#4323=VERTEX_POINT('',#4322);
#4324=CARTESIAN_POINT('',(-3.16001875E0,-4.520702216268E-1,0.E0));
#4325=VERTEX_POINT('',#4324);
#4326=CARTESIAN_POINT('',(-3.257060393530E0,-3.529638504624E-1,0.E0));
#4327=VERTEX_POINT('',#4326);
#4328=CARTESIAN_POINT('',(-3.30558125E0,-2.538574792981E-1,0.E0));
#4329=VERTEX_POINT('',#4328);
#4330=CARTESIAN_POINT('',(-3.329841643530E0,-1.299744459331E-1,0.E0));
#4331=VERTEX_POINT('',#4330);
#4332=CARTESIAN_POINT('',(-3.329841643530E0,2.416744806379E-1,0.E0));
#4333=VERTEX_POINT('',#4332);
#4334=CARTESIAN_POINT('',(-3.30558125E0,3.655574445933E-1,0.E0));
#4335=VERTEX_POINT('',#4334);
#4336=CARTESIAN_POINT('',(-3.257060393530E0,4.646638331100E-1,0.E0));
#4337=VERTEX_POINT('',#4336);
#4338=CARTESIAN_POINT('',(-3.16001875E0,5.637702129506E-1,0.E0));
#4339=VERTEX_POINT('',#4338);
#4340=CARTESIAN_POINT('',(-3.062977037060E0,6.133234050399E-1,0.E0));
#4341=VERTEX_POINT('',#4340);
#4342=CARTESIAN_POINT('',(-2.941675E0,6.381E-1,0.E0));
#4343=VERTEX_POINT('',#4342);
#4344=CARTESIAN_POINT('',(-2.72333125E0,6.381E-1,0.E0));
#4345=VERTEX_POINT('',#4344);
#4346=CARTESIAN_POINT('',(-2.602029212940E0,6.133234050399E-1,0.E0));
#4347=VERTEX_POINT('',#4346);
#4348=CARTESIAN_POINT('',(-2.5049875E0,5.637702129506E-1,0.E0));
#4349=VERTEX_POINT('',#4348);
#4350=CARTESIAN_POINT('',(-2.407945787060E0,4.646638331100E-1,0.E0));
#4351=VERTEX_POINT('',#4350);
#4352=CARTESIAN_POINT('',(-1.316227175879E0,4.894404259011E-1,0.E0));
#4353=CARTESIAN_POINT('',(-2.044039675879E0,4.894404259011E-1,0.E0));
#4354=VERTEX_POINT('',#4352);
#4355=VERTEX_POINT('',#4353);
#4356=CARTESIAN_POINT('',(-2.044039675879E0,9.301488918662E-2,0.E0));
#4357=VERTEX_POINT('',#4356);
#4358=CARTESIAN_POINT('',(-1.41326875E0,9.301488918662E-2,0.E0));
#4359=VERTEX_POINT('',#4358);
#4360=CARTESIAN_POINT('',(-1.41326875E0,-5.564466755986E-2,0.E0));
#4361=VERTEX_POINT('',#4360);
#4362=CARTESIAN_POINT('',(-2.044039675879E0,-5.564466755986E-2,0.E0));
#4363=VERTEX_POINT('',#4362);
#4364=CARTESIAN_POINT('',(-2.044039675879E0,-3.777404432535E-1,0.E0));
#4365=VERTEX_POINT('',#4364);
#4366=CARTESIAN_POINT('',(-1.316227175879E0,-3.777404432535E-1,0.E0));
#4367=VERTEX_POINT('',#4366);
#4368=CARTESIAN_POINT('',(-1.316227175879E0,-5.264E-1,0.E0));
#4369=VERTEX_POINT('',#4368);
#4370=CARTESIAN_POINT('',(-2.189602037060E0,-5.264E-1,0.E0));
#4371=VERTEX_POINT('',#4370);
#4372=CARTESIAN_POINT('',(-2.189602037060E0,6.381E-1,0.E0));
#4373=VERTEX_POINT('',#4372);
#4374=CARTESIAN_POINT('',(-1.316227175879E0,6.381E-1,0.E0));
#4375=VERTEX_POINT('',#4374);
#4376=CARTESIAN_POINT('',(-5.3989375E-1,-5.264E-1,0.E0));
#4377=CARTESIAN_POINT('',(-1.12214375E0,-5.264E-1,0.E0));
#4378=VERTEX_POINT('',#4376);
#4379=VERTEX_POINT('',#4377);
#4380=CARTESIAN_POINT('',(-1.12214375E0,6.381E-1,0.E0));
#4381=VERTEX_POINT('',#4380);
#4382=CARTESIAN_POINT('',(-5.3989375E-1,6.381E-1,0.E0));
#4383=VERTEX_POINT('',#4382);
#4384=CARTESIAN_POINT('',(-4.185915741205E-1,6.133234050399E-1,0.E0));
#4385=VERTEX_POINT('',#4384);
#4386=CARTESIAN_POINT('',(-3.2155E-1,5.637702129506E-1,0.E0));
#4387=VERTEX_POINT('',#4386);
#4388=CARTESIAN_POINT('',(-2.245084258795E-1,4.646638331100E-1,0.E0));
#4389=VERTEX_POINT('',#4388);
#4390=CARTESIAN_POINT('',(-1.759875E-1,3.655574445933E-1,0.E0));
#4391=VERTEX_POINT('',#4390);
#4392=CARTESIAN_POINT('',(-1.517271758795E-1,2.416744806379E-1,0.E0));
#4393=VERTEX_POINT('',#4392);
#4394=CARTESIAN_POINT('',(-1.517271758795E-1,-1.299744459331E-1,0.E0));
#4395=VERTEX_POINT('',#4394);
#4396=CARTESIAN_POINT('',(-1.759875E-1,-2.538574792981E-1,0.E0));
#4397=VERTEX_POINT('',#4396);
#4398=CARTESIAN_POINT('',(-2.245084258795E-1,-3.529638504624E-1,0.E0));
#4399=VERTEX_POINT('',#4398);
#4400=CARTESIAN_POINT('',(-3.2155E-1,-4.520702216268E-1,0.E0));
#4401=VERTEX_POINT('',#4400);
#4402=CARTESIAN_POINT('',(-4.185915741205E-1,-5.016234072089E-1,0.E0));
#4403=VERTEX_POINT('',#4402);
#4404=CARTESIAN_POINT('',(-9.7658125E-1,-3.777404432535E-1,0.E0));
#4405=CARTESIAN_POINT('',(-5.3989375E-1,-3.777404432535E-1,0.E0));
#4406=VERTEX_POINT('',#4404);
#4407=VERTEX_POINT('',#4405);
#4408=CARTESIAN_POINT('',(-4.428521758795E-1,-3.529638504624E-1,0.E0));
#4409=VERTEX_POINT('',#4408);
#4410=CARTESIAN_POINT('',(-3.700709258795E-1,-3.034106648803E-1,0.E0));
#4411=VERTEX_POINT('',#4410);
#4412=CARTESIAN_POINT('',(-3.2155E-1,-2.290808170974E-1,0.E0));
#4413=VERTEX_POINT('',#4412);
#4414=CARTESIAN_POINT('',(-2.972896758795E-1,-1.299744459331E-1,0.E0));
#4415=VERTEX_POINT('',#4414);
#4416=CARTESIAN_POINT('',(-2.972896758795E-1,2.416744806379E-1,0.E0));
#4417=VERTEX_POINT('',#4416);
#4418=CARTESIAN_POINT('',(-3.2155E-1,3.407808518022E-1,0.E0));
#4419=VERTEX_POINT('',#4418);
#4420=CARTESIAN_POINT('',(-3.700709258795E-1,4.151106301755E-1,0.E0));
#4421=VERTEX_POINT('',#4420);
#4422=CARTESIAN_POINT('',(-4.428521758795E-1,4.646638331100E-1,0.E0));
#4423=VERTEX_POINT('',#4422);
#4424=CARTESIAN_POINT('',(-5.3989375E-1,4.894404259011E-1,0.E0));
#4425=VERTEX_POINT('',#4424);
#4426=CARTESIAN_POINT('',(-9.7658125E-1,4.894404259011E-1,0.E0));
#4427=VERTEX_POINT('',#4426);
#4428=CARTESIAN_POINT('',(6.2460625E-1,-5.264E-1,0.E0));
#4429=CARTESIAN_POINT('',(4.305231017590E-1,-5.264E-1,0.E0));
#4430=VERTEX_POINT('',#4428);
#4431=VERTEX_POINT('',#4429);
#4432=CARTESIAN_POINT('',(4.235625E-2,6.381E-1,0.E0));
#4433=VERTEX_POINT('',#4432);
#4434=CARTESIAN_POINT('',(1.8791875E-1,6.381E-1,0.E0));
#4435=VERTEX_POINT('',#4434);
#4436=CARTESIAN_POINT('',(2.849606017590E-1,3.407808518022E-1,0.E0));
#4437=VERTEX_POINT('',#4436);
#4438=CARTESIAN_POINT('',(7.7016875E-1,3.407808518022E-1,0.E0));
#4439=VERTEX_POINT('',#4438);
#4440=CARTESIAN_POINT('',(8.672106017590E-1,6.381E-1,0.E0));
#4441=VERTEX_POINT('',#4440);
#4442=CARTESIAN_POINT('',(1.012773101759E0,6.381E-1,0.E0));
#4443=VERTEX_POINT('',#4442);
#4444=CARTESIAN_POINT('',(5.275643982410E-1,-4.272936288357E-1,0.E0));
#4445=CARTESIAN_POINT('',(7.459081482410E-1,2.416744806379E-1,0.E0));
#4446=VERTEX_POINT('',#4444);
#4447=VERTEX_POINT('',#4445);
#4448=CARTESIAN_POINT('',(3.092206482410E-1,2.416744806379E-1,0.E0));
#4449=VERTEX_POINT('',#4448);
#4450=CARTESIAN_POINT('',(-3.038716712940E0,-3.529638504624E-1,0.E0));
#4451=DIRECTION('',(2.473831068378E-1,9.689177459678E-1,0.E0));
#4452=DIRECTION('',(9.689177459678E-1,-2.473831068378E-1,0.E0));
#4453=AXIS2_PLACEMENT_3D('',#4450,#4451,#4452);
#4454=PLANE('',#4453);
#4456=ORIENTED_EDGE('',*,*,#4455,.F.);
#4458=ORIENTED_EDGE('',*,*,#4457,.T.);
#4460=ORIENTED_EDGE('',*,*,#4459,.T.);
#4462=ORIENTED_EDGE('',*,*,#4461,.F.);
#4463=EDGE_LOOP('',(#4456,#4458,#4460,#4462));
#4464=FACE_OUTER_BOUND('',#4463,.F.);
#4465=ADVANCED_FACE('',(#4464),#4454,.T.);
#4466=FILL_AREA_STYLE_COLOUR('',#3);
#4467=FILL_AREA_STYLE('',(#4466));
#4468=SURFACE_STYLE_FILL_AREA(#4467);
#4469=SURFACE_SIDE_STYLE('',(#4468));
#4470=SURFACE_STYLE_USAGE(.POSITIVE.,#4469);
#4471=PRESENTATION_STYLE_ASSIGNMENT((#4470));
#4472=STYLED_ITEM('',(#4471),#4465);
#4473=CARTESIAN_POINT('',(0.E0,0.E0,0.E0));
#4474=DIRECTION('',(0.E0,0.E0,1.E0));
#4475=DIRECTION('',(1.E0,0.E0,0.E0));
#4476=AXIS2_PLACEMENT_3D('',#4473,#4474,#4475);
#4477=PLANE('',#4476);
#4479=ORIENTED_EDGE('',*,*,#4478,.T.);
#4481=ORIENTED_EDGE('',*,*,#4480,.T.);
#4483=ORIENTED_EDGE('',*,*,#4482,.T.);
#4485=ORIENTED_EDGE('',*,*,#4484,.T.);
#4487=ORIENTED_EDGE('',*,*,#4486,.F.);
#4489=ORIENTED_EDGE('',*,*,#4488,.T.);
#4491=ORIENTED_EDGE('',*,*,#4490,.T.);
#4493=ORIENTED_EDGE('',*,*,#4492,.T.);
#4494=EDGE_LOOP('',(#4479,#4481,#4483,#4485,#4487,#4489,#4491,#4493));
#4495=FACE_OUTER_BOUND('',#4494,.F.);
#4496=ADVANCED_FACE('',(#4495),#4477,.F.);
#4497=FILL_AREA_STYLE_COLOUR('',#29);
#4498=FILL_AREA_STYLE('',(#4497));
#4499=SURFACE_STYLE_FILL_AREA(#4498);
#4500=SURFACE_SIDE_STYLE('',(#4499));
#4501=SURFACE_STYLE_USAGE(.POSITIVE.,#4500);
#4502=PRESENTATION_STYLE_ASSIGNMENT((#4501));
#4503=STYLED_ITEM('',(#4502),#4496);
#4504=CARTESIAN_POINT('',(0.E0,0.E0,0.E0));
#4505=DIRECTION('',(0.E0,0.E0,1.E0));
#4506=DIRECTION('',(1.E0,0.E0,0.E0));
#4507=AXIS2_PLACEMENT_3D('',#4504,#4505,#4506);
#4508=PLANE('',#4507);
#4510=ORIENTED_EDGE('',*,*,#4509,.T.);
#4512=ORIENTED_EDGE('',*,*,#4511,.F.);
#4514=ORIENTED_EDGE('',*,*,#4513,.T.);
#4516=ORIENTED_EDGE('',*,*,#4515,.T.);
#4518=ORIENTED_EDGE('',*,*,#4517,.F.);
#4520=ORIENTED_EDGE('',*,*,#4519,.F.);
#4522=ORIENTED_EDGE('',*,*,#4521,.T.);
#4524=ORIENTED_EDGE('',*,*,#4523,.F.);
#4526=ORIENTED_EDGE('',*,*,#4525,.T.);
#4528=ORIENTED_EDGE('',*,*,#4527,.T.);
#4530=ORIENTED_EDGE('',*,*,#4529,.T.);
#4532=ORIENTED_EDGE('',*,*,#4531,.F.);
#4534=ORIENTED_EDGE('',*,*,#4533,.T.);
#4536=ORIENTED_EDGE('',*,*,#4535,.F.);
#4538=ORIENTED_EDGE('',*,*,#4537,.T.);
#4540=ORIENTED_EDGE('',*,*,#4539,.T.);
#4542=ORIENTED_EDGE('',*,*,#4541,.T.);
#4544=ORIENTED_EDGE('',*,*,#4543,.F.);
#4546=ORIENTED_EDGE('',*,*,#4545,.T.);
#4548=ORIENTED_EDGE('',*,*,#4547,.F.);
#4550=ORIENTED_EDGE('',*,*,#4549,.F.);
#4552=ORIENTED_EDGE('',*,*,#4551,.F.);
#4553=EDGE_LOOP('',(#4510,#4512,#4514,#4516,#4518,#4520,#4522,#4524,#4526,#4528,
#4530,#4532,#4534,#4536,#4538,#4540,#4542,#4544,#4546,#4548,#4550,#4552));
#4554=FACE_OUTER_BOUND('',#4553,.F.);
#4556=ORIENTED_EDGE('',*,*,#4555,.T.);
#4558=ORIENTED_EDGE('',*,*,#4557,.T.);
#4560=ORIENTED_EDGE('',*,*,#4559,.F.);
#4562=ORIENTED_EDGE('',*,*,#4561,.F.);
#4563=EDGE_LOOP('',(#4556,#4558,#4560,#4562));
#4564=FACE_BOUND('',#4563,.F.);
#4566=ORIENTED_EDGE('',*,*,#4565,.T.);
#4568=ORIENTED_EDGE('',*,*,#4567,.T.);
#4570=ORIENTED_EDGE('',*,*,#4569,.F.);
#4572=ORIENTED_EDGE('',*,*,#4571,.F.);
#4573=EDGE_LOOP('',(#4566,#4568,#4570,#4572));
#4574=FACE_BOUND('',#4573,.F.);
#4576=ORIENTED_EDGE('',*,*,#4575,.T.);
#4578=ORIENTED_EDGE('',*,*,#4577,.T.);
#4580=ORIENTED_EDGE('',*,*,#4579,.F.);
#4582=ORIENTED_EDGE('',*,*,#4581,.F.);
#4583=EDGE_LOOP('',(#4576,#4578,#4580,#4582));
#4584=FACE_BOUND('',#4583,.F.);
#4586=ORIENTED_EDGE('',*,*,#4585,.T.);
#4588=ORIENTED_EDGE('',*,*,#4587,.T.);
#4590=ORIENTED_EDGE('',*,*,#4589,.F.);
#4592=ORIENTED_EDGE('',*,*,#4591,.F.);
#4593=EDGE_LOOP('',(#4586,#4588,#4590,#4592));
#4594=FACE_BOUND('',#4593,.F.);
#4596=ORIENTED_EDGE('',*,*,#4595,.T.);
#4598=ORIENTED_EDGE('',*,*,#4597,.T.);
#4600=ORIENTED_EDGE('',*,*,#4599,.F.);
#4602=ORIENTED_EDGE('',*,*,#4601,.F.);
#4603=EDGE_LOOP('',(#4596,#4598,#4600,#4602));
#4604=FACE_BOUND('',#4603,.F.);
#4606=ORIENTED_EDGE('',*,*,#4605,.T.);
#4608=ORIENTED_EDGE('',*,*,#4607,.T.);
#4610=ORIENTED_EDGE('',*,*,#4609,.F.);
#4612=ORIENTED_EDGE('',*,*,#4611,.F.);
#4613=EDGE_LOOP('',(#4606,#4608,#4610,#4612));
#4614=FACE_BOUND('',#4613,.F.);
#4616=ORIENTED_EDGE('',*,*,#4615,.T.);
#4618=ORIENTED_EDGE('',*,*,#4617,.T.);
#4620=ORIENTED_EDGE('',*,*,#4619,.T.);
#4622=ORIENTED_EDGE('',*,*,#4621,.T.);
#4624=ORIENTED_EDGE('',*,*,#4623,.T.);
#4626=ORIENTED_EDGE('',*,*,#4625,.T.);
#4627=EDGE_LOOP('',(#4616,#4618,#4620,#4622,#4624,#4626));
#4628=FACE_BOUND('',#4627,.F.);
#4630=ORIENTED_EDGE('',*,*,#4629,.T.);
#4632=ORIENTED_EDGE('',*,*,#4631,.T.);
#4634=ORIENTED_EDGE('',*,*,#4633,.T.);
#4636=ORIENTED_EDGE('',*,*,#4635,.T.);
#4638=ORIENTED_EDGE('',*,*,#4637,.T.);
#4640=ORIENTED_EDGE('',*,*,#4639,.T.);
#4642=ORIENTED_EDGE('',*,*,#4641,.T.);
#4644=ORIENTED_EDGE('',*,*,#4643,.T.);
#4646=ORIENTED_EDGE('',*,*,#4645,.T.);
#4648=ORIENTED_EDGE('',*,*,#4647,.T.);
#4650=ORIENTED_EDGE('',*,*,#4649,.T.);
#4652=ORIENTED_EDGE('',*,*,#4651,.T.);
#4654=ORIENTED_EDGE('',*,*,#4653,.T.);
#4655=ORIENTED_EDGE('',*,*,#4455,.T.);
#4657=ORIENTED_EDGE('',*,*,#4656,.T.);
#4659=ORIENTED_EDGE('',*,*,#4658,.T.);
#4661=ORIENTED_EDGE('',*,*,#4660,.T.);
#4663=ORIENTED_EDGE('',*,*,#4662,.T.);
#4665=ORIENTED_EDGE('',*,*,#4664,.T.);
#4667=ORIENTED_EDGE('',*,*,#4666,.T.);
#4669=ORIENTED_EDGE('',*,*,#4668,.T.);
#4671=ORIENTED_EDGE('',*,*,#4670,.T.);
#4673=ORIENTED_EDGE('',*,*,#4672,.T.);
#4675=ORIENTED_EDGE('',*,*,#4674,.T.);
#4677=ORIENTED_EDGE('',*,*,#4676,.T.);
#4679=ORIENTED_EDGE('',*,*,#4678,.T.);
#4681=ORIENTED_EDGE('',*,*,#4680,.T.);
#4683=ORIENTED_EDGE('',*,*,#4682,.T.);
#4685=ORIENTED_EDGE('',*,*,#4684,.T.);
#4687=ORIENTED_EDGE('',*,*,#4686,.T.);
#4689=ORIENTED_EDGE('',*,*,#4688,.T.);
#4691=ORIENTED_EDGE('',*,*,#4690,.T.);
#4693=ORIENTED_EDGE('',*,*,#4692,.T.);
#4695=ORIENTED_EDGE('',*,*,#4694,.T.);
#4697=ORIENTED_EDGE('',*,*,#4696,.T.);
#4699=ORIENTED_EDGE('',*,*,#4698,.T.);
#4701=ORIENTED_EDGE('',*,*,#4700,.T.);
#4703=ORIENTED_EDGE('',*,*,#4702,.T.);
#4705=ORIENTED_EDGE('',*,*,#4704,.T.);
#4707=ORIENTED_EDGE('',*,*,#4706,.T.);
#4708=EDGE_LOOP('',(#4630,#4632,#4634,#4636,#4638,#4640,#4642,#4644,#4646,#4648,
#4650,#4652,#4654,#4655,#4657,#4659,#4661,#4663,#4665,#4667,#4669,#4671,#4673,
#4675,#4677,#4679,#4681,#4683,#4685,#4687,#4689,#4691,#4693,#4695,#4697,#4699,
#4701,#4703,#4705,#4707));
#4709=FACE_BOUND('',#4708,.F.);
#4711=ORIENTED_EDGE('',*,*,#4710,.T.);
#4713=ORIENTED_EDGE('',*,*,#4712,.T.);
#4715=ORIENTED_EDGE('',*,*,#4714,.T.);
#4717=ORIENTED_EDGE('',*,*,#4716,.T.);
#4719=ORIENTED_EDGE('',*,*,#4718,.T.);
#4721=ORIENTED_EDGE('',*,*,#4720,.T.);
#4723=ORIENTED_EDGE('',*,*,#4722,.T.);
#4725=ORIENTED_EDGE('',*,*,#4724,.T.);
#4727=ORIENTED_EDGE('',*,*,#4726,.T.);
#4729=ORIENTED_EDGE('',*,*,#4728,.T.);
#4731=ORIENTED_EDGE('',*,*,#4730,.T.);
#4733=ORIENTED_EDGE('',*,*,#4732,.T.);
#4734=EDGE_LOOP('',(#4711,#4713,#4715,#4717,#4719,#4721,#4723,#4725,#4727,#4729,
#4731,#4733));
#4735=FACE_BOUND('',#4734,.F.);
#4737=ORIENTED_EDGE('',*,*,#4736,.T.);
#4739=ORIENTED_EDGE('',*,*,#4738,.T.);
#4741=ORIENTED_EDGE('',*,*,#4740,.T.);
#4743=ORIENTED_EDGE('',*,*,#4742,.T.);
#4745=ORIENTED_EDGE('',*,*,#4744,.T.);
#4747=ORIENTED_EDGE('',*,*,#4746,.T.);
#4749=ORIENTED_EDGE('',*,*,#4748,.T.);
#4751=ORIENTED_EDGE('',*,*,#4750,.T.);
#4753=ORIENTED_EDGE('',*,*,#4752,.T.);
#4755=ORIENTED_EDGE('',*,*,#4754,.T.);
#4757=ORIENTED_EDGE('',*,*,#4756,.T.);
#4759=ORIENTED_EDGE('',*,*,#4758,.T.);
#4761=ORIENTED_EDGE('',*,*,#4760,.T.);
#4763=ORIENTED_EDGE('',*,*,#4762,.T.);
#4764=EDGE_LOOP('',(#4737,#4739,#4741,#4743,#4745,#4747,#4749,#4751,#4753,#4755,
#4757,#4759,#4761,#4763));
#4765=FACE_BOUND('',#4764,.F.);
#4767=ORIENTED_EDGE('',*,*,#4766,.T.);
#4769=ORIENTED_EDGE('',*,*,#4768,.T.);
#4771=ORIENTED_EDGE('',*,*,#4770,.T.);
#4773=ORIENTED_EDGE('',*,*,#4772,.T.);
#4775=ORIENTED_EDGE('',*,*,#4774,.T.);
#4777=ORIENTED_EDGE('',*,*,#4776,.T.);
#4779=ORIENTED_EDGE('',*,*,#4778,.T.);
#4781=ORIENTED_EDGE('',*,*,#4780,.T.);
#4782=EDGE_LOOP('',(#4767,#4769,#4771,#4773,#4775,#4777,#4779,#4781));
#4783=FACE_BOUND('',#4782,.F.);
#4784=ADVANCED_FACE('',(#4554,#4564,#4574,#4584,#4594,#4604,#4614,#4628,#4709,
#4735,#4765,#4783),#4508,.F.);
#4785=FILL_AREA_STYLE_COLOUR('',#29);
#4786=FILL_AREA_STYLE('',(#4785));
#4787=SURFACE_STYLE_FILL_AREA(#4786);
#4788=SURFACE_SIDE_STYLE('',(#4787));
#4789=SURFACE_STYLE_USAGE(.POSITIVE.,#4788);
#4790=PRESENTATION_STYLE_ASSIGNMENT((#4789));
#4791=STYLED_ITEM('',(#4790),#4784);
#4792=CARTESIAN_POINT('',(0.E0,0.E0,0.E0));
#4793=DIRECTION('',(0.E0,0.E0,1.E0));
#4794=DIRECTION('',(1.E0,0.E0,0.E0));
#4795=AXIS2_PLACEMENT_3D('',#4792,#4793,#4794);
#4796=PLANE('',#4795);
#4798=ORIENTED_EDGE('',*,*,#4797,.T.);
#4800=ORIENTED_EDGE('',*,*,#4799,.T.);
#4802=ORIENTED_EDGE('',*,*,#4801,.T.);
#4804=ORIENTED_EDGE('',*,*,#4803,.T.);
#4806=ORIENTED_EDGE('',*,*,#4805,.T.);
#4808=ORIENTED_EDGE('',*,*,#4807,.T.);
#4810=ORIENTED_EDGE('',*,*,#4809,.T.);
#4812=ORIENTED_EDGE('',*,*,#4811,.T.);
#4814=ORIENTED_EDGE('',*,*,#4813,.T.);
#4816=ORIENTED_EDGE('',*,*,#4815,.T.);
#4818=ORIENTED_EDGE('',*,*,#4817,.T.);
#4820=ORIENTED_EDGE('',*,*,#4819,.T.);
#4821=EDGE_LOOP('',(#4798,#4800,#4802,#4804,#4806,#4808,#4810,#4812,#4814,#4816,
#4818,#4820));
#4822=FACE_OUTER_BOUND('',#4821,.F.);
#4823=ADVANCED_FACE('',(#4822),#4796,.F.);
#4824=FILL_AREA_STYLE_COLOUR('',#29);
#4825=FILL_AREA_STYLE('',(#4824));
#4826=SURFACE_STYLE_FILL_AREA(#4825);
#4827=SURFACE_SIDE_STYLE('',(#4826));
#4828=SURFACE_STYLE_USAGE(.POSITIVE.,#4827);
#4829=PRESENTATION_STYLE_ASSIGNMENT((#4828));
#4830=STYLED_ITEM('',(#4829),#4823);
#4831=CARTESIAN_POINT('',(0.E0,0.E0,0.E0));
#4832=DIRECTION('',(0.E0,0.E0,1.E0));
#4833=DIRECTION('',(1.E0,0.E0,0.E0));
#4834=AXIS2_PLACEMENT_3D('',#4831,#4832,#4833);
#4835=PLANE('',#4834);
#4837=ORIENTED_EDGE('',*,*,#4836,.T.);
#4839=ORIENTED_EDGE('',*,*,#4838,.T.);
#4841=ORIENTED_EDGE('',*,*,#4840,.T.);
#4842=EDGE_LOOP('',(#4837,#4839,#4841));
#4843=FACE_OUTER_BOUND('',#4842,.F.);
#4844=ADVANCED_FACE('',(#4843),#4835,.F.);
#4845=FILL_AREA_STYLE_COLOUR('',#29);
#4846=FILL_AREA_STYLE('',(#4845));
#4847=SURFACE_STYLE_FILL_AREA(#4846);
#4848=SURFACE_SIDE_STYLE('',(#4847));
#4849=SURFACE_STYLE_USAGE(.POSITIVE.,#4848);
#4850=PRESENTATION_STYLE_ASSIGNMENT((#4849));
#4851=STYLED_ITEM('',(#4850),#4844);
#4852=CARTESIAN_POINT('',(-5.5E0,0.E0,0.E0));
#4853=DIRECTION('',(-1.E0,0.E0,0.E0));
#4854=DIRECTION('',(0.E0,-1.E0,0.E0));
#4855=AXIS2_PLACEMENT_3D('',#4852,#4853,#4854);
#4856=PLANE('',#4855);
#4858=ORIENTED_EDGE('',*,*,#4857,.T.);
#4860=ORIENTED_EDGE('',*,*,#4859,.T.);
#4861=ORIENTED_EDGE('',*,*,#4555,.F.);
#4863=ORIENTED_EDGE('',*,*,#4862,.T.);
#4864=EDGE_LOOP('',(#4858,#4860,#4861,#4863));
#4865=FACE_OUTER_BOUND('',#4864,.F.);
#4866=ADVANCED_FACE('',(#4865),#4856,.F.);
#4867=FILL_AREA_STYLE_COLOUR('',#29);
#4868=FILL_AREA_STYLE('',(#4867));
#4869=SURFACE_STYLE_FILL_AREA(#4868);
#4870=SURFACE_SIDE_STYLE('',(#4869));
#4871=SURFACE_STYLE_USAGE(.POSITIVE.,#4870);
#4872=PRESENTATION_STYLE_ASSIGNMENT((#4871));
#4873=STYLED_ITEM('',(#4872),#4866);
#4874=CARTESIAN_POINT('',(-5.5E0,0.E0,0.E0));
#4875=DIRECTION('',(-1.E0,0.E0,0.E0));
#4876=DIRECTION('',(0.E0,-1.E0,0.E0));
#4877=AXIS2_PLACEMENT_3D('',#4874,#4875,#4876);
#4878=PLANE('',#4877);
#4880=ORIENTED_EDGE('',*,*,#4879,.F.);
#4882=ORIENTED_EDGE('',*,*,#4881,.T.);
#4883=ORIENTED_EDGE('',*,*,#4565,.F.);
#4885=ORIENTED_EDGE('',*,*,#4884,.T.);
#4886=EDGE_LOOP('',(#4880,#4882,#4883,#4885));
#4887=FACE_OUTER_BOUND('',#4886,.F.);
#4888=ADVANCED_FACE('',(#4887),#4878,.F.);
#4889=FILL_AREA_STYLE_COLOUR('',#29);
#4890=FILL_AREA_STYLE('',(#4889));
#4891=SURFACE_STYLE_FILL_AREA(#4890);
#4892=SURFACE_SIDE_STYLE('',(#4891));
#4893=SURFACE_STYLE_USAGE(.POSITIVE.,#4892);
#4894=PRESENTATION_STYLE_ASSIGNMENT((#4893));
#4895=STYLED_ITEM('',(#4894),#4888);
#4896=CARTESIAN_POINT('',(-6.E0,1.515024E1,-6.5E0));
#4897=DIRECTION('',(0.E0,-1.E0,0.E0));
#4898=DIRECTION('',(1.E0,0.E0,0.E0));
#4899=AXIS2_PLACEMENT_3D('',#4896,#4897,#4898);
#4900=CYLINDRICAL_SURFACE('',#4899,5.E-1);
#4902=ORIENTED_EDGE('',*,*,#4901,.T.);
#4903=ORIENTED_EDGE('',*,*,#4857,.F.);
#4905=ORIENTED_EDGE('',*,*,#4904,.T.);
#4907=ORIENTED_EDGE('',*,*,#4906,.T.);
#4908=EDGE_LOOP('',(#4902,#4903,#4905,#4907));
#4909=FACE_OUTER_BOUND('',#4908,.F.);
#4910=ADVANCED_FACE('',(#4909),#4900,.T.);
#4911=FILL_AREA_STYLE_COLOUR('',#29);
#4912=FILL_AREA_STYLE('',(#4911));
#4913=SURFACE_STYLE_FILL_AREA(#4912);
#4914=SURFACE_SIDE_STYLE('',(#4913));
#4915=SURFACE_STYLE_USAGE(.POSITIVE.,#4914);
#4916=PRESENTATION_STYLE_ASSIGNMENT((#4915));
#4917=STYLED_ITEM('',(#4916),#4910);
#4918=CARTESIAN_POINT('',(-5.5E0,2.85E0,-7.E0));
#4919=DIRECTION('',(0.E0,-1.E0,0.E0));
#4920=DIRECTION('',(0.E0,0.E0,1.E0));
#4921=AXIS2_PLACEMENT_3D('',#4918,#4919,#4920);
#4922=PLANE('',#4921);
#4923=ORIENTED_EDGE('',*,*,#4901,.F.);
#4925=ORIENTED_EDGE('',*,*,#4924,.T.);
#4926=ORIENTED_EDGE('',*,*,#4557,.F.);
#4927=ORIENTED_EDGE('',*,*,#4859,.F.);
#4928=EDGE_LOOP('',(#4923,#4925,#4926,#4927));
#4929=FACE_OUTER_BOUND('',#4928,.F.);
#4930=ADVANCED_FACE('',(#4929),#4922,.T.);
#4931=FILL_AREA_STYLE_COLOUR('',#29);
#4932=FILL_AREA_STYLE('',(#4931));
#4933=SURFACE_STYLE_FILL_AREA(#4932);
#4934=SURFACE_SIDE_STYLE('',(#4933));
#4935=SURFACE_STYLE_USAGE(.POSITIVE.,#4934);
#4936=PRESENTATION_STYLE_ASSIGNMENT((#4935));
#4937=STYLED_ITEM('',(#4936),#4930);
#4938=CARTESIAN_POINT('',(-6.5E0,0.E0,0.E0));
#4939=DIRECTION('',(-1.E0,0.E0,0.E0));
#4940=DIRECTION('',(0.E0,-1.E0,0.E0));
#4941=AXIS2_PLACEMENT_3D('',#4938,#4939,#4940);
#4942=PLANE('',#4941);
#4943=ORIENTED_EDGE('',*,*,#4906,.F.);
#4945=ORIENTED_EDGE('',*,*,#4944,.F.);
#4946=ORIENTED_EDGE('',*,*,#4559,.T.);
#4947=ORIENTED_EDGE('',*,*,#4924,.F.);
#4948=EDGE_LOOP('',(#4943,#4945,#4946,#4947));
#4949=FACE_OUTER_BOUND('',#4948,.F.);
#4950=ADVANCED_FACE('',(#4949),#4942,.T.);
#4951=FILL_AREA_STYLE_COLOUR('',#29);
#4952=FILL_AREA_STYLE('',(#4951));
#4953=SURFACE_STYLE_FILL_AREA(#4952);
#4954=SURFACE_SIDE_STYLE('',(#4953));
#4955=SURFACE_STYLE_USAGE(.POSITIVE.,#4954);
#4956=PRESENTATION_STYLE_ASSIGNMENT((#4955));
#4957=STYLED_ITEM('',(#4956),#4950);
#4958=CARTESIAN_POINT('',(-6.5E0,0.E0,0.E0));
#4959=DIRECTION('',(-1.E0,0.E0,0.E0));
#4960=DIRECTION('',(0.E0,-1.E0,0.E0));
#4961=AXIS2_PLACEMENT_3D('',#4958,#4959,#4960);
#4962=PLANE('',#4961);
#4964=ORIENTED_EDGE('',*,*,#4963,.T.);
#4966=ORIENTED_EDGE('',*,*,#4965,.F.);
#4967=ORIENTED_EDGE('',*,*,#4569,.T.);
#4969=ORIENTED_EDGE('',*,*,#4968,.F.);
#4970=EDGE_LOOP('',(#4964,#4966,#4967,#4969));
#4971=FACE_OUTER_BOUND('',#4970,.F.);
#4972=ADVANCED_FACE('',(#4971),#4962,.T.);
#4973=FILL_AREA_STYLE_COLOUR('',#29);
#4974=FILL_AREA_STYLE('',(#4973));
#4975=SURFACE_STYLE_FILL_AREA(#4974);
#4976=SURFACE_SIDE_STYLE('',(#4975));
#4977=SURFACE_STYLE_USAGE(.POSITIVE.,#4976);
#4978=PRESENTATION_STYLE_ASSIGNMENT((#4977));
#4979=STYLED_ITEM('',(#4978),#4972);
#4980=CARTESIAN_POINT('',(-5.5E0,3.15E0,0.E0));
#4981=DIRECTION('',(0.E0,1.E0,0.E0));
#4982=DIRECTION('',(0.E0,0.E0,-1.E0));
#4983=AXIS2_PLACEMENT_3D('',#4980,#4981,#4982);
#4984=PLANE('',#4983);
#4985=ORIENTED_EDGE('',*,*,#4904,.F.);
#4986=ORIENTED_EDGE('',*,*,#4862,.F.);
#4987=ORIENTED_EDGE('',*,*,#4561,.T.);
#4988=ORIENTED_EDGE('',*,*,#4944,.T.);
#4989=EDGE_LOOP('',(#4985,#4986,#4987,#4988));
#4990=FACE_OUTER_BOUND('',#4989,.F.);
#4991=ADVANCED_FACE('',(#4990),#4984,.T.);
#4992=FILL_AREA_STYLE_COLOUR('',#29);
#4993=FILL_AREA_STYLE('',(#4992));
#4994=SURFACE_STYLE_FILL_AREA(#4993);
#4995=SURFACE_SIDE_STYLE('',(#4994));
#4996=SURFACE_STYLE_USAGE(.POSITIVE.,#4995);
#4997=PRESENTATION_STYLE_ASSIGNMENT((#4996));
#4998=STYLED_ITEM('',(#4997),#4991);
#4999=CARTESIAN_POINT('',(-6.E0,-1.515024E1,-6.5E0));
#5000=DIRECTION('',(0.E0,1.E0,0.E0));
#5001=DIRECTION('',(-1.E0,0.E0,0.E0));
#5002=AXIS2_PLACEMENT_3D('',#4999,#5000,#5001);
#5003=CYLINDRICAL_SURFACE('',#5002,5.E-1);
#5005=ORIENTED_EDGE('',*,*,#5004,.T.);
#5006=ORIENTED_EDGE('',*,*,#4963,.F.);
#5008=ORIENTED_EDGE('',*,*,#5007,.T.);
#5009=ORIENTED_EDGE('',*,*,#4879,.T.);
#5010=EDGE_LOOP('',(#5005,#5006,#5008,#5009));
#5011=FACE_OUTER_BOUND('',#5010,.F.);
#5012=ADVANCED_FACE('',(#5011),#5003,.T.);
#5013=FILL_AREA_STYLE_COLOUR('',#29);
#5014=FILL_AREA_STYLE('',(#5013));
#5015=SURFACE_STYLE_FILL_AREA(#5014);
#5016=SURFACE_SIDE_STYLE('',(#5015));
#5017=SURFACE_STYLE_USAGE(.POSITIVE.,#5016);
#5018=PRESENTATION_STYLE_ASSIGNMENT((#5017));
#5019=STYLED_ITEM('',(#5018),#5012);
#5020=CARTESIAN_POINT('',(-5.5E0,-2.85E0,0.E0));
#5021=DIRECTION('',(0.E0,1.E0,0.E0));
#5022=DIRECTION('',(0.E0,0.E0,-1.E0));
#5023=AXIS2_PLACEMENT_3D('',#5020,#5021,#5022);
#5024=PLANE('',#5023);
#5025=ORIENTED_EDGE('',*,*,#5004,.F.);
#5026=ORIENTED_EDGE('',*,*,#4884,.F.);
#5027=ORIENTED_EDGE('',*,*,#4571,.T.);
#5028=ORIENTED_EDGE('',*,*,#4965,.T.);
#5029=EDGE_LOOP('',(#5025,#5026,#5027,#5028));
#5030=FACE_OUTER_BOUND('',#5029,.F.);
#5031=ADVANCED_FACE('',(#5030),#5024,.T.);
#5032=FILL_AREA_STYLE_COLOUR('',#29);
#5033=FILL_AREA_STYLE('',(#5032));
#5034=SURFACE_STYLE_FILL_AREA(#5033);
#5035=SURFACE_SIDE_STYLE('',(#5034));
#5036=SURFACE_STYLE_USAGE(.POSITIVE.,#5035);
#5037=PRESENTATION_STYLE_ASSIGNMENT((#5036));
#5038=STYLED_ITEM('',(#5037),#5031);
#5039=CARTESIAN_POINT('',(-5.5E0,-3.15E0,-7.E0));
#5040=DIRECTION('',(0.E0,-1.E0,0.E0));
#5041=DIRECTION('',(0.E0,0.E0,1.E0));
#5042=AXIS2_PLACEMENT_3D('',#5039,#5040,#5041);
#5043=PLANE('',#5042);
#5044=ORIENTED_EDGE('',*,*,#5007,.F.);
#5045=ORIENTED_EDGE('',*,*,#4968,.T.);
#5046=ORIENTED_EDGE('',*,*,#4567,.F.);
#5047=ORIENTED_EDGE('',*,*,#4881,.F.);
#5048=EDGE_LOOP('',(#5044,#5045,#5046,#5047));
#5049=FACE_OUTER_BOUND('',#5048,.F.);
#5050=ADVANCED_FACE('',(#5049),#5043,.T.);
#5051=FILL_AREA_STYLE_COLOUR('',#29);
#5052=FILL_AREA_STYLE('',(#5051));
#5053=SURFACE_STYLE_FILL_AREA(#5052);
#5054=SURFACE_SIDE_STYLE('',(#5053));
#5055=SURFACE_STYLE_USAGE(.POSITIVE.,#5054);
#5056=PRESENTATION_STYLE_ASSIGNMENT((#5055));
#5057=STYLED_ITEM('',(#5056),#5050);
#5058=CARTESIAN_POINT('',(-1.5E0,0.E0,0.E0));
#5059=DIRECTION('',(-1.E0,0.E0,0.E0));
#5060=DIRECTION('',(0.E0,-1.E0,0.E0));
#5061=AXIS2_PLACEMENT_3D('',#5058,#5059,#5060);
#5062=PLANE('',#5061);
#5064=ORIENTED_EDGE('',*,*,#5063,.T.);
#5066=ORIENTED_EDGE('',*,*,#5065,.T.);
#5067=ORIENTED_EDGE('',*,*,#4575,.F.);
#5069=ORIENTED_EDGE('',*,*,#5068,.T.);
#5070=EDGE_LOOP('',(#5064,#5066,#5067,#5069));
#5071=FACE_OUTER_BOUND('',#5070,.F.);
#5072=ADVANCED_FACE('',(#5071),#5062,.F.);
#5073=FILL_AREA_STYLE_COLOUR('',#29);
#5074=FILL_AREA_STYLE('',(#5073));
#5075=SURFACE_STYLE_FILL_AREA(#5074);
#5076=SURFACE_SIDE_STYLE('',(#5075));
#5077=SURFACE_STYLE_USAGE(.POSITIVE.,#5076);
#5078=PRESENTATION_STYLE_ASSIGNMENT((#5077));
#5079=STYLED_ITEM('',(#5078),#5072);
#5080=CARTESIAN_POINT('',(-1.5E0,0.E0,0.E0));
#5081=DIRECTION('',(-1.E0,0.E0,0.E0));
#5082=DIRECTION('',(0.E0,-1.E0,0.E0));
#5083=AXIS2_PLACEMENT_3D('',#5080,#5081,#5082);
#5084=PLANE('',#5083);
#5086=ORIENTED_EDGE('',*,*,#5085,.F.);
#5088=ORIENTED_EDGE('',*,*,#5087,.T.);
#5089=ORIENTED_EDGE('',*,*,#4585,.F.);
#5091=ORIENTED_EDGE('',*,*,#5090,.T.);
#5092=EDGE_LOOP('',(#5086,#5088,#5089,#5091));
#5093=FACE_OUTER_BOUND('',#5092,.F.);
#5094=ADVANCED_FACE('',(#5093),#5084,.F.);
#5095=FILL_AREA_STYLE_COLOUR('',#29);
#5096=FILL_AREA_STYLE('',(#5095));
#5097=SURFACE_STYLE_FILL_AREA(#5096);
#5098=SURFACE_SIDE_STYLE('',(#5097));
#5099=SURFACE_STYLE_USAGE(.POSITIVE.,#5098);
#5100=PRESENTATION_STYLE_ASSIGNMENT((#5099));
#5101=STYLED_ITEM('',(#5100),#5094);
#5102=CARTESIAN_POINT('',(-2.E0,1.515024E1,-6.5E0));
#5103=DIRECTION('',(0.E0,-1.E0,0.E0));
#5104=DIRECTION('',(1.E0,0.E0,0.E0));
#5105=AXIS2_PLACEMENT_3D('',#5102,#5103,#5104);
#5106=CYLINDRICAL_SURFACE('',#5105,5.E-1);
#5108=ORIENTED_EDGE('',*,*,#5107,.T.);
#5109=ORIENTED_EDGE('',*,*,#5063,.F.);
#5111=ORIENTED_EDGE('',*,*,#5110,.T.);
#5113=ORIENTED_EDGE('',*,*,#5112,.T.);
#5114=EDGE_LOOP('',(#5108,#5109,#5111,#5113));
#5115=FACE_OUTER_BOUND('',#5114,.F.);
#5116=ADVANCED_FACE('',(#5115),#5106,.T.);
#5117=FILL_AREA_STYLE_COLOUR('',#29);
#5118=FILL_AREA_STYLE('',(#5117));
#5119=SURFACE_STYLE_FILL_AREA(#5118);
#5120=SURFACE_SIDE_STYLE('',(#5119));
#5121=SURFACE_STYLE_USAGE(.POSITIVE.,#5120);
#5122=PRESENTATION_STYLE_ASSIGNMENT((#5121));
#5123=STYLED_ITEM('',(#5122),#5116);
#5124=CARTESIAN_POINT('',(-1.5E0,2.85E0,-7.E0));
#5125=DIRECTION('',(0.E0,-1.E0,0.E0));
#5126=DIRECTION('',(0.E0,0.E0,1.E0));
#5127=AXIS2_PLACEMENT_3D('',#5124,#5125,#5126);
#5128=PLANE('',#5127);
#5129=ORIENTED_EDGE('',*,*,#5107,.F.);
#5131=ORIENTED_EDGE('',*,*,#5130,.T.);
#5132=ORIENTED_EDGE('',*,*,#4577,.F.);
#5133=ORIENTED_EDGE('',*,*,#5065,.F.);
#5134=EDGE_LOOP('',(#5129,#5131,#5132,#5133));
#5135=FACE_OUTER_BOUND('',#5134,.F.);
#5136=ADVANCED_FACE('',(#5135),#5128,.T.);
#5137=FILL_AREA_STYLE_COLOUR('',#29);
#5138=FILL_AREA_STYLE('',(#5137));
#5139=SURFACE_STYLE_FILL_AREA(#5138);
#5140=SURFACE_SIDE_STYLE('',(#5139));
#5141=SURFACE_STYLE_USAGE(.POSITIVE.,#5140);
#5142=PRESENTATION_STYLE_ASSIGNMENT((#5141));
#5143=STYLED_ITEM('',(#5142),#5136);
#5144=CARTESIAN_POINT('',(-2.5E0,0.E0,0.E0));
#5145=DIRECTION('',(-1.E0,0.E0,0.E0));
#5146=DIRECTION('',(0.E0,-1.E0,0.E0));
#5147=AXIS2_PLACEMENT_3D('',#5144,#5145,#5146);
#5148=PLANE('',#5147);
#5149=ORIENTED_EDGE('',*,*,#5112,.F.);
#5151=ORIENTED_EDGE('',*,*,#5150,.F.);
#5152=ORIENTED_EDGE('',*,*,#4579,.T.);
#5153=ORIENTED_EDGE('',*,*,#5130,.F.);
#5154=EDGE_LOOP('',(#5149,#5151,#5152,#5153));
#5155=FACE_OUTER_BOUND('',#5154,.F.);
#5156=ADVANCED_FACE('',(#5155),#5148,.T.);
#5157=FILL_AREA_STYLE_COLOUR('',#29);
#5158=FILL_AREA_STYLE('',(#5157));
#5159=SURFACE_STYLE_FILL_AREA(#5158);
#5160=SURFACE_SIDE_STYLE('',(#5159));
#5161=SURFACE_STYLE_USAGE(.POSITIVE.,#5160);
#5162=PRESENTATION_STYLE_ASSIGNMENT((#5161));
#5163=STYLED_ITEM('',(#5162),#5156);
#5164=CARTESIAN_POINT('',(-2.5E0,0.E0,0.E0));
#5165=DIRECTION('',(-1.E0,0.E0,0.E0));
#5166=DIRECTION('',(0.E0,-1.E0,0.E0));
#5167=AXIS2_PLACEMENT_3D('',#5164,#5165,#5166);
#5168=PLANE('',#5167);
#5170=ORIENTED_EDGE('',*,*,#5169,.T.);
#5172=ORIENTED_EDGE('',*,*,#5171,.F.);
#5173=ORIENTED_EDGE('',*,*,#4589,.T.);
#5175=ORIENTED_EDGE('',*,*,#5174,.F.);
#5176=EDGE_LOOP('',(#5170,#5172,#5173,#5175));
#5177=FACE_OUTER_BOUND('',#5176,.F.);
#5178=ADVANCED_FACE('',(#5177),#5168,.T.);
#5179=FILL_AREA_STYLE_COLOUR('',#29);
#5180=FILL_AREA_STYLE('',(#5179));
#5181=SURFACE_STYLE_FILL_AREA(#5180);
#5182=SURFACE_SIDE_STYLE('',(#5181));
#5183=SURFACE_STYLE_USAGE(.POSITIVE.,#5182);
#5184=PRESENTATION_STYLE_ASSIGNMENT((#5183));
#5185=STYLED_ITEM('',(#5184),#5178);
#5186=CARTESIAN_POINT('',(-1.5E0,3.15E0,0.E0));
#5187=DIRECTION('',(0.E0,1.E0,0.E0));
#5188=DIRECTION('',(0.E0,0.E0,-1.E0));
#5189=AXIS2_PLACEMENT_3D('',#5186,#5187,#5188);
#5190=PLANE('',#5189);
#5191=ORIENTED_EDGE('',*,*,#5110,.F.);
#5192=ORIENTED_EDGE('',*,*,#5068,.F.);
#5193=ORIENTED_EDGE('',*,*,#4581,.T.);
#5194=ORIENTED_EDGE('',*,*,#5150,.T.);
#5195=EDGE_LOOP('',(#5191,#5192,#5193,#5194));
#5196=FACE_OUTER_BOUND('',#5195,.F.);
#5197=ADVANCED_FACE('',(#5196),#5190,.T.);
#5198=FILL_AREA_STYLE_COLOUR('',#29);
#5199=FILL_AREA_STYLE('',(#5198));
#5200=SURFACE_STYLE_FILL_AREA(#5199);
#5201=SURFACE_SIDE_STYLE('',(#5200));
#5202=SURFACE_STYLE_USAGE(.POSITIVE.,#5201);
#5203=PRESENTATION_STYLE_ASSIGNMENT((#5202));
#5204=STYLED_ITEM('',(#5203),#5197);
#5205=CARTESIAN_POINT('',(-2.E0,-1.515024E1,-6.5E0));
#5206=DIRECTION('',(0.E0,1.E0,0.E0));
#5207=DIRECTION('',(-1.E0,0.E0,0.E0));
#5208=AXIS2_PLACEMENT_3D('',#5205,#5206,#5207);
#5209=CYLINDRICAL_SURFACE('',#5208,5.E-1);
#5211=ORIENTED_EDGE('',*,*,#5210,.T.);
#5212=ORIENTED_EDGE('',*,*,#5169,.F.);
#5214=ORIENTED_EDGE('',*,*,#5213,.T.);
#5215=ORIENTED_EDGE('',*,*,#5085,.T.);
#5216=EDGE_LOOP('',(#5211,#5212,#5214,#5215));
#5217=FACE_OUTER_BOUND('',#5216,.F.);
#5218=ADVANCED_FACE('',(#5217),#5209,.T.);
#5219=FILL_AREA_STYLE_COLOUR('',#29);
#5220=FILL_AREA_STYLE('',(#5219));
#5221=SURFACE_STYLE_FILL_AREA(#5220);
#5222=SURFACE_SIDE_STYLE('',(#5221));
#5223=SURFACE_STYLE_USAGE(.POSITIVE.,#5222);
#5224=PRESENTATION_STYLE_ASSIGNMENT((#5223));
#5225=STYLED_ITEM('',(#5224),#5218);
#5226=CARTESIAN_POINT('',(-1.5E0,-2.85E0,0.E0));
#5227=DIRECTION('',(0.E0,1.E0,0.E0));
#5228=DIRECTION('',(0.E0,0.E0,-1.E0));
#5229=AXIS2_PLACEMENT_3D('',#5226,#5227,#5228);
#5230=PLANE('',#5229);
#5231=ORIENTED_EDGE('',*,*,#5210,.F.);
#5232=ORIENTED_EDGE('',*,*,#5090,.F.);
#5233=ORIENTED_EDGE('',*,*,#4591,.T.);
#5234=ORIENTED_EDGE('',*,*,#5171,.T.);
#5235=EDGE_LOOP('',(#5231,#5232,#5233,#5234));
#5236=FACE_OUTER_BOUND('',#5235,.F.);
#5237=ADVANCED_FACE('',(#5236),#5230,.T.);
#5238=FILL_AREA_STYLE_COLOUR('',#29);
#5239=FILL_AREA_STYLE('',(#5238));
#5240=SURFACE_STYLE_FILL_AREA(#5239);
#5241=SURFACE_SIDE_STYLE('',(#5240));
#5242=SURFACE_STYLE_USAGE(.POSITIVE.,#5241);
#5243=PRESENTATION_STYLE_ASSIGNMENT((#5242));
#5244=STYLED_ITEM('',(#5243),#5237);
#5245=CARTESIAN_POINT('',(-1.5E0,-3.15E0,-7.E0));
#5246=DIRECTION('',(0.E0,-1.E0,0.E0));
#5247=DIRECTION('',(0.E0,0.E0,1.E0));
#5248=AXIS2_PLACEMENT_3D('',#5245,#5246,#5247);
#5249=PLANE('',#5248);
#5250=ORIENTED_EDGE('',*,*,#5213,.F.);
#5251=ORIENTED_EDGE('',*,*,#5174,.T.);
#5252=ORIENTED_EDGE('',*,*,#4587,.F.);
#5253=ORIENTED_EDGE('',*,*,#5087,.F.);
#5254=EDGE_LOOP('',(#5250,#5251,#5252,#5253));
#5255=FACE_OUTER_BOUND('',#5254,.F.);
#5256=ADVANCED_FACE('',(#5255),#5249,.T.);
#5257=FILL_AREA_STYLE_COLOUR('',#29);
#5258=FILL_AREA_STYLE('',(#5257));
#5259=SURFACE_STYLE_FILL_AREA(#5258);
#5260=SURFACE_SIDE_STYLE('',(#5259));
#5261=SURFACE_STYLE_USAGE(.POSITIVE.,#5260);
#5262=PRESENTATION_STYLE_ASSIGNMENT((#5261));
#5263=STYLED_ITEM('',(#5262),#5256);
#5264=CARTESIAN_POINT('',(2.5E0,0.E0,0.E0));
#5265=DIRECTION('',(-1.E0,0.E0,0.E0));
#5266=DIRECTION('',(0.E0,-1.E0,0.E0));
#5267=AXIS2_PLACEMENT_3D('',#5264,#5265,#5266);
#5268=PLANE('',#5267);
#5270=ORIENTED_EDGE('',*,*,#5269,.T.);
#5272=ORIENTED_EDGE('',*,*,#5271,.T.);
#5273=ORIENTED_EDGE('',*,*,#4595,.F.);
#5275=ORIENTED_EDGE('',*,*,#5274,.T.);
#5276=EDGE_LOOP('',(#5270,#5272,#5273,#5275));
#5277=FACE_OUTER_BOUND('',#5276,.F.);
#5278=ADVANCED_FACE('',(#5277),#5268,.F.);
#5279=FILL_AREA_STYLE_COLOUR('',#29);
#5280=FILL_AREA_STYLE('',(#5279));
#5281=SURFACE_STYLE_FILL_AREA(#5280);
#5282=SURFACE_SIDE_STYLE('',(#5281));
#5283=SURFACE_STYLE_USAGE(.POSITIVE.,#5282);
#5284=PRESENTATION_STYLE_ASSIGNMENT((#5283));
#5285=STYLED_ITEM('',(#5284),#5278);
#5286=CARTESIAN_POINT('',(2.5E0,0.E0,0.E0));
#5287=DIRECTION('',(-1.E0,0.E0,0.E0));
#5288=DIRECTION('',(0.E0,-1.E0,0.E0));
#5289=AXIS2_PLACEMENT_3D('',#5286,#5287,#5288);
#5290=PLANE('',#5289);
#5292=ORIENTED_EDGE('',*,*,#5291,.F.);
#5294=ORIENTED_EDGE('',*,*,#5293,.T.);
#5295=ORIENTED_EDGE('',*,*,#4605,.F.);
#5297=ORIENTED_EDGE('',*,*,#5296,.T.);
#5298=EDGE_LOOP('',(#5292,#5294,#5295,#5297));
#5299=FACE_OUTER_BOUND('',#5298,.F.);
#5300=ADVANCED_FACE('',(#5299),#5290,.F.);
#5301=FILL_AREA_STYLE_COLOUR('',#29);
#5302=FILL_AREA_STYLE('',(#5301));
#5303=SURFACE_STYLE_FILL_AREA(#5302);
#5304=SURFACE_SIDE_STYLE('',(#5303));
#5305=SURFACE_STYLE_USAGE(.POSITIVE.,#5304);
#5306=PRESENTATION_STYLE_ASSIGNMENT((#5305));
#5307=STYLED_ITEM('',(#5306),#5300);
#5308=CARTESIAN_POINT('',(2.E0,1.515024E1,-6.5E0));
#5309=DIRECTION('',(0.E0,-1.E0,0.E0));
#5310=DIRECTION('',(1.E0,0.E0,0.E0));
#5311=AXIS2_PLACEMENT_3D('',#5308,#5309,#5310);
#5312=CYLINDRICAL_SURFACE('',#5311,5.E-1);
#5314=ORIENTED_EDGE('',*,*,#5313,.T.);
#5315=ORIENTED_EDGE('',*,*,#5269,.F.);
#5317=ORIENTED_EDGE('',*,*,#5316,.T.);
#5319=ORIENTED_EDGE('',*,*,#5318,.T.);
#5320=EDGE_LOOP('',(#5314,#5315,#5317,#5319));
#5321=FACE_OUTER_BOUND('',#5320,.F.);
#5322=ADVANCED_FACE('',(#5321),#5312,.T.);
#5323=FILL_AREA_STYLE_COLOUR('',#29);
#5324=FILL_AREA_STYLE('',(#5323));
#5325=SURFACE_STYLE_FILL_AREA(#5324);
#5326=SURFACE_SIDE_STYLE('',(#5325));
#5327=SURFACE_STYLE_USAGE(.POSITIVE.,#5326);
#5328=PRESENTATION_STYLE_ASSIGNMENT((#5327));
#5329=STYLED_ITEM('',(#5328),#5322);
#5330=CARTESIAN_POINT('',(2.5E0,2.85E0,-7.E0));
#5331=DIRECTION('',(0.E0,-1.E0,0.E0));
#5332=DIRECTION('',(0.E0,0.E0,1.E0));
#5333=AXIS2_PLACEMENT_3D('',#5330,#5331,#5332);
#5334=PLANE('',#5333);
#5335=ORIENTED_EDGE('',*,*,#5313,.F.);
#5337=ORIENTED_EDGE('',*,*,#5336,.T.);
#5338=ORIENTED_EDGE('',*,*,#4597,.F.);
#5339=ORIENTED_EDGE('',*,*,#5271,.F.);
#5340=EDGE_LOOP('',(#5335,#5337,#5338,#5339));
#5341=FACE_OUTER_BOUND('',#5340,.F.);
#5342=ADVANCED_FACE('',(#5341),#5334,.T.);
#5343=FILL_AREA_STYLE_COLOUR('',#29);
#5344=FILL_AREA_STYLE('',(#5343));
#5345=SURFACE_STYLE_FILL_AREA(#5344);
#5346=SURFACE_SIDE_STYLE('',(#5345));
#5347=SURFACE_STYLE_USAGE(.POSITIVE.,#5346);
#5348=PRESENTATION_STYLE_ASSIGNMENT((#5347));
#5349=STYLED_ITEM('',(#5348),#5342);
#5350=CARTESIAN_POINT('',(1.5E0,0.E0,0.E0));
#5351=DIRECTION('',(-1.E0,0.E0,0.E0));
#5352=DIRECTION('',(0.E0,-1.E0,0.E0));
#5353=AXIS2_PLACEMENT_3D('',#5350,#5351,#5352);
#5354=PLANE('',#5353);
#5355=ORIENTED_EDGE('',*,*,#5318,.F.);
#5357=ORIENTED_EDGE('',*,*,#5356,.F.);
#5358=ORIENTED_EDGE('',*,*,#4599,.T.);
#5359=ORIENTED_EDGE('',*,*,#5336,.F.);
#5360=EDGE_LOOP('',(#5355,#5357,#5358,#5359));
#5361=FACE_OUTER_BOUND('',#5360,.F.);
#5362=ADVANCED_FACE('',(#5361),#5354,.T.);
#5363=FILL_AREA_STYLE_COLOUR('',#29);
#5364=FILL_AREA_STYLE('',(#5363));
#5365=SURFACE_STYLE_FILL_AREA(#5364);
#5366=SURFACE_SIDE_STYLE('',(#5365));
#5367=SURFACE_STYLE_USAGE(.POSITIVE.,#5366);
#5368=PRESENTATION_STYLE_ASSIGNMENT((#5367));
#5369=STYLED_ITEM('',(#5368),#5362);
#5370=CARTESIAN_POINT('',(1.5E0,0.E0,0.E0));
#5371=DIRECTION('',(-1.E0,0.E0,0.E0));
#5372=DIRECTION('',(0.E0,-1.E0,0.E0));
#5373=AXIS2_PLACEMENT_3D('',#5370,#5371,#5372);
#5374=PLANE('',#5373);
#5376=ORIENTED_EDGE('',*,*,#5375,.T.);
#5378=ORIENTED_EDGE('',*,*,#5377,.F.);
#5379=ORIENTED_EDGE('',*,*,#4609,.T.);
#5381=ORIENTED_EDGE('',*,*,#5380,.F.);
#5382=EDGE_LOOP('',(#5376,#5378,#5379,#5381));
#5383=FACE_OUTER_BOUND('',#5382,.F.);
#5384=ADVANCED_FACE('',(#5383),#5374,.T.);
#5385=FILL_AREA_STYLE_COLOUR('',#29);
#5386=FILL_AREA_STYLE('',(#5385));
#5387=SURFACE_STYLE_FILL_AREA(#5386);
#5388=SURFACE_SIDE_STYLE('',(#5387));
#5389=SURFACE_STYLE_USAGE(.POSITIVE.,#5388);
#5390=PRESENTATION_STYLE_ASSIGNMENT((#5389));
#5391=STYLED_ITEM('',(#5390),#5384);
#5392=CARTESIAN_POINT('',(2.5E0,3.15E0,0.E0));
#5393=DIRECTION('',(0.E0,1.E0,0.E0));
#5394=DIRECTION('',(0.E0,0.E0,-1.E0));
#5395=AXIS2_PLACEMENT_3D('',#5392,#5393,#5394);
#5396=PLANE('',#5395);
#5397=ORIENTED_EDGE('',*,*,#5316,.F.);
#5398=ORIENTED_EDGE('',*,*,#5274,.F.);
#5399=ORIENTED_EDGE('',*,*,#4601,.T.);
#5400=ORIENTED_EDGE('',*,*,#5356,.T.);
#5401=EDGE_LOOP('',(#5397,#5398,#5399,#5400));
#5402=FACE_OUTER_BOUND('',#5401,.F.);
#5403=ADVANCED_FACE('',(#5402),#5396,.T.);
#5404=FILL_AREA_STYLE_COLOUR('',#29);
#5405=FILL_AREA_STYLE('',(#5404));
#5406=SURFACE_STYLE_FILL_AREA(#5405);
#5407=SURFACE_SIDE_STYLE('',(#5406));
#5408=SURFACE_STYLE_USAGE(.POSITIVE.,#5407);
#5409=PRESENTATION_STYLE_ASSIGNMENT((#5408));
#5410=STYLED_ITEM('',(#5409),#5403);
#5411=CARTESIAN_POINT('',(2.E0,-1.515024E1,-6.5E0));
#5412=DIRECTION('',(0.E0,1.E0,0.E0));
#5413=DIRECTION('',(-1.E0,0.E0,0.E0));
#5414=AXIS2_PLACEMENT_3D('',#5411,#5412,#5413);
#5415=CYLINDRICAL_SURFACE('',#5414,5.E-1);
#5417=ORIENTED_EDGE('',*,*,#5416,.T.);
#5418=ORIENTED_EDGE('',*,*,#5375,.F.);
#5420=ORIENTED_EDGE('',*,*,#5419,.T.);
#5421=ORIENTED_EDGE('',*,*,#5291,.T.);
#5422=EDGE_LOOP('',(#5417,#5418,#5420,#5421));
#5423=FACE_OUTER_BOUND('',#5422,.F.);
#5424=ADVANCED_FACE('',(#5423),#5415,.T.);
#5425=FILL_AREA_STYLE_COLOUR('',#29);
#5426=FILL_AREA_STYLE('',(#5425));
#5427=SURFACE_STYLE_FILL_AREA(#5426);
#5428=SURFACE_SIDE_STYLE('',(#5427));
#5429=SURFACE_STYLE_USAGE(.POSITIVE.,#5428);
#5430=PRESENTATION_STYLE_ASSIGNMENT((#5429));
#5431=STYLED_ITEM('',(#5430),#5424);
#5432=CARTESIAN_POINT('',(2.5E0,-2.85E0,0.E0));
#5433=DIRECTION('',(0.E0,1.E0,0.E0));
#5434=DIRECTION('',(0.E0,0.E0,-1.E0));
#5435=AXIS2_PLACEMENT_3D('',#5432,#5433,#5434);
#5436=PLANE('',#5435);
#5437=ORIENTED_EDGE('',*,*,#5416,.F.);
#5438=ORIENTED_EDGE('',*,*,#5296,.F.);
#5439=ORIENTED_EDGE('',*,*,#4611,.T.);
#5440=ORIENTED_EDGE('',*,*,#5377,.T.);
#5441=EDGE_LOOP('',(#5437,#5438,#5439,#5440));
#5442=FACE_OUTER_BOUND('',#5441,.F.);
#5443=ADVANCED_FACE('',(#5442),#5436,.T.);
#5444=FILL_AREA_STYLE_COLOUR('',#29);
#5445=FILL_AREA_STYLE('',(#5444));
#5446=SURFACE_STYLE_FILL_AREA(#5445);
#5447=SURFACE_SIDE_STYLE('',(#5446));
#5448=SURFACE_STYLE_USAGE(.POSITIVE.,#5447);
#5449=PRESENTATION_STYLE_ASSIGNMENT((#5448));
#5450=STYLED_ITEM('',(#5449),#5443);
#5451=CARTESIAN_POINT('',(2.5E0,-3.15E0,-7.E0));
#5452=DIRECTION('',(0.E0,-1.E0,0.E0));
#5453=DIRECTION('',(0.E0,0.E0,1.E0));
#5454=AXIS2_PLACEMENT_3D('',#5451,#5452,#5453);
#5455=PLANE('',#5454);
#5456=ORIENTED_EDGE('',*,*,#5419,.F.);
#5457=ORIENTED_EDGE('',*,*,#5380,.T.);
#5458=ORIENTED_EDGE('',*,*,#4607,.F.);
#5459=ORIENTED_EDGE('',*,*,#5293,.F.);
#5460=EDGE_LOOP('',(#5456,#5457,#5458,#5459));
#5461=FACE_OUTER_BOUND('',#5460,.F.);
#5462=ADVANCED_FACE('',(#5461),#5455,.T.);
#5463=FILL_AREA_STYLE_COLOUR('',#29);
#5464=FILL_AREA_STYLE('',(#5463));
#5465=SURFACE_STYLE_FILL_AREA(#5464);
#5466=SURFACE_SIDE_STYLE('',(#5465));
#5467=SURFACE_STYLE_USAGE(.POSITIVE.,#5466);
#5468=PRESENTATION_STYLE_ASSIGNMENT((#5467));
#5469=STYLED_ITEM('',(#5468),#5462);
#5470=CARTESIAN_POINT('',(5.159533726050E0,4.2E0,0.E0));
#5471=DIRECTION('',(-1.E0,0.E0,0.E0));
#5472=DIRECTION('',(0.E0,0.E0,1.E0));
#5473=AXIS2_PLACEMENT_3D('',#5470,#5471,#5472);
#5474=PLANE('',#5473);
#5476=ORIENTED_EDGE('',*,*,#5475,.F.);
#5477=ORIENTED_EDGE('',*,*,#4478,.F.);
#5479=ORIENTED_EDGE('',*,*,#5478,.T.);
#5481=ORIENTED_EDGE('',*,*,#5480,.T.);
#5482=EDGE_LOOP('',(#5476,#5477,#5479,#5481));
#5483=FACE_OUTER_BOUND('',#5482,.F.);
#5484=ADVANCED_FACE('',(#5483),#5474,.T.);
#5485=FILL_AREA_STYLE_COLOUR('',#29);
#5486=FILL_AREA_STYLE('',(#5485));
#5487=SURFACE_STYLE_FILL_AREA(#5486);
#5488=SURFACE_SIDE_STYLE('',(#5487));
#5489=SURFACE_STYLE_USAGE(.POSITIVE.,#5488);
#5490=PRESENTATION_STYLE_ASSIGNMENT((#5489));
#5491=STYLED_ITEM('',(#5490),#5484);
#5492=CARTESIAN_POINT('',(3.880837579960E0,3.3E0,0.E0));
#5493=DIRECTION('',(0.E0,1.E0,0.E0));
#5494=DIRECTION('',(1.E0,0.E0,0.E0));
#5495=AXIS2_PLACEMENT_3D('',#5492,#5493,#5494);
#5496=PLANE('',#5495);
#5497=ORIENTED_EDGE('',*,*,#4480,.F.);
#5498=ORIENTED_EDGE('',*,*,#5475,.T.);
#5500=ORIENTED_EDGE('',*,*,#5499,.T.);
#5502=ORIENTED_EDGE('',*,*,#5501,.F.);
#5504=ORIENTED_EDGE('',*,*,#5503,.T.);
#5506=ORIENTED_EDGE('',*,*,#5505,.F.);
#5507=EDGE_LOOP('',(#5497,#5498,#5500,#5502,#5504,#5506));
#5508=FACE_OUTER_BOUND('',#5507,.F.);
#5509=ADVANCED_FACE('',(#5508),#5496,.T.);
#5510=FILL_AREA_STYLE_COLOUR('',#29);
#5511=FILL_AREA_STYLE('',(#5510));
#5512=SURFACE_STYLE_FILL_AREA(#5511);
#5513=SURFACE_SIDE_STYLE('',(#5512));
#5514=SURFACE_STYLE_USAGE(.POSITIVE.,#5513);
#5515=PRESENTATION_STYLE_ASSIGNMENT((#5514));
#5516=STYLED_ITEM('',(#5515),#5509);
#5517=CARTESIAN_POINT('',(5.159533726050E0,4.2E0,1.278696146090E0));
#5518=DIRECTION('',(0.E0,0.E0,-1.E0));
#5519=DIRECTION('',(-1.E0,0.E0,0.E0));
#5520=AXIS2_PLACEMENT_3D('',#5517,#5518,#5519);
#5521=PLANE('',#5520);
#5522=ORIENTED_EDGE('',*,*,#5480,.F.);
#5524=ORIENTED_EDGE('',*,*,#5523,.T.);
#5526=ORIENTED_EDGE('',*,*,#5525,.T.);
#5527=ORIENTED_EDGE('',*,*,#5499,.F.);
#5528=EDGE_LOOP('',(#5522,#5524,#5526,#5527));
#5529=FACE_OUTER_BOUND('',#5528,.F.);
#5530=ADVANCED_FACE('',(#5529),#5521,.T.);
#5531=FILL_AREA_STYLE_COLOUR('',#29);
#5532=FILL_AREA_STYLE('',(#5531));
#5533=SURFACE_STYLE_FILL_AREA(#5532);
#5534=SURFACE_SIDE_STYLE('',(#5533));
#5535=SURFACE_STYLE_USAGE(.POSITIVE.,#5534);
#5536=PRESENTATION_STYLE_ASSIGNMENT((#5535));
#5537=STYLED_ITEM('',(#5536),#5530);
#5538=CARTESIAN_POINT('',(1.2E1,4.2E0,0.E0));
#5539=DIRECTION('',(0.E0,1.E0,0.E0));
#5540=DIRECTION('',(-1.E0,0.E0,0.E0));
#5541=AXIS2_PLACEMENT_3D('',#5538,#5539,#5540);
#5542=PLANE('',#5541);
#5544=ORIENTED_EDGE('',*,*,#5543,.T.);
#5546=ORIENTED_EDGE('',*,*,#5545,.T.);
#5548=ORIENTED_EDGE('',*,*,#5547,.T.);
#5550=ORIENTED_EDGE('',*,*,#5549,.T.);
#5552=ORIENTED_EDGE('',*,*,#5551,.T.);
#5554=ORIENTED_EDGE('',*,*,#5553,.T.);
#5555=ORIENTED_EDGE('',*,*,#4521,.F.);
#5557=ORIENTED_EDGE('',*,*,#5556,.T.);
#5559=ORIENTED_EDGE('',*,*,#5558,.F.);
#5561=ORIENTED_EDGE('',*,*,#5560,.F.);
#5562=ORIENTED_EDGE('',*,*,#4513,.F.);
#5564=ORIENTED_EDGE('',*,*,#5563,.T.);
#5566=ORIENTED_EDGE('',*,*,#5565,.T.);
#5568=ORIENTED_EDGE('',*,*,#5567,.F.);
#5569=ORIENTED_EDGE('',*,*,#5523,.F.);
#5570=ORIENTED_EDGE('',*,*,#5478,.F.);
#5571=ORIENTED_EDGE('',*,*,#4492,.F.);
#5573=ORIENTED_EDGE('',*,*,#5572,.T.);
#5574=EDGE_LOOP('',(#5544,#5546,#5548,#5550,#5552,#5554,#5555,#5557,#5559,#5561,
#5562,#5564,#5566,#5568,#5569,#5570,#5571,#5573));
#5575=FACE_OUTER_BOUND('',#5574,.F.);
#5576=ADVANCED_FACE('',(#5575),#5542,.T.);
#5577=FILL_AREA_STYLE_COLOUR('',#29);
#5578=FILL_AREA_STYLE('',(#5577));
#5579=SURFACE_STYLE_FILL_AREA(#5578);
#5580=SURFACE_SIDE_STYLE('',(#5579));
#5581=SURFACE_STYLE_USAGE(.POSITIVE.,#5580);
#5582=PRESENTATION_STYLE_ASSIGNMENT((#5581));
#5583=STYLED_ITEM('',(#5582),#5576);
#5584=CARTESIAN_POINT('',(0.E0,0.E0,8.7E0));
#5585=DIRECTION('',(0.E0,0.E0,1.E0));
#5586=DIRECTION('',(1.E0,0.E0,0.E0));
#5587=AXIS2_PLACEMENT_3D('',#5584,#5585,#5586);
#5588=PLANE('',#5587);
#5590=ORIENTED_EDGE('',*,*,#5589,.F.);
#5591=ORIENTED_EDGE('',*,*,#5543,.F.);
#5593=ORIENTED_EDGE('',*,*,#5592,.F.);
#5595=ORIENTED_EDGE('',*,*,#5594,.F.);
#5597=ORIENTED_EDGE('',*,*,#5596,.T.);
#5599=ORIENTED_EDGE('',*,*,#5598,.F.);
#5601=ORIENTED_EDGE('',*,*,#5600,.T.);
#5603=ORIENTED_EDGE('',*,*,#5602,.T.);
#5605=ORIENTED_EDGE('',*,*,#5604,.T.);
#5607=ORIENTED_EDGE('',*,*,#5606,.T.);
#5609=ORIENTED_EDGE('',*,*,#5608,.T.);
#5611=ORIENTED_EDGE('',*,*,#5610,.T.);
#5612=EDGE_LOOP('',(#5590,#5591,#5593,#5595,#5597,#5599,#5601,#5603,#5605,#5607,
#5609,#5611));
#5613=FACE_OUTER_BOUND('',#5612,.F.);
#5614=ADVANCED_FACE('',(#5613),#5588,.T.);
#5615=FILL_AREA_STYLE_COLOUR('',#29);
#5616=FILL_AREA_STYLE('',(#5615));
#5617=SURFACE_STYLE_FILL_AREA(#5616);
#5618=SURFACE_SIDE_STYLE('',(#5617));
#5619=SURFACE_STYLE_USAGE(.POSITIVE.,#5618);
#5620=PRESENTATION_STYLE_ASSIGNMENT((#5619));
#5621=STYLED_ITEM('',(#5620),#5614);
#5622=CARTESIAN_POINT('',(0.E0,0.E0,8.7E0));
#5623=DIRECTION('',(0.E0,0.E0,1.E0));
#5624=DIRECTION('',(1.E0,0.E0,0.E0));
#5625=AXIS2_PLACEMENT_3D('',#5622,#5623,#5624);
#5626=PLANE('',#5625);
#5628=ORIENTED_EDGE('',*,*,#5627,.T.);
#5630=ORIENTED_EDGE('',*,*,#5629,.T.);
#5632=ORIENTED_EDGE('',*,*,#5631,.T.);
#5634=ORIENTED_EDGE('',*,*,#5633,.F.);
#5636=ORIENTED_EDGE('',*,*,#5635,.F.);
#5638=ORIENTED_EDGE('',*,*,#5637,.F.);
#5640=ORIENTED_EDGE('',*,*,#5639,.T.);
#5642=ORIENTED_EDGE('',*,*,#5641,.T.);
#5644=ORIENTED_EDGE('',*,*,#5643,.F.);
#5646=ORIENTED_EDGE('',*,*,#5645,.F.);
#5648=ORIENTED_EDGE('',*,*,#5647,.F.);
#5650=ORIENTED_EDGE('',*,*,#5649,.F.);
#5652=ORIENTED_EDGE('',*,*,#5651,.F.);
#5653=ORIENTED_EDGE('',*,*,#5551,.F.);
#5654=EDGE_LOOP('',(#5628,#5630,#5632,#5634,#5636,#5638,#5640,#5642,#5644,#5646,
#5648,#5650,#5652,#5653));
#5655=FACE_OUTER_BOUND('',#5654,.F.);
#5656=ADVANCED_FACE('',(#5655),#5626,.T.);
#5657=FILL_AREA_STYLE_COLOUR('',#29);
#5658=FILL_AREA_STYLE('',(#5657));
#5659=SURFACE_STYLE_FILL_AREA(#5658);
#5660=SURFACE_SIDE_STYLE('',(#5659));
#5661=SURFACE_STYLE_USAGE(.POSITIVE.,#5660);
#5662=PRESENTATION_STYLE_ASSIGNMENT((#5661));
#5663=STYLED_ITEM('',(#5662),#5656);
#5664=CARTESIAN_POINT('',(9.2513E0,4.2E0,8.7E0));
#5665=DIRECTION('',(-1.E0,0.E0,0.E0));
#5666=DIRECTION('',(0.E0,0.E0,1.E0));
#5667=AXIS2_PLACEMENT_3D('',#5664,#5665,#5666);
#5668=PLANE('',#5667);
#5669=ORIENTED_EDGE('',*,*,#5545,.F.);
#5670=ORIENTED_EDGE('',*,*,#5589,.T.);
#5672=ORIENTED_EDGE('',*,*,#5671,.T.);
#5674=ORIENTED_EDGE('',*,*,#5673,.F.);
#5675=EDGE_LOOP('',(#5669,#5670,#5672,#5674));
#5676=FACE_OUTER_BOUND('',#5675,.F.);
#5677=ADVANCED_FACE('',(#5676),#5668,.F.);
#5678=FILL_AREA_STYLE_COLOUR('',#29);
#5679=FILL_AREA_STYLE('',(#5678));
#5680=SURFACE_STYLE_FILL_AREA(#5679);
#5681=SURFACE_SIDE_STYLE('',(#5680));
#5682=SURFACE_STYLE_USAGE(.POSITIVE.,#5681);
#5683=PRESENTATION_STYLE_ASSIGNMENT((#5682));
#5684=STYLED_ITEM('',(#5683),#5677);
#5685=CARTESIAN_POINT('',(-6.5E0,3.3E0,8.7E0));
#5686=DIRECTION('',(0.E0,-1.E0,0.E0));
#5687=DIRECTION('',(1.E0,0.E0,0.E0));
#5688=AXIS2_PLACEMENT_3D('',#5685,#5686,#5687);
#5689=PLANE('',#5688);
#5690=ORIENTED_EDGE('',*,*,#5671,.F.);
#5691=ORIENTED_EDGE('',*,*,#5610,.F.);
#5693=ORIENTED_EDGE('',*,*,#5692,.T.);
#5695=ORIENTED_EDGE('',*,*,#5694,.F.);
#5696=EDGE_LOOP('',(#5690,#5691,#5693,#5695));
#5697=FACE_OUTER_BOUND('',#5696,.F.);
#5698=ADVANCED_FACE('',(#5697),#5689,.T.);
#5699=FILL_AREA_STYLE_COLOUR('',#29);
#5700=FILL_AREA_STYLE('',(#5699));
#5701=SURFACE_STYLE_FILL_AREA(#5700);
#5702=SURFACE_SIDE_STYLE('',(#5701));
#5703=SURFACE_STYLE_USAGE(.POSITIVE.,#5702);
#5704=PRESENTATION_STYLE_ASSIGNMENT((#5703));
#5705=STYLED_ITEM('',(#5704),#5698);
#5706=CARTESIAN_POINT('',(6.5E0,2.E0,8.7E0));
#5707=DIRECTION('',(1.E0,0.E0,0.E0));
#5708=DIRECTION('',(0.E0,1.E0,0.E0));
#5709=AXIS2_PLACEMENT_3D('',#5706,#5707,#5708);
#5710=PLANE('',#5709);
#5711=ORIENTED_EDGE('',*,*,#5692,.F.);
#5712=ORIENTED_EDGE('',*,*,#5608,.F.);
#5714=ORIENTED_EDGE('',*,*,#5713,.T.);
#5716=ORIENTED_EDGE('',*,*,#5715,.T.);
#5718=ORIENTED_EDGE('',*,*,#5717,.F.);
#5719=EDGE_LOOP('',(#5711,#5712,#5714,#5716,#5718));
#5720=FACE_OUTER_BOUND('',#5719,.F.);
#5721=ADVANCED_FACE('',(#5720),#5710,.T.);
#5722=FILL_AREA_STYLE_COLOUR('',#29);
#5723=FILL_AREA_STYLE('',(#5722));
#5724=SURFACE_STYLE_FILL_AREA(#5723);
#5725=SURFACE_SIDE_STYLE('',(#5724));
#5726=SURFACE_STYLE_USAGE(.POSITIVE.,#5725);
#5727=PRESENTATION_STYLE_ASSIGNMENT((#5726));
#5728=STYLED_ITEM('',(#5727),#5721);
#5729=CARTESIAN_POINT('',(4.5E0,2.E0,8.7E0));
#5730=DIRECTION('',(0.E0,-1.E0,0.E0));
#5731=DIRECTION('',(1.E0,0.E0,0.E0));
#5732=AXIS2_PLACEMENT_3D('',#5729,#5730,#5731);
#5733=PLANE('',#5732);
#5734=ORIENTED_EDGE('',*,*,#5606,.F.);
#5736=ORIENTED_EDGE('',*,*,#5735,.T.);
#5738=ORIENTED_EDGE('',*,*,#5737,.T.);
#5739=ORIENTED_EDGE('',*,*,#5713,.F.);
#5740=EDGE_LOOP('',(#5734,#5736,#5738,#5739));
#5741=FACE_OUTER_BOUND('',#5740,.F.);
#5742=ADVANCED_FACE('',(#5741),#5733,.T.);
#5743=FILL_AREA_STYLE_COLOUR('',#29);
#5744=FILL_AREA_STYLE('',(#5743));
#5745=SURFACE_STYLE_FILL_AREA(#5744);
#5746=SURFACE_SIDE_STYLE('',(#5745));
#5747=SURFACE_STYLE_USAGE(.POSITIVE.,#5746);
#5748=PRESENTATION_STYLE_ASSIGNMENT((#5747));
#5749=STYLED_ITEM('',(#5748),#5742);
#5750=CARTESIAN_POINT('',(4.5E0,-2.E0,8.7E0));
#5751=DIRECTION('',(1.E0,0.E0,0.E0));
#5752=DIRECTION('',(0.E0,1.E0,0.E0));
#5753=AXIS2_PLACEMENT_3D('',#5750,#5751,#5752);
#5754=PLANE('',#5753);
#5755=ORIENTED_EDGE('',*,*,#5604,.F.);
#5757=ORIENTED_EDGE('',*,*,#5756,.T.);
#5759=ORIENTED_EDGE('',*,*,#5758,.T.);
#5760=ORIENTED_EDGE('',*,*,#5735,.F.);
#5761=EDGE_LOOP('',(#5755,#5757,#5759,#5760));
#5762=FACE_OUTER_BOUND('',#5761,.F.);
#5763=ADVANCED_FACE('',(#5762),#5754,.T.);
#5764=FILL_AREA_STYLE_COLOUR('',#29);
#5765=FILL_AREA_STYLE('',(#5764));
#5766=SURFACE_STYLE_FILL_AREA(#5765);
#5767=SURFACE_SIDE_STYLE('',(#5766));
#5768=SURFACE_STYLE_USAGE(.POSITIVE.,#5767);
#5769=PRESENTATION_STYLE_ASSIGNMENT((#5768));
#5770=STYLED_ITEM('',(#5769),#5763);
#5771=CARTESIAN_POINT('',(6.5E0,-2.E0,8.7E0));
#5772=DIRECTION('',(0.E0,1.E0,0.E0));
#5773=DIRECTION('',(-1.E0,0.E0,0.E0));
#5774=AXIS2_PLACEMENT_3D('',#5771,#5772,#5773);
#5775=PLANE('',#5774);
#5776=ORIENTED_EDGE('',*,*,#5602,.F.);
#5778=ORIENTED_EDGE('',*,*,#5777,.T.);
#5780=ORIENTED_EDGE('',*,*,#5779,.T.);
#5781=ORIENTED_EDGE('',*,*,#5756,.F.);
#5782=EDGE_LOOP('',(#5776,#5778,#5780,#5781));
#5783=FACE_OUTER_BOUND('',#5782,.F.);
#5784=ADVANCED_FACE('',(#5783),#5775,.T.);
#5785=FILL_AREA_STYLE_COLOUR('',#29);
#5786=FILL_AREA_STYLE('',(#5785));
#5787=SURFACE_STYLE_FILL_AREA(#5786);
#5788=SURFACE_SIDE_STYLE('',(#5787));
#5789=SURFACE_STYLE_USAGE(.POSITIVE.,#5788);
#5790=PRESENTATION_STYLE_ASSIGNMENT((#5789));
#5791=STYLED_ITEM('',(#5790),#5784);
#5792=CARTESIAN_POINT('',(6.5E0,-3.3E0,8.7E0));
#5793=DIRECTION('',(1.E0,0.E0,0.E0));
#5794=DIRECTION('',(0.E0,1.E0,0.E0));
#5795=AXIS2_PLACEMENT_3D('',#5792,#5793,#5794);
#5796=PLANE('',#5795);
#5798=ORIENTED_EDGE('',*,*,#5797,.T.);
#5800=ORIENTED_EDGE('',*,*,#5799,.T.);
#5802=ORIENTED_EDGE('',*,*,#5801,.T.);
#5803=ORIENTED_EDGE('',*,*,#5777,.F.);
#5804=ORIENTED_EDGE('',*,*,#5600,.F.);
#5805=EDGE_LOOP('',(#5798,#5800,#5802,#5803,#5804));
#5806=FACE_OUTER_BOUND('',#5805,.F.);
#5807=ADVANCED_FACE('',(#5806),#5796,.T.);
#5808=FILL_AREA_STYLE_COLOUR('',#29);
#5809=FILL_AREA_STYLE('',(#5808));
#5810=SURFACE_STYLE_FILL_AREA(#5809);
#5811=SURFACE_SIDE_STYLE('',(#5810));
#5812=SURFACE_STYLE_USAGE(.POSITIVE.,#5811);
#5813=PRESENTATION_STYLE_ASSIGNMENT((#5812));
#5814=STYLED_ITEM('',(#5813),#5807);
#5815=CARTESIAN_POINT('',(-6.5E0,-3.3E0,8.7E0));
#5816=DIRECTION('',(0.E0,-1.E0,0.E0));
#5817=DIRECTION('',(1.E0,0.E0,0.E0));
#5818=AXIS2_PLACEMENT_3D('',#5815,#5816,#5817);
#5819=PLANE('',#5818);
#5820=ORIENTED_EDGE('',*,*,#5598,.T.);
#5822=ORIENTED_EDGE('',*,*,#5821,.T.);
#5824=ORIENTED_EDGE('',*,*,#5823,.T.);
#5825=ORIENTED_EDGE('',*,*,#5797,.F.);
#5826=EDGE_LOOP('',(#5820,#5822,#5824,#5825));
#5827=FACE_OUTER_BOUND('',#5826,.F.);
#5828=ADVANCED_FACE('',(#5827),#5819,.F.);
#5829=FILL_AREA_STYLE_COLOUR('',#29);
#5830=FILL_AREA_STYLE('',(#5829));
#5831=SURFACE_STYLE_FILL_AREA(#5830);
#5832=SURFACE_SIDE_STYLE('',(#5831));
#5833=SURFACE_STYLE_USAGE(.POSITIVE.,#5832);
#5834=PRESENTATION_STYLE_ASSIGNMENT((#5833));
#5835=STYLED_ITEM('',(#5834),#5828);
#5836=CARTESIAN_POINT('',(9.2513E0,-4.2E0,8.7E0));
#5837=DIRECTION('',(1.E0,0.E0,0.E0));
#5838=DIRECTION('',(0.E0,0.E0,1.E0));
#5839=AXIS2_PLACEMENT_3D('',#5836,#5837,#5838);
#5840=PLANE('',#5839);
#5841=ORIENTED_EDGE('',*,*,#5596,.F.);
#5843=ORIENTED_EDGE('',*,*,#5842,.T.);
#5845=ORIENTED_EDGE('',*,*,#5844,.T.);
#5846=ORIENTED_EDGE('',*,*,#5821,.F.);
#5847=EDGE_LOOP('',(#5841,#5843,#5845,#5846));
#5848=FACE_OUTER_BOUND('',#5847,.F.);
#5849=ADVANCED_FACE('',(#5848),#5840,.T.);
#5850=FILL_AREA_STYLE_COLOUR('',#29);
#5851=FILL_AREA_STYLE('',(#5850));
#5852=SURFACE_STYLE_FILL_AREA(#5851);
#5853=SURFACE_SIDE_STYLE('',(#5852));
#5854=SURFACE_STYLE_USAGE(.POSITIVE.,#5853);
#5855=PRESENTATION_STYLE_ASSIGNMENT((#5854));
#5856=STYLED_ITEM('',(#5855),#5849);
#5857=CARTESIAN_POINT('',(-1.2E1,-4.2E0,0.E0));
#5858=DIRECTION('',(0.E0,-1.E0,0.E0));
#5859=DIRECTION('',(1.E0,0.E0,0.E0));
#5860=AXIS2_PLACEMENT_3D('',#5857,#5858,#5859);
#5861=PLANE('',#5860);
#5862=ORIENTED_EDGE('',*,*,#5645,.T.);
#5864=ORIENTED_EDGE('',*,*,#5863,.F.);
#5866=ORIENTED_EDGE('',*,*,#5865,.F.);
#5867=ORIENTED_EDGE('',*,*,#5842,.F.);
#5868=ORIENTED_EDGE('',*,*,#5594,.T.);
#5870=ORIENTED_EDGE('',*,*,#5869,.F.);
#5871=ORIENTED_EDGE('',*,*,#4488,.F.);
#5873=ORIENTED_EDGE('',*,*,#5872,.T.);
#5875=ORIENTED_EDGE('',*,*,#5874,.T.);
#5877=ORIENTED_EDGE('',*,*,#5876,.F.);
#5879=ORIENTED_EDGE('',*,*,#5878,.T.);
#5881=ORIENTED_EDGE('',*,*,#5880,.F.);
#5882=ORIENTED_EDGE('',*,*,#4545,.F.);
#5884=ORIENTED_EDGE('',*,*,#5883,.T.);
#5886=ORIENTED_EDGE('',*,*,#5885,.T.);
#5888=ORIENTED_EDGE('',*,*,#5887,.F.);
#5889=ORIENTED_EDGE('',*,*,#4537,.F.);
#5891=ORIENTED_EDGE('',*,*,#5890,.F.);
#5892=EDGE_LOOP('',(#5862,#5864,#5866,#5867,#5868,#5870,#5871,#5873,#5875,#5877,
#5879,#5881,#5882,#5884,#5886,#5888,#5889,#5891));
#5893=FACE_OUTER_BOUND('',#5892,.F.);
#5894=ADVANCED_FACE('',(#5893),#5861,.T.);
#5895=FILL_AREA_STYLE_COLOUR('',#29);
#5896=FILL_AREA_STYLE('',(#5895));
#5897=SURFACE_STYLE_FILL_AREA(#5896);
#5898=SURFACE_SIDE_STYLE('',(#5897));
#5899=SURFACE_STYLE_USAGE(.POSITIVE.,#5898);
#5900=PRESENTATION_STYLE_ASSIGNMENT((#5899));
#5901=STYLED_ITEM('',(#5900),#5894);
#5902=CARTESIAN_POINT('',(5.0274E0,-4.2E0,1.01866E1));
#5903=DIRECTION('',(-1.E0,0.E0,0.E0));
#5904=DIRECTION('',(0.E0,0.E0,-1.E0));
#5905=AXIS2_PLACEMENT_3D('',#5902,#5903,#5904);
#5906=PLANE('',#5905);
#5907=ORIENTED_EDGE('',*,*,#5643,.T.);
#5909=ORIENTED_EDGE('',*,*,#5908,.T.);
#5911=ORIENTED_EDGE('',*,*,#5910,.F.);
#5912=ORIENTED_EDGE('',*,*,#5863,.T.);
#5913=EDGE_LOOP('',(#5907,#5909,#5911,#5912));
#5914=FACE_OUTER_BOUND('',#5913,.F.);
#5915=ADVANCED_FACE('',(#5914),#5906,.T.);
#5916=FILL_AREA_STYLE_COLOUR('',#29);
#5917=FILL_AREA_STYLE('',(#5916));
#5918=SURFACE_STYLE_FILL_AREA(#5917);
#5919=SURFACE_SIDE_STYLE('',(#5918));
#5920=SURFACE_STYLE_USAGE(.POSITIVE.,#5919);
#5921=PRESENTATION_STYLE_ASSIGNMENT((#5920));
#5922=STYLED_ITEM('',(#5921),#5915);
#5923=CARTESIAN_POINT('',(-6.5E0,-3.3E0,8.7E0));
#5924=DIRECTION('',(0.E0,-1.E0,0.E0));
#5925=DIRECTION('',(1.E0,0.E0,0.E0));
#5926=AXIS2_PLACEMENT_3D('',#5923,#5924,#5925);
#5927=PLANE('',#5926);
#5929=ORIENTED_EDGE('',*,*,#5928,.T.);
#5930=ORIENTED_EDGE('',*,*,#5908,.F.);
#5931=ORIENTED_EDGE('',*,*,#5641,.F.);
#5933=ORIENTED_EDGE('',*,*,#5932,.F.);
#5935=ORIENTED_EDGE('',*,*,#5934,.T.);
#5936=ORIENTED_EDGE('',*,*,#5799,.F.);
#5937=EDGE_LOOP('',(#5929,#5930,#5931,#5933,#5935,#5936));
#5938=FACE_OUTER_BOUND('',#5937,.F.);
#5939=ADVANCED_FACE('',(#5938),#5927,.T.);
#5940=FILL_AREA_STYLE_COLOUR('',#29);
#5941=FILL_AREA_STYLE('',(#5940));
#5942=SURFACE_STYLE_FILL_AREA(#5941);
#5943=SURFACE_SIDE_STYLE('',(#5942));
#5944=SURFACE_STYLE_USAGE(.POSITIVE.,#5943);
#5945=PRESENTATION_STYLE_ASSIGNMENT((#5944));
#5946=STYLED_ITEM('',(#5945),#5939);
#5947=CARTESIAN_POINT('',(9.2513E0,-4.2E0,1.01866E1));
#5948=DIRECTION('',(0.E0,0.E0,1.E0));
#5949=DIRECTION('',(-1.E0,0.E0,0.E0));
#5950=AXIS2_PLACEMENT_3D('',#5947,#5948,#5949);
#5951=PLANE('',#5950);
#5952=ORIENTED_EDGE('',*,*,#5928,.F.);
#5953=ORIENTED_EDGE('',*,*,#5823,.F.);
#5954=ORIENTED_EDGE('',*,*,#5844,.F.);
#5955=ORIENTED_EDGE('',*,*,#5865,.T.);
#5956=ORIENTED_EDGE('',*,*,#5910,.T.);
#5957=EDGE_LOOP('',(#5952,#5953,#5954,#5955,#5956));
#5958=FACE_OUTER_BOUND('',#5957,.F.);
#5959=ADVANCED_FACE('',(#5958),#5951,.T.);
#5960=FILL_AREA_STYLE_COLOUR('',#29);
#5961=FILL_AREA_STYLE('',(#5960));
#5962=SURFACE_STYLE_FILL_AREA(#5961);
#5963=SURFACE_SIDE_STYLE('',(#5962));
#5964=SURFACE_STYLE_USAGE(.POSITIVE.,#5963);
#5965=PRESENTATION_STYLE_ASSIGNMENT((#5964));
#5966=STYLED_ITEM('',(#5965),#5959);
#5967=CARTESIAN_POINT('',(-5.E0,0.E0,9.85E0));
#5968=DIRECTION('',(-6.084315436571E-1,0.E0,7.936063612919E-1));
#5969=DIRECTION('',(-7.936063612919E-1,0.E0,-6.084315436571E-1));
#5970=AXIS2_PLACEMENT_3D('',#5967,#5968,#5969);
#5971=PLANE('',#5970);
#5973=ORIENTED_EDGE('',*,*,#5972,.T.);
#5974=ORIENTED_EDGE('',*,*,#5631,.F.);
#5976=ORIENTED_EDGE('',*,*,#5975,.T.);
#5978=ORIENTED_EDGE('',*,*,#5977,.T.);
#5979=EDGE_LOOP('',(#5973,#5974,#5976,#5978));
#5980=FACE_OUTER_BOUND('',#5979,.F.);
#5981=ADVANCED_FACE('',(#5980),#5971,.T.);
#5982=FILL_AREA_STYLE_COLOUR('',#29);
#5983=FILL_AREA_STYLE('',(#5982));
#5984=SURFACE_STYLE_FILL_AREA(#5983);
#5985=SURFACE_SIDE_STYLE('',(#5984));
#5986=SURFACE_STYLE_USAGE(.POSITIVE.,#5985);
#5987=PRESENTATION_STYLE_ASSIGNMENT((#5986));
#5988=STYLED_ITEM('',(#5987),#5981);
#5989=CARTESIAN_POINT('',(-5.E0,0.E0,9.85E0));
#5990=DIRECTION('',(-6.084315436571E-1,0.E0,7.936063612919E-1));
#5991=DIRECTION('',(-7.936063612919E-1,0.E0,-6.084315436571E-1));
#5992=AXIS2_PLACEMENT_3D('',#5989,#5990,#5991);
#5993=PLANE('',#5992);
#5995=ORIENTED_EDGE('',*,*,#5994,.F.);
#5997=ORIENTED_EDGE('',*,*,#5996,.T.);
#5998=ORIENTED_EDGE('',*,*,#5932,.T.);
#5999=ORIENTED_EDGE('',*,*,#5639,.F.);
#6000=EDGE_LOOP('',(#5995,#5997,#5998,#5999));
#6001=FACE_OUTER_BOUND('',#6000,.F.);
#6002=ADVANCED_FACE('',(#6001),#5993,.T.);
#6003=FILL_AREA_STYLE_COLOUR('',#29);
#6004=FILL_AREA_STYLE('',(#6003));
#6005=SURFACE_STYLE_FILL_AREA(#6004);
#6006=SURFACE_SIDE_STYLE('',(#6005));
#6007=SURFACE_STYLE_USAGE(.POSITIVE.,#6006);
#6008=PRESENTATION_STYLE_ASSIGNMENT((#6007));
#6009=STYLED_ITEM('',(#6008),#6002);
#6010=CARTESIAN_POINT('',(-3.5E0,2.75E0,1.1E1));
#6011=DIRECTION('',(0.E0,1.E0,0.E0));
#6012=DIRECTION('',(-1.E0,0.E0,0.E0));
#6013=AXIS2_PLACEMENT_3D('',#6010,#6011,#6012);
#6014=PLANE('',#6013);
#6015=ORIENTED_EDGE('',*,*,#5972,.F.);
#6017=ORIENTED_EDGE('',*,*,#6016,.T.);
#6018=ORIENTED_EDGE('',*,*,#5633,.T.);
#6019=EDGE_LOOP('',(#6015,#6017,#6018));
#6020=FACE_OUTER_BOUND('',#6019,.F.);
#6021=ADVANCED_FACE('',(#6020),#6014,.F.);
#6022=FILL_AREA_STYLE_COLOUR('',#29);
#6023=FILL_AREA_STYLE('',(#6022));
#6024=SURFACE_STYLE_FILL_AREA(#6023);
#6025=SURFACE_SIDE_STYLE('',(#6024));
#6026=SURFACE_STYLE_USAGE(.POSITIVE.,#6025);
#6027=PRESENTATION_STYLE_ASSIGNMENT((#6026));
#6028=STYLED_ITEM('',(#6027),#6021);
#6029=CARTESIAN_POINT('',(-3.5E0,-2.75E0,1.1E1));
#6030=DIRECTION('',(1.E0,0.E0,0.E0));
#6031=DIRECTION('',(0.E0,1.E0,0.E0));
#6032=AXIS2_PLACEMENT_3D('',#6029,#6030,#6031);
#6033=PLANE('',#6032);
#6035=ORIENTED_EDGE('',*,*,#6034,.F.);
#6037=ORIENTED_EDGE('',*,*,#6036,.T.);
#6038=ORIENTED_EDGE('',*,*,#5635,.T.);
#6039=ORIENTED_EDGE('',*,*,#6016,.F.);
#6040=EDGE_LOOP('',(#6035,#6037,#6038,#6039));
#6041=FACE_OUTER_BOUND('',#6040,.F.);
#6042=ADVANCED_FACE('',(#6041),#6033,.F.);
#6043=FILL_AREA_STYLE_COLOUR('',#29);
#6044=FILL_AREA_STYLE('',(#6043));
#6045=SURFACE_STYLE_FILL_AREA(#6044);
#6046=SURFACE_SIDE_STYLE('',(#6045));
#6047=SURFACE_STYLE_USAGE(.POSITIVE.,#6046);
#6048=PRESENTATION_STYLE_ASSIGNMENT((#6047));
#6049=STYLED_ITEM('',(#6048),#6042);
#6050=CARTESIAN_POINT('',(0.E0,0.E0,1.1E1));
#6051=DIRECTION('',(0.E0,0.E0,1.E0));
#6052=DIRECTION('',(0.E0,-1.E0,0.E0));
#6053=AXIS2_PLACEMENT_3D('',#6050,#6051,#6052);
#6054=PLANE('',#6053);
#6055=ORIENTED_EDGE('',*,*,#6034,.T.);
#6056=ORIENTED_EDGE('',*,*,#5977,.F.);
#6058=ORIENTED_EDGE('',*,*,#6057,.F.);
#6059=ORIENTED_EDGE('',*,*,#5715,.F.);
#6060=ORIENTED_EDGE('',*,*,#5737,.F.);
#6061=ORIENTED_EDGE('',*,*,#5758,.F.);
#6062=ORIENTED_EDGE('',*,*,#5779,.F.);
#6063=ORIENTED_EDGE('',*,*,#5801,.F.);
#6064=ORIENTED_EDGE('',*,*,#5934,.F.);
#6065=ORIENTED_EDGE('',*,*,#5996,.F.);
#6066=EDGE_LOOP('',(#6055,#6056,#6058,#6059,#6060,#6061,#6062,#6063,#6064,
#6065));
#6067=FACE_OUTER_BOUND('',#6066,.F.);
#6068=ADVANCED_FACE('',(#6067),#6054,.T.);
#6069=FILL_AREA_STYLE_COLOUR('',#29);
#6070=FILL_AREA_STYLE('',(#6069));
#6071=SURFACE_STYLE_FILL_AREA(#6070);
#6072=SURFACE_SIDE_STYLE('',(#6071));
#6073=SURFACE_STYLE_USAGE(.POSITIVE.,#6072);
#6074=PRESENTATION_STYLE_ASSIGNMENT((#6073));
#6075=STYLED_ITEM('',(#6074),#6068);
#6076=CARTESIAN_POINT('',(6.5E0,3.3E0,8.7E0));
#6077=DIRECTION('',(0.E0,1.E0,0.E0));
#6078=DIRECTION('',(-1.E0,0.E0,0.E0));
#6079=AXIS2_PLACEMENT_3D('',#6076,#6077,#6078);
#6080=PLANE('',#6079);
#6082=ORIENTED_EDGE('',*,*,#6081,.F.);
#6083=ORIENTED_EDGE('',*,*,#5717,.T.);
#6084=ORIENTED_EDGE('',*,*,#6057,.T.);
#6085=ORIENTED_EDGE('',*,*,#5975,.F.);
#6086=ORIENTED_EDGE('',*,*,#5629,.F.);
#6088=ORIENTED_EDGE('',*,*,#6087,.T.);
#6089=EDGE_LOOP('',(#6082,#6083,#6084,#6085,#6086,#6088));
#6090=FACE_OUTER_BOUND('',#6089,.F.);
#6091=ADVANCED_FACE('',(#6090),#6080,.T.);
#6092=FILL_AREA_STYLE_COLOUR('',#29);
#6093=FILL_AREA_STYLE('',(#6092));
#6094=SURFACE_STYLE_FILL_AREA(#6093);
#6095=SURFACE_SIDE_STYLE('',(#6094));
#6096=SURFACE_STYLE_USAGE(.POSITIVE.,#6095);
#6097=PRESENTATION_STYLE_ASSIGNMENT((#6096));
#6098=STYLED_ITEM('',(#6097),#6091);
#6099=CARTESIAN_POINT('',(9.2513E0,4.2E0,1.01866E1));
#6100=DIRECTION('',(0.E0,0.E0,-1.E0));
#6101=DIRECTION('',(-1.E0,0.E0,0.E0));
#6102=AXIS2_PLACEMENT_3D('',#6099,#6100,#6101);
#6103=PLANE('',#6102);
#6104=ORIENTED_EDGE('',*,*,#5694,.T.);
#6105=ORIENTED_EDGE('',*,*,#6081,.T.);
#6107=ORIENTED_EDGE('',*,*,#6106,.F.);
#6108=ORIENTED_EDGE('',*,*,#5547,.F.);
#6109=ORIENTED_EDGE('',*,*,#5673,.T.);
#6110=EDGE_LOOP('',(#6104,#6105,#6107,#6108,#6109));
#6111=FACE_OUTER_BOUND('',#6110,.F.);
#6112=ADVANCED_FACE('',(#6111),#6103,.F.);
#6113=FILL_AREA_STYLE_COLOUR('',#29);
#6114=FILL_AREA_STYLE('',(#6113));
#6115=SURFACE_STYLE_FILL_AREA(#6114);
#6116=SURFACE_SIDE_STYLE('',(#6115));
#6117=SURFACE_STYLE_USAGE(.POSITIVE.,#6116);
#6118=PRESENTATION_STYLE_ASSIGNMENT((#6117));
#6119=STYLED_ITEM('',(#6118),#6112);
#6120=CARTESIAN_POINT('',(5.0274E0,4.2E0,1.01866E1));
#6121=DIRECTION('',(1.E0,0.E0,0.E0));
#6122=DIRECTION('',(0.E0,0.E0,-1.E0));
#6123=AXIS2_PLACEMENT_3D('',#6120,#6121,#6122);
#6124=PLANE('',#6123);
#6125=ORIENTED_EDGE('',*,*,#5549,.F.);
#6126=ORIENTED_EDGE('',*,*,#6106,.T.);
#6127=ORIENTED_EDGE('',*,*,#6087,.F.);
#6128=ORIENTED_EDGE('',*,*,#5627,.F.);
#6129=EDGE_LOOP('',(#6125,#6126,#6127,#6128));
#6130=FACE_OUTER_BOUND('',#6129,.F.);
#6131=ADVANCED_FACE('',(#6130),#6124,.F.);
#6132=FILL_AREA_STYLE_COLOUR('',#29);
#6133=FILL_AREA_STYLE('',(#6132));
#6134=SURFACE_STYLE_FILL_AREA(#6133);
#6135=SURFACE_SIDE_STYLE('',(#6134));
#6136=SURFACE_STYLE_USAGE(.POSITIVE.,#6135);
#6137=PRESENTATION_STYLE_ASSIGNMENT((#6136));
#6138=STYLED_ITEM('',(#6137),#6131);
#6139=CARTESIAN_POINT('',(-6.5E0,-2.75E0,1.1E1));
#6140=DIRECTION('',(0.E0,-1.E0,0.E0));
#6141=DIRECTION('',(1.E0,0.E0,0.E0));
#6142=AXIS2_PLACEMENT_3D('',#6139,#6140,#6141);
#6143=PLANE('',#6142);
#6144=ORIENTED_EDGE('',*,*,#5994,.T.);
#6145=ORIENTED_EDGE('',*,*,#5637,.T.);
#6146=ORIENTED_EDGE('',*,*,#6036,.F.);
#6147=EDGE_LOOP('',(#6144,#6145,#6146));
#6148=FACE_OUTER_BOUND('',#6147,.F.);
#6149=ADVANCED_FACE('',(#6148),#6143,.F.);
#6150=FILL_AREA_STYLE_COLOUR('',#29);
#6151=FILL_AREA_STYLE('',(#6150));
#6152=SURFACE_STYLE_FILL_AREA(#6151);
#6153=SURFACE_SIDE_STYLE('',(#6152));
#6154=SURFACE_STYLE_USAGE(.POSITIVE.,#6153);
#6155=PRESENTATION_STYLE_ASSIGNMENT((#6154));
#6156=STYLED_ITEM('',(#6155),#6149);
#6157=CARTESIAN_POINT('',(1.2E1,-4.2E0,0.E0));
#6158=DIRECTION('',(1.E0,0.E0,0.E0));
#6159=DIRECTION('',(0.E0,1.E0,0.E0));
#6160=AXIS2_PLACEMENT_3D('',#6157,#6158,#6159);
#6161=PLANE('',#6160);
#6162=ORIENTED_EDGE('',*,*,#4490,.F.);
#6163=ORIENTED_EDGE('',*,*,#5869,.T.);
#6164=ORIENTED_EDGE('',*,*,#5592,.T.);
#6165=ORIENTED_EDGE('',*,*,#5572,.F.);
#6166=EDGE_LOOP('',(#6162,#6163,#6164,#6165));
#6167=FACE_OUTER_BOUND('',#6166,.F.);
#6169=ORIENTED_EDGE('',*,*,#6168,.T.);
#6171=ORIENTED_EDGE('',*,*,#6170,.T.);
#6173=ORIENTED_EDGE('',*,*,#6172,.T.);
#6175=ORIENTED_EDGE('',*,*,#6174,.T.);
#6177=ORIENTED_EDGE('',*,*,#6176,.T.);
#6179=ORIENTED_EDGE('',*,*,#6178,.T.);
#6181=ORIENTED_EDGE('',*,*,#6180,.T.);
#6183=ORIENTED_EDGE('',*,*,#6182,.F.);
#6185=ORIENTED_EDGE('',*,*,#6184,.T.);
#6187=ORIENTED_EDGE('',*,*,#6186,.T.);
#6189=ORIENTED_EDGE('',*,*,#6188,.T.);
#6191=ORIENTED_EDGE('',*,*,#6190,.F.);
#6192=EDGE_LOOP('',(#6169,#6171,#6173,#6175,#6177,#6179,#6181,#6183,#6185,#6187,
#6189,#6191));
#6193=FACE_BOUND('',#6192,.F.);
#6195=ORIENTED_EDGE('',*,*,#6194,.F.);
#6197=ORIENTED_EDGE('',*,*,#6196,.T.);
#6198=EDGE_LOOP('',(#6195,#6197));
#6199=FACE_BOUND('',#6198,.F.);
#6200=ADVANCED_FACE('',(#6167,#6193,#6199),#6161,.T.);
#6201=FILL_AREA_STYLE_COLOUR('',#30);
#6202=FILL_AREA_STYLE('',(#6201));
#6203=SURFACE_STYLE_FILL_AREA(#6202);
#6204=SURFACE_SIDE_STYLE('',(#6203));
#6205=SURFACE_STYLE_USAGE(.POSITIVE.,#6204);
#6206=PRESENTATION_STYLE_ASSIGNMENT((#6205));
#6207=STYLED_ITEM('',(#6206),#6200);
#6208=CARTESIAN_POINT('',(2.05E1,0.E0,2.5E0));
#6209=DIRECTION('',(0.E0,0.E0,-1.E0));
#6210=DIRECTION('',(1.E0,0.E0,0.E0));
#6211=AXIS2_PLACEMENT_3D('',#6208,#6209,#6210);
#6212=PLANE('',#6211);
#6214=ORIENTED_EDGE('',*,*,#6213,.T.);
#6216=ORIENTED_EDGE('',*,*,#6215,.F.);
#6218=ORIENTED_EDGE('',*,*,#6217,.F.);
#6219=ORIENTED_EDGE('',*,*,#6168,.F.);
#6220=EDGE_LOOP('',(#6214,#6216,#6218,#6219));
#6221=FACE_OUTER_BOUND('',#6220,.F.);
#6222=ADVANCED_FACE('',(#6221),#6212,.T.);
#6223=FILL_AREA_STYLE_COLOUR('',#5);
#6224=FILL_AREA_STYLE('',(#6223));
#6225=SURFACE_STYLE_FILL_AREA(#6224);
#6226=SURFACE_SIDE_STYLE('',(#6225));
#6227=SURFACE_STYLE_USAGE(.POSITIVE.,#6226);
#6228=PRESENTATION_STYLE_ASSIGNMENT((#6227));
#6229=STYLED_ITEM('',(#6228),#6222);
#6230=CARTESIAN_POINT('',(1.2E1,-1.0533E0,2.5E0));
#6231=DIRECTION('',(0.E0,1.E0,0.E0));
#6232=DIRECTION('',(1.E0,0.E0,0.E0));
#6233=AXIS2_PLACEMENT_3D('',#6230,#6231,#6232);
#6234=PLANE('',#6233);
#6235=ORIENTED_EDGE('',*,*,#6213,.F.);
#6236=ORIENTED_EDGE('',*,*,#6190,.T.);
#6238=ORIENTED_EDGE('',*,*,#6237,.T.);
#6240=ORIENTED_EDGE('',*,*,#6239,.F.);
#6241=EDGE_LOOP('',(#6235,#6236,#6238,#6240));
#6242=FACE_OUTER_BOUND('',#6241,.F.);
#6243=ADVANCED_FACE('',(#6242),#6234,.F.);
#6244=FILL_AREA_STYLE_COLOUR('',#5);
#6245=FILL_AREA_STYLE('',(#6244));
#6246=SURFACE_STYLE_FILL_AREA(#6245);
#6247=SURFACE_SIDE_STYLE('',(#6246));
#6248=SURFACE_STYLE_USAGE(.POSITIVE.,#6247);
#6249=PRESENTATION_STYLE_ASSIGNMENT((#6248));
#6250=STYLED_ITEM('',(#6249),#6243);
#6251=CARTESIAN_POINT('',(2.05E1,0.E0,3.E0));
#6252=DIRECTION('',(0.E0,0.E0,-1.E0));
#6253=DIRECTION('',(1.E0,0.E0,0.E0));
#6254=AXIS2_PLACEMENT_3D('',#6251,#6252,#6253);
#6255=PLANE('',#6254);
#6257=ORIENTED_EDGE('',*,*,#6256,.T.);
#6259=ORIENTED_EDGE('',*,*,#6258,.F.);
#6260=ORIENTED_EDGE('',*,*,#6237,.F.);
#6261=ORIENTED_EDGE('',*,*,#6188,.F.);
#6262=EDGE_LOOP('',(#6257,#6259,#6260,#6261));
#6263=FACE_OUTER_BOUND('',#6262,.F.);
#6264=ADVANCED_FACE('',(#6263),#6255,.T.);
#6265=FILL_AREA_STYLE_COLOUR('',#5);
#6266=FILL_AREA_STYLE('',(#6265));
#6267=SURFACE_STYLE_FILL_AREA(#6266);
#6268=SURFACE_SIDE_STYLE('',(#6267));
#6269=SURFACE_STYLE_USAGE(.POSITIVE.,#6268);
#6270=PRESENTATION_STYLE_ASSIGNMENT((#6269));
#6271=STYLED_ITEM('',(#6270),#6264);
#6272=CARTESIAN_POINT('',(2.05E1,0.E0,3.E0));
#6273=DIRECTION('',(0.E0,0.E0,-1.E0));
#6274=DIRECTION('',(1.E0,0.E0,0.E0));
#6275=AXIS2_PLACEMENT_3D('',#6272,#6273,#6274);
#6276=PLANE('',#6275);
#6278=ORIENTED_EDGE('',*,*,#6277,.F.);
#6279=ORIENTED_EDGE('',*,*,#6172,.F.);
#6281=ORIENTED_EDGE('',*,*,#6280,.F.);
#6283=ORIENTED_EDGE('',*,*,#6282,.F.);
#6284=EDGE_LOOP('',(#6278,#6279,#6281,#6283));
#6285=FACE_OUTER_BOUND('',#6284,.F.);
#6286=ADVANCED_FACE('',(#6285),#6276,.T.);
#6287=FILL_AREA_STYLE_COLOUR('',#5);
#6288=FILL_AREA_STYLE('',(#6287));
#6289=SURFACE_STYLE_FILL_AREA(#6288);
#6290=SURFACE_SIDE_STYLE('',(#6289));
#6291=SURFACE_STYLE_USAGE(.POSITIVE.,#6290);
#6292=PRESENTATION_STYLE_ASSIGNMENT((#6291));
#6293=STYLED_ITEM('',(#6292),#6286);
#6294=CARTESIAN_POINT('',(2.05E1,-2.5E0,7.E0));
#6295=DIRECTION('',(0.E0,-1.E0,0.E0));
#6296=DIRECTION('',(0.E0,0.E0,-1.E0));
#6297=AXIS2_PLACEMENT_3D('',#6294,#6295,#6296);
#6298=PLANE('',#6297);
#6299=ORIENTED_EDGE('',*,*,#6256,.F.);
#6300=ORIENTED_EDGE('',*,*,#6186,.F.);
#6302=ORIENTED_EDGE('',*,*,#6301,.F.);
#6304=ORIENTED_EDGE('',*,*,#6303,.T.);
#6306=ORIENTED_EDGE('',*,*,#6305,.T.);
#6308=ORIENTED_EDGE('',*,*,#6307,.F.);
#6309=EDGE_LOOP('',(#6299,#6300,#6302,#6304,#6306,#6308));
#6310=FACE_OUTER_BOUND('',#6309,.F.);
#6311=ADVANCED_FACE('',(#6310),#6298,.T.);
#6312=FILL_AREA_STYLE_COLOUR('',#5);
#6313=FILL_AREA_STYLE('',(#6312));
#6314=SURFACE_STYLE_FILL_AREA(#6313);
#6315=SURFACE_SIDE_STYLE('',(#6314));
#6316=SURFACE_STYLE_USAGE(.POSITIVE.,#6315);
#6317=PRESENTATION_STYLE_ASSIGNMENT((#6316));
#6318=STYLED_ITEM('',(#6317),#6311);
#6319=CARTESIAN_POINT('',(2.05E1,2.5E0,7.E0));
#6320=DIRECTION('',(0.E0,0.E0,1.E0));
#6321=DIRECTION('',(0.E0,-1.E0,0.E0));
#6322=AXIS2_PLACEMENT_3D('',#6319,#6320,#6321);
#6323=PLANE('',#6322);
#6325=ORIENTED_EDGE('',*,*,#6324,.F.);
#6326=ORIENTED_EDGE('',*,*,#6176,.F.);
#6328=ORIENTED_EDGE('',*,*,#6327,.F.);
#6330=ORIENTED_EDGE('',*,*,#6329,.T.);
#6331=ORIENTED_EDGE('',*,*,#6301,.T.);
#6332=ORIENTED_EDGE('',*,*,#6184,.F.);
#6334=ORIENTED_EDGE('',*,*,#6333,.T.);
#6336=ORIENTED_EDGE('',*,*,#6335,.T.);
#6337=EDGE_LOOP('',(#6325,#6326,#6328,#6330,#6331,#6332,#6334,#6336));
#6338=FACE_OUTER_BOUND('',#6337,.F.);
#6339=ADVANCED_FACE('',(#6338),#6323,.T.);
#6340=FILL_AREA_STYLE_COLOUR('',#5);
#6341=FILL_AREA_STYLE('',(#6340));
#6342=SURFACE_STYLE_FILL_AREA(#6341);
#6343=SURFACE_SIDE_STYLE('',(#6342));
#6344=SURFACE_STYLE_USAGE(.POSITIVE.,#6343);
#6345=PRESENTATION_STYLE_ASSIGNMENT((#6344));
#6346=STYLED_ITEM('',(#6345),#6339);
#6347=CARTESIAN_POINT('',(1.61185E1,8.026E-1,7.E0));
#6348=DIRECTION('',(0.E0,1.E0,0.E0));
#6349=DIRECTION('',(-1.E0,0.E0,0.E0));
#6350=AXIS2_PLACEMENT_3D('',#6347,#6348,#6349);
#6351=PLANE('',#6350);
#6352=ORIENTED_EDGE('',*,*,#6324,.T.);
#6354=ORIENTED_EDGE('',*,*,#6353,.T.);
#6356=ORIENTED_EDGE('',*,*,#6355,.T.);
#6357=ORIENTED_EDGE('',*,*,#6178,.F.);
#6358=EDGE_LOOP('',(#6352,#6354,#6356,#6357));
#6359=FACE_OUTER_BOUND('',#6358,.F.);
#6360=ADVANCED_FACE('',(#6359),#6351,.F.);
#6361=FILL_AREA_STYLE_COLOUR('',#5);
#6362=FILL_AREA_STYLE('',(#6361));
#6363=SURFACE_STYLE_FILL_AREA(#6362);
#6364=SURFACE_SIDE_STYLE('',(#6363));
#6365=SURFACE_STYLE_USAGE(.POSITIVE.,#6364);
#6366=PRESENTATION_STYLE_ASSIGNMENT((#6365));
#6367=STYLED_ITEM('',(#6366),#6360);
#6368=CARTESIAN_POINT('',(1.61185E1,-8.026E-1,7.E0));
#6369=DIRECTION('',(1.E0,0.E0,0.E0));
#6370=DIRECTION('',(0.E0,1.E0,0.E0));
#6371=AXIS2_PLACEMENT_3D('',#6368,#6369,#6370);
#6372=PLANE('',#6371);
#6373=ORIENTED_EDGE('',*,*,#6335,.F.);
#6375=ORIENTED_EDGE('',*,*,#6374,.T.);
#6377=ORIENTED_EDGE('',*,*,#6376,.T.);
#6378=ORIENTED_EDGE('',*,*,#6353,.F.);
#6379=EDGE_LOOP('',(#6373,#6375,#6377,#6378));
#6380=FACE_OUTER_BOUND('',#6379,.F.);
#6381=ADVANCED_FACE('',(#6380),#6372,.F.);
#6382=FILL_AREA_STYLE_COLOUR('',#5);
#6383=FILL_AREA_STYLE('',(#6382));
#6384=SURFACE_STYLE_FILL_AREA(#6383);
#6385=SURFACE_SIDE_STYLE('',(#6384));
#6386=SURFACE_STYLE_USAGE(.POSITIVE.,#6385);
#6387=PRESENTATION_STYLE_ASSIGNMENT((#6386));
#6388=STYLED_ITEM('',(#6387),#6381);
#6389=CARTESIAN_POINT('',(1.2E1,-8.026E-1,7.E0));
#6390=DIRECTION('',(0.E0,-1.E0,0.E0));
#6391=DIRECTION('',(1.E0,0.E0,0.E0));
#6392=AXIS2_PLACEMENT_3D('',#6389,#6390,#6391);
#6393=PLANE('',#6392);
#6394=ORIENTED_EDGE('',*,*,#6333,.F.);
#6395=ORIENTED_EDGE('',*,*,#6182,.T.);
#6397=ORIENTED_EDGE('',*,*,#6396,.T.);
#6398=ORIENTED_EDGE('',*,*,#6374,.F.);
#6399=EDGE_LOOP('',(#6394,#6395,#6397,#6398));
#6400=FACE_OUTER_BOUND('',#6399,.F.);
#6401=ADVANCED_FACE('',(#6400),#6393,.F.);
#6402=FILL_AREA_STYLE_COLOUR('',#5);
#6403=FILL_AREA_STYLE('',(#6402));
#6404=SURFACE_STYLE_FILL_AREA(#6403);
#6405=SURFACE_SIDE_STYLE('',(#6404));
#6406=SURFACE_STYLE_USAGE(.POSITIVE.,#6405);
#6407=PRESENTATION_STYLE_ASSIGNMENT((#6406));
#6408=STYLED_ITEM('',(#6407),#6401);
#6409=CARTESIAN_POINT('',(2.05E1,0.E0,6.E0));
#6410=DIRECTION('',(0.E0,0.E0,1.E0));
#6411=DIRECTION('',(1.E0,0.E0,0.E0));
#6412=AXIS2_PLACEMENT_3D('',#6409,#6410,#6411);
#6413=PLANE('',#6412);
#6414=ORIENTED_EDGE('',*,*,#6355,.F.);
#6415=ORIENTED_EDGE('',*,*,#6376,.F.);
#6416=ORIENTED_EDGE('',*,*,#6396,.F.);
#6417=ORIENTED_EDGE('',*,*,#6180,.F.);
#6418=EDGE_LOOP('',(#6414,#6415,#6416,#6417));
#6419=FACE_OUTER_BOUND('',#6418,.F.);
#6420=ADVANCED_FACE('',(#6419),#6413,.T.);
#6421=FILL_AREA_STYLE_COLOUR('',#5);
#6422=FILL_AREA_STYLE('',(#6421));
#6423=SURFACE_STYLE_FILL_AREA(#6422);
#6424=SURFACE_SIDE_STYLE('',(#6423));
#6425=SURFACE_STYLE_USAGE(.POSITIVE.,#6424);
#6426=PRESENTATION_STYLE_ASSIGNMENT((#6425));
#6427=STYLED_ITEM('',(#6426),#6420);
#6428=CARTESIAN_POINT('',(2.05E1,2.5E0,2.E0));
#6429=DIRECTION('',(0.E0,1.E0,0.E0));
#6430=DIRECTION('',(0.E0,0.E0,1.E0));
#6431=AXIS2_PLACEMENT_3D('',#6428,#6429,#6430);
#6432=PLANE('',#6431);
#6433=ORIENTED_EDGE('',*,*,#6277,.T.);
#6435=ORIENTED_EDGE('',*,*,#6434,.F.);
#6437=ORIENTED_EDGE('',*,*,#6436,.F.);
#6439=ORIENTED_EDGE('',*,*,#6438,.T.);
#6440=ORIENTED_EDGE('',*,*,#6327,.T.);
#6441=ORIENTED_EDGE('',*,*,#6174,.F.);
#6442=EDGE_LOOP('',(#6433,#6435,#6437,#6439,#6440,#6441));
#6443=FACE_OUTER_BOUND('',#6442,.F.);
#6444=ADVANCED_FACE('',(#6443),#6432,.T.);
#6445=FILL_AREA_STYLE_COLOUR('',#5);
#6446=FILL_AREA_STYLE('',(#6445));
#6447=SURFACE_STYLE_FILL_AREA(#6446);
#6448=SURFACE_SIDE_STYLE('',(#6447));
#6449=SURFACE_STYLE_USAGE(.POSITIVE.,#6448);
#6450=PRESENTATION_STYLE_ASSIGNMENT((#6449));
#6451=STYLED_ITEM('',(#6450),#6444);
#6452=CARTESIAN_POINT('',(1.92334E1,0.E0,2.E0));
#6453=DIRECTION('',(0.E0,0.E0,-1.E0));
#6454=DIRECTION('',(1.E0,0.E0,0.E0));
#6455=AXIS2_PLACEMENT_3D('',#6452,#6453,#6454);
#6456=CYLINDRICAL_SURFACE('',#6455,3.8349E0);
#6457=ORIENTED_EDGE('',*,*,#6434,.T.);
#6458=ORIENTED_EDGE('',*,*,#6282,.T.);
#6460=ORIENTED_EDGE('',*,*,#6459,.F.);
#6461=ORIENTED_EDGE('',*,*,#6215,.T.);
#6462=ORIENTED_EDGE('',*,*,#6239,.T.);
#6463=ORIENTED_EDGE('',*,*,#6258,.T.);
#6464=ORIENTED_EDGE('',*,*,#6307,.T.);
#6466=ORIENTED_EDGE('',*,*,#6465,.T.);
#6467=EDGE_LOOP('',(#6457,#6458,#6460,#6461,#6462,#6463,#6464,#6466));
#6468=FACE_OUTER_BOUND('',#6467,.F.);
#6469=ADVANCED_FACE('',(#6468),#6456,.T.);
#6470=FILL_AREA_STYLE_COLOUR('',#5);
#6471=FILL_AREA_STYLE('',(#6470));
#6472=SURFACE_STYLE_FILL_AREA(#6471);
#6473=SURFACE_SIDE_STYLE('',(#6472));
#6474=SURFACE_STYLE_USAGE(.POSITIVE.,#6473);
#6475=PRESENTATION_STYLE_ASSIGNMENT((#6474));
#6476=STYLED_ITEM('',(#6475),#6469);
#6477=CARTESIAN_POINT('',(1.554598666271E1,1.0533E0,2.5E0));
#6478=DIRECTION('',(0.E0,-1.E0,0.E0));
#6479=DIRECTION('',(-1.E0,0.E0,0.E0));
#6480=AXIS2_PLACEMENT_3D('',#6477,#6478,#6479);
#6481=PLANE('',#6480);
#6482=ORIENTED_EDGE('',*,*,#6217,.T.);
#6483=ORIENTED_EDGE('',*,*,#6459,.T.);
#6484=ORIENTED_EDGE('',*,*,#6280,.T.);
#6485=ORIENTED_EDGE('',*,*,#6170,.F.);
#6486=EDGE_LOOP('',(#6482,#6483,#6484,#6485));
#6487=FACE_OUTER_BOUND('',#6486,.F.);
#6488=ADVANCED_FACE('',(#6487),#6481,.F.);
#6489=FILL_AREA_STYLE_COLOUR('',#5);
#6490=FILL_AREA_STYLE('',(#6489));
#6491=SURFACE_STYLE_FILL_AREA(#6490);
#6492=SURFACE_SIDE_STYLE('',(#6491));
#6493=SURFACE_STYLE_USAGE(.POSITIVE.,#6492);
#6494=PRESENTATION_STYLE_ASSIGNMENT((#6493));
#6495=STYLED_ITEM('',(#6494),#6488);
#6496=CARTESIAN_POINT('',(2.05E1,-2.5E0,2.E0));
#6497=DIRECTION('',(0.E0,0.E0,-1.E0));
#6498=DIRECTION('',(0.E0,1.E0,0.E0));
#6499=AXIS2_PLACEMENT_3D('',#6496,#6497,#6498);
#6500=PLANE('',#6499);
#6501=ORIENTED_EDGE('',*,*,#6465,.F.);
#6502=ORIENTED_EDGE('',*,*,#6305,.F.);
#6504=ORIENTED_EDGE('',*,*,#6503,.T.);
#6505=ORIENTED_EDGE('',*,*,#6436,.T.);
#6506=EDGE_LOOP('',(#6501,#6502,#6504,#6505));
#6507=FACE_OUTER_BOUND('',#6506,.F.);
#6508=ADVANCED_FACE('',(#6507),#6500,.T.);
#6509=FILL_AREA_STYLE_COLOUR('',#5);
#6510=FILL_AREA_STYLE('',(#6509));
#6511=SURFACE_STYLE_FILL_AREA(#6510);
#6512=SURFACE_SIDE_STYLE('',(#6511));
#6513=SURFACE_STYLE_USAGE(.POSITIVE.,#6512);
#6514=PRESENTATION_STYLE_ASSIGNMENT((#6513));
#6515=STYLED_ITEM('',(#6514),#6508);
#6516=CARTESIAN_POINT('',(2.05E1,0.E0,1.1E1));
#6517=DIRECTION('',(-1.E0,0.E0,0.E0));
#6518=DIRECTION('',(0.E0,-1.E0,0.E0));
#6519=AXIS2_PLACEMENT_3D('',#6516,#6517,#6518);
#6520=PLANE('',#6519);
#6522=ORIENTED_EDGE('',*,*,#6521,.F.);
#6524=ORIENTED_EDGE('',*,*,#6523,.F.);
#6526=ORIENTED_EDGE('',*,*,#6525,.F.);
#6528=ORIENTED_EDGE('',*,*,#6527,.F.);
#6530=ORIENTED_EDGE('',*,*,#6529,.F.);
#6532=ORIENTED_EDGE('',*,*,#6531,.F.);
#6534=ORIENTED_EDGE('',*,*,#6533,.T.);
#6536=ORIENTED_EDGE('',*,*,#6535,.T.);
#6537=EDGE_LOOP('',(#6522,#6524,#6526,#6528,#6530,#6532,#6534,#6536));
#6538=FACE_OUTER_BOUND('',#6537,.F.);
#6539=ORIENTED_EDGE('',*,*,#6303,.F.);
#6540=ORIENTED_EDGE('',*,*,#6329,.F.);
#6541=ORIENTED_EDGE('',*,*,#6438,.F.);
#6542=ORIENTED_EDGE('',*,*,#6503,.F.);
#6543=EDGE_LOOP('',(#6539,#6540,#6541,#6542));
#6544=FACE_BOUND('',#6543,.F.);
#6545=ADVANCED_FACE('',(#6538,#6544),#6520,.T.);
#6546=FILL_AREA_STYLE_COLOUR('',#5);
#6547=FILL_AREA_STYLE('',(#6546));
#6548=SURFACE_STYLE_FILL_AREA(#6547);
#6549=SURFACE_SIDE_STYLE('',(#6548));
#6550=SURFACE_STYLE_USAGE(.POSITIVE.,#6549);
#6551=PRESENTATION_STYLE_ASSIGNMENT((#6550));
#6552=STYLED_ITEM('',(#6551),#6545);
#6553=CARTESIAN_POINT('',(2.05E1,-3.8407E0,4.4649E0));
#6554=DIRECTION('',(5.079213769856E-2,0.E0,-9.987092463515E-1));
#6555=DIRECTION('',(-7.870885988221E-1,-6.155397389801E-1,-4.002958081983E-2));
#6556=AXIS2_PLACEMENT_3D('',#6553,#6554,#6555);
#6557=PLANE('',#6556);
#6558=ORIENTED_EDGE('',*,*,#6521,.T.);
#6560=ORIENTED_EDGE('',*,*,#6559,.F.);
#6562=ORIENTED_EDGE('',*,*,#6561,.F.);
#6564=ORIENTED_EDGE('',*,*,#6563,.F.);
#6565=EDGE_LOOP('',(#6558,#6560,#6562,#6564));
#6566=FACE_OUTER_BOUND('',#6565,.F.);
#6567=ADVANCED_FACE('',(#6566),#6557,.T.);
#6568=FILL_AREA_STYLE_COLOUR('',#28);
#6569=FILL_AREA_STYLE('',(#6568));
#6570=SURFACE_STYLE_FILL_AREA(#6569);
#6571=SURFACE_SIDE_STYLE('',(#6570));
#6572=SURFACE_STYLE_USAGE(.POSITIVE.,#6571);
#6573=PRESENTATION_STYLE_ASSIGNMENT((#6572));
#6574=STYLED_ITEM('',(#6573),#6567);
#6575=CARTESIAN_POINT('',(1.191331219016E1,-3.646703998291E0,5.087188795915E0));
#6576=CARTESIAN_POINT('',(1.192394275003E1,-3.683055691887E0,4.880887418241E0));
#6577=CARTESIAN_POINT('',(1.194694005323E1,-3.721985583982E0,4.428672181797E0));
#6578=CARTESIAN_POINT('',(1.198229389187E1,-3.652590576433E0,3.733543123769E0));
#6579=CARTESIAN_POINT('',(1.201935779886E1,-3.437211911428E0,3.033604604467E0));
#6580=CARTESIAN_POINT('',(1.205640159740E1,-3.087656718947E0,2.389953942760E0));
#6581=CARTESIAN_POINT('',(1.209349948444E1,-2.617658857647E0,1.828039838208E0));
#6582=CARTESIAN_POINT('',(1.213056246315E1,-2.045760540189E0,1.370046464188E0));
#6583=CARTESIAN_POINT('',(1.216765782687E1,-1.394487827094E0,1.034112644334E0));
#6584=CARTESIAN_POINT('',(1.220473484585E1,-6.895347021596E-1,
8.335224395795E-1));
#6585=CARTESIAN_POINT('',(1.224183579655E1,4.129363538773E-2,
7.762612198499E-1));
#6586=CARTESIAN_POINT('',(1.227897754044E1,7.691415866461E-1,
8.646499047310E-1));
#6587=CARTESIAN_POINT('',(1.231606945402E1,1.465287593443E0,1.095208238103E0));
#6588=CARTESIAN_POINT('',(1.235318395209E1,2.102229366929E0,1.458922941614E0));
#6589=CARTESIAN_POINT('',(1.239031584211E1,2.654792359136E0,1.941479860790E0));
#6590=CARTESIAN_POINT('',(1.242743831262E1,3.101141323987E0,2.523865829255E0));
#6591=CARTESIAN_POINT('',(1.246459030536E1,3.423593130589E0,3.183136913682E0));
#6592=CARTESIAN_POINT('',(1.250172314731E1,3.609392712184E0,3.893286654255E0));
#6593=CARTESIAN_POINT('',(1.253887805077E1,3.651126391357E0,4.626306166253E0));
#6594=CARTESIAN_POINT('',(1.257604771675E1,3.547089824302E0,5.353258662747E0));
#6595=CARTESIAN_POINT('',(1.261321561661E1,3.301338330606E0,6.045444717178E0));
#6596=CARTESIAN_POINT('',(1.265040011016E1,2.923503755900E0,6.675515950338E0));
#6597=CARTESIAN_POINT('',(1.268758259186E1,2.428453843213E0,7.218576519627E0));
#6598=CARTESIAN_POINT('',(1.272478820352E1,1.835674697894E0,7.653133154597E0));
#6599=CARTESIAN_POINT('',(1.276195972678E1,1.168534979616E0,7.962016733970E0));
#6600=CARTESIAN_POINT('',(1.279924031613E1,4.533253340282E-1,8.132878362858E0));
#6601=CARTESIAN_POINT('',(1.283641055580E1,-2.817202297134E-1,
8.159056156043E0));
#6602=CARTESIAN_POINT('',(1.287365811911E1,-1.007601728217E0,8.039320207340E0));
#6603=CARTESIAN_POINT('',(1.291090111956E1,-1.695647430784E0,7.778385373316E0));
#6604=CARTESIAN_POINT('',(1.294814220199E1,-2.318684264057E0,7.386481603570E0));
#6605=CARTESIAN_POINT('',(1.298540830915E1,-2.852065253668E0,6.879003490581E0));
#6606=CARTESIAN_POINT('',(1.302266640865E1,-3.274705790063E0,6.275945710359E0));
#6607=CARTESIAN_POINT('',(1.305995587972E1,-3.569836085778E0,5.601056879464E0));
#6608=CARTESIAN_POINT('',(1.309722596921E1,-3.725776109742E0,4.880959614111E0));
#6609=CARTESIAN_POINT('',(1.313451390487E1,-3.736269008081E0,4.144050141283E0));
#6610=CARTESIAN_POINT('',(1.317182531278E1,-3.600817951420E0,3.419423347628E0));
#6611=CARTESIAN_POINT('',(1.320915121634E1,-3.324702666683E0,2.735700017212E0));
#6612=CARTESIAN_POINT('',(1.324647550093E1,-2.918761723928E0,2.119889567262E0));
#6613=CARTESIAN_POINT('',(1.328380982054E1,-2.398943829715E0,1.596346606372E0));
#6614=CARTESIAN_POINT('',(1.332115546273E1,-1.785707326175E0,1.185794075460E0));
#6615=CARTESIAN_POINT('',(1.335852507100E1,-1.103221969891E0,
9.045199865316E-1));
#6616=CARTESIAN_POINT('',(1.339580733006E1,-3.783887374880E-1,
7.635924092734E-1));
#6617=CARTESIAN_POINT('',(1.343330035262E1,3.601911671657E-1,
7.689433167286E-1));
#6618=CARTESIAN_POINT('',(1.347064082580E1,1.083369384193E0,9.200957846311E-1));
#6619=CARTESIAN_POINT('',(1.350805871267E1,1.762570734735E0,1.211386785222E0));
#6620=CARTESIAN_POINT('',(1.354546268003E1,2.370963792381E0,1.631309693586E0));
#6621=CARTESIAN_POINT('',(1.358288899079E1,2.884473254097E0,2.163391240862E0));
#6622=CARTESIAN_POINT('',(1.362031201772E1,3.282785063787E0,2.786672970950E0));
#6623=CARTESIAN_POINT('',(1.365777502291E1,3.550060322107E0,3.476616836899E0));
#6624=CARTESIAN_POINT('',(1.369522154118E1,3.675723561861E0,4.205997279358E0));
#6625=CARTESIAN_POINT('',(1.373265675794E1,3.654726118936E0,4.946060990604E0));
#6626=CARTESIAN_POINT('',(1.377011836975E1,3.487760109498E0,5.667593998481E0));
#6627=CARTESIAN_POINT('',(1.380763868050E1,3.181294501776E0,6.342058290244E0));
#6628=CARTESIAN_POINT('',(1.384516250461E1,2.747411629248E0,6.942805195464E0));
#6629=CARTESIAN_POINT('',(1.388265704254E1,2.203181336541E0,7.446115013995E0));
#6630=CARTESIAN_POINT('',(1.392019451354E1,1.569963903280E0,7.831984819873E0));
#6631=CARTESIAN_POINT('',(1.395772924744E1,8.727413532904E-1,8.085146699741E0));
#6632=CARTESIAN_POINT('',(1.399528160199E1,1.389892211054E-1,8.195497667009E0));
#6633=CARTESIAN_POINT('',(1.403284715302E1,-6.023379319100E-1,
8.158591209619E0));
#6634=CARTESIAN_POINT('',(1.407042757102E1,-1.321969510905E0,7.975787290177E0));
#6635=CARTESIAN_POINT('',(1.410800419086E1,-1.991489566150E0,7.654231005725E0));
#6636=CARTESIAN_POINT('',(1.414560586170E1,-2.584410770525E0,7.206490198708E0));
#6637=CARTESIAN_POINT('',(1.418322278376E1,-3.077268955174E0,6.650177179840E0));
#6638=CARTESIAN_POINT('',(1.422084449083E1,-3.450551348843E0,6.007191642987E0));
#6639=CARTESIAN_POINT('',(1.425849421643E1,-3.689403191861E0,5.302854200966E0));
#6640=CARTESIAN_POINT('',(1.429613077921E1,-3.784363259729E0,4.564950369093E0));
#6641=CARTESIAN_POINT('',(1.433377333787E1,-3.731556924484E0,3.822571518861E0));
#6642=CARTESIAN_POINT('',(1.437144804131E1,-3.532921451417E0,3.105039450712E0));
#6643=CARTESIAN_POINT('',(1.440916631061E1,-3.196187983344E0,2.440741754748E0));
#6644=CARTESIAN_POINT('',(1.444686958410E1,-2.734647484603E0,1.855900970134E0));
#6645=CARTESIAN_POINT('',(1.448457902489E1,-2.166391906643E0,1.373666505768E0));
#6646=CARTESIAN_POINT('',(1.452232264537E1,-1.513777842491E0,1.013207405683E0));
#6647=CARTESIAN_POINT('',(1.456001737554E1,-8.025302996705E-1,
7.886894754144E-1));
#6648=CARTESIAN_POINT('',(1.459790477415E1,-6.067820627722E-2,
7.095326036102E-1));
#6649=CARTESIAN_POINT('',(1.463556249544E1,6.824951536112E-1,
7.781672470922E-1));
#6650=CARTESIAN_POINT('',(1.467337519044E1,1.397645676889E0,9.927202669191E-1));
#6651=CARTESIAN_POINT('',(1.471116939099E1,2.056506897733E0,1.344492148661E0));
#6652=CARTESIAN_POINT('',(1.474898128896E1,2.633030908311E0,1.819761556459E0));
#6653=CARTESIAN_POINT('',(1.478680188370E1,3.104393432460E0,2.399837971284E0));
#6654=CARTESIAN_POINT('',(1.482464952623E1,3.451870789119E0,3.061910155968E0));
#6655=CARTESIAN_POINT('',(1.486249773833E1,3.661700796477E0,3.779866804446E0));
#6656=CARTESIAN_POINT('',(1.490035861633E1,3.725475222887E0,4.525417711814E0));
#6657=CARTESIAN_POINT('',(1.493823862485E1,3.640548943768E0,5.269139972503E0));
#6658=CARTESIAN_POINT('',(1.497614253929E1,3.410153984888E0,5.981647716035E0));
#6659=CARTESIAN_POINT('',(1.501405225684E1,3.043322666384E0,6.634794669288E0));
#6660=CARTESIAN_POINT('',(1.505197450368E1,2.554421501128E0,7.202744222131E0));
#6661=CARTESIAN_POINT('',(1.508991119902E1,1.962657436523E0,7.663002034605E0));
#6662=CARTESIAN_POINT('',(1.512787313427E1,1.291318076056E0,7.997277040353E0));
#6663=CARTESIAN_POINT('',(1.516581945242E1,5.668822136177E-1,8.192388056871E0));
#6664=CARTESIAN_POINT('',(1.520380895360E1,-1.821292611256E-1,
8.240360878817E0));
#6665=CARTESIAN_POINT('',(1.524181744346E1,-9.261089431944E-1,
8.139250419499E0));
#6666=CARTESIAN_POINT('',(1.527982497123E1,-1.635702681871E0,7.892999832982E0));
#6667=CARTESIAN_POINT('',(1.531785425044E1,-2.282843601084E0,7.511153605664E0));
#6668=CARTESIAN_POINT('',(1.535589122744E1,-2.841949743055E0,7.008725622637E0));
#6669=CARTESIAN_POINT('',(1.539394853638E1,-3.290847247009E0,6.405431762081E0));
#6670=CARTESIAN_POINT('',(1.543201760983E1,-3.611744436044E0,5.725037997879E0));
#6671=CARTESIAN_POINT('',(1.547010602066E1,-3.791843757272E0,4.994345045825E0));
#6672=CARTESIAN_POINT('',(1.550820062151E1,-3.823974279318E0,4.242178194333E0));
#6673=CARTESIAN_POINT('',(1.554630803080E1,-3.706728984880E0,3.498203882906E0));
#6674=CARTESIAN_POINT('',(1.558444103252E1,-3.444564685964E0,2.791831441304E0));
#6675=CARTESIAN_POINT('',(1.562259119817E1,-3.047760567296E0,2.150995953357E0));
#6676=CARTESIAN_POINT('',(1.566074723881E1,-2.531922593885E0,1.601013529070E0));
#6677=CARTESIAN_POINT('',(1.569892183494E1,-1.917277163241E0,1.163708217686E0));
#6678=CARTESIAN_POINT('',(1.573711332881E1,-1.228036919282E0,
8.564444005762E-1));
#6679=CARTESIAN_POINT('',(1.577531324525E1,-4.913630165438E-1,
6.914055074802E-1));
#6680=CARTESIAN_POINT('',(1.581354389971E1,2.636879314892E-1,
6.753582841325E-1));
#6681=CARTESIAN_POINT('',(1.585176825055E1,1.007326730177E0,8.088238154379E-1));
#6682=CARTESIAN_POINT('',(1.589002226118E1,1.710153249265E0,1.086875057203E0));
#6683=CARTESIAN_POINT('',(1.592828517967E1,2.344403895059E0,1.498514599020E0));
#6684=CARTESIAN_POINT('',(1.596656680227E1,2.884951261230E0,2.027652688998E0));
#6685=CARTESIAN_POINT('',(1.600486092110E1,3.310403491160E0,2.653450399734E0));
#6686=CARTESIAN_POINT('',(1.604317295127E1,3.603828317065E0,3.351295915863E0));
#6687=CARTESIAN_POINT('',(1.608149668270E1,3.753590250614E0,4.093665559796E0));
#6688=CARTESIAN_POINT('',(1.611983696107E1,3.753618076330E0,4.851298666021E0));
#6689=CARTESIAN_POINT('',(1.615819402549E1,3.603778516787E0,5.594274741746E0));
#6690=CARTESIAN_POINT('',(1.619656654566E1,3.309884851600E0,6.293232700939E0));
#6691=CARTESIAN_POINT('',(1.623495320772E1,2.883451841411E0,6.920552609880E0));
#6692=CARTESIAN_POINT('',(1.627335532658E1,2.341194651494E0,7.451384189862E0));
#6693=CARTESIAN_POINT('',(1.631177280625E1,1.704438004324E0,7.864733936706E0));
#6694=CARTESIAN_POINT('',(1.635020586185E1,9.982455002567E-1,8.143991063907E0));
#6695=CARTESIAN_POINT('',(1.638865249229E1,2.505044872297E-1,8.278786752523E0));
#6696=CARTESIAN_POINT('',(1.642711747547E1,-5.094094628842E-1,
8.262109493828E0));
#6697=CARTESIAN_POINT('',(1.646559559784E1,-1.251365391049E0,8.096058580853E0));
#6698=CARTESIAN_POINT('',(1.650408954442E1,-1.946114031997E0,7.786323573151E0));
#6699=CARTESIAN_POINT('',(1.654259879465E1,-2.566166170141E0,7.345217528810E0));
#6700=CARTESIAN_POINT('',(1.658112313527E1,-3.086973194212E0,6.789997734705E0));
#6701=CARTESIAN_POINT('',(1.661966371493E1,-3.487905815593E0,6.142523809880E0));
#6702=CARTESIAN_POINT('',(1.665821762431E1,-3.752990227263E0,5.428268802898E0));
#6703=CARTESIAN_POINT('',(1.669678798470E1,-3.871700175812E0,4.675414566627E0));
#6704=CARTESIAN_POINT('',(1.673537624553E1,-3.839241173071E0,3.913643380798E0));
#6705=CARTESIAN_POINT('',(1.677397928714E1,-3.656729509845E0,3.173027208496E0));
#6706=CARTESIAN_POINT('',(1.681259178757E1,-3.331220329168E0,2.482868222810E0));
#6707=CARTESIAN_POINT('',(1.685122254322E1,-2.875541411550E0,1.870431142627E0));
#6708=CARTESIAN_POINT('',(1.688987071872E1,-2.307561609284E0,1.359955515974E0));
#6709=CARTESIAN_POINT('',(1.692853193625E1,-1.649597330450E0,
9.717102607187E-1));
#6710=CARTESIAN_POINT('',(1.696720515595E1,-9.275871391955E-1,
7.211304101023E-1));
#6711=CARTESIAN_POINT('',(1.700591265786E1,-1.699887422584E-1,
6.180811731748E-1));
#6712=CARTESIAN_POINT('',(1.704460353396E1,5.933143685621E-1,
6.670623954042E-1));
#6713=CARTESIAN_POINT('',(1.708333122206E1,1.332173509088E0,8.659289925016E-1));
#6714=CARTESIAN_POINT('',(1.712206570950E1,2.017387527544E0,1.207125834493E0));
#6715=CARTESIAN_POINT('',(1.716081914906E1,2.621863193592E0,1.677218951507E0));
#6716=CARTESIAN_POINT('',(1.719958758593E1,3.121664254855E0,2.257769483940E0));
#6717=CARTESIAN_POINT('',(1.723836683401E1,3.496950075067E0,2.925938918122E0));
#6718=CARTESIAN_POINT('',(1.727716556547E1,3.732839180390E0,3.655387460962E0));
#6719=CARTESIAN_POINT('',(1.731598196361E1,3.819902044373E0,4.417369490778E0));
#6720=CARTESIAN_POINT('',(1.735481085681E1,3.754562842476E0,5.181820038629E0));
#6721=CARTESIAN_POINT('',(1.739364813899E1,3.539273002330E0,5.918536186930E0));
#6722=CARTESIAN_POINT('',(1.743250427495E1,3.182462017311E0,6.598410228652E0));
#6723=CARTESIAN_POINT('',(1.747137793354E1,2.698101017948E0,7.194556243906E0));
#6724=CARTESIAN_POINT('',(1.751026224447E1,2.105210768711E0,7.683348958754E0));
#6725=CARTESIAN_POINT('',(1.754916889017E1,1.427130888920E0,8.045436455012E0));
#6726=CARTESIAN_POINT('',(1.758806190886E1,6.905759978377E-1,8.266316249222E0));
#6727=CARTESIAN_POINT('',(1.762707711995E1,-7.540889600519E-2,
8.337566409746E0));
#6728=CARTESIAN_POINT('',(1.766592934569E1,-8.405938681575E-1,
8.255411832902E0));
#6729=CARTESIAN_POINT('',(1.770491844402E1,-1.574766790146E0,8.023874034565E0));
#6730=CARTESIAN_POINT('',(1.774388110926E1,-2.248895138576E0,7.651502879752E0));
#6731=CARTESIAN_POINT('',(1.778287428784E1,-2.836331427856E0,7.153061713085E0));
#6732=CARTESIAN_POINT('',(1.782187298912E1,-3.313790636450E0,6.548080047055E0));
#6733=CARTESIAN_POINT('',(1.786089062541E1,-3.662354935422E0,5.860399517692E0));
#6734=CARTESIAN_POINT('',(1.789991497025E1,-3.868139496859E0,5.117105842506E0));
#6735=CARTESIAN_POINT('',(1.793896867743E1,-3.922967002E0,4.347524974768E0));
#6736=CARTESIAN_POINT('',(1.797804117775E1,-3.824536136130E0,3.582008317296E0));
#6737=CARTESIAN_POINT('',(1.801711063096E1,-3.576572967882E0,2.850807404885E0));
#6738=CARTESIAN_POINT('',(1.805618133153E1,-3.188785763582E0,2.182844792247E0));
#6739=CARTESIAN_POINT('',(1.809528921522E1,-2.676451811529E0,1.604495937588E0));
#6740=CARTESIAN_POINT('',(1.813440078620E1,-2.059654742257E0,1.138703390350E0));
#6741=CARTESIAN_POINT('',(1.817353403227E1,-1.362705932549E0,
8.039162011741E-1));
#6742=CARTESIAN_POINT('',(1.821267367040E1,-6.130559569858E-1,
6.134737067077E-1));
#6743=CARTESIAN_POINT('',(1.825182225685E1,1.597144391759E-1,
5.749944466997E-1));
#6744=CARTESIAN_POINT('',(1.829099214539E1,9.251050075266E-1,
6.900790261127E-1));
#6745=CARTESIAN_POINT('',(1.833017519239E1,1.652886372963E0,9.543042481927E-1));
#6746=CARTESIAN_POINT('',(1.836937555870E1,2.314295449113E0,1.357332534550E0));
#6747=CARTESIAN_POINT('',(1.840858108596E1,2.883152800417E0,1.883357951401E0));
#6748=CARTESIAN_POINT('',(1.844781077445E1,3.336953644775E0,2.511668489077E0));
#6749=CARTESIAN_POINT('',(1.848703741050E1,3.657660826904E0,3.217543870184E0));
#6750=CARTESIAN_POINT('',(1.852629719023E1,3.832573838153E0,3.973134277205E0));
#6751=CARTESIAN_POINT('',(1.856556564596E1,3.854651178609E0,4.748655048588E0));
#6752=CARTESIAN_POINT('',(1.860483835080E1,3.722911582940E0,5.513483536338E0));
#6753=CARTESIAN_POINT('',(1.864411839771E1,3.442464058515E0,6.237402117500E0));
#6754=CARTESIAN_POINT('',(1.868341995677E1,3.024307642779E0,6.891804402137E0));
#6755=CARTESIAN_POINT('',(1.872273812854E1,2.484854153884E0,7.450805247360E0));
#6756=CARTESIAN_POINT('',(1.876205602567E1,1.845319529377E0,7.892245328E0));
#6757=CARTESIAN_POINT('',(1.880141784276E1,1.130919210418E0,8.198673110263E0));
#6758=CARTESIAN_POINT('',(1.884072247007E1,3.697748737785E-1,8.357768352379E0));
#6759=CARTESIAN_POINT('',(1.888006563550E1,-4.080197059819E-1,
8.363282674772E0));
#6760=CARTESIAN_POINT('',(1.891950250885E1,-1.171821798834E0,8.214972422236E0));
#6761=CARTESIAN_POINT('',(1.895886546259E1,-1.891415648523E0,7.918382074918E0));
#6762=CARTESIAN_POINT('',(1.899827378812E1,-2.538382254321E0,7.485287414955E0));
#6763=CARTESIAN_POINT('',(1.903768216067E1,-3.087113896020E0,6.932652904951E0));
#6764=CARTESIAN_POINT('',(1.907711533619E1,-3.515898252767E0,6.282252228814E0));
#6765=CARTESIAN_POINT('',(1.911653313290E1,-3.807689762376E0,5.559688672826E0));
#6766=CARTESIAN_POINT('',(1.915598635968E1,-3.950937393786E0,4.793483440472E0));
#6767=CARTESIAN_POINT('',(1.919547640601E1,-3.939901551109E0,4.013846988263E0));
#6768=CARTESIAN_POINT('',(1.923496724199E1,-3.774883024504E0,3.251552720274E0));
#6769=CARTESIAN_POINT('',(1.927442190684E1,-3.462273588906E0,2.536743902018E0));
#6770=CARTESIAN_POINT('',(1.931388693868E1,-3.014393679059E0,1.897675452277E0));
#6771=CARTESIAN_POINT('',(1.935341345256E1,-2.448885107552E0,1.359577910222E0));
#6772=CARTESIAN_POINT('',(1.939291563170E1,-1.787947110064E0,
9.438175687644E-1));
#6773=CARTESIAN_POINT('',(1.943245234987E1,-1.057665936239E0,
6.668357241678E-1));
#6774=CARTESIAN_POINT('',(1.947197142639E1,-2.868207966773E-1,
5.396931146694E-1));
#6775=CARTESIAN_POINT('',(1.951151235306E1,4.941523615299E-1,
5.674553661908E-1));
#6776=CARTESIAN_POINT('',(1.955107812415E1,1.254429355998E0,7.491062272716E-1));
#6777=CARTESIAN_POINT('',(1.959065607466E1,1.963977737574E0,1.077568397442E0));
#6778=CARTESIAN_POINT('',(1.963023367501E1,2.594743456847E0,1.539958454429E0));
#6779=CARTESIAN_POINT('',(1.966981666993E1,3.121775034359E0,2.118077917737E0));
#6780=CARTESIAN_POINT('',(1.970942329168E1,3.524221131797E0,2.789149375747E0));
#6781=CARTESIAN_POINT('',(1.974901488842E1,3.786096145673E0,3.526734006623E0));
#6782=CARTESIAN_POINT('',(1.978865243664E1,3.897036641449E0,4.301719732539E0));
#6783=CARTESIAN_POINT('',(1.982831353899E1,3.852569511379E0,5.083541987494E0));
#6784=CARTESIAN_POINT('',(1.986795992144E1,3.654340199756E0,5.841327479598E0));
#6785=CARTESIAN_POINT('',(1.990756758502E1,3.310089694592E0,6.545115500924E0));
#6786=CARTESIAN_POINT('',(1.994722048751E1,2.833407961832E0,7.167111117494E0));
#6787=CARTESIAN_POINT('',(1.998690562082E1,2.243031076479E0,7.682725235499E0));
#6788=CARTESIAN_POINT('',(2.002654866608E1,1.562200352936E0,8.071497430407E0));
#6789=CARTESIAN_POINT('',(2.006633139859E1,8.177879406091E-1,8.318140934727E0));
#6790=CARTESIAN_POINT('',(2.010572380415E1,3.911083578270E-2,8.412482358649E0));
#6791=CARTESIAN_POINT('',(2.014570238603E1,-7.430196961599E-1,
8.351408527806E0));
#6792=CARTESIAN_POINT('',(2.018535450508E1,-1.497792856133E0,8.136625147535E0));
#6793=CARTESIAN_POINT('',(2.022508208179E1,-2.195351835663E0,7.776831296664E0));
#6794=CARTESIAN_POINT('',(2.026481046761E1,-2.808143899720E0,7.286117853272E0));
#6795=CARTESIAN_POINT('',(2.030455546073E1,-3.311932340401E0,6.683816304556E0));
#6796=CARTESIAN_POINT('',(2.034429013563E1,-3.686767160258E0,5.993654531727E0));
#6797=CARTESIAN_POINT('',(2.038405276579E1,-3.917813612768E0,5.242860373991E0));
#6798=CARTESIAN_POINT('',(2.042185088515E1,-3.992022608449E0,4.499628357160E0));
#6799=CARTESIAN_POINT('',(2.044640157256E1,-3.950966504814E0,4.016897174356E0));
#6800=CARTESIAN_POINT('',(2.045768873056E1,-3.912868806686E0,3.797978576358E0));
#6801=CARTESIAN_POINT('',(1.202200925725E1,-3.604713513536E0,5.085521746570E0));
#6802=CARTESIAN_POINT('',(1.203255363789E1,-3.640652678372E0,4.881563603690E0));
#6803=CARTESIAN_POINT('',(1.205528878729E1,-3.679130421216E0,4.434540277579E0));
#6804=CARTESIAN_POINT('',(1.209022606090E1,-3.610541520373E0,3.747586541496E0));
#6805=CARTESIAN_POINT('',(1.212684466127E1,-3.397750806981E0,3.056086550333E0));
#6806=CARTESIAN_POINT('',(1.216342307563E1,-3.052488447279E0,2.420399441265E0));
#6807=CARTESIAN_POINT('',(1.220006081785E1,-2.588440081705E0,1.865584643221E0));
#6808=CARTESIAN_POINT('',(1.223663883082E1,-2.023923807646E0,1.413531774339E0));
#6809=CARTESIAN_POINT('',(1.227324743909E1,-1.381263160379E0,1.082043227746E0));
#6810=CARTESIAN_POINT('',(1.230981801594E1,-6.858292761241E-1,
8.841841639164E-1));
#6811=CARTESIAN_POINT('',(1.234640788320E1,3.491050609413E-2,
8.277215511091E-1));
#6812=CARTESIAN_POINT('',(1.238304142407E1,7.525106779792E-1,
9.148471958027E-1));
#6813=CARTESIAN_POINT('',(1.241959260472E1,1.438650519201E0,1.142118292098E0));
#6814=CARTESIAN_POINT('',(1.245616157268E1,2.066253190691E0,1.500515718629E0));
#6815=CARTESIAN_POINT('',(1.249274178770E1,2.610563181921E0,1.975872426653E0));
#6816=CARTESIAN_POINT('',(1.252929498239E1,3.050108836558E0,2.549411491715E0));
#6817=CARTESIAN_POINT('',(1.256587684989E1,3.367565751905E0,3.198473084010E0));
#6818=CARTESIAN_POINT('',(1.260241746015E1,3.550416017398E0,3.897435617055E0));
#6819=CARTESIAN_POINT('',(1.263897603568E1,3.591469654412E0,4.618698690156E0));
#6820=CARTESIAN_POINT('',(1.267554251362E1,3.489124749336E0,5.333794785605E0));
#6821=CARTESIAN_POINT('',(1.271209246081E1,3.247435776281E0,6.014501059903E0));
#6822=CARTESIAN_POINT('',(1.274865305734E1,2.875961201557E0,6.633954596305E0));
#6823=CARTESIAN_POINT('',(1.278519647220E1,2.389373556050E0,7.167712311933E0));
#6824=CARTESIAN_POINT('',(1.282176076459E1,1.806892105718E0,7.594716451724E0));
#6825=CARTESIAN_POINT('',(1.285825844772E1,1.151509150122E0,7.898118688413E0));
#6826=CARTESIAN_POINT('',(1.289490905800E1,4.491114972050E-1,8.065962740146E0));
#6827=CARTESIAN_POINT('',(1.293137564088E1,-2.725948090503E-1,
8.091617024559E0));
#6828=CARTESIAN_POINT('',(1.296794672265E1,-9.851060370079E-1,
7.974089547786E0));
#6829=CARTESIAN_POINT('',(1.300449662370E1,-1.660307137617E0,7.718019166537E0));
#6830=CARTESIAN_POINT('',(1.304102844367E1,-2.271547696871E0,7.333517582924E0));
#6831=CARTESIAN_POINT('',(1.307758516435E1,-2.794701763802E0,6.835765632486E0));
#6832=CARTESIAN_POINT('',(1.311411398551E1,-3.209122411899E0,6.244408828768E0));
#6833=CARTESIAN_POINT('',(1.315067831793E1,-3.498449888489E0,5.582791122451E0));
#6834=CARTESIAN_POINT('',(1.318719591602E1,-3.651265088315E0,4.877023041954E0));
#6835=CARTESIAN_POINT('',(1.322372686385E1,-3.661531172467E0,4.154963545460E0));
#6836=CARTESIAN_POINT('',(1.326028104774E1,-3.528837684066E0,3.445113791141E0));
#6837=CARTESIAN_POINT('',(1.329684399657E1,-3.258416525449E0,2.775493124564E0));
#6838=CARTESIAN_POINT('',(1.333338854070E1,-2.860934903993E0,2.172533116961E0));
#6839=CARTESIAN_POINT('',(1.336993409797E1,-2.352073444337E0,1.660039549647E0));
#6840=CARTESIAN_POINT('',(1.340648263966E1,-1.751909013172E0,1.258248859314E0));
#6841=CARTESIAN_POINT('',(1.344305705074E1,-1.084126306080E0,
9.830334955260E-1));
#6842=CARTESIAN_POINT('',(1.347946134837E1,-3.750678392251E-1,
8.452469912093E-1));
#6843=CARTESIAN_POINT('',(1.351621902989E1,3.472577543355E-1,
8.504018166085E-1));
#6844=CARTESIAN_POINT('',(1.355269213761E1,1.054369120170E0,9.982404182009E-1));
#6845=CARTESIAN_POINT('',(1.358928506414E1,1.718331497900E0,1.282990569199E0));
#6846=CARTESIAN_POINT('',(1.362583654772E1,2.312939609661E0,1.693413752268E0));
#6847=CARTESIAN_POINT('',(1.366241116574E1,2.814705992147E0,2.213334165917E0));
#6848=CARTESIAN_POINT('',(1.369896222504E1,3.203815260520E0,2.822243425940E0));
#6849=CARTESIAN_POINT('',(1.373556971639E1,3.464874344960E0,3.496122549610E0));
#6850=CARTESIAN_POINT('',(1.377212909914E1,3.587573143377E0,4.208379515197E0));
#6851=CARTESIAN_POINT('',(1.380864826012E1,3.567041258128E0,4.930912221266E0));
#6852=CARTESIAN_POINT('',(1.384519818021E1,3.404044983654E0,5.635198656075E0));
#6853=CARTESIAN_POINT('',(1.388184269590E1,3.104977400094E0,6.293418343948E0));
#6854=CARTESIAN_POINT('',(1.391847681969E1,2.681636165578E0,6.879585474431E0));
#6855=CARTESIAN_POINT('',(1.395503443741E1,2.150708723067E0,7.370563241638E0));
#6856=CARTESIAN_POINT('',(1.399165761732E1,1.533109484331E0,7.746917301333E0));
#6857=CARTESIAN_POINT('',(1.402825629852E1,8.532073993225E-1,7.993780362544E0));
#6858=CARTESIAN_POINT('',(1.406487078504E1,1.378219102616E-1,8.101363735776E0));
#6859=CARTESIAN_POINT('',(1.410149245456E1,-5.848141829044E-1,
8.065383526290E0));
#6860=CARTESIAN_POINT('',(1.413812494223E1,-1.286174100704E0,7.887218589951E0));
#6861=CARTESIAN_POINT('',(1.417472887423E1,-1.938571785145E0,7.573869834896E0));
#6862=CARTESIAN_POINT('',(1.421136457047E1,-2.516227735562E0,7.137650085890E0));
#6863=CARTESIAN_POINT('',(1.424801212668E1,-2.996314419011E0,6.595748451845E0));
#6864=CARTESIAN_POINT('',(1.428464850278E1,-3.359855457561E0,5.969525253175E0));
#6865=CARTESIAN_POINT('',(1.432132475292E1,-3.592442279770E0,5.283670696320E0));
#6866=CARTESIAN_POINT('',(1.435794996270E1,-3.684879254649E0,4.565244294365E0));
#6867=CARTESIAN_POINT('',(1.439456489609E1,-3.633453578673E0,3.842586081910E0));
#6868=CARTESIAN_POINT('',(1.443122900224E1,-3.440118871200E0,3.144231135216E0));
#6869=CARTESIAN_POINT('',(1.446797114183E1,-3.112448449642E0,2.497779293899E0));
#6870=CARTESIAN_POINT('',(1.450465606872E1,-2.663373006748E0,1.928742416427E0));
#6871=CARTESIAN_POINT('',(1.454133055503E1,-2.110549230533E0,1.459617424050E0));
#6872=CARTESIAN_POINT('',(1.457806383708E1,-1.475758227356E0,1.108997807936E0));
#6873=CARTESIAN_POINT('',(1.461465024786E1,-7.840275818217E-1,
8.906830409515E-1));
#6874=CARTESIAN_POINT('',(1.465169027779E1,-6.265642617450E-2,
8.136212309527E-1));
#6875=CARTESIAN_POINT('',(1.468813243090E1,6.599224002678E-1,
8.804394452999E-1));
#6876=CARTESIAN_POINT('',(1.472493502821E1,1.355146287797E0,1.088999591231E0));
#6877=CARTESIAN_POINT('',(1.476166637303E1,1.995568108602E0,1.430933697312E0));
#6878=CARTESIAN_POINT('',(1.479841557678E1,2.555881195479E0,1.892845650537E0));
#6879=CARTESIAN_POINT('',(1.483515976527E1,3.013928317726E0,2.456548209258E0));
#6880=CARTESIAN_POINT('',(1.487194855823E1,3.351553491455E0,3.099845348774E0));
#6881=CARTESIAN_POINT('',(1.490871000474E1,3.555401759218E0,3.797362956886E0));
#6882=CARTESIAN_POINT('',(1.494547606710E1,3.617343969929E0,4.521601263742E0));
#6883=CARTESIAN_POINT('',(1.498226534501E1,3.534849771589E0,5.243977831155E0));
#6884=CARTESIAN_POINT('',(1.501909307409E1,3.311093782961E0,5.935959883634E0));
#6885=CARTESIAN_POINT('',(1.505590629895E1,2.954864505173E0,6.570221708628E0));
#6886=CARTESIAN_POINT('',(1.509272403300E1,2.480143911878E0,7.121689785342E0));
#6887=CARTESIAN_POINT('',(1.512955164072E1,1.905604980098E0,7.568544008356E0));
#6888=CARTESIAN_POINT('',(1.516642489135E1,1.253875451289E0,7.893057877883E0));
#6889=CARTESIAN_POINT('',(1.520321077878E1,5.506594257524E-1,8.082434946565E0));
#6890=CARTESIAN_POINT('',(1.524009977879E1,-1.763345866208E-1,
8.128999012956E0));
#6891=CARTESIAN_POINT('',(1.527701728034E1,-8.983838631198E-1,
8.030874283440E0));
#6892=CARTESIAN_POINT('',(1.531389249433E1,-1.587001150452E0,7.791897424346E0));
#6893=CARTESIAN_POINT('',(1.535080394787E1,-2.214960289154E0,7.421368780994E0));
#6894=CARTESIAN_POINT('',(1.538770143109E1,-2.757448663210E0,6.933867173503E0));
#6895=CARTESIAN_POINT('',(1.542463109377E1,-3.192971901880E0,6.348545425806E0));
#6896=CARTESIAN_POINT('',(1.546156102150E1,-3.504283902340E0,5.688467794936E0));
#6897=CARTESIAN_POINT('',(1.549852114961E1,-3.678992985052E0,4.979644144442E0));
#6898=CARTESIAN_POINT('',(1.553545809050E1,-3.710154359280E0,4.250035935960E0));
#6899=CARTESIAN_POINT('',(1.557239588145E1,-3.596425856823E0,3.528422515927E0));
#6900=CARTESIAN_POINT('',(1.560939182404E1,-3.342156805065E0,2.843322930363E0));
#6901=CARTESIAN_POINT('',(1.564641269083E1,-2.957325675474E0,2.221820294081E0));
#6902=CARTESIAN_POINT('',(1.568340353078E1,-2.457073083065E0,1.688460572576E0));
#6903=CARTESIAN_POINT('',(1.572042302237E1,-1.861031806751E0,1.264393735318E0));
#6904=CARTESIAN_POINT('',(1.575746667885E1,-1.192685732551E0,
9.664448640617E-1));
#6905=CARTESIAN_POINT('',(1.579448520561E1,-4.783736700664E-1,
8.064201986694E-1));
#6906=CARTESIAN_POINT('',(1.583160887421E1,2.537239455103E-1,
7.908555332264E-1));
#6907=CARTESIAN_POINT('',(1.586861845564E1,9.747337091230E-1,
9.202668190989E-1));
#6908=CARTESIAN_POINT('',(1.590572926698E1,1.656147163291E0,1.189845576145E0));
#6909=CARTESIAN_POINT('',(1.594281410566E1,2.271055602682E0,1.588934112834E0));
#6910=CARTESIAN_POINT('',(1.597993694464E1,2.795103798962E0,2.101921559782E0));
#6911=CARTESIAN_POINT('',(1.601705303303E1,3.207559419908E0,2.708605031455E0));
#6912=CARTESIAN_POINT('',(1.605420602213E1,3.492015197023E0,3.385119645935E0));
#6913=CARTESIAN_POINT('',(1.609134085571E1,3.637195692983E0,4.104786393187E0));
#6914=CARTESIAN_POINT('',(1.612849835072E1,3.637221794806E0,4.839238252477E0));
#6915=CARTESIAN_POINT('',(1.616568717937E1,3.491968481356E0,5.559472663811E0));
#6916=CARTESIAN_POINT('',(1.620289732879E1,3.207072963502E0,6.237030671004E0));
#6917=CARTESIAN_POINT('',(1.624010438194E1,2.793697382077E0,6.845141666511E0));
#6918=CARTESIAN_POINT('',(1.627733538970E1,2.268045607051E0,7.359717765270E0));
#6919=CARTESIAN_POINT('',(1.631455258288E1,1.650785757455E0,7.760411545302E0));
#6920=CARTESIAN_POINT('',(1.635190601871E1,9.662187534394E-1,8.031115263298E0));
#6921=CARTESIAN_POINT('',(1.638879469970E1,2.413464315157E-1,8.161800814492E0));
#6922=CARTESIAN_POINT('',(1.642646186628E1,-4.952983350840E-1,
8.145619052288E0));
#6923=CARTESIAN_POINT('',(1.646367323539E1,-1.214567361740E0,7.984650673880E0));
#6924=CARTESIAN_POINT('',(1.650101858370E1,-1.888079332225E0,7.684382514095E0));
#6925=CARTESIAN_POINT('',(1.653834335549E1,-2.489192588675E0,7.256751248119E0));
#6926=CARTESIAN_POINT('',(1.657569602909E1,-2.994103832453E0,6.718478517474E0));
#6927=CARTESIAN_POINT('',(1.661305038944E1,-3.382811850346E0,6.090750217177E0));
#6928=CARTESIAN_POINT('',(1.665044531882E1,-3.639819580930E0,5.398256210232E0));
#6929=CARTESIAN_POINT('',(1.668783955092E1,-3.754918274363E0,4.668314303288E0));
#6930=CARTESIAN_POINT('',(1.672523042613E1,-3.723450339606E0,3.929697622137E0));
#6931=CARTESIAN_POINT('',(1.676264779232E1,-3.546482349834E0,3.211563137001E0));
#6932=CARTESIAN_POINT('',(1.680011904415E1,-3.230839639637E0,2.542329487738E0));
#6933=CARTESIAN_POINT('',(1.683758353749E1,-2.788956249786E0,1.948431666609E0));
#6934=CARTESIAN_POINT('',(1.687505368846E1,-2.238144969012E0,1.453381553336E0));
#6935=CARTESIAN_POINT('',(1.691255297974E1,-1.600033517688E0,1.076849609293E0));
#6936=CARTESIAN_POINT('',(1.695007880962E1,-8.997711438866E-1,
8.338185194313E-1));
#6937=CARTESIAN_POINT('',(1.698754812037E1,-1.649443658779E-1,
7.338498887825E-1));
#6938=CARTESIAN_POINT('',(1.702515684393E1,5.754548442166E-1,
7.813750569295E-1));
#6939=CARTESIAN_POINT('',(1.706269941291E1,1.292195692895E0,9.742803817107E-1));
#6940=CARTESIAN_POINT('',(1.710028942511E1,1.956940453849E0,1.305284874797E0));
#6941=CARTESIAN_POINT('',(1.713788299478E1,2.543402672281E0,1.761364387870E0));
#6942=CARTESIAN_POINT('',(1.717549518976E1,3.028347018413E0,2.324652199875E0));
#6943=CARTESIAN_POINT('',(1.721313525448E1,3.392502848996E0,2.973005326679E0));
#6944=CARTESIAN_POINT('',(1.725078096385E1,3.621418803512E0,3.680876009601E0));
#6945=CARTESIAN_POINT('',(1.728843897143E1,3.705920503394E0,4.420381260262E0));
#6946=CARTESIAN_POINT('',(1.732612097849E1,3.642507720555E0,5.162347913168E0));
#6947=CARTESIAN_POINT('',(1.736383340722E1,3.433530923137E0,5.877457653825E0));
#6948=CARTESIAN_POINT('',(1.740155485778E1,3.087155262544E0,6.537454640256E0));
#6949=CARTESIAN_POINT('',(1.743928984627E1,2.616914828228E0,7.116229659510E0));
#6950=CARTESIAN_POINT('',(1.747704917992E1,2.041250248622E0,7.590824328287E0));
#6951=CARTESIAN_POINT('',(1.751481617186E1,1.382802823042E0,7.942437116851E0));
#6952=CARTESIAN_POINT('',(1.755263913163E1,6.675020838482E-1,8.156928733416E0));
#6953=CARTESIAN_POINT('',(1.759033587830E1,-7.647391759589E-2,
8.226208131661E0));
#6954=CARTESIAN_POINT('',(1.762828871402E1,-8.197314311827E-1,
8.146331164917E0));
#6955=CARTESIAN_POINT('',(1.766609649116E1,-1.532964163525E0,7.921428875473E0));
#6956=CARTESIAN_POINT('',(1.770397618802E1,-2.187933844207E0,7.559635217231E0));
#6957=CARTESIAN_POINT('',(1.774185421792E1,-2.758748780003E0,7.075308801733E0));
#6958=CARTESIAN_POINT('',(1.777976087856E1,-3.222751859074E0,6.487380052880E0));
#6959=CARTESIAN_POINT('',(1.781768111723E1,-3.561538585203E0,5.819001916679E0));
#6960=CARTESIAN_POINT('',(1.785562676094E1,-3.761572352657E0,5.096478382816E0));
#6961=CARTESIAN_POINT('',(1.789357745461E1,-3.814887334674E0,4.348305337082E0));
#6962=CARTESIAN_POINT('',(1.793154455146E1,-3.719197611948E0,3.603978311844E0));
#6963=CARTESIAN_POINT('',(1.796954452965E1,-3.478067685491E0,2.892922414489E0));
#6964=CARTESIAN_POINT('',(1.800757122192E1,-3.100907487652E0,2.243281703901E0));
#6965=CARTESIAN_POINT('',(1.804560035169E1,-2.602560704341E0,1.680705402891E0));
#6966=CARTESIAN_POINT('',(1.808365533911E1,-2.002508206204E0,1.227554419815E0));
#6967=CARTESIAN_POINT('',(1.812172444216E1,-1.324382775753E0,
9.017987578983E-1));
#6968=CARTESIAN_POINT('',(1.815981696635E1,-5.948670928107E-1,
7.164677151635E-1));
#6969=CARTESIAN_POINT('',(1.819793042425E1,1.572607642434E-1,
6.790166271234E-1));
#6970=CARTESIAN_POINT('',(1.823605894836E1,9.023215802552E-1,
7.910380462904E-1));
#6971=CARTESIAN_POINT('',(1.827420678029E1,1.610884403950E0,1.048279234891E0));
#6972=CARTESIAN_POINT('',(1.831237236137E1,2.254933930203E0,1.440718584368E0));
#6973=CARTESIAN_POINT('',(1.835056015999E1,2.808947460009E0,1.953013911877E0));
#6974=CARTESIAN_POINT('',(1.838876350884E1,3.250988152943E0,2.565021952582E0));
#6975=CARTESIAN_POINT('',(1.842699116157E1,3.563427782962E0,3.252703793663E0));
#6976=CARTESIAN_POINT('',(1.846523213534E1,3.733876141067E0,3.988940520235E0));
#6977=CARTESIAN_POINT('',(1.850349425312E1,3.755403466429E0,4.744732583782E0));
#6978=CARTESIAN_POINT('',(1.854177775012E1,3.626997156725E0,5.490234930668E0));
#6979=CARTESIAN_POINT('',(1.858008132852E1,3.353588735351E0,6.195983519897E0));
#6980=CARTESIAN_POINT('',(1.861840237439E1,2.945861489061E0,6.834078413401E0));
#6981=CARTESIAN_POINT('',(1.865674252850E1,2.419764774060E0,7.379253514522E0));
#6982=CARTESIAN_POINT('',(1.869510330745E1,1.795944108532E0,7.809847686191E0));
#6983=CARTESIAN_POINT('',(1.873348083558E1,1.098972306830E0,8.108827772513E0));
#6984=CARTESIAN_POINT('',(1.877188313604E1,3.562436627612E-1,8.264041897013E0));
#6985=CARTESIAN_POINT('',(1.881030067794E1,-4.028590818807E-1,
8.269415268032E0));
#6986=CARTESIAN_POINT('',(1.884873628892E1,-1.148473822447E0,8.124694798626E0));
#6987=CARTESIAN_POINT('',(1.888719361630E1,-1.851055230192E0,7.835102777620E0));
#6988=CARTESIAN_POINT('',(1.892566966020E1,-2.482860654277E0,7.412174274444E0));
#6989=CARTESIAN_POINT('',(1.896416511697E1,-3.018838469436E0,6.872391612053E0));
#6990=CARTESIAN_POINT('',(1.900268067074E1,-3.437752012915E0,6.236990901728E0));
#6991=CARTESIAN_POINT('',(1.904121369502E1,-3.722869339632E0,5.530937273207E0));
#6992=CARTESIAN_POINT('',(1.907976757824E1,-3.862884592066E0,4.782091637486E0));
#6993=CARTESIAN_POINT('',(1.911834427020E1,-3.852129931911E0,4.019951685247E0));
#6994=CARTESIAN_POINT('',(1.915694023082E1,-3.690803334341E0,3.274596818543E0));
#6995=CARTESIAN_POINT('',(1.919554878424E1,-3.385065539637E0,2.575536217715E0));
#6996=CARTESIAN_POINT('',(1.923417510991E1,-2.946948741358E0,1.950423126610E0));
#6997=CARTESIAN_POINT('',(1.927282959232E1,-2.393677183596E0,1.423933236627E0));
#6998=CARTESIAN_POINT('',(1.931149688371E1,-1.746877366845E0,1.017068556929E0));
#6999=CARTESIAN_POINT('',(1.935018817140E1,-1.032066654141E0,
7.459364221376E-1));
#7000=CARTESIAN_POINT('',(1.938889240042E1,-2.773762035484E-1,
6.214641426761E-1));
#7001=CARTESIAN_POINT('',(1.942761789259E1,4.873976220366E-1,
6.486472836055E-1));
#7002=CARTESIAN_POINT('',(1.946636625281E1,1.232078236244E0,8.265563375839E-1));
#7003=CARTESIAN_POINT('',(1.950513453668E1,1.927235489149E0,1.148338671818E0));
#7004=CARTESIAN_POINT('',(1.954391906902E1,2.545349470936E0,1.601444865424E0));
#7005=CARTESIAN_POINT('',(1.958272101080E1,3.061927900038E0,2.168092009052E0));
#7006=CARTESIAN_POINT('',(1.962154632186E1,3.456495517621E0,2.825998018243E0));
#7007=CARTESIAN_POINT('',(1.966038230774E1,3.713290831630E0,3.549290823282E0));
#7008=CARTESIAN_POINT('',(1.969924929706E1,3.822130683155E0,4.309435089852E0));
#7009=CARTESIAN_POINT('',(1.973814093270E1,3.778538899932E0,5.076480883128E0));
#7010=CARTESIAN_POINT('',(1.977704325467E1,3.584022777445E0,5.820130180195E0));
#7011=CARTESIAN_POINT('',(1.981594557307E1,3.246095050747E0,6.510937893761E0));
#7012=CARTESIAN_POINT('',(1.985487978176E1,2.778091887819E0,7.121618998656E0));
#7013=CARTESIAN_POINT('',(1.989384271557E1,2.198323136655E0,7.627998177960E0));
#7014=CARTESIAN_POINT('',(1.993280197659E1,1.529547366609E0,8.009869922115E0));
#7015=CARTESIAN_POINT('',(1.997183816059E1,7.981385540569E-1,8.252292523716E0));
#7016=CARTESIAN_POINT('',(2.001071342461E1,3.286490127874E-2,8.344781011395E0));
#7017=CARTESIAN_POINT('',(2.004986711731E1,-7.359973560183E-1,
8.284970822400E0));
#7018=CARTESIAN_POINT('',(2.008888866729E1,-1.478161051162E0,8.073738845009E0));
#7019=CARTESIAN_POINT('',(2.012795815532E1,-2.164236517396E0,7.719883466339E0));
#7020=CARTESIAN_POINT('',(2.016704297882E1,-2.767102887791E0,7.237131611431E0));
#7021=CARTESIAN_POINT('',(2.020615019444E1,-3.262865869261E0,6.644449201284E0));
#7022=CARTESIAN_POINT('',(2.024526616895E1,-3.631817712546E0,5.965122840365E0));
#7023=CARTESIAN_POINT('',(2.028441075588E1,-3.859313004814E0,5.225926939078E0));
#7024=CARTESIAN_POINT('',(2.032163534838E1,-3.932403669445E0,4.493978191897E0));
#7025=CARTESIAN_POINT('',(2.034582009715E1,-3.891966331404E0,4.018458777768E0));
#7026=CARTESIAN_POINT('',(2.035695908009E1,-3.854435344274E0,3.802786069383E0));
#7027=CARTESIAN_POINT('',(1.211760269718E1,-3.669390103491E0,5.101667568774E0));
#7028=CARTESIAN_POINT('',(1.212837065389E1,-3.705988263592E0,4.893972110745E0));
#7029=CARTESIAN_POINT('',(1.215152165972E1,-3.745162322032E0,4.438806167084E0));
#7030=CARTESIAN_POINT('',(1.218708577037E1,-3.675332304350E0,3.739511364498E0));
#7031=CARTESIAN_POINT('',(1.222435106966E1,-3.458767839358E0,3.035773289730E0));
#7032=CARTESIAN_POINT('',(1.226157778755E1,-3.107466542419E0,2.389021142902E0));
#7033=CARTESIAN_POINT('',(1.229883205054E1,-2.635462683735E0,1.824682150402E0));
#7034=CARTESIAN_POINT('',(1.233603502125E1,-2.061401920672E0,1.365013034706E0));
#7035=CARTESIAN_POINT('',(1.237324678274E1,-1.408067013077E0,1.028021525990E0));
#7036=CARTESIAN_POINT('',(1.241042120497E1,-7.012703399002E-1,
8.269510752970E-1));
#7037=CARTESIAN_POINT('',(1.244759693538E1,3.103555291184E-2,
7.695902397183E-1));
#7038=CARTESIAN_POINT('',(1.248479176580E1,7.599585319901E-1,
8.580725008649E-1));
#7039=CARTESIAN_POINT('',(1.252191791338E1,1.456721582557E0,1.088888722649E0));
#7040=CARTESIAN_POINT('',(1.255904464339E1,2.093859106426E0,1.452746731396E0));
#7041=CARTESIAN_POINT('',(1.259616799097E1,2.646287072900E0,1.935200295725E0));
#7042=CARTESIAN_POINT('',(1.263326045375E1,3.092248806582E0,2.517141901807E0));
#7043=CARTESIAN_POINT('',(1.267036215277E1,3.414257785167E0,3.175513430139E0));
#7044=CARTESIAN_POINT('',(1.270742244147E1,3.599655505255E0,3.884303226862E0));
#7045=CARTESIAN_POINT('',(1.274448422119E1,3.641262561278E0,4.615488056422E0));
#7046=CARTESIAN_POINT('',(1.278154055952E1,3.537534270734E0,5.340211525220E0));
#7047=CARTESIAN_POINT('',(1.281857318530E1,3.292650034944E0,6.029876808306E0));
#7048=CARTESIAN_POINT('',(1.285560245653E1,2.916388108452E0,6.657300513417E0));
#7049=CARTESIAN_POINT('',(1.289260729388E1,2.423672165781E0,7.197758566085E0));
#7050=CARTESIAN_POINT('',(1.292961688688E1,1.834037651518E0,7.630002608408E0));
#7051=CARTESIAN_POINT('',(1.296656344422E1,1.170796851961E0,7.936999462076E0));
#7052=CARTESIAN_POINT('',(1.300361759423E1,4.602100187507E-1,8.106849921172E0));
#7053=CARTESIAN_POINT('',(1.304051708191E1,-2.697061010611E-1,
8.132739798270E0));
#7054=CARTESIAN_POINT('',(1.307748671991E1,-9.900957071722E-1,
8.013916345430E0));
#7055=CARTESIAN_POINT('',(1.311442874759E1,-1.672559632105E0,7.755083510871E0));
#7056=CARTESIAN_POINT('',(1.315134482232E1,-2.290176934204E0,7.366549080053E0));
#7057=CARTESIAN_POINT('',(1.318826965794E1,-2.818634327018E0,6.863746309123E0));
#7058=CARTESIAN_POINT('',(1.322516053252E1,-3.237113058002E0,6.266564563291E0));
#7059=CARTESIAN_POINT('',(1.326206910426E1,-3.529196240678E0,5.598647180872E0));
#7060=CARTESIAN_POINT('',(1.329892798189E1,-3.683392774332E0,4.886372586984E0));
#7061=CARTESIAN_POINT('',(1.333578621655E1,-3.693730528911E0,4.157892243231E0));
#7062=CARTESIAN_POINT('',(1.337265248120E1,-3.559892870660E0,3.441953749606E0));
#7063=CARTESIAN_POINT('',(1.340951497445E1,-3.287234522216E0,2.766796900683E0));
#7064=CARTESIAN_POINT('',(1.344635064842E1,-2.886580564909E0,2.159048043662E0));
#7065=CARTESIAN_POINT('',(1.348317580996E1,-2.373822995896E0,1.642649945476E0));
#7066=CARTESIAN_POINT('',(1.351999198866E1,-1.769261171955E0,1.237929292395E0));
#7067=CARTESIAN_POINT('',(1.355681971856E1,-1.096795619016E0,
9.607830144279E-1));
#7068=CARTESIAN_POINT('',(1.359348681216E1,-3.829924550684E-1,
8.221776182906E-1));
#7069=CARTESIAN_POINT('',(1.363045227310E1,3.439273103839E-1,
8.272547219278E-1));
#7070=CARTESIAN_POINT('',(1.366715676172E1,1.055310031669E0,9.760496534275E-1));
#7071=CARTESIAN_POINT('',(1.370395524072E1,1.723072955639E0,1.262422077444E0));
#7072=CARTESIAN_POINT('',(1.374070571329E1,2.320886819843E0,1.675079832519E0));
#7073=CARTESIAN_POINT('',(1.377746541773E1,2.825199538529E0,2.197648590081E0));
#7074=CARTESIAN_POINT('',(1.381419225272E1,3.216142304320E0,2.809468850847E0));
#7075=CARTESIAN_POINT('',(1.385095911443E1,3.478370002287E0,3.486336570480E0));
#7076=CARTESIAN_POINT('',(1.388767064453E1,3.601553319993E0,4.201534368674E0));
#7077=CARTESIAN_POINT('',(1.392433292150E1,3.580893693559E0,4.926804417634E0));
#7078=CARTESIAN_POINT('',(1.396101146555E1,3.417302430896E0,5.633515903124E0));
#7079=CARTESIAN_POINT('',(1.399776712897E1,3.117320124240E0,6.293808287269E0));
#7080=CARTESIAN_POINT('',(1.403450231245E1,2.692794853308E0,6.881641028400E0));
#7081=CARTESIAN_POINT('',(1.407115320068E1,2.160517235306E0,7.373818516407E0));
#7082=CARTESIAN_POINT('',(1.410785482641E1,1.541579241221E0,7.750991192058E0));
#7083=CARTESIAN_POINT('',(1.414452145428E1,8.604143318912E-1,7.998296099102E0));
#7084=CARTESIAN_POINT('',(1.418119154966E1,1.439383894385E-1,8.106034118948E0));
#7085=CARTESIAN_POINT('',(1.421785696673E1,-5.795636181680E-1,
8.070003266011E0));
#7086=CARTESIAN_POINT('',(1.425452137449E1,-1.281537731907E0,7.891677902483E0));
#7087=CARTESIAN_POINT('',(1.429114572141E1,-1.934283301260E0,7.578133015166E0));
#7088=CARTESIAN_POINT('',(1.432778952681E1,-2.512061722742E0,7.141808963098E0));
#7089=CARTESIAN_POINT('',(1.436443348832E1,-2.992096895586E0,6.599957153096E0));
#7090=CARTESIAN_POINT('',(1.440105420490E1,-3.355468912964E0,5.973992088536E0));
#7091=CARTESIAN_POINT('',(1.443770348041E1,-3.587886956841E0,5.288651319256E0));
#7092=CARTESIAN_POINT('',(1.447428883441E1,-3.680193039781E0,4.570988440426E0));
#7093=CARTESIAN_POINT('',(1.451085089664E1,-3.628795449955E0,3.849347898525E0));
#7094=CARTESIAN_POINT('',(1.454745108005E1,-3.435781222404E0,3.152210095097E0));
#7095=CARTESIAN_POINT('',(1.458412073370E1,-3.108810799895E0,2.507069700303E0));
#7096=CARTESIAN_POINT('',(1.462071902653E1,-2.660787156372E0,1.939384298514E0));
#7097=CARTESIAN_POINT('',(1.465729356428E1,-2.109439653234E0,1.471541527462E0));
#7098=CARTESIAN_POINT('',(1.469391881331E1,-1.476558960387E0,1.121966696414E0));
#7099=CARTESIAN_POINT('',(1.473037340070E1,-7.871250209738E-1,
9.044714590367E-1));
#7100=CARTESIAN_POINT('',(1.476730485812E1,-6.840038236302E-2,
8.274862585411E-1));
#7101=CARTESIAN_POINT('',(1.480357854773E1,6.513086961045E-1,
8.942383578304E-1));
#7102=CARTESIAN_POINT('',(1.484022889038E1,1.343539197003E0,1.101865608618E0));
#7103=CARTESIAN_POINT('',(1.487679014204E1,1.981002999011E0,1.442237883595E0));
#7104=CARTESIAN_POINT('',(1.491335797892E1,2.538542399386E0,1.901878984893E0));
#7105=CARTESIAN_POINT('',(1.494990749274E1,2.994166788654E0,2.462631933416E0));
#7106=CARTESIAN_POINT('',(1.498649413036E1,3.329913995821E0,3.102343025985E0));
#7107=CARTESIAN_POINT('',(1.502303733259E1,3.532542421500E0,3.795761478096E0));
#7108=CARTESIAN_POINT('',(1.505957248304E1,3.594075463854E0,4.515506614279E0));
#7109=CARTESIAN_POINT('',(1.509612086490E1,3.512104731012E0,5.233167258268E0));
#7110=CARTESIAN_POINT('',(1.513270053874E1,3.289883336774E0,5.920419640637E0));
#7111=CARTESIAN_POINT('',(1.516925054407E1,2.936189842206E0,6.550142778349E0));
#7112=CARTESIAN_POINT('',(1.520579249555E1,2.464998893743E0,7.097486080266E0));
#7113=CARTESIAN_POINT('',(1.524233246570E1,1.894918465093E0,7.540852923875E0));
#7114=CARTESIAN_POINT('',(1.527891336218E1,1.248458570364E0,7.862752624960E0));
#7115=CARTESIAN_POINT('',(1.531537651453E1,5.511298984812E-1,8.050482101382E0));
#7116=CARTESIAN_POINT('',(1.535194880308E1,-1.695276134080E-1,
8.096645169766E0));
#7117=CARTESIAN_POINT('',(1.538854275725E1,-8.850752560451E-1,
7.999422510372E0));
#7118=CARTESIAN_POINT('',(1.542507176586E1,-1.567273153828E0,7.762652617815E0));
#7119=CARTESIAN_POINT('',(1.546163120618E1,-2.189190796019E0,7.395686337028E0));
#7120=CARTESIAN_POINT('',(1.549815952875E1,-2.726283473683E0,6.913007000668E0));
#7121=CARTESIAN_POINT('',(1.553471364722E1,-3.157348783142E0,6.333667694707E0));
#7122=CARTESIAN_POINT('',(1.557125399913E1,-3.465372003180E0,5.680532915570E0));
#7123=CARTESIAN_POINT('',(1.560781825204E1,-3.638190047338E0,4.979382471274E0));
#7124=CARTESIAN_POINT('',(1.564433879650E1,-3.668979637198E0,4.257887360780E0));
#7125=CARTESIAN_POINT('',(1.568084523056E1,-3.556517275137E0,3.544525538376E0));
#7126=CARTESIAN_POINT('',(1.571741172008E1,-3.305230161577E0,2.867460419624E0));
#7127=CARTESIAN_POINT('',(1.575399648257E1,-2.925030251053E0,2.253418937201E0));
#7128=CARTESIAN_POINT('',(1.579052722444E1,-2.430916966364E0,1.726636886643E0));
#7129=CARTESIAN_POINT('',(1.582708038875E1,-1.842380904706E0,1.307922114493E0));
#7130=CARTESIAN_POINT('',(1.586365095991E1,-1.182645831019E0,1.013814066468E0));
#7131=CARTESIAN_POINT('',(1.590017209496E1,-4.777425617149E-1,
8.559275010566E-1));
#7132=CARTESIAN_POINT('',(1.593682053955E1,2.445003805395E-1,
8.405336436054E-1));
#7133=CARTESIAN_POINT('',(1.597329823783E1,9.555928372388E-1,
9.682217208500E-1));
#7134=CARTESIAN_POINT('',(1.600989843011E1,1.627445155655E0,1.234008491331E0));
#7135=CARTESIAN_POINT('',(1.604644728359E1,2.233543372206E0,1.627402372706E0));
#7136=CARTESIAN_POINT('',(1.608303299448E1,2.749942371368E0,2.132905026365E0));
#7137=CARTESIAN_POINT('',(1.611959308973E1,3.156250435536E0,2.730576371891E0));
#7138=CARTESIAN_POINT('',(1.615618927908E1,3.436397650265E0,3.396843651219E0));
#7139=CARTESIAN_POINT('',(1.619274298245E1,3.579315516407E0,4.105417959359E0));
#7140=CARTESIAN_POINT('',(1.622931216529E1,3.579322778584E0,4.828339552895E0));
#7141=CARTESIAN_POINT('',(1.626591009602E1,3.436384651933E0,5.537070260759E0));
#7142=CARTESIAN_POINT('',(1.630252272575E1,3.156115157773E0,6.203627669672E0));
#7143=CARTESIAN_POINT('',(1.633911346872E1,2.749551211317E0,6.801695713316E0));
#7144=CARTESIAN_POINT('',(1.637572302669E1,2.232706462588E0,7.307640470919E0));
#7145=CARTESIAN_POINT('',(1.641229247343E1,1.625953172361E0,7.701482244413E0));
#7146=CARTESIAN_POINT('',(1.644905612382E1,9.532284713785E-1,7.967574019426E0));
#7147=CARTESIAN_POINT('',(1.648507689163E1,2.410427359034E-1,8.095650701644E0));
#7148=CARTESIAN_POINT('',(1.652229249050E1,-4.824466112720E-1,
8.080051621378E0));
#7149=CARTESIAN_POINT('',(1.655877973436E1,-1.188731829128E0,7.921909699089E0));
#7150=CARTESIAN_POINT('',(1.659545734431E1,-1.849902593177E0,7.627154830211E0));
#7151=CARTESIAN_POINT('',(1.663208434142E1,-2.439850108653E0,7.207449420312E0));
#7152=CARTESIAN_POINT('',(1.666873676561E1,-2.935256268552E0,6.679300305388E0));
#7153=CARTESIAN_POINT('',(1.670537225213E1,-3.316540171034E0,6.063528616222E0));
#7154=CARTESIAN_POINT('',(1.674205508982E1,-3.568588580450E0,5.384405920308E0));
#7155=CARTESIAN_POINT('',(1.677871700751E1,-3.681427379536E0,4.668728573506E0));
#7156=CARTESIAN_POINT('',(1.681535210049E1,-3.650554514018E0,3.944728163988E0));
#7157=CARTESIAN_POINT('',(1.685201078832E1,-3.477113103346E0,3.240984142816E0));
#7158=CARTESIAN_POINT('',(1.688874231023E1,-3.167879259162E0,2.585307349306E0));
#7159=CARTESIAN_POINT('',(1.692544126229E1,-2.735045852074E0,2.003582858459E0));
#7160=CARTESIAN_POINT('',(1.696212806072E1,-2.195638821883E0,1.518804060056E0));
#7161=CARTESIAN_POINT('',(1.699884469138E1,-1.570897202611E0,1.150166595225E0));
#7162=CARTESIAN_POINT('',(1.703558834065E1,-8.854620850262E-1,
9.122774804193E-1));
#7163=CARTESIAN_POINT('',(1.707220231376E1,-1.663561982597E-1,
8.145093720717E-1));
#7164=CARTESIAN_POINT('',(1.710905426210E1,5.580296555028E-1,
8.609593430120E-1));
#7165=CARTESIAN_POINT('',(1.714575842243E1,1.259114990690E0,1.049677337517E0));
#7166=CARTESIAN_POINT('',(1.718252855163E1,1.909196244670E0,1.373379829900E0));
#7167=CARTESIAN_POINT('',(1.721928139714E1,2.482593013054E0,1.819312497674E0));
#7168=CARTESIAN_POINT('',(1.725604528063E1,2.956627359517E0,2.369943607751E0));
#7169=CARTESIAN_POINT('',(1.729283969919E1,3.312520865893E0,3.003586669167E0));
#7170=CARTESIAN_POINT('',(1.732961945644E1,3.536185857468E0,3.695256282071E0));
#7171=CARTESIAN_POINT('',(1.736639714330E1,3.618719348436E0,4.417682764843E0));
#7172=CARTESIAN_POINT('',(1.740319728539E1,3.556773636012E0,5.142359853012E0));
#7173=CARTESIAN_POINT('',(1.744003487154E1,3.352709393552E0,5.840666248905E0));
#7174=CARTESIAN_POINT('',(1.747686383464E1,3.014533870916E0,6.485024775334E0));
#7175=CARTESIAN_POINT('',(1.751369283896E1,2.555516826259E0,7.049969231799E0));
#7176=CARTESIAN_POINT('',(1.755054706008E1,1.993707292654E0,7.513135409062E0));
#7177=CARTESIAN_POINT('',(1.758738633066E1,1.351231398138E0,7.856203301646E0));
#7178=CARTESIAN_POINT('',(1.762432951785E1,6.534168763816E-1,8.065476543641E0));
#7179=CARTESIAN_POINT('',(1.766092811443E1,-7.224400108261E-2,
8.132923308523E0));
#7180=CARTESIAN_POINT('',(1.769812349954E1,-7.970567177611E-1,
8.055150788935E0));
#7181=CARTESIAN_POINT('',(1.773492713868E1,-1.492469229010E0,7.835819452045E0));
#7182=CARTESIAN_POINT('',(1.777187506739E1,-2.130960627164E0,7.483135753238E0));
#7183=CARTESIAN_POINT('',(1.780878360960E1,-2.687312118927E0,7.011065137956E0));
#7184=CARTESIAN_POINT('',(1.784573025122E1,-3.139482759341E0,6.438125111979E0));
#7185=CARTESIAN_POINT('',(1.788267529427E1,-3.469569699348E0,5.786894423568E0));
#7186=CARTESIAN_POINT('',(1.791965196481E1,-3.664438623702E0,5.083028469567E0));
#7187=CARTESIAN_POINT('',(1.795660113635E1,-3.716353325497E0,4.354291548241E0));
#7188=CARTESIAN_POINT('',(1.799355329667E1,-3.623146131784E0,3.629424397459E0));
#7189=CARTESIAN_POINT('',(1.803056053113E1,-3.388355996099E0,2.937069227095E0));
#7190=CARTESIAN_POINT('',(1.806760802232E1,-3.021178125205E0,2.304604445375E0));
#7191=CARTESIAN_POINT('',(1.810461450349E1,-2.536074207335E0,1.756995259989E0));
#7192=CARTESIAN_POINT('',(1.814165696150E1,-1.952064676538E0,1.315963270639E0));
#7193=CARTESIAN_POINT('',(1.817869535844E1,-1.292163203765E0,
9.989719995026E-1));
#7194=CARTESIAN_POINT('',(1.821576266308E1,-5.823591756653E-1,
8.186518629128E-1));
#7195=CARTESIAN_POINT('',(1.825285190568E1,1.493437168085E-1,
7.822175367686E-1));
#7196=CARTESIAN_POINT('',(1.828993902279E1,8.740722107443E-1,
8.911873711812E-1));
#7197=CARTESIAN_POINT('',(1.832704046134E1,1.563205006059E0,1.141379981932E0));
#7198=CARTESIAN_POINT('',(1.836414876930E1,2.189508820313E0,1.523014920109E0));
#7199=CARTESIAN_POINT('',(1.840128558743E1,2.728189971492E0,2.021135391367E0));
#7200=CARTESIAN_POINT('',(1.843841759030E1,3.157937775004E0,2.616138356342E0));
#7201=CARTESIAN_POINT('',(1.847559126517E1,3.461656944593E0,3.284624095082E0));
#7202=CARTESIAN_POINT('',(1.851274581263E1,3.627318252426E0,4.000228619651E0));
#7203=CARTESIAN_POINT('',(1.854992295507E1,3.648232277691E0,4.734750934246E0));
#7204=CARTESIAN_POINT('',(1.858712839632E1,3.523451215583E0,5.459190016532E0));
#7205=CARTESIAN_POINT('',(1.862435637935E1,3.257796446148E0,6.144924092082E0));
#7206=CARTESIAN_POINT('',(1.866158573739E1,2.861670085816E0,6.764855652664E0));
#7207=CARTESIAN_POINT('',(1.869882494116E1,2.350596259710E0,7.294454910647E0));
#7208=CARTESIAN_POINT('',(1.873609671738E1,1.744654341209E0,7.712707870308E0));
#7209=CARTESIAN_POINT('',(1.877334173547E1,1.067718752728E0,8.003079156618E0));
#7210=CARTESIAN_POINT('',(1.881069441482E1,3.464222008514E-1,8.153829547067E0));
#7211=CARTESIAN_POINT('',(1.884802446637E1,-3.907195407671E-1,
8.159051308353E0));
#7212=CARTESIAN_POINT('',(1.888526980886E1,-1.114695702502E0,8.018505569143E0));
#7213=CARTESIAN_POINT('',(1.892263820156E1,-1.796829239240E0,7.737347409175E0));
#7214=CARTESIAN_POINT('',(1.895998116151E1,-2.410195119026E0,7.326755660518E0));
#7215=CARTESIAN_POINT('',(1.899735441161E1,-2.930489304441E0,6.802765235410E0));
#7216=CARTESIAN_POINT('',(1.903472918056E1,-3.337110950304E0,6.185998981208E0));
#7217=CARTESIAN_POINT('',(1.907214979755E1,-3.613846747947E0,5.500706843330E0));
#7218=CARTESIAN_POINT('',(1.910956031458E1,-3.749732055899E0,4.773927256337E0));
#7219=CARTESIAN_POINT('',(1.914696210482E1,-3.739285007030E0,4.034294825140E0));
#7220=CARTESIAN_POINT('',(1.918439306458E1,-3.582726381950E0,3.311001031567E0));
#7221=CARTESIAN_POINT('',(1.922188731039E1,-3.286059363879E0,2.632671142674E0));
#7222=CARTESIAN_POINT('',(1.925939684199E1,-2.860961512258E0,2.026127633433E0));
#7223=CARTESIAN_POINT('',(1.929687627886E1,-2.324149977921E0,1.515309357134E0));
#7224=CARTESIAN_POINT('',(1.933440507216E1,-1.696631248077E0,1.120572853721E0));
#7225=CARTESIAN_POINT('',(1.937192974401E1,-1.003158811251E0,
8.575380189951E-1));
#7226=CARTESIAN_POINT('',(1.940949591133E1,-2.710323229291E-1,
7.367861934628E-1));
#7227=CARTESIAN_POINT('',(1.944706897979E1,4.708473465790E-1,
7.631561269968E-1));
#7228=CARTESIAN_POINT('',(1.948464784894E1,1.193208220510E0,9.357352139045E-1));
#7229=CARTESIAN_POINT('',(1.952224318232E1,1.867506208028E0,1.247864453825E0));
#7230=CARTESIAN_POINT('',(1.955986433792E1,2.467053741608E0,1.687361744541E0));
#7231=CARTESIAN_POINT('',(1.959750620593E1,2.968101640963E0,2.236973725403E0));
#7232=CARTESIAN_POINT('',(1.963515612582E1,3.350796700667E0,2.875086027266E0));
#7233=CARTESIAN_POINT('',(1.967284084402E1,3.599860412665E0,3.576600639910E0));
#7234=CARTESIAN_POINT('',(1.971051863804E1,3.705419837853E0,4.313845751060E0));
#7235=CARTESIAN_POINT('',(1.974820656790E1,3.663139963369E0,5.057772924412E0));
#7236=CARTESIAN_POINT('',(1.978592894629E1,3.474488558930E0,5.778998518912E0));
#7237=CARTESIAN_POINT('',(1.982369799068E1,3.146755034131E0,6.448968347305E0));
#7238=CARTESIAN_POINT('',(1.986146235616E1,2.692870633749E0,7.041226236145E0));
#7239=CARTESIAN_POINT('',(1.989923277474E1,2.130593144266E0,7.532328079124E0));
#7240=CARTESIAN_POINT('',(1.993704818470E1,1.481996114468E0,7.902677672813E0));
#7241=CARTESIAN_POINT('',(1.997481546458E1,7.726473293278E-1,8.137790199184E0));
#7242=CARTESIAN_POINT('',(2.001280168796E1,3.046893762945E-2,8.227480415655E0));
#7243=CARTESIAN_POINT('',(2.005051658501E1,-7.152240479882E-1,
8.169482250974E0));
#7244=CARTESIAN_POINT('',(2.008841842953E1,-1.435017346865E0,7.964615242013E0));
#7245=CARTESIAN_POINT('',(2.012630425593E1,-2.100426372022E0,7.621419990315E0));
#7246=CARTESIAN_POINT('',(2.016421307992E1,-2.685144042232E0,7.153201903705E0));
#7247=CARTESIAN_POINT('',(2.020213688960E1,-3.165994147618E0,6.578349943522E0));
#7248=CARTESIAN_POINT('',(2.024008682900E1,-3.523855621814E0,5.919443865532E0));
#7249=CARTESIAN_POINT('',(2.027804779908E1,-3.744520854373E0,5.202447240825E0));
#7250=CARTESIAN_POINT('',(2.031415677980E1,-3.815419702762E0,4.492457687250E0));
#7251=CARTESIAN_POINT('',(2.033761698952E1,-3.776195029722E0,4.031189402371E0));
#7252=CARTESIAN_POINT('',(2.034843857441E1,-3.739788426920E0,3.821977835727E0));
#7253=CARTESIAN_POINT('',(1.211658815009E1,-3.784236405513E0,5.121522297354E0));
#7254=CARTESIAN_POINT('',(1.212769413633E1,-3.821989428478E0,4.907273655464E0));
#7255=CARTESIAN_POINT('',(1.215157574303E1,-3.862400010268E0,4.437743440083E0));
#7256=CARTESIAN_POINT('',(1.218826252776E1,-3.790365813075E0,3.716371554706E0));
#7257=CARTESIAN_POINT('',(1.222670161637E1,-3.566962403070E0,2.990409197424E0));
#7258=CARTESIAN_POINT('',(1.226512400870E1,-3.204565631031E0,2.323229136902E0));
#7259=CARTESIAN_POINT('',(1.230353290465E1,-2.717650704087E0,1.741062180563E0));
#7260=CARTESIAN_POINT('',(1.234192483318E1,-2.125456379226E0,1.266873135759E0));
#7261=CARTESIAN_POINT('',(1.238030278019E1,-1.451485241257E0,
9.192374678619E-1));
#7262=CARTESIAN_POINT('',(1.241866385434E1,-7.223695605321E-1,
7.118183661887E-1));
#7263=CARTESIAN_POINT('',(1.245701062164E1,3.305368891866E-2,
6.526471085294E-1));
#7264=CARTESIAN_POINT('',(1.249534592726E1,7.849791762820E-1,
7.439205887684E-1));
#7265=CARTESIAN_POINT('',(1.253366048703E1,1.503715049903E0,9.820175020597E-1));
#7266=CARTESIAN_POINT('',(1.257196104573E1,2.160932338857E0,1.357343934291E0));
#7267=CARTESIAN_POINT('',(1.261024788730E1,2.730757909037E0,1.854992059296E0));
#7268=CARTESIAN_POINT('',(1.264851709171E1,3.190750431728E0,2.455245724465E0));
#7269=CARTESIAN_POINT('',(1.268677448723E1,3.522882034612E0,3.134314047973E0));
#7270=CARTESIAN_POINT('',(1.272501240640E1,3.714098685396E0,3.865361105967E0));
#7271=CARTESIAN_POINT('',(1.276323735519E1,3.757009189889E0,4.619478870836E0));
#7272=CARTESIAN_POINT('',(1.280144869140E1,3.650030904141E0,5.366903625266E0));
#7273=CARTESIAN_POINT('',(1.283964298969E1,3.397484800898E0,6.078140684794E0));
#7274=CARTESIAN_POINT('',(1.287782410286E1,3.009470097441E0,6.725160190725E0));
#7275=CARTESIAN_POINT('',(1.291598778265E1,2.501388584577E0,7.282468782103E0));
#7276=CARTESIAN_POINT('',(1.295414030979E1,1.893398709964E0,7.728167878502E0));
#7277=CARTESIAN_POINT('',(1.299226634767E1,1.209549573391E0,8.044695279643E0));
#7278=CARTESIAN_POINT('',(1.303040504953E1,4.769259348924E-1,8.219823460534E0));
#7279=CARTESIAN_POINT('',(1.306849584544E1,-2.755774976400E-1,
8.246502232963E0));
#7280=CARTESIAN_POINT('',(1.310659092402E1,-1.018212079651E0,8.124010438468E0));
#7281=CARTESIAN_POINT('',(1.314466776744E1,-1.721701912978E0,7.857201348337E0));
#7282=CARTESIAN_POINT('',(1.318272595360E1,-2.358298657100E0,7.456721876247E0));
#7283=CARTESIAN_POINT('',(1.322077484371E1,-2.902956975578E0,6.938503377887E0));
#7284=CARTESIAN_POINT('',(1.325880283660E1,-3.334226877073E0,6.323059070925E0));
#7285=CARTESIAN_POINT('',(1.329682432001E1,-3.635217081170E0,5.634774208799E0));
#7286=CARTESIAN_POINT('',(1.333482012798E1,-3.794094461087E0,4.900841080270E0));
#7287=CARTESIAN_POINT('',(1.337280402715E1,-3.804739763973E0,4.150277910167E0));
#7288=CARTESIAN_POINT('',(1.341077906338E1,-3.666855671897E0,3.412703634676E0));
#7289=CARTESIAN_POINT('',(1.344874193724E1,-3.385983084673E0,2.717207814626E0));
#7290=CARTESIAN_POINT('',(1.348668529878E1,-2.973296285555E0,2.091214051228E0));
#7291=CARTESIAN_POINT('',(1.352461418668E1,-2.445193457036E0,1.559368247990E0));
#7292=CARTESIAN_POINT('',(1.356252894919E1,-1.822606058307E0,1.142585258266E0));
#7293=CARTESIAN_POINT('',(1.360043723070E1,-1.130162801297E0,
8.572051508330E-1));
#7294=CARTESIAN_POINT('',(1.363827831580E1,-3.952401437542E-1,
7.145362300156E-1));
#7295=CARTESIAN_POINT('',(1.367621317368E1,3.531090996959E-1,
7.197218649816E-1));
#7296=CARTESIAN_POINT('',(1.371404566990E1,1.085370198144E0,8.729079335169E-1));
#7297=CARTESIAN_POINT('',(1.375190065658E1,1.772653271507E0,1.167648638453E0));
#7298=CARTESIAN_POINT('',(1.378972776679E1,2.387863244685E0,1.592323282605E0));
#7299=CARTESIAN_POINT('',(1.382754765704E1,2.906787397362E0,2.130036436521E0));
#7300=CARTESIAN_POINT('',(1.386534446457E1,3.308998072372E0,2.759508303410E0));
#7301=CARTESIAN_POINT('',(1.390314636502E1,3.578758344692E0,3.455807309563E0));
#7302=CARTESIAN_POINT('',(1.394091641908E1,3.705451897024E0,4.191441325191E0));
#7303=CARTESIAN_POINT('',(1.397865596675E1,3.684182817132E0,4.937325896154E0));
#7304=CARTESIAN_POINT('',(1.401639109273E1,3.515951587033E0,5.664015685767E0));
#7305=CARTESIAN_POINT('',(1.405414775507E1,3.207540854045E0,6.342887490478E0));
#7306=CARTESIAN_POINT('',(1.409188647892E1,2.771140171306E0,6.947176255933E0));
#7307=CARTESIAN_POINT('',(1.412957935316E1,2.224038779712E0,7.453037236942E0));
#7308=CARTESIAN_POINT('',(1.416728363635E1,1.587974532079E0,7.840647799764E0));
#7309=CARTESIAN_POINT('',(1.420496285637E1,8.880666322755E-1,8.094749248664E0));
#7310=CARTESIAN_POINT('',(1.424263346112E1,1.519956907647E-1,8.205429066312E0));
#7311=CARTESIAN_POINT('',(1.428029203973E1,-5.911727976942E-1,
8.168414917471E0));
#7312=CARTESIAN_POINT('',(1.431794033464E1,-1.312110441930E0,7.985269855468E0));
#7313=CARTESIAN_POINT('',(1.435556036606E1,-1.982370261740E0,7.663296502922E0));
#7314=CARTESIAN_POINT('',(1.439317928074E1,-2.575551896364E0,7.215333899253E0));
#7315=CARTESIAN_POINT('',(1.443078855880E1,-3.068300545591E0,6.659126829392E0));
#7316=CARTESIAN_POINT('',(1.446837696647E1,-3.441223521907E0,6.016690205298E0));
#7317=CARTESIAN_POINT('',(1.450596933149E1,-3.679716463965E0,5.313445313799E0));
#7318=CARTESIAN_POINT('',(1.454352114242E1,-3.774398194904E0,4.577165085975E0));
#7319=CARTESIAN_POINT('',(1.458105127246E1,-3.721651583833E0,3.836950275022E0));
#7320=CARTESIAN_POINT('',(1.461859004656E1,-3.523697599618E0,3.122006417590E0));
#7321=CARTESIAN_POINT('',(1.465615417716E1,-3.188452653968E0,2.460497464776E0));
#7322=CARTESIAN_POINT('',(1.469367322648E1,-2.729148768185E0,1.878530543861E0));
#7323=CARTESIAN_POINT('',(1.473117013029E1,-2.164032431026E0,1.399022676329E0));
#7324=CARTESIAN_POINT('',(1.476868402249E1,-1.515480572047E0,1.040785273542E0));
#7325=CARTESIAN_POINT('',(1.480609843507E1,-8.091168909411E-1,
8.180100430627E-1));
#7326=CARTESIAN_POINT('',(1.484375495816E1,-7.289251940245E-2,
7.390160785702E-1));
#7327=CARTESIAN_POINT('',(1.488105444798E1,6.641784261910E-1,
8.075101307954E-1));
#7328=CARTESIAN_POINT('',(1.491854337901E1,1.372963622086E0,1.020079383159E0));
#7329=CARTESIAN_POINT('',(1.495597588266E1,2.025534723953E0,1.368530088080E0));
#7330=CARTESIAN_POINT('',(1.499340211061E1,2.596160591452E0,1.838970612163E0));
#7331=CARTESIAN_POINT('',(1.503080873676E1,3.062371262376E0,2.412774788593E0));
#7332=CARTESIAN_POINT('',(1.506822650335E1,3.405855191704E0,3.067221375367E0));
#7333=CARTESIAN_POINT('',(1.510561062696E1,3.613091249404E0,3.776461318269E0));
#7334=CARTESIAN_POINT('',(1.514298047920E1,3.675995594244E0,4.512457662243E0));
#7335=CARTESIAN_POINT('',(1.518034823107E1,3.592182445394E0,5.246151683950E0));
#7336=CARTESIAN_POINT('',(1.521772466510E1,3.365050745457E0,5.948601956671E0));
#7337=CARTESIAN_POINT('',(1.525507465594E1,3.003611677391E0,6.592097557124E0));
#7338=CARTESIAN_POINT('',(1.529241046121E1,2.522216173003E0,7.151275926954E0));
#7339=CARTESIAN_POINT('',(1.532973550575E1,1.939932952525E0,7.604117954448E0));
#7340=CARTESIAN_POINT('',(1.536707576058E1,1.279799276539E0,7.932834026447E0));
#7341=CARTESIAN_POINT('',(1.540433579438E1,5.678826566988E-1,8.124441498176E0));
#7342=CARTESIAN_POINT('',(1.544165182019E1,-1.676544811086E-1,
8.171561612499E0));
#7343=CARTESIAN_POINT('',(1.547897229835E1,-8.978086761423E-1,
8.072369372361E0));
#7344=CARTESIAN_POINT('',(1.551624363302E1,-1.593751817313E0,7.830811819609E0));
#7345=CARTESIAN_POINT('',(1.555352436895E1,-2.228045714768E0,7.456540826229E0));
#7346=CARTESIAN_POINT('',(1.559077633932E1,-2.775678105355E0,6.964367226700E0));
#7347=CARTESIAN_POINT('',(1.562803506723E1,-3.215095985600E0,6.373794810079E0));
#7348=CARTESIAN_POINT('',(1.566527572192E1,-3.528999703140E0,5.708164766604E0));
#7349=CARTESIAN_POINT('',(1.570252231857E1,-3.705077799921E0,4.993788607389E0));
#7350=CARTESIAN_POINT('',(1.573973146762E1,-3.736417736084E0,4.258873962559E0));
#7351=CARTESIAN_POINT('',(1.577692161224E1,-3.621864842972E0,3.532446372228E0));
#7352=CARTESIAN_POINT('',(1.581414139768E1,-3.366041526765E0,2.843158930966E0));
#7353=CARTESIAN_POINT('',(1.585136420346E1,-2.979085526358E0,2.218189314298E0));
#7354=CARTESIAN_POINT('',(1.588854186234E1,-2.476302566670E0,1.682194067131E0));
#7355=CARTESIAN_POINT('',(1.592572483053E1,-1.877616700981E0,1.256269726798E0));
#7356=CARTESIAN_POINT('',(1.596291032573E1,-1.206687435228E0,
9.571732800621E-1));
#7357=CARTESIAN_POINT('',(1.600005255685E1,-4.900209876761E-1,
7.966809785137E-1));
#7358=CARTESIAN_POINT('',(1.603727266482E1,2.440743573277E-1,
7.809969721245E-1));
#7359=CARTESIAN_POINT('',(1.607436598556E1,9.666243649408E-1,
9.107981631964E-1));
#7360=CARTESIAN_POINT('',(1.611153418339E1,1.649119477926E0,1.180785883975E0));
#7361=CARTESIAN_POINT('',(1.614865734893E1,2.264635506508E0,1.580315949176E0));
#7362=CARTESIAN_POINT('',(1.618579678826E1,2.788917134278E0,2.093537899492E0));
#7363=CARTESIAN_POINT('',(1.622290860797E1,3.201296809164E0,2.700171653007E0));
#7364=CARTESIAN_POINT('',(1.626003662378E1,3.485559634459E0,3.376226585060E0));
#7365=CARTESIAN_POINT('',(1.629712460307E1,3.630510168309E0,4.095008562202E0));
#7366=CARTESIAN_POINT('',(1.633421385709E1,3.630497932205E0,4.828122979266E0));
#7367=CARTESIAN_POINT('',(1.637131439865E1,3.485581532864E0,5.546636849561E0));
#7368=CARTESIAN_POINT('',(1.640841631502E1,3.201524938168E0,6.222202438138E0));
#7369=CARTESIAN_POINT('',(1.644549241596E1,2.789576621049E0,6.828166376606E0));
#7370=CARTESIAN_POINT('',(1.648257304456E1,2.266047251012E0,7.340643724746E0));
#7371=CARTESIAN_POINT('',(1.651961311505E1,1.651632418750E0,7.739422929853E0));
#7372=CARTESIAN_POINT('',(1.655679201346E1,9.706221397246E-1,8.008872928679E0));
#7373=CARTESIAN_POINT('',(1.659339305821E1,2.498586895978E-1,8.138120952669E0));
#7374=CARTESIAN_POINT('',(1.663089779913E1,-4.820807414097E-1,
8.122682745841E0));
#7375=CARTESIAN_POINT('',(1.666783609559E1,-1.196427074194E0,7.962642188608E0));
#7376=CARTESIAN_POINT('',(1.670491012093E1,-1.864932590232E0,7.664630992734E0));
#7377=CARTESIAN_POINT('',(1.674193557878E1,-2.461241187848E0,7.240378991970E0));
#7378=CARTESIAN_POINT('',(1.677897086461E1,-2.961835998078E0,6.706686697086E0));
#7379=CARTESIAN_POINT('',(1.681598278530E1,-3.346981509091E0,6.084638069299E0));
#7380=CARTESIAN_POINT('',(1.685302245771E1,-3.601520105359E0,5.398816667044E0));
#7381=CARTESIAN_POINT('',(1.689003557825E1,-3.715424471086E0,4.676295497121E0));
#7382=CARTESIAN_POINT('',(1.692701669576E1,-3.684230861358E0,3.945605279286E0));
#7383=CARTESIAN_POINT('',(1.696400643551E1,-3.509218339835E0,3.235589903210E0));
#7384=CARTESIAN_POINT('',(1.700104592729E1,-3.197337378749E0,2.574259076330E0));
#7385=CARTESIAN_POINT('',(1.703804878737E1,-2.760902919065E0,1.987708138548E0));
#7386=CARTESIAN_POINT('',(1.707503119228E1,-2.217173839297E0,1.499074087964E0));
#7387=CARTESIAN_POINT('',(1.711202811057E1,-1.587640020194E0,1.127616154527E0));
#7388=CARTESIAN_POINT('',(1.714903805176E1,-8.971594479471E-1,
8.879705261364E-1));
#7389=CARTESIAN_POINT('',(1.718592670942E1,-1.729909522728E-1,
7.896006195421E-1));
#7390=CARTESIAN_POINT('',(1.722300833064E1,5.562603409491E-1,
8.362954741667E-1));
#7391=CARTESIAN_POINT('',(1.725995317337E1,1.261828603613E0,1.026257866309E0));
#7392=CARTESIAN_POINT('',(1.729694420952E1,1.915861209848E0,1.351927270399E0));
#7393=CARTESIAN_POINT('',(1.733390987986E1,2.492553673385E0,1.800443491341E0));
#7394=CARTESIAN_POINT('',(1.737087441331E1,2.969155018671E0,2.354080009216E0));
#7395=CARTESIAN_POINT('',(1.740785542570E1,3.326871308109E0,2.990969026411E0));
#7396=CARTESIAN_POINT('',(1.744481274160E1,3.551594432449E0,3.685966585351E0));
#7397=CARTESIAN_POINT('',(1.748175716985E1,3.634471972035E0,4.411631238790E0));
#7398=CARTESIAN_POINT('',(1.751871080939E1,3.572252441814E0,5.139316158465E0));
#7399=CARTESIAN_POINT('',(1.755568777079E1,3.367408970431E0,5.840300607607E0));
#7400=CARTESIAN_POINT('',(1.759264606475E1,3.028035279393E0,6.486920035090E0));
#7401=CARTESIAN_POINT('',(1.762959318106E1,2.567540408379E0,7.053655863521E0));
#7402=CARTESIAN_POINT('',(1.766655280326E1,2.004112408619E0,7.518146308415E0));
#7403=CARTESIAN_POINT('',(1.770348668333E1,1.359995406522E0,7.862063395344E0));
#7404=CARTESIAN_POINT('',(1.774050889777E1,6.606243184053E-1,8.071846506549E0));
#7405=CARTESIAN_POINT('',(1.777718893279E1,-6.641413297236E-2,
8.139199639137E0));
#7406=CARTESIAN_POINT('',(1.781443046743E1,-7.923769179117E-1,
8.061520092336E0));
#7407=CARTESIAN_POINT('',(1.785128430300E1,-1.488655790354E0,7.841828721213E0));
#7408=CARTESIAN_POINT('',(1.788826559730E1,-2.127743672604E0,7.488829562537E0));
#7409=CARTESIAN_POINT('',(1.792519719567E1,-2.684423976203E0,7.016449907576E0));
#7410=CARTESIAN_POINT('',(1.796215445157E1,-3.136721935992E0,6.443341213509E0));
#7411=CARTESIAN_POINT('',(1.799909836998E1,-3.466786457400E0,5.792124105824E0));
#7412=CARTESIAN_POINT('',(1.803606222875E1,-3.661588168552E0,5.088505093034E0));
#7413=CARTESIAN_POINT('',(1.807298623568E1,-3.713438028924E0,4.360254434243E0));
#7414=CARTESIAN_POINT('',(1.810990051053E1,-3.620286170365E0,3.636118489331E0));
#7415=CARTESIAN_POINT('',(1.814685893043E1,-3.385804335730E0,2.944683990109E0));
#7416=CARTESIAN_POINT('',(1.818384739566E1,-3.019244185227E0,2.313245363122E0));
#7417=CARTESIAN_POINT('',(1.822078065443E1,-2.535070703042E0,1.766723533394E0));
#7418=CARTESIAN_POINT('',(1.825773911859E1,-1.952388418097E0,1.326701583853E0));
#7419=CARTESIAN_POINT('',(1.829468060575E1,-1.294192189039E0,1.010551551688E0));
#7420=CARTESIAN_POINT('',(1.833164015193E1,-5.864583278355E-1,
8.307645661923E-1));
#7421=CARTESIAN_POINT('',(1.836861078195E1,1.428791268539E-1,
7.944474132343E-1));
#7422=CARTESIAN_POINT('',(1.840556615654E1,8.650337546354E-1,
9.030429090792E-1));
#7423=CARTESIAN_POINT('',(1.844252408622E1,1.551497874104E0,1.152279587704E0));
#7424=CARTESIAN_POINT('',(1.847947619983E1,2.175171341577E0,1.532332687894E0));
#7425=CARTESIAN_POINT('',(1.851644685545E1,2.711424949509E0,2.028215790447E0));
#7426=CARTESIAN_POINT('',(1.855339836583E1,3.139085413322E0,2.620365655433E0));
#7427=CARTESIAN_POINT('',(1.859038375644E1,3.441248854725E0,3.285421225753E0));
#7428=CARTESIAN_POINT('',(1.862733329029E1,3.605982378345E0,3.997138008489E0));
#7429=CARTESIAN_POINT('',(1.866429458556E1,3.626755558537E0,4.727429435276E0));
#7430=CARTESIAN_POINT('',(1.870127484421E1,3.502724919526E0,5.447467659866E0));
#7431=CARTESIAN_POINT('',(1.873826767682E1,3.238765252865E0,6.128826108411E0));
#7432=CARTESIAN_POINT('',(1.877524780159E1,2.845277697576E0,6.744604728728E0));
#7433=CARTESIAN_POINT('',(1.881222484264E1,2.337769833434E0,7.270484112186E0));
#7434=CARTESIAN_POINT('',(1.884922701522E1,1.736253711734E0,7.685681056061E0));
#7435=CARTESIAN_POINT('',(1.888618059106E1,1.064459668675E0,7.973802539405E0));
#7436=CARTESIAN_POINT('',(1.892325323741E1,3.488898936051E-1,8.123405814029E0));
#7437=CARTESIAN_POINT('',(1.896028389430E1,-3.822054150138E-1,
8.128597743861E0));
#7438=CARTESIAN_POINT('',(1.899718970516E1,-1.099993859998E0,7.989164902670E0));
#7439=CARTESIAN_POINT('',(1.903423707907E1,-1.776106058533E0,7.710508852932E0));
#7440=CARTESIAN_POINT('',(1.907123594297E1,-2.383861646599E0,7.303647851042E0));
#7441=CARTESIAN_POINT('',(1.910825798400E1,-2.899242622254E0,6.784594957053E0));
#7442=CARTESIAN_POINT('',(1.914526532225E1,-3.301888707491E0,6.173819771524E0));
#7443=CARTESIAN_POINT('',(1.918231762545E1,-3.575857201532E0,5.495404767395E0));
#7444=CARTESIAN_POINT('',(1.921933952579E1,-3.710322656783E0,4.776122182037E0));
#7445=CARTESIAN_POINT('',(1.925633118650E1,-3.699940938276E0,4.044347151584E0));
#7446=CARTESIAN_POINT('',(1.929334469071E1,-3.545061331091E0,3.328964950165E0));
#7447=CARTESIAN_POINT('',(1.933042982109E1,-3.251740570835E0,2.658239233969E0));
#7448=CARTESIAN_POINT('',(1.936752003112E1,-2.831544975740E0,2.058658322093E0));
#7449=CARTESIAN_POINT('',(1.940454785356E1,-2.301038043096E0,1.553885894374E0));
#7450=CARTESIAN_POINT('',(1.944162905808E1,-1.681100572972E0,1.163915676990E0));
#7451=CARTESIAN_POINT('',(1.947868501024E1,-9.961944637489E-1,
9.041524453533E-1));
#7452=CARTESIAN_POINT('',(1.951578404012E1,-2.733307661529E-1,
7.849212453032E-1));
#7453=CARTESIAN_POINT('',(1.955287437984E1,4.589588050135E-1,
8.109542409880E-1));
#7454=CARTESIAN_POINT('',(1.958995327085E1,1.171773686669E0,9.812711216879E-1));
#7455=CARTESIAN_POINT('',(1.962703698500E1,1.836965601964E0,1.289206339231E0));
#7456=CARTESIAN_POINT('',(1.966414070718E1,2.428250446978E0,1.722657561079E0));
#7457=CARTESIAN_POINT('',(1.970125684757E1,2.922256919997E0,2.264552372714E0));
#7458=CARTESIAN_POINT('',(1.973836404291E1,3.299456456568E0,2.893533234749E0));
#7459=CARTESIAN_POINT('',(1.977550751097E1,3.544890501045E0,3.584807334611E0));
#7460=CARTESIAN_POINT('',(1.981261627880E1,3.648855289982E0,4.311098842566E0));
#7461=CARTESIAN_POINT('',(1.984971774475E1,3.607177885949E0,5.043760196305E0));
#7462=CARTESIAN_POINT('',(1.988685502025E1,3.421419683136E0,5.753862503582E0));
#7463=CARTESIAN_POINT('',(1.992405281802E1,3.098846776124E0,6.413339522869E0));
#7464=CARTESIAN_POINT('',(1.996121809165E1,2.652188076447E0,6.996158843123E0));
#7465=CARTESIAN_POINT('',(1.999836738486E1,2.099005720461E0,7.479286263203E0));
#7466=CARTESIAN_POINT('',(2.003557807260E1,1.461084351335E0,7.843557025814E0));
#7467=CARTESIAN_POINT('',(2.007266252680E1,7.635817818977E-1,8.074655922047E0));
#7468=CARTESIAN_POINT('',(2.011016441994E1,3.401590655822E-2,8.163046924408E0));
#7469=CARTESIAN_POINT('',(2.014708345538E1,-6.988460150594E-1,
8.105826297114E0));
#7470=CARTESIAN_POINT('',(2.018435456165E1,-1.406049344106E0,7.904577789826E0));
#7471=CARTESIAN_POINT('',(2.022156512512E1,-2.059661891210E0,7.567452309764E0));
#7472=CARTESIAN_POINT('',(2.025879279091E1,-2.633861406925E0,7.107644394034E0));
#7473=CARTESIAN_POINT('',(2.029602131451E1,-3.105938161076E0,6.543258646183E0));
#7474=CARTESIAN_POINT('',(2.033327645832E1,-3.457189715970E0,5.896519859468E0));
#7475=CARTESIAN_POINT('',(2.037052217045E1,-3.673712295872E0,5.192931652890E0));
#7476=CARTESIAN_POINT('',(2.040594798211E1,-3.743260474339E0,4.496395059540E0));
#7477=CARTESIAN_POINT('',(2.042895796367E1,-3.704783058554E0,4.043968382785E0));
#7478=CARTESIAN_POINT('',(2.043957018632E1,-3.669076322648E0,3.838789166804E0));
#7479=CARTESIAN_POINT('',(1.211557360300E1,-3.899082707535E0,5.141377025934E0));
#7480=CARTESIAN_POINT('',(1.212701761877E1,-3.937990593365E0,4.920575200182E0));
#7481=CARTESIAN_POINT('',(1.215162982633E1,-3.979637698505E0,4.436680713082E0));
#7482=CARTESIAN_POINT('',(1.218943928515E1,-3.905399321799E0,3.693231744913E0));
#7483=CARTESIAN_POINT('',(1.222905216308E1,-3.675156966781E0,2.945045105119E0));
#7484=CARTESIAN_POINT('',(1.226867022984E1,-3.301664719644E0,2.257437130902E0));
#7485=CARTESIAN_POINT('',(1.230823375877E1,-2.799838724440E0,1.657442210723E0));
#7486=CARTESIAN_POINT('',(1.234781464512E1,-2.189510837781E0,1.168733236812E0));
#7487=CARTESIAN_POINT('',(1.238735877764E1,-1.494903469437E0,
8.104534097337E-1));
#7488=CARTESIAN_POINT('',(1.242690650371E1,-7.434687811639E-1,
5.966856570804E-1));
#7489=CARTESIAN_POINT('',(1.246642430790E1,3.507182492548E-2,
5.357039773405E-1));
#7490=CARTESIAN_POINT('',(1.250590008871E1,8.099998205740E-1,
6.297686766719E-1));
#7491=CARTESIAN_POINT('',(1.254540306068E1,1.550708517250E0,8.751462814707E-1));
#7492=CARTESIAN_POINT('',(1.258487744808E1,2.228005571289E0,1.261941137187E0));
#7493=CARTESIAN_POINT('',(1.262432778363E1,2.815228745174E0,1.774783822866E0));
#7494=CARTESIAN_POINT('',(1.266377372968E1,3.289252056875E0,2.393349547124E0));
#7495=CARTESIAN_POINT('',(1.270318682168E1,3.631506284058E0,3.093114665807E0));
#7496=CARTESIAN_POINT('',(1.274260237133E1,3.828541865538E0,3.846418985073E0));
#7497=CARTESIAN_POINT('',(1.278199048919E1,3.872755818500E0,4.623469685250E0));
#7498=CARTESIAN_POINT('',(1.282135682327E1,3.762527537549E0,5.393595725313E0));
#7499=CARTESIAN_POINT('',(1.286071279407E1,3.502319566851E0,6.126404561282E0));
#7500=CARTESIAN_POINT('',(1.290004574918E1,3.102552086431E0,6.793019868033E0));
#7501=CARTESIAN_POINT('',(1.293936827141E1,2.579105003372E0,7.367178998122E0));
#7502=CARTESIAN_POINT('',(1.297866373271E1,1.952759768410E0,7.826333148596E0));
#7503=CARTESIAN_POINT('',(1.301796925111E1,1.248302294822E0,8.152391097210E0));
#7504=CARTESIAN_POINT('',(1.305719250482E1,4.936418510340E-1,8.332796999896E0));
#7505=CARTESIAN_POINT('',(1.309647460896E1,-2.814488942189E-1,
8.360264667656E0));
#7506=CARTESIAN_POINT('',(1.313569512813E1,-1.046328452129E0,8.234104531506E0));
#7507=CARTESIAN_POINT('',(1.317490678729E1,-1.770844193851E0,7.959319185804E0));
#7508=CARTESIAN_POINT('',(1.321410708488E1,-2.426420379995E0,7.546894672441E0));
#7509=CARTESIAN_POINT('',(1.325328002948E1,-2.987279624138E0,7.013260446652E0));
#7510=CARTESIAN_POINT('',(1.329244514068E1,-3.431340696144E0,6.379553578559E0));
#7511=CARTESIAN_POINT('',(1.333157953576E1,-3.741237921662E0,5.670901236726E0));
#7512=CARTESIAN_POINT('',(1.337071227408E1,-3.904796147843E0,4.915309573556E0));
#7513=CARTESIAN_POINT('',(1.340982183774E1,-3.915748999035E0,4.142663577103E0));
#7514=CARTESIAN_POINT('',(1.344890564556E1,-3.773818473135E0,3.383453519746E0));
#7515=CARTESIAN_POINT('',(1.348796890003E1,-3.484731647131E0,2.667618728569E0));
#7516=CARTESIAN_POINT('',(1.352701994914E1,-3.060012006200E0,2.023380058793E0));
#7517=CARTESIAN_POINT('',(1.356605256340E1,-2.516563918177E0,1.476086550505E0));
#7518=CARTESIAN_POINT('',(1.360506590972E1,-1.875950944659E0,1.047241224137E0));
#7519=CARTESIAN_POINT('',(1.364405474283E1,-1.163529983577E0,
7.536272872382E-1));
#7520=CARTESIAN_POINT('',(1.368306981943E1,-4.074878324399E-1,
6.068948417407E-1));
#7521=CARTESIAN_POINT('',(1.372197407426E1,3.622908890079E-1,
6.121890080355E-1));
#7522=CARTESIAN_POINT('',(1.376093457808E1,1.115430364619E0,7.697662136063E-1));
#7523=CARTESIAN_POINT('',(1.379984607245E1,1.822233587376E0,1.072875199462E0));
#7524=CARTESIAN_POINT('',(1.383874982029E1,2.454839669526E0,1.509566732691E0));
#7525=CARTESIAN_POINT('',(1.387762989636E1,2.988375256195E0,2.062424282961E0));
#7526=CARTESIAN_POINT('',(1.391649667642E1,3.401853840424E0,2.709547755973E0));
#7527=CARTESIAN_POINT('',(1.395533361561E1,3.679146687096E0,3.425278048645E0));
#7528=CARTESIAN_POINT('',(1.399416219362E1,3.809350474054E0,4.181348281708E0));
#7529=CARTESIAN_POINT('',(1.403297901199E1,3.787471940705E0,4.947847374675E0));
#7530=CARTESIAN_POINT('',(1.407177071992E1,3.614600743171E0,5.694515468410E0));
#7531=CARTESIAN_POINT('',(1.411052838117E1,3.297761583849E0,6.391966693687E0));
#7532=CARTESIAN_POINT('',(1.414927064538E1,2.849485489305E0,7.012711483466E0));
#7533=CARTESIAN_POINT('',(1.418800550565E1,2.287560324119E0,7.532255957478E0));
#7534=CARTESIAN_POINT('',(1.422671244629E1,1.634369822937E0,7.930304407469E0));
#7535=CARTESIAN_POINT('',(1.426540425845E1,9.157189326598E-1,8.191202398225E0));
#7536=CARTESIAN_POINT('',(1.430407537258E1,1.600529920908E-1,8.304824013676E0));
#7537=CARTESIAN_POINT('',(1.434272711273E1,-6.027819772204E-1,
8.266826568932E0));
#7538=CARTESIAN_POINT('',(1.438135929479E1,-1.342683151953E0,8.078861808454E0));
#7539=CARTESIAN_POINT('',(1.441997501072E1,-2.030457222220E0,7.748459990679E0));
#7540=CARTESIAN_POINT('',(1.445856903466E1,-2.639042069986E0,7.288858835407E0));
#7541=CARTESIAN_POINT('',(1.449714362928E1,-3.144504195595E0,6.718296505688E0));
#7542=CARTESIAN_POINT('',(1.453569972804E1,-3.526978130851E0,6.059388322060E0));
#7543=CARTESIAN_POINT('',(1.457423518258E1,-3.771545971090E0,5.338239308341E0));
#7544=CARTESIAN_POINT('',(1.461275345043E1,-3.868603350026E0,4.583341731524E0));
#7545=CARTESIAN_POINT('',(1.465125164829E1,-3.814507717711E0,3.824552651518E0));
#7546=CARTESIAN_POINT('',(1.468972901308E1,-3.611613976831E0,3.091802740084E0));
#7547=CARTESIAN_POINT('',(1.472818762061E1,-3.268094508041E0,2.413925229249E0));
#7548=CARTESIAN_POINT('',(1.476662742642E1,-2.797510379999E0,1.817676789208E0));
#7549=CARTESIAN_POINT('',(1.480504669630E1,-2.218625208819E0,1.326503825196E0));
#7550=CARTESIAN_POINT('',(1.484344923168E1,-1.554402183707E0,
9.596038506707E-1));
#7551=CARTESIAN_POINT('',(1.488182346943E1,-8.311087609084E-1,
7.315486270886E-1));
#7552=CARTESIAN_POINT('',(1.492020505820E1,-7.738465644188E-2,
6.505458985992E-1));
#7553=CARTESIAN_POINT('',(1.495853034823E1,6.770481562775E-1,
7.207819037603E-1));
#7554=CARTESIAN_POINT('',(1.499685786764E1,1.402388047168E0,9.382931577006E-1));
#7555=CARTESIAN_POINT('',(1.503516162327E1,2.070066448895E0,1.294822292566E0));
#7556=CARTESIAN_POINT('',(1.507344624229E1,2.653778783518E0,1.776062239433E0));
#7557=CARTESIAN_POINT('',(1.511170998078E1,3.130575736098E0,2.362917643770E0));
#7558=CARTESIAN_POINT('',(1.514995887633E1,3.481796387586E0,3.032099724749E0));
#7559=CARTESIAN_POINT('',(1.518818392132E1,3.693640077309E0,3.757161158441E0));
#7560=CARTESIAN_POINT('',(1.522638847536E1,3.757915724634E0,4.509408710208E0));
#7561=CARTESIAN_POINT('',(1.526457559724E1,3.672260159776E0,5.259136109631E0));
#7562=CARTESIAN_POINT('',(1.530274879146E1,3.440218154140E0,5.976784272705E0));
#7563=CARTESIAN_POINT('',(1.534089876780E1,3.071033512575E0,6.634052335899E0));
#7564=CARTESIAN_POINT('',(1.537902842687E1,2.579433452262E0,7.205065773643E0));
#7565=CARTESIAN_POINT('',(1.541713854579E1,1.984947439958E0,7.667382985021E0));
#7566=CARTESIAN_POINT('',(1.545523815897E1,1.311139982713E0,8.002915427934E0));
#7567=CARTESIAN_POINT('',(1.549329507422E1,5.846354149164E-1,8.198400894970E0));
#7568=CARTESIAN_POINT('',(1.553135483730E1,-1.657813488092E-1,
8.246478055232E0));
#7569=CARTESIAN_POINT('',(1.556940183944E1,-9.105420962394E-1,
8.145316234349E0));
#7570=CARTESIAN_POINT('',(1.560741550018E1,-1.620230480797E0,7.898971021404E0));
#7571=CARTESIAN_POINT('',(1.564541753173E1,-2.266900633516E0,7.517395315429E0));
#7572=CARTESIAN_POINT('',(1.568339314989E1,-2.825072737027E0,7.015727452733E0));
#7573=CARTESIAN_POINT('',(1.572135648723E1,-3.272843188059E0,6.413921925451E0));
#7574=CARTESIAN_POINT('',(1.575929744472E1,-3.592627403099E0,5.735796617639E0));
#7575=CARTESIAN_POINT('',(1.579722638510E1,-3.771965552505E0,5.008194743503E0));
#7576=CARTESIAN_POINT('',(1.583512413875E1,-3.803855834969E0,4.259860564338E0));
#7577=CARTESIAN_POINT('',(1.587299799391E1,-3.687212410808E0,3.520367206080E0));
#7578=CARTESIAN_POINT('',(1.591087107529E1,-3.426852891953E0,2.818857442309E0));
#7579=CARTESIAN_POINT('',(1.594873192434E1,-3.033140801662E0,2.182959691394E0));
#7580=CARTESIAN_POINT('',(1.598655650024E1,-2.521688166975E0,1.637751247620E0));
#7581=CARTESIAN_POINT('',(1.602436927231E1,-1.912852497255E0,1.204617339102E0));
#7582=CARTESIAN_POINT('',(1.606216969156E1,-1.230729039437E0,
9.005324936559E-1));
#7583=CARTESIAN_POINT('',(1.609993301874E1,-5.022994136372E-1,
7.374344559708E-1));
#7584=CARTESIAN_POINT('',(1.613772479009E1,2.436483341159E-1,
7.214603006437E-1));
#7585=CARTESIAN_POINT('',(1.617543373328E1,9.776558926428E-1,
8.533746055428E-1));
#7586=CARTESIAN_POINT('',(1.621316993667E1,1.670793800197E0,1.127563276618E0));
#7587=CARTESIAN_POINT('',(1.625086741428E1,2.295727640810E0,1.533229525645E0));
#7588=CARTESIAN_POINT('',(1.628856058205E1,2.827891897189E0,2.054170772619E0));
#7589=CARTESIAN_POINT('',(1.632622412622E1,3.246343182792E0,2.669766934123E0));
#7590=CARTESIAN_POINT('',(1.636388396849E1,3.534721618652E0,3.355609518902E0));
#7591=CARTESIAN_POINT('',(1.640150622369E1,3.681704820211E0,4.084599165045E0));
#7592=CARTESIAN_POINT('',(1.643911554888E1,3.681673085826E0,4.827906405638E0));
#7593=CARTESIAN_POINT('',(1.647671870129E1,3.534778413795E0,5.556203438363E0));
#7594=CARTESIAN_POINT('',(1.651430990428E1,3.246934718563E0,6.240777206603E0));
#7595=CARTESIAN_POINT('',(1.655187136319E1,2.829602030782E0,6.854637039897E0));
#7596=CARTESIAN_POINT('',(1.658942306242E1,2.299388039437E0,7.373646978573E0));
#7597=CARTESIAN_POINT('',(1.662693375667E1,1.677311665139E0,7.777363615293E0));
#7598=CARTESIAN_POINT('',(1.666452790310E1,9.880158080706E-1,8.050171837932E0));
#7599=CARTESIAN_POINT('',(1.670170922478E1,2.586746432923E-1,8.180591203694E0));
#7600=CARTESIAN_POINT('',(1.673950310776E1,-4.817148715473E-1,
8.165313870303E0));
#7601=CARTESIAN_POINT('',(1.677689245683E1,-1.204122319260E0,8.003374678127E0));
#7602=CARTESIAN_POINT('',(1.681436289754E1,-1.879962587286E0,7.702107155257E0));
#7603=CARTESIAN_POINT('',(1.685178681614E1,-2.482632267043E0,7.273308563628E0));
#7604=CARTESIAN_POINT('',(1.688920496361E1,-2.988415727605E0,6.734073088784E0));
#7605=CARTESIAN_POINT('',(1.692659331846E1,-3.377422847149E0,6.105747522376E0));
#7606=CARTESIAN_POINT('',(1.696398982560E1,-3.634451630268E0,5.413227413779E0));
#7607=CARTESIAN_POINT('',(1.700135414899E1,-3.749421562636E0,4.683862420736E0));
#7608=CARTESIAN_POINT('',(1.703868129102E1,-3.717907208697E0,3.946482394583E0));
#7609=CARTESIAN_POINT('',(1.707600208269E1,-3.541323576323E0,3.230195663605E0));
#7610=CARTESIAN_POINT('',(1.711334954436E1,-3.226795498335E0,2.563210803354E0));
#7611=CARTESIAN_POINT('',(1.715065631244E1,-2.786759986056E0,1.971833418637E0));
#7612=CARTESIAN_POINT('',(1.718793432383E1,-2.238708856710E0,1.479344115872E0));
#7613=CARTESIAN_POINT('',(1.722521152976E1,-1.604382837777E0,1.105065713830E0));
#7614=CARTESIAN_POINT('',(1.726248776288E1,-9.088568108680E-1,
8.636635718536E-1));
#7615=CARTESIAN_POINT('',(1.729965110507E1,-1.796257062859E-1,
7.646918670125E-1));
#7616=CARTESIAN_POINT('',(1.733696239917E1,5.544910263954E-1,
8.116316053213E-1));
#7617=CARTESIAN_POINT('',(1.737414792430E1,1.264542216536E0,1.002838395101E0));
#7618=CARTESIAN_POINT('',(1.741135986741E1,1.922526175025E0,1.330474710898E0));
#7619=CARTESIAN_POINT('',(1.744853836258E1,2.502514333715E0,1.781574485009E0));
#7620=CARTESIAN_POINT('',(1.748570354599E1,2.981682677824E0,2.338216410682E0));
#7621=CARTESIAN_POINT('',(1.752287115221E1,3.341221750325E0,2.978351383655E0));
#7622=CARTESIAN_POINT('',(1.756000602675E1,3.567003007431E0,3.676676888632E0));
#7623=CARTESIAN_POINT('',(1.759711719640E1,3.650224595634E0,4.405579712736E0));
#7624=CARTESIAN_POINT('',(1.763422433340E1,3.587731247616E0,5.136272463917E0));
#7625=CARTESIAN_POINT('',(1.767134067004E1,3.382108547310E0,5.839934966310E0));
#7626=CARTESIAN_POINT('',(1.770842829486E1,3.041536687871E0,6.488815294846E0));
#7627=CARTESIAN_POINT('',(1.774549352316E1,2.579563990499E0,7.057342495244E0));
#7628=CARTESIAN_POINT('',(1.778255854644E1,2.014517524585E0,7.523157207769E0));
#7629=CARTESIAN_POINT('',(1.781958703601E1,1.368759414906E0,7.867923489042E0));
#7630=CARTESIAN_POINT('',(1.785668827769E1,6.678317604291E-1,8.078216469458E0));
#7631=CARTESIAN_POINT('',(1.789344975115E1,-6.058426486210E-2,
8.145475969750E0));
#7632=CARTESIAN_POINT('',(1.793073743533E1,-7.876971180623E-1,
8.067889395738E0));
#7633=CARTESIAN_POINT('',(1.796764146733E1,-1.484842351698E0,7.847837990381E0));
#7634=CARTESIAN_POINT('',(1.800465612720E1,-2.124526718043E0,7.494523371836E0));
#7635=CARTESIAN_POINT('',(1.804161078175E1,-2.681535833479E0,7.021834677196E0));
#7636=CARTESIAN_POINT('',(1.807857865192E1,-3.133961112642E0,6.448557315039E0));
#7637=CARTESIAN_POINT('',(1.811552144568E1,-3.464003215452E0,5.797353788081E0));
#7638=CARTESIAN_POINT('',(1.815247249268E1,-3.658737713402E0,5.093981716500E0));
#7639=CARTESIAN_POINT('',(1.818937133502E1,-3.710522732351E0,4.366217320245E0));
#7640=CARTESIAN_POINT('',(1.822624772439E1,-3.617426208945E0,3.642812581203E0));
#7641=CARTESIAN_POINT('',(1.826315732974E1,-3.383252675361E0,2.952298753123E0));
#7642=CARTESIAN_POINT('',(1.830008676900E1,-3.017310245249E0,2.321886280869E0));
#7643=CARTESIAN_POINT('',(1.833694680537E1,-2.534067198750E0,1.776451806799E0));
#7644=CARTESIAN_POINT('',(1.837382127568E1,-1.952712159656E0,1.337439897068E0));
#7645=CARTESIAN_POINT('',(1.841066585306E1,-1.296221174314E0,1.022131103872E0));
#7646=CARTESIAN_POINT('',(1.844751764079E1,-5.905574800057E-1,
8.428772694717E-1));
#7647=CARTESIAN_POINT('',(1.848436965822E1,1.364145368993E-1,
8.066772896999E-1));
#7648=CARTESIAN_POINT('',(1.852119329028E1,8.559952985264E-1,
9.148984469772E-1));
#7649=CARTESIAN_POINT('',(1.855800771110E1,1.539790742149E0,1.163179193476E0));
#7650=CARTESIAN_POINT('',(1.859480363037E1,2.160833862841E0,1.541650455679E0));
#7651=CARTESIAN_POINT('',(1.863160812346E1,2.694659927525E0,2.035296189528E0));
#7652=CARTESIAN_POINT('',(1.866837914135E1,3.120233051639E0,2.624592954524E0));
#7653=CARTESIAN_POINT('',(1.870517624770E1,3.420840764858E0,3.286218356424E0));
#7654=CARTESIAN_POINT('',(1.874192076796E1,3.584646504264E0,3.994047397327E0));
#7655=CARTESIAN_POINT('',(1.877866621606E1,3.605278839383E0,4.720107936306E0));
#7656=CARTESIAN_POINT('',(1.881542129210E1,3.481998623469E0,5.435745303200E0));
#7657=CARTESIAN_POINT('',(1.885217897430E1,3.219734059581E0,6.112728124740E0));
#7658=CARTESIAN_POINT('',(1.888890986580E1,2.828885309336E0,6.724353804792E0));
#7659=CARTESIAN_POINT('',(1.892562474412E1,2.324943407158E0,7.246513313725E0));
#7660=CARTESIAN_POINT('',(1.896235731307E1,1.727853082260E0,7.658654241815E0));
#7661=CARTESIAN_POINT('',(1.899901944666E1,1.061200584622E0,7.944525922191E0));
#7662=CARTESIAN_POINT('',(1.903581206E1,3.513575863587E-1,8.092982080992E0));
#7663=CARTESIAN_POINT('',(1.907254332223E1,-3.736912892605E-1,
8.098144179370E0));
#7664=CARTESIAN_POINT('',(1.910910960147E1,-1.085292017494E0,7.959824236197E0));
#7665=CARTESIAN_POINT('',(1.914583595658E1,-1.755382877827E0,7.683670296688E0));
#7666=CARTESIAN_POINT('',(1.918249072442E1,-2.357528174172E0,7.280540041566E0));
#7667=CARTESIAN_POINT('',(1.921916155639E1,-2.867995940066E0,6.766424678696E0));
#7668=CARTESIAN_POINT('',(1.925580146394E1,-3.266666464678E0,6.161640561840E0));
#7669=CARTESIAN_POINT('',(1.929248545335E1,-3.537867655117E0,5.490102691459E0));
#7670=CARTESIAN_POINT('',(1.932911873700E1,-3.670913257667E0,4.778317107737E0));
#7671=CARTESIAN_POINT('',(1.936570026818E1,-3.660596869523E0,4.054399478028E0));
#7672=CARTESIAN_POINT('',(1.940229631683E1,-3.507396280232E0,3.346928868763E0));
#7673=CARTESIAN_POINT('',(1.943897233178E1,-3.217421777790E0,2.683807325264E0));
#7674=CARTESIAN_POINT('',(1.947564322024E1,-2.802128439221E0,2.091189010753E0));
#7675=CARTESIAN_POINT('',(1.951221942826E1,-2.277926108272E0,1.592462431613E0));
#7676=CARTESIAN_POINT('',(1.954885304399E1,-1.665569897867E0,1.207258500259E0));
#7677=CARTESIAN_POINT('',(1.958544027647E1,-9.892301162464E-1,
9.507668717115E-1));
#7678=CARTESIAN_POINT('',(1.962207216890E1,-2.756292093767E-1,
8.330562971436E-1));
#7679=CARTESIAN_POINT('',(1.965867977989E1,4.470702634480E-1,
8.587523549792E-1));
#7680=CARTESIAN_POINT('',(1.969525869277E1,1.150339152828E0,1.026807029471E0));
#7681=CARTESIAN_POINT('',(1.973183078767E1,1.806424995900E0,1.330548224637E0));
#7682=CARTESIAN_POINT('',(1.976841707644E1,2.389447152349E0,1.757953377617E0));
#7683=CARTESIAN_POINT('',(1.980500748920E1,2.876412199031E0,2.292131020025E0));
#7684=CARTESIAN_POINT('',(1.984157196001E1,3.248116212469E0,2.911980442233E0));
#7685=CARTESIAN_POINT('',(1.987817417793E1,3.489920589426E0,3.593014029313E0));
#7686=CARTESIAN_POINT('',(1.991471391955E1,3.592290742112E0,4.308351934072E0));
#7687=CARTESIAN_POINT('',(1.995122892159E1,3.551215808529E0,5.029747468198E0));
#7688=CARTESIAN_POINT('',(1.998778109421E1,3.368350807341E0,5.728726488251E0));
#7689=CARTESIAN_POINT('',(2.002440764537E1,3.050938518117E0,6.377710698434E0));
#7690=CARTESIAN_POINT('',(2.006097382713E1,2.611505519146E0,6.951091450102E0));
#7691=CARTESIAN_POINT('',(2.009750199498E1,2.067418296656E0,7.426244447282E0));
#7692=CARTESIAN_POINT('',(2.013410796049E1,1.440172588203E0,7.784436378816E0));
#7693=CARTESIAN_POINT('',(2.017050958903E1,7.545162344675E-1,8.011521644910E0));
#7694=CARTESIAN_POINT('',(2.020752715191E1,3.756287548698E-2,8.098613433161E0));
#7695=CARTESIAN_POINT('',(2.024365032576E1,-6.824679821306E-1,
8.042170343254E0));
#7696=CARTESIAN_POINT('',(2.028029069377E1,-1.377081341348E0,7.844540337638E0));
#7697=CARTESIAN_POINT('',(2.031682599430E1,-2.018897410398E0,7.513484629212E0));
#7698=CARTESIAN_POINT('',(2.035337250190E1,-2.582578771618E0,7.062086884362E0));
#7699=CARTESIAN_POINT('',(2.038990573942E1,-3.045882174534E0,6.508167348845E0));
#7700=CARTESIAN_POINT('',(2.042646608764E1,-3.390523810127E0,5.873595853404E0));
#7701=CARTESIAN_POINT('',(2.046299654183E1,-3.602903737372E0,5.183416064956E0));
#7702=CARTESIAN_POINT('',(2.049773918441E1,-3.671101245916E0,4.500332431831E0));
#7703=CARTESIAN_POINT('',(2.052029893782E1,-3.633371087386E0,4.056747363198E0));
#7704=CARTESIAN_POINT('',(2.053070179823E1,-3.598364218376E0,3.855600497882E0));
#7705=CARTESIAN_POINT('',(1.201883731282E1,-3.963776283813E0,5.147596830588E0));
#7706=CARTESIAN_POINT('',(1.203043853043E1,-4.003326085232E0,4.923150397619E0));
#7707=CARTESIAN_POINT('',(1.205545787677E1,-4.045669773183E0,4.431217700410E0));
#7708=CARTESIAN_POINT('',(1.209390514990E1,-3.970189585570E0,3.675240771005E0));
#7709=CARTESIAN_POINT('',(1.213419355975E1,-3.736017160282E0,2.914257371965E0));
#7710=CARTESIAN_POINT('',(1.217451020658E1,-3.356065202776E0,2.214703136546E0));
#7711=CARTESIAN_POINT('',(1.221475786661E1,-2.845397926683E0,1.604149860452E0));
#7712=CARTESIAN_POINT('',(1.225505311280E1,-2.224187733713E0,1.106700963332E0));
#7713=CARTESIAN_POINT('',(1.229530775751E1,-1.517008665601E0,
7.419338416728E-1));
#7714=CARTESIAN_POINT('',(1.233558835826E1,-7.517952191051E-1,
5.242259523407E-1));
#7715=CARTESIAN_POINT('',(1.237583942960E1,4.122013463807E-2,
4.621031209963E-1));
#7716=CARTESIAN_POINT('',(1.241603862454E1,8.307368088637E-1,
5.579554102760E-1));
#7717=CARTESIAN_POINT('',(1.245630533252E1,1.585573879145E0,8.079893227542E-1));
#7718=CARTESIAN_POINT('',(1.249654423303E1,2.275955203070E0,1.202242356601E0));
#7719=CARTESIAN_POINT('',(1.253676206953E1,2.874658167105E0,1.725104303829E0));
#7720=CARTESIAN_POINT('',(1.257699430398E1,3.358070571322E0,2.355895353064E0));
#7721=CARTESIAN_POINT('',(1.261718941435E1,3.707175501966E0,3.069664719842E0));
#7722=CARTESIAN_POINT('',(1.265741184330E1,3.908218441833E0,3.838213767649E0));
#7723=CARTESIAN_POINT('',(1.269760702447E1,3.953347262898E0,4.631175825718E0));
#7724=CARTESIAN_POINT('',(1.273778456110E1,3.840841366474E0,5.417246661882E0));
#7725=CARTESIAN_POINT('',(1.277796643496E1,3.575197844557E0,6.165396307647E0));
#7726=CARTESIAN_POINT('',(1.281812822327E1,3.166978641745E0,6.846115399878E0));
#7727=CARTESIAN_POINT('',(1.285829471670E1,2.632351102017E0,7.432555709578E0));
#7728=CARTESIAN_POINT('',(1.289843235098E1,1.992482287700E0,7.901626584695E0));
#7729=CARTESIAN_POINT('',(1.293861763693E1,1.272668118826E0,8.234825730103E0));
#7730=CARTESIAN_POINT('',(1.297865905898E1,5.013731987301E-1,8.419170386340E0));
#7731=CARTESIAN_POINT('',(1.301885022355E1,-2.909515160918E-1,
8.447291123203E0));
#7732=CARTESIAN_POINT('',(1.305893995421E1,-1.073010849043E0,8.318294710176E0));
#7733=CARTESIAN_POINT('',(1.309903781524E1,-1.813948684601E0,8.037286857092E0));
#7734=CARTESIAN_POINT('',(1.313914040489E1,-2.484527776405E0,7.615439538050E0));
#7735=CARTESIAN_POINT('',(1.317921144092E1,-3.058333445937E0,7.069490878625E0));
#7736=CARTESIAN_POINT('',(1.321929542095E1,-3.512745221636E0,6.421036844293E0));
#7737=CARTESIAN_POINT('',(1.325933923108E1,-3.829920175507E0,5.695740956281E0));
#7738=CARTESIAN_POINT('',(1.329941140039E1,-3.997369870280E0,4.922258257972E0));
#7739=CARTESIAN_POINT('',(1.333946169717E1,-4.008597492984E0,4.131157611131E0));
#7740=CARTESIAN_POINT('',(1.337948241496E1,-3.863252976965E0,3.353664374723E0));
#7741=CARTESIAN_POINT('',(1.341948566356E1,-3.567150300700E0,2.620454657485E0));
#7742=CARTESIAN_POINT('',(1.345949335246E1,-3.132048438632E0,1.960452616208E0));
#7743=CARTESIAN_POINT('',(1.349948966988E1,-2.575210585385E0,1.399662363042E0));
#7744=CARTESIAN_POINT('',(1.353947289375E1,-1.918689852749E0,
9.601592175849E-1));
#7745=CARTESIAN_POINT('',(1.357942560997E1,-1.188447583258E0,
6.592010865852E-1));
#7746=CARTESIAN_POINT('',(1.361950034916E1,-4.133597907426E-1,
5.087101207140E-1));
#7747=CARTESIAN_POINT('',(1.365928881485E1,3.759642833959E-1,
5.142042653502E-1));
#7748=CARTESIAN_POINT('',(1.369928859714E1,1.148351133168E0,6.757715965655E-1));
#7749=CARTESIAN_POINT('',(1.373918465638E1,1.873342545304E0,9.866848723362E-1));
#7750=CARTESIAN_POINT('',(1.377910220821E1,2.522338956644E0,1.434678420372E0));
#7751=CARTESIAN_POINT('',(1.381899145848E1,3.069787454047E0,2.001947236307E0));
#7752=CARTESIAN_POINT('',(1.385888774785E1,3.494125429206E0,2.666043598419E0));
#7753=CARTESIAN_POINT('',(1.389873125003E1,3.778734832348E0,3.400673929963E0));
#7754=CARTESIAN_POINT('',(1.393860006928E1,3.912408251165E0,4.176823983240E0));
#7755=CARTESIAN_POINT('',(1.397848727778E1,3.889970931933E0,4.963807239725E0));
#7756=CARTESIAN_POINT('',(1.401834056271E1,3.712467968676E0,5.730555112974E0));
#7757=CARTESIAN_POINT('',(1.405811466497E1,3.387049217903E0,6.446862680920E0));
#7758=CARTESIAN_POINT('',(1.409788632107E1,2.926579941942E0,7.084478970646E0));
#7759=CARTESIAN_POINT('',(1.413770167004E1,2.349306512506E0,7.618237679147E0));
#7760=CARTESIAN_POINT('',(1.417745962188E1,1.678162667324E0,8.027225411996E0));
#7761=CARTESIAN_POINT('',(1.421722413544E1,9.396613068989E-1,8.295337613181E0));
#7762=CARTESIAN_POINT('',(1.425696667801E1,1.630127686889E-1,8.412118409836E0));
#7763=CARTESIAN_POINT('',(1.429669343081E1,-6.211098588462E-1,
8.373063961609E0));
#7764=CARTESIAN_POINT('',(1.433640200573E1,-1.381758562393E0,8.179830413953E0));
#7765=CARTESIAN_POINT('',(1.437611890898E1,-2.088913911448E0,7.840130370080E0));
#7766=CARTESIAN_POINT('',(1.441580324876E1,-2.714727445389E0,7.367523114409E0));
#7767=CARTESIAN_POINT('',(1.445546883193E1,-3.234562348584E0,6.780740284523E0));
#7768=CARTESIAN_POINT('',(1.449513065889E1,-3.627964111555E0,6.103019356340E0));
#7769=CARTESIAN_POINT('',(1.453475544397E1,-3.879543881133E0,5.361188215038E0));
#7770=CARTESIAN_POINT('',(1.457440224604E1,-3.979408232747E0,4.584555351167E0));
#7771=CARTESIAN_POINT('',(1.461404380814E1,-3.923764891100E0,3.803825364659E0));
#7772=CARTESIAN_POINT('',(1.465364238378E1,-3.714986214764E0,3.049800440216E0));
#7773=CARTESIAN_POINT('',(1.469318107286E1,-3.361445798706E0,2.352172899859E0));
#7774=CARTESIAN_POINT('',(1.473274471131E1,-2.877103090227E0,1.738485374252E0));
#7775=CARTESIAN_POINT('',(1.477230294146E1,-2.281231557140E0,1.232889883619E0));
#7776=CARTESIAN_POINT('',(1.481181453395E1,-1.597445225197E0,
8.551870532310E-1));
#7777=CARTESIAN_POINT('',(1.485140180310E1,-8.527843603596E-1,
6.203645805821E-1));
#7778=CARTESIAN_POINT('',(1.489070872442E1,-7.670092862206E-2,
5.370224432861E-1));
#7779=CARTESIAN_POINT('',(1.493035800441E1,7.001591415143E-1,
6.092868098894E-1));
#7780=CARTESIAN_POINT('',(1.496978241768E1,1.447140678544E0,8.332979433181E-1));
#7781=CARTESIAN_POINT('',(1.500923770002E1,2.134794920797E0,1.200488965679E0));
#7782=CARTESIAN_POINT('',(1.504867063211E1,2.736022369356E0,1.696164919958E0));
#7783=CARTESIAN_POINT('',(1.508809455103E1,3.227167114698E0,2.300671666233E0));
#7784=CARTESIAN_POINT('',(1.512748183836E1,3.588980867797E0,2.990038790395E0));
#7785=CARTESIAN_POINT('',(1.516687239485E1,3.807234728854E0,3.737021711827E0));
#7786=CARTESIAN_POINT('',(1.520624812190E1,3.873464266720E0,4.512068826519E0));
#7787=CARTESIAN_POINT('',(1.524559913023E1,3.785209821998E0,5.284573163991E0));
#7788=CARTESIAN_POINT('',(1.528491790096E1,3.546101941875E0,6.024070865787E0));
#7789=CARTESIAN_POINT('',(1.532423225128E1,3.165656411332E0,6.701391792714E0));
#7790=CARTESIAN_POINT('',(1.536353194024E1,2.659031646501E0,7.289861777168E0));
#7791=CARTESIAN_POINT('',(1.540281405438E1,2.046341131594E0,7.766339816660E0));
#7792=CARTESIAN_POINT('',(1.544206141117E1,1.351861024905E0,8.112164820986E0));
#7793=CARTESIAN_POINT('',(1.548133871934E1,6.030363126829E-1,8.313666300412E0));
#7794=CARTESIAN_POINT('',(1.552055298676E1,-1.704783068741E-1,
8.363222535991E0));
#7795=CARTESIAN_POINT('',(1.555974193904E1,-9.381944361612E-1,
8.258939984186E0));
#7796=CARTESIAN_POINT('',(1.559893800836E1,-1.669785725110E0,8.004994680290E0));
#7797=CARTESIAN_POINT('',(1.563810456632E1,-2.336438774042E0,7.611628119703E0));
#7798=CARTESIAN_POINT('',(1.567726450794E1,-2.911879175753E0,7.094443045051E0));
#7799=CARTESIAN_POINT('',(1.571639710628E1,-3.373516422037E0,6.474001386991E0));
#7800=CARTESIAN_POINT('',(1.575551650510E1,-3.703213583240E0,5.774857768369E0));
#7801=CARTESIAN_POINT('',(1.579460995602E1,-3.888115101458E0,5.024684403041E0));
#7802=CARTESIAN_POINT('',(1.583369979402E1,-3.920997113307E0,4.253120510402E0));
#7803=CARTESIAN_POINT('',(1.587277518105E1,-3.800732641845E0,3.490657443972E0));
#7804=CARTESIAN_POINT('',(1.591181362951E1,-3.532281318125E0,2.767345213314E0));
#7805=CARTESIAN_POINT('',(1.595082931532E1,-3.126327520177E0,2.111676164293E0));
#7806=CARTESIAN_POINT('',(1.598984271769E1,-2.598969505410E0,1.549511719963E0));
#7807=CARTESIAN_POINT('',(1.602883126812E1,-1.971195237358E0,1.102904430998E0));
#7808=CARTESIAN_POINT('',(1.606779746218E1,-1.267850930360E0,
7.893595132964E-1));
#7809=CARTESIAN_POINT('',(1.610675782312E1,-5.167617205531E-1,
6.211881090070E-1));
#7810=CARTESIAN_POINT('',(1.614566877639E1,2.523919994926E-1,
6.047163035028E-1));
#7811=CARTESIAN_POINT('',(1.618460307896E1,1.009223377726E0,7.407341626072E-1));
#7812=CARTESIAN_POINT('',(1.622348973894E1,1.723911140550E0,1.023447037383E0));
#7813=CARTESIAN_POINT('',(1.626237014331E1,2.368264025416E0,1.441720128774E0));
#7814=CARTESIAN_POINT('',(1.630122419403E1,2.916956972248E0,1.978841674892E0));
#7815=CARTESIAN_POINT('',(1.634006522881E1,3.348395262430E0,2.613545787929E0));
#7816=CARTESIAN_POINT('',(1.637888095393E1,3.645718345719E0,3.320661141312E0));
#7817=CARTESIAN_POINT('',(1.641768618164E1,3.797253903058E0,4.072241793019E0));
#7818=CARTESIAN_POINT('',(1.645646966019E1,3.797219044217E0,4.838561142935E0));
#7819=CARTESIAN_POINT('',(1.649522988328E1,3.645780733428E0,5.589382254427E0));
#7820=CARTESIAN_POINT('',(1.653396976949E1,3.349044984012E0,6.295104006454E0));
#7821=CARTESIAN_POINT('',(1.657269427663E1,2.918835364294E0,6.927901228855E0));
#7822=CARTESIAN_POINT('',(1.661139806949E1,2.372284364801E0,7.462901233425E0));
#7823=CARTESIAN_POINT('',(1.665008665068E1,1.731070983750E0,7.879031713129E0));
#7824=CARTESIAN_POINT('',(1.668873834426E1,1.020599422487E0,8.160234795271E0));
#7825=CARTESIAN_POINT('',(1.672744123991E1,2.689091888744E-1,8.294582503748E0));
#7826=CARTESIAN_POINT('',(1.676601239858E1,-4.941544563170E-1,
8.278903706474E0));
#7827=CARTESIAN_POINT('',(1.680463396718E1,-1.238626264489E0,8.111999315235E0));
#7828=CARTESIAN_POINT('',(1.684321869372E1,-1.935070069276E0,7.801550367981E0));
#7829=CARTESIAN_POINT('',(1.688178923847E1,-2.556071016799E0,7.359704351662E0));
#7830=CARTESIAN_POINT('',(1.692033891501E1,-3.077204386402E0,6.804101071251E0));
#7831=CARTESIAN_POINT('',(1.695887018304E1,-3.477985582380E0,6.156748151525E0));
#7832=CARTESIAN_POINT('',(1.699738074314E1,-3.742778791241E0,5.443310883769E0));
#7833=CARTESIAN_POINT('',(1.703587299814E1,-3.861208939874E0,4.691972013705E0));
#7834=CARTESIAN_POINT('',(1.707434570639E1,-3.828738210052E0,3.932439891091E0));
#7835=CARTESIAN_POINT('',(1.711279809434E1,-3.646858199565E0,3.194698243816E0));
#7836=CARTESIAN_POINT('',(1.715123220273E1,-3.322939375018E0,2.507787465647E0));
#7837=CARTESIAN_POINT('',(1.718964685337E1,-2.869797425701E0,1.898799934386E0));
#7838=CARTESIAN_POINT('',(1.722804120722E1,-2.305473414721E0,1.391696515923E0));
#7839=CARTESIAN_POINT('',(1.726641680756E1,-1.652379325588E0,1.006346479761E0));
#7840=CARTESIAN_POINT('',(1.730477518942E1,-9.363425219925E-1,
7.578237143036E-1));
#7841=CARTESIAN_POINT('',(1.734310329135E1,-1.856876820675E-1,
6.559735834078E-1));
#7842=CARTESIAN_POINT('',(1.738143007879E1,5.699231468616E-1,
7.042643714530E-1));
#7843=CARTESIAN_POINT('',(1.741972513249E1,1.300679704625E0,9.010602600148E-1));
#7844=CARTESIAN_POINT('',(1.745800580223E1,1.977778224142E0,1.238214230742E0));
#7845=CARTESIAN_POINT('',(1.749626476096E1,2.574544313144E0,1.702371128472E0));
#7846=CARTESIAN_POINT('',(1.753450428072E1,3.067514287376E0,2.275055238230E0));
#7847=CARTESIAN_POINT('',(1.757272772424E1,3.437368982655E0,2.933556727267E0));
#7848=CARTESIAN_POINT('',(1.761092856423E1,3.669593150631E0,3.651832111970E0));
#7849=CARTESIAN_POINT('',(1.764910788270E1,3.755170505955E0,4.401461384996E0));
#7850=CARTESIAN_POINT('',(1.768726979395E1,3.690901641769E0,5.152831913289E0));
#7851=CARTESIAN_POINT('',(1.772541797428E1,3.479488613573E0,5.876314489658E0));
#7852=CARTESIAN_POINT('',(1.776354377305E1,3.129366923217E0,6.543380100687E0));
#7853=CARTESIAN_POINT('',(1.780164803437E1,2.654506118750E0,7.127755778993E0));
#7854=CARTESIAN_POINT('',(1.783973690064E1,2.073781463802E0,7.606490722170E0));
#7855=CARTESIAN_POINT('',(1.787779968573E1,1.410203175284E0,7.960758485847E0));
#7856=CARTESIAN_POINT('',(1.791586972128E1,6.900358881946E-1,8.176844189885E0));
#7857=CARTESIAN_POINT('',(1.795382108226E1,-5.824704779544E-2,
8.245830850178E0));
#7858=CARTESIAN_POINT('',(1.799191820283E1,-8.051002078112E-1,
8.166244559462E0));
#7859=CARTESIAN_POINT('',(1.802988291725E1,-1.521041586794E0,7.940216636131E0));
#7860=CARTESIAN_POINT('',(1.806786693038E1,-2.177876153224E0,7.577436704126E0));
#7861=CARTESIAN_POINT('',(1.810581704457E1,-2.749719107222E0,7.092144087354E0));
#7862=CARTESIAN_POINT('',(1.814375689035E1,-3.214120245667E0,6.503688003876E0));
#7863=CARTESIAN_POINT('',(1.818167361285E1,-3.552836880868E0,5.835352327320E0));
#7864=CARTESIAN_POINT('',(1.821957920104E1,-3.752660508700E0,5.113600846135E0));
#7865=CARTESIAN_POINT('',(1.825745121849E1,-3.805772766374E0,4.366948082466E0));
#7866=CARTESIAN_POINT('',(1.829529986780E1,-3.710256046985E0,3.624907145682E0));
#7867=CARTESIAN_POINT('',(1.833314722907E1,-3.470090012508E0,2.916729693040E0));
#7868=CARTESIAN_POINT('',(1.837098937881E1,-3.094861094918E0,2.270297217760E0));
#7869=CARTESIAN_POINT('',(1.840878958142E1,-2.599423284808E0,1.711120494515E0));
#7870=CARTESIAN_POINT('',(1.844658196514E1,-2.003520372368E0,1.261127364028E0));
#7871=CARTESIAN_POINT('',(1.848434808330E1,-1.330726324137E0,
9.380018050393E-1));
#7872=CARTESIAN_POINT('',(1.852210370461E1,-6.076829424123E-1,
7.543376397365E-1));
#7873=CARTESIAN_POINT('',(1.855984632460E1,1.370494597701E-1,
7.172528893850E-1));
#7874=CARTESIAN_POINT('',(1.859756296051E1,8.740631772212E-1,
8.281039526872E-1));
#7875=CARTESIAN_POINT('',(1.863526211721E1,1.574282483316E0,1.082356454395E0));
#7876=CARTESIAN_POINT('',(1.867293936237E1,2.210108326391E0,1.469850245161E0));
#7877=CARTESIAN_POINT('',(1.871060765994E1,2.756532230864E0,1.975150521099E0));
#7878=CARTESIAN_POINT('',(1.874824670561E1,3.192046932436E0,2.578238448853E0));
#7879=CARTESIAN_POINT('',(1.878588569448E1,3.499622635084E0,3.255195993603E0));
#7880=CARTESIAN_POINT('',(1.882348570070E1,3.667170309718E0,3.979277837274E0));
#7881=CARTESIAN_POINT('',(1.886107298020E1,3.688257288101E0,4.721842184558E0));
#7882=CARTESIAN_POINT('',(1.889865245200E1,3.562197148811E0,5.453585410531E0));
#7883=CARTESIAN_POINT('',(1.893622084123E1,3.294088404372E0,6.145653761682E0));
#7884=CARTESIAN_POINT('',(1.897376266835E1,2.894611285708E0,6.770764639068E0));
#7885=CARTESIAN_POINT('',(1.901128318030E1,2.379663420596E0,7.304309688298E0));
#7886=CARTESIAN_POINT('',(1.904880105331E1,1.769679847184E0,7.725349338189E0));
#7887=CARTESIAN_POINT('',(1.908626739790E1,1.088782899527E0,8.017295497673E0));
#7888=CARTESIAN_POINT('',(1.912379418538E1,3.639588140610E-1,8.168923206431E0));
#7889=CARTESIAN_POINT('',(1.916127568082E1,-3.762399785605E-1,
8.174203310497E0));
#7890=CARTESIAN_POINT('',(1.919864975857E1,-1.102509048617E0,8.032962276114E0));
#7891=CARTESIAN_POINT('',(1.923610343240E1,-1.786264962309E0,7.751193011390E0));
#7892=CARTESIAN_POINT('',(1.927350367254E1,-2.400530014160E0,7.339928551774E0));
#7893=CARTESIAN_POINT('',(1.931090108699E1,-2.921146858381E0,6.815582900159E0));
#7894=CARTESIAN_POINT('',(1.934826788210E1,-3.327630956712E0,6.198913047309E0));
#7895=CARTESIAN_POINT('',(1.938564938677E1,-3.604096409749E0,5.514360526371E0));
#7896=CARTESIAN_POINT('',(1.942298827409E1,-3.739672544552E0,4.788953992551E0));
#7897=CARTESIAN_POINT('',(1.946028271106E1,-3.729122137389E0,4.051379916867E0));
#7898=CARTESIAN_POINT('',(1.949757351211E1,-3.573044927968E0,3.330760354184E0));
#7899=CARTESIAN_POINT('',(1.953490298108E1,-3.277769086149E0,2.655473921667E0));
#7900=CARTESIAN_POINT('',(1.957221831317E1,-2.854979013920E0,2.052129137023E0));
#7901=CARTESIAN_POINT('',(1.960946083957E1,-2.321418563174E0,1.544541371891E0));
#7902=CARTESIAN_POINT('',(1.964672876096E1,-1.698321278147E0,1.152578311449E0));
#7903=CARTESIAN_POINT('',(1.968395461368E1,-1.010292875940E0,
8.916747242715E-1));
#7904=CARTESIAN_POINT('',(1.972119835452E1,-2.845622023725E-1,
7.719566248625E-1));
#7905=CARTESIAN_POINT('',(1.975841461293E1,4.502285308782E-1,
7.980863419079E-1));
#7906=CARTESIAN_POINT('',(1.979559980977E1,1.165063948758E0,9.689226907700E-1));
#7907=CARTESIAN_POINT('',(1.983276853476E1,1.831751399316E0,1.277592567164E0));
#7908=CARTESIAN_POINT('',(1.986993533042E1,2.424032386969E0,1.711795947192E0));
#7909=CARTESIAN_POINT('',(1.990709360398E1,2.918596053711E0,2.254315642983E0));
#7910=CARTESIAN_POINT('',(1.994422210657E1,3.295982118857E0,2.883672538940E0));
#7911=CARTESIAN_POINT('',(1.998136589364E1,3.541429409882E0,3.574948754643E0));
#7912=CARTESIAN_POINT('',(2.001845384334E1,3.645283689388E0,4.300846980735E0));
#7913=CARTESIAN_POINT('',(2.005551192098E1,3.603575508032E0,5.032670600302E0));
#7914=CARTESIAN_POINT('',(2.009258494013E1,3.418104874798E0,5.741543345971E0));
#7915=CARTESIAN_POINT('',(2.012970127685E1,3.096311631200E0,6.399545674958E0));
#7916=CARTESIAN_POINT('',(2.016676244672E1,2.650899357720E0,6.980717439768E0));
#7917=CARTESIAN_POINT('',(2.020378345475E1,2.099566209372E0,7.462164877019E0));
#7918=CARTESIAN_POINT('',(2.024085207381E1,1.464167502657E0,7.825031377746E0));
#7919=CARTESIAN_POINT('',(2.027775342829E1,7.697954509963E-1,8.054905511254E0));
#7920=CARTESIAN_POINT('',(2.031511445145E1,4.395437013603E-2,8.143332053454E0));
#7921=CARTESIAN_POINT('',(2.035177991192E1,-6.847920340222E-1,
8.085952806711E0));
#7922=CARTESIAN_POINT('',(2.038882948177E1,-1.387593648148E0,7.886033942689E0));
#7923=CARTESIAN_POINT('',(2.042578778489E1,-2.036787856432E0,7.551155483435E0));
#7924=CARTESIAN_POINT('',(2.046274299217E1,-2.606769600813E0,7.094697720732E0));
#7925=CARTESIAN_POINT('',(2.049967642124E1,-3.075103019958E0,6.534737541326E0));
#7926=CARTESIAN_POINT('',(2.053662014270E1,-3.423389191874E0,5.893451772351E0));
#7927=CARTESIAN_POINT('',(2.057352850178E1,-3.637932631856E0,5.196176800811E0));
#7928=CARTESIAN_POINT('',(2.060861719112E1,-3.706800476286E0,4.506288242611E0));
#7929=CARTESIAN_POINT('',(2.063139431801E1,-3.668699410771E0,4.058411793475E0));
#7930=CARTESIAN_POINT('',(2.064187873754E1,-3.633356531940E0,3.855346082222E0));
#7931=CARTESIAN_POINT('',(1.191088196082E1,-3.921804933529E0,5.134748484866E0));
#7932=CARTESIAN_POINT('',(1.192232223104E1,-3.960922966559E0,4.912749718793E0));
#7933=CARTESIAN_POINT('',(1.194706960348E1,-4.002814806266E0,4.426126543089E0));
#7934=CARTESIAN_POINT('',(1.198511267707E1,-3.928139943515E0,3.678114405533E0));
#7935=CARTESIAN_POINT('',(1.202498825964E1,-3.696379382567E0,2.924940206922E0));
#7936=CARTESIAN_POINT('',(1.206489615698E1,-3.320246272270E0,2.232356858106E0));
#7937=CARTESIAN_POINT('',(1.210475983275E1,-2.814530684308E0,1.627737943394E0));
#7938=CARTESIAN_POINT('',(1.214467082139E1,-2.199195532385E0,1.134963770978E0));
#7939=CARTESIAN_POINT('',(1.218455964664E1,-1.498491133847E0,
7.735331080037E-1));
#7940=CARTESIAN_POINT('',(1.222447915203E1,-7.400754268189E-1,
5.577354495361E-1));
#7941=CARTESIAN_POINT('',(1.226438518515E1,4.612784505003E-2,
4.961375746528E-1));
#7942=CARTESIAN_POINT('',(1.230425880450E1,8.290756247805E-1,
5.912122996525E-1));
#7943=CARTESIAN_POINT('',(1.234419742102E1,1.577854969053E0,8.392106812243E-1));
#7944=CARTESIAN_POINT('',(1.238412368895E1,2.262895480218E0,1.230396656955E0));
#7945=CARTESIAN_POINT('',(1.242404259326E1,2.857132405028E0,1.749350375843E0));
#7946=CARTESIAN_POINT('',(1.246398381125E1,3.337090490162E0,2.375600748234E0));
#7947=CARTESIAN_POINT('',(1.250390414026E1,3.683789863839E0,3.084448594027E0));
#7948=CARTESIAN_POINT('',(1.254385785882E1,3.883528015927E0,3.847913010685E0));
#7949=CARTESIAN_POINT('',(1.258379899827E1,3.928383954038E0,4.635865697194E0));
#7950=CARTESIAN_POINT('',(1.262373532708E1,3.816562402144E0,5.417196478393E0));
#7951=CARTESIAN_POINT('',(1.266368587808E1,3.552457797681E0,6.161055209866E0));
#7952=CARTESIAN_POINT('',(1.270362947478E1,3.146470815127E0,6.838065900696E0));
#7953=CARTESIAN_POINT('',(1.274358782853E1,2.614614469350E0,7.421489972135E0));
#7954=CARTESIAN_POINT('',(1.278353120578E1,1.977867196980E0,7.888276621433E0));
#7955=CARTESIAN_POINT('',(1.282352803722E1,1.261362608550E0,8.219989516833E0));
#7956=CARTESIAN_POINT('',(1.286340654417E1,4.933663634996E-1,8.403493313349E0));
#7957=CARTESIAN_POINT('',(1.290343042389E1,-2.957844761156E-1,
8.431560813381E0));
#7958=CARTESIAN_POINT('',(1.294337384899E1,-1.074951222525E0,8.303037779658E0));
#7959=CARTESIAN_POINT('',(1.298333516832E1,-1.813362038829E0,8.022996754762E0));
#7960=CARTESIAN_POINT('',(1.302331204561E1,-2.481861914087E0,7.602480030418E0));
#7961=CARTESIAN_POINT('',(1.306327069434E1,-3.054050333485E0,7.058075338526E0));
#7962=CARTESIAN_POINT('',(1.310325262826E1,-3.507330628483E0,6.411271720970E0));
#7963=CARTESIAN_POINT('',(1.314320794956E1,-3.823796656216E0,5.687594965543E0));
#7964=CARTESIAN_POINT('',(1.318320142324E1,-3.990949102018E0,4.915617203988E0));
#7965=CARTESIAN_POINT('',(1.322318575704E1,-4.002178696492E0,4.125810893607E0));
#7966=CARTESIAN_POINT('',(1.326315309811E1,-3.857034879071E0,3.349358105375E0));
#7967=CARTESIAN_POINT('',(1.330311483519E1,-3.561243342415E0,2.616915139408E0));
#7968=CARTESIAN_POINT('',(1.334309245631E1,-3.126479129098E0,1.957401142027E0));
#7969=CARTESIAN_POINT('',(1.338307062380E1,-2.569903453687E0,1.396855003568E0));
#7970=CARTESIAN_POINT('',(1.342304779551E1,-1.913488785980E0,
9.574085506631E-1));
#7971=CARTESIAN_POINT('',(1.346300573925E1,-1.183149167285E0,
6.564112826092E-1));
#7972=CARTESIAN_POINT('',(1.350310015816E1,-4.077266487019E-1,
5.057500054392E-1));
#7973=CARTESIAN_POINT('',(1.354291525816E1,3.821850736514E-1,
5.113608870470E-1));
#7974=CARTESIAN_POINT('',(1.358295774211E1,1.155375010539E0,6.730318120873E-1));
#7975=CARTESIAN_POINT('',(1.362290637004E1,1.881334604574E0,9.843680545954E-1));
#7976=CARTESIAN_POINT('',(1.366288929741E1,2.531398014367E0,1.433076020602E0));
#7977=CARTESIAN_POINT('',(1.370285515976E1,3.079907463766E0,2.001434204804E0));
#7978=CARTESIAN_POINT('',(1.374284118124E1,3.505210237116E0,2.666998300692E0));
#7979=CARTESIAN_POINT('',(1.378278350113E1,3.790528899643E0,3.403487549472E0));
#7980=CARTESIAN_POINT('',(1.382276559021E1,3.924600497451E0,4.181820569679E0));
#7981=CARTESIAN_POINT('',(1.386278128341E1,3.902143179779E0,4.971263966495E0));
#7982=CARTESIAN_POINT('',(1.390277381415E1,3.724062668973E0,5.740652674137E0));
#7983=CARTESIAN_POINT('',(1.394269190117E1,3.397407748003E0,6.459621803095E0));
#7984=CARTESIAN_POINT('',(1.398261958929E1,2.935078710151E0,7.099787197217E0));
#7985=CARTESIAN_POINT('',(1.402261008333E1,2.355339794988E0,7.635874228911E0));
#7986=CARTESIAN_POINT('',(1.406254930344E1,1.681098416808E0,8.046746777341E0));
#7987=CARTESIAN_POINT('',(1.410250958383E1,9.389792169680E-1,8.316188981329E0));
#7988=CARTESIAN_POINT('',(1.414245854203E1,1.582895476402E-1,8.433586682470E0));
#7989=CARTESIAN_POINT('',(1.418240309580E1,-6.301463688276E-1,
8.394324854312E0));
#7990=CARTESIAN_POINT('',(1.422234030083E1,-1.395202875602E0,8.199975908738E0));
#7991=CARTESIAN_POINT('',(1.426230196688E1,-2.106676277153E0,7.858230217868E0));
#7992=CARTESIAN_POINT('',(1.430223939837E1,-2.736494083913E0,7.382610616547E0));
#7993=CARTESIAN_POINT('',(1.434216862377E1,-3.259805919932E0,6.791911245285E0));
#7994=CARTESIAN_POINT('',(1.438210832209E1,-3.655966522914E0,6.109470006742E0));
#7995=CARTESIAN_POINT('',(1.442201710873E1,-3.909370076711E0,5.362245326034E0));
#7996=CARTESIAN_POINT('',(1.446196870648E1,-4.010020732563E0,4.579745803837E0));
#7997=CARTESIAN_POINT('',(1.450193015881E1,-3.953982974106E0,3.792874456261E0));
#7998=CARTESIAN_POINT('',(1.454185314687E1,-3.743514889501E0,3.032690060409E0));
#7999=CARTESIAN_POINT('',(1.458171403145E1,-3.386960765348E0,2.329183390882E0));
#8000=CARTESIAN_POINT('',(1.462162286985E1,-2.898399760586E0,1.710132891206E0));
#8001=CARTESIAN_POINT('',(1.466154173108E1,-2.297162544997E0,1.199956047374E0));
#8002=CARTESIAN_POINT('',(1.470141399275E1,-1.607010028291E0,
8.187467660043E-1));
#8003=CARTESIAN_POINT('',(1.474140787230E1,-8.552092618062E-1,
5.815812274540E-1));
#8004=CARTESIAN_POINT('',(1.478103208126E1,-7.143859715624E-2,
4.976125955452E-1));
#8005=CARTESIAN_POINT('',(1.482114698742E1,7.133230925237E-1,
5.704198843224E-1));
#8006=CARTESIAN_POINT('',(1.486096842319E1,1.468128458803E0,7.968108931105E-1));
#8007=CARTESIAN_POINT('',(1.490084960634E1,2.163177456241E0,1.167933712530E0));
#8008=CARTESIAN_POINT('',(1.494071768011E1,2.771048574053E0,1.669071879320E0));
#8009=CARTESIAN_POINT('',(1.498059138759E1,3.267769302454E0,2.280410989939E0));
#8010=CARTESIAN_POINT('',(1.502042990272E1,3.633779075608E0,2.977780334092E0));
#8011=CARTESIAN_POINT('',(1.506029244400E1,3.854646128618E0,3.733635520328E0));
#8012=CARTESIAN_POINT('',(1.510015275289E1,3.921705350356E0,4.518114302460E0));
#8013=CARTESIAN_POINT('',(1.513999546680E1,3.832365778359E0,5.300242651350E0));
#8014=CARTESIAN_POINT('',(1.517980792744E1,3.590208754298E0,6.049155170446E0));
#8015=CARTESIAN_POINT('',(1.521963391706E1,3.204823816951E0,6.735292453505E0));
#8016=CARTESIAN_POINT('',(1.525945774817E1,2.691478826953E0,7.331591532579E0));
#8017=CARTESIAN_POINT('',(1.529927499773E1,2.070484396330E0,7.814546044051E0));
#8018=CARTESIAN_POINT('',(1.533905588744E1,1.366391086051E0,8.165148872118E0));
#8019=CARTESIAN_POINT('',(1.537891104225E1,6.070114939894E-1,8.369549174552E0));
#8020=CARTESIAN_POINT('',(1.541868207939E1,-1.776423909494E-1,
8.419814488536E0));
#8021=CARTESIAN_POINT('',(1.545843087282E1,-9.566103674096E-1,
8.313986128029E0));
#8022=CARTESIAN_POINT('',(1.549821655617E1,-1.699129235102E0,8.056267259348E0));
#8023=CARTESIAN_POINT('',(1.553797361500E1,-2.375916031785E0,7.656923444115E0));
#8024=CARTESIAN_POINT('',(1.557774400597E1,-2.960268828036E0,7.131753059888E0));
#8025=CARTESIAN_POINT('',(1.561748912470E1,-3.429173942115E0,6.501551591565E0));
#8026=CARTESIAN_POINT('',(1.565723569188E1,-3.764157177750E0,5.791226877523E0));
#8027=CARTESIAN_POINT('',(1.569695857764E1,-3.952065575195E0,5.028853266365E0));
#8028=CARTESIAN_POINT('',(1.573670265057E1,-3.985514387685E0,4.244541483941E0));
#8029=CARTESIAN_POINT('',(1.577644780882E1,-3.863261469693E0,3.469269647797E0));
#8030=CARTESIAN_POINT('',(1.581614570482E1,-3.590231225869E0,2.733620056701E0));
#8031=CARTESIAN_POINT('',(1.585582422880E1,-3.177243681068E0,2.066607496452E0));
#8032=CARTESIAN_POINT('',(1.589552988377E1,-2.640638511338E0,1.494555933161E0));
#8033=CARTESIAN_POINT('',(1.593521310172E1,-2.001680407737E0,1.039980941213E0));
#8034=CARTESIAN_POINT('',(1.597487757449E1,-1.285625780970E0,
7.207679962109E-1));
#8035=CARTESIAN_POINT('',(1.601456525419E1,-5.207745553194E-1,
5.494873658053E-1));
#8036=CARTESIAN_POINT('',(1.605416526167E1,2.626674425232E-1,
5.327451244834E-1));
#8037=CARTESIAN_POINT('',(1.609386426437E1,1.033751469454E0,6.712723737536E-1));
#8038=CARTESIAN_POINT('',(1.613347886613E1,1.762071562893E0,9.593865024845E-1));
#8039=CARTESIAN_POINT('',(1.617311748225E1,2.418881480097E0,1.385724557702E0));
#8040=CARTESIAN_POINT('',(1.621272549681E1,2.978310764659E0,1.933353323413E0));
#8041=CARTESIAN_POINT('',(1.625234120730E1,3.418306830632E0,2.580619438238E0));
#8042=CARTESIAN_POINT('',(1.629192716580E1,3.721590122118E0,3.301910136067E0));
#8043=CARTESIAN_POINT('',(1.633153069293E1,3.876221074329E0,4.068731061752E0));
#8044=CARTESIAN_POINT('',(1.637111674120E1,3.876202194184E0,4.850779889128E0));
#8045=CARTESIAN_POINT('',(1.641067775133E1,3.721623912909E0,5.617190390575E0));
#8046=CARTESIAN_POINT('',(1.645022230061E1,3.418658689639E0,6.337726394570E0));
#8047=CARTESIAN_POINT('',(1.648977158115E1,2.979328046887E0,6.983959999578E0));
#8048=CARTESIAN_POINT('',(1.652930209480E1,2.421058625482E0,7.530439639049E0));
#8049=CARTESIAN_POINT('',(1.656884689885E1,1.765949647045E0,7.955616428039E0));
#8050=CARTESIAN_POINT('',(1.660827463268E1,1.039910006166E0,8.242917789102E0));
#8051=CARTESIAN_POINT('',(1.664811124892E1,2.716220771187E-1,8.380519290454E0));
#8052=CARTESIAN_POINT('',(1.668726883821E1,-5.085330642580E-1,
8.364227385336E0));
#8053=CARTESIAN_POINT('',(1.672682740453E1,-1.269798453997E0,8.193628513573E0));
#8054=CARTESIAN_POINT('',(1.676627091797E1,-1.982116638729E0,7.876093353959E0));
#8055=CARTESIAN_POINT('',(1.680573463449E1,-2.617406007983E0,7.424096480946E0));
#8056=CARTESIAN_POINT('',(1.684517607556E1,-3.150641839370E0,6.855598645107E0));
#8057=CARTESIAN_POINT('',(1.688461835940E1,-3.560824494053E0,6.193089045170E0));
#8058=CARTESIAN_POINT('',(1.692402702478E1,-3.831873858184E0,5.462788067642E0));
#8059=CARTESIAN_POINT('',(1.696343865069E1,-3.953136247467E0,4.693540250491E0));
#8060=CARTESIAN_POINT('',(1.700285577294E1,-3.919908939341E0,3.915744408296E0));
#8061=CARTESIAN_POINT('',(1.704225181087E1,-3.733633863129E0,3.160105936027E0));
#8062=CARTESIAN_POINT('',(1.708160201725E1,-3.401783822339E0,2.456403372180E0));
#8063=CARTESIAN_POINT('',(1.712096074913E1,-2.937479002805E0,1.832405100714E0));
#8064=CARTESIAN_POINT('',(1.716031701551E1,-2.359146234357E0,1.312694666654E0));
#8065=CARTESIAN_POINT('',(1.719964962942E1,-1.689702799190E0,
9.176933074812E-1));
#8066=CARTESIAN_POINT('',(1.723896072039E1,-9.556068091606E-1,
6.629059332294E-1));
#8067=CARTESIAN_POINT('',(1.727832619711E1,-1.858815224520E-1,
5.584151587200E-1));
#8068=CARTESIAN_POINT('',(1.731756722784E1,5.890761816995E-1,
6.079829712826E-1));
#8069=CARTESIAN_POINT('',(1.735687144258E1,1.338673652669E0,8.098303779299E-1));
#8070=CARTESIAN_POINT('',(1.739613508690E1,2.033352675063E0,1.155738727742E0));
#8071=CARTESIAN_POINT('',(1.743539832354E1,2.645722794853E0,1.632020445349E0));
#8072=CARTESIAN_POINT('',(1.747464739402E1,3.151672802704E0,2.219770081988E0));
#8073=CARTESIAN_POINT('',(1.751387360588E1,3.531324887361E0,2.895714825038E0));
#8074=CARTESIAN_POINT('',(1.755309765838E1,3.769748626437E0,3.633135074853E0));
#8075=CARTESIAN_POINT('',(1.759231346610E1,3.857635618796E0,4.402873765208E0));
#8076=CARTESIAN_POINT('',(1.763151004457E1,3.791640518269E0,5.174529222975E0));
#8077=CARTESIAN_POINT('',(1.767068118392E1,3.574484126031E0,5.917660335805E0));
#8078=CARTESIAN_POINT('',(1.770984711687E1,3.214803068208E0,6.602950102572E0));
#8079=CARTESIAN_POINT('',(1.774900369897E1,2.726902107996E0,7.203387140652E0));
#8080=CARTESIAN_POINT('',(1.778814048591E1,2.130135011660E0,7.695351984314E0));
#8081=CARTESIAN_POINT('',(1.782727375763E1,1.448124049870E0,8.059473626680E0));
#8082=CARTESIAN_POINT('',(1.786635607688E1,7.078405854344E-1,8.281574753177E0));
#8083=CARTESIAN_POINT('',(1.790556636426E1,-6.144412621101E-2,
8.352600628447E0));
#8084=CARTESIAN_POINT('',(1.794452913584E1,-8.293839528826E-1,
8.270668757085E0));
#8085=CARTESIAN_POINT('',(1.798363847386E1,-1.565632142166E0,8.038268538690E0));
#8086=CARTESIAN_POINT('',(1.802268106246E1,-2.241189298748E0,7.665141736518E0));
#8087=CARTESIAN_POINT('',(1.806172946942E1,-2.829413218472E0,7.165960301307E0));
#8088=CARTESIAN_POINT('',(1.810075359596E1,-3.307177405791E0,6.560574610520E0));
#8089=CARTESIAN_POINT('',(1.813976853828E1,-3.655688003624E0,5.872926612205E0));
#8090=CARTESIAN_POINT('',(1.817876219403E1,-3.861311563666E0,5.130224455915E0));
#8091=CARTESIAN_POINT('',(1.821775562233E1,-3.915983748733E0,4.361808373424E0));
#8092=CARTESIAN_POINT('',(1.825673737242E1,-3.817685431776E0,3.598043234416E0));
#8093=CARTESIAN_POINT('',(1.829568989606E1,-3.570460762774E0,2.869047682455E0));
#8094=CARTESIAN_POINT('',(1.833461920680E1,-3.184153235696E0,2.203543103918E0));
#8095=CARTESIAN_POINT('',(1.837355169476E1,-2.674048033919E0,1.627798883045E0));
#8096=CARTESIAN_POINT('',(1.841246206827E1,-2.060430227441E0,1.164425768486E0));
#8097=CARTESIAN_POINT('',(1.845136317824E1,-1.367566130368E0,
8.316536692476E-1));
#8098=CARTESIAN_POINT('',(1.849024469355E1,-6.228749983990E-1,
6.424882761085E-1));
#8099=CARTESIAN_POINT('',(1.852910915737E1,1.442292671579E-1,
6.042896908156E-1));
#8100=CARTESIAN_POINT('',(1.856796347205E1,9.034544390285E-1,
7.184775858057E-1));
#8101=CARTESIAN_POINT('',(1.860680276028E1,1.624843302415E0,9.804129838572E-1));
#8102=CARTESIAN_POINT('',(1.864562898123E1,2.279951689325E0,1.379652161625E0));
#8103=CARTESIAN_POINT('',(1.868443648553E1,2.842994143624E0,1.900318222429E0));
#8104=CARTESIAN_POINT('',(1.872323382530E1,3.291795008939E0,2.521794491508E0));
#8105=CARTESIAN_POINT('',(1.876200944835E1,3.608775625464E0,3.219453303829E0));
#8106=CARTESIAN_POINT('',(1.880077814188E1,3.781466237730E0,3.965731078267E0));
#8107=CARTESIAN_POINT('',(1.883952956087E1,3.803206200224E0,4.731117250866E0));
#8108=CARTESIAN_POINT('',(1.887826286701E1,3.673264155648E0,5.485403996769E0));
#8109=CARTESIAN_POINT('',(1.891697963850E1,3.396877052414E0,6.198841273265E0));
#8110=CARTESIAN_POINT('',(1.895568418829E1,2.985041586701E0,6.843295673374E0));
#8111=CARTESIAN_POINT('',(1.899437437982E1,2.454129944204E0,7.393385992591E0));
#8112=CARTESIAN_POINT('',(1.903304647283E1,1.825196800266E0,7.827505743487E0));
#8113=CARTESIAN_POINT('',(1.907171017398E1,1.123112454300E0,8.128544384877E0));
#8114=CARTESIAN_POINT('',(1.911034401485E1,3.756859442480E-1,8.284891844694E0));
#8115=CARTESIAN_POINT('',(1.914897001525E1,-3.876251097587E-1,
8.290334709313E0));
#8116=CARTESIAN_POINT('',(1.918759358016E1,-1.136605248093E0,8.144690274312E0));
#8117=CARTESIAN_POINT('',(1.922618757078E1,-1.841775683691E0,7.854093440516E0));
#8118=CARTESIAN_POINT('',(1.926477165430E1,-2.475303489352E0,7.429935349748E0));
#8119=CARTESIAN_POINT('',(1.930333874646E1,-3.012266109531E0,6.889128120247E0));
#8120=CARTESIAN_POINT('',(1.934189178455E1,-3.431527474009E0,6.253078351070E0));
#8121=CARTESIAN_POINT('',(1.938042732849E1,-3.716690230270E0,5.546988167690E0));
#8122=CARTESIAN_POINT('',(1.941894966927E1,-3.856536769969E0,4.798741129246E0));
#8123=CARTESIAN_POINT('',(1.945745729810E1,-3.845657418563E0,4.037926165019E0));
#8124=CARTESIAN_POINT('',(1.949594816793E1,-3.684660783695E0,3.294583194219E0));
#8125=CARTESIAN_POINT('',(1.953442284444E1,-3.380066918804E0,2.597989285662E0));
#8126=CARTESIAN_POINT('',(1.957288344032E1,-2.943929793282E0,1.975598926667E0));
#8127=CARTESIAN_POINT('',(1.961132816447E1,-2.393523160554E0,1.451983510454E0));
#8128=CARTESIAN_POINT('',(1.964975819681E1,-1.750745187398E0,1.047640251839E0));
#8129=CARTESIAN_POINT('',(1.968817215160E1,-1.040983653244E0,
7.784951512541E-1));
#8130=CARTESIAN_POINT('',(1.972657225478E1,-2.923264496181E-1,
6.549950229233E-1));
#8131=CARTESIAN_POINT('',(1.976495686102E1,4.656747453967E-1,
6.819501790851E-1));
#8132=CARTESIAN_POINT('',(1.980332499275E1,1.203085427616E0,8.581821887749E-1));
#8133=CARTESIAN_POINT('',(1.984167741897E1,1.890821274170E0,1.176598067005E0));
#8134=CARTESIAN_POINT('',(1.988001556787E1,2.501794685706E0,1.624505470472E0));
#8135=CARTESIAN_POINT('',(1.991833924351E1,3.011959346857E0,2.184139354060E0));
#8136=CARTESIAN_POINT('',(1.995664583186E1,3.401241558937E0,2.833337511907E0));
#8137=CARTESIAN_POINT('',(1.999494092695E1,3.654422127178E0,3.546392187583E0));
#8138=CARTESIAN_POINT('',(2.003321543922E1,3.761542857614E0,4.295139833297E0));
#8139=CARTESIAN_POINT('',(2.007147173561E1,3.718518875310E0,5.04997613E0));
#8140=CARTESIAN_POINT('',(2.010971657226E1,3.527219891081E0,5.781117083584E0));
#8141=CARTESIAN_POINT('',(2.014795588114E1,3.195331044541E0,6.459770803262E0));
#8142=CARTESIAN_POINT('',(2.018617372889E1,2.735957635922E0,7.059157428514E0));
#8143=CARTESIAN_POINT('',(2.022437102875E1,2.167367083145E0,7.555669745599E0));
#8144=CARTESIAN_POINT('',(2.026256553237E1,1.512108660876E0,7.929880808932E0));
#8145=CARTESIAN_POINT('',(2.030071263556E1,7.960724780077E-1,8.166910129901E0));
#8146=CARTESIAN_POINT('',(2.033894488443E1,4.760718657838E-2,8.258139437801E0));
#8147=CARTESIAN_POINT('',(2.037701707258E1,-7.037880265566E-1,
8.198928107174E0));
#8148=CARTESIAN_POINT('',(2.041515833163E1,-1.428403380716E0,7.992812426051E0));
#8149=CARTESIAN_POINT('',(2.045326839465E1,-2.097705271529E0,7.647558005919E0));
#8150=CARTESIAN_POINT('',(2.049136514539E1,-2.685302322010E0,7.176990146963E0));
#8151=CARTESIAN_POINT('',(2.052944466170E1,-3.168075222029E0,6.599759190426E0));
#8152=CARTESIAN_POINT('',(2.056751503473E1,-3.527076750353E0,5.938742746178E0));
#8153=CARTESIAN_POINT('',(2.060556434781E1,-3.748199961101E0,5.220066891797E0));
#8154=CARTESIAN_POINT('',(2.064172601527E1,-3.819173584356E0,4.509059873721E0));
#8155=CARTESIAN_POINT('',(2.066519823359E1,-3.779907448409E0,4.047507733001E0));
#8156=CARTESIAN_POINT('',(2.067598388874E1,-3.743486199885E0,3.838248161192E0));
#8157=(BOUNDED_SURFACE()B_SPLINE_SURFACE(3,3,((#6575,#6576,#6577,#6578,#6579,
#6580,#6581,#6582,#6583,#6584,#6585,#6586,#6587,#6588,#6589,#6590,#6591,#6592,
#6593,#6594,#6595,#6596,#6597,#6598,#6599,#6600,#6601,#6602,#6603,#6604,#6605,
#6606,#6607,#6608,#6609,#6610,#6611,#6612,#6613,#6614,#6615,#6616,#6617,#6618,
#6619,#6620,#6621,#6622,#6623,#6624,#6625,#6626,#6627,#6628,#6629,#6630,#6631,
#6632,#6633,#6634,#6635,#6636,#6637,#6638,#6639,#6640,#6641,#6642,#6643,#6644,
#6645,#6646,#6647,#6648,#6649,#6650,#6651,#6652,#6653,#6654,#6655,#6656,#6657,
#6658,#6659,#6660,#6661,#6662,#6663,#6664,#6665,#6666,#6667,#6668,#6669,#6670,
#6671,#6672,#6673,#6674,#6675,#6676,#6677,#6678,#6679,#6680,#6681,#6682,#6683,
#6684,#6685,#6686,#6687,#6688,#6689,#6690,#6691,#6692,#6693,#6694,#6695,#6696,
#6697,#6698,#6699,#6700,#6701,#6702,#6703,#6704,#6705,#6706,#6707,#6708,#6709,
#6710,#6711,#6712,#6713,#6714,#6715,#6716,#6717,#6718,#6719,#6720,#6721,#6722,
#6723,#6724,#6725,#6726,#6727,#6728,#6729,#6730,#6731,#6732,#6733,#6734,#6735,
#6736,#6737,#6738,#6739,#6740,#6741,#6742,#6743,#6744,#6745,#6746,#6747,#6748,
#6749,#6750,#6751,#6752,#6753,#6754,#6755,#6756,#6757,#6758,#6759,#6760,#6761,
#6762,#6763,#6764,#6765,#6766,#6767,#6768,#6769,#6770,#6771,#6772,#6773,#6774,
#6775,#6776,#6777,#6778,#6779,#6780,#6781,#6782,#6783,#6784,#6785,#6786,#6787,
#6788,#6789,#6790,#6791,#6792,#6793,#6794,#6795,#6796,#6797,#6798,#6799,#6800),(
#6801,#6802,#6803,#6804,#6805,#6806,#6807,#6808,#6809,#6810,#6811,#6812,#6813,
#6814,#6815,#6816,#6817,#6818,#6819,#6820,#6821,#6822,#6823,#6824,#6825,#6826,
#6827,#6828,#6829,#6830,#6831,#6832,#6833,#6834,#6835,#6836,#6837,#6838,#6839,
#6840,#6841,#6842,#6843,#6844,#6845,#6846,#6847,#6848,#6849,#6850,#6851,#6852,
#6853,#6854,#6855,#6856,#6857,#6858,#6859,#6860,#6861,#6862,#6863,#6864,#6865,
#6866,#6867,#6868,#6869,#6870,#6871,#6872,#6873,#6874,#6875,#6876,#6877,#6878,
#6879,#6880,#6881,#6882,#6883,#6884,#6885,#6886,#6887,#6888,#6889,#6890,#6891,
#6892,#6893,#6894,#6895,#6896,#6897,#6898,#6899,#6900,#6901,#6902,#6903,#6904,
#6905,#6906,#6907,#6908,#6909,#6910,#6911,#6912,#6913,#6914,#6915,#6916,#6917,
#6918,#6919,#6920,#6921,#6922,#6923,#6924,#6925,#6926,#6927,#6928,#6929,#6930,
#6931,#6932,#6933,#6934,#6935,#6936,#6937,#6938,#6939,#6940,#6941,#6942,#6943,
#6944,#6945,#6946,#6947,#6948,#6949,#6950,#6951,#6952,#6953,#6954,#6955,#6956,
#6957,#6958,#6959,#6960,#6961,#6962,#6963,#6964,#6965,#6966,#6967,#6968,#6969,
#6970,#6971,#6972,#6973,#6974,#6975,#6976,#6977,#6978,#6979,#6980,#6981,#6982,
#6983,#6984,#6985,#6986,#6987,#6988,#6989,#6990,#6991,#6992,#6993,#6994,#6995,
#6996,#6997,#6998,#6999,#7000,#7001,#7002,#7003,#7004,#7005,#7006,#7007,#7008,
#7009,#7010,#7011,#7012,#7013,#7014,#7015,#7016,#7017,#7018,#7019,#7020,#7021,
#7022,#7023,#7024,#7025,#7026),(#7027,#7028,#7029,#7030,#7031,#7032,#7033,#7034,
#7035,#7036,#7037,#7038,#7039,#7040,#7041,#7042,#7043,#7044,#7045,#7046,#7047,
#7048,#7049,#7050,#7051,#7052,#7053,#7054,#7055,#7056,#7057,#7058,#7059,#7060,
#7061,#7062,#7063,#7064,#7065,#7066,#7067,#7068,#7069,#7070,#7071,#7072,#7073,
#7074,#7075,#7076,#7077,#7078,#7079,#7080,#7081,#7082,#7083,#7084,#7085,#7086,
#7087,#7088,#7089,#7090,#7091,#7092,#7093,#7094,#7095,#7096,#7097,#7098,#7099,
#7100,#7101,#7102,#7103,#7104,#7105,#7106,#7107,#7108,#7109,#7110,#7111,#7112,
#7113,#7114,#7115,#7116,#7117,#7118,#7119,#7120,#7121,#7122,#7123,#7124,#7125,
#7126,#7127,#7128,#7129,#7130,#7131,#7132,#7133,#7134,#7135,#7136,#7137,#7138,
#7139,#7140,#7141,#7142,#7143,#7144,#7145,#7146,#7147,#7148,#7149,#7150,#7151,
#7152,#7153,#7154,#7155,#7156,#7157,#7158,#7159,#7160,#7161,#7162,#7163,#7164,
#7165,#7166,#7167,#7168,#7169,#7170,#7171,#7172,#7173,#7174,#7175,#7176,#7177,
#7178,#7179,#7180,#7181,#7182,#7183,#7184,#7185,#7186,#7187,#7188,#7189,#7190,
#7191,#7192,#7193,#7194,#7195,#7196,#7197,#7198,#7199,#7200,#7201,#7202,#7203,
#7204,#7205,#7206,#7207,#7208,#7209,#7210,#7211,#7212,#7213,#7214,#7215,#7216,
#7217,#7218,#7219,#7220,#7221,#7222,#7223,#7224,#7225,#7226,#7227,#7228,#7229,
#7230,#7231,#7232,#7233,#7234,#7235,#7236,#7237,#7238,#7239,#7240,#7241,#7242,
#7243,#7244,#7245,#7246,#7247,#7248,#7249,#7250,#7251,#7252),(#7253,#7254,#7255,
#7256,#7257,#7258,#7259,#7260,#7261,#7262,#7263,#7264,#7265,#7266,#7267,#7268,
#7269,#7270,#7271,#7272,#7273,#7274,#7275,#7276,#7277,#7278,#7279,#7280,#7281,
#7282,#7283,#7284,#7285,#7286,#7287,#7288,#7289,#7290,#7291,#7292,#7293,#7294,
#7295,#7296,#7297,#7298,#7299,#7300,#7301,#7302,#7303,#7304,#7305,#7306,#7307,
#7308,#7309,#7310,#7311,#7312,#7313,#7314,#7315,#7316,#7317,#7318,#7319,#7320,
#7321,#7322,#7323,#7324,#7325,#7326,#7327,#7328,#7329,#7330,#7331,#7332,#7333,
#7334,#7335,#7336,#7337,#7338,#7339,#7340,#7341,#7342,#7343,#7344,#7345,#7346,
#7347,#7348,#7349,#7350,#7351,#7352,#7353,#7354,#7355,#7356,#7357,#7358,#7359,
#7360,#7361,#7362,#7363,#7364,#7365,#7366,#7367,#7368,#7369,#7370,#7371,#7372,
#7373,#7374,#7375,#7376,#7377,#7378,#7379,#7380,#7381,#7382,#7383,#7384,#7385,
#7386,#7387,#7388,#7389,#7390,#7391,#7392,#7393,#7394,#7395,#7396,#7397,#7398,
#7399,#7400,#7401,#7402,#7403,#7404,#7405,#7406,#7407,#7408,#7409,#7410,#7411,
#7412,#7413,#7414,#7415,#7416,#7417,#7418,#7419,#7420,#7421,#7422,#7423,#7424,
#7425,#7426,#7427,#7428,#7429,#7430,#7431,#7432,#7433,#7434,#7435,#7436,#7437,
#7438,#7439,#7440,#7441,#7442,#7443,#7444,#7445,#7446,#7447,#7448,#7449,#7450,
#7451,#7452,#7453,#7454,#7455,#7456,#7457,#7458,#7459,#7460,#7461,#7462,#7463,
#7464,#7465,#7466,#7467,#7468,#7469,#7470,#7471,#7472,#7473,#7474,#7475,#7476,
#7477,#7478),(#7479,#7480,#7481,#7482,#7483,#7484,#7485,#7486,#7487,#7488,#7489,
#7490,#7491,#7492,#7493,#7494,#7495,#7496,#7497,#7498,#7499,#7500,#7501,#7502,
#7503,#7504,#7505,#7506,#7507,#7508,#7509,#7510,#7511,#7512,#7513,#7514,#7515,
#7516,#7517,#7518,#7519,#7520,#7521,#7522,#7523,#7524,#7525,#7526,#7527,#7528,
#7529,#7530,#7531,#7532,#7533,#7534,#7535,#7536,#7537,#7538,#7539,#7540,#7541,
#7542,#7543,#7544,#7545,#7546,#7547,#7548,#7549,#7550,#7551,#7552,#7553,#7554,
#7555,#7556,#7557,#7558,#7559,#7560,#7561,#7562,#7563,#7564,#7565,#7566,#7567,
#7568,#7569,#7570,#7571,#7572,#7573,#7574,#7575,#7576,#7577,#7578,#7579,#7580,
#7581,#7582,#7583,#7584,#7585,#7586,#7587,#7588,#7589,#7590,#7591,#7592,#7593,
#7594,#7595,#7596,#7597,#7598,#7599,#7600,#7601,#7602,#7603,#7604,#7605,#7606,
#7607,#7608,#7609,#7610,#7611,#7612,#7613,#7614,#7615,#7616,#7617,#7618,#7619,
#7620,#7621,#7622,#7623,#7624,#7625,#7626,#7627,#7628,#7629,#7630,#7631,#7632,
#7633,#7634,#7635,#7636,#7637,#7638,#7639,#7640,#7641,#7642,#7643,#7644,#7645,
#7646,#7647,#7648,#7649,#7650,#7651,#7652,#7653,#7654,#7655,#7656,#7657,#7658,
#7659,#7660,#7661,#7662,#7663,#7664,#7665,#7666,#7667,#7668,#7669,#7670,#7671,
#7672,#7673,#7674,#7675,#7676,#7677,#7678,#7679,#7680,#7681,#7682,#7683,#7684,
#7685,#7686,#7687,#7688,#7689,#7690,#7691,#7692,#7693,#7694,#7695,#7696,#7697,
#7698,#7699,#7700,#7701,#7702,#7703,#7704),(#7705,#7706,#7707,#7708,#7709,#7710,
#7711,#7712,#7713,#7714,#7715,#7716,#7717,#7718,#7719,#7720,#7721,#7722,#7723,
#7724,#7725,#7726,#7727,#7728,#7729,#7730,#7731,#7732,#7733,#7734,#7735,#7736,
#7737,#7738,#7739,#7740,#7741,#7742,#7743,#7744,#7745,#7746,#7747,#7748,#7749,
#7750,#7751,#7752,#7753,#7754,#7755,#7756,#7757,#7758,#7759,#7760,#7761,#7762,
#7763,#7764,#7765,#7766,#7767,#7768,#7769,#7770,#7771,#7772,#7773,#7774,#7775,
#7776,#7777,#7778,#7779,#7780,#7781,#7782,#7783,#7784,#7785,#7786,#7787,#7788,
#7789,#7790,#7791,#7792,#7793,#7794,#7795,#7796,#7797,#7798,#7799,#7800,#7801,
#7802,#7803,#7804,#7805,#7806,#7807,#7808,#7809,#7810,#7811,#7812,#7813,#7814,
#7815,#7816,#7817,#7818,#7819,#7820,#7821,#7822,#7823,#7824,#7825,#7826,#7827,
#7828,#7829,#7830,#7831,#7832,#7833,#7834,#7835,#7836,#7837,#7838,#7839,#7840,
#7841,#7842,#7843,#7844,#7845,#7846,#7847,#7848,#7849,#7850,#7851,#7852,#7853,
#7854,#7855,#7856,#7857,#7858,#7859,#7860,#7861,#7862,#7863,#7864,#7865,#7866,
#7867,#7868,#7869,#7870,#7871,#7872,#7873,#7874,#7875,#7876,#7877,#7878,#7879,
#7880,#7881,#7882,#7883,#7884,#7885,#7886,#7887,#7888,#7889,#7890,#7891,#7892,
#7893,#7894,#7895,#7896,#7897,#7898,#7899,#7900,#7901,#7902,#7903,#7904,#7905,
#7906,#7907,#7908,#7909,#7910,#7911,#7912,#7913,#7914,#7915,#7916,#7917,#7918,
#7919,#7920,#7921,#7922,#7923,#7924,#7925,#7926,#7927,#7928,#7929,#7930),(#7931,
#7932,#7933,#7934,#7935,#7936,#7937,#7938,#7939,#7940,#7941,#7942,#7943,#7944,
#7945,#7946,#7947,#7948,#7949,#7950,#7951,#7952,#7953,#7954,#7955,#7956,#7957,
#7958,#7959,#7960,#7961,#7962,#7963,#7964,#7965,#7966,#7967,#7968,#7969,#7970,
#7971,#7972,#7973,#7974,#7975,#7976,#7977,#7978,#7979,#7980,#7981,#7982,#7983,
#7984,#7985,#7986,#7987,#7988,#7989,#7990,#7991,#7992,#7993,#7994,#7995,#7996,
#7997,#7998,#7999,#8000,#8001,#8002,#8003,#8004,#8005,#8006,#8007,#8008,#8009,
#8010,#8011,#8012,#8013,#8014,#8015,#8016,#8017,#8018,#8019,#8020,#8021,#8022,
#8023,#8024,#8025,#8026,#8027,#8028,#8029,#8030,#8031,#8032,#8033,#8034,#8035,
#8036,#8037,#8038,#8039,#8040,#8041,#8042,#8043,#8044,#8045,#8046,#8047,#8048,
#8049,#8050,#8051,#8052,#8053,#8054,#8055,#8056,#8057,#8058,#8059,#8060,#8061,
#8062,#8063,#8064,#8065,#8066,#8067,#8068,#8069,#8070,#8071,#8072,#8073,#8074,
#8075,#8076,#8077,#8078,#8079,#8080,#8081,#8082,#8083,#8084,#8085,#8086,#8087,
#8088,#8089,#8090,#8091,#8092,#8093,#8094,#8095,#8096,#8097,#8098,#8099,#8100,
#8101,#8102,#8103,#8104,#8105,#8106,#8107,#8108,#8109,#8110,#8111,#8112,#8113,
#8114,#8115,#8116,#8117,#8118,#8119,#8120,#8121,#8122,#8123,#8124,#8125,#8126,
#8127,#8128,#8129,#8130,#8131,#8132,#8133,#8134,#8135,#8136,#8137,#8138,#8139,
#8140,#8141,#8142,#8143,#8144,#8145,#8146,#8147,#8148,#8149,#8150,#8151,#8152,
#8153,#8154,#8155,#8156)),.UNSPECIFIED.,.F.,.F.,.F.)B_SPLINE_SURFACE_WITH_KNOTS(
(4,3,4),(4,1,1,1,1,1,1,1,1,1,1,1,1,1,1,1,1,1,1,1,1,1,1,1,1,1,1,1,1,1,1,1,1,1,1,
1,1,1,1,1,1,1,1,1,1,1,1,1,1,1,1,1,1,1,1,1,1,1,1,1,1,1,1,1,1,1,1,1,1,1,1,1,1,1,1,
1,1,1,1,1,1,1,1,1,1,1,1,1,1,1,1,1,1,1,1,1,1,1,1,1,1,1,1,1,1,1,1,1,1,1,1,1,1,1,1,
1,1,1,1,1,1,1,1,1,1,1,1,1,1,1,1,1,1,1,1,1,1,1,1,1,1,1,1,1,1,1,1,1,1,1,1,1,1,1,1,
1,1,1,1,1,1,1,1,1,1,1,1,1,1,1,1,1,1,1,1,1,1,1,1,1,1,1,1,1,1,1,1,1,1,1,1,1,1,1,1,
1,1,1,1,1,1,1,1,1,1,1,1,1,1,1,1,1,1,1,1,1,1,1,1,1,1,1,1,4),(0.E0,1.E0,2.E0),(
-3.901519826338E-3,0.E0,4.524886877828E-3,9.049773755656E-3,1.357466063348E-2,
1.809954751131E-2,2.262443438914E-2,2.714932126697E-2,3.167420814480E-2,
3.619909502262E-2,4.072398190045E-2,4.524886877828E-2,4.977375565611E-2,
5.429864253394E-2,5.882352941176E-2,6.334841628959E-2,6.787330316742E-2,
7.239819004525E-2,7.692307692308E-2,8.144796380090E-2,8.597285067873E-2,
9.049773755656E-2,9.502262443439E-2,9.954751131222E-2,1.040723981900E-1,
1.085972850679E-1,1.131221719457E-1,1.176470588235E-1,1.221719457014E-1,
1.266968325792E-1,1.312217194570E-1,1.357466063348E-1,1.402714932127E-1,
1.447963800905E-1,1.493212669683E-1,1.538461538462E-1,1.583710407240E-1,
1.628959276018E-1,1.674208144796E-1,1.719457013575E-1,1.764705882353E-1,
1.809954751131E-1,1.855203619910E-1,1.900452488688E-1,1.945701357466E-1,
1.990950226244E-1,2.036199095023E-1,2.081447963801E-1,2.126696832579E-1,
2.171945701357E-1,2.217194570136E-1,2.262443438914E-1,2.307692307692E-1,
2.352941176471E-1,2.398190045249E-1,2.443438914027E-1,2.488687782805E-1,
2.533936651584E-1,2.579185520362E-1,2.624434389140E-1,2.669683257919E-1,
2.714932126697E-1,2.760180995475E-1,2.805429864253E-1,2.850678733032E-1,
2.895927601810E-1,2.941176470588E-1,2.986425339367E-1,3.031674208145E-1,
3.076923076923E-1,3.122171945701E-1,3.167420814480E-1,3.212669683258E-1,
3.257918552036E-1,3.303167420814E-1,3.348416289593E-1,3.393665158371E-1,
3.438914027149E-1,3.484162895928E-1,3.529411764706E-1,3.574660633484E-1,
3.619909502262E-1,3.665158371041E-1,3.710407239819E-1,3.755656108597E-1,
3.800904977376E-1,3.846153846154E-1,3.891402714932E-1,3.936651583710E-1,
3.981900452489E-1,4.027149321267E-1,4.072398190045E-1,4.117647058824E-1,
4.162895927602E-1,4.208144796380E-1,4.253393665158E-1,4.298642533937E-1,
4.343891402715E-1,4.389140271493E-1,4.434389140271E-1,4.479638009050E-1,
4.524886877828E-1,4.570135746606E-1,4.615384615385E-1,4.660633484163E-1,
4.705882352941E-1,4.751131221719E-1,4.796380090498E-1,4.841628959276E-1,
4.886877828054E-1,4.932126696833E-1,4.977375565611E-1,5.022624434389E-1,
5.067873303167E-1,5.113122171946E-1,5.158371040724E-1,5.203619909502E-1,
5.248868778281E-1,5.294117647059E-1,5.339366515837E-1,5.384615384615E-1,
5.429864253394E-1,5.475113122172E-1,5.520361990950E-1,5.565610859729E-1,
5.610859728507E-1,5.656108597285E-1,5.701357466063E-1,5.746606334842E-1,
5.791855203620E-1,5.837104072398E-1,5.882352941176E-1,5.927601809955E-1,
5.972850678733E-1,6.018099547511E-1,6.063348416290E-1,6.108597285068E-1,
6.153846153846E-1,6.199095022624E-1,6.244343891403E-1,6.289592760181E-1,
6.334841628959E-1,6.380090497738E-1,6.425339366516E-1,6.470588235294E-1,
6.515837104072E-1,6.561085972851E-1,6.606334841629E-1,6.651583710407E-1,
6.696832579186E-1,6.742081447964E-1,6.787330316742E-1,6.832579185520E-1,
6.877828054299E-1,6.923076923077E-1,6.968325791855E-1,7.013574660633E-1,
7.058823529412E-1,7.104072398190E-1,7.149321266968E-1,7.194570135747E-1,
7.239819004525E-1,7.285067873303E-1,7.330316742081E-1,7.375565610860E-1,
7.420814479638E-1,7.466063348416E-1,7.511312217195E-1,7.556561085973E-1,
7.601809954751E-1,7.647058823529E-1,7.692307692308E-1,7.737556561086E-1,
7.782805429864E-1,7.828054298643E-1,7.873303167421E-1,7.918552036199E-1,
7.963800904977E-1,8.009049773756E-1,8.054298642534E-1,8.099547511312E-1,
8.144796380090E-1,8.190045248869E-1,8.235294117647E-1,8.280542986425E-1,
8.325791855204E-1,8.371040723982E-1,8.416289592760E-1,8.461538461538E-1,
8.506787330317E-1,8.552036199095E-1,8.597285067873E-1,8.642533936652E-1,
8.687782805430E-1,8.733031674208E-1,8.778280542986E-1,8.823529411765E-1,
8.868778280543E-1,8.914027149321E-1,8.959276018100E-1,9.004524886878E-1,
9.049773755656E-1,9.095022624434E-1,9.140271493213E-1,9.185520361991E-1,
9.230769230769E-1,9.276018099548E-1,9.321266968326E-1,9.366515837104E-1,
9.411764705882E-1,9.457013574661E-1,9.502262443439E-1,9.547511312217E-1,
9.592760180995E-1,9.638009049774E-1,9.683257918552E-1,9.728506787330E-1,
9.773755656109E-1,9.819004524887E-1,9.864253393665E-1,9.909502262443E-1,
9.954751131222E-1,1.E0,1.003855126077E0),.UNSPECIFIED.)GEOMETRIC_REPRESENTATION_ITEM()RATIONAL_B_SPLINE_SURFACE(((1.279400834940E0,1.279400834940E0,
1.279400834940E0,1.279400834940E0,1.279400834940E0,1.279400834940E0,
1.279400834940E0,1.279400834940E0,1.279400834940E0,1.279400834940E0,
1.279400834940E0,1.279400834940E0,1.279400834940E0,1.279400834940E0,
1.279400834940E0,1.279400834940E0,1.279400834940E0,1.279400834940E0,
1.279400834940E0,1.279400834940E0,1.279400834940E0,1.279400834940E0,
1.279400834940E0,1.279400834940E0,1.279400834940E0,1.279400834940E0,
1.279400834940E0,1.279400834940E0,1.279400834940E0,1.279400834940E0,
1.279400834940E0,1.279400834940E0,1.279400834940E0,1.279400834940E0,
1.279400834940E0,1.279400834940E0,1.279400834940E0,1.279400834940E0,
1.279400834940E0,1.279400834940E0,1.279400834940E0,1.279400834940E0,
1.279400834940E0,1.279400834940E0,1.279400834940E0,1.279400834940E0,
1.279400834940E0,1.279400834940E0,1.279400834940E0,1.279400834940E0,
1.279400834940E0,1.279400834940E0,1.279400834940E0,1.279400834940E0,
1.279400834940E0,1.279400834940E0,1.279400834940E0,1.279400834940E0,
1.279400834940E0,1.279400834940E0,1.279400834940E0,1.279400834940E0,
1.279400834940E0,1.279400834940E0,1.279400834940E0,1.279400834940E0,
1.279400834940E0,1.279400834940E0,1.279400834940E0,1.279400834940E0,
1.279400834940E0,1.279400834940E0,1.279400834940E0,1.279400834940E0,
1.279400834940E0,1.279400834940E0,1.279400834940E0,1.279400834940E0,
1.279400834940E0,1.279400834940E0,1.279400834940E0,1.279400834940E0,
1.279400834940E0,1.279400834940E0,1.279400834940E0,1.279400834940E0,
1.279400834940E0,1.279400834940E0,1.279400834940E0,1.279400834940E0,
1.279400834940E0,1.279400834940E0,1.279400834940E0,1.279400834940E0,
1.279400834940E0,1.279400834940E0,1.279400834940E0,1.279400834940E0,
1.279400834940E0,1.279400834940E0,1.279400834940E0,1.279400834940E0,
1.279400834940E0,1.279400834940E0,1.279400834940E0,1.279400834940E0,
1.279400834940E0,1.279400834940E0,1.279400834940E0,1.279400834940E0,
1.279400834940E0,1.279400834940E0,1.279400834940E0,1.279400834940E0,
1.279400834940E0,1.279400834940E0,1.279400834940E0,1.279400834940E0,
1.279400834940E0,1.279400834940E0,1.279400834940E0,1.279400834940E0,
1.279400834940E0,1.279400834940E0,1.279400834940E0,1.279400834940E0,
1.279400834940E0,1.279400834940E0,1.279400834940E0,1.279400834940E0,
1.279400834940E0,1.279400834940E0,1.279400834940E0,1.279400834940E0,
1.279400834940E0,1.279400834940E0,1.279400834940E0,1.279400834940E0,
1.279400834940E0,1.279400834940E0,1.279400834940E0,1.279400834940E0,
1.279400834940E0,1.279400834940E0,1.279400834940E0,1.279400834940E0,
1.279400834940E0,1.279400834940E0,1.279400834940E0,1.279400834940E0,
1.279400834940E0,1.279400834940E0,1.279400834940E0,1.279400834940E0,
1.279400834940E0,1.279400834940E0,1.279400834940E0,1.279400834940E0,
1.279400834940E0,1.279400834940E0,1.279400834940E0,1.279400834940E0,
1.279400834940E0,1.279400834940E0,1.279400834940E0,1.279400834940E0,
1.279400834940E0,1.279400834940E0,1.279400834940E0,1.279400834940E0,
1.279400834940E0,1.279400834940E0,1.279400834940E0,1.279400834940E0,
1.279400834940E0,1.279400834940E0,1.279400834940E0,1.279400834940E0,
1.279400834940E0,1.279400834940E0,1.279400834940E0,1.279400834940E0,
1.279400834940E0,1.279400834940E0,1.279400834940E0,1.279400834940E0,
1.279400834940E0,1.279400834940E0,1.279400834940E0,1.279400834940E0,
1.279400834940E0,1.279400834940E0,1.279400834940E0,1.279400834940E0,
1.279400834940E0,1.279400834940E0,1.279400834940E0,1.279400834940E0,
1.279400834940E0,1.279400834940E0,1.279400834940E0,1.279400834940E0,
1.279400834940E0,1.279400834940E0,1.279400834940E0,1.279400834940E0,
1.279400834940E0,1.279400834940E0,1.279400834940E0,1.279400834940E0,
1.279400834940E0,1.279400834940E0,1.279400834940E0,1.279400834940E0,
1.279400834940E0,1.279400834940E0,1.279400834940E0,1.279400834940E0,
1.279400834940E0,1.279400834940E0,1.279400834940E0,1.279400834940E0,
1.279400834940E0,1.279400834940E0,1.279400834940E0,1.279400834940E0),(
9.068663883535E-1,9.068663883535E-1,9.068663883535E-1,9.068663883535E-1,
9.068663883535E-1,9.068663883535E-1,9.068663883535E-1,9.068663883535E-1,
9.068663883535E-1,9.068663883535E-1,9.068663883535E-1,9.068663883535E-1,
9.068663883535E-1,9.068663883535E-1,9.068663883535E-1,9.068663883535E-1,
9.068663883535E-1,9.068663883535E-1,9.068663883535E-1,9.068663883535E-1,
9.068663883535E-1,9.068663883535E-1,9.068663883535E-1,9.068663883535E-1,
9.068663883535E-1,9.068663883535E-1,9.068663883535E-1,9.068663883535E-1,
9.068663883535E-1,9.068663883535E-1,9.068663883535E-1,9.068663883535E-1,
9.068663883535E-1,9.068663883535E-1,9.068663883535E-1,9.068663883535E-1,
9.068663883535E-1,9.068663883535E-1,9.068663883535E-1,9.068663883535E-1,
9.068663883535E-1,9.068663883535E-1,9.068663883535E-1,9.068663883535E-1,
9.068663883535E-1,9.068663883535E-1,9.068663883535E-1,9.068663883535E-1,
9.068663883535E-1,9.068663883535E-1,9.068663883535E-1,9.068663883535E-1,
9.068663883535E-1,9.068663883535E-1,9.068663883535E-1,9.068663883535E-1,
9.068663883535E-1,9.068663883535E-1,9.068663883535E-1,9.068663883535E-1,
9.068663883535E-1,9.068663883535E-1,9.068663883535E-1,9.068663883535E-1,
9.068663883535E-1,9.068663883535E-1,9.068663883535E-1,9.068663883535E-1,
9.068663883535E-1,9.068663883535E-1,9.068663883535E-1,9.068663883535E-1,
9.068663883535E-1,9.068663883535E-1,9.068663883535E-1,9.068663883535E-1,
9.068663883535E-1,9.068663883535E-1,9.068663883535E-1,9.068663883535E-1,
9.068663883535E-1,9.068663883535E-1,9.068663883535E-1,9.068663883535E-1,
9.068663883535E-1,9.068663883535E-1,9.068663883535E-1,9.068663883535E-1,
9.068663883535E-1,9.068663883535E-1,9.068663883535E-1,9.068663883535E-1,
9.068663883535E-1,9.068663883535E-1,9.068663883535E-1,9.068663883535E-1,
9.068663883535E-1,9.068663883535E-1,9.068663883535E-1,9.068663883535E-1,
9.068663883535E-1,9.068663883535E-1,9.068663883535E-1,9.068663883535E-1,
9.068663883535E-1,9.068663883535E-1,9.068663883535E-1,9.068663883535E-1,
9.068663883535E-1,9.068663883535E-1,9.068663883535E-1,9.068663883535E-1,
9.068663883535E-1,9.068663883535E-1,9.068663883535E-1,9.068663883535E-1,
9.068663883535E-1,9.068663883535E-1,9.068663883535E-1,9.068663883535E-1,
9.068663883535E-1,9.068663883535E-1,9.068663883535E-1,9.068663883535E-1,
9.068663883535E-1,9.068663883535E-1,9.068663883535E-1,9.068663883535E-1,
9.068663883535E-1,9.068663883535E-1,9.068663883535E-1,9.068663883535E-1,
9.068663883535E-1,9.068663883535E-1,9.068663883535E-1,9.068663883535E-1,
9.068663883535E-1,9.068663883535E-1,9.068663883535E-1,9.068663883535E-1,
9.068663883535E-1,9.068663883535E-1,9.068663883535E-1,9.068663883535E-1,
9.068663883535E-1,9.068663883535E-1,9.068663883535E-1,9.068663883535E-1,
9.068663883535E-1,9.068663883535E-1,9.068663883535E-1,9.068663883535E-1,
9.068663883535E-1,9.068663883535E-1,9.068663883535E-1,9.068663883535E-1,
9.068663883535E-1,9.068663883535E-1,9.068663883535E-1,9.068663883535E-1,
9.068663883535E-1,9.068663883535E-1,9.068663883535E-1,9.068663883535E-1,
9.068663883535E-1,9.068663883535E-1,9.068663883535E-1,9.068663883535E-1,
9.068663883535E-1,9.068663883535E-1,9.068663883535E-1,9.068663883535E-1,
9.068663883535E-1,9.068663883535E-1,9.068663883535E-1,9.068663883535E-1,
9.068663883535E-1,9.068663883535E-1,9.068663883535E-1,9.068663883535E-1,
9.068663883535E-1,9.068663883535E-1,9.068663883535E-1,9.068663883535E-1,
9.068663883535E-1,9.068663883535E-1,9.068663883535E-1,9.068663883535E-1,
9.068663883535E-1,9.068663883535E-1,9.068663883535E-1,9.068663883535E-1,
9.068663883535E-1,9.068663883535E-1,9.068663883535E-1,9.068663883535E-1,
9.068663883535E-1,9.068663883535E-1,9.068663883535E-1,9.068663883535E-1,
9.068663883535E-1,9.068663883535E-1,9.068663883535E-1,9.068663883535E-1,
9.068663883535E-1,9.068663883535E-1,9.068663883535E-1,9.068663883535E-1,
9.068663883535E-1,9.068663883535E-1,9.068663883535E-1,9.068663883535E-1,
9.068663883535E-1,9.068663883535E-1,9.068663883535E-1,9.068663883535E-1,
9.068663883535E-1,9.068663883535E-1,9.068663883535E-1,9.068663883535E-1,
9.068663883535E-1,9.068663883535E-1,9.068663883535E-1,9.068663883535E-1,
9.068663883535E-1,9.068663883535E-1),(9.068663883535E-1,9.068663883535E-1,
9.068663883535E-1,9.068663883535E-1,9.068663883535E-1,9.068663883535E-1,
9.068663883535E-1,9.068663883535E-1,9.068663883535E-1,9.068663883535E-1,
9.068663883535E-1,9.068663883535E-1,9.068663883535E-1,9.068663883535E-1,
9.068663883535E-1,9.068663883535E-1,9.068663883535E-1,9.068663883535E-1,
9.068663883535E-1,9.068663883535E-1,9.068663883535E-1,9.068663883535E-1,
9.068663883535E-1,9.068663883535E-1,9.068663883535E-1,9.068663883535E-1,
9.068663883535E-1,9.068663883535E-1,9.068663883535E-1,9.068663883535E-1,
9.068663883535E-1,9.068663883535E-1,9.068663883535E-1,9.068663883535E-1,
9.068663883535E-1,9.068663883535E-1,9.068663883535E-1,9.068663883535E-1,
9.068663883535E-1,9.068663883535E-1,9.068663883535E-1,9.068663883535E-1,
9.068663883535E-1,9.068663883535E-1,9.068663883535E-1,9.068663883535E-1,
9.068663883535E-1,9.068663883535E-1,9.068663883535E-1,9.068663883535E-1,
9.068663883535E-1,9.068663883535E-1,9.068663883535E-1,9.068663883535E-1,
9.068663883535E-1,9.068663883535E-1,9.068663883535E-1,9.068663883535E-1,
9.068663883535E-1,9.068663883535E-1,9.068663883535E-1,9.068663883535E-1,
9.068663883535E-1,9.068663883535E-1,9.068663883535E-1,9.068663883535E-1,
9.068663883535E-1,9.068663883535E-1,9.068663883535E-1,9.068663883535E-1,
9.068663883535E-1,9.068663883535E-1,9.068663883535E-1,9.068663883535E-1,
9.068663883535E-1,9.068663883535E-1,9.068663883535E-1,9.068663883535E-1,
9.068663883535E-1,9.068663883535E-1,9.068663883535E-1,9.068663883535E-1,
9.068663883535E-1,9.068663883535E-1,9.068663883535E-1,9.068663883535E-1,
9.068663883535E-1,9.068663883535E-1,9.068663883535E-1,9.068663883535E-1,
9.068663883535E-1,9.068663883535E-1,9.068663883535E-1,9.068663883535E-1,
9.068663883535E-1,9.068663883535E-1,9.068663883535E-1,9.068663883535E-1,
9.068663883535E-1,9.068663883535E-1,9.068663883535E-1,9.068663883535E-1,
9.068663883535E-1,9.068663883535E-1,9.068663883535E-1,9.068663883535E-1,
9.068663883535E-1,9.068663883535E-1,9.068663883535E-1,9.068663883535E-1,
9.068663883535E-1,9.068663883535E-1,9.068663883535E-1,9.068663883535E-1,
9.068663883535E-1,9.068663883535E-1,9.068663883535E-1,9.068663883535E-1,
9.068663883535E-1,9.068663883535E-1,9.068663883535E-1,9.068663883535E-1,
9.068663883535E-1,9.068663883535E-1,9.068663883535E-1,9.068663883535E-1,
9.068663883535E-1,9.068663883535E-1,9.068663883535E-1,9.068663883535E-1,
9.068663883535E-1,9.068663883535E-1,9.068663883535E-1,9.068663883535E-1,
9.068663883535E-1,9.068663883535E-1,9.068663883535E-1,9.068663883535E-1,
9.068663883535E-1,9.068663883535E-1,9.068663883535E-1,9.068663883535E-1,
9.068663883535E-1,9.068663883535E-1,9.068663883535E-1,9.068663883535E-1,
9.068663883535E-1,9.068663883535E-1,9.068663883535E-1,9.068663883535E-1,
9.068663883535E-1,9.068663883535E-1,9.068663883535E-1,9.068663883535E-1,
9.068663883535E-1,9.068663883535E-1,9.068663883535E-1,9.068663883535E-1,
9.068663883535E-1,9.068663883535E-1,9.068663883535E-1,9.068663883535E-1,
9.068663883535E-1,9.068663883535E-1,9.068663883535E-1,9.068663883535E-1,
9.068663883535E-1,9.068663883535E-1,9.068663883535E-1,9.068663883535E-1,
9.068663883535E-1,9.068663883535E-1,9.068663883535E-1,9.068663883535E-1,
9.068663883535E-1,9.068663883535E-1,9.068663883535E-1,9.068663883535E-1,
9.068663883535E-1,9.068663883535E-1,9.068663883535E-1,9.068663883535E-1,
9.068663883535E-1,9.068663883535E-1,9.068663883535E-1,9.068663883535E-1,
9.068663883535E-1,9.068663883535E-1,9.068663883535E-1,9.068663883535E-1,
9.068663883535E-1,9.068663883535E-1,9.068663883535E-1,9.068663883535E-1,
9.068663883535E-1,9.068663883535E-1,9.068663883535E-1,9.068663883535E-1,
9.068663883535E-1,9.068663883535E-1,9.068663883535E-1,9.068663883535E-1,
9.068663883535E-1,9.068663883535E-1,9.068663883535E-1,9.068663883535E-1,
9.068663883535E-1,9.068663883535E-1,9.068663883535E-1,9.068663883535E-1,
9.068663883535E-1,9.068663883535E-1,9.068663883535E-1,9.068663883535E-1,
9.068663883535E-1,9.068663883535E-1,9.068663883535E-1,9.068663883535E-1,
9.068663883535E-1,9.068663883535E-1,9.068663883535E-1,9.068663883535E-1,
9.068663883535E-1,9.068663883535E-1,9.068663883535E-1,9.068663883535E-1),(
1.279400834940E0,1.279400834940E0,1.279400834940E0,1.279400834940E0,
1.279400834940E0,1.279400834940E0,1.279400834940E0,1.279400834940E0,
1.279400834940E0,1.279400834940E0,1.279400834940E0,1.279400834940E0,
1.279400834940E0,1.279400834940E0,1.279400834940E0,1.279400834940E0,
1.279400834940E0,1.279400834940E0,1.279400834940E0,1.279400834940E0,
1.279400834940E0,1.279400834940E0,1.279400834940E0,1.279400834940E0,
1.279400834940E0,1.279400834940E0,1.279400834940E0,1.279400834940E0,
1.279400834940E0,1.279400834940E0,1.279400834940E0,1.279400834940E0,
1.279400834940E0,1.279400834940E0,1.279400834940E0,1.279400834940E0,
1.279400834940E0,1.279400834940E0,1.279400834940E0,1.279400834940E0,
1.279400834940E0,1.279400834940E0,1.279400834940E0,1.279400834940E0,
1.279400834940E0,1.279400834940E0,1.279400834940E0,1.279400834940E0,
1.279400834940E0,1.279400834940E0,1.279400834940E0,1.279400834940E0,
1.279400834940E0,1.279400834940E0,1.279400834940E0,1.279400834940E0,
1.279400834940E0,1.279400834940E0,1.279400834940E0,1.279400834940E0,
1.279400834940E0,1.279400834940E0,1.279400834940E0,1.279400834940E0,
1.279400834940E0,1.279400834940E0,1.279400834940E0,1.279400834940E0,
1.279400834940E0,1.279400834940E0,1.279400834940E0,1.279400834940E0,
1.279400834940E0,1.279400834940E0,1.279400834940E0,1.279400834940E0,
1.279400834940E0,1.279400834940E0,1.279400834940E0,1.279400834940E0,
1.279400834940E0,1.279400834940E0,1.279400834940E0,1.279400834940E0,
1.279400834940E0,1.279400834940E0,1.279400834940E0,1.279400834940E0,
1.279400834940E0,1.279400834940E0,1.279400834940E0,1.279400834940E0,
1.279400834940E0,1.279400834940E0,1.279400834940E0,1.279400834940E0,
1.279400834940E0,1.279400834940E0,1.279400834940E0,1.279400834940E0,
1.279400834940E0,1.279400834940E0,1.279400834940E0,1.279400834940E0,
1.279400834940E0,1.279400834940E0,1.279400834940E0,1.279400834940E0,
1.279400834940E0,1.279400834940E0,1.279400834940E0,1.279400834940E0,
1.279400834940E0,1.279400834940E0,1.279400834940E0,1.279400834940E0,
1.279400834940E0,1.279400834940E0,1.279400834940E0,1.279400834940E0,
1.279400834940E0,1.279400834940E0,1.279400834940E0,1.279400834940E0,
1.279400834940E0,1.279400834940E0,1.279400834940E0,1.279400834940E0,
1.279400834940E0,1.279400834940E0,1.279400834940E0,1.279400834940E0,
1.279400834940E0,1.279400834940E0,1.279400834940E0,1.279400834940E0,
1.279400834940E0,1.279400834940E0,1.279400834940E0,1.279400834940E0,
1.279400834940E0,1.279400834940E0,1.279400834940E0,1.279400834940E0,
1.279400834940E0,1.279400834940E0,1.279400834940E0,1.279400834940E0,
1.279400834940E0,1.279400834940E0,1.279400834940E0,1.279400834940E0,
1.279400834940E0,1.279400834940E0,1.279400834940E0,1.279400834940E0,
1.279400834940E0,1.279400834940E0,1.279400834940E0,1.279400834940E0,
1.279400834940E0,1.279400834940E0,1.279400834940E0,1.279400834940E0,
1.279400834940E0,1.279400834940E0,1.279400834940E0,1.279400834940E0,
1.279400834940E0,1.279400834940E0,1.279400834940E0,1.279400834940E0,
1.279400834940E0,1.279400834940E0,1.279400834940E0,1.279400834940E0,
1.279400834940E0,1.279400834940E0,1.279400834940E0,1.279400834940E0,
1.279400834940E0,1.279400834940E0,1.279400834940E0,1.279400834940E0,
1.279400834940E0,1.279400834940E0,1.279400834940E0,1.279400834940E0,
1.279400834940E0,1.279400834940E0,1.279400834940E0,1.279400834940E0,
1.279400834940E0,1.279400834940E0,1.279400834940E0,1.279400834940E0,
1.279400834940E0,1.279400834940E0,1.279400834940E0,1.279400834940E0,
1.279400834940E0,1.279400834940E0,1.279400834940E0,1.279400834940E0,
1.279400834940E0,1.279400834940E0,1.279400834940E0,1.279400834940E0,
1.279400834940E0,1.279400834940E0,1.279400834940E0,1.279400834940E0,
1.279400834940E0,1.279400834940E0,1.279400834940E0,1.279400834940E0,
1.279400834940E0,1.279400834940E0,1.279400834940E0,1.279400834940E0,
1.279400834940E0,1.279400834940E0,1.279400834940E0,1.279400834940E0,
1.279400834940E0,1.279400834940E0),(9.068663883535E-1,9.068663883535E-1,
9.068663883535E-1,9.068663883535E-1,9.068663883535E-1,9.068663883535E-1,
9.068663883535E-1,9.068663883535E-1,9.068663883535E-1,9.068663883535E-1,
9.068663883535E-1,9.068663883535E-1,9.068663883535E-1,9.068663883535E-1,
9.068663883535E-1,9.068663883535E-1,9.068663883535E-1,9.068663883535E-1,
9.068663883535E-1,9.068663883535E-1,9.068663883535E-1,9.068663883535E-1,
9.068663883535E-1,9.068663883535E-1,9.068663883535E-1,9.068663883535E-1,
9.068663883535E-1,9.068663883535E-1,9.068663883535E-1,9.068663883535E-1,
9.068663883535E-1,9.068663883535E-1,9.068663883535E-1,9.068663883535E-1,
9.068663883535E-1,9.068663883535E-1,9.068663883535E-1,9.068663883535E-1,
9.068663883535E-1,9.068663883535E-1,9.068663883535E-1,9.068663883535E-1,
9.068663883535E-1,9.068663883535E-1,9.068663883535E-1,9.068663883535E-1,
9.068663883535E-1,9.068663883535E-1,9.068663883535E-1,9.068663883535E-1,
9.068663883535E-1,9.068663883535E-1,9.068663883535E-1,9.068663883535E-1,
9.068663883535E-1,9.068663883535E-1,9.068663883535E-1,9.068663883535E-1,
9.068663883535E-1,9.068663883535E-1,9.068663883535E-1,9.068663883535E-1,
9.068663883535E-1,9.068663883535E-1,9.068663883535E-1,9.068663883535E-1,
9.068663883535E-1,9.068663883535E-1,9.068663883535E-1,9.068663883535E-1,
9.068663883535E-1,9.068663883535E-1,9.068663883535E-1,9.068663883535E-1,
9.068663883535E-1,9.068663883535E-1,9.068663883535E-1,9.068663883535E-1,
9.068663883535E-1,9.068663883535E-1,9.068663883535E-1,9.068663883535E-1,
9.068663883535E-1,9.068663883535E-1,9.068663883535E-1,9.068663883535E-1,
9.068663883535E-1,9.068663883535E-1,9.068663883535E-1,9.068663883535E-1,
9.068663883535E-1,9.068663883535E-1,9.068663883535E-1,9.068663883535E-1,
9.068663883535E-1,9.068663883535E-1,9.068663883535E-1,9.068663883535E-1,
9.068663883535E-1,9.068663883535E-1,9.068663883535E-1,9.068663883535E-1,
9.068663883535E-1,9.068663883535E-1,9.068663883535E-1,9.068663883535E-1,
9.068663883535E-1,9.068663883535E-1,9.068663883535E-1,9.068663883535E-1,
9.068663883535E-1,9.068663883535E-1,9.068663883535E-1,9.068663883535E-1,
9.068663883535E-1,9.068663883535E-1,9.068663883535E-1,9.068663883535E-1,
9.068663883535E-1,9.068663883535E-1,9.068663883535E-1,9.068663883535E-1,
9.068663883535E-1,9.068663883535E-1,9.068663883535E-1,9.068663883535E-1,
9.068663883535E-1,9.068663883535E-1,9.068663883535E-1,9.068663883535E-1,
9.068663883535E-1,9.068663883535E-1,9.068663883535E-1,9.068663883535E-1,
9.068663883535E-1,9.068663883535E-1,9.068663883535E-1,9.068663883535E-1,
9.068663883535E-1,9.068663883535E-1,9.068663883535E-1,9.068663883535E-1,
9.068663883535E-1,9.068663883535E-1,9.068663883535E-1,9.068663883535E-1,
9.068663883535E-1,9.068663883535E-1,9.068663883535E-1,9.068663883535E-1,
9.068663883535E-1,9.068663883535E-1,9.068663883535E-1,9.068663883535E-1,
9.068663883535E-1,9.068663883535E-1,9.068663883535E-1,9.068663883535E-1,
9.068663883535E-1,9.068663883535E-1,9.068663883535E-1,9.068663883535E-1,
9.068663883535E-1,9.068663883535E-1,9.068663883535E-1,9.068663883535E-1,
9.068663883535E-1,9.068663883535E-1,9.068663883535E-1,9.068663883535E-1,
9.068663883535E-1,9.068663883535E-1,9.068663883535E-1,9.068663883535E-1,
9.068663883535E-1,9.068663883535E-1,9.068663883535E-1,9.068663883535E-1,
9.068663883535E-1,9.068663883535E-1,9.068663883535E-1,9.068663883535E-1,
9.068663883535E-1,9.068663883535E-1,9.068663883535E-1,9.068663883535E-1,
9.068663883535E-1,9.068663883535E-1,9.068663883535E-1,9.068663883535E-1,
9.068663883535E-1,9.068663883535E-1,9.068663883535E-1,9.068663883535E-1,
9.068663883535E-1,9.068663883535E-1,9.068663883535E-1,9.068663883535E-1,
9.068663883535E-1,9.068663883535E-1,9.068663883535E-1,9.068663883535E-1,
9.068663883535E-1,9.068663883535E-1,9.068663883535E-1,9.068663883535E-1,
9.068663883535E-1,9.068663883535E-1,9.068663883535E-1,9.068663883535E-1,
9.068663883535E-1,9.068663883535E-1,9.068663883535E-1,9.068663883535E-1,
9.068663883535E-1,9.068663883535E-1,9.068663883535E-1,9.068663883535E-1,
9.068663883535E-1,9.068663883535E-1,9.068663883535E-1,9.068663883535E-1,
9.068663883535E-1,9.068663883535E-1,9.068663883535E-1,9.068663883535E-1),(
9.068663883535E-1,9.068663883535E-1,9.068663883535E-1,9.068663883535E-1,
9.068663883535E-1,9.068663883535E-1,9.068663883535E-1,9.068663883535E-1,
9.068663883535E-1,9.068663883535E-1,9.068663883535E-1,9.068663883535E-1,
9.068663883535E-1,9.068663883535E-1,9.068663883535E-1,9.068663883535E-1,
9.068663883535E-1,9.068663883535E-1,9.068663883535E-1,9.068663883535E-1,
9.068663883535E-1,9.068663883535E-1,9.068663883535E-1,9.068663883535E-1,
9.068663883535E-1,9.068663883535E-1,9.068663883535E-1,9.068663883535E-1,
9.068663883535E-1,9.068663883535E-1,9.068663883535E-1,9.068663883535E-1,
9.068663883535E-1,9.068663883535E-1,9.068663883535E-1,9.068663883535E-1,
9.068663883535E-1,9.068663883535E-1,9.068663883535E-1,9.068663883535E-1,
9.068663883535E-1,9.068663883535E-1,9.068663883535E-1,9.068663883535E-1,
9.068663883535E-1,9.068663883535E-1,9.068663883535E-1,9.068663883535E-1,
9.068663883535E-1,9.068663883535E-1,9.068663883535E-1,9.068663883535E-1,
9.068663883535E-1,9.068663883535E-1,9.068663883535E-1,9.068663883535E-1,
9.068663883535E-1,9.068663883535E-1,9.068663883535E-1,9.068663883535E-1,
9.068663883535E-1,9.068663883535E-1,9.068663883535E-1,9.068663883535E-1,
9.068663883535E-1,9.068663883535E-1,9.068663883535E-1,9.068663883535E-1,
9.068663883535E-1,9.068663883535E-1,9.068663883535E-1,9.068663883535E-1,
9.068663883535E-1,9.068663883535E-1,9.068663883535E-1,9.068663883535E-1,
9.068663883535E-1,9.068663883535E-1,9.068663883535E-1,9.068663883535E-1,
9.068663883535E-1,9.068663883535E-1,9.068663883535E-1,9.068663883535E-1,
9.068663883535E-1,9.068663883535E-1,9.068663883535E-1,9.068663883535E-1,
9.068663883535E-1,9.068663883535E-1,9.068663883535E-1,9.068663883535E-1,
9.068663883535E-1,9.068663883535E-1,9.068663883535E-1,9.068663883535E-1,
9.068663883535E-1,9.068663883535E-1,9.068663883535E-1,9.068663883535E-1,
9.068663883535E-1,9.068663883535E-1,9.068663883535E-1,9.068663883535E-1,
9.068663883535E-1,9.068663883535E-1,9.068663883535E-1,9.068663883535E-1,
9.068663883535E-1,9.068663883535E-1,9.068663883535E-1,9.068663883535E-1,
9.068663883535E-1,9.068663883535E-1,9.068663883535E-1,9.068663883535E-1,
9.068663883535E-1,9.068663883535E-1,9.068663883535E-1,9.068663883535E-1,
9.068663883535E-1,9.068663883535E-1,9.068663883535E-1,9.068663883535E-1,
9.068663883535E-1,9.068663883535E-1,9.068663883535E-1,9.068663883535E-1,
9.068663883535E-1,9.068663883535E-1,9.068663883535E-1,9.068663883535E-1,
9.068663883535E-1,9.068663883535E-1,9.068663883535E-1,9.068663883535E-1,
9.068663883535E-1,9.068663883535E-1,9.068663883535E-1,9.068663883535E-1,
9.068663883535E-1,9.068663883535E-1,9.068663883535E-1,9.068663883535E-1,
9.068663883535E-1,9.068663883535E-1,9.068663883535E-1,9.068663883535E-1,
9.068663883535E-1,9.068663883535E-1,9.068663883535E-1,9.068663883535E-1,
9.068663883535E-1,9.068663883535E-1,9.068663883535E-1,9.068663883535E-1,
9.068663883535E-1,9.068663883535E-1,9.068663883535E-1,9.068663883535E-1,
9.068663883535E-1,9.068663883535E-1,9.068663883535E-1,9.068663883535E-1,
9.068663883535E-1,9.068663883535E-1,9.068663883535E-1,9.068663883535E-1,
9.068663883535E-1,9.068663883535E-1,9.068663883535E-1,9.068663883535E-1,
9.068663883535E-1,9.068663883535E-1,9.068663883535E-1,9.068663883535E-1,
9.068663883535E-1,9.068663883535E-1,9.068663883535E-1,9.068663883535E-1,
9.068663883535E-1,9.068663883535E-1,9.068663883535E-1,9.068663883535E-1,
9.068663883535E-1,9.068663883535E-1,9.068663883535E-1,9.068663883535E-1,
9.068663883535E-1,9.068663883535E-1,9.068663883535E-1,9.068663883535E-1,
9.068663883535E-1,9.068663883535E-1,9.068663883535E-1,9.068663883535E-1,
9.068663883535E-1,9.068663883535E-1,9.068663883535E-1,9.068663883535E-1,
9.068663883535E-1,9.068663883535E-1,9.068663883535E-1,9.068663883535E-1,
9.068663883535E-1,9.068663883535E-1,9.068663883535E-1,9.068663883535E-1,
9.068663883535E-1,9.068663883535E-1,9.068663883535E-1,9.068663883535E-1,
9.068663883535E-1,9.068663883535E-1,9.068663883535E-1,9.068663883535E-1,
9.068663883535E-1,9.068663883535E-1,9.068663883535E-1,9.068663883535E-1,
9.068663883535E-1,9.068663883535E-1,9.068663883535E-1,9.068663883535E-1,
9.068663883535E-1,9.068663883535E-1),(1.279400834940E0,1.279400834940E0,
1.279400834940E0,1.279400834940E0,1.279400834940E0,1.279400834940E0,
1.279400834940E0,1.279400834940E0,1.279400834940E0,1.279400834940E0,
1.279400834940E0,1.279400834940E0,1.279400834940E0,1.279400834940E0,
1.279400834940E0,1.279400834940E0,1.279400834940E0,1.279400834940E0,
1.279400834940E0,1.279400834940E0,1.279400834940E0,1.279400834940E0,
1.279400834940E0,1.279400834940E0,1.279400834940E0,1.279400834940E0,
1.279400834940E0,1.279400834940E0,1.279400834940E0,1.279400834940E0,
1.279400834940E0,1.279400834940E0,1.279400834940E0,1.279400834940E0,
1.279400834940E0,1.279400834940E0,1.279400834940E0,1.279400834940E0,
1.279400834940E0,1.279400834940E0,1.279400834940E0,1.279400834940E0,
1.279400834940E0,1.279400834940E0,1.279400834940E0,1.279400834940E0,
1.279400834940E0,1.279400834940E0,1.279400834940E0,1.279400834940E0,
1.279400834940E0,1.279400834940E0,1.279400834940E0,1.279400834940E0,
1.279400834940E0,1.279400834940E0,1.279400834940E0,1.279400834940E0,
1.279400834940E0,1.279400834940E0,1.279400834940E0,1.279400834940E0,
1.279400834940E0,1.279400834940E0,1.279400834940E0,1.279400834940E0,
1.279400834940E0,1.279400834940E0,1.279400834940E0,1.279400834940E0,
1.279400834940E0,1.279400834940E0,1.279400834940E0,1.279400834940E0,
1.279400834940E0,1.279400834940E0,1.279400834940E0,1.279400834940E0,
1.279400834940E0,1.279400834940E0,1.279400834940E0,1.279400834940E0,
1.279400834940E0,1.279400834940E0,1.279400834940E0,1.279400834940E0,
1.279400834940E0,1.279400834940E0,1.279400834940E0,1.279400834940E0,
1.279400834940E0,1.279400834940E0,1.279400834940E0,1.279400834940E0,
1.279400834940E0,1.279400834940E0,1.279400834940E0,1.279400834940E0,
1.279400834940E0,1.279400834940E0,1.279400834940E0,1.279400834940E0,
1.279400834940E0,1.279400834940E0,1.279400834940E0,1.279400834940E0,
1.279400834940E0,1.279400834940E0,1.279400834940E0,1.279400834940E0,
1.279400834940E0,1.279400834940E0,1.279400834940E0,1.279400834940E0,
1.279400834940E0,1.279400834940E0,1.279400834940E0,1.279400834940E0,
1.279400834940E0,1.279400834940E0,1.279400834940E0,1.279400834940E0,
1.279400834940E0,1.279400834940E0,1.279400834940E0,1.279400834940E0,
1.279400834940E0,1.279400834940E0,1.279400834940E0,1.279400834940E0,
1.279400834940E0,1.279400834940E0,1.279400834940E0,1.279400834940E0,
1.279400834940E0,1.279400834940E0,1.279400834940E0,1.279400834940E0,
1.279400834940E0,1.279400834940E0,1.279400834940E0,1.279400834940E0,
1.279400834940E0,1.279400834940E0,1.279400834940E0,1.279400834940E0,
1.279400834940E0,1.279400834940E0,1.279400834940E0,1.279400834940E0,
1.279400834940E0,1.279400834940E0,1.279400834940E0,1.279400834940E0,
1.279400834940E0,1.279400834940E0,1.279400834940E0,1.279400834940E0,
1.279400834940E0,1.279400834940E0,1.279400834940E0,1.279400834940E0,
1.279400834940E0,1.279400834940E0,1.279400834940E0,1.279400834940E0,
1.279400834940E0,1.279400834940E0,1.279400834940E0,1.279400834940E0,
1.279400834940E0,1.279400834940E0,1.279400834940E0,1.279400834940E0,
1.279400834940E0,1.279400834940E0,1.279400834940E0,1.279400834940E0,
1.279400834940E0,1.279400834940E0,1.279400834940E0,1.279400834940E0,
1.279400834940E0,1.279400834940E0,1.279400834940E0,1.279400834940E0,
1.279400834940E0,1.279400834940E0,1.279400834940E0,1.279400834940E0,
1.279400834940E0,1.279400834940E0,1.279400834940E0,1.279400834940E0,
1.279400834940E0,1.279400834940E0,1.279400834940E0,1.279400834940E0,
1.279400834940E0,1.279400834940E0,1.279400834940E0,1.279400834940E0,
1.279400834940E0,1.279400834940E0,1.279400834940E0,1.279400834940E0,
1.279400834940E0,1.279400834940E0,1.279400834940E0,1.279400834940E0,
1.279400834940E0,1.279400834940E0,1.279400834940E0,1.279400834940E0,
1.279400834940E0,1.279400834940E0,1.279400834940E0,1.279400834940E0,
1.279400834940E0,1.279400834940E0,1.279400834940E0,1.279400834940E0,
1.279400834940E0,1.279400834940E0,1.279400834940E0,1.279400834940E0)))REPRESENTATION_ITEM('')SURFACE());
#8158=ORIENTED_EDGE('',*,*,#6535,.F.);
#8160=ORIENTED_EDGE('',*,*,#8159,.F.);
#8162=ORIENTED_EDGE('',*,*,#8161,.F.);
#8164=ORIENTED_EDGE('',*,*,#8163,.T.);
#8165=ORIENTED_EDGE('',*,*,#6559,.T.);
#8166=EDGE_LOOP('',(#8158,#8160,#8162,#8164,#8165));
#8167=FACE_OUTER_BOUND('',#8166,.F.);
#8168=ADVANCED_FACE('',(#8167),#8157,.T.);
#8169=FILL_AREA_STYLE_COLOUR('',#28);
#8170=FILL_AREA_STYLE('',(#8169));
#8171=SURFACE_STYLE_FILL_AREA(#8170);
#8172=SURFACE_SIDE_STYLE('',(#8171));
#8173=SURFACE_STYLE_USAGE(.POSITIVE.,#8172);
#8174=PRESENTATION_STYLE_ASSIGNMENT((#8173));
#8175=STYLED_ITEM('',(#8174),#8168);
#8176=CARTESIAN_POINT('',(1.202036197279E1,-3.921795264391E0,5.140398680079E0));
#8177=CARTESIAN_POINT('',(1.203184002527E1,-3.960923019698E0,4.918347141792E0));
#8178=CARTESIAN_POINT('',(1.205659236006E1,-4.002814707299E0,4.431664534153E0));
#8179=CARTESIAN_POINT('',(1.209462918506E1,-3.928140239633E0,3.683758782842E0));
#8180=CARTESIAN_POINT('',(1.213448835498E1,-3.696468660090E0,2.930902599629E0));
#8181=CARTESIAN_POINT('',(1.217436763336E1,-3.320575066833E0,2.238820870365E0));
#8182=CARTESIAN_POINT('',(1.221419282325E1,-2.815363696584E0,1.634790632239E0));
#8183=CARTESIAN_POINT('',(1.225405292147E1,-2.200790071517E0,1.142656091071E0));
#8184=CARTESIAN_POINT('',(1.229388063467E1,-1.501165754007E0,
7.817857404785E-1));
#8185=CARTESIAN_POINT('',(1.233372669261E1,-7.441252911904E-1,
5.664029088733E-1));
#8186=CARTESIAN_POINT('',(1.237354881884E1,4.042229478981E-2,
5.049433165714E-1));
#8187=CARTESIAN_POINT('',(1.241333015187E1,8.215110398407E-1,
5.997727181706E-1));
#8188=CARTESIAN_POINT('',(1.245316131521E1,1.568295136551E0,8.471385805810E-1));
#8189=CARTESIAN_POINT('',(1.249296989407E1,2.251315209840E0,1.237187463131E0));
#8190=CARTESIAN_POINT('',(1.253276108097E1,2.843638485961E0,1.754477658855E0));
#8191=CARTESIAN_POINT('',(1.257256168738E1,3.321904240168E0,2.378551984760E0));
#8192=CARTESIAN_POINT('',(1.261233277157E1,3.667295156963E0,3.084727683402E0));
#8193=CARTESIAN_POINT('',(1.265212300653E1,3.866202286803E0,3.845108312038E0));
#8194=CARTESIAN_POINT('',(1.269189118E1,3.910852476946E0,4.629651532750E0));
#8195=CARTESIAN_POINT('',(1.273164459094E1,3.799539948340E0,5.407386242151E0));
#8196=CARTESIAN_POINT('',(1.277139976800E1,3.536710585151E0,6.147612255737E0));
#8197=CARTESIAN_POINT('',(1.281113835138E1,3.132809475330E0,6.821131502799E0));
#8198=CARTESIAN_POINT('',(1.285087894660E1,2.603828974503E0,7.401378786588E0));
#8199=CARTESIAN_POINT('',(1.289059641186E1,1.970707995917E0,7.865503244552E0));
#8200=CARTESIAN_POINT('',(1.293034796553E1,1.258471984853E0,8.195197317379E0));
#8201=CARTESIAN_POINT('',(1.296999045310E1,4.952830626658E-1,8.377601162870E0));
#8202=CARTESIAN_POINT('',(1.300974329036E1,-2.887309491294E-1,
8.405431022455E0));
#8203=CARTESIAN_POINT('',(1.304941880397E1,-1.062603053665E0,8.277784775441E0));
#8204=CARTESIAN_POINT('',(1.308909888044E1,-1.795800131379E0,7.999713319997E0));
#8205=CARTESIAN_POINT('',(1.312878087493E1,-2.459389728816E0,7.582264726190E0));
#8206=CARTESIAN_POINT('',(1.316843784470E1,-3.027227460336E0,7.041994706840E0));
#8207=CARTESIAN_POINT('',(1.320810282212E1,-3.476925801568E0,6.400269894330E0));
#8208=CARTESIAN_POINT('',(1.324773642797E1,-3.790817754811E0,5.682481188657E0));
#8209=CARTESIAN_POINT('',(1.328738941540E1,-3.956541354516E0,4.916983847869E0));
#8210=CARTESIAN_POINT('',(1.332702455666E1,-3.967655337591E0,4.134027549235E0));
#8211=CARTESIAN_POINT('',(1.336663622568E1,-3.823803571847E0,3.364516212064E0));
#8212=CARTESIAN_POINT('',(1.340623339904E1,-3.530732196037E0,2.638812224013E0));
#8213=CARTESIAN_POINT('',(1.344583219137E1,-3.100072071709E0,1.985545262949E0));
#8214=CARTESIAN_POINT('',(1.348542094869E1,-2.548900477909E0,1.430459308433E0));
#8215=CARTESIAN_POINT('',(1.352499838343E1,-1.899037865593E0,
9.954117896104E-1));
#8216=CARTESIAN_POINT('',(1.356455185208E1,-1.176177064851E0,
6.974959273808E-1));
#8217=CARTESIAN_POINT('',(1.360419266994E1,-4.088950846581E-1,
5.485079774129E-1));
#8218=CARTESIAN_POINT('',(1.364362272430E1,3.725059646347E-1,
5.539607835603E-1));
#8219=CARTESIAN_POINT('',(1.368320532805E1,1.137171089957E0,7.139047785341E-1));
#8220=CARTESIAN_POINT('',(1.372271051810E1,1.854940793940E0,1.021722026431E0));
#8221=CARTESIAN_POINT('',(1.376222962766E1,2.497499136165E0,1.465268524444E0));
#8222=CARTESIAN_POINT('',(1.380172639383E1,3.039538380904E0,2.026930890929E0));
#8223=CARTESIAN_POINT('',(1.384122644382E1,3.459703337396E0,2.684490526432E0));
#8224=CARTESIAN_POINT('',(1.388068651555E1,3.741522401257E0,3.411922491353E0));
#8225=CARTESIAN_POINT('',(1.392016307420E1,3.873894780957E0,4.180499471414E0));
#8226=CARTESIAN_POINT('',(1.395965093437E1,3.851682827217E0,4.959840830788E0));
#8227=CARTESIAN_POINT('',(1.399911239948E1,3.675900174639E0,5.719179922478E0));
#8228=CARTESIAN_POINT('',(1.403851516565E1,3.353608333047E0,6.428595282462E0));
#8229=CARTESIAN_POINT('',(1.407791441847E1,2.897546039944E0,7.060105015592E0));
#8230=CARTESIAN_POINT('',(1.411734295746E1,2.325775268469E0,7.588783784852E0));
#8231=CARTESIAN_POINT('',(1.415672856338E1,1.660991426382E0,7.993895337658E0));
#8232=CARTESIAN_POINT('',(1.419611690641E1,9.294528876101E-1,8.259482502924E0));
#8233=CARTESIAN_POINT('',(1.423548762878E1,1.600864400702E-1,8.375169930345E0));
#8234=CARTESIAN_POINT('',(1.427484515467E1,-6.167247902270E-1,
8.336480953344E0));
#8235=CARTESIAN_POINT('',(1.431418781360E1,-1.370320783212E0,8.145039843767E0));
#8236=CARTESIAN_POINT('',(1.435353427068E1,-2.070959790163E0,7.808475345330E0));
#8237=CARTESIAN_POINT('',(1.439285567677E1,-2.691040211893E0,7.340199844821E0));
#8238=CARTESIAN_POINT('',(1.443216183162E1,-3.206141298368E0,6.758762043718E0));
#8239=CARTESIAN_POINT('',(1.447146320148E1,-3.595985232844E0,6.087176537272E0));
#8240=CARTESIAN_POINT('',(1.451073655281E1,-3.845301306450E0,5.352017224949E0));
#8241=CARTESIAN_POINT('',(1.455002306694E1,-3.944279639188E0,4.582324719152E0));
#8242=CARTESIAN_POINT('',(1.458930358520E1,-3.889138872102E0,3.808522101457E0));
#8243=CARTESIAN_POINT('',(1.462855195869E1,-3.682203101244E0,3.061140934397E0));
#8244=CARTESIAN_POINT('',(1.466775676632E1,-3.331751670265E0,2.369623106366E0));
#8245=CARTESIAN_POINT('',(1.470697656975E1,-2.851621190297E0,1.761268773472E0));
#8246=CARTESIAN_POINT('',(1.474619020588E1,-2.260893475751E0,1.260031556355E0));
#8247=CARTESIAN_POINT('',(1.478536966232E1,-1.582964403972E0,
8.855663174675E-1));
#8248=CARTESIAN_POINT('',(1.482459800907E1,-8.446340001932E-1,
6.527194072413E-1));
#8249=CARTESIAN_POINT('',(1.486363368739E1,-7.509743306138E-2,
5.701260474412E-1));
#8250=CARTESIAN_POINT('',(1.490289904302E1,6.952644212347E-1,
6.417410956212E-1));
#8251=CARTESIAN_POINT('',(1.494200942494E1,1.436046767356E0,8.639011399340E-1));
#8252=CARTESIAN_POINT('',(1.498113830132E1,2.118041105008E0,1.228065841865E0));
#8253=CARTESIAN_POINT('',(1.502024948027E1,2.714363212101E0,1.719693949242E0));
#8254=CARTESIAN_POINT('',(1.505935196246E1,3.201537640209E0,2.319306362770E0));
#8255=CARTESIAN_POINT('',(1.509842739684E1,3.560448496871E0,3.003144469551E0));
#8256=CARTESIAN_POINT('',(1.513750226167E1,3.776972311008E0,3.744187903145E0));
#8257=CARTESIAN_POINT('',(1.517656446059E1,3.842686406768E0,4.513130819869E0));
#8258=CARTESIAN_POINT('',(1.521560752900E1,3.755124170014E0,5.279609384394E0));
#8259=CARTESIAN_POINT('',(1.525462669148E1,3.517862797993E0,6.013392198378E0));
#8260=CARTESIAN_POINT('',(1.529364005085E1,3.140331351817E0,6.685531212433E0));
#8261=CARTESIAN_POINT('',(1.533264088094E1,2.637548069505E0,7.269545537947E0));
#8262=CARTESIAN_POINT('',(1.537162726252E1,2.029454120453E0,7.742454145600E0));
#8263=CARTESIAN_POINT('',(1.541058840419E1,1.340127957766E0,8.085710065114E0));
#8264=CARTESIAN_POINT('',(1.544956516296E1,5.968049432571E-1,8.285748007510E0));
#8265=CARTESIAN_POINT('',(1.548849873871E1,-1.710939985962E-1,
8.334943125794E0));
#8266=CARTESIAN_POINT('',(1.552741332577E1,-9.332941335398E-1,
8.231404667665E0));
#8267=CARTESIAN_POINT('',(1.556632887493E1,-1.659691078335E0,7.979268278461E0));
#8268=CARTESIAN_POINT('',(1.560522267264E1,-2.321663988340E0,7.588663987791E0));
#8269=CARTESIAN_POINT('',(1.564410877256E1,-2.893115740130E0,7.075071464410E0));
#8270=CARTESIAN_POINT('',(1.568297454055E1,-3.351589856087E0,6.458883646560E0));
#8271=CARTESIAN_POINT('',(1.572182854402E1,-3.679058261938E0,5.764475288289E0));
#8272=CARTESIAN_POINT('',(1.576066321011E1,-3.862723380887E0,5.019317891340E0));
#8273=CARTESIAN_POINT('',(1.579949168618E1,-3.895396039312E0,4.252847403508E0));
#8274=CARTESIAN_POINT('',(1.583830735381E1,-3.775925059231E0,3.495347697190E0));
#8275=CARTESIAN_POINT('',(1.587709742902E1,-3.509198331365E0,2.776682208637E0));
#8276=CARTESIAN_POINT('',(1.591587034029E1,-3.105815376653E0,2.125171199633E0));
#8277=CARTESIAN_POINT('',(1.595463737658E1,-2.581758722865E0,1.566515727712E0));
#8278=CARTESIAN_POINT('',(1.599338585736E1,-1.957853252888E0,1.122656759768E0));
#8279=CARTESIAN_POINT('',(1.603211744043E1,-1.258779834691E0,
8.110150945485E-1));
#8280=CARTESIAN_POINT('',(1.607084060090E1,-5.121829180144E-1,
6.438394532549E-1));
#8281=CARTESIAN_POINT('',(1.610953302337E1,2.524399410739E-1,
6.274777189315E-1));
#8282=CARTESIAN_POINT('',(1.614823174945E1,1.004886709313E0,7.626881951561E-1));
#8283=CARTESIAN_POINT('',(1.618690081574E1,1.715497467500E0,1.043791568676E0));
#8284=CARTESIAN_POINT('',(1.622556097418E1,2.356238415557E0,1.459711847174E0));
#8285=CARTESIAN_POINT('',(1.626420242850E1,2.901904901102E0,1.993869712669E0));
#8286=CARTESIAN_POINT('',(1.630283138660E1,3.331008984825E0,2.625129012328E0));
#8287=CARTESIAN_POINT('',(1.634144243335E1,3.626748140685E0,3.328477495323E0));
#8288=CARTESIAN_POINT('',(1.638004177883E1,3.777499792985E0,4.076124765827E0));
#8289=CARTESIAN_POINT('',(1.641862457739E1,3.777471967270E0,4.838511008357E0));
#8290=CARTESIAN_POINT('',(1.645719058989E1,3.626797940962E0,5.585551847068E0));
#8291=CARTESIAN_POINT('',(1.649574114665E1,3.331527624386E0,6.287787886998E0));
#8292=CARTESIAN_POINT('',(1.653427756151E1,2.903404320922E0,6.917524988452E0));
#8293=CARTESIAN_POINT('',(1.657279851958E1,2.359447659122E0,7.449989363945E0));
#8294=CARTESIAN_POINT('',(1.661130411682E1,1.721212712442E0,7.864199437414E0));
#8295=CARTESIAN_POINT('',(1.664979413815E1,1.013967939233E0,8.144096925499E0));
#8296=CARTESIAN_POINT('',(1.668827058464E1,2.656233853335E-1,8.277977244413E0));
#8297=CARTESIAN_POINT('',(1.672672867838E1,-4.941364716740E-1,
8.262245545437E0));
#8298=CARTESIAN_POINT('',(1.676517363293E1,-1.235451362925E0,8.096081924022E0));
#8299=CARTESIAN_POINT('',(1.680360276327E1,-1.929016384132E0,7.786911449395E0));
#8300=CARTESIAN_POINT('',(1.684201658997E1,-2.547515146608E0,7.346853214408E0));
#8301=CARTESIAN_POINT('',(1.688041532627E1,-3.066602749737E0,6.793435112305E0));
#8302=CARTESIAN_POINT('',(1.691879782354E1,-3.465857201736E0,6.148562540178E0));
#8303=CARTESIAN_POINT('',(1.695716699107E1,-3.729663816848E0,5.437779617007E0));
#8304=CARTESIAN_POINT('',(1.699551970760E1,-3.847670142818E0,4.689159835532E0));
#8305=CARTESIAN_POINT('',(1.703385452370E1,-3.815325965088E0,3.932293682037E0));
#8306=CARTESIAN_POINT('',(1.707217455901E1,-3.634073188136E0,3.197059505337E0));
#8307=CARTESIAN_POINT('',(1.711048513550E1,-3.311216773929E0,2.512416368549E0));
#8308=CARTESIAN_POINT('',(1.714877745678E1,-2.859524071635E0,1.905371770326E0));
#8309=CARTESIAN_POINT('',(1.718705235820E1,-2.296945980140E0,1.399826890571E0));
#8310=CARTESIAN_POINT('',(1.722531421759E1,-1.645796429756E0,1.015621627839E0));
#8311=CARTESIAN_POINT('',(1.726356407482E1,-9.318159375387E-1,
7.678145027339E-1));
#8312=CARTESIAN_POINT('',(1.730177964984E1,-1.832345174634E-1,
6.662148222143E-1));
#8313=CARTESIAN_POINT('',(1.734001185066E1,5.703727883127E-1,
7.144015402149E-1));
#8314=CARTESIAN_POINT('',(1.737820723948E1,1.299272524734E0,9.106839020312E-1));
#8315=CARTESIAN_POINT('',(1.741639582896E1,1.974724029432E0,1.247017985302E0));
#8316=CARTESIAN_POINT('',(1.745456546633E1,2.570106377041E0,1.710091288415E0));
#8317=CARTESIAN_POINT('',(1.749272010637E1,3.061989763346E0,2.281504634339E0));
#8318=CARTESIAN_POINT('',(1.753086393522E1,3.431066707815E0,2.938621167465E0));
#8319=CARTESIAN_POINT('',(1.756898828068E1,3.662833933392E0,3.655463182140E0));
#8320=CARTESIAN_POINT('',(1.760709495947E1,3.748259585283E0,4.403681977539E0));
#8321=CARTESIAN_POINT('',(1.764518914319E1,3.684110265009E0,5.153725253780E0));
#8322=CARTESIAN_POINT('',(1.768327493793E1,3.473046283661E0,5.876009187551E0));
#8323=CARTESIAN_POINT('',(1.772134187889E1,3.123469055359E0,6.542045437293E0));
#8324=CARTESIAN_POINT('',(1.775939129723E1,2.649293102464E0,7.125588250393E0));
#8325=CARTESIAN_POINT('',(1.779743006322E1,2.069337234029E0,7.603693050720E0));
#8326=CARTESIAN_POINT('',(1.783544649445E1,1.406561555325E0,7.957542138134E0));
#8327=CARTESIAN_POINT('',(1.787347655267E1,6.871835770082E-1,8.173375408064E0));
#8328=CARTESIAN_POINT('',(1.791138441852E1,-6.036674333346E-2,
8.242374939203E0));
#8329=CARTESIAN_POINT('',(1.794945526970E1,-8.065704317062E-1,
8.162779284442E0));
#8330=CARTESIAN_POINT('',(1.798738924828E1,-1.521975456317E0,7.936952242284E0));
#8331=CARTESIAN_POINT('',(1.802534965997E1,-2.178390243819E0,7.574399058125E0));
#8332=CARTESIAN_POINT('',(1.806327955832E1,-2.749937247045E0,7.089368543308E0));
#8333=CARTESIAN_POINT('',(1.810120393396E1,-3.214149017159E0,6.501155091830E0));
#8334=CARTESIAN_POINT('',(1.813910937459E1,-3.552769617238E0,5.833020097199E0));
#8335=CARTESIAN_POINT('',(1.817700810667E1,-3.752556299727E0,5.111400537176E0));
#8336=CARTESIAN_POINT('',(1.821487747642E1,-3.805675896918E0,4.364799936987E0));
#8337=CARTESIAN_POINT('',(1.825272805302E1,-3.710168362181E0,3.622720256789E0));
#8338=CARTESIAN_POINT('',(1.829058167673E1,-3.469963613804E0,2.914424414856E0));
#8339=CARTESIAN_POINT('',(1.832843405308E1,-3.094624489960E0,2.267815984195E0));
#8340=CARTESIAN_POINT('',(1.836624924632E1,-2.598999170889E0,1.708414018883E0));
#8341=CARTESIAN_POINT('',(1.840406075226E1,-2.002794614055E0,1.258190258595E0));
#8342=CARTESIAN_POINT('',(1.844185058312E1,-1.329584361568E0,
9.348566648810E-1));
#8343=CARTESIAN_POINT('',(1.847963402191E1,-6.060067651513E-1,
7.510541303290E-1));
#8344=CARTESIAN_POINT('',(1.851740851238E1,1.393612219998E-1,
7.139379559459E-1));
#8345=CARTESIAN_POINT('',(1.855516170076E1,8.770892333739E-1,
8.248917712222E-1));
#8346=CARTESIAN_POINT('',(1.859290173068E1,1.578068956700E0,1.079415594276E0));
#8347=CARTESIAN_POINT('',(1.863062444130E1,2.214661155897E0,1.467368666602E0));
#8348=CARTESIAN_POINT('',(1.866834199097E1,2.761804868776E0,1.973331837543E0));
#8349=CARTESIAN_POINT('',(1.870603537940E1,3.197949190047E0,2.577277938217E0));
#8350=CARTESIAN_POINT('',(1.874373182027E1,3.505999457233E0,3.255282208857E0));
#8351=CARTESIAN_POINT('',(1.878139511746E1,3.673835108001E0,3.980563901403E0));
#8352=CARTESIAN_POINT('',(1.881904973865E1,3.694967164209E0,4.724448200641E0));
#8353=CARTESIAN_POINT('',(1.885670011074E1,3.568671140424E0,5.457577135409E0));
#8354=CARTESIAN_POINT('',(1.889434314076E1,3.300024342668E0,6.151034385118E0));
#8355=CARTESIAN_POINT('',(1.893196465861E1,2.899703992222E0,6.777473466072E0));
#8356=CARTESIAN_POINT('',(1.896956956376E1,2.383608774663E0,7.312216534610E0));
#8357=CARTESIAN_POINT('',(1.900717474357E1,1.772191999298E0,7.734245860347E0));
#8358=CARTESIAN_POINT('',(1.904473600339E1,1.089621263732E0,8.026926326572E0));
#8359=CARTESIAN_POINT('',(1.908235445301E1,3.629222580219E-1,8.178927547332E0));
#8360=CARTESIAN_POINT('',(1.911993436450E1,-3.792641161643E-1,
8.184216938542E0));
#8361=CARTESIAN_POINT('',(1.915742056808E1,-1.107577235909E0,8.042611663851E0));
#8362=CARTESIAN_POINT('',(1.919498069126E1,-1.793329543244E0,7.760012060012E0));
#8363=CARTESIAN_POINT('',(1.923249544265E1,-2.409462053303E0,7.347506670240E0));
#8364=CARTESIAN_POINT('',(1.927001014702E1,-2.931719899617E0,6.821512264837E0));
#8365=CARTESIAN_POINT('',(1.930750004842E1,-3.339536609954E0,6.202835529961E0));
#8366=CARTESIAN_POINT('',(1.934500532864E1,-3.616931760891E0,5.515971767482E0));
#8367=CARTESIAN_POINT('',(1.938247517878E1,-3.752986951887E0,4.788038869010E0));
#8368=CARTESIAN_POINT('',(1.941990820937E1,-3.742415913149E0,4.047809549757E0));
#8369=CARTESIAN_POINT('',(1.945734045031E1,-3.585770816085E0,3.324509211605E0));
#8370=CARTESIAN_POINT('',(1.949480886239E1,-3.289358002724E0,2.646640493293E0));
#8371=CARTESIAN_POINT('',(1.953226690747E1,-2.864899034945E0,2.040926350301E0));
#8372=CARTESIAN_POINT('',(1.956966347051E1,-2.329188885320E0,1.531275760018E0));
#8373=CARTESIAN_POINT('',(1.960708436830E1,-1.703500452100E0,1.137683737923E0));
#8374=CARTESIAN_POINT('',(1.964447072705E1,-1.012538845644E0,
8.756592930519E-1));
#8375=CARTESIAN_POINT('',(1.968187472746E1,-2.836303821654E-1,
7.554197068327E-1));
#8376=CARTESIAN_POINT('',(1.971925687771E1,4.544560351642E-1,
7.816651080815E-1));
#8377=CARTESIAN_POINT('',(1.975661418354E1,1.172577608472E0,9.532797213786E-1));
#8378=CARTESIAN_POINT('',(1.979395930996E1,1.842404956237E0,1.263395203409E0));
#8379=CARTESIAN_POINT('',(1.983130478652E1,2.437539360869E0,1.699686239357E0));
#8380=CARTESIAN_POINT('',(1.986864486854E1,2.934538196872E0,2.244874629126E0));
#8381=CARTESIAN_POINT('',(1.990596132371E1,3.313827783960E0,2.877393651339E0));
#8382=CARTESIAN_POINT('',(1.994329280389E1,3.560533626969E0,3.572221088478E0));
#8383=CARTESIAN_POINT('',(1.998057833259E1,3.664942226854E0,4.301922568458E0));
#8384=CARTESIAN_POINT('',(2.001784030716E1,3.623025487608E0,5.037663046212E0));
#8385=CARTESIAN_POINT('',(2.005511700164E1,3.436548087796E0,5.750407923317E0));
#8386=CARTESIAN_POINT('',(2.009243241498E1,3.112955869563E0,6.412066685060E0));
#8387=CARTESIAN_POINT('',(2.012970258941E1,2.665022883265E0,6.996531362861E0));
#8388=CARTESIAN_POINT('',(2.016694053302E1,2.110513500291E0,7.480764359756E0));
#8389=CARTESIAN_POINT('',(2.020422056469E1,1.471382377058E0,7.845755750909E0));
#8390=CARTESIAN_POINT('',(2.024136090911E1,7.728646858777E-1,8.077036442371E0));
#8391=CARTESIAN_POINT('',(2.027889158046E1,4.260509439476E-2,8.165913104930E0));
#8392=CARTESIAN_POINT('',(2.031583607551E1,-6.906402971900E-1,
8.108266123741E0));
#8393=CARTESIAN_POINT('',(2.035310703338E1,-1.397860724967E0,7.907076467653E0));
#8394=CARTESIAN_POINT('',(2.039030253360E1,-2.051198776043E0,7.570066148077E0));
#8395=CARTESIAN_POINT('',(2.042749722470E1,-2.624878654512E0,7.110651676281E0));
#8396=CARTESIAN_POINT('',(2.046467530850E1,-3.096299445379E0,6.547008882318E0));
#8397=CARTESIAN_POINT('',(2.050186371052E1,-3.446913411261E0,5.901438264176E0));
#8398=CARTESIAN_POINT('',(2.053902415729E1,-3.662917203298E0,5.199437719398E0));
#8399=CARTESIAN_POINT('',(2.057435380364E1,-3.732261601321E0,4.504804124482E0));
#8400=CARTESIAN_POINT('',(2.059728985631E1,-3.693896883370E0,4.053806951986E0));
#8401=CARTESIAN_POINT('',(2.060784841274E1,-3.658306936221E0,3.849317527521E0));
#8402=CARTESIAN_POINT('',(1.191166490570E1,-3.963785749146E0,5.142065729424E0));
#8403=CARTESIAN_POINT('',(1.192322913742E1,-4.003326033213E0,4.917670956343E0));
#8404=CARTESIAN_POINT('',(1.194824362600E1,-4.045669870065E0,4.425796438371E0));
#8405=CARTESIAN_POINT('',(1.198669701603E1,-3.970189295693E0,3.669715365116E0));
#8406=CARTESIAN_POINT('',(1.202700149257E1,-3.735929764537E0,2.908420653763E0));
#8407=CARTESIAN_POINT('',(1.206734615513E1,-3.355743338501E0,2.208375371861E0));
#8408=CARTESIAN_POINT('',(1.210763148984E1,-2.844582472526E0,1.597245827226E0));
#8409=CARTESIAN_POINT('',(1.214797655380E1,-2.222626804060E0,1.099170780920E0));
#8410=CARTESIAN_POINT('',(1.218829102244E1,-1.514390420722E0,
7.338551570664E-1));
#8411=CARTESIAN_POINT('',(1.222864352252E1,-7.478307172259E-1,
5.157411845364E-1));
#8412=CARTESIAN_POINT('',(1.226897673218E1,4.680542408341E-2,
4.534829853121E-1));
#8413=CARTESIAN_POINT('',(1.230926626824E1,8.381419485076E-1,
5.495754270989E-1));
#8414=CARTESIAN_POINT('',(1.234963816451E1,1.594932210794E0,8.002285265854E-1));
#8415=CARTESIAN_POINT('',(1.238999227348E1,2.287291386079E0,1.195594686117E0));
#8416=CARTESIAN_POINT('',(1.243033513537E1,2.887867663176E0,1.720085092992E0));
#8417=CARTESIAN_POINT('',(1.247070501761E1,3.372936727598E0,2.353006322301E0));
#8418=CARTESIAN_POINT('',(1.251104622704E1,3.723322535647E0,3.069391513074E0));
#8419=CARTESIAN_POINT('',(1.255142869370E1,3.925178981588E0,3.840959349238E0));
#8420=CARTESIAN_POINT('',(1.259179319509E1,3.970509213892E0,4.637259008847E0));
#8421=CARTESIAN_POINT('',(1.263214979407E1,3.857505023305E0,5.426850119294E0));
#8422=CARTESIAN_POINT('',(1.267252292381E1,3.590613139476E0,6.178555913012E0));
#8423=CARTESIAN_POINT('',(1.271288540419E1,3.180352029674E0,6.862692856832E0));
#8424=CARTESIAN_POINT('',(1.275326506627E1,2.642909261666E0,7.452242994282E0));
#8425=CARTESIAN_POINT('',(1.279362385080E1,1.999490588093E0,7.923919947425E0));
#8426=CARTESIAN_POINT('',(1.283404924459E1,1.275497814348E0,8.259095362937E0));
#8427=CARTESIAN_POINT('',(1.287432171123E1,4.994968994891E-1,8.444516785582E0));
#8428=CARTESIAN_POINT('',(1.291477820527E1,-2.978563697925E-1,
8.472870153939E0));
#8429=CARTESIAN_POINT('',(1.295513020043E1,-1.085098744874E0,8.343015434994E0));
#8430=CARTESIAN_POINT('',(1.299550337630E1,-1.831140424546E0,8.060079526776E0));
#8431=CARTESIAN_POINT('',(1.303589463326E1,-2.506526296002E0,7.635228746836E0));
#8432=CARTESIAN_POINT('',(1.307626098950E1,-3.084590950202E0,7.085232564936E0));
#8433=CARTESIAN_POINT('',(1.311665524526E1,-3.542509179732E0,6.431806775922E0));
#8434=CARTESIAN_POINT('',(1.315701398976E1,-3.862203952100E0,5.700746945670E0));
#8435=CARTESIAN_POINT('',(1.319741946860E1,-4.031052375944E0,4.920920420026E0));
#8436=CARTESIAN_POINT('',(1.323781159769E1,-4.042393173206E0,4.123114145057E0));
#8437=CARTESIAN_POINT('',(1.327818049072E1,-3.895783839201E0,3.338825768552E0));
#8438=CARTESIAN_POINT('',(1.331854061882E1,-3.597018337271E0,2.599019116661E0));
#8439=CARTESIAN_POINT('',(1.335891915160E1,-3.157898891645E0,1.932901713251E0));
#8440=CARTESIAN_POINT('',(1.339929667127E1,-2.595770863287E0,1.366766365159E0));
#8441=CARTESIAN_POINT('',(1.343967120650E1,-1.932836178596E0,
9.229570057561E-1));
#8442=CARTESIAN_POINT('',(1.348001987234E1,-1.195272728662E0,
6.189824183864E-1));
#8443=CARTESIAN_POINT('',(1.352053865163E1,-4.122159829210E-1,
4.668533954770E-1));
#8444=CARTESIAN_POINT('',(1.356070404703E1,3.854393774649E-1,
4.725022836804E-1));
#8445=CARTESIAN_POINT('',(1.360115401623E1,1.166171353980E0,6.357601449643E-1));
#8446=CARTESIAN_POINT('',(1.364148416662E1,1.899180030775E0,9.501182424544E-1));
#8447=CARTESIAN_POINT('',(1.368185575997E1,2.555523318886E0,1.403164465762E0));
#8448=CARTESIAN_POINT('',(1.372220421887E1,3.109305642854E0,1.976987965874E0));
#8449=CARTESIAN_POINT('',(1.376257623650E1,3.538673140663E0,2.648920071442E0));
#8450=CARTESIAN_POINT('',(1.380289182208E1,3.826708378404E0,3.392416778643E0));
#8451=CARTESIAN_POINT('',(1.384325551625E1,3.962045199441E0,4.178117235575E0));
#8452=CARTESIAN_POINT('',(1.388365943219E1,3.939367688025E0,4.974989600126E0));
#8453=CARTESIAN_POINT('',(1.392403258902E1,3.759615300483E0,5.751575264884E0));
#8454=CARTESIAN_POINT('',(1.396431115026E1,3.429925434729E0,6.477235228757E0));
#8455=CARTESIAN_POINT('',(1.400460010339E1,2.963321503614E0,7.123324736626E0));
#8456=CARTESIAN_POINT('',(1.404496556259E1,2.378247881943E0,7.664335557210E0));
#8457=CARTESIAN_POINT('',(1.408526545960E1,1.697845845332E0,8.078962856199E0));
#8458=CARTESIAN_POINT('',(1.412558985532E1,9.489868415781E-1,8.350848840121E0));
#8459=CARTESIAN_POINT('',(1.416589844573E1,1.612537509140E-1,8.469303861579E0));
#8460=CARTESIAN_POINT('',(1.420619985313E1,-6.342485392326E-1,
8.429688636674E0));
#8461=CARTESIAN_POINT('',(1.424649044239E1,-1.406116193413E0,8.233608543994E0));
#8462=CARTESIAN_POINT('',(1.428680958731E1,-2.123877571168E0,7.888836516159E0));
#8463=CARTESIAN_POINT('',(1.432709696800E1,-2.759223246856E0,7.409039957639E0));
#8464=CARTESIAN_POINT('',(1.436737248871E1,-3.287095834531E0,6.813190771713E0));
#8465=CARTESIAN_POINT('',(1.440765918953E1,-3.686681124125E0,6.124842927083E0));
#8466=CARTESIAN_POINT('',(1.444790601631E1,-3.942262218540E0,5.371200729595E0));
#8467=CARTESIAN_POINT('',(1.448820388346E1,-4.043763644268E0,4.582030793880E0));
#8468=CARTESIAN_POINT('',(1.452851202698E1,-3.987242217913E0,3.788507538407E0));
#8469=CARTESIAN_POINT('',(1.456877099776E1,-3.775005681460E0,3.021949249893E0));
#8470=CARTESIAN_POINT('',(1.460895193510E1,-3.415491203968E0,2.312585567215E0));
#8471=CARTESIAN_POINT('',(1.464919008513E1,-2.922895668152E0,1.688427327179E0));
#8472=CARTESIAN_POINT('',(1.468943867574E1,-2.316736151861E0,1.174080638073E0));
#8473=CARTESIAN_POINT('',(1.472962847061E1,-1.620984019107E0,
7.897759152149E-1));
#8474=CARTESIAN_POINT('',(1.476996513676E1,-8.631367180420E-1,
5.507258417042E-1));
#8475=CARTESIAN_POINT('',(1.480984818374E1,-7.311921316410E-2,
4.660374200987E-1));
#8476=CARTESIAN_POINT('',(1.485032910756E1,7.178371745781E-1,
5.394688974135E-1));
#8477=CARTESIAN_POINT('',(1.489044958717E1,1.478546156448E0,7.676218156219E-1));
#8478=CARTESIAN_POINT('',(1.493064131927E1,2.178979894138E0,1.141624293214E0));
#8479=CARTESIAN_POINT('',(1.497081519245E1,2.791512924933E0,1.646609855163E0));
#8480=CARTESIAN_POINT('',(1.501099408088E1,3.292002754944E0,2.262596124797E0));
#8481=CARTESIAN_POINT('',(1.505112836484E1,3.660765794535E0,2.965209276745E0));
#8482=CARTESIAN_POINT('',(1.509128999526E1,3.883271348266E0,3.726691750705E0));
#8483=CARTESIAN_POINT('',(1.513144700982E1,3.950817659727E0,4.516947267941E0));
#8484=CARTESIAN_POINT('',(1.517158080883E1,3.860823342193E0,5.304771525743E0));
#8485=CARTESIAN_POINT('',(1.521167615668E1,3.616922999921E0,6.059080030779E0));
#8486=CARTESIAN_POINT('',(1.525178600874E1,3.228789513029E0,6.750104173093E0));
#8487=CARTESIAN_POINT('',(1.529189135162E1,2.711825658755E0,7.350599974736E0));
#8488=CARTESIAN_POINT('',(1.533198682082E1,2.086506576879E0,7.836912171849E0));
#8489=CARTESIAN_POINT('',(1.537203664711E1,1.377570582533E0,8.189929227585E0));
#8490=CARTESIAN_POINT('',(1.541217383661E1,6.130277311225E-1,8.395701117816E0));
#8491=CARTESIAN_POINT('',(1.545220791352E1,-1.768886731010E-1,
8.446304991655E0));
#8492=CARTESIAN_POINT('',(1.549221348889E1,-9.610192136144E-1,
8.339780803723E0));
#8493=CARTESIAN_POINT('',(1.553226135182E1,-1.708392609755E0,8.080370687096E0));
#8494=CARTESIAN_POINT('',(1.557227297520E1,-2.389547300270E0,7.678448812461E0));
#8495=CARTESIAN_POINT('',(1.561229856891E1,-2.977616819976E0,7.149929913544E0));
#8496=CARTESIAN_POINT('',(1.565229198316E1,-3.449465201217E0,6.515769982835E0));
#8497=CARTESIAN_POINT('',(1.569228513235E1,-3.786518795642E0,5.801045491231E0));
#8498=CARTESIAN_POINT('',(1.573224808116E1,-3.975574153106E0,5.034018792724E0));
#8499=CARTESIAN_POINT('',(1.577223421719E1,-4.009215959350E0,4.244989661881E0));
#8500=CARTESIAN_POINT('',(1.581221950316E1,-3.886228187288E0,3.465129064169E0));
#8501=CARTESIAN_POINT('',(1.585214663750E1,-3.611606212264E0,2.725190719578E0));
#8502=CARTESIAN_POINT('',(1.589204884763E1,-3.196250268475E0,2.054346858909E0));
#8503=CARTESIAN_POINT('',(1.593198108461E1,-2.656608233684E0,1.479068684206E0));
#8504=CARTESIAN_POINT('',(1.597188466994E1,-2.014098609379E0,1.021971242137E0));
#8505=CARTESIAN_POINT('',(1.601176409039E1,-1.294131021423E0,
7.010146310630E-1));
#8506=CARTESIAN_POINT('',(1.605166864054E1,-5.251722644918E-1,
5.288247620656E-1));
#8507=CARTESIAN_POINT('',(1.609146804887E1,2.624039270529E-1,
5.119804698377E-1));
#8508=CARTESIAN_POINT('',(1.613138154436E1,1.037479730367E0,6.512451914951E-1));
#8509=CARTESIAN_POINT('',(1.617119380994E1,1.769503553474E0,9.408210497339E-1));
#8510=CARTESIAN_POINT('',(1.621103204819E1,2.429586707934E0,1.369292333359E0));
#8511=CARTESIAN_POINT('',(1.625083228613E1,2.991752363371E0,1.919600841885E0));
#8512=CARTESIAN_POINT('',(1.629063927467E1,3.433853056077E0,2.569974380608E0));
#8513=CARTESIAN_POINT('',(1.633040936248E1,3.738561260726E0,3.294653765251E0));
#8514=CARTESIAN_POINT('',(1.637019760583E1,3.893894350617E0,4.065003932436E0));
#8515=CARTESIAN_POINT('',(1.640996318774E1,3.893868248794E0,4.850571421900E0));
#8516=CARTESIAN_POINT('',(1.644969743602E1,3.738607976394E0,5.620353925003E0));
#8517=CARTESIAN_POINT('',(1.648941036352E1,3.434339512484E0,6.343989916934E0));
#8518=CARTESIAN_POINT('',(1.652912638729E1,2.993158780256E0,6.992935931822E0));
#8519=CARTESIAN_POINT('',(1.656881845646E1,2.432596703565E0,7.541655788536E0));
#8520=CARTESIAN_POINT('',(1.660852434020E1,1.774864959311E0,7.968521828819E0));
#8521=CARTESIAN_POINT('',(1.664809398129E1,1.045994686050E0,8.256972726107E0));
#8522=CARTESIAN_POINT('',(1.668812837722E1,2.747814410474E-1,8.394963182444E0));
#8523=CARTESIAN_POINT('',(1.672738428757E1,-5.082475994742E-1,
8.378735986977E0));
#8524=CARTESIAN_POINT('',(1.676709599538E1,-1.272249392233E0,8.207489830995E0));
#8525=CARTESIAN_POINT('',(1.680667372399E1,-1.987051083905E0,7.888852508451E0));
#8526=CARTESIAN_POINT('',(1.684627202913E1,-2.624488728074E0,7.435319495099E0));
#8527=CARTESIAN_POINT('',(1.688584243245E1,-3.159472111496E0,6.864954329536E0));
#8528=CARTESIAN_POINT('',(1.692541114902E1,-3.570951166984E0,6.200336132881E0));
#8529=CARTESIAN_POINT('',(1.696493929657E1,-3.842834463181E0,5.467792209672E0));
#8530=CARTESIAN_POINT('',(1.700446814139E1,-3.964452044267E0,4.696260098871E0));
#8531=CARTESIAN_POINT('',(1.704400034310E1,-3.931116798553E0,3.916239440698E0));
#8532=CARTESIAN_POINT('',(1.708350605383E1,-3.744320348148E0,3.158523576831E0));
#8533=CARTESIAN_POINT('',(1.712295787893E1,-3.411597463460E0,2.452955103621E0));
#8534=CARTESIAN_POINT('',(1.716241646251E1,-2.946109233400E0,1.827371246344E0));
#8535=CARTESIAN_POINT('',(1.720186938846E1,-2.366362620412E0,1.306400853209E0));
#8536=CARTESIAN_POINT('',(1.724129317410E1,-1.695360242518E0,
9.104822792645E-1));
#8537=CARTESIAN_POINT('',(1.728069042115E1,-9.596319328476E-1,
6.551263934049E-1));
#8538=CARTESIAN_POINT('',(1.732014418733E1,-1.882788938439E-1,
5.504461066065E-1));
#8539=CARTESIAN_POINT('',(1.735945854068E1,5.882323126582E-1,
6.000888786896E-1));
#8540=CARTESIAN_POINT('',(1.739883904863E1,1.339250340927E0,8.023325128220E-1));
#8541=CARTESIAN_POINT('',(1.743817211335E1,2.035171103128E0,1.148858944998E0));
#8542=CARTESIAN_POINT('',(1.747750162061E1,2.648566898352E0,1.625945852052E0));
#8543=CARTESIAN_POINT('',(1.751681250255E1,3.155306999789E0,2.214621918403E0));
#8544=CARTESIAN_POINT('',(1.755609551475E1,3.535513933885E0,2.891554758909E0));
#8545=CARTESIAN_POINT('',(1.759537288230E1,3.774254310270E0,3.629974633501E0));
#8546=CARTESIAN_POINT('',(1.763463795164E1,3.862241126262E0,4.400670208055E0));
#8547=CARTESIAN_POINT('',(1.767387902151E1,3.796165386929E0,5.173197379242E0));
#8548=CARTESIAN_POINT('',(1.771308966971E1,3.578788362854E0,5.917087720656E0));
#8549=CARTESIAN_POINT('',(1.775229129607E1,3.218775810125E0,6.603001025689E0));
#8550=CARTESIAN_POINT('',(1.779147938449E1,2.730479292184E0,7.203914834789E0));
#8551=CARTESIAN_POINT('',(1.783064312777E1,2.133297754118E0,7.696217681187E0));
#8552=CARTESIAN_POINT('',(1.786979921275E1,1.450889621203E0,8.060541476296E0));
#8553=CARTESIAN_POINT('',(1.790889932990E1,7.102574909976E-1,8.282762923870E0));
#8554=CARTESIAN_POINT('',(1.794812566016E1,-5.930172174276E-2,
8.353733217287E0));
#8555=CARTESIAN_POINT('',(1.798709590136E1,-8.274328686811E-1,
8.271859952427E0));
#8556=CARTESIAN_POINT('',(1.802621120115E1,-1.563778082938E0,8.039397401377E0));
#8557=CARTESIAN_POINT('',(1.806525458121E1,-2.239351538187E0,7.666266720646E0));
#8558=CARTESIAN_POINT('',(1.810429962824E1,-2.827519894898E0,7.167121454661E0));
#8559=CARTESIAN_POINT('',(1.814331604452E1,-3.305187794535E0,6.561855086006E0));
#8560=CARTESIAN_POINT('',(1.818231888277E1,-3.653585967457E0,5.874417698213E0));
#8561=CARTESIAN_POINT('',(1.822129631598E1,-3.859123443929E0,5.132027996867E0));
#8562=CARTESIAN_POINT('',(1.826026869924E1,-3.913755564243E0,4.364019574674E0));
#8563=CARTESIAN_POINT('',(1.829922467931E1,-3.815506886363E0,3.600750262241E0));
#8564=CARTESIAN_POINT('',(1.833814777804E1,-3.568468896195E0,2.872309405253E0));
#8565=CARTESIAN_POINT('',(1.837704416269E1,-3.182502765889E0,2.207379072541E0));
#8566=CARTESIAN_POINT('',(1.841593810984E1,-2.672890278077E0,1.632204553581E0));
#8567=CARTESIAN_POINT('',(1.845480619935E1,-2.059941150109E0,1.169339229130E0));
#8568=CARTESIAN_POINT('',(1.849366017323E1,-1.367907518364E0,
8.369741081568E-1));
#8569=CARTESIAN_POINT('',(1.853249072595E1,-6.241956293264E-1,
6.480601218732E-1));
#8570=CARTESIAN_POINT('',(1.857130034498E1,1.418148969323E-1,
6.099157755222E-1));
#8571=CARTESIAN_POINT('',(1.861009489780E1,8.998726606453E-1,
7.239327510446E-1));
#8572=CARTESIAN_POINT('',(1.864887014279E1,1.620070925713E0,9.854406075778E-1));
#8573=CARTESIAN_POINT('',(1.868762763863E1,2.274022674807E0,1.383982616784E0));
#8574=CARTESIAN_POINT('',(1.872636291693E1,2.836010209183E0,1.903675877067E0));
#8575=CARTESIAN_POINT('',(1.876508264501E1,3.283914681880E0,2.523924474712E0));
#8576=CARTESIAN_POINT('',(1.880377806920E1,3.600232501174E0,3.220122285378E0));
#8577=CARTESIAN_POINT('',(1.884246017236E1,3.772532805086E0,3.964757658373E0));
#8578=CARTESIAN_POINT('',(1.888112113150E1,3.794214876389E0,4.728370665447E0));
#8579=CARTESIAN_POINT('',(1.891976071142E1,3.664585566639E0,5.480825741080E0));
#8580=CARTESIAN_POINT('',(1.895838020994E1,3.388899665832E0,6.192452982721E0));
#8581=CARTESIAN_POINT('',(1.899698224100E1,2.978150145940E0,6.835199454808E0));
#8582=CARTESIAN_POINT('',(1.903556516380E1,2.448698154486E0,7.383768267448E0));
#8583=CARTESIAN_POINT('',(1.907412746178E1,1.821567420143E0,7.816643502155E0));
#8584=CARTESIAN_POINT('',(1.911267301057E1,1.121568167320E0,8.116771664322E0));
#8585=CARTESIAN_POINT('',(1.915119378703E1,3.764534690392E-1,8.272654002698E0));
#8586=CARTESIAN_POINT('',(1.918969932206E1,-3.844247402654E-1,
8.278084345282E0));
#8587=CARTESIAN_POINT('',(1.922818678800E1,-1.130925212296E0,8.132889287462E0));
#8588=CARTESIAN_POINT('',(1.926665253754E1,-1.833689961576E0,7.843291357310E0));
#8589=CARTESIAN_POINT('',(1.930509957057E1,-2.464983653346E0,7.420619810750E0));
#8590=CARTESIAN_POINT('',(1.934352719073E1,-2.999995326202E0,6.881773557735E0));
#8591=CARTESIAN_POINT('',(1.938193471388E1,-3.417682849806E0,6.248096857047E0));
#8592=CARTESIAN_POINT('',(1.942032476652E1,-3.701752183635E0,5.544723167100E0));
#8593=CARTESIAN_POINT('',(1.945869396022E1,-3.841039753607E0,4.799430671996E0));
#8594=CARTESIAN_POINT('',(1.949704034518E1,-3.830187532348E0,4.041704852773E0));
#8595=CARTESIAN_POINT('',(1.953536746149E1,-3.669850506247E0,3.301465113335E0));
#8596=CARTESIAN_POINT('',(1.957368198499E1,-3.366566051993E0,2.607848177596E0));
#8597=CARTESIAN_POINT('',(1.961197873624E1,-2.932343972646E0,1.988178675968E0));
#8598=CARTESIAN_POINT('',(1.965024733076E1,-2.384396809277E0,1.466920433613E0));
#8599=CARTESIAN_POINT('',(1.968850311629E1,-1.744570195319E0,1.064432749758E0));
#8600=CARTESIAN_POINT('',(1.972673490552E1,-1.038138127742E0,
7.965585950822E-1));
#8601=CARTESIAN_POINT('',(1.976495375342E1,-2.930749752943E-1,
6.736486788261E-1));
#8602=CARTESIAN_POINT('',(1.980315133818E1,4.612107746574E-1,
7.004731906668E-1));
#8603=CARTESIAN_POINT('',(1.984132605488E1,1.194928728226E0,8.758296110663E-1));
#8604=CARTESIAN_POINT('',(1.987948084794E1,1.879147204662E0,1.192624929033E0));
#8605=CARTESIAN_POINT('',(1.991761939252E1,2.486933346780E0,1.638199828362E0));
#8606=CARTESIAN_POINT('',(1.995574052766E1,2.994385331192E0,2.194860537811E0));
#8607=CARTESIAN_POINT('',(1.999383829352E1,3.381553398136E0,2.840545008843E0));
#8608=CARTESIAN_POINT('',(2.003192538457E1,3.633338941012E0,3.549664271819E0));
#8609=CARTESIAN_POINT('',(2.006998147217E1,3.739848185148E0,4.294207211145E0));
#8610=CARTESIAN_POINT('',(2.010801291345E1,3.697056099054E0,5.044724150579E0));
#8611=CARTESIAN_POINT('',(2.014603366840E1,3.506865510106E0,5.771605222721E0));
#8612=CARTESIAN_POINT('',(2.018405442693E1,3.176950513408E0,6.446244292223E0));
#8613=CARTESIAN_POINT('',(2.022204329517E1,2.720338957278E0,7.042023481699E0));
#8614=CARTESIAN_POINT('',(2.026000343827E1,2.155221440115E0,7.535491417294E0));
#8615=CARTESIAN_POINT('',(2.029796725417E1,1.504035363385E0,7.907383259201E0));
#8616=CARTESIAN_POINT('',(2.033585414710E1,7.925140724300E-1,8.142884853382E0));
#8617=CARTESIAN_POINT('',(2.037390196001E1,4.885102889872E-2,8.233614452184E0));
#8618=CARTESIAN_POINT('',(2.041167134423E1,-6.976626373316E-1,
8.174703829148E0));
#8619=CARTESIAN_POINT('',(2.044957287117E1,-1.417492529939E0,7.969962770179E0));
#8620=CARTESIAN_POINT('',(2.048742646006E1,-2.082314094310E0,7.627013978402E0));
#8621=CARTESIAN_POINT('',(2.052526471349E1,-2.665919666440E0,7.159637918122E0));
#8622=CARTESIAN_POINT('',(2.056308057479E1,-3.145365916518E0,6.586375985591E0));
#8623=CARTESIAN_POINT('',(2.060088767720E1,-3.501862858972E0,5.929969955539E0));
#8624=CARTESIAN_POINT('',(2.063866616719E1,-3.721417811252E0,5.216371154311E0));
#8625=CARTESIAN_POINT('',(2.067456934041E1,-3.791880540325E0,4.510454289745E0));
#8626=CARTESIAN_POINT('',(2.069787133172E1,-3.752897056781E0,4.052245348574E0));
#8627=CARTESIAN_POINT('',(2.070857806322E1,-3.716740398633E0,3.844510034496E0));
#8628=CARTESIAN_POINT('',(1.181607146577E1,-3.899109159191E0,5.125919907220E0));
#8629=CARTESIAN_POINT('',(1.182741212141E1,-3.937990447993E0,4.905262449288E0));
#8630=CARTESIAN_POINT('',(1.185201075357E1,-3.979637969249E0,4.421530548866E0));
#8631=CARTESIAN_POINT('',(1.188983730655E1,-3.905398511716E0,3.677790542113E0));
#8632=CARTESIAN_POINT('',(1.192949508419E1,-3.674912732160E0,2.928733914366E0));
#8633=CARTESIAN_POINT('',(1.196919144322E1,-3.300765243361E0,2.239753670223E0));
#8634=CARTESIAN_POINT('',(1.200886025715E1,-2.797559870496E0,1.638148320045E0));
#8635=CARTESIAN_POINT('',(1.204858036337E1,-2.185148691035E0,1.147689520553E0));
#8636=CARTESIAN_POINT('',(1.208829167880E1,-1.487586568024E0,
7.878768588222E-1));
#8637=CARTESIAN_POINT('',(1.212804033350E1,-7.323896534498E-1,
5.729742731558E-1));
#8638=CARTESIAN_POINT('',(1.216778768E1,5.068037726569E-2,5.116142967029E-1));
#8639=CARTESIAN_POINT('',(1.220751592651E1,8.306940944967E-1,
6.063501220367E-1));
#8640=CARTESIAN_POINT('',(1.224731285585E1,1.576861147437E0,8.534580960348E-1));
#8641=CARTESIAN_POINT('',(1.228710920277E1,2.259685470344E0,1.243363673349E0));
#8642=CARTESIAN_POINT('',(1.232690893211E1,2.852143772197E0,1.760757223920E0));
#8643=CARTESIAN_POINT('',(1.236673954625E1,3.330796757574E0,2.385275912209E0));
#8644=CARTESIAN_POINT('',(1.240656092415E1,3.676630502385E0,3.092351166946E0));
#8645=CARTESIAN_POINT('',(1.244642371237E1,3.875939493732E0,3.854091739432E0));
#8646=CARTESIAN_POINT('',(1.248628500958E1,3.920716307025E0,4.640469642581E0));
#8647=CARTESIAN_POINT('',(1.252615174818E1,3.809095501908E0,5.420433379679E0));
#8648=CARTESIAN_POINT('',(1.256604219931E1,3.545398880813E0,6.163180164609E0));
#8649=CARTESIAN_POINT('',(1.260593600500E1,3.139925122779E0,6.839346939720E0));
#8650=CARTESIAN_POINT('',(1.264585424458E1,2.608610651935E0,7.422196740130E0));
#8651=CARTESIAN_POINT('',(1.268576772850E1,1.972345042294E0,7.888633790741E0));
#8652=CARTESIAN_POINT('',(1.272574424808E1,1.256210112508E0,8.220214589274E0));
#8653=CARTESIAN_POINT('',(1.276561317500E1,4.883983779434E-1,8.403629604556E0));
#8654=CARTESIAN_POINT('',(1.280563676424E1,-3.007450777817E-1,
8.431747380228E0));
#8655=CARTESIAN_POINT('',(1.284559020317E1,-1.080109074710E0,8.303188637350E0));
#8656=CARTESIAN_POINT('',(1.288557125241E1,-1.818887930059E0,8.023015182442E0));
#8657=CARTESIAN_POINT('',(1.292557825460E1,-2.487897058669E0,7.602197249707E0));
#8658=CARTESIAN_POINT('',(1.296557649591E1,-3.060658386986E0,7.057251888298E0));
#8659=CARTESIAN_POINT('',(1.300560869825E1,-3.514518533629E0,6.409651041399E0));
#8660=CARTESIAN_POINT('',(1.304562320343E1,-3.831457599911E0,5.684890887249E0));
#8661=CARTESIAN_POINT('',(1.308568740273E1,-3.998924689927E0,4.911570874996E0));
#8662=CARTESIAN_POINT('',(1.312575224499E1,-4.010193816762E0,4.120185447286E0));
#8663=CARTESIAN_POINT('',(1.316580905727E1,-3.864728652607E0,3.341985810087E0));
#8664=CARTESIAN_POINT('',(1.320586964093E1,-3.568200340505E0,2.607715340542E0));
#8665=CARTESIAN_POINT('',(1.324595704389E1,-3.132253230728E0,1.946386786549E0));
#8666=CARTESIAN_POINT('',(1.328605495927E1,-2.574021311728E0,1.384155969329E0));
#8667=CARTESIAN_POINT('',(1.332616185750E1,-1.915484019813E0,
9.432765726751E-1));
#8668=CARTESIAN_POINT('',(1.336625720451E1,-1.182603415726E0,
6.412328994845E-1));
#8669=CARTESIAN_POINT('',(1.340651318784E1,-4.042913670777E-1,
4.899227683957E-1));
#8670=CARTESIAN_POINT('',(1.344647080383E1,3.887698214165E-1,
4.956493783611E-1));
#8671=CARTESIAN_POINT('',(1.348668939213E1,1.165230442481E0,6.579509097377E-1));
#8672=CARTESIAN_POINT('',(1.352681399005E1,1.894438573036E0,9.706867342090E-1));
#8673=CARTESIAN_POINT('',(1.356698659440E1,2.547576108703E0,1.421498385511E0));
#8674=CARTESIAN_POINT('',(1.360714996689E1,3.098812096472E0,1.992673541710E0));
#8675=CARTESIAN_POINT('',(1.364734620882E1,3.526346096863E0,2.661694646535E0));
#8676=CARTESIAN_POINT('',(1.368750242404E1,3.813212721077E0,3.402202757772E0));
#8677=CARTESIAN_POINT('',(1.372771397086E1,3.948065022825E0,4.184962382098E0));
#8678=CARTESIAN_POINT('',(1.376797477081E1,3.925515252595E0,4.979097403759E0));
#8679=CARTESIAN_POINT('',(1.380821930368E1,3.746357853241E0,5.753258017835E0));
#8680=CARTESIAN_POINT('',(1.384838671719E1,3.417582710582E0,6.476845285437E0));
#8681=CARTESIAN_POINT('',(1.388857461063E1,2.952162815885E0,7.121269182657E0));
#8682=CARTESIAN_POINT('',(1.392884679932E1,2.368439369704E0,7.661080282441E0));
#8683=CARTESIAN_POINT('',(1.396906825051E1,1.689376088442E0,8.074888965474E0));
#8684=CARTESIAN_POINT('',(1.400932469956E1,9.417799090093E-1,8.346333103563E0));
#8685=CARTESIAN_POINT('',(1.404957768111E1,1.551372717371E-1,8.464633478406E0));
#8686=CARTESIAN_POINT('',(1.408983534096E1,-6.394991039690E-1,
8.425068896952E0));
#8687=CARTESIAN_POINT('',(1.413009401012E1,-1.410752562210E0,8.229149231462E0));
#8688=CARTESIAN_POINT('',(1.417039274013E1,-2.128166055053E0,7.884573335889E0));
#8689=CARTESIAN_POINT('',(1.421067201165E1,-2.763389259675E0,7.404881080430E0));
#8690=CARTESIAN_POINT('',(1.425095112707E1,-3.291313357956E0,6.808982070462E0));
#8691=CARTESIAN_POINT('',(1.429125348741E1,-3.691067668722E0,6.120376091723E0));
#8692=CARTESIAN_POINT('',(1.433152728882E1,-3.946817541469E0,5.366220106659E0));
#8693=CARTESIAN_POINT('',(1.437186501175E1,-4.048449859137E0,4.576286647819E0));
#8694=CARTESIAN_POINT('',(1.441222602644E1,-3.991900346631E0,3.781745721792E0));
#8695=CARTESIAN_POINT('',(1.445254891995E1,-3.779343330256E0,3.013970290011E0));
#8696=CARTESIAN_POINT('',(1.449280234322E1,-3.419128853714E0,2.303295160812E0));
#8697=CARTESIAN_POINT('',(1.453312712731E1,-2.925481518529E0,1.677785445093E0));
#8698=CARTESIAN_POINT('',(1.457347566649E1,-2.317845729161E0,1.162156534661E0));
#8699=CARTESIAN_POINT('',(1.461377349439E1,-1.620183286076E0,
7.768070267371E-1));
#8700=CARTESIAN_POINT('',(1.465424198391E1,-8.600392788899E-1,
5.369374236191E-1));
#8701=CARTESIAN_POINT('',(1.469423360342E1,-6.737525697558E-2,
4.521723925102E-1));
#8702=CARTESIAN_POINT('',(1.473488299073E1,7.264508787414E-1,
5.256699848830E-1));
#8703=CARTESIAN_POINT('',(1.477515572501E1,1.490153247242E0,7.547557982348E-1));
#8704=CARTESIAN_POINT('',(1.481551755026E1,2.193545003730E0,1.130320106931E0));
#8705=CARTESIAN_POINT('',(1.485587279031E1,2.808851721026E0,1.637576520807E0));
#8706=CARTESIAN_POINT('',(1.489624635342E1,3.311764284015E0,2.256512400639E0));
#8707=CARTESIAN_POINT('',(1.493658279272E1,3.682405290169E0,2.962711599534E0));
#8708=CARTESIAN_POINT('',(1.497696266741E1,3.906130685985E0,3.728293229495E0));
#8709=CARTESIAN_POINT('',(1.501735059388E1,3.974086165801E0,4.523041917404E0));
#8710=CARTESIAN_POINT('',(1.505772528894E1,3.883568382770E0,5.315582098630E0));
#8711=CARTESIAN_POINT('',(1.509806869202E1,3.638133446108E0,6.074620273775E0));
#8712=CARTESIAN_POINT('',(1.513844176362E1,3.247464175996E0,6.770183103372E0));
#8713=CARTESIAN_POINT('',(1.517882288907E1,2.726970676890E0,7.374803679813E0));
#8714=CARTESIAN_POINT('',(1.521920599584E1,2.097193091884E0,7.864603256330E0));
#8715=CARTESIAN_POINT('',(1.525954817628E1,1.382987463458E0,8.220234480507E0));
#8716=CARTESIAN_POINT('',(1.530000810085E1,6.125572583936E-1,8.427653962999E0));
#8717=CARTESIAN_POINT('',(1.534035888923E1,-1.836956463138E-1,
8.478658834845E0));
#8718=CARTESIAN_POINT('',(1.538068801199E1,-9.743278206891E-1,
8.371232576792E0));
#8719=CARTESIAN_POINT('',(1.542108208030E1,-1.728120606379E0,8.109615493628E0));
#8720=CARTESIAN_POINT('',(1.546144571690E1,-2.415316793405E0,7.704131256426E0));
#8721=CARTESIAN_POINT('',(1.550184047125E1,-3.008782009503E0,7.170790086379E0));
#8722=CARTESIAN_POINT('',(1.554220942970E1,-3.485088319955E0,6.530647713934E0));
#8723=CARTESIAN_POINT('',(1.558259215471E1,-3.825430694802E0,5.808980370598E0));
#8724=CARTESIAN_POINT('',(1.562295097873E1,-4.016377090821E0,5.034280465891E0));
#8725=CARTESIAN_POINT('',(1.566335351120E1,-4.050390681432E0,4.237138237062E0));
#8726=CARTESIAN_POINT('',(1.570377015405E1,-3.926136768974E0,3.449026041720E0));
#8727=CARTESIAN_POINT('',(1.574412674146E1,-3.648532855752E0,2.701053230318E0));
#8728=CARTESIAN_POINT('',(1.578446505589E1,-3.228545692896E0,2.022748215788E0));
#8729=CARTESIAN_POINT('',(1.582485739095E1,-2.682764350385E0,1.440892370139E0));
#8730=CARTESIAN_POINT('',(1.586522730355E1,-2.032749511423E0,
9.784428629620E-1));
#8731=CARTESIAN_POINT('',(1.590557980932E1,-1.304170922955E0,
6.536454286564E-1));
#8732=CARTESIAN_POINT('',(1.594598175120E1,-5.258033728432E-1,
4.793174596784E-1));
#8733=CARTESIAN_POINT('',(1.598625638353E1,2.716274920236E-1,
4.623023594587E-1));
#8734=CARTESIAN_POINT('',(1.602670176217E1,1.056620602251E0,6.032902897440E-1));
#8735=CARTESIAN_POINT('',(1.606702464681E1,1.798205561111E0,8.966581345480E-1));
#8736=CARTESIAN_POINT('',(1.610739887026E1,2.467098938410E0,1.330824073487E0));
#8737=CARTESIAN_POINT('',(1.614773623629E1,3.036913790965E0,1.888617375302E0));
#8738=CARTESIAN_POINT('',(1.618809921796E1,3.485162040449E0,2.548003040171E0));
#8739=CARTESIAN_POINT('',(1.622842610554E1,3.794178807484E0,3.282929759967E0));
#8740=CARTESIAN_POINT('',(1.626879547909E1,3.951774527193E0,4.064372366264E0));
#8741=CARTESIAN_POINT('',(1.630914937317E1,3.951767265016E0,4.861470121483E0));
#8742=CARTESIAN_POINT('',(1.634947451937E1,3.794191805816E0,5.642756328054E0));
#8743=CARTESIAN_POINT('',(1.638978496655E1,3.485297318213E0,6.377392918266E0));
#8744=CARTESIAN_POINT('',(1.643011730051E1,3.037304951016E0,7.036381885017E0));
#8745=CARTESIAN_POINT('',(1.647043081946E1,2.467935848029E0,7.593733082888E0));
#8746=CARTESIAN_POINT('',(1.651078444965E1,1.799697544405E0,8.027451129708E0));
#8747=CARTESIAN_POINT('',(1.655094387618E1,1.058984968111E0,8.320513969980E0));
#8748=CARTESIAN_POINT('',(1.659184618529E1,2.750851366598E-1,8.461113295292E0));
#8749=CARTESIAN_POINT('',(1.663155366335E1,-5.210993232862E-1,
8.444303417887E0));
#8750=CARTESIAN_POINT('',(1.667198949641E1,-1.298084924845E0,8.270230805787E0));
#8751=CARTESIAN_POINT('',(1.671223496338E1,-2.025227822952E0,7.946080192334E0));
#8752=CARTESIAN_POINT('',(1.675253104320E1,-2.673831208096E0,7.484621322906E0));
#8753=CARTESIAN_POINT('',(1.679280169593E1,-3.218319675397E0,6.904132541622E0));
#8754=CARTESIAN_POINT('',(1.683308928634E1,-3.637222846295E0,6.227557733836E0));
#8755=CARTESIAN_POINT('',(1.687332952556E1,-3.914065463661E0,5.481642499596E0));
#8756=CARTESIAN_POINT('',(1.691359068480E1,-4.037942939094E0,4.695845828653E0));
#8757=CARTESIAN_POINT('',(1.695387866874E1,-4.004012624141E0,3.901208898846E0));
#8758=CARTESIAN_POINT('',(1.699414305784E1,-3.813689594636E0,3.129102571016E0));
#8759=CARTESIAN_POINT('',(1.703433461284E1,-3.474557843934E0,2.409977242052E0));
#8760=CARTESIAN_POINT('',(1.707455873771E1,-3.000019631111E0,1.772220054494E0));
#8761=CARTESIAN_POINT('',(1.711479501620E1,-2.408868767541E0,1.240978346489E0));
#8762=CARTESIAN_POINT('',(1.715500146246E1,-1.724496557596E0,
8.371652933326E-1));
#8763=CARTESIAN_POINT('',(1.719518089012E1,-9.739409917081E-1,
5.766674324169E-1));
#8764=CARTESIAN_POINT('',(1.723548999393E1,-1.868670614620E-1,
4.697866233174E-1));
#8765=CARTESIAN_POINT('',(1.727556112251E1,6.056575013720E-1,
5.205045926071E-1));
#8766=CARTESIAN_POINT('',(1.731578003911E1,1.372331043132E0,7.269355570162E-1));
#8767=CARTESIAN_POINT('',(1.735593298683E1,2.082915312307E0,1.080763989895E0));
#8768=CARTESIAN_POINT('',(1.739610321825E1,2.709376557579E0,1.567997742248E0));
#8769=CARTESIAN_POINT('',(1.743626241168E1,3.227026658684E0,2.169330510527E0));
#8770=CARTESIAN_POINT('',(1.747639107005E1,3.615495916989E0,2.860973416420E0));
#8771=CARTESIAN_POINT('',(1.751653438971E1,3.859487256315E0,3.615594361031E0));
#8772=CARTESIAN_POINT('',(1.755667977978E1,3.949442281220E0,4.403368703474E0));
#8773=CARTESIAN_POINT('',(1.759680271461E1,3.881899471473E0,5.193185439397E0));
#8774=CARTESIAN_POINT('',(1.763688820538E1,3.659609892439E0,5.953879125576E0));
#8775=CARTESIAN_POINT('',(1.767698231920E1,3.291397201753E0,6.655430890611E0));
#8776=CARTESIAN_POINT('',(1.771707639181E1,2.791877294153E0,7.270175262501E0));
#8777=CARTESIAN_POINT('',(1.775714524761E1,2.180840710086E0,7.773906600412E0));
#8778=CARTESIAN_POINT('',(1.779722905396E1,1.482461046107E0,8.146775291501E0));
#8779=CARTESIAN_POINT('',(1.783720894369E1,7.243426984643E-1,8.374215113646E0));
#8780=CARTESIAN_POINT('',(1.787753342403E1,-6.353163825603E-2,
8.447018040425E0));
#8781=CARTESIAN_POINT('',(1.791726111585E1,-8.501075821027E-1,
8.363040328409E0));
#8782=CARTESIAN_POINT('',(1.795738055362E1,-1.604273017453E0,8.125006824805E0));
#8783=CARTESIAN_POINT('',(1.799735570184E1,-2.296324755230E0,7.742766184639E0));
#8784=CARTESIAN_POINT('',(1.803737023656E1,-2.898956555974E0,7.231365118437E0));
#8785=CARTESIAN_POINT('',(1.807734667186E1,-3.388456894268E0,6.611110026907E0));
#8786=CARTESIAN_POINT('',(1.811732470573E1,-3.745554853313E0,5.906525191324E0));
#8787=CARTESIAN_POINT('',(1.815727111211E1,-3.956257172884E0,5.145477910116E0));
#8788=CARTESIAN_POINT('',(1.819724501750E1,-4.012289573420E0,4.358033363515E0));
#8789=CARTESIAN_POINT('',(1.823721593410E1,-3.911558366526E0,3.575304176626E0));
#8790=CARTESIAN_POINT('',(1.827713177657E1,-3.658180585587E0,2.828162592647E0));
#8791=CARTESIAN_POINT('',(1.831700736229E1,-3.262232128336E0,2.146056331067E0));
#8792=CARTESIAN_POINT('',(1.835692395805E1,-2.739376775083E0,1.555914696483E0));
#8793=CARTESIAN_POINT('',(1.839680457697E1,-2.110384679775E0,1.080930378306E0));
#8794=CARTESIAN_POINT('',(1.843668925695E1,-1.400127090353E0,
7.398008665525E-1));
#8795=CARTESIAN_POINT('',(1.847654502923E1,-6.367035464717E-1,
5.458759741239E-1));
#8796=CARTESIAN_POINT('',(1.851637886355E1,1.497319443672E-1,
5.067148658770E-1));
#8797=CARTESIAN_POINT('',(1.855621482336E1,9.281220301562E-1,
6.237834261538E-1));
#8798=CARTESIAN_POINT('',(1.859603646174E1,1.667750323604E0,8.923398605360E-1));
#8799=CARTESIAN_POINT('',(1.863585123070E1,2.339447784697E0,1.301686281044E0));
#8800=CARTESIAN_POINT('',(1.867563748949E1,2.916767697701E0,1.835554397577E0));
#8801=CARTESIAN_POINT('',(1.871542856354E1,3.376965059819E0,2.472808070952E0));
#8802=CARTESIAN_POINT('',(1.875517796560E1,3.702003339544E0,3.188201983959E0));
#8803=CARTESIAN_POINT('',(1.879494649506E1,3.879090693727E0,3.953469558957E0));
#8804=CARTESIAN_POINT('',(1.883469242955E1,3.901386065127E0,4.738352314982E0));
#8805=CARTESIAN_POINT('',(1.887441006521E1,3.768131507781E0,5.511870655216E0));
#8806=CARTESIAN_POINT('',(1.891410515912E1,3.484691955035E0,6.243512410537E0));
#8807=CARTESIAN_POINT('',(1.895379887799E1,3.062341549185E0,6.904422215545E0));
#8808=CARTESIAN_POINT('',(1.899348275115E1,2.517866668836E0,7.468566871323E0));
#8809=CARTESIAN_POINT('',(1.903313405185E1,1.872857187466E0,7.913783318039E0));
#8810=CARTESIAN_POINT('',(1.907281211069E1,1.152821721422E0,8.222520280216E0));
#8811=CARTESIAN_POINT('',(1.911238250825E1,3.862749309490E-1,8.382866352645E0));
#8812=CARTESIAN_POINT('',(1.915197553363E1,-3.965642813791E-1,
8.388448304961E0));
#8813=CARTESIAN_POINT('',(1.919165326807E1,-1.164703332240E0,8.239078516944E0));
#8814=CARTESIAN_POINT('',(1.923120795228E1,-1.887915952528E0,7.941046725755E0));
#8815=CARTESIAN_POINT('',(1.927078806926E1,-2.537649188598E0,7.506038424677E0));
#8816=CARTESIAN_POINT('',(1.931033789608E1,-3.088344491197E0,6.951399934378E0));
#8817=CARTESIAN_POINT('',(1.934988620406E1,-3.518323912417E0,6.299088777567E0));
#8818=CARTESIAN_POINT('',(1.938938866399E1,-3.810774775320E0,5.574953596977E0));
#8819=CARTESIAN_POINT('',(1.942890122388E1,-3.954192289774E0,4.807595053145E0));
#8820=CARTESIAN_POINT('',(1.946842251056E1,-3.943032457228E0,4.027361712880E0));
#8821=CARTESIAN_POINT('',(1.950791462772E1,-3.777927458639E0,3.265060900311E0));
#8822=CARTESIAN_POINT('',(1.954734345884E1,-3.465572227751E0,2.550713252636E0));
#8823=CARTESIAN_POINT('',(1.958675700416E1,-3.018331201746E0,1.912474169145E0));
#8824=CARTESIAN_POINT('',(1.962620064422E1,-2.453924014952E0,1.375544313106E0));
#8825=CARTESIAN_POINT('',(1.966559492784E1,-1.794816314087E0,
9.609284529660E-1));
#8826=CARTESIAN_POINT('',(1.970499333292E1,-1.067045970631E0,
6.849569982247E-1));
#8827=CARTESIAN_POINT('',(1.974435024251E1,-2.994188559137E-1,
5.583266280393E-1));
#8828=CARTESIAN_POINT('',(1.978370025098E1,4.777610501151E-1,
5.859643472755E-1));
#8829=CARTESIAN_POINT('',(1.982304445876E1,1.233798743960E0,7.666507347457E-1));
#8830=CARTESIAN_POINT('',(1.986237220229E1,1.938876485783E0,1.093099147027E0));
#8831=CARTESIAN_POINT('',(1.990167412361E1,2.565229076108E0,1.552282949244E0));
#8832=CARTESIAN_POINT('',(1.994095533253E1,3.088211590267E0,2.125978821460E0));
#8833=CARTESIAN_POINT('',(1.998022848956E1,3.487252215090E0,2.791456999820E0));
#8834=CARTESIAN_POINT('',(2.001946684829E1,3.746769359977E0,3.522354455192E0));
#8835=CARTESIAN_POINT('',(2.005871213119E1,3.856559030451E0,4.289796549937E0));
#8836=CARTESIAN_POINT('',(2.009794727826E1,3.812455035617E0,5.063432109295E0));
#8837=CARTESIAN_POINT('',(2.013714797679E1,3.616399728622E0,5.812736884003E0));
#8838=CARTESIAN_POINT('',(2.017630200932E1,3.276290530024E0,6.508213838679E0));
#8839=CARTESIAN_POINT('',(2.021546072077E1,2.805560211348E0,7.122416244210E0));
#8840=CARTESIAN_POINT('',(2.025461337910E1,2.222951432503E0,7.631161516130E0));
#8841=CARTESIAN_POINT('',(2.029372104607E1,1.551586615527E0,8.014575508503E0));
#8842=CARTESIAN_POINT('',(2.033287684312E1,8.180052971591E-1,8.257387177914E0));
#8843=CARTESIAN_POINT('',(2.037181369665E1,5.124699254801E-2,8.350915047924E0));
#8844=CARTESIAN_POINT('',(2.041102187653E1,-7.184359453617E-1,
8.290192400573E0));
#8845=CARTESIAN_POINT('',(2.045004310893E1,-1.460636234236E0,8.079086373174E0));
#8846=CARTESIAN_POINT('',(2.048908035945E1,-2.146124239684E0,7.725477454426E0));
#8847=CARTESIAN_POINT('',(2.052809461239E1,-2.747878511999E0,7.243567625848E0));
#8848=CARTESIAN_POINT('',(2.056709387963E1,-3.242237638162E0,6.652475243353E0));
#8849=CARTESIAN_POINT('',(2.060606701715E1,-3.609824949705E0,5.975648930371E0));
#8850=CARTESIAN_POINT('',(2.064502912400E1,-3.836209961693E0,5.239850852564E0));
#8851=CARTESIAN_POINT('',(2.068204790899E1,-3.908864507008E0,4.511974794392E0));
#8852=CARTESIAN_POINT('',(2.070607443935E1,-3.868668358463E0,4.039514723971E0));
#8853=CARTESIAN_POINT('',(2.071709856890E1,-3.831387315987E0,3.825318268152E0));
#8854=CARTESIAN_POINT('',(1.181708601286E1,-3.784262857169E0,5.106065178639E0));
#8855=CARTESIAN_POINT('',(1.182808863897E1,-3.821989283107E0,4.891960904569E0));
#8856=CARTESIAN_POINT('',(1.185195667026E1,-3.862400281012E0,4.422593275868E0));
#8857=CARTESIAN_POINT('',(1.188866054916E1,-3.790365002991E0,3.700930351906E0));
#8858=CARTESIAN_POINT('',(1.192714453747E1,-3.566718168449E0,2.974098006672E0));
#8859=CARTESIAN_POINT('',(1.196564522207E1,-3.203666154749E0,2.305545676224E0));
#8860=CARTESIAN_POINT('',(1.200415940304E1,-2.715371850144E0,1.721768289885E0));
#8861=CARTESIAN_POINT('',(1.204269055143E1,-2.121094232480E0,1.245829419500E0));
#8862=CARTESIAN_POINT('',(1.208123568135E1,-1.444168339844E0,
8.966609169503E-1));
#8863=CARTESIAN_POINT('',(1.211979768413E1,-7.112904328179E-1,
6.881069822641E-1));
#8864=CARTESIAN_POINT('',(1.215837399374E1,4.866224125887E-2,
6.285574278918E-1));
#8865=CARTESIAN_POINT('',(1.219696176505E1,8.056734502048E-1,
7.205020341331E-1));
#8866=CARTESIAN_POINT('',(1.223557028220E1,1.529867680091E0,9.603293166239E-1));
#8867=CARTESIAN_POINT('',(1.227419280042E1,2.192612237912E0,1.338766470454E0));
#8868=CARTESIAN_POINT('',(1.231282903578E1,2.767672936060E0,1.840965460350E0));
#8869=CARTESIAN_POINT('',(1.235148290829E1,3.232295132427E0,2.447172089550E0));
#8870=CARTESIAN_POINT('',(1.239014858970E1,3.568006252939E0,3.133550549112E0));
#8871=CARTESIAN_POINT('',(1.242883374744E1,3.761496313590E0,3.873033860326E0));
#8872=CARTESIAN_POINT('',(1.246753187558E1,3.804969678415E0,4.636478828168E0));
#8873=CARTESIAN_POINT('',(1.250624361630E1,3.696598868500E0,5.393741279632E0));
#8874=CARTESIAN_POINT('',(1.254497239493E1,3.440564114859E0,6.114916288121E0));
#8875=CARTESIAN_POINT('',(1.258371435868E1,3.046843133789E0,6.771487262412E0));
#8876=CARTESIAN_POINT('',(1.262247375582E1,2.530894233140E0,7.337486524111E0));
#8877=CARTESIAN_POINT('',(1.266124430559E1,1.912983983848E0,7.790468520647E0));
#8878=CARTESIAN_POINT('',(1.270004134464E1,1.217457391078E0,8.112518771707E0));
#8879=CARTESIAN_POINT('',(1.273882571970E1,4.716824618017E-1,8.290656065194E0));
#8880=CARTESIAN_POINT('',(1.277765800071E1,-2.948736812028E-1,
8.317984945535E0));
#8881=CARTESIAN_POINT('',(1.281648599906E1,-1.051992702232E0,8.193094544312E0));
#8882=CARTESIAN_POINT('',(1.285533223256E1,-1.769745649186E0,7.920897344975E0));
#8883=CARTESIAN_POINT('',(1.289419712332E1,-2.419775335773E0,7.512024453513E0));
#8884=CARTESIAN_POINT('',(1.293307131014E1,-2.976335738426E0,6.982494819534E0));
#8885=CARTESIAN_POINT('',(1.297196639417E1,-3.417404714558E0,6.353156533765E0));
#8886=CARTESIAN_POINT('',(1.301086798768E1,-3.725436759419E0,5.648763859322E0));
#8887=CARTESIAN_POINT('',(1.304979525663E1,-3.888223003171E0,4.897102381710E0));
#8888=CARTESIAN_POINT('',(1.308873443439E1,-3.899184581699E0,4.127799780350E0));
#8889=CARTESIAN_POINT('',(1.312768247508E1,-3.757765851370E0,3.371235925017E0));
#8890=CARTESIAN_POINT('',(1.316664267815E1,-3.469451778047E0,2.657304426599E0));
#8891=CARTESIAN_POINT('',(1.320562239353E1,-3.045537510083E0,2.014220778984E0));
#8892=CARTESIAN_POINT('',(1.324461658255E1,-2.502650850587E0,1.467437666815E0));
#8893=CARTESIAN_POINT('',(1.328362489697E1,-1.862139133461E0,1.038620606804E0));
#8894=CARTESIAN_POINT('',(1.332263969238E1,-1.149236233446E0,
7.448107630793E-1));
#8895=CARTESIAN_POINT('',(1.336172168420E1,-3.920436783920E-1,
5.975641566706E-1));
#8896=CARTESIAN_POINT('',(1.340070990324E1,3.795880321045E-1,
6.031822353072E-1));
#8897=CARTESIAN_POINT('',(1.343980048395E1,1.135170276006E0,7.610926296483E-1));
#8898=CARTESIAN_POINT('',(1.347886857419E1,1.844858257168E0,1.065460173200E0));
#8899=CARTESIAN_POINT('',(1.351796454090E1,2.480599683862E0,1.504254935425E0));
#8900=CARTESIAN_POINT('',(1.355706772757E1,3.017224237639E0,2.060285695270E0));
#8901=CARTESIAN_POINT('',(1.359619399697E1,3.433490328811E0,2.711655193972E0));
#8902=CARTESIAN_POINT('',(1.363531517344E1,3.712824378673E0,3.432732018690E0));
#8903=CARTESIAN_POINT('',(1.367446819631E1,3.844166445794E0,4.195055425581E0));
#8904=CARTESIAN_POINT('',(1.371365172556E1,3.822226129021E0,4.968575925238E0));
#8905=CARTESIAN_POINT('',(1.375283967650E1,3.647708697103E0,5.722758235192E0));
#8906=CARTESIAN_POINT('',(1.379200609108E1,3.327361980778E0,6.427766082228E0));
#8907=CARTESIAN_POINT('',(1.383119044416E1,2.873817497886E0,7.055733955124E0));
#8908=CARTESIAN_POINT('',(1.387042064684E1,2.304917825297E0,7.581861561906E0));
#8909=CARTESIAN_POINT('',(1.390963944057E1,1.642980797584E0,7.985232357768E0));
#8910=CARTESIAN_POINT('',(1.394888329748E1,9.141276086250E-1,8.249879954001E0));
#8911=CARTESIAN_POINT('',(1.398813576965E1,1.470799704110E-1,8.365238531042E0));
#8912=CARTESIAN_POINT('',(1.402740026796E1,-6.278899244428E-1,
8.326657245492E0));
#8913=CARTESIAN_POINT('',(1.406667504997E1,-1.380179852187E0,8.135557278477E0));
#8914=CARTESIAN_POINT('',(1.410597809547E1,-2.080079094573E0,7.799409848132E0));
#8915=CARTESIAN_POINT('',(1.414528225772E1,-2.699899086054E0,7.331356144276E0));
#8916=CARTESIAN_POINT('',(1.418459605659E1,-3.215109707951E0,6.749812394166E0));
#8917=CARTESIAN_POINT('',(1.422393072584E1,-3.605313059779E0,6.077677974961E0));
#8918=CARTESIAN_POINT('',(1.426326143774E1,-3.854988034345E0,5.341426112116E0));
#8919=CARTESIAN_POINT('',(1.430263270374E1,-3.954244704014E0,4.570110002270E0));
#8920=CARTESIAN_POINT('',(1.434202565061E1,-3.899044212753E0,3.794143345295E0));
#8921=CARTESIAN_POINT('',(1.438140995344E1,-3.691426953043E0,3.044173967518E0));
#8922=CARTESIAN_POINT('',(1.442076889977E1,-3.339486999641E0,2.349867396339E0));
#8923=CARTESIAN_POINT('',(1.446017292737E1,-2.857119906715E0,1.738639199746E0));
#8924=CARTESIAN_POINT('',(1.449959910048E1,-2.263252951368E0,1.234675385794E0));
#8925=CARTESIAN_POINT('',(1.453900828520E1,-1.581261674416E0,
8.579884496086E-1));
#8926=CARTESIAN_POINT('',(1.457851694955E1,-8.380474089226E-1,
6.233988395931E-1));
#8927=CARTESIAN_POINT('',(1.461778350338E1,-6.288311993615E-2,
5.406425724812E-1));
#8928=CARTESIAN_POINT('',(1.465740709048E1,7.135811486549E-1,
6.123982119180E-1));
#8929=CARTESIAN_POINT('',(1.469684123638E1,1.460728822159E0,8.365420236936E-1));
#8930=CARTESIAN_POINT('',(1.473633180965E1,2.149013278788E0,1.204027902446E0));
#8931=CARTESIAN_POINT('',(1.477582865863E1,2.751233528960E0,1.700484893537E0));
#8932=CARTESIAN_POINT('',(1.481534510939E1,3.243559810293E0,2.306369545462E0));
#8933=CARTESIAN_POINT('',(1.485485041973E1,3.606464094287E0,2.997833250152E0));
#8934=CARTESIAN_POINT('',(1.489438937304E1,3.825581858081E0,3.747593389322E0));
#8935=CARTESIAN_POINT('',(1.493394259772E1,3.892166035412E0,4.526090869440E0));
#8936=CARTESIAN_POINT('',(1.497349792277E1,3.803490668388E0,5.302597672948E0));
#8937=CARTESIAN_POINT('',(1.501304456566E1,3.562966037425E0,6.046437957742E0));
#8938=CARTESIAN_POINT('',(1.505261765176E1,3.180042340811E0,6.728228324598E0));
#8939=CARTESIAN_POINT('',(1.509220492341E1,2.669753397630E0,7.321013833124E0));
#8940=CARTESIAN_POINT('',(1.513180295579E1,2.052178604451E0,7.801338225757E0));
#8941=CARTESIAN_POINT('',(1.517138577789E1,1.351646757284E0,8.150153079020E0));
#8942=CARTESIAN_POINT('',(1.521104882101E1,5.958045001760E-1,8.353694566205E0));
#8943=CARTESIAN_POINT('',(1.525065587212E1,-1.855687786132E-1,
8.403742392112E0));
#8944=CARTESIAN_POINT('',(1.529025847089E1,-9.615944005919E-1,
8.298285714803E0));
#8945=CARTESIAN_POINT('',(1.532991021314E1,-1.701641942894E0,8.041456291834E0));
#8946=CARTESIAN_POINT('',(1.536955255412E1,-2.376461874656E0,7.643276767226E0));
#8947=CARTESIAN_POINT('',(1.540922366068E1,-2.959387377831E0,7.119429860346E0));
#8948=CARTESIAN_POINT('',(1.544888800970E1,-3.427341117497E0,6.490520598562E0));
#8949=CARTESIAN_POINT('',(1.548857043192E1,-3.761802994842E0,5.781348519563E0));
#8950=CARTESIAN_POINT('',(1.552824691220E1,-3.949489338237E0,5.019874329777E0));
#8951=CARTESIAN_POINT('',(1.556796084007E1,-3.982952582547E0,4.236151635283E0));
#8952=CARTESIAN_POINT('',(1.560769377238E1,-3.860789201138E0,3.461105207868E0));
#8953=CARTESIAN_POINT('',(1.564739706385E1,-3.587721490564E0,2.725354718975E0));
#8954=CARTESIAN_POINT('',(1.568709733501E1,-3.174490417592E0,2.057977838692E0));
#8955=CARTESIAN_POINT('',(1.572684275305E1,-2.637378750079E0,1.485335189651E0));
#8956=CARTESIAN_POINT('',(1.576658286178E1,-1.997513715149E0,1.030095250657E0));
#8957=CARTESIAN_POINT('',(1.580632044350E1,-1.280129318746E0,
7.102862150626E-1));
#8958=CARTESIAN_POINT('',(1.584610128930E1,-5.135249468821E-1,
5.385639822213E-1));
#8959=CARTESIAN_POINT('',(1.588580425826E1,2.720535152354E-1,
5.218390309395E-1));
#8960=CARTESIAN_POINT('',(1.592563401444E1,1.045589074549E0,6.607138473977E-1));
#8961=CARTESIAN_POINT('',(1.596538889353E1,1.776531238840E0,9.498807419045E-1));
#8962=CARTESIAN_POINT('',(1.600518880491E1,2.436006804108E0,1.377910497017E0));
#8963=CARTESIAN_POINT('',(1.604497244250E1,2.997939028054E0,1.927984502176E0));
#8964=CARTESIAN_POINT('',(1.608478369972E1,3.440115666822E0,2.578407759055E0));
#8965=CARTESIAN_POINT('',(1.612457876083E1,3.745016823290E0,3.303546826126E0));
#8966=CARTESIAN_POINT('',(1.616441385847E1,3.900579875291E0,4.074781763421E0));
#8967=CARTESIAN_POINT('',(1.620424768137E1,3.900592111395E0,4.861686695111E0));
#8968=CARTESIAN_POINT('',(1.624407021673E1,3.744994924885E0,5.633189739253E0));
#8969=CARTESIAN_POINT('',(1.628389137729E1,3.439887537818E0,6.358818149800E0));
#8970=CARTESIAN_POINT('',(1.632373835328E1,2.997279541283E0,7.009911221727E0));
#8971=CARTESIAN_POINT('',(1.636358080160E1,2.434595059604E0,7.560729829061E0));
#8972=CARTESIAN_POINT('',(1.640346380803E1,1.774018298016E0,7.989510444268E0));
#8973=CARTESIAN_POINT('',(1.644320798654E1,1.041591299765E0,8.279215060727E0));
#8974=CARTESIAN_POINT('',(1.648353001872E1,2.662691829653E-1,8.418643044267E0));
#8975=CARTESIAN_POINT('',(1.652294835472E1,-5.214651931485E-1,
8.401672293424E0));
#8976=CARTESIAN_POINT('',(1.656293313518E1,-1.290389679779E0,8.229498316267E0));
#8977=CARTESIAN_POINT('',(1.660278218677E1,-2.010197825898E0,7.908604029811E0));
#8978=CARTESIAN_POINT('',(1.664267980584E1,-2.652440128901E0,7.451691751248E0));
#8979=CARTESIAN_POINT('',(1.668256759693E1,-3.191739945871E0,6.876746149924E0));
#8980=CARTESIAN_POINT('',(1.672247875317E1,-3.606781508238E0,6.206448280759E0));
#8981=CARTESIAN_POINT('',(1.676236215768E1,-3.881133938752E0,5.467231752861E0));
#8982=CARTESIAN_POINT('',(1.680227211406E1,-4.003945847544E0,4.688278905038E0));
#8983=CARTESIAN_POINT('',(1.684221407348E1,-3.970336276801E0,3.900331783549E0));
#8984=CARTESIAN_POINT('',(1.688214741065E1,-3.781584358147E0,3.134496810622E0));
#8985=CARTESIAN_POINT('',(1.692203099578E1,-3.445099724348E0,2.421025515028E0));
#8986=CARTESIAN_POINT('',(1.696195121263E1,-2.974162564120E0,1.788094774405E0));
#8987=CARTESIAN_POINT('',(1.700189188464E1,-2.387333750127E0,1.260708318581E0));
#8988=CARTESIAN_POINT('',(1.704181804327E1,-1.707753740013E0,
8.597157340297E-1));
#8989=CARTESIAN_POINT('',(1.708173117901E1,-9.622436287872E-1,
6.009743866998E-1));
#8990=CARTESIAN_POINT('',(1.712176559827E1,-1.802323074489E-1,
4.946953758470E-1));
#8991=CARTESIAN_POINT('',(1.716160705398E1,6.074268159257E-1,
5.451684614525E-1));
#8992=CARTESIAN_POINT('',(1.720158528817E1,1.369617430209E0,7.503550282242E-1));
#8993=CARTESIAN_POINT('',(1.724151732894E1,2.076250347129E0,1.102216549396E0));
#8994=CARTESIAN_POINT('',(1.728147473553E1,2.699415897248E0,1.586866748580E0));
#8995=CARTESIAN_POINT('',(1.732143327900E1,3.214498999531E0,2.185194109062E0));
#8996=CARTESIAN_POINT('',(1.736137534353E1,3.601145474773E0,2.873591059176E0));
#8997=CARTESIAN_POINT('',(1.740134110456E1,3.844078681333E0,3.624884057751E0));
#8998=CARTESIAN_POINT('',(1.744131975323E1,3.933689657621E0,4.409420229527E0));
#8999=CARTESIAN_POINT('',(1.748128919061E1,3.866420665671E0,5.196229133945E0));
#9000=CARTESIAN_POINT('',(1.752123530613E1,3.644910315559E0,5.954244766874E0));
#9001=CARTESIAN_POINT('',(1.756120008909E1,3.277895793276E0,6.653535630855E0));
#9002=CARTESIAN_POINT('',(1.760117604971E1,2.779853712033E0,7.266488630778E0));
#9003=CARTESIAN_POINT('',(1.764113950443E1,2.170435594121E0,7.768895701059E0));
#9004=CARTESIAN_POINT('',(1.768112870128E1,1.473697037723E0,8.140915197803E0));
#9005=CARTESIAN_POINT('',(1.772102956377E1,7.171352564405E-1,8.367845150737E0));
#9006=CARTESIAN_POINT('',(1.776127260567E1,-6.936150636629E-2,
8.440741709812E0));
#9007=CARTESIAN_POINT('',(1.780095414795E1,-8.547873819521E-1,
8.356671025008E0));
#9008=CARTESIAN_POINT('',(1.784102338930E1,-1.608086456109E0,8.118997555636E0));
#9009=CARTESIAN_POINT('',(1.788096517193E1,-2.299541709791E0,7.737072375340E0));
#9010=CARTESIAN_POINT('',(1.792095665048E1,-2.901844698697E0,7.225980348817E0));
#9011=CARTESIAN_POINT('',(1.796092247151E1,-3.391217717618E0,6.605893925377E0));
#9012=CARTESIAN_POINT('',(1.800090163002E1,-3.748338095261E0,5.901295509067E0));
#9013=CARTESIAN_POINT('',(1.804086084818E1,-3.959107628034E0,5.140001286649E0));
#9014=CARTESIAN_POINT('',(1.808085991816E1,-4.015204869993E0,4.352070477513E0));
#9015=CARTESIAN_POINT('',(1.812086872024E1,-3.914418327946E0,3.568610084754E0));
#9016=CARTESIAN_POINT('',(1.816083337726E1,-3.660732245956E0,2.820547829633E0));
#9017=CARTESIAN_POINT('',(1.820076798895E1,-3.264166068314E0,2.137415413320E0));
#9018=CARTESIAN_POINT('',(1.824075780711E1,-2.740380279376E0,1.546186423078E0));
#9019=CARTESIAN_POINT('',(1.828072241987E1,-2.110060938216E0,1.070192065092E0));
#9020=CARTESIAN_POINT('',(1.832070400964E1,-1.398098105078E0,
7.282213143676E-1));
#9021=CARTESIAN_POINT('',(1.836066754038E1,-6.326043943015E-1,
5.337632708445E-1));
#9022=CARTESIAN_POINT('',(1.840061998728E1,1.561965343218E-1,
4.944849894113E-1));
#9023=CARTESIAN_POINT('',(1.844058768962E1,9.371604862651E-1,
6.119278882558E-1));
#9024=CARTESIAN_POINT('',(1.848055283686E1,1.679457455559E0,8.814402547643E-1));
#9025=CARTESIAN_POINT('',(1.852052380017E1,2.353785263433E0,1.292368513258E0));
#9026=CARTESIAN_POINT('',(1.856047622148E1,2.933532719684E0,1.828473998496E0));
#9027=CARTESIAN_POINT('',(1.860044778802E1,3.395817421501E0,2.468580771861E0));
#9028=CARTESIAN_POINT('',(1.864038547433E1,3.722411429411E0,3.187404853288E0));
#9029=CARTESIAN_POINT('',(1.868035901740E1,3.900426567808E0,3.956560170119E0));
#9030=CARTESIAN_POINT('',(1.872032079905E1,3.922862784281E0,4.745673813952E0));
#9031=CARTESIAN_POINT('',(1.876026361732E1,3.788857803838E0,5.523593011881E0));
#9032=CARTESIAN_POINT('',(1.880019386164E1,3.503723148319E0,6.259610394207E0));
#9033=CARTESIAN_POINT('',(1.884013681379E1,3.078733937425E0,6.924673139481E0));
#9034=CARTESIAN_POINT('',(1.888008284967E1,2.530693095112E0,7.492537669784E0));
#9035=CARTESIAN_POINT('',(1.892000375401E1,1.881257816941E0,7.940810132285E0));
#9036=CARTESIAN_POINT('',(1.895997325509E1,1.156080805475E0,8.251796897430E0));
#9037=CARTESIAN_POINT('',(1.899982368567E1,3.838072381954E-1,8.413290085682E0));
#9038=CARTESIAN_POINT('',(1.903971610570E1,-4.050784071324E-1,
8.418901869452E0));
#9039=CARTESIAN_POINT('',(1.907973337176E1,-1.179405174744E0,8.268419183417E0));
#9040=CARTESIAN_POINT('',(1.911960907477E1,-1.908639133234E0,7.967885281998E0));
#9041=CARTESIAN_POINT('',(1.915953328780E1,-2.563982661025E0,7.529146234153E0));
#9042=CARTESIAN_POINT('',(1.919943432369E1,-3.119591173384E0,6.969570212735E0));
#9043=CARTESIAN_POINT('',(1.923935006237E1,-3.553546155230E0,6.311267987251E0));
#9044=CARTESIAN_POINT('',(1.927922083609E1,-3.848764321735E0,5.580255672913E0));
#9045=CARTESIAN_POINT('',(1.931912201267E1,-3.993601688890E0,4.805400127446E0));
#9046=CARTESIAN_POINT('',(1.935905342888E1,-3.982376525982E0,4.017309386436E0));
#9047=CARTESIAN_POINT('',(1.939896300160E1,-3.815592509498E0,3.247096981713E0));
#9048=CARTESIAN_POINT('',(1.943880094814E1,-3.499891020796E0,2.525145161341E0));
#9049=CARTESIAN_POINT('',(1.947863381504E1,-3.047747738265E0,1.879943480485E0));
#9050=CARTESIAN_POINT('',(1.951852906952E1,-2.477035949777E0,1.336967775867E0));
#9051=CARTESIAN_POINT('',(1.955837094192E1,-1.810346989192E0,
9.175856296972E-1));
#9052=CARTESIAN_POINT('',(1.959823806669E1,-1.074010318133E0,
6.383425718665E-1));
#9053=CARTESIAN_POINT('',(1.963806211373E1,-2.971204126898E-1,
5.101915761989E-1));
#9054=CARTESIAN_POINT('',(1.967789485093E1,4.896495916806E-1,
5.381662332843E-1));
#9055=CARTESIAN_POINT('',(1.971773903684E1,1.255233277801E0,7.211148269623E-1));
#9056=CARTESIAN_POINT('',(1.975757839962E1,1.969417091847E0,1.051757261620E0));
#9057=CARTESIAN_POINT('',(1.979739775436E1,2.604032370738E0,1.516987132706E0));
#9058=CARTESIAN_POINT('',(1.983720469089E1,3.134056311234E0,2.098400174149E0));
#9059=CARTESIAN_POINT('',(1.987702057247E1,3.538592459189E0,2.773009792336E0));
#9060=CARTESIAN_POINT('',(1.991680018133E1,3.801739271597E0,3.514147760490E0));
#9061=CARTESIAN_POINT('',(1.995661449043E1,3.913123578321E0,4.292543458431E0));
#9062=CARTESIAN_POINT('',(1.999643610141E1,3.868417113037E0,5.077444837402E0));
#9063=CARTESIAN_POINT('',(2.003622190283E1,3.669468604416E0,5.837872899334E0));
#9064=CARTESIAN_POINT('',(2.007594718198E1,3.324198788031E0,6.543842663115E0));
#9065=CARTESIAN_POINT('',(2.011570498528E1,2.846242768650E0,7.167483637231E0));
#9066=CARTESIAN_POINT('',(2.015547876898E1,2.254538856309E0,7.684203332051E0));
#9067=CARTESIAN_POINT('',(2.019519115817E1,1.572498378659E0,8.073696155502E0));
#9068=CARTESIAN_POINT('',(2.023502978089E1,8.270708445892E-1,8.320521455051E0));
#9069=CARTESIAN_POINT('',(2.027445096468E1,4.770002361924E-2,8.415348539171E0));
#9070=CARTESIAN_POINT('',(2.031445500616E1,-7.348139782905E-1,
8.353848354433E0));
#9071=CARTESIAN_POINT('',(2.035410697681E1,-1.489604236995E0,8.139123825362E0));
#9072=CARTESIAN_POINT('',(2.039381949027E1,-2.186888720496E0,7.779445134977E0));
#9073=CARTESIAN_POINT('',(2.043351490140E1,-2.799161147306E0,7.289125135519E0));
#9074=CARTESIAN_POINT('',(2.047320945472E1,-3.302293624704E0,6.687566540691E0));
#9075=CARTESIAN_POINT('',(2.051287738783E1,-3.676490855548E0,5.998572936436E0));
#9076=CARTESIAN_POINT('',(2.055255475262E1,-3.907018520193E0,5.249366440499E0));
#9077=CARTESIAN_POINT('',(2.059025670669E1,-3.981023735431E0,4.508037422102E0));
#9078=CARTESIAN_POINT('',(2.061473346520E1,-3.940080329631E0,4.026735743557E0));
#9079=CARTESIAN_POINT('',(2.062596695699E1,-3.902099420259E0,3.808506937074E0));
#9080=CARTESIAN_POINT('',(1.181810055995E1,-3.669416555147E0,5.086210450059E0));
#9081=CARTESIAN_POINT('',(1.182876515653E1,-3.705988118220E0,4.878659359850E0));
#9082=CARTESIAN_POINT('',(1.185190258696E1,-3.745162592776E0,4.423656002869E0));
#9083=CARTESIAN_POINT('',(1.188748379178E1,-3.675331494267E0,3.724070161698E0));
#9084=CARTESIAN_POINT('',(1.192479399076E1,-3.458523604738E0,3.019462098977E0));
#9085=CARTESIAN_POINT('',(1.196209900093E1,-3.106567066136E0,2.371337682224E0));
#9086=CARTESIAN_POINT('',(1.199945854893E1,-2.633183829791E0,1.805388259724E0));
#9087=CARTESIAN_POINT('',(1.203680073950E1,-2.057039773925E0,1.343969318447E0));
#9088=CARTESIAN_POINT('',(1.207417968390E1,-1.400750111664E0,1.005444975078E0));
#9089=CARTESIAN_POINT('',(1.211155503476E1,-6.901912121860E-1,
8.032396913724E-1));
#9090=CARTESIAN_POINT('',(1.214896030749E1,4.664410525205E-2,
7.455005590808E-1));
#9091=CARTESIAN_POINT('',(1.218640760359E1,7.806528059129E-1,
8.346539462296E-1));
#9092=CARTESIAN_POINT('',(1.222382770855E1,1.482874212745E0,1.067200537213E0));
#9093=CARTESIAN_POINT('',(1.226127639808E1,2.125539005480E0,1.434169267559E0));
#9094=CARTESIAN_POINT('',(1.229874913945E1,2.683202099923E0,1.921173696779E0));
#9095=CARTESIAN_POINT('',(1.233622627032E1,3.133793507280E0,2.509068266891E0));
#9096=CARTESIAN_POINT('',(1.237373625524E1,3.459382003494E0,3.174749931278E0));
#9097=CARTESIAN_POINT('',(1.241124378251E1,3.647053133449E0,3.891975981220E0));
#9098=CARTESIAN_POINT('',(1.244877874157E1,3.689223049804E0,4.632488013754E0));
#9099=CARTESIAN_POINT('',(1.248633548442E1,3.584102235093E0,5.367049179586E0));
#9100=CARTESIAN_POINT('',(1.252390259054E1,3.335729348906E0,6.066652411633E0));
#9101=CARTESIAN_POINT('',(1.256149271236E1,2.953761144799E0,6.703627585104E0));
#9102=CARTESIAN_POINT('',(1.259909326705E1,2.453177814344E0,7.252776308092E0));
#9103=CARTESIAN_POINT('',(1.263672088268E1,1.853622925401E0,7.692303250553E0));
#9104=CARTESIAN_POINT('',(1.267433844120E1,1.178704669648E0,8.004822954139E0));
#9105=CARTESIAN_POINT('',(1.271203826441E1,4.549665456600E-1,8.177682525832E0));
#9106=CARTESIAN_POINT('',(1.274967923719E1,-2.890022846239E-1,
8.204222510842E0));
#9107=CARTESIAN_POINT('',(1.278738179495E1,-1.023876329753E0,8.083000451274E0));
#9108=CARTESIAN_POINT('',(1.282509321271E1,-1.720603368313E0,7.818779507509E0));
#9109=CARTESIAN_POINT('',(1.286281599205E1,-2.351653612878E0,7.421851657319E0));
#9110=CARTESIAN_POINT('',(1.290056612436E1,-2.892013089866E0,6.907737750770E0));
#9111=CARTESIAN_POINT('',(1.293832409009E1,-3.320290895487E0,6.296662026131E0));
#9112=CARTESIAN_POINT('',(1.297611277193E1,-3.619415918926E0,5.612636831395E0));
#9113=CARTESIAN_POINT('',(1.301390311053E1,-3.777521316415E0,4.882633888424E0));
#9114=CARTESIAN_POINT('',(1.305171662380E1,-3.788175346637E0,4.135414113415E0));
#9115=CARTESIAN_POINT('',(1.308955589290E1,-3.650803050132E0,3.400486039947E0));
#9116=CARTESIAN_POINT('',(1.312741571536E1,-3.370703215589E0,2.706893512656E0));
#9117=CARTESIAN_POINT('',(1.316528774317E1,-2.958821789438E0,2.082054771418E0));
#9118=CARTESIAN_POINT('',(1.320317820583E1,-2.431280389446E0,1.550719364300E0));
#9119=CARTESIAN_POINT('',(1.324108793644E1,-1.808794247109E0,1.133964640933E0));
#9120=CARTESIAN_POINT('',(1.327902218024E1,-1.115869051165E0,
8.483886266742E-1));
#9121=CARTESIAN_POINT('',(1.331693018057E1,-3.797959897062E-1,
7.052055449456E-1));
#9122=CARTESIAN_POINT('',(1.335494900266E1,3.704062427925E-1,
7.107150922534E-1));
#9123=CARTESIAN_POINT('',(1.339291157577E1,1.105110109531E0,8.642343495589E-1));
#9124=CARTESIAN_POINT('',(1.343092315832E1,1.795277941300E0,1.160233612191E0));
#9125=CARTESIAN_POINT('',(1.346894248740E1,2.413623259020E0,1.587011485339E0));
#9126=CARTESIAN_POINT('',(1.350698548826E1,2.935636378806E0,2.127897848830E0));
#9127=CARTESIAN_POINT('',(1.354504178511E1,3.340634560759E0,2.761615741408E0));
#9128=CARTESIAN_POINT('',(1.358312792285E1,3.612436036268E0,3.463261279607E0));
#9129=CARTESIAN_POINT('',(1.362122242176E1,3.740267868764E0,4.205148469064E0));
#9130=CARTESIAN_POINT('',(1.365932868031E1,3.718937005448E0,4.958054446718E0));
#9131=CARTESIAN_POINT('',(1.369746004931E1,3.549059540965E0,5.692258452548E0));
#9132=CARTESIAN_POINT('',(1.373562546498E1,3.237141250973E0,6.378686879018E0));
#9133=CARTESIAN_POINT('',(1.377380627769E1,2.795472179888E0,6.990198727591E0));
#9134=CARTESIAN_POINT('',(1.381199449435E1,2.241396280891E0,7.502642841370E0));
#9135=CARTESIAN_POINT('',(1.385021063063E1,1.596585506726E0,7.895575750062E0));
#9136=CARTESIAN_POINT('',(1.388844189540E1,8.864753082407E-1,8.153426804440E0));
#9137=CARTESIAN_POINT('',(1.392669385819E1,1.390226690848E-1,8.265843583679E0));
#9138=CARTESIAN_POINT('',(1.396496519496E1,-6.162807449167E-1,
8.228245594031E0));
#9139=CARTESIAN_POINT('',(1.400325608983E1,-1.349607142164E0,8.041965325491E0));
#9140=CARTESIAN_POINT('',(1.404156345082E1,-2.031992134093E0,7.714246360376E0));
#9141=CARTESIAN_POINT('',(1.407989250380E1,-2.636408912432E0,7.257831208122E0));
#9142=CARTESIAN_POINT('',(1.411824098611E1,-3.138906057946E0,6.690642717869E0));
#9143=CARTESIAN_POINT('',(1.415660796427E1,-3.519558450835E0,6.034979858199E0));
#9144=CARTESIAN_POINT('',(1.419499558666E1,-3.763158527221E0,5.316632117574E0));
#9145=CARTESIAN_POINT('',(1.423340039573E1,-3.860039548891E0,4.563933356721E0));
#9146=CARTESIAN_POINT('',(1.427182527478E1,-3.806188078875E0,3.806540968799E0));
#9147=CARTESIAN_POINT('',(1.431027098692E1,-3.603510575830E0,3.074377645025E0));
#9148=CARTESIAN_POINT('',(1.434873545632E1,-3.259845145569E0,2.396439631866E0));
#9149=CARTESIAN_POINT('',(1.438721872742E1,-2.788758294902E0,1.799492954399E0));
#9150=CARTESIAN_POINT('',(1.442572253447E1,-2.208660173576E0,1.307194236927E0));
#9151=CARTESIAN_POINT('',(1.446424307601E1,-1.542340062756E0,
9.391698724802E-1));
#9152=CARTESIAN_POINT('',(1.450279191518E1,-8.160555389553E-1,
7.098602555672E-1));
#9153=CARTESIAN_POINT('',(1.454133340333E1,-5.839098289672E-2,
6.291127524521E-1));
#9154=CARTESIAN_POINT('',(1.457993119024E1,7.007114185684E-1,
6.991264389531E-1));
#9155=CARTESIAN_POINT('',(1.461852674775E1,1.431304397077E0,9.183282491525E-1));
#9156=CARTESIAN_POINT('',(1.465714606904E1,2.104481553846E0,1.277735697960E0));
#9157=CARTESIAN_POINT('',(1.469578452694E1,2.693615336894E0,1.763393266267E0));
#9158=CARTESIAN_POINT('',(1.473444386537E1,3.175355336572E0,2.356226690285E0));
#9159=CARTESIAN_POINT('',(1.477311804674E1,3.530522898405E0,3.032954900770E0));
#9160=CARTESIAN_POINT('',(1.481181607868E1,3.745033030176E0,3.766893549149E0));
#9161=CARTESIAN_POINT('',(1.485053460156E1,3.810245905022E0,4.529139821475E0));
#9162=CARTESIAN_POINT('',(1.488927055660E1,3.723412954006E0,5.289613247267E0));
#9163=CARTESIAN_POINT('',(1.492802043931E1,3.487798628741E0,6.018255641708E0));
#9164=CARTESIAN_POINT('',(1.496679353989E1,3.112620505626E0,6.686273545823E0));
#9165=CARTESIAN_POINT('',(1.500558695775E1,2.612536118371E0,7.267223986435E0));
#9166=CARTESIAN_POINT('',(1.504439991574E1,2.007164117018E0,7.738073195184E0));
#9167=CARTESIAN_POINT('',(1.508322337949E1,1.320306051109E0,8.080071677534E0));
#9168=CARTESIAN_POINT('',(1.512208954116E1,5.790517419584E-1,8.279735169411E0));
#9169=CARTESIAN_POINT('',(1.516095285500E1,-1.874419109126E-1,
8.328825949379E0));
#9170=CARTESIAN_POINT('',(1.519982892979E1,-9.488609804948E-1,
8.225338852814E0));
#9171=CARTESIAN_POINT('',(1.523873834598E1,-1.675163279409E0,7.973297090039E0));
#9172=CARTESIAN_POINT('',(1.527765939134E1,-2.337606955908E0,7.582422278026E0));
#9173=CARTESIAN_POINT('',(1.531660685011E1,-2.909992746159E0,7.068069634314E0));
#9174=CARTESIAN_POINT('',(1.535556658969E1,-3.369593915038E0,6.450393483190E0));
#9175=CARTESIAN_POINT('',(1.539454870913E1,-3.698175294882E0,5.753716668528E0));
#9176=CARTESIAN_POINT('',(1.543354284567E1,-3.882601585654E0,5.005468193662E0));
#9177=CARTESIAN_POINT('',(1.547256816895E1,-3.915514483661E0,4.235165033504E0));
#9178=CARTESIAN_POINT('',(1.551161739070E1,-3.795441633303E0,3.473184374015E0));
#9179=CARTESIAN_POINT('',(1.555066738625E1,-3.526910125376E0,2.749656207632E0));
#9180=CARTESIAN_POINT('',(1.558972961412E1,-3.120435142287E0,2.093207461596E0));
#9181=CARTESIAN_POINT('',(1.562882811515E1,-2.591993149774E0,1.529778009162E0));
#9182=CARTESIAN_POINT('',(1.566793842E1,-1.962277918874E0,1.081747638352E0));
#9183=CARTESIAN_POINT('',(1.570706107767E1,-1.256087714537E0,
7.669270014688E-1));
#9184=CARTESIAN_POINT('',(1.574622082741E1,-5.012465209210E-1,
5.978105047642E-1));
#9185=CARTESIAN_POINT('',(1.578535213299E1,2.724795384472E-1,
5.813757024204E-1));
#9186=CARTESIAN_POINT('',(1.582456626672E1,1.034557546847E0,7.181374050513E-1));
#9187=CARTESIAN_POINT('',(1.586375314025E1,1.754856916569E0,1.003103349261E0));
#9188=CARTESIAN_POINT('',(1.590297873957E1,2.404914669806E0,1.424996920548E0));
#9189=CARTESIAN_POINT('',(1.594220864872E1,2.958964265144E0,1.967351629049E0));
#9190=CARTESIAN_POINT('',(1.598146818147E1,3.395069293194E0,2.608812477939E0));
#9191=CARTESIAN_POINT('',(1.602073141612E1,3.695854839097E0,3.324163892284E0));
#9192=CARTESIAN_POINT('',(1.606003223785E1,3.849385223388E0,4.085191160578E0));
#9193=CARTESIAN_POINT('',(1.609934598958E1,3.849416957773E0,4.861903268739E0));
#9194=CARTESIAN_POINT('',(1.613866591410E1,3.695798043954E0,5.623623150451E0));
#9195=CARTESIAN_POINT('',(1.617799778802E1,3.394477757423E0,6.340243381334E0));
#9196=CARTESIAN_POINT('',(1.621735940604E1,2.957254131550E0,6.983440558436E0));
#9197=CARTESIAN_POINT('',(1.625673078373E1,2.401254271179E0,7.527726575233E0));
#9198=CARTESIAN_POINT('',(1.629614316640E1,1.748339051627E0,7.951569758828E0));
#9199=CARTESIAN_POINT('',(1.633547209690E1,1.024197631419E0,8.237916151473E0));
#9200=CARTESIAN_POINT('',(1.637521385214E1,2.574532292708E-1,8.376172793242E0));
#9201=CARTESIAN_POINT('',(1.641434304609E1,-5.218310630109E-1,
8.359041168962E0));
#9202=CARTESIAN_POINT('',(1.645387677394E1,-1.282694434713E0,8.188765826748E0));
#9203=CARTESIAN_POINT('',(1.649332941015E1,-1.995167828843E0,7.871127867289E0));
#9204=CARTESIAN_POINT('',(1.653282856848E1,-2.631049049706E0,7.418762179590E0));
#9205=CARTESIAN_POINT('',(1.657233349793E1,-3.165160216344E0,6.849359758226E0));
#9206=CARTESIAN_POINT('',(1.661186822E1,-3.576340170181E0,6.185338827682E0));
#9207=CARTESIAN_POINT('',(1.665139478979E1,-3.848202413843E0,5.452821006125E0));
#9208=CARTESIAN_POINT('',(1.669095354331E1,-3.969948755994E0,4.680711981423E0));
#9209=CARTESIAN_POINT('',(1.673054947821E1,-3.936659929461E0,3.899454668252E0));
#9210=CARTESIAN_POINT('',(1.677015176346E1,-3.749479121658E0,3.139891050228E0));
#9211=CARTESIAN_POINT('',(1.680972737872E1,-3.415641604762E0,2.432073788004E0));
#9212=CARTESIAN_POINT('',(1.684934368756E1,-2.948305497129E0,1.803969494317E0));
#9213=CARTESIAN_POINT('',(1.688898875309E1,-2.365798732714E0,1.280438290673E0));
#9214=CARTESIAN_POINT('',(1.692863462408E1,-1.691010922430E0,
8.822661747268E-1));
#9215=CARTESIAN_POINT('',(1.696828146789E1,-9.505462658663E-1,
6.252813409826E-1));
#9216=CARTESIAN_POINT('',(1.700804120262E1,-1.735975534358E-1,
5.196041283766E-1));
#9217=CARTESIAN_POINT('',(1.704765298544E1,6.091961304794E-1,
5.698323302978E-1));
#9218=CARTESIAN_POINT('',(1.708739053724E1,1.366903817286E0,7.737744994322E-1));
#9219=CARTESIAN_POINT('',(1.712710167105E1,2.069585381951E0,1.123669108897E0));
#9220=CARTESIAN_POINT('',(1.716684625281E1,2.689455236918E0,1.605735754913E0));
#9221=CARTESIAN_POINT('',(1.720660414632E1,3.201971340377E0,2.201057707597E0));
#9222=CARTESIAN_POINT('',(1.724635961702E1,3.586795032557E0,2.886208701932E0));
#9223=CARTESIAN_POINT('',(1.728614781940E1,3.828670106352E0,3.634173754470E0));
#9224=CARTESIAN_POINT('',(1.732595972668E1,3.917937034022E0,4.415471755581E0));
#9225=CARTESIAN_POINT('',(1.736577566660E1,3.850941859869E0,5.199272828492E0));
#9226=CARTESIAN_POINT('',(1.740558240688E1,3.630210738680E0,5.954610408171E0));
#9227=CARTESIAN_POINT('',(1.744541785898E1,3.264394384799E0,6.651640371100E0));
#9228=CARTESIAN_POINT('',(1.748527570761E1,2.767830129913E0,7.262801999056E0));
#9229=CARTESIAN_POINT('',(1.752513376125E1,2.160030478155E0,7.763884801705E0));
#9230=CARTESIAN_POINT('',(1.756502834861E1,1.464933029339E0,8.135055104105E0));
#9231=CARTESIAN_POINT('',(1.760485018385E1,7.099278144167E-1,8.361475187828E0));
#9232=CARTESIAN_POINT('',(1.764501178731E1,-7.519137447655E-2,
8.434465379199E0));
#9233=CARTESIAN_POINT('',(1.768464718005E1,-8.594671818015E-1,
8.350301721606E0));
#9234=CARTESIAN_POINT('',(1.772466622498E1,-1.611899894765E0,8.112988286468E0));
#9235=CARTESIAN_POINT('',(1.776457464203E1,-2.302758664351E0,7.731378566041E0));
#9236=CARTESIAN_POINT('',(1.780454306440E1,-2.904732841421E0,7.220595579197E0));
#9237=CARTESIAN_POINT('',(1.784449827116E1,-3.393978540968E0,6.600677823846E0));
#9238=CARTESIAN_POINT('',(1.788447855432E1,-3.751121337209E0,5.896065826810E0));
#9239=CARTESIAN_POINT('',(1.792445058424E1,-3.961958083184E0,5.134524663183E0));
#9240=CARTESIAN_POINT('',(1.796447481883E1,-4.018120166567E0,4.346107591510E0));
#9241=CARTESIAN_POINT('',(1.800452150638E1,-3.917278289366E0,3.561915992882E0));
#9242=CARTESIAN_POINT('',(1.804453497795E1,-3.663283906325E0,2.812933066619E0));
#9243=CARTESIAN_POINT('',(1.808452861561E1,-3.266100008292E0,2.128774495573E0));
#9244=CARTESIAN_POINT('',(1.812459165617E1,-2.741383783668E0,1.536458149673E0));
#9245=CARTESIAN_POINT('',(1.816464026278E1,-2.109737196657E0,1.059453751878E0));
#9246=CARTESIAN_POINT('',(1.820471876233E1,-1.396069119803E0,
7.166417621827E-1));
#9247=CARTESIAN_POINT('',(1.824479005152E1,-6.285052421313E-1,
5.216505675650E-1));
#9248=CARTESIAN_POINT('',(1.828486111101E1,1.626611242764E-1,
4.822551129457E-1));
#9249=CARTESIAN_POINT('',(1.832496055587E1,9.461989423741E-1,
6.000723503578E-1));
#9250=CARTESIAN_POINT('',(1.836506921198E1,1.691164587514E0,8.705406489926E-1));
#9251=CARTESIAN_POINT('',(1.840519636963E1,2.368122742169E0,1.283050745473E0));
#9252=CARTESIAN_POINT('',(1.844531495346E1,2.950297741667E0,1.821393599416E0));
#9253=CARTESIAN_POINT('',(1.848546701249E1,3.414669783183E0,2.464353472770E0));
#9254=CARTESIAN_POINT('',(1.852559298307E1,3.742819519279E0,3.186607722617E0));
#9255=CARTESIAN_POINT('',(1.856577153974E1,3.921762441889E0,3.959650781281E0));
#9256=CARTESIAN_POINT('',(1.860594916855E1,3.944339503435E0,4.752995312922E0));
#9257=CARTESIAN_POINT('',(1.864611716943E1,3.809584099895E0,5.535315368547E0));
#9258=CARTESIAN_POINT('',(1.868628256416E1,3.522754341602E0,6.275708377878E0));
#9259=CARTESIAN_POINT('',(1.872647474959E1,3.095126325665E0,6.944924063417E0));
#9260=CARTESIAN_POINT('',(1.876668294819E1,2.543519521388E0,7.516508468245E0));
#9261=CARTESIAN_POINT('',(1.880687345616E1,1.889658446415E0,7.967836946532E0));
#9262=CARTESIAN_POINT('',(1.884713439950E1,1.159339889528E0,8.281073514644E0));
#9263=CARTESIAN_POINT('',(1.888726486308E1,3.813395454417E-1,8.443713818719E0));
#9264=CARTESIAN_POINT('',(1.892745667777E1,-4.135925328857E-1,
8.449355433944E0));
#9265=CARTESIAN_POINT('',(1.896781347545E1,-1.194107017248E0,8.297759849890E0));
#9266=CARTESIAN_POINT('',(1.900801019727E1,-1.929362313941E0,7.994723838242E0));
#9267=CARTESIAN_POINT('',(1.904827850635E1,-2.590316133452E0,7.552254043629E0));
#9268=CARTESIAN_POINT('',(1.908853075130E1,-3.150837855571E0,6.987740491092E0));
#9269=CARTESIAN_POINT('',(1.912881392068E1,-3.588768398042E0,6.323447196935E0));
#9270=CARTESIAN_POINT('',(1.916905300819E1,-3.886753868150E0,5.585557748848E0));
#9271=CARTESIAN_POINT('',(1.920934280146E1,-4.033011088006E0,4.803205201746E0));
#9272=CARTESIAN_POINT('',(1.924968434720E1,-4.021720594736E0,4.007257059992E0));
#9273=CARTESIAN_POINT('',(1.929001137548E1,-3.853257560356E0,3.229133063115E0));
#9274=CARTESIAN_POINT('',(1.933025843745E1,-3.534209813841E0,2.499577070046E0));
#9275=CARTESIAN_POINT('',(1.937051062591E1,-3.077164274783E0,1.847412791825E0));
#9276=CARTESIAN_POINT('',(1.941085749482E1,-2.500147884601E0,1.298391238627E0));
#9277=CARTESIAN_POINT('',(1.945114695601E1,-1.825877664297E0,
8.742428064284E-1));
#9278=CARTESIAN_POINT('',(1.949148280045E1,-1.080974665636E0,
5.917281455083E-1));
#9279=CARTESIAN_POINT('',(1.953177398495E1,-2.948219694660E-1,
4.620565243586E-1));
#9280=CARTESIAN_POINT('',(1.957208945088E1,5.015381332461E-1,
4.903681192931E-1));
#9281=CARTESIAN_POINT('',(1.961243361492E1,1.276667811641E0,6.755789191789E-1));
#9282=CARTESIAN_POINT('',(1.965278459694E1,1.999957697911E0,1.010415376214E0));
#9283=CARTESIAN_POINT('',(1.969312138510E1,2.642835665368E0,1.481691316169E0));
#9284=CARTESIAN_POINT('',(1.973345404926E1,3.179901032200E0,2.070821526838E0));
#9285=CARTESIAN_POINT('',(1.977381265538E1,3.589932703288E0,2.754562584852E0));
#9286=CARTESIAN_POINT('',(1.981413351438E1,3.856709183216E0,3.505941065788E0));
#9287=CARTESIAN_POINT('',(1.985451684968E1,3.969688126192E0,4.295290366925E0));
#9288=CARTESIAN_POINT('',(1.989492492456E1,3.924379190458E0,5.091457565508E0));
#9289=CARTESIAN_POINT('',(1.993529582887E1,3.722537480211E0,5.863008914664E0));
#9290=CARTESIAN_POINT('',(1.997559235463E1,3.372107046039E0,6.579471487551E0));
#9291=CARTESIAN_POINT('',(2.001594924979E1,2.886925325951E0,7.212551030252E0));
#9292=CARTESIAN_POINT('',(2.005634415886E1,2.286126280114E0,7.737245147972E0));
#9293=CARTESIAN_POINT('',(2.009666127028E1,1.593410141791E0,8.132816802501E0));
#9294=CARTESIAN_POINT('',(2.013718271866E1,8.361363920193E-1,8.383655732189E0));
#9295=CARTESIAN_POINT('',(2.017708823270E1,4.415305469048E-2,8.479782030418E0));
#9296=CARTESIAN_POINT('',(2.021788813578E1,-7.511920112193E-1,
8.417504308293E0));
#9297=CARTESIAN_POINT('',(2.025817084469E1,-1.518572239753E0,8.199161277550E0));
#9298=CARTESIAN_POINT('',(2.029855862108E1,-2.227653201308E0,7.833412815529E0));
#9299=CARTESIAN_POINT('',(2.033893519041E1,-2.850443782613E0,7.334682645190E0));
#9300=CARTESIAN_POINT('',(2.037932502981E1,-3.362349611246E0,6.722657838029E0));
#9301=CARTESIAN_POINT('',(2.041968775851E1,-3.743156761391E0,6.021496942500E0));
#9302=CARTESIAN_POINT('',(2.046008038125E1,-3.977827078694E0,5.258882028433E0));
#9303=CARTESIAN_POINT('',(2.049846550438E1,-4.053182963854E0,4.504100049812E0));
#9304=CARTESIAN_POINT('',(2.052339249105E1,-4.011492300798E0,4.013956763144E0));
#9305=CARTESIAN_POINT('',(2.053483534508E1,-3.972811524531E0,3.791695605996E0));
#9306=CARTESIAN_POINT('',(1.191483685014E1,-3.604722978869E0,5.079990645406E0));
#9307=CARTESIAN_POINT('',(1.192534424487E1,-3.640652626353E0,4.876084162414E0));
#9308=CARTESIAN_POINT('',(1.194807453653E1,-3.679130518097E0,4.429119015540E0));
#9309=CARTESIAN_POINT('',(1.198301792702E1,-3.610541230496E0,3.742061135606E0));
#9310=CARTESIAN_POINT('',(1.201965259409E1,-3.397663411237E0,3.050249832131E0));
#9311=CARTESIAN_POINT('',(1.205625902419E1,-3.052166583004E0,2.414071676580E0));
#9312=CARTESIAN_POINT('',(1.209293444108E1,-2.587624627548E0,1.858680609996E0));
#9313=CARTESIAN_POINT('',(1.212956227182E1,-2.022362877993E0,1.406001591927E0));
#9314=CARTESIAN_POINT('',(1.216623070403E1,-1.378644915500E0,1.073964543139E0));
#9315=CARTESIAN_POINT('',(1.220287318021E1,-6.818647742448E-1,
8.756993961121E-1));
#9316=CARTESIAN_POINT('',(1.223954518579E1,4.049579553946E-2,
8.191014154249E-1));
#9317=CARTESIAN_POINT('',(1.227626906777E1,7.599158176232E-1,
9.064672126256E-1));
#9318=CARTESIAN_POINT('',(1.231292543671E1,1.448008850849E0,1.134357495929E0));
#9319=CARTESIAN_POINT('',(1.234960961312E1,2.077589373699E0,1.493868048145E0));
#9320=CARTESIAN_POINT('',(1.238631485354E1,2.623772677992E0,1.970853215817E0));
#9321=CARTESIAN_POINT('',(1.242300569602E1,3.064974992833E0,2.546522460952E0));
#9322=CARTESIAN_POINT('',(1.245973366258E1,3.383712785586E0,3.198199877243E0));
#9323=CARTESIAN_POINT('',(1.249643431054E1,3.567376557153E0,3.900181198644E0));
#9324=CARTESIAN_POINT('',(1.253316220630E1,3.608631605406E0,4.624781873285E0));
#9325=CARTESIAN_POINT('',(1.256990774659E1,3.505788406167E0,5.343398243017E0));
#9326=CARTESIAN_POINT('',(1.260664894965E1,3.262851071200E0,6.027660665268E0));
#9327=CARTESIAN_POINT('',(1.264341023827E1,2.889334589485E0,6.650532053259E0));
#9328=CARTESIAN_POINT('',(1.268016682176E1,2.399931715699E0,7.187399596637E0));
#9329=CARTESIAN_POINT('',(1.271695226440E1,1.813900406111E0,7.617009814454E0));
#9330=CARTESIAN_POINT('',(1.275369005538E1,1.154338845643E0,7.922388321247E0));
#9331=CARTESIAN_POINT('',(1.279057171025E1,4.472351979639E-1,8.091309139387E0));
#9332=CARTESIAN_POINT('',(1.282730362260E1,-2.794996627510E-1,
8.117196055295E0));
#9333=CARTESIAN_POINT('',(1.286413696886E1,-9.971939328388E-1,
7.998810272604E0));
#9334=CARTESIAN_POINT('',(1.290096218476E1,-1.677498877563E0,7.740811836220E0));
#9335=CARTESIAN_POINT('',(1.293778267203E1,-2.293546216468E0,7.353306791710E0));
#9336=CARTESIAN_POINT('',(1.297463471293E1,-2.820959268067E0,6.851507318797E0));
#9337=CARTESIAN_POINT('',(1.301147380982E1,-3.238886369995E0,6.255178760397E0));
#9338=CARTESIAN_POINT('',(1.304835307662E1,-3.530733665081E0,5.587797111841E0));
#9339=CARTESIAN_POINT('',(1.308520398423E1,-3.684947593979E0,4.875685204008E0));
#9340=CARTESIAN_POINT('',(1.312207676437E1,-3.695326852689E0,4.146920079386E0));
#9341=CARTESIAN_POINT('',(1.315897912351E1,-3.561368546302E0,3.430275184970E0));
#9342=CARTESIAN_POINT('',(1.319589895182E1,-3.288284562020E0,2.754057583740E0));
#9343=CARTESIAN_POINT('',(1.323281433985E1,-2.886785357006E0,2.144982214004E0));
#9344=CARTESIAN_POINT('',(1.326974109935E1,-2.372633722238E0,1.627143551763E0));
#9345=CARTESIAN_POINT('',(1.330668095241E1,-1.766055339018E0,1.221046647485E0));
#9346=CARTESIAN_POINT('',(1.334365131311E1,-1.090951451485E0,
9.428148273271E-1));
#9347=CARTESIAN_POINT('',(1.338049965084E1,-3.739240314036E-1,
8.033902659723E-1));
#9348=CARTESIAN_POINT('',(1.341763426207E1,3.567328484046E-1,
8.086998349387E-1));
#9349=CARTESIAN_POINT('',(1.345455755670E1,1.072189340982E0,9.582289665998E-1));
#9350=CARTESIAN_POINT('',(1.349158457439E1,1.744168983371E0,1.246423939317E0));
#9351=CARTESIAN_POINT('',(1.352859009948E1,2.346123971903E0,1.661899797658E0));
#9352=CARTESIAN_POINT('',(1.356562392614E1,2.854224180954E0,2.188374895485E0));
#9353=CARTESIAN_POINT('',(1.360265071369E1,3.248362971977E0,2.805119898962E0));
#9354=CARTESIAN_POINT('',(1.363973028844E1,3.512847891016E0,3.487865398290E0));
#9355=CARTESIAN_POINT('',(1.367678454611E1,3.637210091653E0,4.209672767532E0));
#9356=CARTESIAN_POINT('',(1.371382041453E1,3.616438014220E0,4.942094581667E0));
#9357=CARTESIAN_POINT('',(1.375089020652E1,3.451192315461E0,5.656218807985E0));
#9358=CARTESIAN_POINT('',(1.378803918119E1,3.147853616919E0,6.323790891786E0));
#9359=CARTESIAN_POINT('',(1.382519060200E1,2.718377727250E0,6.918431240411E0));
#9360=CARTESIAN_POINT('',(1.386229832996E1,2.179650092504E0,7.416661119701E0));
#9361=CARTESIAN_POINT('',(1.389946345505E1,1.552792662339E0,7.798654745535E0));
#9362=CARTESIAN_POINT('',(1.393662201841E1,8.625329340016E-1,8.049291589484E0));
#9363=CARTESIAN_POINT('',(1.397380255276E1,1.360628924867E-1,8.158549187518E0));
#9364=CARTESIAN_POINT('',(1.401099887688E1,-5.979528632908E-1,
8.122008201355E0));
#9365=CARTESIAN_POINT('',(1.404821337888E1,-1.310531731724E0,7.940996719992E0));
#9366=CARTESIAN_POINT('',(1.408541955256E1,-1.973535444864E0,7.622575980975E0));
#9367=CARTESIAN_POINT('',(1.412265828970E1,-2.560723537029E0,7.179166929120E0));
#9368=CARTESIAN_POINT('',(1.415991578346E1,-3.048847904957E0,6.628198939035E0));
#9369=CARTESIAN_POINT('',(1.419717703342E1,-3.418572470131E0,5.991348823919E0));
#9370=CARTESIAN_POINT('',(1.423447532526E1,-3.655160617177E0,5.293683210877E0));
#9371=CARTESIAN_POINT('',(1.427175160011E1,-3.749234666171E0,4.562719737077E0));
#9372=CARTESIAN_POINT('',(1.430903311494E1,-3.696930905486E0,3.827268255658E0));
#9373=CARTESIAN_POINT('',(1.434635761622E1,-3.500138337897E0,3.116379944893E0));
#9374=CARTESIAN_POINT('',(1.438374200406E1,-3.166493854903E0,2.458191961256E0));
#9375=CARTESIAN_POINT('',(1.442110144253E1,-2.709165584674E0,1.878684369354E0));
#9376=CARTESIAN_POINT('',(1.445846628931E1,-2.146053825254E0,1.400808178504E0));
#9377=CARTESIAN_POINT('',(1.449587777374E1,-1.499297021266E0,1.043586669920E0));
#9378=CARTESIAN_POINT('',(1.453321358151E1,-7.943799395041E-1,
8.210443020736E-1));
#9379=CARTESIAN_POINT('',(1.457082973712E1,-5.907471071654E-2,
7.426362077652E-1));
#9380=CARTESIAN_POINT('',(1.460810353405E1,6.776004333316E-1,
8.106215328240E-1));
#9381=CARTESIAN_POINT('',(1.464560219771E1,1.386551765702E0,1.023323463535E0));
#9382=CARTESIAN_POINT('',(1.468306999228E1,2.039753081943E0,1.372069024847E0));
#9383=CARTESIAN_POINT('',(1.472056013712E1,2.611371751056E0,1.843290585742E0));
#9384=CARTESIAN_POINT('',(1.475805929512E1,3.078763957972E0,2.418472667822E0));
#9385=CARTESIAN_POINT('',(1.479559508472E1,3.423338418194E0,3.075015835124E0));
#9386=CARTESIAN_POINT('',(1.483312760515E1,3.631438378631E0,3.787032995763E0));
#9387=CARTESIAN_POINT('',(1.487067495502E1,3.694697362936E0,4.526479705164E0));
#9388=CARTESIAN_POINT('',(1.490824702361E1,3.610463291785E0,5.264176192907E0));
#9389=CARTESIAN_POINT('',(1.494585132981E1,3.381914841007E0,5.970969048625E0));
#9390=CARTESIAN_POINT('',(1.498346005641E1,3.017997606869E0,6.618934089007E0));
#9391=CARTESIAN_POINT('',(1.502108344438E1,2.532937924132E0,7.182427982910E0));
#9392=CARTESIAN_POINT('',(1.505872440716E1,1.945770425382E0,7.639116363545E0));
#9393=CARTESIAN_POINT('',(1.509640012730E1,1.279585008917E0,7.970822284482E0));
#9394=CARTESIAN_POINT('',(1.513404589604E1,5.606508441920E-1,8.164469763969E0));
#9395=CARTESIAN_POINT('',(1.517175470554E1,-1.827449528477E-1,
8.212081468620E0));
#9396=CARTESIAN_POINT('',(1.520948883019E1,-9.212086405730E-1,
8.111715102978E0));
#9397=CARTESIAN_POINT('',(1.524721583780E1,-1.625608035096E0,7.867273431153E0));
#9398=CARTESIAN_POINT('',(1.528497235676E1,-2.268068815382E0,7.488189473751E0));
#9399=CARTESIAN_POINT('',(1.532273549206E1,-2.823186307432E0,6.989354041996E0));
#9400=CARTESIAN_POINT('',(1.536052597064E1,-3.268920681059E0,6.390314021650E0));
#9401=CARTESIAN_POINT('',(1.539832964874E1,-3.587589114741E0,5.714655517799E0));
#9402=CARTESIAN_POINT('',(1.543615927475E1,-3.766452036700E0,4.988978534124E0));
#9403=CARTESIAN_POINT('',(1.547399251367E1,-3.798373205324E0,4.241905087440E0));
#9404=CARTESIAN_POINT('',(1.551184020357E1,-3.681921402265E0,3.502894136124E0));
#9405=CARTESIAN_POINT('',(1.554972483203E1,-3.421481699204E0,2.801168436627E0));
#9406=CARTESIAN_POINT('',(1.558763222314E1,-3.027248423772E0,2.164490988697E0));
#9407=CARTESIAN_POINT('',(1.562554189769E1,-2.514711811339E0,1.618017536819E0));
#9408=CARTESIAN_POINT('',(1.566347642418E1,-1.903935178772E0,1.183460546457E0));
#9409=CARTESIAN_POINT('',(1.570143330705E1,-1.218965823613E0,
8.780999818283E-1));
#9410=CARTESIAN_POINT('',(1.573939602303E1,-4.867842140051E-1,
7.140568517280E-1));
#9411=CARTESIAN_POINT('',(1.577740814668E1,2.637358730706E-1,
6.981196995613E-1));
#9412=CARTESIAN_POINT('',(1.581539692104E1,1.002990061763E0,8.307778479869E-1));
#9413=CARTESIAN_POINT('',(1.585343333799E1,1.701739576215E0,1.107219588497E0));
#9414=CARTESIAN_POINT('',(1.589147601054E1,2.332378285200E0,1.516506317420E0));
#9415=CARTESIAN_POINT('',(1.592954503674E1,2.869899190085E0,2.042680726775E0));
#9416=CARTESIAN_POINT('',(1.596762707888E1,3.293017213556E0,2.665033624133E0));
#9417=CARTESIAN_POINT('',(1.600573443068E1,3.584858112030E0,3.359112269875E0));
#9418=CARTESIAN_POINT('',(1.604385227990E1,3.733836140542E0,4.097548532604E0));
#9419=CARTESIAN_POINT('',(1.608199187827E1,3.733870999382E0,4.851248531442E0));
#9420=CARTESIAN_POINT('',(1.612015473210E1,3.584795724322E0,5.590444334387E0));
#9421=CARTESIAN_POINT('',(1.615833792282E1,3.292367491973E0,6.285916581483E0));
#9422=CARTESIAN_POINT('',(1.619653649260E1,2.868020798039E0,6.910176369478E0));
#9423=CARTESIAN_POINT('',(1.623475577666E1,2.328357945815E0,7.438472320382E0));
#9424=CARTESIAN_POINT('',(1.627299027240E1,1.694579733015E0,7.849901660991E0));
#9425=CARTESIAN_POINT('',(1.631126165574E1,9.916140170025E-1,8.127853194135E0));
#9426=CARTESIAN_POINT('',(1.634948183701E1,2.472186836887E-1,8.262181493188E0));
#9427=CARTESIAN_POINT('',(1.638783375527E1,-5.093914782412E-1,
8.245451332791E0));
#9428=CARTESIAN_POINT('',(1.642613526359E1,-1.248190489484E0,8.080141189641E0));
#9429=CARTESIAN_POINT('',(1.646447361398E1,-1.940060346854E0,7.771684654564E0));
#9430=CARTESIAN_POINT('',(1.650282614615E1,-2.557610299950E0,7.332366391556E0));
#9431=CARTESIAN_POINT('',(1.654119954653E1,-3.076371557547E0,6.779331775759E0));
#9432=CARTESIAN_POINT('',(1.657959135542E1,-3.475777434950E0,6.134338198534E0));
#9433=CARTESIAN_POINT('',(1.661800387224E1,-3.739875252870E0,5.422737536135E0));
#9434=CARTESIAN_POINT('',(1.665643469417E1,-3.858161378756E0,4.672602388454E0));
#9435=CARTESIAN_POINT('',(1.669488506285E1,-3.825828928106E0,3.913497171744E0));
#9436=CARTESIAN_POINT('',(1.673335575181E1,-3.643944498417E0,3.175388470016E0));
#9437=CARTESIAN_POINT('',(1.677184472034E1,-3.319497728079E0,2.487497125712E0));
#9438=CARTESIAN_POINT('',(1.681035314663E1,-2.865268057484E0,1.877002978567E0));
#9439=CARTESIAN_POINT('',(1.684888186970E1,-2.299034174703E0,1.368085890622E0));
#9440=CARTESIAN_POINT('',(1.688742934628E1,-1.643014434619E0,
9.809854087959E-1));
#9441=CARTESIAN_POINT('',(1.692599404135E1,-9.230605547417E-1,
7.311211985326E-1));
#9442=CARTESIAN_POINT('',(1.696458901634E1,-1.675355776542E-1,
6.283224119812E-1));
#9443=CARTESIAN_POINT('',(1.700318530583E1,5.937640100132E-1,
6.771995641662E-1));
#9444=CARTESIAN_POINT('',(1.704181332905E1,1.330766329197E0,8.755526345179E-1));
#9445=CARTESIAN_POINT('',(1.708045573623E1,2.014333332835E0,1.215929589053E0));
#9446=CARTESIAN_POINT('',(1.711911985443E1,2.617425257489E0,1.684939111450E0));
#9447=CARTESIAN_POINT('',(1.715780341159E1,3.116139730825E0,2.264218880049E0));
#9448=CARTESIAN_POINT('',(1.719650304499E1,3.490647800226E0,2.931003358321E0));
#9449=CARTESIAN_POINT('',(1.723522528193E1,3.726079963152E0,3.659018531132E0));
#9450=CARTESIAN_POINT('',(1.727396904038E1,3.812991123701E0,4.419590083321E0));
#9451=CARTESIAN_POINT('',(1.731273020605E1,3.747771465716E0,5.182713379120E0));
#9452=CARTESIAN_POINT('',(1.735150510264E1,3.532830672417E0,5.918230884823E0));
#9453=CARTESIAN_POINT('',(1.739030238080E1,3.176564149453E0,6.597075565258E0));
#9454=CARTESIAN_POINT('',(1.742912119640E1,2.692888001662E0,7.192388715307E0));
#9455=CARTESIAN_POINT('',(1.746795540705E1,2.100766538938E0,7.680551287304E0));
#9456=CARTESIAN_POINT('',(1.750681569889E1,1.423489268961E0,8.042220107299E0));
#9457=CARTESIAN_POINT('',(1.754566874026E1,6.877236866513E-1,8.262847467401E0));
#9458=CARTESIAN_POINT('',(1.758464045620E1,-7.752859154321E-2,
8.334110498771E0));
#9459=CARTESIAN_POINT('',(1.762346641255E1,-8.420640920525E-1,
8.251946557882E0));
#9460=CARTESIAN_POINT('',(1.766242477505E1,-1.575700659669E0,8.020609640718E0));
#9461=CARTESIAN_POINT('',(1.770136383885E1,-2.249409229170E0,7.648465233751E0));
#9462=CARTESIAN_POINT('',(1.774033680158E1,-2.836549567678E0,7.150286169040E0));
#9463=CARTESIAN_POINT('',(1.777932003272E1,-3.313819407942E0,6.545547135010E0));
#9464=CARTESIAN_POINT('',(1.781832638715E1,-3.662287671793E0,5.858067287571E0));
#9465=CARTESIAN_POINT('',(1.785734387589E1,-3.868035287886E0,5.114905533548E0));
#9466=CARTESIAN_POINT('',(1.789639493535E1,-3.922870132543E0,4.345376829290E0));
#9467=CARTESIAN_POINT('',(1.793546936297E1,-3.824448451325E0,3.579821428403E0));
#9468=CARTESIAN_POINT('',(1.797454507862E1,-3.576446569178E0,2.848502126702E0));
#9469=CARTESIAN_POINT('',(1.801362600580E1,-3.188549158623E0,2.180363558682E0));
#9470=CARTESIAN_POINT('',(1.805274888012E1,-2.676027697610E0,1.601789461956E0));
#9471=CARTESIAN_POINT('',(1.809187957332E1,-2.058928983944E0,1.135766284917E0));
#9472=CARTESIAN_POINT('',(1.813103653209E1,-1.361563969980E0,
8.007710610158E-1));
#9473=CARTESIAN_POINT('',(1.817020398770E1,-6.113797797248E-1,
6.101901973002E-1));
#9474=CARTESIAN_POINT('',(1.820938444463E1,1.620262014056E-1,
5.716795132606E-1));
#9475=CARTESIAN_POINT('',(1.824859088564E1,9.281310636793E-1,
6.868668446477E-1));
#9476=CARTESIAN_POINT('',(1.828781480587E1,1.656672846347E0,9.513633880729E-1));
#9477=CARTESIAN_POINT('',(1.832706063763E1,2.318848278618E0,1.354850955991E0));
#9478=CARTESIAN_POINT('',(1.836631541698E1,2.888425438329E0,1.881539267844E0));
#9479=CARTESIAN_POINT('',(1.840559944823E1,3.342855902386E0,2.510707978442E0));
#9480=CARTESIAN_POINT('',(1.844488353628E1,3.664037649053E0,3.217630085438E0));
#9481=CARTESIAN_POINT('',(1.848420660699E1,3.839238636435E0,3.974420341334E0));
#9482=CARTESIAN_POINT('',(1.852354240441E1,3.861361054717E0,4.751261064670E0));
#9483=CARTESIAN_POINT('',(1.856288600953E1,3.729385574553E0,5.517475261217E0));
#9484=CARTESIAN_POINT('',(1.860224069723E1,3.448399996811E0,6.242782740937E0));
#9485=CARTESIAN_POINT('',(1.864162194703E1,3.029400349293E0,6.898513229141E0));
#9486=CARTESIAN_POINT('',(1.868102451201E1,2.488799507950E0,7.458712093672E0));
#9487=CARTESIAN_POINT('',(1.872042971592E1,1.847831681491E0,7.901141850158E0));
#9488=CARTESIAN_POINT('',(1.875988644826E1,1.131757574623E0,8.208303939162E0));
#9489=CARTESIAN_POINT('',(1.879928273769E1,3.687383177394E-1,8.367772693280E0));
#9490=CARTESIAN_POINT('',(1.883872431918E1,-4.110438435856E-1,
8.373296302817E0));
#9491=CARTESIAN_POINT('',(1.887827331835E1,-1.176889986126E0,8.224621809973E0));
#9492=CARTESIAN_POINT('',(1.891774272144E1,-1.898480229459E0,7.927201123540E0));
#9493=CARTESIAN_POINT('',(1.895726555823E1,-2.547314293464E0,7.492865533421E0));
#9494=CARTESIAN_POINT('',(1.899679122070E1,-3.097686937256E0,6.938582269629E0));
#9495=CARTESIAN_POINT('',(1.903634750252E1,-3.527803906009E0,6.286174711466E0));
#9496=CARTESIAN_POINT('',(1.907588907477E1,-3.820525113518E0,5.561299913937E0));
#9497=CARTESIAN_POINT('',(1.911547326437E1,-3.964251801120E0,4.792568316932E0));
#9498=CARTESIAN_POINT('',(1.915510190433E1,-3.953195326870E0,4.010276621153E0));
#9499=CARTESIAN_POINT('',(1.919473418020E1,-3.787608912620E0,3.245301577695E0));
#9500=CARTESIAN_POINT('',(1.923432778815E1,-3.473862505481E0,2.527910473643E0));
#9501=CARTESIAN_POINT('',(1.927393553298E1,-3.024313700084E0,1.886472665555E0));
#9502=CARTESIAN_POINT('',(1.931361608350E1,-2.456655429698E0,1.346312298350E0));
#9503=CARTESIAN_POINT('',(1.935327123904E1,-1.793126284017E0,
9.289229952381E-1));
#9504=CARTESIAN_POINT('',(1.939296846324E1,-1.059911905942E0,
6.508202929482E-1));
#9505=CARTESIAN_POINT('',(1.943264779933E1,-2.858889764703E-1,
5.231561966397E-1));
#9506=CARTESIAN_POINT('',(1.947235461784E1,4.983798658158E-1,
5.510341323644E-1));
#9507=CARTESIAN_POINT('',(1.951209249792E1,1.261943015712E0,7.334632578802E-1));
#9508=CARTESIAN_POINT('',(1.955184684986E1,1.974631294496E0,1.063371033688E0));
#9509=CARTESIAN_POINT('',(1.959160313112E1,2.608250430747E0,1.527848746593E0));
#9510=CARTESIAN_POINT('',(1.963136793448E1,3.137717177520E0,2.108636903880E0));
#9511=CARTESIAN_POINT('',(1.967116250882E1,3.542066796900E0,2.782870488145E0));
#9512=CARTESIAN_POINT('',(1.971094179866E1,3.805200362760E0,3.524006340458E0));
#9513=CARTESIAN_POINT('',(1.975077692589E1,3.916695178915E0,4.302795320262E0));
#9514=CARTESIAN_POINT('',(1.979064192517E1,3.872019490955E0,5.088534433405E0));
#9515=CARTESIAN_POINT('',(1.983049198295E1,3.672783412753E0,5.850192056945E0));
#9516=CARTESIAN_POINT('',(1.987029872315E1,3.326733932955E0,6.557636511027E0));
#9517=CARTESIAN_POINT('',(1.991016063021E1,2.847531487377E0,7.182925040587E0));
#9518=CARTESIAN_POINT('',(1.995006269910E1,2.253978367397E0,7.701324718235E0));
#9519=CARTESIAN_POINT('',(1.998991715696E1,1.569415227338E0,8.092221803570E0));
#9520=CARTESIAN_POINT('',(2.002993887940E1,8.208571754905E-1,8.340271865844E0));
#9521=CARTESIAN_POINT('',(2.006950093317E1,3.776156004143E-2,8.435063410125E0));
#9522=CARTESIAN_POINT('',(2.010975854962E1,-7.488679593277E-1,
8.373721844837E0));
#9523=CARTESIAN_POINT('',(2.014963205669E1,-1.508059932953E0,8.157667672499E0));
#9524=CARTESIAN_POINT('',(2.018959683049E1,-2.209762755274E0,7.795741961307E0));
#9525=CARTESIAN_POINT('',(2.022956470014E1,-2.826252953418E0,7.302071808821E0));
#9526=CARTESIAN_POINT('',(2.026955434799E1,-3.333128765822E0,6.696087645548E0));
#9527=CARTESIAN_POINT('',(2.030953370345E1,-3.710291379644E0,6.001641023552E0));
#9528=CARTESIAN_POINT('',(2.034954842130E1,-3.942798184210E0,5.246121292578E0));
#9529=CARTESIAN_POINT('',(2.038758749767E1,-4.017483733484E0,4.498144239031E0));
#9530=CARTESIAN_POINT('',(2.041229711086E1,-3.976163977413E0,4.012292332867E0));
#9531=CARTESIAN_POINT('',(2.042365840576E1,-3.937819210967E0,3.791950021656E0));
#9532=CARTESIAN_POINT('',(1.202279220213E1,-3.646694329152E0,5.092838991127E0));
#9533=CARTESIAN_POINT('',(1.203346054426E1,-3.683055745026E0,4.886484841240E0));
#9534=CARTESIAN_POINT('',(1.205646280981E1,-3.721985485014E0,4.434210172861E0));
#9535=CARTESIAN_POINT('',(1.209181039985E1,-3.652590872551E0,3.739187501078E0));
#9536=CARTESIAN_POINT('',(1.212885789421E1,-3.437301188952E0,3.039566997174E0));
#9537=CARTESIAN_POINT('',(1.216587307379E1,-3.087985513509E0,2.396417955019E0));
#9538=CARTESIAN_POINT('',(1.220293247494E1,-2.618491869923E0,1.835092527054E0));
#9539=CARTESIAN_POINT('',(1.223994456322E1,-2.047355079321E0,1.377738784280E0));
#9540=CARTESIAN_POINT('',(1.227697881490E1,-1.397162447254E0,1.042365276809E0));
#9541=CARTESIAN_POINT('',(1.231398238643E1,-6.935845665310E-1,
8.421898989167E-1));
#9542=CARTESIAN_POINT('',(1.235099943023E1,3.558808512750E-2,
7.850669617684E-1));
#9543=CARTESIAN_POINT('',(1.238804888781E1,7.615770017063E-1,
8.732103232491E-1));
#9544=CARTESIAN_POINT('',(1.242503334821E1,1.455727760941E0,1.103136137459E0));
#9545=CARTESIAN_POINT('',(1.246203015720E1,2.090649096552E0,1.465713747790E0));
#9546=CARTESIAN_POINT('',(1.249903432981E1,2.641298440069E0,1.946607143803E0));
#9547=CARTESIAN_POINT('',(1.253601618875E1,3.085955073993E0,2.526817065782E0));
#9548=CARTESIAN_POINT('',(1.257301893666E1,3.407098423713E0,3.183416003058E0));
#9549=CARTESIAN_POINT('',(1.260998829503E1,3.592066983059E0,3.890481955609E0));
#9550=CARTESIAN_POINT('',(1.264697023250E1,3.633594914265E0,4.620092001809E0));
#9551=CARTESIAN_POINT('',(1.268395698061E1,3.530067370498E0,5.343448426505E0));
#9552=CARTESIAN_POINT('',(1.272092950654E1,3.285591118076E0,6.032001763049E0));
#9553=CARTESIAN_POINT('',(1.275790898676E1,2.909842416103E0,6.658581552441E0));
#9554=CARTESIAN_POINT('',(1.279487370994E1,2.417668348366E0,7.198465334080E0));
#9555=CARTESIAN_POINT('',(1.283185340961E1,1.828515496831E0,7.630359777716E0));
#9556=CARTESIAN_POINT('',(1.286877965509E1,1.165644355920E0,7.937224534517E0));
#9557=CARTESIAN_POINT('',(1.290582422506E1,4.552420331945E-1,8.106986212379E0));
#9558=CARTESIAN_POINT('',(1.294272342226E1,-2.746667027272E-1,
8.132926365117E0));
#9559=CARTESIAN_POINT('',(1.297970307408E1,-9.952535593571E-1,
8.014067203122E0));
#9560=CARTESIAN_POINT('',(1.301666483168E1,-1.678085523334E0,7.755101938551E0));
#9561=CARTESIAN_POINT('',(1.305361103131E1,-2.296212078786E0,7.366266299342E0));
#9562=CARTESIAN_POINT('',(1.309057545950E1,-2.825242380519E0,6.862922858895E0));
#9563=CARTESIAN_POINT('',(1.312751660251E1,-3.244300963147E0,6.264943883720E0));
#9564=CARTESIAN_POINT('',(1.316448435813E1,-3.536857184373E0,5.595943102579E0));
#9565=CARTESIAN_POINT('',(1.320141396138E1,-3.691368362241E0,4.882326257992E0));
#9566=CARTESIAN_POINT('',(1.323835270450E1,-3.701745649181E0,4.152266796910E0));
#9567=CARTESIAN_POINT('',(1.327530844035E1,-3.567586644196E0,3.434581454318E0));
#9568=CARTESIAN_POINT('',(1.331226978019E1,-3.294191520305E0,2.757597101817E0));
#9569=CARTESIAN_POINT('',(1.334921523600E1,-2.892354666539E0,2.148033688185E0));
#9570=CARTESIAN_POINT('',(1.338616014543E1,-2.377940853937E0,1.629950911237E0));
#9571=CARTESIAN_POINT('',(1.342310605065E1,-1.771256405788E0,1.223797314407E0));
#9572=CARTESIAN_POINT('',(1.346007118383E1,-1.096249867457E0,
9.456046313032E-1));
#9573=CARTESIAN_POINT('',(1.349689984184E1,-3.795571734443E-1,
8.063503812471E-1));
#9574=CARTESIAN_POINT('',(1.353400781876E1,3.505120581490E-1,
8.115432132419E-1));
#9575=CARTESIAN_POINT('',(1.357088841173E1,1.065165463611E0,9.609687510780E-1));
#9576=CARTESIAN_POINT('',(1.360786286073E1,1.736176924102E0,1.248740757058E0));
#9577=CARTESIAN_POINT('',(1.364480301028E1,2.337064914180E0,1.663502197428E0));
#9578=CARTESIAN_POINT('',(1.368176022486E1,2.844104171235E0,2.188887926988E0));
#9579=CARTESIAN_POINT('',(1.371869728030E1,3.237278164067E0,2.804165196690E0));
#9580=CARTESIAN_POINT('',(1.375567803733E1,3.501053823721E0,3.485051778781E0));
#9581=CARTESIAN_POINT('',(1.379261902518E1,3.625017845368E0,4.204676181092E0));
#9582=CARTESIAN_POINT('',(1.382952640890E1,3.604265766374E0,4.934637854897E0));
#9583=CARTESIAN_POINT('',(1.386645695508E1,3.439597615164E0,5.646121246822E0));
#9584=CARTESIAN_POINT('',(1.390346194499E1,3.137495086820E0,6.311031769611E0));
#9585=CARTESIAN_POINT('',(1.394045733378E1,2.709878959042E0,6.903123013839E0));
#9586=CARTESIAN_POINT('',(1.397738991667E1,2.173616810022E0,7.399024569936E0));
#9587=CARTESIAN_POINT('',(1.401437377349E1,1.549856912854E0,7.779133380191E0));
#9588=CARTESIAN_POINT('',(1.405133657002E1,8.632150239325E-1,8.028440221336E0));
#9589=CARTESIAN_POINT('',(1.408831068874E1,1.407861135354E-1,8.137080914885E0));
#9590=CARTESIAN_POINT('',(1.412528921189E1,-5.889163533094E-1,
8.100747308651E0));
#9591=CARTESIAN_POINT('',(1.416227508378E1,-1.297087418515E0,7.920851225207E0));
#9592=CARTESIAN_POINT('',(1.419923649465E1,-1.955773079160E0,7.604476133187E0));
#9593=CARTESIAN_POINT('',(1.423622214009E1,-2.538956898505E0,7.164079426981E0));
#9594=CARTESIAN_POINT('',(1.427321599162E1,-3.023604333609E0,6.617027978273E0));
#9595=CARTESIAN_POINT('',(1.431019937022E1,-3.390570058772E0,5.984898173516E0));
#9596=CARTESIAN_POINT('',(1.434721366050E1,-3.625334421600E0,5.292626099881E0));
#9597=CARTESIAN_POINT('',(1.438418513967E1,-3.718622166354E0,4.567529284407E0));
#9598=CARTESIAN_POINT('',(1.442114676426E1,-3.666712822480E0,3.838219164056E0));
#9599=CARTESIAN_POINT('',(1.445814685313E1,-3.471609663159E0,3.133490324699E0));
#9600=CARTESIAN_POINT('',(1.449520904547E1,-3.140978888262E0,2.481181470232E0));
#9601=CARTESIAN_POINT('',(1.453222328400E1,-2.687868914315E0,1.907036852401E0));
#9602=CARTESIAN_POINT('',(1.456922749969E1,-2.130122837397E0,1.433742014749E0));
#9603=CARTESIAN_POINT('',(1.460627831494E1,-1.489732218172E0,1.080026957147E0));
#9604=CARTESIAN_POINT('',(1.464320751231E1,-7.919550380575E-1,
8.598276552018E-1));
#9605=CARTESIAN_POINT('',(1.468050638028E1,-6.433704218236E-2,
7.820460555062E-1));
#9606=CARTESIAN_POINT('',(1.471731455104E1,6.644364823222E-1,
8.494884583910E-1));
#9607=CARTESIAN_POINT('',(1.475441619220E1,1.365563985442E0,1.059810513743E0));
#9608=CARTESIAN_POINT('',(1.479145808596E1,2.011370546499E0,1.404624277996E0));
#9609=CARTESIAN_POINT('',(1.482851308912E1,2.576345546359E0,1.870383626380E0));
#9610=CARTESIAN_POINT('',(1.486556245857E1,3.038161770216E0,2.438733344116E0));
#9611=CARTESIAN_POINT('',(1.490264702036E1,3.378540210383E0,3.087274291427E0));
#9612=CARTESIAN_POINT('',(1.493970755600E1,3.584026978867E0,3.790419187263E0));
#9613=CARTESIAN_POINT('',(1.497677032403E1,3.646456279300E0,4.520434229223E0));
#9614=CARTESIAN_POINT('',(1.501385068704E1,3.563307335424E0,5.248506705548E0));
#9615=CARTESIAN_POINT('',(1.505096130333E1,3.337808028583E0,5.945884743967E0));
#9616=CARTESIAN_POINT('',(1.508805839064E1,2.978830201251E0,6.585033428217E0));
#9617=CARTESIAN_POINT('',(1.512515763645E1,2.500490743680E0,7.140698227499E0));
#9618=CARTESIAN_POINT('',(1.516226346381E1,1.921627160647E0,7.590910136154E0));
#9619=CARTESIAN_POINT('',(1.519940565102E1,1.265054947771E0,7.917838233349E0));
#9620=CARTESIAN_POINT('',(1.523647357314E1,5.566756628855E-1,8.108586889829E0));
#9621=CARTESIAN_POINT('',(1.527362561292E1,-1.755808687724E-1,
8.155489516075E0));
#9622=CARTESIAN_POINT('',(1.531079989641E1,-9.027927093247E-1,
8.056668959135E0));
#9623=CARTESIAN_POINT('',(1.534793728998E1,-1.596264525105E0,7.816000852095E0));
#9624=CARTESIAN_POINT('',(1.538510330808E1,-2.228591557639E0,7.442894149340E0));
#9625=CARTESIAN_POINT('',(1.542225599403E1,-2.774796655149E0,6.952044027158E0));
#9626=CARTESIAN_POINT('',(1.545943395222E1,-3.213263160982E0,6.362763817076E0));
#9627=CARTESIAN_POINT('',(1.549661046196E1,-3.526645520232E0,5.698286408645E0));
#9628=CARTESIAN_POINT('',(1.553381065313E1,-3.702501562964E0,4.984809670801E0));
#9629=CARTESIAN_POINT('',(1.557098965712E1,-3.733855930945E0,4.250484113900E0));
#9630=CARTESIAN_POINT('',(1.560816757580E1,-3.619392574418E0,3.524281932299E0));
#9631=CARTESIAN_POINT('',(1.564539275671E1,-3.363531791461E0,2.834893593241E0));
#9632=CARTESIAN_POINT('',(1.568263730966E1,-2.976332262882E0,2.209559656538E0));
#9633=CARTESIAN_POINT('',(1.571985473161E1,-2.473042805411E0,1.672973323621E0));
#9634=CARTESIAN_POINT('',(1.575709459059E1,-1.873450008392E0,1.246384036242E0));
#9635=CARTESIAN_POINT('',(1.579435319474E1,-1.201190973003E0,
9.466914989138E-1));
#9636=CARTESIAN_POINT('',(1.583158859196E1,-4.827713792387E-1,
7.857575949297E-1));
#9637=CARTESIAN_POINT('',(1.586891166141E1,2.534604300399E-1,
7.700908785807E-1));
#9638=CARTESIAN_POINT('',(1.590613573563E1,9.784619700353E-1,
9.002396368404E-1));
#9639=CARTESIAN_POINT('',(1.594344421079E1,1.663579153872E0,1.171280123395E0));
#9640=CARTESIAN_POINT('',(1.598072867160E1,2.281760830520E0,1.572501888492E0));
#9641=CARTESIAN_POINT('',(1.601804373396E1,2.808545397674E0,2.088169078254E0));
#9642=CARTESIAN_POINT('',(1.605535110039E1,3.223105645354E0,2.697959973824E0));
#9643=CARTESIAN_POINT('',(1.609268821882E1,3.508986335631E0,3.377863275120E0));
#9644=CARTESIAN_POINT('',(1.613000776861E1,3.654868969271E0,4.101059263871E0));
#9645=CARTESIAN_POINT('',(1.616734479726E1,3.654887849415E0,4.839029785249E0));
#9646=CARTESIAN_POINT('',(1.620470686406E1,3.508952544840E0,5.562636198239E0));
#9647=CARTESIAN_POINT('',(1.624208539170E1,3.222753786346E0,6.243294193368E0));
#9648=CARTESIAN_POINT('',(1.627945918809E1,2.807528115446E0,6.854117598755E0));
#9649=CARTESIAN_POINT('',(1.631685175136E1,2.279583685134E0,7.370933914758E0));
#9650=CARTESIAN_POINT('',(1.635423002422E1,1.659701069721E0,7.773316946082E0));
#9651=CARTESIAN_POINT('',(1.639172536732E1,9.723034333238E-1,8.045170200304E0));
#9652=CARTESIAN_POINT('',(1.642881182801E1,2.445057954444E-1,8.176244706482E0));
#9653=CARTESIAN_POINT('',(1.646657731564E1,-4.950128703002E-1,
8.160127653929E0));
#9654=CARTESIAN_POINT('',(1.650394182624E1,-1.217018299976E0,7.998511991303E0));
#9655=CARTESIAN_POINT('',(1.654142138972E1,-1.893013777400E0,7.697141668587E0));
#9656=CARTESIAN_POINT('',(1.657888075013E1,-2.496275308766E0,7.267974262272E0));
#9657=CARTESIAN_POINT('',(1.661636238598E1,-3.002934104579E0,6.727834201903E0));
#9658=CARTESIAN_POINT('',(1.665384317906E1,-3.392938523276E0,6.097997304888E0));
#9659=CARTESIAN_POINT('',(1.669135759060E1,-3.650780185927E0,5.403260352263E0));
#9660=CARTESIAN_POINT('',(1.672886904162E1,-3.766234071163E0,4.671034151668E0));
#9661=CARTESIAN_POINT('',(1.676637499629E1,-3.734658198817E0,3.930192654539E0));
#9662=CARTESIAN_POINT('',(1.680390203528E1,-3.557168834852E0,3.209980777805E0));
#9663=CARTESIAN_POINT('',(1.684147490583E1,-3.240653280757E0,2.538881219179E0));
#9664=CARTESIAN_POINT('',(1.687903925087E1,-2.797586480381E0,1.943397812239E0));
#9665=CARTESIAN_POINT('',(1.691660606141E1,-2.245361355067E0,1.447087739891E0));
#9666=CARTESIAN_POINT('',(1.695419652442E1,-1.605690961017E0,1.069638581076E0));
#9667=CARTESIAN_POINT('',(1.699180851038E1,-9.037962675736E-1,
8.260389796068E-1));
#9668=CARTESIAN_POINT('',(1.702936611058E1,-1.673417372698E-1,
7.258808366690E-1));
#9669=CARTESIAN_POINT('',(1.706704815678E1,5.746109751753E-1,
7.734809643365E-1));
#9670=CARTESIAN_POINT('',(1.710466701896E1,1.292772381153E0,9.667825166029E-1));
#9671=CARTESIAN_POINT('',(1.714232645156E1,1.958758881914E0,1.298405092053E0));
#9672=CARTESIAN_POINT('',(1.717998629184E1,2.546246775780E0,1.755289794573E0));
#9673=CARTESIAN_POINT('',(1.721766029829E1,3.031981215498E0,2.319504036291E0));
#9674=CARTESIAN_POINT('',(1.725535716336E1,3.396691895520E0,2.968845260550E0));
#9675=CARTESIAN_POINT('',(1.729305618778E1,3.625924487345E0,3.677715568249E0));
#9676=CARTESIAN_POINT('',(1.733076345698E1,3.710526010859E0,4.418177703109E0));
#9677=CARTESIAN_POINT('',(1.736848995543E1,3.647032589215E0,5.161016069434E0));
#9678=CARTESIAN_POINT('',(1.740624189301E1,3.437835159960E0,5.876885038676E0));
#9679=CARTESIAN_POINT('',(1.744399903697E1,3.091128004461E0,6.537505563373E0));
#9680=CARTESIAN_POINT('',(1.748176553180E1,2.620492012416E0,7.116757353648E0));
#9681=CARTESIAN_POINT('',(1.751955182179E1,2.044412991080E0,7.591690025160E0));
#9682=CARTESIAN_POINT('',(1.755734162698E1,1.385568394375E0,7.943504966467E0));
#9683=CARTESIAN_POINT('',(1.759518238466E1,6.699189894115E-1,8.158116904109E0));
#9684=CARTESIAN_POINT('',(1.763289517420E1,-7.433151312763E-2,
8.227340720502E0));
#9685=CARTESIAN_POINT('',(1.767085547954E1,-8.177803469811E-1,
8.147522360259E0));
#9686=CARTESIAN_POINT('',(1.770866921844E1,-1.531110104297E0,7.922557738159E0));
#9687=CARTESIAN_POINT('',(1.774654970677E1,-2.186096083646E0,7.560760201359E0));
#9688=CARTESIAN_POINT('',(1.778442437674E1,-2.756855456429E0,7.076469955087E0));
#9689=CARTESIAN_POINT('',(1.782232332712E1,-3.220762247818E0,6.488660528366E0));
#9690=CARTESIAN_POINT('',(1.786023146172E1,-3.559436549037E0,5.820493002687E0));
#9691=CARTESIAN_POINT('',(1.789816088290E1,-3.759384232920E0,5.098281923768E0));
#9692=CARTESIAN_POINT('',(1.793609053152E1,-3.812659150185E0,4.350516538331E0));
#9693=CARTESIAN_POINT('',(1.797403185835E1,-3.717019066535E0,3.606685339669E0));
#9694=CARTESIAN_POINT('',(1.801200241164E1,-3.476075818912E0,2.896184137286E0));
#9695=CARTESIAN_POINT('',(1.804999617782E1,-3.099257017845E0,2.247117672524E0));
#9696=CARTESIAN_POINT('',(1.808798676678E1,-2.601402948499E0,1.685111073427E0));
#9697=CARTESIAN_POINT('',(1.812599947020E1,-2.002019128871E0,1.232467880459E0));
#9698=CARTESIAN_POINT('',(1.816402143714E1,-1.324724163749E0,
9.071191968075E-1));
#9699=CARTESIAN_POINT('',(1.820206299876E1,-5.961877237381E-1,
7.220395609282E-1));
#9700=CARTESIAN_POINT('',(1.824012161186E1,1.548463940178E-1,
6.846427118300E-1));
#9701=CARTESIAN_POINT('',(1.827819037411E1,8.987398018720E-1,
7.964932115293E-1));
#9702=CARTESIAN_POINT('',(1.831627416279E1,1.606112027248E0,1.053306858611E0));
#9703=CARTESIAN_POINT('',(1.835437101877E1,2.249004915685E0,1.445049039527E0));
#9704=CARTESIAN_POINT('',(1.839248659139E1,2.801963525569E0,1.956371566514E0));
#9705=CARTESIAN_POINT('',(1.843061232855E1,3.243107825884E0,2.567151935786E0));
#9706=CARTESIAN_POINT('',(1.846875978242E1,3.554884658672E0,3.253372775212E0));
#9707=CARTESIAN_POINT('',(1.850691416582E1,3.724942708424E0,3.987967100341E0));
#9708=CARTESIAN_POINT('',(1.854508582375E1,3.746412142594E0,4.741985998362E0));
#9709=CARTESIAN_POINT('',(1.858327559453E1,3.618318567716E0,5.485656674978E0));
#9710=CARTESIAN_POINT('',(1.862148189996E1,3.345611348769E0,6.189595229354E0));
#9711=CARTESIAN_POINT('',(1.865970042709E1,2.938970048300E0,6.825982194835E0));
#9712=CARTESIAN_POINT('',(1.869793331249E1,2.414332984343E0,7.369635789379E0));
#9713=CARTESIAN_POINT('',(1.873618429640E1,1.792314728409E0,7.798985444859E0));
#9714=CARTESIAN_POINT('',(1.877444367217E1,1.097428019850E0,8.097055051958E0));
#9715=CARTESIAN_POINT('',(1.881273290823E1,3.570111875524E-1,8.251804055018E0));
#9716=CARTESIAN_POINT('',(1.885102998475E1,-3.996587123875E-1,
8.257164904001E0));
#9717=CARTESIAN_POINT('',(1.888932949676E1,-1.142793786649E0,8.112893811776E0));
#9718=CARTESIAN_POINT('',(1.892765858307E1,-1.842969508076E0,7.824300694414E0));
#9719=CARTESIAN_POINT('',(1.896599757647E1,-2.472540818271E0,7.402858735447E0));
#9720=CARTESIAN_POINT('',(1.900435356124E1,-3.006567686107E0,6.865037049542E0));
#9721=CARTESIAN_POINT('',(1.904272360006E1,-3.423907388711E0,6.232009407705E0));
#9722=CARTESIAN_POINT('',(1.908111113305E1,-3.707931292997E0,5.528672272617E0));
#9723=CARTESIAN_POINT('',(1.911951186919E1,-3.847387575704E0,4.782781180237E0));
#9724=CARTESIAN_POINT('',(1.915792731729E1,-3.836660045696E0,4.023730373001E0));
#9725=CARTESIAN_POINT('',(1.919635952437E1,-3.675993056894E0,3.281478737660E0));
#9726=CARTESIAN_POINT('',(1.923480792479E1,-3.371564672827E0,2.585395109648E0));
#9727=CARTESIAN_POINT('',(1.927327040584E1,-2.935362920723E0,1.963002875911E0));
#9728=CARTESIAN_POINT('',(1.931174875861E1,-2.384550832318E0,1.438870159786E0));
#9729=CARTESIAN_POINT('',(1.935024180319E1,-1.740702374766E0,1.033861054848E0));
#9730=CARTESIAN_POINT('',(1.938875092533E1,-1.029221128639E0,
7.639998659657E-1));
#9731=CARTESIAN_POINT('',(1.942727389906E1,-2.781247292246E-1,
6.401177985788E-1));
#9732=CARTESIAN_POINT('',(1.946581236975E1,4.829336512973E-1,
6.671702951872E-1));
#9733=CARTESIAN_POINT('',(1.950436731494E1,1.223921536854E0,8.442037598753E-1));
#9734=CARTESIAN_POINT('',(1.954293796564E1,1.915561419642E0,1.164365533846E0));
#9735=CARTESIAN_POINT('',(1.958152289367E1,2.530488132010E0,1.615139223314E0));
#9736=CARTESIAN_POINT('',(1.962012229495E1,3.044353884374E0,2.178813192803E0));
#9737=CARTESIAN_POINT('',(1.965873878353E1,3.436807356820E0,2.833205515178E0));
#9738=CARTESIAN_POINT('',(1.969736676535E1,3.692207645464E0,3.552562907519E0));
#9739=CARTESIAN_POINT('',(1.973601533001E1,3.800436010690E0,4.308502467700E0));
#9740=CARTESIAN_POINT('',(1.977468211054E1,3.757076123677E0,5.071228903706E0));
#9741=CARTESIAN_POINT('',(1.981336035082E1,3.563668396470E0,5.810618319332E0));
#9742=CARTESIAN_POINT('',(1.985204411886E1,3.227714519614E0,6.497411382723E0));
#9743=CARTESIAN_POINT('',(1.989074934804E1,2.762473209175E0,7.104485051841E0));
#9744=CARTESIAN_POINT('',(1.992947512509E1,2.186177493625E0,7.607819849656E0));
#9745=CARTESIAN_POINT('',(1.996820369839E1,1.521474069119E0,7.987372372384E0));
#9746=CARTESIAN_POINT('',(2.000697967214E1,7.945801484792E-1,8.228267247198E0));
#9747=CARTESIAN_POINT('',(2.004567050019E1,3.410874359908E-2,8.320256025778E0));
#9748=CARTESIAN_POINT('',(2.008452138896E1,-7.298719667933E-1,
8.260746544374E0));
#9749=CARTESIAN_POINT('',(2.012330320683E1,-1.467250200385E0,8.050889189137E0));
#9750=CARTESIAN_POINT('',(2.016211622073E1,-2.148845340177E0,7.699339438823E0));
#9751=CARTESIAN_POINT('',(2.020094254692E1,-2.747720232221E0,7.219779382589E0));
#9752=CARTESIAN_POINT('',(2.023978610753E1,-3.240156563751E0,6.631065996448E0));
#9753=CARTESIAN_POINT('',(2.027863881143E1,-3.606603821166E0,5.956350049726E0));
#9754=CARTESIAN_POINT('',(2.031751257526E1,-3.832530854965E0,5.222231201592E0));
#9755=CARTESIAN_POINT('',(2.035447867352E1,-3.905110625414E0,4.495372607921E0));
#9756=CARTESIAN_POINT('',(2.037849319528E1,-3.864955939775E0,4.023196393341E0));
#9757=CARTESIAN_POINT('',(2.038955325456E1,-3.827689543021E0,3.809047942687E0));
#9758=(BOUNDED_SURFACE()B_SPLINE_SURFACE(3,3,((#8176,#8177,#8178,#8179,#8180,
#8181,#8182,#8183,#8184,#8185,#8186,#8187,#8188,#8189,#8190,#8191,#8192,#8193,
#8194,#8195,#8196,#8197,#8198,#8199,#8200,#8201,#8202,#8203,#8204,#8205,#8206,
#8207,#8208,#8209,#8210,#8211,#8212,#8213,#8214,#8215,#8216,#8217,#8218,#8219,
#8220,#8221,#8222,#8223,#8224,#8225,#8226,#8227,#8228,#8229,#8230,#8231,#8232,
#8233,#8234,#8235,#8236,#8237,#8238,#8239,#8240,#8241,#8242,#8243,#8244,#8245,
#8246,#8247,#8248,#8249,#8250,#8251,#8252,#8253,#8254,#8255,#8256,#8257,#8258,
#8259,#8260,#8261,#8262,#8263,#8264,#8265,#8266,#8267,#8268,#8269,#8270,#8271,
#8272,#8273,#8274,#8275,#8276,#8277,#8278,#8279,#8280,#8281,#8282,#8283,#8284,
#8285,#8286,#8287,#8288,#8289,#8290,#8291,#8292,#8293,#8294,#8295,#8296,#8297,
#8298,#8299,#8300,#8301,#8302,#8303,#8304,#8305,#8306,#8307,#8308,#8309,#8310,
#8311,#8312,#8313,#8314,#8315,#8316,#8317,#8318,#8319,#8320,#8321,#8322,#8323,
#8324,#8325,#8326,#8327,#8328,#8329,#8330,#8331,#8332,#8333,#8334,#8335,#8336,
#8337,#8338,#8339,#8340,#8341,#8342,#8343,#8344,#8345,#8346,#8347,#8348,#8349,
#8350,#8351,#8352,#8353,#8354,#8355,#8356,#8357,#8358,#8359,#8360,#8361,#8362,
#8363,#8364,#8365,#8366,#8367,#8368,#8369,#8370,#8371,#8372,#8373,#8374,#8375,
#8376,#8377,#8378,#8379,#8380,#8381,#8382,#8383,#8384,#8385,#8386,#8387,#8388,
#8389,#8390,#8391,#8392,#8393,#8394,#8395,#8396,#8397,#8398,#8399,#8400,#8401),(
#8402,#8403,#8404,#8405,#8406,#8407,#8408,#8409,#8410,#8411,#8412,#8413,#8414,
#8415,#8416,#8417,#8418,#8419,#8420,#8421,#8422,#8423,#8424,#8425,#8426,#8427,
#8428,#8429,#8430,#8431,#8432,#8433,#8434,#8435,#8436,#8437,#8438,#8439,#8440,
#8441,#8442,#8443,#8444,#8445,#8446,#8447,#8448,#8449,#8450,#8451,#8452,#8453,
#8454,#8455,#8456,#8457,#8458,#8459,#8460,#8461,#8462,#8463,#8464,#8465,#8466,
#8467,#8468,#8469,#8470,#8471,#8472,#8473,#8474,#8475,#8476,#8477,#8478,#8479,
#8480,#8481,#8482,#8483,#8484,#8485,#8486,#8487,#8488,#8489,#8490,#8491,#8492,
#8493,#8494,#8495,#8496,#8497,#8498,#8499,#8500,#8501,#8502,#8503,#8504,#8505,
#8506,#8507,#8508,#8509,#8510,#8511,#8512,#8513,#8514,#8515,#8516,#8517,#8518,
#8519,#8520,#8521,#8522,#8523,#8524,#8525,#8526,#8527,#8528,#8529,#8530,#8531,
#8532,#8533,#8534,#8535,#8536,#8537,#8538,#8539,#8540,#8541,#8542,#8543,#8544,
#8545,#8546,#8547,#8548,#8549,#8550,#8551,#8552,#8553,#8554,#8555,#8556,#8557,
#8558,#8559,#8560,#8561,#8562,#8563,#8564,#8565,#8566,#8567,#8568,#8569,#8570,
#8571,#8572,#8573,#8574,#8575,#8576,#8577,#8578,#8579,#8580,#8581,#8582,#8583,
#8584,#8585,#8586,#8587,#8588,#8589,#8590,#8591,#8592,#8593,#8594,#8595,#8596,
#8597,#8598,#8599,#8600,#8601,#8602,#8603,#8604,#8605,#8606,#8607,#8608,#8609,
#8610,#8611,#8612,#8613,#8614,#8615,#8616,#8617,#8618,#8619,#8620,#8621,#8622,
#8623,#8624,#8625,#8626,#8627),(#8628,#8629,#8630,#8631,#8632,#8633,#8634,#8635,
#8636,#8637,#8638,#8639,#8640,#8641,#8642,#8643,#8644,#8645,#8646,#8647,#8648,
#8649,#8650,#8651,#8652,#8653,#8654,#8655,#8656,#8657,#8658,#8659,#8660,#8661,
#8662,#8663,#8664,#8665,#8666,#8667,#8668,#8669,#8670,#8671,#8672,#8673,#8674,
#8675,#8676,#8677,#8678,#8679,#8680,#8681,#8682,#8683,#8684,#8685,#8686,#8687,
#8688,#8689,#8690,#8691,#8692,#8693,#8694,#8695,#8696,#8697,#8698,#8699,#8700,
#8701,#8702,#8703,#8704,#8705,#8706,#8707,#8708,#8709,#8710,#8711,#8712,#8713,
#8714,#8715,#8716,#8717,#8718,#8719,#8720,#8721,#8722,#8723,#8724,#8725,#8726,
#8727,#8728,#8729,#8730,#8731,#8732,#8733,#8734,#8735,#8736,#8737,#8738,#8739,
#8740,#8741,#8742,#8743,#8744,#8745,#8746,#8747,#8748,#8749,#8750,#8751,#8752,
#8753,#8754,#8755,#8756,#8757,#8758,#8759,#8760,#8761,#8762,#8763,#8764,#8765,
#8766,#8767,#8768,#8769,#8770,#8771,#8772,#8773,#8774,#8775,#8776,#8777,#8778,
#8779,#8780,#8781,#8782,#8783,#8784,#8785,#8786,#8787,#8788,#8789,#8790,#8791,
#8792,#8793,#8794,#8795,#8796,#8797,#8798,#8799,#8800,#8801,#8802,#8803,#8804,
#8805,#8806,#8807,#8808,#8809,#8810,#8811,#8812,#8813,#8814,#8815,#8816,#8817,
#8818,#8819,#8820,#8821,#8822,#8823,#8824,#8825,#8826,#8827,#8828,#8829,#8830,
#8831,#8832,#8833,#8834,#8835,#8836,#8837,#8838,#8839,#8840,#8841,#8842,#8843,
#8844,#8845,#8846,#8847,#8848,#8849,#8850,#8851,#8852,#8853),(#8854,#8855,#8856,
#8857,#8858,#8859,#8860,#8861,#8862,#8863,#8864,#8865,#8866,#8867,#8868,#8869,
#8870,#8871,#8872,#8873,#8874,#8875,#8876,#8877,#8878,#8879,#8880,#8881,#8882,
#8883,#8884,#8885,#8886,#8887,#8888,#8889,#8890,#8891,#8892,#8893,#8894,#8895,
#8896,#8897,#8898,#8899,#8900,#8901,#8902,#8903,#8904,#8905,#8906,#8907,#8908,
#8909,#8910,#8911,#8912,#8913,#8914,#8915,#8916,#8917,#8918,#8919,#8920,#8921,
#8922,#8923,#8924,#8925,#8926,#8927,#8928,#8929,#8930,#8931,#8932,#8933,#8934,
#8935,#8936,#8937,#8938,#8939,#8940,#8941,#8942,#8943,#8944,#8945,#8946,#8947,
#8948,#8949,#8950,#8951,#8952,#8953,#8954,#8955,#8956,#8957,#8958,#8959,#8960,
#8961,#8962,#8963,#8964,#8965,#8966,#8967,#8968,#8969,#8970,#8971,#8972,#8973,
#8974,#8975,#8976,#8977,#8978,#8979,#8980,#8981,#8982,#8983,#8984,#8985,#8986,
#8987,#8988,#8989,#8990,#8991,#8992,#8993,#8994,#8995,#8996,#8997,#8998,#8999,
#9000,#9001,#9002,#9003,#9004,#9005,#9006,#9007,#9008,#9009,#9010,#9011,#9012,
#9013,#9014,#9015,#9016,#9017,#9018,#9019,#9020,#9021,#9022,#9023,#9024,#9025,
#9026,#9027,#9028,#9029,#9030,#9031,#9032,#9033,#9034,#9035,#9036,#9037,#9038,
#9039,#9040,#9041,#9042,#9043,#9044,#9045,#9046,#9047,#9048,#9049,#9050,#9051,
#9052,#9053,#9054,#9055,#9056,#9057,#9058,#9059,#9060,#9061,#9062,#9063,#9064,
#9065,#9066,#9067,#9068,#9069,#9070,#9071,#9072,#9073,#9074,#9075,#9076,#9077,
#9078,#9079),(#9080,#9081,#9082,#9083,#9084,#9085,#9086,#9087,#9088,#9089,#9090,
#9091,#9092,#9093,#9094,#9095,#9096,#9097,#9098,#9099,#9100,#9101,#9102,#9103,
#9104,#9105,#9106,#9107,#9108,#9109,#9110,#9111,#9112,#9113,#9114,#9115,#9116,
#9117,#9118,#9119,#9120,#9121,#9122,#9123,#9124,#9125,#9126,#9127,#9128,#9129,
#9130,#9131,#9132,#9133,#9134,#9135,#9136,#9137,#9138,#9139,#9140,#9141,#9142,
#9143,#9144,#9145,#9146,#9147,#9148,#9149,#9150,#9151,#9152,#9153,#9154,#9155,
#9156,#9157,#9158,#9159,#9160,#9161,#9162,#9163,#9164,#9165,#9166,#9167,#9168,
#9169,#9170,#9171,#9172,#9173,#9174,#9175,#9176,#9177,#9178,#9179,#9180,#9181,
#9182,#9183,#9184,#9185,#9186,#9187,#9188,#9189,#9190,#9191,#9192,#9193,#9194,
#9195,#9196,#9197,#9198,#9199,#9200,#9201,#9202,#9203,#9204,#9205,#9206,#9207,
#9208,#9209,#9210,#9211,#9212,#9213,#9214,#9215,#9216,#9217,#9218,#9219,#9220,
#9221,#9222,#9223,#9224,#9225,#9226,#9227,#9228,#9229,#9230,#9231,#9232,#9233,
#9234,#9235,#9236,#9237,#9238,#9239,#9240,#9241,#9242,#9243,#9244,#9245,#9246,
#9247,#9248,#9249,#9250,#9251,#9252,#9253,#9254,#9255,#9256,#9257,#9258,#9259,
#9260,#9261,#9262,#9263,#9264,#9265,#9266,#9267,#9268,#9269,#9270,#9271,#9272,
#9273,#9274,#9275,#9276,#9277,#9278,#9279,#9280,#9281,#9282,#9283,#9284,#9285,
#9286,#9287,#9288,#9289,#9290,#9291,#9292,#9293,#9294,#9295,#9296,#9297,#9298,
#9299,#9300,#9301,#9302,#9303,#9304,#9305),(#9306,#9307,#9308,#9309,#9310,#9311,
#9312,#9313,#9314,#9315,#9316,#9317,#9318,#9319,#9320,#9321,#9322,#9323,#9324,
#9325,#9326,#9327,#9328,#9329,#9330,#9331,#9332,#9333,#9334,#9335,#9336,#9337,
#9338,#9339,#9340,#9341,#9342,#9343,#9344,#9345,#9346,#9347,#9348,#9349,#9350,
#9351,#9352,#9353,#9354,#9355,#9356,#9357,#9358,#9359,#9360,#9361,#9362,#9363,
#9364,#9365,#9366,#9367,#9368,#9369,#9370,#9371,#9372,#9373,#9374,#9375,#9376,
#9377,#9378,#9379,#9380,#9381,#9382,#9383,#9384,#9385,#9386,#9387,#9388,#9389,
#9390,#9391,#9392,#9393,#9394,#9395,#9396,#9397,#9398,#9399,#9400,#9401,#9402,
#9403,#9404,#9405,#9406,#9407,#9408,#9409,#9410,#9411,#9412,#9413,#9414,#9415,
#9416,#9417,#9418,#9419,#9420,#9421,#9422,#9423,#9424,#9425,#9426,#9427,#9428,
#9429,#9430,#9431,#9432,#9433,#9434,#9435,#9436,#9437,#9438,#9439,#9440,#9441,
#9442,#9443,#9444,#9445,#9446,#9447,#9448,#9449,#9450,#9451,#9452,#9453,#9454,
#9455,#9456,#9457,#9458,#9459,#9460,#9461,#9462,#9463,#9464,#9465,#9466,#9467,
#9468,#9469,#9470,#9471,#9472,#9473,#9474,#9475,#9476,#9477,#9478,#9479,#9480,
#9481,#9482,#9483,#9484,#9485,#9486,#9487,#9488,#9489,#9490,#9491,#9492,#9493,
#9494,#9495,#9496,#9497,#9498,#9499,#9500,#9501,#9502,#9503,#9504,#9505,#9506,
#9507,#9508,#9509,#9510,#9511,#9512,#9513,#9514,#9515,#9516,#9517,#9518,#9519,
#9520,#9521,#9522,#9523,#9524,#9525,#9526,#9527,#9528,#9529,#9530,#9531),(#9532,
#9533,#9534,#9535,#9536,#9537,#9538,#9539,#9540,#9541,#9542,#9543,#9544,#9545,
#9546,#9547,#9548,#9549,#9550,#9551,#9552,#9553,#9554,#9555,#9556,#9557,#9558,
#9559,#9560,#9561,#9562,#9563,#9564,#9565,#9566,#9567,#9568,#9569,#9570,#9571,
#9572,#9573,#9574,#9575,#9576,#9577,#9578,#9579,#9580,#9581,#9582,#9583,#9584,
#9585,#9586,#9587,#9588,#9589,#9590,#9591,#9592,#9593,#9594,#9595,#9596,#9597,
#9598,#9599,#9600,#9601,#9602,#9603,#9604,#9605,#9606,#9607,#9608,#9609,#9610,
#9611,#9612,#9613,#9614,#9615,#9616,#9617,#9618,#9619,#9620,#9621,#9622,#9623,
#9624,#9625,#9626,#9627,#9628,#9629,#9630,#9631,#9632,#9633,#9634,#9635,#9636,
#9637,#9638,#9639,#9640,#9641,#9642,#9643,#9644,#9645,#9646,#9647,#9648,#9649,
#9650,#9651,#9652,#9653,#9654,#9655,#9656,#9657,#9658,#9659,#9660,#9661,#9662,
#9663,#9664,#9665,#9666,#9667,#9668,#9669,#9670,#9671,#9672,#9673,#9674,#9675,
#9676,#9677,#9678,#9679,#9680,#9681,#9682,#9683,#9684,#9685,#9686,#9687,#9688,
#9689,#9690,#9691,#9692,#9693,#9694,#9695,#9696,#9697,#9698,#9699,#9700,#9701,
#9702,#9703,#9704,#9705,#9706,#9707,#9708,#9709,#9710,#9711,#9712,#9713,#9714,
#9715,#9716,#9717,#9718,#9719,#9720,#9721,#9722,#9723,#9724,#9725,#9726,#9727,
#9728,#9729,#9730,#9731,#9732,#9733,#9734,#9735,#9736,#9737,#9738,#9739,#9740,
#9741,#9742,#9743,#9744,#9745,#9746,#9747,#9748,#9749,#9750,#9751,#9752,#9753,
#9754,#9755,#9756,#9757)),.UNSPECIFIED.,.F.,.F.,.F.)B_SPLINE_SURFACE_WITH_KNOTS(
(4,3,4),(4,1,1,1,1,1,1,1,1,1,1,1,1,1,1,1,1,1,1,1,1,1,1,1,1,1,1,1,1,1,1,1,1,1,1,
1,1,1,1,1,1,1,1,1,1,1,1,1,1,1,1,1,1,1,1,1,1,1,1,1,1,1,1,1,1,1,1,1,1,1,1,1,1,1,1,
1,1,1,1,1,1,1,1,1,1,1,1,1,1,1,1,1,1,1,1,1,1,1,1,1,1,1,1,1,1,1,1,1,1,1,1,1,1,1,1,
1,1,1,1,1,1,1,1,1,1,1,1,1,1,1,1,1,1,1,1,1,1,1,1,1,1,1,1,1,1,1,1,1,1,1,1,1,1,1,1,
1,1,1,1,1,1,1,1,1,1,1,1,1,1,1,1,1,1,1,1,1,1,1,1,1,1,1,1,1,1,1,1,1,1,1,1,1,1,1,1,
1,1,1,1,1,1,1,1,1,1,1,1,1,1,1,1,1,1,1,1,1,1,1,1,1,1,1,1,4),(0.E0,1.E0,2.E0),(
-3.901519826338E-3,0.E0,4.524886877828E-3,9.049773755656E-3,1.357466063348E-2,
1.809954751131E-2,2.262443438914E-2,2.714932126697E-2,3.167420814480E-2,
3.619909502262E-2,4.072398190045E-2,4.524886877828E-2,4.977375565611E-2,
5.429864253394E-2,5.882352941176E-2,6.334841628959E-2,6.787330316742E-2,
7.239819004525E-2,7.692307692308E-2,8.144796380090E-2,8.597285067873E-2,
9.049773755656E-2,9.502262443439E-2,9.954751131222E-2,1.040723981900E-1,
1.085972850679E-1,1.131221719457E-1,1.176470588235E-1,1.221719457014E-1,
1.266968325792E-1,1.312217194570E-1,1.357466063348E-1,1.402714932127E-1,
1.447963800905E-1,1.493212669683E-1,1.538461538462E-1,1.583710407240E-1,
1.628959276018E-1,1.674208144796E-1,1.719457013575E-1,1.764705882353E-1,
1.809954751131E-1,1.855203619910E-1,1.900452488688E-1,1.945701357466E-1,
1.990950226244E-1,2.036199095023E-1,2.081447963801E-1,2.126696832579E-1,
2.171945701357E-1,2.217194570136E-1,2.262443438914E-1,2.307692307692E-1,
2.352941176471E-1,2.398190045249E-1,2.443438914027E-1,2.488687782805E-1,
2.533936651584E-1,2.579185520362E-1,2.624434389140E-1,2.669683257919E-1,
2.714932126697E-1,2.760180995475E-1,2.805429864253E-1,2.850678733032E-1,
2.895927601810E-1,2.941176470588E-1,2.986425339367E-1,3.031674208145E-1,
3.076923076923E-1,3.122171945701E-1,3.167420814480E-1,3.212669683258E-1,
3.257918552036E-1,3.303167420814E-1,3.348416289593E-1,3.393665158371E-1,
3.438914027149E-1,3.484162895928E-1,3.529411764706E-1,3.574660633484E-1,
3.619909502262E-1,3.665158371041E-1,3.710407239819E-1,3.755656108597E-1,
3.800904977376E-1,3.846153846154E-1,3.891402714932E-1,3.936651583710E-1,
3.981900452489E-1,4.027149321267E-1,4.072398190045E-1,4.117647058824E-1,
4.162895927602E-1,4.208144796380E-1,4.253393665158E-1,4.298642533937E-1,
4.343891402715E-1,4.389140271493E-1,4.434389140271E-1,4.479638009050E-1,
4.524886877828E-1,4.570135746606E-1,4.615384615385E-1,4.660633484163E-1,
4.705882352941E-1,4.751131221719E-1,4.796380090498E-1,4.841628959276E-1,
4.886877828054E-1,4.932126696833E-1,4.977375565611E-1,5.022624434389E-1,
5.067873303167E-1,5.113122171946E-1,5.158371040724E-1,5.203619909502E-1,
5.248868778281E-1,5.294117647059E-1,5.339366515837E-1,5.384615384615E-1,
5.429864253394E-1,5.475113122172E-1,5.520361990950E-1,5.565610859729E-1,
5.610859728507E-1,5.656108597285E-1,5.701357466063E-1,5.746606334842E-1,
5.791855203620E-1,5.837104072398E-1,5.882352941176E-1,5.927601809955E-1,
5.972850678733E-1,6.018099547511E-1,6.063348416290E-1,6.108597285068E-1,
6.153846153846E-1,6.199095022624E-1,6.244343891403E-1,6.289592760181E-1,
6.334841628959E-1,6.380090497738E-1,6.425339366516E-1,6.470588235294E-1,
6.515837104072E-1,6.561085972851E-1,6.606334841629E-1,6.651583710407E-1,
6.696832579186E-1,6.742081447964E-1,6.787330316742E-1,6.832579185520E-1,
6.877828054299E-1,6.923076923077E-1,6.968325791855E-1,7.013574660633E-1,
7.058823529412E-1,7.104072398190E-1,7.149321266968E-1,7.194570135747E-1,
7.239819004525E-1,7.285067873303E-1,7.330316742081E-1,7.375565610860E-1,
7.420814479638E-1,7.466063348416E-1,7.511312217195E-1,7.556561085973E-1,
7.601809954751E-1,7.647058823529E-1,7.692307692308E-1,7.737556561086E-1,
7.782805429864E-1,7.828054298643E-1,7.873303167421E-1,7.918552036199E-1,
7.963800904977E-1,8.009049773756E-1,8.054298642534E-1,8.099547511312E-1,
8.144796380090E-1,8.190045248869E-1,8.235294117647E-1,8.280542986425E-1,
8.325791855204E-1,8.371040723982E-1,8.416289592760E-1,8.461538461538E-1,
8.506787330317E-1,8.552036199095E-1,8.597285067873E-1,8.642533936652E-1,
8.687782805430E-1,8.733031674208E-1,8.778280542986E-1,8.823529411765E-1,
8.868778280543E-1,8.914027149321E-1,8.959276018100E-1,9.004524886878E-1,
9.049773755656E-1,9.095022624434E-1,9.140271493213E-1,9.185520361991E-1,
9.230769230769E-1,9.276018099548E-1,9.321266968326E-1,9.366515837104E-1,
9.411764705882E-1,9.457013574661E-1,9.502262443439E-1,9.547511312217E-1,
9.592760180995E-1,9.638009049774E-1,9.683257918552E-1,9.728506787330E-1,
9.773755656109E-1,9.819004524887E-1,9.864253393665E-1,9.909502262443E-1,
9.954751131222E-1,1.E0,1.003855126077E0),.UNSPECIFIED.)GEOMETRIC_REPRESENTATION_ITEM()RATIONAL_B_SPLINE_SURFACE(((1.279400834940E0,1.279400834940E0,
1.279400834940E0,1.279400834940E0,1.279400834940E0,1.279400834940E0,
1.279400834940E0,1.279400834940E0,1.279400834940E0,1.279400834940E0,
1.279400834940E0,1.279400834940E0,1.279400834940E0,1.279400834940E0,
1.279400834940E0,1.279400834940E0,1.279400834940E0,1.279400834940E0,
1.279400834940E0,1.279400834940E0,1.279400834940E0,1.279400834940E0,
1.279400834940E0,1.279400834940E0,1.279400834940E0,1.279400834940E0,
1.279400834940E0,1.279400834940E0,1.279400834940E0,1.279400834940E0,
1.279400834940E0,1.279400834940E0,1.279400834940E0,1.279400834940E0,
1.279400834940E0,1.279400834940E0,1.279400834940E0,1.279400834940E0,
1.279400834940E0,1.279400834940E0,1.279400834940E0,1.279400834940E0,
1.279400834940E0,1.279400834940E0,1.279400834940E0,1.279400834940E0,
1.279400834940E0,1.279400834940E0,1.279400834940E0,1.279400834940E0,
1.279400834940E0,1.279400834940E0,1.279400834940E0,1.279400834940E0,
1.279400834940E0,1.279400834940E0,1.279400834940E0,1.279400834940E0,
1.279400834940E0,1.279400834940E0,1.279400834940E0,1.279400834940E0,
1.279400834940E0,1.279400834940E0,1.279400834940E0,1.279400834940E0,
1.279400834940E0,1.279400834940E0,1.279400834940E0,1.279400834940E0,
1.279400834940E0,1.279400834940E0,1.279400834940E0,1.279400834940E0,
1.279400834940E0,1.279400834940E0,1.279400834940E0,1.279400834940E0,
1.279400834940E0,1.279400834940E0,1.279400834940E0,1.279400834940E0,
1.279400834940E0,1.279400834940E0,1.279400834940E0,1.279400834940E0,
1.279400834940E0,1.279400834940E0,1.279400834940E0,1.279400834940E0,
1.279400834940E0,1.279400834940E0,1.279400834940E0,1.279400834940E0,
1.279400834940E0,1.279400834940E0,1.279400834940E0,1.279400834940E0,
1.279400834940E0,1.279400834940E0,1.279400834940E0,1.279400834940E0,
1.279400834940E0,1.279400834940E0,1.279400834940E0,1.279400834940E0,
1.279400834940E0,1.279400834940E0,1.279400834940E0,1.279400834940E0,
1.279400834940E0,1.279400834940E0,1.279400834940E0,1.279400834940E0,
1.279400834940E0,1.279400834940E0,1.279400834940E0,1.279400834940E0,
1.279400834940E0,1.279400834940E0,1.279400834940E0,1.279400834940E0,
1.279400834940E0,1.279400834940E0,1.279400834940E0,1.279400834940E0,
1.279400834940E0,1.279400834940E0,1.279400834940E0,1.279400834940E0,
1.279400834940E0,1.279400834940E0,1.279400834940E0,1.279400834940E0,
1.279400834940E0,1.279400834940E0,1.279400834940E0,1.279400834940E0,
1.279400834940E0,1.279400834940E0,1.279400834940E0,1.279400834940E0,
1.279400834940E0,1.279400834940E0,1.279400834940E0,1.279400834940E0,
1.279400834940E0,1.279400834940E0,1.279400834940E0,1.279400834940E0,
1.279400834940E0,1.279400834940E0,1.279400834940E0,1.279400834940E0,
1.279400834940E0,1.279400834940E0,1.279400834940E0,1.279400834940E0,
1.279400834940E0,1.279400834940E0,1.279400834940E0,1.279400834940E0,
1.279400834940E0,1.279400834940E0,1.279400834940E0,1.279400834940E0,
1.279400834940E0,1.279400834940E0,1.279400834940E0,1.279400834940E0,
1.279400834940E0,1.279400834940E0,1.279400834940E0,1.279400834940E0,
1.279400834940E0,1.279400834940E0,1.279400834940E0,1.279400834940E0,
1.279400834940E0,1.279400834940E0,1.279400834940E0,1.279400834940E0,
1.279400834940E0,1.279400834940E0,1.279400834940E0,1.279400834940E0,
1.279400834940E0,1.279400834940E0,1.279400834940E0,1.279400834940E0,
1.279400834940E0,1.279400834940E0,1.279400834940E0,1.279400834940E0,
1.279400834940E0,1.279400834940E0,1.279400834940E0,1.279400834940E0,
1.279400834940E0,1.279400834940E0,1.279400834940E0,1.279400834940E0,
1.279400834940E0,1.279400834940E0,1.279400834940E0,1.279400834940E0,
1.279400834940E0,1.279400834940E0,1.279400834940E0,1.279400834940E0,
1.279400834940E0,1.279400834940E0,1.279400834940E0,1.279400834940E0,
1.279400834940E0,1.279400834940E0,1.279400834940E0,1.279400834940E0,
1.279400834940E0,1.279400834940E0,1.279400834940E0,1.279400834940E0,
1.279400834940E0,1.279400834940E0,1.279400834940E0,1.279400834940E0),(
9.068663883535E-1,9.068663883535E-1,9.068663883535E-1,9.068663883535E-1,
9.068663883535E-1,9.068663883535E-1,9.068663883535E-1,9.068663883535E-1,
9.068663883535E-1,9.068663883535E-1,9.068663883535E-1,9.068663883535E-1,
9.068663883535E-1,9.068663883535E-1,9.068663883535E-1,9.068663883535E-1,
9.068663883535E-1,9.068663883535E-1,9.068663883535E-1,9.068663883535E-1,
9.068663883535E-1,9.068663883535E-1,9.068663883535E-1,9.068663883535E-1,
9.068663883535E-1,9.068663883535E-1,9.068663883535E-1,9.068663883535E-1,
9.068663883535E-1,9.068663883535E-1,9.068663883535E-1,9.068663883535E-1,
9.068663883535E-1,9.068663883535E-1,9.068663883535E-1,9.068663883535E-1,
9.068663883535E-1,9.068663883535E-1,9.068663883535E-1,9.068663883535E-1,
9.068663883535E-1,9.068663883535E-1,9.068663883535E-1,9.068663883535E-1,
9.068663883535E-1,9.068663883535E-1,9.068663883535E-1,9.068663883535E-1,
9.068663883535E-1,9.068663883535E-1,9.068663883535E-1,9.068663883535E-1,
9.068663883535E-1,9.068663883535E-1,9.068663883535E-1,9.068663883535E-1,
9.068663883535E-1,9.068663883535E-1,9.068663883535E-1,9.068663883535E-1,
9.068663883535E-1,9.068663883535E-1,9.068663883535E-1,9.068663883535E-1,
9.068663883535E-1,9.068663883535E-1,9.068663883535E-1,9.068663883535E-1,
9.068663883535E-1,9.068663883535E-1,9.068663883535E-1,9.068663883535E-1,
9.068663883535E-1,9.068663883535E-1,9.068663883535E-1,9.068663883535E-1,
9.068663883535E-1,9.068663883535E-1,9.068663883535E-1,9.068663883535E-1,
9.068663883535E-1,9.068663883535E-1,9.068663883535E-1,9.068663883535E-1,
9.068663883535E-1,9.068663883535E-1,9.068663883535E-1,9.068663883535E-1,
9.068663883535E-1,9.068663883535E-1,9.068663883535E-1,9.068663883535E-1,
9.068663883535E-1,9.068663883535E-1,9.068663883535E-1,9.068663883535E-1,
9.068663883535E-1,9.068663883535E-1,9.068663883535E-1,9.068663883535E-1,
9.068663883535E-1,9.068663883535E-1,9.068663883535E-1,9.068663883535E-1,
9.068663883535E-1,9.068663883535E-1,9.068663883535E-1,9.068663883535E-1,
9.068663883535E-1,9.068663883535E-1,9.068663883535E-1,9.068663883535E-1,
9.068663883535E-1,9.068663883535E-1,9.068663883535E-1,9.068663883535E-1,
9.068663883535E-1,9.068663883535E-1,9.068663883535E-1,9.068663883535E-1,
9.068663883535E-1,9.068663883535E-1,9.068663883535E-1,9.068663883535E-1,
9.068663883535E-1,9.068663883535E-1,9.068663883535E-1,9.068663883535E-1,
9.068663883535E-1,9.068663883535E-1,9.068663883535E-1,9.068663883535E-1,
9.068663883535E-1,9.068663883535E-1,9.068663883535E-1,9.068663883535E-1,
9.068663883535E-1,9.068663883535E-1,9.068663883535E-1,9.068663883535E-1,
9.068663883535E-1,9.068663883535E-1,9.068663883535E-1,9.068663883535E-1,
9.068663883535E-1,9.068663883535E-1,9.068663883535E-1,9.068663883535E-1,
9.068663883535E-1,9.068663883535E-1,9.068663883535E-1,9.068663883535E-1,
9.068663883535E-1,9.068663883535E-1,9.068663883535E-1,9.068663883535E-1,
9.068663883535E-1,9.068663883535E-1,9.068663883535E-1,9.068663883535E-1,
9.068663883535E-1,9.068663883535E-1,9.068663883535E-1,9.068663883535E-1,
9.068663883535E-1,9.068663883535E-1,9.068663883535E-1,9.068663883535E-1,
9.068663883535E-1,9.068663883535E-1,9.068663883535E-1,9.068663883535E-1,
9.068663883535E-1,9.068663883535E-1,9.068663883535E-1,9.068663883535E-1,
9.068663883535E-1,9.068663883535E-1,9.068663883535E-1,9.068663883535E-1,
9.068663883535E-1,9.068663883535E-1,9.068663883535E-1,9.068663883535E-1,
9.068663883535E-1,9.068663883535E-1,9.068663883535E-1,9.068663883535E-1,
9.068663883535E-1,9.068663883535E-1,9.068663883535E-1,9.068663883535E-1,
9.068663883535E-1,9.068663883535E-1,9.068663883535E-1,9.068663883535E-1,
9.068663883535E-1,9.068663883535E-1,9.068663883535E-1,9.068663883535E-1,
9.068663883535E-1,9.068663883535E-1,9.068663883535E-1,9.068663883535E-1,
9.068663883535E-1,9.068663883535E-1,9.068663883535E-1,9.068663883535E-1,
9.068663883535E-1,9.068663883535E-1,9.068663883535E-1,9.068663883535E-1,
9.068663883535E-1,9.068663883535E-1,9.068663883535E-1,9.068663883535E-1,
9.068663883535E-1,9.068663883535E-1,9.068663883535E-1,9.068663883535E-1,
9.068663883535E-1,9.068663883535E-1,9.068663883535E-1,9.068663883535E-1,
9.068663883535E-1,9.068663883535E-1),(9.068663883535E-1,9.068663883535E-1,
9.068663883535E-1,9.068663883535E-1,9.068663883535E-1,9.068663883535E-1,
9.068663883535E-1,9.068663883535E-1,9.068663883535E-1,9.068663883535E-1,
9.068663883535E-1,9.068663883535E-1,9.068663883535E-1,9.068663883535E-1,
9.068663883535E-1,9.068663883535E-1,9.068663883535E-1,9.068663883535E-1,
9.068663883535E-1,9.068663883535E-1,9.068663883535E-1,9.068663883535E-1,
9.068663883535E-1,9.068663883535E-1,9.068663883535E-1,9.068663883535E-1,
9.068663883535E-1,9.068663883535E-1,9.068663883535E-1,9.068663883535E-1,
9.068663883535E-1,9.068663883535E-1,9.068663883535E-1,9.068663883535E-1,
9.068663883535E-1,9.068663883535E-1,9.068663883535E-1,9.068663883535E-1,
9.068663883535E-1,9.068663883535E-1,9.068663883535E-1,9.068663883535E-1,
9.068663883535E-1,9.068663883535E-1,9.068663883535E-1,9.068663883535E-1,
9.068663883535E-1,9.068663883535E-1,9.068663883535E-1,9.068663883535E-1,
9.068663883535E-1,9.068663883535E-1,9.068663883535E-1,9.068663883535E-1,
9.068663883535E-1,9.068663883535E-1,9.068663883535E-1,9.068663883535E-1,
9.068663883535E-1,9.068663883535E-1,9.068663883535E-1,9.068663883535E-1,
9.068663883535E-1,9.068663883535E-1,9.068663883535E-1,9.068663883535E-1,
9.068663883535E-1,9.068663883535E-1,9.068663883535E-1,9.068663883535E-1,
9.068663883535E-1,9.068663883535E-1,9.068663883535E-1,9.068663883535E-1,
9.068663883535E-1,9.068663883535E-1,9.068663883535E-1,9.068663883535E-1,
9.068663883535E-1,9.068663883535E-1,9.068663883535E-1,9.068663883535E-1,
9.068663883535E-1,9.068663883535E-1,9.068663883535E-1,9.068663883535E-1,
9.068663883535E-1,9.068663883535E-1,9.068663883535E-1,9.068663883535E-1,
9.068663883535E-1,9.068663883535E-1,9.068663883535E-1,9.068663883535E-1,
9.068663883535E-1,9.068663883535E-1,9.068663883535E-1,9.068663883535E-1,
9.068663883535E-1,9.068663883535E-1,9.068663883535E-1,9.068663883535E-1,
9.068663883535E-1,9.068663883535E-1,9.068663883535E-1,9.068663883535E-1,
9.068663883535E-1,9.068663883535E-1,9.068663883535E-1,9.068663883535E-1,
9.068663883535E-1,9.068663883535E-1,9.068663883535E-1,9.068663883535E-1,
9.068663883535E-1,9.068663883535E-1,9.068663883535E-1,9.068663883535E-1,
9.068663883535E-1,9.068663883535E-1,9.068663883535E-1,9.068663883535E-1,
9.068663883535E-1,9.068663883535E-1,9.068663883535E-1,9.068663883535E-1,
9.068663883535E-1,9.068663883535E-1,9.068663883535E-1,9.068663883535E-1,
9.068663883535E-1,9.068663883535E-1,9.068663883535E-1,9.068663883535E-1,
9.068663883535E-1,9.068663883535E-1,9.068663883535E-1,9.068663883535E-1,
9.068663883535E-1,9.068663883535E-1,9.068663883535E-1,9.068663883535E-1,
9.068663883535E-1,9.068663883535E-1,9.068663883535E-1,9.068663883535E-1,
9.068663883535E-1,9.068663883535E-1,9.068663883535E-1,9.068663883535E-1,
9.068663883535E-1,9.068663883535E-1,9.068663883535E-1,9.068663883535E-1,
9.068663883535E-1,9.068663883535E-1,9.068663883535E-1,9.068663883535E-1,
9.068663883535E-1,9.068663883535E-1,9.068663883535E-1,9.068663883535E-1,
9.068663883535E-1,9.068663883535E-1,9.068663883535E-1,9.068663883535E-1,
9.068663883535E-1,9.068663883535E-1,9.068663883535E-1,9.068663883535E-1,
9.068663883535E-1,9.068663883535E-1,9.068663883535E-1,9.068663883535E-1,
9.068663883535E-1,9.068663883535E-1,9.068663883535E-1,9.068663883535E-1,
9.068663883535E-1,9.068663883535E-1,9.068663883535E-1,9.068663883535E-1,
9.068663883535E-1,9.068663883535E-1,9.068663883535E-1,9.068663883535E-1,
9.068663883535E-1,9.068663883535E-1,9.068663883535E-1,9.068663883535E-1,
9.068663883535E-1,9.068663883535E-1,9.068663883535E-1,9.068663883535E-1,
9.068663883535E-1,9.068663883535E-1,9.068663883535E-1,9.068663883535E-1,
9.068663883535E-1,9.068663883535E-1,9.068663883535E-1,9.068663883535E-1,
9.068663883535E-1,9.068663883535E-1,9.068663883535E-1,9.068663883535E-1,
9.068663883535E-1,9.068663883535E-1,9.068663883535E-1,9.068663883535E-1,
9.068663883535E-1,9.068663883535E-1,9.068663883535E-1,9.068663883535E-1,
9.068663883535E-1,9.068663883535E-1,9.068663883535E-1,9.068663883535E-1,
9.068663883535E-1,9.068663883535E-1,9.068663883535E-1,9.068663883535E-1,
9.068663883535E-1,9.068663883535E-1,9.068663883535E-1,9.068663883535E-1),(
1.279400834940E0,1.279400834940E0,1.279400834940E0,1.279400834940E0,
1.279400834940E0,1.279400834940E0,1.279400834940E0,1.279400834940E0,
1.279400834940E0,1.279400834940E0,1.279400834940E0,1.279400834940E0,
1.279400834940E0,1.279400834940E0,1.279400834940E0,1.279400834940E0,
1.279400834940E0,1.279400834940E0,1.279400834940E0,1.279400834940E0,
1.279400834940E0,1.279400834940E0,1.279400834940E0,1.279400834940E0,
1.279400834940E0,1.279400834940E0,1.279400834940E0,1.279400834940E0,
1.279400834940E0,1.279400834940E0,1.279400834940E0,1.279400834940E0,
1.279400834940E0,1.279400834940E0,1.279400834940E0,1.279400834940E0,
1.279400834940E0,1.279400834940E0,1.279400834940E0,1.279400834940E0,
1.279400834940E0,1.279400834940E0,1.279400834940E0,1.279400834940E0,
1.279400834940E0,1.279400834940E0,1.279400834940E0,1.279400834940E0,
1.279400834940E0,1.279400834940E0,1.279400834940E0,1.279400834940E0,
1.279400834940E0,1.279400834940E0,1.279400834940E0,1.279400834940E0,
1.279400834940E0,1.279400834940E0,1.279400834940E0,1.279400834940E0,
1.279400834940E0,1.279400834940E0,1.279400834940E0,1.279400834940E0,
1.279400834940E0,1.279400834940E0,1.279400834940E0,1.279400834940E0,
1.279400834940E0,1.279400834940E0,1.279400834940E0,1.279400834940E0,
1.279400834940E0,1.279400834940E0,1.279400834940E0,1.279400834940E0,
1.279400834940E0,1.279400834940E0,1.279400834940E0,1.279400834940E0,
1.279400834940E0,1.279400834940E0,1.279400834940E0,1.279400834940E0,
1.279400834940E0,1.279400834940E0,1.279400834940E0,1.279400834940E0,
1.279400834940E0,1.279400834940E0,1.279400834940E0,1.279400834940E0,
1.279400834940E0,1.279400834940E0,1.279400834940E0,1.279400834940E0,
1.279400834940E0,1.279400834940E0,1.279400834940E0,1.279400834940E0,
1.279400834940E0,1.279400834940E0,1.279400834940E0,1.279400834940E0,
1.279400834940E0,1.279400834940E0,1.279400834940E0,1.279400834940E0,
1.279400834940E0,1.279400834940E0,1.279400834940E0,1.279400834940E0,
1.279400834940E0,1.279400834940E0,1.279400834940E0,1.279400834940E0,
1.279400834940E0,1.279400834940E0,1.279400834940E0,1.279400834940E0,
1.279400834940E0,1.279400834940E0,1.279400834940E0,1.279400834940E0,
1.279400834940E0,1.279400834940E0,1.279400834940E0,1.279400834940E0,
1.279400834940E0,1.279400834940E0,1.279400834940E0,1.279400834940E0,
1.279400834940E0,1.279400834940E0,1.279400834940E0,1.279400834940E0,
1.279400834940E0,1.279400834940E0,1.279400834940E0,1.279400834940E0,
1.279400834940E0,1.279400834940E0,1.279400834940E0,1.279400834940E0,
1.279400834940E0,1.279400834940E0,1.279400834940E0,1.279400834940E0,
1.279400834940E0,1.279400834940E0,1.279400834940E0,1.279400834940E0,
1.279400834940E0,1.279400834940E0,1.279400834940E0,1.279400834940E0,
1.279400834940E0,1.279400834940E0,1.279400834940E0,1.279400834940E0,
1.279400834940E0,1.279400834940E0,1.279400834940E0,1.279400834940E0,
1.279400834940E0,1.279400834940E0,1.279400834940E0,1.279400834940E0,
1.279400834940E0,1.279400834940E0,1.279400834940E0,1.279400834940E0,
1.279400834940E0,1.279400834940E0,1.279400834940E0,1.279400834940E0,
1.279400834940E0,1.279400834940E0,1.279400834940E0,1.279400834940E0,
1.279400834940E0,1.279400834940E0,1.279400834940E0,1.279400834940E0,
1.279400834940E0,1.279400834940E0,1.279400834940E0,1.279400834940E0,
1.279400834940E0,1.279400834940E0,1.279400834940E0,1.279400834940E0,
1.279400834940E0,1.279400834940E0,1.279400834940E0,1.279400834940E0,
1.279400834940E0,1.279400834940E0,1.279400834940E0,1.279400834940E0,
1.279400834940E0,1.279400834940E0,1.279400834940E0,1.279400834940E0,
1.279400834940E0,1.279400834940E0,1.279400834940E0,1.279400834940E0,
1.279400834940E0,1.279400834940E0,1.279400834940E0,1.279400834940E0,
1.279400834940E0,1.279400834940E0,1.279400834940E0,1.279400834940E0,
1.279400834940E0,1.279400834940E0,1.279400834940E0,1.279400834940E0,
1.279400834940E0,1.279400834940E0,1.279400834940E0,1.279400834940E0,
1.279400834940E0,1.279400834940E0),(9.068663883535E-1,9.068663883535E-1,
9.068663883535E-1,9.068663883535E-1,9.068663883535E-1,9.068663883535E-1,
9.068663883535E-1,9.068663883535E-1,9.068663883535E-1,9.068663883535E-1,
9.068663883535E-1,9.068663883535E-1,9.068663883535E-1,9.068663883535E-1,
9.068663883535E-1,9.068663883535E-1,9.068663883535E-1,9.068663883535E-1,
9.068663883535E-1,9.068663883535E-1,9.068663883535E-1,9.068663883535E-1,
9.068663883535E-1,9.068663883535E-1,9.068663883535E-1,9.068663883535E-1,
9.068663883535E-1,9.068663883535E-1,9.068663883535E-1,9.068663883535E-1,
9.068663883535E-1,9.068663883535E-1,9.068663883535E-1,9.068663883535E-1,
9.068663883535E-1,9.068663883535E-1,9.068663883535E-1,9.068663883535E-1,
9.068663883535E-1,9.068663883535E-1,9.068663883535E-1,9.068663883535E-1,
9.068663883535E-1,9.068663883535E-1,9.068663883535E-1,9.068663883535E-1,
9.068663883535E-1,9.068663883535E-1,9.068663883535E-1,9.068663883535E-1,
9.068663883535E-1,9.068663883535E-1,9.068663883535E-1,9.068663883535E-1,
9.068663883535E-1,9.068663883535E-1,9.068663883535E-1,9.068663883535E-1,
9.068663883535E-1,9.068663883535E-1,9.068663883535E-1,9.068663883535E-1,
9.068663883535E-1,9.068663883535E-1,9.068663883535E-1,9.068663883535E-1,
9.068663883535E-1,9.068663883535E-1,9.068663883535E-1,9.068663883535E-1,
9.068663883535E-1,9.068663883535E-1,9.068663883535E-1,9.068663883535E-1,
9.068663883535E-1,9.068663883535E-1,9.068663883535E-1,9.068663883535E-1,
9.068663883535E-1,9.068663883535E-1,9.068663883535E-1,9.068663883535E-1,
9.068663883535E-1,9.068663883535E-1,9.068663883535E-1,9.068663883535E-1,
9.068663883535E-1,9.068663883535E-1,9.068663883535E-1,9.068663883535E-1,
9.068663883535E-1,9.068663883535E-1,9.068663883535E-1,9.068663883535E-1,
9.068663883535E-1,9.068663883535E-1,9.068663883535E-1,9.068663883535E-1,
9.068663883535E-1,9.068663883535E-1,9.068663883535E-1,9.068663883535E-1,
9.068663883535E-1,9.068663883535E-1,9.068663883535E-1,9.068663883535E-1,
9.068663883535E-1,9.068663883535E-1,9.068663883535E-1,9.068663883535E-1,
9.068663883535E-1,9.068663883535E-1,9.068663883535E-1,9.068663883535E-1,
9.068663883535E-1,9.068663883535E-1,9.068663883535E-1,9.068663883535E-1,
9.068663883535E-1,9.068663883535E-1,9.068663883535E-1,9.068663883535E-1,
9.068663883535E-1,9.068663883535E-1,9.068663883535E-1,9.068663883535E-1,
9.068663883535E-1,9.068663883535E-1,9.068663883535E-1,9.068663883535E-1,
9.068663883535E-1,9.068663883535E-1,9.068663883535E-1,9.068663883535E-1,
9.068663883535E-1,9.068663883535E-1,9.068663883535E-1,9.068663883535E-1,
9.068663883535E-1,9.068663883535E-1,9.068663883535E-1,9.068663883535E-1,
9.068663883535E-1,9.068663883535E-1,9.068663883535E-1,9.068663883535E-1,
9.068663883535E-1,9.068663883535E-1,9.068663883535E-1,9.068663883535E-1,
9.068663883535E-1,9.068663883535E-1,9.068663883535E-1,9.068663883535E-1,
9.068663883535E-1,9.068663883535E-1,9.068663883535E-1,9.068663883535E-1,
9.068663883535E-1,9.068663883535E-1,9.068663883535E-1,9.068663883535E-1,
9.068663883535E-1,9.068663883535E-1,9.068663883535E-1,9.068663883535E-1,
9.068663883535E-1,9.068663883535E-1,9.068663883535E-1,9.068663883535E-1,
9.068663883535E-1,9.068663883535E-1,9.068663883535E-1,9.068663883535E-1,
9.068663883535E-1,9.068663883535E-1,9.068663883535E-1,9.068663883535E-1,
9.068663883535E-1,9.068663883535E-1,9.068663883535E-1,9.068663883535E-1,
9.068663883535E-1,9.068663883535E-1,9.068663883535E-1,9.068663883535E-1,
9.068663883535E-1,9.068663883535E-1,9.068663883535E-1,9.068663883535E-1,
9.068663883535E-1,9.068663883535E-1,9.068663883535E-1,9.068663883535E-1,
9.068663883535E-1,9.068663883535E-1,9.068663883535E-1,9.068663883535E-1,
9.068663883535E-1,9.068663883535E-1,9.068663883535E-1,9.068663883535E-1,
9.068663883535E-1,9.068663883535E-1,9.068663883535E-1,9.068663883535E-1,
9.068663883535E-1,9.068663883535E-1,9.068663883535E-1,9.068663883535E-1,
9.068663883535E-1,9.068663883535E-1,9.068663883535E-1,9.068663883535E-1,
9.068663883535E-1,9.068663883535E-1,9.068663883535E-1,9.068663883535E-1,
9.068663883535E-1,9.068663883535E-1,9.068663883535E-1,9.068663883535E-1,
9.068663883535E-1,9.068663883535E-1,9.068663883535E-1,9.068663883535E-1),(
9.068663883535E-1,9.068663883535E-1,9.068663883535E-1,9.068663883535E-1,
9.068663883535E-1,9.068663883535E-1,9.068663883535E-1,9.068663883535E-1,
9.068663883535E-1,9.068663883535E-1,9.068663883535E-1,9.068663883535E-1,
9.068663883535E-1,9.068663883535E-1,9.068663883535E-1,9.068663883535E-1,
9.068663883535E-1,9.068663883535E-1,9.068663883535E-1,9.068663883535E-1,
9.068663883535E-1,9.068663883535E-1,9.068663883535E-1,9.068663883535E-1,
9.068663883535E-1,9.068663883535E-1,9.068663883535E-1,9.068663883535E-1,
9.068663883535E-1,9.068663883535E-1,9.068663883535E-1,9.068663883535E-1,
9.068663883535E-1,9.068663883535E-1,9.068663883535E-1,9.068663883535E-1,
9.068663883535E-1,9.068663883535E-1,9.068663883535E-1,9.068663883535E-1,
9.068663883535E-1,9.068663883535E-1,9.068663883535E-1,9.068663883535E-1,
9.068663883535E-1,9.068663883535E-1,9.068663883535E-1,9.068663883535E-1,
9.068663883535E-1,9.068663883535E-1,9.068663883535E-1,9.068663883535E-1,
9.068663883535E-1,9.068663883535E-1,9.068663883535E-1,9.068663883535E-1,
9.068663883535E-1,9.068663883535E-1,9.068663883535E-1,9.068663883535E-1,
9.068663883535E-1,9.068663883535E-1,9.068663883535E-1,9.068663883535E-1,
9.068663883535E-1,9.068663883535E-1,9.068663883535E-1,9.068663883535E-1,
9.068663883535E-1,9.068663883535E-1,9.068663883535E-1,9.068663883535E-1,
9.068663883535E-1,9.068663883535E-1,9.068663883535E-1,9.068663883535E-1,
9.068663883535E-1,9.068663883535E-1,9.068663883535E-1,9.068663883535E-1,
9.068663883535E-1,9.068663883535E-1,9.068663883535E-1,9.068663883535E-1,
9.068663883535E-1,9.068663883535E-1,9.068663883535E-1,9.068663883535E-1,
9.068663883535E-1,9.068663883535E-1,9.068663883535E-1,9.068663883535E-1,
9.068663883535E-1,9.068663883535E-1,9.068663883535E-1,9.068663883535E-1,
9.068663883535E-1,9.068663883535E-1,9.068663883535E-1,9.068663883535E-1,
9.068663883535E-1,9.068663883535E-1,9.068663883535E-1,9.068663883535E-1,
9.068663883535E-1,9.068663883535E-1,9.068663883535E-1,9.068663883535E-1,
9.068663883535E-1,9.068663883535E-1,9.068663883535E-1,9.068663883535E-1,
9.068663883535E-1,9.068663883535E-1,9.068663883535E-1,9.068663883535E-1,
9.068663883535E-1,9.068663883535E-1,9.068663883535E-1,9.068663883535E-1,
9.068663883535E-1,9.068663883535E-1,9.068663883535E-1,9.068663883535E-1,
9.068663883535E-1,9.068663883535E-1,9.068663883535E-1,9.068663883535E-1,
9.068663883535E-1,9.068663883535E-1,9.068663883535E-1,9.068663883535E-1,
9.068663883535E-1,9.068663883535E-1,9.068663883535E-1,9.068663883535E-1,
9.068663883535E-1,9.068663883535E-1,9.068663883535E-1,9.068663883535E-1,
9.068663883535E-1,9.068663883535E-1,9.068663883535E-1,9.068663883535E-1,
9.068663883535E-1,9.068663883535E-1,9.068663883535E-1,9.068663883535E-1,
9.068663883535E-1,9.068663883535E-1,9.068663883535E-1,9.068663883535E-1,
9.068663883535E-1,9.068663883535E-1,9.068663883535E-1,9.068663883535E-1,
9.068663883535E-1,9.068663883535E-1,9.068663883535E-1,9.068663883535E-1,
9.068663883535E-1,9.068663883535E-1,9.068663883535E-1,9.068663883535E-1,
9.068663883535E-1,9.068663883535E-1,9.068663883535E-1,9.068663883535E-1,
9.068663883535E-1,9.068663883535E-1,9.068663883535E-1,9.068663883535E-1,
9.068663883535E-1,9.068663883535E-1,9.068663883535E-1,9.068663883535E-1,
9.068663883535E-1,9.068663883535E-1,9.068663883535E-1,9.068663883535E-1,
9.068663883535E-1,9.068663883535E-1,9.068663883535E-1,9.068663883535E-1,
9.068663883535E-1,9.068663883535E-1,9.068663883535E-1,9.068663883535E-1,
9.068663883535E-1,9.068663883535E-1,9.068663883535E-1,9.068663883535E-1,
9.068663883535E-1,9.068663883535E-1,9.068663883535E-1,9.068663883535E-1,
9.068663883535E-1,9.068663883535E-1,9.068663883535E-1,9.068663883535E-1,
9.068663883535E-1,9.068663883535E-1,9.068663883535E-1,9.068663883535E-1,
9.068663883535E-1,9.068663883535E-1,9.068663883535E-1,9.068663883535E-1,
9.068663883535E-1,9.068663883535E-1,9.068663883535E-1,9.068663883535E-1,
9.068663883535E-1,9.068663883535E-1,9.068663883535E-1,9.068663883535E-1,
9.068663883535E-1,9.068663883535E-1,9.068663883535E-1,9.068663883535E-1,
9.068663883535E-1,9.068663883535E-1,9.068663883535E-1,9.068663883535E-1,
9.068663883535E-1,9.068663883535E-1),(1.279400834940E0,1.279400834940E0,
1.279400834940E0,1.279400834940E0,1.279400834940E0,1.279400834940E0,
1.279400834940E0,1.279400834940E0,1.279400834940E0,1.279400834940E0,
1.279400834940E0,1.279400834940E0,1.279400834940E0,1.279400834940E0,
1.279400834940E0,1.279400834940E0,1.279400834940E0,1.279400834940E0,
1.279400834940E0,1.279400834940E0,1.279400834940E0,1.279400834940E0,
1.279400834940E0,1.279400834940E0,1.279400834940E0,1.279400834940E0,
1.279400834940E0,1.279400834940E0,1.279400834940E0,1.279400834940E0,
1.279400834940E0,1.279400834940E0,1.279400834940E0,1.279400834940E0,
1.279400834940E0,1.279400834940E0,1.279400834940E0,1.279400834940E0,
1.279400834940E0,1.279400834940E0,1.279400834940E0,1.279400834940E0,
1.279400834940E0,1.279400834940E0,1.279400834940E0,1.279400834940E0,
1.279400834940E0,1.279400834940E0,1.279400834940E0,1.279400834940E0,
1.279400834940E0,1.279400834940E0,1.279400834940E0,1.279400834940E0,
1.279400834940E0,1.279400834940E0,1.279400834940E0,1.279400834940E0,
1.279400834940E0,1.279400834940E0,1.279400834940E0,1.279400834940E0,
1.279400834940E0,1.279400834940E0,1.279400834940E0,1.279400834940E0,
1.279400834940E0,1.279400834940E0,1.279400834940E0,1.279400834940E0,
1.279400834940E0,1.279400834940E0,1.279400834940E0,1.279400834940E0,
1.279400834940E0,1.279400834940E0,1.279400834940E0,1.279400834940E0,
1.279400834940E0,1.279400834940E0,1.279400834940E0,1.279400834940E0,
1.279400834940E0,1.279400834940E0,1.279400834940E0,1.279400834940E0,
1.279400834940E0,1.279400834940E0,1.279400834940E0,1.279400834940E0,
1.279400834940E0,1.279400834940E0,1.279400834940E0,1.279400834940E0,
1.279400834940E0,1.279400834940E0,1.279400834940E0,1.279400834940E0,
1.279400834940E0,1.279400834940E0,1.279400834940E0,1.279400834940E0,
1.279400834940E0,1.279400834940E0,1.279400834940E0,1.279400834940E0,
1.279400834940E0,1.279400834940E0,1.279400834940E0,1.279400834940E0,
1.279400834940E0,1.279400834940E0,1.279400834940E0,1.279400834940E0,
1.279400834940E0,1.279400834940E0,1.279400834940E0,1.279400834940E0,
1.279400834940E0,1.279400834940E0,1.279400834940E0,1.279400834940E0,
1.279400834940E0,1.279400834940E0,1.279400834940E0,1.279400834940E0,
1.279400834940E0,1.279400834940E0,1.279400834940E0,1.279400834940E0,
1.279400834940E0,1.279400834940E0,1.279400834940E0,1.279400834940E0,
1.279400834940E0,1.279400834940E0,1.279400834940E0,1.279400834940E0,
1.279400834940E0,1.279400834940E0,1.279400834940E0,1.279400834940E0,
1.279400834940E0,1.279400834940E0,1.279400834940E0,1.279400834940E0,
1.279400834940E0,1.279400834940E0,1.279400834940E0,1.279400834940E0,
1.279400834940E0,1.279400834940E0,1.279400834940E0,1.279400834940E0,
1.279400834940E0,1.279400834940E0,1.279400834940E0,1.279400834940E0,
1.279400834940E0,1.279400834940E0,1.279400834940E0,1.279400834940E0,
1.279400834940E0,1.279400834940E0,1.279400834940E0,1.279400834940E0,
1.279400834940E0,1.279400834940E0,1.279400834940E0,1.279400834940E0,
1.279400834940E0,1.279400834940E0,1.279400834940E0,1.279400834940E0,
1.279400834940E0,1.279400834940E0,1.279400834940E0,1.279400834940E0,
1.279400834940E0,1.279400834940E0,1.279400834940E0,1.279400834940E0,
1.279400834940E0,1.279400834940E0,1.279400834940E0,1.279400834940E0,
1.279400834940E0,1.279400834940E0,1.279400834940E0,1.279400834940E0,
1.279400834940E0,1.279400834940E0,1.279400834940E0,1.279400834940E0,
1.279400834940E0,1.279400834940E0,1.279400834940E0,1.279400834940E0,
1.279400834940E0,1.279400834940E0,1.279400834940E0,1.279400834940E0,
1.279400834940E0,1.279400834940E0,1.279400834940E0,1.279400834940E0,
1.279400834940E0,1.279400834940E0,1.279400834940E0,1.279400834940E0,
1.279400834940E0,1.279400834940E0,1.279400834940E0,1.279400834940E0,
1.279400834940E0,1.279400834940E0,1.279400834940E0,1.279400834940E0,
1.279400834940E0,1.279400834940E0,1.279400834940E0,1.279400834940E0,
1.279400834940E0,1.279400834940E0,1.279400834940E0,1.279400834940E0)))REPRESENTATION_ITEM('')SURFACE());
#9759=ORIENTED_EDGE('',*,*,#6196,.F.);
#9760=ORIENTED_EDGE('',*,*,#8159,.T.);
#9761=ORIENTED_EDGE('',*,*,#6533,.F.);
#9763=ORIENTED_EDGE('',*,*,#9762,.F.);
#9764=ORIENTED_EDGE('',*,*,#6561,.T.);
#9765=ORIENTED_EDGE('',*,*,#8163,.F.);
#9766=EDGE_LOOP('',(#9759,#9760,#9761,#9763,#9764,#9765));
#9767=FACE_OUTER_BOUND('',#9766,.F.);
#9768=ADVANCED_FACE('',(#9767),#9758,.T.);
#9769=FILL_AREA_STYLE_COLOUR('',#28);
#9770=FILL_AREA_STYLE('',(#9769));
#9771=SURFACE_STYLE_FILL_AREA(#9770);
#9772=SURFACE_SIDE_STYLE('',(#9771));
#9773=SURFACE_STYLE_USAGE(.POSITIVE.,#9772);
#9774=PRESENTATION_STYLE_ASSIGNMENT((#9773));
#9775=STYLED_ITEM('',(#9774),#9768);
#9776=CARTESIAN_POINT('',(2.1E1,-3.9E0,8.E-1));
#9777=DIRECTION('',(0.E0,-1.E0,0.E0));
#9778=DIRECTION('',(0.E0,0.E0,1.E0));
#9779=AXIS2_PLACEMENT_3D('',#9776,#9777,#9778);
#9780=PLANE('',#9779);
#9781=ORIENTED_EDGE('',*,*,#6563,.T.);
#9782=ORIENTED_EDGE('',*,*,#9762,.T.);
#9783=ORIENTED_EDGE('',*,*,#6531,.T.);
#9785=ORIENTED_EDGE('',*,*,#9784,.F.);
#9787=ORIENTED_EDGE('',*,*,#9786,.F.);
#9789=ORIENTED_EDGE('',*,*,#9788,.T.);
#9790=ORIENTED_EDGE('',*,*,#6523,.T.);
#9791=EDGE_LOOP('',(#9781,#9782,#9783,#9785,#9787,#9789,#9790));
#9792=FACE_OUTER_BOUND('',#9791,.F.);
#9793=ADVANCED_FACE('',(#9792),#9780,.T.);
#9794=FILL_AREA_STYLE_COLOUR('',#5);
#9795=FILL_AREA_STYLE('',(#9794));
#9796=SURFACE_STYLE_FILL_AREA(#9795);
#9797=SURFACE_SIDE_STYLE('',(#9796));
#9798=SURFACE_STYLE_USAGE(.POSITIVE.,#9797);
#9799=PRESENTATION_STYLE_ASSIGNMENT((#9798));
#9800=STYLED_ITEM('',(#9799),#9793);
#9801=CARTESIAN_POINT('',(2.1E1,-3.9E0,8.2E0));
#9802=DIRECTION('',(0.E0,0.E0,1.E0));
#9803=DIRECTION('',(0.E0,1.E0,0.E0));
#9804=AXIS2_PLACEMENT_3D('',#9801,#9802,#9803);
#9805=PLANE('',#9804);
#9807=ORIENTED_EDGE('',*,*,#9806,.F.);
#9808=ORIENTED_EDGE('',*,*,#9784,.T.);
#9809=ORIENTED_EDGE('',*,*,#6529,.T.);
#9811=ORIENTED_EDGE('',*,*,#9810,.F.);
#9812=EDGE_LOOP('',(#9807,#9808,#9809,#9811));
#9813=FACE_OUTER_BOUND('',#9812,.F.);
#9814=ADVANCED_FACE('',(#9813),#9805,.T.);
#9815=FILL_AREA_STYLE_COLOUR('',#5);
#9816=FILL_AREA_STYLE('',(#9815));
#9817=SURFACE_STYLE_FILL_AREA(#9816);
#9818=SURFACE_SIDE_STYLE('',(#9817));
#9819=SURFACE_STYLE_USAGE(.POSITIVE.,#9818);
#9820=PRESENTATION_STYLE_ASSIGNMENT((#9819));
#9821=STYLED_ITEM('',(#9820),#9814);
#9822=CARTESIAN_POINT('',(2.1E1,0.E0,1.1E1));
#9823=DIRECTION('',(-1.E0,0.E0,0.E0));
#9824=DIRECTION('',(0.E0,-1.E0,0.E0));
#9825=AXIS2_PLACEMENT_3D('',#9822,#9823,#9824);
#9826=PLANE('',#9825);
#9828=ORIENTED_EDGE('',*,*,#9827,.T.);
#9830=ORIENTED_EDGE('',*,*,#9829,.T.);
#9831=ORIENTED_EDGE('',*,*,#9786,.T.);
#9832=ORIENTED_EDGE('',*,*,#9806,.T.);
#9833=EDGE_LOOP('',(#9828,#9830,#9831,#9832));
#9834=FACE_OUTER_BOUND('',#9833,.F.);
#9836=ORIENTED_EDGE('',*,*,#9835,.F.);
#9838=ORIENTED_EDGE('',*,*,#9837,.F.);
#9840=ORIENTED_EDGE('',*,*,#9839,.F.);
#9842=ORIENTED_EDGE('',*,*,#9841,.F.);
#9843=EDGE_LOOP('',(#9836,#9838,#9840,#9842));
#9844=FACE_BOUND('',#9843,.F.);
#9845=ADVANCED_FACE('',(#9834,#9844),#9826,.F.);
#9846=FILL_AREA_STYLE_COLOUR('',#5);
#9847=FILL_AREA_STYLE('',(#9846));
#9848=SURFACE_STYLE_FILL_AREA(#9847);
#9849=SURFACE_SIDE_STYLE('',(#9848));
#9850=SURFACE_STYLE_USAGE(.POSITIVE.,#9849);
#9851=PRESENTATION_STYLE_ASSIGNMENT((#9850));
#9852=STYLED_ITEM('',(#9851),#9845);
#9853=CARTESIAN_POINT('',(2.1E1,3.9E0,8.2E0));
#9854=DIRECTION('',(0.E0,1.E0,0.E0));
#9855=DIRECTION('',(0.E0,0.E0,-1.E0));
#9856=AXIS2_PLACEMENT_3D('',#9853,#9854,#9855);
#9857=PLANE('',#9856);
#9858=ORIENTED_EDGE('',*,*,#9827,.F.);
#9859=ORIENTED_EDGE('',*,*,#9810,.T.);
#9860=ORIENTED_EDGE('',*,*,#6527,.T.);
#9862=ORIENTED_EDGE('',*,*,#9861,.F.);
#9863=EDGE_LOOP('',(#9858,#9859,#9860,#9862));
#9864=FACE_OUTER_BOUND('',#9863,.F.);
#9865=ADVANCED_FACE('',(#9864),#9857,.T.);
#9866=FILL_AREA_STYLE_COLOUR('',#5);
#9867=FILL_AREA_STYLE('',(#9866));
#9868=SURFACE_STYLE_FILL_AREA(#9867);
#9869=SURFACE_SIDE_STYLE('',(#9868));
#9870=SURFACE_STYLE_USAGE(.POSITIVE.,#9869);
#9871=PRESENTATION_STYLE_ASSIGNMENT((#9870));
#9872=STYLED_ITEM('',(#9871),#9865);
#9873=CARTESIAN_POINT('',(2.1E1,3.9E0,8.E-1));
#9874=DIRECTION('',(0.E0,0.E0,-1.E0));
#9875=DIRECTION('',(0.E0,-1.E0,0.E0));
#9876=AXIS2_PLACEMENT_3D('',#9873,#9874,#9875);
#9877=PLANE('',#9876);
#9878=ORIENTED_EDGE('',*,*,#9829,.F.);
#9879=ORIENTED_EDGE('',*,*,#9861,.T.);
#9880=ORIENTED_EDGE('',*,*,#6525,.T.);
#9881=ORIENTED_EDGE('',*,*,#9788,.F.);
#9882=EDGE_LOOP('',(#9878,#9879,#9880,#9881));
#9883=FACE_OUTER_BOUND('',#9882,.F.);
#9884=ADVANCED_FACE('',(#9883),#9877,.T.);
#9885=FILL_AREA_STYLE_COLOUR('',#5);
#9886=FILL_AREA_STYLE('',(#9885));
#9887=SURFACE_STYLE_FILL_AREA(#9886);
#9888=SURFACE_SIDE_STYLE('',(#9887));
#9889=SURFACE_STYLE_USAGE(.POSITIVE.,#9888);
#9890=PRESENTATION_STYLE_ASSIGNMENT((#9889));
#9891=STYLED_ITEM('',(#9890),#9884);
#9892=CARTESIAN_POINT('',(2.15E1,2.5E0,7.E0));
#9893=DIRECTION('',(0.E0,1.E0,0.E0));
#9894=DIRECTION('',(0.E0,0.E0,-1.E0));
#9895=AXIS2_PLACEMENT_3D('',#9892,#9893,#9894);
#9896=PLANE('',#9895);
#9897=ORIENTED_EDGE('',*,*,#9835,.T.);
#9899=ORIENTED_EDGE('',*,*,#9898,.F.);
#9901=ORIENTED_EDGE('',*,*,#9900,.F.);
#9903=ORIENTED_EDGE('',*,*,#9902,.T.);
#9904=EDGE_LOOP('',(#9897,#9899,#9901,#9903));
#9905=FACE_OUTER_BOUND('',#9904,.F.);
#9906=ADVANCED_FACE('',(#9905),#9896,.T.);
#9907=FILL_AREA_STYLE_COLOUR('',#5);
#9908=FILL_AREA_STYLE('',(#9907));
#9909=SURFACE_STYLE_FILL_AREA(#9908);
#9910=SURFACE_SIDE_STYLE('',(#9909));
#9911=SURFACE_STYLE_USAGE(.POSITIVE.,#9910);
#9912=PRESENTATION_STYLE_ASSIGNMENT((#9911));
#9913=STYLED_ITEM('',(#9912),#9906);
#9914=CARTESIAN_POINT('',(2.15E1,2.5E0,2.E0));
#9915=DIRECTION('',(0.E0,0.E0,-1.E0));
#9916=DIRECTION('',(0.E0,-1.E0,0.E0));
#9917=AXIS2_PLACEMENT_3D('',#9914,#9915,#9916);
#9918=PLANE('',#9917);
#9919=ORIENTED_EDGE('',*,*,#9841,.T.);
#9921=ORIENTED_EDGE('',*,*,#9920,.F.);
#9923=ORIENTED_EDGE('',*,*,#9922,.F.);
#9924=ORIENTED_EDGE('',*,*,#9898,.T.);
#9925=EDGE_LOOP('',(#9919,#9921,#9923,#9924));
#9926=FACE_OUTER_BOUND('',#9925,.F.);
#9927=ADVANCED_FACE('',(#9926),#9918,.T.);
#9928=FILL_AREA_STYLE_COLOUR('',#5);
#9929=FILL_AREA_STYLE('',(#9928));
#9930=SURFACE_STYLE_FILL_AREA(#9929);
#9931=SURFACE_SIDE_STYLE('',(#9930));
#9932=SURFACE_STYLE_USAGE(.POSITIVE.,#9931);
#9933=PRESENTATION_STYLE_ASSIGNMENT((#9932));
#9934=STYLED_ITEM('',(#9933),#9927);
#9935=CARTESIAN_POINT('',(2.15E1,-2.5E0,2.E0));
#9936=DIRECTION('',(0.E0,-1.E0,0.E0));
#9937=DIRECTION('',(0.E0,0.E0,1.E0));
#9938=AXIS2_PLACEMENT_3D('',#9935,#9936,#9937);
#9939=PLANE('',#9938);
#9940=ORIENTED_EDGE('',*,*,#9839,.T.);
#9942=ORIENTED_EDGE('',*,*,#9941,.F.);
#9944=ORIENTED_EDGE('',*,*,#9943,.F.);
#9945=ORIENTED_EDGE('',*,*,#9920,.T.);
#9946=EDGE_LOOP('',(#9940,#9942,#9944,#9945));
#9947=FACE_OUTER_BOUND('',#9946,.F.);
#9948=ADVANCED_FACE('',(#9947),#9939,.T.);
#9949=FILL_AREA_STYLE_COLOUR('',#5);
#9950=FILL_AREA_STYLE('',(#9949));
#9951=SURFACE_STYLE_FILL_AREA(#9950);
#9952=SURFACE_SIDE_STYLE('',(#9951));
#9953=SURFACE_STYLE_USAGE(.POSITIVE.,#9952);
#9954=PRESENTATION_STYLE_ASSIGNMENT((#9953));
#9955=STYLED_ITEM('',(#9954),#9948);
#9956=CARTESIAN_POINT('',(2.15E1,-2.5E0,7.E0));
#9957=DIRECTION('',(0.E0,0.E0,1.E0));
#9958=DIRECTION('',(0.E0,1.E0,0.E0));
#9959=AXIS2_PLACEMENT_3D('',#9956,#9957,#9958);
#9960=PLANE('',#9959);
#9961=ORIENTED_EDGE('',*,*,#9837,.T.);
#9962=ORIENTED_EDGE('',*,*,#9902,.F.);
#9964=ORIENTED_EDGE('',*,*,#9963,.F.);
#9965=ORIENTED_EDGE('',*,*,#9941,.T.);
#9966=EDGE_LOOP('',(#9961,#9962,#9964,#9965));
#9967=FACE_OUTER_BOUND('',#9966,.F.);
#9968=ADVANCED_FACE('',(#9967),#9960,.T.);
#9969=FILL_AREA_STYLE_COLOUR('',#5);
#9970=FILL_AREA_STYLE('',(#9969));
#9971=SURFACE_STYLE_FILL_AREA(#9970);
#9972=SURFACE_SIDE_STYLE('',(#9971));
#9973=SURFACE_STYLE_USAGE(.POSITIVE.,#9972);
#9974=PRESENTATION_STYLE_ASSIGNMENT((#9973));
#9975=STYLED_ITEM('',(#9974),#9968);
#9976=CARTESIAN_POINT('',(2.15E1,0.E0,1.1E1));
#9977=DIRECTION('',(-1.E0,0.E0,0.E0));
#9978=DIRECTION('',(0.E0,-1.E0,0.E0));
#9979=AXIS2_PLACEMENT_3D('',#9976,#9977,#9978);
#9980=PLANE('',#9979);
#9981=ORIENTED_EDGE('',*,*,#9900,.T.);
#9982=ORIENTED_EDGE('',*,*,#9922,.T.);
#9983=ORIENTED_EDGE('',*,*,#9943,.T.);
#9984=ORIENTED_EDGE('',*,*,#9963,.T.);
#9985=EDGE_LOOP('',(#9981,#9982,#9983,#9984));
#9986=FACE_OUTER_BOUND('',#9985,.F.);
#9988=ORIENTED_EDGE('',*,*,#9987,.F.);
#9990=ORIENTED_EDGE('',*,*,#9989,.F.);
#9992=ORIENTED_EDGE('',*,*,#9991,.F.);
#9994=ORIENTED_EDGE('',*,*,#9993,.F.);
#9995=EDGE_LOOP('',(#9988,#9990,#9992,#9994));
#9996=FACE_BOUND('',#9995,.F.);
#9997=ADVANCED_FACE('',(#9986,#9996),#9980,.F.);
#9998=FILL_AREA_STYLE_COLOUR('',#5);
#9999=FILL_AREA_STYLE('',(#9998));
#10000=SURFACE_STYLE_FILL_AREA(#9999);
#10001=SURFACE_SIDE_STYLE('',(#10000));
#10002=SURFACE_STYLE_USAGE(.POSITIVE.,#10001);
#10003=PRESENTATION_STYLE_ASSIGNMENT((#10002));
#10004=STYLED_ITEM('',(#10003),#9997);
#10005=CARTESIAN_POINT('',(2.35E1,1.65E0,2.85E0));
#10006=DIRECTION('',(0.E0,0.E0,-1.E0));
#10007=DIRECTION('',(0.E0,-1.E0,0.E0));
#10008=AXIS2_PLACEMENT_3D('',#10005,#10006,#10007);
#10009=PLANE('',#10008);
#10010=ORIENTED_EDGE('',*,*,#9987,.T.);
#10012=ORIENTED_EDGE('',*,*,#10011,.F.);
#10014=ORIENTED_EDGE('',*,*,#10013,.F.);
#10016=ORIENTED_EDGE('',*,*,#10015,.T.);
#10017=EDGE_LOOP('',(#10010,#10012,#10014,#10016));
#10018=FACE_OUTER_BOUND('',#10017,.F.);
#10019=ADVANCED_FACE('',(#10018),#10009,.T.);
#10020=FILL_AREA_STYLE_COLOUR('',#5);
#10021=FILL_AREA_STYLE('',(#10020));
#10022=SURFACE_STYLE_FILL_AREA(#10021);
#10023=SURFACE_SIDE_STYLE('',(#10022));
#10024=SURFACE_STYLE_USAGE(.POSITIVE.,#10023);
#10025=PRESENTATION_STYLE_ASSIGNMENT((#10024));
#10026=STYLED_ITEM('',(#10025),#10019);
#10027=CARTESIAN_POINT('',(2.35E1,-1.65E0,2.85E0));
#10028=DIRECTION('',(0.E0,-1.E0,0.E0));
#10029=DIRECTION('',(0.E0,0.E0,1.E0));
#10030=AXIS2_PLACEMENT_3D('',#10027,#10028,#10029);
#10031=PLANE('',#10030);
#10032=ORIENTED_EDGE('',*,*,#9993,.T.);
#10034=ORIENTED_EDGE('',*,*,#10033,.F.);
#10036=ORIENTED_EDGE('',*,*,#10035,.F.);
#10037=ORIENTED_EDGE('',*,*,#10011,.T.);
#10038=EDGE_LOOP('',(#10032,#10034,#10036,#10037));
#10039=FACE_OUTER_BOUND('',#10038,.F.);
#10040=ADVANCED_FACE('',(#10039),#10031,.T.);
#10041=FILL_AREA_STYLE_COLOUR('',#5);
#10042=FILL_AREA_STYLE('',(#10041));
#10043=SURFACE_STYLE_FILL_AREA(#10042);
#10044=SURFACE_SIDE_STYLE('',(#10043));
#10045=SURFACE_STYLE_USAGE(.POSITIVE.,#10044);
#10046=PRESENTATION_STYLE_ASSIGNMENT((#10045));
#10047=STYLED_ITEM('',(#10046),#10040);
#10048=CARTESIAN_POINT('',(2.35E1,-1.65E0,6.15E0));
#10049=DIRECTION('',(0.E0,0.E0,1.E0));
#10050=DIRECTION('',(0.E0,1.E0,0.E0));
#10051=AXIS2_PLACEMENT_3D('',#10048,#10049,#10050);
#10052=PLANE('',#10051);
#10053=ORIENTED_EDGE('',*,*,#9991,.T.);
#10055=ORIENTED_EDGE('',*,*,#10054,.F.);
#10057=ORIENTED_EDGE('',*,*,#10056,.F.);
#10058=ORIENTED_EDGE('',*,*,#10033,.T.);
#10059=EDGE_LOOP('',(#10053,#10055,#10057,#10058));
#10060=FACE_OUTER_BOUND('',#10059,.F.);
#10061=ADVANCED_FACE('',(#10060),#10052,.T.);
#10062=FILL_AREA_STYLE_COLOUR('',#5);
#10063=FILL_AREA_STYLE('',(#10062));
#10064=SURFACE_STYLE_FILL_AREA(#10063);
#10065=SURFACE_SIDE_STYLE('',(#10064));
#10066=SURFACE_STYLE_USAGE(.POSITIVE.,#10065);
#10067=PRESENTATION_STYLE_ASSIGNMENT((#10066));
#10068=STYLED_ITEM('',(#10067),#10061);
#10069=CARTESIAN_POINT('',(2.35E1,1.65E0,6.15E0));
#10070=DIRECTION('',(0.E0,1.E0,0.E0));
#10071=DIRECTION('',(0.E0,0.E0,-1.E0));
#10072=AXIS2_PLACEMENT_3D('',#10069,#10070,#10071);
#10073=PLANE('',#10072);
#10074=ORIENTED_EDGE('',*,*,#9989,.T.);
#10075=ORIENTED_EDGE('',*,*,#10015,.F.);
#10077=ORIENTED_EDGE('',*,*,#10076,.F.);
#10078=ORIENTED_EDGE('',*,*,#10054,.T.);
#10079=EDGE_LOOP('',(#10074,#10075,#10077,#10078));
#10080=FACE_OUTER_BOUND('',#10079,.F.);
#10081=ADVANCED_FACE('',(#10080),#10073,.T.);
#10082=FILL_AREA_STYLE_COLOUR('',#5);
#10083=FILL_AREA_STYLE('',(#10082));
#10084=SURFACE_STYLE_FILL_AREA(#10083);
#10085=SURFACE_SIDE_STYLE('',(#10084));
#10086=SURFACE_STYLE_USAGE(.POSITIVE.,#10085);
#10087=PRESENTATION_STYLE_ASSIGNMENT((#10086));
#10088=STYLED_ITEM('',(#10087),#10081);
#10089=CARTESIAN_POINT('',(2.35E1,0.E0,1.1E1));
#10090=DIRECTION('',(-1.E0,0.E0,0.E0));
#10091=DIRECTION('',(0.E0,0.E0,1.E0));
#10092=AXIS2_PLACEMENT_3D('',#10089,#10090,#10091);
#10093=PLANE('',#10092);
#10094=ORIENTED_EDGE('',*,*,#10013,.T.);
#10095=ORIENTED_EDGE('',*,*,#10035,.T.);
#10096=ORIENTED_EDGE('',*,*,#10056,.T.);
#10097=ORIENTED_EDGE('',*,*,#10076,.T.);
#10098=EDGE_LOOP('',(#10094,#10095,#10096,#10097));
#10099=FACE_OUTER_BOUND('',#10098,.F.);
#10101=ORIENTED_EDGE('',*,*,#10100,.T.);
#10103=ORIENTED_EDGE('',*,*,#10102,.T.);
#10105=ORIENTED_EDGE('',*,*,#10104,.T.);
#10107=ORIENTED_EDGE('',*,*,#10106,.T.);
#10108=EDGE_LOOP('',(#10101,#10103,#10105,#10107));
#10109=FACE_BOUND('',#10108,.F.);
#10110=ADVANCED_FACE('',(#10099,#10109),#10093,.F.);
#10111=FILL_AREA_STYLE_COLOUR('',#5);
#10112=FILL_AREA_STYLE('',(#10111));
#10113=SURFACE_STYLE_FILL_AREA(#10112);
#10114=SURFACE_SIDE_STYLE('',(#10113));
#10115=SURFACE_STYLE_USAGE(.POSITIVE.,#10114);
#10116=PRESENTATION_STYLE_ASSIGNMENT((#10115));
#10117=STYLED_ITEM('',(#10116),#10110);
#10118=CARTESIAN_POINT('',(2.45E1,-1.25E0,5.75E0));
#10119=DIRECTION('',(0.E0,-1.E0,0.E0));
#10120=DIRECTION('',(0.E0,0.E0,-1.E0));
#10121=AXIS2_PLACEMENT_3D('',#10118,#10119,#10120);
#10122=PLANE('',#10121);
#10123=ORIENTED_EDGE('',*,*,#10100,.F.);
#10125=ORIENTED_EDGE('',*,*,#10124,.F.);
#10127=ORIENTED_EDGE('',*,*,#10126,.T.);
#10129=ORIENTED_EDGE('',*,*,#10128,.T.);
#10130=EDGE_LOOP('',(#10123,#10125,#10127,#10129));
#10131=FACE_OUTER_BOUND('',#10130,.F.);
#10132=ADVANCED_FACE('',(#10131),#10122,.T.);
#10133=FILL_AREA_STYLE_COLOUR('',#5);
#10134=FILL_AREA_STYLE('',(#10133));
#10135=SURFACE_STYLE_FILL_AREA(#10134);
#10136=SURFACE_SIDE_STYLE('',(#10135));
#10137=SURFACE_STYLE_USAGE(.POSITIVE.,#10136);
#10138=PRESENTATION_STYLE_ASSIGNMENT((#10137));
#10139=STYLED_ITEM('',(#10138),#10132);
#10140=CARTESIAN_POINT('',(2.45E1,1.25E0,5.75E0));
#10141=DIRECTION('',(0.E0,0.E0,1.E0));
#10142=DIRECTION('',(0.E0,-1.E0,0.E0));
#10143=AXIS2_PLACEMENT_3D('',#10140,#10141,#10142);
#10144=PLANE('',#10143);
#10145=ORIENTED_EDGE('',*,*,#10106,.F.);
#10147=ORIENTED_EDGE('',*,*,#10146,.F.);
#10149=ORIENTED_EDGE('',*,*,#10148,.T.);
#10150=ORIENTED_EDGE('',*,*,#10124,.T.);
#10151=EDGE_LOOP('',(#10145,#10147,#10149,#10150));
#10152=FACE_OUTER_BOUND('',#10151,.F.);
#10153=ADVANCED_FACE('',(#10152),#10144,.T.);
#10154=FILL_AREA_STYLE_COLOUR('',#5);
#10155=FILL_AREA_STYLE('',(#10154));
#10156=SURFACE_STYLE_FILL_AREA(#10155);
#10157=SURFACE_SIDE_STYLE('',(#10156));
#10158=SURFACE_STYLE_USAGE(.POSITIVE.,#10157);
#10159=PRESENTATION_STYLE_ASSIGNMENT((#10158));
#10160=STYLED_ITEM('',(#10159),#10153);
#10161=CARTESIAN_POINT('',(2.45E1,1.25E0,3.25E0));
#10162=DIRECTION('',(0.E0,1.E0,0.E0));
#10163=DIRECTION('',(0.E0,0.E0,1.E0));
#10164=AXIS2_PLACEMENT_3D('',#10161,#10162,#10163);
#10165=PLANE('',#10164);
#10166=ORIENTED_EDGE('',*,*,#10104,.F.);
#10168=ORIENTED_EDGE('',*,*,#10167,.F.);
#10170=ORIENTED_EDGE('',*,*,#10169,.T.);
#10171=ORIENTED_EDGE('',*,*,#10146,.T.);
#10172=EDGE_LOOP('',(#10166,#10168,#10170,#10171));
#10173=FACE_OUTER_BOUND('',#10172,.F.);
#10174=ADVANCED_FACE('',(#10173),#10165,.T.);
#10175=FILL_AREA_STYLE_COLOUR('',#5);
#10176=FILL_AREA_STYLE('',(#10175));
#10177=SURFACE_STYLE_FILL_AREA(#10176);
#10178=SURFACE_SIDE_STYLE('',(#10177));
#10179=SURFACE_STYLE_USAGE(.POSITIVE.,#10178);
#10180=PRESENTATION_STYLE_ASSIGNMENT((#10179));
#10181=STYLED_ITEM('',(#10180),#10174);
#10182=CARTESIAN_POINT('',(2.45E1,-1.25E0,3.25E0));
#10183=DIRECTION('',(0.E0,0.E0,-1.E0));
#10184=DIRECTION('',(0.E0,1.E0,0.E0));
#10185=AXIS2_PLACEMENT_3D('',#10182,#10183,#10184);
#10186=PLANE('',#10185);
#10187=ORIENTED_EDGE('',*,*,#10102,.F.);
#10188=ORIENTED_EDGE('',*,*,#10128,.F.);
#10190=ORIENTED_EDGE('',*,*,#10189,.T.);
#10191=ORIENTED_EDGE('',*,*,#10167,.T.);
#10192=EDGE_LOOP('',(#10187,#10188,#10190,#10191));
#10193=FACE_OUTER_BOUND('',#10192,.F.);
#10194=ADVANCED_FACE('',(#10193),#10186,.T.);
#10195=FILL_AREA_STYLE_COLOUR('',#5);
#10196=FILL_AREA_STYLE('',(#10195));
#10197=SURFACE_STYLE_FILL_AREA(#10196);
#10198=SURFACE_SIDE_STYLE('',(#10197));
#10199=SURFACE_STYLE_USAGE(.POSITIVE.,#10198);
#10200=PRESENTATION_STYLE_ASSIGNMENT((#10199));
#10201=STYLED_ITEM('',(#10200),#10194);
#10202=CARTESIAN_POINT('',(2.45E1,0.E0,1.1E1));
#10203=DIRECTION('',(1.E0,0.E0,0.E0));
#10204=DIRECTION('',(0.E0,1.E0,0.E0));
#10205=AXIS2_PLACEMENT_3D('',#10202,#10203,#10204);
#10206=PLANE('',#10205);
#10208=ORIENTED_EDGE('',*,*,#10207,.T.);
#10210=ORIENTED_EDGE('',*,*,#10209,.T.);
#10212=ORIENTED_EDGE('',*,*,#10211,.T.);
#10214=ORIENTED_EDGE('',*,*,#10213,.T.);
#10215=EDGE_LOOP('',(#10208,#10210,#10212,#10214));
#10216=FACE_OUTER_BOUND('',#10215,.F.);
#10217=ORIENTED_EDGE('',*,*,#10126,.F.);
#10218=ORIENTED_EDGE('',*,*,#10148,.F.);
#10219=ORIENTED_EDGE('',*,*,#10169,.F.);
#10220=ORIENTED_EDGE('',*,*,#10189,.F.);
#10221=EDGE_LOOP('',(#10217,#10218,#10219,#10220));
#10222=FACE_BOUND('',#10221,.F.);
#10223=ADVANCED_FACE('',(#10216,#10222),#10206,.F.);
#10224=FILL_AREA_STYLE_COLOUR('',#5);
#10225=FILL_AREA_STYLE('',(#10224));
#10226=SURFACE_STYLE_FILL_AREA(#10225);
#10227=SURFACE_SIDE_STYLE('',(#10226));
#10228=SURFACE_STYLE_USAGE(.POSITIVE.,#10227);
#10229=PRESENTATION_STYLE_ASSIGNMENT((#10228));
#10230=STYLED_ITEM('',(#10229),#10223);
#10231=CARTESIAN_POINT('',(3.E1,-1.65E0,2.85E0));
#10232=DIRECTION('',(0.E0,0.E0,-1.E0));
#10233=DIRECTION('',(0.E0,1.E0,0.E0));
#10234=AXIS2_PLACEMENT_3D('',#10231,#10232,#10233);
#10235=PLANE('',#10234);
#10237=ORIENTED_EDGE('',*,*,#10236,.F.);
#10239=ORIENTED_EDGE('',*,*,#10238,.F.);
#10241=ORIENTED_EDGE('',*,*,#10240,.F.);
#10243=ORIENTED_EDGE('',*,*,#10242,.F.);
#10245=ORIENTED_EDGE('',*,*,#10244,.F.);
#10247=ORIENTED_EDGE('',*,*,#10246,.T.);
#10249=ORIENTED_EDGE('',*,*,#10248,.T.);
#10251=ORIENTED_EDGE('',*,*,#10250,.F.);
#10253=ORIENTED_EDGE('',*,*,#10252,.F.);
#10255=ORIENTED_EDGE('',*,*,#10254,.T.);
#10257=ORIENTED_EDGE('',*,*,#10256,.T.);
#10259=ORIENTED_EDGE('',*,*,#10258,.F.);
#10261=ORIENTED_EDGE('',*,*,#10260,.F.);
#10263=ORIENTED_EDGE('',*,*,#10262,.F.);
#10265=ORIENTED_EDGE('',*,*,#10264,.T.);
#10266=ORIENTED_EDGE('',*,*,#10207,.F.);
#10267=EDGE_LOOP('',(#10237,#10239,#10241,#10243,#10245,#10247,#10249,#10251,
#10253,#10255,#10257,#10259,#10261,#10263,#10265,#10266));
#10268=FACE_OUTER_BOUND('',#10267,.F.);
#10269=ADVANCED_FACE('',(#10268),#10235,.T.);
#10270=FILL_AREA_STYLE_COLOUR('',#5);
#10271=FILL_AREA_STYLE('',(#10270));
#10272=SURFACE_STYLE_FILL_AREA(#10271);
#10273=SURFACE_SIDE_STYLE('',(#10272));
#10274=SURFACE_STYLE_USAGE(.POSITIVE.,#10273);
#10275=PRESENTATION_STYLE_ASSIGNMENT((#10274));
#10276=STYLED_ITEM('',(#10275),#10269);
#10277=CARTESIAN_POINT('',(3.E1,-1.65E0,6.15E0));
#10278=DIRECTION('',(0.E0,-1.E0,0.E0));
#10279=DIRECTION('',(0.E0,0.E0,-1.E0));
#10280=AXIS2_PLACEMENT_3D('',#10277,#10278,#10279);
#10281=PLANE('',#10280);
#10283=ORIENTED_EDGE('',*,*,#10282,.F.);
#10285=ORIENTED_EDGE('',*,*,#10284,.F.);
#10287=ORIENTED_EDGE('',*,*,#10286,.T.);
#10288=ORIENTED_EDGE('',*,*,#10244,.T.);
#10289=EDGE_LOOP('',(#10283,#10285,#10287,#10288));
#10290=FACE_OUTER_BOUND('',#10289,.F.);
#10291=ADVANCED_FACE('',(#10290),#10281,.T.);
#10292=FILL_AREA_STYLE_COLOUR('',#5);
#10293=FILL_AREA_STYLE('',(#10292));
#10294=SURFACE_STYLE_FILL_AREA(#10293);
#10295=SURFACE_SIDE_STYLE('',(#10294));
#10296=SURFACE_STYLE_USAGE(.POSITIVE.,#10295);
#10297=PRESENTATION_STYLE_ASSIGNMENT((#10296));
#10298=STYLED_ITEM('',(#10297),#10291);
#10299=CARTESIAN_POINT('',(3.E1,-1.65E0,6.15E0));
#10300=DIRECTION('',(0.E0,-1.E0,0.E0));
#10301=DIRECTION('',(0.E0,0.E0,-1.E0));
#10302=AXIS2_PLACEMENT_3D('',#10299,#10300,#10301);
#10303=PLANE('',#10302);
#10305=ORIENTED_EDGE('',*,*,#10304,.T.);
#10306=ORIENTED_EDGE('',*,*,#10236,.T.);
#10307=ORIENTED_EDGE('',*,*,#10213,.F.);
#10309=ORIENTED_EDGE('',*,*,#10308,.F.);
#10310=EDGE_LOOP('',(#10305,#10306,#10307,#10309));
#10311=FACE_OUTER_BOUND('',#10310,.F.);
#10312=ADVANCED_FACE('',(#10311),#10303,.T.);
#10313=FILL_AREA_STYLE_COLOUR('',#5);
#10314=FILL_AREA_STYLE('',(#10313));
#10315=SURFACE_STYLE_FILL_AREA(#10314);
#10316=SURFACE_SIDE_STYLE('',(#10315));
#10317=SURFACE_STYLE_USAGE(.POSITIVE.,#10316);
#10318=PRESENTATION_STYLE_ASSIGNMENT((#10317));
#10319=STYLED_ITEM('',(#10318),#10312);
#10320=CARTESIAN_POINT('',(2.765E1,-1.45E0,4.5E0));
#10321=DIRECTION('',(-8.944271909999E-1,-4.472135955E-1,0.E0));
#10322=DIRECTION('',(-4.472135955E-1,8.944271909999E-1,0.E0));
#10323=AXIS2_PLACEMENT_3D('',#10320,#10321,#10322);
#10324=PLANE('',#10323);
#10326=ORIENTED_EDGE('',*,*,#10325,.F.);
#10328=ORIENTED_EDGE('',*,*,#10327,.T.);
#10329=ORIENTED_EDGE('',*,*,#10282,.T.);
#10330=ORIENTED_EDGE('',*,*,#10242,.T.);
#10331=EDGE_LOOP('',(#10326,#10328,#10329,#10330));
#10332=FACE_OUTER_BOUND('',#10331,.F.);
#10333=ADVANCED_FACE('',(#10332),#10324,.T.);
#10334=FILL_AREA_STYLE_COLOUR('',#5);
#10335=FILL_AREA_STYLE('',(#10334));
#10336=SURFACE_STYLE_FILL_AREA(#10335);
#10337=SURFACE_SIDE_STYLE('',(#10336));
#10338=SURFACE_STYLE_USAGE(.POSITIVE.,#10337);
#10339=PRESENTATION_STYLE_ASSIGNMENT((#10338));
#10340=STYLED_ITEM('',(#10339),#10333);
#10341=CARTESIAN_POINT('',(2.775E1,-1.25E0,6.15E0));
#10342=DIRECTION('',(0.E0,1.E0,0.E0));
#10343=DIRECTION('',(-1.E0,0.E0,0.E0));
#10344=AXIS2_PLACEMENT_3D('',#10341,#10342,#10343);
#10345=PLANE('',#10344);
#10346=ORIENTED_EDGE('',*,*,#10325,.T.);
#10347=ORIENTED_EDGE('',*,*,#10240,.T.);
#10349=ORIENTED_EDGE('',*,*,#10348,.F.);
#10351=ORIENTED_EDGE('',*,*,#10350,.F.);
#10352=EDGE_LOOP('',(#10346,#10347,#10349,#10351));
#10353=FACE_OUTER_BOUND('',#10352,.F.);
#10354=ADVANCED_FACE('',(#10353),#10345,.F.);
#10355=FILL_AREA_STYLE_COLOUR('',#5);
#10356=FILL_AREA_STYLE('',(#10355));
#10357=SURFACE_STYLE_FILL_AREA(#10356);
#10358=SURFACE_SIDE_STYLE('',(#10357));
#10359=SURFACE_STYLE_USAGE(.POSITIVE.,#10358);
#10360=PRESENTATION_STYLE_ASSIGNMENT((#10359));
#10361=STYLED_ITEM('',(#10360),#10354);
#10362=CARTESIAN_POINT('',(2.685E1,-1.45E0,4.5E0));
#10363=DIRECTION('',(8.944271909999E-1,-4.472135955E-1,0.E0));
#10364=DIRECTION('',(-4.472135955E-1,-8.944271909999E-1,0.E0));
#10365=AXIS2_PLACEMENT_3D('',#10362,#10363,#10364);
#10366=PLANE('',#10365);
#10367=ORIENTED_EDGE('',*,*,#10304,.F.);
#10369=ORIENTED_EDGE('',*,*,#10368,.T.);
#10370=ORIENTED_EDGE('',*,*,#10348,.T.);
#10371=ORIENTED_EDGE('',*,*,#10238,.T.);
#10372=EDGE_LOOP('',(#10367,#10369,#10370,#10371));
#10373=FACE_OUTER_BOUND('',#10372,.F.);
#10374=ADVANCED_FACE('',(#10373),#10366,.T.);
#10375=FILL_AREA_STYLE_COLOUR('',#5);
#10376=FILL_AREA_STYLE('',(#10375));
#10377=SURFACE_STYLE_FILL_AREA(#10376);
#10378=SURFACE_SIDE_STYLE('',(#10377));
#10379=SURFACE_STYLE_USAGE(.POSITIVE.,#10378);
#10380=PRESENTATION_STYLE_ASSIGNMENT((#10379));
#10381=STYLED_ITEM('',(#10380),#10374);
#10382=CARTESIAN_POINT('',(3.E1,1.65E0,6.15E0));
#10383=DIRECTION('',(0.E0,0.E0,1.E0));
#10384=DIRECTION('',(0.E0,-1.E0,0.E0));
#10385=AXIS2_PLACEMENT_3D('',#10382,#10383,#10384);
#10386=PLANE('',#10385);
#10387=ORIENTED_EDGE('',*,*,#10350,.T.);
#10388=ORIENTED_EDGE('',*,*,#10368,.F.);
#10389=ORIENTED_EDGE('',*,*,#10308,.T.);
#10390=ORIENTED_EDGE('',*,*,#10211,.F.);
#10392=ORIENTED_EDGE('',*,*,#10391,.F.);
#10394=ORIENTED_EDGE('',*,*,#10393,.F.);
#10396=ORIENTED_EDGE('',*,*,#10395,.T.);
#10398=ORIENTED_EDGE('',*,*,#10397,.F.);
#10400=ORIENTED_EDGE('',*,*,#10399,.F.);
#10402=ORIENTED_EDGE('',*,*,#10401,.T.);
#10404=ORIENTED_EDGE('',*,*,#10403,.T.);
#10406=ORIENTED_EDGE('',*,*,#10405,.T.);
#10408=ORIENTED_EDGE('',*,*,#10407,.F.);
#10410=ORIENTED_EDGE('',*,*,#10409,.T.);
#10411=ORIENTED_EDGE('',*,*,#10284,.T.);
#10412=ORIENTED_EDGE('',*,*,#10327,.F.);
#10413=EDGE_LOOP('',(#10387,#10388,#10389,#10390,#10392,#10394,#10396,#10398,
#10400,#10402,#10404,#10406,#10408,#10410,#10411,#10412));
#10414=FACE_OUTER_BOUND('',#10413,.F.);
#10415=ADVANCED_FACE('',(#10414),#10386,.T.);
#10416=FILL_AREA_STYLE_COLOUR('',#5);
#10417=FILL_AREA_STYLE('',(#10416));
#10418=SURFACE_STYLE_FILL_AREA(#10417);
#10419=SURFACE_SIDE_STYLE('',(#10418));
#10420=SURFACE_STYLE_USAGE(.POSITIVE.,#10419);
#10421=PRESENTATION_STYLE_ASSIGNMENT((#10420));
#10422=STYLED_ITEM('',(#10421),#10415);
#10423=CARTESIAN_POINT('',(3.E1,1.65E0,2.85E0));
#10424=DIRECTION('',(0.E0,1.E0,0.E0));
#10425=DIRECTION('',(0.E0,0.E0,1.E0));
#10426=AXIS2_PLACEMENT_3D('',#10423,#10424,#10425);
#10427=PLANE('',#10426);
#10429=ORIENTED_EDGE('',*,*,#10428,.T.);
#10430=ORIENTED_EDGE('',*,*,#10256,.F.);
#10432=ORIENTED_EDGE('',*,*,#10431,.T.);
#10433=ORIENTED_EDGE('',*,*,#10399,.T.);
#10434=EDGE_LOOP('',(#10429,#10430,#10432,#10433));
#10435=FACE_OUTER_BOUND('',#10434,.F.);
#10436=ADVANCED_FACE('',(#10435),#10427,.T.);
#10437=FILL_AREA_STYLE_COLOUR('',#5);
#10438=FILL_AREA_STYLE('',(#10437));
#10439=SURFACE_STYLE_FILL_AREA(#10438);
#10440=SURFACE_SIDE_STYLE('',(#10439));
#10441=SURFACE_STYLE_USAGE(.POSITIVE.,#10440);
#10442=PRESENTATION_STYLE_ASSIGNMENT((#10441));
#10443=STYLED_ITEM('',(#10442),#10436);
#10444=CARTESIAN_POINT('',(3.E1,1.65E0,2.85E0));
#10445=DIRECTION('',(0.E0,1.E0,0.E0));
#10446=DIRECTION('',(0.E0,0.E0,1.E0));
#10447=AXIS2_PLACEMENT_3D('',#10444,#10445,#10446);
#10448=PLANE('',#10447);
#10450=ORIENTED_EDGE('',*,*,#10449,.F.);
#10451=ORIENTED_EDGE('',*,*,#10391,.T.);
#10452=ORIENTED_EDGE('',*,*,#10209,.F.);
#10453=ORIENTED_EDGE('',*,*,#10264,.F.);
#10454=EDGE_LOOP('',(#10450,#10451,#10452,#10453));
#10455=FACE_OUTER_BOUND('',#10454,.F.);
#10456=ADVANCED_FACE('',(#10455),#10448,.T.);
#10457=FILL_AREA_STYLE_COLOUR('',#5);
#10458=FILL_AREA_STYLE('',(#10457));
#10459=SURFACE_STYLE_FILL_AREA(#10458);
#10460=SURFACE_SIDE_STYLE('',(#10459));
#10461=SURFACE_STYLE_USAGE(.POSITIVE.,#10460);
#10462=PRESENTATION_STYLE_ASSIGNMENT((#10461));
#10463=STYLED_ITEM('',(#10462),#10456);
#10464=CARTESIAN_POINT('',(2.765E1,1.45E0,4.5E0));
#10465=DIRECTION('',(-8.944271909999E-1,4.472135955E-1,0.E0));
#10466=DIRECTION('',(4.472135955E-1,8.944271909999E-1,0.E0));
#10467=AXIS2_PLACEMENT_3D('',#10464,#10465,#10466);
#10468=PLANE('',#10467);
#10469=ORIENTED_EDGE('',*,*,#10428,.F.);
#10470=ORIENTED_EDGE('',*,*,#10397,.T.);
#10472=ORIENTED_EDGE('',*,*,#10471,.T.);
#10473=ORIENTED_EDGE('',*,*,#10258,.T.);
#10474=EDGE_LOOP('',(#10469,#10470,#10472,#10473));
#10475=FACE_OUTER_BOUND('',#10474,.F.);
#10476=ADVANCED_FACE('',(#10475),#10468,.T.);
#10477=FILL_AREA_STYLE_COLOUR('',#5);
#10478=FILL_AREA_STYLE('',(#10477));
#10479=SURFACE_STYLE_FILL_AREA(#10478);
#10480=SURFACE_SIDE_STYLE('',(#10479));
#10481=SURFACE_STYLE_USAGE(.POSITIVE.,#10480);
#10482=PRESENTATION_STYLE_ASSIGNMENT((#10481));
#10483=STYLED_ITEM('',(#10482),#10476);
#10484=CARTESIAN_POINT('',(2.675E1,1.25E0,6.15E0));
#10485=DIRECTION('',(0.E0,-1.E0,0.E0));
#10486=DIRECTION('',(1.E0,0.E0,0.E0));
#10487=AXIS2_PLACEMENT_3D('',#10484,#10485,#10486);
#10488=PLANE('',#10487);
#10489=ORIENTED_EDGE('',*,*,#10471,.F.);
#10490=ORIENTED_EDGE('',*,*,#10395,.F.);
#10492=ORIENTED_EDGE('',*,*,#10491,.T.);
#10493=ORIENTED_EDGE('',*,*,#10260,.T.);
#10494=EDGE_LOOP('',(#10489,#10490,#10492,#10493));
#10495=FACE_OUTER_BOUND('',#10494,.F.);
#10496=ADVANCED_FACE('',(#10495),#10488,.F.);
#10497=FILL_AREA_STYLE_COLOUR('',#5);
#10498=FILL_AREA_STYLE('',(#10497));
#10499=SURFACE_STYLE_FILL_AREA(#10498);
#10500=SURFACE_SIDE_STYLE('',(#10499));
#10501=SURFACE_STYLE_USAGE(.POSITIVE.,#10500);
#10502=PRESENTATION_STYLE_ASSIGNMENT((#10501));
#10503=STYLED_ITEM('',(#10502),#10496);
#10504=CARTESIAN_POINT('',(2.685E1,1.45E0,4.5E0));
#10505=DIRECTION('',(8.944271909999E-1,4.472135955E-1,0.E0));
#10506=DIRECTION('',(4.472135955E-1,-8.944271909999E-1,0.E0));
#10507=AXIS2_PLACEMENT_3D('',#10504,#10505,#10506);
#10508=PLANE('',#10507);
#10509=ORIENTED_EDGE('',*,*,#10491,.F.);
#10510=ORIENTED_EDGE('',*,*,#10393,.T.);
#10511=ORIENTED_EDGE('',*,*,#10449,.T.);
#10512=ORIENTED_EDGE('',*,*,#10262,.T.);
#10513=EDGE_LOOP('',(#10509,#10510,#10511,#10512));
#10514=FACE_OUTER_BOUND('',#10513,.F.);
#10515=ADVANCED_FACE('',(#10514),#10508,.T.);
#10516=FILL_AREA_STYLE_COLOUR('',#5);
#10517=FILL_AREA_STYLE('',(#10516));
#10518=SURFACE_STYLE_FILL_AREA(#10517);
#10519=SURFACE_SIDE_STYLE('',(#10518));
#10520=SURFACE_STYLE_USAGE(.POSITIVE.,#10519);
#10521=PRESENTATION_STYLE_ASSIGNMENT((#10520));
#10522=STYLED_ITEM('',(#10521),#10515);
#10523=CARTESIAN_POINT('',(3.E1,0.E0,1.1E1));
#10524=DIRECTION('',(1.E0,0.E0,0.E0));
#10525=DIRECTION('',(0.E0,1.E0,0.E0));
#10526=AXIS2_PLACEMENT_3D('',#10523,#10524,#10525);
#10527=PLANE('',#10526);
#10529=ORIENTED_EDGE('',*,*,#10528,.T.);
#10530=ORIENTED_EDGE('',*,*,#10401,.F.);
#10531=ORIENTED_EDGE('',*,*,#10431,.F.);
#10532=ORIENTED_EDGE('',*,*,#10254,.F.);
#10533=EDGE_LOOP('',(#10529,#10530,#10531,#10532));
#10534=FACE_OUTER_BOUND('',#10533,.F.);
#10535=ADVANCED_FACE('',(#10534),#10527,.T.);
#10536=FILL_AREA_STYLE_COLOUR('',#5);
#10537=FILL_AREA_STYLE('',(#10536));
#10538=SURFACE_STYLE_FILL_AREA(#10537);
#10539=SURFACE_SIDE_STYLE('',(#10538));
#10540=SURFACE_STYLE_USAGE(.POSITIVE.,#10539);
#10541=PRESENTATION_STYLE_ASSIGNMENT((#10540));
#10542=STYLED_ITEM('',(#10541),#10535);
#10543=CARTESIAN_POINT('',(3.E1,0.E0,1.1E1));
#10544=DIRECTION('',(1.E0,0.E0,0.E0));
#10545=DIRECTION('',(0.E0,1.E0,0.E0));
#10546=AXIS2_PLACEMENT_3D('',#10543,#10544,#10545);
#10547=PLANE('',#10546);
#10549=ORIENTED_EDGE('',*,*,#10548,.F.);
#10550=ORIENTED_EDGE('',*,*,#10246,.F.);
#10551=ORIENTED_EDGE('',*,*,#10286,.F.);
#10552=ORIENTED_EDGE('',*,*,#10409,.F.);
#10553=EDGE_LOOP('',(#10549,#10550,#10551,#10552));
#10554=FACE_OUTER_BOUND('',#10553,.F.);
#10555=ADVANCED_FACE('',(#10554),#10547,.T.);
#10556=FILL_AREA_STYLE_COLOUR('',#5);
#10557=FILL_AREA_STYLE('',(#10556));
#10558=SURFACE_STYLE_FILL_AREA(#10557);
#10559=SURFACE_SIDE_STYLE('',(#10558));
#10560=SURFACE_STYLE_USAGE(.POSITIVE.,#10559);
#10561=PRESENTATION_STYLE_ASSIGNMENT((#10560));
#10562=STYLED_ITEM('',(#10561),#10555);
#10563=CARTESIAN_POINT('',(3.E1,1.E0,6.15E0));
#10564=DIRECTION('',(0.E0,1.E0,0.E0));
#10565=DIRECTION('',(-1.E0,0.E0,0.E0));
#10566=AXIS2_PLACEMENT_3D('',#10563,#10564,#10565);
#10567=PLANE('',#10566);
#10568=ORIENTED_EDGE('',*,*,#10528,.F.);
#10569=ORIENTED_EDGE('',*,*,#10252,.T.);
#10571=ORIENTED_EDGE('',*,*,#10570,.F.);
#10572=ORIENTED_EDGE('',*,*,#10403,.F.);
#10573=EDGE_LOOP('',(#10568,#10569,#10571,#10572));
#10574=FACE_OUTER_BOUND('',#10573,.F.);
#10575=ADVANCED_FACE('',(#10574),#10567,.F.);
#10576=FILL_AREA_STYLE_COLOUR('',#5);
#10577=FILL_AREA_STYLE('',(#10576));
#10578=SURFACE_STYLE_FILL_AREA(#10577);
#10579=SURFACE_SIDE_STYLE('',(#10578));
#10580=SURFACE_STYLE_USAGE(.POSITIVE.,#10579);
#10581=PRESENTATION_STYLE_ASSIGNMENT((#10580));
#10582=STYLED_ITEM('',(#10581),#10575);
#10583=CARTESIAN_POINT('',(2.98E1,1.E0,6.15E0));
#10584=DIRECTION('',(-1.E0,0.E0,0.E0));
#10585=DIRECTION('',(0.E0,-1.E0,0.E0));
#10586=AXIS2_PLACEMENT_3D('',#10583,#10584,#10585);
#10587=PLANE('',#10586);
#10588=ORIENTED_EDGE('',*,*,#10250,.T.);
#10590=ORIENTED_EDGE('',*,*,#10589,.F.);
#10591=ORIENTED_EDGE('',*,*,#10405,.F.);
#10592=ORIENTED_EDGE('',*,*,#10570,.T.);
#10593=EDGE_LOOP('',(#10588,#10590,#10591,#10592));
#10594=FACE_OUTER_BOUND('',#10593,.F.);
#10595=ADVANCED_FACE('',(#10594),#10587,.F.);
#10596=FILL_AREA_STYLE_COLOUR('',#5);
#10597=FILL_AREA_STYLE('',(#10596));
#10598=SURFACE_STYLE_FILL_AREA(#10597);
#10599=SURFACE_SIDE_STYLE('',(#10598));
#10600=SURFACE_STYLE_USAGE(.POSITIVE.,#10599);
#10601=PRESENTATION_STYLE_ASSIGNMENT((#10600));
#10602=STYLED_ITEM('',(#10601),#10595);
#10603=CARTESIAN_POINT('',(2.98E1,-1.E0,6.15E0));
#10604=DIRECTION('',(0.E0,-1.E0,0.E0));
#10605=DIRECTION('',(1.E0,0.E0,0.E0));
#10606=AXIS2_PLACEMENT_3D('',#10603,#10604,#10605);
#10607=PLANE('',#10606);
#10608=ORIENTED_EDGE('',*,*,#10548,.T.);
#10609=ORIENTED_EDGE('',*,*,#10407,.T.);
#10610=ORIENTED_EDGE('',*,*,#10589,.T.);
#10611=ORIENTED_EDGE('',*,*,#10248,.F.);
#10612=EDGE_LOOP('',(#10608,#10609,#10610,#10611));
#10613=FACE_OUTER_BOUND('',#10612,.F.);
#10614=ADVANCED_FACE('',(#10613),#10607,.F.);
#10615=FILL_AREA_STYLE_COLOUR('',#5);
#10616=FILL_AREA_STYLE('',(#10615));
#10617=SURFACE_STYLE_FILL_AREA(#10616);
#10618=SURFACE_SIDE_STYLE('',(#10617));
#10619=SURFACE_STYLE_USAGE(.POSITIVE.,#10618);
#10620=PRESENTATION_STYLE_ASSIGNMENT((#10619));
#10621=STYLED_ITEM('',(#10620),#10614);
#10622=CARTESIAN_POINT('',(1.2E1,-3.8407E0,4.4649E0));
#10623=DIRECTION('',(5.079213769856E-2,0.E0,-9.987092463515E-1));
#10624=DIRECTION('',(0.E0,1.E0,0.E0));
#10625=AXIS2_PLACEMENT_3D('',#10622,#10623,#10624);
#10626=PLANE('',#10625);
#10627=ORIENTED_EDGE('',*,*,#6194,.T.);
#10628=ORIENTED_EDGE('',*,*,#8161,.T.);
#10629=EDGE_LOOP('',(#10627,#10628));
#10630=FACE_OUTER_BOUND('',#10629,.F.);
#10631=ADVANCED_FACE('',(#10630),#10626,.F.);
#10632=FILL_AREA_STYLE_COLOUR('',#28);
#10633=FILL_AREA_STYLE('',(#10632));
#10634=SURFACE_STYLE_FILL_AREA(#10633);
#10635=SURFACE_SIDE_STYLE('',(#10634));
#10636=SURFACE_STYLE_USAGE(.POSITIVE.,#10635);
#10637=PRESENTATION_STYLE_ASSIGNMENT((#10636));
#10638=STYLED_ITEM('',(#10637),#10631);
#10639=CARTESIAN_POINT('',(5.159533726050E0,-4.2E0,0.E0));
#10640=DIRECTION('',(1.E0,0.E0,0.E0));
#10641=DIRECTION('',(0.E0,0.E0,1.E0));
#10642=AXIS2_PLACEMENT_3D('',#10639,#10640,#10641);
#10643=PLANE('',#10642);
#10644=ORIENTED_EDGE('',*,*,#4486,.T.);
#10646=ORIENTED_EDGE('',*,*,#10645,.T.);
#10648=ORIENTED_EDGE('',*,*,#10647,.F.);
#10649=ORIENTED_EDGE('',*,*,#5872,.F.);
#10650=EDGE_LOOP('',(#10644,#10646,#10648,#10649));
#10651=FACE_OUTER_BOUND('',#10650,.F.);
#10652=ADVANCED_FACE('',(#10651),#10643,.F.);
#10653=FILL_AREA_STYLE_COLOUR('',#29);
#10654=FILL_AREA_STYLE('',(#10653));
#10655=SURFACE_STYLE_FILL_AREA(#10654);
#10656=SURFACE_SIDE_STYLE('',(#10655));
#10657=SURFACE_STYLE_USAGE(.POSITIVE.,#10656);
#10658=PRESENTATION_STYLE_ASSIGNMENT((#10657));
#10659=STYLED_ITEM('',(#10658),#10652);
#10660=CARTESIAN_POINT('',(6.3789E0,-3.3E0,0.E0));
#10661=DIRECTION('',(0.E0,-1.E0,0.E0));
#10662=DIRECTION('',(-1.E0,0.E0,0.E0));
#10663=AXIS2_PLACEMENT_3D('',#10660,#10661,#10662);
#10664=PLANE('',#10663);
#10666=ORIENTED_EDGE('',*,*,#10665,.F.);
#10668=ORIENTED_EDGE('',*,*,#10667,.F.);
#10669=ORIENTED_EDGE('',*,*,#10645,.F.);
#10670=ORIENTED_EDGE('',*,*,#4484,.F.);
#10672=ORIENTED_EDGE('',*,*,#10671,.T.);
#10674=ORIENTED_EDGE('',*,*,#10673,.T.);
#10675=EDGE_LOOP('',(#10666,#10668,#10669,#10670,#10672,#10674));
#10676=FACE_OUTER_BOUND('',#10675,.F.);
#10677=ADVANCED_FACE('',(#10676),#10664,.T.);
#10678=FILL_AREA_STYLE_COLOUR('',#29);
#10679=FILL_AREA_STYLE('',(#10678));
#10680=SURFACE_STYLE_FILL_AREA(#10679);
#10681=SURFACE_SIDE_STYLE('',(#10680));
#10682=SURFACE_STYLE_USAGE(.POSITIVE.,#10681);
#10683=PRESENTATION_STYLE_ASSIGNMENT((#10682));
#10684=STYLED_ITEM('',(#10683),#10677);
#10685=CARTESIAN_POINT('',(3.880837579960E0,-3.3E0,0.E0));
#10686=DIRECTION('',(1.E0,0.E0,0.E0));
#10687=DIRECTION('',(0.E0,-1.E0,0.E0));
#10688=AXIS2_PLACEMENT_3D('',#10685,#10686,#10687);
#10689=PLANE('',#10688);
#10690=ORIENTED_EDGE('',*,*,#5876,.T.);
#10692=ORIENTED_EDGE('',*,*,#10691,.T.);
#10693=ORIENTED_EDGE('',*,*,#10665,.T.);
#10695=ORIENTED_EDGE('',*,*,#10694,.T.);
#10696=EDGE_LOOP('',(#10690,#10692,#10693,#10695));
#10697=FACE_OUTER_BOUND('',#10696,.F.);
#10698=ADVANCED_FACE('',(#10697),#10689,.T.);
#10699=FILL_AREA_STYLE_COLOUR('',#29);
#10700=FILL_AREA_STYLE('',(#10699));
#10701=SURFACE_STYLE_FILL_AREA(#10700);
#10702=SURFACE_SIDE_STYLE('',(#10701));
#10703=SURFACE_STYLE_USAGE(.POSITIVE.,#10702);
#10704=PRESENTATION_STYLE_ASSIGNMENT((#10703));
#10705=STYLED_ITEM('',(#10704),#10698);
#10706=CARTESIAN_POINT('',(5.159533726050E0,-4.2E0,1.278696146090E0));
#10707=DIRECTION('',(0.E0,0.E0,1.E0));
#10708=DIRECTION('',(-1.E0,0.E0,0.E0));
#10709=AXIS2_PLACEMENT_3D('',#10706,#10707,#10708);
#10710=PLANE('',#10709);
#10711=ORIENTED_EDGE('',*,*,#5874,.F.);
#10712=ORIENTED_EDGE('',*,*,#10647,.T.);
#10713=ORIENTED_EDGE('',*,*,#10667,.T.);
#10714=ORIENTED_EDGE('',*,*,#10691,.F.);
#10715=EDGE_LOOP('',(#10711,#10712,#10713,#10714));
#10716=FACE_OUTER_BOUND('',#10715,.F.);
#10717=ADVANCED_FACE('',(#10716),#10710,.F.);
#10718=FILL_AREA_STYLE_COLOUR('',#29);
#10719=FILL_AREA_STYLE('',(#10718));
#10720=SURFACE_STYLE_FILL_AREA(#10719);
#10721=SURFACE_SIDE_STYLE('',(#10720));
#10722=SURFACE_STYLE_USAGE(.POSITIVE.,#10721);
#10723=PRESENTATION_STYLE_ASSIGNMENT((#10722));
#10724=STYLED_ITEM('',(#10723),#10717);
#10725=CARTESIAN_POINT('',(0.E0,0.E0,-8.E-1));
#10726=DIRECTION('',(0.E0,0.E0,-1.E0));
#10727=DIRECTION('',(1.E0,0.E0,0.E0));
#10728=AXIS2_PLACEMENT_3D('',#10725,#10726,#10727);
#10729=PLANE('',#10728);
#10731=ORIENTED_EDGE('',*,*,#10730,.T.);
#10733=ORIENTED_EDGE('',*,*,#10732,.T.);
#10735=ORIENTED_EDGE('',*,*,#10734,.F.);
#10737=ORIENTED_EDGE('',*,*,#10736,.F.);
#10738=ORIENTED_EDGE('',*,*,#5878,.F.);
#10739=ORIENTED_EDGE('',*,*,#10694,.F.);
#10740=ORIENTED_EDGE('',*,*,#10673,.F.);
#10742=ORIENTED_EDGE('',*,*,#10741,.F.);
#10743=ORIENTED_EDGE('',*,*,#5503,.F.);
#10745=ORIENTED_EDGE('',*,*,#10744,.F.);
#10746=ORIENTED_EDGE('',*,*,#5565,.F.);
#10748=ORIENTED_EDGE('',*,*,#10747,.F.);
#10749=EDGE_LOOP('',(#10731,#10733,#10735,#10737,#10738,#10739,#10740,#10742,
#10743,#10745,#10746,#10748));
#10750=FACE_OUTER_BOUND('',#10749,.F.);
#10751=ADVANCED_FACE('',(#10750),#10729,.T.);
#10752=FILL_AREA_STYLE_COLOUR('',#29);
#10753=FILL_AREA_STYLE('',(#10752));
#10754=SURFACE_STYLE_FILL_AREA(#10753);
#10755=SURFACE_SIDE_STYLE('',(#10754));
#10756=SURFACE_STYLE_USAGE(.POSITIVE.,#10755);
#10757=PRESENTATION_STYLE_ASSIGNMENT((#10756));
#10758=STYLED_ITEM('',(#10757),#10751);
#10759=CARTESIAN_POINT('',(0.E0,2.35E0,0.E0));
#10760=DIRECTION('',(0.E0,-1.E0,0.E0));
#10761=DIRECTION('',(1.E0,0.E0,0.E0));
#10762=AXIS2_PLACEMENT_3D('',#10759,#10760,#10761);
#10763=PLANE('',#10762);
#10764=ORIENTED_EDGE('',*,*,#4509,.F.);
#10766=ORIENTED_EDGE('',*,*,#10765,.T.);
#10768=ORIENTED_EDGE('',*,*,#10767,.T.);
#10770=ORIENTED_EDGE('',*,*,#10769,.T.);
#10771=ORIENTED_EDGE('',*,*,#10730,.F.);
#10773=ORIENTED_EDGE('',*,*,#10772,.F.);
#10774=EDGE_LOOP('',(#10764,#10766,#10768,#10770,#10771,#10773));
#10775=FACE_OUTER_BOUND('',#10774,.F.);
#10776=ADVANCED_FACE('',(#10775),#10763,.F.);
#10777=FILL_AREA_STYLE_COLOUR('',#29);
#10778=FILL_AREA_STYLE('',(#10777));
#10779=SURFACE_STYLE_FILL_AREA(#10778);
#10780=SURFACE_SIDE_STYLE('',(#10779));
#10781=SURFACE_STYLE_USAGE(.POSITIVE.,#10780);
#10782=PRESENTATION_STYLE_ASSIGNMENT((#10781));
#10783=STYLED_ITEM('',(#10782),#10776);
#10784=CARTESIAN_POINT('',(2.4283E0,2.35E0,0.E0));
#10785=DIRECTION('',(-8.944271909999E-1,0.E0,-4.472135955E-1));
#10786=DIRECTION('',(4.472135955E-1,0.E0,-8.944271909999E-1));
#10787=AXIS2_PLACEMENT_3D('',#10784,#10785,#10786);
#10788=PLANE('',#10787);
#10789=ORIENTED_EDGE('',*,*,#4551,.T.);
#10791=ORIENTED_EDGE('',*,*,#10790,.T.);
#10793=ORIENTED_EDGE('',*,*,#10792,.F.);
#10794=ORIENTED_EDGE('',*,*,#10765,.F.);
#10795=EDGE_LOOP('',(#10789,#10791,#10793,#10794));
#10796=FACE_OUTER_BOUND('',#10795,.F.);
#10797=ADVANCED_FACE('',(#10796),#10788,.T.);
#10798=FILL_AREA_STYLE_COLOUR('',#29);
#10799=FILL_AREA_STYLE('',(#10798));
#10800=SURFACE_STYLE_FILL_AREA(#10799);
#10801=SURFACE_SIDE_STYLE('',(#10800));
#10802=SURFACE_STYLE_USAGE(.POSITIVE.,#10801);
#10803=PRESENTATION_STYLE_ASSIGNMENT((#10802));
#10804=STYLED_ITEM('',(#10803),#10797);
#10805=CARTESIAN_POINT('',(0.E0,-2.35E0,0.E0));
#10806=DIRECTION('',(0.E0,-1.E0,0.E0));
#10807=DIRECTION('',(1.E0,0.E0,0.E0));
#10808=AXIS2_PLACEMENT_3D('',#10805,#10806,#10807);
#10809=PLANE('',#10808);
#10810=ORIENTED_EDGE('',*,*,#4549,.T.);
#10812=ORIENTED_EDGE('',*,*,#10811,.T.);
#10813=ORIENTED_EDGE('',*,*,#10734,.T.);
#10815=ORIENTED_EDGE('',*,*,#10814,.F.);
#10817=ORIENTED_EDGE('',*,*,#10816,.F.);
#10818=ORIENTED_EDGE('',*,*,#10790,.F.);
#10819=EDGE_LOOP('',(#10810,#10812,#10813,#10815,#10817,#10818));
#10820=FACE_OUTER_BOUND('',#10819,.F.);
#10821=ADVANCED_FACE('',(#10820),#10809,.T.);
#10822=FILL_AREA_STYLE_COLOUR('',#29);
#10823=FILL_AREA_STYLE('',(#10822));
#10824=SURFACE_STYLE_FILL_AREA(#10823);
#10825=SURFACE_SIDE_STYLE('',(#10824));
#10826=SURFACE_STYLE_USAGE(.POSITIVE.,#10825);
#10827=PRESENTATION_STYLE_ASSIGNMENT((#10826));
#10828=STYLED_ITEM('',(#10827),#10821);
#10829=CARTESIAN_POINT('',(2.9435E0,-4.2E0,0.E0));
#10830=DIRECTION('',(-1.E0,0.E0,0.E0));
#10831=DIRECTION('',(0.E0,1.E0,0.E0));
#10832=AXIS2_PLACEMENT_3D('',#10829,#10830,#10831);
#10833=PLANE('',#10832);
#10834=ORIENTED_EDGE('',*,*,#10772,.T.);
#10835=ORIENTED_EDGE('',*,*,#10747,.T.);
#10836=ORIENTED_EDGE('',*,*,#5563,.F.);
#10837=ORIENTED_EDGE('',*,*,#4511,.T.);
#10838=EDGE_LOOP('',(#10834,#10835,#10836,#10837));
#10839=FACE_OUTER_BOUND('',#10838,.F.);
#10840=ADVANCED_FACE('',(#10839),#10833,.T.);
#10841=FILL_AREA_STYLE_COLOUR('',#29);
#10842=FILL_AREA_STYLE('',(#10841));
#10843=SURFACE_STYLE_FILL_AREA(#10842);
#10844=SURFACE_SIDE_STYLE('',(#10843));
#10845=SURFACE_STYLE_USAGE(.POSITIVE.,#10844);
#10846=PRESENTATION_STYLE_ASSIGNMENT((#10845));
#10847=STYLED_ITEM('',(#10846),#10840);
#10848=CARTESIAN_POINT('',(2.9435E0,-4.2E0,0.E0));
#10849=DIRECTION('',(-1.E0,0.E0,0.E0));
#10850=DIRECTION('',(0.E0,1.E0,0.E0));
#10851=AXIS2_PLACEMENT_3D('',#10848,#10849,#10850);
#10852=PLANE('',#10851);
#10853=ORIENTED_EDGE('',*,*,#10811,.F.);
#10854=ORIENTED_EDGE('',*,*,#4547,.T.);
#10855=ORIENTED_EDGE('',*,*,#5880,.T.);
#10856=ORIENTED_EDGE('',*,*,#10736,.T.);
#10857=EDGE_LOOP('',(#10853,#10854,#10855,#10856));
#10858=FACE_OUTER_BOUND('',#10857,.F.);
#10859=ADVANCED_FACE('',(#10858),#10852,.T.);
#10860=FILL_AREA_STYLE_COLOUR('',#29);
#10861=FILL_AREA_STYLE('',(#10860));
#10862=SURFACE_STYLE_FILL_AREA(#10861);
#10863=SURFACE_SIDE_STYLE('',(#10862));
#10864=SURFACE_STYLE_USAGE(.POSITIVE.,#10863);
#10865=PRESENTATION_STYLE_ASSIGNMENT((#10864));
#10866=STYLED_ITEM('',(#10865),#10859);
#10867=CARTESIAN_POINT('',(4.4283E0,2.35E0,-2.E0));
#10868=DIRECTION('',(1.E0,0.E0,0.E0));
#10869=DIRECTION('',(0.E0,0.E0,1.E0));
#10870=AXIS2_PLACEMENT_3D('',#10867,#10868,#10869);
#10871=PLANE('',#10870);
#10872=ORIENTED_EDGE('',*,*,#10732,.F.);
#10873=ORIENTED_EDGE('',*,*,#10769,.F.);
#10875=ORIENTED_EDGE('',*,*,#10874,.T.);
#10876=ORIENTED_EDGE('',*,*,#10814,.T.);
#10877=EDGE_LOOP('',(#10872,#10873,#10875,#10876));
#10878=FACE_OUTER_BOUND('',#10877,.F.);
#10879=ADVANCED_FACE('',(#10878),#10871,.T.);
#10880=FILL_AREA_STYLE_COLOUR('',#29);
#10881=FILL_AREA_STYLE('',(#10880));
#10882=SURFACE_STYLE_FILL_AREA(#10881);
#10883=SURFACE_SIDE_STYLE('',(#10882));
#10884=SURFACE_STYLE_USAGE(.POSITIVE.,#10883);
#10885=PRESENTATION_STYLE_ASSIGNMENT((#10884));
#10886=STYLED_ITEM('',(#10885),#10879);
#10887=CARTESIAN_POINT('',(3.4283E0,2.35E0,-2.E0));
#10888=DIRECTION('',(0.E0,0.E0,-1.E0));
#10889=DIRECTION('',(1.E0,0.E0,0.E0));
#10890=AXIS2_PLACEMENT_3D('',#10887,#10888,#10889);
#10891=PLANE('',#10890);
#10892=ORIENTED_EDGE('',*,*,#10767,.F.);
#10893=ORIENTED_EDGE('',*,*,#10792,.T.);
#10894=ORIENTED_EDGE('',*,*,#10816,.T.);
#10895=ORIENTED_EDGE('',*,*,#10874,.F.);
#10896=EDGE_LOOP('',(#10892,#10893,#10894,#10895));
#10897=FACE_OUTER_BOUND('',#10896,.F.);
#10898=ADVANCED_FACE('',(#10897),#10891,.T.);
#10899=FILL_AREA_STYLE_COLOUR('',#29);
#10900=FILL_AREA_STYLE('',(#10899));
#10901=SURFACE_STYLE_FILL_AREA(#10900);
#10902=SURFACE_SIDE_STYLE('',(#10901));
#10903=SURFACE_STYLE_USAGE(.POSITIVE.,#10902);
#10904=PRESENTATION_STYLE_ASSIGNMENT((#10903));
#10905=STYLED_ITEM('',(#10904),#10898);
#10906=CARTESIAN_POINT('',(6.3789E0,3.3E0,0.E0));
#10907=DIRECTION('',(1.E0,0.E0,0.E0));
#10908=DIRECTION('',(0.E0,-1.E0,0.E0));
#10909=AXIS2_PLACEMENT_3D('',#10906,#10907,#10908);
#10910=PLANE('',#10909);
#10911=ORIENTED_EDGE('',*,*,#4482,.F.);
#10912=ORIENTED_EDGE('',*,*,#5505,.T.);
#10913=ORIENTED_EDGE('',*,*,#10741,.T.);
#10914=ORIENTED_EDGE('',*,*,#10671,.F.);
#10915=EDGE_LOOP('',(#10911,#10912,#10913,#10914));
#10916=FACE_OUTER_BOUND('',#10915,.F.);
#10917=ADVANCED_FACE('',(#10916),#10910,.T.);
#10918=FILL_AREA_STYLE_COLOUR('',#29);
#10919=FILL_AREA_STYLE('',(#10918));
#10920=SURFACE_STYLE_FILL_AREA(#10919);
#10921=SURFACE_SIDE_STYLE('',(#10920));
#10922=SURFACE_STYLE_USAGE(.POSITIVE.,#10921);
#10923=PRESENTATION_STYLE_ASSIGNMENT((#10922));
#10924=STYLED_ITEM('',(#10923),#10917);
#10925=CARTESIAN_POINT('',(3.880837579960E0,4.2E0,0.E0));
#10926=DIRECTION('',(1.E0,0.E0,0.E0));
#10927=DIRECTION('',(0.E0,-1.E0,0.E0));
#10928=AXIS2_PLACEMENT_3D('',#10925,#10926,#10927);
#10929=PLANE('',#10928);
#10930=ORIENTED_EDGE('',*,*,#5501,.T.);
#10931=ORIENTED_EDGE('',*,*,#5525,.F.);
#10932=ORIENTED_EDGE('',*,*,#5567,.T.);
#10933=ORIENTED_EDGE('',*,*,#10744,.T.);
#10934=EDGE_LOOP('',(#10930,#10931,#10932,#10933));
#10935=FACE_OUTER_BOUND('',#10934,.F.);
#10936=ADVANCED_FACE('',(#10935),#10929,.T.);
#10937=FILL_AREA_STYLE_COLOUR('',#29);
#10938=FILL_AREA_STYLE('',(#10937));
#10939=SURFACE_STYLE_FILL_AREA(#10938);
#10940=SURFACE_SIDE_STYLE('',(#10939));
#10941=SURFACE_STYLE_USAGE(.POSITIVE.,#10940);
#10942=PRESENTATION_STYLE_ASSIGNMENT((#10941));
#10943=STYLED_ITEM('',(#10942),#10936);
#10944=CARTESIAN_POINT('',(1.2391E0,-4.2E0,0.E0));
#10945=DIRECTION('',(1.E0,0.E0,0.E0));
#10946=DIRECTION('',(0.E0,0.E0,1.E0));
#10947=AXIS2_PLACEMENT_3D('',#10944,#10945,#10946);
#10948=PLANE('',#10947);
#10949=ORIENTED_EDGE('',*,*,#4543,.T.);
#10951=ORIENTED_EDGE('',*,*,#10950,.T.);
#10953=ORIENTED_EDGE('',*,*,#10952,.F.);
#10954=ORIENTED_EDGE('',*,*,#5883,.F.);
#10955=EDGE_LOOP('',(#10949,#10951,#10953,#10954));
#10956=FACE_OUTER_BOUND('',#10955,.F.);
#10957=ADVANCED_FACE('',(#10956),#10948,.F.);
#10958=FILL_AREA_STYLE_COLOUR('',#29);
#10959=FILL_AREA_STYLE('',(#10958));
#10960=SURFACE_STYLE_FILL_AREA(#10959);
#10961=SURFACE_SIDE_STYLE('',(#10960));
#10962=SURFACE_STYLE_USAGE(.POSITIVE.,#10961);
#10963=PRESENTATION_STYLE_ASSIGNMENT((#10962));
#10964=STYLED_ITEM('',(#10963),#10957);
#10965=CARTESIAN_POINT('',(0.E0,-3.4E0,0.E0));
#10966=DIRECTION('',(0.E0,-1.E0,0.E0));
#10967=DIRECTION('',(0.E0,0.E0,-1.E0));
#10968=AXIS2_PLACEMENT_3D('',#10965,#10966,#10967);
#10969=PLANE('',#10968);
#10970=ORIENTED_EDGE('',*,*,#4541,.F.);
#10972=ORIENTED_EDGE('',*,*,#10971,.F.);
#10974=ORIENTED_EDGE('',*,*,#10973,.F.);
#10975=ORIENTED_EDGE('',*,*,#10950,.F.);
#10976=EDGE_LOOP('',(#10970,#10972,#10974,#10975));
#10977=FACE_OUTER_BOUND('',#10976,.F.);
#10979=ORIENTED_EDGE('',*,*,#10978,.T.);
#10981=ORIENTED_EDGE('',*,*,#10980,.T.);
#10983=ORIENTED_EDGE('',*,*,#10982,.T.);
#10985=ORIENTED_EDGE('',*,*,#10984,.T.);
#10986=EDGE_LOOP('',(#10979,#10981,#10983,#10985));
#10987=FACE_BOUND('',#10986,.F.);
#10988=ADVANCED_FACE('',(#10977,#10987),#10969,.T.);
#10989=FILL_AREA_STYLE_COLOUR('',#29);
#10990=FILL_AREA_STYLE('',(#10989));
#10991=SURFACE_STYLE_FILL_AREA(#10990);
#10992=SURFACE_SIDE_STYLE('',(#10991));
#10993=SURFACE_STYLE_USAGE(.POSITIVE.,#10992);
#10994=PRESENTATION_STYLE_ASSIGNMENT((#10993));
#10995=STYLED_ITEM('',(#10994),#10988);
#10996=CARTESIAN_POINT('',(-1.2609E0,-4.2E0,7.E0));
#10997=DIRECTION('',(-1.E0,0.E0,0.E0));
#10998=DIRECTION('',(0.E0,0.E0,-1.E0));
#10999=AXIS2_PLACEMENT_3D('',#10996,#10997,#10998);
#11000=PLANE('',#10999);
#11001=ORIENTED_EDGE('',*,*,#4539,.F.);
#11002=ORIENTED_EDGE('',*,*,#5887,.T.);
#11004=ORIENTED_EDGE('',*,*,#11003,.T.);
#11005=ORIENTED_EDGE('',*,*,#10971,.T.);
#11006=EDGE_LOOP('',(#11001,#11002,#11004,#11005));
#11007=FACE_OUTER_BOUND('',#11006,.F.);
#11008=ADVANCED_FACE('',(#11007),#11000,.F.);
#11009=FILL_AREA_STYLE_COLOUR('',#29);
#11010=FILL_AREA_STYLE('',(#11009));
#11011=SURFACE_STYLE_FILL_AREA(#11010);
#11012=SURFACE_SIDE_STYLE('',(#11011));
#11013=SURFACE_STYLE_USAGE(.POSITIVE.,#11012);
#11014=PRESENTATION_STYLE_ASSIGNMENT((#11013));
#11015=STYLED_ITEM('',(#11014),#11008);
#11016=CARTESIAN_POINT('',(1.2391E0,-4.2E0,7.E0));
#11017=DIRECTION('',(0.E0,0.E0,1.E0));
#11018=DIRECTION('',(-1.E0,0.E0,0.E0));
#11019=AXIS2_PLACEMENT_3D('',#11016,#11017,#11018);
#11020=PLANE('',#11019);
#11021=ORIENTED_EDGE('',*,*,#5885,.F.);
#11022=ORIENTED_EDGE('',*,*,#10952,.T.);
#11023=ORIENTED_EDGE('',*,*,#10973,.T.);
#11024=ORIENTED_EDGE('',*,*,#11003,.F.);
#11025=EDGE_LOOP('',(#11021,#11022,#11023,#11024));
#11026=FACE_OUTER_BOUND('',#11025,.F.);
#11027=ADVANCED_FACE('',(#11026),#11020,.F.);
#11028=FILL_AREA_STYLE_COLOUR('',#29);
#11029=FILL_AREA_STYLE('',(#11028));
#11030=SURFACE_STYLE_FILL_AREA(#11029);
#11031=SURFACE_SIDE_STYLE('',(#11030));
#11032=SURFACE_STYLE_USAGE(.POSITIVE.,#11031);
#11033=PRESENTATION_STYLE_ASSIGNMENT((#11032));
#11034=STYLED_ITEM('',(#11033),#11027);
#11035=CARTESIAN_POINT('',(0.E0,-3.75E0,5.9858E0));
#11036=DIRECTION('',(0.E0,-7.893522173763E-1,-6.139406135149E-1));
#11037=DIRECTION('',(0.E0,6.139406135149E-1,-7.893522173763E-1));
#11038=AXIS2_PLACEMENT_3D('',#11035,#11036,#11037);
#11039=PLANE('',#11038);
#11041=ORIENTED_EDGE('',*,*,#11040,.T.);
#11042=ORIENTED_EDGE('',*,*,#10978,.F.);
#11044=ORIENTED_EDGE('',*,*,#11043,.T.);
#11046=ORIENTED_EDGE('',*,*,#11045,.T.);
#11047=EDGE_LOOP('',(#11041,#11042,#11044,#11046));
#11048=FACE_OUTER_BOUND('',#11047,.F.);
#11049=ADVANCED_FACE('',(#11048),#11039,.T.);
#11050=FILL_AREA_STYLE_COLOUR('',#29);
#11051=FILL_AREA_STYLE('',(#11050));
#11052=SURFACE_STYLE_FILL_AREA(#11051);
#11053=SURFACE_SIDE_STYLE('',(#11052));
#11054=SURFACE_STYLE_USAGE(.POSITIVE.,#11053);
#11055=PRESENTATION_STYLE_ASSIGNMENT((#11054));
#11056=STYLED_ITEM('',(#11055),#11049);
#11057=CARTESIAN_POINT('',(1.14625E0,-3.4E0,5.5358E0));
#11058=DIRECTION('',(1.E0,0.E0,0.E0));
#11059=DIRECTION('',(0.E0,0.E0,1.E0));
#11060=AXIS2_PLACEMENT_3D('',#11057,#11058,#11059);
#11061=PLANE('',#11060);
#11062=ORIENTED_EDGE('',*,*,#11040,.F.);
#11064=ORIENTED_EDGE('',*,*,#11063,.T.);
#11066=ORIENTED_EDGE('',*,*,#11065,.F.);
#11067=ORIENTED_EDGE('',*,*,#10980,.F.);
#11068=EDGE_LOOP('',(#11062,#11064,#11066,#11067));
#11069=FACE_OUTER_BOUND('',#11068,.F.);
#11070=ADVANCED_FACE('',(#11069),#11061,.T.);
#11071=FILL_AREA_STYLE_COLOUR('',#29);
#11072=FILL_AREA_STYLE('',(#11071));
#11073=SURFACE_STYLE_FILL_AREA(#11072);
#11074=SURFACE_SIDE_STYLE('',(#11073));
#11075=SURFACE_STYLE_USAGE(.POSITIVE.,#11074);
#11076=PRESENTATION_STYLE_ASSIGNMENT((#11075));
#11077=STYLED_ITEM('',(#11076),#11070);
#11078=CARTESIAN_POINT('',(0.E0,-4.1E0,0.E0));
#11079=DIRECTION('',(0.E0,-1.E0,0.E0));
#11080=DIRECTION('',(0.E0,0.E0,-1.E0));
#11081=AXIS2_PLACEMENT_3D('',#11078,#11079,#11080);
#11082=PLANE('',#11081);
#11083=ORIENTED_EDGE('',*,*,#11045,.F.);
#11085=ORIENTED_EDGE('',*,*,#11084,.F.);
#11087=ORIENTED_EDGE('',*,*,#11086,.F.);
#11088=ORIENTED_EDGE('',*,*,#11063,.F.);
#11089=EDGE_LOOP('',(#11083,#11085,#11087,#11088));
#11090=FACE_OUTER_BOUND('',#11089,.F.);
#11091=ADVANCED_FACE('',(#11090),#11082,.T.);
#11092=FILL_AREA_STYLE_COLOUR('',#29);
#11093=FILL_AREA_STYLE('',(#11092));
#11094=SURFACE_STYLE_FILL_AREA(#11093);
#11095=SURFACE_SIDE_STYLE('',(#11094));
#11096=SURFACE_STYLE_USAGE(.POSITIVE.,#11095);
#11097=PRESENTATION_STYLE_ASSIGNMENT((#11096));
#11098=STYLED_ITEM('',(#11097),#11091);
#11099=CARTESIAN_POINT('',(-1.14625E0,-3.4E0,6.8908E0));
#11100=DIRECTION('',(-1.E0,0.E0,0.E0));
#11101=DIRECTION('',(0.E0,0.E0,-1.E0));
#11102=AXIS2_PLACEMENT_3D('',#11099,#11100,#11101);
#11103=PLANE('',#11102);
#11104=ORIENTED_EDGE('',*,*,#11043,.F.);
#11105=ORIENTED_EDGE('',*,*,#10984,.F.);
#11107=ORIENTED_EDGE('',*,*,#11106,.T.);
#11108=ORIENTED_EDGE('',*,*,#11084,.T.);
#11109=EDGE_LOOP('',(#11104,#11105,#11107,#11108));
#11110=FACE_OUTER_BOUND('',#11109,.F.);
#11111=ADVANCED_FACE('',(#11110),#11103,.T.);
#11112=FILL_AREA_STYLE_COLOUR('',#29);
#11113=FILL_AREA_STYLE('',(#11112));
#11114=SURFACE_STYLE_FILL_AREA(#11113);
#11115=SURFACE_SIDE_STYLE('',(#11114));
#11116=SURFACE_STYLE_USAGE(.POSITIVE.,#11115);
#11117=PRESENTATION_STYLE_ASSIGNMENT((#11116));
#11118=STYLED_ITEM('',(#11117),#11111);
#11119=CARTESIAN_POINT('',(1.14625E0,-3.4E0,6.8908E0));
#11120=DIRECTION('',(0.E0,0.E0,1.E0));
#11121=DIRECTION('',(-1.E0,0.E0,0.E0));
#11122=AXIS2_PLACEMENT_3D('',#11119,#11120,#11121);
#11123=PLANE('',#11122);
#11124=ORIENTED_EDGE('',*,*,#10982,.F.);
#11125=ORIENTED_EDGE('',*,*,#11065,.T.);
#11126=ORIENTED_EDGE('',*,*,#11086,.T.);
#11127=ORIENTED_EDGE('',*,*,#11106,.F.);
#11128=EDGE_LOOP('',(#11124,#11125,#11126,#11127));
#11129=FACE_OUTER_BOUND('',#11128,.F.);
#11130=ADVANCED_FACE('',(#11129),#11123,.T.);
#11131=FILL_AREA_STYLE_COLOUR('',#29);
#11132=FILL_AREA_STYLE('',(#11131));
#11133=SURFACE_STYLE_FILL_AREA(#11132);
#11134=SURFACE_SIDE_STYLE('',(#11133));
#11135=SURFACE_STYLE_USAGE(.POSITIVE.,#11134);
#11136=PRESENTATION_STYLE_ASSIGNMENT((#11135));
#11137=STYLED_ITEM('',(#11136),#11130);
#11138=CARTESIAN_POINT('',(-1.15E1,-3.7E0,4.35E0));
#11139=DIRECTION('',(-7.071067811865E-1,-7.071067811865E-1,0.E0));
#11140=DIRECTION('',(-7.071067811865E-1,7.071067811865E-1,0.E0));
#11141=AXIS2_PLACEMENT_3D('',#11138,#11139,#11140);
#11142=PLANE('',#11141);
#11143=ORIENTED_EDGE('',*,*,#4535,.T.);
#11145=ORIENTED_EDGE('',*,*,#11144,.F.);
#11146=ORIENTED_EDGE('',*,*,#5647,.T.);
#11147=ORIENTED_EDGE('',*,*,#5890,.T.);
#11148=EDGE_LOOP('',(#11143,#11145,#11146,#11147));
#11149=FACE_OUTER_BOUND('',#11148,.F.);
#11150=ADVANCED_FACE('',(#11149),#11142,.T.);
#11151=FILL_AREA_STYLE_COLOUR('',#29);
#11152=FILL_AREA_STYLE('',(#11151));
#11153=SURFACE_STYLE_FILL_AREA(#11152);
#11154=SURFACE_SIDE_STYLE('',(#11153));
#11155=SURFACE_STYLE_USAGE(.POSITIVE.,#11154);
#11156=PRESENTATION_STYLE_ASSIGNMENT((#11155));
#11157=STYLED_ITEM('',(#11156),#11150);
#11158=CARTESIAN_POINT('',(-1.2E1,4.2E0,0.E0));
#11159=DIRECTION('',(-1.E0,0.E0,0.E0));
#11160=DIRECTION('',(0.E0,-1.E0,0.E0));
#11161=AXIS2_PLACEMENT_3D('',#11158,#11159,#11160);
#11162=PLANE('',#11161);
#11163=ORIENTED_EDGE('',*,*,#11144,.T.);
#11164=ORIENTED_EDGE('',*,*,#4533,.F.);
#11166=ORIENTED_EDGE('',*,*,#11165,.T.);
#11168=ORIENTED_EDGE('',*,*,#11167,.F.);
#11170=ORIENTED_EDGE('',*,*,#11169,.F.);
#11171=ORIENTED_EDGE('',*,*,#4525,.F.);
#11173=ORIENTED_EDGE('',*,*,#11172,.F.);
#11174=ORIENTED_EDGE('',*,*,#5649,.T.);
#11175=EDGE_LOOP('',(#11163,#11164,#11166,#11168,#11170,#11171,#11173,#11174));
#11176=FACE_OUTER_BOUND('',#11175,.F.);
#11177=ADVANCED_FACE('',(#11176),#11162,.T.);
#11178=FILL_AREA_STYLE_COLOUR('',#29);
#11179=FILL_AREA_STYLE('',(#11178));
#11180=SURFACE_STYLE_FILL_AREA(#11179);
#11181=SURFACE_SIDE_STYLE('',(#11180));
#11182=SURFACE_STYLE_USAGE(.POSITIVE.,#11181);
#11183=PRESENTATION_STYLE_ASSIGNMENT((#11182));
#11184=STYLED_ITEM('',(#11183),#11177);
#11185=CARTESIAN_POINT('',(0.E0,-2.35E0,0.E0));
#11186=DIRECTION('',(0.E0,-1.E0,0.E0));
#11187=DIRECTION('',(0.E0,0.E0,-1.E0));
#11188=AXIS2_PLACEMENT_3D('',#11185,#11186,#11187);
#11189=PLANE('',#11188);
#11190=ORIENTED_EDGE('',*,*,#4531,.T.);
#11192=ORIENTED_EDGE('',*,*,#11191,.F.);
#11194=ORIENTED_EDGE('',*,*,#11193,.F.);
#11195=ORIENTED_EDGE('',*,*,#11165,.F.);
#11196=EDGE_LOOP('',(#11190,#11192,#11194,#11195));
#11197=FACE_OUTER_BOUND('',#11196,.F.);
#11198=ADVANCED_FACE('',(#11197),#11189,.T.);
#11199=FILL_AREA_STYLE_COLOUR('',#29);
#11200=FILL_AREA_STYLE('',(#11199));
#11201=SURFACE_STYLE_FILL_AREA(#11200);
#11202=SURFACE_SIDE_STYLE('',(#11201));
#11203=SURFACE_STYLE_USAGE(.POSITIVE.,#11202);
#11204=PRESENTATION_STYLE_ASSIGNMENT((#11203));
#11205=STYLED_ITEM('',(#11204),#11198);
#11206=CARTESIAN_POINT('',(-1.1E1,2.35E0,-2.E0));
#11207=DIRECTION('',(8.944271909999E-1,0.E0,-4.472135955E-1));
#11208=DIRECTION('',(4.472135955E-1,0.E0,8.944271909999E-1));
#11209=AXIS2_PLACEMENT_3D('',#11206,#11207,#11208);
#11210=PLANE('',#11209);
#11211=ORIENTED_EDGE('',*,*,#4529,.F.);
#11213=ORIENTED_EDGE('',*,*,#11212,.F.);
#11215=ORIENTED_EDGE('',*,*,#11214,.T.);
#11216=ORIENTED_EDGE('',*,*,#11191,.T.);
#11217=EDGE_LOOP('',(#11211,#11213,#11215,#11216));
#11218=FACE_OUTER_BOUND('',#11217,.F.);
#11219=ADVANCED_FACE('',(#11218),#11210,.T.);
#11220=FILL_AREA_STYLE_COLOUR('',#29);
#11221=FILL_AREA_STYLE('',(#11220));
#11222=SURFACE_STYLE_FILL_AREA(#11221);
#11223=SURFACE_SIDE_STYLE('',(#11222));
#11224=SURFACE_STYLE_USAGE(.POSITIVE.,#11223);
#11225=PRESENTATION_STYLE_ASSIGNMENT((#11224));
#11226=STYLED_ITEM('',(#11225),#11219);
#11227=CARTESIAN_POINT('',(0.E0,2.35E0,0.E0));
#11228=DIRECTION('',(0.E0,-1.E0,0.E0));
#11229=DIRECTION('',(0.E0,0.E0,-1.E0));
#11230=AXIS2_PLACEMENT_3D('',#11227,#11228,#11229);
#11231=PLANE('',#11230);
#11232=ORIENTED_EDGE('',*,*,#4527,.F.);
#11233=ORIENTED_EDGE('',*,*,#11169,.T.);
#11235=ORIENTED_EDGE('',*,*,#11234,.T.);
#11236=ORIENTED_EDGE('',*,*,#11212,.T.);
#11237=EDGE_LOOP('',(#11232,#11233,#11235,#11236));
#11238=FACE_OUTER_BOUND('',#11237,.F.);
#11239=ADVANCED_FACE('',(#11238),#11231,.F.);
#11240=FILL_AREA_STYLE_COLOUR('',#29);
#11241=FILL_AREA_STYLE('',(#11240));
#11242=SURFACE_STYLE_FILL_AREA(#11241);
#11243=SURFACE_SIDE_STYLE('',(#11242));
#11244=SURFACE_STYLE_USAGE(.POSITIVE.,#11243);
#11245=PRESENTATION_STYLE_ASSIGNMENT((#11244));
#11246=STYLED_ITEM('',(#11245),#11239);
#11247=CARTESIAN_POINT('',(-1.2E1,2.35E0,-2.E0));
#11248=DIRECTION('',(0.E0,0.E0,-1.E0));
#11249=DIRECTION('',(1.E0,0.E0,0.E0));
#11250=AXIS2_PLACEMENT_3D('',#11247,#11248,#11249);
#11251=PLANE('',#11250);
#11252=ORIENTED_EDGE('',*,*,#11234,.F.);
#11253=ORIENTED_EDGE('',*,*,#11167,.T.);
#11254=ORIENTED_EDGE('',*,*,#11193,.T.);
#11255=ORIENTED_EDGE('',*,*,#11214,.F.);
#11256=EDGE_LOOP('',(#11252,#11253,#11254,#11255));
#11257=FACE_OUTER_BOUND('',#11256,.F.);
#11258=ADVANCED_FACE('',(#11257),#11251,.T.);
#11259=FILL_AREA_STYLE_COLOUR('',#29);
#11260=FILL_AREA_STYLE('',(#11259));
#11261=SURFACE_STYLE_FILL_AREA(#11260);
#11262=SURFACE_SIDE_STYLE('',(#11261));
#11263=SURFACE_STYLE_USAGE(.POSITIVE.,#11262);
#11264=PRESENTATION_STYLE_ASSIGNMENT((#11263));
#11265=STYLED_ITEM('',(#11264),#11258);
#11266=CARTESIAN_POINT('',(-1.15E1,3.7E0,4.35E0));
#11267=DIRECTION('',(-7.071067811865E-1,7.071067811865E-1,0.E0));
#11268=DIRECTION('',(7.071067811865E-1,7.071067811865E-1,0.E0));
#11269=AXIS2_PLACEMENT_3D('',#11266,#11267,#11268);
#11270=PLANE('',#11269);
#11271=ORIENTED_EDGE('',*,*,#4523,.T.);
#11272=ORIENTED_EDGE('',*,*,#5553,.F.);
#11273=ORIENTED_EDGE('',*,*,#5651,.T.);
#11274=ORIENTED_EDGE('',*,*,#11172,.T.);
#11275=EDGE_LOOP('',(#11271,#11272,#11273,#11274));
#11276=FACE_OUTER_BOUND('',#11275,.F.);
#11277=ADVANCED_FACE('',(#11276),#11270,.T.);
#11278=FILL_AREA_STYLE_COLOUR('',#29);
#11279=FILL_AREA_STYLE('',(#11278));
#11280=SURFACE_STYLE_FILL_AREA(#11279);
#11281=SURFACE_SIDE_STYLE('',(#11280));
#11282=SURFACE_STYLE_USAGE(.POSITIVE.,#11281);
#11283=PRESENTATION_STYLE_ASSIGNMENT((#11282));
#11284=STYLED_ITEM('',(#11283),#11277);
#11285=CARTESIAN_POINT('',(-1.2609E0,4.2E0,7.E0));
#11286=DIRECTION('',(1.E0,0.E0,0.E0));
#11287=DIRECTION('',(0.E0,0.E0,-1.E0));
#11288=AXIS2_PLACEMENT_3D('',#11285,#11286,#11287);
#11289=PLANE('',#11288);
#11291=ORIENTED_EDGE('',*,*,#11290,.F.);
#11293=ORIENTED_EDGE('',*,*,#11292,.F.);
#11294=ORIENTED_EDGE('',*,*,#5556,.F.);
#11295=ORIENTED_EDGE('',*,*,#4519,.T.);
#11296=EDGE_LOOP('',(#11291,#11293,#11294,#11295));
#11297=FACE_OUTER_BOUND('',#11296,.F.);
#11298=ADVANCED_FACE('',(#11297),#11289,.T.);
#11299=FILL_AREA_STYLE_COLOUR('',#29);
#11300=FILL_AREA_STYLE('',(#11299));
#11301=SURFACE_STYLE_FILL_AREA(#11300);
#11302=SURFACE_SIDE_STYLE('',(#11301));
#11303=SURFACE_STYLE_USAGE(.POSITIVE.,#11302);
#11304=PRESENTATION_STYLE_ASSIGNMENT((#11303));
#11305=STYLED_ITEM('',(#11304),#11298);
#11306=CARTESIAN_POINT('',(0.E0,3.4E0,0.E0));
#11307=DIRECTION('',(0.E0,-1.E0,0.E0));
#11308=DIRECTION('',(0.E0,0.E0,-1.E0));
#11309=AXIS2_PLACEMENT_3D('',#11306,#11307,#11308);
#11310=PLANE('',#11309);
#11311=ORIENTED_EDGE('',*,*,#11290,.T.);
#11312=ORIENTED_EDGE('',*,*,#4517,.T.);
#11314=ORIENTED_EDGE('',*,*,#11313,.T.);
#11316=ORIENTED_EDGE('',*,*,#11315,.T.);
#11317=EDGE_LOOP('',(#11311,#11312,#11314,#11316));
#11318=FACE_OUTER_BOUND('',#11317,.F.);
#11320=ORIENTED_EDGE('',*,*,#11319,.T.);
#11322=ORIENTED_EDGE('',*,*,#11321,.F.);
#11324=ORIENTED_EDGE('',*,*,#11323,.F.);
#11326=ORIENTED_EDGE('',*,*,#11325,.F.);
#11327=EDGE_LOOP('',(#11320,#11322,#11324,#11326));
#11328=FACE_BOUND('',#11327,.F.);
#11329=ADVANCED_FACE('',(#11318,#11328),#11310,.F.);
#11330=FILL_AREA_STYLE_COLOUR('',#29);
#11331=FILL_AREA_STYLE('',(#11330));
#11332=SURFACE_STYLE_FILL_AREA(#11331);
#11333=SURFACE_SIDE_STYLE('',(#11332));
#11334=SURFACE_STYLE_USAGE(.POSITIVE.,#11333);
#11335=PRESENTATION_STYLE_ASSIGNMENT((#11334));
#11336=STYLED_ITEM('',(#11335),#11329);
#11337=CARTESIAN_POINT('',(1.2391E0,4.2E0,0.E0));
#11338=DIRECTION('',(-1.E0,0.E0,0.E0));
#11339=DIRECTION('',(0.E0,0.E0,1.E0));
#11340=AXIS2_PLACEMENT_3D('',#11337,#11338,#11339);
#11341=PLANE('',#11340);
#11342=ORIENTED_EDGE('',*,*,#11313,.F.);
#11343=ORIENTED_EDGE('',*,*,#4515,.F.);
#11344=ORIENTED_EDGE('',*,*,#5560,.T.);
#11346=ORIENTED_EDGE('',*,*,#11345,.T.);
#11347=EDGE_LOOP('',(#11342,#11343,#11344,#11346));
#11348=FACE_OUTER_BOUND('',#11347,.F.);
#11349=ADVANCED_FACE('',(#11348),#11341,.T.);
#11350=FILL_AREA_STYLE_COLOUR('',#29);
#11351=FILL_AREA_STYLE('',(#11350));
#11352=SURFACE_STYLE_FILL_AREA(#11351);
#11353=SURFACE_SIDE_STYLE('',(#11352));
#11354=SURFACE_STYLE_USAGE(.POSITIVE.,#11353);
#11355=PRESENTATION_STYLE_ASSIGNMENT((#11354));
#11356=STYLED_ITEM('',(#11355),#11349);
#11357=CARTESIAN_POINT('',(1.2391E0,4.2E0,7.E0));
#11358=DIRECTION('',(0.E0,0.E0,-1.E0));
#11359=DIRECTION('',(-1.E0,0.E0,0.E0));
#11360=AXIS2_PLACEMENT_3D('',#11357,#11358,#11359);
#11361=PLANE('',#11360);
#11362=ORIENTED_EDGE('',*,*,#11292,.T.);
#11363=ORIENTED_EDGE('',*,*,#11315,.F.);
#11364=ORIENTED_EDGE('',*,*,#11345,.F.);
#11365=ORIENTED_EDGE('',*,*,#5558,.T.);
#11366=EDGE_LOOP('',(#11362,#11363,#11364,#11365));
#11367=FACE_OUTER_BOUND('',#11366,.F.);
#11368=ADVANCED_FACE('',(#11367),#11361,.T.);
#11369=FILL_AREA_STYLE_COLOUR('',#29);
#11370=FILL_AREA_STYLE('',(#11369));
#11371=SURFACE_STYLE_FILL_AREA(#11370);
#11372=SURFACE_SIDE_STYLE('',(#11371));
#11373=SURFACE_STYLE_USAGE(.POSITIVE.,#11372);
#11374=PRESENTATION_STYLE_ASSIGNMENT((#11373));
#11375=STYLED_ITEM('',(#11374),#11368);
#11376=CARTESIAN_POINT('',(0.E0,3.75E0,5.9858E0));
#11377=DIRECTION('',(0.E0,7.893522173763E-1,-6.139406135149E-1));
#11378=DIRECTION('',(0.E0,-6.139406135149E-1,-7.893522173763E-1));
#11379=AXIS2_PLACEMENT_3D('',#11376,#11377,#11378);
#11380=PLANE('',#11379);
#11382=ORIENTED_EDGE('',*,*,#11381,.T.);
#11383=ORIENTED_EDGE('',*,*,#11319,.F.);
#11385=ORIENTED_EDGE('',*,*,#11384,.T.);
#11387=ORIENTED_EDGE('',*,*,#11386,.T.);
#11388=EDGE_LOOP('',(#11382,#11383,#11385,#11387));
#11389=FACE_OUTER_BOUND('',#11388,.F.);
#11390=ADVANCED_FACE('',(#11389),#11380,.T.);
#11391=FILL_AREA_STYLE_COLOUR('',#29);
#11392=FILL_AREA_STYLE('',(#11391));
#11393=SURFACE_STYLE_FILL_AREA(#11392);
#11394=SURFACE_SIDE_STYLE('',(#11393));
#11395=SURFACE_STYLE_USAGE(.POSITIVE.,#11394);
#11396=PRESENTATION_STYLE_ASSIGNMENT((#11395));
#11397=STYLED_ITEM('',(#11396),#11390);
#11398=CARTESIAN_POINT('',(-1.14625E0,3.4E0,6.8908E0));
#11399=DIRECTION('',(1.E0,0.E0,0.E0));
#11400=DIRECTION('',(0.E0,0.E0,-1.E0));
#11401=AXIS2_PLACEMENT_3D('',#11398,#11399,#11400);
#11402=PLANE('',#11401);
#11403=ORIENTED_EDGE('',*,*,#11381,.F.);
#11405=ORIENTED_EDGE('',*,*,#11404,.F.);
#11407=ORIENTED_EDGE('',*,*,#11406,.F.);
#11408=ORIENTED_EDGE('',*,*,#11321,.T.);
#11409=EDGE_LOOP('',(#11403,#11405,#11407,#11408));
#11410=FACE_OUTER_BOUND('',#11409,.F.);
#11411=ADVANCED_FACE('',(#11410),#11402,.F.);
#11412=FILL_AREA_STYLE_COLOUR('',#29);
#11413=FILL_AREA_STYLE('',(#11412));
#11414=SURFACE_STYLE_FILL_AREA(#11413);
#11415=SURFACE_SIDE_STYLE('',(#11414));
#11416=SURFACE_STYLE_USAGE(.POSITIVE.,#11415);
#11417=PRESENTATION_STYLE_ASSIGNMENT((#11416));
#11418=STYLED_ITEM('',(#11417),#11411);
#11419=CARTESIAN_POINT('',(0.E0,4.1E0,0.E0));
#11420=DIRECTION('',(0.E0,-1.E0,0.E0));
#11421=DIRECTION('',(0.E0,0.E0,-1.E0));
#11422=AXIS2_PLACEMENT_3D('',#11419,#11420,#11421);
#11423=PLANE('',#11422);
#11424=ORIENTED_EDGE('',*,*,#11386,.F.);
#11426=ORIENTED_EDGE('',*,*,#11425,.T.);
#11428=ORIENTED_EDGE('',*,*,#11427,.T.);
#11429=ORIENTED_EDGE('',*,*,#11404,.T.);
#11430=EDGE_LOOP('',(#11424,#11426,#11428,#11429));
#11431=FACE_OUTER_BOUND('',#11430,.F.);
#11432=ADVANCED_FACE('',(#11431),#11423,.F.);
#11433=FILL_AREA_STYLE_COLOUR('',#29);
#11434=FILL_AREA_STYLE('',(#11433));
#11435=SURFACE_STYLE_FILL_AREA(#11434);
#11436=SURFACE_SIDE_STYLE('',(#11435));
#11437=SURFACE_STYLE_USAGE(.POSITIVE.,#11436);
#11438=PRESENTATION_STYLE_ASSIGNMENT((#11437));
#11439=STYLED_ITEM('',(#11438),#11432);
#11440=CARTESIAN_POINT('',(1.14625E0,3.4E0,5.5358E0));
#11441=DIRECTION('',(-1.E0,0.E0,0.E0));
#11442=DIRECTION('',(0.E0,0.E0,1.E0));
#11443=AXIS2_PLACEMENT_3D('',#11440,#11441,#11442);
#11444=PLANE('',#11443);
#11445=ORIENTED_EDGE('',*,*,#11384,.F.);
#11446=ORIENTED_EDGE('',*,*,#11325,.T.);
#11448=ORIENTED_EDGE('',*,*,#11447,.T.);
#11449=ORIENTED_EDGE('',*,*,#11425,.F.);
#11450=EDGE_LOOP('',(#11445,#11446,#11448,#11449));
#11451=FACE_OUTER_BOUND('',#11450,.F.);
#11452=ADVANCED_FACE('',(#11451),#11444,.F.);
#11453=FILL_AREA_STYLE_COLOUR('',#29);
#11454=FILL_AREA_STYLE('',(#11453));
#11455=SURFACE_STYLE_FILL_AREA(#11454);
#11456=SURFACE_SIDE_STYLE('',(#11455));
#11457=SURFACE_STYLE_USAGE(.POSITIVE.,#11456);
#11458=PRESENTATION_STYLE_ASSIGNMENT((#11457));
#11459=STYLED_ITEM('',(#11458),#11452);
#11460=CARTESIAN_POINT('',(1.14625E0,3.4E0,6.8908E0));
#11461=DIRECTION('',(0.E0,0.E0,-1.E0));
#11462=DIRECTION('',(-1.E0,0.E0,0.E0));
#11463=AXIS2_PLACEMENT_3D('',#11460,#11461,#11462);
#11464=PLANE('',#11463);
#11465=ORIENTED_EDGE('',*,*,#11447,.F.);
#11466=ORIENTED_EDGE('',*,*,#11323,.T.);
#11467=ORIENTED_EDGE('',*,*,#11406,.T.);
#11468=ORIENTED_EDGE('',*,*,#11427,.F.);
#11469=EDGE_LOOP('',(#11465,#11466,#11467,#11468));
#11470=FACE_OUTER_BOUND('',#11469,.F.);
#11471=ADVANCED_FACE('',(#11470),#11464,.F.);
#11472=FILL_AREA_STYLE_COLOUR('',#29);
#11473=FILL_AREA_STYLE('',(#11472));
#11474=SURFACE_STYLE_FILL_AREA(#11473);
#11475=SURFACE_SIDE_STYLE('',(#11474));
#11476=SURFACE_STYLE_USAGE(.POSITIVE.,#11475);
#11477=PRESENTATION_STYLE_ASSIGNMENT((#11476));
#11478=STYLED_ITEM('',(#11477),#11471);
#11479=CARTESIAN_POINT('',(-4.3973E0,-5.264E-1,0.E0));
#11480=DIRECTION('',(-1.E0,0.E0,0.E0));
#11481=DIRECTION('',(0.E0,1.E0,0.E0));
#11482=AXIS2_PLACEMENT_3D('',#11479,#11480,#11481);
#11483=PLANE('',#11482);
#11484=ORIENTED_EDGE('',*,*,#4615,.F.);
#11486=ORIENTED_EDGE('',*,*,#11485,.T.);
#11488=ORIENTED_EDGE('',*,*,#11487,.T.);
#11490=ORIENTED_EDGE('',*,*,#11489,.F.);
#11491=EDGE_LOOP('',(#11484,#11486,#11488,#11490));
#11492=FACE_OUTER_BOUND('',#11491,.F.);
#11493=ADVANCED_FACE('',(#11492),#11483,.T.);
#11494=FILL_AREA_STYLE_COLOUR('',#3);
#11495=FILL_AREA_STYLE('',(#11494));
#11496=SURFACE_STYLE_FILL_AREA(#11495);
#11497=SURFACE_SIDE_STYLE('',(#11496));
#11498=SURFACE_STYLE_USAGE(.POSITIVE.,#11497);
#11499=PRESENTATION_STYLE_ASSIGNMENT((#11498));
#11500=STYLED_ITEM('',(#11499),#11493);
#11501=CARTESIAN_POINT('',(-4.2517375E0,-5.264E-1,0.E0));
#11502=DIRECTION('',(0.E0,-1.E0,0.E0));
#11503=DIRECTION('',(-1.E0,0.E0,0.E0));
#11504=AXIS2_PLACEMENT_3D('',#11501,#11502,#11503);
#11505=PLANE('',#11504);
#11506=ORIENTED_EDGE('',*,*,#4625,.F.);
#11508=ORIENTED_EDGE('',*,*,#11507,.T.);
#11510=ORIENTED_EDGE('',*,*,#11509,.T.);
#11511=ORIENTED_EDGE('',*,*,#11485,.F.);
#11512=EDGE_LOOP('',(#11506,#11508,#11510,#11511));
#11513=FACE_OUTER_BOUND('',#11512,.F.);
#11514=ADVANCED_FACE('',(#11513),#11505,.T.);
#11515=FILL_AREA_STYLE_COLOUR('',#3);
#11516=FILL_AREA_STYLE('',(#11515));
#11517=SURFACE_STYLE_FILL_AREA(#11516);
#11518=SURFACE_SIDE_STYLE('',(#11517));
#11519=SURFACE_STYLE_USAGE(.POSITIVE.,#11518);
#11520=PRESENTATION_STYLE_ASSIGNMENT((#11519));
#11521=STYLED_ITEM('',(#11520),#11514);
#11522=CARTESIAN_POINT('',(-4.2517375E0,4.894404259011E-1,0.E0));
#11523=DIRECTION('',(1.E0,0.E0,0.E0));
#11524=DIRECTION('',(0.E0,-1.E0,0.E0));
#11525=AXIS2_PLACEMENT_3D('',#11522,#11523,#11524);
#11526=PLANE('',#11525);
#11527=ORIENTED_EDGE('',*,*,#4623,.F.);
#11529=ORIENTED_EDGE('',*,*,#11528,.T.);
#11531=ORIENTED_EDGE('',*,*,#11530,.T.);
#11532=ORIENTED_EDGE('',*,*,#11507,.F.);
#11533=EDGE_LOOP('',(#11527,#11529,#11531,#11532));
#11534=FACE_OUTER_BOUND('',#11533,.F.);
#11535=ADVANCED_FACE('',(#11534),#11526,.T.);
#11536=FILL_AREA_STYLE_COLOUR('',#3);
#11537=FILL_AREA_STYLE('',(#11536));
#11538=SURFACE_STYLE_FILL_AREA(#11537);
#11539=SURFACE_SIDE_STYLE('',(#11538));
#11540=SURFACE_STYLE_USAGE(.POSITIVE.,#11539);
#11541=PRESENTATION_STYLE_ASSIGNMENT((#11540));
#11542=STYLED_ITEM('',(#11541),#11535);
#11543=CARTESIAN_POINT('',(-3.523925E0,4.894404259011E-1,0.E0));
#11544=DIRECTION('',(0.E0,-1.E0,0.E0));
#11545=DIRECTION('',(-1.E0,0.E0,0.E0));
#11546=AXIS2_PLACEMENT_3D('',#11543,#11544,#11545);
#11547=PLANE('',#11546);
#11548=ORIENTED_EDGE('',*,*,#4621,.F.);
#11550=ORIENTED_EDGE('',*,*,#11549,.T.);
#11552=ORIENTED_EDGE('',*,*,#11551,.T.);
#11553=ORIENTED_EDGE('',*,*,#11528,.F.);
#11554=EDGE_LOOP('',(#11548,#11550,#11552,#11553));
#11555=FACE_OUTER_BOUND('',#11554,.F.);
#11556=ADVANCED_FACE('',(#11555),#11547,.T.);
#11557=FILL_AREA_STYLE_COLOUR('',#3);
#11558=FILL_AREA_STYLE('',(#11557));
#11559=SURFACE_STYLE_FILL_AREA(#11558);
#11560=SURFACE_SIDE_STYLE('',(#11559));
#11561=SURFACE_STYLE_USAGE(.POSITIVE.,#11560);
#11562=PRESENTATION_STYLE_ASSIGNMENT((#11561));
#11563=STYLED_ITEM('',(#11562),#11556);
#11564=CARTESIAN_POINT('',(-3.523925E0,6.381E-1,0.E0));
#11565=DIRECTION('',(1.E0,0.E0,0.E0));
#11566=DIRECTION('',(0.E0,-1.E0,0.E0));
#11567=AXIS2_PLACEMENT_3D('',#11564,#11565,#11566);
#11568=PLANE('',#11567);
#11569=ORIENTED_EDGE('',*,*,#4619,.F.);
#11571=ORIENTED_EDGE('',*,*,#11570,.T.);
#11573=ORIENTED_EDGE('',*,*,#11572,.T.);
#11574=ORIENTED_EDGE('',*,*,#11549,.F.);
#11575=EDGE_LOOP('',(#11569,#11571,#11573,#11574));
#11576=FACE_OUTER_BOUND('',#11575,.F.);
#11577=ADVANCED_FACE('',(#11576),#11568,.T.);
#11578=FILL_AREA_STYLE_COLOUR('',#3);
#11579=FILL_AREA_STYLE('',(#11578));
#11580=SURFACE_STYLE_FILL_AREA(#11579);
#11581=SURFACE_SIDE_STYLE('',(#11580));
#11582=SURFACE_STYLE_USAGE(.POSITIVE.,#11581);
#11583=PRESENTATION_STYLE_ASSIGNMENT((#11582));
#11584=STYLED_ITEM('',(#11583),#11577);
#11585=CARTESIAN_POINT('',(-4.3973E0,6.381E-1,0.E0));
#11586=DIRECTION('',(0.E0,1.E0,0.E0));
#11587=DIRECTION('',(1.E0,0.E0,0.E0));
#11588=AXIS2_PLACEMENT_3D('',#11585,#11586,#11587);
#11589=PLANE('',#11588);
#11590=ORIENTED_EDGE('',*,*,#4617,.F.);
#11591=ORIENTED_EDGE('',*,*,#11489,.T.);
#11593=ORIENTED_EDGE('',*,*,#11592,.T.);
#11594=ORIENTED_EDGE('',*,*,#11570,.F.);
#11595=EDGE_LOOP('',(#11590,#11591,#11593,#11594));
#11596=FACE_OUTER_BOUND('',#11595,.F.);
#11597=ADVANCED_FACE('',(#11596),#11589,.T.);
#11598=FILL_AREA_STYLE_COLOUR('',#3);
#11599=FILL_AREA_STYLE('',(#11598));
#11600=SURFACE_STYLE_FILL_AREA(#11599);
#11601=SURFACE_SIDE_STYLE('',(#11600));
#11602=SURFACE_STYLE_USAGE(.POSITIVE.,#11601);
#11603=PRESENTATION_STYLE_ASSIGNMENT((#11602));
#11604=STYLED_ITEM('',(#11603),#11597);
#11605=CARTESIAN_POINT('',(0.E0,0.E0,-2.E-2));
#11606=DIRECTION('',(0.E0,0.E0,-1.E0));
#11607=DIRECTION('',(1.E0,0.E0,0.E0));
#11608=AXIS2_PLACEMENT_3D('',#11605,#11606,#11607);
#11609=PLANE('',#11608);
#11610=ORIENTED_EDGE('',*,*,#11487,.F.);
#11611=ORIENTED_EDGE('',*,*,#11509,.F.);
#11612=ORIENTED_EDGE('',*,*,#11530,.F.);
#11613=ORIENTED_EDGE('',*,*,#11551,.F.);
#11614=ORIENTED_EDGE('',*,*,#11572,.F.);
#11615=ORIENTED_EDGE('',*,*,#11592,.F.);
#11616=EDGE_LOOP('',(#11610,#11611,#11612,#11613,#11614,#11615));
#11617=FACE_OUTER_BOUND('',#11616,.F.);
#11618=ADVANCED_FACE('',(#11617),#11609,.T.);
#11619=FILL_AREA_STYLE_COLOUR('',#3);
#11620=FILL_AREA_STYLE('',(#11619));
#11621=SURFACE_STYLE_FILL_AREA(#11620);
#11622=SURFACE_SIDE_STYLE('',(#11621));
#11623=SURFACE_STYLE_USAGE(.POSITIVE.,#11622);
#11624=PRESENTATION_STYLE_ASSIGNMENT((#11623));
#11625=STYLED_ITEM('',(#11624),#11618);
#11626=CARTESIAN_POINT('',(0.E0,0.E0,-2.E-2));
#11627=DIRECTION('',(0.E0,0.E0,-1.E0));
#11628=DIRECTION('',(1.E0,0.E0,0.E0));
#11629=AXIS2_PLACEMENT_3D('',#11626,#11627,#11628);
#11630=PLANE('',#11629);
#11632=ORIENTED_EDGE('',*,*,#11631,.F.);
#11634=ORIENTED_EDGE('',*,*,#11633,.F.);
#11636=ORIENTED_EDGE('',*,*,#11635,.F.);
#11638=ORIENTED_EDGE('',*,*,#11637,.F.);
#11640=ORIENTED_EDGE('',*,*,#11639,.F.);
#11642=ORIENTED_EDGE('',*,*,#11641,.F.);
#11644=ORIENTED_EDGE('',*,*,#11643,.F.);
#11646=ORIENTED_EDGE('',*,*,#11645,.F.);
#11648=ORIENTED_EDGE('',*,*,#11647,.F.);
#11650=ORIENTED_EDGE('',*,*,#11649,.F.);
#11652=ORIENTED_EDGE('',*,*,#11651,.F.);
#11654=ORIENTED_EDGE('',*,*,#11653,.F.);
#11656=ORIENTED_EDGE('',*,*,#11655,.F.);
#11658=ORIENTED_EDGE('',*,*,#11657,.F.);
#11660=ORIENTED_EDGE('',*,*,#11659,.F.);
#11662=ORIENTED_EDGE('',*,*,#11661,.F.);
#11664=ORIENTED_EDGE('',*,*,#11663,.F.);
#11666=ORIENTED_EDGE('',*,*,#11665,.F.);
#11668=ORIENTED_EDGE('',*,*,#11667,.F.);
#11670=ORIENTED_EDGE('',*,*,#11669,.F.);
#11672=ORIENTED_EDGE('',*,*,#11671,.F.);
#11674=ORIENTED_EDGE('',*,*,#11673,.F.);
#11676=ORIENTED_EDGE('',*,*,#11675,.F.);
#11678=ORIENTED_EDGE('',*,*,#11677,.F.);
#11680=ORIENTED_EDGE('',*,*,#11679,.F.);
#11682=ORIENTED_EDGE('',*,*,#11681,.F.);
#11684=ORIENTED_EDGE('',*,*,#11683,.F.);
#11685=ORIENTED_EDGE('',*,*,#4459,.F.);
#11687=ORIENTED_EDGE('',*,*,#11686,.F.);
#11689=ORIENTED_EDGE('',*,*,#11688,.F.);
#11691=ORIENTED_EDGE('',*,*,#11690,.F.);
#11693=ORIENTED_EDGE('',*,*,#11692,.F.);
#11695=ORIENTED_EDGE('',*,*,#11694,.F.);
#11697=ORIENTED_EDGE('',*,*,#11696,.F.);
#11699=ORIENTED_EDGE('',*,*,#11698,.F.);
#11701=ORIENTED_EDGE('',*,*,#11700,.F.);
#11703=ORIENTED_EDGE('',*,*,#11702,.F.);
#11705=ORIENTED_EDGE('',*,*,#11704,.F.);
#11707=ORIENTED_EDGE('',*,*,#11706,.F.);
#11709=ORIENTED_EDGE('',*,*,#11708,.F.);
#11710=EDGE_LOOP('',(#11632,#11634,#11636,#11638,#11640,#11642,#11644,#11646,
#11648,#11650,#11652,#11654,#11656,#11658,#11660,#11662,#11664,#11666,#11668,
#11670,#11672,#11674,#11676,#11678,#11680,#11682,#11684,#11685,#11687,#11689,
#11691,#11693,#11695,#11697,#11699,#11701,#11703,#11705,#11707,#11709));
#11711=FACE_OUTER_BOUND('',#11710,.F.);
#11712=ADVANCED_FACE('',(#11711),#11630,.T.);
#11713=FILL_AREA_STYLE_COLOUR('',#3);
#11714=FILL_AREA_STYLE('',(#11713));
#11715=SURFACE_STYLE_FILL_AREA(#11714);
#11716=SURFACE_SIDE_STYLE('',(#11715));
#11717=SURFACE_STYLE_USAGE(.POSITIVE.,#11716);
#11718=PRESENTATION_STYLE_ASSIGNMENT((#11717));
#11719=STYLED_ITEM('',(#11718),#11712);
#11720=CARTESIAN_POINT('',(0.E0,0.E0,-2.E-2));
#11721=DIRECTION('',(0.E0,0.E0,-1.E0));
#11722=DIRECTION('',(1.E0,0.E0,0.E0));
#11723=AXIS2_PLACEMENT_3D('',#11720,#11721,#11722);
#11724=PLANE('',#11723);
#11726=ORIENTED_EDGE('',*,*,#11725,.F.);
#11728=ORIENTED_EDGE('',*,*,#11727,.F.);
#11730=ORIENTED_EDGE('',*,*,#11729,.F.);
#11732=ORIENTED_EDGE('',*,*,#11731,.F.);
#11734=ORIENTED_EDGE('',*,*,#11733,.F.);
#11736=ORIENTED_EDGE('',*,*,#11735,.F.);
#11738=ORIENTED_EDGE('',*,*,#11737,.F.);
#11740=ORIENTED_EDGE('',*,*,#11739,.F.);
#11742=ORIENTED_EDGE('',*,*,#11741,.F.);
#11744=ORIENTED_EDGE('',*,*,#11743,.F.);
#11746=ORIENTED_EDGE('',*,*,#11745,.F.);
#11748=ORIENTED_EDGE('',*,*,#11747,.F.);
#11749=EDGE_LOOP('',(#11726,#11728,#11730,#11732,#11734,#11736,#11738,#11740,
#11742,#11744,#11746,#11748));
#11750=FACE_OUTER_BOUND('',#11749,.F.);
#11751=ADVANCED_FACE('',(#11750),#11724,.T.);
#11752=FILL_AREA_STYLE_COLOUR('',#3);
#11753=FILL_AREA_STYLE('',(#11752));
#11754=SURFACE_STYLE_FILL_AREA(#11753);
#11755=SURFACE_SIDE_STYLE('',(#11754));
#11756=SURFACE_STYLE_USAGE(.POSITIVE.,#11755);
#11757=PRESENTATION_STYLE_ASSIGNMENT((#11756));
#11758=STYLED_ITEM('',(#11757),#11751);
#11759=CARTESIAN_POINT('',(0.E0,0.E0,-2.E-2));
#11760=DIRECTION('',(0.E0,0.E0,-1.E0));
#11761=DIRECTION('',(1.E0,0.E0,0.E0));
#11762=AXIS2_PLACEMENT_3D('',#11759,#11760,#11761);
#11763=PLANE('',#11762);
#11765=ORIENTED_EDGE('',*,*,#11764,.F.);
#11767=ORIENTED_EDGE('',*,*,#11766,.F.);
#11769=ORIENTED_EDGE('',*,*,#11768,.F.);
#11771=ORIENTED_EDGE('',*,*,#11770,.F.);
#11773=ORIENTED_EDGE('',*,*,#11772,.F.);
#11775=ORIENTED_EDGE('',*,*,#11774,.F.);
#11777=ORIENTED_EDGE('',*,*,#11776,.F.);
#11779=ORIENTED_EDGE('',*,*,#11778,.F.);
#11781=ORIENTED_EDGE('',*,*,#11780,.F.);
#11783=ORIENTED_EDGE('',*,*,#11782,.F.);
#11785=ORIENTED_EDGE('',*,*,#11784,.F.);
#11787=ORIENTED_EDGE('',*,*,#11786,.F.);
#11789=ORIENTED_EDGE('',*,*,#11788,.F.);
#11791=ORIENTED_EDGE('',*,*,#11790,.F.);
#11792=EDGE_LOOP('',(#11765,#11767,#11769,#11771,#11773,#11775,#11777,#11779,
#11781,#11783,#11785,#11787,#11789,#11791));
#11793=FACE_OUTER_BOUND('',#11792,.F.);
#11795=ORIENTED_EDGE('',*,*,#11794,.F.);
#11797=ORIENTED_EDGE('',*,*,#11796,.F.);
#11799=ORIENTED_EDGE('',*,*,#11798,.F.);
#11801=ORIENTED_EDGE('',*,*,#11800,.F.);
#11803=ORIENTED_EDGE('',*,*,#11802,.F.);
#11805=ORIENTED_EDGE('',*,*,#11804,.F.);
#11807=ORIENTED_EDGE('',*,*,#11806,.F.);
#11809=ORIENTED_EDGE('',*,*,#11808,.F.);
#11811=ORIENTED_EDGE('',*,*,#11810,.F.);
#11813=ORIENTED_EDGE('',*,*,#11812,.F.);
#11815=ORIENTED_EDGE('',*,*,#11814,.F.);
#11817=ORIENTED_EDGE('',*,*,#11816,.F.);
#11818=EDGE_LOOP('',(#11795,#11797,#11799,#11801,#11803,#11805,#11807,#11809,
#11811,#11813,#11815,#11817));
#11819=FACE_BOUND('',#11818,.F.);
#11820=ADVANCED_FACE('',(#11793,#11819),#11763,.T.);
#11821=FILL_AREA_STYLE_COLOUR('',#3);
#11822=FILL_AREA_STYLE('',(#11821));
#11823=SURFACE_STYLE_FILL_AREA(#11822);
#11824=SURFACE_SIDE_STYLE('',(#11823));
#11825=SURFACE_STYLE_USAGE(.POSITIVE.,#11824);
#11826=PRESENTATION_STYLE_ASSIGNMENT((#11825));
#11827=STYLED_ITEM('',(#11826),#11820);
#11828=CARTESIAN_POINT('',(0.E0,0.E0,-2.E-2));
#11829=DIRECTION('',(0.E0,0.E0,-1.E0));
#11830=DIRECTION('',(1.E0,0.E0,0.E0));
#11831=AXIS2_PLACEMENT_3D('',#11828,#11829,#11830);
#11832=PLANE('',#11831);
#11834=ORIENTED_EDGE('',*,*,#11833,.F.);
#11836=ORIENTED_EDGE('',*,*,#11835,.F.);
#11838=ORIENTED_EDGE('',*,*,#11837,.F.);
#11840=ORIENTED_EDGE('',*,*,#11839,.F.);
#11842=ORIENTED_EDGE('',*,*,#11841,.F.);
#11844=ORIENTED_EDGE('',*,*,#11843,.F.);
#11846=ORIENTED_EDGE('',*,*,#11845,.F.);
#11848=ORIENTED_EDGE('',*,*,#11847,.F.);
#11849=EDGE_LOOP('',(#11834,#11836,#11838,#11840,#11842,#11844,#11846,#11848));
#11850=FACE_OUTER_BOUND('',#11849,.F.);
#11852=ORIENTED_EDGE('',*,*,#11851,.F.);
#11854=ORIENTED_EDGE('',*,*,#11853,.F.);
#11856=ORIENTED_EDGE('',*,*,#11855,.F.);
#11857=EDGE_LOOP('',(#11852,#11854,#11856));
#11858=FACE_BOUND('',#11857,.F.);
#11859=ADVANCED_FACE('',(#11850,#11858),#11832,.T.);
#11860=FILL_AREA_STYLE_COLOUR('',#3);
#11861=FILL_AREA_STYLE('',(#11860));
#11862=SURFACE_STYLE_FILL_AREA(#11861);
#11863=SURFACE_SIDE_STYLE('',(#11862));
#11864=SURFACE_STYLE_USAGE(.POSITIVE.,#11863);
#11865=PRESENTATION_STYLE_ASSIGNMENT((#11864));
#11866=STYLED_ITEM('',(#11865),#11859);
#11867=CARTESIAN_POINT('',(-2.383685462940E0,3.407808518022E-1,0.E0));
#11868=DIRECTION('',(0.E0,-1.E0,0.E0));
#11869=DIRECTION('',(-1.E0,0.E0,0.E0));
#11870=AXIS2_PLACEMENT_3D('',#11867,#11868,#11869);
#11871=PLANE('',#11870);
#11872=ORIENTED_EDGE('',*,*,#4629,.F.);
#11874=ORIENTED_EDGE('',*,*,#11873,.T.);
#11875=ORIENTED_EDGE('',*,*,#11631,.T.);
#11877=ORIENTED_EDGE('',*,*,#11876,.F.);
#11878=EDGE_LOOP('',(#11872,#11874,#11875,#11877));
#11879=FACE_OUTER_BOUND('',#11878,.F.);
#11880=ADVANCED_FACE('',(#11879),#11871,.T.);
#11881=FILL_AREA_STYLE_COLOUR('',#3);
#11882=FILL_AREA_STYLE('',(#11881));
#11883=SURFACE_STYLE_FILL_AREA(#11882);
#11884=SURFACE_SIDE_STYLE('',(#11883));
#11885=SURFACE_STYLE_USAGE(.POSITIVE.,#11884);
#11886=PRESENTATION_STYLE_ASSIGNMENT((#11885));
#11887=STYLED_ITEM('',(#11886),#11880);
#11888=CARTESIAN_POINT('',(-2.407945787060E0,4.646638331100E-1,0.E0));
#11889=DIRECTION('',(9.813592778365E-1,1.921821214477E-1,0.E0));
#11890=DIRECTION('',(1.921821214477E-1,-9.813592778365E-1,0.E0));
#11891=AXIS2_PLACEMENT_3D('',#11888,#11889,#11890);
#11892=PLANE('',#11891);
#11893=ORIENTED_EDGE('',*,*,#4706,.F.);
#11895=ORIENTED_EDGE('',*,*,#11894,.T.);
#11896=ORIENTED_EDGE('',*,*,#11633,.T.);
#11897=ORIENTED_EDGE('',*,*,#11873,.F.);
#11898=EDGE_LOOP('',(#11893,#11895,#11896,#11897));
#11899=FACE_OUTER_BOUND('',#11898,.F.);
#11900=ADVANCED_FACE('',(#11899),#11892,.T.);
#11901=FILL_AREA_STYLE_COLOUR('',#3);
#11902=FILL_AREA_STYLE('',(#11901));
#11903=SURFACE_STYLE_FILL_AREA(#11902);
#11904=SURFACE_SIDE_STYLE('',(#11903));
#11905=SURFACE_STYLE_USAGE(.POSITIVE.,#11904);
#11906=PRESENTATION_STYLE_ASSIGNMENT((#11905));
#11907=STYLED_ITEM('',(#11906),#11900);
#11908=CARTESIAN_POINT('',(-2.5049875E0,5.637702129506E-1,0.E0));
#11909=DIRECTION('',(7.145102486526E-1,6.996249742329E-1,0.E0));
#11910=DIRECTION('',(6.996249742329E-1,-7.145102486526E-1,0.E0));
#11911=AXIS2_PLACEMENT_3D('',#11908,#11909,#11910);
#11912=PLANE('',#11911);
#11913=ORIENTED_EDGE('',*,*,#4704,.F.);
#11915=ORIENTED_EDGE('',*,*,#11914,.T.);
#11916=ORIENTED_EDGE('',*,*,#11635,.T.);
#11917=ORIENTED_EDGE('',*,*,#11894,.F.);
#11918=EDGE_LOOP('',(#11913,#11915,#11916,#11917));
#11919=FACE_OUTER_BOUND('',#11918,.F.);
#11920=ADVANCED_FACE('',(#11919),#11912,.T.);
#11921=FILL_AREA_STYLE_COLOUR('',#3);
#11922=FILL_AREA_STYLE('',(#11921));
#11923=SURFACE_STYLE_FILL_AREA(#11922);
#11924=SURFACE_SIDE_STYLE('',(#11923));
#11925=SURFACE_STYLE_USAGE(.POSITIVE.,#11924);
#11926=PRESENTATION_STYLE_ASSIGNMENT((#11925));
#11927=STYLED_ITEM('',(#11926),#11920);
#11928=CARTESIAN_POINT('',(-2.602029212940E0,6.133234050399E-1,0.E0));
#11929=DIRECTION('',(4.547769889117E-1,8.906053505096E-1,0.E0));
#11930=DIRECTION('',(8.906053505096E-1,-4.547769889117E-1,0.E0));
#11931=AXIS2_PLACEMENT_3D('',#11928,#11929,#11930);
#11932=PLANE('',#11931);
#11933=ORIENTED_EDGE('',*,*,#4702,.F.);
#11935=ORIENTED_EDGE('',*,*,#11934,.T.);
#11936=ORIENTED_EDGE('',*,*,#11637,.T.);
#11937=ORIENTED_EDGE('',*,*,#11914,.F.);
#11938=EDGE_LOOP('',(#11933,#11935,#11936,#11937));
#11939=FACE_OUTER_BOUND('',#11938,.F.);
#11940=ADVANCED_FACE('',(#11939),#11932,.T.);
#11941=FILL_AREA_STYLE_COLOUR('',#3);
#11942=FILL_AREA_STYLE('',(#11941));
#11943=SURFACE_STYLE_FILL_AREA(#11942);
#11944=SURFACE_SIDE_STYLE('',(#11943));
#11945=SURFACE_STYLE_USAGE(.POSITIVE.,#11944);
#11946=PRESENTATION_STYLE_ASSIGNMENT((#11945));
#11947=STYLED_ITEM('',(#11946),#11940);
#11948=CARTESIAN_POINT('',(-2.72333125E0,6.381E-1,0.E0));
#11949=DIRECTION('',(2.001234451615E-1,9.797706908745E-1,0.E0));
#11950=DIRECTION('',(9.797706908745E-1,-2.001234451615E-1,0.E0));
#11951=AXIS2_PLACEMENT_3D('',#11948,#11949,#11950);
#11952=PLANE('',#11951);
#11953=ORIENTED_EDGE('',*,*,#4700,.F.);
#11955=ORIENTED_EDGE('',*,*,#11954,.T.);
#11956=ORIENTED_EDGE('',*,*,#11639,.T.);
#11957=ORIENTED_EDGE('',*,*,#11934,.F.);
#11958=EDGE_LOOP('',(#11953,#11955,#11956,#11957));
#11959=FACE_OUTER_BOUND('',#11958,.F.);
#11960=ADVANCED_FACE('',(#11959),#11952,.T.);
#11961=FILL_AREA_STYLE_COLOUR('',#3);
#11962=FILL_AREA_STYLE('',(#11961));
#11963=SURFACE_STYLE_FILL_AREA(#11962);
#11964=SURFACE_SIDE_STYLE('',(#11963));
#11965=SURFACE_STYLE_USAGE(.POSITIVE.,#11964);
#11966=PRESENTATION_STYLE_ASSIGNMENT((#11965));
#11967=STYLED_ITEM('',(#11966),#11960);
#11968=CARTESIAN_POINT('',(-2.941675E0,6.381E-1,0.E0));
#11969=DIRECTION('',(0.E0,1.E0,0.E0));
#11970=DIRECTION('',(1.E0,0.E0,0.E0));
#11971=AXIS2_PLACEMENT_3D('',#11968,#11969,#11970);
#11972=PLANE('',#11971);
#11973=ORIENTED_EDGE('',*,*,#4698,.F.);
#11975=ORIENTED_EDGE('',*,*,#11974,.T.);
#11976=ORIENTED_EDGE('',*,*,#11641,.T.);
#11977=ORIENTED_EDGE('',*,*,#11954,.F.);
#11978=EDGE_LOOP('',(#11973,#11975,#11976,#11977));
#11979=FACE_OUTER_BOUND('',#11978,.F.);
#11980=ADVANCED_FACE('',(#11979),#11972,.T.);
#11981=FILL_AREA_STYLE_COLOUR('',#3);
#11982=FILL_AREA_STYLE('',(#11981));
#11983=SURFACE_STYLE_FILL_AREA(#11982);
#11984=SURFACE_SIDE_STYLE('',(#11983));
#11985=SURFACE_STYLE_USAGE(.POSITIVE.,#11984);
#11986=PRESENTATION_STYLE_ASSIGNMENT((#11985));
#11987=STYLED_ITEM('',(#11986),#11980);
#11988=CARTESIAN_POINT('',(-3.062977037060E0,6.133234050399E-1,0.E0));
#11989=DIRECTION('',(-2.001234451615E-1,9.797706908745E-1,0.E0));
#11990=DIRECTION('',(9.797706908745E-1,2.001234451615E-1,0.E0));
#11991=AXIS2_PLACEMENT_3D('',#11988,#11989,#11990);
#11992=PLANE('',#11991);
#11993=ORIENTED_EDGE('',*,*,#4696,.F.);
#11995=ORIENTED_EDGE('',*,*,#11994,.T.);
#11996=ORIENTED_EDGE('',*,*,#11643,.T.);
#11997=ORIENTED_EDGE('',*,*,#11974,.F.);
#11998=EDGE_LOOP('',(#11993,#11995,#11996,#11997));
#11999=FACE_OUTER_BOUND('',#11998,.F.);
#12000=ADVANCED_FACE('',(#11999),#11992,.T.);
#12001=FILL_AREA_STYLE_COLOUR('',#3);
#12002=FILL_AREA_STYLE('',(#12001));
#12003=SURFACE_STYLE_FILL_AREA(#12002);
#12004=SURFACE_SIDE_STYLE('',(#12003));
#12005=SURFACE_STYLE_USAGE(.POSITIVE.,#12004);
#12006=PRESENTATION_STYLE_ASSIGNMENT((#12005));
#12007=STYLED_ITEM('',(#12006),#12000);
#12008=CARTESIAN_POINT('',(-3.16001875E0,5.637702129506E-1,0.E0));
#12009=DIRECTION('',(-4.547769889117E-1,8.906053505096E-1,0.E0));
#12010=DIRECTION('',(8.906053505096E-1,4.547769889117E-1,0.E0));
#12011=AXIS2_PLACEMENT_3D('',#12008,#12009,#12010);
#12012=PLANE('',#12011);
#12013=ORIENTED_EDGE('',*,*,#4694,.F.);
#12015=ORIENTED_EDGE('',*,*,#12014,.T.);
#12016=ORIENTED_EDGE('',*,*,#11645,.T.);
#12017=ORIENTED_EDGE('',*,*,#11994,.F.);
#12018=EDGE_LOOP('',(#12013,#12015,#12016,#12017));
#12019=FACE_OUTER_BOUND('',#12018,.F.);
#12020=ADVANCED_FACE('',(#12019),#12012,.T.);
#12021=FILL_AREA_STYLE_COLOUR('',#3);
#12022=FILL_AREA_STYLE('',(#12021));
#12023=SURFACE_STYLE_FILL_AREA(#12022);
#12024=SURFACE_SIDE_STYLE('',(#12023));
#12025=SURFACE_STYLE_USAGE(.POSITIVE.,#12024);
#12026=PRESENTATION_STYLE_ASSIGNMENT((#12025));
#12027=STYLED_ITEM('',(#12026),#12020);
#12028=CARTESIAN_POINT('',(-3.257060393530E0,4.646638331100E-1,0.E0));
#12029=DIRECTION('',(-7.145104988025E-1,6.996247187608E-1,0.E0));
#12030=DIRECTION('',(6.996247187608E-1,7.145104988025E-1,0.E0));
#12031=AXIS2_PLACEMENT_3D('',#12028,#12029,#12030);
#12032=PLANE('',#12031);
#12033=ORIENTED_EDGE('',*,*,#4692,.F.);
#12035=ORIENTED_EDGE('',*,*,#12034,.T.);
#12036=ORIENTED_EDGE('',*,*,#11647,.T.);
#12037=ORIENTED_EDGE('',*,*,#12014,.F.);
#12038=EDGE_LOOP('',(#12033,#12035,#12036,#12037));
#12039=FACE_OUTER_BOUND('',#12038,.F.);
#12040=ADVANCED_FACE('',(#12039),#12032,.T.);
#12041=FILL_AREA_STYLE_COLOUR('',#3);
#12042=FILL_AREA_STYLE('',(#12041));
#12043=SURFACE_STYLE_FILL_AREA(#12042);
#12044=SURFACE_SIDE_STYLE('',(#12043));
#12045=SURFACE_STYLE_USAGE(.POSITIVE.,#12044);
#12046=PRESENTATION_STYLE_ASSIGNMENT((#12045));
#12047=STYLED_ITEM('',(#12046),#12040);
#12048=CARTESIAN_POINT('',(-3.30558125E0,3.655574445933E-1,0.E0));
#12049=DIRECTION('',(-8.981380447713E-1,4.397136028534E-1,0.E0));
#12050=DIRECTION('',(4.397136028534E-1,8.981380447713E-1,0.E0));
#12051=AXIS2_PLACEMENT_3D('',#12048,#12049,#12050);
#12052=PLANE('',#12051);
#12053=ORIENTED_EDGE('',*,*,#4690,.F.);
#12055=ORIENTED_EDGE('',*,*,#12054,.T.);
#12056=ORIENTED_EDGE('',*,*,#11649,.T.);
#12057=ORIENTED_EDGE('',*,*,#12034,.F.);
#12058=EDGE_LOOP('',(#12053,#12055,#12056,#12057));
#12059=FACE_OUTER_BOUND('',#12058,.F.);
#12060=ADVANCED_FACE('',(#12059),#12052,.T.);
#12061=FILL_AREA_STYLE_COLOUR('',#3);
#12062=FILL_AREA_STYLE('',(#12061));
#12063=SURFACE_STYLE_FILL_AREA(#12062);
#12064=SURFACE_SIDE_STYLE('',(#12063));
#12065=SURFACE_STYLE_USAGE(.POSITIVE.,#12064);
#12066=PRESENTATION_STYLE_ASSIGNMENT((#12065));
#12067=STYLED_ITEM('',(#12066),#12060);
#12068=CARTESIAN_POINT('',(-3.329841643530E0,2.416744806379E-1,0.E0));
#12069=DIRECTION('',(-9.813591690599E-1,1.921826769043E-1,0.E0));
#12070=DIRECTION('',(1.921826769043E-1,9.813591690599E-1,0.E0));
#12071=AXIS2_PLACEMENT_3D('',#12068,#12069,#12070);
#12072=PLANE('',#12071);
#12073=ORIENTED_EDGE('',*,*,#4688,.F.);
#12075=ORIENTED_EDGE('',*,*,#12074,.T.);
#12076=ORIENTED_EDGE('',*,*,#11651,.T.);
#12077=ORIENTED_EDGE('',*,*,#12054,.F.);
#12078=EDGE_LOOP('',(#12073,#12075,#12076,#12077));
#12079=FACE_OUTER_BOUND('',#12078,.F.);
#12080=ADVANCED_FACE('',(#12079),#12072,.T.);
#12081=FILL_AREA_STYLE_COLOUR('',#3);
#12082=FILL_AREA_STYLE('',(#12081));
#12083=SURFACE_STYLE_FILL_AREA(#12082);
#12084=SURFACE_SIDE_STYLE('',(#12083));
#12085=SURFACE_STYLE_USAGE(.POSITIVE.,#12084);
#12086=PRESENTATION_STYLE_ASSIGNMENT((#12085));
#12087=STYLED_ITEM('',(#12086),#12080);
#12088=CARTESIAN_POINT('',(-3.329841643530E0,-1.299744459331E-1,0.E0));
#12089=DIRECTION('',(-1.E0,0.E0,0.E0));
#12090=DIRECTION('',(0.E0,1.E0,0.E0));
#12091=AXIS2_PLACEMENT_3D('',#12088,#12089,#12090);
#12092=PLANE('',#12091);
#12093=ORIENTED_EDGE('',*,*,#4686,.F.);
#12095=ORIENTED_EDGE('',*,*,#12094,.T.);
#12096=ORIENTED_EDGE('',*,*,#11653,.T.);
#12097=ORIENTED_EDGE('',*,*,#12074,.F.);
#12098=EDGE_LOOP('',(#12093,#12095,#12096,#12097));
#12099=FACE_OUTER_BOUND('',#12098,.F.);
#12100=ADVANCED_FACE('',(#12099),#12092,.T.);
#12101=FILL_AREA_STYLE_COLOUR('',#3);
#12102=FILL_AREA_STYLE('',(#12101));
#12103=SURFACE_STYLE_FILL_AREA(#12102);
#12104=SURFACE_SIDE_STYLE('',(#12103));
#12105=SURFACE_STYLE_USAGE(.POSITIVE.,#12104);
#12106=PRESENTATION_STYLE_ASSIGNMENT((#12105));
#12107=STYLED_ITEM('',(#12106),#12100);
#12108=CARTESIAN_POINT('',(-3.30558125E0,-2.538574792981E-1,0.E0));
#12109=DIRECTION('',(-9.813591893677E-1,-1.921825732045E-1,0.E0));
#12110=DIRECTION('',(-1.921825732045E-1,9.813591893677E-1,0.E0));
#12111=AXIS2_PLACEMENT_3D('',#12108,#12109,#12110);
#12112=PLANE('',#12111);
#12113=ORIENTED_EDGE('',*,*,#4684,.F.);
#12115=ORIENTED_EDGE('',*,*,#12114,.T.);
#12116=ORIENTED_EDGE('',*,*,#11655,.T.);
#12117=ORIENTED_EDGE('',*,*,#12094,.F.);
#12118=EDGE_LOOP('',(#12113,#12115,#12116,#12117));
#12119=FACE_OUTER_BOUND('',#12118,.F.);
#12120=ADVANCED_FACE('',(#12119),#12112,.T.);
#12121=FILL_AREA_STYLE_COLOUR('',#3);
#12122=FILL_AREA_STYLE('',(#12121));
#12123=SURFACE_STYLE_FILL_AREA(#12122);
#12124=SURFACE_SIDE_STYLE('',(#12123));
#12125=SURFACE_STYLE_USAGE(.POSITIVE.,#12124);
#12126=PRESENTATION_STYLE_ASSIGNMENT((#12125));
#12127=STYLED_ITEM('',(#12126),#12120);
#12128=CARTESIAN_POINT('',(-3.257060393530E0,-3.529638504624E-1,0.E0));
#12129=DIRECTION('',(-8.981380143666E-1,-4.397136649566E-1,0.E0));
#12130=DIRECTION('',(-4.397136649566E-1,8.981380143666E-1,0.E0));
#12131=AXIS2_PLACEMENT_3D('',#12128,#12129,#12130);
#12132=PLANE('',#12131);
#12133=ORIENTED_EDGE('',*,*,#4682,.F.);
#12135=ORIENTED_EDGE('',*,*,#12134,.T.);
#12136=ORIENTED_EDGE('',*,*,#11657,.T.);
#12137=ORIENTED_EDGE('',*,*,#12114,.F.);
#12138=EDGE_LOOP('',(#12133,#12135,#12136,#12137));
#12139=FACE_OUTER_BOUND('',#12138,.F.);
#12140=ADVANCED_FACE('',(#12139),#12132,.T.);
#12141=FILL_AREA_STYLE_COLOUR('',#3);
#12142=FILL_AREA_STYLE('',(#12141));
#12143=SURFACE_STYLE_FILL_AREA(#12142);
#12144=SURFACE_SIDE_STYLE('',(#12143));
#12145=SURFACE_STYLE_USAGE(.POSITIVE.,#12144);
#12146=PRESENTATION_STYLE_ASSIGNMENT((#12145));
#12147=STYLED_ITEM('',(#12146),#12140);
#12148=CARTESIAN_POINT('',(-3.16001875E0,-4.520702216268E-1,0.E0));
#12149=DIRECTION('',(-7.145104681851E-1,-6.996247500295E-1,0.E0));
#12150=DIRECTION('',(-6.996247500295E-1,7.145104681851E-1,0.E0));
#12151=AXIS2_PLACEMENT_3D('',#12148,#12149,#12150);
#12152=PLANE('',#12151);
#12153=ORIENTED_EDGE('',*,*,#4680,.F.);
#12155=ORIENTED_EDGE('',*,*,#12154,.T.);
#12156=ORIENTED_EDGE('',*,*,#11659,.T.);
#12157=ORIENTED_EDGE('',*,*,#12134,.F.);
#12158=EDGE_LOOP('',(#12153,#12155,#12156,#12157));
#12159=FACE_OUTER_BOUND('',#12158,.F.);
#12160=ADVANCED_FACE('',(#12159),#12152,.T.);
#12161=FILL_AREA_STYLE_COLOUR('',#3);
#12162=FILL_AREA_STYLE('',(#12161));
#12163=SURFACE_STYLE_FILL_AREA(#12162);
#12164=SURFACE_SIDE_STYLE('',(#12163));
#12165=SURFACE_STYLE_USAGE(.POSITIVE.,#12164);
#12166=PRESENTATION_STYLE_ASSIGNMENT((#12165));
#12167=STYLED_ITEM('',(#12166),#12160);
#12168=CARTESIAN_POINT('',(-3.062977037060E0,-5.016234072089E-1,0.E0));
#12169=DIRECTION('',(-4.547769415434E-1,-8.906053746977E-1,0.E0));
#12170=DIRECTION('',(-8.906053746977E-1,4.547769415434E-1,0.E0));
#12171=AXIS2_PLACEMENT_3D('',#12168,#12169,#12170);
#12172=PLANE('',#12171);
#12173=ORIENTED_EDGE('',*,*,#4678,.F.);
#12175=ORIENTED_EDGE('',*,*,#12174,.T.);
#12176=ORIENTED_EDGE('',*,*,#11661,.T.);
#12177=ORIENTED_EDGE('',*,*,#12154,.F.);
#12178=EDGE_LOOP('',(#12173,#12175,#12176,#12177));
#12179=FACE_OUTER_BOUND('',#12178,.F.);
#12180=ADVANCED_FACE('',(#12179),#12172,.T.);
#12181=FILL_AREA_STYLE_COLOUR('',#3);
#12182=FILL_AREA_STYLE('',(#12181));
#12183=SURFACE_STYLE_FILL_AREA(#12182);
#12184=SURFACE_SIDE_STYLE('',(#12183));
#12185=SURFACE_STYLE_USAGE(.POSITIVE.,#12184);
#12186=PRESENTATION_STYLE_ASSIGNMENT((#12185));
#12187=STYLED_ITEM('',(#12186),#12180);
#12188=CARTESIAN_POINT('',(-2.941675E0,-5.264E-1,0.E0));
#12189=DIRECTION('',(-2.001234283435E-1,-9.797706943097E-1,0.E0));
#12190=DIRECTION('',(-9.797706943097E-1,2.001234283435E-1,0.E0));
#12191=AXIS2_PLACEMENT_3D('',#12188,#12189,#12190);
#12192=PLANE('',#12191);
#12193=ORIENTED_EDGE('',*,*,#4676,.F.);
#12195=ORIENTED_EDGE('',*,*,#12194,.T.);
#12196=ORIENTED_EDGE('',*,*,#11663,.T.);
#12197=ORIENTED_EDGE('',*,*,#12174,.F.);
#12198=EDGE_LOOP('',(#12193,#12195,#12196,#12197));
#12199=FACE_OUTER_BOUND('',#12198,.F.);
#12200=ADVANCED_FACE('',(#12199),#12192,.T.);
#12201=FILL_AREA_STYLE_COLOUR('',#3);
#12202=FILL_AREA_STYLE('',(#12201));
#12203=SURFACE_STYLE_FILL_AREA(#12202);
#12204=SURFACE_SIDE_STYLE('',(#12203));
#12205=SURFACE_STYLE_USAGE(.POSITIVE.,#12204);
#12206=PRESENTATION_STYLE_ASSIGNMENT((#12205));
#12207=STYLED_ITEM('',(#12206),#12200);
#12208=CARTESIAN_POINT('',(-2.72333125E0,-5.264E-1,0.E0));
#12209=DIRECTION('',(0.E0,-1.E0,0.E0));
#12210=DIRECTION('',(-1.E0,0.E0,0.E0));
#12211=AXIS2_PLACEMENT_3D('',#12208,#12209,#12210);
#12212=PLANE('',#12211);
#12213=ORIENTED_EDGE('',*,*,#4674,.F.);
#12215=ORIENTED_EDGE('',*,*,#12214,.T.);
#12216=ORIENTED_EDGE('',*,*,#11665,.T.);
#12217=ORIENTED_EDGE('',*,*,#12194,.F.);
#12218=EDGE_LOOP('',(#12213,#12215,#12216,#12217));
#12219=FACE_OUTER_BOUND('',#12218,.F.);
#12220=ADVANCED_FACE('',(#12219),#12212,.T.);
#12221=FILL_AREA_STYLE_COLOUR('',#3);
#12222=FILL_AREA_STYLE('',(#12221));
#12223=SURFACE_STYLE_FILL_AREA(#12222);
#12224=SURFACE_SIDE_STYLE('',(#12223));
#12225=SURFACE_STYLE_USAGE(.POSITIVE.,#12224);
#12226=PRESENTATION_STYLE_ASSIGNMENT((#12225));
#12227=STYLED_ITEM('',(#12226),#12220);
#12228=CARTESIAN_POINT('',(-2.602029212940E0,-5.016234072089E-1,0.E0));
#12229=DIRECTION('',(2.001234283435E-1,-9.797706943097E-1,0.E0));
#12230=DIRECTION('',(-9.797706943097E-1,-2.001234283435E-1,0.E0));
#12231=AXIS2_PLACEMENT_3D('',#12228,#12229,#12230);
#12232=PLANE('',#12231);
#12233=ORIENTED_EDGE('',*,*,#4672,.F.);
#12235=ORIENTED_EDGE('',*,*,#12234,.T.);
#12236=ORIENTED_EDGE('',*,*,#11667,.T.);
#12237=ORIENTED_EDGE('',*,*,#12214,.F.);
#12238=EDGE_LOOP('',(#12233,#12235,#12236,#12237));
#12239=FACE_OUTER_BOUND('',#12238,.F.);
#12240=ADVANCED_FACE('',(#12239),#12232,.T.);
#12241=FILL_AREA_STYLE_COLOUR('',#3);
#12242=FILL_AREA_STYLE('',(#12241));
#12243=SURFACE_STYLE_FILL_AREA(#12242);
#12244=SURFACE_SIDE_STYLE('',(#12243));
#12245=SURFACE_STYLE_USAGE(.POSITIVE.,#12244);
#12246=PRESENTATION_STYLE_ASSIGNMENT((#12245));
#12247=STYLED_ITEM('',(#12246),#12240);
#12248=CARTESIAN_POINT('',(-2.5049875E0,-4.520702216268E-1,0.E0));
#12249=DIRECTION('',(4.547769415434E-1,-8.906053746977E-1,0.E0));
#12250=DIRECTION('',(-8.906053746977E-1,-4.547769415434E-1,0.E0));
#12251=AXIS2_PLACEMENT_3D('',#12248,#12249,#12250);
#12252=PLANE('',#12251);
#12253=ORIENTED_EDGE('',*,*,#4670,.F.);
#12255=ORIENTED_EDGE('',*,*,#12254,.T.);
#12256=ORIENTED_EDGE('',*,*,#11669,.T.);
#12257=ORIENTED_EDGE('',*,*,#12234,.F.);
#12258=EDGE_LOOP('',(#12253,#12255,#12256,#12257));
#12259=FACE_OUTER_BOUND('',#12258,.F.);
#12260=ADVANCED_FACE('',(#12259),#12252,.T.);
#12261=FILL_AREA_STYLE_COLOUR('',#3);
#12262=FILL_AREA_STYLE('',(#12261));
#12263=SURFACE_STYLE_FILL_AREA(#12262);
#12264=SURFACE_SIDE_STYLE('',(#12263));
#12265=SURFACE_STYLE_USAGE(.POSITIVE.,#12264);
#12266=PRESENTATION_STYLE_ASSIGNMENT((#12265));
#12267=STYLED_ITEM('',(#12266),#12260);
#12268=CARTESIAN_POINT('',(-2.407945787060E0,-3.529638504624E-1,0.E0));
#12269=DIRECTION('',(7.145102180353E-1,-6.996250055017E-1,0.E0));
#12270=DIRECTION('',(-6.996250055017E-1,-7.145102180353E-1,0.E0));
#12271=AXIS2_PLACEMENT_3D('',#12268,#12269,#12270);
#12272=PLANE('',#12271);
#12273=ORIENTED_EDGE('',*,*,#4668,.F.);
#12275=ORIENTED_EDGE('',*,*,#12274,.T.);
#12276=ORIENTED_EDGE('',*,*,#11671,.T.);
#12277=ORIENTED_EDGE('',*,*,#12254,.F.);
#12278=EDGE_LOOP('',(#12273,#12275,#12276,#12277));
#12279=FACE_OUTER_BOUND('',#12278,.F.);
#12280=ADVANCED_FACE('',(#12279),#12272,.T.);
#12281=FILL_AREA_STYLE_COLOUR('',#3);
#12282=FILL_AREA_STYLE('',(#12281));
#12283=SURFACE_STYLE_FILL_AREA(#12282);
#12284=SURFACE_SIDE_STYLE('',(#12283));
#12285=SURFACE_STYLE_USAGE(.POSITIVE.,#12284);
#12286=PRESENTATION_STYLE_ASSIGNMENT((#12285));
#12287=STYLED_ITEM('',(#12286),#12280);
#12288=CARTESIAN_POINT('',(-2.383685462940E0,-2.290808170974E-1,0.E0));
#12289=DIRECTION('',(9.813592930674E-1,-1.921820436730E-1,0.E0));
#12290=DIRECTION('',(-1.921820436730E-1,-9.813592930674E-1,0.E0));
#12291=AXIS2_PLACEMENT_3D('',#12288,#12289,#12290);
#12292=PLANE('',#12291);
#12293=ORIENTED_EDGE('',*,*,#4666,.F.);
#12295=ORIENTED_EDGE('',*,*,#12294,.T.);
#12296=ORIENTED_EDGE('',*,*,#11673,.T.);
#12297=ORIENTED_EDGE('',*,*,#12274,.F.);
#12298=EDGE_LOOP('',(#12293,#12295,#12296,#12297));
#12299=FACE_OUTER_BOUND('',#12298,.F.);
#12300=ADVANCED_FACE('',(#12299),#12292,.T.);
#12301=FILL_AREA_STYLE_COLOUR('',#3);
#12302=FILL_AREA_STYLE('',(#12301));
#12303=SURFACE_STYLE_FILL_AREA(#12302);
#12304=SURFACE_SIDE_STYLE('',(#12303));
#12305=SURFACE_STYLE_USAGE(.POSITIVE.,#12304);
#12306=PRESENTATION_STYLE_ASSIGNMENT((#12305));
#12307=STYLED_ITEM('',(#12306),#12300);
#12308=CARTESIAN_POINT('',(-2.529247962940E0,-2.290808170974E-1,0.E0));
#12309=DIRECTION('',(0.E0,1.E0,0.E0));
#12310=DIRECTION('',(1.E0,0.E0,0.E0));
#12311=AXIS2_PLACEMENT_3D('',#12308,#12309,#12310);
#12312=PLANE('',#12311);
#12313=ORIENTED_EDGE('',*,*,#4664,.F.);
#12315=ORIENTED_EDGE('',*,*,#12314,.T.);
#12316=ORIENTED_EDGE('',*,*,#11675,.T.);
#12317=ORIENTED_EDGE('',*,*,#12294,.F.);
#12318=EDGE_LOOP('',(#12313,#12315,#12316,#12317));
#12319=FACE_OUTER_BOUND('',#12318,.F.);
#12320=ADVANCED_FACE('',(#12319),#12312,.T.);
#12321=FILL_AREA_STYLE_COLOUR('',#3);
#12322=FILL_AREA_STYLE('',(#12321));
#12323=SURFACE_STYLE_FILL_AREA(#12322);
#12324=SURFACE_SIDE_STYLE('',(#12323));
#12325=SURFACE_STYLE_USAGE(.POSITIVE.,#12324);
#12326=PRESENTATION_STYLE_ASSIGNMENT((#12325));
#12327=STYLED_ITEM('',(#12326),#12320);
#12328=CARTESIAN_POINT('',(-2.553508287060E0,-3.034106648803E-1,0.E0));
#12329=DIRECTION('',(-9.506456267027E-1,3.102787334496E-1,0.E0));
#12330=DIRECTION('',(3.102787334496E-1,9.506456267027E-1,0.E0));
#12331=AXIS2_PLACEMENT_3D('',#12328,#12329,#12330);
#12332=PLANE('',#12331);
#12333=ORIENTED_EDGE('',*,*,#4662,.F.);
#12335=ORIENTED_EDGE('',*,*,#12334,.T.);
#12336=ORIENTED_EDGE('',*,*,#11677,.T.);
#12337=ORIENTED_EDGE('',*,*,#12314,.F.);
#12338=EDGE_LOOP('',(#12333,#12335,#12336,#12337));
#12339=FACE_OUTER_BOUND('',#12338,.F.);
#12340=ADVANCED_FACE('',(#12339),#12332,.T.);
#12341=FILL_AREA_STYLE_COLOUR('',#3);
#12342=FILL_AREA_STYLE('',(#12341));
#12343=SURFACE_STYLE_FILL_AREA(#12342);
#12344=SURFACE_SIDE_STYLE('',(#12343));
#12345=SURFACE_STYLE_USAGE(.POSITIVE.,#12344);
#12346=PRESENTATION_STYLE_ASSIGNMENT((#12345));
#12347=STYLED_ITEM('',(#12346),#12340);
#12348=CARTESIAN_POINT('',(-2.626289537060E0,-3.529638504624E-1,0.E0));
#12349=DIRECTION('',(-5.627909312417E-1,8.265992787996E-1,0.E0));
#12350=DIRECTION('',(8.265992787996E-1,5.627909312417E-1,0.E0));
#12351=AXIS2_PLACEMENT_3D('',#12348,#12349,#12350);
#12352=PLANE('',#12351);
#12353=ORIENTED_EDGE('',*,*,#4660,.F.);
#12355=ORIENTED_EDGE('',*,*,#12354,.T.);
#12356=ORIENTED_EDGE('',*,*,#11679,.T.);
#12357=ORIENTED_EDGE('',*,*,#12334,.F.);
#12358=EDGE_LOOP('',(#12353,#12355,#12356,#12357));
#12359=FACE_OUTER_BOUND('',#12358,.F.);
#12360=ADVANCED_FACE('',(#12359),#12352,.T.);
#12361=FILL_AREA_STYLE_COLOUR('',#3);
#12362=FILL_AREA_STYLE('',(#12361));
#12363=SURFACE_STYLE_FILL_AREA(#12362);
#12364=SURFACE_SIDE_STYLE('',(#12363));
#12365=SURFACE_STYLE_USAGE(.POSITIVE.,#12364);
#12366=PRESENTATION_STYLE_ASSIGNMENT((#12365));
#12367=STYLED_ITEM('',(#12366),#12360);
#12368=CARTESIAN_POINT('',(-2.72333125E0,-3.777404432535E-1,0.E0));
#12369=DIRECTION('',(-2.473831068378E-1,9.689177459678E-1,0.E0));
#12370=DIRECTION('',(9.689177459678E-1,2.473831068378E-1,0.E0));
#12371=AXIS2_PLACEMENT_3D('',#12368,#12369,#12370);
#12372=PLANE('',#12371);
#12373=ORIENTED_EDGE('',*,*,#4658,.F.);
#12375=ORIENTED_EDGE('',*,*,#12374,.T.);
#12376=ORIENTED_EDGE('',*,*,#11681,.T.);
#12377=ORIENTED_EDGE('',*,*,#12354,.F.);
#12378=EDGE_LOOP('',(#12373,#12375,#12376,#12377));
#12379=FACE_OUTER_BOUND('',#12378,.F.);
#12380=ADVANCED_FACE('',(#12379),#12372,.T.);
#12381=FILL_AREA_STYLE_COLOUR('',#3);
#12382=FILL_AREA_STYLE('',(#12381));
#12383=SURFACE_STYLE_FILL_AREA(#12382);
#12384=SURFACE_SIDE_STYLE('',(#12383));
#12385=SURFACE_STYLE_USAGE(.POSITIVE.,#12384);
#12386=PRESENTATION_STYLE_ASSIGNMENT((#12385));
#12387=STYLED_ITEM('',(#12386),#12380);
#12388=CARTESIAN_POINT('',(-2.941675E0,-3.777404432535E-1,0.E0));
#12389=DIRECTION('',(0.E0,1.E0,0.E0));
#12390=DIRECTION('',(1.E0,0.E0,0.E0));
#12391=AXIS2_PLACEMENT_3D('',#12388,#12389,#12390);
#12392=PLANE('',#12391);
#12393=ORIENTED_EDGE('',*,*,#4656,.F.);
#12394=ORIENTED_EDGE('',*,*,#4461,.T.);
#12395=ORIENTED_EDGE('',*,*,#11683,.T.);
#12396=ORIENTED_EDGE('',*,*,#12374,.F.);
#12397=EDGE_LOOP('',(#12393,#12394,#12395,#12396));
#12398=FACE_OUTER_BOUND('',#12397,.F.);
#12399=ADVANCED_FACE('',(#12398),#12392,.T.);
#12400=FILL_AREA_STYLE_COLOUR('',#3);
#12401=FILL_AREA_STYLE('',(#12400));
#12402=SURFACE_STYLE_FILL_AREA(#12401);
#12403=SURFACE_SIDE_STYLE('',(#12402));
#12404=SURFACE_STYLE_USAGE(.POSITIVE.,#12403);
#12405=PRESENTATION_STYLE_ASSIGNMENT((#12404));
#12406=STYLED_ITEM('',(#12405),#12399);
#12407=CARTESIAN_POINT('',(-2.529247962940E0,3.407808518022E-1,0.E0));
#12408=DIRECTION('',(-9.506455412394E-1,-3.102789952956E-1,0.E0));
#12409=DIRECTION('',(-3.102789952956E-1,9.506455412394E-1,0.E0));
#12410=AXIS2_PLACEMENT_3D('',#12407,#12408,#12409);
#12411=PLANE('',#12410);
#12412=ORIENTED_EDGE('',*,*,#4631,.F.);
#12413=ORIENTED_EDGE('',*,*,#11876,.T.);
#12414=ORIENTED_EDGE('',*,*,#11708,.T.);
#12416=ORIENTED_EDGE('',*,*,#12415,.F.);
#12417=EDGE_LOOP('',(#12412,#12413,#12414,#12416));
#12418=FACE_OUTER_BOUND('',#12417,.F.);
#12419=ADVANCED_FACE('',(#12418),#12411,.T.);
#12420=FILL_AREA_STYLE_COLOUR('',#3);
#12421=FILL_AREA_STYLE('',(#12420));
#12422=SURFACE_STYLE_FILL_AREA(#12421);
#12423=SURFACE_SIDE_STYLE('',(#12422));
#12424=SURFACE_STYLE_USAGE(.POSITIVE.,#12423);
#12425=PRESENTATION_STYLE_ASSIGNMENT((#12424));
#12426=STYLED_ITEM('',(#12425),#12419);
#12427=CARTESIAN_POINT('',(-2.553508287060E0,4.151106301755E-1,0.E0));
#12428=DIRECTION('',(-5.627910658975E-1,-8.265991871191E-1,0.E0));
#12429=DIRECTION('',(-8.265991871191E-1,5.627910658975E-1,0.E0));
#12430=AXIS2_PLACEMENT_3D('',#12427,#12428,#12429);
#12431=PLANE('',#12430);
#12432=ORIENTED_EDGE('',*,*,#4633,.F.);
#12433=ORIENTED_EDGE('',*,*,#12415,.T.);
#12434=ORIENTED_EDGE('',*,*,#11706,.T.);
#12436=ORIENTED_EDGE('',*,*,#12435,.F.);
#12437=EDGE_LOOP('',(#12432,#12433,#12434,#12436));
#12438=FACE_OUTER_BOUND('',#12437,.F.);
#12439=ADVANCED_FACE('',(#12438),#12431,.T.);
#12440=FILL_AREA_STYLE_COLOUR('',#3);
#12441=FILL_AREA_STYLE('',(#12440));
#12442=SURFACE_STYLE_FILL_AREA(#12441);
#12443=SURFACE_SIDE_STYLE('',(#12442));
#12444=SURFACE_STYLE_USAGE(.POSITIVE.,#12443);
#12445=PRESENTATION_STYLE_ASSIGNMENT((#12444));
#12446=STYLED_ITEM('',(#12445),#12439);
#12447=CARTESIAN_POINT('',(-2.626289537060E0,4.646638331100E-1,0.E0));
#12448=DIRECTION('',(-2.473831068378E-1,-9.689177459678E-1,0.E0));
#12449=DIRECTION('',(-9.689177459678E-1,2.473831068378E-1,0.E0));
#12450=AXIS2_PLACEMENT_3D('',#12447,#12448,#12449);
#12451=PLANE('',#12450);
#12452=ORIENTED_EDGE('',*,*,#4635,.F.);
#12453=ORIENTED_EDGE('',*,*,#12435,.T.);
#12454=ORIENTED_EDGE('',*,*,#11704,.T.);
#12456=ORIENTED_EDGE('',*,*,#12455,.F.);
#12457=EDGE_LOOP('',(#12452,#12453,#12454,#12456));
#12458=FACE_OUTER_BOUND('',#12457,.F.);
#12459=ADVANCED_FACE('',(#12458),#12451,.T.);
#12460=FILL_AREA_STYLE_COLOUR('',#3);
#12461=FILL_AREA_STYLE('',(#12460));
#12462=SURFACE_STYLE_FILL_AREA(#12461);
#12463=SURFACE_SIDE_STYLE('',(#12462));
#12464=SURFACE_STYLE_USAGE(.POSITIVE.,#12463);
#12465=PRESENTATION_STYLE_ASSIGNMENT((#12464));
#12466=STYLED_ITEM('',(#12465),#12459);
#12467=CARTESIAN_POINT('',(-2.72333125E0,4.894404259011E-1,0.E0));
#12468=DIRECTION('',(0.E0,-1.E0,0.E0));
#12469=DIRECTION('',(-1.E0,0.E0,0.E0));
#12470=AXIS2_PLACEMENT_3D('',#12467,#12468,#12469);
#12471=PLANE('',#12470);
#12472=ORIENTED_EDGE('',*,*,#4637,.F.);
#12473=ORIENTED_EDGE('',*,*,#12455,.T.);
#12474=ORIENTED_EDGE('',*,*,#11702,.T.);
#12476=ORIENTED_EDGE('',*,*,#12475,.F.);
#12477=EDGE_LOOP('',(#12472,#12473,#12474,#12476));
#12478=FACE_OUTER_BOUND('',#12477,.F.);
#12479=ADVANCED_FACE('',(#12478),#12471,.T.);
#12480=FILL_AREA_STYLE_COLOUR('',#3);
#12481=FILL_AREA_STYLE('',(#12480));
#12482=SURFACE_STYLE_FILL_AREA(#12481);
#12483=SURFACE_SIDE_STYLE('',(#12482));
#12484=SURFACE_STYLE_USAGE(.POSITIVE.,#12483);
#12485=PRESENTATION_STYLE_ASSIGNMENT((#12484));
#12486=STYLED_ITEM('',(#12485),#12479);
#12487=CARTESIAN_POINT('',(-2.941675E0,4.894404259011E-1,0.E0));
#12488=DIRECTION('',(2.473831068378E-1,-9.689177459678E-1,0.E0));
#12489=DIRECTION('',(-9.689177459678E-1,-2.473831068378E-1,0.E0));
#12490=AXIS2_PLACEMENT_3D('',#12487,#12488,#12489);
#12491=PLANE('',#12490);
#12492=ORIENTED_EDGE('',*,*,#4639,.F.);
#12493=ORIENTED_EDGE('',*,*,#12475,.T.);
#12494=ORIENTED_EDGE('',*,*,#11700,.T.);
#12496=ORIENTED_EDGE('',*,*,#12495,.F.);
#12497=EDGE_LOOP('',(#12492,#12493,#12494,#12496));
#12498=FACE_OUTER_BOUND('',#12497,.F.);
#12499=ADVANCED_FACE('',(#12498),#12491,.T.);
#12500=FILL_AREA_STYLE_COLOUR('',#3);
#12501=FILL_AREA_STYLE('',(#12500));
#12502=SURFACE_STYLE_FILL_AREA(#12501);
#12503=SURFACE_SIDE_STYLE('',(#12502));
#12504=SURFACE_STYLE_USAGE(.POSITIVE.,#12503);
#12505=PRESENTATION_STYLE_ASSIGNMENT((#12504));
#12506=STYLED_ITEM('',(#12505),#12499);
#12507=CARTESIAN_POINT('',(-3.038716712940E0,4.646638331100E-1,0.E0));
#12508=DIRECTION('',(5.627910658976E-1,-8.265991871191E-1,0.E0));
#12509=DIRECTION('',(-8.265991871191E-1,-5.627910658976E-1,0.E0));
#12510=AXIS2_PLACEMENT_3D('',#12507,#12508,#12509);
#12511=PLANE('',#12510);
#12512=ORIENTED_EDGE('',*,*,#4641,.F.);
#12513=ORIENTED_EDGE('',*,*,#12495,.T.);
#12514=ORIENTED_EDGE('',*,*,#11698,.T.);
#12516=ORIENTED_EDGE('',*,*,#12515,.F.);
#12517=EDGE_LOOP('',(#12512,#12513,#12514,#12516));
#12518=FACE_OUTER_BOUND('',#12517,.F.);
#12519=ADVANCED_FACE('',(#12518),#12511,.T.);
#12520=FILL_AREA_STYLE_COLOUR('',#3);
#12521=FILL_AREA_STYLE('',(#12520));
#12522=SURFACE_STYLE_FILL_AREA(#12521);
#12523=SURFACE_SIDE_STYLE('',(#12522));
#12524=SURFACE_STYLE_USAGE(.POSITIVE.,#12523);
#12525=PRESENTATION_STYLE_ASSIGNMENT((#12524));
#12526=STYLED_ITEM('',(#12525),#12519);
#12527=CARTESIAN_POINT('',(-3.111497962940E0,4.151106301755E-1,0.E0));
#12528=DIRECTION('',(8.373793591563E-1,-5.466221810895E-1,0.E0));
#12529=DIRECTION('',(-5.466221810895E-1,-8.373793591563E-1,0.E0));
#12530=AXIS2_PLACEMENT_3D('',#12527,#12528,#12529);
#12531=PLANE('',#12530);
#12532=ORIENTED_EDGE('',*,*,#4643,.F.);
#12533=ORIENTED_EDGE('',*,*,#12515,.T.);
#12534=ORIENTED_EDGE('',*,*,#11696,.T.);
#12536=ORIENTED_EDGE('',*,*,#12535,.F.);
#12537=EDGE_LOOP('',(#12532,#12533,#12534,#12536));
#12538=FACE_OUTER_BOUND('',#12537,.F.);
#12539=ADVANCED_FACE('',(#12538),#12531,.T.);
#12540=FILL_AREA_STYLE_COLOUR('',#3);
#12541=FILL_AREA_STYLE('',(#12540));
#12542=SURFACE_STYLE_FILL_AREA(#12541);
#12543=SURFACE_SIDE_STYLE('',(#12542));
#12544=SURFACE_STYLE_USAGE(.POSITIVE.,#12543);
#12545=PRESENTATION_STYLE_ASSIGNMENT((#12544));
#12546=STYLED_ITEM('',(#12545),#12539);
#12547=CARTESIAN_POINT('',(-3.16001875E0,3.407808518022E-1,0.E0));
#12548=DIRECTION('',(9.713210491251E-1,-2.377717803411E-1,0.E0));
#12549=DIRECTION('',(-2.377717803411E-1,-9.713210491251E-1,0.E0));
#12550=AXIS2_PLACEMENT_3D('',#12547,#12548,#12549);
#12551=PLANE('',#12550);
#12552=ORIENTED_EDGE('',*,*,#4645,.F.);
#12553=ORIENTED_EDGE('',*,*,#12535,.T.);
#12554=ORIENTED_EDGE('',*,*,#11694,.T.);
#12556=ORIENTED_EDGE('',*,*,#12555,.F.);
#12557=EDGE_LOOP('',(#12552,#12553,#12554,#12556));
#12558=FACE_OUTER_BOUND('',#12557,.F.);
#12559=ADVANCED_FACE('',(#12558),#12551,.T.);
#12560=FILL_AREA_STYLE_COLOUR('',#3);
#12561=FILL_AREA_STYLE('',(#12560));
#12562=SURFACE_STYLE_FILL_AREA(#12561);
#12563=SURFACE_SIDE_STYLE('',(#12562));
#12564=SURFACE_STYLE_USAGE(.POSITIVE.,#12563);
#12565=PRESENTATION_STYLE_ASSIGNMENT((#12564));
#12566=STYLED_ITEM('',(#12565),#12559);
#12567=CARTESIAN_POINT('',(-3.184279212940E0,2.416744806379E-1,0.E0));
#12568=DIRECTION('',(1.E0,0.E0,0.E0));
#12569=DIRECTION('',(0.E0,-1.E0,0.E0));
#12570=AXIS2_PLACEMENT_3D('',#12567,#12568,#12569);
#12571=PLANE('',#12570);
#12572=ORIENTED_EDGE('',*,*,#4647,.F.);
#12573=ORIENTED_EDGE('',*,*,#12555,.T.);
#12574=ORIENTED_EDGE('',*,*,#11692,.T.);
#12576=ORIENTED_EDGE('',*,*,#12575,.F.);
#12577=EDGE_LOOP('',(#12572,#12573,#12574,#12576));
#12578=FACE_OUTER_BOUND('',#12577,.F.);
#12579=ADVANCED_FACE('',(#12578),#12571,.T.);
#12580=FILL_AREA_STYLE_COLOUR('',#3);
#12581=FILL_AREA_STYLE('',(#12580));
#12582=SURFACE_STYLE_FILL_AREA(#12581);
#12583=SURFACE_SIDE_STYLE('',(#12582));
#12584=SURFACE_STYLE_USAGE(.POSITIVE.,#12583);
#12585=PRESENTATION_STYLE_ASSIGNMENT((#12584));
#12586=STYLED_ITEM('',(#12585),#12579);
#12587=CARTESIAN_POINT('',(-3.184279212940E0,-1.299744459331E-1,0.E0));
#12588=DIRECTION('',(9.713210491251E-1,2.377717803411E-1,0.E0));
#12589=DIRECTION('',(2.377717803411E-1,-9.713210491251E-1,0.E0));
#12590=AXIS2_PLACEMENT_3D('',#12587,#12588,#12589);
#12591=PLANE('',#12590);
#12592=ORIENTED_EDGE('',*,*,#4649,.F.);
#12593=ORIENTED_EDGE('',*,*,#12575,.T.);
#12594=ORIENTED_EDGE('',*,*,#11690,.T.);
#12596=ORIENTED_EDGE('',*,*,#12595,.F.);
#12597=EDGE_LOOP('',(#12592,#12593,#12594,#12596));
#12598=FACE_OUTER_BOUND('',#12597,.F.);
#12599=ADVANCED_FACE('',(#12598),#12591,.T.);
#12600=FILL_AREA_STYLE_COLOUR('',#3);
#12601=FILL_AREA_STYLE('',(#12600));
#12602=SURFACE_STYLE_FILL_AREA(#12601);
#12603=SURFACE_SIDE_STYLE('',(#12602));
#12604=SURFACE_STYLE_USAGE(.POSITIVE.,#12603);
#12605=PRESENTATION_STYLE_ASSIGNMENT((#12604));
#12606=STYLED_ITEM('',(#12605),#12599);
#12607=CARTESIAN_POINT('',(-3.16001875E0,-2.290808170974E-1,0.E0));
#12608=DIRECTION('',(8.373795927994E-1,5.466218231676E-1,0.E0));
#12609=DIRECTION('',(5.466218231676E-1,-8.373795927994E-1,0.E0));
#12610=AXIS2_PLACEMENT_3D('',#12607,#12608,#12609);
#12611=PLANE('',#12610);
#12612=ORIENTED_EDGE('',*,*,#4651,.F.);
#12613=ORIENTED_EDGE('',*,*,#12595,.T.);
#12614=ORIENTED_EDGE('',*,*,#11688,.T.);
#12616=ORIENTED_EDGE('',*,*,#12615,.F.);
#12617=EDGE_LOOP('',(#12612,#12613,#12614,#12616));
#12618=FACE_OUTER_BOUND('',#12617,.F.);
#12619=ADVANCED_FACE('',(#12618),#12611,.T.);
#12620=FILL_AREA_STYLE_COLOUR('',#3);
#12621=FILL_AREA_STYLE('',(#12620));
#12622=SURFACE_STYLE_FILL_AREA(#12621);
#12623=SURFACE_SIDE_STYLE('',(#12622));
#12624=SURFACE_STYLE_USAGE(.POSITIVE.,#12623);
#12625=PRESENTATION_STYLE_ASSIGNMENT((#12624));
#12626=STYLED_ITEM('',(#12625),#12619);
#12627=CARTESIAN_POINT('',(-3.111497962940E0,-3.034106648803E-1,0.E0));
#12628=DIRECTION('',(5.627909312417E-1,8.265992787996E-1,0.E0));
#12629=DIRECTION('',(8.265992787996E-1,-5.627909312417E-1,0.E0));
#12630=AXIS2_PLACEMENT_3D('',#12627,#12628,#12629);
#12631=PLANE('',#12630);
#12632=ORIENTED_EDGE('',*,*,#4653,.F.);
#12633=ORIENTED_EDGE('',*,*,#12615,.T.);
#12634=ORIENTED_EDGE('',*,*,#11686,.T.);
#12635=ORIENTED_EDGE('',*,*,#4457,.F.);
#12636=EDGE_LOOP('',(#12632,#12633,#12634,#12635));
#12637=FACE_OUTER_BOUND('',#12636,.F.);
#12638=ADVANCED_FACE('',(#12637),#12631,.T.);
#12639=FILL_AREA_STYLE_COLOUR('',#3);
#12640=FILL_AREA_STYLE('',(#12639));
#12641=SURFACE_STYLE_FILL_AREA(#12640);
#12642=SURFACE_SIDE_STYLE('',(#12641));
#12643=SURFACE_STYLE_USAGE(.POSITIVE.,#12642);
#12644=PRESENTATION_STYLE_ASSIGNMENT((#12643));
#12645=STYLED_ITEM('',(#12644),#12638);
#12646=CARTESIAN_POINT('',(-1.316227175879E0,4.894404259011E-1,0.E0));
#12647=DIRECTION('',(0.E0,-1.E0,0.E0));
#12648=DIRECTION('',(-1.E0,0.E0,0.E0));
#12649=AXIS2_PLACEMENT_3D('',#12646,#12647,#12648);
#12650=PLANE('',#12649);
#12651=ORIENTED_EDGE('',*,*,#4710,.F.);
#12653=ORIENTED_EDGE('',*,*,#12652,.T.);
#12654=ORIENTED_EDGE('',*,*,#11725,.T.);
#12656=ORIENTED_EDGE('',*,*,#12655,.F.);
#12657=EDGE_LOOP('',(#12651,#12653,#12654,#12656));
#12658=FACE_OUTER_BOUND('',#12657,.F.);
#12659=ADVANCED_FACE('',(#12658),#12650,.T.);
#12660=FILL_AREA_STYLE_COLOUR('',#3);
#12661=FILL_AREA_STYLE('',(#12660));
#12662=SURFACE_STYLE_FILL_AREA(#12661);
#12663=SURFACE_SIDE_STYLE('',(#12662));
#12664=SURFACE_STYLE_USAGE(.POSITIVE.,#12663);
#12665=PRESENTATION_STYLE_ASSIGNMENT((#12664));
#12666=STYLED_ITEM('',(#12665),#12659);
#12667=CARTESIAN_POINT('',(-1.316227175879E0,6.381E-1,0.E0));
#12668=DIRECTION('',(1.E0,0.E0,0.E0));
#12669=DIRECTION('',(0.E0,-1.E0,0.E0));
#12670=AXIS2_PLACEMENT_3D('',#12667,#12668,#12669);
#12671=PLANE('',#12670);
#12672=ORIENTED_EDGE('',*,*,#4732,.F.);
#12674=ORIENTED_EDGE('',*,*,#12673,.T.);
#12675=ORIENTED_EDGE('',*,*,#11727,.T.);
#12676=ORIENTED_EDGE('',*,*,#12652,.F.);
#12677=EDGE_LOOP('',(#12672,#12674,#12675,#12676));
#12678=FACE_OUTER_BOUND('',#12677,.F.);
#12679=ADVANCED_FACE('',(#12678),#12671,.T.);
#12680=FILL_AREA_STYLE_COLOUR('',#3);
#12681=FILL_AREA_STYLE('',(#12680));
#12682=SURFACE_STYLE_FILL_AREA(#12681);
#12683=SURFACE_SIDE_STYLE('',(#12682));
#12684=SURFACE_STYLE_USAGE(.POSITIVE.,#12683);
#12685=PRESENTATION_STYLE_ASSIGNMENT((#12684));
#12686=STYLED_ITEM('',(#12685),#12679);
#12687=CARTESIAN_POINT('',(-2.189602037060E0,6.381E-1,0.E0));
#12688=DIRECTION('',(0.E0,1.E0,0.E0));
#12689=DIRECTION('',(1.E0,0.E0,0.E0));
#12690=AXIS2_PLACEMENT_3D('',#12687,#12688,#12689);
#12691=PLANE('',#12690);
#12692=ORIENTED_EDGE('',*,*,#4730,.F.);
#12694=ORIENTED_EDGE('',*,*,#12693,.T.);
#12695=ORIENTED_EDGE('',*,*,#11729,.T.);
#12696=ORIENTED_EDGE('',*,*,#12673,.F.);
#12697=EDGE_LOOP('',(#12692,#12694,#12695,#12696));
#12698=FACE_OUTER_BOUND('',#12697,.F.);
#12699=ADVANCED_FACE('',(#12698),#12691,.T.);
#12700=FILL_AREA_STYLE_COLOUR('',#3);
#12701=FILL_AREA_STYLE('',(#12700));
#12702=SURFACE_STYLE_FILL_AREA(#12701);
#12703=SURFACE_SIDE_STYLE('',(#12702));
#12704=SURFACE_STYLE_USAGE(.POSITIVE.,#12703);
#12705=PRESENTATION_STYLE_ASSIGNMENT((#12704));
#12706=STYLED_ITEM('',(#12705),#12699);
#12707=CARTESIAN_POINT('',(-2.189602037060E0,-5.264E-1,0.E0));
#12708=DIRECTION('',(-1.E0,0.E0,0.E0));
#12709=DIRECTION('',(0.E0,1.E0,0.E0));
#12710=AXIS2_PLACEMENT_3D('',#12707,#12708,#12709);
#12711=PLANE('',#12710);
#12712=ORIENTED_EDGE('',*,*,#4728,.F.);
#12714=ORIENTED_EDGE('',*,*,#12713,.T.);
#12715=ORIENTED_EDGE('',*,*,#11731,.T.);
#12716=ORIENTED_EDGE('',*,*,#12693,.F.);
#12717=EDGE_LOOP('',(#12712,#12714,#12715,#12716));
#12718=FACE_OUTER_BOUND('',#12717,.F.);
#12719=ADVANCED_FACE('',(#12718),#12711,.T.);
#12720=FILL_AREA_STYLE_COLOUR('',#3);
#12721=FILL_AREA_STYLE('',(#12720));
#12722=SURFACE_STYLE_FILL_AREA(#12721);
#12723=SURFACE_SIDE_STYLE('',(#12722));
#12724=SURFACE_STYLE_USAGE(.POSITIVE.,#12723);
#12725=PRESENTATION_STYLE_ASSIGNMENT((#12724));
#12726=STYLED_ITEM('',(#12725),#12719);
#12727=CARTESIAN_POINT('',(-1.316227175879E0,-5.264E-1,0.E0));
#12728=DIRECTION('',(0.E0,-1.E0,0.E0));
#12729=DIRECTION('',(-1.E0,0.E0,0.E0));
#12730=AXIS2_PLACEMENT_3D('',#12727,#12728,#12729);
#12731=PLANE('',#12730);
#12732=ORIENTED_EDGE('',*,*,#4726,.F.);
#12734=ORIENTED_EDGE('',*,*,#12733,.T.);
#12735=ORIENTED_EDGE('',*,*,#11733,.T.);
#12736=ORIENTED_EDGE('',*,*,#12713,.F.);
#12737=EDGE_LOOP('',(#12732,#12734,#12735,#12736));
#12738=FACE_OUTER_BOUND('',#12737,.F.);
#12739=ADVANCED_FACE('',(#12738),#12731,.T.);
#12740=FILL_AREA_STYLE_COLOUR('',#3);
#12741=FILL_AREA_STYLE('',(#12740));
#12742=SURFACE_STYLE_FILL_AREA(#12741);
#12743=SURFACE_SIDE_STYLE('',(#12742));
#12744=SURFACE_STYLE_USAGE(.POSITIVE.,#12743);
#12745=PRESENTATION_STYLE_ASSIGNMENT((#12744));
#12746=STYLED_ITEM('',(#12745),#12739);
#12747=CARTESIAN_POINT('',(-1.316227175879E0,-3.777404432535E-1,0.E0));
#12748=DIRECTION('',(1.E0,0.E0,0.E0));
#12749=DIRECTION('',(0.E0,-1.E0,0.E0));
#12750=AXIS2_PLACEMENT_3D('',#12747,#12748,#12749);
#12751=PLANE('',#12750);
#12752=ORIENTED_EDGE('',*,*,#4724,.F.);
#12754=ORIENTED_EDGE('',*,*,#12753,.T.);
#12755=ORIENTED_EDGE('',*,*,#11735,.T.);
#12756=ORIENTED_EDGE('',*,*,#12733,.F.);
#12757=EDGE_LOOP('',(#12752,#12754,#12755,#12756));
#12758=FACE_OUTER_BOUND('',#12757,.F.);
#12759=ADVANCED_FACE('',(#12758),#12751,.T.);
#12760=FILL_AREA_STYLE_COLOUR('',#3);
#12761=FILL_AREA_STYLE('',(#12760));
#12762=SURFACE_STYLE_FILL_AREA(#12761);
#12763=SURFACE_SIDE_STYLE('',(#12762));
#12764=SURFACE_STYLE_USAGE(.POSITIVE.,#12763);
#12765=PRESENTATION_STYLE_ASSIGNMENT((#12764));
#12766=STYLED_ITEM('',(#12765),#12759);
#12767=CARTESIAN_POINT('',(-2.044039675879E0,-3.777404432535E-1,0.E0));
#12768=DIRECTION('',(0.E0,1.E0,0.E0));
#12769=DIRECTION('',(1.E0,0.E0,0.E0));
#12770=AXIS2_PLACEMENT_3D('',#12767,#12768,#12769);
#12771=PLANE('',#12770);
#12772=ORIENTED_EDGE('',*,*,#4722,.F.);
#12774=ORIENTED_EDGE('',*,*,#12773,.T.);
#12775=ORIENTED_EDGE('',*,*,#11737,.T.);
#12776=ORIENTED_EDGE('',*,*,#12753,.F.);
#12777=EDGE_LOOP('',(#12772,#12774,#12775,#12776));
#12778=FACE_OUTER_BOUND('',#12777,.F.);
#12779=ADVANCED_FACE('',(#12778),#12771,.T.);
#12780=FILL_AREA_STYLE_COLOUR('',#3);
#12781=FILL_AREA_STYLE('',(#12780));
#12782=SURFACE_STYLE_FILL_AREA(#12781);
#12783=SURFACE_SIDE_STYLE('',(#12782));
#12784=SURFACE_STYLE_USAGE(.POSITIVE.,#12783);
#12785=PRESENTATION_STYLE_ASSIGNMENT((#12784));
#12786=STYLED_ITEM('',(#12785),#12779);
#12787=CARTESIAN_POINT('',(-2.044039675879E0,-5.564466755986E-2,0.E0));
#12788=DIRECTION('',(1.E0,0.E0,0.E0));
#12789=DIRECTION('',(0.E0,-1.E0,0.E0));
#12790=AXIS2_PLACEMENT_3D('',#12787,#12788,#12789);
#12791=PLANE('',#12790);
#12792=ORIENTED_EDGE('',*,*,#4720,.F.);
#12794=ORIENTED_EDGE('',*,*,#12793,.T.);
#12795=ORIENTED_EDGE('',*,*,#11739,.T.);
#12796=ORIENTED_EDGE('',*,*,#12773,.F.);
#12797=EDGE_LOOP('',(#12792,#12794,#12795,#12796));
#12798=FACE_OUTER_BOUND('',#12797,.F.);
#12799=ADVANCED_FACE('',(#12798),#12791,.T.);
#12800=FILL_AREA_STYLE_COLOUR('',#3);
#12801=FILL_AREA_STYLE('',(#12800));
#12802=SURFACE_STYLE_FILL_AREA(#12801);
#12803=SURFACE_SIDE_STYLE('',(#12802));
#12804=SURFACE_STYLE_USAGE(.POSITIVE.,#12803);
#12805=PRESENTATION_STYLE_ASSIGNMENT((#12804));
#12806=STYLED_ITEM('',(#12805),#12799);
#12807=CARTESIAN_POINT('',(-1.41326875E0,-5.564466755986E-2,0.E0));
#12808=DIRECTION('',(0.E0,-1.E0,0.E0));
#12809=DIRECTION('',(-1.E0,0.E0,0.E0));
#12810=AXIS2_PLACEMENT_3D('',#12807,#12808,#12809);
#12811=PLANE('',#12810);
#12812=ORIENTED_EDGE('',*,*,#4718,.F.);
#12814=ORIENTED_EDGE('',*,*,#12813,.T.);
#12815=ORIENTED_EDGE('',*,*,#11741,.T.);
#12816=ORIENTED_EDGE('',*,*,#12793,.F.);
#12817=EDGE_LOOP('',(#12812,#12814,#12815,#12816));
#12818=FACE_OUTER_BOUND('',#12817,.F.);
#12819=ADVANCED_FACE('',(#12818),#12811,.T.);
#12820=FILL_AREA_STYLE_COLOUR('',#3);
#12821=FILL_AREA_STYLE('',(#12820));
#12822=SURFACE_STYLE_FILL_AREA(#12821);
#12823=SURFACE_SIDE_STYLE('',(#12822));
#12824=SURFACE_STYLE_USAGE(.POSITIVE.,#12823);
#12825=PRESENTATION_STYLE_ASSIGNMENT((#12824));
#12826=STYLED_ITEM('',(#12825),#12819);
#12827=CARTESIAN_POINT('',(-1.41326875E0,9.301488918662E-2,0.E0));
#12828=DIRECTION('',(1.E0,0.E0,0.E0));
#12829=DIRECTION('',(0.E0,-1.E0,0.E0));
#12830=AXIS2_PLACEMENT_3D('',#12827,#12828,#12829);
#12831=PLANE('',#12830);
#12832=ORIENTED_EDGE('',*,*,#4716,.F.);
#12834=ORIENTED_EDGE('',*,*,#12833,.T.);
#12835=ORIENTED_EDGE('',*,*,#11743,.T.);
#12836=ORIENTED_EDGE('',*,*,#12813,.F.);
#12837=EDGE_LOOP('',(#12832,#12834,#12835,#12836));
#12838=FACE_OUTER_BOUND('',#12837,.F.);
#12839=ADVANCED_FACE('',(#12838),#12831,.T.);
#12840=FILL_AREA_STYLE_COLOUR('',#3);
#12841=FILL_AREA_STYLE('',(#12840));
#12842=SURFACE_STYLE_FILL_AREA(#12841);
#12843=SURFACE_SIDE_STYLE('',(#12842));
#12844=SURFACE_STYLE_USAGE(.POSITIVE.,#12843);
#12845=PRESENTATION_STYLE_ASSIGNMENT((#12844));
#12846=STYLED_ITEM('',(#12845),#12839);
#12847=CARTESIAN_POINT('',(-2.044039675879E0,9.301488918662E-2,0.E0));
#12848=DIRECTION('',(0.E0,1.E0,0.E0));
#12849=DIRECTION('',(1.E0,0.E0,0.E0));
#12850=AXIS2_PLACEMENT_3D('',#12847,#12848,#12849);
#12851=PLANE('',#12850);
#12852=ORIENTED_EDGE('',*,*,#4714,.F.);
#12854=ORIENTED_EDGE('',*,*,#12853,.T.);
#12855=ORIENTED_EDGE('',*,*,#11745,.T.);
#12856=ORIENTED_EDGE('',*,*,#12833,.F.);
#12857=EDGE_LOOP('',(#12852,#12854,#12855,#12856));
#12858=FACE_OUTER_BOUND('',#12857,.F.);
#12859=ADVANCED_FACE('',(#12858),#12851,.T.);
#12860=FILL_AREA_STYLE_COLOUR('',#3);
#12861=FILL_AREA_STYLE('',(#12860));
#12862=SURFACE_STYLE_FILL_AREA(#12861);
#12863=SURFACE_SIDE_STYLE('',(#12862));
#12864=SURFACE_STYLE_USAGE(.POSITIVE.,#12863);
#12865=PRESENTATION_STYLE_ASSIGNMENT((#12864));
#12866=STYLED_ITEM('',(#12865),#12859);
#12867=CARTESIAN_POINT('',(-2.044039675879E0,4.894404259011E-1,0.E0));
#12868=DIRECTION('',(1.E0,0.E0,0.E0));
#12869=DIRECTION('',(0.E0,-1.E0,0.E0));
#12870=AXIS2_PLACEMENT_3D('',#12867,#12868,#12869);
#12871=PLANE('',#12870);
#12872=ORIENTED_EDGE('',*,*,#4712,.F.);
#12873=ORIENTED_EDGE('',*,*,#12655,.T.);
#12874=ORIENTED_EDGE('',*,*,#11747,.T.);
#12875=ORIENTED_EDGE('',*,*,#12853,.F.);
#12876=EDGE_LOOP('',(#12872,#12873,#12874,#12875));
#12877=FACE_OUTER_BOUND('',#12876,.F.);
#12878=ADVANCED_FACE('',(#12877),#12871,.T.);
#12879=FILL_AREA_STYLE_COLOUR('',#3);
#12880=FILL_AREA_STYLE('',(#12879));
#12881=SURFACE_STYLE_FILL_AREA(#12880);
#12882=SURFACE_SIDE_STYLE('',(#12881));
#12883=SURFACE_STYLE_USAGE(.POSITIVE.,#12882);
#12884=PRESENTATION_STYLE_ASSIGNMENT((#12883));
#12885=STYLED_ITEM('',(#12884),#12878);
#12886=CARTESIAN_POINT('',(-5.3989375E-1,-5.264E-1,0.E0));
#12887=DIRECTION('',(0.E0,-1.E0,0.E0));
#12888=DIRECTION('',(-1.E0,0.E0,0.E0));
#12889=AXIS2_PLACEMENT_3D('',#12886,#12887,#12888);
#12890=PLANE('',#12889);
#12891=ORIENTED_EDGE('',*,*,#4736,.F.);
#12893=ORIENTED_EDGE('',*,*,#12892,.T.);
#12894=ORIENTED_EDGE('',*,*,#11764,.T.);
#12896=ORIENTED_EDGE('',*,*,#12895,.F.);
#12897=EDGE_LOOP('',(#12891,#12893,#12894,#12896));
#12898=FACE_OUTER_BOUND('',#12897,.F.);
#12899=ADVANCED_FACE('',(#12898),#12890,.T.);
#12900=FILL_AREA_STYLE_COLOUR('',#3);
#12901=FILL_AREA_STYLE('',(#12900));
#12902=SURFACE_STYLE_FILL_AREA(#12901);
#12903=SURFACE_SIDE_STYLE('',(#12902));
#12904=SURFACE_STYLE_USAGE(.POSITIVE.,#12903);
#12905=PRESENTATION_STYLE_ASSIGNMENT((#12904));
#12906=STYLED_ITEM('',(#12905),#12899);
#12907=CARTESIAN_POINT('',(-4.185915741205E-1,-5.016234072089E-1,0.E0));
#12908=DIRECTION('',(2.001232084928E-1,-9.797707392153E-1,0.E0));
#12909=DIRECTION('',(-9.797707392153E-1,-2.001232084928E-1,0.E0));
#12910=AXIS2_PLACEMENT_3D('',#12907,#12908,#12909);
#12911=PLANE('',#12910);
#12912=ORIENTED_EDGE('',*,*,#4762,.F.);
#12914=ORIENTED_EDGE('',*,*,#12913,.T.);
#12915=ORIENTED_EDGE('',*,*,#11766,.T.);
#12916=ORIENTED_EDGE('',*,*,#12892,.F.);
#12917=EDGE_LOOP('',(#12912,#12914,#12915,#12916));
#12918=FACE_OUTER_BOUND('',#12917,.F.);
#12919=ADVANCED_FACE('',(#12918),#12911,.T.);
#12920=FILL_AREA_STYLE_COLOUR('',#3);
#12921=FILL_AREA_STYLE('',(#12920));
#12922=SURFACE_STYLE_FILL_AREA(#12921);
#12923=SURFACE_SIDE_STYLE('',(#12922));
#12924=SURFACE_STYLE_USAGE(.POSITIVE.,#12923);
#12925=PRESENTATION_STYLE_ASSIGNMENT((#12924));
#12926=STYLED_ITEM('',(#12925),#12919);
#12927=CARTESIAN_POINT('',(-3.2155E-1,-4.520702216268E-1,0.E0));
#12928=DIRECTION('',(4.547774575564E-1,-8.906051112017E-1,0.E0));
#12929=DIRECTION('',(-8.906051112017E-1,-4.547774575564E-1,0.E0));
#12930=AXIS2_PLACEMENT_3D('',#12927,#12928,#12929);
#12931=PLANE('',#12930);
#12932=ORIENTED_EDGE('',*,*,#4760,.F.);
#12934=ORIENTED_EDGE('',*,*,#12933,.T.);
#12935=ORIENTED_EDGE('',*,*,#11768,.T.);
#12936=ORIENTED_EDGE('',*,*,#12913,.F.);
#12937=EDGE_LOOP('',(#12932,#12934,#12935,#12936));
#12938=FACE_OUTER_BOUND('',#12937,.F.);
#12939=ADVANCED_FACE('',(#12938),#12931,.T.);
#12940=FILL_AREA_STYLE_COLOUR('',#3);
#12941=FILL_AREA_STYLE('',(#12940));
#12942=SURFACE_STYLE_FILL_AREA(#12941);
#12943=SURFACE_SIDE_STYLE('',(#12942));
#12944=SURFACE_STYLE_USAGE(.POSITIVE.,#12943);
#12945=PRESENTATION_STYLE_ASSIGNMENT((#12944));
#12946=STYLED_ITEM('',(#12945),#12939);
#12947=CARTESIAN_POINT('',(-2.245084258795E-1,-3.529638504624E-1,0.E0));
#12948=DIRECTION('',(7.145107183351E-1,-6.996244945571E-1,0.E0));
#12949=DIRECTION('',(-6.996244945571E-1,-7.145107183351E-1,0.E0));
#12950=AXIS2_PLACEMENT_3D('',#12947,#12948,#12949);
#12951=PLANE('',#12950);
#12952=ORIENTED_EDGE('',*,*,#4758,.F.);
#12954=ORIENTED_EDGE('',*,*,#12953,.T.);
#12955=ORIENTED_EDGE('',*,*,#11770,.T.);
#12956=ORIENTED_EDGE('',*,*,#12933,.F.);
#12957=EDGE_LOOP('',(#12952,#12954,#12955,#12956));
#12958=FACE_OUTER_BOUND('',#12957,.F.);
#12959=ADVANCED_FACE('',(#12958),#12951,.T.);
#12960=FILL_AREA_STYLE_COLOUR('',#3);
#12961=FILL_AREA_STYLE('',(#12960));
#12962=SURFACE_STYLE_FILL_AREA(#12961);
#12963=SURFACE_SIDE_STYLE('',(#12962));
#12964=SURFACE_STYLE_USAGE(.POSITIVE.,#12963);
#12965=PRESENTATION_STYLE_ASSIGNMENT((#12964));
#12966=STYLED_ITEM('',(#12965),#12959);
#12967=CARTESIAN_POINT('',(-1.759875E-1,-2.538574792981E-1,0.E0));
#12968=DIRECTION('',(8.981377659536E-1,-4.397141723527E-1,0.E0));
#12969=DIRECTION('',(-4.397141723527E-1,-8.981377659536E-1,0.E0));
#12970=AXIS2_PLACEMENT_3D('',#12967,#12968,#12969);
#12971=PLANE('',#12970);
#12972=ORIENTED_EDGE('',*,*,#4756,.F.);
#12974=ORIENTED_EDGE('',*,*,#12973,.T.);
#12975=ORIENTED_EDGE('',*,*,#11772,.T.);
#12976=ORIENTED_EDGE('',*,*,#12953,.F.);
#12977=EDGE_LOOP('',(#12972,#12974,#12975,#12976));
#12978=FACE_OUTER_BOUND('',#12977,.F.);
#12979=ADVANCED_FACE('',(#12978),#12971,.T.);
#12980=FILL_AREA_STYLE_COLOUR('',#3);
#12981=FILL_AREA_STYLE('',(#12980));
#12982=SURFACE_STYLE_FILL_AREA(#12981);
#12983=SURFACE_SIDE_STYLE('',(#12982));
#12984=SURFACE_STYLE_USAGE(.POSITIVE.,#12983);
#12985=PRESENTATION_STYLE_ASSIGNMENT((#12984));
#12986=STYLED_ITEM('',(#12985),#12979);
#12987=CARTESIAN_POINT('',(-1.517271758795E-1,-1.299744459331E-1,0.E0));
#12988=DIRECTION('',(9.813592930674E-1,-1.921820436730E-1,0.E0));
#12989=DIRECTION('',(-1.921820436730E-1,-9.813592930674E-1,0.E0));
#12990=AXIS2_PLACEMENT_3D('',#12987,#12988,#12989);
#12991=PLANE('',#12990);
#12992=ORIENTED_EDGE('',*,*,#4754,.F.);
#12994=ORIENTED_EDGE('',*,*,#12993,.T.);
#12995=ORIENTED_EDGE('',*,*,#11774,.T.);
#12996=ORIENTED_EDGE('',*,*,#12973,.F.);
#12997=EDGE_LOOP('',(#12992,#12994,#12995,#12996));
#12998=FACE_OUTER_BOUND('',#12997,.F.);
#12999=ADVANCED_FACE('',(#12998),#12991,.T.);
#13000=FILL_AREA_STYLE_COLOUR('',#3);
#13001=FILL_AREA_STYLE('',(#13000));
#13002=SURFACE_STYLE_FILL_AREA(#13001);
#13003=SURFACE_SIDE_STYLE('',(#13002));
#13004=SURFACE_STYLE_USAGE(.POSITIVE.,#13003);
#13005=PRESENTATION_STYLE_ASSIGNMENT((#13004));
#13006=STYLED_ITEM('',(#13005),#12999);
#13007=CARTESIAN_POINT('',(-1.517271758795E-1,2.416744806379E-1,0.E0));
#13008=DIRECTION('',(1.E0,0.E0,0.E0));
#13009=DIRECTION('',(0.E0,-1.E0,0.E0));
#13010=AXIS2_PLACEMENT_3D('',#13007,#13008,#13009);
#13011=PLANE('',#13010);
#13012=ORIENTED_EDGE('',*,*,#4752,.F.);
#13014=ORIENTED_EDGE('',*,*,#13013,.T.);
#13015=ORIENTED_EDGE('',*,*,#11776,.T.);
#13016=ORIENTED_EDGE('',*,*,#12993,.F.);
#13017=EDGE_LOOP('',(#13012,#13014,#13015,#13016));
#13018=FACE_OUTER_BOUND('',#13017,.F.);
#13019=ADVANCED_FACE('',(#13018),#13011,.T.);
#13020=FILL_AREA_STYLE_COLOUR('',#3);
#13021=FILL_AREA_STYLE('',(#13020));
#13022=SURFACE_STYLE_FILL_AREA(#13021);
#13023=SURFACE_SIDE_STYLE('',(#13022));
#13024=SURFACE_STYLE_USAGE(.POSITIVE.,#13023);
#13025=PRESENTATION_STYLE_ASSIGNMENT((#13024));
#13026=STYLED_ITEM('',(#13025),#13019);
#13027=CARTESIAN_POINT('',(-1.759875E-1,3.655574445933E-1,0.E0));
#13028=DIRECTION('',(9.813592727596E-1,1.921821473726E-1,0.E0));
#13029=DIRECTION('',(1.921821473726E-1,-9.813592727596E-1,0.E0));
#13030=AXIS2_PLACEMENT_3D('',#13027,#13028,#13029);
#13031=PLANE('',#13030);
#13032=ORIENTED_EDGE('',*,*,#4750,.F.);
#13034=ORIENTED_EDGE('',*,*,#13033,.T.);
#13035=ORIENTED_EDGE('',*,*,#11778,.T.);
#13036=ORIENTED_EDGE('',*,*,#13013,.F.);
#13037=EDGE_LOOP('',(#13032,#13034,#13035,#13036));
#13038=FACE_OUTER_BOUND('',#13037,.F.);
#13039=ADVANCED_FACE('',(#13038),#13031,.T.);
#13040=FILL_AREA_STYLE_COLOUR('',#3);
#13041=FILL_AREA_STYLE('',(#13040));
#13042=SURFACE_STYLE_FILL_AREA(#13041);
#13043=SURFACE_SIDE_STYLE('',(#13042));
#13044=SURFACE_STYLE_USAGE(.POSITIVE.,#13043);
#13045=PRESENTATION_STYLE_ASSIGNMENT((#13044));
#13046=STYLED_ITEM('',(#13045),#13039);
#13047=CARTESIAN_POINT('',(-2.245084258795E-1,4.646638331100E-1,0.E0));
#13048=DIRECTION('',(8.981377963584E-1,4.397141102494E-1,0.E0));
#13049=DIRECTION('',(4.397141102494E-1,-8.981377963584E-1,0.E0));
#13050=AXIS2_PLACEMENT_3D('',#13047,#13048,#13049);
#13051=PLANE('',#13050);
#13052=ORIENTED_EDGE('',*,*,#4748,.F.);
#13054=ORIENTED_EDGE('',*,*,#13053,.T.);
#13055=ORIENTED_EDGE('',*,*,#11780,.T.);
#13056=ORIENTED_EDGE('',*,*,#13033,.F.);
#13057=EDGE_LOOP('',(#13052,#13054,#13055,#13056));
#13058=FACE_OUTER_BOUND('',#13057,.F.);
#13059=ADVANCED_FACE('',(#13058),#13051,.T.);
#13060=FILL_AREA_STYLE_COLOUR('',#3);
#13061=FILL_AREA_STYLE('',(#13060));
#13062=SURFACE_STYLE_FILL_AREA(#13061);
#13063=SURFACE_SIDE_STYLE('',(#13062));
#13064=SURFACE_STYLE_USAGE(.POSITIVE.,#13063);
#13065=PRESENTATION_STYLE_ASSIGNMENT((#13064));
#13066=STYLED_ITEM('',(#13065),#13059);
#13067=CARTESIAN_POINT('',(-3.2155E-1,5.637702129506E-1,0.E0));
#13068=DIRECTION('',(7.145107489524E-1,6.996244632883E-1,0.E0));
#13069=DIRECTION('',(6.996244632883E-1,-7.145107489524E-1,0.E0));
#13070=AXIS2_PLACEMENT_3D('',#13067,#13068,#13069);
#13071=PLANE('',#13070);
#13072=ORIENTED_EDGE('',*,*,#4746,.F.);
#13074=ORIENTED_EDGE('',*,*,#13073,.T.);
#13075=ORIENTED_EDGE('',*,*,#11782,.T.);
#13076=ORIENTED_EDGE('',*,*,#13053,.F.);
#13077=EDGE_LOOP('',(#13072,#13074,#13075,#13076));
#13078=FACE_OUTER_BOUND('',#13077,.F.);
#13079=ADVANCED_FACE('',(#13078),#13071,.T.);
#13080=FILL_AREA_STYLE_COLOUR('',#3);
#13081=FILL_AREA_STYLE('',(#13080));
#13082=SURFACE_STYLE_FILL_AREA(#13081);
#13083=SURFACE_SIDE_STYLE('',(#13082));
#13084=SURFACE_STYLE_USAGE(.POSITIVE.,#13083);
#13085=PRESENTATION_STYLE_ASSIGNMENT((#13084));
#13086=STYLED_ITEM('',(#13085),#13079);
#13087=CARTESIAN_POINT('',(-4.185915741205E-1,6.133234050399E-1,0.E0));
#13088=DIRECTION('',(4.547775049247E-1,8.906050870136E-1,0.E0));
#13089=DIRECTION('',(8.906050870136E-1,-4.547775049247E-1,0.E0));
#13090=AXIS2_PLACEMENT_3D('',#13087,#13088,#13089);
#13091=PLANE('',#13090);
#13092=ORIENTED_EDGE('',*,*,#4744,.F.);
#13094=ORIENTED_EDGE('',*,*,#13093,.T.);
#13095=ORIENTED_EDGE('',*,*,#11784,.T.);
#13096=ORIENTED_EDGE('',*,*,#13073,.F.);
#13097=EDGE_LOOP('',(#13092,#13094,#13095,#13096));
#13098=FACE_OUTER_BOUND('',#13097,.F.);
#13099=ADVANCED_FACE('',(#13098),#13091,.T.);
#13100=FILL_AREA_STYLE_COLOUR('',#3);
#13101=FILL_AREA_STYLE('',(#13100));
#13102=SURFACE_STYLE_FILL_AREA(#13101);
#13103=SURFACE_SIDE_STYLE('',(#13102));
#13104=SURFACE_STYLE_USAGE(.POSITIVE.,#13103);
#13105=PRESENTATION_STYLE_ASSIGNMENT((#13104));
#13106=STYLED_ITEM('',(#13105),#13099);
#13107=CARTESIAN_POINT('',(-5.3989375E-1,6.381E-1,0.E0));
#13108=DIRECTION('',(2.001232253108E-1,9.797707357802E-1,0.E0));
#13109=DIRECTION('',(9.797707357802E-1,-2.001232253108E-1,0.E0));
#13110=AXIS2_PLACEMENT_3D('',#13107,#13108,#13109);
#13111=PLANE('',#13110);
#13112=ORIENTED_EDGE('',*,*,#4742,.F.);
#13114=ORIENTED_EDGE('',*,*,#13113,.T.);
#13115=ORIENTED_EDGE('',*,*,#11786,.T.);
#13116=ORIENTED_EDGE('',*,*,#13093,.F.);
#13117=EDGE_LOOP('',(#13112,#13114,#13115,#13116));
#13118=FACE_OUTER_BOUND('',#13117,.F.);
#13119=ADVANCED_FACE('',(#13118),#13111,.T.);
#13120=FILL_AREA_STYLE_COLOUR('',#3);
#13121=FILL_AREA_STYLE('',(#13120));
#13122=SURFACE_STYLE_FILL_AREA(#13121);
#13123=SURFACE_SIDE_STYLE('',(#13122));
#13124=SURFACE_STYLE_USAGE(.POSITIVE.,#13123);
#13125=PRESENTATION_STYLE_ASSIGNMENT((#13124));
#13126=STYLED_ITEM('',(#13125),#13119);
#13127=CARTESIAN_POINT('',(-1.12214375E0,6.381E-1,0.E0));
#13128=DIRECTION('',(0.E0,1.E0,0.E0));
#13129=DIRECTION('',(1.E0,0.E0,0.E0));
#13130=AXIS2_PLACEMENT_3D('',#13127,#13128,#13129);
#13131=PLANE('',#13130);
#13132=ORIENTED_EDGE('',*,*,#4740,.F.);
#13134=ORIENTED_EDGE('',*,*,#13133,.T.);
#13135=ORIENTED_EDGE('',*,*,#11788,.T.);
#13136=ORIENTED_EDGE('',*,*,#13113,.F.);
#13137=EDGE_LOOP('',(#13132,#13134,#13135,#13136));
#13138=FACE_OUTER_BOUND('',#13137,.F.);
#13139=ADVANCED_FACE('',(#13138),#13131,.T.);
#13140=FILL_AREA_STYLE_COLOUR('',#3);
#13141=FILL_AREA_STYLE('',(#13140));
#13142=SURFACE_STYLE_FILL_AREA(#13141);
#13143=SURFACE_SIDE_STYLE('',(#13142));
#13144=SURFACE_STYLE_USAGE(.POSITIVE.,#13143);
#13145=PRESENTATION_STYLE_ASSIGNMENT((#13144));
#13146=STYLED_ITEM('',(#13145),#13139);
#13147=CARTESIAN_POINT('',(-1.12214375E0,-5.264E-1,0.E0));
#13148=DIRECTION('',(-1.E0,0.E0,0.E0));
#13149=DIRECTION('',(0.E0,1.E0,0.E0));
#13150=AXIS2_PLACEMENT_3D('',#13147,#13148,#13149);
#13151=PLANE('',#13150);
#13152=ORIENTED_EDGE('',*,*,#4738,.F.);
#13153=ORIENTED_EDGE('',*,*,#12895,.T.);
#13154=ORIENTED_EDGE('',*,*,#11790,.T.);
#13155=ORIENTED_EDGE('',*,*,#13133,.F.);
#13156=EDGE_LOOP('',(#13152,#13153,#13154,#13155));
#13157=FACE_OUTER_BOUND('',#13156,.F.);
#13158=ADVANCED_FACE('',(#13157),#13151,.T.);
#13159=FILL_AREA_STYLE_COLOUR('',#3);
#13160=FILL_AREA_STYLE('',(#13159));
#13161=SURFACE_STYLE_FILL_AREA(#13160);
#13162=SURFACE_SIDE_STYLE('',(#13161));
#13163=SURFACE_STYLE_USAGE(.POSITIVE.,#13162);
#13164=PRESENTATION_STYLE_ASSIGNMENT((#13163));
#13165=STYLED_ITEM('',(#13164),#13158);
#13166=CARTESIAN_POINT('',(-9.7658125E-1,-3.777404432535E-1,0.E0));
#13167=DIRECTION('',(0.E0,1.E0,0.E0));
#13168=DIRECTION('',(1.E0,0.E0,0.E0));
#13169=AXIS2_PLACEMENT_3D('',#13166,#13167,#13168);
#13170=PLANE('',#13169);
#13171=ORIENTED_EDGE('',*,*,#4797,.F.);
#13173=ORIENTED_EDGE('',*,*,#13172,.T.);
#13174=ORIENTED_EDGE('',*,*,#11794,.T.);
#13176=ORIENTED_EDGE('',*,*,#13175,.F.);
#13177=EDGE_LOOP('',(#13171,#13173,#13174,#13176));
#13178=FACE_OUTER_BOUND('',#13177,.F.);
#13179=ADVANCED_FACE('',(#13178),#13170,.T.);
#13180=FILL_AREA_STYLE_COLOUR('',#3);
#13181=FILL_AREA_STYLE('',(#13180));
#13182=SURFACE_STYLE_FILL_AREA(#13181);
#13183=SURFACE_SIDE_STYLE('',(#13182));
#13184=SURFACE_STYLE_USAGE(.POSITIVE.,#13183);
#13185=PRESENTATION_STYLE_ASSIGNMENT((#13184));
#13186=STYLED_ITEM('',(#13185),#13179);
#13187=CARTESIAN_POINT('',(-9.7658125E-1,4.894404259011E-1,0.E0));
#13188=DIRECTION('',(1.E0,0.E0,0.E0));
#13189=DIRECTION('',(0.E0,-1.E0,0.E0));
#13190=AXIS2_PLACEMENT_3D('',#13187,#13188,#13189);
#13191=PLANE('',#13190);
#13192=ORIENTED_EDGE('',*,*,#4819,.F.);
#13194=ORIENTED_EDGE('',*,*,#13193,.T.);
#13195=ORIENTED_EDGE('',*,*,#11796,.T.);
#13196=ORIENTED_EDGE('',*,*,#13172,.F.);
#13197=EDGE_LOOP('',(#13192,#13194,#13195,#13196));
#13198=FACE_OUTER_BOUND('',#13197,.F.);
#13199=ADVANCED_FACE('',(#13198),#13191,.T.);
#13200=FILL_AREA_STYLE_COLOUR('',#3);
#13201=FILL_AREA_STYLE('',(#13200));
#13202=SURFACE_STYLE_FILL_AREA(#13201);
#13203=SURFACE_SIDE_STYLE('',(#13202));
#13204=SURFACE_STYLE_USAGE(.POSITIVE.,#13203);
#13205=PRESENTATION_STYLE_ASSIGNMENT((#13204));
#13206=STYLED_ITEM('',(#13205),#13199);
#13207=CARTESIAN_POINT('',(-5.3989375E-1,4.894404259011E-1,0.E0));
#13208=DIRECTION('',(0.E0,-1.E0,0.E0));
#13209=DIRECTION('',(-1.E0,0.E0,0.E0));
#13210=AXIS2_PLACEMENT_3D('',#13207,#13208,#13209);
#13211=PLANE('',#13210);
#13212=ORIENTED_EDGE('',*,*,#4817,.F.);
#13214=ORIENTED_EDGE('',*,*,#13213,.T.);
#13215=ORIENTED_EDGE('',*,*,#11798,.T.);
#13216=ORIENTED_EDGE('',*,*,#13193,.F.);
#13217=EDGE_LOOP('',(#13212,#13214,#13215,#13216));
#13218=FACE_OUTER_BOUND('',#13217,.F.);
#13219=ADVANCED_FACE('',(#13218),#13211,.T.);
#13220=FILL_AREA_STYLE_COLOUR('',#3);
#13221=FILL_AREA_STYLE('',(#13220));
#13222=SURFACE_STYLE_FILL_AREA(#13221);
#13223=SURFACE_SIDE_STYLE('',(#13222));
#13224=SURFACE_STYLE_USAGE(.POSITIVE.,#13223);
#13225=PRESENTATION_STYLE_ASSIGNMENT((#13224));
#13226=STYLED_ITEM('',(#13225),#13219);
#13227=CARTESIAN_POINT('',(-4.428521758795E-1,4.646638331100E-1,0.E0));
#13228=DIRECTION('',(-2.473834390653E-1,-9.689176611437E-1,0.E0));
#13229=DIRECTION('',(-9.689176611437E-1,2.473834390653E-1,0.E0));
#13230=AXIS2_PLACEMENT_3D('',#13227,#13228,#13229);
#13231=PLANE('',#13230);
#13232=ORIENTED_EDGE('',*,*,#4815,.F.);
#13234=ORIENTED_EDGE('',*,*,#13233,.T.);
#13235=ORIENTED_EDGE('',*,*,#11800,.T.);
#13236=ORIENTED_EDGE('',*,*,#13213,.F.);
#13237=EDGE_LOOP('',(#13232,#13234,#13235,#13236));
#13238=FACE_OUTER_BOUND('',#13237,.F.);
#13239=ADVANCED_FACE('',(#13238),#13231,.T.);
#13240=FILL_AREA_STYLE_COLOUR('',#3);
#13241=FILL_AREA_STYLE('',(#13240));
#13242=SURFACE_STYLE_FILL_AREA(#13241);
#13243=SURFACE_SIDE_STYLE('',(#13242));
#13244=SURFACE_STYLE_USAGE(.POSITIVE.,#13243);
#13245=PRESENTATION_STYLE_ASSIGNMENT((#13244));
#13246=STYLED_ITEM('',(#13245),#13239);
#13247=CARTESIAN_POINT('',(-3.700709258795E-1,4.151106301755E-1,0.E0));
#13248=DIRECTION('',(-5.627910658976E-1,-8.265991871191E-1,0.E0));
#13249=DIRECTION('',(-8.265991871191E-1,5.627910658976E-1,0.E0));
#13250=AXIS2_PLACEMENT_3D('',#13247,#13248,#13249);
#13251=PLANE('',#13250);
#13252=ORIENTED_EDGE('',*,*,#4813,.F.);
#13254=ORIENTED_EDGE('',*,*,#13253,.T.);
#13255=ORIENTED_EDGE('',*,*,#11802,.T.);
#13256=ORIENTED_EDGE('',*,*,#13233,.F.);
#13257=EDGE_LOOP('',(#13252,#13254,#13255,#13256));
#13258=FACE_OUTER_BOUND('',#13257,.F.);
#13259=ADVANCED_FACE('',(#13258),#13251,.T.);
#13260=FILL_AREA_STYLE_COLOUR('',#3);
#13261=FILL_AREA_STYLE('',(#13260));
#13262=SURFACE_STYLE_FILL_AREA(#13261);
#13263=SURFACE_SIDE_STYLE('',(#13262));
#13264=SURFACE_STYLE_USAGE(.POSITIVE.,#13263);
#13265=PRESENTATION_STYLE_ASSIGNMENT((#13264));
#13266=STYLED_ITEM('',(#13265),#13259);
#13267=CARTESIAN_POINT('',(-3.2155E-1,3.407808518022E-1,0.E0));
#13268=DIRECTION('',(-8.373786433120E-1,-5.466232777014E-1,0.E0));
#13269=DIRECTION('',(-5.466232777014E-1,8.373786433120E-1,0.E0));
#13270=AXIS2_PLACEMENT_3D('',#13267,#13268,#13269);
#13271=PLANE('',#13270);
#13272=ORIENTED_EDGE('',*,*,#4811,.F.);
#13274=ORIENTED_EDGE('',*,*,#13273,.T.);
#13275=ORIENTED_EDGE('',*,*,#11804,.T.);
#13276=ORIENTED_EDGE('',*,*,#13253,.F.);
#13277=EDGE_LOOP('',(#13272,#13274,#13275,#13276));
#13278=FACE_OUTER_BOUND('',#13277,.F.);
#13279=ADVANCED_FACE('',(#13278),#13271,.T.);
#13280=FILL_AREA_STYLE_COLOUR('',#3);
#13281=FILL_AREA_STYLE('',(#13280));
#13282=SURFACE_STYLE_FILL_AREA(#13281);
#13283=SURFACE_SIDE_STYLE('',(#13282));
#13284=SURFACE_STYLE_USAGE(.POSITIVE.,#13283);
#13285=PRESENTATION_STYLE_ASSIGNMENT((#13284));
#13286=STYLED_ITEM('',(#13285),#13279);
#13287=CARTESIAN_POINT('',(-2.972896758795E-1,2.416744806379E-1,0.E0));
#13288=DIRECTION('',(-9.713213633444E-1,-2.377704967206E-1,0.E0));
#13289=DIRECTION('',(-2.377704967206E-1,9.713213633444E-1,0.E0));
#13290=AXIS2_PLACEMENT_3D('',#13287,#13288,#13289);
#13291=PLANE('',#13290);
#13292=ORIENTED_EDGE('',*,*,#4809,.F.);
#13294=ORIENTED_EDGE('',*,*,#13293,.T.);
#13295=ORIENTED_EDGE('',*,*,#11806,.T.);
#13296=ORIENTED_EDGE('',*,*,#13273,.F.);
#13297=EDGE_LOOP('',(#13292,#13294,#13295,#13296));
#13298=FACE_OUTER_BOUND('',#13297,.F.);
#13299=ADVANCED_FACE('',(#13298),#13291,.T.);
#13300=FILL_AREA_STYLE_COLOUR('',#3);
#13301=FILL_AREA_STYLE('',(#13300));
#13302=SURFACE_STYLE_FILL_AREA(#13301);
#13303=SURFACE_SIDE_STYLE('',(#13302));
#13304=SURFACE_STYLE_USAGE(.POSITIVE.,#13303);
#13305=PRESENTATION_STYLE_ASSIGNMENT((#13304));
#13306=STYLED_ITEM('',(#13305),#13299);
#13307=CARTESIAN_POINT('',(-2.972896758795E-1,-1.299744459331E-1,0.E0));
#13308=DIRECTION('',(-1.E0,0.E0,0.E0));
#13309=DIRECTION('',(0.E0,1.E0,0.E0));
#13310=AXIS2_PLACEMENT_3D('',#13307,#13308,#13309);
#13311=PLANE('',#13310);
#13312=ORIENTED_EDGE('',*,*,#4807,.F.);
#13314=ORIENTED_EDGE('',*,*,#13313,.T.);
#13315=ORIENTED_EDGE('',*,*,#11808,.T.);
#13316=ORIENTED_EDGE('',*,*,#13293,.F.);
#13317=EDGE_LOOP('',(#13312,#13314,#13315,#13316));
#13318=FACE_OUTER_BOUND('',#13317,.F.);
#13319=ADVANCED_FACE('',(#13318),#13311,.T.);
#13320=FILL_AREA_STYLE_COLOUR('',#3);
#13321=FILL_AREA_STYLE('',(#13320));
#13322=SURFACE_STYLE_FILL_AREA(#13321);
#13323=SURFACE_SIDE_STYLE('',(#13322));
#13324=SURFACE_STYLE_USAGE(.POSITIVE.,#13323);
#13325=PRESENTATION_STYLE_ASSIGNMENT((#13324));
#13326=STYLED_ITEM('',(#13325),#13319);
#13327=CARTESIAN_POINT('',(-3.2155E-1,-2.290808170974E-1,0.E0));
#13328=DIRECTION('',(-9.713213633444E-1,2.377704967206E-1,0.E0));
#13329=DIRECTION('',(2.377704967206E-1,9.713213633444E-1,0.E0));
#13330=AXIS2_PLACEMENT_3D('',#13327,#13328,#13329);
#13331=PLANE('',#13330);
#13332=ORIENTED_EDGE('',*,*,#4805,.F.);
#13334=ORIENTED_EDGE('',*,*,#13333,.T.);
#13335=ORIENTED_EDGE('',*,*,#11810,.T.);
#13336=ORIENTED_EDGE('',*,*,#13313,.F.);
#13337=EDGE_LOOP('',(#13332,#13334,#13335,#13336));
#13338=FACE_OUTER_BOUND('',#13337,.F.);
#13339=ADVANCED_FACE('',(#13338),#13331,.T.);
#13340=FILL_AREA_STYLE_COLOUR('',#3);
#13341=FILL_AREA_STYLE('',(#13340));
#13342=SURFACE_STYLE_FILL_AREA(#13341);
#13343=SURFACE_SIDE_STYLE('',(#13342));
#13344=SURFACE_STYLE_USAGE(.POSITIVE.,#13343);
#13345=PRESENTATION_STYLE_ASSIGNMENT((#13344));
#13346=STYLED_ITEM('',(#13345),#13339);
#13347=CARTESIAN_POINT('',(-3.700709258795E-1,-3.034106648803E-1,0.E0));
#13348=DIRECTION('',(-8.373788769559E-1,5.466229197794E-1,0.E0));
#13349=DIRECTION('',(5.466229197794E-1,8.373788769559E-1,0.E0));
#13350=AXIS2_PLACEMENT_3D('',#13347,#13348,#13349);
#13351=PLANE('',#13350);
#13352=ORIENTED_EDGE('',*,*,#4803,.F.);
#13354=ORIENTED_EDGE('',*,*,#13353,.T.);
#13355=ORIENTED_EDGE('',*,*,#11812,.T.);
#13356=ORIENTED_EDGE('',*,*,#13333,.F.);
#13357=EDGE_LOOP('',(#13352,#13354,#13355,#13356));
#13358=FACE_OUTER_BOUND('',#13357,.F.);
#13359=ADVANCED_FACE('',(#13358),#13351,.T.);
#13360=FILL_AREA_STYLE_COLOUR('',#3);
#13361=FILL_AREA_STYLE('',(#13360));
#13362=SURFACE_STYLE_FILL_AREA(#13361);
#13363=SURFACE_SIDE_STYLE('',(#13362));
#13364=SURFACE_STYLE_USAGE(.POSITIVE.,#13363);
#13365=PRESENTATION_STYLE_ASSIGNMENT((#13364));
#13366=STYLED_ITEM('',(#13365),#13359);
#13367=CARTESIAN_POINT('',(-4.428521758795E-1,-3.529638504624E-1,0.E0));
#13368=DIRECTION('',(-5.627909312417E-1,8.265992787996E-1,0.E0));
#13369=DIRECTION('',(8.265992787996E-1,5.627909312417E-1,0.E0));
#13370=AXIS2_PLACEMENT_3D('',#13367,#13368,#13369);
#13371=PLANE('',#13370);
#13372=ORIENTED_EDGE('',*,*,#4801,.F.);
#13374=ORIENTED_EDGE('',*,*,#13373,.T.);
#13375=ORIENTED_EDGE('',*,*,#11814,.T.);
#13376=ORIENTED_EDGE('',*,*,#13353,.F.);
#13377=EDGE_LOOP('',(#13372,#13374,#13375,#13376));
#13378=FACE_OUTER_BOUND('',#13377,.F.);
#13379=ADVANCED_FACE('',(#13378),#13371,.T.);
#13380=FILL_AREA_STYLE_COLOUR('',#3);
#13381=FILL_AREA_STYLE('',(#13380));
#13382=SURFACE_STYLE_FILL_AREA(#13381);
#13383=SURFACE_SIDE_STYLE('',(#13382));
#13384=SURFACE_STYLE_USAGE(.POSITIVE.,#13383);
#13385=PRESENTATION_STYLE_ASSIGNMENT((#13384));
#13386=STYLED_ITEM('',(#13385),#13379);
#13387=CARTESIAN_POINT('',(-5.3989375E-1,-3.777404432535E-1,0.E0));
#13388=DIRECTION('',(-2.473834390653E-1,9.689176611437E-1,0.E0));
#13389=DIRECTION('',(9.689176611437E-1,2.473834390653E-1,0.E0));
#13390=AXIS2_PLACEMENT_3D('',#13387,#13388,#13389);
#13391=PLANE('',#13390);
#13392=ORIENTED_EDGE('',*,*,#4799,.F.);
#13393=ORIENTED_EDGE('',*,*,#13175,.T.);
#13394=ORIENTED_EDGE('',*,*,#11816,.T.);
#13395=ORIENTED_EDGE('',*,*,#13373,.F.);
#13396=EDGE_LOOP('',(#13392,#13393,#13394,#13395));
#13397=FACE_OUTER_BOUND('',#13396,.F.);
#13398=ADVANCED_FACE('',(#13397),#13391,.T.);
#13399=FILL_AREA_STYLE_COLOUR('',#3);
#13400=FILL_AREA_STYLE('',(#13399));
#13401=SURFACE_STYLE_FILL_AREA(#13400);
#13402=SURFACE_SIDE_STYLE('',(#13401));
#13403=SURFACE_STYLE_USAGE(.POSITIVE.,#13402);
#13404=PRESENTATION_STYLE_ASSIGNMENT((#13403));
#13405=STYLED_ITEM('',(#13404),#13398);
#13406=CARTESIAN_POINT('',(6.2460625E-1,-5.264E-1,0.E0));
#13407=DIRECTION('',(0.E0,-1.E0,0.E0));
#13408=DIRECTION('',(-1.E0,0.E0,0.E0));
#13409=AXIS2_PLACEMENT_3D('',#13406,#13407,#13408);
#13410=PLANE('',#13409);
#13411=ORIENTED_EDGE('',*,*,#4766,.F.);
#13413=ORIENTED_EDGE('',*,*,#13412,.T.);
#13414=ORIENTED_EDGE('',*,*,#11833,.T.);
#13416=ORIENTED_EDGE('',*,*,#13415,.F.);
#13417=EDGE_LOOP('',(#13411,#13413,#13414,#13416));
#13418=FACE_OUTER_BOUND('',#13417,.F.);
#13419=ADVANCED_FACE('',(#13418),#13410,.T.);
#13420=FILL_AREA_STYLE_COLOUR('',#3);
#13421=FILL_AREA_STYLE('',(#13420));
#13422=SURFACE_STYLE_FILL_AREA(#13421);
#13423=SURFACE_SIDE_STYLE('',(#13422));
#13424=SURFACE_STYLE_USAGE(.POSITIVE.,#13423);
#13425=PRESENTATION_STYLE_ASSIGNMENT((#13424));
#13426=STYLED_ITEM('',(#13425),#13419);
#13427=CARTESIAN_POINT('',(1.012773101759E0,6.381E-1,0.E0));
#13428=DIRECTION('',(9.486832528138E-1,-3.162279017271E-1,0.E0));
#13429=DIRECTION('',(-3.162279017271E-1,-9.486832528138E-1,0.E0));
#13430=AXIS2_PLACEMENT_3D('',#13427,#13428,#13429);
#13431=PLANE('',#13430);
#13432=ORIENTED_EDGE('',*,*,#4780,.F.);
#13434=ORIENTED_EDGE('',*,*,#13433,.T.);
#13435=ORIENTED_EDGE('',*,*,#11835,.T.);
#13436=ORIENTED_EDGE('',*,*,#13412,.F.);
#13437=EDGE_LOOP('',(#13432,#13434,#13435,#13436));
#13438=FACE_OUTER_BOUND('',#13437,.F.);
#13439=ADVANCED_FACE('',(#13438),#13431,.T.);
#13440=FILL_AREA_STYLE_COLOUR('',#3);
#13441=FILL_AREA_STYLE('',(#13440));
#13442=SURFACE_STYLE_FILL_AREA(#13441);
#13443=SURFACE_SIDE_STYLE('',(#13442));
#13444=SURFACE_STYLE_USAGE(.POSITIVE.,#13443);
#13445=PRESENTATION_STYLE_ASSIGNMENT((#13444));
#13446=STYLED_ITEM('',(#13445),#13439);
#13447=CARTESIAN_POINT('',(8.672106017590E-1,6.381E-1,0.E0));
#13448=DIRECTION('',(0.E0,1.E0,0.E0));
#13449=DIRECTION('',(1.E0,0.E0,0.E0));
#13450=AXIS2_PLACEMENT_3D('',#13447,#13448,#13449);
#13451=PLANE('',#13450);
#13452=ORIENTED_EDGE('',*,*,#4778,.F.);
#13454=ORIENTED_EDGE('',*,*,#13453,.T.);
#13455=ORIENTED_EDGE('',*,*,#11837,.T.);
#13456=ORIENTED_EDGE('',*,*,#13433,.F.);
#13457=EDGE_LOOP('',(#13452,#13454,#13455,#13456));
#13458=FACE_OUTER_BOUND('',#13457,.F.);
#13459=ADVANCED_FACE('',(#13458),#13451,.T.);
#13460=FILL_AREA_STYLE_COLOUR('',#3);
#13461=FILL_AREA_STYLE('',(#13460));
#13462=SURFACE_STYLE_FILL_AREA(#13461);
#13463=SURFACE_SIDE_STYLE('',(#13462));
#13464=SURFACE_STYLE_USAGE(.POSITIVE.,#13463);
#13465=PRESENTATION_STYLE_ASSIGNMENT((#13464));
#13466=STYLED_ITEM('',(#13465),#13459);
#13467=CARTESIAN_POINT('',(7.7016875E-1,3.407808518022E-1,0.E0));
#13468=DIRECTION('',(-9.506450282288E-1,3.102805670740E-1,0.E0));
#13469=DIRECTION('',(3.102805670740E-1,9.506450282288E-1,0.E0));
#13470=AXIS2_PLACEMENT_3D('',#13467,#13468,#13469);
#13471=PLANE('',#13470);
#13472=ORIENTED_EDGE('',*,*,#4776,.F.);
#13474=ORIENTED_EDGE('',*,*,#13473,.T.);
#13475=ORIENTED_EDGE('',*,*,#11839,.T.);
#13476=ORIENTED_EDGE('',*,*,#13453,.F.);
#13477=EDGE_LOOP('',(#13472,#13474,#13475,#13476));
#13478=FACE_OUTER_BOUND('',#13477,.F.);
#13479=ADVANCED_FACE('',(#13478),#13471,.T.);
#13480=FILL_AREA_STYLE_COLOUR('',#3);
#13481=FILL_AREA_STYLE('',(#13480));
#13482=SURFACE_STYLE_FILL_AREA(#13481);
#13483=SURFACE_SIDE_STYLE('',(#13482));
#13484=SURFACE_STYLE_USAGE(.POSITIVE.,#13483);
#13485=PRESENTATION_STYLE_ASSIGNMENT((#13484));
#13486=STYLED_ITEM('',(#13485),#13479);
#13487=CARTESIAN_POINT('',(2.849606017590E-1,3.407808518022E-1,0.E0));
#13488=DIRECTION('',(0.E0,1.E0,0.E0));
#13489=DIRECTION('',(1.E0,0.E0,0.E0));
#13490=AXIS2_PLACEMENT_3D('',#13487,#13488,#13489);
#13491=PLANE('',#13490);
#13492=ORIENTED_EDGE('',*,*,#4774,.F.);
#13494=ORIENTED_EDGE('',*,*,#13493,.T.);
#13495=ORIENTED_EDGE('',*,*,#11841,.T.);
#13496=ORIENTED_EDGE('',*,*,#13473,.F.);
#13497=EDGE_LOOP('',(#13492,#13494,#13495,#13496));
#13498=FACE_OUTER_BOUND('',#13497,.F.);
#13499=ADVANCED_FACE('',(#13498),#13491,.T.);
#13500=FILL_AREA_STYLE_COLOUR('',#3);
#13501=FILL_AREA_STYLE('',(#13500));
#13502=SURFACE_STYLE_FILL_AREA(#13501);
#13503=SURFACE_SIDE_STYLE('',(#13502));
#13504=SURFACE_STYLE_USAGE(.POSITIVE.,#13503);
#13505=PRESENTATION_STYLE_ASSIGNMENT((#13504));
#13506=STYLED_ITEM('',(#13505),#13499);
#13507=CARTESIAN_POINT('',(1.8791875E-1,6.381E-1,0.E0));
#13508=DIRECTION('',(9.506450282288E-1,3.102805670740E-1,0.E0));
#13509=DIRECTION('',(3.102805670740E-1,-9.506450282288E-1,0.E0));
#13510=AXIS2_PLACEMENT_3D('',#13507,#13508,#13509);
#13511=PLANE('',#13510);
#13512=ORIENTED_EDGE('',*,*,#4772,.F.);
#13514=ORIENTED_EDGE('',*,*,#13513,.T.);
#13515=ORIENTED_EDGE('',*,*,#11843,.T.);
#13516=ORIENTED_EDGE('',*,*,#13493,.F.);
#13517=EDGE_LOOP('',(#13512,#13514,#13515,#13516));
#13518=FACE_OUTER_BOUND('',#13517,.F.);
#13519=ADVANCED_FACE('',(#13518),#13511,.T.);
#13520=FILL_AREA_STYLE_COLOUR('',#3);
#13521=FILL_AREA_STYLE('',(#13520));
#13522=SURFACE_STYLE_FILL_AREA(#13521);
#13523=SURFACE_SIDE_STYLE('',(#13522));
#13524=SURFACE_STYLE_USAGE(.POSITIVE.,#13523);
#13525=PRESENTATION_STYLE_ASSIGNMENT((#13524));
#13526=STYLED_ITEM('',(#13525),#13519);
#13527=CARTESIAN_POINT('',(4.235625E-2,6.381E-1,0.E0));
#13528=DIRECTION('',(0.E0,1.E0,0.E0));
#13529=DIRECTION('',(1.E0,0.E0,0.E0));
#13530=AXIS2_PLACEMENT_3D('',#13527,#13528,#13529);
#13531=PLANE('',#13530);
#13532=ORIENTED_EDGE('',*,*,#4770,.F.);
#13534=ORIENTED_EDGE('',*,*,#13533,.T.);
#13535=ORIENTED_EDGE('',*,*,#11845,.T.);
#13536=ORIENTED_EDGE('',*,*,#13513,.F.);
#13537=EDGE_LOOP('',(#13532,#13534,#13535,#13536));
#13538=FACE_OUTER_BOUND('',#13537,.F.);
#13539=ADVANCED_FACE('',(#13538),#13531,.T.);
#13540=FILL_AREA_STYLE_COLOUR('',#3);
#13541=FILL_AREA_STYLE('',(#13540));
#13542=SURFACE_STYLE_FILL_AREA(#13541);
#13543=SURFACE_SIDE_STYLE('',(#13542));
#13544=SURFACE_STYLE_USAGE(.POSITIVE.,#13543);
#13545=PRESENTATION_STYLE_ASSIGNMENT((#13544));
#13546=STYLED_ITEM('',(#13545),#13539);
#13547=CARTESIAN_POINT('',(4.305231017590E-1,-5.264E-1,0.E0));
#13548=DIRECTION('',(-9.486832528138E-1,-3.162279017271E-1,0.E0));
#13549=DIRECTION('',(-3.162279017271E-1,9.486832528138E-1,0.E0));
#13550=AXIS2_PLACEMENT_3D('',#13547,#13548,#13549);
#13551=PLANE('',#13550);
#13552=ORIENTED_EDGE('',*,*,#4768,.F.);
#13553=ORIENTED_EDGE('',*,*,#13415,.T.);
#13554=ORIENTED_EDGE('',*,*,#11847,.T.);
#13555=ORIENTED_EDGE('',*,*,#13533,.F.);
#13556=EDGE_LOOP('',(#13552,#13553,#13554,#13555));
#13557=FACE_OUTER_BOUND('',#13556,.F.);
#13558=ADVANCED_FACE('',(#13557),#13551,.T.);
#13559=FILL_AREA_STYLE_COLOUR('',#3);
#13560=FILL_AREA_STYLE('',(#13559));
#13561=SURFACE_STYLE_FILL_AREA(#13560);
#13562=SURFACE_SIDE_STYLE('',(#13561));
#13563=SURFACE_STYLE_USAGE(.POSITIVE.,#13562);
#13564=PRESENTATION_STYLE_ASSIGNMENT((#13563));
#13565=STYLED_ITEM('',(#13564),#13558);
#13566=CARTESIAN_POINT('',(5.275643982410E-1,-4.272936288357E-1,0.E0));
#13567=DIRECTION('',(-9.506452063546E-1,3.102800213276E-1,0.E0));
#13568=DIRECTION('',(3.102800213276E-1,9.506452063546E-1,0.E0));
#13569=AXIS2_PLACEMENT_3D('',#13566,#13567,#13568);
#13570=PLANE('',#13569);
#13571=ORIENTED_EDGE('',*,*,#4836,.F.);
#13573=ORIENTED_EDGE('',*,*,#13572,.T.);
#13574=ORIENTED_EDGE('',*,*,#11851,.T.);
#13576=ORIENTED_EDGE('',*,*,#13575,.F.);
#13577=EDGE_LOOP('',(#13571,#13573,#13574,#13576));
#13578=FACE_OUTER_BOUND('',#13577,.F.);
#13579=ADVANCED_FACE('',(#13578),#13570,.T.);
#13580=FILL_AREA_STYLE_COLOUR('',#3);
#13581=FILL_AREA_STYLE('',(#13580));
#13582=SURFACE_STYLE_FILL_AREA(#13581);
#13583=SURFACE_SIDE_STYLE('',(#13582));
#13584=SURFACE_STYLE_USAGE(.POSITIVE.,#13583);
#13585=PRESENTATION_STYLE_ASSIGNMENT((#13584));
#13586=STYLED_ITEM('',(#13585),#13579);
#13587=CARTESIAN_POINT('',(3.092206482410E-1,2.416744806379E-1,0.E0));
#13588=DIRECTION('',(9.506452063546E-1,3.102800213276E-1,0.E0));
#13589=DIRECTION('',(3.102800213276E-1,-9.506452063546E-1,0.E0));
#13590=AXIS2_PLACEMENT_3D('',#13587,#13588,#13589);
#13591=PLANE('',#13590);
#13592=ORIENTED_EDGE('',*,*,#4840,.F.);
#13594=ORIENTED_EDGE('',*,*,#13593,.T.);
#13595=ORIENTED_EDGE('',*,*,#11853,.T.);
#13596=ORIENTED_EDGE('',*,*,#13572,.F.);
#13597=EDGE_LOOP('',(#13592,#13594,#13595,#13596));
#13598=FACE_OUTER_BOUND('',#13597,.F.);
#13599=ADVANCED_FACE('',(#13598),#13591,.T.);
#13600=FILL_AREA_STYLE_COLOUR('',#3);
#13601=FILL_AREA_STYLE('',(#13600));
#13602=SURFACE_STYLE_FILL_AREA(#13601);
#13603=SURFACE_SIDE_STYLE('',(#13602));
#13604=SURFACE_STYLE_USAGE(.POSITIVE.,#13603);
#13605=PRESENTATION_STYLE_ASSIGNMENT((#13604));
#13606=STYLED_ITEM('',(#13605),#13599);
#13607=CARTESIAN_POINT('',(7.459081482410E-1,2.416744806379E-1,0.E0));
#13608=DIRECTION('',(0.E0,-1.E0,0.E0));
#13609=DIRECTION('',(-1.E0,0.E0,0.E0));
#13610=AXIS2_PLACEMENT_3D('',#13607,#13608,#13609);
#13611=PLANE('',#13610);
#13612=ORIENTED_EDGE('',*,*,#4838,.F.);
#13613=ORIENTED_EDGE('',*,*,#13575,.T.);
#13614=ORIENTED_EDGE('',*,*,#11855,.T.);
#13615=ORIENTED_EDGE('',*,*,#13593,.F.);
#13616=EDGE_LOOP('',(#13612,#13613,#13614,#13615));
#13617=FACE_OUTER_BOUND('',#13616,.F.);
#13618=ADVANCED_FACE('',(#13617),#13611,.T.);
#13619=FILL_AREA_STYLE_COLOUR('',#3);
#13620=FILL_AREA_STYLE('',(#13619));
#13621=SURFACE_STYLE_FILL_AREA(#13620);
#13622=SURFACE_SIDE_STYLE('',(#13621));
#13623=SURFACE_STYLE_USAGE(.POSITIVE.,#13622);
#13624=PRESENTATION_STYLE_ASSIGNMENT((#13623));
#13625=STYLED_ITEM('',(#13624),#13618);
#13626=CLOSED_SHELL('',(#4465,#4496,#4784,#4823,#4844,#4866,#4888,#4910,#4930,
#4950,#4972,#4991,#5012,#5031,#5050,#5072,#5094,#5116,#5136,#5156,#5178,#5197,
#5218,#5237,#5256,#5278,#5300,#5322,#5342,#5362,#5384,#5403,#5424,#5443,#5462,
#5484,#5509,#5530,#5576,#5614,#5656,#5677,#5698,#5721,#5742,#5763,#5784,#5807,
#5828,#5849,#5894,#5915,#5939,#5959,#5981,#6002,#6021,#6042,#6068,#6091,#6112,
#6131,#6149,#6200,#6222,#6243,#6264,#6286,#6311,#6339,#6360,#6381,#6401,#6420,
#6444,#6469,#6488,#6508,#6545,#6567,#8168,#9768,#9793,#9814,#9845,#9865,#9884,
#9906,#9927,#9948,#9968,#9997,#10019,#10040,#10061,#10081,#10110,#10132,#10153,
#10174,#10194,#10223,#10269,#10291,#10312,#10333,#10354,#10374,#10415,#10436,
#10456,#10476,#10496,#10515,#10535,#10555,#10575,#10595,#10614,#10631,#10652,
#10677,#10698,#10717,#10751,#10776,#10797,#10821,#10840,#10859,#10879,#10898,
#10917,#10936,#10957,#10988,#11008,#11027,#11049,#11070,#11091,#11111,#11130,
#11150,#11177,#11198,#11219,#11239,#11258,#11277,#11298,#11329,#11349,#11368,
#11390,#11411,#11432,#11452,#11471,#11493,#11514,#11535,#11556,#11577,#11597,
#11618,#11712,#11751,#11820,#11859,#11880,#11900,#11920,#11940,#11960,#11980,
#12000,#12020,#12040,#12060,#12080,#12100,#12120,#12140,#12160,#12180,#12200,
#12220,#12240,#12260,#12280,#12300,#12320,#12340,#12360,#12380,#12399,#12419,
#12439,#12459,#12479,#12499,#12519,#12539,#12559,#12579,#12599,#12619,#12638,
#12659,#12679,#12699,#12719,#12739,#12759,#12779,#12799,#12819,#12839,#12859,
#12878,#12899,#12919,#12939,#12959,#12979,#12999,#13019,#13039,#13059,#13079,
#13099,#13119,#13139,#13158,#13179,#13199,#13219,#13239,#13259,#13279,#13299,
#13319,#13339,#13359,#13379,#13398,#13419,#13439,#13459,#13479,#13499,#13519,
#13539,#13558,#13579,#13599,#13618));
#13627=MANIFOLD_SOLID_BREP('',#13626);
#13628=DIRECTION('',(3.162277660168E-1,0.E0,9.486832980505E-1));
#13629=VECTOR('',#13628,1.264911064067E0);
#13630=CARTESIAN_POINT('',(1.062373193256E1,-3.4E0,-2.E0));
#13631=LINE('',#13630,#13629);
#13632=DIRECTION('',(3.162277660168E-1,0.E0,-9.486832980505E-1));
#13633=VECTOR('',#13632,1.264911064067E0);
#13634=CARTESIAN_POINT('',(8.723731932559E0,-3.4E0,-8.E-1));
#13635=LINE('',#13634,#13633);
#13636=DIRECTION('',(0.E0,1.E0,0.E0));
#13637=VECTOR('',#13636,1.E1);
#13638=CARTESIAN_POINT('',(1.2E1,-5.E0,-8.E-1));
#13639=LINE('',#13638,#13637);
#13640=DIRECTION('',(0.E0,-1.E0,0.E0));
#13641=VECTOR('',#13640,1.6E0);
#13642=CARTESIAN_POINT('',(3.9323E0,5.E0,-8.E-1));
#13643=LINE('',#13642,#13641);
#13644=DIRECTION('',(1.E0,0.E0,0.E0));
#13645=VECTOR('',#13644,2.6E0);
#13646=CARTESIAN_POINT('',(3.9323E0,3.4E0,-8.E-1));
#13647=LINE('',#13646,#13645);
#13648=DIRECTION('',(0.E0,-1.E0,0.E0));
#13649=VECTOR('',#13648,6.8E0);
#13650=CARTESIAN_POINT('',(6.5323E0,3.4E0,-8.E-1));
#13651=LINE('',#13650,#13649);
#13652=DIRECTION('',(-1.E0,0.E0,0.E0));
#13653=VECTOR('',#13652,2.6E0);
#13654=CARTESIAN_POINT('',(6.5323E0,-3.4E0,-8.E-1));
#13655=LINE('',#13654,#13653);
#13656=DIRECTION('',(0.E0,-1.E0,0.E0));
#13657=VECTOR('',#13656,1.6E0);
#13658=CARTESIAN_POINT('',(3.9323E0,-3.4E0,-8.E-1));
#13659=LINE('',#13658,#13657);
#13660=DIRECTION('',(0.E0,-1.E0,0.E0));
#13661=VECTOR('',#13660,2.E0);
#13662=CARTESIAN_POINT('',(1.102373193256E1,-1.4E0,-8.E-1));
#13663=LINE('',#13662,#13661);
#13664=DIRECTION('',(-1.E0,0.E0,0.E0));
#13665=VECTOR('',#13664,2.3E0);
#13666=CARTESIAN_POINT('',(1.102373193256E1,-3.4E0,-8.E-1));
#13667=LINE('',#13666,#13665);
#13668=DIRECTION('',(0.E0,1.E0,0.E0));
#13669=VECTOR('',#13668,2.E0);
#13670=CARTESIAN_POINT('',(8.723731932559E0,-3.4E0,-8.E-1));
#13671=LINE('',#13670,#13669);
#13672=DIRECTION('',(1.E0,0.E0,0.E0));
#13673=VECTOR('',#13672,2.3E0);
#13674=CARTESIAN_POINT('',(8.723731932559E0,-1.4E0,-8.E-1));
#13675=LINE('',#13674,#13673);
#13676=DIRECTION('',(0.E0,-1.E0,0.E0));
#13677=VECTOR('',#13676,2.E0);
#13678=CARTESIAN_POINT('',(1.102373193256E1,3.4E0,-8.E-1));
#13679=LINE('',#13678,#13677);
#13680=DIRECTION('',(1.E0,0.E0,0.E0));
#13681=VECTOR('',#13680,2.3E0);
#13682=CARTESIAN_POINT('',(8.723731932559E0,1.4E0,-8.E-1));
#13683=LINE('',#13682,#13681);
#13684=DIRECTION('',(0.E0,1.E0,0.E0));
#13685=VECTOR('',#13684,2.E0);
#13686=CARTESIAN_POINT('',(8.723731932559E0,1.4E0,-8.E-1));
#13687=LINE('',#13686,#13685);
#13688=DIRECTION('',(-1.E0,0.E0,0.E0));
#13689=VECTOR('',#13688,2.3E0);
#13690=CARTESIAN_POINT('',(1.102373193256E1,3.4E0,-8.E-1));
#13691=LINE('',#13690,#13689);
#13692=DIRECTION('',(0.E0,0.E0,-1.E0));
#13693=VECTOR('',#13692,1.18E1);
#13694=CARTESIAN_POINT('',(1.2E1,5.E0,1.1E1));
#13695=LINE('',#13694,#13693);
#13696=DIRECTION('',(0.E0,0.E0,1.E0));
#13697=VECTOR('',#13696,1.18E1);
#13698=CARTESIAN_POINT('',(1.2E1,-5.E0,-8.E-1));
#13699=LINE('',#13698,#13697);
#13700=DIRECTION('',(-1.E0,0.E0,0.E0));
#13701=VECTOR('',#13700,8.0677E0);
#13702=CARTESIAN_POINT('',(1.2E1,5.E0,1.1E1));
#13703=LINE('',#13702,#13701);
#13704=DIRECTION('',(1.E0,0.E0,0.E0));
#13705=VECTOR('',#13704,4.5677E0);
#13706=CARTESIAN_POINT('',(3.9323E0,5.E0,1.03E1));
#13707=LINE('',#13706,#13705);
#13708=DIRECTION('',(0.E0,0.E0,-1.E0));
#13709=VECTOR('',#13708,1.04E1);
#13710=CARTESIAN_POINT('',(8.5E0,5.E0,1.03E1));
#13711=LINE('',#13710,#13709);
#13712=DIRECTION('',(-1.E0,0.E0,0.E0));
#13713=VECTOR('',#13712,4.5677E0);
#13714=CARTESIAN_POINT('',(8.5E0,5.E0,-1.E-1));
#13715=LINE('',#13714,#13713);
#13716=DIRECTION('',(1.E0,0.E0,0.E0));
#13717=VECTOR('',#13716,8.0677E0);
#13718=CARTESIAN_POINT('',(3.9323E0,5.E0,-8.E-1));
#13719=LINE('',#13718,#13717);
#13720=DIRECTION('',(0.E0,1.E0,0.E0));
#13721=VECTOR('',#13720,1.E1);
#13722=CARTESIAN_POINT('',(1.2E1,-5.E0,1.1E1));
#13723=LINE('',#13722,#13721);
#13724=DIRECTION('',(0.E0,-1.E0,0.E0));
#13725=VECTOR('',#13724,1.6E0);
#13726=CARTESIAN_POINT('',(3.9323E0,-3.4E0,1.1E1));
#13727=LINE('',#13726,#13725);
#13728=DIRECTION('',(-1.E0,0.E0,0.E0));
#13729=VECTOR('',#13728,2.6E0);
#13730=CARTESIAN_POINT('',(6.5323E0,-3.4E0,1.1E1));
#13731=LINE('',#13730,#13729);
#13732=DIRECTION('',(0.E0,-1.E0,0.E0));
#13733=VECTOR('',#13732,6.8E0);
#13734=CARTESIAN_POINT('',(6.5323E0,3.4E0,1.1E1));
#13735=LINE('',#13734,#13733);
#13736=DIRECTION('',(1.E0,0.E0,0.E0));
#13737=VECTOR('',#13736,2.6E0);
#13738=CARTESIAN_POINT('',(3.9323E0,3.4E0,1.1E1));
#13739=LINE('',#13738,#13737);
#13740=DIRECTION('',(0.E0,-1.E0,0.E0));
#13741=VECTOR('',#13740,1.6E0);
#13742=CARTESIAN_POINT('',(3.9323E0,5.E0,1.1E1));
#13743=LINE('',#13742,#13741);
#13744=DIRECTION('',(0.E0,0.E0,-1.E0));
#13745=VECTOR('',#13744,1.04E1);
#13746=CARTESIAN_POINT('',(8.5E0,-5.E0,1.03E1));
#13747=LINE('',#13746,#13745);
#13748=DIRECTION('',(-1.E0,0.E0,0.E0));
#13749=VECTOR('',#13748,4.5677E0);
#13750=CARTESIAN_POINT('',(8.5E0,-5.E0,1.03E1));
#13751=LINE('',#13750,#13749);
#13752=DIRECTION('',(0.E0,0.E0,-1.E0));
#13753=VECTOR('',#13752,7.E-1);
#13754=CARTESIAN_POINT('',(3.9323E0,-5.E0,1.1E1));
#13755=LINE('',#13754,#13753);
#13756=DIRECTION('',(1.E0,0.E0,0.E0));
#13757=VECTOR('',#13756,8.0677E0);
#13758=CARTESIAN_POINT('',(3.9323E0,-5.E0,1.1E1));
#13759=LINE('',#13758,#13757);
#13760=DIRECTION('',(-1.E0,0.E0,0.E0));
#13761=VECTOR('',#13760,8.0677E0);
#13762=CARTESIAN_POINT('',(1.2E1,-5.E0,-8.E-1));
#13763=LINE('',#13762,#13761);
#13764=DIRECTION('',(0.E0,0.E0,1.E0));
#13765=VECTOR('',#13764,7.E-1);
#13766=CARTESIAN_POINT('',(3.9323E0,-5.E0,-8.E-1));
#13767=LINE('',#13766,#13765);
#13768=DIRECTION('',(1.E0,0.E0,0.E0));
#13769=VECTOR('',#13768,4.5677E0);
#13770=CARTESIAN_POINT('',(3.9323E0,-5.E0,-1.E-1));
#13771=LINE('',#13770,#13769);
#13772=DIRECTION('',(1.E0,0.E0,0.E0));
#13773=VECTOR('',#13772,9.143E-1);
#13774=CARTESIAN_POINT('',(3.9323E0,4.2E0,1.03E1));
#13775=LINE('',#13774,#13773);
#13776=DIRECTION('',(0.E0,-1.E0,0.E0));
#13777=VECTOR('',#13776,8.E-1);
#13778=CARTESIAN_POINT('',(4.8466E0,4.2E0,1.03E1));
#13779=LINE('',#13778,#13777);
#13780=DIRECTION('',(1.E0,0.E0,0.E0));
#13781=VECTOR('',#13780,1.6857E0);
#13782=CARTESIAN_POINT('',(4.8466E0,3.4E0,1.03E1));
#13783=LINE('',#13782,#13781);
#13784=DIRECTION('',(0.E0,-1.E0,0.E0));
#13785=VECTOR('',#13784,6.8E0);
#13786=CARTESIAN_POINT('',(6.5323E0,3.4E0,1.03E1));
#13787=LINE('',#13786,#13785);
#13788=DIRECTION('',(-1.E0,0.E0,0.E0));
#13789=VECTOR('',#13788,1.6857E0);
#13790=CARTESIAN_POINT('',(6.5323E0,-3.4E0,1.03E1));
#13791=LINE('',#13790,#13789);
#13792=DIRECTION('',(0.E0,1.E0,0.E0));
#13793=VECTOR('',#13792,8.E-1);
#13794=CARTESIAN_POINT('',(4.8466E0,-4.2E0,1.03E1));
#13795=LINE('',#13794,#13793);
#13796=DIRECTION('',(1.E0,0.E0,0.E0));
#13797=VECTOR('',#13796,9.143E-1);
#13798=CARTESIAN_POINT('',(3.9323E0,-4.2E0,1.03E1));
#13799=LINE('',#13798,#13797);
#13800=DIRECTION('',(0.E0,-1.E0,0.E0));
#13801=VECTOR('',#13800,8.E-1);
#13802=CARTESIAN_POINT('',(3.9323E0,-4.2E0,1.03E1));
#13803=LINE('',#13802,#13801);
#13804=DIRECTION('',(0.E0,1.E0,0.E0));
#13805=VECTOR('',#13804,7.E-1);
#13806=CARTESIAN_POINT('',(8.5E0,-5.E0,1.03E1));
#13807=LINE('',#13806,#13805);
#13808=DIRECTION('',(-1.E0,0.E0,0.E0));
#13809=VECTOR('',#13808,3.5E0);
#13810=CARTESIAN_POINT('',(1.2E1,-4.3E0,1.03E1));
#13811=LINE('',#13810,#13809);
#13812=DIRECTION('',(0.E0,1.E0,0.E0));
#13813=VECTOR('',#13812,8.6E0);
#13814=CARTESIAN_POINT('',(1.2E1,-4.3E0,1.03E1));
#13815=LINE('',#13814,#13813);
#13816=DIRECTION('',(-1.E0,0.E0,0.E0));
#13817=VECTOR('',#13816,3.5E0);
#13818=CARTESIAN_POINT('',(1.2E1,4.3E0,1.03E1));
#13819=LINE('',#13818,#13817);
#13820=DIRECTION('',(0.E0,-1.E0,0.E0));
#13821=VECTOR('',#13820,7.E-1);
#13822=CARTESIAN_POINT('',(8.5E0,5.E0,1.03E1));
#13823=LINE('',#13822,#13821);
#13824=DIRECTION('',(0.E0,-1.E0,0.E0));
#13825=VECTOR('',#13824,8.E-1);
#13826=CARTESIAN_POINT('',(3.9323E0,5.E0,1.03E1));
#13827=LINE('',#13826,#13825);
#13828=DIRECTION('',(0.E0,0.E0,-1.E0));
#13829=VECTOR('',#13828,1.3289E0);
#13830=CARTESIAN_POINT('',(4.8466E0,4.2E0,1.03E1));
#13831=LINE('',#13830,#13829);
#13832=DIRECTION('',(-5.668155747358E-1,0.E0,8.238447088116E-1));
#13833=VECTOR('',#13832,1.613046713521E0);
#13834=CARTESIAN_POINT('',(4.8466E0,4.2E0,8.9711E0));
#13835=LINE('',#13834,#13833);
#13836=DIRECTION('',(5.668155747358E-1,0.E0,8.238447088116E-1));
#13837=VECTOR('',#13836,1.613046713521E0);
#13838=CARTESIAN_POINT('',(3.9323E0,4.2E0,-1.E-1));
#13839=LINE('',#13838,#13837);
#13840=DIRECTION('',(0.E0,0.E0,-1.E0));
#13841=VECTOR('',#13840,1.3289E0);
#13842=CARTESIAN_POINT('',(4.8466E0,4.2E0,1.2289E0));
#13843=LINE('',#13842,#13841);
#13844=DIRECTION('',(0.E0,0.E0,-1.E0));
#13845=VECTOR('',#13844,1.3289E0);
#13846=CARTESIAN_POINT('',(4.8466E0,3.4E0,1.2289E0));
#13847=LINE('',#13846,#13845);
#13848=DIRECTION('',(0.E0,0.E0,1.E0));
#13849=VECTOR('',#13848,7.E-1);
#13850=CARTESIAN_POINT('',(3.9323E0,3.4E0,-8.E-1));
#13851=LINE('',#13850,#13849);
#13852=DIRECTION('',(5.668155747358E-1,0.E0,8.238447088116E-1));
#13853=VECTOR('',#13852,1.613046713521E0);
#13854=CARTESIAN_POINT('',(3.9323E0,3.4E0,-1.E-1));
#13855=LINE('',#13854,#13853);
#13856=DIRECTION('',(0.E0,0.E0,-1.E0));
#13857=VECTOR('',#13856,1.3289E0);
#13858=CARTESIAN_POINT('',(4.8466E0,3.4E0,1.03E1));
#13859=LINE('',#13858,#13857);
#13860=DIRECTION('',(-5.668155747358E-1,0.E0,8.238447088116E-1));
#13861=VECTOR('',#13860,1.613046713521E0);
#13862=CARTESIAN_POINT('',(4.8466E0,3.4E0,8.9711E0));
#13863=LINE('',#13862,#13861);
#13864=DIRECTION('',(0.E0,0.E0,-1.E0));
#13865=VECTOR('',#13864,7.E-1);
#13866=CARTESIAN_POINT('',(3.9323E0,3.4E0,1.1E1));
#13867=LINE('',#13866,#13865);
#13868=DIRECTION('',(0.E0,1.E0,0.E0));
#13869=VECTOR('',#13868,8.E-1);
#13870=CARTESIAN_POINT('',(4.8466E0,3.4E0,1.2289E0));
#13871=LINE('',#13870,#13869);
#13872=DIRECTION('',(0.E0,-1.E0,0.E0));
#13873=VECTOR('',#13872,8.E-1);
#13874=CARTESIAN_POINT('',(3.9323E0,4.2E0,-1.E-1));
#13875=LINE('',#13874,#13873);
#13876=DIRECTION('',(0.E0,0.E0,1.E0));
#13877=VECTOR('',#13876,7.E-1);
#13878=CARTESIAN_POINT('',(3.9323E0,5.E0,-8.E-1));
#13879=LINE('',#13878,#13877);
#13880=DIRECTION('',(1.E0,0.E0,0.E0));
#13881=VECTOR('',#13880,9.143E-1);
#13882=CARTESIAN_POINT('',(3.9323E0,4.2E0,-1.E-1));
#13883=LINE('',#13882,#13881);
#13884=DIRECTION('',(0.E0,-1.E0,0.E0));
#13885=VECTOR('',#13884,8.E-1);
#13886=CARTESIAN_POINT('',(3.9323E0,5.E0,-1.E-1));
#13887=LINE('',#13886,#13885);
#13888=DIRECTION('',(0.E0,-1.E0,0.E0));
#13889=VECTOR('',#13888,7.E-1);
#13890=CARTESIAN_POINT('',(8.5E0,5.E0,-1.E-1));
#13891=LINE('',#13890,#13889);
#13892=DIRECTION('',(-1.E0,0.E0,0.E0));
#13893=VECTOR('',#13892,3.5E0);
#13894=CARTESIAN_POINT('',(1.2E1,4.3E0,-1.E-1));
#13895=LINE('',#13894,#13893);
#13896=DIRECTION('',(0.E0,1.E0,0.E0));
#13897=VECTOR('',#13896,8.6E0);
#13898=CARTESIAN_POINT('',(1.2E1,-4.3E0,-1.E-1));
#13899=LINE('',#13898,#13897);
#13900=DIRECTION('',(-1.E0,0.E0,0.E0));
#13901=VECTOR('',#13900,3.5E0);
#13902=CARTESIAN_POINT('',(1.2E1,-4.3E0,-1.E-1));
#13903=LINE('',#13902,#13901);
#13904=DIRECTION('',(0.E0,1.E0,0.E0));
#13905=VECTOR('',#13904,7.E-1);
#13906=CARTESIAN_POINT('',(8.5E0,-5.E0,-1.E-1));
#13907=LINE('',#13906,#13905);
#13908=DIRECTION('',(0.E0,-1.E0,0.E0));
#13909=VECTOR('',#13908,8.E-1);
#13910=CARTESIAN_POINT('',(3.9323E0,-4.2E0,-1.E-1));
#13911=LINE('',#13910,#13909);
#13912=DIRECTION('',(1.E0,0.E0,0.E0));
#13913=VECTOR('',#13912,9.143E-1);
#13914=CARTESIAN_POINT('',(3.9323E0,-4.2E0,-1.E-1));
#13915=LINE('',#13914,#13913);
#13916=DIRECTION('',(0.E0,1.E0,0.E0));
#13917=VECTOR('',#13916,8.E-1);
#13918=CARTESIAN_POINT('',(4.8466E0,-4.2E0,-1.E-1));
#13919=LINE('',#13918,#13917);
#13920=DIRECTION('',(-1.E0,0.E0,0.E0));
#13921=VECTOR('',#13920,1.6857E0);
#13922=CARTESIAN_POINT('',(6.5323E0,-3.4E0,-1.E-1));
#13923=LINE('',#13922,#13921);
#13924=DIRECTION('',(0.E0,-1.E0,0.E0));
#13925=VECTOR('',#13924,6.8E0);
#13926=CARTESIAN_POINT('',(6.5323E0,3.4E0,-1.E-1));
#13927=LINE('',#13926,#13925);
#13928=DIRECTION('',(1.E0,0.E0,0.E0));
#13929=VECTOR('',#13928,1.6857E0);
#13930=CARTESIAN_POINT('',(4.8466E0,3.4E0,-1.E-1));
#13931=LINE('',#13930,#13929);
#13932=DIRECTION('',(0.E0,-1.E0,0.E0));
#13933=VECTOR('',#13932,8.E-1);
#13934=CARTESIAN_POINT('',(4.8466E0,4.2E0,-1.E-1));
#13935=LINE('',#13934,#13933);
#13936=DIRECTION('',(0.E0,0.E0,-1.E0));
#13937=VECTOR('',#13936,1.04E1);
#13938=CARTESIAN_POINT('',(8.5E0,4.3E0,1.03E1));
#13939=LINE('',#13938,#13937);
#13940=DIRECTION('',(0.E0,0.E0,1.E0));
#13941=VECTOR('',#13940,1.04E1);
#13942=CARTESIAN_POINT('',(1.2E1,4.3E0,-1.E-1));
#13943=LINE('',#13942,#13941);
#13944=DIRECTION('',(0.E0,0.E0,-1.E0));
#13945=VECTOR('',#13944,1.04E1);
#13946=CARTESIAN_POINT('',(8.5E0,-4.3E0,1.03E1));
#13947=LINE('',#13946,#13945);
#13948=DIRECTION('',(0.E0,0.E0,1.E0));
#13949=VECTOR('',#13948,1.04E1);
#13950=CARTESIAN_POINT('',(1.2E1,-4.3E0,-1.E-1));
#13951=LINE('',#13950,#13949);
#13952=DIRECTION('',(0.E0,1.E0,0.E0));
#13953=VECTOR('',#13952,8.E-1);
#13954=CARTESIAN_POINT('',(3.9323E0,-4.2E0,-1.E-1));
#13955=LINE('',#13954,#13953);
#13956=DIRECTION('',(0.E0,0.E0,1.E0));
#13957=VECTOR('',#13956,7.E-1);
#13958=CARTESIAN_POINT('',(3.9323E0,-3.4E0,-8.E-1));
#13959=LINE('',#13958,#13957);
#13960=DIRECTION('',(5.668155747358E-1,0.E0,8.238447088116E-1));
#13961=VECTOR('',#13960,1.613046713521E0);
#13962=CARTESIAN_POINT('',(3.9323E0,-3.4E0,-1.E-1));
#13963=LINE('',#13962,#13961);
#13964=DIRECTION('',(0.E0,0.E0,1.E0));
#13965=VECTOR('',#13964,7.E-1);
#13966=CARTESIAN_POINT('',(6.5323E0,-3.4E0,-8.E-1));
#13967=LINE('',#13966,#13965);
#13968=DIRECTION('',(0.E0,0.E0,-1.E0));
#13969=VECTOR('',#13968,1.3289E0);
#13970=CARTESIAN_POINT('',(4.8466E0,-3.4E0,1.2289E0));
#13971=LINE('',#13970,#13969);
#13972=DIRECTION('',(-5.668155747358E-1,0.E0,8.238447088116E-1));
#13973=VECTOR('',#13972,1.613046713521E0);
#13974=CARTESIAN_POINT('',(4.8466E0,-3.4E0,8.9711E0));
#13975=LINE('',#13974,#13973);
#13976=DIRECTION('',(0.E0,0.E0,-1.E0));
#13977=VECTOR('',#13976,1.3289E0);
#13978=CARTESIAN_POINT('',(4.8466E0,-3.4E0,1.03E1));
#13979=LINE('',#13978,#13977);
#13980=DIRECTION('',(0.E0,0.E0,-1.E0));
#13981=VECTOR('',#13980,7.E-1);
#13982=CARTESIAN_POINT('',(6.5323E0,-3.4E0,1.1E1));
#13983=LINE('',#13982,#13981);
#13984=DIRECTION('',(0.E0,0.E0,1.E0));
#13985=VECTOR('',#13984,7.E-1);
#13986=CARTESIAN_POINT('',(6.5323E0,3.4E0,-8.E-1));
#13987=LINE('',#13986,#13985);
#13988=DIRECTION('',(0.E0,-1.E0,0.E0));
#13989=VECTOR('',#13988,8.E-1);
#13990=CARTESIAN_POINT('',(4.8466E0,-3.4E0,1.2289E0));
#13991=LINE('',#13990,#13989);
#13992=DIRECTION('',(0.E0,0.E0,-1.E0));
#13993=VECTOR('',#13992,1.3289E0);
#13994=CARTESIAN_POINT('',(4.8466E0,-4.2E0,1.03E1));
#13995=LINE('',#13994,#13993);
#13996=DIRECTION('',(-5.668155747358E-1,0.E0,8.238447088116E-1));
#13997=VECTOR('',#13996,1.613046713521E0);
#13998=CARTESIAN_POINT('',(4.8466E0,-4.2E0,8.9711E0));
#13999=LINE('',#13998,#13997);
#14000=DIRECTION('',(5.668155747358E-1,0.E0,8.238447088116E-1));
#14001=VECTOR('',#14000,1.613046713521E0);
#14002=CARTESIAN_POINT('',(3.9323E0,-4.2E0,-1.E-1));
#14003=LINE('',#14002,#14001);
#14004=DIRECTION('',(0.E0,0.E0,-1.E0));
#14005=VECTOR('',#14004,1.3289E0);
#14006=CARTESIAN_POINT('',(4.8466E0,-4.2E0,1.2289E0));
#14007=LINE('',#14006,#14005);
#14008=DIRECTION('',(0.E0,-1.E0,0.E0));
#14009=VECTOR('',#14008,8.E-1);
#14010=CARTESIAN_POINT('',(4.8466E0,-3.4E0,8.9711E0));
#14011=LINE('',#14010,#14009);
#14012=DIRECTION('',(0.E0,1.E0,0.E0));
#14013=VECTOR('',#14012,8.E-1);
#14014=CARTESIAN_POINT('',(3.9323E0,-4.2E0,1.03E1));
#14015=LINE('',#14014,#14013);
#14016=DIRECTION('',(0.E0,0.E0,-1.E0));
#14017=VECTOR('',#14016,7.E-1);
#14018=CARTESIAN_POINT('',(3.9323E0,-3.4E0,1.1E1));
#14019=LINE('',#14018,#14017);
#14020=DIRECTION('',(0.E0,0.E0,-1.E0));
#14021=VECTOR('',#14020,7.E-1);
#14022=CARTESIAN_POINT('',(6.5323E0,3.4E0,1.1E1));
#14023=LINE('',#14022,#14021);
#14024=DIRECTION('',(0.E0,1.E0,0.E0));
#14025=VECTOR('',#14024,8.E-1);
#14026=CARTESIAN_POINT('',(4.8466E0,3.4E0,8.9711E0));
#14027=LINE('',#14026,#14025);
#14028=DIRECTION('',(0.E0,-1.E0,0.E0));
#14029=VECTOR('',#14028,8.E-1);
#14030=CARTESIAN_POINT('',(3.9323E0,4.2E0,1.03E1));
#14031=LINE('',#14030,#14029);
#14032=DIRECTION('',(0.E0,0.E0,-1.E0));
#14033=VECTOR('',#14032,7.E-1);
#14034=CARTESIAN_POINT('',(3.9323E0,5.E0,1.1E1));
#14035=LINE('',#14034,#14033);
#14036=DIRECTION('',(-3.162277660168E-1,0.E0,-9.486832980505E-1));
#14037=VECTOR('',#14036,1.264911064067E0);
#14038=CARTESIAN_POINT('',(1.102373193256E1,-1.4E0,-8.E-1));
#14039=LINE('',#14038,#14037);
#14040=DIRECTION('',(-3.162277660168E-1,0.E0,9.486832980505E-1));
#14041=VECTOR('',#14040,1.264911064067E0);
#14042=CARTESIAN_POINT('',(9.123731932559E0,-1.4E0,-2.E0));
#14043=LINE('',#14042,#14041);
#14044=DIRECTION('',(0.E0,-1.E0,0.E0));
#14045=VECTOR('',#14044,2.E0);
#14046=CARTESIAN_POINT('',(1.062373193256E1,-1.4E0,-2.E0));
#14047=LINE('',#14046,#14045);
#14048=DIRECTION('',(1.E0,0.E0,0.E0));
#14049=VECTOR('',#14048,1.5E0);
#14050=CARTESIAN_POINT('',(9.123731932559E0,-1.4E0,-2.E0));
#14051=LINE('',#14050,#14049);
#14052=DIRECTION('',(0.E0,1.E0,0.E0));
#14053=VECTOR('',#14052,2.E0);
#14054=CARTESIAN_POINT('',(9.123731932559E0,-3.4E0,-2.E0));
#14055=LINE('',#14054,#14053);
#14056=DIRECTION('',(-1.E0,0.E0,0.E0));
#14057=VECTOR('',#14056,1.5E0);
#14058=CARTESIAN_POINT('',(1.062373193256E1,-3.4E0,-2.E0));
#14059=LINE('',#14058,#14057);
#14060=DIRECTION('',(3.162277660168E-1,0.E0,9.486832980505E-1));
#14061=VECTOR('',#14060,1.264911064067E0);
#14062=CARTESIAN_POINT('',(1.062373193256E1,1.4E0,-2.E0));
#14063=LINE('',#14062,#14061);
#14064=DIRECTION('',(3.162277660168E-1,0.E0,-9.486832980505E-1));
#14065=VECTOR('',#14064,1.264911064067E0);
#14066=CARTESIAN_POINT('',(8.723731932559E0,1.4E0,-8.E-1));
#14067=LINE('',#14066,#14065);
#14068=DIRECTION('',(0.E0,-1.E0,0.E0));
#14069=VECTOR('',#14068,2.E0);
#14070=CARTESIAN_POINT('',(1.062373193256E1,3.4E0,-2.E0));
#14071=LINE('',#14070,#14069);
#14072=DIRECTION('',(-1.E0,0.E0,0.E0));
#14073=VECTOR('',#14072,1.5E0);
#14074=CARTESIAN_POINT('',(1.062373193256E1,3.4E0,-2.E0));
#14075=LINE('',#14074,#14073);
#14076=DIRECTION('',(0.E0,1.E0,0.E0));
#14077=VECTOR('',#14076,2.E0);
#14078=CARTESIAN_POINT('',(9.123731932559E0,1.4E0,-2.E0));
#14079=LINE('',#14078,#14077);
#14080=DIRECTION('',(1.E0,0.E0,0.E0));
#14081=VECTOR('',#14080,1.5E0);
#14082=CARTESIAN_POINT('',(9.123731932559E0,1.4E0,-2.E0));
#14083=LINE('',#14082,#14081);
#14084=DIRECTION('',(-3.162277660168E-1,0.E0,-9.486832980505E-1));
#14085=VECTOR('',#14084,1.264911064067E0);
#14086=CARTESIAN_POINT('',(1.102373193256E1,3.4E0,-8.E-1));
#14087=LINE('',#14086,#14085);
#14088=DIRECTION('',(-3.162277660168E-1,0.E0,9.486832980505E-1));
#14089=VECTOR('',#14088,1.264911064067E0);
#14090=CARTESIAN_POINT('',(9.123731932559E0,3.4E0,-2.E0));
#14091=LINE('',#14090,#14089);
#14092=CARTESIAN_POINT('',(1.2E1,-5.E0,1.1E1));
#14093=CARTESIAN_POINT('',(1.2E1,5.E0,1.1E1));
#14094=VERTEX_POINT('',#14092);
#14095=VERTEX_POINT('',#14093);
#14096=CARTESIAN_POINT('',(3.9323E0,5.E0,1.1E1));
#14097=CARTESIAN_POINT('',(3.9323E0,3.4E0,1.1E1));
#14098=VERTEX_POINT('',#14096);
#14099=VERTEX_POINT('',#14097);
#14100=CARTESIAN_POINT('',(6.5323E0,3.4E0,1.1E1));
#14101=VERTEX_POINT('',#14100);
#14102=CARTESIAN_POINT('',(6.5323E0,-3.4E0,1.1E1));
#14103=VERTEX_POINT('',#14102);
#14104=CARTESIAN_POINT('',(3.9323E0,-3.4E0,1.1E1));
#14105=VERTEX_POINT('',#14104);
#14106=CARTESIAN_POINT('',(3.9323E0,-5.E0,1.1E1));
#14107=VERTEX_POINT('',#14106);
#14108=CARTESIAN_POINT('',(6.5323E0,3.4E0,1.03E1));
#14109=CARTESIAN_POINT('',(6.5323E0,-3.4E0,1.03E1));
#14110=VERTEX_POINT('',#14108);
#14111=VERTEX_POINT('',#14109);
#14112=CARTESIAN_POINT('',(3.9323E0,5.E0,1.03E1));
#14113=VERTEX_POINT('',#14112);
#14114=CARTESIAN_POINT('',(3.9323E0,-5.E0,1.03E1));
#14115=VERTEX_POINT('',#14114);
#14116=CARTESIAN_POINT('',(1.2E1,-5.E0,-8.E-1));
#14117=CARTESIAN_POINT('',(1.2E1,5.E0,-8.E-1));
#14118=VERTEX_POINT('',#14116);
#14119=VERTEX_POINT('',#14117);
#14120=CARTESIAN_POINT('',(3.9323E0,5.E0,-8.E-1));
#14121=CARTESIAN_POINT('',(3.9323E0,3.4E0,-8.E-1));
#14122=VERTEX_POINT('',#14120);
#14123=VERTEX_POINT('',#14121);
#14124=CARTESIAN_POINT('',(6.5323E0,3.4E0,-8.E-1));
#14125=VERTEX_POINT('',#14124);
#14126=CARTESIAN_POINT('',(6.5323E0,-3.4E0,-8.E-1));
#14127=VERTEX_POINT('',#14126);
#14128=CARTESIAN_POINT('',(3.9323E0,-3.4E0,-8.E-1));
#14129=VERTEX_POINT('',#14128);
#14130=CARTESIAN_POINT('',(3.9323E0,-5.E0,-8.E-1));
#14131=VERTEX_POINT('',#14130);
#14132=CARTESIAN_POINT('',(6.5323E0,3.4E0,-1.E-1));
#14133=CARTESIAN_POINT('',(6.5323E0,-3.4E0,-1.E-1));
#14134=VERTEX_POINT('',#14132);
#14135=VERTEX_POINT('',#14133);
#14136=CARTESIAN_POINT('',(3.9323E0,5.E0,-1.E-1));
#14137=VERTEX_POINT('',#14136);
#14138=CARTESIAN_POINT('',(3.9323E0,-5.E0,-1.E-1));
#14139=VERTEX_POINT('',#14138);
#14140=CARTESIAN_POINT('',(1.2E1,-4.3E0,1.03E1));
#14141=CARTESIAN_POINT('',(8.5E0,-4.3E0,1.03E1));
#14142=VERTEX_POINT('',#14140);
#14143=VERTEX_POINT('',#14141);
#14144=CARTESIAN_POINT('',(8.5E0,-5.E0,1.03E1));
#14145=VERTEX_POINT('',#14144);
#14146=CARTESIAN_POINT('',(1.2E1,-4.3E0,-1.E-1));
#14147=CARTESIAN_POINT('',(8.5E0,-4.3E0,-1.E-1));
#14148=VERTEX_POINT('',#14146);
#14149=VERTEX_POINT('',#14147);
#14150=CARTESIAN_POINT('',(8.5E0,-5.E0,-1.E-1));
#14151=VERTEX_POINT('',#14150);
#14152=CARTESIAN_POINT('',(8.5E0,5.E0,1.03E1));
#14153=CARTESIAN_POINT('',(8.5E0,5.E0,-1.E-1));
#14154=VERTEX_POINT('',#14152);
#14155=VERTEX_POINT('',#14153);
#14156=CARTESIAN_POINT('',(8.5E0,4.3E0,1.03E1));
#14157=CARTESIAN_POINT('',(8.5E0,4.3E0,-1.E-1));
#14158=VERTEX_POINT('',#14156);
#14159=VERTEX_POINT('',#14157);
#14160=CARTESIAN_POINT('',(1.2E1,4.3E0,-1.E-1));
#14161=CARTESIAN_POINT('',(1.2E1,4.3E0,1.03E1));
#14162=VERTEX_POINT('',#14160);
#14163=VERTEX_POINT('',#14161);
#14164=CARTESIAN_POINT('',(1.062373193256E1,-3.4E0,-2.E0));
#14165=CARTESIAN_POINT('',(1.102373193256E1,-3.4E0,-8.E-1));
#14166=VERTEX_POINT('',#14164);
#14167=VERTEX_POINT('',#14165);
#14168=CARTESIAN_POINT('',(1.102373193256E1,-1.4E0,-8.E-1));
#14169=VERTEX_POINT('',#14168);
#14170=CARTESIAN_POINT('',(1.062373193256E1,-1.4E0,-2.E0));
#14171=VERTEX_POINT('',#14170);
#14172=CARTESIAN_POINT('',(9.123731932559E0,-1.4E0,-2.E0));
#14173=CARTESIAN_POINT('',(8.723731932559E0,-1.4E0,-8.E-1));
#14174=VERTEX_POINT('',#14172);
#14175=VERTEX_POINT('',#14173);
#14176=CARTESIAN_POINT('',(8.723731932559E0,-3.4E0,-8.E-1));
#14177=VERTEX_POINT('',#14176);
#14178=CARTESIAN_POINT('',(9.123731932559E0,-3.4E0,-2.E0));
#14179=VERTEX_POINT('',#14178);
#14180=CARTESIAN_POINT('',(1.062373193256E1,1.4E0,-2.E0));
#14181=CARTESIAN_POINT('',(1.102373193256E1,1.4E0,-8.E-1));
#14182=VERTEX_POINT('',#14180);
#14183=VERTEX_POINT('',#14181);
#14184=CARTESIAN_POINT('',(1.102373193256E1,3.4E0,-8.E-1));
#14185=VERTEX_POINT('',#14184);
#14186=CARTESIAN_POINT('',(1.062373193256E1,3.4E0,-2.E0));
#14187=VERTEX_POINT('',#14186);
#14188=CARTESIAN_POINT('',(9.123731932559E0,3.4E0,-2.E0));
#14189=CARTESIAN_POINT('',(8.723731932559E0,3.4E0,-8.E-1));
#14190=VERTEX_POINT('',#14188);
#14191=VERTEX_POINT('',#14189);
#14192=CARTESIAN_POINT('',(8.723731932559E0,1.4E0,-8.E-1));
#14193=VERTEX_POINT('',#14192);
#14194=CARTESIAN_POINT('',(9.123731932559E0,1.4E0,-2.E0));
#14195=VERTEX_POINT('',#14194);
#14196=CARTESIAN_POINT('',(4.8466E0,-3.4E0,8.9711E0));
#14197=CARTESIAN_POINT('',(4.8466E0,-4.2E0,8.9711E0));
#14198=VERTEX_POINT('',#14196);
#14199=VERTEX_POINT('',#14197);
#14200=CARTESIAN_POINT('',(4.8466E0,-3.4E0,1.2289E0));
#14201=CARTESIAN_POINT('',(4.8466E0,-4.2E0,1.2289E0));
#14202=VERTEX_POINT('',#14200);
#14203=VERTEX_POINT('',#14201);
#14204=CARTESIAN_POINT('',(3.9323E0,-4.2E0,1.03E1));
#14205=CARTESIAN_POINT('',(4.8466E0,-4.2E0,1.03E1));
#14206=VERTEX_POINT('',#14204);
#14207=VERTEX_POINT('',#14205);
#14208=CARTESIAN_POINT('',(4.8466E0,-3.4E0,1.03E1));
#14209=VERTEX_POINT('',#14208);
#14210=CARTESIAN_POINT('',(3.9323E0,-3.4E0,1.03E1));
#14211=VERTEX_POINT('',#14210);
#14212=CARTESIAN_POINT('',(3.9323E0,-4.2E0,-1.E-1));
#14213=CARTESIAN_POINT('',(4.8466E0,-4.2E0,-1.E-1));
#14214=VERTEX_POINT('',#14212);
#14215=VERTEX_POINT('',#14213);
#14216=CARTESIAN_POINT('',(3.9323E0,-3.4E0,-1.E-1));
#14217=VERTEX_POINT('',#14216);
#14218=CARTESIAN_POINT('',(4.8466E0,-3.4E0,-1.E-1));
#14219=VERTEX_POINT('',#14218);
#14220=CARTESIAN_POINT('',(4.8466E0,3.4E0,8.9711E0));
#14221=CARTESIAN_POINT('',(4.8466E0,4.2E0,8.9711E0));
#14222=VERTEX_POINT('',#14220);
#14223=VERTEX_POINT('',#14221);
#14224=CARTESIAN_POINT('',(4.8466E0,3.4E0,1.2289E0));
#14225=CARTESIAN_POINT('',(4.8466E0,4.2E0,1.2289E0));
#14226=VERTEX_POINT('',#14224);
#14227=VERTEX_POINT('',#14225);
#14228=CARTESIAN_POINT('',(4.8466E0,3.4E0,1.03E1));
#14229=VERTEX_POINT('',#14228);
#14230=CARTESIAN_POINT('',(3.9323E0,3.4E0,1.03E1));
#14231=VERTEX_POINT('',#14230);
#14232=CARTESIAN_POINT('',(3.9323E0,3.4E0,-1.E-1));
#14233=VERTEX_POINT('',#14232);
#14234=CARTESIAN_POINT('',(4.8466E0,3.4E0,-1.E-1));
#14235=VERTEX_POINT('',#14234);
#14236=CARTESIAN_POINT('',(4.8466E0,4.2E0,1.03E1));
#14237=VERTEX_POINT('',#14236);
#14238=CARTESIAN_POINT('',(3.9323E0,4.2E0,1.03E1));
#14239=VERTEX_POINT('',#14238);
#14240=CARTESIAN_POINT('',(3.9323E0,4.2E0,-1.E-1));
#14241=VERTEX_POINT('',#14240);
#14242=CARTESIAN_POINT('',(4.8466E0,4.2E0,-1.E-1));
#14243=VERTEX_POINT('',#14242);
#14244=CARTESIAN_POINT('',(1.102373193256E1,-3.4E0,-8.E-1));
#14245=DIRECTION('',(0.E0,-1.E0,0.E0));
#14246=DIRECTION('',(-1.E0,0.E0,0.E0));
#14247=AXIS2_PLACEMENT_3D('',#14244,#14245,#14246);
#14248=PLANE('',#14247);
#14250=ORIENTED_EDGE('',*,*,#14249,.F.);
#14252=ORIENTED_EDGE('',*,*,#14251,.T.);
#14254=ORIENTED_EDGE('',*,*,#14253,.F.);
#14256=ORIENTED_EDGE('',*,*,#14255,.F.);
#14257=EDGE_LOOP('',(#14250,#14252,#14254,#14256));
#14258=FACE_OUTER_BOUND('',#14257,.F.);
#14259=ADVANCED_FACE('',(#14258),#14248,.T.);
#14260=FILL_AREA_STYLE_COLOUR('',#8);
#14261=FILL_AREA_STYLE('',(#14260));
#14262=SURFACE_STYLE_FILL_AREA(#14261);
#14263=SURFACE_SIDE_STYLE('',(#14262));
#14264=SURFACE_STYLE_USAGE(.POSITIVE.,#14263);
#14265=PRESENTATION_STYLE_ASSIGNMENT((#14264));
#14266=STYLED_ITEM('',(#14265),#14259);
#14267=CARTESIAN_POINT('',(1.082373193256E1,-2.4E0,-1.4E0));
#14268=DIRECTION('',(9.486832980505E-1,0.E0,-3.162277660168E-1));
#14269=DIRECTION('',(3.162277660168E-1,0.E0,9.486832980505E-1));
#14270=AXIS2_PLACEMENT_3D('',#14267,#14268,#14269);
#14271=PLANE('',#14270);
#14272=ORIENTED_EDGE('',*,*,#14249,.T.);
#14274=ORIENTED_EDGE('',*,*,#14273,.F.);
#14276=ORIENTED_EDGE('',*,*,#14275,.T.);
#14278=ORIENTED_EDGE('',*,*,#14277,.T.);
#14279=EDGE_LOOP('',(#14272,#14274,#14276,#14278));
#14280=FACE_OUTER_BOUND('',#14279,.F.);
#14281=ADVANCED_FACE('',(#14280),#14271,.T.);
#14282=FILL_AREA_STYLE_COLOUR('',#9);
#14283=FILL_AREA_STYLE('',(#14282));
#14284=SURFACE_STYLE_FILL_AREA(#14283);
#14285=SURFACE_SIDE_STYLE('',(#14284));
#14286=SURFACE_STYLE_USAGE(.POSITIVE.,#14285);
#14287=PRESENTATION_STYLE_ASSIGNMENT((#14286));
#14288=STYLED_ITEM('',(#14287),#14281);
#14289=CARTESIAN_POINT('',(0.E0,0.E0,-8.E-1));
#14290=DIRECTION('',(0.E0,0.E0,1.E0));
#14291=DIRECTION('',(0.E0,-1.E0,0.E0));
#14292=AXIS2_PLACEMENT_3D('',#14289,#14290,#14291);
#14293=PLANE('',#14292);
#14295=ORIENTED_EDGE('',*,*,#14294,.T.);
#14297=ORIENTED_EDGE('',*,*,#14296,.F.);
#14299=ORIENTED_EDGE('',*,*,#14298,.T.);
#14301=ORIENTED_EDGE('',*,*,#14300,.T.);
#14303=ORIENTED_EDGE('',*,*,#14302,.T.);
#14305=ORIENTED_EDGE('',*,*,#14304,.T.);
#14307=ORIENTED_EDGE('',*,*,#14306,.T.);
#14309=ORIENTED_EDGE('',*,*,#14308,.F.);
#14310=EDGE_LOOP('',(#14295,#14297,#14299,#14301,#14303,#14305,#14307,#14309));
#14311=FACE_OUTER_BOUND('',#14310,.F.);
#14312=ORIENTED_EDGE('',*,*,#14273,.T.);
#14313=ORIENTED_EDGE('',*,*,#14255,.T.);
#14315=ORIENTED_EDGE('',*,*,#14314,.T.);
#14317=ORIENTED_EDGE('',*,*,#14316,.T.);
#14318=EDGE_LOOP('',(#14312,#14313,#14315,#14317));
#14319=FACE_BOUND('',#14318,.F.);
#14321=ORIENTED_EDGE('',*,*,#14320,.T.);
#14323=ORIENTED_EDGE('',*,*,#14322,.F.);
#14325=ORIENTED_EDGE('',*,*,#14324,.T.);
#14327=ORIENTED_EDGE('',*,*,#14326,.F.);
#14328=EDGE_LOOP('',(#14321,#14323,#14325,#14327));
#14329=FACE_BOUND('',#14328,.F.);
#14330=ADVANCED_FACE('',(#14311,#14319,#14329),#14293,.F.);
#14331=FILL_AREA_STYLE_COLOUR('',#8);
#14332=FILL_AREA_STYLE('',(#14331));
#14333=SURFACE_STYLE_FILL_AREA(#14332);
#14334=SURFACE_SIDE_STYLE('',(#14333));
#14335=SURFACE_STYLE_USAGE(.POSITIVE.,#14334);
#14336=PRESENTATION_STYLE_ASSIGNMENT((#14335));
#14337=STYLED_ITEM('',(#14336),#14330);
#14338=CARTESIAN_POINT('',(1.2E1,-5.E0,1.1E1));
#14339=DIRECTION('',(1.E0,0.E0,0.E0));
#14340=DIRECTION('',(0.E0,1.E0,0.E0));
#14341=AXIS2_PLACEMENT_3D('',#14338,#14339,#14340);
#14342=PLANE('',#14341);
#14344=ORIENTED_EDGE('',*,*,#14343,.T.);
#14345=ORIENTED_EDGE('',*,*,#14294,.F.);
#14347=ORIENTED_EDGE('',*,*,#14346,.T.);
#14349=ORIENTED_EDGE('',*,*,#14348,.T.);
#14350=EDGE_LOOP('',(#14344,#14345,#14347,#14349));
#14351=FACE_OUTER_BOUND('',#14350,.F.);
#14353=ORIENTED_EDGE('',*,*,#14352,.T.);
#14355=ORIENTED_EDGE('',*,*,#14354,.T.);
#14357=ORIENTED_EDGE('',*,*,#14356,.F.);
#14359=ORIENTED_EDGE('',*,*,#14358,.F.);
#14360=EDGE_LOOP('',(#14353,#14355,#14357,#14359));
#14361=FACE_BOUND('',#14360,.F.);
#14362=ADVANCED_FACE('',(#14351,#14361),#14342,.T.);
#14363=FILL_AREA_STYLE_COLOUR('',#10);
#14364=FILL_AREA_STYLE('',(#14363));
#14365=SURFACE_STYLE_FILL_AREA(#14364);
#14366=SURFACE_SIDE_STYLE('',(#14365));
#14367=SURFACE_STYLE_USAGE(.POSITIVE.,#14366);
#14368=PRESENTATION_STYLE_ASSIGNMENT((#14367));
#14369=STYLED_ITEM('',(#14368),#14362);
#14370=CARTESIAN_POINT('',(1.2E1,5.E0,1.1E1));
#14371=DIRECTION('',(0.E0,1.E0,0.E0));
#14372=DIRECTION('',(-1.E0,0.E0,0.E0));
#14373=AXIS2_PLACEMENT_3D('',#14370,#14371,#14372);
#14374=PLANE('',#14373);
#14376=ORIENTED_EDGE('',*,*,#14375,.T.);
#14378=ORIENTED_EDGE('',*,*,#14377,.T.);
#14380=ORIENTED_EDGE('',*,*,#14379,.T.);
#14382=ORIENTED_EDGE('',*,*,#14381,.T.);
#14384=ORIENTED_EDGE('',*,*,#14383,.T.);
#14386=ORIENTED_EDGE('',*,*,#14385,.F.);
#14387=ORIENTED_EDGE('',*,*,#14296,.T.);
#14388=ORIENTED_EDGE('',*,*,#14343,.F.);
#14389=EDGE_LOOP('',(#14376,#14378,#14380,#14382,#14384,#14386,#14387,#14388));
#14390=FACE_OUTER_BOUND('',#14389,.F.);
#14391=ADVANCED_FACE('',(#14390),#14374,.T.);
#14392=FILL_AREA_STYLE_COLOUR('',#8);
#14393=FILL_AREA_STYLE('',(#14392));
#14394=SURFACE_STYLE_FILL_AREA(#14393);
#14395=SURFACE_SIDE_STYLE('',(#14394));
#14396=SURFACE_STYLE_USAGE(.POSITIVE.,#14395);
#14397=PRESENTATION_STYLE_ASSIGNMENT((#14396));
#14398=STYLED_ITEM('',(#14397),#14391);
#14399=CARTESIAN_POINT('',(0.E0,0.E0,1.1E1));
#14400=DIRECTION('',(0.E0,0.E0,1.E0));
#14401=DIRECTION('',(0.E0,-1.E0,0.E0));
#14402=AXIS2_PLACEMENT_3D('',#14399,#14400,#14401);
#14403=PLANE('',#14402);
#14404=ORIENTED_EDGE('',*,*,#14348,.F.);
#14406=ORIENTED_EDGE('',*,*,#14405,.F.);
#14408=ORIENTED_EDGE('',*,*,#14407,.F.);
#14410=ORIENTED_EDGE('',*,*,#14409,.F.);
#14412=ORIENTED_EDGE('',*,*,#14411,.F.);
#14414=ORIENTED_EDGE('',*,*,#14413,.F.);
#14416=ORIENTED_EDGE('',*,*,#14415,.F.);
#14417=ORIENTED_EDGE('',*,*,#14375,.F.);
#14418=EDGE_LOOP('',(#14404,#14406,#14408,#14410,#14412,#14414,#14416,#14417));
#14419=FACE_OUTER_BOUND('',#14418,.F.);
#14420=ADVANCED_FACE('',(#14419),#14403,.T.);
#14421=FILL_AREA_STYLE_COLOUR('',#8);
#14422=FILL_AREA_STYLE('',(#14421));
#14423=SURFACE_STYLE_FILL_AREA(#14422);
#14424=SURFACE_SIDE_STYLE('',(#14423));
#14425=SURFACE_STYLE_USAGE(.POSITIVE.,#14424);
#14426=PRESENTATION_STYLE_ASSIGNMENT((#14425));
#14427=STYLED_ITEM('',(#14426),#14420);
#14428=CARTESIAN_POINT('',(3.9323E0,-5.E0,1.1E1));
#14429=DIRECTION('',(0.E0,-1.E0,0.E0));
#14430=DIRECTION('',(1.E0,0.E0,0.E0));
#14431=AXIS2_PLACEMENT_3D('',#14428,#14429,#14430);
#14432=PLANE('',#14431);
#14434=ORIENTED_EDGE('',*,*,#14433,.F.);
#14436=ORIENTED_EDGE('',*,*,#14435,.T.);
#14438=ORIENTED_EDGE('',*,*,#14437,.F.);
#14439=ORIENTED_EDGE('',*,*,#14405,.T.);
#14440=ORIENTED_EDGE('',*,*,#14346,.F.);
#14441=ORIENTED_EDGE('',*,*,#14308,.T.);
#14443=ORIENTED_EDGE('',*,*,#14442,.T.);
#14445=ORIENTED_EDGE('',*,*,#14444,.T.);
#14446=EDGE_LOOP('',(#14434,#14436,#14438,#14439,#14440,#14441,#14443,#14445));
#14447=FACE_OUTER_BOUND('',#14446,.F.);
#14448=ADVANCED_FACE('',(#14447),#14432,.T.);
#14449=FILL_AREA_STYLE_COLOUR('',#8);
#14450=FILL_AREA_STYLE('',(#14449));
#14451=SURFACE_STYLE_FILL_AREA(#14450);
#14452=SURFACE_SIDE_STYLE('',(#14451));
#14453=SURFACE_STYLE_USAGE(.POSITIVE.,#14452);
#14454=PRESENTATION_STYLE_ASSIGNMENT((#14453));
#14455=STYLED_ITEM('',(#14454),#14448);
#14456=CARTESIAN_POINT('',(8.5E0,-5.E0,1.1E1));
#14457=DIRECTION('',(-1.E0,0.E0,0.E0));
#14458=DIRECTION('',(0.E0,0.E0,-1.E0));
#14459=AXIS2_PLACEMENT_3D('',#14456,#14457,#14458);
#14460=PLANE('',#14459);
#14462=ORIENTED_EDGE('',*,*,#14461,.F.);
#14463=ORIENTED_EDGE('',*,*,#14433,.T.);
#14465=ORIENTED_EDGE('',*,*,#14464,.T.);
#14467=ORIENTED_EDGE('',*,*,#14466,.F.);
#14468=EDGE_LOOP('',(#14462,#14463,#14465,#14467));
#14469=FACE_OUTER_BOUND('',#14468,.F.);
#14470=ADVANCED_FACE('',(#14469),#14460,.T.);
#14471=FILL_AREA_STYLE_COLOUR('',#8);
#14472=FILL_AREA_STYLE('',(#14471));
#14473=SURFACE_STYLE_FILL_AREA(#14472);
#14474=SURFACE_SIDE_STYLE('',(#14473));
#14475=SURFACE_STYLE_USAGE(.POSITIVE.,#14474);
#14476=PRESENTATION_STYLE_ASSIGNMENT((#14475));
#14477=STYLED_ITEM('',(#14476),#14470);
#14478=CARTESIAN_POINT('',(0.E0,0.E0,1.03E1));
#14479=DIRECTION('',(0.E0,0.E0,1.E0));
#14480=DIRECTION('',(0.E0,-1.E0,0.E0));
#14481=AXIS2_PLACEMENT_3D('',#14478,#14479,#14480);
#14482=PLANE('',#14481);
#14484=ORIENTED_EDGE('',*,*,#14483,.T.);
#14486=ORIENTED_EDGE('',*,*,#14485,.T.);
#14488=ORIENTED_EDGE('',*,*,#14487,.T.);
#14490=ORIENTED_EDGE('',*,*,#14489,.T.);
#14492=ORIENTED_EDGE('',*,*,#14491,.T.);
#14494=ORIENTED_EDGE('',*,*,#14493,.F.);
#14496=ORIENTED_EDGE('',*,*,#14495,.F.);
#14498=ORIENTED_EDGE('',*,*,#14497,.T.);
#14499=ORIENTED_EDGE('',*,*,#14435,.F.);
#14500=ORIENTED_EDGE('',*,*,#14461,.T.);
#14502=ORIENTED_EDGE('',*,*,#14501,.F.);
#14503=ORIENTED_EDGE('',*,*,#14356,.T.);
#14505=ORIENTED_EDGE('',*,*,#14504,.T.);
#14507=ORIENTED_EDGE('',*,*,#14506,.F.);
#14508=ORIENTED_EDGE('',*,*,#14379,.F.);
#14510=ORIENTED_EDGE('',*,*,#14509,.T.);
#14511=EDGE_LOOP('',(#14484,#14486,#14488,#14490,#14492,#14494,#14496,#14498,
#14499,#14500,#14502,#14503,#14505,#14507,#14508,#14510));
#14512=FACE_OUTER_BOUND('',#14511,.F.);
#14513=ADVANCED_FACE('',(#14512),#14482,.F.);
#14514=FILL_AREA_STYLE_COLOUR('',#8);
#14515=FILL_AREA_STYLE('',(#14514));
#14516=SURFACE_STYLE_FILL_AREA(#14515);
#14517=SURFACE_SIDE_STYLE('',(#14516));
#14518=SURFACE_STYLE_USAGE(.POSITIVE.,#14517);
#14519=PRESENTATION_STYLE_ASSIGNMENT((#14518));
#14520=STYLED_ITEM('',(#14519),#14513);
#14521=CARTESIAN_POINT('',(0.E0,4.2E0,1.1E1));
#14522=DIRECTION('',(0.E0,1.E0,0.E0));
#14523=DIRECTION('',(0.E0,0.E0,1.E0));
#14524=AXIS2_PLACEMENT_3D('',#14521,#14522,#14523);
#14525=PLANE('',#14524);
#14527=ORIENTED_EDGE('',*,*,#14526,.F.);
#14528=ORIENTED_EDGE('',*,*,#14483,.F.);
#14530=ORIENTED_EDGE('',*,*,#14529,.F.);
#14531=EDGE_LOOP('',(#14527,#14528,#14530));
#14532=FACE_OUTER_BOUND('',#14531,.F.);
#14533=ADVANCED_FACE('',(#14532),#14525,.T.);
#14534=FILL_AREA_STYLE_COLOUR('',#3);
#14535=FILL_AREA_STYLE('',(#14534));
#14536=SURFACE_STYLE_FILL_AREA(#14535);
#14537=SURFACE_SIDE_STYLE('',(#14536));
#14538=SURFACE_STYLE_USAGE(.POSITIVE.,#14537);
#14539=PRESENTATION_STYLE_ASSIGNMENT((#14538));
#14540=STYLED_ITEM('',(#14539),#14533);
#14541=CARTESIAN_POINT('',(0.E0,4.2E0,1.1E1));
#14542=DIRECTION('',(0.E0,1.E0,0.E0));
#14543=DIRECTION('',(0.E0,0.E0,1.E0));
#14544=AXIS2_PLACEMENT_3D('',#14541,#14542,#14543);
#14545=PLANE('',#14544);
#14547=ORIENTED_EDGE('',*,*,#14546,.F.);
#14549=ORIENTED_EDGE('',*,*,#14548,.T.);
#14551=ORIENTED_EDGE('',*,*,#14550,.F.);
#14552=EDGE_LOOP('',(#14547,#14549,#14551));
#14553=FACE_OUTER_BOUND('',#14552,.F.);
#14554=ADVANCED_FACE('',(#14553),#14545,.T.);
#14555=FILL_AREA_STYLE_COLOUR('',#3);
#14556=FILL_AREA_STYLE('',(#14555));
#14557=SURFACE_STYLE_FILL_AREA(#14556);
#14558=SURFACE_SIDE_STYLE('',(#14557));
#14559=SURFACE_STYLE_USAGE(.POSITIVE.,#14558);
#14560=PRESENTATION_STYLE_ASSIGNMENT((#14559));
#14561=STYLED_ITEM('',(#14560),#14554);
#14562=CARTESIAN_POINT('',(4.8466E0,3.4E0,1.03E1));
#14563=DIRECTION('',(-1.E0,0.E0,0.E0));
#14564=DIRECTION('',(0.E0,0.E0,-1.E0));
#14565=AXIS2_PLACEMENT_3D('',#14562,#14563,#14564);
#14566=PLANE('',#14565);
#14568=ORIENTED_EDGE('',*,*,#14567,.F.);
#14569=ORIENTED_EDGE('',*,*,#14485,.F.);
#14570=ORIENTED_EDGE('',*,*,#14526,.T.);
#14572=ORIENTED_EDGE('',*,*,#14571,.F.);
#14573=EDGE_LOOP('',(#14568,#14569,#14570,#14572));
#14574=FACE_OUTER_BOUND('',#14573,.F.);
#14575=ADVANCED_FACE('',(#14574),#14566,.F.);
#14576=FILL_AREA_STYLE_COLOUR('',#7);
#14577=FILL_AREA_STYLE('',(#14576));
#14578=SURFACE_STYLE_FILL_AREA(#14577);
#14579=SURFACE_SIDE_STYLE('',(#14578));
#14580=SURFACE_STYLE_USAGE(.POSITIVE.,#14579);
#14581=PRESENTATION_STYLE_ASSIGNMENT((#14580));
#14582=STYLED_ITEM('',(#14581),#14575);
#14583=CARTESIAN_POINT('',(3.9323E0,3.4E0,1.1E1));
#14584=DIRECTION('',(0.E0,-1.E0,0.E0));
#14585=DIRECTION('',(1.E0,0.E0,0.E0));
#14586=AXIS2_PLACEMENT_3D('',#14583,#14584,#14585);
#14587=PLANE('',#14586);
#14589=ORIENTED_EDGE('',*,*,#14588,.T.);
#14591=ORIENTED_EDGE('',*,*,#14590,.T.);
#14593=ORIENTED_EDGE('',*,*,#14592,.F.);
#14594=ORIENTED_EDGE('',*,*,#14300,.F.);
#14596=ORIENTED_EDGE('',*,*,#14595,.T.);
#14598=ORIENTED_EDGE('',*,*,#14597,.T.);
#14599=EDGE_LOOP('',(#14589,#14591,#14593,#14594,#14596,#14598));
#14600=FACE_OUTER_BOUND('',#14599,.F.);
#14601=ADVANCED_FACE('',(#14600),#14587,.T.);
#14602=FILL_AREA_STYLE_COLOUR('',#8);
#14603=FILL_AREA_STYLE('',(#14602));
#14604=SURFACE_STYLE_FILL_AREA(#14603);
#14605=SURFACE_SIDE_STYLE('',(#14604));
#14606=SURFACE_STYLE_USAGE(.POSITIVE.,#14605);
#14607=PRESENTATION_STYLE_ASSIGNMENT((#14606));
#14608=STYLED_ITEM('',(#14607),#14601);
#14609=CARTESIAN_POINT('',(3.9323E0,3.4E0,1.1E1));
#14610=DIRECTION('',(0.E0,-1.E0,0.E0));
#14611=DIRECTION('',(1.E0,0.E0,0.E0));
#14612=AXIS2_PLACEMENT_3D('',#14609,#14610,#14611);
#14613=PLANE('',#14612);
#14614=ORIENTED_EDGE('',*,*,#14487,.F.);
#14615=ORIENTED_EDGE('',*,*,#14567,.T.);
#14617=ORIENTED_EDGE('',*,*,#14616,.T.);
#14619=ORIENTED_EDGE('',*,*,#14618,.F.);
#14620=ORIENTED_EDGE('',*,*,#14413,.T.);
#14622=ORIENTED_EDGE('',*,*,#14621,.T.);
#14623=EDGE_LOOP('',(#14614,#14615,#14617,#14619,#14620,#14622));
#14624=FACE_OUTER_BOUND('',#14623,.F.);
#14625=ADVANCED_FACE('',(#14624),#14613,.T.);
#14626=FILL_AREA_STYLE_COLOUR('',#8);
#14627=FILL_AREA_STYLE('',(#14626));
#14628=SURFACE_STYLE_FILL_AREA(#14627);
#14629=SURFACE_SIDE_STYLE('',(#14628));
#14630=SURFACE_STYLE_USAGE(.POSITIVE.,#14629);
#14631=PRESENTATION_STYLE_ASSIGNMENT((#14630));
#14632=STYLED_ITEM('',(#14631),#14625);
#14633=CARTESIAN_POINT('',(4.8466E0,3.4E0,1.2289E0));
#14634=DIRECTION('',(-1.E0,0.E0,0.E0));
#14635=DIRECTION('',(0.E0,0.E0,-1.E0));
#14636=AXIS2_PLACEMENT_3D('',#14633,#14634,#14635);
#14637=PLANE('',#14636);
#14638=ORIENTED_EDGE('',*,*,#14588,.F.);
#14640=ORIENTED_EDGE('',*,*,#14639,.T.);
#14641=ORIENTED_EDGE('',*,*,#14550,.T.);
#14643=ORIENTED_EDGE('',*,*,#14642,.T.);
#14644=EDGE_LOOP('',(#14638,#14640,#14641,#14643));
#14645=FACE_OUTER_BOUND('',#14644,.F.);
#14646=ADVANCED_FACE('',(#14645),#14637,.F.);
#14647=FILL_AREA_STYLE_COLOUR('',#7);
#14648=FILL_AREA_STYLE('',(#14647));
#14649=SURFACE_STYLE_FILL_AREA(#14648);
#14650=SURFACE_SIDE_STYLE('',(#14649));
#14651=SURFACE_STYLE_USAGE(.POSITIVE.,#14650);
#14652=PRESENTATION_STYLE_ASSIGNMENT((#14651));
#14653=STYLED_ITEM('',(#14652),#14646);
#14654=CARTESIAN_POINT('',(3.9323E0,3.4E0,-1.E-1));
#14655=DIRECTION('',(8.238447088116E-1,0.E0,-5.668155747358E-1));
#14656=DIRECTION('',(5.668155747358E-1,0.E0,8.238447088116E-1));
#14657=AXIS2_PLACEMENT_3D('',#14654,#14655,#14656);
#14658=PLANE('',#14657);
#14659=ORIENTED_EDGE('',*,*,#14597,.F.);
#14661=ORIENTED_EDGE('',*,*,#14660,.F.);
#14662=ORIENTED_EDGE('',*,*,#14546,.T.);
#14663=ORIENTED_EDGE('',*,*,#14639,.F.);
#14664=EDGE_LOOP('',(#14659,#14661,#14662,#14663));
#14665=FACE_OUTER_BOUND('',#14664,.F.);
#14666=ADVANCED_FACE('',(#14665),#14658,.F.);
#14667=FILL_AREA_STYLE_COLOUR('',#3);
#14668=FILL_AREA_STYLE('',(#14667));
#14669=SURFACE_STYLE_FILL_AREA(#14668);
#14670=SURFACE_SIDE_STYLE('',(#14669));
#14671=SURFACE_STYLE_USAGE(.POSITIVE.,#14670);
#14672=PRESENTATION_STYLE_ASSIGNMENT((#14671));
#14673=STYLED_ITEM('',(#14672),#14666);
#14674=CARTESIAN_POINT('',(3.9323E0,5.E0,-8.E-1));
#14675=DIRECTION('',(1.E0,0.E0,0.E0));
#14676=DIRECTION('',(0.E0,-1.E0,0.E0));
#14677=AXIS2_PLACEMENT_3D('',#14674,#14675,#14676);
#14678=PLANE('',#14677);
#14679=ORIENTED_EDGE('',*,*,#14660,.T.);
#14680=ORIENTED_EDGE('',*,*,#14595,.F.);
#14681=ORIENTED_EDGE('',*,*,#14298,.F.);
#14682=ORIENTED_EDGE('',*,*,#14385,.T.);
#14684=ORIENTED_EDGE('',*,*,#14683,.T.);
#14685=EDGE_LOOP('',(#14679,#14680,#14681,#14682,#14684));
#14686=FACE_OUTER_BOUND('',#14685,.F.);
#14687=ADVANCED_FACE('',(#14686),#14678,.F.);
#14688=FILL_AREA_STYLE_COLOUR('',#8);
#14689=FILL_AREA_STYLE('',(#14688));
#14690=SURFACE_STYLE_FILL_AREA(#14689);
#14691=SURFACE_SIDE_STYLE('',(#14690));
#14692=SURFACE_STYLE_USAGE(.POSITIVE.,#14691);
#14693=PRESENTATION_STYLE_ASSIGNMENT((#14692));
#14694=STYLED_ITEM('',(#14693),#14687);
#14695=CARTESIAN_POINT('',(0.E0,0.E0,-1.E-1));
#14696=DIRECTION('',(0.E0,0.E0,1.E0));
#14697=DIRECTION('',(0.E0,-1.E0,0.E0));
#14698=AXIS2_PLACEMENT_3D('',#14695,#14696,#14697);
#14699=PLANE('',#14698);
#14700=ORIENTED_EDGE('',*,*,#14548,.F.);
#14701=ORIENTED_EDGE('',*,*,#14683,.F.);
#14702=ORIENTED_EDGE('',*,*,#14383,.F.);
#14704=ORIENTED_EDGE('',*,*,#14703,.T.);
#14706=ORIENTED_EDGE('',*,*,#14705,.F.);
#14707=ORIENTED_EDGE('',*,*,#14352,.F.);
#14709=ORIENTED_EDGE('',*,*,#14708,.T.);
#14710=ORIENTED_EDGE('',*,*,#14464,.F.);
#14711=ORIENTED_EDGE('',*,*,#14444,.F.);
#14713=ORIENTED_EDGE('',*,*,#14712,.F.);
#14715=ORIENTED_EDGE('',*,*,#14714,.T.);
#14717=ORIENTED_EDGE('',*,*,#14716,.T.);
#14719=ORIENTED_EDGE('',*,*,#14718,.F.);
#14721=ORIENTED_EDGE('',*,*,#14720,.F.);
#14722=ORIENTED_EDGE('',*,*,#14590,.F.);
#14723=ORIENTED_EDGE('',*,*,#14642,.F.);
#14724=EDGE_LOOP('',(#14700,#14701,#14702,#14704,#14706,#14707,#14709,#14710,
#14711,#14713,#14715,#14717,#14719,#14721,#14722,#14723));
#14725=FACE_OUTER_BOUND('',#14724,.F.);
#14726=ADVANCED_FACE('',(#14725),#14699,.T.);
#14727=FILL_AREA_STYLE_COLOUR('',#8);
#14728=FILL_AREA_STYLE('',(#14727));
#14729=SURFACE_STYLE_FILL_AREA(#14728);
#14730=SURFACE_SIDE_STYLE('',(#14729));
#14731=SURFACE_STYLE_USAGE(.POSITIVE.,#14730);
#14732=PRESENTATION_STYLE_ASSIGNMENT((#14731));
#14733=STYLED_ITEM('',(#14732),#14726);
#14734=CARTESIAN_POINT('',(8.5E0,5.E0,1.1E1));
#14735=DIRECTION('',(1.E0,0.E0,0.E0));
#14736=DIRECTION('',(0.E0,0.E0,-1.E0));
#14737=AXIS2_PLACEMENT_3D('',#14734,#14735,#14736);
#14738=PLANE('',#14737);
#14739=ORIENTED_EDGE('',*,*,#14381,.F.);
#14740=ORIENTED_EDGE('',*,*,#14506,.T.);
#14742=ORIENTED_EDGE('',*,*,#14741,.T.);
#14743=ORIENTED_EDGE('',*,*,#14703,.F.);
#14744=EDGE_LOOP('',(#14739,#14740,#14742,#14743));
#14745=FACE_OUTER_BOUND('',#14744,.F.);
#14746=ADVANCED_FACE('',(#14745),#14738,.F.);
#14747=FILL_AREA_STYLE_COLOUR('',#8);
#14748=FILL_AREA_STYLE('',(#14747));
#14749=SURFACE_STYLE_FILL_AREA(#14748);
#14750=SURFACE_SIDE_STYLE('',(#14749));
#14751=SURFACE_STYLE_USAGE(.POSITIVE.,#14750);
#14752=PRESENTATION_STYLE_ASSIGNMENT((#14751));
#14753=STYLED_ITEM('',(#14752),#14746);
#14754=CARTESIAN_POINT('',(0.E0,4.3E0,1.1E1));
#14755=DIRECTION('',(0.E0,-1.E0,0.E0));
#14756=DIRECTION('',(0.E0,0.E0,-1.E0));
#14757=AXIS2_PLACEMENT_3D('',#14754,#14755,#14756);
#14758=PLANE('',#14757);
#14759=ORIENTED_EDGE('',*,*,#14741,.F.);
#14760=ORIENTED_EDGE('',*,*,#14504,.F.);
#14761=ORIENTED_EDGE('',*,*,#14354,.F.);
#14762=ORIENTED_EDGE('',*,*,#14705,.T.);
#14763=EDGE_LOOP('',(#14759,#14760,#14761,#14762));
#14764=FACE_OUTER_BOUND('',#14763,.F.);
#14765=ADVANCED_FACE('',(#14764),#14758,.T.);
#14766=FILL_AREA_STYLE_COLOUR('',#8);
#14767=FILL_AREA_STYLE('',(#14766));
#14768=SURFACE_STYLE_FILL_AREA(#14767);
#14769=SURFACE_SIDE_STYLE('',(#14768));
#14770=SURFACE_STYLE_USAGE(.POSITIVE.,#14769);
#14771=PRESENTATION_STYLE_ASSIGNMENT((#14770));
#14772=STYLED_ITEM('',(#14771),#14765);
#14773=CARTESIAN_POINT('',(0.E0,-4.3E0,1.1E1));
#14774=DIRECTION('',(0.E0,-1.E0,0.E0));
#14775=DIRECTION('',(0.E0,0.E0,-1.E0));
#14776=AXIS2_PLACEMENT_3D('',#14773,#14774,#14775);
#14777=PLANE('',#14776);
#14778=ORIENTED_EDGE('',*,*,#14501,.T.);
#14779=ORIENTED_EDGE('',*,*,#14466,.T.);
#14780=ORIENTED_EDGE('',*,*,#14708,.F.);
#14781=ORIENTED_EDGE('',*,*,#14358,.T.);
#14782=EDGE_LOOP('',(#14778,#14779,#14780,#14781));
#14783=FACE_OUTER_BOUND('',#14782,.F.);
#14784=ADVANCED_FACE('',(#14783),#14777,.F.);
#14785=FILL_AREA_STYLE_COLOUR('',#8);
#14786=FILL_AREA_STYLE('',(#14785));
#14787=SURFACE_STYLE_FILL_AREA(#14786);
#14788=SURFACE_SIDE_STYLE('',(#14787));
#14789=SURFACE_STYLE_USAGE(.POSITIVE.,#14788);
#14790=PRESENTATION_STYLE_ASSIGNMENT((#14789));
#14791=STYLED_ITEM('',(#14790),#14784);
#14792=CARTESIAN_POINT('',(3.9323E0,-3.4E0,-8.E-1));
#14793=DIRECTION('',(1.E0,0.E0,0.E0));
#14794=DIRECTION('',(0.E0,-1.E0,0.E0));
#14795=AXIS2_PLACEMENT_3D('',#14792,#14793,#14794);
#14796=PLANE('',#14795);
#14798=ORIENTED_EDGE('',*,*,#14797,.F.);
#14799=ORIENTED_EDGE('',*,*,#14712,.T.);
#14800=ORIENTED_EDGE('',*,*,#14442,.F.);
#14801=ORIENTED_EDGE('',*,*,#14306,.F.);
#14803=ORIENTED_EDGE('',*,*,#14802,.T.);
#14804=EDGE_LOOP('',(#14798,#14799,#14800,#14801,#14803));
#14805=FACE_OUTER_BOUND('',#14804,.F.);
#14806=ADVANCED_FACE('',(#14805),#14796,.F.);
#14807=FILL_AREA_STYLE_COLOUR('',#8);
#14808=FILL_AREA_STYLE('',(#14807));
#14809=SURFACE_STYLE_FILL_AREA(#14808);
#14810=SURFACE_SIDE_STYLE('',(#14809));
#14811=SURFACE_STYLE_USAGE(.POSITIVE.,#14810);
#14812=PRESENTATION_STYLE_ASSIGNMENT((#14811));
#14813=STYLED_ITEM('',(#14812),#14806);
#14814=CARTESIAN_POINT('',(3.9323E0,-3.4E0,-1.E-1));
#14815=DIRECTION('',(-8.238447088116E-1,0.E0,5.668155747358E-1));
#14816=DIRECTION('',(5.668155747358E-1,0.E0,8.238447088116E-1));
#14817=AXIS2_PLACEMENT_3D('',#14814,#14815,#14816);
#14818=PLANE('',#14817);
#14819=ORIENTED_EDGE('',*,*,#14797,.T.);
#14821=ORIENTED_EDGE('',*,*,#14820,.T.);
#14823=ORIENTED_EDGE('',*,*,#14822,.T.);
#14825=ORIENTED_EDGE('',*,*,#14824,.F.);
#14826=EDGE_LOOP('',(#14819,#14821,#14823,#14825));
#14827=FACE_OUTER_BOUND('',#14826,.F.);
#14828=ADVANCED_FACE('',(#14827),#14818,.T.);
#14829=FILL_AREA_STYLE_COLOUR('',#8);
#14830=FILL_AREA_STYLE('',(#14829));
#14831=SURFACE_STYLE_FILL_AREA(#14830);
#14832=SURFACE_SIDE_STYLE('',(#14831));
#14833=SURFACE_STYLE_USAGE(.POSITIVE.,#14832);
#14834=PRESENTATION_STYLE_ASSIGNMENT((#14833));
#14835=STYLED_ITEM('',(#14834),#14828);
#14836=CARTESIAN_POINT('',(6.5323E0,-3.4E0,1.1E1));
#14837=DIRECTION('',(0.E0,1.E0,0.E0));
#14838=DIRECTION('',(-1.E0,0.E0,0.E0));
#14839=AXIS2_PLACEMENT_3D('',#14836,#14837,#14838);
#14840=PLANE('',#14839);
#14841=ORIENTED_EDGE('',*,*,#14820,.F.);
#14842=ORIENTED_EDGE('',*,*,#14802,.F.);
#14843=ORIENTED_EDGE('',*,*,#14304,.F.);
#14845=ORIENTED_EDGE('',*,*,#14844,.T.);
#14846=ORIENTED_EDGE('',*,*,#14718,.T.);
#14848=ORIENTED_EDGE('',*,*,#14847,.F.);
#14849=EDGE_LOOP('',(#14841,#14842,#14843,#14845,#14846,#14848));
#14850=FACE_OUTER_BOUND('',#14849,.F.);
#14851=ADVANCED_FACE('',(#14850),#14840,.T.);
#14852=FILL_AREA_STYLE_COLOUR('',#8);
#14853=FILL_AREA_STYLE('',(#14852));
#14854=SURFACE_STYLE_FILL_AREA(#14853);
#14855=SURFACE_SIDE_STYLE('',(#14854));
#14856=SURFACE_STYLE_USAGE(.POSITIVE.,#14855);
#14857=PRESENTATION_STYLE_ASSIGNMENT((#14856));
#14858=STYLED_ITEM('',(#14857),#14851);
#14859=CARTESIAN_POINT('',(6.5323E0,-3.4E0,1.1E1));
#14860=DIRECTION('',(0.E0,1.E0,0.E0));
#14861=DIRECTION('',(-1.E0,0.E0,0.E0));
#14862=AXIS2_PLACEMENT_3D('',#14859,#14860,#14861);
#14863=PLANE('',#14862);
#14865=ORIENTED_EDGE('',*,*,#14864,.T.);
#14867=ORIENTED_EDGE('',*,*,#14866,.F.);
#14869=ORIENTED_EDGE('',*,*,#14868,.F.);
#14870=ORIENTED_EDGE('',*,*,#14491,.F.);
#14872=ORIENTED_EDGE('',*,*,#14871,.F.);
#14873=ORIENTED_EDGE('',*,*,#14409,.T.);
#14874=EDGE_LOOP('',(#14865,#14867,#14869,#14870,#14872,#14873));
#14875=FACE_OUTER_BOUND('',#14874,.F.);
#14876=ADVANCED_FACE('',(#14875),#14863,.T.);
#14877=FILL_AREA_STYLE_COLOUR('',#8);
#14878=FILL_AREA_STYLE('',(#14877));
#14879=SURFACE_STYLE_FILL_AREA(#14878);
#14880=SURFACE_SIDE_STYLE('',(#14879));
#14881=SURFACE_STYLE_USAGE(.POSITIVE.,#14880);
#14882=PRESENTATION_STYLE_ASSIGNMENT((#14881));
#14883=STYLED_ITEM('',(#14882),#14876);
#14884=CARTESIAN_POINT('',(6.5323E0,3.4E0,-8.E-1));
#14885=DIRECTION('',(1.E0,0.E0,0.E0));
#14886=DIRECTION('',(0.E0,-1.E0,0.E0));
#14887=AXIS2_PLACEMENT_3D('',#14884,#14885,#14886);
#14888=PLANE('',#14887);
#14889=ORIENTED_EDGE('',*,*,#14302,.F.);
#14890=ORIENTED_EDGE('',*,*,#14592,.T.);
#14891=ORIENTED_EDGE('',*,*,#14720,.T.);
#14892=ORIENTED_EDGE('',*,*,#14844,.F.);
#14893=EDGE_LOOP('',(#14889,#14890,#14891,#14892));
#14894=FACE_OUTER_BOUND('',#14893,.F.);
#14895=ADVANCED_FACE('',(#14894),#14888,.F.);
#14896=FILL_AREA_STYLE_COLOUR('',#8);
#14897=FILL_AREA_STYLE('',(#14896));
#14898=SURFACE_STYLE_FILL_AREA(#14897);
#14899=SURFACE_SIDE_STYLE('',(#14898));
#14900=SURFACE_STYLE_USAGE(.POSITIVE.,#14899);
#14901=PRESENTATION_STYLE_ASSIGNMENT((#14900));
#14902=STYLED_ITEM('',(#14901),#14895);
#14903=CARTESIAN_POINT('',(4.8466E0,-3.4E0,1.2289E0));
#14904=DIRECTION('',(1.E0,0.E0,0.E0));
#14905=DIRECTION('',(0.E0,0.E0,-1.E0));
#14906=AXIS2_PLACEMENT_3D('',#14903,#14904,#14905);
#14907=PLANE('',#14906);
#14908=ORIENTED_EDGE('',*,*,#14716,.F.);
#14910=ORIENTED_EDGE('',*,*,#14909,.F.);
#14911=ORIENTED_EDGE('',*,*,#14822,.F.);
#14912=ORIENTED_EDGE('',*,*,#14847,.T.);
#14913=EDGE_LOOP('',(#14908,#14910,#14911,#14912));
#14914=FACE_OUTER_BOUND('',#14913,.F.);
#14915=ADVANCED_FACE('',(#14914),#14907,.T.);
#14916=FILL_AREA_STYLE_COLOUR('',#8);
#14917=FILL_AREA_STYLE('',(#14916));
#14918=SURFACE_STYLE_FILL_AREA(#14917);
#14919=SURFACE_SIDE_STYLE('',(#14918));
#14920=SURFACE_STYLE_USAGE(.POSITIVE.,#14919);
#14921=PRESENTATION_STYLE_ASSIGNMENT((#14920));
#14922=STYLED_ITEM('',(#14921),#14915);
#14923=CARTESIAN_POINT('',(0.E0,-4.2E0,1.1E1));
#14924=DIRECTION('',(0.E0,1.E0,0.E0));
#14925=DIRECTION('',(0.E0,0.E0,1.E0));
#14926=AXIS2_PLACEMENT_3D('',#14923,#14924,#14925);
#14927=PLANE('',#14926);
#14928=ORIENTED_EDGE('',*,*,#14495,.T.);
#14930=ORIENTED_EDGE('',*,*,#14929,.T.);
#14932=ORIENTED_EDGE('',*,*,#14931,.T.);
#14933=EDGE_LOOP('',(#14928,#14930,#14932));
#14934=FACE_OUTER_BOUND('',#14933,.F.);
#14935=ADVANCED_FACE('',(#14934),#14927,.F.);
#14936=FILL_AREA_STYLE_COLOUR('',#8);
#14937=FILL_AREA_STYLE('',(#14936));
#14938=SURFACE_STYLE_FILL_AREA(#14937);
#14939=SURFACE_SIDE_STYLE('',(#14938));
#14940=SURFACE_STYLE_USAGE(.POSITIVE.,#14939);
#14941=PRESENTATION_STYLE_ASSIGNMENT((#14940));
#14942=STYLED_ITEM('',(#14941),#14935);
#14943=CARTESIAN_POINT('',(0.E0,-4.2E0,1.1E1));
#14944=DIRECTION('',(0.E0,1.E0,0.E0));
#14945=DIRECTION('',(0.E0,0.E0,1.E0));
#14946=AXIS2_PLACEMENT_3D('',#14943,#14944,#14945);
#14947=PLANE('',#14946);
#14948=ORIENTED_EDGE('',*,*,#14714,.F.);
#14949=ORIENTED_EDGE('',*,*,#14824,.T.);
#14950=ORIENTED_EDGE('',*,*,#14909,.T.);
#14951=EDGE_LOOP('',(#14948,#14949,#14950));
#14952=FACE_OUTER_BOUND('',#14951,.F.);
#14953=ADVANCED_FACE('',(#14952),#14947,.F.);
#14954=FILL_AREA_STYLE_COLOUR('',#8);
#14955=FILL_AREA_STYLE('',(#14954));
#14956=SURFACE_STYLE_FILL_AREA(#14955);
#14957=SURFACE_SIDE_STYLE('',(#14956));
#14958=SURFACE_STYLE_USAGE(.POSITIVE.,#14957);
#14959=PRESENTATION_STYLE_ASSIGNMENT((#14958));
#14960=STYLED_ITEM('',(#14959),#14953);
#14961=CARTESIAN_POINT('',(4.8466E0,-3.4E0,1.03E1));
#14962=DIRECTION('',(1.E0,0.E0,0.E0));
#14963=DIRECTION('',(0.E0,0.E0,-1.E0));
#14964=AXIS2_PLACEMENT_3D('',#14961,#14962,#14963);
#14965=PLANE('',#14964);
#14966=ORIENTED_EDGE('',*,*,#14493,.T.);
#14967=ORIENTED_EDGE('',*,*,#14868,.T.);
#14969=ORIENTED_EDGE('',*,*,#14968,.T.);
#14970=ORIENTED_EDGE('',*,*,#14929,.F.);
#14971=EDGE_LOOP('',(#14966,#14967,#14969,#14970));
#14972=FACE_OUTER_BOUND('',#14971,.F.);
#14973=ADVANCED_FACE('',(#14972),#14965,.T.);
#14974=FILL_AREA_STYLE_COLOUR('',#8);
#14975=FILL_AREA_STYLE('',(#14974));
#14976=SURFACE_STYLE_FILL_AREA(#14975);
#14977=SURFACE_SIDE_STYLE('',(#14976));
#14978=SURFACE_STYLE_USAGE(.POSITIVE.,#14977);
#14979=PRESENTATION_STYLE_ASSIGNMENT((#14978));
#14980=STYLED_ITEM('',(#14979),#14973);
#14981=CARTESIAN_POINT('',(4.8466E0,-3.4E0,8.9711E0));
#14982=DIRECTION('',(-8.238447088116E-1,0.E0,-5.668155747358E-1));
#14983=DIRECTION('',(-5.668155747358E-1,0.E0,8.238447088116E-1));
#14984=AXIS2_PLACEMENT_3D('',#14981,#14982,#14983);
#14985=PLANE('',#14984);
#14987=ORIENTED_EDGE('',*,*,#14986,.F.);
#14988=ORIENTED_EDGE('',*,*,#14931,.F.);
#14989=ORIENTED_EDGE('',*,*,#14968,.F.);
#14990=ORIENTED_EDGE('',*,*,#14866,.T.);
#14991=EDGE_LOOP('',(#14987,#14988,#14989,#14990));
#14992=FACE_OUTER_BOUND('',#14991,.F.);
#14993=ADVANCED_FACE('',(#14992),#14985,.T.);
#14994=FILL_AREA_STYLE_COLOUR('',#8);
#14995=FILL_AREA_STYLE('',(#14994));
#14996=SURFACE_STYLE_FILL_AREA(#14995);
#14997=SURFACE_SIDE_STYLE('',(#14996));
#14998=SURFACE_STYLE_USAGE(.POSITIVE.,#14997);
#14999=PRESENTATION_STYLE_ASSIGNMENT((#14998));
#15000=STYLED_ITEM('',(#14999),#14993);
#15001=CARTESIAN_POINT('',(3.9323E0,-3.4E0,1.1E1));
#15002=DIRECTION('',(-1.E0,0.E0,0.E0));
#15003=DIRECTION('',(0.E0,-1.E0,0.E0));
#15004=AXIS2_PLACEMENT_3D('',#15001,#15002,#15003);
#15005=PLANE('',#15004);
#15006=ORIENTED_EDGE('',*,*,#14986,.T.);
#15007=ORIENTED_EDGE('',*,*,#14864,.F.);
#15008=ORIENTED_EDGE('',*,*,#14407,.T.);
#15009=ORIENTED_EDGE('',*,*,#14437,.T.);
#15010=ORIENTED_EDGE('',*,*,#14497,.F.);
#15011=EDGE_LOOP('',(#15006,#15007,#15008,#15009,#15010));
#15012=FACE_OUTER_BOUND('',#15011,.F.);
#15013=ADVANCED_FACE('',(#15012),#15005,.T.);
#15014=FILL_AREA_STYLE_COLOUR('',#8);
#15015=FILL_AREA_STYLE('',(#15014));
#15016=SURFACE_STYLE_FILL_AREA(#15015);
#15017=SURFACE_SIDE_STYLE('',(#15016));
#15018=SURFACE_STYLE_USAGE(.POSITIVE.,#15017);
#15019=PRESENTATION_STYLE_ASSIGNMENT((#15018));
#15020=STYLED_ITEM('',(#15019),#15013);
#15021=CARTESIAN_POINT('',(6.5323E0,3.4E0,1.1E1));
#15022=DIRECTION('',(-1.E0,0.E0,0.E0));
#15023=DIRECTION('',(0.E0,-1.E0,0.E0));
#15024=AXIS2_PLACEMENT_3D('',#15021,#15022,#15023);
#15025=PLANE('',#15024);
#15026=ORIENTED_EDGE('',*,*,#14411,.T.);
#15027=ORIENTED_EDGE('',*,*,#14871,.T.);
#15028=ORIENTED_EDGE('',*,*,#14489,.F.);
#15029=ORIENTED_EDGE('',*,*,#14621,.F.);
#15030=EDGE_LOOP('',(#15026,#15027,#15028,#15029));
#15031=FACE_OUTER_BOUND('',#15030,.F.);
#15032=ADVANCED_FACE('',(#15031),#15025,.T.);
#15033=FILL_AREA_STYLE_COLOUR('',#8);
#15034=FILL_AREA_STYLE('',(#15033));
#15035=SURFACE_STYLE_FILL_AREA(#15034);
#15036=SURFACE_SIDE_STYLE('',(#15035));
#15037=SURFACE_STYLE_USAGE(.POSITIVE.,#15036);
#15038=PRESENTATION_STYLE_ASSIGNMENT((#15037));
#15039=STYLED_ITEM('',(#15038),#15032);
#15040=CARTESIAN_POINT('',(4.8466E0,3.4E0,8.9711E0));
#15041=DIRECTION('',(8.238447088116E-1,0.E0,5.668155747358E-1));
#15042=DIRECTION('',(-5.668155747358E-1,0.E0,8.238447088116E-1));
#15043=AXIS2_PLACEMENT_3D('',#15040,#15041,#15042);
#15044=PLANE('',#15043);
#15045=ORIENTED_EDGE('',*,*,#14616,.F.);
#15046=ORIENTED_EDGE('',*,*,#14571,.T.);
#15047=ORIENTED_EDGE('',*,*,#14529,.T.);
#15049=ORIENTED_EDGE('',*,*,#15048,.T.);
#15050=EDGE_LOOP('',(#15045,#15046,#15047,#15049));
#15051=FACE_OUTER_BOUND('',#15050,.F.);
#15052=ADVANCED_FACE('',(#15051),#15044,.F.);
#15053=FILL_AREA_STYLE_COLOUR('',#3);
#15054=FILL_AREA_STYLE('',(#15053));
#15055=SURFACE_STYLE_FILL_AREA(#15054);
#15056=SURFACE_SIDE_STYLE('',(#15055));
#15057=SURFACE_STYLE_USAGE(.POSITIVE.,#15056);
#15058=PRESENTATION_STYLE_ASSIGNMENT((#15057));
#15059=STYLED_ITEM('',(#15058),#15052);
#15060=CARTESIAN_POINT('',(3.9323E0,5.E0,1.1E1));
#15061=DIRECTION('',(-1.E0,0.E0,0.E0));
#15062=DIRECTION('',(0.E0,-1.E0,0.E0));
#15063=AXIS2_PLACEMENT_3D('',#15060,#15061,#15062);
#15064=PLANE('',#15063);
#15065=ORIENTED_EDGE('',*,*,#15048,.F.);
#15066=ORIENTED_EDGE('',*,*,#14509,.F.);
#15067=ORIENTED_EDGE('',*,*,#14377,.F.);
#15068=ORIENTED_EDGE('',*,*,#14415,.T.);
#15069=ORIENTED_EDGE('',*,*,#14618,.T.);
#15070=EDGE_LOOP('',(#15065,#15066,#15067,#15068,#15069));
#15071=FACE_OUTER_BOUND('',#15070,.F.);
#15072=ADVANCED_FACE('',(#15071),#15064,.T.);
#15073=FILL_AREA_STYLE_COLOUR('',#8);
#15074=FILL_AREA_STYLE('',(#15073));
#15075=SURFACE_STYLE_FILL_AREA(#15074);
#15076=SURFACE_SIDE_STYLE('',(#15075));
#15077=SURFACE_STYLE_USAGE(.POSITIVE.,#15076);
#15078=PRESENTATION_STYLE_ASSIGNMENT((#15077));
#15079=STYLED_ITEM('',(#15078),#15072);
#15080=CARTESIAN_POINT('',(8.923731932559E0,-2.4E0,-1.4E0));
#15081=DIRECTION('',(-9.486832980505E-1,0.E0,-3.162277660168E-1));
#15082=DIRECTION('',(-3.162277660168E-1,0.E0,9.486832980505E-1));
#15083=AXIS2_PLACEMENT_3D('',#15080,#15081,#15082);
#15084=PLANE('',#15083);
#15086=ORIENTED_EDGE('',*,*,#15085,.T.);
#15087=ORIENTED_EDGE('',*,*,#14314,.F.);
#15088=ORIENTED_EDGE('',*,*,#14253,.T.);
#15090=ORIENTED_EDGE('',*,*,#15089,.T.);
#15091=EDGE_LOOP('',(#15086,#15087,#15088,#15090));
#15092=FACE_OUTER_BOUND('',#15091,.F.);
#15093=ADVANCED_FACE('',(#15092),#15084,.T.);
#15094=FILL_AREA_STYLE_COLOUR('',#8);
#15095=FILL_AREA_STYLE('',(#15094));
#15096=SURFACE_STYLE_FILL_AREA(#15095);
#15097=SURFACE_SIDE_STYLE('',(#15096));
#15098=SURFACE_STYLE_USAGE(.POSITIVE.,#15097);
#15099=PRESENTATION_STYLE_ASSIGNMENT((#15098));
#15100=STYLED_ITEM('',(#15099),#15093);
#15101=CARTESIAN_POINT('',(8.723731932559E0,-1.4E0,-8.E-1));
#15102=DIRECTION('',(0.E0,1.E0,0.E0));
#15103=DIRECTION('',(1.E0,0.E0,0.E0));
#15104=AXIS2_PLACEMENT_3D('',#15101,#15102,#15103);
#15105=PLANE('',#15104);
#15106=ORIENTED_EDGE('',*,*,#14275,.F.);
#15107=ORIENTED_EDGE('',*,*,#14316,.F.);
#15108=ORIENTED_EDGE('',*,*,#15085,.F.);
#15110=ORIENTED_EDGE('',*,*,#15109,.T.);
#15111=EDGE_LOOP('',(#15106,#15107,#15108,#15110));
#15112=FACE_OUTER_BOUND('',#15111,.F.);
#15113=ADVANCED_FACE('',(#15112),#15105,.T.);
#15114=FILL_AREA_STYLE_COLOUR('',#8);
#15115=FILL_AREA_STYLE('',(#15114));
#15116=SURFACE_STYLE_FILL_AREA(#15115);
#15117=SURFACE_SIDE_STYLE('',(#15116));
#15118=SURFACE_STYLE_USAGE(.POSITIVE.,#15117);
#15119=PRESENTATION_STYLE_ASSIGNMENT((#15118));
#15120=STYLED_ITEM('',(#15119),#15113);
#15121=CARTESIAN_POINT('',(-1.2E1,2.35E0,-2.E0));
#15122=DIRECTION('',(0.E0,0.E0,-1.E0));
#15123=DIRECTION('',(1.E0,0.E0,0.E0));
#15124=AXIS2_PLACEMENT_3D('',#15121,#15122,#15123);
#15125=PLANE('',#15124);
#15126=ORIENTED_EDGE('',*,*,#14277,.F.);
#15127=ORIENTED_EDGE('',*,*,#15109,.F.);
#15128=ORIENTED_EDGE('',*,*,#15089,.F.);
#15129=ORIENTED_EDGE('',*,*,#14251,.F.);
#15130=EDGE_LOOP('',(#15126,#15127,#15128,#15129));
#15131=FACE_OUTER_BOUND('',#15130,.F.);
#15132=ADVANCED_FACE('',(#15131),#15125,.T.);
#15133=FILL_AREA_STYLE_COLOUR('',#8);
#15134=FILL_AREA_STYLE('',(#15133));
#15135=SURFACE_STYLE_FILL_AREA(#15134);
#15136=SURFACE_SIDE_STYLE('',(#15135));
#15137=SURFACE_STYLE_USAGE(.POSITIVE.,#15136);
#15138=PRESENTATION_STYLE_ASSIGNMENT((#15137));
#15139=STYLED_ITEM('',(#15138),#15132);
#15140=CARTESIAN_POINT('',(1.082373193256E1,2.4E0,-1.4E0));
#15141=DIRECTION('',(9.486832980505E-1,0.E0,-3.162277660168E-1));
#15142=DIRECTION('',(3.162277660168E-1,0.E0,9.486832980505E-1));
#15143=AXIS2_PLACEMENT_3D('',#15140,#15141,#15142);
#15144=PLANE('',#15143);
#15146=ORIENTED_EDGE('',*,*,#15145,.T.);
#15147=ORIENTED_EDGE('',*,*,#14320,.F.);
#15149=ORIENTED_EDGE('',*,*,#15148,.T.);
#15151=ORIENTED_EDGE('',*,*,#15150,.T.);
#15152=EDGE_LOOP('',(#15146,#15147,#15149,#15151));
#15153=FACE_OUTER_BOUND('',#15152,.F.);
#15154=ADVANCED_FACE('',(#15153),#15144,.T.);
#15155=FILL_AREA_STYLE_COLOUR('',#9);
#15156=FILL_AREA_STYLE('',(#15155));
#15157=SURFACE_STYLE_FILL_AREA(#15156);
#15158=SURFACE_SIDE_STYLE('',(#15157));
#15159=SURFACE_STYLE_USAGE(.POSITIVE.,#15158);
#15160=PRESENTATION_STYLE_ASSIGNMENT((#15159));
#15161=STYLED_ITEM('',(#15160),#15154);
#15162=CARTESIAN_POINT('',(8.723731932559E0,1.4E0,-8.E-1));
#15163=DIRECTION('',(0.E0,1.E0,0.E0));
#15164=DIRECTION('',(1.E0,0.E0,0.E0));
#15165=AXIS2_PLACEMENT_3D('',#15162,#15163,#15164);
#15166=PLANE('',#15165);
#15167=ORIENTED_EDGE('',*,*,#15145,.F.);
#15169=ORIENTED_EDGE('',*,*,#15168,.F.);
#15171=ORIENTED_EDGE('',*,*,#15170,.F.);
#15172=ORIENTED_EDGE('',*,*,#14322,.T.);
#15173=EDGE_LOOP('',(#15167,#15169,#15171,#15172));
#15174=FACE_OUTER_BOUND('',#15173,.F.);
#15175=ADVANCED_FACE('',(#15174),#15166,.F.);
#15176=FILL_AREA_STYLE_COLOUR('',#8);
#15177=FILL_AREA_STYLE('',(#15176));
#15178=SURFACE_STYLE_FILL_AREA(#15177);
#15179=SURFACE_SIDE_STYLE('',(#15178));
#15180=SURFACE_STYLE_USAGE(.POSITIVE.,#15179);
#15181=PRESENTATION_STYLE_ASSIGNMENT((#15180));
#15182=STYLED_ITEM('',(#15181),#15175);
#15183=CARTESIAN_POINT('',(-1.2E1,-2.35E0,-2.E0));
#15184=DIRECTION('',(0.E0,0.E0,1.E0));
#15185=DIRECTION('',(1.E0,0.E0,0.E0));
#15186=AXIS2_PLACEMENT_3D('',#15183,#15184,#15185);
#15187=PLANE('',#15186);
#15188=ORIENTED_EDGE('',*,*,#15150,.F.);
#15190=ORIENTED_EDGE('',*,*,#15189,.T.);
#15192=ORIENTED_EDGE('',*,*,#15191,.F.);
#15193=ORIENTED_EDGE('',*,*,#15168,.T.);
#15194=EDGE_LOOP('',(#15188,#15190,#15192,#15193));
#15195=FACE_OUTER_BOUND('',#15194,.F.);
#15196=ADVANCED_FACE('',(#15195),#15187,.F.);
#15197=FILL_AREA_STYLE_COLOUR('',#8);
#15198=FILL_AREA_STYLE('',(#15197));
#15199=SURFACE_STYLE_FILL_AREA(#15198);
#15200=SURFACE_SIDE_STYLE('',(#15199));
#15201=SURFACE_STYLE_USAGE(.POSITIVE.,#15200);
#15202=PRESENTATION_STYLE_ASSIGNMENT((#15201));
#15203=STYLED_ITEM('',(#15202),#15196);
#15204=CARTESIAN_POINT('',(1.102373193256E1,3.4E0,-8.E-1));
#15205=DIRECTION('',(0.E0,-1.E0,0.E0));
#15206=DIRECTION('',(-1.E0,0.E0,0.E0));
#15207=AXIS2_PLACEMENT_3D('',#15204,#15205,#15206);
#15208=PLANE('',#15207);
#15209=ORIENTED_EDGE('',*,*,#15148,.F.);
#15210=ORIENTED_EDGE('',*,*,#14326,.T.);
#15212=ORIENTED_EDGE('',*,*,#15211,.F.);
#15213=ORIENTED_EDGE('',*,*,#15189,.F.);
#15214=EDGE_LOOP('',(#15209,#15210,#15212,#15213));
#15215=FACE_OUTER_BOUND('',#15214,.F.);
#15216=ADVANCED_FACE('',(#15215),#15208,.F.);
#15217=FILL_AREA_STYLE_COLOUR('',#8);
#15218=FILL_AREA_STYLE('',(#15217));
#15219=SURFACE_STYLE_FILL_AREA(#15218);
#15220=SURFACE_SIDE_STYLE('',(#15219));
#15221=SURFACE_STYLE_USAGE(.POSITIVE.,#15220);
#15222=PRESENTATION_STYLE_ASSIGNMENT((#15221));
#15223=STYLED_ITEM('',(#15222),#15216);
#15224=CARTESIAN_POINT('',(8.923731932559E0,2.4E0,-1.4E0));
#15225=DIRECTION('',(-9.486832980505E-1,0.E0,-3.162277660168E-1));
#15226=DIRECTION('',(-3.162277660168E-1,0.E0,9.486832980505E-1));
#15227=AXIS2_PLACEMENT_3D('',#15224,#15225,#15226);
#15228=PLANE('',#15227);
#15229=ORIENTED_EDGE('',*,*,#15211,.T.);
#15230=ORIENTED_EDGE('',*,*,#14324,.F.);
#15231=ORIENTED_EDGE('',*,*,#15170,.T.);
#15232=ORIENTED_EDGE('',*,*,#15191,.T.);
#15233=EDGE_LOOP('',(#15229,#15230,#15231,#15232));
#15234=FACE_OUTER_BOUND('',#15233,.F.);
#15235=ADVANCED_FACE('',(#15234),#15228,.T.);
#15236=FILL_AREA_STYLE_COLOUR('',#8);
#15237=FILL_AREA_STYLE('',(#15236));
#15238=SURFACE_STYLE_FILL_AREA(#15237);
#15239=SURFACE_SIDE_STYLE('',(#15238));
#15240=SURFACE_STYLE_USAGE(.POSITIVE.,#15239);
#15241=PRESENTATION_STYLE_ASSIGNMENT((#15240));
#15242=STYLED_ITEM('',(#15241),#15235);
#15243=CLOSED_SHELL('',(#14259,#14281,#14330,#14362,#14391,#14420,#14448,#14470,
#14513,#14533,#14554,#14575,#14601,#14625,#14646,#14666,#14687,#14726,#14746,
#14765,#14784,#14806,#14828,#14851,#14876,#14895,#14915,#14935,#14953,#14973,
#14993,#15013,#15032,#15052,#15072,#15093,#15113,#15132,#15154,#15175,#15196,
#15216,#15235));
#15244=MANIFOLD_SOLID_BREP('',#15243);
#15246=DIMENSIONAL_EXPONENTS(0.E0,0.E0,0.E0,0.E0,0.E0,0.E0,0.E0);
#15248=PLANE_ANGLE_MEASURE_WITH_UNIT(PLANE_ANGLE_MEASURE(1.745329251994E-2),
#15247);
#15249=(CONVERSION_BASED_UNIT('DEGREE',#15248)NAMED_UNIT(*)PLANE_ANGLE_UNIT());
#15251=UNCERTAINTY_MEASURE_WITH_UNIT(LENGTH_MEASURE(4.677473999406E-3),#15245,
'closure',
'Maximum model space distance between geometric entities at asserted connectivities');
#15252=(GEOMETRIC_REPRESENTATION_CONTEXT(3)GLOBAL_UNCERTAINTY_ASSIGNED_CONTEXT((
#15251))GLOBAL_UNIT_ASSIGNED_CONTEXT((#15245,#15249,#15250))REPRESENTATION_CONTEXT('ID1','3'));
#15254=MECHANICAL_DESIGN_GEOMETRIC_PRESENTATION_REPRESENTATION('',(#4472,#4503,
#4791,#4830,#4851,#4873,#4895,#4917,#4937,#4957,#4979,#4998,#5019,#5038,#5057,
#5079,#5101,#5123,#5143,#5163,#5185,#5204,#5225,#5244,#5263,#5285,#5307,#5329,
#5349,#5369,#5391,#5410,#5431,#5450,#5469,#5491,#5516,#5537,#5583,#5621,#5663,
#5684,#5705,#5728,#5749,#5770,#5791,#5814,#5835,#5856,#5901,#5922,#5946,#5966,
#5988,#6009,#6028,#6049,#6075,#6098,#6119,#6138,#6156,#6207,#6229,#6250,#6271,
#6293,#6318,#6346,#6367,#6388,#6408,#6427,#6451,#6476,#6495,#6515,#6552,#6574,
#8175,#9775,#9800,#9821,#9852,#9872,#9891,#9913,#9934,#9955,#9975,#10004,#10026,
#10047,#10068,#10088,#10117,#10139,#10160,#10181,#10201,#10230,#10276,#10298,
#10319,#10340,#10361,#10381,#10422,#10443,#10463,#10483,#10503,#10522,#10542,
#10562,#10582,#10602,#10621,#10638,#10659,#10684,#10705,#10724,#10758,#10783,
#10804,#10828,#10847,#10866,#10886,#10905,#10924,#10943,#10964,#10995,#11015,
#11034,#11056,#11077,#11098,#11118,#11137,#11157,#11184,#11205,#11226,#11246,
#11265,#11284,#11305,#11336,#11356,#11375,#11397,#11418,#11439,#11459,#11478,
#11500,#11521,#11542,#11563,#11584,#11604,#11625,#11719,#11758,#11827,#11866,
#11887,#11907,#11927,#11947,#11967,#11987,#12007,#12027,#12047,#12067,#12087,
#12107,#12127,#12147,#12167,#12187,#12207,#12227,#12247,#12267,#12287,#12307,
#12327,#12347,#12367,#12387,#12406,#12426,#12446,#12466,#12486,#12506,#12526,
#12546,#12566,#12586,#12606,#12626,#12645,#12666,#12686,#12706,#12726,#12746,
#12766,#12786,#12806,#12826,#12846,#12866,#12885,#12906,#12926,#12946,#12966,
#12986,#13006,#13026,#13046,#13066,#13086,#13106,#13126,#13146,#13165,#13186,
#13206,#13226,#13246,#13266,#13286,#13306,#13326,#13346,#13366,#13386,#13405,
#13426,#13446,#13466,#13486,#13506,#13526,#13546,#13565,#13586,#13606,#13625,
#14266,#14288,#14337,#14369,#14398,#14427,#14455,#14477,#14520,#14540,#14561,
#14582,#14608,#14632,#14653,#14673,#14694,#14733,#14753,#14772,#14791,#14813,
#14835,#14858,#14883,#14902,#14922,#14942,#14960,#14980,#15000,#15020,#15039,
#15059,#15079,#15100,#15120,#15139,#15161,#15182,#15203,#15223,#15242),#15252);
#15255=APPLICATION_CONTEXT(
'CONFIGURATION CONTROLLED 3D DESIGNS OF MECHANICAL PARTS AND ASSEMBLIES');
#15256=APPLICATION_PROTOCOL_DEFINITION('international standard',
'ccd_cla_gvp_ast_asd',1995,#15255);
#15257=DESIGN_CONTEXT('',#15255,'design');
#15258=MECHANICAL_CONTEXT('',#15255,'mechanical');
#15259=PRODUCT('323','323','NOT SPECIFIED',(#15258));
#15260=PRODUCT_DEFINITION_FORMATION_WITH_SPECIFIED_SOURCE('1','LAST_VERSION',
#15259,.MADE.);
#15268=DERIVED_UNIT_ELEMENT(#15267,2.E0);
#15269=DERIVED_UNIT((#15268));
#15270=MEASURE_REPRESENTATION_ITEM('surface area measure',AREA_MEASURE(
2.320159746561E3),#15269);
#15275=DERIVED_UNIT_ELEMENT(#15274,3.E0);
#15276=DERIVED_UNIT((#15275));
#15277=MEASURE_REPRESENTATION_ITEM('volume measure',VOLUME_MEASURE(
2.399114811557E3),#15276);
#15281=CARTESIAN_POINT('centre point',(3.331165516736E0,-6.924703790475E-5,
4.625372589210E0));
#15286=DERIVED_UNIT_ELEMENT(#15285,2.E0);
#15287=DERIVED_UNIT((#15286));
#15288=MEASURE_REPRESENTATION_ITEM('surface area measure',AREA_MEASURE(
2.320159746561E3),#15287);
#15293=DERIVED_UNIT_ELEMENT(#15292,3.E0);
#15294=DERIVED_UNIT((#15293));
#15295=MEASURE_REPRESENTATION_ITEM('volume measure',VOLUME_MEASURE(
2.399114811557E3),#15294);
#15299=CARTESIAN_POINT('centre point',(3.331165516736E0,-6.924703790475E-5,
4.625372589210E0));
#15304=PRODUCT_CATEGORY('part','');
#15305=PRODUCT_RELATED_PRODUCT_CATEGORY('detail','',(#15259));
#15306=PRODUCT_CATEGORY_RELATIONSHIP('','',#15304,#15305);
#15307=SECURITY_CLASSIFICATION_LEVEL('unclassified');
#15308=SECURITY_CLASSIFICATION('','',#15307);
#15309=CC_DESIGN_SECURITY_CLASSIFICATION(#15308,(#15260));
#15310=APPROVAL_STATUS('approved');
#15311=APPROVAL(#15310,'');
#15312=CC_DESIGN_APPROVAL(#15311,(#15308,#15260,#15261));
#15313=CALENDAR_DATE(121,22,9);
#15314=COORDINATED_UNIVERSAL_TIME_OFFSET(8,0,.AHEAD.);
#15315=LOCAL_TIME(22,5,1.4E1,#15314);
#15316=DATE_AND_TIME(#15313,#15315);
#15317=APPROVAL_DATE_TIME(#15316,#15311);
#15318=DATE_TIME_ROLE('creation_date');
#15319=CC_DESIGN_DATE_AND_TIME_ASSIGNMENT(#15316,#15318,(#15261));
#15320=DATE_TIME_ROLE('classification_date');
#15321=CC_DESIGN_DATE_AND_TIME_ASSIGNMENT(#15316,#15320,(#15308));
#15322=PERSON('UNSPECIFIED','UNSPECIFIED',$,$,$,$);
#15323=ORGANIZATION('UNSPECIFIED','UNSPECIFIED','UNSPECIFIED');
#15324=PERSON_AND_ORGANIZATION(#15322,#15323);
#15325=APPROVAL_ROLE('approver');
#15326=APPROVAL_PERSON_ORGANIZATION(#15324,#15311,#15325);
#15327=PERSON_AND_ORGANIZATION_ROLE('creator');
#15328=CC_DESIGN_PERSON_AND_ORGANIZATION_ASSIGNMENT(#15324,#15327,(#15260,
#15261));
#15329=PERSON_AND_ORGANIZATION_ROLE('design_supplier');
#15330=CC_DESIGN_PERSON_AND_ORGANIZATION_ASSIGNMENT(#15324,#15329,(#15260));
#15331=PERSON_AND_ORGANIZATION_ROLE('classification_officer');
#15332=CC_DESIGN_PERSON_AND_ORGANIZATION_ASSIGNMENT(#15324,#15331,(#15308));
#15333=PERSON_AND_ORGANIZATION_ROLE('design_owner');
#15334=CC_DESIGN_PERSON_AND_ORGANIZATION_ASSIGNMENT(#15324,#15333,(#15259));
#1=DRAUGHTING_PRE_DEFINED_COLOUR('green');
#2=COLOUR_RGB('',1.1E-2,1.2E-2,1.E0);
#3=COLOUR_RGB('',2.15686E-1,5.18041E-1,1.E0);
#4=COLOUR_RGB('',2.36993E-1,1.E0,6.49617E-1);
#5=COLOUR_RGB('',2.57282E-1,2.57282E-1,2.57282E-1);
#6=COLOUR_RGB('',2.60765E-1,3.42788E-1,8.64078E-1);
#7=COLOUR_RGB('',2.69953E-1,7.31256E-1,1.E0);
#8=COLOUR_RGB('',2.69953E-1,7.31256E-1,1.E0);
#9=COLOUR_RGB('',2.69953E-1,7.31256E-1,1.E0);
#10=COLOUR_RGB('',2.69953E-1,7.31256E-1,1.E0);
#11=COLOUR_RGB('',3.34677E-1,8.15534E-1,4.38691E-1);
#12=COLOUR_RGB('',3.43194E-1,8.15534E-1,5.48197E-1);
#13=COLOUR_RGB('',4.1E-1,2.61589E-1,1.12848E-1);
#14=COLOUR_RGB('',4.46095E-1,1.E0,3.94692E-1);
#15=COLOUR_RGB('',4.51243E-1,1.E0,6.21554E-1);
#16=COLOUR_RGB('',5.45098E-1,2.62745E-1,1.76471E-1);
#17=COLOUR_RGB('',6.31068E-1,5.73064E-1,5.17491E-1);
#18=COLOUR_RGB('',6.35294E-1,6.86275E-1,7.4902E-1);
#19=COLOUR_RGB('',6.40777E-1,6.40777E-1,6.40777E-1);
#20=COLOUR_RGB('',6.69062E-1,6.69903E-1,6.55217E-1);
#21=COLOUR_RGB('',6.86275E-1,4.07471E-1,2.42725E-1);
#22=COLOUR_RGB('',6.86275E-1,5.35447E-1,4.36243E-1);
#23=COLOUR_RGB('',6.8932E-1,1.934E-1,1.61111E-1);
#24=COLOUR_RGB('',6.94175E-1,1.01459E-1,1.27464E-1);
#25=COLOUR_RGB('',7.82797E-1,8.00971E-1,7.18987E-1);
#26=COLOUR_RGB('',7.96078E-1,8.1E-1,9.41176E-1);
#27=COLOUR_RGB('',8.03922E-1,4.98039E-1,1.96078E-1);
#28=COLOUR_RGB('',8.15534E-1,8.15534E-1,8.15534E-1);
#29=COLOUR_RGB('',8.15534E-1,8.15534E-1,8.15534E-1);
#30=COLOUR_RGB('',8.15534E-1,8.15534E-1,8.15534E-1);
#31=COLOUR_RGB('',8.5098E-1,8.07843E-1,7.37255E-1);
#32=COLOUR_RGB('',8.5098E-1,8.07843E-1,7.7E-1);
#33=COLOUR_RGB('',8.73786E-1,8.73278E-1,7.54776E-1);
#34=COLOUR_RGB('',8.83495E-1,8.E-1,7.4E-1);
#35=COLOUR_RGB('',8.82353E-1,8.82353E-1,8.82353E-1);
#36=COLOUR_RGB('',8.8835E-1,7.49609E-1,6.19346E-1);
#37=COLOUR_RGB('',1.E0,2.99729E-1,5.3274E-2);
#38=COLOUR_RGB('',1.E0,6.48135E-1,4.66429E-1);
#39=DRAUGHTING_PRE_DEFINED_COLOUR('yellow');
#40=COLOUR_RGB('',1.E0,1.E0,5.3E-1);
#41=DRAUGHTING_PRE_DEFINED_COLOUR('white');
#662=CIRCLE('',#661,5.E-1);
#691=CIRCLE('',#690,5.E-1);
#696=CIRCLE('',#695,5.E-1);
#701=CIRCLE('',#700,5.E-1);
#730=CIRCLE('',#729,5.E-1);
#759=CIRCLE('',#758,5.E-1);
#764=CIRCLE('',#763,5.E-1);
#769=CIRCLE('',#768,5.E-1);
#798=CIRCLE('',#797,5.E-1);
#827=CIRCLE('',#826,5.E-1);
#832=CIRCLE('',#831,5.E-1);
#837=CIRCLE('',#836,5.E-1);
#1309=B_SPLINE_CURVE_WITH_KNOTS('',3,(#1210,#1211,#1212,#1213,#1214,#1215,#1216,
#1217,#1218,#1219,#1220,#1221,#1222,#1223,#1224,#1225,#1226,#1227,#1228,#1229,
#1230,#1231,#1232,#1233,#1234,#1235,#1236,#1237,#1238,#1239,#1240,#1241,#1242,
#1243,#1244,#1245,#1246,#1247,#1248,#1249,#1250,#1251,#1252,#1253,#1254,#1255,
#1256,#1257,#1258,#1259,#1260,#1261,#1262,#1263,#1264,#1265,#1266,#1267,#1268,
#1269,#1270,#1271,#1272,#1273,#1274,#1275,#1276,#1277,#1278,#1279,#1280,#1281,
#1282,#1283,#1284,#1285,#1286,#1287,#1288,#1289,#1290,#1291,#1292,#1293,#1294,
#1295,#1296,#1297,#1298,#1299,#1300,#1301,#1302,#1303,#1304,#1305,#1306,#1307,
#1308),.UNSPECIFIED.,.F.,.F.,(4,1,1,1,1,1,1,1,1,1,1,1,1,1,1,1,1,1,1,1,1,1,1,1,1,
1,1,1,1,1,1,1,1,1,1,1,1,1,1,1,1,1,1,1,1,1,1,1,1,1,1,1,1,1,1,1,1,1,1,1,1,1,1,1,1,
1,1,1,1,1,1,1,1,1,1,1,1,1,1,1,1,1,1,1,1,1,1,1,1,1,1,1,1,1,1,1,4),(0.E0,
1.041666666667E-2,2.083333333333E-2,3.125E-2,4.166666666667E-2,
5.208333333333E-2,6.25E-2,7.291666666667E-2,8.333333333333E-2,9.375E-2,
1.041666666667E-1,1.145833333333E-1,1.25E-1,1.354166666667E-1,1.458333333333E-1,
1.5625E-1,1.666666666667E-1,1.770833333333E-1,1.875E-1,1.979166666667E-1,
2.083333333333E-1,2.1875E-1,2.291666666667E-1,2.395833333333E-1,2.5E-1,
2.604166666667E-1,2.708333333333E-1,2.8125E-1,2.916666666667E-1,
3.020833333333E-1,3.125E-1,3.229166666667E-1,3.333333333333E-1,3.4375E-1,
3.541666666667E-1,3.645833333333E-1,3.75E-1,3.854166666667E-1,3.958333333333E-1,
4.0625E-1,4.166666666667E-1,4.270833333333E-1,4.375E-1,4.479166666667E-1,
4.583333333333E-1,4.6875E-1,4.791666666667E-1,4.895833333333E-1,5.E-1,
5.104166666667E-1,5.208333333333E-1,5.3125E-1,5.416666666667E-1,
5.520833333333E-1,5.625E-1,5.729166666667E-1,5.833333333333E-1,5.9375E-1,
6.041666666667E-1,6.145833333333E-1,6.25E-1,6.354166666667E-1,6.458333333333E-1,
6.5625E-1,6.666666666667E-1,6.770833333333E-1,6.875E-1,6.979166666667E-1,
7.083333333333E-1,7.1875E-1,7.291666666667E-1,7.395833333333E-1,7.5E-1,
7.604166666667E-1,7.708333333333E-1,7.8125E-1,7.916666666667E-1,
8.020833333333E-1,8.125E-1,8.229166666667E-1,8.333333333333E-1,8.4375E-1,
8.541666666667E-1,8.645833333333E-1,8.75E-1,8.854166666667E-1,8.958333333333E-1,
9.0625E-1,9.166666666667E-1,9.270833333333E-1,9.375E-1,9.479166666667E-1,
9.583333333333E-1,9.6875E-1,9.791666666667E-1,9.895833333333E-1,1.E0),
.UNSPECIFIED.);
#1318=CIRCLE('',#1317,3.8349E0);
#1335=CIRCLE('',#1334,3.8349E0);
#1356=CIRCLE('',#1355,3.8349E0);
#1437=CIRCLE('',#1436,3.8349E0);
#1559=B_SPLINE_CURVE_WITH_KNOTS('',3,(#1482,#1483,#1484,#1485,#1486,#1487,#1488,
#1489,#1490,#1491,#1492,#1493,#1494,#1495,#1496,#1497,#1498,#1499,#1500,#1501,
#1502,#1503,#1504,#1505,#1506,#1507,#1508,#1509,#1510,#1511,#1512,#1513,#1514,
#1515,#1516,#1517,#1518,#1519,#1520,#1521,#1522,#1523,#1524,#1525,#1526,#1527,
#1528,#1529,#1530,#1531,#1532,#1533,#1534,#1535,#1536,#1537,#1538,#1539,#1540,
#1541,#1542,#1543,#1544,#1545,#1546,#1547,#1548,#1549,#1550,#1551,#1552,#1553,
#1554,#1555,#1556,#1557,#1558),.UNSPECIFIED.,.F.,.F.,(4,1,1,1,1,1,1,1,1,1,1,1,1,
1,1,1,1,1,1,1,1,1,1,1,1,1,1,1,1,1,1,1,1,1,1,1,1,1,1,1,1,1,1,1,1,1,1,1,1,1,1,1,1,
1,1,1,1,1,1,1,1,1,1,1,1,1,1,1,1,1,1,1,1,1,4),(0.E0,1.351351351351E-2,
2.702702702703E-2,4.054054054054E-2,5.405405405405E-2,6.756756756757E-2,
8.108108108108E-2,9.459459459459E-2,1.081081081081E-1,1.216216216216E-1,
1.351351351351E-1,1.486486486486E-1,1.621621621622E-1,1.756756756757E-1,
1.891891891892E-1,2.027027027027E-1,2.162162162162E-1,2.297297297297E-1,
2.432432432432E-1,2.567567567568E-1,2.702702702703E-1,2.837837837838E-1,
2.972972972973E-1,3.108108108108E-1,3.243243243243E-1,3.378378378378E-1,
3.513513513514E-1,3.648648648649E-1,3.783783783784E-1,3.918918918919E-1,
4.054054054054E-1,4.189189189189E-1,4.324324324324E-1,4.459459459459E-1,
4.594594594595E-1,4.729729729730E-1,4.864864864865E-1,5.E-1,5.135135135135E-1,
5.270270270270E-1,5.405405405405E-1,5.540540540541E-1,5.675675675676E-1,
5.810810810811E-1,5.945945945946E-1,6.081081081081E-1,6.216216216216E-1,
6.351351351351E-1,6.486486486486E-1,6.621621621622E-1,6.756756756757E-1,
6.891891891892E-1,7.027027027027E-1,7.162162162162E-1,7.297297297297E-1,
7.432432432432E-1,7.567567567568E-1,7.702702702703E-1,7.837837837838E-1,
7.972972972973E-1,8.108108108108E-1,8.243243243243E-1,8.378378378378E-1,
8.513513513514E-1,8.648648648649E-1,8.783783783784E-1,8.918918918919E-1,
9.054054054054E-1,9.189189189189E-1,9.324324324324E-1,9.459459459459E-1,
9.594594594595E-1,9.729729729730E-1,9.864864864865E-1,1.E0),.UNSPECIFIED.);
#1583=B_SPLINE_CURVE_WITH_KNOTS('',3,(#1560,#1561,#1562,#1563,#1564,#1565,#1566,
#1567,#1568,#1569,#1570,#1571,#1572,#1573,#1574,#1575,#1576,#1577,#1578,#1579,
#1580,#1581,#1582),.UNSPECIFIED.,.F.,.F.,(4,1,1,1,1,1,1,1,1,1,1,1,1,1,1,1,1,1,1,
1,4),(0.E0,5.E-2,1.E-1,1.5E-1,2.E-1,2.5E-1,3.E-1,3.5E-1,4.E-1,4.5E-1,5.E-1,
5.5E-1,6.E-1,6.5E-1,7.E-1,7.5E-1,8.E-1,8.5E-1,9.E-1,9.5E-1,1.E0),.UNSPECIFIED.);
#1588=CIRCLE('',#1587,1.5E-1);
#1593=CIRCLE('',#1592,1.5E-1);
#1820=B_SPLINE_CURVE_WITH_KNOTS('',3,(#1594,#1595,#1596,#1597,#1598,#1599,#1600,
#1601,#1602,#1603,#1604,#1605,#1606,#1607,#1608,#1609,#1610,#1611,#1612,#1613,
#1614,#1615,#1616,#1617,#1618,#1619,#1620,#1621,#1622,#1623,#1624,#1625,#1626,
#1627,#1628,#1629,#1630,#1631,#1632,#1633,#1634,#1635,#1636,#1637,#1638,#1639,
#1640,#1641,#1642,#1643,#1644,#1645,#1646,#1647,#1648,#1649,#1650,#1651,#1652,
#1653,#1654,#1655,#1656,#1657,#1658,#1659,#1660,#1661,#1662,#1663,#1664,#1665,
#1666,#1667,#1668,#1669,#1670,#1671,#1672,#1673,#1674,#1675,#1676,#1677,#1678,
#1679,#1680,#1681,#1682,#1683,#1684,#1685,#1686,#1687,#1688,#1689,#1690,#1691,
#1692,#1693,#1694,#1695,#1696,#1697,#1698,#1699,#1700,#1701,#1702,#1703,#1704,
#1705,#1706,#1707,#1708,#1709,#1710,#1711,#1712,#1713,#1714,#1715,#1716,#1717,
#1718,#1719,#1720,#1721,#1722,#1723,#1724,#1725,#1726,#1727,#1728,#1729,#1730,
#1731,#1732,#1733,#1734,#1735,#1736,#1737,#1738,#1739,#1740,#1741,#1742,#1743,
#1744,#1745,#1746,#1747,#1748,#1749,#1750,#1751,#1752,#1753,#1754,#1755,#1756,
#1757,#1758,#1759,#1760,#1761,#1762,#1763,#1764,#1765,#1766,#1767,#1768,#1769,
#1770,#1771,#1772,#1773,#1774,#1775,#1776,#1777,#1778,#1779,#1780,#1781,#1782,
#1783,#1784,#1785,#1786,#1787,#1788,#1789,#1790,#1791,#1792,#1793,#1794,#1795,
#1796,#1797,#1798,#1799,#1800,#1801,#1802,#1803,#1804,#1805,#1806,#1807,#1808,
#1809,#1810,#1811,#1812,#1813,#1814,#1815,#1816,#1817,#1818,#1819),
.UNSPECIFIED.,.F.,.F.,(4,1,1,1,1,1,1,1,1,1,1,1,1,1,1,1,1,1,1,1,1,1,1,1,1,1,1,1,
1,1,1,1,1,1,1,1,1,1,1,1,1,1,1,1,1,1,1,1,1,1,1,1,1,1,1,1,1,1,1,1,1,1,1,1,1,1,1,1,
1,1,1,1,1,1,1,1,1,1,1,1,1,1,1,1,1,1,1,1,1,1,1,1,1,1,1,1,1,1,1,1,1,1,1,1,1,1,1,1,
1,1,1,1,1,1,1,1,1,1,1,1,1,1,1,1,1,1,1,1,1,1,1,1,1,1,1,1,1,1,1,1,1,1,1,1,1,1,1,1,
1,1,1,1,1,1,1,1,1,1,1,1,1,1,1,1,1,1,1,1,1,1,1,1,1,1,1,1,1,1,1,1,1,1,1,1,1,1,1,1,
1,1,1,1,1,1,1,1,1,1,1,1,1,1,1,1,1,1,1,1,1,1,1,1,1,1,1,1,1,1,1,1,1,1,1,4),(0.E0,
4.484304932735E-3,8.968609865471E-3,1.345291479821E-2,1.793721973094E-2,
2.242152466368E-2,2.690582959641E-2,3.139013452915E-2,3.587443946188E-2,
4.035874439462E-2,4.484304932735E-2,4.932735426009E-2,5.381165919283E-2,
5.829596412556E-2,6.278026905830E-2,6.726457399103E-2,7.174887892377E-2,
7.623318385650E-2,8.071748878924E-2,8.520179372197E-2,8.968609865471E-2,
9.417040358744E-2,9.865470852018E-2,1.031390134529E-1,1.076233183857E-1,
1.121076233184E-1,1.165919282511E-1,1.210762331839E-1,1.255605381166E-1,
1.300448430493E-1,1.345291479821E-1,1.390134529148E-1,1.434977578475E-1,
1.479820627803E-1,1.524663677130E-1,1.569506726457E-1,1.614349775785E-1,
1.659192825112E-1,1.704035874439E-1,1.748878923767E-1,1.793721973094E-1,
1.838565022422E-1,1.883408071749E-1,1.928251121076E-1,1.973094170404E-1,
2.017937219731E-1,2.062780269058E-1,2.107623318386E-1,2.152466367713E-1,
2.197309417040E-1,2.242152466368E-1,2.286995515695E-1,2.331838565022E-1,
2.376681614350E-1,2.421524663677E-1,2.466367713004E-1,2.511210762332E-1,
2.556053811659E-1,2.600896860987E-1,2.645739910314E-1,2.690582959641E-1,
2.735426008969E-1,2.780269058296E-1,2.825112107623E-1,2.869955156951E-1,
2.914798206278E-1,2.959641255605E-1,3.004484304933E-1,3.049327354260E-1,
3.094170403587E-1,3.139013452915E-1,3.183856502242E-1,3.228699551570E-1,
3.273542600897E-1,3.318385650224E-1,3.363228699552E-1,3.408071748879E-1,
3.452914798206E-1,3.497757847534E-1,3.542600896861E-1,3.587443946188E-1,
3.632286995516E-1,3.677130044843E-1,3.721973094170E-1,3.766816143498E-1,
3.811659192825E-1,3.856502242152E-1,3.901345291480E-1,3.946188340807E-1,
3.991031390135E-1,4.035874439462E-1,4.080717488789E-1,4.125560538117E-1,
4.170403587444E-1,4.215246636771E-1,4.260089686099E-1,4.304932735426E-1,
4.349775784753E-1,4.394618834081E-1,4.439461883408E-1,4.484304932735E-1,
4.529147982063E-1,4.573991031390E-1,4.618834080717E-1,4.663677130045E-1,
4.708520179372E-1,4.753363228700E-1,4.798206278027E-1,4.843049327354E-1,
4.887892376682E-1,4.932735426009E-1,4.977578475336E-1,5.022421524664E-1,
5.067264573991E-1,5.112107623318E-1,5.156950672646E-1,5.201793721973E-1,
5.246636771300E-1,5.291479820628E-1,5.336322869955E-1,5.381165919283E-1,
5.426008968610E-1,5.470852017937E-1,5.515695067265E-1,5.560538116592E-1,
5.605381165919E-1,5.650224215247E-1,5.695067264574E-1,5.739910313901E-1,
5.784753363229E-1,5.829596412556E-1,5.874439461883E-1,5.919282511211E-1,
5.964125560538E-1,6.008968609865E-1,6.053811659193E-1,6.098654708520E-1,
6.143497757848E-1,6.188340807175E-1,6.233183856502E-1,6.278026905830E-1,
6.322869955157E-1,6.367713004484E-1,6.412556053812E-1,6.457399103139E-1,
6.502242152466E-1,6.547085201794E-1,6.591928251121E-1,6.636771300448E-1,
6.681614349776E-1,6.726457399103E-1,6.771300448430E-1,6.816143497758E-1,
6.860986547085E-1,6.905829596413E-1,6.950672645740E-1,6.995515695067E-1,
7.040358744395E-1,7.085201793722E-1,7.130044843049E-1,7.174887892377E-1,
7.219730941704E-1,7.264573991031E-1,7.309417040359E-1,7.354260089686E-1,
7.399103139013E-1,7.443946188341E-1,7.488789237668E-1,7.533632286996E-1,
7.578475336323E-1,7.623318385650E-1,7.668161434978E-1,7.713004484305E-1,
7.757847533632E-1,7.802690582960E-1,7.847533632287E-1,7.892376681614E-1,
7.937219730942E-1,7.982062780269E-1,8.026905829596E-1,8.071748878924E-1,
8.116591928251E-1,8.161434977578E-1,8.206278026906E-1,8.251121076233E-1,
8.295964125561E-1,8.340807174888E-1,8.385650224215E-1,8.430493273543E-1,
8.475336322870E-1,8.520179372197E-1,8.565022421525E-1,8.609865470852E-1,
8.654708520179E-1,8.699551569507E-1,8.744394618834E-1,8.789237668161E-1,
8.834080717489E-1,8.878923766816E-1,8.923766816143E-1,8.968609865471E-1,
9.013452914798E-1,9.058295964126E-1,9.103139013453E-1,9.147982062780E-1,
9.192825112108E-1,9.237668161435E-1,9.282511210762E-1,9.327354260090E-1,
9.372197309417E-1,9.417040358744E-1,9.461883408072E-1,9.506726457399E-1,
9.551569506726E-1,9.596412556054E-1,9.641255605381E-1,9.686098654709E-1,
9.730941704036E-1,9.775784753363E-1,9.820627802691E-1,9.865470852018E-1,
9.910313901345E-1,9.955156950673E-1,1.E0),.UNSPECIFIED.);
#2045=B_SPLINE_CURVE_WITH_KNOTS('',3,(#1821,#1822,#1823,#1824,#1825,#1826,#1827,
#1828,#1829,#1830,#1831,#1832,#1833,#1834,#1835,#1836,#1837,#1838,#1839,#1840,
#1841,#1842,#1843,#1844,#1845,#1846,#1847,#1848,#1849,#1850,#1851,#1852,#1853,
#1854,#1855,#1856,#1857,#1858,#1859,#1860,#1861,#1862,#1863,#1864,#1865,#1866,
#1867,#1868,#1869,#1870,#1871,#1872,#1873,#1874,#1875,#1876,#1877,#1878,#1879,
#1880,#1881,#1882,#1883,#1884,#1885,#1886,#1887,#1888,#1889,#1890,#1891,#1892,
#1893,#1894,#1895,#1896,#1897,#1898,#1899,#1900,#1901,#1902,#1903,#1904,#1905,
#1906,#1907,#1908,#1909,#1910,#1911,#1912,#1913,#1914,#1915,#1916,#1917,#1918,
#1919,#1920,#1921,#1922,#1923,#1924,#1925,#1926,#1927,#1928,#1929,#1930,#1931,
#1932,#1933,#1934,#1935,#1936,#1937,#1938,#1939,#1940,#1941,#1942,#1943,#1944,
#1945,#1946,#1947,#1948,#1949,#1950,#1951,#1952,#1953,#1954,#1955,#1956,#1957,
#1958,#1959,#1960,#1961,#1962,#1963,#1964,#1965,#1966,#1967,#1968,#1969,#1970,
#1971,#1972,#1973,#1974,#1975,#1976,#1977,#1978,#1979,#1980,#1981,#1982,#1983,
#1984,#1985,#1986,#1987,#1988,#1989,#1990,#1991,#1992,#1993,#1994,#1995,#1996,
#1997,#1998,#1999,#2000,#2001,#2002,#2003,#2004,#2005,#2006,#2007,#2008,#2009,
#2010,#2011,#2012,#2013,#2014,#2015,#2016,#2017,#2018,#2019,#2020,#2021,#2022,
#2023,#2024,#2025,#2026,#2027,#2028,#2029,#2030,#2031,#2032,#2033,#2034,#2035,
#2036,#2037,#2038,#2039,#2040,#2041,#2042,#2043,#2044),.UNSPECIFIED.,.F.,.F.,(4,
1,1,1,1,1,1,1,1,1,1,1,1,1,1,1,1,1,1,1,1,1,1,1,1,1,1,1,1,1,1,1,1,1,1,1,1,1,1,1,1,
1,1,1,1,1,1,1,1,1,1,1,1,1,1,1,1,1,1,1,1,1,1,1,1,1,1,1,1,1,1,1,1,1,1,1,1,1,1,1,1,
1,1,1,1,1,1,1,1,1,1,1,1,1,1,1,1,1,1,1,1,1,1,1,1,1,1,1,1,1,1,1,1,1,1,1,1,1,1,1,1,
1,1,1,1,1,1,1,1,1,1,1,1,1,1,1,1,1,1,1,1,1,1,1,1,1,1,1,1,1,1,1,1,1,1,1,1,1,1,1,1,
1,1,1,1,1,1,1,1,1,1,1,1,1,1,1,1,1,1,1,1,1,1,1,1,1,1,1,1,1,1,1,1,1,1,1,1,1,1,1,1,
1,1,1,1,1,1,1,1,1,1,1,1,1,1,1,1,1,1,1,1,4),(0.E0,4.524886877828E-3,
9.049773755656E-3,1.357466063348E-2,1.809954751131E-2,2.262443438914E-2,
2.714932126697E-2,3.167420814480E-2,3.619909502262E-2,4.072398190045E-2,
4.524886877828E-2,4.977375565611E-2,5.429864253394E-2,5.882352941176E-2,
6.334841628959E-2,6.787330316742E-2,7.239819004525E-2,7.692307692308E-2,
8.144796380090E-2,8.597285067873E-2,9.049773755656E-2,9.502262443439E-2,
9.954751131222E-2,1.040723981900E-1,1.085972850679E-1,1.131221719457E-1,
1.176470588235E-1,1.221719457014E-1,1.266968325792E-1,1.312217194570E-1,
1.357466063348E-1,1.402714932127E-1,1.447963800905E-1,1.493212669683E-1,
1.538461538462E-1,1.583710407240E-1,1.628959276018E-1,1.674208144796E-1,
1.719457013575E-1,1.764705882353E-1,1.809954751131E-1,1.855203619910E-1,
1.900452488688E-1,1.945701357466E-1,1.990950226244E-1,2.036199095023E-1,
2.081447963801E-1,2.126696832579E-1,2.171945701357E-1,2.217194570136E-1,
2.262443438914E-1,2.307692307692E-1,2.352941176471E-1,2.398190045249E-1,
2.443438914027E-1,2.488687782805E-1,2.533936651584E-1,2.579185520362E-1,
2.624434389140E-1,2.669683257919E-1,2.714932126697E-1,2.760180995475E-1,
2.805429864253E-1,2.850678733032E-1,2.895927601810E-1,2.941176470588E-1,
2.986425339367E-1,3.031674208145E-1,3.076923076923E-1,3.122171945701E-1,
3.167420814480E-1,3.212669683258E-1,3.257918552036E-1,3.303167420814E-1,
3.348416289593E-1,3.393665158371E-1,3.438914027149E-1,3.484162895928E-1,
3.529411764706E-1,3.574660633484E-1,3.619909502262E-1,3.665158371041E-1,
3.710407239819E-1,3.755656108597E-1,3.800904977376E-1,3.846153846154E-1,
3.891402714932E-1,3.936651583710E-1,3.981900452489E-1,4.027149321267E-1,
4.072398190045E-1,4.117647058824E-1,4.162895927602E-1,4.208144796380E-1,
4.253393665158E-1,4.298642533937E-1,4.343891402715E-1,4.389140271493E-1,
4.434389140271E-1,4.479638009050E-1,4.524886877828E-1,4.570135746606E-1,
4.615384615385E-1,4.660633484163E-1,4.705882352941E-1,4.751131221719E-1,
4.796380090498E-1,4.841628959276E-1,4.886877828054E-1,4.932126696833E-1,
4.977375565611E-1,5.022624434389E-1,5.067873303167E-1,5.113122171946E-1,
5.158371040724E-1,5.203619909502E-1,5.248868778281E-1,5.294117647059E-1,
5.339366515837E-1,5.384615384615E-1,5.429864253394E-1,5.475113122172E-1,
5.520361990950E-1,5.565610859729E-1,5.610859728507E-1,5.656108597285E-1,
5.701357466063E-1,5.746606334842E-1,5.791855203620E-1,5.837104072398E-1,
5.882352941176E-1,5.927601809955E-1,5.972850678733E-1,6.018099547511E-1,
6.063348416290E-1,6.108597285068E-1,6.153846153846E-1,6.199095022624E-1,
6.244343891403E-1,6.289592760181E-1,6.334841628959E-1,6.380090497738E-1,
6.425339366516E-1,6.470588235294E-1,6.515837104072E-1,6.561085972851E-1,
6.606334841629E-1,6.651583710407E-1,6.696832579186E-1,6.742081447964E-1,
6.787330316742E-1,6.832579185520E-1,6.877828054299E-1,6.923076923077E-1,
6.968325791855E-1,7.013574660633E-1,7.058823529412E-1,7.104072398190E-1,
7.149321266968E-1,7.194570135747E-1,7.239819004525E-1,7.285067873303E-1,
7.330316742081E-1,7.375565610860E-1,7.420814479638E-1,7.466063348416E-1,
7.511312217195E-1,7.556561085973E-1,7.601809954751E-1,7.647058823529E-1,
7.692307692308E-1,7.737556561086E-1,7.782805429864E-1,7.828054298643E-1,
7.873303167421E-1,7.918552036199E-1,7.963800904977E-1,8.009049773756E-1,
8.054298642534E-1,8.099547511312E-1,8.144796380090E-1,8.190045248869E-1,
8.235294117647E-1,8.280542986425E-1,8.325791855204E-1,8.371040723982E-1,
8.416289592760E-1,8.461538461538E-1,8.506787330317E-1,8.552036199095E-1,
8.597285067873E-1,8.642533936652E-1,8.687782805430E-1,8.733031674208E-1,
8.778280542986E-1,8.823529411765E-1,8.868778280543E-1,8.914027149321E-1,
8.959276018100E-1,9.004524886878E-1,9.049773755656E-1,9.095022624434E-1,
9.140271493213E-1,9.185520361991E-1,9.230769230769E-1,9.276018099548E-1,
9.321266968326E-1,9.366515837104E-1,9.411764705882E-1,9.457013574661E-1,
9.502262443439E-1,9.547511312217E-1,9.592760180995E-1,9.638009049774E-1,
9.683257918552E-1,9.728506787330E-1,9.773755656109E-1,9.819004524887E-1,
9.864253393665E-1,9.909502262443E-1,9.954751131222E-1,1.E0),.UNSPECIFIED.);
#2070=B_SPLINE_CURVE_WITH_KNOTS('',3,(#2050,#2051,#2052,#2053,#2054,#2055,#2056,
#2057,#2058,#2059,#2060,#2061,#2062,#2063,#2064,#2065,#2066,#2067,#2068,#2069),
.UNSPECIFIED.,.F.,.F.,(4,1,1,1,1,1,1,1,1,1,1,1,1,1,1,1,1,4),(0.E0,
5.882352941176E-2,1.176470588235E-1,1.764705882353E-1,2.352941176471E-1,
2.941176470588E-1,3.529411764706E-1,4.117647058824E-1,4.705882352941E-1,
5.294117647059E-1,5.882352941176E-1,6.470588235294E-1,7.058823529412E-1,
7.647058823529E-1,8.235294117647E-1,8.823529411765E-1,9.411764705882E-1,1.E0),
.UNSPECIFIED.);
#2443=CIRCLE('',#2442,1.5E-1);
#4455=EDGE_CURVE('',#4299,#4301,#333,.T.);
#4457=EDGE_CURVE('',#4299,#4109,#45,.T.);
#4459=EDGE_CURVE('',#4109,#4111,#2923,.T.);
#4461=EDGE_CURVE('',#4301,#4111,#3275,.T.);
#4478=EDGE_CURVE('',#3807,#3801,#145,.T.);
#4480=EDGE_CURVE('',#3801,#3778,#149,.T.);
#4482=EDGE_CURVE('',#3778,#3779,#153,.T.);
#4484=EDGE_CURVE('',#3779,#3791,#157,.T.);
#4486=EDGE_CURVE('',#3790,#3791,#161,.T.);
#4488=EDGE_CURVE('',#3790,#3522,#165,.T.);
#4490=EDGE_CURVE('',#3522,#3523,#169,.T.);
#4492=EDGE_CURVE('',#3523,#3807,#173,.T.);
#4509=EDGE_CURVE('',#3858,#3859,#177,.T.);
#4511=EDGE_CURVE('',#3783,#3859,#2547,.T.);
#4513=EDGE_CURVE('',#3783,#3655,#181,.T.);
#4515=EDGE_CURVE('',#3655,#3639,#185,.T.);
#4517=EDGE_CURVE('',#3637,#3639,#189,.T.);
#4519=EDGE_CURVE('',#3653,#3637,#193,.T.);
#4521=EDGE_CURVE('',#3653,#3595,#197,.T.);
#4523=EDGE_CURVE('',#3594,#3595,#201,.T.);
#4525=EDGE_CURVE('',#3594,#3578,#205,.T.);
#4527=EDGE_CURVE('',#3578,#3579,#209,.T.);
#4529=EDGE_CURVE('',#3579,#3583,#213,.T.);
#4531=EDGE_CURVE('',#3582,#3583,#217,.T.);
#4533=EDGE_CURVE('',#3582,#3587,#221,.T.);
#4535=EDGE_CURVE('',#3586,#3587,#225,.T.);
#4537=EDGE_CURVE('',#3586,#3609,#229,.T.);
#4539=EDGE_CURVE('',#3609,#3606,#233,.T.);
#4541=EDGE_CURVE('',#3606,#3607,#237,.T.);
#4543=EDGE_CURVE('',#3611,#3607,#241,.T.);
#4545=EDGE_CURVE('',#3611,#3781,#245,.T.);
#4547=EDGE_CURVE('',#3863,#3781,#2555,.T.);
#4549=EDGE_CURVE('',#3862,#3863,#249,.T.);
#4551=EDGE_CURVE('',#3858,#3862,#253,.T.);
#4555=EDGE_CURVE('',#3666,#3667,#49,.T.);
#4557=EDGE_CURVE('',#3667,#3675,#53,.T.);
#4559=EDGE_CURVE('',#3674,#3675,#57,.T.);
#4561=EDGE_CURVE('',#3666,#3674,#61,.T.);
#4565=EDGE_CURVE('',#3670,#3671,#65,.T.);
#4567=EDGE_CURVE('',#3671,#3679,#69,.T.);
#4569=EDGE_CURVE('',#3678,#3679,#73,.T.);
#4571=EDGE_CURVE('',#3670,#3678,#77,.T.);
#4575=EDGE_CURVE('',#3698,#3699,#81,.T.);
#4577=EDGE_CURVE('',#3699,#3707,#85,.T.);
#4579=EDGE_CURVE('',#3706,#3707,#89,.T.);
#4581=EDGE_CURVE('',#3698,#3706,#93,.T.);
#4585=EDGE_CURVE('',#3702,#3703,#97,.T.);
#4587=EDGE_CURVE('',#3703,#3711,#101,.T.);
#4589=EDGE_CURVE('',#3710,#3711,#105,.T.);
#4591=EDGE_CURVE('',#3702,#3710,#109,.T.);
#4595=EDGE_CURVE('',#3730,#3731,#113,.T.);
#4597=EDGE_CURVE('',#3731,#3739,#117,.T.);
#4599=EDGE_CURVE('',#3738,#3739,#121,.T.);
#4601=EDGE_CURVE('',#3730,#3738,#125,.T.);
#4605=EDGE_CURVE('',#3734,#3735,#129,.T.);
#4607=EDGE_CURVE('',#3735,#3743,#133,.T.);
#4609=EDGE_CURVE('',#3742,#3743,#137,.T.);
#4611=EDGE_CURVE('',#3734,#3742,#141,.T.);
#4615=EDGE_CURVE('',#4262,#4263,#257,.T.);
#4617=EDGE_CURVE('',#4263,#4265,#261,.T.);
#4619=EDGE_CURVE('',#4265,#4267,#265,.T.);
#4621=EDGE_CURVE('',#4267,#4269,#269,.T.);
#4623=EDGE_CURVE('',#4269,#4271,#273,.T.);
#4625=EDGE_CURVE('',#4271,#4262,#277,.T.);
#4629=EDGE_CURVE('',#4274,#4275,#281,.T.);
#4631=EDGE_CURVE('',#4275,#4277,#285,.T.);
#4633=EDGE_CURVE('',#4277,#4279,#289,.T.);
#4635=EDGE_CURVE('',#4279,#4281,#293,.T.);
#4637=EDGE_CURVE('',#4281,#4283,#297,.T.);
#4639=EDGE_CURVE('',#4283,#4285,#301,.T.);
#4641=EDGE_CURVE('',#4285,#4287,#305,.T.);
#4643=EDGE_CURVE('',#4287,#4289,#309,.T.);
#4645=EDGE_CURVE('',#4289,#4291,#313,.T.);
#4647=EDGE_CURVE('',#4291,#4293,#317,.T.);
#4649=EDGE_CURVE('',#4293,#4295,#321,.T.);
#4651=EDGE_CURVE('',#4295,#4297,#325,.T.);
#4653=EDGE_CURVE('',#4297,#4299,#329,.T.);
#4656=EDGE_CURVE('',#4301,#4303,#337,.T.);
#4658=EDGE_CURVE('',#4303,#4305,#341,.T.);
#4660=EDGE_CURVE('',#4305,#4307,#345,.T.);
#4662=EDGE_CURVE('',#4307,#4309,#349,.T.);
#4664=EDGE_CURVE('',#4309,#4311,#353,.T.);
#4666=EDGE_CURVE('',#4311,#4313,#357,.T.);
#4668=EDGE_CURVE('',#4313,#4315,#361,.T.);
#4670=EDGE_CURVE('',#4315,#4317,#365,.T.);
#4672=EDGE_CURVE('',#4317,#4319,#369,.T.);
#4674=EDGE_CURVE('',#4319,#4321,#373,.T.);
#4676=EDGE_CURVE('',#4321,#4323,#377,.T.);
#4678=EDGE_CURVE('',#4323,#4325,#381,.T.);
#4680=EDGE_CURVE('',#4325,#4327,#385,.T.);
#4682=EDGE_CURVE('',#4327,#4329,#389,.T.);
#4684=EDGE_CURVE('',#4329,#4331,#393,.T.);
#4686=EDGE_CURVE('',#4331,#4333,#397,.T.);
#4688=EDGE_CURVE('',#4333,#4335,#401,.T.);
#4690=EDGE_CURVE('',#4335,#4337,#405,.T.);
#4692=EDGE_CURVE('',#4337,#4339,#409,.T.);
#4694=EDGE_CURVE('',#4339,#4341,#413,.T.);
#4696=EDGE_CURVE('',#4341,#4343,#417,.T.);
#4698=EDGE_CURVE('',#4343,#4345,#421,.T.);
#4700=EDGE_CURVE('',#4345,#4347,#425,.T.);
#4702=EDGE_CURVE('',#4347,#4349,#429,.T.);
#4704=EDGE_CURVE('',#4349,#4351,#433,.T.);
#4706=EDGE_CURVE('',#4351,#4274,#437,.T.);
#4710=EDGE_CURVE('',#4354,#4355,#441,.T.);
#4712=EDGE_CURVE('',#4355,#4357,#445,.T.);
#4714=EDGE_CURVE('',#4357,#4359,#449,.T.);
#4716=EDGE_CURVE('',#4359,#4361,#453,.T.);
#4718=EDGE_CURVE('',#4361,#4363,#457,.T.);
#4720=EDGE_CURVE('',#4363,#4365,#461,.T.);
#4722=EDGE_CURVE('',#4365,#4367,#465,.T.);
#4724=EDGE_CURVE('',#4367,#4369,#469,.T.);
#4726=EDGE_CURVE('',#4369,#4371,#473,.T.);
#4728=EDGE_CURVE('',#4371,#4373,#477,.T.);
#4730=EDGE_CURVE('',#4373,#4375,#481,.T.);
#4732=EDGE_CURVE('',#4375,#4354,#485,.T.);
#4736=EDGE_CURVE('',#4378,#4379,#489,.T.);
#4738=EDGE_CURVE('',#4379,#4381,#493,.T.);
#4740=EDGE_CURVE('',#4381,#4383,#497,.T.);
#4742=EDGE_CURVE('',#4383,#4385,#501,.T.);
#4744=EDGE_CURVE('',#4385,#4387,#505,.T.);
#4746=EDGE_CURVE('',#4387,#4389,#509,.T.);
#4748=EDGE_CURVE('',#4389,#4391,#513,.T.);
#4750=EDGE_CURVE('',#4391,#4393,#517,.T.);
#4752=EDGE_CURVE('',#4393,#4395,#521,.T.);
#4754=EDGE_CURVE('',#4395,#4397,#525,.T.);
#4756=EDGE_CURVE('',#4397,#4399,#529,.T.);
#4758=EDGE_CURVE('',#4399,#4401,#533,.T.);
#4760=EDGE_CURVE('',#4401,#4403,#537,.T.);
#4762=EDGE_CURVE('',#4403,#4378,#541,.T.);
#4766=EDGE_CURVE('',#4430,#4431,#593,.T.);
#4768=EDGE_CURVE('',#4431,#4433,#597,.T.);
#4770=EDGE_CURVE('',#4433,#4435,#601,.T.);
#4772=EDGE_CURVE('',#4435,#4437,#605,.T.);
#4774=EDGE_CURVE('',#4437,#4439,#609,.T.);
#4776=EDGE_CURVE('',#4439,#4441,#613,.T.);
#4778=EDGE_CURVE('',#4441,#4443,#617,.T.);
#4780=EDGE_CURVE('',#4443,#4430,#621,.T.);
#4797=EDGE_CURVE('',#4406,#4407,#545,.T.);
#4799=EDGE_CURVE('',#4407,#4409,#549,.T.);
#4801=EDGE_CURVE('',#4409,#4411,#553,.T.);
#4803=EDGE_CURVE('',#4411,#4413,#557,.T.);
#4805=EDGE_CURVE('',#4413,#4415,#561,.T.);
#4807=EDGE_CURVE('',#4415,#4417,#565,.T.);
#4809=EDGE_CURVE('',#4417,#4419,#569,.T.);
#4811=EDGE_CURVE('',#4419,#4421,#573,.T.);
#4813=EDGE_CURVE('',#4421,#4423,#577,.T.);
#4815=EDGE_CURVE('',#4423,#4425,#581,.T.);
#4817=EDGE_CURVE('',#4425,#4427,#585,.T.);
#4819=EDGE_CURVE('',#4427,#4406,#589,.T.);
#4836=EDGE_CURVE('',#4446,#4447,#625,.T.);
#4838=EDGE_CURVE('',#4447,#4449,#629,.T.);
#4840=EDGE_CURVE('',#4449,#4446,#633,.T.);
#4857=EDGE_CURVE('',#3685,#3683,#637,.T.);
#4859=EDGE_CURVE('',#3683,#3667,#641,.T.);
#4862=EDGE_CURVE('',#3666,#3685,#645,.T.);
#4879=EDGE_CURVE('',#3695,#3690,#649,.T.);
#4881=EDGE_CURVE('',#3695,#3671,#653,.T.);
#4884=EDGE_CURVE('',#3670,#3690,#657,.T.);
#4901=EDGE_CURVE('',#3682,#3683,#662,.T.);
#4904=EDGE_CURVE('',#3685,#3687,#691,.T.);
#4906=EDGE_CURVE('',#3687,#3682,#666,.T.);
#4924=EDGE_CURVE('',#3682,#3675,#674,.T.);
#4944=EDGE_CURVE('',#3674,#3687,#670,.T.);
#4963=EDGE_CURVE('',#3693,#3691,#678,.T.);
#4965=EDGE_CURVE('',#3678,#3691,#682,.T.);
#4968=EDGE_CURVE('',#3693,#3679,#686,.T.);
#5004=EDGE_CURVE('',#3690,#3691,#696,.T.);
#5007=EDGE_CURVE('',#3693,#3695,#701,.T.);
#5063=EDGE_CURVE('',#3717,#3715,#705,.T.);
#5065=EDGE_CURVE('',#3715,#3699,#709,.T.);
#5068=EDGE_CURVE('',#3698,#3717,#713,.T.);
#5085=EDGE_CURVE('',#3727,#3722,#717,.T.);
#5087=EDGE_CURVE('',#3727,#3703,#721,.T.);
#5090=EDGE_CURVE('',#3702,#3722,#725,.T.);
#5107=EDGE_CURVE('',#3714,#3715,#730,.T.);
#5110=EDGE_CURVE('',#3717,#3719,#759,.T.);
#5112=EDGE_CURVE('',#3719,#3714,#734,.T.);
#5130=EDGE_CURVE('',#3714,#3707,#742,.T.);
#5150=EDGE_CURVE('',#3706,#3719,#738,.T.);
#5169=EDGE_CURVE('',#3725,#3723,#746,.T.);
#5171=EDGE_CURVE('',#3710,#3723,#750,.T.);
#5174=EDGE_CURVE('',#3725,#3711,#754,.T.);
#5210=EDGE_CURVE('',#3722,#3723,#764,.T.);
#5213=EDGE_CURVE('',#3725,#3727,#769,.T.);
#5269=EDGE_CURVE('',#3749,#3747,#773,.T.);
#5271=EDGE_CURVE('',#3747,#3731,#777,.T.);
#5274=EDGE_CURVE('',#3730,#3749,#781,.T.);
#5291=EDGE_CURVE('',#3759,#3754,#785,.T.);
#5293=EDGE_CURVE('',#3759,#3735,#789,.T.);
#5296=EDGE_CURVE('',#3734,#3754,#793,.T.);
#5313=EDGE_CURVE('',#3746,#3747,#798,.T.);
#5316=EDGE_CURVE('',#3749,#3751,#827,.T.);
#5318=EDGE_CURVE('',#3751,#3746,#802,.T.);
#5336=EDGE_CURVE('',#3746,#3739,#810,.T.);
#5356=EDGE_CURVE('',#3738,#3751,#806,.T.);
#5375=EDGE_CURVE('',#3757,#3755,#814,.T.);
#5377=EDGE_CURVE('',#3742,#3755,#818,.T.);
#5380=EDGE_CURVE('',#3757,#3743,#822,.T.);
#5416=EDGE_CURVE('',#3754,#3755,#832,.T.);
#5419=EDGE_CURVE('',#3757,#3759,#837,.T.);
#5475=EDGE_CURVE('',#3801,#3798,#841,.T.);
#5478=EDGE_CURVE('',#3807,#3803,#889,.T.);
#5480=EDGE_CURVE('',#3803,#3798,#849,.T.);
#5499=EDGE_CURVE('',#3798,#3799,#845,.T.);
#5501=EDGE_CURVE('',#3771,#3799,#2579,.T.);
#5503=EDGE_CURVE('',#3771,#3773,#2503,.T.);
#5505=EDGE_CURVE('',#3778,#3773,#2575,.T.);
#5523=EDGE_CURVE('',#3803,#3805,#885,.T.);
#5525=EDGE_CURVE('',#3805,#3799,#2583,.T.);
#5543=EDGE_CURVE('',#3527,#3835,#901,.T.);
#5545=EDGE_CURVE('',#3835,#3830,#853,.T.);
#5547=EDGE_CURVE('',#3830,#3831,#857,.T.);
#5549=EDGE_CURVE('',#3831,#3837,#861,.T.);
#5551=EDGE_CURVE('',#3837,#3597,#997,.T.);
#5553=EDGE_CURVE('',#3597,#3595,#865,.T.);
#5556=EDGE_CURVE('',#3653,#3641,#869,.T.);
#5558=EDGE_CURVE('',#3643,#3641,#873,.T.);
#5560=EDGE_CURVE('',#3655,#3643,#877,.T.);
#5563=EDGE_CURVE('',#3783,#3768,#881,.T.);
#5565=EDGE_CURVE('',#3768,#3769,#2511,.T.);
#5567=EDGE_CURVE('',#3805,#3769,#2587,.T.);
#5572=EDGE_CURVE('',#3523,#3527,#893,.T.);
#5589=EDGE_CURVE('',#3835,#3839,#897,.T.);
#5592=EDGE_CURVE('',#3526,#3527,#905,.T.);
#5594=EDGE_CURVE('',#3816,#3526,#909,.T.);
#5596=EDGE_CURVE('',#3816,#3817,#913,.T.);
#5598=EDGE_CURVE('',#3823,#3817,#917,.T.);
#5600=EDGE_CURVE('',#3823,#3542,#921,.T.);
#5602=EDGE_CURVE('',#3542,#3543,#925,.T.);
#5604=EDGE_CURVE('',#3543,#3545,#929,.T.);
#5606=EDGE_CURVE('',#3545,#3547,#933,.T.);
#5608=EDGE_CURVE('',#3547,#3847,#937,.T.);
#5610=EDGE_CURVE('',#3847,#3839,#941,.T.);
#5627=EDGE_CURVE('',#3837,#3845,#945,.T.);
#5629=EDGE_CURVE('',#3845,#3554,#949,.T.);
#5631=EDGE_CURVE('',#3554,#3565,#953,.T.);
#5633=EDGE_CURVE('',#3559,#3565,#957,.T.);
#5635=EDGE_CURVE('',#3558,#3559,#961,.T.);
#5637=EDGE_CURVE('',#3567,#3558,#965,.T.);
#5639=EDGE_CURVE('',#3567,#3551,#969,.T.);
#5641=EDGE_CURVE('',#3551,#3821,#973,.T.);
#5643=EDGE_CURVE('',#3820,#3821,#977,.T.);
#5645=EDGE_CURVE('',#3591,#3820,#981,.T.);
#5647=EDGE_CURVE('',#3589,#3591,#985,.T.);
#5649=EDGE_CURVE('',#3599,#3589,#989,.T.);
#5651=EDGE_CURVE('',#3597,#3599,#993,.T.);
#5671=EDGE_CURVE('',#3839,#3833,#1001,.T.);
#5673=EDGE_CURVE('',#3830,#3833,#1173,.T.);
#5692=EDGE_CURVE('',#3847,#3841,#1009,.T.);
#5694=EDGE_CURVE('',#3833,#3841,#1005,.T.);
#5713=EDGE_CURVE('',#3547,#3537,#1013,.T.);
#5715=EDGE_CURVE('',#3537,#3539,#1129,.T.);
#5717=EDGE_CURVE('',#3841,#3539,#1161,.T.);
#5735=EDGE_CURVE('',#3545,#3535,#1017,.T.);
#5737=EDGE_CURVE('',#3535,#3537,#1133,.T.);
#5756=EDGE_CURVE('',#3543,#3533,#1021,.T.);
#5758=EDGE_CURVE('',#3533,#3535,#1137,.T.);
#5777=EDGE_CURVE('',#3542,#3531,#1025,.T.);
#5779=EDGE_CURVE('',#3531,#3533,#1141,.T.);
#5797=EDGE_CURVE('',#3823,#3826,#1029,.T.);
#5799=EDGE_CURVE('',#3826,#3530,#1033,.T.);
#5801=EDGE_CURVE('',#3530,#3531,#1145,.T.);
#5821=EDGE_CURVE('',#3817,#3813,#1037,.T.);
#5823=EDGE_CURVE('',#3813,#3826,#1041,.T.);
#5842=EDGE_CURVE('',#3816,#3810,#1053,.T.);
#5844=EDGE_CURVE('',#3810,#3813,#1097,.T.);
#5863=EDGE_CURVE('',#3811,#3820,#1045,.T.);
#5865=EDGE_CURVE('',#3810,#3811,#1049,.T.);
#5869=EDGE_CURVE('',#3522,#3526,#1181,.T.);
#5872=EDGE_CURVE('',#3790,#3793,#1057,.T.);
#5874=EDGE_CURVE('',#3793,#3795,#1061,.T.);
#5876=EDGE_CURVE('',#3763,#3795,#2459,.T.);
#5878=EDGE_CURVE('',#3763,#3765,#2487,.T.);
#5880=EDGE_CURVE('',#3781,#3765,#2559,.T.);
#5883=EDGE_CURVE('',#3611,#3615,#1065,.T.);
#5885=EDGE_CURVE('',#3615,#3613,#1069,.T.);
#5887=EDGE_CURVE('',#3609,#3613,#1073,.T.);
#5890=EDGE_CURVE('',#3591,#3586,#1077,.T.);
#5908=EDGE_CURVE('',#3821,#3827,#1089,.T.);
#5910=EDGE_CURVE('',#3811,#3827,#1081,.T.);
#5928=EDGE_CURVE('',#3826,#3827,#1085,.T.);
#5932=EDGE_CURVE('',#3550,#3551,#1093,.T.);
#5934=EDGE_CURVE('',#3550,#3530,#1149,.T.);
#5972=EDGE_CURVE('',#3563,#3565,#1101,.T.);
#5975=EDGE_CURVE('',#3554,#3555,#1165,.T.);
#5977=EDGE_CURVE('',#3555,#3563,#1121,.T.);
#5994=EDGE_CURVE('',#3562,#3567,#1105,.T.);
#5996=EDGE_CURVE('',#3562,#3550,#1153,.T.);
#6016=EDGE_CURVE('',#3563,#3559,#1109,.T.);
#6034=EDGE_CURVE('',#3562,#3563,#1117,.T.);
#6036=EDGE_CURVE('',#3562,#3558,#1113,.T.);
#6057=EDGE_CURVE('',#3539,#3555,#1125,.T.);
#6081=EDGE_CURVE('',#3841,#3843,#1157,.T.);
#6087=EDGE_CURVE('',#3845,#3843,#1169,.T.);
#6106=EDGE_CURVE('',#3831,#3843,#1177,.T.);
#6168=EDGE_CURVE('',#4050,#4054,#1326,.T.);
#6170=EDGE_CURVE('',#4054,#4039,#1185,.T.);
#6172=EDGE_CURVE('',#4039,#4046,#1347,.T.);
#6174=EDGE_CURVE('',#4046,#4011,#1189,.T.);
#6176=EDGE_CURVE('',#4011,#4022,#1193,.T.);
#6178=EDGE_CURVE('',#4022,#4015,#1197,.T.);
#6180=EDGE_CURVE('',#4015,#4017,#1408,.T.);
#6182=EDGE_CURVE('',#4026,#4017,#1392,.T.);
#6184=EDGE_CURVE('',#4026,#4009,#1201,.T.);
#6186=EDGE_CURVE('',#4009,#4042,#1205,.T.);
#6188=EDGE_CURVE('',#4042,#4034,#1343,.T.);
#6190=EDGE_CURVE('',#4050,#4034,#1330,.T.);
#6194=EDGE_CURVE('',#4058,#4059,#1209,.T.);
#6196=EDGE_CURVE('',#4058,#4059,#1309,.T.);
#6213=EDGE_CURVE('',#4050,#4051,#1313,.T.);
#6215=EDGE_CURVE('',#4055,#4051,#1318,.T.);
#6217=EDGE_CURVE('',#4054,#4055,#1322,.T.);
#6237=EDGE_CURVE('',#4034,#4035,#1339,.T.);
#6239=EDGE_CURVE('',#4051,#4035,#1424,.T.);
#6256=EDGE_CURVE('',#4042,#4043,#1360,.T.);
#6258=EDGE_CURVE('',#4035,#4043,#1335,.T.);
#6277=EDGE_CURVE('',#4046,#4047,#1412,.T.);
#6280=EDGE_CURVE('',#4038,#4039,#1351,.T.);
#6282=EDGE_CURVE('',#4047,#4038,#1356,.T.);
#6301=EDGE_CURVE('',#4002,#4009,#1364,.T.);
#6303=EDGE_CURVE('',#4002,#4003,#1445,.T.);
#6305=EDGE_CURVE('',#4003,#4030,#1441,.T.);
#6307=EDGE_CURVE('',#4043,#4030,#1428,.T.);
#6324=EDGE_CURVE('',#4022,#4023,#1368,.T.);
#6327=EDGE_CURVE('',#4007,#4011,#1372,.T.);
#6329=EDGE_CURVE('',#4007,#4002,#1449,.T.);
#6333=EDGE_CURVE('',#4026,#4027,#1376,.T.);
#6335=EDGE_CURVE('',#4027,#4023,#1380,.T.);
#6353=EDGE_CURVE('',#4023,#4014,#1384,.T.);
#6355=EDGE_CURVE('',#4014,#4015,#1396,.T.);
#6374=EDGE_CURVE('',#4027,#4019,#1388,.T.);
#6376=EDGE_CURVE('',#4019,#4014,#1400,.T.);
#6396=EDGE_CURVE('',#4017,#4019,#1404,.T.);
#6434=EDGE_CURVE('',#4031,#4047,#1420,.T.);
#6436=EDGE_CURVE('',#4005,#4031,#1416,.T.);
#6438=EDGE_CURVE('',#4005,#4007,#1453,.T.);
#6459=EDGE_CURVE('',#4055,#4038,#1432,.T.);
#6465=EDGE_CURVE('',#4030,#4031,#1437,.T.);
#6503=EDGE_CURVE('',#4003,#4005,#1457,.T.);
#6521=EDGE_CURVE('',#4062,#4063,#1461,.T.);
#6523=EDGE_CURVE('',#3989,#4062,#1465,.T.);
#6525=EDGE_CURVE('',#3987,#3989,#1469,.T.);
#6527=EDGE_CURVE('',#3986,#3987,#1473,.T.);
#6529=EDGE_CURVE('',#3991,#3986,#1477,.T.);
#6531=EDGE_CURVE('',#4065,#3991,#1481,.T.);
#6533=EDGE_CURVE('',#4065,#4064,#1559,.T.);
#6535=EDGE_CURVE('',#4064,#4063,#1583,.T.);
#6559=EDGE_CURVE('',#4069,#4063,#1588,.T.);
#6561=EDGE_CURVE('',#4067,#4069,#1593,.T.);
#6563=EDGE_CURVE('',#4062,#4067,#2049,.T.);
#8159=EDGE_CURVE('',#4058,#4064,#2045,.T.);
#8161=EDGE_CURVE('',#4059,#4058,#2443,.T.);
#8163=EDGE_CURVE('',#4059,#4069,#1820,.T.);
#9762=EDGE_CURVE('',#4067,#4065,#2070,.T.);
#9784=EDGE_CURVE('',#3983,#3991,#2078,.T.);
#9786=EDGE_CURVE('',#3981,#3983,#2090,.T.);
#9788=EDGE_CURVE('',#3981,#3989,#2074,.T.);
#9806=EDGE_CURVE('',#3983,#3978,#2094,.T.);
#9810=EDGE_CURVE('',#3978,#3986,#2098,.T.);
#9827=EDGE_CURVE('',#3978,#3979,#2082,.T.);
#9829=EDGE_CURVE('',#3979,#3981,#2086,.T.);
#9835=EDGE_CURVE('',#3994,#3995,#2106,.T.);
#9837=EDGE_CURVE('',#3999,#3994,#2130,.T.);
#9839=EDGE_CURVE('',#3997,#3999,#2122,.T.);
#9841=EDGE_CURVE('',#3995,#3997,#2114,.T.);
#9861=EDGE_CURVE('',#3979,#3987,#2102,.T.);
#9898=EDGE_CURVE('',#3915,#3995,#2118,.T.);
#9900=EDGE_CURVE('',#3914,#3915,#2138,.T.);
#9902=EDGE_CURVE('',#3914,#3994,#2110,.T.);
#9920=EDGE_CURVE('',#3917,#3997,#2126,.T.);
#9922=EDGE_CURVE('',#3915,#3917,#2142,.T.);
#9941=EDGE_CURVE('',#3919,#3999,#2134,.T.);
#9943=EDGE_CURVE('',#3917,#3919,#2146,.T.);
#9963=EDGE_CURVE('',#3919,#3914,#2150,.T.);
#9987=EDGE_CURVE('',#3922,#3923,#2154,.T.);
#9989=EDGE_CURVE('',#3927,#3922,#2178,.T.);
#9991=EDGE_CURVE('',#3925,#3927,#2170,.T.);
#9993=EDGE_CURVE('',#3923,#3925,#2162,.T.);
#10011=EDGE_CURVE('',#3899,#3923,#2166,.T.);
#10013=EDGE_CURVE('',#3898,#3899,#2186,.T.);
#10015=EDGE_CURVE('',#3898,#3922,#2158,.T.);
#10033=EDGE_CURVE('',#3901,#3925,#2174,.T.);
#10035=EDGE_CURVE('',#3899,#3901,#2190,.T.);
#10054=EDGE_CURVE('',#3903,#3927,#2182,.T.);
#10056=EDGE_CURVE('',#3901,#3903,#2194,.T.);
#10076=EDGE_CURVE('',#3903,#3898,#2198,.T.);
#10100=EDGE_CURVE('',#3906,#3907,#2202,.T.);
#10102=EDGE_CURVE('',#3907,#3909,#2226,.T.);
#10104=EDGE_CURVE('',#3909,#3911,#2218,.T.);
#10106=EDGE_CURVE('',#3911,#3906,#2210,.T.);
#10124=EDGE_CURVE('',#3890,#3906,#2206,.T.);
#10126=EDGE_CURVE('',#3890,#3891,#2250,.T.);
#10128=EDGE_CURVE('',#3891,#3907,#2230,.T.);
#10146=EDGE_CURVE('',#3895,#3911,#2214,.T.);
#10148=EDGE_CURVE('',#3895,#3890,#2254,.T.);
#10167=EDGE_CURVE('',#3893,#3909,#2222,.T.);
#10169=EDGE_CURVE('',#3893,#3895,#2258,.T.);
#10189=EDGE_CURVE('',#3891,#3893,#2262,.T.);
#10207=EDGE_CURVE('',#3882,#3883,#2234,.T.);
#10209=EDGE_CURVE('',#3883,#3885,#2238,.T.);
#10211=EDGE_CURVE('',#3885,#3887,#2242,.T.);
#10213=EDGE_CURVE('',#3887,#3882,#2246,.T.);
#10236=EDGE_CURVE('',#3955,#3882,#2266,.T.);
#10238=EDGE_CURVE('',#3959,#3955,#2330,.T.);
#10240=EDGE_CURVE('',#3947,#3959,#2270,.T.);
#10242=EDGE_CURVE('',#3951,#3947,#2314,.T.);
#10244=EDGE_CURVE('',#3879,#3951,#2274,.T.);
#10246=EDGE_CURVE('',#3879,#3934,#2422,.T.);
#10248=EDGE_CURVE('',#3934,#3939,#2278,.T.);
#10250=EDGE_CURVE('',#3937,#3939,#2282,.T.);
#10252=EDGE_CURVE('',#3930,#3937,#2286,.T.);
#10254=EDGE_CURVE('',#3930,#3874,#2414,.T.);
#10256=EDGE_CURVE('',#3874,#3963,#2366,.T.);
#10258=EDGE_CURVE('',#3967,#3963,#2382,.T.);
#10260=EDGE_CURVE('',#3971,#3967,#2290,.T.);
#10262=EDGE_CURVE('',#3975,#3971,#2398,.T.);
#10264=EDGE_CURVE('',#3975,#3883,#2374,.T.);
#10282=EDGE_CURVE('',#3950,#3951,#2294,.T.);
#10284=EDGE_CURVE('',#3878,#3950,#2298,.T.);
#10286=EDGE_CURVE('',#3878,#3879,#2426,.T.);
#10304=EDGE_CURVE('',#3954,#3955,#2302,.T.);
#10308=EDGE_CURVE('',#3954,#3887,#2306,.T.);
#10325=EDGE_CURVE('',#3946,#3947,#2318,.T.);
#10327=EDGE_CURVE('',#3946,#3950,#2310,.T.);
#10348=EDGE_CURVE('',#3958,#3959,#2322,.T.);
#10350=EDGE_CURVE('',#3946,#3958,#2334,.T.);
#10368=EDGE_CURVE('',#3954,#3958,#2326,.T.);
#10391=EDGE_CURVE('',#3974,#3885,#2338,.T.);
#10393=EDGE_CURVE('',#3970,#3974,#2394,.T.);
#10395=EDGE_CURVE('',#3970,#3966,#2342,.T.);
#10397=EDGE_CURVE('',#3962,#3966,#2378,.T.);
#10399=EDGE_CURVE('',#3875,#3962,#2346,.T.);
#10401=EDGE_CURVE('',#3875,#3931,#2406,.T.);
#10403=EDGE_CURVE('',#3931,#3941,#2350,.T.);
#10405=EDGE_CURVE('',#3941,#3943,#2354,.T.);
#10407=EDGE_CURVE('',#3935,#3943,#2358,.T.);
#10409=EDGE_CURVE('',#3935,#3878,#2430,.T.);
#10428=EDGE_CURVE('',#3962,#3963,#2362,.T.);
#10431=EDGE_CURVE('',#3874,#3875,#2410,.T.);
#10449=EDGE_CURVE('',#3974,#3975,#2370,.T.);
#10471=EDGE_CURVE('',#3966,#3967,#2386,.T.);
#10491=EDGE_CURVE('',#3970,#3971,#2390,.T.);
#10528=EDGE_CURVE('',#3930,#3931,#2402,.T.);
#10548=EDGE_CURVE('',#3934,#3935,#2418,.T.);
#10570=EDGE_CURVE('',#3941,#3937,#2434,.T.);
#10589=EDGE_CURVE('',#3943,#3939,#2438,.T.);
#10645=EDGE_CURVE('',#3791,#3786,#2451,.T.);
#10647=EDGE_CURVE('',#3793,#3786,#2471,.T.);
#10665=EDGE_CURVE('',#3787,#3762,#2467,.T.);
#10667=EDGE_CURVE('',#3786,#3787,#2447,.T.);
#10671=EDGE_CURVE('',#3779,#3775,#2455,.T.);
#10673=EDGE_CURVE('',#3775,#3762,#2495,.T.);
#10691=EDGE_CURVE('',#3795,#3787,#2463,.T.);
#10694=EDGE_CURVE('',#3762,#3763,#2491,.T.);
#10730=EDGE_CURVE('',#3866,#3867,#2475,.T.);
#10732=EDGE_CURVE('',#3867,#3871,#2479,.T.);
#10734=EDGE_CURVE('',#3870,#3871,#2483,.T.);
#10736=EDGE_CURVE('',#3765,#3870,#2563,.T.);
#10741=EDGE_CURVE('',#3773,#3775,#2499,.T.);
#10744=EDGE_CURVE('',#3769,#3771,#2507,.T.);
#10747=EDGE_CURVE('',#3866,#3768,#2543,.T.);
#10765=EDGE_CURVE('',#3858,#3850,#2515,.T.);
#10767=EDGE_CURVE('',#3850,#3851,#2519,.T.);
#10769=EDGE_CURVE('',#3851,#3867,#2523,.T.);
#10772=EDGE_CURVE('',#3859,#3866,#2539,.T.);
#10790=EDGE_CURVE('',#3862,#3854,#2535,.T.);
#10792=EDGE_CURVE('',#3850,#3854,#2571,.T.);
#10811=EDGE_CURVE('',#3863,#3870,#2551,.T.);
#10814=EDGE_CURVE('',#3855,#3871,#2527,.T.);
#10816=EDGE_CURVE('',#3854,#3855,#2531,.T.);
#10874=EDGE_CURVE('',#3851,#3855,#2567,.T.);
#10950=EDGE_CURVE('',#3607,#3602,#2599,.T.);
#10952=EDGE_CURVE('',#3615,#3602,#2623,.T.);
#10971=EDGE_CURVE('',#3603,#3606,#2591,.T.);
#10973=EDGE_CURVE('',#3602,#3603,#2595,.T.);
#10978=EDGE_CURVE('',#3629,#3627,#2603,.T.);
#10980=EDGE_CURVE('',#3627,#3622,#2607,.T.);
#10982=EDGE_CURVE('',#3622,#3623,#2611,.T.);
#10984=EDGE_CURVE('',#3623,#3629,#2615,.T.);
#11003=EDGE_CURVE('',#3613,#3603,#2619,.T.);
#11040=EDGE_CURVE('',#3626,#3627,#2627,.T.);
#11043=EDGE_CURVE('',#3629,#3631,#2647,.T.);
#11045=EDGE_CURVE('',#3631,#3626,#2631,.T.);
#11063=EDGE_CURVE('',#3626,#3618,#2643,.T.);
#11065=EDGE_CURVE('',#3622,#3618,#2655,.T.);
#11084=EDGE_CURVE('',#3619,#3631,#2635,.T.);
#11086=EDGE_CURVE('',#3618,#3619,#2639,.T.);
#11106=EDGE_CURVE('',#3623,#3619,#2651,.T.);
#11144=EDGE_CURVE('',#3589,#3587,#2659,.T.);
#11165=EDGE_CURVE('',#3582,#3574,#2675,.T.);
#11167=EDGE_CURVE('',#3570,#3574,#2695,.T.);
#11169=EDGE_CURVE('',#3578,#3570,#2683,.T.);
#11172=EDGE_CURVE('',#3599,#3594,#2663,.T.);
#11191=EDGE_CURVE('',#3575,#3583,#2667,.T.);
#11193=EDGE_CURVE('',#3574,#3575,#2671,.T.);
#11212=EDGE_CURVE('',#3571,#3579,#2691,.T.);
#11214=EDGE_CURVE('',#3571,#3575,#2679,.T.);
#11234=EDGE_CURVE('',#3570,#3571,#2687,.T.);
#11290=EDGE_CURVE('',#3635,#3637,#2703,.T.);
#11292=EDGE_CURVE('',#3641,#3635,#2699,.T.);
#11313=EDGE_CURVE('',#3639,#3634,#2707,.T.);
#11315=EDGE_CURVE('',#3634,#3635,#2711,.T.);
#11319=EDGE_CURVE('',#3661,#3659,#2715,.T.);
#11321=EDGE_CURVE('',#3651,#3659,#2719,.T.);
#11323=EDGE_CURVE('',#3649,#3651,#2723,.T.);
#11325=EDGE_CURVE('',#3661,#3649,#2727,.T.);
#11345=EDGE_CURVE('',#3643,#3634,#2731,.T.);
#11381=EDGE_CURVE('',#3658,#3659,#2735,.T.);
#11384=EDGE_CURVE('',#3661,#3663,#2759,.T.);
#11386=EDGE_CURVE('',#3663,#3658,#2743,.T.);
#11404=EDGE_CURVE('',#3647,#3658,#2755,.T.);
#11406=EDGE_CURVE('',#3651,#3647,#2739,.T.);
#11425=EDGE_CURVE('',#3663,#3646,#2747,.T.);
#11427=EDGE_CURVE('',#3646,#3647,#2751,.T.);
#11447=EDGE_CURVE('',#3649,#3646,#2763,.T.);
#11485=EDGE_CURVE('',#4262,#4072,#2767,.T.);
#11487=EDGE_CURVE('',#4072,#4073,#2791,.T.);
#11489=EDGE_CURVE('',#4263,#4073,#2787,.T.);
#11507=EDGE_CURVE('',#4271,#4081,#2771,.T.);
#11509=EDGE_CURVE('',#4081,#4072,#2795,.T.);
#11528=EDGE_CURVE('',#4269,#4079,#2775,.T.);
#11530=EDGE_CURVE('',#4079,#4081,#2799,.T.);
#11549=EDGE_CURVE('',#4267,#4077,#2779,.T.);
#11551=EDGE_CURVE('',#4077,#4079,#2803,.T.);
#11570=EDGE_CURVE('',#4265,#4075,#2783,.T.);
#11572=EDGE_CURVE('',#4075,#4077,#2807,.T.);
#11592=EDGE_CURVE('',#4073,#4075,#2811,.T.);
#11631=EDGE_CURVE('',#4084,#4085,#2815,.T.);
#11633=EDGE_CURVE('',#4161,#4084,#2819,.T.);
#11635=EDGE_CURVE('',#4159,#4161,#2823,.T.);
#11637=EDGE_CURVE('',#4157,#4159,#2827,.T.);
#11639=EDGE_CURVE('',#4155,#4157,#2831,.T.);
#11641=EDGE_CURVE('',#4153,#4155,#2835,.T.);
#11643=EDGE_CURVE('',#4151,#4153,#2839,.T.);
#11645=EDGE_CURVE('',#4149,#4151,#2843,.T.);
#11647=EDGE_CURVE('',#4147,#4149,#2847,.T.);
#11649=EDGE_CURVE('',#4145,#4147,#2851,.T.);
#11651=EDGE_CURVE('',#4143,#4145,#2855,.T.);
#11653=EDGE_CURVE('',#4141,#4143,#2859,.T.);
#11655=EDGE_CURVE('',#4139,#4141,#2863,.T.);
#11657=EDGE_CURVE('',#4137,#4139,#2867,.T.);
#11659=EDGE_CURVE('',#4135,#4137,#2871,.T.);
#11661=EDGE_CURVE('',#4133,#4135,#2875,.T.);
#11663=EDGE_CURVE('',#4131,#4133,#2879,.T.);
#11665=EDGE_CURVE('',#4129,#4131,#2883,.T.);
#11667=EDGE_CURVE('',#4127,#4129,#2887,.T.);
#11669=EDGE_CURVE('',#4125,#4127,#2891,.T.);
#11671=EDGE_CURVE('',#4123,#4125,#2895,.T.);
#11673=EDGE_CURVE('',#4121,#4123,#2899,.T.);
#11675=EDGE_CURVE('',#4119,#4121,#2903,.T.);
#11677=EDGE_CURVE('',#4117,#4119,#2907,.T.);
#11679=EDGE_CURVE('',#4115,#4117,#2911,.T.);
#11681=EDGE_CURVE('',#4113,#4115,#2915,.T.);
#11683=EDGE_CURVE('',#4111,#4113,#2919,.T.);
#11686=EDGE_CURVE('',#4107,#4109,#2927,.T.);
#11688=EDGE_CURVE('',#4105,#4107,#2931,.T.);
#11690=EDGE_CURVE('',#4103,#4105,#2935,.T.);
#11692=EDGE_CURVE('',#4101,#4103,#2939,.T.);
#11694=EDGE_CURVE('',#4099,#4101,#2943,.T.);
#11696=EDGE_CURVE('',#4097,#4099,#2947,.T.);
#11698=EDGE_CURVE('',#4095,#4097,#2951,.T.);
#11700=EDGE_CURVE('',#4093,#4095,#2955,.T.);
#11702=EDGE_CURVE('',#4091,#4093,#2959,.T.);
#11704=EDGE_CURVE('',#4089,#4091,#2963,.T.);
#11706=EDGE_CURVE('',#4087,#4089,#2967,.T.);
#11708=EDGE_CURVE('',#4085,#4087,#2971,.T.);
#11725=EDGE_CURVE('',#4164,#4165,#2975,.T.);
#11727=EDGE_CURVE('',#4185,#4164,#2979,.T.);
#11729=EDGE_CURVE('',#4183,#4185,#2983,.T.);
#11731=EDGE_CURVE('',#4181,#4183,#2987,.T.);
#11733=EDGE_CURVE('',#4179,#4181,#2991,.T.);
#11735=EDGE_CURVE('',#4177,#4179,#2995,.T.);
#11737=EDGE_CURVE('',#4175,#4177,#2999,.T.);
#11739=EDGE_CURVE('',#4173,#4175,#3003,.T.);
#11741=EDGE_CURVE('',#4171,#4173,#3007,.T.);
#11743=EDGE_CURVE('',#4169,#4171,#3011,.T.);
#11745=EDGE_CURVE('',#4167,#4169,#3015,.T.);
#11747=EDGE_CURVE('',#4165,#4167,#3019,.T.);
#11764=EDGE_CURVE('',#4188,#4189,#3023,.T.);
#11766=EDGE_CURVE('',#4213,#4188,#3027,.T.);
#11768=EDGE_CURVE('',#4211,#4213,#3031,.T.);
#11770=EDGE_CURVE('',#4209,#4211,#3035,.T.);
#11772=EDGE_CURVE('',#4207,#4209,#3039,.T.);
#11774=EDGE_CURVE('',#4205,#4207,#3043,.T.);
#11776=EDGE_CURVE('',#4203,#4205,#3047,.T.);
#11778=EDGE_CURVE('',#4201,#4203,#3051,.T.);
#11780=EDGE_CURVE('',#4199,#4201,#3055,.T.);
#11782=EDGE_CURVE('',#4197,#4199,#3059,.T.);
#11784=EDGE_CURVE('',#4195,#4197,#3063,.T.);
#11786=EDGE_CURVE('',#4193,#4195,#3067,.T.);
#11788=EDGE_CURVE('',#4191,#4193,#3071,.T.);
#11790=EDGE_CURVE('',#4189,#4191,#3075,.T.);
#11794=EDGE_CURVE('',#4216,#4217,#3079,.T.);
#11796=EDGE_CURVE('',#4237,#4216,#3083,.T.);
#11798=EDGE_CURVE('',#4235,#4237,#3087,.T.);
#11800=EDGE_CURVE('',#4233,#4235,#3091,.T.);
#11802=EDGE_CURVE('',#4231,#4233,#3095,.T.);
#11804=EDGE_CURVE('',#4229,#4231,#3099,.T.);
#11806=EDGE_CURVE('',#4227,#4229,#3103,.T.);
#11808=EDGE_CURVE('',#4225,#4227,#3107,.T.);
#11810=EDGE_CURVE('',#4223,#4225,#3111,.T.);
#11812=EDGE_CURVE('',#4221,#4223,#3115,.T.);
#11814=EDGE_CURVE('',#4219,#4221,#3119,.T.);
#11816=EDGE_CURVE('',#4217,#4219,#3123,.T.);
#11833=EDGE_CURVE('',#4240,#4241,#3127,.T.);
#11835=EDGE_CURVE('',#4253,#4240,#3131,.T.);
#11837=EDGE_CURVE('',#4251,#4253,#3135,.T.);
#11839=EDGE_CURVE('',#4249,#4251,#3139,.T.);
#11841=EDGE_CURVE('',#4247,#4249,#3143,.T.);
#11843=EDGE_CURVE('',#4245,#4247,#3147,.T.);
#11845=EDGE_CURVE('',#4243,#4245,#3151,.T.);
#11847=EDGE_CURVE('',#4241,#4243,#3155,.T.);
#11851=EDGE_CURVE('',#4256,#4257,#3159,.T.);
#11853=EDGE_CURVE('',#4259,#4256,#3163,.T.);
#11855=EDGE_CURVE('',#4257,#4259,#3167,.T.);
#11873=EDGE_CURVE('',#4274,#4084,#3171,.T.);
#11876=EDGE_CURVE('',#4275,#4085,#3279,.T.);
#11894=EDGE_CURVE('',#4351,#4161,#3175,.T.);
#11914=EDGE_CURVE('',#4349,#4159,#3179,.T.);
#11934=EDGE_CURVE('',#4347,#4157,#3183,.T.);
#11954=EDGE_CURVE('',#4345,#4155,#3187,.T.);
#11974=EDGE_CURVE('',#4343,#4153,#3191,.T.);
#11994=EDGE_CURVE('',#4341,#4151,#3195,.T.);
#12014=EDGE_CURVE('',#4339,#4149,#3199,.T.);
#12034=EDGE_CURVE('',#4337,#4147,#3203,.T.);
#12054=EDGE_CURVE('',#4335,#4145,#3207,.T.);
#12074=EDGE_CURVE('',#4333,#4143,#3211,.T.);
#12094=EDGE_CURVE('',#4331,#4141,#3215,.T.);
#12114=EDGE_CURVE('',#4329,#4139,#3219,.T.);
#12134=EDGE_CURVE('',#4327,#4137,#3223,.T.);
#12154=EDGE_CURVE('',#4325,#4135,#3227,.T.);
#12174=EDGE_CURVE('',#4323,#4133,#3231,.T.);
#12194=EDGE_CURVE('',#4321,#4131,#3235,.T.);
#12214=EDGE_CURVE('',#4319,#4129,#3239,.T.);
#12234=EDGE_CURVE('',#4317,#4127,#3243,.T.);
#12254=EDGE_CURVE('',#4315,#4125,#3247,.T.);
#12274=EDGE_CURVE('',#4313,#4123,#3251,.T.);
#12294=EDGE_CURVE('',#4311,#4121,#3255,.T.);
#12314=EDGE_CURVE('',#4309,#4119,#3259,.T.);
#12334=EDGE_CURVE('',#4307,#4117,#3263,.T.);
#12354=EDGE_CURVE('',#4305,#4115,#3267,.T.);
#12374=EDGE_CURVE('',#4303,#4113,#3271,.T.);
#12415=EDGE_CURVE('',#4277,#4087,#3283,.T.);
#12435=EDGE_CURVE('',#4279,#4089,#3287,.T.);
#12455=EDGE_CURVE('',#4281,#4091,#3291,.T.);
#12475=EDGE_CURVE('',#4283,#4093,#3295,.T.);
#12495=EDGE_CURVE('',#4285,#4095,#3299,.T.);
#12515=EDGE_CURVE('',#4287,#4097,#3303,.T.);
#12535=EDGE_CURVE('',#4289,#4099,#3307,.T.);
#12555=EDGE_CURVE('',#4291,#4101,#3311,.T.);
#12575=EDGE_CURVE('',#4293,#4103,#3315,.T.);
#12595=EDGE_CURVE('',#4295,#4105,#3319,.T.);
#12615=EDGE_CURVE('',#4297,#4107,#3323,.T.);
#12652=EDGE_CURVE('',#4354,#4164,#3327,.T.);
#12655=EDGE_CURVE('',#4355,#4165,#3371,.T.);
#12673=EDGE_CURVE('',#4375,#4185,#3331,.T.);
#12693=EDGE_CURVE('',#4373,#4183,#3335,.T.);
#12713=EDGE_CURVE('',#4371,#4181,#3339,.T.);
#12733=EDGE_CURVE('',#4369,#4179,#3343,.T.);
#12753=EDGE_CURVE('',#4367,#4177,#3347,.T.);
#12773=EDGE_CURVE('',#4365,#4175,#3351,.T.);
#12793=EDGE_CURVE('',#4363,#4173,#3355,.T.);
#12813=EDGE_CURVE('',#4361,#4171,#3359,.T.);
#12833=EDGE_CURVE('',#4359,#4169,#3363,.T.);
#12853=EDGE_CURVE('',#4357,#4167,#3367,.T.);
#12892=EDGE_CURVE('',#4378,#4188,#3375,.T.);
#12895=EDGE_CURVE('',#4379,#4189,#3427,.T.);
#12913=EDGE_CURVE('',#4403,#4213,#3379,.T.);
#12933=EDGE_CURVE('',#4401,#4211,#3383,.T.);
#12953=EDGE_CURVE('',#4399,#4209,#3387,.T.);
#12973=EDGE_CURVE('',#4397,#4207,#3391,.T.);
#12993=EDGE_CURVE('',#4395,#4205,#3395,.T.);
#13013=EDGE_CURVE('',#4393,#4203,#3399,.T.);
#13033=EDGE_CURVE('',#4391,#4201,#3403,.T.);
#13053=EDGE_CURVE('',#4389,#4199,#3407,.T.);
#13073=EDGE_CURVE('',#4387,#4197,#3411,.T.);
#13093=EDGE_CURVE('',#4385,#4195,#3415,.T.);
#13113=EDGE_CURVE('',#4383,#4193,#3419,.T.);
#13133=EDGE_CURVE('',#4381,#4191,#3423,.T.);
#13172=EDGE_CURVE('',#4406,#4216,#3431,.T.);
#13175=EDGE_CURVE('',#4407,#4217,#3475,.T.);
#13193=EDGE_CURVE('',#4427,#4237,#3435,.T.);
#13213=EDGE_CURVE('',#4425,#4235,#3439,.T.);
#13233=EDGE_CURVE('',#4423,#4233,#3443,.T.);
#13253=EDGE_CURVE('',#4421,#4231,#3447,.T.);
#13273=EDGE_CURVE('',#4419,#4229,#3451,.T.);
#13293=EDGE_CURVE('',#4417,#4227,#3455,.T.);
#13313=EDGE_CURVE('',#4415,#4225,#3459,.T.);
#13333=EDGE_CURVE('',#4413,#4223,#3463,.T.);
#13353=EDGE_CURVE('',#4411,#4221,#3467,.T.);
#13373=EDGE_CURVE('',#4409,#4219,#3471,.T.);
#13412=EDGE_CURVE('',#4430,#4240,#3479,.T.);
#13415=EDGE_CURVE('',#4431,#4241,#3507,.T.);
#13433=EDGE_CURVE('',#4443,#4253,#3483,.T.);
#13453=EDGE_CURVE('',#4441,#4251,#3487,.T.);
#13473=EDGE_CURVE('',#4439,#4249,#3491,.T.);
#13493=EDGE_CURVE('',#4437,#4247,#3495,.T.);
#13513=EDGE_CURVE('',#4435,#4245,#3499,.T.);
#13533=EDGE_CURVE('',#4433,#4243,#3503,.T.);
#13572=EDGE_CURVE('',#4446,#4256,#3511,.T.);
#13575=EDGE_CURVE('',#4447,#4257,#3519,.T.);
#13593=EDGE_CURVE('',#4449,#4259,#3515,.T.);
#14249=EDGE_CURVE('',#14166,#14167,#13631,.T.);
#14251=EDGE_CURVE('',#14166,#14179,#14059,.T.);
#14253=EDGE_CURVE('',#14177,#14179,#13635,.T.);
#14255=EDGE_CURVE('',#14167,#14177,#13667,.T.);
#14273=EDGE_CURVE('',#14169,#14167,#13663,.T.);
#14275=EDGE_CURVE('',#14169,#14171,#14039,.T.);
#14277=EDGE_CURVE('',#14171,#14166,#14047,.T.);
#14294=EDGE_CURVE('',#14118,#14119,#13639,.T.);
#14296=EDGE_CURVE('',#14122,#14119,#13719,.T.);
#14298=EDGE_CURVE('',#14122,#14123,#13643,.T.);
#14300=EDGE_CURVE('',#14123,#14125,#13647,.T.);
#14302=EDGE_CURVE('',#14125,#14127,#13651,.T.);
#14304=EDGE_CURVE('',#14127,#14129,#13655,.T.);
#14306=EDGE_CURVE('',#14129,#14131,#13659,.T.);
#14308=EDGE_CURVE('',#14118,#14131,#13763,.T.);
#14314=EDGE_CURVE('',#14177,#14175,#13671,.T.);
#14316=EDGE_CURVE('',#14175,#14169,#13675,.T.);
#14320=EDGE_CURVE('',#14185,#14183,#13679,.T.);
#14322=EDGE_CURVE('',#14193,#14183,#13683,.T.);
#14324=EDGE_CURVE('',#14193,#14191,#13687,.T.);
#14326=EDGE_CURVE('',#14185,#14191,#13691,.T.);
#14343=EDGE_CURVE('',#14095,#14119,#13695,.T.);
#14346=EDGE_CURVE('',#14118,#14094,#13699,.T.);
#14348=EDGE_CURVE('',#14094,#14095,#13723,.T.);
#14352=EDGE_CURVE('',#14148,#14162,#13899,.T.);
#14354=EDGE_CURVE('',#14162,#14163,#13943,.T.);
#14356=EDGE_CURVE('',#14142,#14163,#13815,.T.);
#14358=EDGE_CURVE('',#14148,#14142,#13951,.T.);
#14375=EDGE_CURVE('',#14095,#14098,#13703,.T.);
#14377=EDGE_CURVE('',#14098,#14113,#14035,.T.);
#14379=EDGE_CURVE('',#14113,#14154,#13707,.T.);
#14381=EDGE_CURVE('',#14154,#14155,#13711,.T.);
#14383=EDGE_CURVE('',#14155,#14137,#13715,.T.);
#14385=EDGE_CURVE('',#14122,#14137,#13879,.T.);
#14405=EDGE_CURVE('',#14107,#14094,#13759,.T.);
#14407=EDGE_CURVE('',#14105,#14107,#13727,.T.);
#14409=EDGE_CURVE('',#14103,#14105,#13731,.T.);
#14411=EDGE_CURVE('',#14101,#14103,#13735,.T.);
#14413=EDGE_CURVE('',#14099,#14101,#13739,.T.);
#14415=EDGE_CURVE('',#14098,#14099,#13743,.T.);
#14433=EDGE_CURVE('',#14145,#14151,#13747,.T.);
#14435=EDGE_CURVE('',#14145,#14115,#13751,.T.);
#14437=EDGE_CURVE('',#14107,#14115,#13755,.T.);
#14442=EDGE_CURVE('',#14131,#14139,#13767,.T.);
#14444=EDGE_CURVE('',#14139,#14151,#13771,.T.);
#14461=EDGE_CURVE('',#14145,#14143,#13807,.T.);
#14464=EDGE_CURVE('',#14151,#14149,#13907,.T.);
#14466=EDGE_CURVE('',#14143,#14149,#13947,.T.);
#14483=EDGE_CURVE('',#14239,#14237,#13775,.T.);
#14485=EDGE_CURVE('',#14237,#14229,#13779,.T.);
#14487=EDGE_CURVE('',#14229,#14110,#13783,.T.);
#14489=EDGE_CURVE('',#14110,#14111,#13787,.T.);
#14491=EDGE_CURVE('',#14111,#14209,#13791,.T.);
#14493=EDGE_CURVE('',#14207,#14209,#13795,.T.);
#14495=EDGE_CURVE('',#14206,#14207,#13799,.T.);
#14497=EDGE_CURVE('',#14206,#14115,#13803,.T.);
#14501=EDGE_CURVE('',#14142,#14143,#13811,.T.);
#14504=EDGE_CURVE('',#14163,#14158,#13819,.T.);
#14506=EDGE_CURVE('',#14154,#14158,#13823,.T.);
#14509=EDGE_CURVE('',#14113,#14239,#13827,.T.);
#14526=EDGE_CURVE('',#14237,#14223,#13831,.T.);
#14529=EDGE_CURVE('',#14223,#14239,#13835,.T.);
#14546=EDGE_CURVE('',#14241,#14227,#13839,.T.);
#14548=EDGE_CURVE('',#14241,#14243,#13883,.T.);
#14550=EDGE_CURVE('',#14227,#14243,#13843,.T.);
#14567=EDGE_CURVE('',#14229,#14222,#13859,.T.);
#14571=EDGE_CURVE('',#14222,#14223,#14027,.T.);
#14588=EDGE_CURVE('',#14226,#14235,#13847,.T.);
#14590=EDGE_CURVE('',#14235,#14134,#13931,.T.);
#14592=EDGE_CURVE('',#14125,#14134,#13987,.T.);
#14595=EDGE_CURVE('',#14123,#14233,#13851,.T.);
#14597=EDGE_CURVE('',#14233,#14226,#13855,.T.);
#14616=EDGE_CURVE('',#14222,#14231,#13863,.T.);
#14618=EDGE_CURVE('',#14099,#14231,#13867,.T.);
#14621=EDGE_CURVE('',#14101,#14110,#14023,.T.);
#14639=EDGE_CURVE('',#14226,#14227,#13871,.T.);
#14642=EDGE_CURVE('',#14243,#14235,#13935,.T.);
#14660=EDGE_CURVE('',#14241,#14233,#13875,.T.);
#14683=EDGE_CURVE('',#14137,#14241,#13887,.T.);
#14703=EDGE_CURVE('',#14155,#14159,#13891,.T.);
#14705=EDGE_CURVE('',#14162,#14159,#13895,.T.);
#14708=EDGE_CURVE('',#14148,#14149,#13903,.T.);
#14712=EDGE_CURVE('',#14214,#14139,#13911,.T.);
#14714=EDGE_CURVE('',#14214,#14215,#13915,.T.);
#14716=EDGE_CURVE('',#14215,#14219,#13919,.T.);
#14718=EDGE_CURVE('',#14135,#14219,#13923,.T.);
#14720=EDGE_CURVE('',#14134,#14135,#13927,.T.);
#14741=EDGE_CURVE('',#14158,#14159,#13939,.T.);
#14797=EDGE_CURVE('',#14214,#14217,#13955,.T.);
#14802=EDGE_CURVE('',#14129,#14217,#13959,.T.);
#14820=EDGE_CURVE('',#14217,#14202,#13963,.T.);
#14822=EDGE_CURVE('',#14202,#14203,#13991,.T.);
#14824=EDGE_CURVE('',#14214,#14203,#14003,.T.);
#14844=EDGE_CURVE('',#14127,#14135,#13967,.T.);
#14847=EDGE_CURVE('',#14202,#14219,#13971,.T.);
#14864=EDGE_CURVE('',#14105,#14211,#14019,.T.);
#14866=EDGE_CURVE('',#14198,#14211,#13975,.T.);
#14868=EDGE_CURVE('',#14209,#14198,#13979,.T.);
#14871=EDGE_CURVE('',#14103,#14111,#13983,.T.);
#14909=EDGE_CURVE('',#14203,#14215,#14007,.T.);
#14929=EDGE_CURVE('',#14207,#14199,#13995,.T.);
#14931=EDGE_CURVE('',#14199,#14206,#13999,.T.);
#14968=EDGE_CURVE('',#14198,#14199,#14011,.T.);
#14986=EDGE_CURVE('',#14206,#14211,#14015,.T.);
#15048=EDGE_CURVE('',#14239,#14231,#14031,.T.);
#15085=EDGE_CURVE('',#14174,#14175,#14043,.T.);
#15089=EDGE_CURVE('',#14179,#14174,#14055,.T.);
#15109=EDGE_CURVE('',#14174,#14171,#14051,.T.);
#15145=EDGE_CURVE('',#14182,#14183,#14063,.T.);
#15148=EDGE_CURVE('',#14185,#14187,#14087,.T.);
#15150=EDGE_CURVE('',#14187,#14182,#14071,.T.);
#15168=EDGE_CURVE('',#14195,#14182,#14083,.T.);
#15170=EDGE_CURVE('',#14193,#14195,#14067,.T.);
#15189=EDGE_CURVE('',#14187,#14190,#14075,.T.);
#15191=EDGE_CURVE('',#14195,#14190,#14079,.T.);
#15211=EDGE_CURVE('',#14190,#14191,#14091,.T.);
#15245=(LENGTH_UNIT()NAMED_UNIT(*)SI_UNIT(.MILLI.,.METRE.));
#15247=(NAMED_UNIT(*)PLANE_ANGLE_UNIT()SI_UNIT($,.RADIAN.));
#15250=(NAMED_UNIT(*)SI_UNIT($,.STERADIAN.)SOLID_ANGLE_UNIT());
#15253=ADVANCED_BREP_SHAPE_REPRESENTATION('',(#13627,#15244),#15252);
#15261=PRODUCT_DEFINITION('design','',#15260,#15257);
#15262=PRODUCT_DEFINITION_SHAPE('','SHAPE FOR 323.',#15261);
#15263=SHAPE_ASPECT('','solid data associated with 323',#15262,.F.);
#15264=PROPERTY_DEFINITION('',
'shape for solid data with which properties are associated',#15263);
#15265=SHAPE_REPRESENTATION('',(#15244),#15252);
#15266=SHAPE_DEFINITION_REPRESENTATION(#15264,#15265);
#15267=(LENGTH_UNIT()NAMED_UNIT(*)SI_UNIT(.MILLI.,.METRE.));
#15271=PROPERTY_DEFINITION('geometric validation property','area of 323',
#15263);
#15272=REPRESENTATION('surface area',(#15270),#15252);
#15273=PROPERTY_DEFINITION_REPRESENTATION(#15271,#15272);
#15274=(LENGTH_UNIT()NAMED_UNIT(*)SI_UNIT(.MILLI.,.METRE.));
#15278=PROPERTY_DEFINITION('geometric validation property','volume of 323',
#15263);
#15279=REPRESENTATION('volume',(#15277),#15252);
#15280=PROPERTY_DEFINITION_REPRESENTATION(#15278,#15279);
#15282=PROPERTY_DEFINITION('geometric validation property','centroid of 323',
#15263);
#15283=REPRESENTATION('centroid',(#15281),#15252);
#15284=PROPERTY_DEFINITION_REPRESENTATION(#15282,#15283);
#15285=(LENGTH_UNIT()NAMED_UNIT(*)SI_UNIT(.MILLI.,.METRE.));
#15289=PROPERTY_DEFINITION('geometric validation property','area of 323',
#15262);
#15290=REPRESENTATION('surface area',(#15288),#15252);
#15291=PROPERTY_DEFINITION_REPRESENTATION(#15289,#15290);
#15292=(LENGTH_UNIT()NAMED_UNIT(*)SI_UNIT(.MILLI.,.METRE.));
#15296=PROPERTY_DEFINITION('geometric validation property','volume of 323',
#15262);
#15297=REPRESENTATION('volume',(#15295),#15252);
#15298=PROPERTY_DEFINITION_REPRESENTATION(#15296,#15297);
#15300=PROPERTY_DEFINITION('geometric validation property','centroid of 323',
#15262);
#15301=REPRESENTATION('centroid',(#15299),#15252);
#15302=PROPERTY_DEFINITION_REPRESENTATION(#15300,#15301);
#15303=SHAPE_DEFINITION_REPRESENTATION(#15262,#15253);
ENDSEC;
END-ISO-10303-21;
