#VRML V2.0 utf8
# 3D model generated by easyeda2kicad.py (https://github.com/uPesy/easyeda2kicad.py)

Shape{
    appearance Appearance {
        material  Material 	{
            diffuseColor 0.25098039215686274 0.25098039215686274 0.25098039215686274
            specularColor 0.12549019607843137 0.12549019607843137 0.12549019607843137
            ambientIntensity 0.2
            transparency 0
            shininess 0.5
        }
    }
    geometry IndexedFaceSet {
        ccw TRUE
        solid FALSE
        coord DEF co Coordinate {
            point [
                0.748 0.9449 -0.8858, 0.7677 0.9449 -0.8858, 0.7677 0.5121 -0.8858, 0.374 0.9449 -0.8858, 0.378 0.9449 -0.8858, 0.374 0.8268 -0.8858, 0.378 0.5121 -0.8858, 0.2158 0.8268 -0.8858, 0.2158 0.5121 -0.8858, 0.0766 0.8268 -0.8858, 0.0766 0.5121 -0.8858, -0.0387 0.8268 -0.8858, -0.0387 0.5121 -0.8858, -0.1865 0.8268 -0.8858, -0.1865 0.5121 -0.8858, -0.374 0.8268 -0.8858, -0.3936 0.9449 -0.8858, -0.374 0.9449 -0.8858, 0.0766 0.4327 -0.8858, 0.0919 0.2997 -0.8858, 0.0766 0.2733 -0.8858, 0.0919 0.2824 -0.8858, 0.1087 0.2755 -0.8858, 0.1151 0.4327 -0.8858, 0.1101 0.4323 -0.8858, 0.0919 0.4274 -0.8858, 0.0919 0.4063 -0.8858, 0.1097 0.4139 -0.8858, 0.0948 0.2981 -0.8858, 0.1288 0.4164 -0.8858, 0.1443 0.4146 -0.8858, 0.1561 0.4104 -0.8858, 0.167 0.4031 -0.8858, 0.1765 0.3926 -0.8858, 0.188 0.3513 -0.8858, 0.1864 0.3343 -0.8858, 0.1821 0.3207 -0.8858, 0.147 0.2913 -0.8858, 0.1324 0.2896 -0.8858, 0.1585 0.2955 -0.8858, 0.1682 0.302 -0.8858, 0.1756 0.3098 -0.8858, 0.1115 0.2919 -0.8858, 0.183 0.3804 -0.8858, 0.1872 0.3636 -0.8858, 0.2158 0.4327 -0.8858, 0.1915 0.405 -0.8858, 0.1773 0.4186 -0.8858, 0.1445 0.2733 -0.8858, 0.1547 0.2743 -0.8858, 0.2158 0.2733 -0.8858, 0.1699 0.2796 -0.8858, 0.1826 0.2877 -0.8858, 0.2091 0.35 -0.8858, 0.2068 0.3724 -0.8858, 0.2008 0.3903 -0.8858, 0.1624 0.4273 -0.8858, 0.1448 0.4324 -0.8858, 0.1408 0.4327 -0.8858, 0.1944 0.3001 -0.8858, 0.2028 0.3151 -0.8858, 0.2076 0.3318 -0.8858, 0.1353 0.2723 -0.8858, 0.2158 -0.0591 -0.8858, 0.131 0.2724 -0.8858, 0.0766 -0.0591 -0.8858, 0.1246 0.2733 -0.8858, -0.7283 0.5906 -0.8858, -0.4528 0.5906 -0.8858, -0.3936 0.5121 -0.8858, -0.4528 0.689 -0.8858, -0.7677 0.5121 -0.8858, -0.7283 0.689 -0.8858, -0.7677 0.9449 -0.8858, 0.748 0.5121 -0.8858, 0.7283 0.689 -0.8858, 0.4528 0.689 -0.8858, 0.4528 0.5906 -0.8858, 0.7283 0.5906 -0.8858, -0.0387 0.4327 -0.8858, 0.7677 0.4327 -0.8858, 0.748 0.4327 -0.8858, 0.378 0.4327 -0.8858, -0.3936 0.4327 -0.8858, -0.7677 0.4327 -0.8858, -0.3936 0.2733 -0.8858, -0.7677 0.2733 -0.8858, -0.2153 0.2742 -0.8858, -0.1923 0.2742 -0.8858, -0.1865 0.2733 -0.8858, -0.1865 0.4327 -0.8858, -0.2518 0.4317 -0.8858, -0.273 0.4317 -0.8858, -0.3344 0.2742 -0.8858, -0.3114 0.2742 -0.8858, -0.2954 0.3184 -0.8858, -0.2304 0.3184 -0.8858, -0.0985 0.4317 -0.8858, -0.1212 0.4293 -0.8858, -0.1396 0.4228 -0.8858, -0.1568 0.4113 -0.8858, -0.1729 0.3174 -0.8858, -0.1639 0.3033 -0.8858, -0.1509 0.2909 -0.8858, -0.1345 0.2814 -0.8858, -0.1569 0.4112 -0.8858, -0.1681 0.3988 -0.8858, -0.1754 0.3853 -0.8858, -0.1163 0.2759 -0.8858, -0.0968 0.2742 -0.8858, -0.0387 0.2733 -0.8858, -0.054 0.2742 -0.8858, -0.054 0.4317 -0.8858, -0.1796 0.3698 -0.8858, -0.1808 0.355 -0.8858, -0.1786 0.3339 -0.8858, 0.0401 0.4144 -0.8858, 0.0401 0.3626 -0.8858, -0.0194 0.4144 -0.8858, -0.0156 0.3626 -0.8858, -0.0194 0.4317 -0.8858, -0.0156 0.3453 -0.8858, 0.0401 0.3453 -0.8858, 0.0401 0.2915 -0.8858, -0.0233 0.2915 -0.8858, -0.0233 0.2742 -0.8858, 0.0612 0.2742 -0.8858, 0.0612 0.4317 -0.8858, 0.3032 0.4317 -0.8858, 0.2821 0.4317 -0.8858, 0.3032 0.2742 -0.8858, 0.129 0.4336 -0.8858, 0.2225 0.2915 -0.8858, 0.2821 0.2915 -0.8858, 0.7677 0.2733 -0.8858, 0.748 0.2733 -0.8858, 0.378 0.2733 -0.8858, 0.2225 0.2742 -0.8858, -0.0387 -0.0591 -0.8858, -0.1865 -0.0591 -0.8858, -0.3936 -0.0591 -0.8858, -0.7677 -0.0591 -0.8858, 0.7677 -0.0591 -0.8858, 0.748 -0.0591 -0.8858, 0.378 -0.0591 -0.8858, 0.2953 0.8268 -0.7087, -0.2953 0.8268 -0.7087, -0.2953 0.8268 -0.3937, 0.2953 0.8268 -0.3937, -0.2953 0.8268 -0.1575, -0.374 0.8268 0.8858, -0.2953 0.8268 0.1575, -0.2953 0.8268 0.3937, 0.2953 0.8268 0.1575, 0.2953 0.8268 0.3937, 0.374 0.8268 0.8858, 0.2953 0.8268 0.7087, -0.2953 0.8268 0.7087, 0.2953 0.8268 -0.1575, -0.5709 0.8268 -0.5906, -0.8858 0.8268 -0.5906, -0.5709 0.8268 0.5906, -0.8858 0.8268 0.5906, 0.5709 0.8268 0.5906, 0.8858 0.8268 0.5906, 0.5709 0.8268 -0.5906, 0.8858 0.8268 -0.5906, -0.8858 -0.0591 -0.7677, -0.3585 -0.0591 -0.3077, -0.4131 -0.0591 -0.2293, 0.0715 -0.0591 -0.467, 0.1641 -0.0591 -0.443, 0.2499 -0.0591 -0.4009, 0.3255 -0.0591 -0.3424, -0.4508 -0.0591 -0.1414, -0.47 -0.0591 -0.0478, -0.8858 -0.0591 0.7677, -0.47 -0.0591 0.0478, -0.4508 -0.0591 0.1414, -0.7983 -0.0591 0.8818, -0.3585 -0.0591 0.3077, -0.7677 -0.0591 0.8858, -0.2892 -0.0591 0.3736, -0.2081 -0.0591 0.4242, -0.1184 -0.0591 0.4574, -0.0239 -0.0591 0.4718, 0.7677 -0.0591 0.8858, 0.0715 -0.0591 0.467, -0.8818 -0.0591 -0.7983, -0.87 -0.0591 -0.8268, -0.8512 -0.0591 -0.8512, -0.8268 -0.0591 -0.87, -0.7983 -0.0591 -0.8818, -0.2892 -0.0591 -0.3736, -0.2081 -0.0591 -0.4242, -0.1184 -0.0591 -0.4574, -0.0239 -0.0591 -0.4718, -0.8268 -0.0591 0.87, -0.8512 -0.0591 0.8512, -0.87 -0.0591 0.8268, 0.87 -0.0591 0.8268, 0.8512 -0.0591 0.8512, 0.3255 -0.0591 0.3424, 0.8858 -0.0591 0.7677, 0.3878 -0.0591 0.2699, 0.4342 -0.0591 0.1863, -0.4131 -0.0591 0.2293, -0.8818 -0.0591 0.7983, 0.1641 -0.0591 0.443, 0.2499 -0.0591 0.4009, 0.7983 -0.0591 0.8818, 0.8268 -0.0591 0.87, 0.8818 -0.0591 0.7983, 0.4628 -0.0591 -0.0951, 0.8858 -0.0591 -0.7677, 0.4724 -0.0591 0.0, 0.4628 -0.0591 0.0951, 0.7983 -0.0591 -0.8818, 0.8268 -0.0591 -0.87, 0.8512 -0.0591 -0.8512, 0.4342 -0.0591 -0.1863, 0.3878 -0.0591 -0.2699, 0.8818 -0.0591 -0.7983, 0.87 -0.0591 -0.8268, -0.374 0.9449 0.8858, -0.7677 0.9449 0.8858, 0.374 0.9449 0.8858, 0.7677 0.9449 0.8858, -0.8858 0.9449 0.7677, -0.8858 0.9449 0.5906, -0.8858 0.9449 -0.5906, -0.8858 0.9449 -0.7677, 0.8858 0.9449 -0.7677, 0.8858 0.9449 -0.5906, 0.8858 0.9449 0.5906, 0.8858 0.9449 0.7677, 0.5709 0.9449 -0.5906, 0.5709 0.9449 0.5906, 0.8268 0.9449 0.87, 0.8512 0.9449 0.8512, 0.87 0.9449 0.8268, 0.8818 0.9449 0.7983, 0.7983 0.9449 0.8818, 0.87 0.9449 -0.8268, 0.8512 0.9449 -0.8512, 0.8268 0.9449 -0.87, 0.8818 0.9449 -0.7983, 0.7983 0.9449 -0.8818, -0.5709 0.9449 0.5906, -0.5709 0.9449 -0.5906, -0.8818 0.9449 -0.7983, -0.8818 0.9449 0.7983, -0.7983 0.9449 0.8818, -0.87 0.9449 0.8268, -0.8512 0.9449 0.8512, -0.8268 0.9449 0.87, -0.8268 0.9449 -0.87, -0.8512 0.9449 -0.8512, -0.87 0.9449 -0.8268, -0.7983 0.9449 -0.8818, -0.2953 0.7087 0.1575, -0.2953 0.7087 -0.1575, 0.2953 0.7087 -0.1575, 0.2953 0.7087 0.1575, -0.2953 0.7087 -0.3937, -0.2953 0.7087 -0.7087, 0.2953 0.7087 -0.7087, 0.2953 0.7087 -0.3937, 0.2953 0.7087 0.3937, 0.2953 0.7087 0.7087, -0.2953 0.7087 0.7087, -0.2953 0.7087 0.3937, 0.2474 -0.9062 -0.385, 0.2419 -0.9062 -0.388, -0.3459 -0.9062 -0.2997, -0.3471 -0.9062 -0.298, -0.4391 -0.9062 0.1289, -0.4362 -0.9062 0.1368, 0.0651 -0.9062 0.453, 0.0692 -0.9062 0.4521, 0.4391 -0.9062 0.1289, 0.42 -0.9062 0.1803, 0.4163 -0.9062 0.1901, 0.385 -0.9062 0.2474, 0.3749 -0.9062 0.2609, 0.3459 -0.9062 0.2997, 0.3146 -0.9062 0.331, 0.2419 -0.9062 0.388, 0.2474 -0.9062 0.385, 0.2997 -0.9062 0.3459, 0.1901 -0.9062 0.4163, 0.1585 -0.9062 0.4281, 0.1289 -0.9062 0.4391, -0.0 -0.9062 0.4577, -0.0231 -0.9062 0.456, -0.1901 -0.9062 0.4163, -0.1289 -0.9062 0.4391, -0.1145 -0.9062 0.4422, -0.0651 -0.9062 0.453, -0.2474 -0.9062 0.385, -0.2012 -0.9062 0.4102, -0.3459 -0.9062 0.2997, -0.2997 -0.9062 0.3459, -0.2795 -0.9062 0.361, -0.3471 -0.9062 0.298, -0.385 -0.9062 0.2474, -0.3991 -0.9062 0.2215, -0.4163 -0.9062 0.1901, -0.453 -0.9062 0.0651, -0.4543 -0.9062 0.0462, -0.4362 -0.9062 -0.1368, -0.4391 -0.9062 -0.1289, -0.453 -0.9062 -0.0651, -0.4543 -0.9062 -0.0462, -0.4577 -0.9062 -0.0, -0.4163 -0.9062 -0.1901, -0.3991 -0.9062 -0.2215, -0.385 -0.9062 -0.2474, -0.2997 -0.9062 -0.3459, -0.2795 -0.9062 -0.361, -0.2012 -0.9062 -0.4102, -0.2474 -0.9062 -0.385, -0.1289 -0.9062 -0.4391, -0.1901 -0.9062 -0.4163, -0.0651 -0.9062 -0.453, -0.1145 -0.9062 -0.4422, 0.0651 -0.9062 -0.453, -0.0 -0.9062 -0.4577, -0.0231 -0.9062 -0.456, 0.0692 -0.9062 -0.4521, 0.1289 -0.9062 -0.4391, 0.1585 -0.9062 -0.4281, 0.1901 -0.9062 -0.4163, 0.2997 -0.9062 -0.3459, 0.3146 -0.9062 -0.331, 0.42 -0.9062 -0.1803, 0.4163 -0.9062 -0.1901, 0.385 -0.9062 -0.2474, 0.3749 -0.9062 -0.2609, 0.3459 -0.9062 -0.2997, 0.4391 -0.9062 -0.1289, 0.4472 -0.9062 -0.0919, 0.4472 -0.9062 0.0919, 0.453 -0.9062 0.0651, 0.4577 -0.9062 -0.0, 0.453 -0.9062 -0.0651, 0.4183 -0.9449 -0.0, 0.414 -0.9449 0.0595, 0.0 -0.9449 -0.0, 0.414 -0.9449 -0.0595, 0.3519 -0.9449 -0.2261, 0.3805 -0.9449 -0.1738, 0.4013 -0.9449 -0.1178, 0.2261 -0.9449 -0.3519, 0.2739 -0.9449 -0.3161, 0.3161 -0.9449 -0.2739, 0.0595 -0.9449 -0.414, 0.1178 -0.9449 -0.4013, 0.1738 -0.9449 -0.3805, -0.1178 -0.9449 -0.4013, -0.0595 -0.9449 -0.414, -0.0 -0.9449 -0.4183, -0.2739 -0.9449 -0.3161, -0.2261 -0.9449 -0.3519, -0.1738 -0.9449 -0.3805, -0.3805 -0.9449 -0.1738, -0.3519 -0.9449 -0.2261, -0.3161 -0.9449 -0.2739, -0.4183 -0.9449 -0.0, -0.414 -0.9449 -0.0595, -0.4013 -0.9449 -0.1178, -0.3805 -0.9449 0.1738, -0.4013 -0.9449 0.1178, -0.414 -0.9449 0.0595, -0.2739 -0.9449 0.3161, -0.3161 -0.9449 0.2739, -0.3519 -0.9449 0.2261, -0.1178 -0.9449 0.4013, -0.1738 -0.9449 0.3805, -0.2261 -0.9449 0.3519, 0.0595 -0.9449 0.414, 0.0 -0.9449 0.4183, -0.0595 -0.9449 0.414, 0.2261 -0.9449 0.3519, 0.1738 -0.9449 0.3805, 0.1178 -0.9449 0.4013, 0.3519 -0.9449 0.2261, 0.3161 -0.9449 0.2739, 0.2739 -0.9449 0.3161, 0.4013 -0.9449 0.1178, 0.3805 -0.9449 0.1738, 0.4377 -0.9163 0.1285, 0.3447 -0.9163 0.2987, 0.1895 -0.9163 0.4149, 0.1285 -0.9163 0.4377, 0.0649 -0.9163 0.4515, -0.0649 -0.9163 0.4515, -0.2466 -0.9163 0.3838, -0.3838 -0.9163 0.2466, -0.4149 -0.9163 0.1895, -0.4562 -0.9163 -0.0, -0.4149 -0.9163 -0.1895, -0.3447 -0.9163 -0.2987, -0.2466 -0.9163 -0.3838, -0.0649 -0.9163 -0.4515, 0.1285 -0.9163 -0.4377, 0.1895 -0.9163 -0.4149, 0.3447 -0.9163 -0.2987, 0.4377 -0.9163 -0.1285, 0.424 -0.9436 -0.061, 0.411 -0.9436 -0.1207, 0.4333 -0.9397 -0.0623, 0.42 -0.9397 -0.1233, 0.4413 -0.9336 -0.0635, 0.4278 -0.9336 -0.1256, 0.4476 -0.9256 -0.0643, 0.4338 -0.9256 -0.1274, 0.4515 -0.9163 -0.0649, 0.3604 -0.9436 -0.2316, 0.3237 -0.9436 -0.2805, 0.3683 -0.9397 -0.2367, 0.3308 -0.9397 -0.2867, 0.3751 -0.9336 -0.2411, 0.337 -0.9336 -0.292, 0.3804 -0.9256 -0.2445, 0.3417 -0.9256 -0.2961, 0.3838 -0.9163 -0.2466, 0.2316 -0.9436 -0.3604, 0.178 -0.9436 -0.3897, 0.2367 -0.9397 -0.3683, 0.1819 -0.9397 -0.3982, 0.2411 -0.9336 -0.3751, 0.1852 -0.9336 -0.4056, 0.2445 -0.9256 -0.3804, 0.1878 -0.9256 -0.4113, 0.2466 -0.9163 -0.3838, 0.0 -0.9436 -0.4284, -0.061 -0.9436 -0.424, 0.0 -0.9397 -0.4378, -0.0623 -0.9397 -0.4333, 0.0 -0.9336 -0.4459, -0.0635 -0.9336 -0.4413, 0.0 -0.9256 -0.4522, -0.0643 -0.9256 -0.4476, 0.0 -0.9163 -0.4562, -0.178 -0.9436 -0.3897, -0.2316 -0.9436 -0.3604, -0.1819 -0.9397 -0.3982, -0.2367 -0.9397 -0.3683, -0.1852 -0.9336 -0.4056, -0.2411 -0.9336 -0.3751, -0.1878 -0.9256 -0.4113, -0.2445 -0.9256 -0.3804, -0.1895 -0.9163 -0.4149, -0.3604 -0.9436 -0.2316, -0.3897 -0.9436 -0.178, -0.3683 -0.9397 -0.2367, -0.3982 -0.9397 -0.1819, -0.3751 -0.9336 -0.2411, -0.4056 -0.9336 -0.1852, -0.3804 -0.9256 -0.2445, -0.4113 -0.9256 -0.1878, -0.3838 -0.9163 -0.2466, -0.424 -0.9436 -0.061, -0.4284 -0.9436 -0.0, -0.4333 -0.9397 -0.0623, -0.4378 -0.9397 -0.0, -0.4413 -0.9336 -0.0635, -0.4459 -0.9336 -0.0, -0.4476 -0.9256 -0.0643, -0.4522 -0.9256 -0.0, -0.4515 -0.9163 -0.0649, -0.411 -0.9436 0.1207, -0.3897 -0.9436 0.178, -0.42 -0.9397 0.1233, -0.3982 -0.9397 0.1819, -0.4278 -0.9336 0.1256, -0.4056 -0.9336 0.1852, -0.4338 -0.9256 0.1274, -0.4113 -0.9256 0.1878, -0.4377 -0.9163 0.1285, -0.2805 -0.9436 0.3237, -0.2316 -0.9436 0.3604, -0.2867 -0.9397 0.3308, -0.2367 -0.9397 0.3683, -0.292 -0.9336 0.337, -0.2411 -0.9336 0.3751, -0.2961 -0.9256 0.3417, -0.2445 -0.9256 0.3804, -0.2987 -0.9163 0.3447, -0.1207 -0.9436 0.411, -0.061 -0.9436 0.424, -0.1233 -0.9397 0.42, -0.0623 -0.9397 0.4333, -0.1256 -0.9336 0.4278, -0.0635 -0.9336 0.4413, -0.1274 -0.9256 0.4338, -0.0643 -0.9256 0.4476, -0.1285 -0.9163 0.4377, 0.2805 -0.9436 0.3237, 0.3237 -0.9436 0.2805, 0.2867 -0.9397 0.3308, 0.3308 -0.9397 0.2867, 0.292 -0.9336 0.337, 0.337 -0.9336 0.292, 0.2961 -0.9256 0.3417, 0.3417 -0.9256 0.2961, 0.2987 -0.9163 0.3447, 0.3897 -0.9436 0.178, 0.411 -0.9436 0.1207, 0.3982 -0.9397 0.1819, 0.42 -0.9397 0.1233, 0.4056 -0.9336 0.1852, 0.4278 -0.9336 0.1256, 0.4113 -0.9256 0.1878, 0.4338 -0.9256 0.1274, 0.4149 -0.9163 0.1895, 0.4284 -0.9436 -0.0, 0.4378 -0.9397 -0.0, 0.4459 -0.9336 -0.0, 0.4522 -0.9256 -0.0, 0.4562 -0.9163 -0.0, 0.4149 -0.9163 -0.1895, 0.4113 -0.9256 -0.1878, 0.4056 -0.9336 -0.1852, 0.3982 -0.9397 -0.1819, 0.3897 -0.9436 -0.178, 0.2987 -0.9163 -0.3447, 0.2961 -0.9256 -0.3417, 0.292 -0.9336 -0.337, 0.2867 -0.9397 -0.3308, 0.2805 -0.9436 -0.3237, 0.1274 -0.9256 -0.4338, 0.1256 -0.9336 -0.4278, 0.1233 -0.9397 -0.42, 0.1207 -0.9436 -0.411, 0.0649 -0.9163 -0.4515, 0.0643 -0.9256 -0.4476, 0.0635 -0.9336 -0.4413, 0.0623 -0.9397 -0.4333, 0.061 -0.9436 -0.424, -0.1285 -0.9163 -0.4377, -0.1274 -0.9256 -0.4338, -0.1256 -0.9336 -0.4278, -0.1233 -0.9397 -0.42, -0.1207 -0.9436 -0.411, -0.2987 -0.9163 -0.3447, -0.2961 -0.9256 -0.3417, -0.292 -0.9336 -0.337, -0.2867 -0.9397 -0.3308, -0.2805 -0.9436 -0.3237, -0.3237 -0.9436 -0.2805, -0.3308 -0.9397 -0.2867, -0.337 -0.9336 -0.292, -0.3417 -0.9256 -0.2961, -0.4377 -0.9163 -0.1285, -0.4338 -0.9256 -0.1274, -0.4278 -0.9336 -0.1256, -0.42 -0.9397 -0.1233, -0.411 -0.9436 -0.1207, -0.4515 -0.9163 0.0649, -0.4476 -0.9256 0.0643, -0.4413 -0.9336 0.0635, -0.4333 -0.9397 0.0623, -0.424 -0.9436 0.061, -0.3804 -0.9256 0.2445, -0.3751 -0.9336 0.2411, -0.3683 -0.9397 0.2367, -0.3604 -0.9436 0.2316, -0.3447 -0.9163 0.2987, -0.3417 -0.9256 0.2961, -0.337 -0.9336 0.292, -0.3308 -0.9397 0.2867, -0.3237 -0.9436 0.2805, -0.1895 -0.9163 0.4149, -0.1878 -0.9256 0.4113, -0.1852 -0.9336 0.4056, -0.1819 -0.9397 0.3982, -0.178 -0.9436 0.3897, -0.0 -0.9163 0.4562, -0.0 -0.9256 0.4522, -0.0 -0.9336 0.4459, -0.0 -0.9397 0.4378, -0.0 -0.9436 0.4284, 0.061 -0.9436 0.424, 0.0623 -0.9397 0.4333, 0.0635 -0.9336 0.4413, 0.0643 -0.9256 0.4476, 0.1274 -0.9256 0.4338, 0.1256 -0.9336 0.4278, 0.1233 -0.9397 0.42, 0.1207 -0.9436 0.411, 0.178 -0.9436 0.3897, 0.1819 -0.9397 0.3982, 0.1852 -0.9336 0.4056, 0.1878 -0.9256 0.4113, 0.2466 -0.9163 0.3838, 0.2445 -0.9256 0.3804, 0.2411 -0.9336 0.3751, 0.2367 -0.9397 0.3683, 0.2316 -0.9436 0.3604, 0.3838 -0.9163 0.2466, 0.3804 -0.9256 0.2445, 0.3751 -0.9336 0.2411, 0.3683 -0.9397 0.2367, 0.3604 -0.9436 0.2316, 0.4515 -0.9163 0.0649, 0.4476 -0.9256 0.0643, 0.4413 -0.9336 0.0635, 0.4333 -0.9397 0.0623, 0.424 -0.9436 0.061, 0.424 -0.9436 0.061
            ]
        }
        coordIndex [
            0,1,2,-1,3,4,5,-1,5,4,6,-1,5,6,7,-1,7,6,8,-1,7,8,9,-1,9,8,10,-1,9,10,11,-1,11,10,12,-1,11,12,13,-1,13,12,14,-1,13,14,15,-1,16,17,15,-1,18,19,20,-1,20,19,21,-1,20,21,22,-1,10,23,18,-1,18,23,24,-1,24,25,18,-1,18,25,26,-1,18,26,19,-1,19,26,27,-1,19,27,28,-1,28,27,29,-1,28,29,30,-1,30,31,28,-1,28,31,32,-1,28,32,33,-1,34,35,28,-1,28,35,36,-1,37,38,39,-1,39,38,40,-1,36,41,28,-1,28,41,40,-1,28,40,42,-1,42,40,38,-1,33,43,28,-1,28,43,44,-1,28,44,34,-1,45,46,47,-1,48,49,50,-1,50,49,51,-1,50,51,52,-1,53,54,45,-1,45,54,55,-1,45,55,46,-1,47,56,45,-1,45,56,57,-1,45,57,58,-1,52,59,50,-1,50,59,60,-1,50,60,61,-1,62,63,64,-1,64,63,65,-1,64,65,66,-1,67,68,69,-1,69,68,70,-1,67,71,72,-1,72,71,73,-1,72,73,70,-1,70,73,16,-1,70,16,69,-1,2,74,0,-1,0,74,75,-1,0,75,4,-1,4,75,76,-1,4,76,6,-1,6,76,77,-1,6,77,74,-1,74,77,78,-1,74,78,75,-1,10,18,12,-1,12,18,79,-1,12,79,14,-1,2,80,74,-1,74,80,81,-1,74,81,6,-1,6,81,82,-1,6,82,8,-1,67,69,71,-1,71,69,83,-1,71,83,84,-1,84,83,85,-1,84,85,86,-1,87,88,89,-1,89,88,90,-1,90,88,91,-1,90,91,92,-1,69,90,83,-1,83,90,92,-1,83,92,85,-1,85,92,93,-1,85,93,94,-1,95,96,94,-1,94,96,87,-1,94,87,85,-1,85,87,89,-1,16,15,69,-1,69,15,14,-1,69,14,90,-1,90,14,79,-1,90,79,97,-1,97,98,90,-1,90,98,99,-1,90,99,100,-1,101,102,89,-1,89,102,103,-1,89,103,104,-1,100,105,90,-1,90,105,106,-1,90,106,107,-1,104,108,89,-1,89,108,109,-1,89,109,110,-1,110,109,111,-1,110,111,79,-1,79,111,112,-1,79,112,97,-1,107,113,90,-1,90,113,114,-1,90,114,89,-1,89,114,115,-1,89,115,101,-1,116,117,118,-1,118,117,119,-1,18,120,79,-1,79,120,118,-1,79,118,110,-1,110,118,119,-1,110,119,121,-1,122,123,121,-1,121,123,124,-1,121,124,110,-1,110,124,125,-1,110,125,20,-1,20,125,126,-1,20,126,18,-1,18,126,127,-1,18,127,120,-1,128,129,45,-1,130,128,82,-1,82,128,45,-1,82,45,8,-1,8,45,58,-1,8,58,10,-1,10,58,131,-1,10,131,23,-1,61,53,50,-1,50,53,45,-1,50,45,132,-1,132,45,129,-1,132,129,133,-1,80,134,81,-1,81,134,135,-1,81,135,82,-1,82,135,136,-1,82,136,130,-1,130,136,50,-1,130,50,137,-1,137,50,132,-1,22,66,20,-1,20,66,65,-1,20,65,110,-1,110,65,138,-1,110,138,89,-1,89,138,139,-1,89,139,85,-1,85,139,140,-1,85,140,86,-1,86,140,141,-1,134,142,135,-1,135,142,143,-1,135,143,136,-1,136,143,144,-1,136,144,50,-1,50,144,63,-1,50,63,48,-1,48,63,62,-1,145,9,146,-1,146,9,11,-1,11,13,146,-1,146,13,15,-1,146,15,147,-1,148,5,145,-1,145,5,7,-1,145,7,9,-1,149,150,151,-1,151,150,152,-1,151,152,153,-1,5,154,155,-1,155,154,156,-1,155,156,150,-1,150,156,157,-1,150,157,152,-1,15,150,147,-1,147,150,149,-1,147,149,148,-1,148,149,158,-1,148,158,5,-1,5,158,153,-1,5,153,154,-1,154,153,152,-1,159,160,161,-1,161,160,162,-1,163,164,165,-1,165,164,166,-1,167,168,169,-1,170,63,171,-1,171,63,144,-1,171,144,172,-1,172,144,143,-1,172,143,173,-1,173,143,142,-1,169,174,167,-1,167,174,175,-1,167,175,176,-1,176,175,177,-1,176,177,178,-1,179,180,181,-1,181,180,182,-1,181,182,183,-1,183,184,181,-1,181,184,185,-1,181,185,186,-1,186,185,187,-1,167,188,168,-1,168,188,189,-1,168,189,190,-1,190,191,168,-1,168,191,192,-1,168,192,193,-1,193,192,141,-1,193,141,194,-1,194,141,140,-1,194,140,195,-1,195,140,139,-1,195,139,196,-1,196,139,138,-1,196,138,170,-1,170,138,65,-1,170,65,63,-1,179,197,180,-1,180,197,198,-1,180,198,199,-1,200,201,202,-1,203,204,205,-1,178,206,176,-1,176,206,180,-1,176,180,207,-1,207,180,199,-1,187,208,186,-1,186,208,209,-1,186,209,210,-1,210,209,202,-1,210,202,211,-1,211,202,201,-1,204,203,202,-1,202,203,212,-1,202,212,200,-1,213,214,215,-1,215,214,203,-1,215,203,216,-1,216,203,205,-1,142,217,173,-1,173,217,218,-1,173,218,219,-1,213,220,214,-1,214,220,221,-1,214,221,222,-1,222,221,173,-1,222,173,223,-1,223,173,219,-1,224,225,150,-1,150,225,181,-1,150,181,155,-1,155,181,186,-1,155,186,226,-1,226,186,227,-1,228,229,162,-1,230,231,160,-1,160,231,167,-1,160,167,162,-1,162,167,176,-1,162,176,228,-1,232,233,166,-1,234,235,164,-1,164,235,203,-1,164,203,166,-1,166,203,214,-1,166,214,232,-1,3,5,226,-1,226,5,155,-1,236,165,233,-1,233,165,166,-1,237,163,236,-1,236,163,165,-1,234,164,237,-1,237,164,163,-1,238,239,240,-1,236,233,0,-1,0,233,232,-1,0,232,1,-1,241,235,227,-1,227,235,234,-1,227,234,226,-1,226,234,237,-1,226,237,3,-1,3,237,236,-1,3,236,4,-1,4,236,0,-1,241,227,240,-1,240,227,242,-1,240,242,238,-1,243,244,245,-1,232,246,1,-1,1,246,243,-1,1,243,247,-1,247,243,245,-1,224,150,17,-1,17,150,15,-1,248,161,229,-1,229,161,162,-1,249,159,248,-1,248,159,161,-1,230,160,249,-1,249,160,159,-1,249,248,224,-1,224,248,229,-1,224,229,228,-1,224,17,249,-1,249,17,16,-1,249,16,230,-1,230,16,73,-1,230,73,231,-1,231,73,250,-1,251,252,228,-1,228,252,225,-1,228,225,224,-1,251,253,252,-1,252,253,254,-1,252,254,255,-1,256,257,258,-1,250,73,258,-1,258,73,259,-1,258,259,256,-1,260,261,151,-1,151,261,149,-1,261,262,149,-1,149,262,158,-1,262,263,158,-1,158,263,153,-1,263,260,153,-1,153,260,151,-1,263,262,260,-1,260,262,261,-1,264,265,147,-1,147,265,146,-1,265,266,146,-1,146,266,145,-1,266,267,145,-1,145,267,148,-1,267,264,148,-1,148,264,147,-1,267,266,264,-1,264,266,265,-1,268,269,154,-1,154,269,156,-1,269,270,156,-1,156,270,157,-1,270,271,157,-1,157,271,152,-1,271,268,152,-1,152,268,154,-1,271,270,268,-1,268,270,269,-1,272,273,172,-1,274,275,168,-1,276,277,178,-1,278,279,187,-1,280,216,281,-1,281,216,205,-1,281,205,282,-1,282,205,283,-1,283,205,204,-1,283,204,284,-1,284,204,285,-1,285,204,202,-1,285,202,286,-1,209,287,288,-1,209,288,202,-1,202,288,289,-1,202,289,286,-1,287,209,290,-1,290,209,208,-1,290,208,291,-1,187,279,208,-1,208,279,292,-1,208,292,291,-1,278,187,293,-1,293,187,185,-1,293,185,294,-1,184,183,295,-1,295,296,184,-1,184,296,297,-1,184,297,185,-1,185,297,298,-1,185,298,294,-1,182,299,183,-1,183,299,300,-1,183,300,295,-1,301,302,182,-1,182,302,303,-1,182,303,299,-1,301,182,304,-1,304,182,180,-1,304,180,305,-1,305,180,206,-1,305,206,306,-1,178,277,206,-1,206,277,307,-1,206,307,306,-1,276,178,308,-1,308,178,177,-1,308,177,309,-1,174,310,311,-1,174,311,175,-1,311,312,175,-1,175,312,313,-1,175,313,177,-1,177,313,314,-1,177,314,309,-1,310,174,315,-1,315,174,169,-1,315,169,316,-1,168,275,169,-1,169,275,317,-1,169,317,316,-1,274,168,318,-1,318,168,193,-1,318,193,319,-1,194,320,193,-1,193,320,321,-1,193,321,319,-1,195,322,194,-1,194,322,323,-1,194,323,320,-1,196,324,195,-1,195,324,325,-1,195,325,322,-1,326,327,196,-1,196,327,328,-1,196,328,324,-1,326,196,329,-1,329,196,170,-1,329,170,330,-1,330,170,171,-1,330,171,331,-1,172,273,171,-1,171,273,332,-1,171,332,331,-1,272,172,333,-1,333,172,173,-1,333,173,334,-1,220,335,336,-1,220,336,221,-1,336,337,221,-1,221,337,338,-1,221,338,173,-1,173,338,339,-1,173,339,334,-1,335,220,340,-1,340,220,213,-1,340,213,341,-1,280,342,216,-1,216,342,343,-1,216,343,215,-1,215,343,344,-1,215,344,213,-1,213,344,345,-1,213,345,341,-1,346,347,348,-1,346,348,349,-1,350,351,348,-1,348,351,352,-1,348,352,349,-1,353,354,348,-1,348,354,355,-1,348,355,350,-1,356,357,348,-1,348,357,358,-1,348,358,353,-1,359,360,348,-1,348,360,361,-1,348,361,356,-1,362,363,348,-1,348,363,364,-1,348,364,359,-1,365,366,348,-1,348,366,367,-1,348,367,362,-1,368,369,348,-1,348,369,370,-1,348,370,365,-1,371,372,348,-1,348,372,373,-1,348,373,368,-1,374,375,348,-1,348,375,376,-1,348,376,371,-1,377,378,348,-1,348,378,379,-1,348,379,374,-1,380,381,348,-1,348,381,382,-1,348,382,377,-1,383,384,348,-1,348,384,385,-1,348,385,380,-1,386,387,348,-1,348,387,388,-1,348,388,383,-1,347,389,348,-1,348,389,390,-1,348,390,386,-1,342,280,391,-1,284,285,392,-1,287,290,393,-1,291,292,394,-1,279,278,395,-1,294,298,396,-1,300,299,397,-1,304,305,398,-1,306,307,399,-1,309,314,400,-1,310,315,401,-1,275,274,402,-1,319,321,403,-1,325,324,404,-1,329,330,405,-1,331,332,406,-1,334,339,407,-1,335,340,408,-1,349,352,409,-1,409,352,410,-1,409,410,411,-1,411,410,412,-1,411,412,413,-1,413,412,414,-1,413,414,415,-1,415,414,416,-1,415,416,417,-1,417,416,408,-1,350,355,418,-1,418,355,419,-1,418,419,420,-1,420,419,421,-1,420,421,422,-1,422,421,423,-1,422,423,424,-1,424,423,425,-1,424,425,426,-1,426,425,407,-1,353,358,427,-1,427,358,428,-1,427,428,429,-1,429,428,430,-1,429,430,431,-1,431,430,432,-1,431,432,433,-1,433,432,434,-1,433,434,435,-1,435,434,406,-1,361,360,436,-1,436,360,437,-1,436,437,438,-1,438,437,439,-1,438,439,440,-1,440,439,441,-1,440,441,442,-1,442,441,443,-1,442,443,444,-1,444,443,404,-1,364,363,445,-1,445,363,446,-1,445,446,447,-1,447,446,448,-1,447,448,449,-1,449,448,450,-1,449,450,451,-1,451,450,452,-1,451,452,453,-1,453,452,403,-1,366,365,454,-1,454,365,455,-1,454,455,456,-1,456,455,457,-1,456,457,458,-1,458,457,459,-1,458,459,460,-1,460,459,461,-1,460,461,462,-1,462,461,401,-1,369,368,463,-1,463,368,464,-1,463,464,465,-1,465,464,466,-1,465,466,467,-1,467,466,468,-1,467,468,469,-1,469,468,470,-1,469,470,471,-1,471,470,400,-1,372,371,472,-1,472,371,473,-1,472,473,474,-1,474,473,475,-1,474,475,476,-1,476,475,477,-1,476,477,478,-1,478,477,479,-1,478,479,480,-1,480,479,399,-1,374,379,481,-1,481,379,482,-1,481,482,483,-1,483,482,484,-1,483,484,485,-1,485,484,486,-1,485,486,487,-1,487,486,488,-1,487,488,489,-1,489,488,397,-1,377,382,490,-1,490,382,491,-1,490,491,492,-1,492,491,493,-1,492,493,494,-1,494,493,495,-1,494,495,496,-1,496,495,497,-1,496,497,498,-1,498,497,396,-1,388,387,499,-1,499,387,500,-1,499,500,501,-1,501,500,502,-1,501,502,503,-1,503,502,504,-1,503,504,505,-1,505,504,506,-1,505,506,507,-1,507,506,392,-1,390,389,508,-1,508,389,509,-1,508,509,510,-1,510,509,511,-1,510,511,512,-1,512,511,513,-1,512,513,514,-1,514,513,515,-1,514,515,516,-1,516,515,391,-1,346,349,517,-1,517,349,409,-1,517,409,518,-1,518,409,411,-1,518,411,519,-1,519,411,413,-1,519,413,520,-1,520,413,415,-1,520,415,521,-1,521,415,417,-1,521,417,344,-1,344,417,345,-1,408,340,417,-1,417,340,341,-1,417,341,345,-1,336,335,522,-1,522,335,408,-1,522,408,523,-1,523,408,416,-1,523,416,524,-1,524,416,414,-1,524,414,525,-1,525,414,412,-1,525,412,526,-1,526,412,410,-1,526,410,351,-1,351,410,352,-1,351,350,526,-1,526,350,418,-1,526,418,525,-1,525,418,420,-1,525,420,524,-1,524,420,422,-1,524,422,523,-1,523,422,424,-1,523,424,522,-1,522,424,426,-1,522,426,336,-1,336,426,337,-1,407,339,426,-1,426,339,338,-1,426,338,337,-1,333,334,527,-1,527,334,407,-1,527,407,528,-1,528,407,425,-1,528,425,529,-1,529,425,423,-1,529,423,530,-1,530,423,421,-1,530,421,531,-1,531,421,419,-1,531,419,354,-1,354,419,355,-1,354,353,531,-1,531,353,427,-1,531,427,530,-1,530,427,429,-1,530,429,529,-1,529,429,431,-1,529,431,528,-1,528,431,433,-1,528,433,527,-1,527,433,435,-1,527,435,333,-1,333,435,272,-1,406,332,435,-1,435,332,273,-1,435,273,272,-1,330,331,405,-1,405,331,406,-1,405,406,532,-1,532,406,434,-1,532,434,533,-1,533,434,432,-1,533,432,534,-1,534,432,430,-1,534,430,535,-1,535,430,428,-1,535,428,357,-1,357,428,358,-1,326,329,536,-1,536,329,405,-1,536,405,537,-1,537,405,532,-1,537,532,538,-1,538,532,533,-1,538,533,539,-1,539,533,534,-1,539,534,540,-1,540,534,535,-1,540,535,356,-1,356,535,357,-1,356,361,540,-1,540,361,436,-1,540,436,539,-1,539,436,438,-1,539,438,538,-1,538,438,440,-1,538,440,537,-1,537,440,442,-1,537,442,536,-1,536,442,444,-1,536,444,326,-1,326,444,327,-1,404,324,444,-1,444,324,328,-1,444,328,327,-1,322,325,541,-1,541,325,404,-1,541,404,542,-1,542,404,443,-1,542,443,543,-1,543,443,441,-1,543,441,544,-1,544,441,439,-1,544,439,545,-1,545,439,437,-1,545,437,359,-1,359,437,360,-1,359,364,545,-1,545,364,445,-1,545,445,544,-1,544,445,447,-1,544,447,543,-1,543,447,449,-1,543,449,542,-1,542,449,451,-1,542,451,541,-1,541,451,453,-1,541,453,322,-1,322,453,323,-1,403,321,453,-1,453,321,320,-1,453,320,323,-1,318,319,546,-1,546,319,403,-1,546,403,547,-1,547,403,452,-1,547,452,548,-1,548,452,450,-1,548,450,549,-1,549,450,448,-1,549,448,550,-1,550,448,446,-1,550,446,362,-1,362,446,363,-1,362,367,550,-1,550,367,551,-1,550,551,549,-1,549,551,552,-1,549,552,548,-1,548,552,553,-1,548,553,547,-1,547,553,554,-1,547,554,546,-1,546,554,402,-1,546,402,318,-1,318,402,274,-1,317,275,462,-1,462,275,402,-1,462,402,460,-1,460,402,554,-1,460,554,458,-1,458,554,553,-1,458,553,456,-1,456,553,552,-1,456,552,454,-1,454,552,551,-1,454,551,366,-1,366,551,367,-1,401,315,462,-1,462,315,316,-1,462,316,317,-1,311,310,555,-1,555,310,401,-1,555,401,556,-1,556,401,461,-1,556,461,557,-1,557,461,459,-1,557,459,558,-1,558,459,457,-1,558,457,559,-1,559,457,455,-1,559,455,370,-1,370,455,365,-1,370,369,559,-1,559,369,463,-1,559,463,558,-1,558,463,465,-1,558,465,557,-1,557,465,467,-1,557,467,556,-1,556,467,469,-1,556,469,555,-1,555,469,471,-1,555,471,311,-1,311,471,312,-1,400,314,471,-1,471,314,313,-1,471,313,312,-1,308,309,560,-1,560,309,400,-1,560,400,561,-1,561,400,470,-1,561,470,562,-1,562,470,468,-1,562,468,563,-1,563,468,466,-1,563,466,564,-1,564,466,464,-1,564,464,373,-1,373,464,368,-1,373,372,564,-1,564,372,472,-1,564,472,563,-1,563,472,474,-1,563,474,562,-1,562,474,476,-1,562,476,561,-1,561,476,478,-1,561,478,560,-1,560,478,480,-1,560,480,308,-1,308,480,276,-1,399,307,480,-1,480,307,277,-1,480,277,276,-1,305,306,398,-1,398,306,399,-1,398,399,565,-1,565,399,479,-1,565,479,566,-1,566,479,477,-1,566,477,567,-1,567,477,475,-1,567,475,568,-1,568,475,473,-1,568,473,376,-1,376,473,371,-1,301,304,569,-1,569,304,398,-1,569,398,570,-1,570,398,565,-1,570,565,571,-1,571,565,566,-1,571,566,572,-1,572,566,567,-1,572,567,573,-1,573,567,568,-1,573,568,375,-1,375,568,376,-1,375,374,573,-1,573,374,481,-1,573,481,572,-1,572,481,483,-1,572,483,571,-1,571,483,485,-1,571,485,570,-1,570,485,487,-1,570,487,569,-1,569,487,489,-1,569,489,301,-1,301,489,302,-1,397,299,489,-1,489,299,303,-1,489,303,302,-1,295,300,574,-1,574,300,397,-1,574,397,575,-1,575,397,488,-1,575,488,576,-1,576,488,486,-1,576,486,577,-1,577,486,484,-1,577,484,578,-1,578,484,482,-1,578,482,378,-1,378,482,379,-1,378,377,578,-1,578,377,490,-1,578,490,577,-1,577,490,492,-1,577,492,576,-1,576,492,494,-1,576,494,575,-1,575,494,496,-1,575,496,574,-1,574,496,498,-1,574,498,295,-1,295,498,296,-1,396,298,498,-1,498,298,297,-1,498,297,296,-1,293,294,579,-1,579,294,396,-1,579,396,580,-1,580,396,497,-1,580,497,581,-1,581,497,495,-1,581,495,582,-1,582,495,493,-1,582,493,583,-1,583,493,491,-1,583,491,381,-1,381,491,382,-1,381,380,583,-1,583,380,584,-1,583,584,582,-1,582,584,585,-1,582,585,581,-1,581,585,586,-1,581,586,580,-1,580,586,587,-1,580,587,579,-1,579,587,395,-1,579,395,293,-1,293,395,278,-1,292,279,394,-1,394,279,395,-1,394,395,588,-1,588,395,587,-1,588,587,589,-1,589,587,586,-1,589,586,590,-1,590,586,585,-1,590,585,591,-1,591,585,584,-1,591,584,385,-1,385,584,380,-1,385,384,591,-1,591,384,592,-1,591,592,590,-1,590,592,593,-1,590,593,589,-1,589,593,594,-1,589,594,588,-1,588,594,595,-1,588,595,394,-1,394,595,393,-1,394,393,291,-1,291,393,290,-1,288,287,596,-1,596,287,393,-1,596,393,597,-1,597,393,595,-1,597,595,598,-1,598,595,594,-1,598,594,599,-1,599,594,593,-1,599,593,600,-1,600,593,592,-1,600,592,383,-1,383,592,384,-1,383,388,600,-1,600,388,499,-1,600,499,599,-1,599,499,501,-1,599,501,598,-1,598,501,503,-1,598,503,597,-1,597,503,505,-1,597,505,596,-1,596,505,507,-1,596,507,288,-1,288,507,289,-1,392,285,507,-1,507,285,286,-1,507,286,289,-1,283,284,601,-1,601,284,392,-1,601,392,602,-1,602,392,506,-1,602,506,603,-1,603,506,504,-1,603,504,604,-1,604,504,502,-1,604,502,605,-1,605,502,500,-1,605,500,386,-1,386,500,387,-1,386,390,605,-1,605,390,508,-1,605,508,604,-1,604,508,510,-1,604,510,603,-1,603,510,512,-1,603,512,602,-1,602,512,514,-1,602,514,601,-1,601,514,516,-1,601,516,283,-1,283,516,282,-1,391,280,516,-1,516,280,281,-1,516,281,282,-1,343,342,606,-1,606,342,391,-1,606,391,607,-1,607,391,515,-1,607,515,608,-1,608,515,513,-1,608,513,609,-1,609,513,511,-1,609,511,610,-1,610,511,509,-1,610,509,347,-1,347,509,389,-1,347,346,610,-1,610,346,517,-1,610,517,609,-1,609,517,518,-1,609,518,608,-1,608,518,519,-1,608,519,607,-1,607,519,520,-1,607,520,606,-1,606,520,521,-1,606,521,343,-1,343,521,344,-1,
        ]
    }
}
Shape{
    appearance Appearance {
        material  Material 	{
            diffuseColor 0.6470588235294118 0.6196078431372549 0.5882352941176471
            specularColor 0.45098039215686275 0.43529411764705883 0.4117647058823529
            ambientIntensity 0.2
            transparency 0
            shininess 0.5
        }
    }
    geometry IndexedFaceSet {
        ccw TRUE
        solid FALSE
        coord DEF co Coordinate {
            point [
                -0.4528 0.689 -1.8701, -0.4528 0.689 -0.8858, -0.4528 0.5906 -1.8701, -0.4528 0.5906 -0.8858, -0.7283 0.5906 -0.8858, -0.7283 0.5906 -1.8701, -0.5664 0.5906 -2.0669, -0.6147 0.5906 -2.0669, -0.7283 0.689 -1.8701, -0.7283 0.689 -0.8858, -0.5664 0.689 -2.0669, -0.6147 0.689 -2.0669, 0.7283 0.689 -1.8701, 0.7283 0.689 -0.8858, 0.7283 0.5906 -1.8701, 0.7283 0.5906 -0.8858, 0.4528 0.5906 -0.8858, 0.4528 0.5906 -1.8701, 0.6147 0.5906 -2.0669, 0.5664 0.5906 -2.0669, 0.4528 0.689 -1.8701, 0.4528 0.689 -0.8858, 0.6147 0.689 -2.0669, 0.5664 0.689 -2.0669, 0.5664 0.689 -2.0669
            ]
        }
        coordIndex [
            0,1,2,-1,2,1,3,-1,3,4,2,-1,2,4,5,-1,2,5,6,-1,6,5,7,-1,5,4,8,-1,8,4,9,-1,10,11,0,-1,0,11,8,-1,0,8,1,-1,1,8,9,-1,11,10,7,-1,7,10,6,-1,12,13,14,-1,14,13,15,-1,15,16,14,-1,14,16,17,-1,14,17,18,-1,18,17,19,-1,17,16,20,-1,20,16,21,-1,22,23,12,-1,12,23,20,-1,12,20,13,-1,13,20,21,-1,23,22,19,-1,19,22,18,-1,
        ]
    }
}
Shape{
    appearance Appearance {
        material  Material 	{
            diffuseColor 0.0 0.0 0.0
            specularColor 0.0 0.0 0.0
            ambientIntensity 0.2
            transparency 0
            shininess 0.5
        }
    }
    geometry IndexedFaceSet {
        ccw TRUE
        solid FALSE
        coord DEF co Coordinate {
            point [
                -0.273 0.4317 -0.8854, -0.3344 0.2742 -0.8854, -0.273 0.4317 -0.8858, -0.3344 0.2742 -0.8858, -0.3114 0.2742 -0.8854, -0.3114 0.2742 -0.8858, -0.2954 0.3184 -0.8854, -0.2954 0.3184 -0.8858, -0.2304 0.3184 -0.8854, -0.2304 0.3184 -0.8858, -0.2153 0.2742 -0.8854, -0.2153 0.2742 -0.8858, -0.1923 0.2742 -0.8854, -0.1923 0.2742 -0.8858, -0.2518 0.4317 -0.8854, -0.2518 0.4317 -0.8858, -0.2357 0.3357 -0.8854, -0.2592 0.4015 -0.8854, -0.2607 0.4069 -0.8854, -0.2617 0.4125 -0.8854, -0.2622 0.4125 -0.8854, -0.2632 0.407 -0.8854, -0.2646 0.4015 -0.8854, -0.2883 0.3357 -0.8854, -0.2357 0.3357 -0.8858, -0.2883 0.3357 -0.8858, -0.2592 0.4015 -0.8858, -0.2607 0.4069 -0.8858, -0.2617 0.4125 -0.8858, -0.2622 0.4125 -0.8858, -0.2632 0.407 -0.8858, -0.2646 0.4015 -0.8858, -0.0968 0.2742 -0.8854, -0.054 0.2742 -0.8854, -0.0968 0.2742 -0.8858, -0.054 0.2742 -0.8858, -0.054 0.4317 -0.8854, -0.054 0.4317 -0.8858, -0.0985 0.4317 -0.8854, -0.0985 0.4317 -0.8858, -0.1808 0.355 -0.8854, -0.1808 0.355 -0.8858, -0.1796 0.3698 -0.8858, -0.1796 0.3698 -0.8854, -0.1754 0.3853 -0.8858, -0.1754 0.3853 -0.8854, -0.1681 0.3988 -0.8858, -0.1681 0.3988 -0.8854, -0.1569 0.4112 -0.8858, -0.1569 0.4112 -0.8854, -0.1568 0.4113 -0.8858, -0.1568 0.4113 -0.8854, -0.1396 0.4228 -0.8858, -0.1396 0.4228 -0.8854, -0.1212 0.4293 -0.8858, -0.1212 0.4293 -0.8854, -0.1163 0.2759 -0.8858, -0.1163 0.2759 -0.8854, -0.1345 0.2814 -0.8858, -0.1345 0.2814 -0.8854, -0.1509 0.2909 -0.8858, -0.1509 0.2909 -0.8854, -0.1639 0.3033 -0.8858, -0.1639 0.3033 -0.8854, -0.1729 0.3174 -0.8858, -0.1729 0.3174 -0.8854, -0.1786 0.3339 -0.8858, -0.1786 0.3339 -0.8854, -0.1492 0.3924 -0.8854, -0.1415 0.4005 -0.8854, -0.13 0.4079 -0.8854, -0.117 0.4125 -0.8854, -0.0984 0.4144 -0.8854, -0.0751 0.4144 -0.8854, -0.0751 0.2915 -0.8854, -0.0975 0.2915 -0.8854, -0.1141 0.2931 -0.8854, -0.1274 0.2972 -0.8854, -0.1381 0.3036 -0.8854, -0.1469 0.3123 -0.8854, -0.1536 0.3232 -0.8854, -0.1582 0.338 -0.8854, -0.1596 0.3545 -0.8854, -0.1583 0.3702 -0.8854, -0.1546 0.3826 -0.8854, -0.0984 0.4144 -0.8858, -0.0751 0.4144 -0.8858, -0.117 0.4125 -0.8858, -0.13 0.4079 -0.8858, -0.1415 0.4005 -0.8858, -0.1492 0.3924 -0.8858, -0.1546 0.3826 -0.8858, -0.1583 0.3702 -0.8858, -0.1596 0.3545 -0.8858, -0.1582 0.338 -0.8858, -0.1536 0.3232 -0.8858, -0.1469 0.3123 -0.8858, -0.1381 0.3036 -0.8858, -0.1274 0.2972 -0.8858, -0.1141 0.2931 -0.8858, -0.0975 0.2915 -0.8858, -0.0751 0.2915 -0.8858, -0.0233 0.2915 -0.8854, -0.0233 0.2742 -0.8854, -0.0233 0.2915 -0.8858, -0.0233 0.2742 -0.8858, 0.0612 0.2742 -0.8854, 0.0612 0.2742 -0.8858, 0.0612 0.4317 -0.8854, 0.0612 0.4317 -0.8858, -0.0194 0.4317 -0.8854, -0.0194 0.4317 -0.8858, -0.0194 0.4144 -0.8854, -0.0194 0.4144 -0.8858, 0.0401 0.4144 -0.8854, 0.0401 0.4144 -0.8858, 0.0401 0.3626 -0.8854, 0.0401 0.3626 -0.8858, -0.0156 0.3626 -0.8854, -0.0156 0.3626 -0.8858, -0.0156 0.3453 -0.8854, -0.0156 0.3453 -0.8858, 0.0401 0.3453 -0.8854, 0.0401 0.3453 -0.8858, 0.0401 0.2915 -0.8854, 0.0401 0.2915 -0.8858, 0.0919 0.2997 -0.8854, 0.0919 0.2824 -0.8854, 0.0919 0.2997 -0.8858, 0.0919 0.2824 -0.8858, 0.1087 0.2755 -0.8854, 0.1353 0.2723 -0.8854, 0.1353 0.2723 -0.8858, 0.131 0.2724 -0.8858, 0.131 0.2724 -0.8854, 0.1246 0.2733 -0.8858, 0.1087 0.2755 -0.8858, 0.1445 0.2733 -0.8858, 0.1547 0.2743 -0.8854, 0.1547 0.2743 -0.8858, 0.1699 0.2796 -0.8854, 0.1699 0.2796 -0.8858, 0.1826 0.2877 -0.8854, 0.1826 0.2877 -0.8858, 0.1944 0.3001 -0.8854, 0.1944 0.3001 -0.8858, 0.2028 0.3151 -0.8854, 0.2028 0.3151 -0.8858, 0.2076 0.3318 -0.8854, 0.2076 0.3318 -0.8858, 0.2091 0.35 -0.8854, 0.2091 0.35 -0.8858, 0.1448 0.4324 -0.8854, 0.129 0.4336 -0.8854, 0.1408 0.4327 -0.8858, 0.129 0.4336 -0.8858, 0.1448 0.4324 -0.8858, 0.1624 0.4273 -0.8858, 0.1624 0.4273 -0.8854, 0.1773 0.4186 -0.8858, 0.1773 0.4186 -0.8854, 0.1915 0.405 -0.8858, 0.1915 0.405 -0.8854, 0.2008 0.3903 -0.8858, 0.2008 0.3903 -0.8854, 0.2068 0.3724 -0.8858, 0.2068 0.3724 -0.8854, 0.1151 0.4327 -0.8858, 0.1101 0.4323 -0.8854, 0.1101 0.4323 -0.8858, 0.0919 0.4274 -0.8854, 0.0919 0.4274 -0.8858, 0.0919 0.4063 -0.8854, 0.0919 0.4063 -0.8858, 0.1288 0.4164 -0.8854, 0.1288 0.4164 -0.8858, 0.1097 0.4139 -0.8858, 0.1097 0.4139 -0.8854, 0.188 0.3513 -0.8854, 0.188 0.3513 -0.8858, 0.1872 0.3636 -0.8858, 0.1872 0.3636 -0.8854, 0.183 0.3804 -0.8858, 0.183 0.3804 -0.8854, 0.1765 0.3926 -0.8858, 0.1765 0.3926 -0.8854, 0.167 0.4031 -0.8858, 0.167 0.4031 -0.8854, 0.1561 0.4104 -0.8858, 0.1561 0.4104 -0.8854, 0.1443 0.4146 -0.8858, 0.1443 0.4146 -0.8854, 0.1324 0.2896 -0.8854, 0.1324 0.2896 -0.8858, 0.147 0.2913 -0.8858, 0.147 0.2913 -0.8854, 0.1585 0.2955 -0.8858, 0.1585 0.2955 -0.8854, 0.1682 0.302 -0.8858, 0.1682 0.302 -0.8854, 0.1756 0.3098 -0.8858, 0.1756 0.3098 -0.8854, 0.1821 0.3207 -0.8858, 0.1821 0.3207 -0.8854, 0.1864 0.3343 -0.8858, 0.1864 0.3343 -0.8854, 0.0948 0.2981 -0.8858, 0.0948 0.2981 -0.8854, 0.1115 0.2919 -0.8858, 0.1115 0.2919 -0.8854, 0.2225 0.2915 -0.8854, 0.2225 0.2742 -0.8854, 0.2225 0.2915 -0.8858, 0.2225 0.2742 -0.8858, 0.3032 0.2742 -0.8854, 0.3032 0.2742 -0.8858, 0.3032 0.4317 -0.8854, 0.3032 0.4317 -0.8858, 0.2821 0.4317 -0.8854, 0.2821 0.4317 -0.8858, 0.2821 0.2915 -0.8854, 0.2821 0.2915 -0.8858, 0.2821 0.2915 -0.8858
            ]
        }
        coordIndex [
            0,1,2,-1,2,1,3,-1,1,4,3,-1,3,4,5,-1,4,6,5,-1,5,6,7,-1,6,8,7,-1,7,8,9,-1,8,10,9,-1,9,10,11,-1,10,12,11,-1,11,12,13,-1,12,14,13,-1,13,14,15,-1,14,0,15,-1,15,0,2,-1,16,17,14,-1,12,10,8,-1,17,18,14,-1,14,18,19,-1,14,19,0,-1,0,19,20,-1,0,20,21,-1,21,22,0,-1,0,22,23,-1,0,23,1,-1,4,1,6,-1,6,1,23,-1,6,23,8,-1,8,23,16,-1,8,16,12,-1,12,16,14,-1,16,23,24,-1,24,23,25,-1,17,16,26,-1,26,16,24,-1,17,26,27,-1,17,27,18,-1,18,27,28,-1,18,28,19,-1,20,19,29,-1,29,19,28,-1,20,29,30,-1,20,30,21,-1,21,30,31,-1,21,31,22,-1,23,22,25,-1,25,22,31,-1,32,33,34,-1,34,33,35,-1,33,36,35,-1,35,36,37,-1,36,38,37,-1,37,38,39,-1,40,41,42,-1,40,42,43,-1,43,42,44,-1,43,44,45,-1,45,44,46,-1,45,46,47,-1,47,46,48,-1,47,48,49,-1,49,48,50,-1,49,50,51,-1,51,50,52,-1,51,52,53,-1,53,52,54,-1,53,54,55,-1,55,54,39,-1,55,39,38,-1,32,34,56,-1,32,56,57,-1,57,56,58,-1,57,58,59,-1,59,58,60,-1,59,60,61,-1,61,60,62,-1,61,62,63,-1,63,62,64,-1,63,64,65,-1,65,64,66,-1,65,66,67,-1,67,66,41,-1,67,41,40,-1,45,47,68,-1,68,47,49,-1,68,49,69,-1,69,49,51,-1,69,51,70,-1,70,51,53,-1,70,53,71,-1,71,53,55,-1,71,55,72,-1,72,55,38,-1,72,38,73,-1,73,38,36,-1,73,36,74,-1,74,36,33,-1,74,33,75,-1,75,33,32,-1,75,32,76,-1,76,32,57,-1,76,57,77,-1,77,57,59,-1,77,59,78,-1,78,59,61,-1,78,61,79,-1,79,61,63,-1,79,63,80,-1,80,63,65,-1,80,65,81,-1,81,65,67,-1,81,67,82,-1,82,67,40,-1,82,40,83,-1,83,40,43,-1,83,43,84,-1,84,43,45,-1,84,45,68,-1,72,73,85,-1,85,73,86,-1,72,85,87,-1,72,87,71,-1,71,87,88,-1,71,88,70,-1,70,88,89,-1,70,89,69,-1,69,89,90,-1,69,90,68,-1,68,90,91,-1,68,91,84,-1,84,91,92,-1,84,92,83,-1,83,92,93,-1,83,93,82,-1,82,93,94,-1,82,94,81,-1,81,94,95,-1,81,95,80,-1,80,95,96,-1,80,96,79,-1,79,96,97,-1,79,97,78,-1,78,97,98,-1,78,98,77,-1,77,98,99,-1,77,99,76,-1,76,99,100,-1,76,100,75,-1,74,75,101,-1,101,75,100,-1,73,74,86,-1,86,74,101,-1,102,103,104,-1,104,103,105,-1,103,106,105,-1,105,106,107,-1,106,108,107,-1,107,108,109,-1,108,110,109,-1,109,110,111,-1,110,112,111,-1,111,112,113,-1,112,114,113,-1,113,114,115,-1,114,116,115,-1,115,116,117,-1,116,118,117,-1,117,118,119,-1,118,120,119,-1,119,120,121,-1,120,122,121,-1,121,122,123,-1,122,124,123,-1,123,124,125,-1,124,102,125,-1,125,102,104,-1,106,103,102,-1,102,124,106,-1,106,124,122,-1,106,122,108,-1,112,110,114,-1,114,110,108,-1,114,108,116,-1,116,108,122,-1,116,122,118,-1,118,122,120,-1,126,127,128,-1,128,127,129,-1,129,127,130,-1,131,132,133,-1,131,133,134,-1,134,133,135,-1,134,135,130,-1,130,135,136,-1,130,136,129,-1,132,131,137,-1,137,131,138,-1,137,138,139,-1,139,138,140,-1,139,140,141,-1,141,140,142,-1,141,142,143,-1,143,142,144,-1,143,144,145,-1,145,144,146,-1,145,146,147,-1,147,146,148,-1,147,148,149,-1,149,148,150,-1,149,150,151,-1,152,153,154,-1,154,153,155,-1,154,156,152,-1,152,156,157,-1,152,157,158,-1,158,157,159,-1,158,159,160,-1,160,159,161,-1,160,161,162,-1,162,161,163,-1,162,163,164,-1,164,163,165,-1,164,165,166,-1,166,165,151,-1,166,151,150,-1,155,153,167,-1,167,153,168,-1,167,168,169,-1,169,168,170,-1,169,170,171,-1,170,172,171,-1,171,172,173,-1,174,175,176,-1,174,176,177,-1,177,176,173,-1,177,173,172,-1,178,179,180,-1,178,180,181,-1,181,180,182,-1,181,182,183,-1,183,182,184,-1,183,184,185,-1,185,184,186,-1,185,186,187,-1,187,186,188,-1,187,188,189,-1,189,188,190,-1,189,190,191,-1,191,190,175,-1,191,175,174,-1,192,193,194,-1,192,194,195,-1,195,194,196,-1,195,196,197,-1,197,196,198,-1,197,198,199,-1,199,198,200,-1,199,200,201,-1,201,200,202,-1,201,202,203,-1,203,202,204,-1,203,204,205,-1,205,204,179,-1,205,179,178,-1,126,128,206,-1,126,206,207,-1,207,206,208,-1,207,208,209,-1,209,208,193,-1,209,193,192,-1,195,131,192,-1,192,131,134,-1,192,134,209,-1,209,134,130,-1,209,130,207,-1,207,130,127,-1,207,127,126,-1,172,170,177,-1,177,170,168,-1,177,168,174,-1,174,168,153,-1,174,153,191,-1,191,153,152,-1,191,152,189,-1,189,152,158,-1,189,158,187,-1,187,158,160,-1,187,160,185,-1,185,160,162,-1,185,162,183,-1,183,162,164,-1,183,164,181,-1,181,164,166,-1,181,166,178,-1,178,166,150,-1,178,150,205,-1,205,150,148,-1,205,148,203,-1,203,148,146,-1,203,146,201,-1,201,146,144,-1,201,144,199,-1,199,144,142,-1,199,142,197,-1,197,142,140,-1,197,140,195,-1,195,140,138,-1,195,138,131,-1,210,211,212,-1,212,211,213,-1,211,214,213,-1,213,214,215,-1,214,216,215,-1,215,216,217,-1,216,218,217,-1,217,218,219,-1,218,220,219,-1,219,220,221,-1,220,210,221,-1,221,210,212,-1,218,216,220,-1,220,216,214,-1,220,214,210,-1,210,214,211,-1,
        ]
    }
}
Shape{
    appearance Appearance {
        material  Material 	{
            diffuseColor 0.25098039215686274 0.25098039215686274 0.25098039215686274
            specularColor 0.12549019607843137 0.12549019607843137 0.12549019607843137
            ambientIntensity 0.2
            transparency 0
            shininess 0.5
        }
    }
    geometry IndexedFaceSet {
        ccw TRUE
        solid FALSE
        coord DEF co Coordinate {
            point [
                -0.2357 0.3357 -0.8858, -0.2883 0.3357 -0.8858, -0.2592 0.4015 -0.8858, -0.2646 0.4015 -0.8858, -0.2607 0.4069 -0.8858, -0.2632 0.407 -0.8858, -0.2617 0.4125 -0.8858, -0.2622 0.4125 -0.8858, -0.0751 0.4144 -0.8858, -0.0751 0.2915 -0.8858, -0.0984 0.4144 -0.8858, -0.0975 0.2915 -0.8858, -0.1141 0.2931 -0.8858, -0.1596 0.3545 -0.8858, -0.1583 0.3702 -0.8858, -0.1546 0.3826 -0.8858, -0.117 0.4125 -0.8858, -0.1274 0.2972 -0.8858, -0.1381 0.3036 -0.8858, -0.1469 0.3123 -0.8858, -0.1536 0.3232 -0.8858, -0.1582 0.338 -0.8858, -0.1492 0.3924 -0.8858, -0.1415 0.4005 -0.8858, -0.13 0.4079 -0.8858, -0.8858 0.9449 0.7677, -0.8858 -0.0591 0.7677, -0.8818 -0.0591 0.7983, -0.8818 0.9449 0.7983, -0.87 -0.0591 0.8268, -0.87 0.9449 0.8268, -0.8512 -0.0591 0.8512, -0.8512 0.9449 0.8512, -0.8268 -0.0591 0.87, -0.8268 0.9449 0.87, -0.7983 -0.0591 0.8818, -0.7983 0.9449 0.8818, -0.7677 -0.0591 0.8858, -0.7677 0.9449 0.8858, -0.7677 0.9449 -0.8858, -0.7677 0.5121 -0.8858, -0.7983 0.9449 -0.8818, -0.7677 0.4327 -0.8858, -0.7677 -0.0591 -0.8858, -0.7983 -0.0591 -0.8818, -0.7677 0.2733 -0.8858, -0.8268 -0.0591 -0.87, -0.8268 0.9449 -0.87, -0.8512 -0.0591 -0.8512, -0.8512 0.9449 -0.8512, -0.87 -0.0591 -0.8268, -0.87 0.9449 -0.8268, -0.8818 -0.0591 -0.7983, -0.8818 0.9449 -0.7983, -0.8858 -0.0591 -0.7677, -0.8858 0.9449 -0.7677, 0.7677 0.9449 0.8858, 0.7677 -0.0591 0.8858, 0.7983 -0.0591 0.8818, 0.7983 0.9449 0.8818, 0.8268 -0.0591 0.87, 0.8268 0.9449 0.87, 0.8512 -0.0591 0.8512, 0.8512 0.9449 0.8512, 0.87 -0.0591 0.8268, 0.87 0.9449 0.8268, 0.8818 -0.0591 0.7983, 0.8818 0.9449 0.7983, 0.8858 -0.0591 0.7677, 0.8858 0.9449 0.7677, 0.7677 0.5121 -0.8858, 0.7677 0.9449 -0.8858, 0.7983 0.9449 -0.8818, 0.8858 0.9449 -0.7677, 0.8858 -0.0591 -0.7677, 0.8818 -0.0591 -0.7983, 0.7677 -0.0591 -0.8858, 0.7677 0.2733 -0.8858, 0.7983 -0.0591 -0.8818, 0.7677 0.4327 -0.8858, 0.8818 0.9449 -0.7983, 0.87 -0.0591 -0.8268, 0.87 0.9449 -0.8268, 0.8512 -0.0591 -0.8512, 0.8512 0.9449 -0.8512, 0.8268 -0.0591 -0.87, 0.8268 0.9449 -0.87, 0.8268 0.9449 -0.87
            ]
        }
        coordIndex [
            0,1,2,-1,2,1,3,-1,2,3,4,-1,4,3,5,-1,4,5,6,-1,6,5,7,-1,8,9,10,-1,10,9,11,-1,10,11,12,-1,13,14,10,-1,10,14,15,-1,10,15,16,-1,12,17,10,-1,10,17,18,-1,10,18,19,-1,19,20,10,-1,10,20,21,-1,10,21,13,-1,22,23,15,-1,15,23,24,-1,15,24,16,-1,25,26,27,-1,25,27,28,-1,28,27,29,-1,28,29,30,-1,30,29,31,-1,30,31,32,-1,32,31,33,-1,32,33,34,-1,34,33,35,-1,34,35,36,-1,36,35,37,-1,36,37,38,-1,39,40,41,-1,41,40,42,-1,43,44,45,-1,45,44,42,-1,42,44,41,-1,41,44,46,-1,41,46,47,-1,47,46,48,-1,47,48,49,-1,49,48,50,-1,49,50,51,-1,51,50,52,-1,51,52,53,-1,53,52,54,-1,53,54,55,-1,56,57,58,-1,56,58,59,-1,59,58,60,-1,59,60,61,-1,61,60,62,-1,61,62,63,-1,63,62,64,-1,63,64,65,-1,65,64,66,-1,65,66,67,-1,67,66,68,-1,67,68,69,-1,70,71,72,-1,73,74,75,-1,76,77,78,-1,78,77,79,-1,73,75,80,-1,80,75,81,-1,80,81,82,-1,82,81,83,-1,82,83,84,-1,84,83,85,-1,84,85,86,-1,86,85,78,-1,86,78,72,-1,72,78,79,-1,72,79,70,-1,
        ]
    }
}
Shape{
    appearance Appearance {
        material  Material 	{
            diffuseColor 0.6470588235294118 0.6196078431372549 0.5882352941176471
            specularColor 0.45098039215686275 0.43529411764705883 0.4117647058823529
            ambientIntensity 0.2
            transparency 0
            shininess 0.5
        }
    }
    geometry IndexedFaceSet {
        ccw TRUE
        solid FALSE
        coord DEF co Coordinate {
            point [
                -0.7283 0.689 -1.8701, -0.6147 0.689 -2.0669, -0.7283 0.5906 -1.8701, -0.6147 0.5906 -2.0669, -0.4528 0.5906 -1.8701, -0.5664 0.5906 -2.0669, -0.4528 0.689 -1.8701, -0.5664 0.689 -2.0669, 0.4528 0.689 -1.8701, 0.5664 0.689 -2.0669, 0.4528 0.5906 -1.8701, 0.5664 0.5906 -2.0669, 0.7283 0.5906 -1.8701, 0.6147 0.5906 -2.0669, 0.7283 0.689 -1.8701, 0.6147 0.689 -2.0669, 0.7183 -0.1575 0.501, 0.6963 -0.1575 0.4871, 0.8858 -0.1575 -0.0003, 0.6917 -0.1575 0.4856, 0.6627 -0.1575 0.4764, 0.473 -0.1575 0.6166, -0.0 -0.1575 0.49, 0.0454 -0.1575 0.49, 0.7869 -0.1575 0.6425, 0.8858 -0.1575 0.7677, 0.7827 -0.1575 0.6626, 0.7789 -0.1575 0.6811, 0.7738 -0.1575 0.6914, 0.8818 -0.1575 0.7983, 0.7613 -0.1575 0.7168, 0.5001 -0.1575 0.541, 0.2966 -0.1575 0.3927, 0.3637 -0.1575 0.3315, 0.4989 -0.1575 0.5424, 0.486 -0.1575 0.5684, 0.2194 -0.1575 0.4405, 0.4812 -0.1575 0.5781, 0.1347 -0.1575 0.4733, 0.4771 -0.1575 0.5973, 0.6586 -0.1575 0.4751, 0.6327 -0.1575 0.4732, 0.4921 -0.1575 -0.0003, 0.6241 -0.1575 0.4726, 0.4921 -0.1575 -0.0, 0.6028 -0.1575 0.476, 0.4837 -0.1575 0.0904, 0.5864 -0.1575 0.4786, 0.4589 -0.1575 0.1778, 0.5737 -0.1575 0.4839, 0.4184 -0.1575 0.2591, 0.5516 -0.1575 0.4933, 0.5461 -0.1575 0.4974, 0.5206 -0.1575 0.5166, 0.5415 -0.1575 0.7589, 0.5642 -0.1575 0.7731, -0.0 -0.1575 0.8858, 0.5681 -0.1575 0.7743, 0.5972 -0.1575 0.7834, 0.6019 -0.1575 0.7849, 0.7677 -0.1575 0.8858, 0.6271 -0.1575 0.7867, 0.6355 -0.1575 0.7873, 0.657 -0.1575 0.7839, 0.6732 -0.1575 0.7813, 0.7596 -0.1575 0.7188, 0.87 -0.1575 0.8268, 0.7392 -0.1575 0.7433, 0.7763 -0.1575 0.5735, 0.7852 -0.1575 0.6035, 0.7864 -0.1575 0.6328, 0.4734 -0.1575 0.627, 0.4746 -0.1575 0.6556, 0.475 -0.1575 0.6571, 0.4835 -0.1575 0.6864, 0.4852 -0.1575 0.692, 0.4978 -0.1575 0.7136, 0.5044 -0.1575 0.725, 0.5173 -0.1575 0.7385, 0.5303 -0.1575 0.7519, 0.6861 -0.1575 0.7759, 0.7081 -0.1575 0.7667, 0.7983 -0.1575 0.8818, 0.7137 -0.1575 0.7624, 0.8268 -0.1575 0.87, 0.8512 -0.1575 0.8512, 0.7744 -0.1575 0.5672, 0.7621 -0.1575 0.5462, 0.7551 -0.1575 0.5343, 0.7426 -0.1575 0.5213, 0.73 -0.1575 0.5083, -0.0454 -0.1575 0.49, -0.1347 -0.1575 0.4733, -0.4184 -0.1575 0.2591, -0.3637 -0.1575 0.3315, -0.4725 -0.1575 0.6302, -0.2966 -0.1575 0.3927, -0.4742 -0.1575 0.6536, -0.4589 -0.1575 0.1778, -0.4725 -0.1575 0.6271, -0.4726 -0.1575 0.6238, -0.4752 -0.1575 0.6006, -0.4761 -0.1575 0.5971, -0.4813 -0.1575 0.5779, -0.5029 -0.1575 0.7231, -0.4972 -0.1575 0.7139, -0.2194 -0.1575 0.4405, -0.4906 -0.1575 0.7034, -0.4832 -0.1575 0.6864, -0.4813 -0.1575 0.682, -0.4836 -0.1575 0.5716, -0.4853 -0.1575 0.5681, -0.4938 -0.1575 0.5507, -0.5004 -0.1575 0.5411, -0.507 -0.1575 0.5315, -0.5108 -0.1575 0.5269, -0.5462 -0.1575 0.4965, -0.5521 -0.1575 0.493, -0.573 -0.1575 0.4831, -0.4837 -0.1575 0.0904, -0.5953 -0.1575 0.4763, -0.6012 -0.1575 0.4751, -0.4921 -0.1575 -0.0003, -0.4921 -0.1575 -0.0, -0.6244 -0.1575 0.4726, -0.6027 -0.1575 0.4749, -0.4794 -0.1575 0.6762, -0.4751 -0.1575 0.6571, -0.5209 -0.1575 0.5168, -0.5273 -0.1575 0.5105, -0.523 -0.1575 0.7456, -0.5169 -0.1575 0.739, -0.5071 -0.1575 0.7285, -0.567 -0.1575 0.7743, -0.5464 -0.1575 0.7635, -0.5412 -0.1575 0.7601, -0.6328 -0.1575 0.4729, -0.6478 -0.1575 0.4735, -0.8858 -0.1575 -0.0003, -0.7677 -0.1575 0.8858, -0.6931 -0.1575 0.7742, -0.6864 -0.1575 0.7766, -0.6713 -0.1575 0.7819, -0.6571 -0.1575 0.7846, -0.6483 -0.1575 0.7863, -0.7606 -0.1575 0.542, -0.7628 -0.1575 0.5458, -0.7722 -0.1575 0.5623, -0.7749 -0.1575 0.5683, -0.8818 -0.1575 0.7983, -0.7597 -0.1575 0.7189, -0.87 -0.1575 0.8268, -0.7548 -0.1575 0.7259, -0.8512 -0.1575 0.8512, -0.7392 -0.1575 0.7433, -0.8268 -0.1575 0.87, -0.7192 -0.1575 0.7597, -0.7983 -0.1575 0.8818, -0.714 -0.1575 0.7627, -0.6991 -0.1575 0.7714, -0.6422 -0.1575 0.7869, -0.6271 -0.1575 0.787, -0.6189 -0.1575 0.787, -0.597 -0.1575 0.7838, -0.5956 -0.1575 0.7836, -0.589 -0.1575 0.782, -0.6545 -0.1575 0.4744, -0.6627 -0.1575 0.4763, -0.6772 -0.1575 0.4797, -0.6917 -0.1575 0.4855, -0.6989 -0.1575 0.4883, -0.7047 -0.1575 0.4913, -0.8858 -0.1575 0.7677, -0.7865 -0.1575 0.6132, -0.787 -0.1575 0.6194, -0.7837 -0.1575 0.6628, -0.7832 -0.1575 0.6659, -0.7815 -0.1575 0.6725, -0.7188 -0.1575 0.5003, -0.7243 -0.1575 0.5038, -0.7418 -0.1575 0.5191, -0.7433 -0.1575 0.5206, -0.7462 -0.1575 0.5237, -0.7766 -0.1575 0.5734, -0.7823 -0.1575 0.5902, -0.7846 -0.1575 0.6027, -0.7869 -0.1575 0.6328, -0.7869 -0.1575 0.6427, -0.7746 -0.1575 0.6918, -0.7736 -0.1575 0.6944, -0.7625 -0.1575 0.7149, -0.7183 -0.1575 -0.501, -0.6963 -0.1575 -0.4871, -0.5415 -0.1575 -0.7589, -0.5642 -0.1575 -0.7731, -0.1378 -0.1575 -0.8858, -0.0 -0.1575 -0.49, -0.0 -0.1575 -2.0669, -0.1378 -0.1575 -1.9291, -0.0357 -0.1575 -2.0622, -0.1331 -0.1575 -1.9648, -0.1193 -0.1575 -1.998, -0.7869 -0.1575 -0.6425, -0.8858 -0.1575 -0.7677, -0.7827 -0.1575 -0.6626, -0.7789 -0.1575 -0.6811, -0.0974 -0.1575 -2.0266, -0.0689 -0.1575 -2.0485, -0.7738 -0.1575 -0.6914, -0.8818 -0.1575 -0.7983, -0.7613 -0.1575 -0.7168, -0.5681 -0.1575 -0.7743, -0.5972 -0.1575 -0.7834, -0.6019 -0.1575 -0.7849, -0.6271 -0.1575 -0.7867, -0.6355 -0.1575 -0.7873, -0.7677 -0.1575 -0.8858, -0.657 -0.1575 -0.7839, -0.6732 -0.1575 -0.7813, -0.7596 -0.1575 -0.7188, -0.87 -0.1575 -0.8268, -0.7392 -0.1575 -0.7433, -0.7763 -0.1575 -0.5735, -0.7852 -0.1575 -0.6035, -0.7864 -0.1575 -0.6328, -0.5001 -0.1575 -0.541, -0.2966 -0.1575 -0.3927, -0.3637 -0.1575 -0.3315, -0.0454 -0.1575 -0.49, -0.1347 -0.1575 -0.4733, -0.4812 -0.1575 -0.5781, -0.2194 -0.1575 -0.4405, -0.486 -0.1575 -0.5684, -0.4989 -0.1575 -0.5424, -0.6861 -0.1575 -0.7759, -0.7081 -0.1575 -0.7667, -0.7983 -0.1575 -0.8818, -0.7137 -0.1575 -0.7624, -0.8268 -0.1575 -0.87, -0.8512 -0.1575 -0.8512, -0.7744 -0.1575 -0.5672, -0.7621 -0.1575 -0.5462, -0.7551 -0.1575 -0.5343, -0.7426 -0.1575 -0.5213, -0.73 -0.1575 -0.5083, -0.6917 -0.1575 -0.4856, -0.6627 -0.1575 -0.4764, -0.6586 -0.1575 -0.4751, -0.6327 -0.1575 -0.4732, -0.4184 -0.1575 -0.2591, -0.5461 -0.1575 -0.4974, -0.5206 -0.1575 -0.5166, -0.475 -0.1575 -0.6571, -0.4835 -0.1575 -0.6864, -0.6241 -0.1575 -0.4726, -0.6028 -0.1575 -0.476, -0.4837 -0.1575 -0.0904, -0.5864 -0.1575 -0.4786, -0.4589 -0.1575 -0.1778, -0.5737 -0.1575 -0.4839, -0.5516 -0.1575 -0.4933, -0.4771 -0.1575 -0.5973, -0.473 -0.1575 -0.6166, -0.4734 -0.1575 -0.627, -0.4746 -0.1575 -0.6556, -0.4852 -0.1575 -0.692, -0.4978 -0.1575 -0.7136, -0.5044 -0.1575 -0.725, -0.5173 -0.1575 -0.7385, -0.5303 -0.1575 -0.7519, 0.1378 -0.1575 -1.9291, -0.0 -0.1575 -2.0669, 0.1331 -0.1575 -1.9648, 0.1193 -0.1575 -1.998, 0.6271 -0.1575 -0.7864, 0.5979 -0.1575 -0.7841, 0.1378 -0.1575 -0.8858, 0.5682 -0.1575 -0.7741, 0.0357 -0.1575 -2.0622, 0.0689 -0.1575 -2.0485, 0.0974 -0.1575 -2.0266, 0.6368 -0.1575 -0.7872, 0.7677 -0.1575 -0.8858, 0.657 -0.1575 -0.7838, 0.562 -0.1575 -0.772, 0.5415 -0.1575 -0.7589, 0.5298 -0.1575 -0.7515, 0.5173 -0.1575 -0.7385, 0.5048 -0.1575 -0.7255, 0.4978 -0.1575 -0.7136, 0.6029 -0.1575 -0.476, 0.5835 -0.1575 -0.4794, 0.4837 -0.1575 -0.0904, 0.4589 -0.1575 -0.1778, 0.7983 -0.1575 -0.8818, 0.6861 -0.1575 -0.776, 0.6756 -0.1575 -0.7806, 0.4847 -0.1575 -0.691, 0.4835 -0.1575 -0.6864, 0.4753 -0.1575 -0.6571, 0.4742 -0.1575 -0.653, 0.3637 -0.1575 -0.3315, 0.2966 -0.1575 -0.3927, 0.5005 -0.1575 -0.5413, 0.5206 -0.1575 -0.5166, 0.5458 -0.1575 -0.497, 0.4184 -0.1575 -0.2591, 0.5473 -0.1575 -0.4958, 0.5737 -0.1575 -0.4839, 0.6628 -0.1575 -0.4761, 0.6917 -0.1575 -0.4857, 0.762 -0.1575 -0.5462, 0.7754 -0.1575 -0.5695, 0.7765 -0.1575 -0.5734, 0.7845 -0.1575 -0.6028, 0.7858 -0.1575 -0.6075, 0.8858 -0.1575 -0.7677, 0.7867 -0.1575 -0.6328, 0.787 -0.1575 -0.6412, 0.7828 -0.1575 -0.6626, 0.7797 -0.1575 -0.6787, 0.7738 -0.1575 -0.6914, 0.8818 -0.1575 -0.7983, 0.7637 -0.1575 -0.713, 0.87 -0.1575 -0.8268, 0.7593 -0.1575 -0.7185, 0.8512 -0.1575 -0.8512, 0.7392 -0.1575 -0.7433, 0.8268 -0.1575 -0.87, 0.714 -0.1575 -0.7628, 0.712 -0.1575 -0.7644, 0.6223 -0.1575 -0.4727, 0.6327 -0.1575 -0.4734, 0.6613 -0.1575 -0.4756, 0.6972 -0.1575 -0.4875, 0.7184 -0.1575 -0.5009, 0.7295 -0.1575 -0.5079, 0.7425 -0.1575 -0.5214, 0.7555 -0.1575 -0.5349, 0.4732 -0.1575 -0.627, 0.4729 -0.1575 -0.6184, 0.0454 -0.1575 -0.49, 0.477 -0.1575 -0.5972, 0.1347 -0.1575 -0.4733, 0.4802 -0.1575 -0.5809, 0.2194 -0.1575 -0.4405, 0.4861 -0.1575 -0.5684, 0.4962 -0.1575 -0.5466, -0.7677 -0.0591 -0.8858, -0.1378 -0.0591 -0.8858, 0.8858 -0.0591 -0.7677, 0.8858 -0.0591 0.7677, 0.7677 -0.0591 -0.8858, 0.1378 -0.0591 -0.8858, -0.8858 -0.0591 0.7677, -0.8858 -0.0591 -0.7677, 0.7677 -0.0591 0.8858, -0.7677 -0.0591 0.8858, -0.3637 -0.0591 -0.3315, -0.2966 -0.0591 -0.3927, -0.2194 -0.0591 -0.4405, -0.1347 -0.0591 -0.4733, -0.0454 -0.0591 -0.49, 0.4589 -0.0591 -0.1778, 0.4837 -0.0591 -0.0904, 0.4921 -0.0591 0.0, 0.4837 -0.0591 0.0904, 0.2966 -0.0591 0.3927, 0.2194 -0.0591 0.4405, 0.0454 -0.0591 -0.49, 0.1347 -0.0591 -0.4733, 0.8268 -0.0591 0.87, 0.8512 -0.0591 0.8512, 0.3637 -0.0591 0.3315, 0.1347 -0.0591 0.4733, 0.0454 -0.0591 0.49, -0.0454 -0.0591 0.49, -0.1347 -0.0591 0.4733, -0.4184 -0.0591 -0.2591, -0.1378 -0.0591 -1.9291, 0.1378 -0.0591 -1.9291, 0.1331 -0.0591 -1.9648, -0.0689 -0.0591 -2.0485, -0.0974 -0.0591 -2.0266, -0.1193 -0.0591 -1.998, -0.4184 -0.0591 0.2591, -0.3637 -0.0591 0.3315, -0.8818 -0.0591 0.7983, -0.2966 -0.0591 0.3927, 0.8512 -0.0591 -0.8512, 0.3637 -0.0591 -0.3315, 0.87 -0.0591 -0.8268, 0.8818 -0.0591 -0.7983, 0.4184 -0.0591 -0.2591, 0.7983 -0.0591 0.8818, 0.4589 -0.0591 0.1778, 0.4184 -0.0591 0.2591, 0.8818 -0.0591 0.7983, 0.87 -0.0591 0.8268, 0.1193 -0.0591 -1.998, 0.0974 -0.0591 -2.0266, 0.0689 -0.0591 -2.0485, -0.1331 -0.0591 -1.9648, -0.0357 -0.0591 -2.0622, -0.87 -0.0591 0.8268, -0.8512 -0.0591 0.8512, -0.8268 -0.0591 0.87, -0.4589 -0.0591 0.1778, -0.4837 -0.0591 0.0904, -0.4921 -0.0591 0.0, -0.4589 -0.0591 -0.1778, -0.7983 -0.0591 -0.8818, 0.0357 -0.0591 -2.0622, -0.0 -0.0591 -2.0669, -0.2194 -0.0591 0.4405, -0.7983 -0.0591 0.8818, 0.2194 -0.0591 -0.4405, 0.2966 -0.0591 -0.3927, 0.7983 -0.0591 -0.8818, 0.8268 -0.0591 -0.87, -0.8268 -0.0591 -0.87, -0.8512 -0.0591 -0.8512, -0.87 -0.0591 -0.8268, -0.4837 -0.0591 -0.0904, -0.8818 -0.0591 -0.7983, -0.8818 -0.0591 -0.7983
            ]
        }
        coordIndex [
            0,1,2,-1,2,1,3,-1,4,5,6,-1,6,5,7,-1,8,9,10,-1,10,9,11,-1,12,13,14,-1,14,13,15,-1,16,17,18,-1,18,17,19,-1,18,19,20,-1,21,22,23,-1,24,25,26,-1,26,25,27,-1,27,25,28,-1,28,25,29,-1,28,29,30,-1,31,32,33,-1,31,34,32,-1,32,34,35,-1,32,35,36,-1,36,35,37,-1,36,37,38,-1,38,37,23,-1,23,37,39,-1,23,39,21,-1,20,40,18,-1,18,40,41,-1,18,41,42,-1,42,41,43,-1,42,43,44,-1,44,43,45,-1,44,45,46,-1,46,45,47,-1,46,47,48,-1,48,47,49,-1,48,49,50,-1,49,51,50,-1,50,51,52,-1,50,52,33,-1,33,52,53,-1,33,53,31,-1,54,55,56,-1,56,55,57,-1,57,58,56,-1,56,58,59,-1,56,59,60,-1,60,59,61,-1,61,62,60,-1,60,62,63,-1,60,63,64,-1,30,29,65,-1,65,29,66,-1,65,66,67,-1,68,18,69,-1,69,18,25,-1,69,25,70,-1,70,25,24,-1,71,72,56,-1,56,72,73,-1,56,73,74,-1,74,75,56,-1,56,75,76,-1,56,76,77,-1,77,78,56,-1,56,78,79,-1,56,79,54,-1,64,80,60,-1,60,80,81,-1,60,81,82,-1,82,81,83,-1,82,83,84,-1,84,83,67,-1,84,67,85,-1,85,67,66,-1,68,86,18,-1,18,86,87,-1,18,87,88,-1,88,89,18,-1,18,89,90,-1,18,90,16,-1,21,71,22,-1,22,71,56,-1,22,56,91,-1,91,56,92,-1,93,94,95,-1,95,94,96,-1,95,96,97,-1,93,95,98,-1,98,95,99,-1,98,99,100,-1,100,101,98,-1,98,101,102,-1,98,102,103,-1,104,105,106,-1,106,105,107,-1,106,107,96,-1,96,107,108,-1,96,108,109,-1,103,110,98,-1,98,110,111,-1,98,111,112,-1,112,113,98,-1,98,113,114,-1,98,114,115,-1,116,117,98,-1,98,117,118,-1,98,118,119,-1,119,118,120,-1,119,120,121,-1,122,123,124,-1,124,123,119,-1,124,119,125,-1,125,119,121,-1,109,126,96,-1,96,126,127,-1,96,127,97,-1,115,128,98,-1,98,128,129,-1,98,129,116,-1,130,131,106,-1,106,131,132,-1,106,132,104,-1,56,133,134,-1,106,92,130,-1,130,92,56,-1,130,56,135,-1,135,56,134,-1,136,137,138,-1,139,140,141,-1,141,142,139,-1,139,142,143,-1,139,143,144,-1,145,146,138,-1,138,146,147,-1,138,147,148,-1,149,150,151,-1,151,150,152,-1,151,152,153,-1,153,152,154,-1,153,154,155,-1,155,154,156,-1,155,156,157,-1,157,156,158,-1,157,158,139,-1,139,158,159,-1,139,159,140,-1,144,160,139,-1,139,160,161,-1,139,161,162,-1,162,163,139,-1,139,163,164,-1,139,164,56,-1,56,164,165,-1,56,165,133,-1,137,166,138,-1,138,166,167,-1,138,167,168,-1,168,169,138,-1,138,169,170,-1,138,170,171,-1,172,173,174,-1,175,176,172,-1,172,176,177,-1,171,178,138,-1,138,178,179,-1,138,179,180,-1,180,181,138,-1,138,181,182,-1,138,182,145,-1,148,183,138,-1,138,183,184,-1,138,184,172,-1,172,184,185,-1,172,185,173,-1,174,186,172,-1,172,186,187,-1,172,187,175,-1,177,188,172,-1,172,188,189,-1,172,189,149,-1,149,189,190,-1,149,190,150,-1,191,192,138,-1,193,194,195,-1,196,195,197,-1,197,195,198,-1,197,198,199,-1,198,200,201,-1,202,203,204,-1,204,203,205,-1,201,206,198,-1,198,206,207,-1,198,207,199,-1,205,203,208,-1,208,203,209,-1,208,209,210,-1,194,211,195,-1,195,211,212,-1,195,212,213,-1,213,214,195,-1,195,214,215,-1,195,215,216,-1,216,215,217,-1,216,217,218,-1,210,209,219,-1,219,209,220,-1,219,220,221,-1,222,138,223,-1,223,138,203,-1,223,203,224,-1,224,203,202,-1,225,226,227,-1,228,229,230,-1,230,229,231,-1,230,231,232,-1,232,231,226,-1,232,226,233,-1,233,226,225,-1,218,234,216,-1,216,234,235,-1,216,235,236,-1,236,235,237,-1,236,237,238,-1,238,237,221,-1,238,221,239,-1,239,221,220,-1,222,240,138,-1,138,240,241,-1,138,241,242,-1,242,243,138,-1,138,243,244,-1,138,244,191,-1,192,245,138,-1,138,245,246,-1,138,246,247,-1,247,248,138,-1,138,248,122,-1,138,122,136,-1,136,122,124,-1,249,250,227,-1,227,250,251,-1,227,251,225,-1,252,253,195,-1,248,254,122,-1,122,254,255,-1,122,255,256,-1,256,255,257,-1,256,257,258,-1,258,257,259,-1,258,259,249,-1,249,259,260,-1,249,260,250,-1,230,261,228,-1,228,261,262,-1,228,262,196,-1,196,262,263,-1,196,263,195,-1,195,263,264,-1,195,264,252,-1,253,265,195,-1,195,265,266,-1,195,266,267,-1,267,268,195,-1,195,268,269,-1,195,269,193,-1,270,271,272,-1,272,271,273,-1,274,275,276,-1,276,275,277,-1,278,279,271,-1,271,279,280,-1,271,280,273,-1,274,276,281,-1,281,276,282,-1,281,282,283,-1,277,284,276,-1,276,284,285,-1,276,285,286,-1,286,287,276,-1,276,287,288,-1,276,288,289,-1,290,42,291,-1,291,42,292,-1,291,292,293,-1,294,295,282,-1,282,295,296,-1,282,296,283,-1,289,297,276,-1,276,297,298,-1,276,298,299,-1,299,300,276,-1,276,300,196,-1,276,196,270,-1,270,196,197,-1,270,197,271,-1,301,302,303,-1,303,304,301,-1,301,304,305,-1,301,305,306,-1,306,305,307,-1,306,307,293,-1,293,307,308,-1,293,308,291,-1,309,310,18,-1,311,312,18,-1,18,312,313,-1,313,314,18,-1,18,314,315,-1,18,315,316,-1,315,317,316,-1,316,317,318,-1,316,318,319,-1,319,320,316,-1,316,320,321,-1,316,321,322,-1,322,321,323,-1,322,323,324,-1,324,323,325,-1,324,325,326,-1,326,325,327,-1,326,327,328,-1,328,327,329,-1,328,329,294,-1,294,329,330,-1,294,330,295,-1,290,331,42,-1,42,331,332,-1,42,332,18,-1,18,332,333,-1,18,333,309,-1,310,334,18,-1,18,334,335,-1,18,335,336,-1,336,337,18,-1,18,337,338,-1,18,338,311,-1,300,339,196,-1,196,339,340,-1,196,340,341,-1,341,340,342,-1,341,342,343,-1,343,342,344,-1,343,344,345,-1,345,344,346,-1,345,346,302,-1,302,346,347,-1,302,347,303,-1,348,349,216,-1,216,349,195,-1,316,350,18,-1,18,350,351,-1,18,351,25,-1,282,276,352,-1,352,276,353,-1,172,354,138,-1,138,354,355,-1,138,355,203,-1,60,356,56,-1,56,356,357,-1,56,357,139,-1,353,358,359,-1,359,360,353,-1,353,360,361,-1,353,361,362,-1,363,364,350,-1,350,364,365,-1,350,365,351,-1,351,365,366,-1,356,367,368,-1,362,369,353,-1,353,369,370,-1,353,370,352,-1,371,372,373,-1,368,374,356,-1,356,374,375,-1,356,375,357,-1,357,375,376,-1,357,376,377,-1,378,358,349,-1,349,358,353,-1,349,353,379,-1,379,353,380,-1,379,380,381,-1,382,383,384,-1,385,354,386,-1,386,354,387,-1,386,387,388,-1,389,390,391,-1,391,390,392,-1,392,390,350,-1,350,390,393,-1,350,393,363,-1,367,356,373,-1,373,356,394,-1,373,394,371,-1,366,395,351,-1,351,395,396,-1,351,396,397,-1,397,396,373,-1,397,373,398,-1,398,373,372,-1,381,399,379,-1,379,399,400,-1,379,400,401,-1,384,402,382,-1,382,402,379,-1,382,379,403,-1,387,404,388,-1,388,404,405,-1,388,405,406,-1,385,407,354,-1,354,407,408,-1,354,408,355,-1,355,408,409,-1,378,349,410,-1,410,349,348,-1,410,348,411,-1,401,412,379,-1,379,412,413,-1,379,413,403,-1,377,414,357,-1,357,414,388,-1,357,388,415,-1,415,388,406,-1,370,416,352,-1,352,416,417,-1,352,417,418,-1,418,417,390,-1,418,390,419,-1,419,390,389,-1,411,420,410,-1,410,420,421,-1,410,421,422,-1,409,423,355,-1,355,423,410,-1,355,410,424,-1,424,410,422,-1,375,22,376,-1,376,22,91,-1,376,91,377,-1,377,91,92,-1,377,92,414,-1,414,92,106,-1,414,106,388,-1,388,106,96,-1,388,96,386,-1,386,96,94,-1,386,94,385,-1,385,94,93,-1,385,93,407,-1,407,93,98,-1,407,98,408,-1,408,98,119,-1,408,119,409,-1,409,119,123,-1,409,123,423,-1,123,122,423,-1,423,122,256,-1,423,256,410,-1,410,256,258,-1,410,258,378,-1,378,258,249,-1,378,249,358,-1,358,249,227,-1,358,227,359,-1,359,227,226,-1,359,226,360,-1,360,226,231,-1,360,231,361,-1,361,231,229,-1,361,229,362,-1,229,228,362,-1,362,228,196,-1,362,196,369,-1,369,196,341,-1,369,341,370,-1,370,341,343,-1,370,343,416,-1,416,343,345,-1,416,345,417,-1,417,345,302,-1,417,302,390,-1,390,302,301,-1,390,301,393,-1,393,301,306,-1,393,306,363,-1,363,306,293,-1,363,293,364,-1,293,292,364,-1,364,292,42,-1,364,42,365,-1,365,42,44,-1,365,44,366,-1,366,44,46,-1,366,46,395,-1,395,46,48,-1,395,48,396,-1,396,48,50,-1,396,50,373,-1,373,50,33,-1,373,33,367,-1,367,33,32,-1,367,32,368,-1,368,32,36,-1,368,36,374,-1,374,36,38,-1,374,38,375,-1,375,38,23,-1,375,23,22,-1,380,353,270,-1,270,353,276,-1,198,195,379,-1,379,195,349,-1,
        ]
    }
}
Shape{
    appearance Appearance {
        material  Material 	{
            diffuseColor 0.25098039215686274 0.25098039215686274 0.25098039215686274
            specularColor 0.12549019607843137 0.12549019607843137 0.12549019607843137
            ambientIntensity 0.2
            transparency 0
            shininess 0.5
        }
    }
    geometry IndexedFaceSet {
        ccw TRUE
        solid FALSE
        coord DEF co Coordinate {
            point [
                -0.5909 -0.2268 0.5683, -0.5773 -0.2189 0.5467, -0.5616 -0.2189 0.5591, -0.5914 -0.2322 0.6035, -0.5869 -0.2322 0.6116, -0.6299 -0.2362 0.6299, -0.6049 -0.2322 0.5904, -0.5793 -0.2268 0.5774, -0.5975 -0.2322 0.5963, -0.5487 -0.2189 0.5743, -0.5833 -0.2322 0.6293, -0.584 -0.2322 0.6383, -0.5865 -0.2322 0.6471, -0.5843 -0.2322 0.6202, -0.5963 -0.2322 0.6624, -0.6034 -0.2322 0.6682, -0.6115 -0.2322 0.6724, -0.5905 -0.2322 0.6552, -0.6292 -0.2322 0.676, -0.6383 -0.2322 0.6753, -0.6472 -0.2189 0.7263, -0.647 -0.2322 0.673, -0.6202 -0.2322 0.675, -0.6982 -0.2189 0.7008, -0.7108 -0.2189 0.6858, -0.6682 -0.2322 0.6566, -0.6724 -0.2322 0.6486, -0.7277 -0.2189 0.6318, -0.7263 -0.2189 0.6129, -0.6753 -0.2322 0.6218, -0.673 -0.2322 0.613, -0.6689 -0.2189 0.5396, -0.6508 -0.2189 0.5338, -0.64 -0.2322 0.5844, -0.5946 -0.2189 0.5381, -0.6131 -0.2322 0.5863, -0.613 -0.2189 0.533, -0.631 -0.2322 0.5833, -0.7213 -0.2189 0.5945, -0.7128 -0.2189 0.5772, -0.6691 -0.2322 0.6048, -0.6636 -0.2322 0.5975, -0.6828 -0.2189 0.7128, -0.6624 -0.2322 0.6636, -0.6656 -0.2189 0.7213, -0.6552 -0.2322 0.6691, -0.7256 -0.2189 0.6507, -0.676 -0.2322 0.6309, -0.72 -0.2189 0.6689, -0.675 -0.2322 0.6399, -0.6858 -0.2189 0.5489, -0.6486 -0.2322 0.5871, -0.7008 -0.2189 0.5616, -0.6566 -0.2322 0.5915, -0.7596 -0.1629 0.7188, -0.7597 -0.1575 0.7189, -0.7625 -0.1575 0.7149, -0.7745 -0.1629 0.6917, -0.7736 -0.1575 0.6944, -0.7746 -0.1575 0.6918, -0.7836 -0.1629 0.6628, -0.7815 -0.1575 0.6725, -0.7832 -0.1575 0.6659, -0.7837 -0.1575 0.6628, -0.787 -0.1629 0.6328, -0.7869 -0.1575 0.6427, -0.7869 -0.1575 0.6328, -0.787 -0.1575 0.6194, -0.7847 -0.1629 0.6027, -0.7865 -0.1575 0.6132, -0.7766 -0.1575 0.5734, -0.7766 -0.1629 0.5734, -0.7823 -0.1575 0.5902, -0.7846 -0.1575 0.6027, -0.7749 -0.1575 0.5683, -0.7722 -0.1575 0.5623, -0.7627 -0.1629 0.5458, -0.7462 -0.1575 0.5237, -0.7431 -0.1629 0.5208, -0.7606 -0.1575 0.542, -0.7628 -0.1575 0.5458, -0.7433 -0.1575 0.5206, -0.7418 -0.1575 0.5191, -0.7188 -0.1629 0.5003, -0.7243 -0.1575 0.5038, -0.7188 -0.1575 0.5003, -0.6917 -0.1629 0.4854, -0.7047 -0.1575 0.4913, -0.6989 -0.1575 0.4883, -0.6917 -0.1575 0.4855, -0.6628 -0.1629 0.4762, -0.6772 -0.1575 0.4797, -0.6478 -0.1575 0.4735, -0.6328 -0.1629 0.4728, -0.6545 -0.1575 0.4744, -0.6627 -0.1575 0.4763, -0.6027 -0.1575 0.4749, -0.6027 -0.1629 0.4751, -0.6244 -0.1575 0.4726, -0.6328 -0.1575 0.4729, -0.6012 -0.1575 0.4751, -0.5953 -0.1575 0.4763, -0.5734 -0.1629 0.4832, -0.573 -0.1575 0.4831, -0.5458 -0.1629 0.4971, -0.5521 -0.1575 0.493, -0.5462 -0.1575 0.4965, -0.5208 -0.1629 0.5168, -0.5273 -0.1575 0.5105, -0.5209 -0.1575 0.5168, -0.5108 -0.1575 0.5269, -0.5003 -0.1629 0.541, -0.507 -0.1575 0.5315, -0.4853 -0.1575 0.5681, -0.4854 -0.1629 0.5681, -0.4938 -0.1575 0.5507, -0.5004 -0.1575 0.5411, -0.4836 -0.1575 0.5716, -0.4813 -0.1575 0.5779, -0.4762 -0.1629 0.5971, -0.4726 -0.1575 0.6238, -0.4728 -0.1629 0.6271, -0.4752 -0.1575 0.6006, -0.4761 -0.1575 0.5971, -0.4725 -0.1575 0.6271, -0.4725 -0.1575 0.6302, -0.4751 -0.1629 0.6571, -0.4742 -0.1575 0.6536, -0.4751 -0.1575 0.6571, -0.4832 -0.1629 0.6864, -0.4794 -0.1575 0.6762, -0.4813 -0.1575 0.682, -0.4832 -0.1575 0.6864, -0.4971 -0.1629 0.714, -0.4906 -0.1575 0.7034, -0.5071 -0.1575 0.7285, -0.5168 -0.1629 0.739, -0.5029 -0.1575 0.7231, -0.4972 -0.1575 0.7139, -0.5169 -0.1575 0.739, -0.523 -0.1575 0.7456, -0.541 -0.1629 0.7596, -0.5412 -0.1575 0.7601, -0.5464 -0.1575 0.7635, -0.5681 -0.1629 0.7745, -0.567 -0.1575 0.7743, -0.5971 -0.1629 0.7836, -0.589 -0.1575 0.782, -0.5956 -0.1575 0.7836, -0.597 -0.1575 0.7838, -0.6271 -0.1629 0.787, -0.6189 -0.1575 0.787, -0.6271 -0.1575 0.787, -0.6571 -0.1629 0.7847, -0.6422 -0.1575 0.7869, -0.6483 -0.1575 0.7863, -0.6864 -0.1575 0.7766, -0.6864 -0.1629 0.7766, -0.6713 -0.1575 0.7819, -0.6571 -0.1575 0.7846, -0.6931 -0.1575 0.7742, -0.6991 -0.1575 0.7714, -0.714 -0.1629 0.7627, -0.714 -0.1575 0.7627, -0.7192 -0.1575 0.7597, -0.739 -0.1629 0.7431, -0.7392 -0.1575 0.7433, -0.7548 -0.1575 0.7259, -0.7384 -0.168 0.7424, -0.7128 -0.173 0.7608, -0.7135 -0.168 0.762, -0.6856 -0.173 0.7744, -0.6861 -0.168 0.7758, -0.6567 -0.173 0.7824, -0.657 -0.168 0.7838, -0.6271 -0.173 0.7847, -0.6271 -0.168 0.7861, -0.5976 -0.173 0.7813, -0.5973 -0.168 0.7827, -0.569 -0.173 0.7723, -0.5685 -0.168 0.7736, -0.5424 -0.173 0.7576, -0.5415 -0.168 0.7589, -0.5185 -0.173 0.7374, -0.5174 -0.168 0.7384, -0.4991 -0.173 0.7128, -0.4979 -0.168 0.7135, -0.4854 -0.173 0.6856, -0.4841 -0.168 0.6861, -0.4774 -0.173 0.6567, -0.476 -0.168 0.657, -0.4751 -0.173 0.6271, -0.4737 -0.168 0.6271, -0.4785 -0.173 0.5976, -0.4771 -0.168 0.5973, -0.4875 -0.173 0.569, -0.4862 -0.168 0.5685, -0.5022 -0.173 0.5424, -0.501 -0.168 0.5416, -0.5224 -0.173 0.5185, -0.5214 -0.168 0.5174, -0.5471 -0.173 0.4991, -0.5463 -0.168 0.4978, -0.5743 -0.173 0.4854, -0.5737 -0.168 0.4841, -0.6031 -0.173 0.4774, -0.6029 -0.168 0.476, -0.6328 -0.173 0.4751, -0.6328 -0.168 0.4737, -0.6623 -0.173 0.4785, -0.6626 -0.168 0.4771, -0.6908 -0.173 0.4875, -0.6914 -0.168 0.4862, -0.7175 -0.173 0.5022, -0.7183 -0.168 0.501, -0.7414 -0.173 0.5224, -0.7424 -0.168 0.5214, -0.7608 -0.173 0.5471, -0.762 -0.168 0.5463, -0.7744 -0.173 0.5743, -0.7758 -0.168 0.5737, -0.7824 -0.173 0.6031, -0.7838 -0.168 0.6029, -0.7847 -0.173 0.6327, -0.7861 -0.168 0.6328, -0.7813 -0.173 0.6623, -0.7827 -0.168 0.6626, -0.7723 -0.173 0.6908, -0.7736 -0.168 0.6914, -0.7576 -0.173 0.7175, -0.7589 -0.168 0.7183, -0.7374 -0.173 0.7414, -0.7117 -0.1777 0.7591, -0.7089 -0.1865 0.7545, -0.6849 -0.1777 0.7725, -0.683 -0.1865 0.7674, -0.6564 -0.1777 0.7804, -0.6555 -0.1865 0.775, -0.6272 -0.1777 0.7827, -0.6273 -0.1865 0.7772, -0.598 -0.1777 0.7793, -0.5991 -0.1865 0.774, -0.5698 -0.1777 0.7704, -0.5719 -0.1865 0.7654, -0.5435 -0.1777 0.756, -0.5465 -0.1865 0.7515, -0.5199 -0.1777 0.736, -0.5238 -0.1865 0.7323, -0.5008 -0.1777 0.7117, -0.5054 -0.1865 0.7089, -0.4873 -0.1777 0.6849, -0.4923 -0.1865 0.683, -0.4794 -0.1777 0.6564, -0.4847 -0.1865 0.6555, -0.4771 -0.1777 0.6272, -0.4826 -0.1865 0.6273, -0.4804 -0.1777 0.598, -0.4857 -0.1865 0.5991, -0.4893 -0.1777 0.5698, -0.4943 -0.1865 0.5719, -0.5038 -0.1777 0.5435, -0.5083 -0.1865 0.5466, -0.5238 -0.1777 0.5199, -0.5276 -0.1865 0.5238, -0.5481 -0.1777 0.5007, -0.551 -0.1865 0.5053, -0.575 -0.1777 0.4872, -0.5769 -0.1865 0.4923, -0.6035 -0.1777 0.4794, -0.6044 -0.1865 0.4847, -0.6327 -0.1777 0.4771, -0.6326 -0.1865 0.4826, -0.6619 -0.1777 0.4805, -0.6608 -0.1865 0.4858, -0.6901 -0.1777 0.4894, -0.688 -0.1865 0.4944, -0.7164 -0.1777 0.5038, -0.7133 -0.1865 0.5083, -0.74 -0.1777 0.5238, -0.7361 -0.1865 0.5276, -0.7591 -0.1777 0.5481, -0.7545 -0.1865 0.551, -0.7725 -0.1777 0.575, -0.7674 -0.1865 0.5769, -0.7804 -0.1777 0.6035, -0.775 -0.1865 0.6044, -0.7827 -0.1777 0.6327, -0.7772 -0.1865 0.6326, -0.7793 -0.1777 0.6619, -0.774 -0.1865 0.6608, -0.7704 -0.1777 0.6901, -0.7654 -0.1865 0.688, -0.756 -0.1777 0.7164, -0.7515 -0.1865 0.7133, -0.736 -0.1777 0.74, -0.7323 -0.1865 0.7361, -0.6274 -0.1945 0.7699, -0.6543 -0.1945 0.7678, -0.6528 -0.2017 0.7591, -0.6804 -0.1945 0.7607, -0.6774 -0.2017 0.7524, -0.705 -0.1945 0.7483, -0.7004 -0.2017 0.7409, -0.7273 -0.1945 0.7309, -0.7212 -0.2017 0.7246, -0.7455 -0.1945 0.7093, -0.7383 -0.2017 0.7044, -0.7587 -0.1945 0.6852, -0.7506 -0.2017 0.6818, -0.7669 -0.1945 0.6593, -0.7582 -0.2017 0.6575, -0.7699 -0.1945 0.6325, -0.7509 -0.2082 0.6322, -0.7591 -0.2017 0.6071, -0.7492 -0.2082 0.6089, -0.7524 -0.2017 0.5826, -0.743 -0.2082 0.5862, -0.7409 -0.2017 0.5595, -0.7324 -0.2082 0.5648, -0.7246 -0.2017 0.5386, -0.7174 -0.2082 0.5456, -0.7044 -0.2017 0.5215, -0.6988 -0.2082 0.5298, -0.6818 -0.2018 0.5091, -0.6779 -0.2082 0.5183, -0.6575 -0.2018 0.5014, -0.6555 -0.2082 0.5112, -0.6324 -0.2018 0.4985, -0.6323 -0.2082 0.5085, -0.6072 -0.2018 0.5004, -0.6089 -0.2082 0.5103, -0.5827 -0.2018 0.5072, -0.5863 -0.2082 0.5165, -0.5596 -0.2018 0.5188, -0.5649 -0.2082 0.5273, -0.5386 -0.2017 0.5352, -0.5456 -0.2082 0.5425, -0.5214 -0.2018 0.5556, -0.5297 -0.2082 0.5612, -0.509 -0.2018 0.5782, -0.5182 -0.2082 0.5822, -0.5013 -0.2018 0.6025, -0.5111 -0.2082 0.6046, -0.4985 -0.2018 0.6276, -0.5085 -0.2082 0.6278, -0.5005 -0.2018 0.6528, -0.5104 -0.2082 0.6511, -0.5072 -0.2018 0.6774, -0.5166 -0.2082 0.6738, -0.5188 -0.2017 0.7004, -0.5273 -0.2082 0.6951, -0.5352 -0.2017 0.7212, -0.5425 -0.2082 0.7143, -0.5555 -0.2017 0.7383, -0.5612 -0.2082 0.73, -0.5782 -0.2017 0.7506, -0.5821 -0.2082 0.7413, -0.6025 -0.2017 0.7582, -0.6046 -0.2082 0.7483, -0.6278 -0.2082 0.7509, -0.7678 -0.1945 0.6056, -0.7607 -0.1945 0.5795, -0.7483 -0.1945 0.5548, -0.7309 -0.1945 0.5326, -0.7093 -0.1945 0.5143, -0.6852 -0.1945 0.501, -0.6593 -0.1945 0.4928, -0.6325 -0.1945 0.4898, -0.6057 -0.1945 0.4918, -0.5795 -0.1945 0.499, -0.5549 -0.1945 0.5114, -0.5326 -0.1945 0.529, -0.5142 -0.1945 0.5506, -0.5009 -0.1945 0.5748, -0.4928 -0.1945 0.6007, -0.4898 -0.1945 0.6274, -0.4918 -0.1945 0.6543, -0.4991 -0.1945 0.6804, -0.5114 -0.1945 0.705, -0.529 -0.1945 0.7273, -0.5506 -0.1945 0.7455, -0.5747 -0.1945 0.7587, -0.6006 -0.1945 0.7669, -0.6511 -0.2082 0.7492, -0.6738 -0.2082 0.743, -0.6951 -0.2082 0.7324, -0.7143 -0.2082 0.7174, -0.73 -0.2082 0.6988, -0.7413 -0.2082 0.6779, -0.7483 -0.2082 0.6555, -0.6319 -0.2189 0.5316, -0.6219 -0.2322 0.5839, -0.6283 -0.2189 0.7277, -0.6094 -0.2189 0.7256, -0.5911 -0.2189 0.72, -0.5742 -0.2189 0.7108, -0.5591 -0.2189 0.6982, -0.5469 -0.2189 0.6828, -0.5382 -0.2189 0.6656, -0.5331 -0.2189 0.6472, -0.5316 -0.2189 0.6283, -0.5337 -0.2189 0.6094, -0.5394 -0.2189 0.5912, 0.5909 -0.2268 0.5683, 0.5773 -0.2189 0.5467, 0.5946 -0.2189 0.5381, 0.5487 -0.2189 0.5743, 0.5616 -0.2189 0.5591, 0.5793 -0.2268 0.5774, 0.6299 -0.2362 0.6299, 0.5869 -0.2322 0.6116, 0.5914 -0.2322 0.6035, 0.5843 -0.2322 0.6202, 0.5865 -0.2322 0.6471, 0.584 -0.2322 0.6383, 0.5833 -0.2322 0.6293, 0.5905 -0.2322 0.6552, 0.5394 -0.2189 0.5912, 0.5337 -0.2189 0.6094, 0.5316 -0.2189 0.6283, 0.5331 -0.2189 0.6472, 0.5382 -0.2189 0.6656, 0.5469 -0.2189 0.6828, 0.5591 -0.2189 0.6982, 0.6115 -0.2322 0.6724, 0.6034 -0.2322 0.6682, 0.5742 -0.2189 0.7108, 0.5963 -0.2322 0.6624, 0.6202 -0.2322 0.675, 0.647 -0.2322 0.673, 0.6383 -0.2322 0.6753, 0.6292 -0.2322 0.676, 0.6552 -0.2322 0.6691, 0.5911 -0.2189 0.72, 0.6094 -0.2189 0.7256, 0.6283 -0.2189 0.7277, 0.6472 -0.2189 0.7263, 0.6656 -0.2189 0.7213, 0.6828 -0.2189 0.7128, 0.6982 -0.2189 0.7008, 0.6049 -0.2322 0.5904, 0.6724 -0.2322 0.6486, 0.6682 -0.2322 0.6566, 0.7108 -0.2189 0.6858, 0.6624 -0.2322 0.6636, 0.675 -0.2322 0.6399, 0.673 -0.2322 0.613, 0.6753 -0.2322 0.6218, 0.676 -0.2322 0.6309, 0.6691 -0.2322 0.6048, 0.6486 -0.2322 0.5871, 0.6566 -0.2322 0.5915, 0.6636 -0.2322 0.5975, 0.64 -0.2322 0.5844, 0.6131 -0.2322 0.5863, 0.6219 -0.2322 0.5839, 0.631 -0.2322 0.5833, 0.7613 -0.1575 0.7168, 0.7596 -0.1629 0.7188, 0.7745 -0.1629 0.6917, 0.7836 -0.1629 0.6628, 0.7789 -0.1575 0.6811, 0.7738 -0.1575 0.6914, 0.7744 -0.1575 0.5672, 0.7763 -0.1575 0.5735, 0.7766 -0.1629 0.5734, 0.7852 -0.1575 0.6035, 0.7847 -0.1629 0.6027, 0.7864 -0.1575 0.6328, 0.787 -0.1629 0.6328, 0.7869 -0.1575 0.6425, 0.7827 -0.1575 0.6626, 0.7621 -0.1575 0.5462, 0.7627 -0.1629 0.5458, 0.7551 -0.1575 0.5343, 0.7431 -0.1629 0.5208, 0.7426 -0.1575 0.5213, 0.73 -0.1575 0.5083, 0.7188 -0.1629 0.5003, 0.7183 -0.1575 0.501, 0.6963 -0.1575 0.4871, 0.6917 -0.1629 0.4854, 0.6917 -0.1575 0.4856, 0.6628 -0.1629 0.4762, 0.6627 -0.1575 0.4764, 0.6328 -0.1629 0.4728, 0.6327 -0.1575 0.4732, 0.6586 -0.1575 0.4751, 0.5734 -0.1629 0.4832, 0.5864 -0.1575 0.4786, 0.6027 -0.1629 0.4751, 0.6028 -0.1575 0.476, 0.6241 -0.1575 0.4726, 0.5003 -0.1629 0.541, 0.5206 -0.1575 0.5166, 0.5208 -0.1629 0.5168, 0.5461 -0.1575 0.4974, 0.5458 -0.1629 0.4971, 0.5516 -0.1575 0.4933, 0.5737 -0.1575 0.4839, 0.4854 -0.1629 0.5681, 0.4989 -0.1575 0.5424, 0.5001 -0.1575 0.541, 0.4762 -0.1629 0.5971, 0.4812 -0.1575 0.5781, 0.486 -0.1575 0.5684, 0.4728 -0.1629 0.6271, 0.473 -0.1575 0.6166, 0.4771 -0.1575 0.5973, 0.4852 -0.1575 0.692, 0.4835 -0.1575 0.6864, 0.4832 -0.1629 0.6864, 0.475 -0.1575 0.6571, 0.4751 -0.1629 0.6571, 0.4746 -0.1575 0.6556, 0.4734 -0.1575 0.627, 0.4978 -0.1575 0.7136, 0.4971 -0.1629 0.714, 0.5044 -0.1575 0.725, 0.5168 -0.1629 0.739, 0.5173 -0.1575 0.7385, 0.5303 -0.1575 0.7519, 0.541 -0.1629 0.7596, 0.5415 -0.1575 0.7589, 0.5642 -0.1575 0.7731, 0.5681 -0.1629 0.7745, 0.5681 -0.1575 0.7743, 0.5971 -0.1629 0.7836, 0.5972 -0.1575 0.7834, 0.6271 -0.1629 0.787, 0.6271 -0.1575 0.7867, 0.6019 -0.1575 0.7849, 0.6864 -0.1629 0.7766, 0.6732 -0.1575 0.7813, 0.6571 -0.1629 0.7847, 0.657 -0.1575 0.7839, 0.6355 -0.1575 0.7873, 0.7596 -0.1575 0.7188, 0.7392 -0.1575 0.7433, 0.739 -0.1629 0.7431, 0.7137 -0.1575 0.7624, 0.714 -0.1629 0.7627, 0.7081 -0.1575 0.7667, 0.6861 -0.1575 0.7759, 0.7135 -0.168 0.762, 0.7374 -0.173 0.7414, 0.7384 -0.168 0.7424, 0.7576 -0.173 0.7175, 0.7589 -0.168 0.7183, 0.7723 -0.173 0.6908, 0.7736 -0.168 0.6914, 0.7813 -0.173 0.6623, 0.7827 -0.168 0.6626, 0.7847 -0.173 0.6327, 0.7861 -0.168 0.6328, 0.7824 -0.173 0.6031, 0.7838 -0.168 0.6029, 0.7744 -0.173 0.5743, 0.7758 -0.168 0.5737, 0.7608 -0.173 0.5471, 0.762 -0.168 0.5463, 0.7414 -0.173 0.5224, 0.7424 -0.168 0.5214, 0.7175 -0.173 0.5022, 0.7183 -0.168 0.501, 0.6908 -0.173 0.4875, 0.6914 -0.168 0.4862, 0.6623 -0.173 0.4785, 0.6626 -0.168 0.4771, 0.6328 -0.173 0.4751, 0.6328 -0.168 0.4737, 0.6031 -0.173 0.4774, 0.6029 -0.168 0.476, 0.5743 -0.173 0.4854, 0.5737 -0.168 0.4841, 0.5471 -0.173 0.4991, 0.5463 -0.168 0.4978, 0.5224 -0.173 0.5185, 0.5214 -0.168 0.5174, 0.5022 -0.173 0.5424, 0.501 -0.168 0.5416, 0.4875 -0.173 0.569, 0.4862 -0.168 0.5685, 0.4785 -0.173 0.5976, 0.4771 -0.168 0.5973, 0.4751 -0.173 0.6271, 0.4737 -0.168 0.6271, 0.4774 -0.173 0.6567, 0.476 -0.168 0.657, 0.4854 -0.173 0.6856, 0.4841 -0.168 0.6861, 0.4991 -0.173 0.7128, 0.4979 -0.168 0.7135, 0.5185 -0.173 0.7374, 0.5174 -0.168 0.7384, 0.5424 -0.173 0.7576, 0.5415 -0.168 0.7589, 0.569 -0.173 0.7723, 0.5685 -0.168 0.7736, 0.5976 -0.173 0.7813, 0.5973 -0.168 0.7827, 0.6271 -0.173 0.7847, 0.6271 -0.168 0.7861, 0.6567 -0.173 0.7824, 0.657 -0.168 0.7838, 0.6856 -0.173 0.7744, 0.6861 -0.168 0.7758, 0.7128 -0.173 0.7608, 0.7089 -0.1865 0.7545, 0.7117 -0.1777 0.7591, 0.683 -0.1865 0.7674, 0.6849 -0.1777 0.7725, 0.6555 -0.1865 0.775, 0.6564 -0.1777 0.7804, 0.6273 -0.1865 0.7772, 0.6272 -0.1777 0.7827, 0.5991 -0.1865 0.774, 0.598 -0.1777 0.7793, 0.5719 -0.1865 0.7654, 0.5698 -0.1777 0.7704, 0.5465 -0.1865 0.7515, 0.5435 -0.1777 0.756, 0.5238 -0.1865 0.7323, 0.5199 -0.1777 0.736, 0.5054 -0.1865 0.7089, 0.5008 -0.1777 0.7117, 0.4923 -0.1865 0.683, 0.4873 -0.1777 0.6849, 0.4847 -0.1865 0.6555, 0.4794 -0.1777 0.6564, 0.4826 -0.1865 0.6273, 0.4771 -0.1777 0.6272, 0.4857 -0.1865 0.5991, 0.4804 -0.1777 0.598, 0.4943 -0.1865 0.5719, 0.4893 -0.1777 0.5698, 0.5083 -0.1865 0.5466, 0.5038 -0.1777 0.5435, 0.5276 -0.1865 0.5238, 0.5238 -0.1777 0.5199, 0.551 -0.1865 0.5053, 0.5481 -0.1777 0.5007, 0.5769 -0.1865 0.4923, 0.575 -0.1777 0.4872, 0.6044 -0.1865 0.4847, 0.6035 -0.1777 0.4794, 0.6326 -0.1865 0.4826, 0.6327 -0.1777 0.4771, 0.6608 -0.1865 0.4858, 0.6619 -0.1777 0.4805, 0.688 -0.1865 0.4944, 0.6901 -0.1777 0.4894, 0.7133 -0.1865 0.5083, 0.7164 -0.1777 0.5038, 0.7361 -0.1865 0.5276, 0.74 -0.1777 0.5238, 0.7545 -0.1865 0.551, 0.7591 -0.1777 0.5481, 0.7674 -0.1865 0.5769, 0.7725 -0.1777 0.575, 0.775 -0.1865 0.6044, 0.7804 -0.1777 0.6035, 0.7772 -0.1865 0.6326, 0.7827 -0.1777 0.6327, 0.774 -0.1865 0.6608, 0.7793 -0.1777 0.6619, 0.7654 -0.1865 0.688, 0.7704 -0.1777 0.6901, 0.7515 -0.1865 0.7133, 0.756 -0.1777 0.7164, 0.7323 -0.1865 0.7361, 0.736 -0.1777 0.74, 0.7699 -0.1945 0.6325, 0.7669 -0.1945 0.6593, 0.7582 -0.2017 0.6575, 0.7587 -0.1945 0.6852, 0.7506 -0.2017 0.6818, 0.7455 -0.1945 0.7093, 0.7383 -0.2017 0.7044, 0.7273 -0.1945 0.7309, 0.7212 -0.2017 0.7246, 0.705 -0.1945 0.7483, 0.7004 -0.2017 0.7409, 0.6804 -0.1945 0.7607, 0.6774 -0.2017 0.7524, 0.6543 -0.1945 0.7678, 0.6528 -0.2017 0.7591, 0.6274 -0.1945 0.7699, 0.6278 -0.2082 0.7509, 0.6025 -0.2017 0.7582, 0.6046 -0.2082 0.7483, 0.5782 -0.2017 0.7506, 0.5821 -0.2082 0.7413, 0.5555 -0.2017 0.7383, 0.5612 -0.2082 0.73, 0.5352 -0.2017 0.7212, 0.5425 -0.2082 0.7143, 0.5188 -0.2017 0.7004, 0.5273 -0.2082 0.6951, 0.5072 -0.2018 0.6774, 0.5166 -0.2082 0.6738, 0.5005 -0.2018 0.6528, 0.5104 -0.2082 0.6511, 0.4985 -0.2018 0.6276, 0.5085 -0.2082 0.6278, 0.5013 -0.2018 0.6025, 0.5111 -0.2082 0.6046, 0.509 -0.2018 0.5782, 0.5182 -0.2082 0.5822, 0.5214 -0.2018 0.5556, 0.5297 -0.2082 0.5612, 0.5386 -0.2017 0.5352, 0.5456 -0.2082 0.5425, 0.5596 -0.2018 0.5188, 0.5649 -0.2082 0.5273, 0.5827 -0.2018 0.5072, 0.5863 -0.2082 0.5165, 0.6072 -0.2018 0.5004, 0.6089 -0.2082 0.5103, 0.6324 -0.2018 0.4985, 0.6323 -0.2082 0.5085, 0.6575 -0.2018 0.5014, 0.6555 -0.2082 0.5112, 0.6818 -0.2018 0.5091, 0.6779 -0.2082 0.5183, 0.7044 -0.2017 0.5215, 0.6988 -0.2082 0.5298, 0.7246 -0.2017 0.5386, 0.7174 -0.2082 0.5456, 0.7409 -0.2017 0.5595, 0.7324 -0.2082 0.5648, 0.7524 -0.2017 0.5826, 0.743 -0.2082 0.5862, 0.7591 -0.2017 0.6071, 0.7492 -0.2082 0.6089, 0.7509 -0.2082 0.6322, 0.6006 -0.1945 0.7669, 0.5747 -0.1945 0.7587, 0.5506 -0.1945 0.7455, 0.529 -0.1945 0.7273, 0.5114 -0.1945 0.705, 0.4991 -0.1945 0.6804, 0.4918 -0.1945 0.6543, 0.4898 -0.1945 0.6274, 0.4928 -0.1945 0.6007, 0.5009 -0.1945 0.5748, 0.5142 -0.1945 0.5506, 0.5326 -0.1945 0.529, 0.5549 -0.1945 0.5114, 0.5795 -0.1945 0.499, 0.6057 -0.1945 0.4918, 0.6325 -0.1945 0.4898, 0.6593 -0.1945 0.4928, 0.6852 -0.1945 0.501, 0.7093 -0.1945 0.5143, 0.7309 -0.1945 0.5326, 0.7483 -0.1945 0.5548, 0.7607 -0.1945 0.5795, 0.7678 -0.1945 0.6056, 0.7483 -0.2082 0.6555, 0.7413 -0.2082 0.6779, 0.73 -0.2082 0.6988, 0.7143 -0.2082 0.7174, 0.6951 -0.2082 0.7324, 0.6738 -0.2082 0.743, 0.6511 -0.2082 0.7492, 0.5975 -0.2322 0.5963, 0.72 -0.2189 0.6689, 0.7256 -0.2189 0.6507, 0.7277 -0.2189 0.6318, 0.7263 -0.2189 0.6129, 0.7213 -0.2189 0.5945, 0.7128 -0.2189 0.5772, 0.7008 -0.2189 0.5616, 0.6858 -0.2189 0.5489, 0.6689 -0.2189 0.5396, 0.6508 -0.2189 0.5338, 0.6319 -0.2189 0.5316, 0.613 -0.2189 0.533, 0.5909 -0.2268 -0.5683, 0.5773 -0.2189 -0.5467, 0.5616 -0.2189 -0.5591, 0.5914 -0.2322 -0.6035, 0.5869 -0.2322 -0.6116, 0.6299 -0.2362 -0.6299, 0.6049 -0.2322 -0.5904, 0.5793 -0.2268 -0.5774, 0.5975 -0.2322 -0.5963, 0.5487 -0.2189 -0.5743, 0.5833 -0.2322 -0.6293, 0.584 -0.2322 -0.6383, 0.5865 -0.2322 -0.6471, 0.5843 -0.2322 -0.6202, 0.5963 -0.2322 -0.6624, 0.6034 -0.2322 -0.6682, 0.6115 -0.2322 -0.6724, 0.5905 -0.2322 -0.6552, 0.6292 -0.2322 -0.676, 0.6383 -0.2322 -0.6753, 0.6472 -0.2189 -0.7263, 0.647 -0.2322 -0.673, 0.6202 -0.2322 -0.675, 0.6982 -0.2189 -0.7008, 0.7108 -0.2189 -0.6858, 0.6682 -0.2322 -0.6566, 0.6724 -0.2322 -0.6486, 0.7277 -0.2189 -0.6318, 0.7263 -0.2189 -0.6129, 0.6753 -0.2322 -0.6218, 0.673 -0.2322 -0.613, 0.6689 -0.2189 -0.5396, 0.6508 -0.2189 -0.5338, 0.64 -0.2322 -0.5844, 0.5946 -0.2189 -0.5381, 0.6131 -0.2322 -0.5863, 0.613 -0.2189 -0.533, 0.631 -0.2322 -0.5833, 0.7213 -0.2189 -0.5945, 0.7128 -0.2189 -0.5772, 0.6691 -0.2322 -0.6048, 0.6636 -0.2322 -0.5975, 0.6828 -0.2189 -0.7128, 0.6624 -0.2322 -0.6636, 0.6656 -0.2189 -0.7213, 0.6552 -0.2322 -0.6691, 0.7256 -0.2189 -0.6507, 0.676 -0.2322 -0.6309, 0.72 -0.2189 -0.6689, 0.675 -0.2322 -0.6399, 0.6858 -0.2189 -0.5489, 0.6486 -0.2322 -0.5871, 0.7008 -0.2189 -0.5616, 0.6566 -0.2322 -0.5915, 0.7745 -0.1629 -0.6917, 0.7797 -0.1575 -0.6787, 0.7836 -0.1629 -0.6628, 0.7828 -0.1575 -0.6626, 0.787 -0.1629 -0.6328, 0.787 -0.1575 -0.6412, 0.7867 -0.1575 -0.6328, 0.7847 -0.1629 -0.6027, 0.7858 -0.1575 -0.6075, 0.7845 -0.1575 -0.6028, 0.7765 -0.1575 -0.5734, 0.7766 -0.1629 -0.5734, 0.7754 -0.1575 -0.5695, 0.7627 -0.1629 -0.5458, 0.762 -0.1575 -0.5462, 0.7555 -0.1575 -0.5349, 0.7431 -0.1629 -0.5208, 0.7425 -0.1575 -0.5214, 0.7295 -0.1575 -0.5079, 0.7188 -0.1629 -0.5003, 0.7184 -0.1575 -0.5009, 0.6917 -0.1629 -0.4854, 0.6972 -0.1575 -0.4875, 0.6917 -0.1575 -0.4857, 0.6628 -0.1575 -0.4761, 0.6628 -0.1629 -0.4762, 0.6613 -0.1575 -0.4756, 0.6328 -0.1629 -0.4728, 0.6327 -0.1575 -0.4734, 0.6223 -0.1575 -0.4727, 0.6027 -0.1629 -0.4751, 0.6029 -0.1575 -0.476, 0.5835 -0.1575 -0.4794, 0.5734 -0.1629 -0.4832, 0.5737 -0.1575 -0.4839, 0.5473 -0.1575 -0.4958, 0.5458 -0.1629 -0.4971, 0.5458 -0.1575 -0.497, 0.5206 -0.1575 -0.5166, 0.5208 -0.1629 -0.5168, 0.5005 -0.1575 -0.5413, 0.5003 -0.1629 -0.541, 0.4962 -0.1575 -0.5466, 0.4854 -0.1629 -0.5681, 0.4861 -0.1575 -0.5684, 0.4802 -0.1575 -0.5809, 0.4762 -0.1629 -0.5971, 0.477 -0.1575 -0.5972, 0.4728 -0.1629 -0.6271, 0.4729 -0.1575 -0.6184, 0.4732 -0.1575 -0.627, 0.4751 -0.1629 -0.6571, 0.4742 -0.1575 -0.653, 0.4753 -0.1575 -0.6571, 0.4835 -0.1575 -0.6864, 0.4832 -0.1629 -0.6864, 0.4847 -0.1575 -0.691, 0.4971 -0.1629 -0.714, 0.4978 -0.1575 -0.7136, 0.5048 -0.1575 -0.7255, 0.5168 -0.1629 -0.739, 0.5173 -0.1575 -0.7385, 0.5298 -0.1575 -0.7515, 0.541 -0.1629 -0.7596, 0.5415 -0.1575 -0.7589, 0.5681 -0.1629 -0.7745, 0.562 -0.1575 -0.772, 0.5682 -0.1575 -0.7741, 0.5979 -0.1575 -0.7841, 0.5971 -0.1629 -0.7836, 0.6271 -0.1575 -0.7864, 0.6271 -0.1629 -0.787, 0.6368 -0.1575 -0.7872, 0.6571 -0.1629 -0.7847, 0.657 -0.1575 -0.7838, 0.6756 -0.1575 -0.7806, 0.6864 -0.1629 -0.7766, 0.6861 -0.1575 -0.776, 0.712 -0.1575 -0.7644, 0.714 -0.1629 -0.7627, 0.714 -0.1575 -0.7628, 0.7392 -0.1575 -0.7433, 0.739 -0.1629 -0.7431, 0.7593 -0.1575 -0.7185, 0.7596 -0.1629 -0.7188, 0.7637 -0.1575 -0.713, 0.7738 -0.1575 -0.6914, 0.7384 -0.168 -0.7424, 0.7128 -0.173 -0.7608, 0.7135 -0.168 -0.762, 0.6856 -0.173 -0.7744, 0.6861 -0.168 -0.7758, 0.6567 -0.173 -0.7824, 0.657 -0.168 -0.7838, 0.6271 -0.173 -0.7847, 0.6271 -0.168 -0.7861, 0.5976 -0.173 -0.7813, 0.5973 -0.168 -0.7827, 0.569 -0.173 -0.7723, 0.5685 -0.168 -0.7736, 0.5424 -0.173 -0.7576, 0.5415 -0.168 -0.7589, 0.5185 -0.173 -0.7374, 0.5174 -0.168 -0.7384, 0.4991 -0.173 -0.7128, 0.4979 -0.168 -0.7135, 0.4854 -0.173 -0.6856, 0.4841 -0.168 -0.6861, 0.4774 -0.173 -0.6567, 0.476 -0.168 -0.657, 0.4751 -0.173 -0.6271, 0.4737 -0.168 -0.6271, 0.4785 -0.173 -0.5976, 0.4771 -0.168 -0.5973, 0.4875 -0.173 -0.569, 0.4862 -0.168 -0.5685, 0.5022 -0.173 -0.5424, 0.501 -0.168 -0.5416, 0.5224 -0.173 -0.5185, 0.5214 -0.168 -0.5174, 0.5471 -0.173 -0.4991, 0.5463 -0.168 -0.4978, 0.5743 -0.173 -0.4854, 0.5737 -0.168 -0.4841, 0.6031 -0.173 -0.4774, 0.6029 -0.168 -0.476, 0.6328 -0.173 -0.4751, 0.6328 -0.168 -0.4737, 0.6623 -0.173 -0.4785, 0.6626 -0.168 -0.4771, 0.6908 -0.173 -0.4875, 0.6914 -0.168 -0.4862, 0.7175 -0.173 -0.5022, 0.7183 -0.168 -0.501, 0.7414 -0.173 -0.5224, 0.7424 -0.168 -0.5214, 0.7608 -0.173 -0.5471, 0.762 -0.168 -0.5463, 0.7744 -0.173 -0.5743, 0.7758 -0.168 -0.5737, 0.7824 -0.173 -0.6031, 0.7838 -0.168 -0.6029, 0.7847 -0.173 -0.6327, 0.7861 -0.168 -0.6328, 0.7813 -0.173 -0.6623, 0.7827 -0.168 -0.6626, 0.7723 -0.173 -0.6908, 0.7736 -0.168 -0.6914, 0.7576 -0.173 -0.7175, 0.7589 -0.168 -0.7183, 0.7374 -0.173 -0.7414, 0.7117 -0.1777 -0.7591, 0.7089 -0.1865 -0.7545, 0.6849 -0.1777 -0.7725, 0.683 -0.1865 -0.7674, 0.6564 -0.1777 -0.7804, 0.6555 -0.1865 -0.775, 0.6272 -0.1777 -0.7827, 0.6273 -0.1865 -0.7772, 0.598 -0.1777 -0.7793, 0.5991 -0.1865 -0.774, 0.5698 -0.1777 -0.7704, 0.5719 -0.1865 -0.7654, 0.5435 -0.1777 -0.756, 0.5465 -0.1865 -0.7515, 0.5199 -0.1777 -0.736, 0.5238 -0.1865 -0.7323, 0.5008 -0.1777 -0.7117, 0.5054 -0.1865 -0.7089, 0.4873 -0.1777 -0.6849, 0.4923 -0.1865 -0.683, 0.4794 -0.1777 -0.6564, 0.4847 -0.1865 -0.6555, 0.4771 -0.1777 -0.6272, 0.4826 -0.1865 -0.6273, 0.4804 -0.1777 -0.598, 0.4857 -0.1865 -0.5991, 0.4893 -0.1777 -0.5698, 0.4943 -0.1865 -0.5719, 0.5038 -0.1777 -0.5435, 0.5083 -0.1865 -0.5466, 0.5238 -0.1777 -0.5199, 0.5276 -0.1865 -0.5238, 0.5481 -0.1777 -0.5007, 0.551 -0.1865 -0.5053, 0.575 -0.1777 -0.4872, 0.5769 -0.1865 -0.4923, 0.6035 -0.1777 -0.4794, 0.6044 -0.1865 -0.4847, 0.6327 -0.1777 -0.4771, 0.6326 -0.1865 -0.4826, 0.6619 -0.1777 -0.4805, 0.6608 -0.1865 -0.4858, 0.6901 -0.1777 -0.4894, 0.688 -0.1865 -0.4944, 0.7164 -0.1777 -0.5038, 0.7133 -0.1865 -0.5083, 0.74 -0.1777 -0.5238, 0.7361 -0.1865 -0.5276, 0.7591 -0.1777 -0.5481, 0.7545 -0.1865 -0.551, 0.7725 -0.1777 -0.575, 0.7674 -0.1865 -0.5769, 0.7804 -0.1777 -0.6035, 0.775 -0.1865 -0.6044, 0.7827 -0.1777 -0.6327, 0.7772 -0.1865 -0.6326, 0.7793 -0.1777 -0.6619, 0.774 -0.1865 -0.6608, 0.7704 -0.1777 -0.6901, 0.7654 -0.1865 -0.688, 0.756 -0.1777 -0.7164, 0.7515 -0.1865 -0.7133, 0.736 -0.1777 -0.74, 0.7323 -0.1865 -0.7361, 0.6274 -0.1945 -0.7699, 0.6543 -0.1945 -0.7678, 0.6528 -0.2017 -0.7591, 0.6804 -0.1945 -0.7607, 0.6774 -0.2017 -0.7524, 0.705 -0.1945 -0.7483, 0.7004 -0.2017 -0.7409, 0.7273 -0.1945 -0.7309, 0.7212 -0.2017 -0.7246, 0.7455 -0.1945 -0.7093, 0.7383 -0.2017 -0.7044, 0.7587 -0.1945 -0.6852, 0.7506 -0.2017 -0.6818, 0.7669 -0.1945 -0.6593, 0.7582 -0.2017 -0.6575, 0.7699 -0.1945 -0.6325, 0.7509 -0.2082 -0.6322, 0.7591 -0.2017 -0.6071, 0.7492 -0.2082 -0.6089, 0.7524 -0.2017 -0.5826, 0.743 -0.2082 -0.5862, 0.7409 -0.2017 -0.5595, 0.7324 -0.2082 -0.5648, 0.7246 -0.2017 -0.5386, 0.7174 -0.2082 -0.5456, 0.7044 -0.2017 -0.5215, 0.6988 -0.2082 -0.5298, 0.6818 -0.2018 -0.5091, 0.6779 -0.2082 -0.5183, 0.6575 -0.2018 -0.5014, 0.6555 -0.2082 -0.5112, 0.6324 -0.2018 -0.4985, 0.6323 -0.2082 -0.5085, 0.6072 -0.2018 -0.5004, 0.6089 -0.2082 -0.5103, 0.5827 -0.2018 -0.5072, 0.5863 -0.2082 -0.5165, 0.5596 -0.2018 -0.5188, 0.5649 -0.2082 -0.5273, 0.5386 -0.2017 -0.5352, 0.5456 -0.2082 -0.5425, 0.5214 -0.2018 -0.5556, 0.5297 -0.2082 -0.5612, 0.509 -0.2018 -0.5782, 0.5182 -0.2082 -0.5822, 0.5013 -0.2018 -0.6025, 0.5111 -0.2082 -0.6046, 0.4985 -0.2018 -0.6276, 0.5085 -0.2082 -0.6278, 0.5005 -0.2018 -0.6528, 0.5104 -0.2082 -0.6511, 0.5072 -0.2018 -0.6774, 0.5166 -0.2082 -0.6738, 0.5188 -0.2017 -0.7004, 0.5273 -0.2082 -0.6951, 0.5352 -0.2017 -0.7212, 0.5425 -0.2082 -0.7143, 0.5555 -0.2017 -0.7383, 0.5612 -0.2082 -0.73, 0.5782 -0.2017 -0.7506, 0.5821 -0.2082 -0.7413, 0.6025 -0.2017 -0.7582, 0.6046 -0.2082 -0.7483, 0.6278 -0.2082 -0.7509, 0.7678 -0.1945 -0.6056, 0.7607 -0.1945 -0.5795, 0.7483 -0.1945 -0.5548, 0.7309 -0.1945 -0.5326, 0.7093 -0.1945 -0.5143, 0.6852 -0.1945 -0.501, 0.6593 -0.1945 -0.4928, 0.6325 -0.1945 -0.4898, 0.6057 -0.1945 -0.4918, 0.5795 -0.1945 -0.499, 0.5549 -0.1945 -0.5114, 0.5326 -0.1945 -0.529, 0.5142 -0.1945 -0.5506, 0.5009 -0.1945 -0.5748, 0.4928 -0.1945 -0.6007, 0.4898 -0.1945 -0.6274, 0.4918 -0.1945 -0.6543, 0.4991 -0.1945 -0.6804, 0.5114 -0.1945 -0.705, 0.529 -0.1945 -0.7273, 0.5506 -0.1945 -0.7455, 0.5747 -0.1945 -0.7587, 0.6006 -0.1945 -0.7669, 0.6511 -0.2082 -0.7492, 0.6738 -0.2082 -0.743, 0.6951 -0.2082 -0.7324, 0.7143 -0.2082 -0.7174, 0.73 -0.2082 -0.6988, 0.7413 -0.2082 -0.6779, 0.7483 -0.2082 -0.6555, 0.6319 -0.2189 -0.5316, 0.6219 -0.2322 -0.5839, 0.6283 -0.2189 -0.7277, 0.6094 -0.2189 -0.7256, 0.5911 -0.2189 -0.72, 0.5742 -0.2189 -0.7108, 0.5591 -0.2189 -0.6982, 0.5469 -0.2189 -0.6828, 0.5382 -0.2189 -0.6656, 0.5331 -0.2189 -0.6472, 0.5316 -0.2189 -0.6283, 0.5337 -0.2189 -0.6094, 0.5394 -0.2189 -0.5912, -0.5909 -0.2268 -0.5683, -0.5773 -0.2189 -0.5467, -0.5946 -0.2189 -0.5381, -0.5487 -0.2189 -0.5743, -0.5616 -0.2189 -0.5591, -0.5793 -0.2268 -0.5774, -0.6299 -0.2362 -0.6299, -0.5869 -0.2322 -0.6116, -0.5914 -0.2322 -0.6035, -0.5843 -0.2322 -0.6202, -0.5865 -0.2322 -0.6471, -0.584 -0.2322 -0.6383, -0.5833 -0.2322 -0.6293, -0.5905 -0.2322 -0.6552, -0.5394 -0.2189 -0.5912, -0.5337 -0.2189 -0.6094, -0.5316 -0.2189 -0.6283, -0.5331 -0.2189 -0.6472, -0.5382 -0.2189 -0.6656, -0.5469 -0.2189 -0.6828, -0.5591 -0.2189 -0.6982, -0.6115 -0.2322 -0.6724, -0.6034 -0.2322 -0.6682, -0.5742 -0.2189 -0.7108, -0.5963 -0.2322 -0.6624, -0.6202 -0.2322 -0.675, -0.647 -0.2322 -0.673, -0.6383 -0.2322 -0.6753, -0.6292 -0.2322 -0.676, -0.6552 -0.2322 -0.6691, -0.5911 -0.2189 -0.72, -0.6094 -0.2189 -0.7256, -0.6283 -0.2189 -0.7277, -0.6472 -0.2189 -0.7263, -0.6656 -0.2189 -0.7213, -0.6828 -0.2189 -0.7128, -0.6982 -0.2189 -0.7008, -0.6049 -0.2322 -0.5904, -0.6724 -0.2322 -0.6486, -0.6682 -0.2322 -0.6566, -0.7108 -0.2189 -0.6858, -0.6624 -0.2322 -0.6636, -0.675 -0.2322 -0.6399, -0.673 -0.2322 -0.613, -0.6753 -0.2322 -0.6218, -0.676 -0.2322 -0.6309, -0.6691 -0.2322 -0.6048, -0.6486 -0.2322 -0.5871, -0.6566 -0.2322 -0.5915, -0.6636 -0.2322 -0.5975, -0.64 -0.2322 -0.5844, -0.6131 -0.2322 -0.5863, -0.6219 -0.2322 -0.5839, -0.631 -0.2322 -0.5833, -0.7613 -0.1575 -0.7168, -0.7596 -0.1629 -0.7188, -0.7745 -0.1629 -0.6917, -0.7836 -0.1629 -0.6628, -0.7789 -0.1575 -0.6811, -0.7738 -0.1575 -0.6914, -0.7744 -0.1575 -0.5672, -0.7763 -0.1575 -0.5735, -0.7766 -0.1629 -0.5734, -0.7852 -0.1575 -0.6035, -0.7847 -0.1629 -0.6027, -0.7864 -0.1575 -0.6328, -0.787 -0.1629 -0.6328, -0.7869 -0.1575 -0.6425, -0.7827 -0.1575 -0.6626, -0.7621 -0.1575 -0.5462, -0.7627 -0.1629 -0.5458, -0.7551 -0.1575 -0.5343, -0.7431 -0.1629 -0.5208, -0.7426 -0.1575 -0.5213, -0.73 -0.1575 -0.5083, -0.7188 -0.1629 -0.5003, -0.7183 -0.1575 -0.501, -0.6963 -0.1575 -0.4871, -0.6917 -0.1629 -0.4854, -0.6917 -0.1575 -0.4856, -0.6628 -0.1629 -0.4762, -0.6627 -0.1575 -0.4764, -0.6328 -0.1629 -0.4728, -0.6327 -0.1575 -0.4732, -0.6586 -0.1575 -0.4751, -0.5734 -0.1629 -0.4832, -0.5864 -0.1575 -0.4786, -0.6027 -0.1629 -0.4751, -0.6028 -0.1575 -0.476, -0.6241 -0.1575 -0.4726, -0.5003 -0.1629 -0.541, -0.5206 -0.1575 -0.5166, -0.5208 -0.1629 -0.5168, -0.5461 -0.1575 -0.4974, -0.5458 -0.1629 -0.4971, -0.5516 -0.1575 -0.4933, -0.5737 -0.1575 -0.4839, -0.4854 -0.1629 -0.5681, -0.4989 -0.1575 -0.5424, -0.5001 -0.1575 -0.541, -0.4762 -0.1629 -0.5971, -0.4812 -0.1575 -0.5781, -0.486 -0.1575 -0.5684, -0.4728 -0.1629 -0.6271, -0.473 -0.1575 -0.6166, -0.4771 -0.1575 -0.5973, -0.4852 -0.1575 -0.692, -0.4835 -0.1575 -0.6864, -0.4832 -0.1629 -0.6864, -0.475 -0.1575 -0.6571, -0.4751 -0.1629 -0.6571, -0.4746 -0.1575 -0.6556, -0.4734 -0.1575 -0.627, -0.4978 -0.1575 -0.7136, -0.4971 -0.1629 -0.714, -0.5044 -0.1575 -0.725, -0.5168 -0.1629 -0.739, -0.5173 -0.1575 -0.7385, -0.5303 -0.1575 -0.7519, -0.541 -0.1629 -0.7596, -0.5415 -0.1575 -0.7589, -0.5642 -0.1575 -0.7731, -0.5681 -0.1629 -0.7745, -0.5681 -0.1575 -0.7743, -0.5971 -0.1629 -0.7836, -0.5972 -0.1575 -0.7834, -0.6271 -0.1629 -0.787, -0.6271 -0.1575 -0.7867, -0.6019 -0.1575 -0.7849, -0.6864 -0.1629 -0.7766, -0.6732 -0.1575 -0.7813, -0.6571 -0.1629 -0.7847, -0.657 -0.1575 -0.7839, -0.6355 -0.1575 -0.7873, -0.7596 -0.1575 -0.7188, -0.7392 -0.1575 -0.7433, -0.739 -0.1629 -0.7431, -0.7137 -0.1575 -0.7624, -0.714 -0.1629 -0.7627, -0.7081 -0.1575 -0.7667, -0.6861 -0.1575 -0.7759, -0.7135 -0.168 -0.762, -0.7374 -0.173 -0.7414, -0.7384 -0.168 -0.7424, -0.7576 -0.173 -0.7175, -0.7589 -0.168 -0.7183, -0.7723 -0.173 -0.6908, -0.7736 -0.168 -0.6914, -0.7813 -0.173 -0.6623, -0.7827 -0.168 -0.6626, -0.7847 -0.173 -0.6327, -0.7861 -0.168 -0.6328, -0.7824 -0.173 -0.6031, -0.7838 -0.168 -0.6029, -0.7744 -0.173 -0.5743, -0.7758 -0.168 -0.5737, -0.7608 -0.173 -0.5471, -0.762 -0.168 -0.5463, -0.7414 -0.173 -0.5224, -0.7424 -0.168 -0.5214, -0.7175 -0.173 -0.5022, -0.7183 -0.168 -0.501, -0.6908 -0.173 -0.4875, -0.6914 -0.168 -0.4862, -0.6623 -0.173 -0.4785, -0.6626 -0.168 -0.4771, -0.6328 -0.173 -0.4751, -0.6328 -0.168 -0.4737, -0.6031 -0.173 -0.4774, -0.6029 -0.168 -0.476, -0.5743 -0.173 -0.4854, -0.5737 -0.168 -0.4841, -0.5471 -0.173 -0.4991, -0.5463 -0.168 -0.4978, -0.5224 -0.173 -0.5185, -0.5214 -0.168 -0.5174, -0.5022 -0.173 -0.5424, -0.501 -0.168 -0.5416, -0.4875 -0.173 -0.569, -0.4862 -0.168 -0.5685, -0.4785 -0.173 -0.5976, -0.4771 -0.168 -0.5973, -0.4751 -0.173 -0.6271, -0.4737 -0.168 -0.6271, -0.4774 -0.173 -0.6567, -0.476 -0.168 -0.657, -0.4854 -0.173 -0.6856, -0.4841 -0.168 -0.6861, -0.4991 -0.173 -0.7128, -0.4979 -0.168 -0.7135, -0.5185 -0.173 -0.7374, -0.5174 -0.168 -0.7384, -0.5424 -0.173 -0.7576, -0.5415 -0.168 -0.7589, -0.569 -0.173 -0.7723, -0.5685 -0.168 -0.7736, -0.5976 -0.173 -0.7813, -0.5973 -0.168 -0.7827, -0.6271 -0.173 -0.7847, -0.6271 -0.168 -0.7861, -0.6567 -0.173 -0.7824, -0.657 -0.168 -0.7838, -0.6856 -0.173 -0.7744, -0.6861 -0.168 -0.7758, -0.7128 -0.173 -0.7608, -0.7089 -0.1865 -0.7545, -0.7117 -0.1777 -0.7591, -0.683 -0.1865 -0.7674, -0.6849 -0.1777 -0.7725, -0.6555 -0.1865 -0.775, -0.6564 -0.1777 -0.7804, -0.6273 -0.1865 -0.7772, -0.6272 -0.1777 -0.7827, -0.5991 -0.1865 -0.774, -0.598 -0.1777 -0.7793, -0.5719 -0.1865 -0.7654, -0.5698 -0.1777 -0.7704, -0.5465 -0.1865 -0.7515, -0.5435 -0.1777 -0.756, -0.5238 -0.1865 -0.7323, -0.5199 -0.1777 -0.736, -0.5054 -0.1865 -0.7089, -0.5008 -0.1777 -0.7117, -0.4923 -0.1865 -0.683, -0.4873 -0.1777 -0.6849, -0.4847 -0.1865 -0.6555, -0.4794 -0.1777 -0.6564, -0.4826 -0.1865 -0.6273, -0.4771 -0.1777 -0.6272, -0.4857 -0.1865 -0.5991, -0.4804 -0.1777 -0.598, -0.4943 -0.1865 -0.5719, -0.4893 -0.1777 -0.5698, -0.5083 -0.1865 -0.5466, -0.5038 -0.1777 -0.5435, -0.5276 -0.1865 -0.5238, -0.5238 -0.1777 -0.5199, -0.551 -0.1865 -0.5053, -0.5481 -0.1777 -0.5007, -0.5769 -0.1865 -0.4923, -0.575 -0.1777 -0.4872, -0.6044 -0.1865 -0.4847, -0.6035 -0.1777 -0.4794, -0.6326 -0.1865 -0.4826, -0.6327 -0.1777 -0.4771, -0.6608 -0.1865 -0.4858, -0.6619 -0.1777 -0.4805, -0.688 -0.1865 -0.4944, -0.6901 -0.1777 -0.4894, -0.7133 -0.1865 -0.5083, -0.7164 -0.1777 -0.5038, -0.7361 -0.1865 -0.5276, -0.74 -0.1777 -0.5238, -0.7545 -0.1865 -0.551, -0.7591 -0.1777 -0.5481, -0.7674 -0.1865 -0.5769, -0.7725 -0.1777 -0.575, -0.775 -0.1865 -0.6044, -0.7804 -0.1777 -0.6035, -0.7772 -0.1865 -0.6326, -0.7827 -0.1777 -0.6327, -0.774 -0.1865 -0.6608, -0.7793 -0.1777 -0.6619, -0.7654 -0.1865 -0.688, -0.7704 -0.1777 -0.6901, -0.7515 -0.1865 -0.7133, -0.756 -0.1777 -0.7164, -0.7323 -0.1865 -0.7361, -0.736 -0.1777 -0.74, -0.7699 -0.1945 -0.6325, -0.7669 -0.1945 -0.6593, -0.7582 -0.2017 -0.6575, -0.7587 -0.1945 -0.6852, -0.7506 -0.2017 -0.6818, -0.7455 -0.1945 -0.7093, -0.7383 -0.2017 -0.7044, -0.7273 -0.1945 -0.7309, -0.7212 -0.2017 -0.7246, -0.705 -0.1945 -0.7483, -0.7004 -0.2017 -0.7409, -0.6804 -0.1945 -0.7607, -0.6774 -0.2017 -0.7524, -0.6543 -0.1945 -0.7678, -0.6528 -0.2017 -0.7591, -0.6274 -0.1945 -0.7699, -0.6278 -0.2082 -0.7509, -0.6025 -0.2017 -0.7582, -0.6046 -0.2082 -0.7483, -0.5782 -0.2017 -0.7506, -0.5821 -0.2082 -0.7413, -0.5555 -0.2017 -0.7383, -0.5612 -0.2082 -0.73, -0.5352 -0.2017 -0.7212, -0.5425 -0.2082 -0.7143, -0.5188 -0.2017 -0.7004, -0.5273 -0.2082 -0.6951, -0.5072 -0.2018 -0.6774, -0.5166 -0.2082 -0.6738, -0.5005 -0.2018 -0.6528, -0.5104 -0.2082 -0.6511, -0.4985 -0.2018 -0.6276, -0.5085 -0.2082 -0.6278, -0.5013 -0.2018 -0.6025, -0.5111 -0.2082 -0.6046, -0.509 -0.2018 -0.5782, -0.5182 -0.2082 -0.5822, -0.5214 -0.2018 -0.5556, -0.5297 -0.2082 -0.5612, -0.5386 -0.2017 -0.5352, -0.5456 -0.2082 -0.5425, -0.5596 -0.2018 -0.5188, -0.5649 -0.2082 -0.5273, -0.5827 -0.2018 -0.5072, -0.5863 -0.2082 -0.5165, -0.6072 -0.2018 -0.5004, -0.6089 -0.2082 -0.5103, -0.6324 -0.2018 -0.4985, -0.6323 -0.2082 -0.5085, -0.6575 -0.2018 -0.5014, -0.6555 -0.2082 -0.5112, -0.6818 -0.2018 -0.5091, -0.6779 -0.2082 -0.5183, -0.7044 -0.2017 -0.5215, -0.6988 -0.2082 -0.5298, -0.7246 -0.2017 -0.5386, -0.7174 -0.2082 -0.5456, -0.7409 -0.2017 -0.5595, -0.7324 -0.2082 -0.5648, -0.7524 -0.2017 -0.5826, -0.743 -0.2082 -0.5862, -0.7591 -0.2017 -0.6071, -0.7492 -0.2082 -0.6089, -0.7509 -0.2082 -0.6322, -0.6006 -0.1945 -0.7669, -0.5747 -0.1945 -0.7587, -0.5506 -0.1945 -0.7455, -0.529 -0.1945 -0.7273, -0.5114 -0.1945 -0.705, -0.4991 -0.1945 -0.6804, -0.4918 -0.1945 -0.6543, -0.4898 -0.1945 -0.6274, -0.4928 -0.1945 -0.6007, -0.5009 -0.1945 -0.5748, -0.5142 -0.1945 -0.5506, -0.5326 -0.1945 -0.529, -0.5549 -0.1945 -0.5114, -0.5795 -0.1945 -0.499, -0.6057 -0.1945 -0.4918, -0.6325 -0.1945 -0.4898, -0.6593 -0.1945 -0.4928, -0.6852 -0.1945 -0.501, -0.7093 -0.1945 -0.5143, -0.7309 -0.1945 -0.5326, -0.7483 -0.1945 -0.5548, -0.7607 -0.1945 -0.5795, -0.7678 -0.1945 -0.6056, -0.7483 -0.2082 -0.6555, -0.7413 -0.2082 -0.6779, -0.73 -0.2082 -0.6988, -0.7143 -0.2082 -0.7174, -0.6951 -0.2082 -0.7324, -0.6738 -0.2082 -0.743, -0.6511 -0.2082 -0.7492, -0.5975 -0.2322 -0.5963, -0.72 -0.2189 -0.6689, -0.7256 -0.2189 -0.6507, -0.7277 -0.2189 -0.6318, -0.7263 -0.2189 -0.6129, -0.7213 -0.2189 -0.5945, -0.7128 -0.2189 -0.5772, -0.7008 -0.2189 -0.5616, -0.6858 -0.2189 -0.5489, -0.6689 -0.2189 -0.5396, -0.6508 -0.2189 -0.5338, -0.6319 -0.2189 -0.5316, -0.613 -0.2189 -0.533, -0.613 -0.2189 -0.533
            ]
        }
        coordIndex [
            0,1,2,-1,3,4,5,-1,6,7,8,-1,8,7,9,-1,5,10,11,-1,12,5,11,-1,13,10,5,-1,4,13,5,-1,5,14,15,-1,16,5,15,-1,17,14,5,-1,5,18,19,-1,20,21,19,-1,19,21,5,-1,22,18,5,-1,16,22,5,-1,12,17,5,-1,23,24,25,-1,25,24,26,-1,27,28,29,-1,29,28,30,-1,31,32,33,-1,1,0,34,-1,34,0,35,-1,34,35,36,-1,33,32,37,-1,38,39,40,-1,40,39,41,-1,40,41,5,-1,42,23,43,-1,43,23,25,-1,43,25,5,-1,26,5,25,-1,44,42,45,-1,45,42,43,-1,45,43,5,-1,46,27,47,-1,47,27,29,-1,47,29,5,-1,30,5,29,-1,48,46,49,-1,49,46,47,-1,49,47,5,-1,24,48,26,-1,26,48,49,-1,26,49,5,-1,50,31,51,-1,51,31,33,-1,51,33,5,-1,37,5,33,-1,52,50,53,-1,53,50,51,-1,53,51,5,-1,39,52,41,-1,41,52,53,-1,41,53,5,-1,28,38,30,-1,30,38,40,-1,30,40,5,-1,54,55,56,-1,54,56,57,-1,56,58,57,-1,57,58,59,-1,57,59,60,-1,60,59,61,-1,61,62,60,-1,60,62,63,-1,60,63,64,-1,64,63,65,-1,65,66,64,-1,64,66,67,-1,64,67,68,-1,68,67,69,-1,70,71,72,-1,72,71,68,-1,72,68,73,-1,73,68,69,-1,70,74,71,-1,71,74,75,-1,71,75,76,-1,77,78,79,-1,79,78,76,-1,79,76,80,-1,80,76,75,-1,77,81,78,-1,78,81,82,-1,78,82,83,-1,82,84,83,-1,83,84,85,-1,83,85,86,-1,86,85,87,-1,87,88,86,-1,86,88,89,-1,86,89,90,-1,90,89,91,-1,92,93,94,-1,94,93,90,-1,94,90,95,-1,95,90,91,-1,96,97,98,-1,98,97,93,-1,98,93,99,-1,99,93,92,-1,96,100,97,-1,97,100,101,-1,97,101,102,-1,102,101,103,-1,102,103,104,-1,103,105,104,-1,104,105,106,-1,104,106,107,-1,107,106,108,-1,108,109,107,-1,107,109,110,-1,107,110,111,-1,111,110,112,-1,113,114,115,-1,115,114,111,-1,115,111,116,-1,116,111,112,-1,113,117,114,-1,114,117,118,-1,114,118,119,-1,120,121,122,-1,122,121,119,-1,122,119,123,-1,123,119,118,-1,120,124,121,-1,121,124,125,-1,121,125,126,-1,125,127,126,-1,126,127,128,-1,126,128,129,-1,129,128,130,-1,130,131,129,-1,129,131,132,-1,129,132,133,-1,133,132,134,-1,135,136,137,-1,137,136,133,-1,137,133,138,-1,138,133,134,-1,135,139,136,-1,136,139,140,-1,136,140,141,-1,140,142,141,-1,141,142,143,-1,141,143,144,-1,144,143,145,-1,144,145,146,-1,146,145,147,-1,147,148,146,-1,146,148,149,-1,146,149,150,-1,149,151,150,-1,150,151,152,-1,150,152,153,-1,153,152,154,-1,153,154,155,-1,156,157,158,-1,158,157,153,-1,158,153,159,-1,159,153,155,-1,156,160,157,-1,157,160,161,-1,157,161,162,-1,161,163,162,-1,162,163,164,-1,162,164,165,-1,165,164,166,-1,165,166,54,-1,54,166,167,-1,54,167,55,-1,168,169,170,-1,170,169,171,-1,170,171,172,-1,172,171,173,-1,172,173,174,-1,174,173,175,-1,174,175,176,-1,176,175,177,-1,176,177,178,-1,178,177,179,-1,178,179,180,-1,180,179,181,-1,180,181,182,-1,182,181,183,-1,182,183,184,-1,184,183,185,-1,184,185,186,-1,186,185,187,-1,186,187,188,-1,188,187,189,-1,188,189,190,-1,190,189,191,-1,190,191,192,-1,192,191,193,-1,192,193,194,-1,194,193,195,-1,194,195,196,-1,196,195,197,-1,196,197,198,-1,198,197,199,-1,198,199,200,-1,200,199,201,-1,200,201,202,-1,202,201,203,-1,202,203,204,-1,204,203,205,-1,204,205,206,-1,206,205,207,-1,206,207,208,-1,208,207,209,-1,208,209,210,-1,210,209,211,-1,210,211,212,-1,212,211,213,-1,212,213,214,-1,214,213,215,-1,214,215,216,-1,216,215,217,-1,216,217,218,-1,218,217,219,-1,218,219,220,-1,220,219,221,-1,220,221,222,-1,222,221,223,-1,222,223,224,-1,224,223,225,-1,224,225,226,-1,226,225,227,-1,226,227,228,-1,228,227,229,-1,228,229,230,-1,230,229,231,-1,230,231,168,-1,168,231,169,-1,170,165,168,-1,168,165,54,-1,168,54,230,-1,230,54,57,-1,230,57,228,-1,228,57,60,-1,228,60,226,-1,226,60,64,-1,226,64,224,-1,224,64,68,-1,224,68,222,-1,222,68,71,-1,222,71,220,-1,220,71,76,-1,220,76,218,-1,218,76,78,-1,218,78,216,-1,216,78,83,-1,216,83,214,-1,214,83,86,-1,214,86,212,-1,212,86,90,-1,212,90,210,-1,210,90,93,-1,210,93,208,-1,208,93,97,-1,208,97,206,-1,206,97,102,-1,206,102,204,-1,204,102,104,-1,204,104,202,-1,202,104,107,-1,202,107,200,-1,200,107,111,-1,200,111,198,-1,198,111,114,-1,198,114,196,-1,196,114,119,-1,196,119,194,-1,194,119,121,-1,194,121,192,-1,192,121,126,-1,192,126,190,-1,190,126,129,-1,190,129,188,-1,188,129,133,-1,188,133,186,-1,186,133,136,-1,186,136,184,-1,184,136,141,-1,184,141,182,-1,182,141,144,-1,182,144,180,-1,180,144,146,-1,180,146,178,-1,178,146,150,-1,178,150,176,-1,176,150,153,-1,176,153,174,-1,174,153,157,-1,174,157,172,-1,172,157,162,-1,172,162,170,-1,170,162,165,-1,232,233,234,-1,234,233,235,-1,234,235,236,-1,236,235,237,-1,236,237,238,-1,238,237,239,-1,238,239,240,-1,240,239,241,-1,240,241,242,-1,242,241,243,-1,242,243,244,-1,244,243,245,-1,244,245,246,-1,246,245,247,-1,246,247,248,-1,248,247,249,-1,248,249,250,-1,250,249,251,-1,250,251,252,-1,252,251,253,-1,252,253,254,-1,254,253,255,-1,254,255,256,-1,256,255,257,-1,256,257,258,-1,258,257,259,-1,258,259,260,-1,260,259,261,-1,260,261,262,-1,262,261,263,-1,262,263,264,-1,264,263,265,-1,264,265,266,-1,266,265,267,-1,266,267,268,-1,268,267,269,-1,268,269,270,-1,270,269,271,-1,270,271,272,-1,272,271,273,-1,272,273,274,-1,274,273,275,-1,274,275,276,-1,276,275,277,-1,276,277,278,-1,278,277,279,-1,278,279,280,-1,280,279,281,-1,280,281,282,-1,282,281,283,-1,282,283,284,-1,284,283,285,-1,284,285,286,-1,286,285,287,-1,286,287,288,-1,288,287,289,-1,288,289,290,-1,290,289,291,-1,290,291,292,-1,292,291,293,-1,292,293,294,-1,294,293,295,-1,294,295,232,-1,232,295,233,-1,232,231,294,-1,294,231,229,-1,294,229,292,-1,292,229,227,-1,292,227,290,-1,290,227,225,-1,290,225,288,-1,288,225,223,-1,288,223,286,-1,286,223,221,-1,286,221,284,-1,284,221,219,-1,284,219,282,-1,282,219,217,-1,282,217,280,-1,280,217,215,-1,280,215,278,-1,278,215,213,-1,278,213,276,-1,276,213,211,-1,276,211,274,-1,274,211,209,-1,274,209,272,-1,272,209,207,-1,272,207,270,-1,270,207,205,-1,270,205,268,-1,268,205,203,-1,268,203,266,-1,266,203,201,-1,266,201,264,-1,264,201,199,-1,264,199,262,-1,262,199,197,-1,262,197,260,-1,260,197,195,-1,260,195,258,-1,258,195,193,-1,258,193,256,-1,256,193,191,-1,256,191,254,-1,254,191,189,-1,254,189,252,-1,252,189,187,-1,252,187,250,-1,250,187,185,-1,250,185,248,-1,248,185,183,-1,248,183,246,-1,246,183,181,-1,246,181,244,-1,244,181,179,-1,244,179,242,-1,242,179,177,-1,242,177,240,-1,240,177,175,-1,240,175,238,-1,238,175,173,-1,238,173,236,-1,236,173,171,-1,236,171,234,-1,234,171,169,-1,234,169,232,-1,232,169,231,-1,296,297,298,-1,298,297,299,-1,298,299,300,-1,300,299,301,-1,300,301,302,-1,302,301,303,-1,302,303,304,-1,304,303,305,-1,304,305,306,-1,306,305,307,-1,306,307,308,-1,308,307,309,-1,308,309,310,-1,310,309,311,-1,310,311,312,-1,312,311,313,-1,312,313,314,-1,314,313,315,-1,314,315,316,-1,316,315,317,-1,316,317,318,-1,318,317,319,-1,318,319,320,-1,320,319,321,-1,320,321,322,-1,322,321,323,-1,322,323,324,-1,324,323,325,-1,324,325,326,-1,326,325,327,-1,326,327,328,-1,328,327,329,-1,328,329,330,-1,330,329,331,-1,330,331,332,-1,332,331,333,-1,332,333,334,-1,334,333,335,-1,334,335,336,-1,336,335,337,-1,336,337,338,-1,338,337,339,-1,338,339,340,-1,340,339,341,-1,340,341,342,-1,342,341,343,-1,342,343,344,-1,344,343,345,-1,344,345,346,-1,346,345,347,-1,346,347,348,-1,348,347,349,-1,348,349,350,-1,350,349,351,-1,350,351,352,-1,352,351,353,-1,352,353,354,-1,354,353,355,-1,354,355,356,-1,356,355,357,-1,356,357,358,-1,358,357,359,-1,311,360,313,-1,313,360,361,-1,313,361,315,-1,315,361,362,-1,315,362,317,-1,317,362,363,-1,317,363,319,-1,319,363,364,-1,319,364,321,-1,321,364,365,-1,321,365,323,-1,323,365,366,-1,323,366,325,-1,325,366,367,-1,325,367,327,-1,327,367,368,-1,327,368,329,-1,329,368,369,-1,329,369,331,-1,331,369,370,-1,331,370,333,-1,333,370,371,-1,333,371,335,-1,335,371,372,-1,335,372,337,-1,337,372,373,-1,337,373,339,-1,339,373,374,-1,339,374,341,-1,341,374,375,-1,341,375,343,-1,343,375,376,-1,343,376,345,-1,345,376,377,-1,345,377,347,-1,347,377,378,-1,347,378,349,-1,349,378,379,-1,349,379,351,-1,351,379,380,-1,351,380,353,-1,353,380,381,-1,353,381,355,-1,355,381,382,-1,355,382,357,-1,357,382,296,-1,357,296,359,-1,359,296,298,-1,359,298,383,-1,383,298,300,-1,383,300,384,-1,384,300,302,-1,384,302,385,-1,385,302,304,-1,385,304,386,-1,386,304,306,-1,386,306,387,-1,387,306,308,-1,387,308,388,-1,388,308,310,-1,388,310,389,-1,389,310,312,-1,233,301,235,-1,235,301,299,-1,235,299,237,-1,237,299,297,-1,237,297,239,-1,239,297,296,-1,239,296,241,-1,241,296,382,-1,241,382,243,-1,243,382,381,-1,243,381,245,-1,245,381,380,-1,245,380,247,-1,247,380,379,-1,247,379,249,-1,249,379,378,-1,249,378,251,-1,251,378,377,-1,251,377,253,-1,253,377,376,-1,253,376,255,-1,255,376,375,-1,255,375,257,-1,257,375,374,-1,257,374,259,-1,259,374,373,-1,259,373,261,-1,261,373,372,-1,261,372,263,-1,263,372,371,-1,263,371,265,-1,265,371,370,-1,265,370,267,-1,267,370,369,-1,267,369,269,-1,269,369,368,-1,269,368,271,-1,271,368,367,-1,271,367,273,-1,273,367,366,-1,273,366,275,-1,275,366,365,-1,275,365,277,-1,277,365,364,-1,277,364,279,-1,279,364,363,-1,279,363,281,-1,281,363,362,-1,281,362,283,-1,283,362,361,-1,283,361,285,-1,285,361,360,-1,285,360,287,-1,287,360,311,-1,287,311,289,-1,289,311,309,-1,289,309,291,-1,291,309,307,-1,291,307,293,-1,293,307,305,-1,293,305,295,-1,295,305,303,-1,295,303,233,-1,233,303,301,-1,5,35,6,-1,6,35,0,-1,6,0,7,-1,7,0,2,-1,7,2,9,-1,8,5,6,-1,390,36,391,-1,391,36,35,-1,391,35,5,-1,32,390,37,-1,37,390,391,-1,37,391,5,-1,20,19,392,-1,392,19,18,-1,392,18,393,-1,393,18,22,-1,393,22,394,-1,394,22,16,-1,394,16,395,-1,395,16,15,-1,395,15,396,-1,396,15,14,-1,396,14,397,-1,397,14,17,-1,397,17,398,-1,398,17,12,-1,398,12,399,-1,399,12,11,-1,399,11,400,-1,400,11,10,-1,400,10,401,-1,401,10,13,-1,401,13,402,-1,402,13,4,-1,402,4,9,-1,9,4,3,-1,9,3,8,-1,8,3,5,-1,20,44,21,-1,21,44,45,-1,21,45,5,-1,385,42,384,-1,384,42,44,-1,384,44,383,-1,383,44,20,-1,383,20,359,-1,359,20,392,-1,359,392,358,-1,358,392,393,-1,358,393,356,-1,356,393,394,-1,356,394,354,-1,354,394,395,-1,354,395,352,-1,352,395,396,-1,352,396,350,-1,350,396,397,-1,350,397,348,-1,348,397,398,-1,348,398,346,-1,346,398,399,-1,346,399,344,-1,344,399,400,-1,344,400,342,-1,342,400,401,-1,342,401,340,-1,340,401,402,-1,340,402,338,-1,338,402,9,-1,338,9,336,-1,336,9,2,-1,336,2,334,-1,334,2,1,-1,334,1,332,-1,332,1,34,-1,332,34,330,-1,330,34,36,-1,330,36,328,-1,328,36,390,-1,328,390,326,-1,326,390,32,-1,326,32,324,-1,324,32,31,-1,324,31,322,-1,322,31,50,-1,322,50,320,-1,320,50,52,-1,320,52,318,-1,318,52,39,-1,318,39,316,-1,316,39,38,-1,316,38,314,-1,314,38,28,-1,314,28,312,-1,312,28,27,-1,312,27,389,-1,389,27,46,-1,389,46,388,-1,388,46,48,-1,388,48,387,-1,387,48,24,-1,387,24,386,-1,386,24,23,-1,386,23,385,-1,385,23,42,-1,403,404,405,-1,406,407,408,-1,409,410,411,-1,412,410,409,-1,409,413,414,-1,415,409,414,-1,416,413,409,-1,415,412,409,-1,406,411,417,-1,417,411,410,-1,417,410,418,-1,418,410,412,-1,418,412,419,-1,419,412,415,-1,419,415,420,-1,420,415,414,-1,420,414,421,-1,421,414,413,-1,421,413,422,-1,422,413,416,-1,422,416,423,-1,409,424,425,-1,426,427,425,-1,425,427,409,-1,428,424,409,-1,409,429,430,-1,431,409,430,-1,432,429,409,-1,431,428,409,-1,426,425,433,-1,433,425,424,-1,433,424,434,-1,434,424,428,-1,434,428,435,-1,435,428,431,-1,435,431,436,-1,436,431,430,-1,436,430,437,-1,437,430,429,-1,437,429,438,-1,438,429,432,-1,438,432,439,-1,426,423,427,-1,427,423,416,-1,427,416,409,-1,403,405,440,-1,409,441,442,-1,443,444,442,-1,442,444,409,-1,445,441,409,-1,409,446,447,-1,448,409,447,-1,449,446,409,-1,448,445,409,-1,409,450,451,-1,452,409,451,-1,453,450,409,-1,409,454,455,-1,456,409,455,-1,456,453,409,-1,452,449,409,-1,457,458,459,-1,460,461,459,-1,459,461,462,-1,459,462,457,-1,463,464,465,-1,465,464,466,-1,465,466,467,-1,467,466,468,-1,467,468,469,-1,469,468,470,-1,469,470,460,-1,460,470,471,-1,460,471,461,-1,463,465,472,-1,472,465,473,-1,472,473,474,-1,474,473,475,-1,474,475,476,-1,476,475,477,-1,477,475,478,-1,477,478,479,-1,479,478,480,-1,480,478,481,-1,480,481,482,-1,482,481,483,-1,482,483,484,-1,485,486,483,-1,483,486,487,-1,483,487,484,-1,488,489,490,-1,490,489,491,-1,490,491,485,-1,485,491,492,-1,485,492,486,-1,493,494,495,-1,495,494,496,-1,495,496,497,-1,497,496,498,-1,497,498,488,-1,488,498,499,-1,488,499,489,-1,500,501,493,-1,493,501,502,-1,493,502,494,-1,503,504,500,-1,500,504,505,-1,500,505,501,-1,506,507,503,-1,503,507,508,-1,503,508,504,-1,509,510,511,-1,511,510,512,-1,511,512,513,-1,513,512,514,-1,513,514,506,-1,506,514,515,-1,506,515,507,-1,509,511,516,-1,516,511,517,-1,516,517,518,-1,518,517,519,-1,518,519,520,-1,520,519,521,-1,521,519,522,-1,521,522,523,-1,523,522,524,-1,524,522,525,-1,524,525,526,-1,526,525,527,-1,526,527,528,-1,529,530,527,-1,527,530,531,-1,527,531,528,-1,532,533,534,-1,534,533,535,-1,534,535,529,-1,529,535,536,-1,529,536,530,-1,457,537,458,-1,458,537,538,-1,458,538,539,-1,539,538,540,-1,539,540,541,-1,541,540,542,-1,541,542,532,-1,532,542,543,-1,532,543,533,-1,544,545,546,-1,546,545,547,-1,546,547,548,-1,548,547,549,-1,548,549,550,-1,550,549,551,-1,550,551,552,-1,552,551,553,-1,552,553,554,-1,554,553,555,-1,554,555,556,-1,556,555,557,-1,556,557,558,-1,558,557,559,-1,558,559,560,-1,560,559,561,-1,560,561,562,-1,562,561,563,-1,562,563,564,-1,564,563,565,-1,564,565,566,-1,566,565,567,-1,566,567,568,-1,568,567,569,-1,568,569,570,-1,570,569,571,-1,570,571,572,-1,572,571,573,-1,572,573,574,-1,574,573,575,-1,574,575,576,-1,576,575,577,-1,576,577,578,-1,578,577,579,-1,578,579,580,-1,580,579,581,-1,580,581,582,-1,582,581,583,-1,582,583,584,-1,584,583,585,-1,584,585,586,-1,586,585,587,-1,586,587,588,-1,588,587,589,-1,588,589,590,-1,590,589,591,-1,590,591,592,-1,592,591,593,-1,592,593,594,-1,594,593,595,-1,594,595,596,-1,596,595,597,-1,596,597,598,-1,598,597,599,-1,598,599,600,-1,600,599,601,-1,600,601,602,-1,602,601,603,-1,602,603,604,-1,604,603,605,-1,604,605,606,-1,606,605,607,-1,606,607,544,-1,544,607,545,-1,546,541,544,-1,544,541,532,-1,544,532,606,-1,606,532,534,-1,606,534,604,-1,604,534,529,-1,604,529,602,-1,602,529,527,-1,602,527,600,-1,600,527,525,-1,600,525,598,-1,598,525,522,-1,598,522,596,-1,596,522,519,-1,596,519,594,-1,594,519,517,-1,594,517,592,-1,592,517,511,-1,592,511,590,-1,590,511,513,-1,590,513,588,-1,588,513,506,-1,588,506,586,-1,586,506,503,-1,586,503,584,-1,584,503,500,-1,584,500,582,-1,582,500,493,-1,582,493,580,-1,580,493,495,-1,580,495,578,-1,578,495,497,-1,578,497,576,-1,576,497,488,-1,576,488,574,-1,574,488,490,-1,574,490,572,-1,572,490,485,-1,572,485,570,-1,570,485,483,-1,570,483,568,-1,568,483,481,-1,568,481,566,-1,566,481,478,-1,566,478,564,-1,564,478,475,-1,564,475,562,-1,562,475,473,-1,562,473,560,-1,560,473,465,-1,560,465,558,-1,558,465,467,-1,558,467,556,-1,556,467,469,-1,556,469,554,-1,554,469,460,-1,554,460,552,-1,552,460,459,-1,552,459,550,-1,550,459,458,-1,550,458,548,-1,548,458,539,-1,548,539,546,-1,546,539,541,-1,608,609,610,-1,610,609,611,-1,610,611,612,-1,612,611,613,-1,612,613,614,-1,614,613,615,-1,614,615,616,-1,616,615,617,-1,616,617,618,-1,618,617,619,-1,618,619,620,-1,620,619,621,-1,620,621,622,-1,622,621,623,-1,622,623,624,-1,624,623,625,-1,624,625,626,-1,626,625,627,-1,626,627,628,-1,628,627,629,-1,628,629,630,-1,630,629,631,-1,630,631,632,-1,632,631,633,-1,632,633,634,-1,634,633,635,-1,634,635,636,-1,636,635,637,-1,636,637,638,-1,638,637,639,-1,638,639,640,-1,640,639,641,-1,640,641,642,-1,642,641,643,-1,642,643,644,-1,644,643,645,-1,644,645,646,-1,646,645,647,-1,646,647,648,-1,648,647,649,-1,648,649,650,-1,650,649,651,-1,650,651,652,-1,652,651,653,-1,652,653,654,-1,654,653,655,-1,654,655,656,-1,656,655,657,-1,656,657,658,-1,658,657,659,-1,658,659,660,-1,660,659,661,-1,660,661,662,-1,662,661,663,-1,662,663,664,-1,664,663,665,-1,664,665,666,-1,666,665,667,-1,666,667,668,-1,668,667,669,-1,668,669,670,-1,670,669,671,-1,670,671,608,-1,608,671,609,-1,671,607,609,-1,609,607,605,-1,609,605,611,-1,611,605,603,-1,611,603,613,-1,613,603,601,-1,613,601,615,-1,615,601,599,-1,615,599,617,-1,617,599,597,-1,617,597,619,-1,619,597,595,-1,619,595,621,-1,621,595,593,-1,621,593,623,-1,623,593,591,-1,623,591,625,-1,625,591,589,-1,625,589,627,-1,627,589,587,-1,627,587,629,-1,629,587,585,-1,629,585,631,-1,631,585,583,-1,631,583,633,-1,633,583,581,-1,633,581,635,-1,635,581,579,-1,635,579,637,-1,637,579,577,-1,637,577,639,-1,639,577,575,-1,639,575,641,-1,641,575,573,-1,641,573,643,-1,643,573,571,-1,643,571,645,-1,645,571,569,-1,645,569,647,-1,647,569,567,-1,647,567,649,-1,649,567,565,-1,649,565,651,-1,651,565,563,-1,651,563,653,-1,653,563,561,-1,653,561,655,-1,655,561,559,-1,655,559,657,-1,657,559,557,-1,657,557,659,-1,659,557,555,-1,659,555,661,-1,661,555,553,-1,661,553,663,-1,663,553,551,-1,663,551,665,-1,665,551,549,-1,665,549,667,-1,667,549,547,-1,667,547,669,-1,669,547,545,-1,669,545,671,-1,671,545,607,-1,672,673,674,-1,674,673,675,-1,674,675,676,-1,676,675,677,-1,676,677,678,-1,678,677,679,-1,678,679,680,-1,680,679,681,-1,680,681,682,-1,682,681,683,-1,682,683,684,-1,684,683,685,-1,684,685,686,-1,686,685,687,-1,686,687,688,-1,688,687,689,-1,688,689,690,-1,690,689,691,-1,690,691,692,-1,692,691,693,-1,692,693,694,-1,694,693,695,-1,694,695,696,-1,696,695,697,-1,696,697,698,-1,698,697,699,-1,698,699,700,-1,700,699,701,-1,700,701,702,-1,702,701,703,-1,702,703,704,-1,704,703,705,-1,704,705,706,-1,706,705,707,-1,706,707,708,-1,708,707,709,-1,708,709,710,-1,710,709,711,-1,710,711,712,-1,712,711,713,-1,712,713,714,-1,714,713,715,-1,714,715,716,-1,716,715,717,-1,716,717,718,-1,718,717,719,-1,718,719,720,-1,720,719,721,-1,720,721,722,-1,722,721,723,-1,722,723,724,-1,724,723,725,-1,724,725,726,-1,726,725,727,-1,726,727,728,-1,728,727,729,-1,728,729,730,-1,730,729,731,-1,730,731,732,-1,732,731,733,-1,732,733,734,-1,734,733,735,-1,687,736,689,-1,689,736,737,-1,689,737,691,-1,691,737,738,-1,691,738,693,-1,693,738,739,-1,693,739,695,-1,695,739,740,-1,695,740,697,-1,697,740,741,-1,697,741,699,-1,699,741,742,-1,699,742,701,-1,701,742,743,-1,701,743,703,-1,703,743,744,-1,703,744,705,-1,705,744,745,-1,705,745,707,-1,707,745,746,-1,707,746,709,-1,709,746,747,-1,709,747,711,-1,711,747,748,-1,711,748,713,-1,713,748,749,-1,713,749,715,-1,715,749,750,-1,715,750,717,-1,717,750,751,-1,717,751,719,-1,719,751,752,-1,719,752,721,-1,721,752,753,-1,721,753,723,-1,723,753,754,-1,723,754,725,-1,725,754,755,-1,725,755,727,-1,727,755,756,-1,727,756,729,-1,729,756,757,-1,729,757,731,-1,731,757,758,-1,731,758,733,-1,733,758,672,-1,733,672,735,-1,735,672,674,-1,735,674,759,-1,759,674,676,-1,759,676,760,-1,760,676,678,-1,760,678,761,-1,761,678,680,-1,761,680,762,-1,762,680,682,-1,762,682,763,-1,763,682,684,-1,763,684,764,-1,764,684,686,-1,764,686,765,-1,765,686,688,-1,681,608,683,-1,683,608,610,-1,683,610,685,-1,685,610,612,-1,685,612,687,-1,687,612,614,-1,687,614,736,-1,736,614,616,-1,736,616,737,-1,737,616,618,-1,737,618,738,-1,738,618,620,-1,738,620,739,-1,739,620,622,-1,739,622,740,-1,740,622,624,-1,740,624,741,-1,741,624,626,-1,741,626,742,-1,742,626,628,-1,742,628,743,-1,743,628,630,-1,743,630,744,-1,744,630,632,-1,744,632,745,-1,745,632,634,-1,745,634,746,-1,746,634,636,-1,746,636,747,-1,747,636,638,-1,747,638,748,-1,748,638,640,-1,748,640,749,-1,749,640,642,-1,749,642,750,-1,750,642,644,-1,750,644,751,-1,751,644,646,-1,751,646,752,-1,752,646,648,-1,752,648,753,-1,753,648,650,-1,753,650,754,-1,754,650,652,-1,754,652,755,-1,755,652,654,-1,755,654,756,-1,756,654,656,-1,756,656,757,-1,757,656,658,-1,757,658,758,-1,758,658,660,-1,758,660,672,-1,672,660,662,-1,672,662,673,-1,673,662,664,-1,673,664,675,-1,675,664,666,-1,675,666,677,-1,677,666,668,-1,677,668,679,-1,679,668,670,-1,679,670,681,-1,681,670,608,-1,407,404,408,-1,408,404,403,-1,408,403,766,-1,766,403,440,-1,766,440,409,-1,443,442,767,-1,767,442,441,-1,767,441,768,-1,768,441,445,-1,768,445,769,-1,769,445,448,-1,769,448,770,-1,770,448,447,-1,770,447,771,-1,771,447,446,-1,771,446,772,-1,772,446,449,-1,772,449,773,-1,773,449,452,-1,773,452,774,-1,774,452,451,-1,774,451,775,-1,775,451,450,-1,775,450,776,-1,776,450,453,-1,776,453,777,-1,777,453,456,-1,777,456,778,-1,778,456,455,-1,778,455,405,-1,405,455,454,-1,405,454,440,-1,440,454,409,-1,406,408,411,-1,411,408,766,-1,411,766,409,-1,443,439,444,-1,444,439,432,-1,444,432,409,-1,438,763,437,-1,437,763,764,-1,437,764,436,-1,436,764,765,-1,436,765,435,-1,435,765,688,-1,435,688,434,-1,434,688,690,-1,434,690,433,-1,433,690,692,-1,433,692,426,-1,426,692,694,-1,426,694,423,-1,423,694,696,-1,423,696,422,-1,422,696,698,-1,422,698,421,-1,421,698,700,-1,421,700,420,-1,420,700,702,-1,420,702,419,-1,419,702,704,-1,419,704,418,-1,418,704,706,-1,418,706,417,-1,417,706,708,-1,417,708,406,-1,406,708,710,-1,406,710,407,-1,407,710,712,-1,407,712,404,-1,404,712,714,-1,404,714,405,-1,405,714,716,-1,405,716,778,-1,778,716,718,-1,778,718,777,-1,777,718,720,-1,777,720,776,-1,776,720,722,-1,776,722,775,-1,775,722,724,-1,775,724,774,-1,774,724,726,-1,774,726,773,-1,773,726,728,-1,773,728,772,-1,772,728,730,-1,772,730,771,-1,771,730,732,-1,771,732,770,-1,770,732,734,-1,770,734,769,-1,769,734,735,-1,769,735,768,-1,768,735,759,-1,768,759,767,-1,767,759,760,-1,767,760,443,-1,443,760,761,-1,443,761,439,-1,439,761,762,-1,439,762,438,-1,438,762,763,-1,779,780,781,-1,782,783,784,-1,785,786,787,-1,787,786,788,-1,784,789,790,-1,791,784,790,-1,792,789,784,-1,783,792,784,-1,784,793,794,-1,795,784,794,-1,796,793,784,-1,784,797,798,-1,799,800,798,-1,798,800,784,-1,801,797,784,-1,795,801,784,-1,791,796,784,-1,802,803,804,-1,804,803,805,-1,806,807,808,-1,808,807,809,-1,810,811,812,-1,780,779,813,-1,813,779,814,-1,813,814,815,-1,812,811,816,-1,817,818,819,-1,819,818,820,-1,819,820,784,-1,821,802,822,-1,822,802,804,-1,822,804,784,-1,805,784,804,-1,823,821,824,-1,824,821,822,-1,824,822,784,-1,825,806,826,-1,826,806,808,-1,826,808,784,-1,809,784,808,-1,827,825,828,-1,828,825,826,-1,828,826,784,-1,803,827,805,-1,805,827,828,-1,805,828,784,-1,829,810,830,-1,830,810,812,-1,830,812,784,-1,816,784,812,-1,831,829,832,-1,832,829,830,-1,832,830,784,-1,818,831,820,-1,820,831,832,-1,820,832,784,-1,807,817,809,-1,809,817,819,-1,809,819,784,-1,833,834,835,-1,835,834,836,-1,835,836,837,-1,836,838,837,-1,837,838,839,-1,837,839,840,-1,840,839,841,-1,841,842,840,-1,840,842,843,-1,840,843,844,-1,844,843,845,-1,844,845,846,-1,845,847,846,-1,846,847,848,-1,846,848,849,-1,848,850,849,-1,849,850,851,-1,849,851,852,-1,852,851,853,-1,852,853,854,-1,854,853,855,-1,855,856,854,-1,854,856,857,-1,854,857,858,-1,858,857,859,-1,858,859,860,-1,859,861,860,-1,860,861,862,-1,860,862,863,-1,862,864,863,-1,863,864,865,-1,863,865,866,-1,865,867,866,-1,866,867,868,-1,866,868,869,-1,868,870,869,-1,869,870,871,-1,869,871,872,-1,872,871,873,-1,872,873,874,-1,874,873,875,-1,874,875,876,-1,875,877,876,-1,876,877,878,-1,876,878,879,-1,879,878,880,-1,879,880,881,-1,880,882,881,-1,881,882,883,-1,881,883,884,-1,884,883,885,-1,885,886,884,-1,884,886,887,-1,884,887,888,-1,888,887,889,-1,888,889,890,-1,889,891,890,-1,890,891,892,-1,890,892,893,-1,892,894,893,-1,893,894,895,-1,893,895,896,-1,896,895,897,-1,896,897,898,-1,898,897,899,-1,899,900,898,-1,898,900,901,-1,898,901,902,-1,902,901,903,-1,902,903,904,-1,904,903,905,-1,904,905,906,-1,905,907,906,-1,906,907,908,-1,906,908,909,-1,908,910,909,-1,909,910,911,-1,909,911,912,-1,911,913,912,-1,912,913,914,-1,912,914,915,-1,915,914,916,-1,915,916,917,-1,917,916,918,-1,917,918,833,-1,833,918,919,-1,833,919,834,-1,920,921,922,-1,922,921,923,-1,922,923,924,-1,924,923,925,-1,924,925,926,-1,926,925,927,-1,926,927,928,-1,928,927,929,-1,928,929,930,-1,930,929,931,-1,930,931,932,-1,932,931,933,-1,932,933,934,-1,934,933,935,-1,934,935,936,-1,936,935,937,-1,936,937,938,-1,938,937,939,-1,938,939,940,-1,940,939,941,-1,940,941,942,-1,942,941,943,-1,942,943,944,-1,944,943,945,-1,944,945,946,-1,946,945,947,-1,946,947,948,-1,948,947,949,-1,948,949,950,-1,950,949,951,-1,950,951,952,-1,952,951,953,-1,952,953,954,-1,954,953,955,-1,954,955,956,-1,956,955,957,-1,956,957,958,-1,958,957,959,-1,958,959,960,-1,960,959,961,-1,960,961,962,-1,962,961,963,-1,962,963,964,-1,964,963,965,-1,964,965,966,-1,966,965,967,-1,966,967,968,-1,968,967,969,-1,968,969,970,-1,970,969,971,-1,970,971,972,-1,972,971,973,-1,972,973,974,-1,974,973,975,-1,974,975,976,-1,976,975,977,-1,976,977,978,-1,978,977,979,-1,978,979,980,-1,980,979,981,-1,980,981,982,-1,982,981,983,-1,982,983,920,-1,920,983,921,-1,922,915,920,-1,920,915,917,-1,920,917,982,-1,982,917,833,-1,982,833,980,-1,980,833,835,-1,980,835,978,-1,978,835,837,-1,978,837,976,-1,976,837,840,-1,976,840,974,-1,974,840,844,-1,974,844,972,-1,972,844,846,-1,972,846,970,-1,970,846,849,-1,970,849,968,-1,968,849,852,-1,968,852,966,-1,966,852,854,-1,966,854,964,-1,964,854,858,-1,964,858,962,-1,962,858,860,-1,962,860,960,-1,960,860,863,-1,960,863,958,-1,958,863,866,-1,958,866,956,-1,956,866,869,-1,956,869,954,-1,954,869,872,-1,954,872,952,-1,952,872,874,-1,952,874,950,-1,950,874,876,-1,950,876,948,-1,948,876,879,-1,948,879,946,-1,946,879,881,-1,946,881,944,-1,944,881,884,-1,944,884,942,-1,942,884,888,-1,942,888,940,-1,940,888,890,-1,940,890,938,-1,938,890,893,-1,938,893,936,-1,936,893,896,-1,936,896,934,-1,934,896,898,-1,934,898,932,-1,932,898,902,-1,932,902,930,-1,930,902,904,-1,930,904,928,-1,928,904,906,-1,928,906,926,-1,926,906,909,-1,926,909,924,-1,924,909,912,-1,924,912,922,-1,922,912,915,-1,984,985,986,-1,986,985,987,-1,986,987,988,-1,988,987,989,-1,988,989,990,-1,990,989,991,-1,990,991,992,-1,992,991,993,-1,992,993,994,-1,994,993,995,-1,994,995,996,-1,996,995,997,-1,996,997,998,-1,998,997,999,-1,998,999,1000,-1,1000,999,1001,-1,1000,1001,1002,-1,1002,1001,1003,-1,1002,1003,1004,-1,1004,1003,1005,-1,1004,1005,1006,-1,1006,1005,1007,-1,1006,1007,1008,-1,1008,1007,1009,-1,1008,1009,1010,-1,1010,1009,1011,-1,1010,1011,1012,-1,1012,1011,1013,-1,1012,1013,1014,-1,1014,1013,1015,-1,1014,1015,1016,-1,1016,1015,1017,-1,1016,1017,1018,-1,1018,1017,1019,-1,1018,1019,1020,-1,1020,1019,1021,-1,1020,1021,1022,-1,1022,1021,1023,-1,1022,1023,1024,-1,1024,1023,1025,-1,1024,1025,1026,-1,1026,1025,1027,-1,1026,1027,1028,-1,1028,1027,1029,-1,1028,1029,1030,-1,1030,1029,1031,-1,1030,1031,1032,-1,1032,1031,1033,-1,1032,1033,1034,-1,1034,1033,1035,-1,1034,1035,1036,-1,1036,1035,1037,-1,1036,1037,1038,-1,1038,1037,1039,-1,1038,1039,1040,-1,1040,1039,1041,-1,1040,1041,1042,-1,1042,1041,1043,-1,1042,1043,1044,-1,1044,1043,1045,-1,1044,1045,1046,-1,1046,1045,1047,-1,1046,1047,984,-1,984,1047,985,-1,984,983,1046,-1,1046,983,981,-1,1046,981,1044,-1,1044,981,979,-1,1044,979,1042,-1,1042,979,977,-1,1042,977,1040,-1,1040,977,975,-1,1040,975,1038,-1,1038,975,973,-1,1038,973,1036,-1,1036,973,971,-1,1036,971,1034,-1,1034,971,969,-1,1034,969,1032,-1,1032,969,967,-1,1032,967,1030,-1,1030,967,965,-1,1030,965,1028,-1,1028,965,963,-1,1028,963,1026,-1,1026,963,961,-1,1026,961,1024,-1,1024,961,959,-1,1024,959,1022,-1,1022,959,957,-1,1022,957,1020,-1,1020,957,955,-1,1020,955,1018,-1,1018,955,953,-1,1018,953,1016,-1,1016,953,951,-1,1016,951,1014,-1,1014,951,949,-1,1014,949,1012,-1,1012,949,947,-1,1012,947,1010,-1,1010,947,945,-1,1010,945,1008,-1,1008,945,943,-1,1008,943,1006,-1,1006,943,941,-1,1006,941,1004,-1,1004,941,939,-1,1004,939,1002,-1,1002,939,937,-1,1002,937,1000,-1,1000,937,935,-1,1000,935,998,-1,998,935,933,-1,998,933,996,-1,996,933,931,-1,996,931,994,-1,994,931,929,-1,994,929,992,-1,992,929,927,-1,992,927,990,-1,990,927,925,-1,990,925,988,-1,988,925,923,-1,988,923,986,-1,986,923,921,-1,986,921,984,-1,984,921,983,-1,1048,1049,1050,-1,1050,1049,1051,-1,1050,1051,1052,-1,1052,1051,1053,-1,1052,1053,1054,-1,1054,1053,1055,-1,1054,1055,1056,-1,1056,1055,1057,-1,1056,1057,1058,-1,1058,1057,1059,-1,1058,1059,1060,-1,1060,1059,1061,-1,1060,1061,1062,-1,1062,1061,1063,-1,1062,1063,1064,-1,1064,1063,1065,-1,1064,1065,1066,-1,1066,1065,1067,-1,1066,1067,1068,-1,1068,1067,1069,-1,1068,1069,1070,-1,1070,1069,1071,-1,1070,1071,1072,-1,1072,1071,1073,-1,1072,1073,1074,-1,1074,1073,1075,-1,1074,1075,1076,-1,1076,1075,1077,-1,1076,1077,1078,-1,1078,1077,1079,-1,1078,1079,1080,-1,1080,1079,1081,-1,1080,1081,1082,-1,1082,1081,1083,-1,1082,1083,1084,-1,1084,1083,1085,-1,1084,1085,1086,-1,1086,1085,1087,-1,1086,1087,1088,-1,1088,1087,1089,-1,1088,1089,1090,-1,1090,1089,1091,-1,1090,1091,1092,-1,1092,1091,1093,-1,1092,1093,1094,-1,1094,1093,1095,-1,1094,1095,1096,-1,1096,1095,1097,-1,1096,1097,1098,-1,1098,1097,1099,-1,1098,1099,1100,-1,1100,1099,1101,-1,1100,1101,1102,-1,1102,1101,1103,-1,1102,1103,1104,-1,1104,1103,1105,-1,1104,1105,1106,-1,1106,1105,1107,-1,1106,1107,1108,-1,1108,1107,1109,-1,1108,1109,1110,-1,1110,1109,1111,-1,1063,1112,1065,-1,1065,1112,1113,-1,1065,1113,1067,-1,1067,1113,1114,-1,1067,1114,1069,-1,1069,1114,1115,-1,1069,1115,1071,-1,1071,1115,1116,-1,1071,1116,1073,-1,1073,1116,1117,-1,1073,1117,1075,-1,1075,1117,1118,-1,1075,1118,1077,-1,1077,1118,1119,-1,1077,1119,1079,-1,1079,1119,1120,-1,1079,1120,1081,-1,1081,1120,1121,-1,1081,1121,1083,-1,1083,1121,1122,-1,1083,1122,1085,-1,1085,1122,1123,-1,1085,1123,1087,-1,1087,1123,1124,-1,1087,1124,1089,-1,1089,1124,1125,-1,1089,1125,1091,-1,1091,1125,1126,-1,1091,1126,1093,-1,1093,1126,1127,-1,1093,1127,1095,-1,1095,1127,1128,-1,1095,1128,1097,-1,1097,1128,1129,-1,1097,1129,1099,-1,1099,1129,1130,-1,1099,1130,1101,-1,1101,1130,1131,-1,1101,1131,1103,-1,1103,1131,1132,-1,1103,1132,1105,-1,1105,1132,1133,-1,1105,1133,1107,-1,1107,1133,1134,-1,1107,1134,1109,-1,1109,1134,1048,-1,1109,1048,1111,-1,1111,1048,1050,-1,1111,1050,1135,-1,1135,1050,1052,-1,1135,1052,1136,-1,1136,1052,1054,-1,1136,1054,1137,-1,1137,1054,1056,-1,1137,1056,1138,-1,1138,1056,1058,-1,1138,1058,1139,-1,1139,1058,1060,-1,1139,1060,1140,-1,1140,1060,1062,-1,1140,1062,1141,-1,1141,1062,1064,-1,985,1053,987,-1,987,1053,1051,-1,987,1051,989,-1,989,1051,1049,-1,989,1049,991,-1,991,1049,1048,-1,991,1048,993,-1,993,1048,1134,-1,993,1134,995,-1,995,1134,1133,-1,995,1133,997,-1,997,1133,1132,-1,997,1132,999,-1,999,1132,1131,-1,999,1131,1001,-1,1001,1131,1130,-1,1001,1130,1003,-1,1003,1130,1129,-1,1003,1129,1005,-1,1005,1129,1128,-1,1005,1128,1007,-1,1007,1128,1127,-1,1007,1127,1009,-1,1009,1127,1126,-1,1009,1126,1011,-1,1011,1126,1125,-1,1011,1125,1013,-1,1013,1125,1124,-1,1013,1124,1015,-1,1015,1124,1123,-1,1015,1123,1017,-1,1017,1123,1122,-1,1017,1122,1019,-1,1019,1122,1121,-1,1019,1121,1021,-1,1021,1121,1120,-1,1021,1120,1023,-1,1023,1120,1119,-1,1023,1119,1025,-1,1025,1119,1118,-1,1025,1118,1027,-1,1027,1118,1117,-1,1027,1117,1029,-1,1029,1117,1116,-1,1029,1116,1031,-1,1031,1116,1115,-1,1031,1115,1033,-1,1033,1115,1114,-1,1033,1114,1035,-1,1035,1114,1113,-1,1035,1113,1037,-1,1037,1113,1112,-1,1037,1112,1039,-1,1039,1112,1063,-1,1039,1063,1041,-1,1041,1063,1061,-1,1041,1061,1043,-1,1043,1061,1059,-1,1043,1059,1045,-1,1045,1059,1057,-1,1045,1057,1047,-1,1047,1057,1055,-1,1047,1055,985,-1,985,1055,1053,-1,784,814,785,-1,785,814,779,-1,785,779,786,-1,786,779,781,-1,786,781,788,-1,787,784,785,-1,1142,815,1143,-1,1143,815,814,-1,1143,814,784,-1,811,1142,816,-1,816,1142,1143,-1,816,1143,784,-1,799,798,1144,-1,1144,798,797,-1,1144,797,1145,-1,1145,797,801,-1,1145,801,1146,-1,1146,801,795,-1,1146,795,1147,-1,1147,795,794,-1,1147,794,1148,-1,1148,794,793,-1,1148,793,1149,-1,1149,793,796,-1,1149,796,1150,-1,1150,796,791,-1,1150,791,1151,-1,1151,791,790,-1,1151,790,1152,-1,1152,790,789,-1,1152,789,1153,-1,1153,789,792,-1,1153,792,1154,-1,1154,792,783,-1,1154,783,788,-1,788,783,782,-1,788,782,787,-1,787,782,784,-1,799,823,800,-1,800,823,824,-1,800,824,784,-1,1137,821,1136,-1,1136,821,823,-1,1136,823,1135,-1,1135,823,799,-1,1135,799,1111,-1,1111,799,1144,-1,1111,1144,1110,-1,1110,1144,1145,-1,1110,1145,1108,-1,1108,1145,1146,-1,1108,1146,1106,-1,1106,1146,1147,-1,1106,1147,1104,-1,1104,1147,1148,-1,1104,1148,1102,-1,1102,1148,1149,-1,1102,1149,1100,-1,1100,1149,1150,-1,1100,1150,1098,-1,1098,1150,1151,-1,1098,1151,1096,-1,1096,1151,1152,-1,1096,1152,1094,-1,1094,1152,1153,-1,1094,1153,1092,-1,1092,1153,1154,-1,1092,1154,1090,-1,1090,1154,788,-1,1090,788,1088,-1,1088,788,781,-1,1088,781,1086,-1,1086,781,780,-1,1086,780,1084,-1,1084,780,813,-1,1084,813,1082,-1,1082,813,815,-1,1082,815,1080,-1,1080,815,1142,-1,1080,1142,1078,-1,1078,1142,811,-1,1078,811,1076,-1,1076,811,810,-1,1076,810,1074,-1,1074,810,829,-1,1074,829,1072,-1,1072,829,831,-1,1072,831,1070,-1,1070,831,818,-1,1070,818,1068,-1,1068,818,817,-1,1068,817,1066,-1,1066,817,807,-1,1066,807,1064,-1,1064,807,806,-1,1064,806,1141,-1,1141,806,825,-1,1141,825,1140,-1,1140,825,827,-1,1140,827,1139,-1,1139,827,803,-1,1139,803,1138,-1,1138,803,802,-1,1138,802,1137,-1,1137,802,821,-1,1155,1156,1157,-1,1158,1159,1160,-1,1161,1162,1163,-1,1164,1162,1161,-1,1161,1165,1166,-1,1167,1161,1166,-1,1168,1165,1161,-1,1167,1164,1161,-1,1158,1163,1169,-1,1169,1163,1162,-1,1169,1162,1170,-1,1170,1162,1164,-1,1170,1164,1171,-1,1171,1164,1167,-1,1171,1167,1172,-1,1172,1167,1166,-1,1172,1166,1173,-1,1173,1166,1165,-1,1173,1165,1174,-1,1174,1165,1168,-1,1174,1168,1175,-1,1161,1176,1177,-1,1178,1179,1177,-1,1177,1179,1161,-1,1180,1176,1161,-1,1161,1181,1182,-1,1183,1161,1182,-1,1184,1181,1161,-1,1183,1180,1161,-1,1178,1177,1185,-1,1185,1177,1176,-1,1185,1176,1186,-1,1186,1176,1180,-1,1186,1180,1187,-1,1187,1180,1183,-1,1187,1183,1188,-1,1188,1183,1182,-1,1188,1182,1189,-1,1189,1182,1181,-1,1189,1181,1190,-1,1190,1181,1184,-1,1190,1184,1191,-1,1178,1175,1179,-1,1179,1175,1168,-1,1179,1168,1161,-1,1155,1157,1192,-1,1161,1193,1194,-1,1195,1196,1194,-1,1194,1196,1161,-1,1197,1193,1161,-1,1161,1198,1199,-1,1200,1161,1199,-1,1201,1198,1161,-1,1200,1197,1161,-1,1161,1202,1203,-1,1204,1161,1203,-1,1205,1202,1161,-1,1161,1206,1207,-1,1208,1161,1207,-1,1208,1205,1161,-1,1204,1201,1161,-1,1209,1210,1211,-1,1212,1213,1211,-1,1211,1213,1214,-1,1211,1214,1209,-1,1215,1216,1217,-1,1217,1216,1218,-1,1217,1218,1219,-1,1219,1218,1220,-1,1219,1220,1221,-1,1221,1220,1222,-1,1221,1222,1212,-1,1212,1222,1223,-1,1212,1223,1213,-1,1215,1217,1224,-1,1224,1217,1225,-1,1224,1225,1226,-1,1226,1225,1227,-1,1226,1227,1228,-1,1228,1227,1229,-1,1229,1227,1230,-1,1229,1230,1231,-1,1231,1230,1232,-1,1232,1230,1233,-1,1232,1233,1234,-1,1234,1233,1235,-1,1234,1235,1236,-1,1237,1238,1235,-1,1235,1238,1239,-1,1235,1239,1236,-1,1240,1241,1242,-1,1242,1241,1243,-1,1242,1243,1237,-1,1237,1243,1244,-1,1237,1244,1238,-1,1245,1246,1247,-1,1247,1246,1248,-1,1247,1248,1249,-1,1249,1248,1250,-1,1249,1250,1240,-1,1240,1250,1251,-1,1240,1251,1241,-1,1252,1253,1245,-1,1245,1253,1254,-1,1245,1254,1246,-1,1255,1256,1252,-1,1252,1256,1257,-1,1252,1257,1253,-1,1258,1259,1255,-1,1255,1259,1260,-1,1255,1260,1256,-1,1261,1262,1263,-1,1263,1262,1264,-1,1263,1264,1265,-1,1265,1264,1266,-1,1265,1266,1258,-1,1258,1266,1267,-1,1258,1267,1259,-1,1261,1263,1268,-1,1268,1263,1269,-1,1268,1269,1270,-1,1270,1269,1271,-1,1270,1271,1272,-1,1272,1271,1273,-1,1273,1271,1274,-1,1273,1274,1275,-1,1275,1274,1276,-1,1276,1274,1277,-1,1276,1277,1278,-1,1278,1277,1279,-1,1278,1279,1280,-1,1281,1282,1279,-1,1279,1282,1283,-1,1279,1283,1280,-1,1284,1285,1286,-1,1286,1285,1287,-1,1286,1287,1281,-1,1281,1287,1288,-1,1281,1288,1282,-1,1209,1289,1210,-1,1210,1289,1290,-1,1210,1290,1291,-1,1291,1290,1292,-1,1291,1292,1293,-1,1293,1292,1294,-1,1293,1294,1284,-1,1284,1294,1295,-1,1284,1295,1285,-1,1296,1297,1298,-1,1298,1297,1299,-1,1298,1299,1300,-1,1300,1299,1301,-1,1300,1301,1302,-1,1302,1301,1303,-1,1302,1303,1304,-1,1304,1303,1305,-1,1304,1305,1306,-1,1306,1305,1307,-1,1306,1307,1308,-1,1308,1307,1309,-1,1308,1309,1310,-1,1310,1309,1311,-1,1310,1311,1312,-1,1312,1311,1313,-1,1312,1313,1314,-1,1314,1313,1315,-1,1314,1315,1316,-1,1316,1315,1317,-1,1316,1317,1318,-1,1318,1317,1319,-1,1318,1319,1320,-1,1320,1319,1321,-1,1320,1321,1322,-1,1322,1321,1323,-1,1322,1323,1324,-1,1324,1323,1325,-1,1324,1325,1326,-1,1326,1325,1327,-1,1326,1327,1328,-1,1328,1327,1329,-1,1328,1329,1330,-1,1330,1329,1331,-1,1330,1331,1332,-1,1332,1331,1333,-1,1332,1333,1334,-1,1334,1333,1335,-1,1334,1335,1336,-1,1336,1335,1337,-1,1336,1337,1338,-1,1338,1337,1339,-1,1338,1339,1340,-1,1340,1339,1341,-1,1340,1341,1342,-1,1342,1341,1343,-1,1342,1343,1344,-1,1344,1343,1345,-1,1344,1345,1346,-1,1346,1345,1347,-1,1346,1347,1348,-1,1348,1347,1349,-1,1348,1349,1350,-1,1350,1349,1351,-1,1350,1351,1352,-1,1352,1351,1353,-1,1352,1353,1354,-1,1354,1353,1355,-1,1354,1355,1356,-1,1356,1355,1357,-1,1356,1357,1358,-1,1358,1357,1359,-1,1358,1359,1296,-1,1296,1359,1297,-1,1298,1293,1296,-1,1296,1293,1284,-1,1296,1284,1358,-1,1358,1284,1286,-1,1358,1286,1356,-1,1356,1286,1281,-1,1356,1281,1354,-1,1354,1281,1279,-1,1354,1279,1352,-1,1352,1279,1277,-1,1352,1277,1350,-1,1350,1277,1274,-1,1350,1274,1348,-1,1348,1274,1271,-1,1348,1271,1346,-1,1346,1271,1269,-1,1346,1269,1344,-1,1344,1269,1263,-1,1344,1263,1342,-1,1342,1263,1265,-1,1342,1265,1340,-1,1340,1265,1258,-1,1340,1258,1338,-1,1338,1258,1255,-1,1338,1255,1336,-1,1336,1255,1252,-1,1336,1252,1334,-1,1334,1252,1245,-1,1334,1245,1332,-1,1332,1245,1247,-1,1332,1247,1330,-1,1330,1247,1249,-1,1330,1249,1328,-1,1328,1249,1240,-1,1328,1240,1326,-1,1326,1240,1242,-1,1326,1242,1324,-1,1324,1242,1237,-1,1324,1237,1322,-1,1322,1237,1235,-1,1322,1235,1320,-1,1320,1235,1233,-1,1320,1233,1318,-1,1318,1233,1230,-1,1318,1230,1316,-1,1316,1230,1227,-1,1316,1227,1314,-1,1314,1227,1225,-1,1314,1225,1312,-1,1312,1225,1217,-1,1312,1217,1310,-1,1310,1217,1219,-1,1310,1219,1308,-1,1308,1219,1221,-1,1308,1221,1306,-1,1306,1221,1212,-1,1306,1212,1304,-1,1304,1212,1211,-1,1304,1211,1302,-1,1302,1211,1210,-1,1302,1210,1300,-1,1300,1210,1291,-1,1300,1291,1298,-1,1298,1291,1293,-1,1360,1361,1362,-1,1362,1361,1363,-1,1362,1363,1364,-1,1364,1363,1365,-1,1364,1365,1366,-1,1366,1365,1367,-1,1366,1367,1368,-1,1368,1367,1369,-1,1368,1369,1370,-1,1370,1369,1371,-1,1370,1371,1372,-1,1372,1371,1373,-1,1372,1373,1374,-1,1374,1373,1375,-1,1374,1375,1376,-1,1376,1375,1377,-1,1376,1377,1378,-1,1378,1377,1379,-1,1378,1379,1380,-1,1380,1379,1381,-1,1380,1381,1382,-1,1382,1381,1383,-1,1382,1383,1384,-1,1384,1383,1385,-1,1384,1385,1386,-1,1386,1385,1387,-1,1386,1387,1388,-1,1388,1387,1389,-1,1388,1389,1390,-1,1390,1389,1391,-1,1390,1391,1392,-1,1392,1391,1393,-1,1392,1393,1394,-1,1394,1393,1395,-1,1394,1395,1396,-1,1396,1395,1397,-1,1396,1397,1398,-1,1398,1397,1399,-1,1398,1399,1400,-1,1400,1399,1401,-1,1400,1401,1402,-1,1402,1401,1403,-1,1402,1403,1404,-1,1404,1403,1405,-1,1404,1405,1406,-1,1406,1405,1407,-1,1406,1407,1408,-1,1408,1407,1409,-1,1408,1409,1410,-1,1410,1409,1411,-1,1410,1411,1412,-1,1412,1411,1413,-1,1412,1413,1414,-1,1414,1413,1415,-1,1414,1415,1416,-1,1416,1415,1417,-1,1416,1417,1418,-1,1418,1417,1419,-1,1418,1419,1420,-1,1420,1419,1421,-1,1420,1421,1422,-1,1422,1421,1423,-1,1422,1423,1360,-1,1360,1423,1361,-1,1423,1359,1361,-1,1361,1359,1357,-1,1361,1357,1363,-1,1363,1357,1355,-1,1363,1355,1365,-1,1365,1355,1353,-1,1365,1353,1367,-1,1367,1353,1351,-1,1367,1351,1369,-1,1369,1351,1349,-1,1369,1349,1371,-1,1371,1349,1347,-1,1371,1347,1373,-1,1373,1347,1345,-1,1373,1345,1375,-1,1375,1345,1343,-1,1375,1343,1377,-1,1377,1343,1341,-1,1377,1341,1379,-1,1379,1341,1339,-1,1379,1339,1381,-1,1381,1339,1337,-1,1381,1337,1383,-1,1383,1337,1335,-1,1383,1335,1385,-1,1385,1335,1333,-1,1385,1333,1387,-1,1387,1333,1331,-1,1387,1331,1389,-1,1389,1331,1329,-1,1389,1329,1391,-1,1391,1329,1327,-1,1391,1327,1393,-1,1393,1327,1325,-1,1393,1325,1395,-1,1395,1325,1323,-1,1395,1323,1397,-1,1397,1323,1321,-1,1397,1321,1399,-1,1399,1321,1319,-1,1399,1319,1401,-1,1401,1319,1317,-1,1401,1317,1403,-1,1403,1317,1315,-1,1403,1315,1405,-1,1405,1315,1313,-1,1405,1313,1407,-1,1407,1313,1311,-1,1407,1311,1409,-1,1409,1311,1309,-1,1409,1309,1411,-1,1411,1309,1307,-1,1411,1307,1413,-1,1413,1307,1305,-1,1413,1305,1415,-1,1415,1305,1303,-1,1415,1303,1417,-1,1417,1303,1301,-1,1417,1301,1419,-1,1419,1301,1299,-1,1419,1299,1421,-1,1421,1299,1297,-1,1421,1297,1423,-1,1423,1297,1359,-1,1424,1425,1426,-1,1426,1425,1427,-1,1426,1427,1428,-1,1428,1427,1429,-1,1428,1429,1430,-1,1430,1429,1431,-1,1430,1431,1432,-1,1432,1431,1433,-1,1432,1433,1434,-1,1434,1433,1435,-1,1434,1435,1436,-1,1436,1435,1437,-1,1436,1437,1438,-1,1438,1437,1439,-1,1438,1439,1440,-1,1440,1439,1441,-1,1440,1441,1442,-1,1442,1441,1443,-1,1442,1443,1444,-1,1444,1443,1445,-1,1444,1445,1446,-1,1446,1445,1447,-1,1446,1447,1448,-1,1448,1447,1449,-1,1448,1449,1450,-1,1450,1449,1451,-1,1450,1451,1452,-1,1452,1451,1453,-1,1452,1453,1454,-1,1454,1453,1455,-1,1454,1455,1456,-1,1456,1455,1457,-1,1456,1457,1458,-1,1458,1457,1459,-1,1458,1459,1460,-1,1460,1459,1461,-1,1460,1461,1462,-1,1462,1461,1463,-1,1462,1463,1464,-1,1464,1463,1465,-1,1464,1465,1466,-1,1466,1465,1467,-1,1466,1467,1468,-1,1468,1467,1469,-1,1468,1469,1470,-1,1470,1469,1471,-1,1470,1471,1472,-1,1472,1471,1473,-1,1472,1473,1474,-1,1474,1473,1475,-1,1474,1475,1476,-1,1476,1475,1477,-1,1476,1477,1478,-1,1478,1477,1479,-1,1478,1479,1480,-1,1480,1479,1481,-1,1480,1481,1482,-1,1482,1481,1483,-1,1482,1483,1484,-1,1484,1483,1485,-1,1484,1485,1486,-1,1486,1485,1487,-1,1439,1488,1441,-1,1441,1488,1489,-1,1441,1489,1443,-1,1443,1489,1490,-1,1443,1490,1445,-1,1445,1490,1491,-1,1445,1491,1447,-1,1447,1491,1492,-1,1447,1492,1449,-1,1449,1492,1493,-1,1449,1493,1451,-1,1451,1493,1494,-1,1451,1494,1453,-1,1453,1494,1495,-1,1453,1495,1455,-1,1455,1495,1496,-1,1455,1496,1457,-1,1457,1496,1497,-1,1457,1497,1459,-1,1459,1497,1498,-1,1459,1498,1461,-1,1461,1498,1499,-1,1461,1499,1463,-1,1463,1499,1500,-1,1463,1500,1465,-1,1465,1500,1501,-1,1465,1501,1467,-1,1467,1501,1502,-1,1467,1502,1469,-1,1469,1502,1503,-1,1469,1503,1471,-1,1471,1503,1504,-1,1471,1504,1473,-1,1473,1504,1505,-1,1473,1505,1475,-1,1475,1505,1506,-1,1475,1506,1477,-1,1477,1506,1507,-1,1477,1507,1479,-1,1479,1507,1508,-1,1479,1508,1481,-1,1481,1508,1509,-1,1481,1509,1483,-1,1483,1509,1510,-1,1483,1510,1485,-1,1485,1510,1424,-1,1485,1424,1487,-1,1487,1424,1426,-1,1487,1426,1511,-1,1511,1426,1428,-1,1511,1428,1512,-1,1512,1428,1430,-1,1512,1430,1513,-1,1513,1430,1432,-1,1513,1432,1514,-1,1514,1432,1434,-1,1514,1434,1515,-1,1515,1434,1436,-1,1515,1436,1516,-1,1516,1436,1438,-1,1516,1438,1517,-1,1517,1438,1440,-1,1433,1360,1435,-1,1435,1360,1362,-1,1435,1362,1437,-1,1437,1362,1364,-1,1437,1364,1439,-1,1439,1364,1366,-1,1439,1366,1488,-1,1488,1366,1368,-1,1488,1368,1489,-1,1489,1368,1370,-1,1489,1370,1490,-1,1490,1370,1372,-1,1490,1372,1491,-1,1491,1372,1374,-1,1491,1374,1492,-1,1492,1374,1376,-1,1492,1376,1493,-1,1493,1376,1378,-1,1493,1378,1494,-1,1494,1378,1380,-1,1494,1380,1495,-1,1495,1380,1382,-1,1495,1382,1496,-1,1496,1382,1384,-1,1496,1384,1497,-1,1497,1384,1386,-1,1497,1386,1498,-1,1498,1386,1388,-1,1498,1388,1499,-1,1499,1388,1390,-1,1499,1390,1500,-1,1500,1390,1392,-1,1500,1392,1501,-1,1501,1392,1394,-1,1501,1394,1502,-1,1502,1394,1396,-1,1502,1396,1503,-1,1503,1396,1398,-1,1503,1398,1504,-1,1504,1398,1400,-1,1504,1400,1505,-1,1505,1400,1402,-1,1505,1402,1506,-1,1506,1402,1404,-1,1506,1404,1507,-1,1507,1404,1406,-1,1507,1406,1508,-1,1508,1406,1408,-1,1508,1408,1509,-1,1509,1408,1410,-1,1509,1410,1510,-1,1510,1410,1412,-1,1510,1412,1424,-1,1424,1412,1414,-1,1424,1414,1425,-1,1425,1414,1416,-1,1425,1416,1427,-1,1427,1416,1418,-1,1427,1418,1429,-1,1429,1418,1420,-1,1429,1420,1431,-1,1431,1420,1422,-1,1431,1422,1433,-1,1433,1422,1360,-1,1159,1156,1160,-1,1160,1156,1155,-1,1160,1155,1518,-1,1518,1155,1192,-1,1518,1192,1161,-1,1195,1194,1519,-1,1519,1194,1193,-1,1519,1193,1520,-1,1520,1193,1197,-1,1520,1197,1521,-1,1521,1197,1200,-1,1521,1200,1522,-1,1522,1200,1199,-1,1522,1199,1523,-1,1523,1199,1198,-1,1523,1198,1524,-1,1524,1198,1201,-1,1524,1201,1525,-1,1525,1201,1204,-1,1525,1204,1526,-1,1526,1204,1203,-1,1526,1203,1527,-1,1527,1203,1202,-1,1527,1202,1528,-1,1528,1202,1205,-1,1528,1205,1529,-1,1529,1205,1208,-1,1529,1208,1530,-1,1530,1208,1207,-1,1530,1207,1157,-1,1157,1207,1206,-1,1157,1206,1192,-1,1192,1206,1161,-1,1158,1160,1163,-1,1163,1160,1518,-1,1163,1518,1161,-1,1195,1191,1196,-1,1196,1191,1184,-1,1196,1184,1161,-1,1190,1515,1189,-1,1189,1515,1516,-1,1189,1516,1188,-1,1188,1516,1517,-1,1188,1517,1187,-1,1187,1517,1440,-1,1187,1440,1186,-1,1186,1440,1442,-1,1186,1442,1185,-1,1185,1442,1444,-1,1185,1444,1178,-1,1178,1444,1446,-1,1178,1446,1175,-1,1175,1446,1448,-1,1175,1448,1174,-1,1174,1448,1450,-1,1174,1450,1173,-1,1173,1450,1452,-1,1173,1452,1172,-1,1172,1452,1454,-1,1172,1454,1171,-1,1171,1454,1456,-1,1171,1456,1170,-1,1170,1456,1458,-1,1170,1458,1169,-1,1169,1458,1460,-1,1169,1460,1158,-1,1158,1460,1462,-1,1158,1462,1159,-1,1159,1462,1464,-1,1159,1464,1156,-1,1156,1464,1466,-1,1156,1466,1157,-1,1157,1466,1468,-1,1157,1468,1530,-1,1530,1468,1470,-1,1530,1470,1529,-1,1529,1470,1472,-1,1529,1472,1528,-1,1528,1472,1474,-1,1528,1474,1527,-1,1527,1474,1476,-1,1527,1476,1526,-1,1526,1476,1478,-1,1526,1478,1525,-1,1525,1478,1480,-1,1525,1480,1524,-1,1524,1480,1482,-1,1524,1482,1523,-1,1523,1482,1484,-1,1523,1484,1522,-1,1522,1484,1486,-1,1522,1486,1521,-1,1521,1486,1487,-1,1521,1487,1520,-1,1520,1487,1511,-1,1520,1511,1519,-1,1519,1511,1512,-1,1519,1512,1195,-1,1195,1512,1513,-1,1195,1513,1191,-1,1191,1513,1514,-1,1191,1514,1190,-1,1190,1514,1515,-1,
        ]
    }
}
Shape{
    appearance Appearance {
        material  Material 	{
            diffuseColor 0.6470588235294118 0.6196078431372549 0.5882352941176471
            specularColor 0.45098039215686275 0.43529411764705883 0.4117647058823529
            ambientIntensity 0.2
            transparency 0
            shininess 0.5
        }
    }
    geometry IndexedFaceSet {
        ccw TRUE
        solid FALSE
        coord DEF co Coordinate {
            point [
                0.1378 -0.0591 -1.9291, 0.1378 -0.1575 -1.9291, 0.1331 -0.1575 -1.9648, 0.1331 -0.0591 -1.9648, 0.1193 -0.1575 -1.998, 0.1193 -0.0591 -1.998, 0.0974 -0.1575 -2.0266, 0.0974 -0.0591 -2.0266, 0.0689 -0.1575 -2.0485, 0.0689 -0.0591 -2.0485, 0.0357 -0.1575 -2.0622, 0.0357 -0.0591 -2.0622, -0.0 -0.1575 -2.0669, -0.0 -0.0591 -2.0669, -0.0357 -0.0591 -2.0622, -0.0 -0.1575 -2.0669, -0.0357 -0.1575 -2.0622, -0.0689 -0.1575 -2.0485, -0.0689 -0.0591 -2.0485, -0.0974 -0.1575 -2.0266, -0.0974 -0.0591 -2.0266, -0.1193 -0.1575 -1.998, -0.1193 -0.0591 -1.998, -0.1331 -0.1575 -1.9648, -0.1331 -0.0591 -1.9648, -0.1378 -0.1575 -1.9291, -0.1378 -0.0591 -1.9291, 0.7677 -0.0591 0.8858, 0.7677 -0.1575 0.8858, 0.7983 -0.1575 0.8818, 0.7983 -0.0591 0.8818, 0.8268 -0.1575 0.87, 0.8268 -0.0591 0.87, 0.8512 -0.1575 0.8512, 0.8512 -0.0591 0.8512, 0.87 -0.1575 0.8268, 0.87 -0.0591 0.8268, 0.8818 -0.1575 0.7983, 0.8818 -0.0591 0.7983, 0.8858 -0.1575 0.7677, 0.8858 -0.0591 0.7677, 0.8858 -0.0591 -0.7677, 0.8858 -0.1575 -0.7677, 0.8818 -0.1575 -0.7983, 0.8818 -0.0591 -0.7983, 0.87 -0.1575 -0.8268, 0.87 -0.0591 -0.8268, 0.8512 -0.1575 -0.8512, 0.8512 -0.0591 -0.8512, 0.8268 -0.1575 -0.87, 0.8268 -0.0591 -0.87, 0.7983 -0.1575 -0.8818, 0.7983 -0.0591 -0.8818, 0.7677 -0.1575 -0.8858, 0.7677 -0.0591 -0.8858, -0.7677 -0.0591 -0.8858, -0.7677 -0.1575 -0.8858, -0.7983 -0.1575 -0.8818, -0.7983 -0.0591 -0.8818, -0.8268 -0.1575 -0.87, -0.8268 -0.0591 -0.87, -0.8512 -0.1575 -0.8512, -0.8512 -0.0591 -0.8512, -0.87 -0.1575 -0.8268, -0.87 -0.0591 -0.8268, -0.8818 -0.1575 -0.7983, -0.8818 -0.0591 -0.7983, -0.8858 -0.1575 -0.7677, -0.8858 -0.0591 -0.7677, -0.8858 -0.0591 0.7677, -0.8858 -0.1575 0.7677, -0.8818 -0.1575 0.7983, -0.8818 -0.0591 0.7983, -0.87 -0.1575 0.8268, -0.87 -0.0591 0.8268, -0.8512 -0.1575 0.8512, -0.8512 -0.0591 0.8512, -0.8268 -0.1575 0.87, -0.8268 -0.0591 0.87, -0.7983 -0.1575 0.8818, -0.7983 -0.0591 0.8818, -0.7677 -0.1575 0.8858, -0.7677 -0.0591 0.8858, -0.7677 -0.0591 0.8858
            ]
        }
        coordIndex [
            0,1,2,-1,0,2,3,-1,3,2,4,-1,3,4,5,-1,5,4,6,-1,5,6,7,-1,7,6,8,-1,7,8,9,-1,9,8,10,-1,9,10,11,-1,11,10,12,-1,11,12,13,-1,13,12,14,-1,14,12,15,-1,15,16,14,-1,14,16,17,-1,14,17,18,-1,18,17,19,-1,18,19,20,-1,20,19,21,-1,20,21,22,-1,22,21,23,-1,22,23,24,-1,24,23,25,-1,24,25,26,-1,27,28,29,-1,27,29,30,-1,30,29,31,-1,30,31,32,-1,32,31,33,-1,32,33,34,-1,34,33,35,-1,34,35,36,-1,36,35,37,-1,36,37,38,-1,38,37,39,-1,38,39,40,-1,41,42,43,-1,41,43,44,-1,44,43,45,-1,44,45,46,-1,46,45,47,-1,46,47,48,-1,48,47,49,-1,48,49,50,-1,50,49,51,-1,50,51,52,-1,52,51,53,-1,52,53,54,-1,55,56,57,-1,55,57,58,-1,58,57,59,-1,58,59,60,-1,60,59,61,-1,60,61,62,-1,62,61,63,-1,62,63,64,-1,64,63,65,-1,64,65,66,-1,66,65,67,-1,66,67,68,-1,69,70,71,-1,69,71,72,-1,72,71,73,-1,72,73,74,-1,74,73,75,-1,74,75,76,-1,76,75,77,-1,76,77,78,-1,78,77,79,-1,78,79,80,-1,80,79,81,-1,80,81,82,-1,
        ]
    }
}