#VRML V2.0 utf8
# 3D model generated by easyeda2kicad.py (https://github.com/uPesy/easyeda2kicad.py)

Shape{
    appearance Appearance {
        material  Material 	{
            diffuseColor 0.7764705882352941 0.7568627450980392 0.7372549019607844
            specularColor 0.38823529411764707 0.3764705882352941 0.3686274509803922
            ambientIntensity 0.2
            transparency 0
            shininess 0.5
        }
    }
    geometry IndexedFaceSet {
        ccw TRUE
        solid FALSE
        coord DEF co Coordinate {
            point [
                -1.3925 -0.1796 -1.1824, -1.4131 -0.1796 -1.2181, -1.7649 -0.1796 -1.1433, -1.7692 -0.1796 0.3937, -1.3755 -0.1796 0.3937, -1.7692 -0.1796 -1.1024, -1.3755 -0.1796 -1.1024, -1.3798 -0.1796 -1.1433, -1.4739 -0.1796 -1.2728, -1.5115 -0.1796 -1.2896, -1.5518 -0.1796 -1.2981, -1.4406 -0.1796 -1.2487, -1.6332 -0.1796 -1.2896, -1.6708 -0.1796 -1.2728, -1.7041 -0.1796 -1.2487, -1.5929 -0.1796 -1.2981, -1.7316 -0.1796 -1.2181, -1.7522 -0.1796 -1.1824, -1.3755 -0.3765 0.3937, -1.3755 -0.3765 -1.1024, -1.7692 -0.3765 0.3937, -1.7692 -0.3765 -1.1024, -1.7649 -0.3765 -1.1433, -1.3798 -0.3765 -1.1433, -1.3925 -0.3765 -1.1824, -1.7316 -0.3765 -1.2181, -1.7041 -0.3765 -1.2487, -1.4131 -0.3765 -1.2181, -1.6708 -0.3765 -1.2728, -1.6332 -0.3765 -1.2896, -1.7522 -0.3765 -1.1824, -1.5518 -0.3765 -1.2981, -1.5115 -0.3765 -1.2896, -1.4739 -0.3765 -1.2728, -1.5929 -0.3765 -1.2981, -1.4406 -0.3765 -1.2487, -0.1156 -0.1796 0.3937, -0.1156 -0.3765 0.3937, -0.1156 -0.1796 -1.1024, -0.1156 -0.3765 -1.1024, -0.1327 -0.3765 -1.1824, -0.12 -0.3765 -1.1433, -0.3733 -0.3765 -1.2896, -0.4109 -0.3765 -1.2728, -0.5094 -0.3765 0.3937, -0.5094 -0.3765 -1.1024, -0.505 -0.3765 -1.1433, -0.4923 -0.3765 -1.1824, -0.4718 -0.3765 -1.2181, -0.4442 -0.3765 -1.2487, -0.3331 -0.3765 -1.2981, -0.1808 -0.3765 -1.2487, -0.1532 -0.3765 -1.2181, -0.2919 -0.3765 -1.2981, -0.2517 -0.3765 -1.2896, -0.2141 -0.3765 -1.2728, -0.5094 -0.1796 -1.1024, -0.5094 -0.1796 0.3937, -0.12 -0.1796 -1.1433, -0.505 -0.1796 -1.1433, -0.1327 -0.1796 -1.1824, -0.3733 -0.1796 -1.2896, -0.4109 -0.1796 -1.2728, -0.4442 -0.1796 -1.2487, -0.2919 -0.1796 -1.2981, -0.1808 -0.1796 -1.2487, -0.2517 -0.1796 -1.2896, -0.2141 -0.1796 -1.2728, -0.1532 -0.1796 -1.2181, -0.3331 -0.1796 -1.2981, -0.4718 -0.1796 -1.2181, -0.4923 -0.1796 -1.1824, 1.1442 -0.1796 0.3937, 1.1442 -0.3765 0.3937, 1.1442 -0.1796 -1.1024, 1.1442 -0.3765 -1.1024, 0.7505 -0.3765 0.3937, 0.7505 -0.3765 -1.1024, 1.1399 -0.3765 -1.1433, 0.7548 -0.3765 -1.1433, 1.1066 -0.3765 -1.2181, 1.1272 -0.3765 -1.1824, 0.7675 -0.3765 -1.1824, 0.7881 -0.3765 -1.2181, 0.8156 -0.3765 -1.2487, 0.8489 -0.3765 -1.2728, 0.8865 -0.3765 -1.2896, 1.0791 -0.3765 -1.2487, 0.9268 -0.3765 -1.2981, 0.9679 -0.3765 -1.2981, 1.0082 -0.3765 -1.2896, 1.0458 -0.3765 -1.2728, 0.7505 -0.1796 0.3937, 0.7505 -0.1796 -1.1024, 1.1399 -0.1796 -1.1433, 0.8489 -0.1796 -1.2728, 1.1066 -0.1796 -1.2181, 0.8865 -0.1796 -1.2896, 1.0791 -0.1796 -1.2487, 1.0458 -0.1796 -1.2728, 1.0082 -0.1796 -1.2896, 0.9679 -0.1796 -1.2981, 0.9268 -0.1796 -1.2981, 0.8156 -0.1796 -1.2487, 0.7881 -0.1796 -1.2181, 0.7675 -0.1796 -1.1824, 1.1272 -0.1796 -1.1824, 0.7548 -0.1796 -1.1433, 0.7548 -0.1796 -1.1433
            ]
        }
        coordIndex [
            0,1,2,-1,3,4,5,-1,5,4,6,-1,5,6,2,-1,2,6,7,-1,2,7,0,-1,8,9,10,-1,8,10,11,-1,12,13,1,-1,1,13,14,-1,11,10,1,-1,1,10,15,-1,1,15,12,-1,14,16,1,-1,1,16,17,-1,1,17,2,-1,4,18,6,-1,6,18,19,-1,19,18,20,-1,20,21,19,-1,19,21,22,-1,19,22,23,-1,23,22,24,-1,25,26,27,-1,27,26,28,-1,27,28,29,-1,24,22,27,-1,27,22,30,-1,27,30,25,-1,31,32,33,-1,29,34,27,-1,27,34,31,-1,27,31,35,-1,35,31,33,-1,21,20,5,-1,5,20,3,-1,20,18,3,-1,3,18,4,-1,6,19,23,-1,6,23,7,-1,7,23,24,-1,7,24,0,-1,0,24,27,-1,0,27,1,-1,1,27,35,-1,1,35,11,-1,11,35,33,-1,11,33,8,-1,8,33,32,-1,8,32,9,-1,9,32,31,-1,9,31,10,-1,10,31,34,-1,10,34,15,-1,15,34,29,-1,15,29,12,-1,12,29,28,-1,12,28,13,-1,13,28,26,-1,13,26,14,-1,14,26,25,-1,14,25,16,-1,16,25,30,-1,16,30,17,-1,17,30,22,-1,17,22,2,-1,2,22,21,-1,2,21,5,-1,36,37,38,-1,38,37,39,-1,40,41,42,-1,42,41,43,-1,37,44,39,-1,39,44,45,-1,39,45,41,-1,41,45,46,-1,41,46,47,-1,47,48,41,-1,41,48,49,-1,41,49,43,-1,50,51,42,-1,42,51,52,-1,42,52,40,-1,50,53,51,-1,51,53,54,-1,51,54,55,-1,56,57,36,-1,36,38,56,-1,56,38,58,-1,56,58,59,-1,60,61,58,-1,58,61,62,-1,58,62,63,-1,64,65,66,-1,66,65,67,-1,60,68,61,-1,61,68,65,-1,61,65,69,-1,69,65,64,-1,63,70,58,-1,58,70,71,-1,58,71,59,-1,45,44,56,-1,56,44,57,-1,57,44,36,-1,36,44,37,-1,38,39,41,-1,38,41,58,-1,58,41,40,-1,58,40,60,-1,60,40,52,-1,60,52,68,-1,68,52,51,-1,68,51,65,-1,65,51,55,-1,65,55,67,-1,67,55,54,-1,67,54,66,-1,66,54,53,-1,66,53,64,-1,64,53,50,-1,64,50,69,-1,69,50,42,-1,69,42,61,-1,61,42,43,-1,61,43,62,-1,62,43,49,-1,62,49,63,-1,63,49,48,-1,63,48,70,-1,70,48,47,-1,70,47,71,-1,71,47,46,-1,71,46,59,-1,59,46,45,-1,59,45,56,-1,72,73,74,-1,74,73,75,-1,73,76,75,-1,75,76,77,-1,75,77,78,-1,79,80,77,-1,77,80,81,-1,77,81,78,-1,79,82,80,-1,80,82,83,-1,80,83,84,-1,84,85,80,-1,80,85,86,-1,80,86,87,-1,87,86,88,-1,88,89,87,-1,87,89,90,-1,87,90,91,-1,92,72,93,-1,93,72,74,-1,93,74,94,-1,95,96,97,-1,97,96,98,-1,97,98,99,-1,99,100,97,-1,97,100,101,-1,97,101,102,-1,95,103,96,-1,96,103,104,-1,96,104,105,-1,94,106,93,-1,93,106,96,-1,93,96,107,-1,107,96,105,-1,77,76,93,-1,93,76,92,-1,92,76,72,-1,72,76,73,-1,74,75,78,-1,74,78,94,-1,94,78,81,-1,94,81,106,-1,106,81,80,-1,106,80,96,-1,96,80,87,-1,96,87,98,-1,98,87,91,-1,98,91,99,-1,99,91,90,-1,99,90,100,-1,100,90,89,-1,100,89,101,-1,101,89,88,-1,101,88,102,-1,102,88,86,-1,102,86,97,-1,97,86,85,-1,97,85,95,-1,95,85,84,-1,95,84,103,-1,103,84,83,-1,103,83,104,-1,104,83,82,-1,104,82,105,-1,105,82,79,-1,105,79,107,-1,107,79,77,-1,107,77,93,-1,
        ]
    }
}
Shape{
    appearance Appearance {
        material  Material 	{
            diffuseColor 0.9411764705882353 0.6078431372549019 0.0
            specularColor 0.2823529411764706 0.1843137254901961 0.0
            ambientIntensity 0.2
            transparency 0
            shininess 0.5
        }
    }
    geometry IndexedFaceSet {
        ccw TRUE
        solid FALSE
        coord DEF co Coordinate {
            point [
                -0.5004 0.2995 0.3937, -0.4557 0.2995 0.3937, -0.5004 0.1944 0.3937, -0.3462 -0.967 0.3937, -0.5162 0.1944 0.3937, -2.4779 -0.967 0.3937, -0.5162 0.3125 0.3937, -2.4779 0.3132 0.3937, -0.3854 0.2059 0.3937, -0.3599 0.2946 0.3937, -0.3711 0.2078 0.3937, -0.3578 0.2934 0.3937, -0.3578 0.2135 0.3937, -0.3578 0.1976 0.3937, -0.397 0.2072 0.3937, -0.4058 0.2104 0.3937, -0.4142 0.216 0.3937, -0.4213 0.2239 0.3937, -0.4261 0.2331 0.3937, -0.4293 0.2458 0.3937, -0.4298 0.2547 0.3937, -0.4286 0.2675 0.3937, -0.4254 0.2776 0.3937, -0.3881 0.301 0.3937, -0.415 0.2916 0.3937, -0.399 0.2998 0.3937, -0.4077 0.2966 0.3937, -0.4205 0.2858 0.3937, -0.3724 0.2992 0.3937, -0.4163 0.3085 0.3937, -0.4557 0.3125 0.3937, -0.4048 0.3124 0.3937, -0.3972 0.3132 0.3937, -0.4325 0.2144 0.3937, -0.4222 0.2045 0.3937, -0.4112 0.198 0.3937, -0.3982 0.1941 0.3937, -0.4259 0.3023 0.3937, -0.4348 0.2929 0.3937, -0.441 0.2816 0.3937, -0.4445 0.2691 0.3937, -0.3856 0.1929 0.3937, -0.3714 0.1939 0.3937, -0.4456 0.2557 0.3937, -0.4439 0.2389 0.3937, -0.4394 0.2255 0.3937, -0.3578 0.3064 0.3937, -0.3703 0.3115 0.3937, -0.3462 0.3132 0.3937, -0.3823 0.3132 0.3937, -0.3462 1.592 0.3937, -0.387 0.3139 0.3937, -2.4779 1.592 0.3937, -0.3903 0.3139 0.3937, -0.0553 0.3125 0.3937, -0.0672 0.2794 0.3937, -0.116 0.2794 0.3937, -0.1273 0.3125 0.3937, 1.8529 0.3132 0.3937, -0.038 0.3125 0.3937, -0.1446 0.3125 0.3937, -0.1549 0.2678 0.3937, -0.1591 0.2801 0.3937, -0.2713 0.3125 0.3937, -0.3347 0.3125 0.3937, -0.3347 0.1944 0.3937, -0.2742 0.1944 0.3937, 1.8529 -0.967 0.3937, -0.3189 0.2074 0.3937, -0.3189 0.2462 0.3937, -0.2742 0.2074 0.3937, -0.2771 0.2462 0.3937, -0.2483 0.1944 0.3937, -0.2771 0.2592 0.3937, -0.3189 0.2592 0.3937, -0.3189 0.2995 0.3937, -0.2713 0.2995 0.3937, -0.2483 0.3125 0.3937, -0.1659 0.2907 0.3937, -0.1756 0.3 0.3937, -0.188 0.3072 0.3937, -0.1979 0.1962 0.3937, -0.1841 0.2011 0.3937, -0.0999 0.1944 0.3937, -0.1606 0.2223 0.3937, -0.1557 0.2339 0.3937, -0.1534 0.2462 0.3937, -0.1532 0.252 0.3937, -0.215 0.1944 0.3937, -0.1724 0.2087 0.3937, -0.1678 0.2129 0.3937, -0.0841 0.1944 0.3937, -0.2162 0.3125 0.3937, -0.2016 0.3112 0.3937, 1.8529 1.592 0.3937, -2.4779 1.592 0.7874, 1.8529 1.592 0.7874, -2.4779 -0.967 0.7874, 1.8529 -0.967 0.7874, 1.8529 -0.967 0.7874
            ]
        }
        coordIndex [
            0,1,2,-1,2,1,3,-1,2,3,4,-1,4,3,5,-1,4,5,6,-1,6,5,7,-1,8,9,10,-1,10,9,11,-1,10,11,12,-1,12,11,3,-1,12,3,13,-1,8,14,9,-1,9,14,15,-1,9,15,16,-1,16,17,9,-1,9,17,18,-1,9,18,19,-1,19,20,9,-1,9,20,21,-1,9,21,22,-1,23,24,25,-1,25,24,26,-1,22,27,9,-1,9,27,24,-1,9,24,28,-1,28,24,23,-1,29,30,31,-1,31,30,32,-1,33,34,3,-1,3,34,35,-1,3,35,36,-1,29,37,30,-1,30,37,38,-1,30,38,1,-1,1,38,39,-1,1,39,40,-1,36,41,3,-1,3,41,42,-1,3,42,13,-1,40,43,1,-1,1,43,44,-1,1,44,3,-1,3,44,45,-1,3,45,33,-1,46,47,48,-1,48,47,49,-1,48,49,50,-1,50,49,51,-1,50,51,52,-1,52,51,53,-1,52,53,7,-1,7,53,32,-1,7,32,6,-1,6,32,30,-1,54,55,56,-1,56,57,54,-1,54,57,58,-1,54,58,59,-1,60,61,62,-1,63,64,48,-1,48,64,65,-1,66,67,65,-1,65,67,3,-1,65,3,48,-1,48,3,11,-1,48,11,46,-1,68,69,70,-1,70,69,71,-1,70,71,72,-1,72,71,73,-1,74,75,73,-1,73,75,76,-1,73,76,72,-1,72,76,77,-1,62,78,60,-1,60,78,79,-1,60,79,80,-1,81,82,83,-1,84,85,83,-1,83,85,86,-1,83,86,60,-1,60,86,87,-1,60,87,61,-1,88,67,72,-1,72,67,66,-1,72,66,70,-1,82,89,83,-1,83,89,90,-1,83,90,84,-1,59,58,91,-1,91,58,67,-1,91,67,83,-1,83,67,88,-1,83,88,81,-1,76,63,77,-1,77,63,48,-1,77,48,92,-1,92,48,60,-1,92,60,93,-1,93,60,80,-1,50,94,48,-1,48,94,58,-1,48,58,60,-1,60,58,57,-1,52,95,50,-1,50,95,96,-1,50,96,94,-1,5,97,7,-1,7,97,95,-1,7,95,52,-1,67,98,3,-1,3,98,97,-1,3,97,5,-1,94,96,58,-1,58,96,98,-1,58,98,67,-1,97,98,95,-1,95,98,96,-1,
        ]
    }
}
Shape{
    appearance Appearance {
        material  Material 	{
            diffuseColor 1.0 1.0 1.0
            specularColor 0.8784313725490196 0.8784313725490196 0.8784313725490196
            ambientIntensity 0.2
            transparency 0
            shininess 0.5
        }
    }
    geometry IndexedFaceSet {
        ccw TRUE
        solid FALSE
        coord DEF co Coordinate {
            point [
                -0.112 0.2664 0.3976, -0.0944 0.2171 0.3976, -0.0999 0.1944 0.3976, -0.1446 0.3125 0.3976, -0.1273 0.3125 0.3976, -0.116 0.2794 0.3976, -0.0933 0.213 0.3976, -0.0925 0.2088 0.3976, -0.0841 0.1944 0.3976, -0.0921 0.2088 0.3976, -0.0914 0.213 0.3976, -0.0725 0.2664 0.3976, -0.0672 0.2794 0.3976, -0.0903 0.2171 0.3976, -0.038 0.3125 0.3976, -0.0553 0.3125 0.3976, -0.0672 0.2794 0.3937, -0.0553 0.3125 0.3937, -0.0553 0.3125 0.3937
            ]
        }
        coordIndex [
            0,1,2,-1,3,4,5,-1,1,6,2,-1,2,6,7,-1,2,7,8,-1,8,7,9,-1,8,9,10,-1,2,3,0,-1,0,3,5,-1,0,5,11,-1,11,5,12,-1,10,13,8,-1,8,13,11,-1,8,11,14,-1,14,11,12,-1,14,12,15,-1,12,16,15,-1,15,16,17,-1,
        ]
    }
}
Shape{
    appearance Appearance {
        material  Material 	{
            diffuseColor 0.7764705882352941 0.7568627450980392 0.7372549019607844
            specularColor 0.38823529411764707 0.3764705882352941 0.3686274509803922
            ambientIntensity 0.2
            transparency 0
            shininess 0.5
        }
    }
    geometry IndexedFaceSet {
        ccw TRUE
        solid FALSE
        coord DEF co Coordinate {
            point [
                -0.116 0.2794 0.3976, -0.116 0.2794 0.3937, -0.0672 0.2794 0.3976, -0.0672 0.2794 0.3937, -0.0672 0.2794 0.3937
            ]
        }
        coordIndex [
            0,1,2,-1,2,1,3,-1,
        ]
    }
}
Shape{
    appearance Appearance {
        material  Material 	{
            diffuseColor 1.0 1.0 1.0
            specularColor 0.8784313725490196 0.8784313725490196 0.8784313725490196
            ambientIntensity 0.2
            transparency 0
            shininess 0.5
        }
    }
    geometry IndexedFaceSet {
        ccw TRUE
        solid FALSE
        coord DEF co Coordinate {
            point [
                -0.1273 0.3125 0.3976, -0.1273 0.3125 0.3937, -0.116 0.2794 0.3976, -0.116 0.2794 0.3937, -0.116 0.2794 0.3937
            ]
        }
        coordIndex [
            0,1,2,-1,2,1,3,-1,
        ]
    }
}
Shape{
    appearance Appearance {
        material  Material 	{
            diffuseColor 0.7764705882352941 0.7568627450980392 0.7372549019607844
            specularColor 0.38823529411764707 0.3764705882352941 0.3686274509803922
            ambientIntensity 0.2
            transparency 0
            shininess 0.5
        }
    }
    geometry IndexedFaceSet {
        ccw TRUE
        solid FALSE
        coord DEF co Coordinate {
            point [
                -0.1446 0.3125 0.3976, -0.1446 0.3125 0.3937, -0.1273 0.3125 0.3976, -0.1273 0.3125 0.3937, -0.1273 0.3125 0.3937
            ]
        }
        coordIndex [
            0,1,2,-1,2,1,3,-1,
        ]
    }
}
Shape{
    appearance Appearance {
        material  Material 	{
            diffuseColor 1.0 1.0 1.0
            specularColor 0.8784313725490196 0.8784313725490196 0.8784313725490196
            ambientIntensity 0.2
            transparency 0
            shininess 0.5
        }
    }
    geometry IndexedFaceSet {
        ccw TRUE
        solid FALSE
        coord DEF co Coordinate {
            point [
                -0.0999 0.1944 0.3976, -0.0999 0.1944 0.3937, -0.1446 0.3125 0.3976, -0.1446 0.3125 0.3937, -0.0841 0.1944 0.3976, -0.0841 0.1944 0.3937, -0.038 0.3125 0.3976, -0.038 0.3125 0.3937, -0.038 0.3125 0.3937
            ]
        }
        coordIndex [
            0,1,2,-1,2,1,3,-1,4,5,0,-1,0,5,1,-1,6,7,4,-1,4,7,5,-1,
        ]
    }
}
Shape{
    appearance Appearance {
        material  Material 	{
            diffuseColor 0.7764705882352941 0.7568627450980392 0.7372549019607844
            specularColor 0.38823529411764707 0.3764705882352941 0.3686274509803922
            ambientIntensity 0.2
            transparency 0
            shininess 0.5
        }
    }
    geometry IndexedFaceSet {
        ccw TRUE
        solid FALSE
        coord DEF co Coordinate {
            point [
                -0.038 0.3125 0.3976, -0.0553 0.3125 0.3976, -0.038 0.3125 0.3937, -0.0553 0.3125 0.3937, -0.0903 0.2171 0.3937, -0.0903 0.2171 0.3976, -0.0914 0.213 0.3976, -0.0914 0.213 0.3937, -0.0921 0.2088 0.3976, -0.0921 0.2088 0.3937, -0.0921 0.2088 0.3937
            ]
        }
        coordIndex [
            0,1,2,-1,2,1,3,-1,4,5,6,-1,4,6,7,-1,7,6,8,-1,7,8,9,-1,
        ]
    }
}
Shape{
    appearance Appearance {
        material  Material 	{
            diffuseColor 1.0 1.0 1.0
            specularColor 0.8784313725490196 0.8784313725490196 0.8784313725490196
            ambientIntensity 0.2
            transparency 0
            shininess 0.5
        }
    }
    geometry IndexedFaceSet {
        ccw TRUE
        solid FALSE
        coord DEF co Coordinate {
            point [
                -0.0925 0.2088 0.3976, -0.0925 0.2088 0.3937, -0.0921 0.2088 0.3976, -0.0921 0.2088 0.3937, -0.0933 0.213 0.3976, -0.0933 0.213 0.3937, -0.0944 0.2171 0.3976, -0.0944 0.2171 0.3937, -0.112 0.2664 0.3976, -0.112 0.2664 0.3937, -0.0725 0.2664 0.3976, -0.0725 0.2664 0.3937, -0.0725 0.2664 0.3937
            ]
        }
        coordIndex [
            0,1,2,-1,2,1,3,-1,1,0,4,-1,1,4,5,-1,5,4,6,-1,5,6,7,-1,8,9,6,-1,6,9,7,-1,10,11,8,-1,8,11,9,-1,
        ]
    }
}
Shape{
    appearance Appearance {
        material  Material 	{
            diffuseColor 0.7764705882352941 0.7568627450980392 0.7372549019607844
            specularColor 0.38823529411764707 0.3764705882352941 0.3686274509803922
            ambientIntensity 0.2
            transparency 0
            shininess 0.5
        }
    }
    geometry IndexedFaceSet {
        ccw TRUE
        solid FALSE
        coord DEF co Coordinate {
            point [
                -0.0903 0.2171 0.3937, -0.0725 0.2664 0.3937, -0.0903 0.2171 0.3976, -0.0725 0.2664 0.3976, -0.0725 0.2664 0.3976
            ]
        }
        coordIndex [
            0,1,2,-1,2,1,3,-1,
        ]
    }
}
Shape{
    appearance Appearance {
        material  Material 	{
            diffuseColor 1.0 1.0 1.0
            specularColor 0.8784313725490196 0.8784313725490196 0.8784313725490196
            ambientIntensity 0.2
            transparency 0
            shininess 0.5
        }
    }
    geometry IndexedFaceSet {
        ccw TRUE
        solid FALSE
        coord DEF co Coordinate {
            point [
                -0.215 0.1944 0.3976, -0.215 0.1944 0.3937, -0.2483 0.1944 0.3976, -0.2483 0.1944 0.3937, -0.1979 0.1962 0.3976, -0.1979 0.1962 0.3937, -0.1841 0.2011 0.3976, -0.1841 0.2011 0.3937, -0.1724 0.2087 0.3976, -0.1724 0.2087 0.3937, -0.1678 0.2129 0.3976, -0.1678 0.2129 0.3937, -0.1606 0.2223 0.3976, -0.1606 0.2223 0.3937, -0.1557 0.2339 0.3976, -0.1557 0.2339 0.3937, -0.1534 0.2462 0.3976, -0.1534 0.2462 0.3937, -0.1532 0.252 0.3976, -0.1532 0.252 0.3937, -0.1549 0.2678 0.3976, -0.1549 0.2678 0.3937, -0.1591 0.2801 0.3976, -0.1591 0.2801 0.3937, -0.1659 0.2907 0.3976, -0.1659 0.2907 0.3937, -0.1756 0.3 0.3976, -0.1756 0.3 0.3937, -0.188 0.3072 0.3976, -0.188 0.3072 0.3937, -0.2016 0.3112 0.3976, -0.2016 0.3112 0.3937, -0.2162 0.3125 0.3976, -0.2162 0.3125 0.3937, -0.2483 0.3125 0.3976, -0.2483 0.3125 0.3937, -0.2483 0.3125 0.3937
            ]
        }
        coordIndex [
            0,1,2,-1,2,1,3,-1,1,0,4,-1,1,4,5,-1,5,4,6,-1,5,6,7,-1,7,6,8,-1,7,8,9,-1,9,8,10,-1,9,10,11,-1,11,10,12,-1,11,12,13,-1,13,12,14,-1,13,14,15,-1,15,14,16,-1,15,16,17,-1,17,16,18,-1,17,18,19,-1,19,18,20,-1,19,20,21,-1,21,20,22,-1,21,22,23,-1,23,22,24,-1,23,24,25,-1,25,24,26,-1,25,26,27,-1,27,26,28,-1,27,28,29,-1,29,28,30,-1,29,30,31,-1,31,30,32,-1,31,32,33,-1,34,35,32,-1,32,35,33,-1,34,2,35,-1,35,2,3,-1,
        ]
    }
}
Shape{
    appearance Appearance {
        material  Material 	{
            diffuseColor 0.7764705882352941 0.7568627450980392 0.7372549019607844
            specularColor 0.38823529411764707 0.3764705882352941 0.3686274509803922
            ambientIntensity 0.2
            transparency 0
            shininess 0.5
        }
    }
    geometry IndexedFaceSet {
        ccw TRUE
        solid FALSE
        coord DEF co Coordinate {
            point [
                -0.1549 0.2678 0.3976, -0.1532 0.252 0.3976, -0.1691 0.2523 0.3976, -0.1534 0.2462 0.3976, -0.1701 0.2405 0.3976, -0.1557 0.2339 0.3976, -0.1728 0.2312 0.3976, -0.1606 0.2223 0.3976, -0.1769 0.224 0.3976, -0.1678 0.2129 0.3976, -0.1826 0.2179 0.3976, -0.1724 0.2087 0.3976, -0.1912 0.2123 0.3976, -0.1841 0.2011 0.3976, -0.201 0.2089 0.3976, -0.1979 0.1962 0.3976, -0.215 0.2074 0.3976, -0.215 0.1944 0.3976, -0.2324 0.2074 0.3976, -0.2483 0.1944 0.3976, -0.2324 0.2995 0.3976, -0.2483 0.3125 0.3976, -0.2157 0.2995 0.3976, -0.2162 0.3125 0.3976, -0.2032 0.2984 0.3976, -0.2016 0.3112 0.3976, -0.1933 0.2953 0.3976, -0.188 0.3072 0.3976, -0.1853 0.2906 0.3976, -0.1756 0.3 0.3976, -0.1787 0.2841 0.3976, -0.1659 0.2907 0.3976, -0.1737 0.2759 0.3976, -0.1591 0.2801 0.3976, -0.1706 0.2666 0.3976, -0.2157 0.2995 0.3937, -0.2324 0.2995 0.3937, -0.2324 0.2995 0.3937
            ]
        }
        coordIndex [
            0,1,2,-1,2,1,3,-1,2,3,4,-1,4,3,5,-1,4,5,6,-1,6,5,7,-1,6,7,8,-1,8,7,9,-1,8,9,10,-1,10,9,11,-1,10,11,12,-1,12,11,13,-1,12,13,14,-1,14,13,15,-1,14,15,16,-1,16,15,17,-1,16,17,18,-1,18,17,19,-1,18,19,20,-1,20,19,21,-1,20,21,22,-1,22,21,23,-1,22,23,24,-1,24,23,25,-1,24,25,26,-1,26,25,27,-1,26,27,28,-1,28,27,29,-1,28,29,30,-1,30,29,31,-1,30,31,32,-1,32,31,33,-1,32,33,34,-1,34,33,0,-1,34,0,2,-1,22,35,20,-1,20,35,36,-1,
        ]
    }
}
Shape{
    appearance Appearance {
        material  Material 	{
            diffuseColor 1.0 1.0 1.0
            specularColor 0.8784313725490196 0.8784313725490196 0.8784313725490196
            ambientIntensity 0.2
            transparency 0
            shininess 0.5
        }
    }
    geometry IndexedFaceSet {
        ccw TRUE
        solid FALSE
        coord DEF co Coordinate {
            point [
                -0.2157 0.2995 0.3937, -0.2157 0.2995 0.3976, -0.2032 0.2984 0.3976, -0.2032 0.2984 0.3937, -0.1933 0.2953 0.3976, -0.1933 0.2953 0.3937, -0.1853 0.2906 0.3976, -0.1853 0.2906 0.3937, -0.1787 0.2841 0.3976, -0.1787 0.2841 0.3937, -0.1737 0.2759 0.3976, -0.1737 0.2759 0.3937, -0.1706 0.2666 0.3976, -0.1706 0.2666 0.3937, -0.1691 0.2523 0.3976, -0.1691 0.2523 0.3937, -0.1701 0.2405 0.3976, -0.1701 0.2405 0.3937, -0.1728 0.2312 0.3976, -0.1728 0.2312 0.3937, -0.1769 0.224 0.3976, -0.1769 0.224 0.3937, -0.1826 0.2179 0.3976, -0.1826 0.2179 0.3937, -0.1912 0.2123 0.3976, -0.1912 0.2123 0.3937, -0.201 0.2089 0.3976, -0.201 0.2089 0.3937, -0.215 0.2074 0.3976, -0.215 0.2074 0.3937, -0.2324 0.2074 0.3976, -0.2324 0.2074 0.3937, -0.2324 0.2995 0.3937, -0.2324 0.2995 0.3976, -0.3347 0.1944 0.3976, -0.3347 0.1944 0.3937, -0.3347 0.3125 0.3976, -0.3347 0.3125 0.3937, -0.2742 0.1944 0.3976, -0.2742 0.1944 0.3937, -0.2742 0.2074 0.3976, -0.2742 0.2074 0.3937, -0.3189 0.2074 0.3976, -0.3189 0.2074 0.3937, -0.3189 0.2462 0.3976, -0.3189 0.2462 0.3937, -0.2771 0.2462 0.3976, -0.2771 0.2462 0.3937, -0.2771 0.2592 0.3976, -0.2771 0.2592 0.3937, -0.3189 0.2592 0.3976, -0.3189 0.2592 0.3937, -0.3189 0.2995 0.3976, -0.3189 0.2995 0.3937, -0.3189 0.2995 0.3937
            ]
        }
        coordIndex [
            0,1,2,-1,0,2,3,-1,3,2,4,-1,3,4,5,-1,5,4,6,-1,5,6,7,-1,7,6,8,-1,7,8,9,-1,9,8,10,-1,9,10,11,-1,11,10,12,-1,11,12,13,-1,13,12,14,-1,13,14,15,-1,15,14,16,-1,15,16,17,-1,17,16,18,-1,17,18,19,-1,19,18,20,-1,19,20,21,-1,21,20,22,-1,21,22,23,-1,23,22,24,-1,23,24,25,-1,25,24,26,-1,25,26,27,-1,27,26,28,-1,27,28,29,-1,30,31,28,-1,28,31,29,-1,32,31,33,-1,33,31,30,-1,34,35,36,-1,36,35,37,-1,38,39,34,-1,34,39,35,-1,40,41,38,-1,38,41,39,-1,42,43,40,-1,40,43,41,-1,44,45,42,-1,42,45,43,-1,46,47,44,-1,44,47,45,-1,48,49,46,-1,46,49,47,-1,50,51,48,-1,48,51,49,-1,52,53,50,-1,50,53,51,-1,
        ]
    }
}
Shape{
    appearance Appearance {
        material  Material 	{
            diffuseColor 0.7764705882352941 0.7568627450980392 0.7372549019607844
            specularColor 0.38823529411764707 0.3764705882352941 0.3686274509803922
            ambientIntensity 0.2
            transparency 0
            shininess 0.5
        }
    }
    geometry IndexedFaceSet {
        ccw TRUE
        solid FALSE
        coord DEF co Coordinate {
            point [
                -0.2713 0.2995 0.3976, -0.2713 0.2995 0.3937, -0.3189 0.2995 0.3976, -0.3189 0.2995 0.3937, -0.3189 0.2995 0.3937
            ]
        }
        coordIndex [
            0,1,2,-1,2,1,3,-1,
        ]
    }
}
Shape{
    appearance Appearance {
        material  Material 	{
            diffuseColor 1.0 1.0 1.0
            specularColor 0.8784313725490196 0.8784313725490196 0.8784313725490196
            ambientIntensity 0.2
            transparency 0
            shininess 0.5
        }
    }
    geometry IndexedFaceSet {
        ccw TRUE
        solid FALSE
        coord DEF co Coordinate {
            point [
                -0.2713 0.3125 0.3976, -0.2713 0.3125 0.3937, -0.2713 0.2995 0.3976, -0.2713 0.2995 0.3937, -0.3347 0.3125 0.3976, -0.3347 0.3125 0.3937, -0.3189 0.2995 0.3976, -0.2771 0.2592 0.3976, -0.2771 0.2462 0.3976, -0.3189 0.2592 0.3976, -0.3189 0.2462 0.3976, -0.2742 0.2074 0.3976, -0.2742 0.1944 0.3976, -0.3189 0.2074 0.3976, -0.3347 0.1944 0.3976, -0.3972 0.3132 0.3937, -0.3903 0.3139 0.3937, -0.3903 0.3139 0.3976, -0.4048 0.3124 0.3937, -0.4048 0.3124 0.3976, -0.4163 0.3085 0.3976, -0.4163 0.3085 0.3937, -0.4259 0.3023 0.3976, -0.4259 0.3023 0.3937, -0.4348 0.2929 0.3976, -0.4348 0.2929 0.3937, -0.441 0.2816 0.3976, -0.441 0.2816 0.3937, -0.4445 0.2691 0.3976, -0.4445 0.2691 0.3937, -0.4456 0.2557 0.3976, -0.4456 0.2557 0.3937, -0.4439 0.2389 0.3976, -0.4439 0.2389 0.3937, -0.4394 0.2255 0.3976, -0.4394 0.2255 0.3937, -0.4325 0.2144 0.3976, -0.4325 0.2144 0.3937, -0.4222 0.2045 0.3976, -0.4222 0.2045 0.3937, -0.4112 0.198 0.3976, -0.4112 0.198 0.3937, -0.3982 0.1941 0.3976, -0.3982 0.1941 0.3937, -0.3856 0.1929 0.3976, -0.3856 0.1929 0.3937, -0.3714 0.1939 0.3976, -0.3714 0.1939 0.3937, -0.3578 0.1976 0.3976, -0.3578 0.1976 0.3937, -0.3578 0.2135 0.3976, -0.3578 0.2135 0.3937, -0.3711 0.2078 0.3976, -0.3711 0.2078 0.3937, -0.3854 0.2059 0.3976, -0.3854 0.2059 0.3937, -0.3854 0.2059 0.3937
            ]
        }
        coordIndex [
            0,1,2,-1,2,1,3,-1,0,4,1,-1,1,4,5,-1,0,2,4,-1,4,2,6,-1,7,8,9,-1,9,8,10,-1,11,12,13,-1,13,12,14,-1,13,14,10,-1,10,14,4,-1,10,4,9,-1,9,4,6,-1,15,16,17,-1,15,17,18,-1,17,19,18,-1,18,19,20,-1,18,20,21,-1,21,20,22,-1,21,22,23,-1,23,22,24,-1,23,24,25,-1,25,24,26,-1,25,26,27,-1,27,26,28,-1,27,28,29,-1,29,28,30,-1,29,30,31,-1,31,30,32,-1,31,32,33,-1,33,32,34,-1,33,34,35,-1,35,34,36,-1,35,36,37,-1,37,36,38,-1,37,38,39,-1,39,38,40,-1,39,40,41,-1,41,40,42,-1,41,42,43,-1,43,42,44,-1,43,44,45,-1,45,44,46,-1,45,46,47,-1,47,46,48,-1,47,48,49,-1,50,51,48,-1,48,51,49,-1,51,50,52,-1,51,52,53,-1,53,52,54,-1,53,54,55,-1,
        ]
    }
}
Shape{
    appearance Appearance {
        material  Material 	{
            diffuseColor 0.7764705882352941 0.7568627450980392 0.7372549019607844
            specularColor 0.38823529411764707 0.3764705882352941 0.3686274509803922
            ambientIntensity 0.2
            transparency 0
            shininess 0.5
        }
    }
    geometry IndexedFaceSet {
        ccw TRUE
        solid FALSE
        coord DEF co Coordinate {
            point [
                -0.3854 0.2059 0.3937, -0.3854 0.2059 0.3976, -0.397 0.2072 0.3976, -0.397 0.2072 0.3937, -0.4058 0.2104 0.3976, -0.4058 0.2104 0.3937, -0.4142 0.216 0.3976, -0.4142 0.216 0.3937, -0.4213 0.2239 0.3976, -0.4213 0.2239 0.3937, -0.4261 0.2331 0.3976, -0.4261 0.2331 0.3937, -0.4293 0.2458 0.3976, -0.4293 0.2458 0.3937, -0.4298 0.2547 0.3976, -0.4298 0.2547 0.3937, -0.4286 0.2675 0.3976, -0.4286 0.2675 0.3937, -0.4254 0.2776 0.3976, -0.4254 0.2776 0.3937, -0.4205 0.2858 0.3976, -0.4205 0.2858 0.3937, -0.415 0.2916 0.3976, -0.415 0.2916 0.3937, -0.4077 0.2966 0.3976, -0.4077 0.2966 0.3937, -0.399 0.2998 0.3976, -0.399 0.2998 0.3937, -0.3881 0.301 0.3976, -0.3881 0.301 0.3937, -0.3881 0.301 0.3937
            ]
        }
        coordIndex [
            0,1,2,-1,0,2,3,-1,3,2,4,-1,3,4,5,-1,5,4,6,-1,5,6,7,-1,7,6,8,-1,7,8,9,-1,9,8,10,-1,9,10,11,-1,11,10,12,-1,11,12,13,-1,13,12,14,-1,13,14,15,-1,15,14,16,-1,15,16,17,-1,17,16,18,-1,17,18,19,-1,19,18,20,-1,19,20,21,-1,21,20,22,-1,21,22,23,-1,23,22,24,-1,23,24,25,-1,25,24,26,-1,25,26,27,-1,27,26,28,-1,27,28,29,-1,
        ]
    }
}
Shape{
    appearance Appearance {
        material  Material 	{
            diffuseColor 1.0 1.0 1.0
            specularColor 0.8784313725490196 0.8784313725490196 0.8784313725490196
            ambientIntensity 0.2
            transparency 0
            shininess 0.5
        }
    }
    geometry IndexedFaceSet {
        ccw TRUE
        solid FALSE
        coord DEF co Coordinate {
            point [
                -0.3881 0.301 0.3937, -0.3881 0.301 0.3976, -0.3724 0.2992 0.3976, -0.3724 0.2992 0.3937, -0.3599 0.2946 0.3976, -0.3599 0.2946 0.3937, -0.3578 0.2934 0.3976, -0.3578 0.2934 0.3937, -0.3578 0.2934 0.3937
            ]
        }
        coordIndex [
            0,1,2,-1,0,2,3,-1,3,2,4,-1,3,4,5,-1,5,4,6,-1,5,6,7,-1,
        ]
    }
}
Shape{
    appearance Appearance {
        material  Material 	{
            diffuseColor 0.7764705882352941 0.7568627450980392 0.7372549019607844
            specularColor 0.38823529411764707 0.3764705882352941 0.3686274509803922
            ambientIntensity 0.2
            transparency 0
            shininess 0.5
        }
    }
    geometry IndexedFaceSet {
        ccw TRUE
        solid FALSE
        coord DEF co Coordinate {
            point [
                -0.3578 0.3064 0.3976, -0.3578 0.3064 0.3937, -0.3578 0.2934 0.3976, -0.3578 0.2934 0.3937, -0.3703 0.3115 0.3937, -0.3703 0.3115 0.3976, -0.3823 0.3132 0.3937, -0.387 0.3139 0.3976, -0.387 0.3139 0.3937, -0.3903 0.3139 0.3976, -0.3903 0.3139 0.3937, -0.3903 0.3139 0.3937
            ]
        }
        coordIndex [
            0,1,2,-1,2,1,3,-1,4,1,5,-1,5,1,0,-1,4,5,6,-1,6,5,7,-1,6,7,8,-1,8,7,9,-1,8,9,10,-1,
        ]
    }
}
Shape{
    appearance Appearance {
        material  Material 	{
            diffuseColor 1.0 1.0 1.0
            specularColor 0.8784313725490196 0.8784313725490196 0.8784313725490196
            ambientIntensity 0.2
            transparency 0
            shininess 0.5
        }
    }
    geometry IndexedFaceSet {
        ccw TRUE
        solid FALSE
        coord DEF co Coordinate {
            point [
                -0.399 0.2998 0.3976, -0.3903 0.3139 0.3976, -0.3881 0.301 0.3976, -0.387 0.3139 0.3976, -0.3724 0.2992 0.3976, -0.3703 0.3115 0.3976, -0.3599 0.2946 0.3976, -0.3578 0.3064 0.3976, -0.3578 0.2934 0.3976, -0.3578 0.2135 0.3976, -0.3578 0.1976 0.3976, -0.3711 0.2078 0.3976, -0.3714 0.1939 0.3976, -0.3854 0.2059 0.3976, -0.3856 0.1929 0.3976, -0.397 0.2072 0.3976, -0.3982 0.1941 0.3976, -0.4058 0.2104 0.3976, -0.4112 0.198 0.3976, -0.4142 0.216 0.3976, -0.4222 0.2045 0.3976, -0.4213 0.2239 0.3976, -0.4325 0.2144 0.3976, -0.4261 0.2331 0.3976, -0.4394 0.2255 0.3976, -0.4293 0.2458 0.3976, -0.4439 0.2389 0.3976, -0.4298 0.2547 0.3976, -0.4456 0.2557 0.3976, -0.4286 0.2675 0.3976, -0.4445 0.2691 0.3976, -0.4254 0.2776 0.3976, -0.441 0.2816 0.3976, -0.4205 0.2858 0.3976, -0.4348 0.2929 0.3976, -0.415 0.2916 0.3976, -0.4259 0.3023 0.3976, -0.4077 0.2966 0.3976, -0.4163 0.3085 0.3976, -0.4048 0.3124 0.3976, -0.5162 0.1944 0.3976, -0.5162 0.1944 0.3937, -0.5162 0.3125 0.3976, -0.5162 0.3125 0.3937, -0.5004 0.1944 0.3976, -0.5004 0.1944 0.3937, -0.5004 0.2995 0.3976, -0.5004 0.2995 0.3937, -0.4557 0.2995 0.3976, -0.4557 0.2995 0.3937, -0.4557 0.3125 0.3976, -0.4557 0.3125 0.3937, -0.4557 0.3125 0.3937
            ]
        }
        coordIndex [
            0,1,2,-1,2,1,3,-1,2,3,4,-1,4,3,5,-1,4,5,6,-1,6,5,7,-1,6,7,8,-1,9,10,11,-1,11,10,12,-1,11,12,13,-1,13,12,14,-1,13,14,15,-1,15,14,16,-1,15,16,17,-1,17,16,18,-1,17,18,19,-1,19,18,20,-1,19,20,21,-1,21,20,22,-1,21,22,23,-1,23,22,24,-1,23,24,25,-1,25,24,26,-1,25,26,27,-1,27,26,28,-1,27,28,29,-1,29,28,30,-1,29,30,31,-1,31,30,32,-1,31,32,33,-1,33,32,34,-1,33,34,35,-1,35,34,36,-1,35,36,37,-1,37,36,38,-1,37,38,0,-1,0,38,39,-1,0,39,1,-1,40,41,42,-1,42,41,43,-1,44,45,40,-1,40,45,41,-1,46,47,44,-1,44,47,45,-1,48,49,46,-1,46,49,47,-1,50,51,48,-1,48,51,49,-1,50,42,51,-1,51,42,43,-1,44,40,46,-1,46,40,42,-1,46,42,48,-1,48,42,50,-1,
        ]
    }
}
Shape{
    appearance Appearance {
        material  Material 	{
            diffuseColor 0.9411764705882353 0.6078431372549019 0.0
            specularColor 0.2823529411764706 0.1843137254901961 0.0
            ambientIntensity 0.2
            transparency 0
            shininess 0.5
        }
    }
    geometry IndexedFaceSet {
        ccw TRUE
        solid FALSE
        coord DEF co Coordinate {
            point [
                -0.112 0.2664 0.3937, -0.0725 0.2664 0.3937, -0.0944 0.2171 0.3937, -0.0903 0.2171 0.3937, -0.0933 0.213 0.3937, -0.0914 0.213 0.3937, -0.0925 0.2088 0.3937, -0.0921 0.2088 0.3937, -0.215 0.2074 0.3937, -0.2324 0.2074 0.3937, -0.2324 0.2995 0.3937, -0.1706 0.2666 0.3937, -0.1691 0.2523 0.3937, -0.1737 0.2759 0.3937, -0.1701 0.2405 0.3937, -0.1728 0.2312 0.3937, -0.201 0.2089 0.3937, -0.2157 0.2995 0.3937, -0.2032 0.2984 0.3937, -0.1933 0.2953 0.3937, -0.1769 0.224 0.3937, -0.1826 0.2179 0.3937, -0.1912 0.2123 0.3937, -0.1853 0.2906 0.3937, -0.1787 0.2841 0.3937, -0.1787 0.2841 0.3937
            ]
        }
        coordIndex [
            0,1,2,-1,2,1,3,-1,2,3,4,-1,4,3,5,-1,4,5,6,-1,6,5,7,-1,8,9,10,-1,11,12,8,-1,11,8,13,-1,12,14,8,-1,8,14,15,-1,8,15,16,-1,10,17,8,-1,8,17,18,-1,8,18,19,-1,20,21,15,-1,15,21,22,-1,15,22,16,-1,19,23,8,-1,8,23,24,-1,8,24,13,-1,
        ]
    }
}
Shape{
    appearance Appearance {
        material  Material 	{
            diffuseColor 0.7764705882352941 0.7568627450980392 0.7372549019607844
            specularColor 0.38823529411764707 0.3764705882352941 0.3686274509803922
            ambientIntensity 0.2
            transparency 0
            shininess 0.5
        }
    }
    geometry IndexedFaceSet {
        ccw TRUE
        solid FALSE
        coord DEF co Coordinate {
            point [
                -1.7692 1.0015 0.3937, -1.3755 1.0015 0.3937, -1.7692 1.0015 -1.1024, -1.3755 1.0015 -1.1024, -1.7649 1.0015 -1.1433, -1.3798 1.0015 -1.1433, -1.3925 1.0015 -1.1824, -1.6332 1.0015 -1.2896, -1.4131 1.0015 -1.2181, -1.5929 1.0015 -1.2981, -1.4739 1.0015 -1.2728, -1.5115 1.0015 -1.2896, -1.5518 1.0015 -1.2981, -1.6708 1.0015 -1.2728, -1.7041 1.0015 -1.2487, -1.7316 1.0015 -1.2181, -1.7522 1.0015 -1.1824, -1.4406 1.0015 -1.2487, -1.3755 0.8046 0.3937, -1.3755 0.8046 -1.1024, -1.7692 0.8046 0.3937, -1.7692 0.8046 -1.1024, -1.7649 0.8046 -1.1433, -1.6332 0.8046 -1.2896, -1.4131 0.8046 -1.2181, -1.3925 0.8046 -1.1824, -1.7522 0.8046 -1.1824, -1.7316 0.8046 -1.2181, -1.7041 0.8046 -1.2487, -1.5518 0.8046 -1.2981, -1.5115 0.8046 -1.2896, -1.4739 0.8046 -1.2728, -1.6708 0.8046 -1.2728, -1.3798 0.8046 -1.1433, -1.5929 0.8046 -1.2981, -1.4406 0.8046 -1.2487, -0.5094 1.0015 -1.1024, -0.5094 1.0015 0.3937, -0.1156 1.0015 0.3937, -0.1156 1.0015 -1.1024, -0.12 1.0015 -1.1433, -0.505 1.0015 -1.1433, -0.2919 1.0015 -1.2981, -0.1808 1.0015 -1.2487, -0.2517 1.0015 -1.2896, -0.2141 1.0015 -1.2728, -0.1327 1.0015 -1.1824, -0.1532 1.0015 -1.2181, -0.3733 1.0015 -1.2896, -0.3331 1.0015 -1.2981, -0.4109 1.0015 -1.2728, -0.4442 1.0015 -1.2487, -0.4718 1.0015 -1.2181, -0.4923 1.0015 -1.1824, -0.1156 0.8046 0.3937, -0.1156 0.8046 -1.1024, -0.5094 0.8046 0.3937, -0.1327 0.8046 -1.1824, -0.12 0.8046 -1.1433, -0.3733 0.8046 -1.2896, -0.4109 0.8046 -1.2728, -0.5094 0.8046 -1.1024, -0.505 0.8046 -1.1433, -0.4923 0.8046 -1.1824, -0.4718 0.8046 -1.2181, -0.4442 0.8046 -1.2487, -0.3331 0.8046 -1.2981, -0.2919 0.8046 -1.2981, -0.1808 0.8046 -1.2487, -0.2517 0.8046 -1.2896, -0.2141 0.8046 -1.2728, -0.1532 0.8046 -1.2181, 0.7505 1.0015 0.3937, 1.1442 1.0015 0.3937, 0.7505 1.0015 -1.1024, 1.1442 1.0015 -1.1024, 0.9268 1.0015 -1.2981, 0.8865 1.0015 -1.2896, 1.1066 1.0015 -1.2181, 1.0458 1.0015 -1.2728, 1.0082 1.0015 -1.2896, 0.9679 1.0015 -1.2981, 1.1399 1.0015 -1.1433, 1.1272 1.0015 -1.1824, 0.8489 1.0015 -1.2728, 0.8156 1.0015 -1.2487, 0.7881 1.0015 -1.2181, 1.0791 1.0015 -1.2487, 0.7675 1.0015 -1.1824, 0.7548 1.0015 -1.1433, 1.1442 0.8046 0.3937, 1.1442 0.8046 -1.1024, 0.7505 0.8046 0.3937, 0.7505 0.8046 -1.1024, 0.7548 0.8046 -1.1433, 0.8865 0.8046 -1.2896, 1.1066 0.8046 -1.2181, 1.1272 0.8046 -1.1824, 0.7675 0.8046 -1.1824, 0.7881 0.8046 -1.2181, 0.8156 0.8046 -1.2487, 0.9679 0.8046 -1.2981, 1.0082 0.8046 -1.2896, 1.0458 0.8046 -1.2728, 0.8489 0.8046 -1.2728, 1.1399 0.8046 -1.1433, 0.9268 0.8046 -1.2981, 1.0791 0.8046 -1.2487, 2.0891 1.1609 2.2175, 2.0891 1.1586 2.2832, 2.0891 0.9621 1.6757, 2.0891 1.0216 1.7583, 2.0891 1.071 1.8464, 2.0891 1.1554 2.1453, 2.0891 1.0387 2.6898, 2.0891 1.0329 2.7009, 2.0891 0.979 2.782, 2.0891 0.9621 2.804, 2.0891 1.1415 2.4226, 2.0891 1.141 2.4244, 2.0891 1.1178 2.5125, 2.0891 1.0997 2.5595, 2.0891 1.0805 2.6093, 2.0891 1.0441 2.6795, 2.0891 1.0152 1.7494, 2.0891 1.0827 1.8737, 2.0891 1.1043 1.9238, 2.0891 1.1304 2.0073, 2.0891 1.071 1.8466, 2.0891 1.1535 2.1202, 2.0891 1.1535 2.12, 2.0891 1.1346 2.0209, 2.0891 1.1572 2.3199, 2.0891 1.142 2.4207, 2.0891 1.2574 0.7874, 2.0891 1.2574 0.0, 2.0891 1.3755 0.0, 2.0891 -1.2229 0.0, 2.0891 -0.6324 0.0, 2.0891 -0.6324 0.7874, 2.0891 0.4451 1.2209, 2.0891 0.4259 1.2199, 2.0891 1.8163 -1.1811, 2.0891 1.8399 -1.1241, 2.0891 1.3755 -1.063, 2.0891 1.8479 -1.063, 2.0891 1.8479 3.5866, 2.0891 -0.3371 2.874, 2.0891 -1.1481 3.6614, 2.0891 -0.3371 1.5748, 2.0891 -1.1675 3.6589, 2.0891 -1.1855 3.6514, 2.0891 -1.201 3.6395, 2.0891 -1.2129 3.624, 2.0891 -1.2204 3.606, 2.0891 -1.2229 3.5866, 2.0891 1.4447 -1.23, 2.0891 1.4936 -1.2676, 2.0891 1.4071 -1.1811, 2.0891 1.5506 -1.2912, 2.0891 1.3835 -1.1241, 2.0891 1.6117 -1.2992, 2.0891 1.6729 -1.2912, 2.0891 0.1181 1.2648, 2.0891 0.0631 1.2916, 2.0891 0.046 1.3046, 2.0891 0.0435 1.3074, 2.0891 0.0386 1.3203, 2.0891 0.039 1.3212, 2.0891 0.0402 1.3228, 2.0891 0.0408 1.3233, 2.0891 0.0439 1.3254, 2.0891 0.0447 1.3258, 2.0891 0.0586 1.3294, 2.0891 0.116 1.3313, 2.0891 0.5918 3.1162, 2.0891 0.5886 3.1204, 2.0891 0.5881 3.1317, 2.0891 0.5884 3.132, 2.0891 -1.0221 3.6614, 2.0891 1.7298 -1.2676, 2.0891 1.7787 -1.23, 2.0891 0.3314 1.2206, 2.0891 0.2964 1.2247, 2.0891 0.0498 1.3272, 2.0891 0.0561 1.329, 2.0891 0.6011 3.1072, 2.0891 0.587 3.1236, 2.0891 0.5865 3.1252, 2.0891 0.5863 3.1272, 2.0891 0.5863 3.1272, 2.0891 0.5864 3.1277, 2.0891 0.5867 3.1293, 2.0891 0.5871 3.1301, 2.0891 0.5914 3.1343, 2.0891 0.5975 3.1366, 2.0891 0.6004 3.1373, 2.0891 1.6471 3.6614, 2.0891 0.6296 3.1385, 2.0891 0.6337 3.1382, 2.0891 0.6345 3.1381, 2.0891 0.6615 3.1334, 2.0891 0.7017 3.1264, 2.0891 0.2962 1.2248, 2.0891 0.2402 1.2313, 2.0891 0.1782 1.2451, 2.0891 0.0382 1.3163, 2.0891 0.0381 1.3181, 2.0891 0.0382 1.3188, 2.0891 0.4918 1.3694, 2.0891 0.4949 1.3705, 2.0891 0.5905 3.1337, 2.0891 0.5907 3.1338, 2.0891 0.7606 3.1082, 2.0891 0.7949 3.0933, 2.0891 0.8019 3.0902, 2.0891 0.6283 1.2524, 2.0891 0.5472 1.2333, 2.0891 0.1364 1.2588, 2.0891 0.1264 1.2621, 2.0891 0.0411 1.3101, 2.0891 0.0393 1.3131, 2.0891 0.0383 1.3157, 2.0891 0.1494 1.3313, 2.0891 0.2424 1.3317, 2.0891 0.7372 3.0133, 2.0891 0.6532 3.0708, 2.0891 0.125 1.3312, 2.0891 0.1326 1.3312, 2.0891 0.7467 3.0069, 2.0891 0.8483 3.07, 2.0891 0.933 3.0201, 2.0891 0.9417 3.0138, 2.0891 0.289 1.3356, 2.0891 0.298 1.3363, 2.0891 0.3529 1.3409, 2.0891 0.7108 1.4627, 2.0891 0.7842 1.509, 2.0891 0.828 1.5441, 2.0891 0.8662 1.5748, 2.0891 0.6333 3.0847, 2.0891 0.6191 3.0946, 2.0891 1.1351 2.8349, 2.0891 1.174 2.7837, 2.0891 1.1773 2.7785, 2.0891 1.1961 2.7486, 2.0891 1.2308 2.6935, 2.0891 1.2624 2.6286, 2.0891 1.2772 2.5982, 2.0891 1.313 2.4983, 2.0891 1.3209 2.4655, 2.0891 0.5422 1.2327, 2.0891 0.4611 1.2229, 2.0891 0.3889 1.3463, 2.0891 0.4409 1.358, 2.0891 0.8605 2.9121, 2.0891 0.8821 2.8918, 2.0891 0.901 2.874, 2.0891 0.9862 2.9815, 2.0891 0.9925 2.9759, 2.0891 1.7731 3.6614, 2.0891 1.0645 2.9126, 2.0891 1.3213 2.4638, 2.0891 1.3382 2.3936, 2.0891 1.3507 2.2964, 2.0891 1.0296 1.4736, 2.0891 0.9473 1.4059, 2.0891 0.9377 1.3996, 2.0891 0.8591 1.3481, 2.0891 0.7652 1.3002, 2.0891 0.7459 1.2919, 2.0891 0.6476 1.257, 2.0891 0.5804 1.3996, 2.0891 0.5906 1.4031, 2.0891 0.6848 1.4473, 2.0891 0.6967 1.4538, 2.0891 0.7008 1.4563, 2.0891 1.0687 2.9079, 2.0891 1.8454 3.606, 2.0891 1.8379 3.624, 2.0891 0.8477 1.3423, 2.0891 0.7894 1.3125, 2.0891 0.8197 2.9503, 2.0891 0.7577 2.9994, 2.0891 1.826 3.6395, 2.0891 1.8105 3.6514, 2.0891 1.7925 3.6589, 2.0891 1.3518 2.2875, 2.0891 1.3537 2.1729, 2.0891 1.3494 2.1271, 2.0891 1.3114 1.9217, 2.0891 1.2747 1.8206, 2.0891 1.1799 1.6472, 2.0891 1.1753 1.6411, 2.0891 1.1205 1.5695, 2.0891 1.1148 1.5619, 2.0891 1.3212 1.9567, 2.0891 1.2612 1.7925, 2.0891 1.236 1.7397, 2.0891 1.0656 1.5101, 2.0891 1.0409 1.4841, 2.0891 1.3491 2.1235, 2.0891 1.3436 2.0654, 2.0891 1.3221 1.9601, 2.6152 0.8887 2.874, 2.6202 0.8969 2.874, 2.6254 0.845 2.9166, 3.3639 0.9621 2.7757, 3.3588 1.0049 2.7207, 3.3784 1.0122 2.726, 3.2431 0.9617 2.874, 3.243 0.9618 2.8741, 3.243 0.9619 2.874, 3.4026 0.8887 2.874, 3.4076 0.8969 2.874, 3.4149 0.8208 2.9346, 4.1513 0.9621 2.7757, 4.1484 0.9874 2.7443, 4.1679 0.9945 2.7498, 4.0601 0.9621 2.8006, 4.0504 0.9621 2.8167, 4.0449 1.0085 2.7606, 4.19 0.8887 2.874, 4.195 0.8969 2.874, 4.2045 0.7959 2.9518, 2.6749 -0.2388 2.874, 2.6731 -0.2194 2.8899, 2.6927 -0.225 2.8969, 2.5838 -0.2637 2.874, 2.574 -0.2797 2.874, 2.5696 -0.2361 2.9107, 2.7136 -0.3371 2.8006, 2.7186 -0.3371 2.8089, 2.7293 -0.4235 2.6946, 3.3712 -0.2637 2.874, 3.3614 -0.2797 2.874, 3.3591 -0.2593 2.8915, 3.4234 -0.3371 2.7708, 3.4306 -0.3371 2.7687, 3.4409 -0.4171 2.6555, 3.501 -0.3371 2.8006, 3.506 -0.3371 2.8089, 3.5085 -0.3558 2.7866, 4.2497 -0.2388 2.874, 4.2419 -0.1528 2.938, 4.2614 -0.1577 2.9455, 4.1586 -0.2637 2.874, 4.1488 -0.2797 2.874, 4.1384 -0.1674 2.9603, 4.2884 -0.3371 2.8006, 4.2934 -0.3371 2.8089, 4.298 -0.3747 2.7634, 2.9056 0.9621 1.6541, 2.9099 0.9621 1.6489, 2.9164 0.9662 1.6453, 2.9255 0.9219 1.5748, 2.9212 0.8746 1.5335, 2.9318 0.8877 1.5173, 2.7806 0.8887 1.5748, 2.7709 0.9047 1.5748, 2.767 0.8669 1.5429, 3.6979 0.9621 1.6482, 3.7029 0.9621 1.64, 3.7059 0.9856 1.6679, 3.7129 0.9219 1.5748, 3.7107 0.8979 1.5531, 3.7213 0.9116 1.5374, 3.5886 0.8687 1.5748, 3.5773 0.8789 1.5748, 3.5755 0.8794 1.5743, 2.827 -0.3371 1.615, 2.8174 -0.4246 1.7245, 2.8279 -0.4419 1.7128, 2.7733 -0.3371 1.6732, 2.7666 -0.3926 1.7463, 2.7862 -0.4 1.7412, 2.6822 -0.3371 1.6482, 2.6725 -0.3371 1.6322, 2.6631 -0.4146 1.7313, 2.8121 -0.2637 1.5748, 2.8171 -0.2719 1.5748, 2.8227 -0.214 1.5276, 3.5607 -0.3371 1.6732, 3.5562 -0.3756 1.7221, 3.5758 -0.3829 1.7168, 3.4902 -0.3371 1.6682, 3.4772 -0.3371 1.6566, 3.4717 -0.3842 1.7158, 3.5995 -0.2637 1.5748, 3.6045 -0.2719 1.5748, 3.6123 -0.1896 1.5098, 3.9544 -0.3371 1.6732, 3.951 -0.3668 1.7103, 3.9705 -0.374 1.7049, 3.8633 -0.3371 1.6482, 3.8536 -0.3371 1.6322, 3.8475 -0.3881 1.6942, 3.9932 -0.2637 1.5748, 3.9982 -0.2719 1.5748, 4.0071 -0.1772 1.5012, 3.1172 -0.3371 1.6784, 3.1024 -0.3371 1.672, 3.0974 -0.3847 1.7338, 3.0965 -0.3371 1.6682, 3.0835 -0.3371 1.6566, 3.0769 -0.3929 1.728, 3.0759 -0.3371 1.6482, 3.0662 -0.3371 1.6322, 3.0579 -0.406 1.7188, 3.2058 -0.2637 1.5748, 3.2108 -0.2719 1.5748, 3.2175 -0.2019 1.5186, 2.3796 -0.3371 1.6732, 2.3718 -0.4008 1.7586, 2.3914 -0.4083 1.7537, 2.2885 -0.3371 1.6482, 2.2788 -0.3371 1.6322, 2.2683 -0.4231 1.744, 2.4184 -0.2637 1.5748, 2.4234 -0.2719 1.5748, 2.428 -0.226 1.5368, 4.0916 0.9621 1.6482, 4.0966 0.9621 1.64, 4.1006 0.9951 1.6796, 4.0528 0.8638 1.5748, 4.0445 0.7716 1.5068, 4.064 0.7765 1.4992, 3.2061 0.9621 1.6685, 3.2113 0.9621 1.672, 3.2214 1.0427 1.7844, 3.2629 0.9621 1.6784, 3.2753 0.9621 1.673, 3.2854 1.0422 1.7847, 3.2776 0.9621 1.672, 3.2833 0.9621 1.6684, 3.2946 0.9665 1.6646, 3.3042 0.9621 1.6482, 3.3092 0.9621 1.64, 3.3111 0.976 1.6565, 3.3192 0.9219 1.5748, 3.316 0.8863 1.5432, 3.3265 0.8998 1.5273, 3.1743 0.8887 1.5748, 3.1646 0.9047 1.5748, 3.1617 0.8785 1.5525, 2.5168 0.9621 1.6482, 2.5218 0.9621 1.64, 2.5319 1.0444 1.7479, 2.5318 0.9219 1.5748, 2.5265 0.8626 1.5239, 2.537 0.8755 1.5075, 2.478 0.8638 1.5748, 2.4757 0.8387 1.5544, 2.4953 0.8442 1.5473, 2.3869 0.8887 1.5748, 2.3772 0.9047 1.5748, 2.3722 0.8551 1.5335, 3.8947 -0.3371 2.8006, 3.8997 -0.3371 2.8089, 3.9032 -0.3654 2.7751, 2.9775 -0.2637 2.874, 2.9677 -0.2797 2.874, 2.9644 -0.2478 2.9011, 2.9907 -0.3371 2.7942, 2.9931 -0.3371 2.792, 2.9932 -0.338 2.7909, 2.9952 -0.3371 2.7901, 2.2812 -0.2388 2.874, 2.2783 -0.2079 2.8989, 2.2979 -0.2134 2.906, 2.1901 -0.2637 2.874, 2.1803 -0.2797 2.874, 2.1748 -0.2242 2.92, 2.3199 -0.3371 2.8006, 2.3249 -0.3371 2.8089, 2.3345 -0.4152 2.7073, 3.7576 0.9621 2.7757, 3.7536 0.9962 2.7326, 3.7732 1.0035 2.738, 3.6664 0.9621 2.8006, 3.6567 0.9621 2.8167, 3.6501 1.0176 2.7485, 3.7963 0.8887 2.874, 3.8013 0.8969 2.874, 3.8097 0.8084 2.9433, 3.0239 0.9621 2.8338, 3.0148 1.0453 2.7307, 3.0253 1.0624 2.7425, 2.9702 0.9621 2.7757, 2.964 1.0134 2.7087, 2.9836 1.0208 2.7138, 2.879 0.9621 2.8006, 2.8693 0.9621 2.8167, 2.8605 1.0353 2.7238, 2.8493 0.9621 2.8738, 2.8483 0.9726 2.8631, 2.8549 0.9621 2.8529, 3.0089 0.8887 2.874, 3.0139 0.8969 2.874, 3.0201 0.833 2.9257, 2.1248 0.9621 2.7734, 2.1189 0.9621 2.777, 2.1104 1.0303 2.6844, 2.1051 0.9621 2.7862, 2.0994 0.9621 2.7925, 2.0899 1.0383 2.6895, 2.0997 1.0969 2.5582, 2.1111 1.1367 2.4215, 2.1007 1.1579 2.2831, 2.1021 1.1316 2.007, 2.1025 0.9621 1.6682, 2.1128 0.9621 1.6589, 2.1206 1.0257 1.7422, 2.1231 0.9621 1.6482, 2.1281 0.9621 1.64, 2.1371 1.036 1.7352, 2.0898 0.1365 1.2599, 2.0957 0.141 1.2843, 2.1051 1.2596 1.7933, 2.0969 0.4738 3.154, 2.0907 0.8595 2.9109, 2.2215 0.8887 2.874, 2.2265 0.8969 2.874, 2.2306 0.8569 2.9074, 2.2613 0.8952 2.9555, 2.2558 0.8806 2.9372, 2.2487 0.9523 2.874, 2.246 0.9887 2.8356, 2.2514 1.0061 2.8513, 2.2513 0.9621 2.874, 2.2453 0.8676 2.9209, 2.2372 0.9147 2.874, 2.2404 0.9219 2.874, 2.2406 0.9225 2.874, 2.2141 0.8491 2.8976, 2.2113 0.878 2.874, 2.2166 0.8828 2.874, 2.1742 0.8407 2.8871, 2.1727 0.8569 2.874, 2.1739 0.8569 2.874, 2.1945 0.8435 2.8906, 2.1802 0.8585 2.874, 2.195 0.8649 2.874, 2.2009 0.8687 2.874, 2.1589 0.8559 2.874, 2.1526 0.8407 2.8871, 2.1513 0.8567 2.874, 2.1347 0.8616 2.874, 2.1305 0.8439 2.8911, 2.1311 0.8633 2.874, 2.11 0.8501 2.8989, 2.1112 0.8765 2.874, 2.1286 0.8649 2.874, 2.1049 0.8823 2.874, 2.1073 0.8801 2.874, 2.1015 0.7389 2.9926, 2.0899 0.6178 3.0907, 2.0988 0.6107 3.0706, 2.1005 0.4695 3.1294, 2.097 0.475 3.1612, 2.1012 0.4791 3.1845, 2.0906 0.6364 3.1434, 2.0901 0.7955 3.0945, 2.1002 0.6435 3.1636, 2.0929 0.9445 3.0173, 2.1034 0.8046 3.111, 2.1015 1.0758 2.9143, 2.1114 0.9538 3.0289, 2.0913 1.1787 2.7795, 2.1106 1.1866 2.7845, 2.0999 1.2677 2.6309, 2.0899 1.321 2.4657, 2.0992 1.3529 2.2966, 2.1095 1.3268 2.467, 2.0901 1.3495 2.1272, 2.0913 1.3213 1.9566, 2.1017 1.3516 2.1269, 2.1159 1.3183 1.9574, 2.1156 1.1678 1.6462, 2.0945 1.1745 1.6416, 2.1055 1.0615 1.5139, 2.1159 0.9275 1.4129, 2.0956 0.9361 1.4016, 2.1054 0.7844 1.3222, 2.0946 0.627 1.256, 2.1097 0.6217 1.2725, 2.0991 0.4594 1.2344, 2.0999 0.2966 1.2441, 2.0895 0.0437 1.3164, 2.0957 0.1447 1.3047, 2.0903 0.1489 1.3277, 2.0998 0.4432 1.3434, 2.0899 0.2981 1.3339, 2.1004 0.2977 1.313, 2.1104 0.5876 1.3773, 2.0957 0.5823 1.3938, 2.1065 0.7173 1.4505, 2.0903 0.7112 1.4619, 2.1045 0.8782 1.5748, 2.1005 0.8325 1.5383, 2.1101 0.8826 1.5748, 2.117 0.84 1.5284, 2.119 0.8923 1.5748, 2.1218 0.8968 1.5748, 2.1317 0.8505 1.5146, 2.1378 0.9223 1.5748, 2.14 0.9257 1.5748, 2.1423 0.8631 1.498, 2.1458 0.9393 1.5748, 2.1422 0.9621 1.6145, 2.1439 0.9621 1.6082, 2.1522 0.9738 1.5971, 2.1503 0.9621 1.5846, 2.1576 0.9908 1.581, 2.1477 0.8772 1.4793, 2.1529 0.9621 1.5748, 2.1498 0.9521 1.5748, 2.1623 1.0676 1.7139, 2.1517 1.0504 1.7256, 2.1419 0.9621 1.6151, 2.1388 0.9621 1.6222, 2.1182 0.9621 1.6541, 2.101 1.0182 1.7473, 2.0942 0.9621 1.6732, 2.0962 0.9621 1.6722, 2.0915 1.0831 1.8735, 2.0911 1.1554 2.1453, 2.1125 1.1562 2.1453, 2.1098 0.9621 2.7824, 2.1541 1.026 2.6816, 2.162 0.9621 2.7691, 2.1553 0.9621 2.7678, 2.1325 1.026 2.6816, 2.146 0.9621 2.7679, 2.1405 0.9621 2.769, 2.1311 0.9621 2.771, 2.1714 0.9621 2.7709, 2.1744 1.0298 2.684, 2.1761 0.9621 2.7726, 2.2105 1.0478 2.6956, 2.2014 0.9621 2.788, 2.194 1.0374 2.6889, 2.1951 0.9621 2.783, 2.1827 0.9621 2.7762, 2.2252 1.0624 2.7049, 2.223 0.9621 2.8115, 2.2204 0.9621 2.8086, 2.2354 0.9733 2.8216, 2.2295 0.9621 2.8211, 2.2232 0.9621 2.8117, 2.2485 0.9621 2.8639, 2.2475 0.9621 2.8604, 2.2357 0.9621 2.8346, 3.0508 0.8697 2.9751, 3.0454 0.8557 2.9563, 3.0361 0.9523 2.874, 3.0409 0.9844 2.8744, 3.0387 0.9621 2.874, 3.0354 0.9676 2.8582, 3.0352 0.9621 2.8643, 3.031 0.9621 2.853, 3.0348 0.8433 2.9396, 3.0246 0.9147 2.874, 3.0278 0.9219 2.874, 3.028 0.9225 2.874, 3.0036 0.8256 2.9157, 2.9987 0.878 2.874, 3.004 0.8828 2.874, 2.9841 0.8202 2.9085, 2.9637 0.8176 2.9049, 2.9613 0.8569 2.874, 2.9676 0.8585 2.874, 2.9824 0.8649 2.874, 2.9883 0.8687 2.874, 2.9421 0.8176 2.9049, 2.9463 0.8559 2.874, 2.9601 0.8569 2.874, 2.916 0.8649 2.874, 2.9185 0.8633 2.874, 2.92 0.8206 2.909, 2.9221 0.8616 2.874, 2.9387 0.8567 2.874, 2.8986 0.8765 2.874, 2.8996 0.8266 2.9171, 2.8923 0.8823 2.874, 2.8806 0.8361 2.9299, 2.8747 0.9047 2.874, 2.8705 0.9102 2.874, 2.8671 0.8472 2.9449, 2.8643 0.9212 2.874, 2.8604 0.9319 2.874, 2.8582 0.8599 2.962, 2.8493 0.9619 2.874, 2.8492 0.9621 2.874, 2.8446 0.9906 2.8804, 2.8545 0.8748 2.982, 2.8633 0.9621 2.8266, 2.847 1.0507 2.7344, 2.8599 0.9621 2.8344, 2.8574 0.9621 2.8437, 2.8795 1.0222 2.7147, 2.8867 0.9621 2.7922, 2.884 0.9621 2.7947, 2.9 1.0139 2.709, 2.9221 1.0097 2.7061, 2.9266 0.9621 2.7689, 2.9204 0.9621 2.7704, 2.9056 0.9621 2.7768, 2.8996 0.9621 2.7806, 2.9437 1.0097 2.7061, 2.9417 0.9621 2.7678, 2.9279 0.9621 2.7688, 2.9695 0.9621 2.7752, 2.9658 0.9621 2.7735, 2.9492 0.9621 2.7686, 3.0175 0.9621 2.8221, 3.0075 0.9621 2.8093, 3.0001 1.031 2.7208, 2.9957 0.9621 2.7942, 2.9893 0.9621 2.7884, 3.0236 0.9621 2.8331, 3.8154 0.9225 2.874, 3.8202 0.9401 2.874, 3.8249 0.9458 2.88, 3.8235 0.9523 2.874, 3.8303 0.9621 2.8968, 3.8149 1.0441 2.7682, 3.8203 1.0628 2.7821, 3.8261 0.9621 2.874, 3.835 0.8301 2.9747, 3.8244 0.8183 2.9575, 3.8152 0.9219 2.874, 3.8121 0.9147 2.874, 3.7932 0.8014 2.9331, 3.7861 0.878 2.874, 3.7914 0.8828 2.874, 3.7533 0.7937 2.922, 3.7475 0.8569 2.874, 3.7487 0.8569 2.874, 3.7736 0.7962 2.9256, 3.755 0.8585 2.874, 3.7698 0.8649 2.874, 3.7757 0.8687 2.874, 3.7337 0.8559 2.874, 3.7317 0.7937 2.922, 3.7261 0.8567 2.874, 3.7095 0.8616 2.874, 3.7096 0.7966 2.9261, 3.7059 0.8633 2.874, 3.6701 0.8114 2.9476, 3.6797 0.8823 2.874, 3.6891 0.8023 2.9344, 3.686 0.8765 2.874, 3.7034 0.8649 2.874, 3.6478 0.9319 2.874, 3.6517 0.9212 2.874, 3.6566 0.822 2.9629, 3.6579 0.9102 2.874, 3.6621 0.9047 2.874, 3.6478 0.8341 2.9805, 3.6377 0.9507 2.885, 3.6447 0.9402 2.874, 3.6367 0.9619 2.874, 3.6366 0.9621 2.874, 3.634 0.968 2.9029, 3.6241 1.0697 2.7872, 3.6367 0.9621 2.8738, 3.6473 0.9621 2.8344, 3.6448 0.9621 2.8437, 3.6366 1.0326 2.7596, 3.6277 1.0497 2.7723, 3.6507 0.9621 2.8266, 3.6691 1.0048 2.739, 3.6741 0.9621 2.7922, 3.6714 0.9621 2.7947, 3.6896 0.9967 2.733, 3.7117 0.9926 2.7299, 3.714 0.9621 2.7689, 3.7078 0.9621 2.7704, 3.693 0.9621 2.7768, 3.687 0.9621 2.7806, 3.7333 0.9926 2.7299, 3.7291 0.9621 2.7678, 3.7153 0.9621 2.7688, 3.7569 0.9621 2.7752, 3.7532 0.9621 2.7735, 3.7366 0.9621 2.7686, 3.7897 1.0134 2.7454, 3.7831 0.9621 2.7942, 3.7767 0.9621 2.7884, 3.8113 0.9621 2.8338, 3.811 0.9621 2.8331, 3.8049 0.9621 2.8221, 3.7949 0.9621 2.8093, 3.8226 0.9621 2.8643, 3.8043 1.0273 2.7557, 2.355 -0.3712 2.862, 2.3495 -0.3541 2.8461, 2.3471 -0.3371 2.8642, 2.3396 -0.2443 2.9461, 2.3451 -0.2586 2.9646, 2.3498 -0.3371 2.874, 2.3357 -0.3371 2.8266, 2.3372 -0.3371 2.8302, 2.339 -0.3389 2.8319, 2.3388 -0.3371 2.8338, 2.339 -0.3371 2.8344, 2.3491 -0.4297 2.7168, 2.318 -0.4049 2.7004, 2.3097 -0.3371 2.7899, 2.315 -0.3371 2.7947, 2.2984 -0.3974 2.6954, 2.2781 -0.3936 2.6929, 2.2723 -0.3371 2.7689, 2.2786 -0.3371 2.7704, 2.2934 -0.3371 2.7768, 2.2994 -0.3371 2.7806, 2.2565 -0.3936 2.6929, 2.2573 -0.3371 2.7678, 2.2711 -0.3371 2.7688, 2.227 -0.3371 2.7768, 2.2295 -0.3371 2.7752, 2.2344 -0.3979 2.6958, 2.2331 -0.3371 2.7735, 2.2498 -0.3371 2.7686, 2.2097 -0.3371 2.7884, 2.2139 -0.4062 2.7013, 2.2033 -0.3371 2.7942, 2.1949 -0.4196 2.7101, 2.1858 -0.3371 2.8166, 2.1815 -0.3371 2.8221, 2.1814 -0.4351 2.7205, 2.177 -0.3371 2.8302, 2.1712 -0.3436 2.8363, 2.1753 -0.3371 2.8331, 2.1624 -0.3592 2.8509, 2.1603 -0.3371 2.8738, 2.1714 -0.3371 2.8439, 2.1602 -0.3371 2.874, 2.1587 -0.3775 2.8678, 2.1488 -0.2638 2.9714, 2.1603 -0.3369 2.874, 2.171 -0.2975 2.874, 2.1684 -0.3068 2.874, 2.1613 -0.2356 2.9348, 2.1525 -0.2486 2.9516, 2.1743 -0.2897 2.874, 2.1938 -0.2144 2.9073, 2.1977 -0.2553 2.874, 2.195 -0.2578 2.874, 2.2143 -0.2083 2.8994, 2.2364 -0.2052 2.8954, 2.2377 -0.2319 2.874, 2.2314 -0.2335 2.874, 2.2166 -0.2399 2.874, 2.2106 -0.2437 2.874, 2.258 -0.2052 2.8954, 2.2527 -0.2309 2.874, 2.2389 -0.2319 2.874, 2.2805 -0.2383 2.874, 2.2769 -0.2366 2.874, 2.2602 -0.2317 2.874, 2.3144 -0.221 2.9159, 2.3067 -0.2573 2.874, 2.3003 -0.2515 2.874, 2.3291 -0.2316 2.9296, 2.3285 -0.2852 2.874, 2.3185 -0.2724 2.874, 2.3462 -0.3274 2.874, 2.3349 -0.2969 2.874, 2.3346 -0.2962 2.874, 3.1444 -0.3925 2.8384, 3.139 -0.3749 2.823, 3.1345 -0.3371 2.8642, 3.1292 -0.2688 2.9265, 3.1346 -0.2837 2.9445, 3.1372 -0.3371 2.874, 3.1284 -0.3592 2.8093, 3.1137 -0.3461 2.798, 3.1123 -0.3371 2.8089, 3.1231 -0.3371 2.8266, 3.1262 -0.3371 2.8338, 3.1264 -0.3371 2.8344, 3.0972 -0.3371 2.79, 3.1024 -0.3371 2.7947, 3.1073 -0.3371 2.8006, 3.088 -0.4133 2.6704, 3.0808 -0.3371 2.7768, 3.1076 -0.421 2.6752, 3.0868 -0.3371 2.7806, 3.0677 -0.4095 2.6681, 3.0585 -0.3371 2.7688, 3.0597 -0.3371 2.7689, 3.066 -0.3371 2.7704, 3.0447 -0.3371 2.7678, 3.0461 -0.4095 2.6681, 3.0372 -0.3371 2.7686, 3.0205 -0.3371 2.7735, 3.024 -0.4138 2.6708, 3.0169 -0.3371 2.7752, 3.0035 -0.4224 2.676, 2.9971 -0.3371 2.7884, 3.0144 -0.3371 2.7768, 2.9732 -0.3371 2.8166, 2.9742 -0.35 2.8014, 2.9627 -0.3371 2.8331, 2.9689 -0.3371 2.8221, 2.9607 -0.3641 2.8136, 2.9518 -0.3802 2.8276, 2.9477 -0.3371 2.8738, 2.9588 -0.3371 2.8439, 2.9476 -0.3371 2.874, 2.9481 -0.399 2.844, 2.9383 -0.2891 2.9511, 2.9477 -0.3369 2.874, 2.9584 -0.2975 2.874, 2.9558 -0.3068 2.874, 2.9508 -0.2596 2.9155, 2.942 -0.2732 2.9319, 2.9617 -0.2897 2.874, 2.9834 -0.2376 2.8888, 2.9851 -0.2553 2.874, 2.9824 -0.2578 2.874, 3.0188 -0.2335 2.874, 3.0046 -0.2397 2.874, 3.0038 -0.2311 2.8811, 3.004 -0.2399 2.874, 2.998 -0.2437 2.874, 3.0251 -0.2319 2.874, 3.0259 -0.2279 2.8772, 3.0401 -0.2309 2.874, 3.0475 -0.2279 2.8772, 3.0476 -0.2317 2.874, 3.0679 -0.2308 2.8806, 3.0643 -0.2366 2.874, 3.0479 -0.2317 2.874, 3.0874 -0.2365 2.8876, 3.0877 -0.2515 2.874, 3.0679 -0.2383 2.874, 3.1039 -0.2444 2.8971, 3.0941 -0.2573 2.874, 3.0889 -0.2525 2.874, 3.1186 -0.2555 2.9105, 3.1159 -0.2852 2.874, 3.1059 -0.2724 2.874, 3.1336 -0.3274 2.874, 3.1223 -0.2969 2.874, 3.122 -0.2962 2.874, 3.9339 -0.4131 2.8139, 3.9285 -0.395 2.7991, 3.9219 -0.3371 2.8642, 3.9187 -0.2924 2.9062, 3.9241 -0.3079 2.9237, 3.9246 -0.3371 2.874, 3.9179 -0.3788 2.786, 3.9105 -0.3371 2.8266, 3.9136 -0.3371 2.8338, 3.9138 -0.3371 2.8344, 3.8867 -0.3557 2.7672, 3.8845 -0.3371 2.7899, 3.8898 -0.3371 2.7947, 3.8672 -0.3487 2.7616, 3.8468 -0.3453 2.7587, 3.8471 -0.3371 2.7689, 3.8534 -0.3371 2.7704, 3.8682 -0.3371 2.7768, 3.8742 -0.3371 2.7806, 3.8253 -0.3453 2.7587, 3.8321 -0.3371 2.7678, 3.8459 -0.3371 2.7688, 3.8018 -0.3371 2.7768, 3.8043 -0.3371 2.7752, 3.8031 -0.3492 2.7619, 3.8079 -0.3371 2.7735, 3.8246 -0.3371 2.7686, 3.7845 -0.3371 2.7884, 3.7827 -0.357 2.7683, 3.7805 -0.3371 2.792, 3.7781 -0.3371 2.7942, 3.7637 -0.3694 2.7784, 3.7606 -0.3371 2.8166, 3.7563 -0.3371 2.8221, 3.7502 -0.3839 2.7901, 3.7501 -0.3371 2.8331, 3.7462 -0.3371 2.8439, 3.7413 -0.4004 2.8036, 3.7351 -0.3371 2.8738, 3.7351 -0.3369 2.874, 3.735 -0.3371 2.874, 3.7278 -0.3136 2.9301, 3.7376 -0.4198 2.8193, 3.7458 -0.2975 2.874, 3.7432 -0.3068 2.874, 3.7403 -0.2829 2.8955, 3.7315 -0.2971 2.9115, 3.7649 -0.2637 2.874, 3.7648 -0.2638 2.874, 3.7539 -0.2706 2.8816, 3.7551 -0.2797 2.874, 3.7491 -0.2897 2.874, 3.7626 -0.146 2.955, 3.7725 -0.2553 2.874, 3.7436 -0.1545 2.9686, 3.7698 -0.2578 2.874, 3.783 -0.1407 2.9465, 3.8051 -0.138 2.9422, 3.8125 -0.2319 2.874, 3.8062 -0.2335 2.874, 3.7914 -0.2399 2.874, 3.7854 -0.2437 2.874, 3.8267 -0.138 2.9422, 3.8275 -0.2309 2.874, 3.8137 -0.2319 2.874, 3.856 -0.2388 2.874, 3.8553 -0.2383 2.874, 3.8471 -0.1403 2.946, 3.8517 -0.2366 2.874, 3.835 -0.2317 2.874, 3.8751 -0.2515 2.874, 3.8666 -0.1451 2.9536, 3.8763 -0.2525 2.874, 3.8815 -0.2573 2.874, 3.8831 -0.1517 2.9642, 3.8865 -0.2637 2.874, 3.8933 -0.2724 2.874, 3.8934 -0.2671 2.8777, 3.9033 -0.2852 2.874, 3.9081 -0.2786 2.8907, 3.921 -0.3274 2.874, 3.9097 -0.2969 2.874, 3.9095 -0.2962 2.874, 2.3571 0.9621 1.5748, 2.356 1.0079 1.5869, 2.3462 0.8952 1.4824, 2.3571 0.9619 1.5748, 2.3678 0.9225 1.5748, 2.3653 0.9318 1.5748, 2.3587 0.8666 1.5188, 2.3499 0.8798 1.502, 2.3712 0.9147 1.5748, 2.3912 0.8453 1.546, 2.3946 0.8803 1.5748, 2.3918 0.8828 1.5748, 2.4117 0.8391 1.5539, 2.4338 0.8359 1.5579, 2.4345 0.8569 1.5748, 2.4282 0.8585 1.5748, 2.4135 0.8649 1.5748, 2.4075 0.8687 1.5748, 2.4554 0.8359 1.5579, 2.4496 0.8559 1.5748, 2.4357 0.8569 1.5748, 2.4773 0.8633 1.5748, 2.4737 0.8616 1.5748, 2.4571 0.8567 1.5748, 2.5118 0.8519 1.5376, 2.5036 0.8823 1.5748, 2.4972 0.8765 1.5748, 2.5315 0.9212 1.5748, 2.5254 0.9102 1.5748, 2.5153 0.8974 1.5748, 2.5523 1.0016 1.5926, 2.5469 0.9844 1.6084, 2.544 0.9621 1.5846, 2.5425 0.8899 1.4892, 2.5466 0.9621 1.5748, 2.543 0.9524 1.5748, 2.5285 0.9621 1.6289, 2.5325 0.9621 1.6222, 2.5363 0.969 1.6225, 2.5356 0.9621 1.6151, 2.5359 0.9621 1.6145, 2.5465 1.0589 1.7384, 2.5154 1.034 1.7547, 2.5065 0.9621 1.6589, 2.5119 0.9621 1.6541, 2.4755 1.0227 1.762, 2.4679 0.9621 1.6801, 2.4692 0.9621 1.68, 2.4958 1.0264 1.7596, 2.4755 0.9621 1.6784, 2.4902 0.9621 1.672, 2.4962 0.9621 1.6682, 2.4541 0.9621 1.681, 2.4539 1.0227 1.762, 2.4466 0.9621 1.6802, 2.43 0.9621 1.6753, 2.4318 1.0269 1.7593, 2.4263 0.9621 1.6736, 2.38 0.9621 1.6289, 2.3826 0.9621 1.6322, 2.3923 1.0488 1.745, 2.4001 0.9621 1.6546, 2.4113 1.0354 1.7538, 2.4065 0.9621 1.6605, 2.4239 0.9621 1.672, 2.3788 1.0644 1.7349, 2.3686 0.9738 1.6181, 2.3783 0.9621 1.6267, 2.3722 0.9621 1.6157, 2.3597 0.9895 1.6037, 2.3572 0.9621 1.575, 2.3682 0.9621 1.605, 3.1445 0.9621 1.5748, 3.1455 1.0292 1.6109, 3.1357 0.9203 1.5029, 3.1445 0.9619 1.5748, 3.1552 0.9225 1.5748, 3.1527 0.9318 1.5748, 3.1482 0.8905 1.5382, 3.1394 0.9043 1.5219, 3.1586 0.9147 1.5748, 3.1807 0.8682 1.5647, 3.182 0.8803 1.5748, 3.1792 0.8828 1.5748, 3.2129 0.8597 1.5748, 3.2015 0.8647 1.5748, 3.2012 0.8618 1.5724, 3.2009 0.8649 1.5748, 3.1949 0.8687 1.5748, 3.2156 0.8585 1.5748, 3.1908 0.7466 1.4907, 3.2219 0.8569 1.5748, 3.2129 0.7441 1.4951, 3.2231 0.8569 1.5748, 3.237 0.8559 1.5748, 3.2549 0.7463 1.4912, 3.2545 0.8597 1.5748, 3.2345 0.7441 1.4951, 3.2447 0.8568 1.5748, 3.2445 0.8567 1.5748, 3.2652 0.8614 1.5729, 3.2647 0.8633 1.5748, 3.2611 0.8616 1.5748, 3.2848 0.8672 1.566, 3.2846 0.8765 1.5748, 3.2654 0.8638 1.5748, 3.3013 0.8752 1.5565, 3.291 0.8823 1.5748, 3.2857 0.8775 1.5748, 3.3189 0.9212 1.5748, 3.3128 0.9102 1.5748, 3.3027 0.8974 1.5748, 3.3418 1.0227 1.6165, 3.3364 1.005 1.6317, 3.3314 0.9621 1.5846, 3.332 0.9148 1.5094, 3.334 0.9621 1.5748, 3.3304 0.9524 1.5748, 3.3258 0.9891 1.6452, 3.3199 0.9621 1.6222, 3.323 0.9621 1.6151, 3.3233 0.9621 1.6145, 3.2836 0.9621 1.6682, 3.2939 0.9621 1.6589, 3.2993 0.9621 1.6541, 3.305 1.0499 1.7801, 3.2566 0.9621 1.68, 3.2651 1.0383 1.787, 3.2415 0.9621 1.681, 3.2137 0.9621 1.6736, 3.2174 0.9621 1.6753, 3.2435 1.0383 1.787, 3.2338 0.9621 1.6802, 3.234 0.9621 1.6802, 3.2009 1.0513 1.7792, 3.1906 0.9678 1.6635, 3.1939 0.9621 1.6605, 3.19 0.9621 1.6568, 3.1716 0.9799 1.6531, 3.17 0.9621 1.6322, 3.1875 0.9621 1.6546, 3.1596 0.9621 1.6157, 3.1657 0.9621 1.6267, 3.158 0.9941 1.641, 3.1492 1.0103 1.6271, 3.1446 0.9621 1.575, 3.1556 0.9621 1.605, 3.9387 1.0304 1.6514, 3.935 1.0498 1.6359, 3.9319 0.9621 1.5748, 3.9252 0.9446 1.5241, 3.9319 0.9619 1.5748, 3.9426 0.9225 1.5748, 3.9401 0.9318 1.5748, 3.9377 0.9136 1.5584, 3.9617 0.8887 1.5748, 3.9557 0.8987 1.5748, 3.9512 0.9011 1.5722, 3.952 0.9047 1.5748, 3.946 0.9147 1.5748, 3.96 0.7774 1.4978, 3.9694 0.8803 1.5748, 3.941 0.786 1.4844, 3.9666 0.8828 1.5748, 3.9804 0.7719 1.5063, 4.0025 0.7692 1.5106, 4.0093 0.8569 1.5748, 4.003 0.8585 1.5748, 3.9883 0.8649 1.5748, 3.9823 0.8687 1.5748, 4.0241 0.7692 1.5106, 4.0244 0.8559 1.5748, 4.0106 0.8569 1.5748, 4.0521 0.8633 1.5748, 4.0485 0.8616 1.5748, 4.0319 0.8567 1.5748, 4.0805 0.7832 1.4887, 4.0784 0.8823 1.5748, 4.072 0.8765 1.5748, 4.0952 0.7925 1.4741, 4.0912 0.8987 1.5748, 4.0902 0.8974 1.5748, 4.116 0.9232 1.5477, 4.1066 0.9219 1.5748, 4.1055 0.9093 1.5632, 4.1063 0.9212 1.5748, 4.1002 0.9102 1.5748, 4.1313 1.0432 1.6412, 4.1259 1.0249 1.6558, 4.1188 0.9621 1.5846, 4.1215 0.9389 1.5304, 4.1214 0.9621 1.5748, 4.1178 0.9524 1.5748, 4.1153 1.0086 1.6688, 4.1073 0.9621 1.6222, 4.1104 0.9621 1.6151, 4.1107 0.9621 1.6145, 4.0841 0.9853 1.6873, 4.0813 0.9621 1.6589, 4.0867 0.9621 1.6541, 4.0442 0.9748 1.6957, 4.0428 0.9621 1.6801, 4.044 0.9621 1.68, 4.0646 0.9783 1.693, 4.0503 0.9621 1.6784, 4.065 0.9621 1.672, 4.071 0.9621 1.6682, 4.0289 0.9621 1.681, 4.0226 0.9748 1.6957, 4.0214 0.9621 1.6802, 4.0048 0.9621 1.6753, 4.0005 0.9788 1.6926, 4.0012 0.9621 1.6736, 3.9801 0.9866 1.6863, 3.9813 0.9621 1.6605, 3.9987 0.9621 1.672, 3.9611 0.9991 1.6763, 3.9749 0.9621 1.6546, 3.9774 0.9621 1.6568, 3.9475 1.0137 1.6647, 3.9531 0.9621 1.6267, 3.9574 0.9621 1.6322, 3.932 0.9621 1.575, 3.943 0.9621 1.605, 3.947 0.9621 1.6157, 2.4587 -0.2639 1.4884, 2.4532 -0.2495 1.5068, 2.4455 -0.3273 1.5748, 2.4434 -0.3585 1.6075, 2.4488 -0.3757 1.5917, 2.4482 -0.3371 1.5748, 2.4427 -0.2366 1.5232, 2.4341 -0.2897 1.5748, 2.4372 -0.2969 1.5748, 2.4375 -0.2975 1.5748, 2.4115 -0.2183 1.5466, 2.4081 -0.253 1.5748, 2.4134 -0.2578 1.5748, 2.3919 -0.2127 1.5537, 2.3716 -0.21 1.5572, 2.3708 -0.2319 1.5748, 2.377 -0.2335 1.5748, 2.3918 -0.2399 1.5748, 2.3978 -0.2437 1.5748, 2.35 -0.21 1.5572, 2.3557 -0.2309 1.5748, 2.3695 -0.2319 1.5748, 2.3254 -0.2399 1.5748, 2.3279 -0.2383 1.5748, 2.3279 -0.2131 1.5532, 2.3316 -0.2366 1.5748, 2.3482 -0.2317 1.5748, 2.3081 -0.2515 1.5748, 2.3074 -0.2193 1.5453, 2.3017 -0.2573 1.5748, 2.2884 -0.2292 1.5327, 2.2842 -0.2797 1.5748, 2.2799 -0.2852 1.5748, 2.2749 -0.2407 1.518, 2.2738 -0.2962 1.5748, 2.2698 -0.3069 1.5748, 2.2661 -0.2538 1.5012, 2.2587 -0.3369 1.5748, 2.2587 -0.3371 1.575, 2.2587 -0.3371 1.5748, 2.2525 -0.382 1.5859, 2.2624 -0.2692 1.4816, 2.2694 -0.3371 1.6145, 2.2669 -0.3371 1.6051, 2.265 -0.348 1.6172, 2.2548 -0.4387 1.7338, 2.2758 -0.3371 1.6272, 2.2727 -0.3371 1.6222, 2.2873 -0.4097 1.7527, 2.2961 -0.3371 1.6566, 2.2934 -0.3371 1.6541, 2.3078 -0.4013 1.7582, 2.3299 -0.397 1.761, 2.3361 -0.3371 1.68, 2.3298 -0.3371 1.6784, 2.315 -0.3371 1.672, 2.3091 -0.3371 1.6682, 2.3515 -0.397 1.761, 2.3511 -0.3371 1.681, 2.3373 -0.3371 1.6801, 2.3789 -0.3371 1.6736, 2.3753 -0.3371 1.6753, 2.3587 -0.3371 1.6802, 2.4079 -0.4187 1.7468, 2.4051 -0.3371 1.6546, 2.3988 -0.3371 1.6605, 2.4226 -0.4332 1.7374, 2.4266 -0.3371 1.6272, 2.4169 -0.3371 1.6395, 2.4446 -0.3371 1.5845, 2.4333 -0.3371 1.615, 2.4328 -0.3432 1.6216, 2.4331 -0.3371 1.6157, 2.4269 -0.3371 1.6267, 3.2482 -0.2382 1.4689, 3.2428 -0.2244 1.4878, 3.2329 -0.3273 1.5748, 3.232 -0.3378 1.5849, 3.2382 -0.3539 1.5687, 3.2356 -0.3371 1.5748, 3.2322 -0.2121 1.5046, 3.2215 -0.2897 1.5748, 3.2246 -0.2969 1.5748, 3.2249 -0.2975 1.5748, 3.201 -0.1946 1.5287, 3.1955 -0.253 1.5748, 3.2008 -0.2578 1.5748, 3.1815 -0.1893 1.536, 3.1611 -0.1867 1.5396, 3.1582 -0.2319 1.5748, 3.1644 -0.2335 1.5748, 3.1792 -0.2399 1.5748, 3.1852 -0.2437 1.5748, 3.1395 -0.1867 1.5396, 3.1431 -0.2309 1.5748, 3.1569 -0.2319 1.5748, 3.1129 -0.2399 1.5748, 3.1153 -0.2383 1.5748, 3.1174 -0.1896 1.5355, 3.119 -0.2366 1.5748, 3.1356 -0.2317 1.5748, 3.0955 -0.2515 1.5748, 3.097 -0.1956 1.5274, 3.0891 -0.2573 1.5748, 3.078 -0.205 1.5144, 3.0716 -0.2797 1.5748, 3.0673 -0.2852 1.5748, 3.0644 -0.216 1.4994, 3.0612 -0.2962 1.5748, 3.0572 -0.3069 1.5748, 3.0556 -0.2285 1.4821, 3.0461 -0.3369 1.5748, 3.0461 -0.3371 1.575, 3.0461 -0.3371 1.5748, 3.0419 -0.36 1.5627, 3.0519 -0.2432 1.462, 3.0444 -0.4212 1.708, 3.0543 -0.3371 1.6051, 3.0456 -0.3422 1.5802, 3.0489 -0.3371 1.5852, 3.0601 -0.3371 1.6222, 3.0568 -0.3371 1.6145, 3.0808 -0.3371 1.6541, 3.1195 -0.3805 1.7367, 3.1247 -0.3371 1.6801, 3.1235 -0.3371 1.68, 3.1411 -0.3805 1.7367, 3.1461 -0.3371 1.6802, 3.1385 -0.3371 1.681, 3.1614 -0.3842 1.7341, 3.1663 -0.3371 1.6736, 3.1627 -0.3371 1.6753, 3.181 -0.3915 1.7289, 3.1862 -0.3371 1.6605, 3.167 -0.3371 1.6732, 3.2207 -0.3371 1.615, 3.2205 -0.3371 1.6157, 3.1975 -0.4017 1.7218, 3.2143 -0.3371 1.6267, 3.2043 -0.3371 1.6395, 3.1925 -0.3371 1.6546, 4.0123 -0.2975 1.5748, 4.0142 -0.3045 1.5748, 4.0222 -0.3153 1.5635, 4.0203 -0.3273 1.5748, 4.0276 -0.3314 1.5466, 4.0123 -0.4143 1.6744, 4.0177 -0.433 1.6603, 4.023 -0.3371 1.5748, 4.0323 -0.1986 1.4697, 4.0218 -0.1869 1.4869, 4.012 -0.2969 1.5748, 4.0089 -0.2897 1.5748, 3.9906 -0.1702 1.5115, 3.9829 -0.253 1.5748, 3.9882 -0.2578 1.5748, 3.9507 -0.1626 1.5227, 3.9443 -0.2319 1.5748, 3.9456 -0.2319 1.5748, 3.971 -0.1652 1.519, 3.9518 -0.2335 1.5748, 3.9666 -0.2399 1.5748, 3.9726 -0.2437 1.5748, 3.9305 -0.2309 1.5748, 3.9291 -0.1626 1.5227, 3.923 -0.2317 1.5748, 3.9064 -0.2366 1.5748, 3.907 -0.1655 1.5185, 3.9027 -0.2383 1.5748, 3.8675 -0.1801 1.4969, 3.8765 -0.2573 1.5748, 3.8865 -0.1711 1.5102, 3.8829 -0.2515 1.5748, 3.9003 -0.2399 1.5748, 3.854 -0.1905 1.4815, 3.8447 -0.3056 1.5735, 3.8455 -0.3046 1.5748, 3.8486 -0.2962 1.5748, 3.8547 -0.2852 1.5748, 3.859 -0.2797 1.5748, 3.835 -0.3201 1.5584, 3.8335 -0.3369 1.5748, 3.8446 -0.3069 1.5748, 3.8335 -0.3371 1.5748, 3.8314 -0.3372 1.5404, 3.8214 -0.4398 1.6551, 3.8335 -0.3371 1.575, 3.8442 -0.3371 1.6145, 3.8417 -0.3371 1.6051, 3.834 -0.4029 1.683, 3.8251 -0.4199 1.6701, 3.8475 -0.3371 1.6222, 3.8665 -0.3753 1.7039, 3.8709 -0.3371 1.6566, 3.8682 -0.3371 1.6541, 3.8869 -0.3673 1.71, 3.9091 -0.3633 1.713, 3.9109 -0.3371 1.68, 3.9046 -0.3371 1.6784, 3.8898 -0.3371 1.672, 3.8839 -0.3371 1.6682, 3.9306 -0.3633 1.713, 3.9259 -0.3371 1.681, 3.9121 -0.3371 1.6801, 3.9537 -0.3371 1.6736, 3.9501 -0.3371 1.6753, 3.9335 -0.3371 1.6802, 3.987 -0.3839 1.6974, 3.9799 -0.3371 1.6546, 3.9736 -0.3371 1.6605, 4.0017 -0.3977 1.6869, 4.0017 -0.3371 1.6267, 3.9917 -0.3371 1.6395, 4.0194 -0.3371 1.5845, 4.0081 -0.3371 1.615, 4.0079 -0.3371 1.6157, 3.6186 -0.2975 1.5748, 3.6262 -0.3258 1.5748, 3.6267 -0.3265 1.5738, 3.6266 -0.3273 1.5748, 3.6329 -0.3427 1.5576, 3.6175 -0.4237 1.687, 3.6229 -0.4426 1.6732, 3.6293 -0.3371 1.5748, 3.6376 -0.2116 1.4786, 3.627 -0.1996 1.4957, 3.6183 -0.2969 1.5748, 3.6152 -0.2897 1.5748, 3.5958 -0.1825 1.52, 3.5892 -0.253 1.5748, 3.5945 -0.2578 1.5748, 3.5559 -0.1747 1.531, 3.5506 -0.2319 1.5748, 3.5519 -0.2319 1.5748, 3.5763 -0.1773 1.5274, 3.5581 -0.2335 1.5748, 3.5729 -0.2399 1.5748, 3.5789 -0.2437 1.5748, 3.5368 -0.2309 1.5748, 3.5343 -0.1747 1.531, 3.5293 -0.2317 1.5748, 3.5127 -0.2366 1.5748, 3.5122 -0.1777 1.5269, 3.509 -0.2383 1.5748, 3.4728 -0.1926 1.5056, 3.4828 -0.2573 1.5748, 3.4918 -0.1834 1.5187, 3.4892 -0.2515 1.5748, 3.5066 -0.2399 1.5748, 3.4509 -0.3069 1.5748, 3.4549 -0.2962 1.5748, 3.4592 -0.2033 1.4903, 3.461 -0.2852 1.5748, 3.4653 -0.2797 1.5748, 3.4504 -0.2156 1.4729, 3.4403 -0.3313 1.5692, 3.4439 -0.3259 1.5748, 3.4398 -0.3369 1.5748, 3.4398 -0.3371 1.5748, 3.4366 -0.3487 1.5515, 3.4267 -0.4495 1.6682, 3.4398 -0.3371 1.575, 3.4392 -0.4122 1.6954, 3.448 -0.3371 1.6051, 3.4599 -0.3371 1.6322, 3.4538 -0.3371 1.6222, 3.4505 -0.3371 1.6145, 3.4745 -0.3371 1.6541, 3.4527 -0.3971 1.7064, 3.4696 -0.3371 1.6482, 3.4961 -0.3371 1.672, 3.5143 -0.372 1.7248, 3.5172 -0.3371 1.68, 3.4922 -0.3761 1.7218, 3.5109 -0.3371 1.6784, 3.5359 -0.372 1.7248, 3.5322 -0.3371 1.681, 3.5184 -0.3371 1.6801, 3.56 -0.3371 1.6736, 3.5564 -0.3371 1.6753, 3.5398 -0.3371 1.6802, 3.5923 -0.3929 1.7095, 3.5862 -0.3371 1.6546, 3.5799 -0.3371 1.6605, 3.6144 -0.3371 1.615, 3.6142 -0.3371 1.6157, 3.608 -0.3371 1.6267, 3.598 -0.3371 1.6395, 3.6257 -0.3371 1.5845, 3.607 -0.4069 1.6993, 2.8534 -0.2511 1.4785, 2.848 -0.237 1.4972, 2.8392 -0.3273 1.5748, 2.8435 -0.3649 1.5801, 2.8419 -0.3371 1.5748, 2.8381 -0.348 1.5962, 2.8383 -0.3371 1.5845, 2.8302 -0.3371 1.6065, 2.8374 -0.2245 1.5138, 2.8278 -0.2897 1.5748, 2.8309 -0.2969 1.5748, 2.8312 -0.2975 1.5748, 2.8062 -0.2065 1.5376, 2.8018 -0.253 1.5748, 2.8071 -0.2578 1.5748, 2.7867 -0.2011 1.5447, 2.7663 -0.1984 1.5483, 2.7645 -0.2319 1.5748, 2.7707 -0.2335 1.5748, 2.7855 -0.2399 1.5748, 2.7915 -0.2437 1.5748, 2.7448 -0.1984 1.5483, 2.7494 -0.2309 1.5748, 2.7632 -0.2319 1.5748, 2.7191 -0.2399 1.5748, 2.7216 -0.2383 1.5748, 2.7226 -0.2015 1.5442, 2.7253 -0.2366 1.5748, 2.7419 -0.2317 1.5748, 2.7018 -0.2515 1.5748, 2.7022 -0.2075 1.5362, 2.6954 -0.2573 1.5748, 2.6832 -0.2172 1.5235, 2.6779 -0.2797 1.5748, 2.6736 -0.2852 1.5748, 2.6697 -0.2284 1.5086, 2.6675 -0.2962 1.5748, 2.6635 -0.3069 1.5748, 2.6608 -0.2413 1.4916, 2.6524 -0.3369 1.5748, 2.6524 -0.3371 1.575, 2.6524 -0.3371 1.5748, 2.6472 -0.3711 1.5742, 2.6571 -0.2563 1.4717, 2.6604 -0.338 1.6059, 2.6606 -0.3371 1.6051, 2.6664 -0.3371 1.6222, 2.6496 -0.43 1.7208, 2.6631 -0.3371 1.6145, 2.6609 -0.3371 1.6065, 2.6821 -0.4014 1.7403, 2.6898 -0.3371 1.6566, 2.6871 -0.3371 1.6541, 2.7026 -0.3931 1.7459, 2.7247 -0.3889 1.7488, 2.7298 -0.3371 1.68, 2.7235 -0.3371 1.6784, 2.7087 -0.3371 1.672, 2.7028 -0.3371 1.6682, 2.7463 -0.3889 1.7488, 2.7448 -0.3371 1.681, 2.731 -0.3371 1.6801, 2.7726 -0.3371 1.6736, 2.769 -0.3371 1.6753, 2.7524 -0.3371 1.6802, 2.8206 -0.3371 1.6267, 2.8106 -0.3371 1.6395, 2.8027 -0.4103 1.7342, 2.7988 -0.3371 1.6546, 2.7925 -0.3371 1.6605, 2.8268 -0.3371 1.6157, 3.544 1.0204 1.6392, 3.5403 1.0396 1.6233, 3.5382 0.9621 1.5748, 3.5304 0.9326 1.5134, 3.5382 0.9619 1.5748, 3.5489 0.9225 1.5748, 3.5464 0.9318 1.5748, 3.543 0.9022 1.5482, 3.5341 0.9162 1.5322, 3.5565 0.8899 1.5623, 3.5583 0.9047 1.5748, 3.5523 0.9147 1.5748, 3.5757 0.8803 1.5748, 3.5729 0.8828 1.5748, 3.568 0.8887 1.5748, 3.5946 0.8649 1.5748, 3.5652 0.7646 1.4898, 3.5952 0.8647 1.5748, 3.5856 0.7594 1.4984, 3.6093 0.8585 1.5748, 3.6156 0.8569 1.5748, 3.6077 0.7567 1.5027, 3.6307 0.8559 1.5748, 3.6497 0.759 1.4989, 3.6548 0.8616 1.5748, 3.6293 0.7567 1.5027, 3.6384 0.8568 1.5748, 3.6382 0.8567 1.5748, 3.6692 0.7638 1.4912, 3.6783 0.8765 1.5748, 3.6584 0.8633 1.5748, 3.6857 0.7703 1.4806, 3.6811 0.879 1.5748, 3.6794 0.8775 1.5748, 3.7126 0.9212 1.5748, 3.7065 0.9102 1.5748, 3.696 0.8865 1.5662, 3.6965 0.8974 1.5748, 3.6847 0.8823 1.5748, 3.7365 1.033 1.6287, 3.7311 1.015 1.6436, 3.7251 0.9621 1.5846, 3.7267 0.927 1.5198, 3.7277 0.9621 1.5748, 3.7241 0.9524 1.5748, 3.7206 0.999 1.6569, 3.7136 0.9621 1.6222, 3.7167 0.9621 1.6151, 3.717 0.9621 1.6145, 3.6894 0.976 1.6759, 3.6876 0.9621 1.6589, 3.693 0.9621 1.6541, 3.6495 0.9657 1.6845, 3.6491 0.9621 1.6801, 3.6503 0.9621 1.68, 3.6698 0.9691 1.6816, 3.6566 0.9621 1.6784, 3.6713 0.9621 1.672, 3.6773 0.9621 1.6682, 3.6352 0.9621 1.681, 3.6279 0.9657 1.6845, 3.6277 0.9621 1.6802, 3.6111 0.9621 1.6753, 3.6058 0.9696 1.6812, 3.6075 0.9621 1.6736, 3.5853 0.9773 1.6748, 3.5876 0.9621 1.6605, 3.605 0.9621 1.672, 3.5663 0.9896 1.6646, 3.5812 0.9621 1.6546, 3.5837 0.9621 1.6568, 3.5528 1.004 1.6528, 3.5594 0.9621 1.6267, 3.5637 0.9621 1.6322, 3.5383 0.9621 1.575, 3.5493 0.9621 1.605, 3.5533 0.9621 1.6157, 2.7508 0.9621 1.5748, 2.7508 1.0187 1.5988, 2.7409 0.9079 1.4926, 2.7508 0.9619 1.5748, 2.7615 0.9225 1.5748, 2.759 0.9318 1.5748, 2.7535 0.8787 1.5284, 2.7446 0.8921 1.5119, 2.7649 0.9147 1.5748, 2.786 0.8568 1.5553, 2.7883 0.8803 1.5748, 2.7855 0.8828 1.5748, 2.8285 0.8473 1.567, 2.8294 0.8569 1.5748, 2.8282 0.8569 1.5748, 2.8064 0.8505 1.5631, 2.8219 0.8585 1.5748, 2.8072 0.8649 1.5748, 2.8012 0.8687 1.5748, 2.8433 0.8559 1.5748, 2.8501 0.8473 1.567, 2.8508 0.8567 1.5748, 2.8674 0.8616 1.5748, 2.8705 0.8501 1.5636, 2.871 0.8633 1.5748, 2.89 0.8558 1.5566, 2.8909 0.8765 1.5748, 2.8717 0.8638 1.5748, 2.9065 0.8636 1.5469, 2.8973 0.8823 1.5748, 2.892 0.8775 1.5748, 2.9252 0.9212 1.5748, 2.9191 0.9102 1.5748, 2.909 0.8974 1.5748, 2.9471 1.0123 1.6045, 2.9416 0.9948 1.62, 2.9377 0.9621 1.5846, 2.9372 0.9025 1.4992, 2.9403 0.9621 1.5748, 2.9367 0.9524 1.5748, 2.9311 0.9792 1.6338, 2.9293 0.9621 1.6151, 2.9296 0.9621 1.6145, 2.9105 0.9621 1.6482, 2.9155 0.9621 1.64, 2.9262 0.9621 1.6222, 2.9267 1.0526 1.7607, 2.9102 1.042 1.7673, 2.9002 0.9621 1.6589, 2.8906 1.0344 1.7721, 2.8703 1.0306 1.7744, 2.8629 0.9621 1.68, 2.8692 0.9621 1.6784, 2.8839 0.9621 1.672, 2.8899 0.9621 1.6682, 2.8487 1.0306 1.7744, 2.8478 0.9621 1.681, 2.8616 0.9621 1.6801, 2.8176 0.9621 1.672, 2.82 0.9621 1.6736, 2.8266 1.0349 1.7718, 2.8237 0.9621 1.6753, 2.8403 0.9621 1.6802, 2.8002 0.9621 1.6605, 2.8061 1.0434 1.7664, 2.7963 0.9621 1.6568, 2.7938 0.9621 1.6546, 2.7871 1.057 1.7579, 2.7894 0.9621 1.649, 2.7768 0.9701 1.6418, 2.7763 0.9621 1.6322, 2.7659 0.9621 1.6157, 2.772 0.9621 1.6267, 2.7633 0.984 1.6294, 2.7545 1.0 1.6153, 2.7509 0.9621 1.575, 2.7619 0.9621 1.605, 4.3287 -0.4232 2.8013, 4.3233 -0.4048 2.7869, 4.3156 -0.3371 2.8642, 4.3134 -0.3039 2.8959, 4.3188 -0.3198 2.9131, 4.3183 -0.3371 2.874, 4.3127 -0.3884 2.774, 4.3042 -0.3371 2.8266, 4.3073 -0.3371 2.8338, 4.3075 -0.3371 2.8344, 4.2815 -0.3649 2.7557, 4.2782 -0.3371 2.7899, 4.2835 -0.3371 2.7947, 4.262 -0.3579 2.7501, 4.2416 -0.3543 2.7474, 4.2408 -0.3371 2.7689, 4.2471 -0.3371 2.7704, 4.2619 -0.3371 2.7768, 4.2679 -0.3371 2.7806, 4.22 -0.3543 2.7474, 4.2258 -0.3371 2.7678, 4.2396 -0.3371 2.7688, 4.1955 -0.3371 2.7768, 4.198 -0.3371 2.7752, 4.1979 -0.3583 2.7505, 4.2016 -0.3371 2.7735, 4.2183 -0.3371 2.7686, 4.1782 -0.3371 2.7884, 4.1775 -0.3662 2.7567, 4.1718 -0.3371 2.7942, 4.1585 -0.3788 2.7666, 4.1543 -0.3371 2.8166, 4.15 -0.3371 2.8221, 4.1449 -0.3935 2.7781, 4.1439 -0.3371 2.8331, 4.1399 -0.3371 2.8439, 4.1361 -0.4103 2.7912, 4.1288 -0.3371 2.8738, 4.1288 -0.3369 2.874, 4.1287 -0.3371 2.874, 4.1225 -0.3255 2.9194, 4.1324 -0.4299 2.8066, 4.1395 -0.2975 2.874, 4.1369 -0.3068 2.874, 4.1351 -0.2943 2.8853, 4.1249 -0.1776 2.9759, 4.1464 -0.2838 2.874, 4.1428 -0.2897 2.874, 4.1574 -0.1587 2.9469, 4.1662 -0.2553 2.874, 4.1635 -0.2578 2.874, 4.1778 -0.1532 2.9385, 4.1999 -0.1504 2.9343, 4.2062 -0.2319 2.874, 4.1999 -0.2335 2.874, 4.1851 -0.2399 2.874, 4.1791 -0.2437 2.874, 4.2215 -0.1504 2.9343, 4.2212 -0.2309 2.874, 4.2074 -0.2319 2.874, 4.249 -0.2383 2.874, 4.2454 -0.2366 2.874, 4.2287 -0.2317 2.874, 4.2779 -0.1645 2.956, 4.2752 -0.2573 2.874, 4.2688 -0.2515 2.874, 4.2926 -0.174 2.9705, 4.296 -0.2839 2.874, 4.287 -0.2724 2.874, 4.3147 -0.3274 2.874, 4.3034 -0.2969 2.874, 4.3028 -0.2899 2.8805, 4.3032 -0.2962 2.874, 4.297 -0.2852 2.874, 3.5392 -0.4029 2.8262, 3.5337 -0.385 2.8112, 3.5282 -0.3371 2.8642, 3.5239 -0.2807 2.9165, 3.5293 -0.2959 2.9342, 3.5309 -0.3371 2.874, 3.5232 -0.3691 2.7978, 3.5168 -0.3371 2.8266, 3.5199 -0.3371 2.8338, 3.5201 -0.3371 2.8344, 3.492 -0.3463 2.7786, 3.4908 -0.3371 2.7899, 3.4961 -0.3371 2.7947, 3.4607 -0.3371 2.7708, 3.4721 -0.3371 2.7758, 3.4724 -0.3394 2.7728, 3.4745 -0.3371 2.7768, 3.4805 -0.3371 2.7806, 3.4597 -0.3371 2.7704, 3.4828 -0.421 2.6577, 3.4534 -0.3371 2.7689, 3.4625 -0.4171 2.6555, 3.4522 -0.3371 2.7688, 3.4384 -0.3371 2.7678, 3.4309 -0.3371 2.7686, 3.4084 -0.3399 2.7732, 3.4081 -0.3371 2.7768, 3.4106 -0.3371 2.7752, 3.4188 -0.4215 2.658, 3.4142 -0.3371 2.7735, 3.3879 -0.3476 2.7797, 3.3868 -0.3371 2.792, 3.3908 -0.3371 2.7884, 3.3689 -0.3598 2.79, 3.3669 -0.3371 2.8166, 3.3844 -0.3371 2.7942, 3.3564 -0.3371 2.8331, 3.3626 -0.3371 2.8221, 3.3554 -0.3741 2.802, 3.3466 -0.3904 2.8157, 3.3414 -0.3371 2.8738, 3.3525 -0.3371 2.8439, 3.3414 -0.3369 2.874, 3.3413 -0.3371 2.874, 3.3331 -0.3015 2.9407, 3.3429 -0.4095 2.8317, 3.3521 -0.2975 2.874, 3.3495 -0.3068 2.874, 3.3456 -0.2714 2.9056, 3.3368 -0.2853 2.9218, 3.3554 -0.2897 2.874, 3.3917 -0.2437 2.874, 3.3911 -0.2443 2.874, 3.3781 -0.2489 2.8793, 3.3788 -0.2553 2.874, 3.3761 -0.2578 2.874, 3.3882 -0.128 2.9543, 3.3983 -0.2397 2.874, 3.3678 -0.1332 2.9629, 3.3977 -0.2399 2.874, 3.4413 -0.2317 2.874, 3.4338 -0.2309 2.874, 3.4103 -0.1254 2.9499, 3.4188 -0.2319 2.874, 3.4125 -0.2335 2.874, 3.4416 -0.2317 2.874, 3.4319 -0.1254 2.9499, 3.458 -0.2366 2.874, 3.4523 -0.1277 2.9538, 3.4616 -0.2383 2.874, 3.4718 -0.1324 2.9615, 3.4704 -0.2442 2.874, 3.4623 -0.2388 2.874, 3.4987 -0.2559 2.8875, 3.4878 -0.2573 2.874, 3.4822 -0.2478 2.8781, 3.4826 -0.2525 2.874, 3.4814 -0.2515 2.874, 3.5134 -0.2671 2.9007, 3.5096 -0.2852 2.874, 3.4996 -0.2724 2.874, 3.5273 -0.3274 2.874, 3.516 -0.2969 2.874, 3.5157 -0.2962 2.874, 2.7497 -0.382 2.8503, 2.7443 -0.3646 2.8347, 2.7408 -0.3371 2.8642, 2.7344 -0.2566 2.9364, 2.7398 -0.2712 2.9547, 2.7435 -0.3371 2.874, 2.7192 -0.3371 2.8098, 2.7294 -0.3371 2.8266, 2.7337 -0.3491 2.8207, 2.7325 -0.3371 2.8338, 2.7327 -0.3371 2.8344, 2.7439 -0.4381 2.7039, 2.7128 -0.413 2.6879, 2.7034 -0.3371 2.7899, 2.7087 -0.3371 2.7947, 2.6932 -0.4054 2.683, 2.6729 -0.4017 2.6806, 2.666 -0.3371 2.7689, 2.6723 -0.3371 2.7704, 2.6871 -0.3371 2.7768, 2.6931 -0.3371 2.7806, 2.6513 -0.4017 2.6806, 2.651 -0.3371 2.7678, 2.6648 -0.3371 2.7688, 2.6207 -0.3371 2.7768, 2.6232 -0.3371 2.7752, 2.6292 -0.4059 2.6833, 2.6268 -0.3371 2.7735, 2.6435 -0.3371 2.7686, 2.6034 -0.3371 2.7884, 2.6087 -0.4144 2.6887, 2.5994 -0.3371 2.792, 2.597 -0.3371 2.7942, 2.5897 -0.4279 2.6974, 2.5848 -0.3371 2.8098, 2.5795 -0.3401 2.8126, 2.5795 -0.3371 2.8166, 2.569 -0.3371 2.8331, 2.5752 -0.3371 2.8221, 2.5659 -0.354 2.8251, 2.5571 -0.3698 2.8393, 2.554 -0.3371 2.8738, 2.5651 -0.3371 2.8439, 2.5539 -0.3371 2.874, 2.5534 -0.3883 2.856, 2.5436 -0.2766 2.9613, 2.554 -0.3369 2.874, 2.5647 -0.2975 2.874, 2.5621 -0.3068 2.874, 2.5561 -0.2477 2.9252, 2.5472 -0.261 2.9419, 2.568 -0.2897 2.874, 2.5886 -0.2261 2.8982, 2.5914 -0.2553 2.874, 2.5887 -0.2578 2.874, 2.6091 -0.2198 2.8903, 2.6312 -0.2166 2.8864, 2.6314 -0.2319 2.874, 2.6251 -0.2335 2.874, 2.6103 -0.2399 2.874, 2.6043 -0.2437 2.874, 2.6528 -0.2166 2.8864, 2.6464 -0.2309 2.874, 2.6326 -0.2319 2.874, 2.6742 -0.2383 2.874, 2.6706 -0.2366 2.874, 2.6539 -0.2317 2.874, 2.7092 -0.2328 2.9066, 2.7004 -0.2573 2.874, 2.694 -0.2515 2.874, 2.7238 -0.2436 2.9201, 2.7222 -0.2852 2.874, 2.7122 -0.2724 2.874, 2.7399 -0.3274 2.874, 2.7286 -0.2969 2.874, 2.7283 -0.2962 2.874, 4.225 0.9506 2.9077, 4.2196 0.9346 2.8906, 4.2172 0.9523 2.874, 4.2097 1.0346 2.7807, 4.2151 1.0531 2.795, 4.2198 0.9621 2.874, 4.2058 0.9147 2.874, 4.2077 0.9191 2.874, 4.209 0.9204 2.8754, 4.2089 0.9219 2.874, 4.2091 0.9225 2.874, 4.2192 0.8055 2.9662, 4.188 0.789 2.9414, 4.1798 0.878 2.874, 4.1851 0.8828 2.874, 4.1684 0.784 2.9339, 4.1481 0.7815 2.9302, 4.1424 0.8569 2.874, 4.1487 0.8585 2.874, 4.1635 0.8649 2.874, 4.1694 0.8687 2.874, 4.1265 0.7815 2.9302, 4.1274 0.8559 2.874, 4.1412 0.8569 2.874, 4.0971 0.8649 2.874, 4.0996 0.8633 2.874, 4.1044 0.7843 2.9344, 4.1032 0.8616 2.874, 4.1198 0.8567 2.874, 4.0797 0.8765 2.874, 4.0839 0.7899 2.9428, 4.0734 0.8823 2.874, 4.0649 0.7988 2.9561, 4.0558 0.9047 2.874, 4.0516 0.9102 2.874, 4.0514 0.8091 2.9716, 4.0466 0.9191 2.874, 4.0412 0.9249 2.8801, 4.0454 0.9212 2.874, 4.0324 0.9394 2.8957, 4.0304 0.9619 2.874, 4.0415 0.9319 2.874, 4.0303 0.9621 2.874, 4.0287 0.9564 2.9139, 4.0188 1.0599 2.8002, 4.0304 0.9621 2.8738, 4.041 0.9621 2.8344, 4.0385 0.9621 2.8437, 4.0314 1.0232 2.772, 4.0225 1.0401 2.785, 4.0444 0.9621 2.8266, 4.0639 0.9958 2.7508, 4.0678 0.9621 2.7922, 4.0651 0.9621 2.7947, 4.0843 0.9878 2.7447, 4.1064 0.9838 2.7416, 4.1077 0.9621 2.7689, 4.1015 0.9621 2.7704, 4.0867 0.9621 2.7768, 4.0807 0.9621 2.7806, 4.128 0.9838 2.7416, 4.1228 0.9621 2.7678, 4.109 0.9621 2.7688, 4.1506 0.9621 2.7752, 4.1469 0.9621 2.7735, 4.1303 0.9621 2.7686, 4.1844 1.0043 2.7574, 4.1768 0.9621 2.7942, 4.1704 0.9621 2.7884, 4.1991 1.0181 2.768, 4.1986 0.9621 2.8221, 4.1886 0.9621 2.8093, 4.2163 0.9621 2.8643, 4.205 0.9621 2.8338, 4.2047 0.9621 2.8331, 3.4356 0.9733 2.8857, 3.4323 0.9617 2.874, 3.4324 0.9621 2.874, 3.4456 0.8566 2.9846, 3.4402 0.843 2.9656, 3.4298 0.9523 2.874, 3.4296 0.8309 2.9487, 3.4217 0.9225 2.874, 3.4184 0.9147 2.874, 3.3984 0.8136 2.9245, 3.3924 0.878 2.874, 3.3977 0.8828 2.874, 3.3585 0.8057 2.9135, 3.3538 0.8569 2.874, 3.355 0.8569 2.874, 3.3789 0.8083 2.9172, 3.3613 0.8585 2.874, 3.3761 0.8649 2.874, 3.382 0.8687 2.874, 3.34 0.8559 2.874, 3.3369 0.8057 2.9135, 3.3324 0.8567 2.874, 3.3158 0.8616 2.874, 3.3148 0.8087 2.9177, 3.3122 0.8633 2.874, 3.2754 0.8238 2.9388, 3.286 0.8823 2.874, 3.2944 0.8145 2.9258, 3.2923 0.8765 2.874, 3.3097 0.8649 2.874, 3.2618 0.8347 2.954, 3.2642 0.9102 2.874, 3.2684 0.9047 2.874, 3.253 0.8471 2.9713, 3.2541 0.9319 2.874, 3.258 0.9212 2.874, 3.2429 0.9621 2.874, 3.2393 0.9794 2.8917, 3.2293 1.0793 2.774, 3.243 0.9621 2.8738, 3.2418 1.0417 2.7471, 3.2511 0.9621 2.8437, 3.263 0.9621 2.8167, 3.257 0.9621 2.8266, 3.2536 0.9621 2.8344, 3.2804 0.9621 2.7922, 3.2777 0.9621 2.7947, 3.2553 1.0266 2.7362, 3.2727 0.9621 2.8006, 3.2948 1.0054 2.7211, 3.3169 1.0013 2.7181, 3.3203 0.9621 2.7689, 3.3141 0.9621 2.7704, 3.2993 0.9621 2.7768, 3.2743 1.0136 2.7269, 3.2933 0.9621 2.7806, 3.3385 1.0013 2.7181, 3.3354 0.9621 2.7678, 3.3216 0.9621 2.7688, 3.3632 0.9621 2.7752, 3.3595 0.9621 2.7735, 3.3429 0.9621 2.7686, 3.3949 1.0223 2.7332, 3.3894 0.9621 2.7942, 3.383 0.9621 2.7884, 3.4256 1.0723 2.7691, 3.4289 0.9621 2.8643, 3.4201 1.0533 2.7554, 3.4173 0.9621 2.8331, 3.4096 1.0364 2.7433, 3.4112 0.9621 2.8221, 3.4012 0.9621 2.8093, 2.656 0.8825 2.9654, 2.6506 0.8683 2.9469, 2.6424 0.9523 2.874, 2.6407 0.9783 2.847, 2.6461 0.9953 2.863, 2.645 0.9621 2.874, 2.64 0.8556 2.9304, 2.6309 0.9147 2.874, 2.6341 0.9219 2.874, 2.6343 0.9225 2.874, 2.6089 0.8374 2.9068, 2.605 0.878 2.874, 2.6103 0.8828 2.874, 2.5893 0.8319 2.8996, 2.569 0.8292 2.8961, 2.5676 0.8569 2.874, 2.5739 0.8585 2.874, 2.5887 0.8649 2.874, 2.5946 0.8687 2.874, 2.5474 0.8292 2.8961, 2.5526 0.8559 2.874, 2.5664 0.8569 2.874, 2.5223 0.8649 2.874, 2.5248 0.8633 2.874, 2.5253 0.8323 2.9001, 2.5284 0.8616 2.874, 2.545 0.8567 2.874, 2.5049 0.8765 2.874, 2.5048 0.8384 2.9081, 2.4986 0.8823 2.874, 2.4858 0.8482 2.9208, 2.481 0.9047 2.874, 2.4768 0.9102 2.874, 2.4723 0.8596 2.9355, 2.4706 0.9212 2.874, 2.4667 0.9319 2.874, 2.4634 0.8726 2.9524, 2.4556 0.9619 2.874, 2.4556 0.9621 2.8738, 2.4555 0.9621 2.874, 2.4499 1.0016 2.8688, 2.4598 0.8877 2.9722, 2.4673 0.9621 2.8319, 2.4662 0.9621 2.8344, 2.4624 0.9678 2.8372, 2.4637 0.9621 2.8437, 2.4696 0.9621 2.8266, 2.4522 1.0594 2.7215, 2.4756 0.9621 2.8167, 2.4657 1.0439 2.7112, 2.4853 0.9621 2.8006, 2.4847 1.0306 2.7023, 2.493 0.9621 2.7922, 2.4903 0.9621 2.7947, 2.5273 1.018 2.6939, 2.5342 0.9621 2.7688, 2.5329 0.9621 2.7689, 2.5052 1.0222 2.6968, 2.5267 0.9621 2.7704, 2.5119 0.9621 2.7768, 2.5059 0.9621 2.7806, 2.548 0.9621 2.7678, 2.5489 1.018 2.6939, 2.5555 0.9621 2.7686, 2.5721 0.9621 2.7735, 2.5692 1.0217 2.6964, 2.5758 0.9621 2.7752, 2.5765 0.9621 2.7757, 2.5888 1.0292 2.7014, 2.5956 0.9621 2.7884, 2.602 0.9621 2.7942, 2.6053 1.0395 2.7083, 2.6138 0.9621 2.8093, 2.6238 0.9621 2.8221, 2.62 1.054 2.7179, 2.6292 0.9621 2.8319, 2.6415 0.9621 2.8643, 2.6302 0.9621 2.8338, 2.6302 0.963 2.8328, 2.6299 0.9621 2.8331, 2.1098 0.4564 1.2546, 4.2209 -0.3934 2.9932, 4.2308 -0.5088 2.8685, 4.2455 -0.3912 2.9909, 4.2554 -0.5063 2.8665, 4.2667 -0.3857 2.9849, 4.2766 -0.4999 2.8615, 4.287 -0.3761 2.9744, 4.2969 -0.4887 2.8527, 4.3022 -0.3644 2.9617, 4.312 -0.4751 2.842, 4.3129 -0.3506 2.9466, 4.3227 -0.459 2.8294, 4.3188 -0.3338 2.9284, 4.3287 -0.4395 2.8141, 4.1172 1.1393 2.8614, 4.1271 1.0249 2.9872, 4.1418 1.1368 2.8595, 4.1517 1.0227 2.9849, 4.163 1.1304 2.8545, 4.1729 1.0172 2.979, 4.1833 1.1191 2.8458, 4.1932 1.0074 2.9686, 4.1985 1.1054 2.8352, 4.2083 0.9956 2.9559, 4.2092 1.0892 2.8228, 4.2191 0.9817 2.941, 4.2151 1.0696 2.8077, 4.225 0.9648 2.9229, 4.0236 1.0118 1.4496, 4.0334 1.1282 1.5733, 4.0482 1.0097 1.4519, 4.058 1.1258 1.5753, 4.0693 1.0042 1.458, 4.0792 1.1194 1.5804, 4.0897 0.9947 1.4685, 4.0995 1.1083 1.5892, 4.1048 0.9831 1.4814, 4.1147 1.0947 1.6, 4.1155 0.9694 1.4966, 4.1254 1.0788 1.6128, 4.1215 0.9528 1.515, 4.1313 1.0594 1.6282, 3.9198 -0.5198 1.5946, 3.9298 -0.4063 1.4677, 3.9444 -0.5173 1.5965, 3.9544 -0.4041 1.4699, 3.9656 -0.5108 1.6014, 3.9755 -0.3985 1.4759, 3.9859 -0.4994 1.61, 3.9959 -0.3887 1.4862, 4.0011 -0.4856 1.6204, 4.011 -0.3768 1.4987, 4.0118 -0.4693 1.6328, 4.0217 -0.3627 1.5135, 4.0177 -0.4496 1.6477, 4.0276 -0.3457 1.5315, 3.8262 -0.3802 3.0051, 3.836 -0.4976 2.8825, 3.8508 -0.3781 3.0028, 3.8606 -0.4952 2.8805, 3.872 -0.3727 2.9967, 3.8818 -0.4888 2.8754, 3.8923 -0.3632 2.9861, 3.9022 -0.4778 2.8664, 3.9074 -0.3517 2.9731, 3.9173 -0.4643 2.8555, 3.9181 -0.3382 2.9578, 3.928 -0.4485 2.8426, 3.9241 -0.3217 2.9393, 3.9339 -0.4293 2.827, 3.7225 1.1502 2.847, 3.7324 1.0377 2.975, 3.7471 1.1476 2.8452, 3.757 1.0355 2.9728, 3.7682 1.1411 2.8403, 3.7782 1.0298 2.9669, 3.7886 1.1297 2.8318, 3.7985 1.02 2.9567, 3.8037 1.1158 2.8215, 3.8136 1.0079 2.9442, 3.8144 1.0994 2.8093, 3.8243 0.9937 2.9295, 3.8203 1.0795 2.7945, 3.8303 0.9765 2.9117, 3.6288 0.9985 1.4378, 3.6387 1.1169 1.5594, 3.6534 0.9964 1.4402, 3.6633 1.1145 1.5614, 3.6746 0.9911 1.4463, 3.6844 1.1082 1.5666, 3.6949 0.9817 1.457, 3.7048 1.0973 1.5757, 3.7101 0.9703 1.4701, 3.7199 1.0839 1.5867, 3.7208 0.9569 1.4855, 3.7306 1.0682 1.5997, 3.7267 0.9406 1.5042, 3.7365 1.0491 1.6155, 3.5251 -0.5305 1.6091, 3.535 -0.419 1.4799, 3.5497 -0.528 1.6109, 3.5596 -0.4168 1.4822, 3.5708 -0.5214 1.6157, 3.5808 -0.4111 1.488, 3.5912 -0.5099 1.6241, 3.6012 -0.4011 1.4981, 3.6063 -0.4959 1.6343, 3.6163 -0.389 1.5105, 3.617 -0.4794 1.6464, 3.627 -0.3747 1.5251, 3.6229 -0.4594 1.661, 3.6329 -0.3573 1.5427, 3.4315 -0.3667 3.0168, 3.4413 -0.4862 2.8963, 3.4561 -0.3647 3.0145, 3.4659 -0.4838 2.8943, 3.4772 -0.3594 3.0083, 3.4871 -0.4776 2.889, 3.4976 -0.3501 2.9975, 3.5074 -0.4667 2.8799, 3.5127 -0.3389 2.9843, 3.5225 -0.4534 2.8687, 3.5234 -0.3256 2.9688, 3.5332 -0.4378 2.8556, 3.5293 -0.3094 2.95, 3.5392 -0.4188 2.8396, 3.3377 1.0503 2.9627, 3.3477 0.9199 3.0731, 3.3623 1.048 2.9605, 3.3723 0.9181 3.0706, 3.3835 1.0423 2.9547, 3.3935 0.9134 3.0639, 3.4038 1.0322 2.9446, 3.4138 0.9051 3.0524, 3.4189 1.02 2.9324, 3.4289 0.895 3.0383, 3.4296 1.0055 2.9179, 3.4396 0.8831 3.0217, 3.4356 0.988 2.9004, 3.4456 0.8687 3.0015, 3.3277 1.1608 2.8325, 3.3523 1.1583 2.8306, 3.3734 1.1516 2.8259, 3.3938 1.1401 2.8176, 3.4089 1.126 2.8075, 3.4196 1.1094 2.7956, 3.4256 1.0892 2.7812, 3.2341 0.9849 1.4262, 3.2439 1.1054 1.5457, 3.2587 0.9829 1.4286, 3.2685 1.103 1.5478, 3.2799 0.9777 1.4348, 3.2897 1.0968 1.5531, 3.3002 0.9685 1.4457, 3.31 1.086 1.5623, 3.3153 0.9573 1.4589, 3.3251 1.0729 1.5736, 3.326 0.9442 1.4746, 3.3359 1.0573 1.5869, 3.332 0.9282 1.4935, 3.3418 1.0385 1.603, 3.1403 -0.4315 1.4924, 3.1503 -0.3023 1.381, 3.1649 -0.4292 1.4946, 3.1749 -0.3004 1.3835, 3.1861 -0.4234 1.5003, 3.1961 -0.2956 1.3901, 3.2064 -0.4133 1.5103, 3.2164 -0.2872 1.4016, 3.2216 -0.4009 1.5224, 3.2315 -0.277 1.4156, 3.2323 -0.3864 1.5368, 3.2423 -0.265 1.4321, 3.2382 -0.3687 1.5541, 3.2482 -0.2504 1.4521, 3.0367 -0.3531 3.0284, 3.0465 -0.4746 2.9098, 3.0613 -0.3511 3.026, 3.0711 -0.4722 2.9078, 3.0825 -0.3459 3.0197, 3.0923 -0.4661 2.9024, 3.1028 -0.3368 3.0087, 3.1127 -0.4554 2.8931, 3.1179 -0.3258 2.9954, 3.1278 -0.4423 2.8817, 3.1287 -0.3127 2.9796, 3.1385 -0.4269 2.8683, 3.1346 -0.2969 2.9605, 3.1444 -0.4082 2.852, 2.943 1.0626 2.9501, 2.9529 0.9345 3.0625, 2.9676 1.0604 2.9479, 2.9775 0.9327 3.06, 2.9888 1.0545 2.9423, 2.9987 0.9278 3.0534, 3.0091 1.0443 2.9324, 3.019 0.9193 3.042, 3.0242 1.0318 2.9203, 3.0342 0.909 3.0281, 3.0349 1.0172 2.9061, 3.0449 0.8968 3.0117, 3.0409 0.9993 2.8889, 3.0508 0.8821 2.9918, 2.8393 0.9711 1.4148, 2.8492 1.0937 1.5323, 2.8639 0.9692 1.4172, 2.8738 1.0914 1.5344, 2.8851 0.964 1.4235, 2.8949 1.0853 1.5398, 2.9054 0.9551 1.4346, 2.9153 1.0746 1.5492, 2.9206 0.9441 1.448, 2.9304 1.0616 1.5607, 2.9313 0.9312 1.4639, 2.9411 1.0464 1.5742, 2.9372 0.9156 1.4831, 2.9471 1.0278 1.5907, 2.7456 -0.4437 1.5051, 2.7555 -0.3167 1.3917, 2.7702 -0.4415 1.5072, 2.7801 -0.3149 1.3942, 2.7914 -0.4356 1.5129, 2.8013 -0.3099 1.4007, 2.8117 -0.4253 1.5227, 2.8217 -0.3014 1.4121, 2.8269 -0.4127 1.5346, 2.8368 -0.2909 1.4259, 2.8376 -0.3979 1.5487, 2.8475 -0.2786 1.4422, 2.8435 -0.3799 1.5658, 2.8534 -0.2637 1.462, 2.642 -0.3392 3.0397, 2.6518 -0.4628 2.9232, 2.6666 -0.3372 3.0372, 2.6764 -0.4605 2.9211, 2.6877 -0.3321 3.0308, 2.6976 -0.4544 2.9156, 2.7081 -0.3232 3.0197, 2.7179 -0.4438 2.9061, 2.7232 -0.3124 3.0062, 2.733 -0.431 2.8945, 2.7339 -0.2997 2.9902, 2.7437 -0.4158 2.8808, 2.7398 -0.2842 2.9709, 2.7497 -0.3974 2.8642, 2.5483 1.0748 2.9373, 2.5582 0.9489 3.0516, 2.5729 1.0725 2.9352, 2.5828 0.947 3.0492, 2.594 1.0666 2.9296, 2.6039 0.942 3.0427, 2.6144 1.0562 2.9199, 2.6243 0.9333 3.0314, 2.6295 1.0435 2.908, 2.6394 0.9228 3.0177, 2.6402 1.0286 2.8941, 2.6501 0.9103 3.0015, 2.6461 1.0105 2.8772, 2.656 0.8952 2.9819, 2.4446 0.9571 1.4036, 2.4544 1.0818 1.5191, 2.4692 0.9552 1.406, 2.479 1.0795 1.5212, 2.4903 0.9502 1.4125, 2.5002 1.0735 1.5267, 2.5107 0.9414 1.4236, 2.5206 1.063 1.5363, 2.5258 0.9307 1.4373, 2.5357 1.0502 1.548, 2.5365 0.9181 1.4533, 2.5464 1.0352 1.5618, 2.5425 0.9028 1.4728, 2.5523 1.0169 1.5786, 2.3509 -0.4558 1.518, 2.3608 -0.331 1.4027, 2.3755 -0.4535 1.5201, 2.3854 -0.3291 1.4051, 2.3967 -0.4475 1.5257, 2.4065 -0.324 1.4116, 2.417 -0.4371 1.5353, 2.4269 -0.3153 1.4228, 2.4321 -0.4243 1.547, 2.442 -0.3046 1.4364, 2.4428 -0.4093 1.5608, 2.4527 -0.292 1.4525, 2.4488 -0.391 1.5776, 2.4587 -0.2767 1.472, 2.2472 -0.325 3.0508, 2.2571 -0.4508 2.9362, 2.2718 -0.3231 3.0483, 2.2817 -0.4485 2.9341, 2.293 -0.3182 3.0418, 2.3028 -0.4425 2.9285, 2.3133 -0.3095 3.0306, 2.3232 -0.4321 2.9188, 2.3284 -0.2989 3.0168, 2.3383 -0.4195 2.907, 2.3391 -0.2864 3.0007, 2.349 -0.4045 2.8931, 2.3451 -0.2713 2.9811, 2.355 -0.3864 2.8762, 2.1535 1.0868 2.9242, 2.1634 0.963 3.0406, 2.1781 1.0845 2.9221, 2.188 0.9611 3.0381, 2.1993 1.0784 2.9167, 2.2092 0.956 3.0317, 2.2196 1.0679 2.9071, 2.2295 0.9471 3.0206, 2.2348 1.055 2.8955, 2.2446 0.9363 3.0071, 2.2455 1.0399 2.8818, 2.2553 0.9236 2.9911, 2.2514 1.0215 2.8652, 2.2613 0.9082 2.9717, 2.1258 1.0512 1.5237, 2.131 0.917 1.4267, 2.1409 1.0387 1.5356, 2.1417 0.9047 1.443, 2.1517 1.0238 1.5497, 2.1477 0.8897 1.4628, 2.1576 1.0059 1.5667, 3.9399 -0.2727 1.3602, 3.9645 -0.2709 1.3628, 3.9857 -0.2664 1.3695, 4.006 -0.2584 1.3813, 4.0211 -0.2487 1.3957, 4.0318 -0.2372 1.4126, 4.0378 -0.2233 1.4331, 4.0378 -0.2117 1.4503, 3.7425 0.9052 3.0835, 3.7671 0.9034 3.081, 3.7883 0.8987 3.0742, 3.8086 0.8907 3.0625, 3.8237 0.8808 3.0483, 3.8344 0.8692 3.0314, 3.8404 0.8552 3.0111, 3.8404 0.8434 2.9939, 3.5451 -0.2876 1.3705, 3.5697 -0.2858 1.373, 3.5909 -0.2811 1.3797, 3.6112 -0.2729 1.3913, 3.6263 -0.263 1.4055, 3.637 -0.2512 1.4222, 3.643 -0.237 1.4425, 3.643 -0.225 1.4595, 3.1303 -0.541 1.6237, 3.1549 -0.5385 1.6255, 3.176 -0.5318 1.6302, 3.1964 -0.5202 1.6384, 3.2115 -0.506 1.6484, 3.2222 -0.4893 1.6601, 3.2282 -0.469 1.6744, 3.2282 -0.452 1.6864, 3.2227 -0.4329 1.6998, 2.9329 1.1712 2.8177, 2.9575 1.1686 2.8159, 2.9787 1.1619 2.8113, 2.999 1.1502 2.8032, 3.0141 1.136 2.7933, 3.0248 1.1191 2.7817, 3.0308 1.0988 2.7676, 3.0308 1.0817 2.7558, 2.7355 -0.5513 1.6386, 2.7601 -0.5487 1.6404, 2.7813 -0.542 1.6449, 2.8016 -0.5302 1.6529, 2.8167 -0.5159 1.6627, 2.8274 -0.4989 1.6741, 2.8334 -0.4784 1.688, 2.8334 -0.4612 1.6997, 2.136 1.156 1.6541, 2.1511 1.1416 1.6638, 2.1618 1.1247 1.6753, 2.1677 1.1042 1.6891, 2.1677 1.087 1.7008, 2.1058 0.297 1.2689, 2.1058 0.2974 1.2896, 4.2107 -0.2576 3.0987, 4.2353 -0.2559 3.096, 4.2565 -0.2514 3.0892, 4.2768 -0.2437 3.0773, 4.292 -0.2342 3.0628, 4.3027 -0.223 3.0457, 4.3086 -0.2095 3.0249, 4.3086 -0.1982 3.0075, 4.3032 -0.1854 2.9879, 4.1373 0.8902 3.0937, 4.1619 0.8884 3.0911, 4.1831 0.8839 3.0843, 4.2034 0.876 3.0724, 4.2185 0.8665 3.058, 4.2292 0.8551 3.041, 4.2352 0.8414 3.0204, 4.2352 0.8299 3.003, 4.2297 0.817 2.9836, 4.0133 0.875 1.3452, 4.0379 0.8733 1.3479, 4.0591 0.8689 1.3547, 4.0794 0.8612 1.3667, 4.0946 0.8519 1.3813, 4.1053 0.8409 1.3985, 4.1112 0.8275 1.4194, 4.1112 0.8163 1.4369, 4.1058 0.8037 1.4566, 3.1197 -0.629 1.774, 3.1442 -0.6262 1.7754, 3.1654 -0.6188 1.7789, 3.1858 -0.606 1.785, 3.2009 -0.5904 1.7925, 3.2116 -0.572 1.8013, 3.2175 -0.5496 1.812, 3.2175 -0.5309 1.821, 3.2121 -0.5098 1.8311, 3.2015 -0.491 1.8401, 3.2122 -0.4159 1.7118, 3.1868 -0.4754 1.8475, 2.6621 -0.5671 2.7863, 2.6867 -0.5644 2.7846, 2.7078 -0.5576 2.7802, 2.7282 -0.5456 2.7725, 2.7433 -0.531 2.7632, 2.754 -0.5138 2.7522, 2.7599 -0.4929 2.7389, 2.7599 -0.4754 2.7277, 2.7545 -0.4557 2.7151, 2.5381 1.1814 2.8027, 2.5627 1.1788 2.801, 2.5839 1.172 2.7964, 2.6042 1.1601 2.7886, 2.6193 1.1457 2.779, 2.63 1.1287 2.7676, 2.636 1.1081 2.7539, 2.636 1.0908 2.7424, 2.6305 1.0713 2.7294, 2.4647 1.1872 1.6549, 2.4893 1.1845 1.6566, 2.5104 1.1777 1.6611, 2.5308 1.1658 1.6689, 2.5459 1.1513 1.6783, 2.5566 1.1341 1.6895, 2.5625 1.1134 1.703, 2.5625 1.096 1.7143, 2.5571 1.0764 1.7271, 2.3407 -0.5613 1.6537, 2.3653 -0.5587 1.6554, 2.3865 -0.5519 1.6599, 2.4068 -0.54 1.6676, 2.4219 -0.5255 1.6771, 2.4326 -0.5084 1.6883, 2.4386 -0.4876 1.7018, 2.4386 -0.4702 1.7132, 2.4331 -0.4507 1.726, 2.2673 -0.5572 2.8015, 2.2919 -0.5546 2.7997, 2.313 -0.5478 2.7952, 2.3334 -0.5359 2.7874, 2.3485 -0.5215 2.7778, 2.3592 -0.5045 2.7665, 2.3651 -0.4838 2.7528, 2.3651 -0.4665 2.7413, 2.3597 -0.447 2.7284, 2.1433 1.1913 2.7875, 2.1679 1.1886 2.7858, 2.1891 1.1818 2.7814, 2.2094 1.1698 2.7737, 2.2245 1.1552 2.7644, 2.2352 1.138 2.7534, 2.2412 1.1172 2.74, 2.2412 1.0997 2.7288, 2.2357 1.08 2.7162, 2.1204 0.6154 1.2919, 2.1158 0.4527 1.2791, 2.1264 0.6077 1.3155, 2.1158 0.4497 1.2996, 2.1264 0.6013 1.3352, 2.1104 0.4462 1.3228, 2.1209 0.5941 1.3575, 3.8159 -0.2423 3.1084, 3.8405 -0.2406 3.1058, 3.8617 -0.2363 3.0989, 3.882 -0.2287 3.0868, 3.8972 -0.2195 3.0722, 3.9079 -0.2087 3.0549, 3.9138 -0.1955 3.0339, 3.9138 -0.1845 3.0163, 3.9084 -0.172 2.9965, 3.8978 -0.1609 2.9788, 3.6185 0.8596 1.3356, 3.6431 0.8579 1.3382, 3.6643 0.8537 1.3452, 3.6846 0.8462 1.3573, 3.6997 0.8371 1.3721, 3.7105 0.8264 1.3895, 3.7164 0.8134 1.4105, 3.7164 0.8025 1.4283, 3.711 0.7903 1.4482, 3.7004 0.7794 1.4659, 3.1089 -0.691 1.9376, 3.1335 -0.688 1.9385, 3.1546 -0.6802 1.9407, 3.175 -0.6665 1.9446, 3.1901 -0.6498 1.9494, 3.2008 -0.6302 1.955, 3.2068 -0.6064 1.9618, 3.2068 -0.5864 1.9675, 3.2013 -0.5639 1.974, 3.1908 -0.5439 1.9797, 3.1761 -0.5272 1.9844, 3.1596 -0.5153 1.9879, 3.0569 -0.5767 2.7709, 3.0815 -0.5741 2.7692, 3.1026 -0.5671 2.7649, 3.123 -0.555 2.7575, 3.1381 -0.5402 2.7484, 3.1488 -0.5228 2.7377, 3.1547 -0.5017 2.7248, 3.1547 -0.484 2.7139, 3.1493 -0.4641 2.7016, 3.1388 -0.4463 2.6907, 3.1241 -0.4316 2.6817, 3.0971 -0.3371 2.7899, 2.8595 1.1969 1.6702, 2.8841 1.1943 1.6719, 2.9052 1.1874 1.6762, 2.9256 1.1753 1.6838, 2.9407 1.1606 1.693, 2.9514 1.1433 1.7038, 2.9573 1.1223 1.717, 2.9573 1.1047 1.728, 2.9519 1.0849 1.7404, 2.9413 1.0672 1.7515, 2.1205 0.7764 1.3375, 2.1312 0.7669 1.3556, 2.1371 0.7554 1.3776, 2.1371 0.7458 1.396, 2.1317 0.7349 1.4167, 2.1212 0.7253 1.4352, 3.4211 -0.2268 3.118, 3.4457 -0.2252 3.1153, 3.4669 -0.221 3.1083, 3.4872 -0.2136 3.0961, 3.5023 -0.2047 3.0813, 3.5131 -0.1941 3.0638, 3.519 -0.1813 3.0426, 3.519 -0.1706 3.0248, 3.5136 -0.1585 3.0048, 3.503 -0.1477 2.9869, 3.4883 -0.1388 2.9721, 3.2543 1.2064 1.6857, 3.2789 1.2038 1.6873, 3.3 1.1968 1.6916, 3.3204 1.1846 1.6989, 3.3355 1.1698 1.7078, 3.3462 1.1523 1.7184, 3.3521 1.131 1.7312, 3.3521 1.1132 1.7419, 3.3467 1.0932 1.754, 3.3362 1.0754 1.7647, 3.3215 1.0605 1.7736, 3.1704 -0.4641 1.8529, 3.0984 -0.7247 2.1076, 3.123 -0.7215 2.108, 3.1442 -0.7134 2.1089, 3.1645 -0.6993 2.1105, 3.1796 -0.6821 2.1124, 3.1903 -0.6618 2.1147, 3.1963 -0.6372 2.1175, 3.1963 -0.6165 2.1198, 3.1909 -0.5933 2.1224, 3.1803 -0.5726 2.1248, 3.1656 -0.5554 2.1267, 3.1491 -0.543 2.1281, 3.1296 -0.5341 2.1291, 3.4517 -0.5861 2.7553, 3.4763 -0.5834 2.7537, 3.4974 -0.5764 2.7495, 3.5178 -0.5642 2.7423, 3.5329 -0.5492 2.7335, 3.5436 -0.5316 2.7231, 3.5496 -0.5103 2.7105, 3.5496 -0.4924 2.6999, 3.5441 -0.4723 2.688, 3.5336 -0.4543 2.6774, 3.5189 -0.4394 2.6686, 3.5024 -0.4287 2.6623, 3.2237 0.844 1.3262, 3.2483 0.8424 1.3289, 3.2695 0.8383 1.3359, 3.2898 0.831 1.3481, 3.3049 0.8222 1.363, 3.3156 0.8118 1.3806, 3.3216 0.7992 1.4019, 3.3216 0.7886 1.4198, 3.3162 0.7767 1.4399, 3.3056 0.7661 1.4579, 3.2909 0.7573 1.4728, 3.2744 0.7509 1.4835, 3.14 -0.5066 1.9903, 3.1508 -0.456 1.8568, 3.0886 -0.7299 2.2774, 3.1132 -0.7267 2.2773, 3.1343 -0.7186 2.2769, 3.1547 -0.7044 2.2761, 3.1698 -0.6871 2.2753, 3.1805 -0.6667 2.2742, 3.1864 -0.6419 2.273, 3.1864 -0.6212 2.2719, 3.181 -0.5978 2.2707, 3.1704 -0.577 2.2697, 3.1558 -0.5597 2.2688, 3.1393 -0.5473 2.2682, 3.1197 -0.5383 2.2677, 3.0994 -0.5339 2.2675, 2.1263 1.2521 1.7966, 2.1466 1.2392 1.8025, 2.1618 1.2234 1.8097, 2.1725 1.2048 1.8182, 2.1784 1.1823 1.8284, 2.1784 1.1634 1.837, 2.173 1.1421 1.8467, 2.1624 1.1231 1.8554, 2.1477 1.1074 1.8625, 2.1312 1.096 1.8677, 2.1117 1.0878 1.8714, 3.1092 -0.5296 2.1296, 3.1197 -0.5023 1.9916, 3.1304 -0.452 1.8587, 3.0783 -0.707 2.448, 3.1029 -0.7039 2.4473, 3.1241 -0.6959 2.4456, 3.1444 -0.6821 2.4425, 3.1595 -0.6651 2.4388, 3.1702 -0.6452 2.4344, 3.1762 -0.621 2.4291, 3.1762 -0.6007 2.4247, 3.1708 -0.5778 2.4197, 3.1602 -0.5575 2.4152, 3.1455 -0.5406 2.4115, 3.129 -0.5284 2.4088, 3.1095 -0.5196 2.4069, 3.0891 -0.5153 2.4059, 3.0675 -0.5153 2.4059, 2.1263 1.3485 2.1272, 2.1371 1.3104 1.9595, 2.1475 1.3404 2.128, 2.1574 1.2966 1.9632, 2.1678 1.3262 2.1293, 2.1725 1.2799 1.9676, 2.1829 1.309 2.1309, 2.1832 1.2601 1.9729, 2.1936 1.2887 2.1328, 2.1892 1.2362 1.9792, 2.1996 1.264 2.1351, 2.1892 1.2161 1.9846, 2.1996 1.2433 2.1371, 2.1837 1.1935 1.9906, 2.1942 1.22 2.1393, 2.1732 1.1734 1.9959, 2.1836 1.1993 2.1412, 2.1585 1.1566 2.0003, 2.1689 1.182 2.1428, 2.142 1.1446 2.0035, 2.1524 1.1696 2.144, 2.1224 1.1359 2.0058, 2.1328 1.1607 2.1448, 3.0778 -0.5339 2.2675, 3.0876 -0.5296 2.1296, 3.0981 -0.5023 1.9916, 3.1089 -0.452 1.8587, 3.0676 -0.6554 2.6148, 3.0922 -0.6525 2.6137, 3.1134 -0.645 2.6106, 3.1337 -0.6318 2.6053, 3.1488 -0.6157 2.5988, 3.1595 -0.5968 2.5912, 3.1655 -0.5738 2.5819, 3.1655 -0.5545 2.5741, 3.1601 -0.5328 2.5654, 3.1495 -0.5135 2.5576, 3.1348 -0.4974 2.5511, 3.1183 -0.4859 2.5465, 3.0987 -0.4776 2.5431, 3.0784 -0.4734 2.5414, 3.0568 -0.4734 2.5414, 3.0347 -0.4781 2.5433, 2.1218 1.3276 2.4671, 2.1326 1.2729 2.6331, 2.1464 1.3245 2.4664, 2.1572 1.27 2.6319, 2.1676 1.3166 2.4645, 2.1784 1.2625 2.6287, 2.188 1.3028 2.4612, 2.1987 1.2494 2.6231, 2.2031 1.2859 2.4572, 2.2138 1.2334 2.6163, 2.2138 1.2661 2.4524, 2.2245 1.2146 2.6083, 2.2197 1.242 2.4467, 2.2305 1.1918 2.5986, 2.2197 1.2217 2.4418, 2.2305 1.1727 2.5905, 2.2143 1.199 2.4364, 2.225 1.1512 2.5813, 2.2037 1.1787 2.4316, 2.2145 1.132 2.5732, 2.189 1.1619 2.4275, 2.1998 1.1161 2.5664, 2.1725 1.1498 2.4246, 2.1833 1.1047 2.5615, 2.153 1.141 2.4225, 2.1637 1.0964 2.558, 2.1326 1.1367 2.4215, 2.1434 1.0923 2.5563, 2.1218 1.0923 2.5563, 2.1115 1.3537 2.2967, 2.1361 1.3506 2.2964, 2.1573 1.3424 2.2959, 2.1776 1.3283 2.2949, 2.1928 1.311 2.2937, 2.2035 1.2906 2.2923, 2.2094 1.2659 2.2906, 2.2094 1.2451 2.2891, 2.204 1.2218 2.2875, 2.1934 1.201 2.2861, 2.1787 1.1838 2.2849, 2.1622 1.1713 2.284, 2.1427 1.1624 2.2834, 2.1223 1.1579 2.2831, 3.5145 -0.621 1.7576, 3.5391 -0.6182 1.759, 3.5602 -0.6109 1.7627, 3.5806 -0.5982 1.769, 3.5957 -0.5827 1.7768, 3.6064 -0.5644 1.7859, 3.6124 -0.5423 1.797, 3.6124 -0.5237 1.8063, 3.6069 -0.5028 1.8167, 3.5964 -0.4841 1.8261, 3.5817 -0.4686 1.8338, 3.5652 -0.4575 1.8394, 3.5456 -0.4495 1.8434, 3.5253 -0.4455 1.8454, 3.5037 -0.4455 1.8454, 3.4816 -0.45 1.8431, 3.5037 -0.6859 1.9201, 3.5283 -0.6829 1.9211, 3.5495 -0.6751 1.9234, 3.5698 -0.6615 1.9276, 3.5849 -0.6449 1.9326, 3.5956 -0.6254 1.9386, 3.6016 -0.6017 1.9458, 3.6016 -0.5818 1.9519, 3.5962 -0.5594 1.9587, 3.5856 -0.5395 1.9648, 3.5709 -0.5229 1.9698, 3.5544 -0.511 1.9734, 3.5348 -0.5024 1.9761, 3.5145 -0.4981 1.9774, 3.4929 -0.4981 1.9774, 3.4708 -0.503 1.9759, 3.4932 -0.7225 2.0898, 3.5178 -0.7194 2.0902, 3.5389 -0.7113 2.0913, 3.5593 -0.6972 2.0931, 3.5744 -0.68 2.0953, 3.5851 -0.6598 2.098, 3.5911 -0.6352 2.1012, 3.5911 -0.6146 2.1039, 3.5856 -0.5914 2.1069, 3.5751 -0.5707 2.1096, 3.5604 -0.5536 2.1118, 3.5439 -0.5412 2.1134, 3.5243 -0.5323 2.1146, 3.504 -0.5279 2.1151, 3.4824 -0.5279 2.1151, 3.4603 -0.5329 2.1145, 3.4833 -0.7306 2.2597, 3.5079 -0.7275 2.2596, 3.5291 -0.7193 2.2593, 3.5494 -0.7051 2.2589, 3.5645 -0.6878 2.2583, 3.5752 -0.6674 2.2576, 3.5812 -0.6426 2.2567, 3.5812 -0.6218 2.256, 3.5757 -0.5985 2.2552, 3.5652 -0.5777 2.2545, 3.5505 -0.5604 2.254, 3.534 -0.5479 2.2535, 3.5144 -0.5389 2.2532, 3.4941 -0.5345 2.2531, 3.4725 -0.5345 2.2531, 3.4504 -0.5395 2.2532, 3.4731 -0.7107 2.4302, 3.4977 -0.7076 2.4296, 3.5189 -0.6996 2.428, 3.5392 -0.6857 2.4252, 3.5543 -0.6687 2.4218, 3.565 -0.6487 2.4178, 3.571 -0.6244 2.4129, 3.571 -0.604 2.4088, 3.5656 -0.5811 2.4042, 3.555 -0.5607 2.4001, 3.5403 -0.5437 2.3966, 3.5238 -0.5315 2.3942, 3.5043 -0.5227 2.3924, 3.4839 -0.5183 2.3915, 3.4623 -0.5183 2.3915, 3.4402 -0.5233 2.3925, 3.4624 -0.6621 2.5978, 3.487 -0.6592 2.5967, 3.5082 -0.6516 2.5938, 3.5285 -0.6383 2.5887, 3.5437 -0.6221 2.5825, 3.5544 -0.603 2.5752, 3.5603 -0.5799 2.5663, 3.5603 -0.5605 2.5589, 3.5549 -0.5387 2.5505, 3.5443 -0.5192 2.5431, 3.5296 -0.5031 2.5369, 3.5131 -0.4914 2.5324, 3.4936 -0.483 2.5292, 3.4732 -0.4789 2.5276, 3.4516 -0.4789 2.5276, 3.4295 -0.4836 2.5294, 3.0454 -0.5202 2.407, 3.0557 -0.5389 2.2677, 3.0655 -0.5347 2.129, 3.076 -0.5072 1.9902, 3.0867 -0.4566 1.8565, 3.4611 -0.459 1.8386, 3.4503 -0.5126 1.9729, 3.4398 -0.5429 2.1132, 3.4299 -0.5496 2.2536, 3.4198 -0.5331 2.3945, 3.4091 -0.493 2.533, 3.3983 -0.4302 2.6631, 3.3171 1.25 2.683, 3.3417 1.2472 2.6816, 3.3628 1.2399 2.6781, 3.3832 1.2271 2.6718, 3.3983 1.2116 2.6642, 3.409 1.1932 2.6552, 3.4149 1.171 2.6443, 3.4149 1.1523 2.6352, 3.4095 1.1313 2.6249, 3.399 1.1126 2.6158, 3.3843 1.097 2.6082, 3.3678 1.0859 2.6027, 3.3482 1.0778 2.5987, 3.3279 1.0738 2.5968, 3.3063 1.0738 2.5968, 3.2842 1.0783 2.599, 3.2637 1.0873 2.6034, 3.3063 1.3135 2.5199, 3.3309 1.3105 2.5191, 3.3521 1.3027 2.5167, 3.3724 1.289 2.5127, 3.3875 1.2724 2.5078, 3.3982 1.2528 2.502, 3.4042 1.2291 2.495, 3.4042 1.2091 2.4891, 3.3987 1.1867 2.4825, 3.3882 1.1667 2.4766, 3.3735 1.1501 2.4717, 3.357 1.1382 2.4682, 3.3374 1.1295 2.4656, 3.3171 1.1253 2.4644, 3.2955 1.1253 2.4644, 3.2734 1.1301 2.4658, 3.2529 1.1398 2.4686, 3.2958 1.3486 2.3501, 3.3204 1.3455 2.3497, 3.3416 1.3374 2.3487, 3.3619 1.3233 2.347, 3.377 1.3061 2.3449, 3.3877 1.2858 2.3425, 3.3937 1.2612 2.3395, 3.3937 1.2406 2.337, 3.3882 1.2174 2.3342, 3.3777 1.1967 2.3317, 3.363 1.1795 2.3296, 3.3465 1.1671 2.3281, 3.3269 1.1582 2.327, 3.3066 1.1538 2.3265, 3.285 1.1538 2.3265, 3.2629 1.1588 2.3271, 3.2424 1.1688 2.3283, 3.2859 1.3553 2.1802, 3.3105 1.3521 2.1804, 3.3317 1.344 2.1807, 3.352 1.3298 2.1813, 3.3671 1.3125 2.1821, 3.3779 1.2921 2.1829, 3.3838 1.2673 2.184, 3.3838 1.2465 2.1848, 3.3784 1.2232 2.1858, 3.3678 1.2024 2.1867, 3.3531 1.1851 2.1875, 3.3366 1.1726 2.188, 3.3171 1.1636 2.1884, 3.2967 1.1592 2.1885, 3.2751 1.1592 2.1885, 3.253 1.1643 2.1883, 3.2326 1.1743 2.1879, 3.2757 1.3339 2.0097, 3.3003 1.3308 2.0103, 3.3215 1.3228 2.012, 3.3418 1.3089 2.0149, 3.3569 1.292 2.0185, 3.3676 1.272 2.0227, 3.3736 1.2477 2.0278, 3.3736 1.2274 2.0321, 3.3682 1.2045 2.0369, 3.3576 1.1841 2.0412, 3.3429 1.1672 2.0447, 3.3264 1.155 2.0473, 3.3069 1.1462 2.0492, 3.2865 1.1418 2.0501, 3.2649 1.1418 2.0501, 3.2428 1.1468 2.049, 3.2224 1.1566 2.047, 3.265 1.2838 1.8425, 3.2896 1.2809 1.8436, 3.3108 1.2733 1.8466, 3.3311 1.2601 1.8518, 3.3462 1.244 1.8582, 3.3569 1.2249 1.8656, 3.3629 1.2019 1.8747, 3.3629 1.1825 1.8823, 3.3575 1.1608 1.8909, 3.3469 1.1414 1.8985, 3.3322 1.1253 1.9048, 3.3157 1.1137 1.9094, 3.2962 1.1053 1.9127, 3.2758 1.1012 1.9143, 3.2542 1.1012 1.9143, 3.2321 1.1059 1.9124, 3.2117 1.1152 1.9088, 3.0142 -0.4874 2.5471, 3.025 -0.53 2.4092, 3.0352 -0.549 2.2682, 3.0451 -0.5447 2.1279, 3.0555 -0.5169 1.9874, 3.0663 -0.4656 1.8522, 3.4421 -0.4733 1.8315, 3.4313 -0.5279 1.9683, 3.4208 -0.5587 2.1111, 3.4109 -0.5655 2.2541, 3.4008 -0.5488 2.3977, 3.3901 -0.5079 2.5387, 3.3793 -0.4439 2.6713, 3.2447 1.1017 2.6104, 3.2339 1.1551 2.4732, 3.2234 1.1847 2.3302, 3.2136 1.1903 2.1872, 3.2034 1.1723 2.0437, 3.1927 1.1301 1.9029, 3.1819 1.065 1.771, 2.9845 -0.436 2.6844, 2.9952 -0.5023 2.5531, 3.006 -0.5457 2.4126, 3.0162 -0.5649 2.2691, 3.0261 -0.5605 2.1261, 3.0365 -0.5322 1.983, 3.0473 -0.48 1.8453, 3.232 -0.3371 1.5845, 3.2318 -0.3371 1.5851, 2.9222 1.2579 2.6665, 2.9468 1.2551 2.6652, 2.968 1.2477 2.6617, 2.9883 1.2348 2.6557, 3.0035 1.2191 2.6484, 3.0142 1.2006 2.6397, 3.0201 1.1782 2.6292, 3.0201 1.1594 2.6204, 3.0147 1.1382 2.6105, 3.0041 1.1193 2.6017, 2.9894 1.1036 2.5944, 2.9729 1.0924 2.5891, 2.9534 1.0842 2.5853, 2.933 1.0802 2.5834, 2.9114 1.0802 2.5834, 2.8893 1.0848 2.5855, 2.8689 1.0939 2.5898, 2.8499 1.1083 2.5966, 2.9115 1.3185 2.5024, 2.9361 1.3155 2.5016, 2.9572 1.3076 2.4994, 2.9776 1.2939 2.4956, 2.9927 1.2772 2.491, 3.0034 1.2575 2.4856, 3.0093 1.2336 2.479, 3.0093 1.2136 2.4734, 3.0039 1.1911 2.4672, 2.9934 1.171 2.4616, 2.9787 1.1543 2.457, 2.9622 1.1423 2.4537, 2.9426 1.1336 2.4513, 2.9223 1.1293 2.4501, 2.9007 1.1293 2.4501, 2.8786 1.1342 2.4515, 2.8581 1.1439 2.4542, 2.8391 1.1593 2.4584, 2.901 1.3506 2.3323, 2.9256 1.3475 2.3319, 2.9468 1.3394 2.3311, 2.9671 1.3252 2.3296, 2.9823 1.308 2.3278, 2.993 1.2877 2.3257, 2.9989 1.2631 2.3232, 2.9989 1.2424 2.321, 2.9935 1.2191 2.3186, 2.9829 1.1984 2.3164, 2.9682 1.1812 2.3147, 2.9517 1.1688 2.3134, 2.9322 1.1598 2.3124, 2.9118 1.1554 2.312, 2.8902 1.1554 2.312, 2.8681 1.1605 2.3125, 2.8477 1.1705 2.3135, 2.8287 1.1864 2.3152, 2.8912 1.3544 2.1625, 2.9158 1.3512 2.1627, 2.937 1.3431 2.1632, 2.9573 1.3289 2.164, 2.9724 1.3116 2.165, 2.9831 1.2912 2.1663, 2.9891 1.2665 2.1677, 2.9891 1.2457 2.169, 2.9836 1.2224 2.1703, 2.9731 1.2016 2.1716, 2.9584 1.1843 2.1726, 2.9419 1.1719 2.1733, 2.9223 1.1629 2.1739, 2.902 1.1585 2.1741, 2.8804 1.1585 2.1741, 2.8583 1.1635 2.1738, 2.8378 1.1735 2.1732, 2.8188 1.1895 2.1723, 2.8809 1.33 1.992, 2.9055 1.3269 1.9927, 2.9267 1.319 1.9945, 2.947 1.3051 1.9976, 2.9621 1.2882 2.0015, 2.9728 1.2683 2.0061, 2.9788 1.2442 2.0116, 2.9788 1.2239 2.0162, 2.9734 1.2011 2.0214, 2.9628 1.1808 2.026, 2.9481 1.1639 2.0299, 2.9316 1.1518 2.0327, 2.9121 1.143 2.0347, 2.8917 1.1387 2.0357, 2.8701 1.1387 2.0357, 2.848 1.1436 2.0345, 2.8276 1.1534 2.0323, 2.8086 1.169 2.0287, 2.8702 1.277 1.8255, 2.8948 1.2741 1.8267, 2.916 1.2665 1.8298, 2.9363 1.2534 1.8353, 2.9514 1.2374 1.8419, 2.9621 1.2185 1.8497, 2.9681 1.1956 1.8592, 2.9681 1.1764 1.8671, 2.9626 1.1548 1.876, 2.9521 1.1355 1.884, 2.9374 1.1196 1.8906, 2.9209 1.1081 1.8954, 2.9013 1.0997 1.8988, 2.881 1.0956 1.9005, 2.8594 1.0956 1.9005, 2.8373 1.1003 1.8986, 2.8168 1.1096 1.8947, 2.7978 1.1244 1.8886, 2.7248 -0.6368 1.7906, 2.7494 -0.6339 1.7919, 2.7706 -0.6265 1.7953, 2.7909 -0.6136 1.8012, 2.806 -0.5978 1.8084, 2.8168 -0.5792 1.8169, 2.8227 -0.5567 1.8272, 2.8227 -0.5378 1.8358, 2.8173 -0.5165 1.8455, 2.8067 -0.4976 1.8542, 2.792 -0.4818 1.8614, 2.7755 -0.4705 1.8666, 2.756 -0.4623 1.8703, 2.7356 -0.4583 1.8722, 2.714 -0.4583 1.8722, 2.6919 -0.4629 1.8701, 2.6715 -0.472 1.8659, 2.6525 -0.4866 1.8592, 2.7141 -0.6959 1.9552, 2.7387 -0.6929 1.956, 2.7598 -0.685 1.9581, 2.7802 -0.6712 1.9618, 2.7953 -0.6545 1.9663, 2.806 -0.6348 1.9715, 2.8119 -0.6108 1.9779, 2.8119 -0.5908 1.9833, 2.8065 -0.5682 1.9893, 2.7959 -0.548 1.9947, 2.7813 -0.5313 1.9991, 2.7648 -0.5193 2.0024, 2.7452 -0.5106 2.0047, 2.7249 -0.5063 2.0058, 2.7033 -0.5063 2.0058, 2.6812 -0.5112 2.0045, 2.6607 -0.5209 2.0019, 2.6417 -0.5363 1.9978, 2.7037 -0.7265 2.1255, 2.7282 -0.7234 2.1258, 2.7494 -0.7153 2.1265, 2.7698 -0.7011 2.1279, 2.7849 -0.6839 2.1295, 2.7956 -0.6635 2.1315, 2.8015 -0.6389 2.1338, 2.8015 -0.6182 2.1358, 2.7961 -0.5949 2.138, 2.7855 -0.5742 2.14, 2.7708 -0.5569 2.1416, 2.7543 -0.5445 2.1428, 2.7348 -0.5356 2.1437, 2.7144 -0.5311 2.1441, 2.6929 -0.5311 2.1441, 2.6707 -0.5362 2.1436, 2.6503 -0.5462 2.1426, 2.6313 -0.5621 2.1411, 2.6938 -0.7288 2.2952, 2.7184 -0.7257 2.295, 2.7396 -0.7175 2.2944, 2.7599 -0.7034 2.2935, 2.775 -0.6861 2.2923, 2.7858 -0.6657 2.2909, 2.7917 -0.641 2.2892, 2.7917 -0.6202 2.2878, 2.7863 -0.5969 2.2862, 2.7757 -0.5761 2.2848, 2.761 -0.5588 2.2836, 2.7445 -0.5464 2.2828, 2.725 -0.5374 2.2822, 2.7046 -0.533 2.2819, 2.683 -0.533 2.2819, 2.6609 -0.5381 2.2822, 2.6405 -0.5481 2.2829, 2.6215 -0.564 2.284, 2.6835 -0.7029 2.4657, 2.7081 -0.6999 2.465, 2.7293 -0.6919 2.4631, 2.7496 -0.6781 2.4598, 2.7647 -0.6613 2.4558, 2.7754 -0.6414 2.4511, 2.7814 -0.6173 2.4454, 2.7814 -0.5971 2.4405, 2.776 -0.5743 2.4351, 2.7654 -0.554 2.4303, 2.7507 -0.5372 2.4263, 2.7342 -0.5251 2.4234, 2.7147 -0.5163 2.4214, 2.6943 -0.512 2.4203, 2.6727 -0.512 2.4203, 2.6506 -0.5169 2.4215, 2.6302 -0.5267 2.4238, 2.6112 -0.5423 2.4275, 2.6728 -0.6484 2.6317, 2.6974 -0.6456 2.6305, 2.7185 -0.638 2.6273, 2.7389 -0.625 2.6218, 2.754 -0.609 2.615, 2.7647 -0.5902 2.607, 2.7706 -0.5674 2.5974, 2.7706 -0.5482 2.5893, 2.7652 -0.5267 2.5801, 2.7547 -0.5075 2.572, 2.74 -0.4916 2.5653, 2.7235 -0.4801 2.5604, 2.7039 -0.4719 2.5569, 2.6836 -0.4677 2.5551, 2.662 -0.4677 2.5551, 2.6399 -0.4724 2.5571, 2.6194 -0.4817 2.561, 2.6004 -0.4964 2.5673, 2.1739 0.819 3.137, 2.1846 0.6594 3.2088, 2.1985 0.8175 3.1342, 2.2092 0.6584 3.2058, 2.2196 0.8135 3.1271, 2.2304 0.6557 3.1981, 2.24 0.8066 3.1147, 2.2507 0.651 3.1847, 2.2551 0.7982 3.0995, 2.2659 0.6452 3.1684, 2.2658 0.7883 3.0817, 2.2766 0.6384 3.1491, 2.2717 0.7763 3.06, 2.2825 0.6302 3.1257, 2.2717 0.7662 3.0418, 2.2825 0.6233 3.1061, 2.2663 0.7549 3.0214, 2.2771 0.6155 3.0841, 2.2557 0.7447 3.0032, 2.2665 0.6086 3.0644, 2.2411 0.7363 2.988, 2.2518 0.6028 3.0481, 2.2246 0.7303 2.9771, 2.2353 0.5987 3.0364, 2.205 0.7259 2.9693, 2.2158 0.5957 3.0279, 2.1847 0.7238 2.9654, 2.1954 0.5942 3.0237, 2.1631 0.7238 2.9654, 2.1738 0.5942 3.0237, 2.141 0.7262 2.9698, 2.1517 0.5959 3.0284, 2.1205 0.7311 2.9786, 2.1313 0.5992 3.0379, 2.1123 0.6046 3.053, 4.2 -0.1039 3.1814, 4.2246 -0.1027 3.1786, 4.2458 -0.0994 3.1711, 4.2661 -0.0937 3.1581, 4.2813 -0.0868 3.1422, 4.292 -0.0787 3.1234, 4.2979 -0.0688 3.1007, 4.2979 -0.0605 3.0817, 4.2925 -0.0512 3.0602, 4.2819 -0.0429 3.0411, 4.2672 -0.036 3.0252, 4.2507 -0.031 3.0138, 4.2312 -0.0274 3.0056, 4.2108 -0.0256 3.0015, 4.1892 -0.0256 3.0015, 4.1671 -0.0276 3.0061, 4.1467 -0.0317 3.0153, 4.1277 -0.038 3.03, 4.1142 -0.0455 3.0471, 4.1893 0.0616 3.2375, 4.2139 0.0624 3.2345, 4.2351 0.0644 3.2266, 4.2554 0.0678 3.2128, 4.2705 0.0719 3.1959, 4.2812 0.0769 3.1761, 4.2872 0.0828 3.1521, 4.2872 0.0878 3.1319, 4.2817 0.0934 3.1092, 4.2712 0.0984 3.089, 4.2565 0.1026 3.0722, 4.24 0.1056 3.0601, 4.2204 0.1077 3.0513, 4.2001 0.1088 3.047, 4.1785 0.1088 3.047, 4.1564 0.1076 3.0519, 4.1359 0.1052 3.0617, 4.1169 0.1013 3.0772, 4.1034 0.0969 3.0953, 4.1789 0.2321 3.265, 4.2035 0.2323 3.2619, 4.2247 0.233 3.2538, 4.245 0.2341 3.2396, 4.2602 0.2354 3.2223, 4.2709 0.237 3.2019, 4.2768 0.2389 3.1772, 4.2768 0.2405 3.1565, 4.2714 0.2423 3.1332, 4.2608 0.2439 3.1124, 4.2461 0.2452 3.0952, 4.2296 0.2462 3.0828, 4.2101 0.2469 3.0738, 4.1897 0.2472 3.0693, 4.1681 0.2472 3.0693, 4.146 0.2468 3.0744, 4.1256 0.246 3.0844, 4.1066 0.2448 3.1004, 4.0931 0.2434 3.1189, 4.1691 0.4018 3.2643, 4.1937 0.4015 3.2612, 4.2149 0.4008 3.253, 4.2352 0.3996 3.2389, 4.2503 0.3981 3.2216, 4.261 0.3964 3.2013, 4.267 0.3943 3.1766, 4.267 0.3925 3.1559, 4.2616 0.3905 3.1326, 4.251 0.3887 3.1118, 4.2363 0.3872 3.0946, 4.2198 0.3862 3.0822, 4.2003 0.3854 3.0732, 4.1799 0.385 3.0687, 4.1583 0.385 3.0687, 4.1362 0.3854 3.0738, 4.1158 0.3863 3.0838, 4.0968 0.3877 3.0997, 4.0832 0.3893 3.1183, 4.1587 0.5722 3.2353, 4.1833 0.5714 3.2323, 4.2045 0.5694 3.2244, 4.2248 0.5658 3.2106, 4.24 0.5615 3.1938, 4.2507 0.5564 3.174, 4.2566 0.5503 3.15, 4.2566 0.5451 3.1299, 4.2512 0.5393 3.1073, 4.2406 0.5341 3.0871, 4.2259 0.5298 3.0703, 4.2094 0.5267 3.0582, 4.1899 0.5245 3.0495, 4.1695 0.5233 3.0452, 4.1479 0.5233 3.0452, 4.1258 0.5246 3.0501, 4.1054 0.5271 3.0599, 4.0864 0.5311 3.0753, 4.0729 0.5357 3.0934, 4.148 0.7373 3.1778, 4.1726 0.736 3.1749, 4.1937 0.7327 3.1674, 4.2141 0.7269 3.1545, 4.2292 0.7199 3.1386, 4.2399 0.7115 3.12, 4.2459 0.7015 3.0973, 4.2459 0.693 3.0784, 4.2404 0.6835 3.057, 4.2299 0.675 3.038, 4.2152 0.668 3.0222, 4.1987 0.6629 3.0108, 4.1791 0.6592 3.0026, 4.1588 0.6574 2.9985, 4.1372 0.6574 2.9985, 4.1151 0.6595 3.0031, 4.0946 0.6636 3.0123, 4.0756 0.6701 3.0269, 4.0621 0.6777 3.0439, 3.9275 0.796 1.4687, 4.0026 0.7205 1.2638, 4.0272 0.7193 1.2666, 4.0484 0.7161 1.2742, 4.0687 0.7105 1.2872, 4.0838 0.7038 1.3032, 4.0945 0.6958 1.322, 4.1005 0.6861 1.3448, 4.1005 0.678 1.3639, 4.0951 0.6688 1.3854, 4.0845 0.6607 1.4046, 4.0698 0.6539 1.4206, 4.0533 0.6491 1.432, 4.0338 0.6455 1.4403, 4.0134 0.6438 1.4444, 3.9918 0.6438 1.4444, 3.9697 0.6458 1.4397, 3.9493 0.6497 1.4305, 3.9303 0.656 1.4158, 3.9167 0.6632 1.3986, 3.9919 0.5545 1.2092, 4.0165 0.5538 1.2122, 4.0376 0.5519 1.2201, 4.058 0.5486 1.234, 4.0731 0.5446 1.2508, 4.0838 0.5398 1.2707, 4.0898 0.5341 1.2948, 4.0898 0.5293 1.315, 4.0843 0.5239 1.3377, 4.0738 0.519 1.358, 4.0591 0.515 1.3749, 4.0426 0.5121 1.387, 4.023 0.51 1.3957, 4.0027 0.509 1.4001, 3.9811 0.509 1.4001, 3.959 0.5102 1.3951, 3.9385 0.5125 1.3854, 3.9195 0.5162 1.3698, 3.906 0.5205 1.3517, 3.9816 0.384 1.1832, 4.0062 0.3838 1.1863, 4.0273 0.3832 1.1944, 4.0477 0.3823 1.2086, 4.0628 0.3811 1.2259, 4.0735 0.3797 1.2463, 4.0794 0.378 1.271, 4.0794 0.3766 1.2917, 4.074 0.375 1.315, 4.0635 0.3735 1.3358, 4.0488 0.3723 1.3531, 4.0323 0.3715 1.3655, 4.0127 0.3709 1.3745, 3.9924 0.3706 1.379, 3.9708 0.3706 1.379, 3.9487 0.3709 1.3739, 3.9282 0.3716 1.3639, 3.9092 0.3727 1.3479, 3.8957 0.374 1.3293, 3.9717 0.2143 1.1853, 3.9963 0.2146 1.1884, 4.0175 0.2153 1.1966, 4.0378 0.2167 1.2107, 4.053 0.2183 1.228, 4.0637 0.2202 1.2483, 4.0696 0.2226 1.273, 4.0696 0.2245 1.2937, 4.0642 0.2267 1.3169, 4.0536 0.2287 1.3377, 4.0389 0.2303 1.3549, 4.0224 0.2315 1.3673, 4.0029 0.2323 1.3763, 3.9825 0.2328 1.3807, 3.9609 0.2328 1.3807, 3.9388 0.2323 1.3757, 3.9184 0.2313 1.3657, 3.8994 0.2298 1.3498, 3.8859 0.2281 1.3312, 3.9613 0.044 1.2158, 3.9859 0.0448 1.2188, 4.0071 0.0469 1.2267, 4.0274 0.0506 1.2405, 4.0426 0.055 1.2572, 4.0533 0.0603 1.277, 4.0592 0.0667 1.3009, 4.0592 0.072 1.321, 4.0538 0.078 1.3436, 4.0432 0.0834 1.3637, 4.0285 0.0878 1.3804, 4.012 0.091 1.3925, 3.9925 0.0934 1.4012, 3.9721 0.0945 1.4055, 3.9505 0.0945 1.4055, 3.9284 0.0932 1.4006, 3.908 0.0906 1.3909, 3.889 0.0865 1.3754, 3.8754 0.0817 1.3574, 3.9506 -0.1206 1.2748, 3.9752 -0.1193 1.2777, 3.9963 -0.1159 1.2851, 4.0167 -0.11 1.298, 4.0318 -0.1029 1.3138, 4.0425 -0.0944 1.3324, 4.0484 -0.0841 1.3549, 4.0484 -0.0755 1.3738, 4.043 -0.0658 1.3951, 4.0325 -0.0571 1.4141, 4.0178 -0.0499 1.4298, 4.0013 -0.0448 1.4411, 3.9817 -0.041 1.4493, 3.9614 -0.0392 1.4534, 3.9398 -0.0392 1.4534, 3.9177 -0.0413 1.4488, 3.8972 -0.0455 1.4396, 3.8782 -0.0521 1.4251, 3.8647 -0.0598 1.4081, 3.4286 -0.49 1.8231, 3.4178 -0.5457 1.9629, 3.4073 -0.5772 2.1087, 3.3974 -0.5842 2.2548, 3.3872 -0.5671 2.4013, 3.3766 -0.5253 2.5454, 3.3658 -0.46 2.6808, 3.2312 1.1184 2.6186, 3.2204 1.173 2.4785, 3.2099 1.2032 2.3324, 3.2 1.2089 2.1864, 3.1898 1.1905 2.0398, 3.1791 1.1475 1.8961, 3.1684 1.081 1.7613, 3.0338 -0.4969 1.8373, 3.023 -0.5502 1.9779, 3.0125 -0.5791 2.124, 3.0027 -0.5835 2.27, 2.9924 -0.5639 2.4166, 2.9817 -0.5196 2.56, 2.971 -0.4519 2.6942, 2.8364 1.1252 2.6045, 2.8256 1.1773 2.4634, 2.8152 1.2049 2.3171, 2.8053 1.2081 2.1712, 2.795 1.1872 2.0246, 2.7843 1.1416 1.8815, 2.7736 1.0728 1.748, 2.6389 -0.5035 1.8515, 2.6282 -0.5543 1.993, 2.6178 -0.5807 2.1394, 2.6079 -0.5826 2.2853, 2.5976 -0.5604 2.4318, 2.5869 -0.5135 2.5746, 2.5762 -0.4436 2.7074, 2.5274 1.2655 2.6499, 2.552 1.2627 2.6486, 2.5732 1.2552 2.6453, 2.5935 1.2423 2.6395, 2.6086 1.2264 2.6324, 2.6193 1.2078 2.6241, 2.6253 1.1852 2.614, 2.6253 1.1662 2.6055, 2.6199 1.1448 2.596, 2.6093 1.1258 2.5875, 2.5946 1.11 2.5804, 2.5781 1.0986 2.5754, 2.5586 1.0904 2.5717, 2.5382 1.0863 2.5699, 2.5166 1.0863 2.5699, 2.4945 1.091 2.5719, 2.4741 1.1001 2.576, 2.4551 1.1147 2.5826, 2.4415 1.1318 2.5902, 2.5167 1.3232 2.4848, 2.5413 1.3202 2.484, 2.5624 1.3123 2.482, 2.5828 1.2985 2.4784, 2.5979 1.2817 2.4741, 2.6086 1.2619 2.469, 2.6145 1.2379 2.4628, 2.6145 1.2178 2.4577, 2.6091 1.1952 2.4518, 2.5985 1.175 2.4466, 2.5839 1.1582 2.4423, 2.5674 1.1462 2.4392, 2.5478 1.1375 2.437, 2.5275 1.1331 2.4358, 2.5059 1.1331 2.4358, 2.4838 1.1381 2.4371, 2.4633 1.1478 2.4396, 2.4443 1.1633 2.4436, 2.4308 1.1813 2.4482, 2.5063 1.3523 2.3144, 2.5309 1.3492 2.3142, 2.552 1.3411 2.3135, 2.5724 1.3269 2.3122, 2.5875 1.3096 2.3107, 2.5982 1.2893 2.309, 2.6042 1.2646 2.3069, 2.6042 1.2439 2.3051, 2.5987 1.2206 2.303, 2.5882 1.1998 2.3012, 2.5735 1.1826 2.2997, 2.557 1.1702 2.2987, 2.5374 1.1612 2.2979, 2.5171 1.1568 2.2975, 2.4955 1.1568 2.2975, 2.4734 1.1618 2.298, 2.4529 1.1719 2.2988, 2.4339 1.1878 2.3002, 2.4204 1.2063 2.3018, 2.4965 1.3532 2.1447, 2.521 1.35 2.145, 2.5422 1.3419 2.1456, 2.5626 1.3277 2.1467, 2.5777 1.3104 2.148, 2.5884 1.2901 2.1496, 2.5943 1.2654 2.1514, 2.5943 1.2447 2.153, 2.5889 1.2213 2.1548, 2.5783 1.2006 2.1564, 2.5636 1.1833 2.1577, 2.5471 1.1709 2.1587, 2.5276 1.1619 2.1594, 2.5072 1.1575 2.1597, 2.4857 1.1575 2.1597, 2.4635 1.1625 2.1593, 2.4431 1.1726 2.1586, 2.4241 1.1885 2.1573, 2.4106 1.2071 2.1559, 2.4861 1.3258 1.9743, 2.5107 1.3228 1.975, 2.5319 1.3148 1.977, 2.5522 1.301 1.9804, 2.5673 1.2842 1.9845, 2.578 1.2644 1.9894, 2.584 1.2403 1.9954, 2.584 1.2201 2.0004, 2.5786 1.1974 2.006, 2.568 1.1772 2.011, 2.5533 1.1604 2.0151, 2.5368 1.1483 2.0181, 2.5173 1.1396 2.0202, 2.4969 1.1352 2.0213, 2.4753 1.1352 2.0213, 2.4532 1.1402 2.0201, 2.4327 1.1499 2.0177, 2.4138 1.1654 2.0139, 2.4002 1.1835 2.0094, 2.4754 1.2698 1.8087, 2.5 1.267 1.8099, 2.5211 1.2595 1.8132, 2.5415 1.2464 1.8188, 2.5566 1.2305 1.8257, 2.5673 1.2118 1.8339, 2.5732 1.1891 1.8437, 2.5732 1.17 1.852, 2.5678 1.1486 1.8613, 2.5572 1.1295 1.8696, 2.5426 1.1136 1.8765, 2.5261 1.1022 1.8815, 2.5065 1.0939 1.8851, 2.4862 1.0898 1.8868, 2.4646 1.0898 1.8868, 2.4425 1.0945 1.8848, 2.422 1.1037 1.8808, 2.403 1.1183 1.8745, 2.3895 1.1354 1.867, 2.33 -0.6442 1.8073, 2.3546 -0.6414 1.8086, 2.3758 -0.6339 1.8118, 2.3961 -0.6209 1.8175, 2.4112 -0.605 1.8244, 2.4219 -0.5862 1.8326, 2.4279 -0.5635 1.8425, 2.4279 -0.5445 1.8508, 2.4225 -0.5231 1.8601, 2.4119 -0.5039 1.8685, 2.3972 -0.4881 1.8754, 2.3807 -0.4767 1.8804, 2.3611 -0.4684 1.884, 2.3408 -0.4643 1.8857, 2.3192 -0.4643 1.8857, 2.2971 -0.469 1.8837, 2.2766 -0.4782 1.8797, 2.2576 -0.4928 1.8733, 2.2441 -0.5099 1.8659, 2.3193 -0.7004 1.9728, 2.3438 -0.6974 1.9736, 2.365 -0.6895 1.9756, 2.3854 -0.6757 1.979, 2.4005 -0.6589 1.9832, 2.4112 -0.639 1.9881, 2.4171 -0.615 1.9941, 2.4171 -0.5948 1.9991, 2.4117 -0.5721 2.0047, 2.4011 -0.5519 2.0097, 2.3864 -0.5351 2.0139, 2.37 -0.523 2.0169, 2.3504 -0.5143 2.0191, 2.33 -0.51 2.0201, 2.3085 -0.51 2.0201, 2.2863 -0.5149 2.0189, 2.2659 -0.5246 2.0165, 2.2469 -0.5401 2.0126, 2.2334 -0.5582 2.0082, 2.3089 -0.728 2.1433, 2.3335 -0.7249 2.1435, 2.3547 -0.7168 2.1442, 2.375 -0.7026 2.1453, 2.3901 -0.6853 2.1466, 2.4008 -0.665 2.1482, 2.4068 -0.6403 2.1501, 2.4068 -0.6196 2.1517, 2.4014 -0.5962 2.1536, 2.3908 -0.5755 2.1552, 2.3761 -0.5582 2.1565, 2.3596 -0.5458 2.1575, 2.34 -0.5368 2.1582, 2.3197 -0.5324 2.1585, 2.2981 -0.5324 2.1585, 2.276 -0.5374 2.1581, 2.2555 -0.5475 2.1574, 2.2365 -0.5634 2.1561, 2.223 -0.582 2.1547, 2.2991 -0.7274 2.313, 2.3237 -0.7243 2.3127, 2.3448 -0.7162 2.312, 2.3652 -0.702 2.3108, 2.3803 -0.6848 2.3094, 2.391 -0.6644 2.3076, 2.397 -0.6397 2.3055, 2.397 -0.619 2.3038, 2.3915 -0.5957 2.3018, 2.381 -0.575 2.3, 2.3663 -0.5577 2.2985, 2.3498 -0.5453 2.2975, 2.3302 -0.5363 2.2967, 2.3099 -0.5319 2.2963, 2.2883 -0.5319 2.2963, 2.2662 -0.5369 2.2968, 2.2457 -0.547 2.2976, 2.2267 -0.5629 2.299, 2.2132 -0.5815 2.3006, 2.2887 -0.6986 2.4834, 2.3133 -0.6955 2.4826, 2.3345 -0.6876 2.4806, 2.3548 -0.6739 2.477, 2.3699 -0.6571 2.4727, 2.3806 -0.6373 2.4677, 2.3866 -0.6133 2.4615, 2.3866 -0.5932 2.4564, 2.3812 -0.5705 2.4506, 2.3706 -0.5503 2.4454, 2.3559 -0.5335 2.4411, 2.3394 -0.5215 2.438, 2.3198 -0.5128 2.4358, 2.2995 -0.5084 2.4347, 2.2779 -0.5084 2.4347, 2.2558 -0.5134 2.4359, 2.2353 -0.5231 2.4384, 2.2163 -0.5386 2.4424, 2.2028 -0.5566 2.447, 2.2779 -0.6411 2.6485, 2.3025 -0.6383 2.6473, 2.3237 -0.6308 2.6439, 2.3441 -0.6178 2.6382, 2.3592 -0.602 2.6311, 2.3699 -0.5833 2.6228, 2.3758 -0.5607 2.6127, 2.3758 -0.5417 2.6043, 2.3704 -0.5204 2.5948, 2.3598 -0.5013 2.5863, 2.3451 -0.4855 2.5793, 2.3286 -0.4741 2.5742, 2.3091 -0.4659 2.5706, 2.2887 -0.4618 2.5688, 2.2672 -0.4618 2.5688, 2.245 -0.4665 2.5708, 2.2246 -0.4756 2.5749, 2.2056 -0.4902 2.5814, 2.1921 -0.5073 2.589, 4.1262 -0.3087 2.901, 4.116 -0.1892 2.9938, 4.1053 -0.054 3.0667, 4.0946 0.0917 3.116, 4.0842 0.2417 3.1402, 4.0744 0.3911 3.1396, 4.064 0.541 3.114, 4.0533 0.6863 3.0634, 4.0426 0.8209 2.9894, 3.9289 0.9279 1.5425, 3.9186 0.8075 1.4507, 3.9079 0.6716 1.379, 3.8972 0.5255 1.3309, 3.8868 0.3754 1.3081, 3.877 0.2261 1.31, 3.8666 0.0762 1.3368, 3.8558 -0.0687 1.3887, 3.8452 -0.2025 1.4638, 3.7301 -0.1644 2.9843, 3.7212 -0.1758 3.0024, 3.8052 -0.0871 3.1886, 3.8298 -0.0859 3.1857, 3.851 -0.0828 3.1782, 3.8713 -0.0773 3.165, 3.8864 -0.0707 3.149, 3.8971 -0.0629 3.1301, 3.9031 -0.0534 3.1073, 3.9031 -0.0454 3.0881, 3.8977 -0.0365 3.0665, 3.8871 -0.0285 3.0472, 3.8724 -0.0219 3.0312, 3.8559 -0.0171 3.0197, 3.8364 -0.0137 3.0114, 3.816 -0.0119 3.0073, 3.7944 -0.0119 3.0073, 3.7723 -0.0139 3.012, 3.7518 -0.0177 3.0213, 3.7328 -0.0239 3.036, 3.7193 -0.031 3.0532, 3.7105 -0.0392 3.0729, 3.7945 0.0793 3.2417, 3.8191 0.08 3.2387, 3.8402 0.0819 3.2307, 3.8606 0.085 3.2169, 3.8757 0.0889 3.2, 3.8864 0.0935 3.1801, 3.8924 0.099 3.1559, 3.8924 0.1036 3.1357, 3.8869 0.1089 3.1129, 3.8764 0.1135 3.0926, 3.8617 0.1174 3.0757, 3.8452 0.1202 3.0636, 3.8256 0.1222 3.0548, 3.8053 0.1232 3.0504, 3.7837 0.1232 3.0504, 3.7616 0.122 3.0554, 3.7411 0.1198 3.0652, 3.7221 0.1162 3.0808, 3.7086 0.1121 3.0989, 3.6998 0.1073 3.1197, 3.7842 0.2499 3.2662, 3.8088 0.2501 3.2631, 3.83 0.2505 3.255, 3.8503 0.2514 3.2408, 3.8654 0.2524 3.2235, 3.8761 0.2537 3.2031, 3.8821 0.2551 3.1784, 3.8821 0.2564 3.1576, 3.8766 0.2578 3.1343, 3.8661 0.2591 3.1135, 3.8514 0.2601 3.0962, 3.8349 0.2608 3.0838, 3.8153 0.2614 3.0748, 3.795 0.2616 3.0703, 3.7734 0.2616 3.0703, 3.7513 0.2613 3.0754, 3.7308 0.2607 3.0854, 3.7118 0.2598 3.1014, 3.6983 0.2587 3.12, 3.6895 0.2574 3.1413, 3.7744 0.4196 3.2626, 3.799 0.4193 3.2595, 3.8201 0.4185 3.2514, 3.8405 0.417 3.2372, 3.8556 0.4152 3.22, 3.8663 0.4131 3.1997, 3.8722 0.4106 3.175, 3.8722 0.4085 3.1544, 3.8668 0.4061 3.1311, 3.8562 0.4039 3.1104, 3.8416 0.4021 3.0932, 3.8251 0.4009 3.0808, 3.8055 0.3999 3.0718, 3.7852 0.3995 3.0674, 3.7636 0.3995 3.0674, 3.7415 0.4 3.0724, 3.721 0.401 3.0824, 3.702 0.4027 3.0983, 3.6885 0.4046 3.1169, 3.6796 0.4068 3.1381, 3.7639 0.5898 3.2306, 3.7885 0.5889 3.2276, 3.8097 0.5868 3.2197, 3.83 0.583 3.206, 3.8451 0.5784 3.1893, 3.8559 0.573 3.1696, 3.8618 0.5664 3.1457, 3.8618 0.5609 3.1257, 3.8564 0.5547 3.1032, 3.8458 0.5491 3.0831, 3.8311 0.5445 3.0664, 3.8146 0.5412 3.0544, 3.7951 0.5388 3.0457, 3.7747 0.5376 3.0414, 3.7531 0.5376 3.0414, 3.731 0.539 3.0463, 3.7106 0.5417 3.056, 3.6916 0.5459 3.0714, 3.678 0.5509 3.0894, 3.6692 0.5565 3.1099, 3.7532 0.7539 3.1702, 3.7777 0.7526 3.1673, 3.7989 0.7492 3.1599, 3.8193 0.7431 3.1471, 3.8344 0.7358 3.1314, 3.8451 0.7272 3.1128, 3.851 0.7167 3.0904, 3.851 0.7079 3.0716, 3.8456 0.698 3.0504, 3.835 0.6892 3.0315, 3.8203 0.6819 3.0158, 3.8038 0.6766 3.0045, 3.7843 0.6728 2.9964, 3.7639 0.6709 2.9923, 3.7424 0.6709 2.9923, 3.7202 0.6731 2.9969, 3.6998 0.6773 3.006, 3.6808 0.6841 3.0205, 3.6673 0.692 3.0374, 3.6584 0.701 3.0567, 3.5462 0.773 1.4762, 3.5326 0.7828 1.4604, 3.5238 0.794 1.4422, 3.6078 0.7036 1.2568, 3.6324 0.7024 1.2597, 3.6536 0.6994 1.2672, 3.6739 0.6941 1.2804, 3.689 0.6876 1.2965, 3.6997 0.6799 1.3154, 3.7057 0.6706 1.3384, 3.7057 0.6628 1.3576, 3.7002 0.6541 1.3793, 3.6897 0.6463 1.3986, 3.675 0.6398 1.4147, 3.6585 0.6351 1.4262, 3.6389 0.6317 1.4346, 3.6186 0.6301 1.4387, 3.597 0.6301 1.4387, 3.5749 0.632 1.434, 3.5544 0.6357 1.4247, 3.5354 0.6417 1.4099, 3.5219 0.6487 1.3926, 3.5131 0.6567 1.3728, 3.5971 0.5368 1.2051, 3.6217 0.5361 1.2081, 3.6428 0.5344 1.2161, 3.6632 0.5313 1.23, 3.6783 0.5276 1.2469, 3.689 0.5232 1.2669, 3.695 0.5179 1.2911, 3.695 0.5134 1.3114, 3.6895 0.5084 1.3342, 3.679 0.5039 1.3546, 3.6643 0.5002 1.3715, 3.6478 0.4975 1.3836, 3.6282 0.4956 1.3924, 3.6079 0.4946 1.3968, 3.5863 0.4946 1.3968, 3.5642 0.4957 1.3918, 3.5437 0.4979 1.382, 3.5247 0.5013 1.3664, 3.5112 0.5053 1.3482, 3.5024 0.5099 1.3274, 3.5868 0.3663 1.1821, 3.6114 0.3661 1.1852, 3.6326 0.3657 1.1934, 3.6529 0.3649 1.2076, 3.6681 0.364 1.2249, 3.6788 0.363 1.2453, 3.6847 0.3617 1.27, 3.6847 0.3607 1.2908, 3.6793 0.3594 1.3141, 3.6687 0.3584 1.3349, 3.654 0.3575 1.3522, 3.6375 0.3568 1.3646, 3.618 0.3564 1.3736, 3.5976 0.3561 1.3781, 3.576 0.3561 1.3781, 3.5539 0.3564 1.373, 3.5335 0.3569 1.363, 3.5145 0.3577 1.347, 3.5009 0.3587 1.3284, 3.4921 0.3598 1.3071, 3.577 0.1965 1.1872, 3.6016 0.1968 1.1903, 3.6227 0.1977 1.1984, 3.6431 0.1993 1.2125, 3.6582 0.2012 1.2297, 3.6689 0.2035 1.25, 3.6749 0.2063 1.2747, 3.6749 0.2086 1.2953, 3.6694 0.2112 1.3186, 3.6589 0.2135 1.3393, 3.6442 0.2154 1.3565, 3.6277 0.2168 1.3688, 3.6081 0.2178 1.3778, 3.5878 0.2183 1.3822, 3.5662 0.2183 1.3822, 3.5441 0.2177 1.3772, 3.5236 0.2166 1.3672, 3.5046 0.2148 1.3513, 3.4911 0.2128 1.3328, 3.4823 0.2104 1.3116, 3.5665 0.0264 1.2207, 3.5911 0.0273 1.2237, 3.6123 0.0295 1.2315, 3.6326 0.0334 1.2452, 3.6477 0.0382 1.2619, 3.6584 0.0438 1.2815, 3.6644 0.0506 1.3053, 3.6644 0.0563 1.3253, 3.659 0.0627 1.3478, 3.6484 0.0684 1.3679, 3.6337 0.0731 1.3845, 3.6172 0.0765 1.3965, 3.5977 0.079 1.4051, 3.5773 0.0802 1.4094, 3.5557 0.0802 1.4094, 3.5336 0.0788 1.4045, 3.5132 0.0761 1.3949, 3.4942 0.0717 1.3795, 3.4806 0.0666 1.3616, 3.4718 0.0608 1.3411, 3.5557 -0.1372 1.2826, 3.5803 -0.1359 1.2854, 3.6015 -0.1323 1.2927, 3.6218 -0.1262 1.3056, 3.637 -0.1187 1.3212, 3.6477 -0.1099 1.3396, 3.6536 -0.0993 1.362, 3.6536 -0.0903 1.3808, 3.6482 -0.0802 1.4019, 3.6376 -0.0713 1.4207, 3.6229 -0.0638 1.4363, 3.6064 -0.0584 1.4475, 3.5869 -0.0546 1.4556, 3.5665 -0.0526 1.4597, 3.5449 -0.0526 1.4597, 3.5228 -0.0548 1.4551, 3.5024 -0.0592 1.446, 3.4834 -0.066 1.4316, 3.4699 -0.0741 1.4148, 3.461 -0.0833 1.3955, 3.4304 -0.4294 1.6829, 3.4198 -0.509 1.8136, 3.409 -0.5661 1.9566, 3.3985 -0.5983 2.106, 3.3886 -0.6055 2.2555, 3.3784 -0.588 2.4056, 3.3677 -0.5452 2.553, 3.357 -0.4783 2.6916, 3.3488 -0.1415 2.9766, 3.3352 -0.1511 2.9925, 3.3264 -0.1621 3.0108, 3.4104 -0.0701 3.1954, 3.435 -0.069 3.1925, 3.4561 -0.066 3.1849, 3.4765 -0.0608 3.1717, 3.4916 -0.0544 3.1556, 3.5023 -0.0469 3.1366, 3.5083 -0.0378 3.1135, 3.5083 -0.0302 3.0942, 3.5028 -0.0217 3.0725, 3.4923 -0.014 3.0531, 3.4776 -0.0077 3.037, 3.4611 -0.0031 3.0254, 3.4415 0.0002 3.017, 3.4212 0.0018 3.0129, 3.3996 0.0018 3.0129, 3.3775 -0.0 3.0176, 3.357 -0.0037 3.0269, 3.338 -0.0096 3.0418, 3.3245 -0.0164 3.0591, 3.3157 -0.0242 3.079, 3.3997 0.0971 3.2456, 3.4243 0.0977 3.2426, 3.4454 0.0994 3.2346, 3.4658 0.1023 3.2207, 3.4809 0.1059 3.2037, 3.4916 0.1101 3.1837, 3.4976 0.1152 3.1595, 3.4976 0.1195 3.1392, 3.4921 0.1244 3.1163, 3.4816 0.1287 3.0959, 3.4669 0.1322 3.079, 3.4504 0.1348 3.0668, 3.4308 0.1367 3.058, 3.4105 0.1376 3.0536, 3.3889 0.1376 3.0536, 3.3668 0.1365 3.0586, 3.3463 0.1345 3.0684, 3.3273 0.1312 3.084, 3.3138 0.1273 3.1023, 3.305 0.1229 3.1231, 3.3895 0.2676 3.2671, 3.4141 0.2677 3.264, 3.4352 0.2681 3.2559, 3.4556 0.2687 3.2417, 3.4707 0.2695 3.2244, 3.4814 0.2703 3.2039, 3.4873 0.2714 3.1792, 3.4873 0.2723 3.1584, 3.4819 0.2733 3.1351, 3.4713 0.2742 3.1142, 3.4567 0.2749 3.097, 3.4402 0.2755 3.0845, 3.4206 0.2759 3.0755, 3.4003 0.2761 3.0711, 3.3787 0.2761 3.0711, 3.3566 0.2758 3.0761, 3.3361 0.2754 3.0862, 3.3171 0.2747 3.1021, 3.3036 0.2739 3.1208, 3.2947 0.273 3.1421, 3.3796 0.4374 3.2606, 3.4042 0.4371 3.2575, 3.4254 0.4361 3.2494, 3.4457 0.4344 3.2353, 3.4608 0.4323 3.2181, 3.4715 0.4299 3.1978, 3.4775 0.4269 3.1732, 3.4775 0.4244 3.1526, 3.472 0.4216 3.1294, 3.4615 0.4191 3.1087, 3.4468 0.4171 3.0915, 3.4303 0.4156 3.0791, 3.4107 0.4145 3.0702, 3.3904 0.414 3.0658, 3.3688 0.414 3.0658, 3.3467 0.4146 3.0708, 3.3262 0.4158 3.0808, 3.3072 0.4177 3.0966, 3.2937 0.4199 3.1151, 3.2849 0.4225 3.1363, 3.3691 0.6073 3.2256, 3.3937 0.6064 3.2226, 3.4149 0.6041 3.2148, 3.4352 0.6001 3.2011, 3.4503 0.5952 3.1845, 3.461 0.5894 3.1649, 3.467 0.5824 3.1412, 3.467 0.5766 3.1212, 3.4616 0.57 3.0988, 3.451 0.5641 3.0788, 3.4363 0.5592 3.0622, 3.4198 0.5557 3.0503, 3.4003 0.5531 3.0416, 3.3799 0.5519 3.0373, 3.3583 0.5519 3.0373, 3.3362 0.5533 3.0422, 3.3157 0.5561 3.0519, 3.2967 0.5607 3.0672, 3.2832 0.5659 3.0851, 3.2744 0.572 3.1055, 3.3583 0.7704 3.1623, 3.3829 0.7691 3.1595, 3.4041 0.7655 3.1521, 3.4244 0.7592 3.1394, 3.4395 0.7516 3.1238, 3.4503 0.7427 3.1054, 3.4562 0.7318 3.0832, 3.4562 0.7227 3.0645, 3.4508 0.7124 3.0435, 3.4402 0.7033 3.0248, 3.4255 0.6957 3.0092, 3.409 0.6902 2.998, 3.3895 0.6863 2.9899, 3.3691 0.6843 2.9859, 3.3475 0.6843 2.9859, 3.3254 0.6865 2.9905, 3.305 0.691 2.9995, 3.286 0.698 3.0139, 3.2724 0.7061 3.0306, 3.2636 0.7155 3.0498, 3.233 1.059 2.7595, 3.2223 1.1376 2.628, 3.2116 1.1934 2.4845, 3.2011 1.2243 2.335, 3.1912 1.2302 2.1855, 3.181 1.2114 2.0355, 3.1703 1.1673 1.8883, 3.1596 1.0992 1.7503, 3.0356 -0.4386 1.6958, 3.0249 -0.5161 1.8281, 3.0142 -0.5707 1.972, 3.0037 -0.6003 2.1217, 2.9938 -0.6048 2.2711, 2.9836 -0.5847 2.4212, 2.9729 -0.5393 2.568, 2.9621 -0.4701 2.7053, 2.8382 1.0682 2.7465, 2.8275 1.1445 2.6135, 2.8168 1.1978 2.4691, 2.8063 1.2261 2.3193, 2.7965 1.2294 2.1699, 2.7862 1.2079 2.0198, 2.7755 1.1613 1.8734, 2.7647 1.0908 1.7367, 2.6509 -0.353 1.5914, 2.6408 -0.4477 1.7089, 2.6301 -0.5229 1.8426, 2.6193 -0.5749 1.9875, 2.6089 -0.6019 2.1373, 2.5991 -0.6039 2.2867, 2.5888 -0.5811 2.4368, 2.5781 -0.5332 2.5829, 2.5673 -0.4616 2.7189, 2.4536 0.9834 2.8518, 2.4434 1.0771 2.7333, 2.4327 1.1512 2.5988, 2.4219 1.202 2.4536, 2.4116 1.2276 2.3036, 2.4017 1.2283 2.1543, 2.3914 1.2042 2.0043, 2.3806 1.155 1.8585, 2.3699 1.0822 1.7232, 2.2562 -0.3637 1.6028, 2.246 -0.4565 1.7222, 2.2353 -0.5295 1.8573, 2.2245 -0.5789 2.003, 2.2142 -0.6032 2.153, 2.2044 -0.6027 2.3024, 2.194 -0.5773 2.4523, 2.1832 -0.5268 2.5976, 2.1725 -0.4529 2.7322, 2.1953 0.4909 3.2527, 2.2199 0.4904 3.2497, 2.241 0.489 3.2416, 2.2614 0.4866 3.2276, 2.2765 0.4836 3.2105, 2.2872 0.4801 3.1904, 2.2931 0.4759 3.166, 2.2931 0.4723 3.1455, 2.2877 0.4683 3.1225, 2.2772 0.4648 3.102, 2.2625 0.4618 3.0849, 2.246 0.4597 3.0726, 2.2264 0.4581 3.0638, 2.2061 0.4574 3.0594, 2.1845 0.4574 3.0594, 2.1624 0.4582 3.0644, 2.1419 0.46 3.0743, 2.1229 0.4627 3.09, 2.1094 0.4659 3.1084, 4.2521 -0.6746 2.5634, 4.2627 -0.7172 2.3947, 4.2767 -0.6717 2.5624, 4.2873 -0.7141 2.3941, 4.2978 -0.6639 2.5598, 4.3085 -0.7061 2.3928, 4.3182 -0.6505 2.5551, 4.3288 -0.6921 2.3905, 4.3333 -0.6341 2.5495, 4.3439 -0.675 2.3877, 4.344 -0.6148 2.5429, 4.3546 -0.6548 2.3843, 4.35 -0.5913 2.5348, 4.3606 -0.6304 2.3803, 4.35 -0.5717 2.5281, 4.3606 -0.6099 2.3769, 4.3445 -0.5496 2.5205, 4.3551 -0.5868 2.3731, 4.334 -0.5299 2.5137, 4.3446 -0.5662 2.3697, 4.3193 -0.5135 2.5081, 4.3299 -0.5492 2.3669, 4.3028 -0.5017 2.5041, 4.3134 -0.5369 2.3648, 4.2832 -0.4932 2.5011, 4.2938 -0.528 2.3634, 4.2629 -0.489 2.4997, 4.2735 -0.5236 2.3626, 4.2413 -0.489 2.4997, 4.2519 -0.5236 2.3626, 4.2192 -0.4938 2.5013, 4.2298 -0.5286 2.3635, 4.1987 -0.5033 2.5046, 4.2093 -0.5385 2.3651, 4.1797 -0.5184 2.5098, 4.1903 -0.5543 2.3677, 4.1662 -0.536 2.5158, 4.1768 -0.5727 2.3708, 4.1574 -0.5562 2.5228, 4.168 -0.5937 2.3742, 4.1537 -0.5798 2.5309, 4.1643 -0.6183 2.3783, 4.2413 -0.6041 2.7236, 4.2659 -0.6014 2.7221, 4.2871 -0.5942 2.7182, 4.3074 -0.5817 2.7114, 4.3225 -0.5665 2.7031, 4.3332 -0.5485 2.6933, 4.3392 -0.5268 2.6815, 4.3392 -0.5085 2.6715, 4.3338 -0.488 2.6603, 4.3232 -0.4697 2.6504, 4.3085 -0.4545 2.6421, 4.292 -0.4436 2.6362, 4.2725 -0.4357 2.6318, 4.2521 -0.4317 2.6297, 4.2305 -0.4317 2.6297, 4.2084 -0.4362 2.6321, 4.1879 -0.445 2.6369, 4.1689 -0.4591 2.6446, 4.1554 -0.4754 2.6535, 4.1466 -0.4942 2.6637, 4.1429 -0.516 2.6756, 4.1123 -0.2028 3.0147, 4.1016 -0.0639 3.0895, 4.0909 0.0857 3.1402, 4.0805 0.2398 3.165, 4.0707 0.3932 3.1644, 4.0603 0.5472 3.1382, 4.0496 0.6965 3.0862, 4.0389 0.8347 3.0102, 4.1067 1.2334 2.7155, 4.1313 1.2307 2.7141, 4.1525 1.2235 2.7102, 4.1728 1.2109 2.7035, 4.1879 1.1956 2.6954, 4.1986 1.1776 2.6858, 4.2046 1.1557 2.6741, 4.2046 1.1374 2.6643, 4.1992 1.1168 2.6533, 4.1886 1.0984 2.6435, 4.1739 1.0831 2.6354, 4.1574 1.0721 2.6295, 4.1379 1.0642 2.6253, 4.1175 1.0603 2.6232, 4.0959 1.0603 2.6232, 4.0738 1.0647 2.6256, 4.0534 1.0736 2.6303, 4.0344 1.0877 2.6378, 4.0208 1.1042 2.6466, 4.012 1.123 2.6566, 4.0083 1.1449 2.6684, 4.0959 1.3025 2.5548, 4.1205 1.2996 2.5538, 4.1417 1.2918 2.5512, 4.162 1.2783 2.5467, 4.1772 1.2619 2.5412, 4.1879 1.2425 2.5348, 4.1938 1.219 2.5269, 4.1938 1.1993 2.5203, 4.1884 1.1771 2.5129, 4.1778 1.1574 2.5063, 4.1631 1.1409 2.5009, 4.1466 1.1291 2.4969, 4.1271 1.1206 2.4941, 4.1067 1.1164 2.4927, 4.0851 1.1164 2.4927, 4.063 1.1212 2.4943, 4.0426 1.1307 2.4974, 4.0236 1.1459 2.5025, 4.0101 1.1636 2.5084, 4.0012 1.1838 2.5151, 3.9975 1.2074 2.523, 4.0853 1.3437 2.3857, 4.1099 1.3406 2.3853, 4.1311 1.3325 2.384, 4.1514 1.3185 2.3818, 4.1666 1.3013 2.3791, 4.1773 1.2812 2.376, 4.1832 1.2567 2.3721, 4.1832 1.2361 2.3689, 4.1778 1.2131 2.3653, 4.1672 1.1925 2.3621, 4.1525 1.1754 2.3594, 4.136 1.1631 2.3575, 4.1165 1.1542 2.3561, 4.0961 1.1498 2.3554, 4.0745 1.1498 2.3554, 4.0524 1.1548 2.3562, 4.032 1.1647 2.3577, 4.013 1.1805 2.3602, 3.9995 1.1989 2.3631, 3.9906 1.22 2.3664, 3.9869 1.2446 2.3702, 4.0754 1.3562 2.2156, 4.1 1.353 2.2156, 4.1211 1.3449 2.2157, 4.1415 1.3307 2.2158, 4.1566 1.3133 2.216, 4.1673 1.2929 2.2161, 4.1732 1.2681 2.2163, 4.1732 1.2474 2.2165, 4.1678 1.224 2.2167, 4.1572 1.2031 2.2169, 4.1426 1.1858 2.217, 4.1261 1.1734 2.2171, 4.1065 1.1644 2.2172, 4.0862 1.1599 2.2173, 4.0646 1.1599 2.2173, 4.0425 1.165 2.2172, 4.022 1.175 2.2171, 4.003 1.191 2.217, 3.9895 1.2097 2.2168, 3.9806 1.231 2.2167, 3.977 1.2559 2.2164, 4.0653 1.3407 2.0453, 4.0899 1.3376 2.0458, 4.1111 1.3296 2.0472, 4.1314 1.3156 2.0496, 4.1465 1.2985 2.0526, 4.1572 1.2784 2.0561, 4.1632 1.254 2.0604, 4.1632 1.2335 2.0639, 4.1578 1.2105 2.068, 4.1472 1.1899 2.0715, 4.1325 1.1729 2.0745, 4.116 1.1606 2.0766, 4.0964 1.1518 2.0782, 4.0761 1.1474 2.0789, 4.0545 1.1474 2.0789, 4.0324 1.1524 2.0781, 4.0119 1.1623 2.0764, 3.9929 1.178 2.0736, 3.9794 1.1964 2.0704, 3.9706 1.2174 2.0668, 3.9669 1.2419 2.0625, 4.0547 1.2966 1.8768, 4.0793 1.2937 1.8778, 4.1004 1.286 1.8805, 4.1208 1.2726 1.8853, 4.1359 1.2562 1.891, 4.1466 1.2369 1.8978, 4.1525 1.2136 1.9061, 4.1525 1.194 1.913, 4.1471 1.172 1.9208, 4.1366 1.1523 1.9277, 4.1219 1.136 1.9335, 4.1054 1.1242 1.9376, 4.0858 1.1158 1.9406, 4.0655 1.1116 1.9421, 4.0439 1.1116 1.9421, 4.0218 1.1163 1.9404, 4.0013 1.1258 1.9371, 3.9823 1.1409 1.9318, 3.9688 1.1585 1.9256, 3.96 1.1786 1.9185, 3.9563 1.2021 1.9102, 4.0439 1.2247 1.7173, 4.0685 1.222 1.7188, 4.0897 1.2148 1.7227, 4.11 1.2024 1.7296, 4.1251 1.1873 1.7381, 4.1358 1.1694 1.748, 4.1418 1.1478 1.76, 4.1418 1.1296 1.7701, 4.1363 1.1092 1.7815, 4.1258 1.0909 1.7916, 4.1111 1.0758 1.8, 4.0946 1.0649 1.8061, 4.075 1.0571 1.8105, 4.0547 1.0532 1.8126, 4.0331 1.0532 1.8126, 4.011 1.0576 1.8102, 3.9905 1.0664 1.8053, 3.9715 1.0804 1.7975, 3.958 1.0966 1.7884, 3.9492 1.1153 1.7781, 3.9455 1.1371 1.766, 3.9149 0.8209 1.4297, 3.9042 0.6813 1.3561, 3.8935 0.5313 1.3067, 3.8832 0.3771 1.2832, 3.8733 0.2237 1.2852, 3.8629 0.0698 1.3127, 3.8522 -0.079 1.3661, 3.8415 -0.2165 1.4432, 3.9093 -0.6127 1.7414, 3.9339 -0.6099 1.7428, 3.9551 -0.6027 1.7466, 3.9754 -0.5901 1.7532, 3.9905 -0.5747 1.7612, 4.0012 -0.5566 1.7706, 4.0072 -0.5346 1.7821, 4.0072 -0.5162 1.7917, 4.0018 -0.4955 1.8025, 3.9912 -0.477 1.8122, 3.9765 -0.4617 1.8202, 3.96 -0.4507 1.826, 3.9404 -0.4427 1.8301, 3.9201 -0.4387 1.8322, 3.8985 -0.4387 1.8322, 3.8764 -0.4432 1.8298, 3.8559 -0.4521 1.8252, 3.8369 -0.4663 1.8178, 3.8234 -0.4828 1.8092, 3.8146 -0.5017 1.7993, 3.8109 -0.5238 1.7878, 3.8985 -0.6804 1.9027, 3.9231 -0.6774 1.9037, 3.9443 -0.6697 1.9062, 3.9646 -0.6561 1.9106, 3.9797 -0.6396 1.9159, 3.9905 -0.6202 1.9222, 3.9964 -0.5966 1.9299, 3.9964 -0.5769 1.9363, 3.991 -0.5546 1.9435, 3.9804 -0.5348 1.9499, 3.9657 -0.5183 1.9552, 3.9492 -0.5065 1.9591, 3.9297 -0.4979 1.9618, 3.9093 -0.4937 1.9632, 3.8877 -0.4937 1.9632, 3.8656 -0.4985 1.9616, 3.8452 -0.5081 1.9586, 3.8262 -0.5233 1.9536, 3.8126 -0.541 1.9479, 3.8038 -0.5613 1.9413, 3.8001 -0.585 1.9336, 3.888 -0.72 2.072, 3.9125 -0.7169 2.0724, 3.9337 -0.7088 2.0736, 3.9541 -0.6948 2.0757, 3.9692 -0.6776 2.0782, 3.9799 -0.6574 2.0812, 3.9858 -0.6329 2.0848, 3.9858 -0.6124 2.0879, 3.9804 -0.5892 2.0913, 3.9698 -0.5686 2.0943, 3.9551 -0.5515 2.0969, 3.9386 -0.5392 2.0987, 3.9191 -0.5303 2.1, 3.8987 -0.5259 2.1007, 3.8772 -0.5259 2.1007, 3.855 -0.5309 2.0999, 3.8346 -0.5408 2.0984, 3.8156 -0.5566 2.0961, 3.8021 -0.5751 2.0934, 3.7932 -0.5962 2.0903, 3.7895 -0.6208 2.0866, 3.878 -0.7311 2.242, 3.9026 -0.7279 2.242, 3.9238 -0.7198 2.2418, 3.9441 -0.7056 2.2416, 3.9592 -0.6882 2.2413, 3.9699 -0.6678 2.241, 3.9759 -0.643 2.2406, 3.9759 -0.6223 2.2402, 3.9705 -0.5989 2.2398, 3.9599 -0.578 2.2395, 3.9452 -0.5607 2.2392, 3.9287 -0.5483 2.239, 3.9092 -0.5393 2.2388, 3.8888 -0.5348 2.2387, 3.8672 -0.5348 2.2387, 3.8451 -0.5399 2.2388, 3.8246 -0.5499 2.239, 3.8056 -0.5659 2.2392, 3.7921 -0.5846 2.2396, 3.7833 -0.6059 2.2399, 3.7796 -0.6308 2.2403, 3.8679 -0.7141 2.4125, 3.8925 -0.7111 2.4119, 3.9137 -0.703 2.4104, 3.934 -0.689 2.4079, 3.9491 -0.672 2.4047, 3.9598 -0.6519 2.4011, 3.9658 -0.6275 2.3966, 3.9658 -0.6071 2.3929, 3.9604 -0.5841 2.3886, 3.9498 -0.5636 2.3849, 3.9351 -0.5466 2.3818, 3.9186 -0.5343 2.3795, 3.8991 -0.5255 2.3779, 3.8787 -0.5211 2.3771, 3.8571 -0.5211 2.3771, 3.835 -0.5261 2.378, 3.8146 -0.536 2.3798, 3.7956 -0.5517 2.3827, 3.782 -0.57 2.3861, 3.7732 -0.591 2.3899, 3.7695 -0.6155 2.3944, 3.8573 -0.6685 2.5807, 3.8819 -0.6656 2.5796, 3.903 -0.6579 2.5768, 3.9234 -0.6445 2.572, 3.9385 -0.6283 2.566, 3.9492 -0.6091 2.5591, 3.9551 -0.5858 2.5506, 3.9551 -0.5662 2.5435, 3.9497 -0.5443 2.5355, 3.9391 -0.5247 2.5284, 3.9244 -0.5084 2.5225, 3.908 -0.4967 2.5183, 3.8884 -0.4882 2.5152, 3.8681 -0.484 2.5137, 3.8465 -0.484 2.5137, 3.8244 -0.4888 2.5154, 3.8039 -0.4983 2.5188, 3.7849 -0.5133 2.5243, 3.7714 -0.5308 2.5307, 3.7625 -0.5509 2.5379, 3.7588 -0.5743 2.5464, 3.8465 -0.5952 2.7395, 3.8711 -0.5925 2.738, 3.8923 -0.5854 2.7339, 3.9126 -0.5731 2.7269, 3.9277 -0.558 2.7184, 3.9384 -0.5402 2.7083, 3.9444 -0.5187 2.6961, 3.9444 -0.5006 2.6858, 3.9389 -0.4803 2.6743, 3.9284 -0.4621 2.664, 3.9137 -0.4471 2.6554, 3.8972 -0.4363 2.6493, 3.8776 -0.4284 2.6449, 3.8573 -0.4245 2.6427, 3.8357 -0.4245 2.6427, 3.8136 -0.429 2.6452, 3.7931 -0.4377 2.6501, 3.7741 -0.4516 2.658, 3.7606 -0.4678 2.6672, 3.7518 -0.4864 2.6777, 3.7481 -0.508 2.69, 3.7175 -0.189 3.0235, 3.7068 -0.0487 3.096, 3.6961 0.1017 3.144, 3.6858 0.2559 3.1661, 3.676 0.4093 3.1629, 3.6655 0.5631 3.1339, 3.6547 0.7115 3.0793, 3.6441 0.8482 3.001, 3.7119 1.2419 2.6994, 3.7365 1.2391 2.6979, 3.7577 1.2318 2.6942, 3.778 1.2192 2.6877, 3.7931 1.2037 2.6799, 3.8038 1.1855 2.6706, 3.8098 1.1635 2.6593, 3.8098 1.145 2.6498, 3.8043 1.1242 2.6392, 3.7938 1.1056 2.6297, 3.7791 1.0902 2.6218, 3.7626 1.0791 2.6162, 3.743 1.0711 2.6121, 3.7227 1.0671 2.61, 3.7011 1.0671 2.61, 3.679 1.0716 2.6124, 3.6585 1.0806 2.6169, 3.6395 1.0948 2.6242, 3.626 1.1114 2.6327, 3.6172 1.1304 2.6424, 3.6135 1.1526 2.6537, 3.7011 1.3082 2.5374, 3.7257 1.3052 2.5365, 3.7469 1.2974 2.534, 3.7672 1.2838 2.5297, 3.7823 1.2673 2.5246, 3.793 1.2478 2.5184, 3.799 1.2242 2.511, 3.799 1.2044 2.5048, 3.7936 1.1821 2.4978, 3.783 1.1622 2.4915, 3.7683 1.1457 2.4863, 3.7518 1.1338 2.4826, 3.7323 1.1252 2.4799, 3.7119 1.1209 2.4785, 3.6903 1.1209 2.4785, 3.6682 1.1258 2.4801, 3.6478 1.1354 2.4831, 3.6288 1.1506 2.4879, 3.6152 1.1684 2.4935, 3.6064 1.1887 2.4999, 3.6027 1.2125 2.5073, 3.6906 1.3463 2.3679, 3.7152 1.3432 2.3675, 3.7363 1.3351 2.3664, 3.7567 1.321 2.3644, 3.7718 1.3039 2.362, 3.7825 1.2836 2.3592, 3.7884 1.2591 2.3558, 3.7884 1.2385 2.353, 3.783 1.2154 2.3497, 3.7724 1.1947 2.3469, 3.7578 1.1776 2.3445, 3.7413 1.1652 2.3428, 3.7217 1.1563 2.3415, 3.7014 1.1519 2.3409, 3.6798 1.1519 2.3409, 3.6577 1.1569 2.3416, 3.6372 1.1669 2.343, 3.6182 1.1827 2.3452, 3.6047 1.2012 2.3478, 3.5958 1.2223 2.3507, 3.5922 1.247 2.3541, 3.6806 1.3559 2.1979, 3.7052 1.3527 2.198, 3.7264 1.3446 2.1982, 3.7468 1.3304 2.1986, 3.7619 1.313 2.199, 3.7726 1.2926 2.1996, 3.7785 1.2679 2.2002, 3.7785 1.2471 2.2007, 3.7731 1.2237 2.2013, 3.7625 1.2029 2.2018, 3.7478 1.1856 2.2023, 3.7313 1.1731 2.2026, 3.7118 1.1641 2.2028, 3.6914 1.1597 2.2029, 3.6699 1.1597 2.2029, 3.6477 1.1647 2.2028, 3.6273 1.1748 2.2025, 3.6083 1.1908 2.2021, 3.5948 1.2094 2.2017, 3.5859 1.2307 2.2011, 3.5822 1.2556 2.2005, 3.6705 1.3375 2.0275, 3.6951 1.3344 2.0281, 3.7163 1.3264 2.0296, 3.7366 1.3124 2.0323, 3.7517 1.2954 2.0355, 3.7624 1.2753 2.0394, 3.7684 1.251 2.0441, 3.7684 1.2306 2.048, 3.763 1.2076 2.0524, 3.7524 1.1872 2.0563, 3.7377 1.1702 2.0596, 3.7212 1.1579 2.062, 3.7017 1.1491 2.0637, 3.6813 1.1447 2.0645, 3.6597 1.1447 2.0645, 3.6376 1.1497 2.0635, 3.6172 1.1596 2.0616, 3.5982 1.1753 2.0586, 3.5846 1.1936 2.0551, 3.5758 1.2145 2.0511, 3.5721 1.239 2.0464, 3.6598 1.2904 1.8596, 3.6844 1.2874 1.8607, 3.7056 1.2798 1.8635, 3.7259 1.2665 1.8685, 3.7411 1.2502 1.8745, 3.7518 1.2311 1.8817, 3.7577 1.2079 1.8903, 3.7577 1.1884 1.8976, 3.7523 1.1665 1.9058, 3.7417 1.147 1.9131, 3.727 1.1308 1.9191, 3.7105 1.1191 1.9235, 3.691 1.1107 1.9266, 3.6706 1.1065 1.9282, 3.6491 1.1065 1.9282, 3.6269 1.1112 1.9264, 3.6065 1.1207 1.9229, 3.5875 1.1356 1.9173, 3.574 1.1531 1.9108, 3.5651 1.1731 1.9033, 3.5614 1.1964 1.8946, 3.6491 1.2157 1.7014, 3.6737 1.213 1.703, 3.6948 1.2059 1.7071, 3.7152 1.1936 1.7142, 3.7303 1.1786 1.7229, 3.741 1.161 1.7331, 3.747 1.1395 1.7455, 3.747 1.1215 1.7559, 3.7415 1.1013 1.7676, 3.731 1.0833 1.7781, 3.7163 1.0683 1.7868, 3.6998 1.0575 1.793, 3.6802 1.0497 1.7975, 3.6599 1.0459 1.7997, 3.6383 1.0459 1.7997, 3.6162 1.0503 1.7972, 3.5957 1.059 1.7922, 3.5767 1.0728 1.7842, 3.5632 1.0889 1.7748, 3.5544 1.1074 1.7641, 3.5507 1.1289 1.7517, 3.5201 0.807 1.421, 3.5094 0.666 1.3497, 3.4987 0.5153 1.303, 3.4884 0.3611 1.2822, 3.4786 0.2076 1.2868, 3.4681 0.0539 1.3171, 3.4573 -0.094 1.373, 3.4467 -0.2299 1.4525, 3.4161 -0.5313 1.8025, 3.4053 -0.5899 1.9494, 3.3948 -0.6231 2.1028, 3.3849 -0.6304 2.2563, 3.3747 -0.6124 2.4105, 3.364 -0.5685 2.5619, 3.3533 -0.4998 2.7043, 3.3227 -0.175 3.0321, 3.312 -0.0334 3.1022, 3.3013 0.1178 3.1475, 3.2911 0.2719 3.167, 3.2812 0.4254 3.1611, 3.2707 0.579 3.1294, 3.2599 0.7264 3.0722, 3.2493 0.8616 2.9916, 3.2187 1.16 2.6389, 3.2079 1.2173 2.4915, 3.1974 1.2491 2.338, 3.1875 1.2551 2.1845, 3.1773 1.2357 2.0303, 3.1666 1.1905 1.8792, 3.1559 1.1206 1.7375, 3.1704 0.7518 1.4821, 3.1514 0.7599 1.4683, 3.1378 0.7694 1.4523, 3.129 0.7803 1.4339, 3.1253 0.7929 1.4125, 3.213 0.6866 1.2501, 3.2376 0.6855 1.253, 3.2587 0.6825 1.2606, 3.2791 0.6775 1.2739, 3.2942 0.6712 1.29, 3.3049 0.6639 1.3091, 3.3108 0.655 1.3322, 3.3108 0.6476 1.3516, 3.3054 0.6392 1.3735, 3.2948 0.6317 1.3929, 3.2802 0.6255 1.4091, 3.2637 0.6211 1.4207, 3.2441 0.6178 1.4291, 3.2238 0.6162 1.4333, 3.2022 0.6162 1.4333, 3.1801 0.6181 1.4285, 3.1596 0.6217 1.4192, 3.1406 0.6274 1.4042, 3.1271 0.6341 1.3868, 3.1182 0.6417 1.3669, 3.1146 0.6507 1.3437, 3.2023 0.5191 1.2014, 3.2269 0.5184 1.2044, 3.248 0.5168 1.2124, 3.2684 0.514 1.2263, 3.2835 0.5106 1.2433, 3.2942 0.5065 1.2634, 3.3002 0.5016 1.2876, 3.3002 0.4975 1.308, 3.2947 0.4929 1.3309, 3.2842 0.4888 1.3514, 3.2695 0.4853 1.3683, 3.253 0.4829 1.3805, 3.2334 0.4811 1.3893, 3.2131 0.4802 1.3937, 3.1915 0.4802 1.3937, 3.1694 0.4812 1.3888, 3.1489 0.4832 1.3789, 3.1299 0.4864 1.3632, 3.1164 0.4901 1.345, 3.1076 0.4943 1.3241, 3.1039 0.4992 1.2996, 3.1921 0.3485 1.1813, 3.2167 0.3484 1.1844, 3.2379 0.3481 1.1926, 3.2582 0.3476 1.2068, 3.2733 0.3471 1.2241, 3.284 0.3463 1.2446, 3.29 0.3455 1.2693, 3.29 0.3448 1.2901, 3.2846 0.344 1.3134, 3.274 0.3432 1.3343, 3.2593 0.3426 1.3516, 3.2428 0.3422 1.364, 3.2232 0.3419 1.373, 3.2029 0.3418 1.3775, 3.1813 0.3418 1.3775, 3.1592 0.3419 1.3724, 3.1387 0.3423 1.3624, 3.1197 0.3428 1.3464, 3.1062 0.3435 1.3278, 3.0974 0.3442 1.3064, 3.0937 0.3451 1.2815, 3.1822 0.1786 1.1893, 3.2068 0.179 1.1924, 3.228 0.1801 1.2005, 3.2483 0.1819 1.2146, 3.2634 0.1841 1.2318, 3.2741 0.1868 1.2521, 3.2801 0.1899 1.2766, 3.2801 0.1926 1.2972, 3.2747 0.1956 1.3204, 3.2641 0.1983 1.3411, 3.2494 0.2005 1.3583, 3.2329 0.2021 1.3706, 3.2134 0.2032 1.3795, 3.193 0.2038 1.384, 3.1714 0.2038 1.384, 3.1493 0.2032 1.3789, 3.1289 0.2019 1.369, 3.1099 0.1998 1.3531, 3.0963 0.1974 1.3346, 3.0875 0.1947 1.3135, 3.0838 0.1915 1.2888, 3.1717 0.0089 1.2258, 3.1963 0.0099 1.2288, 3.2175 0.0122 1.2366, 3.2378 0.0164 1.2502, 3.2529 0.0214 1.2668, 3.2636 0.0273 1.2864, 3.2696 0.0345 1.3101, 3.2696 0.0406 1.3299, 3.2641 0.0474 1.3523, 3.2536 0.0535 1.3722, 3.2389 0.0585 1.3888, 3.2224 0.0621 1.4007, 3.2028 0.0647 1.4093, 3.1825 0.066 1.4136, 3.1609 0.066 1.4136, 3.1388 0.0646 1.4087, 3.1183 0.0616 1.3991, 3.0993 0.057 1.3838, 3.0858 0.0516 1.366, 3.077 0.0454 1.3456, 3.0733 0.0381 1.3218, 3.1609 -0.1536 1.2906, 3.1855 -0.1522 1.2934, 3.2067 -0.1486 1.3007, 3.227 -0.1422 1.3134, 3.2421 -0.1345 1.3289, 3.2528 -0.1254 1.3472, 3.2588 -0.1143 1.3693, 3.2588 -0.105 1.3879, 3.2534 -0.0946 1.4089, 3.2428 -0.0853 1.4275, 3.2281 -0.0775 1.443, 3.2116 -0.072 1.4541, 3.1921 -0.068 1.4622, 3.1717 -0.066 1.4662, 3.1501 -0.066 1.4662, 3.128 -0.0682 1.4616, 3.1076 -0.0727 1.4526, 3.0886 -0.0799 1.4383, 3.075 -0.0882 1.4217, 3.0662 -0.0977 1.4026, 3.0625 -0.1088 1.3803, 3.0319 -0.459 1.6814, 3.0212 -0.5386 1.8173, 3.0105 -0.5946 1.9652, 3.0 -0.625 2.1189, 2.9902 -0.6297 2.2723, 2.9799 -0.609 2.4265, 2.9692 -0.5624 2.5773, 2.9585 -0.4913 2.7184, 3.0263 -0.2111 3.1272, 3.0509 -0.2096 3.1245, 3.0721 -0.2055 3.1175, 3.0924 -0.1984 3.1052, 3.1075 -0.1897 3.0902, 3.1182 -0.1794 3.0725, 3.1242 -0.167 3.0511, 3.1242 -0.1566 3.0331, 3.1188 -0.1448 3.0129, 3.1082 -0.1344 2.9949, 3.0935 -0.1257 2.9799, 3.077 -0.1194 2.9691, 3.0575 -0.1149 2.9613, 3.0371 -0.1127 2.9575, 3.0155 -0.1127 2.9575, 2.9934 -0.1152 2.9619, 2.973 -0.1203 2.9706, 2.954 -0.1283 2.9844, 2.9404 -0.1376 3.0005, 2.9316 -0.1483 3.019, 2.9279 -0.1608 3.0405, 3.0156 -0.053 3.202, 3.0401 -0.0519 3.1991, 3.0613 -0.0491 3.1914, 3.0817 -0.0441 3.1781, 3.0968 -0.038 3.1619, 3.1075 -0.0309 3.1427, 3.1134 -0.0222 3.1195, 3.1134 -0.0149 3.1001, 3.108 -0.0067 3.0782, 3.0974 0.0006 3.0587, 3.0827 0.0066 3.0424, 3.0662 0.011 3.0308, 3.0467 0.0141 3.0224, 3.0263 0.0157 3.0182, 3.0048 0.0157 3.0182, 2.9826 0.0139 3.0229, 2.9622 0.0104 3.0323, 2.9432 0.0048 3.0473, 2.9297 -0.0017 3.0648, 2.9208 -0.0092 3.0847, 2.9171 -0.0179 3.1081, 3.0049 0.1148 3.2492, 3.0295 0.1154 3.2462, 3.0506 0.117 3.2381, 3.071 0.1197 3.2242, 3.0861 0.1229 3.2072, 3.0968 0.1268 3.1871, 3.1028 0.1315 3.1628, 3.1028 0.1354 3.1424, 3.0973 0.1399 3.1194, 3.0868 0.1438 3.099, 3.0721 0.1471 3.082, 3.0556 0.1495 3.0697, 3.036 0.1512 3.0609, 3.0157 0.152 3.0565, 2.9941 0.152 3.0565, 2.972 0.151 3.0615, 2.9515 0.1491 3.0714, 2.9325 0.1461 3.0871, 2.919 0.1426 3.1054, 2.9102 0.1385 3.1263, 2.9065 0.1338 3.1508, 2.9947 0.2853 3.2678, 3.0193 0.2854 3.2646, 3.0405 0.2856 3.2565, 3.0608 0.286 3.2423, 3.076 0.2864 3.2249, 3.0867 0.287 3.2045, 3.0926 0.2876 3.1798, 3.0926 0.2882 3.159, 3.0872 0.2888 3.1356, 3.0766 0.2893 3.1148, 3.0619 0.2898 3.0975, 3.0454 0.2901 3.085, 3.0259 0.2903 3.076, 3.0055 0.2904 3.0716, 2.9839 0.2904 3.0716, 2.9618 0.2903 3.0766, 2.9414 0.29 3.0867, 2.9224 0.2896 3.1027, 2.9089 0.2891 3.1213, 2.9 0.2886 3.1426, 2.8963 0.2879 3.1675, 2.9848 0.4553 3.2583, 3.0094 0.4549 3.2552, 3.0306 0.4537 3.2471, 3.0509 0.4518 3.233, 3.066 0.4494 3.2159, 3.0768 0.4466 3.1956, 3.0827 0.4432 3.1711, 3.0827 0.4404 3.1505, 3.0773 0.4372 3.1273, 3.0667 0.4343 3.1067, 3.052 0.432 3.0896, 3.0355 0.4303 3.0772, 3.016 0.429 3.0683, 2.9956 0.4284 3.0639, 2.974 0.4284 3.0639, 2.9519 0.4291 3.0689, 2.9315 0.4305 3.0789, 2.9125 0.4327 3.0947, 2.8989 0.4352 3.1132, 2.8901 0.4382 3.1343, 2.8864 0.4416 3.159, 2.9743 0.6248 3.2203, 2.9989 0.6238 3.2173, 3.02 0.6214 3.2095, 3.0404 0.6171 3.196, 3.0555 0.612 3.1794, 3.0662 0.6058 3.1599, 3.0722 0.5984 3.1363, 3.0722 0.5922 3.1165, 3.0667 0.5852 3.0942, 3.0562 0.579 3.0743, 3.0415 0.5738 3.0578, 3.025 0.5701 3.0459, 3.0054 0.5674 3.0373, 2.9851 0.5661 3.033, 2.9635 0.5661 3.033, 2.9414 0.5676 3.0379, 2.9209 0.5706 3.0475, 2.9019 0.5754 3.0627, 2.8884 0.5809 3.0805, 2.8796 0.5873 3.1008, 2.8759 0.5948 3.1246, 2.9635 0.7868 3.1541, 2.9881 0.7854 3.1513, 3.0093 0.7817 3.1441, 3.0296 0.7752 3.1314, 3.0447 0.7673 3.116, 3.0554 0.758 3.0978, 3.0614 0.7468 3.0757, 3.0614 0.7373 3.0572, 3.056 0.7267 3.0364, 3.0454 0.7172 3.0178, 3.0307 0.7094 3.0024, 3.0142 0.7037 2.9913, 2.9946 0.6996 2.9833, 2.9743 0.6976 2.9793, 2.9527 0.6976 2.9793, 2.9306 0.6999 2.9838, 2.9101 0.7045 2.9928, 2.8911 0.7117 3.007, 2.8776 0.7202 3.0236, 2.8688 0.7299 3.0426, 2.8651 0.7412 3.0648, 2.8345 1.0887 2.7607, 2.8238 1.1671 2.624, 2.8131 1.2218 2.4757, 2.8026 1.2509 2.3219, 2.7928 1.2543 2.1684, 2.7825 1.2322 2.0143, 2.7718 1.1843 1.8638, 2.7611 1.112 1.7235, 2.8289 0.8282 1.317, 2.8535 0.8267 1.3198, 2.8747 0.8227 1.3269, 2.895 0.8156 1.3392, 2.9101 0.8071 1.3543, 2.9208 0.797 1.372, 2.9268 0.7847 1.3936, 2.9268 0.7745 1.4116, 2.9214 0.7629 1.432, 2.9108 0.7526 1.4501, 2.8961 0.7441 1.4651, 2.8796 0.7379 1.476, 2.8601 0.7335 1.4838, 2.8397 0.7313 1.4877, 2.8181 0.7313 1.4877, 2.796 0.7338 1.4833, 2.7755 0.7387 1.4745, 2.7565 0.7466 1.4606, 2.743 0.7558 1.4444, 2.7342 0.7664 1.4259, 2.7305 0.7787 1.4042, 2.8181 0.6695 1.2436, 2.8427 0.6684 1.2466, 2.8639 0.6656 1.2543, 2.8842 0.6607 1.2676, 2.8994 0.6548 1.2839, 2.9101 0.6478 1.3031, 2.916 0.6394 1.3264, 2.916 0.6322 1.3459, 2.9106 0.6242 1.3679, 2.9 0.6171 1.3875, 2.8853 0.6112 1.4037, 2.8688 0.6069 1.4154, 2.8493 0.6039 1.4239, 2.8289 0.6023 1.4281, 2.8073 0.6023 1.4281, 2.7852 0.6041 1.4233, 2.7648 0.6075 1.4139, 2.7458 0.613 1.3988, 2.7323 0.6194 1.3813, 2.7234 0.6266 1.3613, 2.7197 0.6352 1.3379, 2.8075 0.5013 1.1979, 2.8321 0.5007 1.201, 2.8533 0.4992 1.209, 2.8736 0.4967 1.223, 2.8887 0.4935 1.24, 2.8994 0.4898 1.2601, 2.9054 0.4854 1.2845, 2.9054 0.4816 1.3049, 2.8999 0.4774 1.3279, 2.8894 0.4736 1.3484, 2.8747 0.4705 1.3655, 2.8582 0.4682 1.3777, 2.8386 0.4666 1.3866, 2.8183 0.4658 1.3909, 2.7967 0.4658 1.3909, 2.7746 0.4667 1.386, 2.7541 0.4685 1.3761, 2.7351 0.4714 1.3603, 2.7216 0.4748 1.342, 2.7128 0.4786 1.321, 2.7091 0.4831 1.2965, 2.7974 0.3308 1.1809, 2.822 0.3308 1.184, 2.8431 0.3306 1.1922, 2.8635 0.3304 1.2064, 2.8786 0.3301 1.2237, 2.8893 0.3297 1.2441, 2.8953 0.3293 1.2689, 2.8953 0.3289 1.2897, 2.8898 0.3285 1.313, 2.8793 0.3282 1.3339, 2.8646 0.3279 1.3512, 2.8481 0.3276 1.3636, 2.8285 0.3275 1.3726, 2.8082 0.3274 1.3771, 2.7866 0.3274 1.3771, 2.7645 0.3275 1.372, 2.744 0.3277 1.362, 2.725 0.3279 1.346, 2.7115 0.3283 1.3274, 2.7027 0.3286 1.306, 2.699 0.3291 1.2811, 2.7874 0.1608 1.1918, 2.812 0.1613 1.1949, 2.8332 0.1624 1.203, 2.8535 0.1645 1.217, 2.8687 0.167 1.2342, 2.8794 0.17 1.2544, 2.8853 0.1736 1.2789, 2.8853 0.1766 1.2995, 2.8799 0.18 1.3226, 2.8693 0.1831 1.3432, 2.8546 0.1856 1.3603, 2.8381 0.1874 1.3726, 2.8186 0.1887 1.3815, 2.7982 0.1893 1.386, 2.7766 0.1893 1.386, 2.7545 0.1886 1.3809, 2.7341 0.1871 1.371, 2.7151 0.1848 1.3552, 2.7016 0.1821 1.3367, 2.6927 0.179 1.3156, 2.689 0.1754 1.291, 2.7769 -0.0085 1.2313, 2.8015 -0.0075 1.2343, 2.8226 -0.005 1.242, 2.843 -0.0006 1.2556, 2.8581 0.0047 1.272, 2.8688 0.011 1.2915, 2.8747 0.0186 1.3151, 2.8747 0.025 1.3348, 2.8693 0.0322 1.3571, 2.8588 0.0386 1.3769, 2.8441 0.0439 1.3934, 2.8276 0.0477 1.4052, 2.808 0.0505 1.4138, 2.7877 0.0519 1.418, 2.7661 0.0519 1.418, 2.744 0.0503 1.4132, 2.7235 0.0472 1.4036, 2.7045 0.0423 1.3884, 2.691 0.0366 1.3707, 2.6822 0.03 1.3504, 2.6785 0.0224 1.3267, 2.7661 -0.1699 1.2989, 2.7907 -0.1685 1.3016, 2.8119 -0.1647 1.3089, 2.8322 -0.1581 1.3215, 2.8473 -0.1501 1.3369, 2.858 -0.1407 1.355, 2.864 -0.1292 1.3769, 2.864 -0.1196 1.3954, 2.8585 -0.1088 1.4161, 2.848 -0.0992 1.4346, 2.8333 -0.0912 1.4499, 2.8168 -0.0854 1.461, 2.7972 -0.0813 1.469, 2.7769 -0.0792 1.4729, 2.7553 -0.0792 1.4729, 2.7332 -0.0815 1.4684, 2.7127 -0.0862 1.4595, 2.6937 -0.0936 1.4453, 2.6802 -0.1022 1.4288, 2.6714 -0.112 1.4099, 2.6677 -0.1236 1.3878, 2.6371 -0.4683 1.6949, 2.6264 -0.5456 1.8323, 2.6157 -0.599 1.9811, 2.6052 -0.6267 2.135, 2.5954 -0.6288 2.2884, 2.5851 -0.6054 2.4425, 2.5744 -0.5561 2.5926, 2.5637 -0.4826 2.7323, 2.6315 -0.1953 3.1362, 2.6561 -0.1938 3.1335, 2.6773 -0.1898 3.1264, 2.6976 -0.1829 3.114, 2.7127 -0.1745 3.0988, 2.7234 -0.1645 3.081, 2.7294 -0.1525 3.0593, 2.7294 -0.1424 3.0412, 2.7239 -0.131 3.0208, 2.7134 -0.1208 3.0025, 2.6987 -0.1124 2.9874, 2.6822 -0.1064 2.9766, 2.6626 -0.102 2.9687, 2.6423 -0.0998 2.9648, 2.6207 -0.0998 2.9648, 2.5986 -0.1023 2.9692, 2.5781 -0.1072 2.978, 2.5591 -0.115 2.992, 2.5456 -0.124 3.0082, 2.5368 -0.1344 3.0269, 2.5331 -0.1465 3.0486, 2.6207 -0.0359 3.2083, 2.6453 -0.0348 3.2053, 2.6665 -0.0321 3.1976, 2.6868 -0.0273 3.1842, 2.7019 -0.0216 3.1679, 2.7127 -0.0147 3.1486, 2.7186 -0.0065 3.1253, 2.7186 0.0005 3.1057, 2.7132 0.0083 3.0836, 2.7026 0.0152 3.064, 2.6879 0.021 3.0477, 2.6714 0.0252 3.036, 2.6519 0.0282 3.0275, 2.6315 0.0296 3.0233, 2.6099 0.0296 3.0233, 2.5878 0.028 3.028, 2.5674 0.0246 3.0375, 2.5484 0.0193 3.0526, 2.5348 0.013 3.0702, 2.526 0.0059 3.0903, 2.5223 -0.0024 3.1137, 2.6101 0.1326 3.2525, 2.6347 0.1332 3.2494, 2.6559 0.1346 3.2414, 2.6762 0.137 3.2274, 2.6913 0.14 3.2103, 2.702 0.1435 3.1902, 2.708 0.1478 3.1658, 2.708 0.1514 3.1453, 2.7025 0.1554 3.1223, 2.692 0.159 3.1017, 2.6773 0.162 3.0847, 2.6608 0.1641 3.0724, 2.6412 0.1657 3.0636, 2.6209 0.1665 3.0592, 2.5993 0.1665 3.0592, 2.5772 0.1656 3.0642, 2.5567 0.1638 3.0741, 2.5377 0.1611 3.0898, 2.5242 0.1579 3.1082, 2.5154 0.1542 3.1292, 2.5117 0.1499 3.1537, 2.6 0.303 3.2681, 2.6246 0.303 3.2649, 2.6458 0.3031 3.2568, 2.6661 0.3032 3.2426, 2.6813 0.3034 3.2252, 2.692 0.3036 3.2048, 2.6979 0.3038 3.18, 2.6979 0.304 3.1593, 2.6925 0.3042 3.1359, 2.6819 0.3044 3.115, 2.6672 0.3045 3.0977, 2.6507 0.3046 3.0853, 2.6312 0.3047 3.0763, 2.6108 0.3048 3.0718, 2.5892 0.3048 3.0718, 2.5671 0.3047 3.0769, 2.5467 0.3046 3.0869, 2.5277 0.3045 3.1029, 2.5141 0.3043 3.1216, 2.5053 0.3041 3.1429, 2.5016 0.3039 3.1678, 2.5901 0.4731 3.2557, 2.6146 0.4726 3.2526, 2.6358 0.4714 3.2445, 2.6562 0.4692 3.2305, 2.6713 0.4665 3.2134, 2.682 0.4634 3.1932, 2.6879 0.4596 3.1687, 2.6879 0.4564 3.1482, 2.6825 0.4528 3.1251, 2.6719 0.4496 3.1045, 2.6572 0.4469 3.0874, 2.6407 0.445 3.0751, 2.6212 0.4436 3.0662, 2.6008 0.4429 3.0618, 2.5793 0.4429 3.0618, 2.5571 0.4437 3.0668, 2.5367 0.4452 3.0767, 2.5177 0.4477 3.0925, 2.5042 0.4506 3.1109, 2.4953 0.4538 3.132, 2.4916 0.4577 3.1566, 2.5795 0.6422 3.2147, 2.6041 0.6412 3.2117, 2.6252 0.6386 3.204, 2.6456 0.6341 3.1905, 2.6607 0.6286 3.174, 2.6714 0.6222 3.1547, 2.6773 0.6144 3.1312, 2.6773 0.6078 3.1114, 2.6719 0.6004 3.0893, 2.6613 0.5938 3.0695, 2.6467 0.5884 3.0531, 2.6302 0.5844 3.0412, 2.6106 0.5816 3.0327, 2.5903 0.5802 3.0285, 2.5687 0.5802 3.0285, 2.5466 0.5818 3.0333, 2.5261 0.5849 3.0428, 2.5071 0.59 3.058, 2.4936 0.5959 3.0757, 2.4847 0.6026 3.0959, 2.4811 0.6105 3.1195, 2.5687 0.803 3.1457, 2.5933 0.8015 3.1429, 2.6144 0.7977 3.1357, 2.6348 0.791 3.1232, 2.6499 0.7828 3.1079, 2.6606 0.7732 3.0898, 2.6666 0.7616 3.068, 2.6666 0.7518 3.0496, 2.6611 0.7409 3.029, 2.6506 0.7311 3.0106, 2.6359 0.7229 2.9953, 2.6194 0.7171 2.9843, 2.5998 0.7128 2.9764, 2.5795 0.7107 2.9724, 2.5579 0.7107 2.9724, 2.5358 0.7131 2.9769, 2.5153 0.7179 2.9858, 2.4963 0.7254 2.9999, 2.4828 0.7341 3.0164, 2.474 0.7441 3.0352, 2.4703 0.7559 3.0572, 2.4397 1.0979 2.7471, 2.429 1.174 2.609, 2.4183 1.2261 2.4598, 2.4079 1.2524 2.3058, 2.398 1.2532 2.1524, 2.3877 1.2284 1.9983, 2.377 1.1779 1.8486, 2.3663 1.1031 1.7097, 2.4341 0.8123 1.3082, 2.4587 0.8108 1.3109, 2.4799 0.8069 1.3181, 2.5002 0.8001 1.3306, 2.5153 0.7918 1.3458, 2.526 0.782 1.3637, 2.532 0.7702 1.3854, 2.532 0.7602 1.4037, 2.5265 0.749 1.4242, 2.516 0.739 1.4425, 2.5013 0.7307 1.4577, 2.4848 0.7248 1.4686, 2.4652 0.7205 1.4765, 2.4449 0.7183 1.4805, 2.4233 0.7183 1.4805, 2.4012 0.7208 1.476, 2.3807 0.7256 1.4672, 2.3617 0.7332 1.4531, 2.3482 0.7422 1.4368, 2.3394 0.7524 1.4181, 2.3357 0.7643 1.3962, 2.4233 0.6522 1.2375, 2.4479 0.6512 1.2405, 2.4691 0.6486 1.2482, 2.4894 0.6439 1.2617, 2.5045 0.6383 1.278, 2.5152 0.6316 1.2974, 2.5212 0.6236 1.3208, 2.5212 0.6168 1.3404, 2.5158 0.6092 1.3625, 2.5052 0.6024 1.3822, 2.4905 0.5968 1.3986, 2.474 0.5927 1.4104, 2.4545 0.5898 1.4189, 2.4341 0.5883 1.4231, 2.4125 0.5883 1.4231, 2.3904 0.59 1.4183, 2.37 0.5933 1.4088, 2.351 0.5985 1.3937, 2.3374 0.6045 1.3761, 2.3286 0.6115 1.3559, 2.3249 0.6196 1.3324, 2.4127 0.4835 1.1948, 2.4373 0.483 1.1979, 2.4585 0.4816 1.2059, 2.4788 0.4793 1.22, 2.4939 0.4765 1.2371, 2.5046 0.4731 1.2572, 2.5106 0.469 1.2816, 2.5106 0.4656 1.3022, 2.5051 0.4618 1.3252, 2.4946 0.4584 1.3458, 2.4799 0.4556 1.3629, 2.4634 0.4535 1.3751, 2.4438 0.4521 1.384, 2.4235 0.4513 1.3884, 2.4019 0.4513 1.3884, 2.3798 0.4521 1.3834, 2.3593 0.4538 1.3735, 2.3403 0.4564 1.3577, 2.3268 0.4595 1.3393, 2.318 0.463 1.3183, 2.3143 0.467 1.2937, 2.4027 0.3132 1.1807, 2.4273 0.3132 1.1838, 2.4484 0.3132 1.192, 2.4688 0.3132 1.2062, 2.4839 0.3132 1.2235, 2.4946 0.3132 1.244, 2.5006 0.3132 1.2687, 2.5006 0.3131 1.2895, 2.4951 0.3131 1.3129, 2.4846 0.3131 1.3337, 2.4699 0.3131 1.3511, 2.4534 0.3131 1.3635, 2.4338 0.3131 1.3725, 2.4135 0.3131 1.377, 2.3919 0.3131 1.377, 2.3698 0.3131 1.3719, 2.3493 0.3131 1.3618, 2.3303 0.3131 1.3459, 2.3168 0.3131 1.3272, 2.308 0.3131 1.3059, 2.3043 0.3131 1.281, 2.3927 0.143 1.1946, 2.4173 0.1435 1.1976, 2.4384 0.1448 1.2057, 2.4588 0.1471 1.2197, 2.4739 0.1499 1.2368, 2.4846 0.1533 1.257, 2.4905 0.1573 1.2814, 2.4905 0.1607 1.3019, 2.4851 0.1645 1.325, 2.4745 0.1678 1.3456, 2.4599 0.1707 1.3626, 2.4434 0.1727 1.3749, 2.4238 0.1741 1.3838, 2.4035 0.1749 1.3882, 2.3819 0.1749 1.3882, 2.3598 0.174 1.3832, 2.3393 0.1724 1.3733, 2.3203 0.1698 1.3575, 2.3068 0.1668 1.3391, 2.2979 0.1633 1.3181, 2.2943 0.1593 1.2935, 2.3821 -0.0258 1.2371, 2.4066 -0.0248 1.24, 2.4278 -0.0222 1.2477, 2.4482 -0.0175 1.2612, 2.4633 -0.0119 1.2776, 2.474 -0.0053 1.2969, 2.4799 0.0027 1.3203, 2.4799 0.0095 1.34, 2.4745 0.017 1.3621, 2.4639 0.0238 1.3818, 2.4492 0.0294 1.3982, 2.4327 0.0334 1.41, 2.4132 0.0364 1.4185, 2.3928 0.0378 1.4227, 2.3713 0.0378 1.4227, 2.3491 0.0362 1.4179, 2.3287 0.0329 1.4084, 2.3097 0.0277 1.3933, 2.2962 0.0217 1.3757, 2.2873 0.0148 1.3555, 2.2836 0.0067 1.3319, 2.3713 -0.186 1.3075, 2.3959 -0.1845 1.3102, 2.417 -0.1806 1.3174, 2.4374 -0.1738 1.3299, 2.4525 -0.1656 1.3451, 2.4632 -0.1558 1.363, 2.4691 -0.144 1.3848, 2.4691 -0.134 1.4031, 2.4637 -0.1229 1.4236, 2.4532 -0.1129 1.4419, 2.4385 -0.1046 1.4571, 2.422 -0.0987 1.468, 2.4024 -0.0944 1.476, 2.3821 -0.0923 1.4799, 2.3605 -0.0923 1.4799, 2.3384 -0.0947 1.4754, 2.3179 -0.0995 1.4666, 2.2989 -0.1071 1.4526, 2.2854 -0.116 1.4362, 2.2766 -0.1262 1.4174, 2.2729 -0.1381 1.3956, 2.2423 -0.4774 1.7085, 2.2316 -0.5523 1.8474, 2.2208 -0.6031 1.997, 2.2105 -0.6281 2.1511, 2.2007 -0.6275 2.3045, 2.1903 -0.6014 2.4585, 2.1795 -0.5495 2.6078, 2.1689 -0.4736 2.746, 2.2367 -0.1793 3.145, 2.2613 -0.1778 3.1422, 2.2824 -0.174 3.135, 2.3028 -0.1673 3.1225, 2.3179 -0.1591 3.1072, 2.3286 -0.1495 3.0892, 2.3346 -0.1378 3.0673, 2.3346 -0.128 3.049, 2.3291 -0.117 3.0284, 2.3186 -0.1072 3.01, 2.3039 -0.099 2.9947, 2.2874 -0.0932 2.9838, 2.2678 -0.0889 2.9758, 2.2475 -0.0868 2.9719, 2.2259 -0.0868 2.9719, 2.2038 -0.0892 2.9764, 2.1833 -0.0939 2.9852, 2.1643 -0.1015 2.9993, 2.1508 -0.1103 3.0158, 2.142 -0.1203 3.0346, 2.1383 -0.132 3.0565, 2.2259 -0.0186 3.2142, 2.2505 -0.0176 3.2112, 2.2717 -0.015 3.2035, 2.292 -0.0105 3.19, 2.3071 -0.005 3.1736, 2.3178 0.0015 3.1542, 2.3238 0.0094 3.1307, 2.3238 0.0159 3.111, 2.3183 0.0234 3.0888, 2.3078 0.03 3.0691, 2.2931 0.0355 3.0527, 2.2766 0.0394 3.0409, 2.257 0.0423 3.0323, 2.2367 0.0437 3.0281, 2.2151 0.0437 3.0281, 2.193 0.0421 3.0329, 2.1725 0.0389 3.0424, 2.1535 0.0338 3.0576, 2.14 0.0279 3.0753, 2.1312 0.0211 3.0955, 2.1275 0.0132 3.1191, 2.2153 0.1504 3.2555, 2.2399 0.1509 3.2524, 2.2611 0.1522 3.2443, 2.2814 0.1544 3.2303, 2.2965 0.1571 3.2131, 2.3072 0.1603 3.193, 2.3132 0.1641 3.1685, 2.3132 0.1673 3.148, 2.3078 0.171 3.1249, 2.2972 0.1742 3.1043, 2.2825 0.1769 3.0872, 2.266 0.1788 3.0749, 2.2465 0.1802 3.066, 2.2261 0.1809 3.0616, 2.2045 0.1809 3.0616, 2.1824 0.1801 3.0666, 2.162 0.1786 3.0765, 2.143 0.1761 3.0923, 2.1294 0.1732 3.1107, 2.1206 0.1699 3.1318, 2.1169 0.166 3.1564, 2.2053 0.3206 3.2681, 2.2299 0.3206 3.265, 2.2511 0.3205 3.2568, 2.2714 0.3204 3.2426, 2.2865 0.3203 3.2252, 2.2973 0.3201 3.2048, 2.3032 0.3199 3.18, 2.3032 0.3197 3.1593, 2.2978 0.3196 3.1359, 2.2872 0.3194 3.115, 2.2725 0.3193 3.0977, 2.256 0.3192 3.0853, 2.2365 0.3191 3.0763, 2.2161 0.3191 3.0718, 2.1945 0.3191 3.0718, 2.1724 0.3191 3.0769, 2.152 0.3192 3.087, 2.133 0.3193 3.1029, 2.1194 0.3195 3.1216, 2.1106 0.3196 3.1429, 2.1069 0.3198 3.1678, 4.2973 -0.7281 2.2244, 4.3185 -0.7199 2.2244, 4.3388 -0.7057 2.2244, 4.3539 -0.6884 2.2244, 4.3646 -0.6679 2.2244, 4.3706 -0.6432 2.2244, 4.3706 -0.6224 2.2244, 4.3652 -0.599 2.2244, 4.3546 -0.5782 2.2244, 4.3399 -0.5609 2.2244, 4.3234 -0.5484 2.2244, 4.3039 -0.5394 2.2244, 4.2835 -0.5349 2.2244, 4.2619 -0.5349 2.2244, 4.2398 -0.54 2.2244, 4.2194 -0.5501 2.2244, 4.2004 -0.5661 2.2244, 4.1868 -0.5847 2.2244, 4.178 -0.606 2.2244, 4.1743 -0.6309 2.2244, 4.1744 -0.6383 2.2244, 2.8346 1.0948 2.7649, 2.824 1.1738 2.6272, 2.8132 1.229 2.4777, 2.8028 1.2582 2.3227, 2.7929 1.2616 2.168, 2.7826 1.2394 2.0127, 2.7719 1.1911 1.861, 2.7612 1.1182 1.7196, 2.7509 1.0242 1.5939, 2.7411 0.9125 1.4868, 2.7306 0.7823 1.3978, 2.7199 0.6377 1.3309, 2.7092 0.4845 1.2893, 2.6991 0.3292 1.2737, 2.6892 0.1743 1.2837, 2.6786 0.0201 1.3197, 2.6678 -0.127 1.3812, 2.6573 -0.2607 1.4658, 2.6474 -0.3764 1.5691, 2.6372 -0.4744 1.6907, 2.6266 -0.5523 1.8292, 2.6158 -0.6061 1.9792, 2.6054 -0.634 2.1343, 2.5956 -0.6361 2.2889, 2.5852 -0.6126 2.4442, 2.5745 -0.5629 2.5955, 2.5638 -0.4888 2.7363, 2.5535 -0.3938 2.861, 2.5437 -0.2812 2.9671, 2.5332 -0.1501 3.0551, 2.5225 -0.0049 3.1207, 2.5118 0.1486 3.161, 2.5018 0.3038 3.1752, 2.4918 0.4588 3.1639, 2.4812 0.6128 3.1266, 2.4704 0.7593 3.0637, 2.4599 0.8923 2.978, 2.45 1.007 2.8738, 2.4398 1.104 2.7512, 2.4291 1.1807 2.612, 2.4184 1.2333 2.4616, 2.408 1.2598 2.3064, 2.3982 1.2605 2.1518, 2.3878 1.2356 1.9965, 2.3771 1.1846 1.8457, 2.3664 1.1093 1.7056, 2.3562 1.0133 1.5819, 2.3463 0.8998 1.4766, 2.3358 0.7678 1.3897, 2.325 0.622 1.3254, 2.3144 0.4683 1.2864, 2.3044 0.3132 1.2736, 2.2944 0.1581 1.2862, 2.2838 0.0043 1.3249, 2.273 -0.1416 1.3891, 2.2625 -0.2737 1.4758, 2.2526 -0.3875 1.5809, 2.2424 -0.4836 1.7045, 2.2317 -0.5591 1.8444, 2.221 -0.6103 1.9952, 2.2106 -0.6354 2.1505, 2.2008 -0.6349 2.3051, 2.1904 -0.6086 2.4603, 2.1797 -0.5563 2.6108, 2.169 -0.4798 2.7501, 2.1588 -0.3829 2.8729, 2.1489 -0.2683 2.9772, 2.1384 -0.1355 3.0631, 2.1276 0.0109 3.1261, 2.117 0.1649 3.1637, 2.1071 0.3199 3.1752, 4.1644 -0.6256 2.3795, 4.1787 -0.6619 2.2244, 2.8447 0.9959 2.8855, 2.8547 0.8792 2.9879, 2.8652 0.7446 3.0714, 2.876 0.597 3.1317, 2.8866 0.4426 3.1663, 2.8965 0.2877 3.1749, 2.9066 0.1324 3.158, 2.9173 -0.0205 3.115, 2.928 -0.1645 3.0469, 2.9385 -0.2938 2.9568, 2.9483 -0.4045 2.8488, 2.9586 -0.4976 2.7222, 2.9693 -0.5693 2.5801, 2.98 -0.6162 2.4281, 2.9903 -0.6371 2.2727, 3.0001 -0.6323 2.118, 3.0106 -0.6017 1.9632, 3.0214 -0.5452 1.8141, 3.032 -0.4651 1.6772, 3.0421 -0.3652 1.5575, 3.0521 -0.2476 1.456, 3.0626 -0.1121 1.3737, 3.0734 0.036 1.3147, 3.0839 0.1906 1.2814, 3.0938 0.3453 1.2742, 3.104 0.5007 1.2924, 3.1147 0.6533 1.3368, 3.1254 0.7967 1.4061, 3.1358 0.9251 1.4972, 3.1457 1.0348 1.6061, 3.156 1.1269 1.7337, 3.1667 1.1974 1.8765, 3.1774 1.243 2.0288, 3.1877 1.2625 2.1842, 3.1975 1.2564 2.3389, 3.208 1.2244 2.4936, 3.2188 1.1666 2.6422, 3.2294 1.0853 2.7783, 3.2394 0.9846 2.897, 3.2494 0.8659 2.9976, 3.2601 0.7297 3.0788, 3.2708 0.5811 3.1365, 3.2813 0.4263 3.1684, 3.2912 0.2716 3.1743, 3.3014 0.1162 3.1548, 3.3121 -0.0361 3.109, 3.3229 -0.1788 3.0384, 3.3332 -0.3063 2.9463, 3.343 -0.4151 2.8365, 3.3534 -0.5061 2.708, 3.3642 -0.5754 2.5646, 3.3748 -0.6196 2.4119, 3.385 -0.6378 2.2566, 3.3949 -0.6304 2.1018, 3.4054 -0.597 1.9472, 3.4162 -0.5379 1.7992, 3.4268 -0.4555 1.6638, 3.4368 -0.3539 1.5462, 3.4468 -0.2342 1.4465, 3.4575 -0.0972 1.3664, 3.4682 0.0519 1.31, 3.4787 0.2068 1.2795, 3.4886 0.3615 1.2749, 3.4988 0.5168 1.2958, 3.5095 0.6688 1.3429, 3.5203 0.8109 1.4147, 3.5306 0.9374 1.5078, 3.5404 1.0453 1.6186, 3.5508 1.1353 1.7479, 3.5616 1.2033 1.892, 3.5722 1.2462 2.045, 3.5824 1.263 2.2003, 3.5923 1.2543 2.3551, 3.6028 1.2196 2.5095, 3.6136 1.1592 2.6571, 3.6242 1.0756 2.7916, 3.6341 0.9731 2.9082, 3.6442 0.8524 3.0071, 3.6549 0.7146 3.086, 3.6657 0.5651 3.1411, 3.6761 0.4101 3.1702, 3.6859 0.2554 3.1735, 3.6962 0.1001 3.1512, 3.7069 -0.0515 3.1028, 3.7177 -0.1929 3.0298, 3.7279 -0.3185 2.9357, 3.7378 -0.4255 2.8239, 3.7482 -0.5145 2.6937, 3.759 -0.5812 2.549, 3.7696 -0.6228 2.3957, 3.7797 -0.6382 2.2405, 3.7897 -0.6281 2.0856, 3.8003 -0.592 1.9314, 3.811 -0.5303 1.7843, 3.8216 -0.4457 1.6506, 3.8315 -0.3423 1.535, 3.8416 -0.2206 1.4371, 3.8523 -0.0821 1.3593, 3.8631 0.0679 1.3056, 3.8735 0.223 1.2778, 3.8833 0.3777 1.2758, 3.8936 0.533 1.2995, 3.9043 0.6842 1.3493, 3.9151 0.8249 1.4235, 3.9253 0.9496 1.5186, 3.9352 1.0556 1.6313, 3.9456 1.1435 1.7624, 3.9564 1.209 1.9077, 3.967 1.2492 2.0612, 3.9771 1.2633 2.2164, 3.9871 1.2519 2.3714, 3.9977 1.2144 2.5254, 4.0084 1.1515 2.6718, 4.019 1.0657 2.8047, 4.0289 0.9615 2.9193, 4.039 0.8388 3.0163, 4.0497 0.6995 3.0929, 4.0605 0.5491 3.1453, 4.0708 0.3939 3.1717, 4.0807 0.2392 3.1724, 4.091 0.084 3.1474, 4.1018 -0.0669 3.0963, 4.1125 -0.2069 3.0209, 4.1227 -0.3305 2.9248, 4.1325 -0.4357 2.8112, 4.143 -0.5225 2.6791, 4.1538 -0.5868 2.5333, 2.8389 1.1142 2.7783, 2.8282 1.1951 2.6372, 2.8174 1.2517 2.4839, 2.807 1.2817 2.3251, 2.7972 1.2852 2.1666, 2.7869 1.2624 2.0074, 2.7762 1.2129 1.852, 2.7654 1.1382 1.707, 2.7552 1.0418 1.5783, 2.7453 0.9274 1.4686, 2.7349 0.794 1.3773, 2.7241 0.6458 1.3088, 2.7135 0.4887 1.2661, 2.7034 0.3296 1.2502, 2.6934 0.1709 1.2604, 2.6829 0.0128 1.2972, 2.6721 -0.1379 1.3603, 2.6615 -0.2749 1.447, 2.6516 -0.3935 1.5529, 2.6415 -0.4939 1.6775, 2.6308 -0.5737 1.8194, 2.62 -0.6289 1.9731, 2.6096 -0.6575 2.132, 2.5998 -0.6596 2.2905, 2.5895 -0.6355 2.4497, 2.5788 -0.5846 2.6047, 2.568 -0.5087 2.7489, 2.5578 -0.4113 2.8768, 2.5479 -0.2959 2.9855, 2.5375 -0.1616 3.0757, 2.5267 -0.0127 3.1429, 2.5161 0.1446 3.1842, 2.506 0.3036 3.1988, 2.496 0.4624 3.1872, 2.4854 0.6203 3.1489, 2.4747 0.7704 3.0845, 2.4641 0.9066 2.9967, 2.4542 1.0242 2.8899, 2.4441 1.1236 2.7643, 2.4334 1.2022 2.6216, 2.4226 1.2561 2.4675, 2.4123 1.2833 2.3085, 2.4024 1.284 2.15, 2.3921 1.2585 1.9909, 2.3813 1.2062 1.8363, 2.3706 1.1291 1.6928, 2.3604 1.0307 1.5659, 2.3506 0.9143 1.4581, 2.3401 0.7791 1.369, 2.3293 0.6297 1.3031, 2.3187 0.4721 1.2632, 2.3087 0.3132 1.25, 2.2986 0.1542 1.263, 2.288 -0.0033 1.3026, 2.2772 -0.1529 1.3684, 2.2668 -0.2882 1.4573, 2.2569 -0.4048 1.5649, 2.2467 -0.5033 1.6916, 2.236 -0.5807 1.835, 2.2252 -0.6332 1.9895, 2.2149 -0.6589 2.1487, 2.2051 -0.6584 2.3071, 2.1947 -0.6314 2.4662, 2.1839 -0.5778 2.6204, 2.1732 -0.4994 2.7631, 2.1631 -0.4001 2.889, 2.1532 -0.2827 2.9959, 2.1427 -0.1466 3.0838, 2.1319 0.0034 3.1485, 2.1213 0.1612 3.187, 2.1113 0.3201 3.1988, 4.1687 -0.6488 2.3833, 4.1883 -0.6834 2.2244, 2.849 1.0128 2.9019, 2.8589 0.8932 3.0068, 2.8695 0.7553 3.0924, 2.8803 0.604 3.1542, 2.8908 0.4458 3.1896, 2.9007 0.2871 3.1985, 2.9109 0.128 3.1812, 2.9215 -0.0288 3.1371, 2.9323 -0.1764 3.0673, 2.9427 -0.3089 2.975, 2.9525 -0.4223 2.8643, 2.9628 -0.5177 2.7346, 2.9736 -0.5911 2.5889, 2.9843 -0.6393 2.4331, 2.9945 -0.6606 2.2739, 3.0044 -0.6558 2.1154, 3.0149 -0.6244 1.9567, 3.0256 -0.5665 1.8039, 3.0363 -0.4843 1.6636, 3.0463 -0.382 1.541, 3.0563 -0.2614 1.437, 3.0669 -0.1227 1.3526, 3.0777 0.0291 1.2921, 3.0882 0.1875 1.2581, 3.0981 0.3461 1.2506, 3.1083 0.5053 1.2693, 3.1189 0.6617 1.3148, 3.1297 0.8087 1.3858, 3.1401 0.9403 1.4792, 3.1499 1.0527 1.5908, 3.1602 1.1471 1.7215, 3.171 1.2193 1.8679, 3.1817 1.266 2.024, 3.1919 1.286 2.1832, 3.2018 1.2798 2.3417, 3.2123 1.247 2.5003, 3.223 1.1878 2.6526, 3.2337 1.1044 2.7921, 3.2437 1.0013 2.9136, 3.2537 0.8796 3.0168, 3.2643 0.74 3.1, 3.2751 0.5877 3.1591, 3.2856 0.4291 3.1918, 3.2954 0.2706 3.1979, 3.3057 0.1114 3.1778, 3.3164 -0.0447 3.131, 3.3271 -0.191 3.0586, 3.3374 -0.3216 2.9642, 3.3473 -0.4331 2.8517, 3.3577 -0.5264 2.72, 3.3684 -0.5974 2.573, 3.3791 -0.6427 2.4166, 3.3893 -0.6613 2.2574, 3.3992 -0.6537 2.0988, 3.4097 -0.6196 1.9404, 3.4205 -0.559 1.7886, 3.431 -0.4745 1.6499, 3.441 -0.3704 1.5294, 3.4511 -0.2477 1.4272, 3.4617 -0.1073 1.3451, 3.4725 0.0454 1.2873, 3.483 0.2042 1.2561, 3.4928 0.3627 1.2513, 3.5031 0.5219 1.2728, 3.5138 0.6776 1.321, 3.5245 0.8232 1.3946, 3.5348 0.9529 1.49, 3.5446 1.0635 1.6036, 3.5551 1.1557 1.7361, 3.5658 1.2254 1.8838, 3.5765 1.2694 2.0405, 3.5866 1.2866 2.1997, 3.5965 1.2776 2.3584, 3.6071 1.242 2.5166, 3.6179 1.1802 2.6678, 3.6284 1.0945 2.8057, 3.6384 0.9895 2.9252, 3.6485 0.8658 3.0265, 3.6591 0.7246 3.1074, 3.6699 0.5714 3.1638, 3.6803 0.4125 3.1936, 3.6902 0.254 3.197, 3.7005 0.0948 3.1742, 3.7112 -0.0605 3.1246, 3.7219 -0.2055 3.0497, 3.7322 -0.3342 2.9533, 3.742 -0.4438 2.8388, 3.7525 -0.5349 2.7053, 3.7632 -0.6034 2.557, 3.7739 -0.6459 2.4, 3.784 -0.6617 2.2409, 3.7939 -0.6514 2.0821, 3.8045 -0.6144 1.9241, 3.8153 -0.5512 1.7734, 3.8258 -0.4645 1.6364, 3.8357 -0.3586 1.5179, 3.8459 -0.2338 1.4176, 3.8565 -0.0919 1.3379, 3.8673 0.0618 1.2828, 3.8777 0.2208 1.2543, 3.8875 0.3793 1.2523, 3.8979 0.5384 1.2766, 3.9086 0.6934 1.3276, 3.9193 0.8376 1.4036, 3.9296 0.9653 1.5011, 3.9394 1.074 1.6166, 3.9499 1.1641 1.7509, 3.9606 1.2312 1.8998, 3.9713 1.2724 2.0572, 3.9813 1.2868 2.2162, 3.9913 1.2752 2.375, 4.0019 1.2368 2.5328, 4.0127 1.1723 2.6829, 4.0232 1.0844 2.8191, 4.0331 0.9775 2.9365, 4.0433 0.8518 3.0359, 4.054 0.7091 3.1144, 4.0647 0.5549 3.1682, 4.0751 0.3959 3.1952, 4.0849 0.2374 3.1959, 4.0953 0.0783 3.1702, 4.106 -0.0763 3.1179, 4.1167 -0.2197 3.0406, 4.1269 -0.3465 2.9422, 4.1368 -0.4542 2.8257, 4.1473 -0.5432 2.6904, 4.1581 -0.609 2.5409, 2.8485 1.1318 2.7905, 2.8378 1.2146 2.6462, 2.827 1.2724 2.4897, 2.8166 1.303 2.3273, 2.8068 1.3066 2.1653, 2.7965 1.2833 2.0026, 2.7858 1.2328 1.8438, 2.775 1.1564 1.6956, 2.7647 1.0579 1.564, 2.7549 0.941 1.4519, 2.7445 0.8046 1.3586, 2.7337 0.6531 1.2886, 2.723 0.4926 1.245, 2.7129 0.33 1.2287, 2.703 0.1678 1.2391, 2.6924 0.0062 1.2768, 2.6817 -0.1478 1.3413, 2.6711 -0.2879 1.4299, 2.6612 -0.4091 1.5381, 2.6511 -0.5117 1.6655, 2.6404 -0.5933 1.8105, 2.6296 -0.6497 1.9676, 2.6192 -0.6789 2.13, 2.6094 -0.6811 2.292, 2.5991 -0.6564 2.4546, 2.5883 -0.6044 2.6131, 2.5776 -0.5267 2.7605, 2.5674 -0.4272 2.8911, 2.5575 -0.3093 3.0023, 2.5471 -0.172 3.0944, 2.5363 -0.0199 3.1632, 2.5257 0.1409 3.2054, 2.5156 0.3034 3.2202, 2.5056 0.4657 3.2084, 2.495 0.627 3.1693, 2.4842 0.7805 3.1034, 2.4737 0.9197 3.0137, 2.4638 1.0399 2.9046, 2.4537 1.1415 2.7762, 2.443 1.2218 2.6304, 2.4322 1.2769 2.4729, 2.4218 1.3046 2.3103, 2.412 1.3054 2.1484, 2.4017 1.2793 1.9857, 2.3909 1.2259 1.8277, 2.3802 1.1471 1.681, 2.37 1.0465 1.5514, 2.3601 0.9276 1.4412, 2.3497 0.7894 1.3502, 2.3389 0.6366 1.2828, 2.3283 0.4756 1.242, 2.3182 0.3132 1.2286, 2.3082 0.1508 1.2418, 2.2976 -0.0103 1.2823, 2.2868 -0.1632 1.3495, 2.2763 -0.3015 1.4404, 2.2665 -0.4206 1.5504, 2.2563 -0.5213 1.6799, 2.2456 -0.6004 1.8264, 2.2348 -0.654 1.9844, 2.2245 -0.6803 2.147, 2.2146 -0.6798 2.3089, 2.2043 -0.6522 2.4715, 2.1935 -0.5974 2.6291, 2.1828 -0.5173 2.775, 2.1726 -0.4158 2.9036, 2.1628 -0.2958 3.0129, 2.1522 -0.1567 3.1028, 2.1415 -0.0034 3.1688, 2.1309 0.1579 3.2082, 2.1209 0.3202 3.2202, 2.1108 0.4827 3.2056, 4.1783 -0.67 2.3868, 4.2022 -0.7014 2.2244, 2.8585 1.0282 2.9168, 2.8685 0.906 3.0241, 2.8791 0.765 3.1115, 2.8898 0.6105 3.1746, 2.9004 0.4487 3.2109, 2.9103 0.2866 3.2199, 2.9204 0.1239 3.2022, 2.9311 -0.0363 3.1572, 2.9419 -0.1871 3.0858, 2.9523 -0.3226 2.9915, 2.9621 -0.4385 2.8784, 2.9724 -0.5359 2.7458, 2.9832 -0.6111 2.5969, 2.9939 -0.6602 2.4377, 3.0041 -0.6821 2.275, 3.014 -0.6771 2.113, 3.0244 -0.645 1.9508, 3.0352 -0.5859 1.7947, 3.0458 -0.5019 1.6513, 3.0559 -0.3973 1.526, 3.0659 -0.2741 1.4196, 3.0765 -0.1323 1.3334, 3.0873 0.0229 1.2716, 3.0978 0.1848 1.2368, 3.1077 0.3469 1.2292, 3.1178 0.5096 1.2483, 3.1285 0.6694 1.2947, 3.1393 0.8196 1.3674, 3.1497 0.9541 1.4628, 3.1595 1.0691 1.5768, 3.1698 1.1655 1.7104, 3.1806 1.2393 1.86, 3.1913 1.2871 2.0195, 3.2015 1.3075 2.1823, 3.2114 1.3011 2.3443, 3.2219 1.2676 2.5064, 3.2326 1.2071 2.662, 3.2432 1.1219 2.8046, 3.2533 1.0164 2.9288, 3.2633 0.8921 3.0342, 3.2739 0.7494 3.1193, 3.2847 0.5938 3.1797, 3.2952 0.4317 3.2131, 3.305 0.2697 3.2193, 3.3152 0.1069 3.1988, 3.3259 -0.0526 3.1509, 3.3367 -0.2021 3.077, 3.347 -0.3356 2.9805, 3.3569 -0.4496 2.8655, 3.3672 -0.5449 2.7309, 3.378 -0.6174 2.5807, 3.3887 -0.6638 2.4208, 3.3988 -0.6828 2.2581, 3.4087 -0.675 2.096, 3.4193 -0.6401 1.9341, 3.43 -0.5782 1.779, 3.4406 -0.4919 1.6373, 3.4506 -0.3855 1.5141, 3.4607 -0.2601 1.4096, 3.4713 -0.1166 1.3257, 3.4821 0.0396 1.2667, 3.4925 0.2018 1.2347, 3.5024 0.3638 1.2299, 3.5126 0.5265 1.2518, 3.5234 0.6857 1.3011, 3.5341 0.8345 1.3763, 3.5444 0.967 1.4739, 3.5542 1.08 1.5899, 3.5646 1.1743 1.7254, 3.5754 1.2455 1.8763, 3.5861 1.2905 2.0365, 3.5962 1.308 2.1992, 3.6061 1.2989 2.3613, 3.6167 1.2625 2.523, 3.6275 1.1993 2.6776, 3.638 1.1117 2.8185, 3.648 1.0044 2.9406, 3.6581 0.878 3.0441, 3.6687 0.7337 3.1268, 3.6795 0.5771 3.1845, 3.6899 0.4147 3.215, 3.6998 0.2527 3.2185, 3.71 0.09 3.1951, 3.7208 -0.0688 3.1444, 3.7315 -0.2169 3.0679, 3.7418 -0.3484 2.9693, 3.7516 -0.4604 2.8523, 3.7621 -0.5536 2.7159, 3.7728 -0.6235 2.5643, 3.7835 -0.6671 2.4038, 3.7936 -0.6832 2.2412, 3.8035 -0.6727 2.079, 3.8141 -0.6349 1.9175, 3.8249 -0.5703 1.7635, 3.8354 -0.4816 1.6235, 3.8453 -0.3733 1.5024, 3.8555 -0.2459 1.3998, 3.8661 -0.1008 1.3184, 3.8769 0.0563 1.2621, 3.8873 0.2188 1.233, 3.8971 0.3807 1.2309, 3.9074 0.5434 1.2557, 3.9182 0.7018 1.3078, 3.9289 0.8492 1.3855, 3.9391 0.9797 1.4851, 3.949 1.0908 1.6032, 3.9595 1.1829 1.7405, 3.9702 1.2515 1.8927, 3.9809 1.2936 2.0535, 3.9909 1.3083 2.216, 4.0009 1.2964 2.3783, 4.0115 1.2571 2.5396, 4.0223 1.1912 2.693, 4.0328 1.1014 2.8322, 4.0427 0.9922 2.9522, 4.0529 0.8637 3.0538, 4.0635 0.7178 3.134, 4.0743 0.5603 3.1889, 4.0847 0.3977 3.2166, 4.0945 0.2358 3.2173, 4.1048 0.0732 3.1911, 4.1156 -0.0848 3.1376, 4.1263 -0.2315 3.0586, 4.1365 -0.361 2.958, 4.1464 -0.4711 2.8389, 4.1569 -0.5621 2.7007, 4.1676 -0.6293 2.5479, 2.8624 1.1467 2.8008, 2.8517 1.231 2.6539, 2.841 1.2898 2.4945, 2.8305 1.321 2.3292, 2.8207 1.3247 2.1643, 2.8104 1.301 1.9986, 2.7997 1.2495 1.8369, 2.789 1.1717 1.686, 2.7787 1.0714 1.552, 2.7688 0.9524 1.4379, 2.7584 0.8135 1.3429, 2.7476 0.6593 1.2716, 2.737 0.4959 1.2272, 2.7269 0.3303 1.2106, 2.7169 0.1651 1.2212, 2.7064 0.0007 1.2596, 2.6956 -0.1561 1.3253, 2.685 -0.2988 1.4155, 2.6751 -0.4222 1.5256, 2.665 -0.5267 1.6553, 2.6543 -0.6097 1.803, 2.6436 -0.6671 1.9629, 2.6331 -0.6969 2.1283, 2.6233 -0.6991 2.2932, 2.613 -0.674 2.4588, 2.6023 -0.621 2.6201, 2.5916 -0.542 2.7702, 2.5813 -0.4407 2.9032, 2.5715 -0.3206 3.0164, 2.561 -0.1808 3.1103, 2.5502 -0.0259 3.1802, 2.5396 0.1378 3.2232, 2.5295 0.3032 3.2383, 2.5195 0.4685 3.2263, 2.509 0.6328 3.1865, 2.4982 0.789 3.1194, 2.4877 0.9307 3.0281, 2.4778 1.0531 2.917, 2.4676 1.1566 2.7862, 2.4569 1.2384 2.6378, 2.4461 1.2944 2.4774, 2.4358 1.3227 2.3119, 2.4259 1.3235 2.147, 2.4156 1.2969 1.9814, 2.4049 1.2425 1.8205, 2.3942 1.1622 1.6712, 2.3839 1.0599 1.5392, 2.3741 0.9388 1.427, 2.3636 0.7981 1.3343, 2.3528 0.6425 1.2657, 2.3422 0.4786 1.2242, 2.3322 0.3132 1.2105, 2.3221 0.1478 1.2239, 2.3115 -0.0162 1.2652, 2.3008 -0.1718 1.3336, 2.2903 -0.3126 1.4261, 2.2804 -0.4339 1.5382, 2.2702 -0.5364 1.67, 2.2595 -0.617 1.8192, 2.2487 -0.6716 1.98, 2.2384 -0.6984 2.1456, 2.2286 -0.6978 2.3105, 2.2182 -0.6697 2.476, 2.2074 -0.614 2.6364, 2.1968 -0.5324 2.785, 2.1866 -0.429 2.9159, 2.1767 -0.3069 3.0272, 2.1662 -0.1653 3.1187, 2.1554 -0.0091 3.186, 2.1448 0.1551 3.2261, 2.1348 0.3204 3.2383, 2.1248 0.4858 3.2234, 2.1141 0.6496 3.1807, 4.1922 -0.6879 2.3898, 4.2207 -0.7163 2.2244, 2.8725 1.0412 2.9294, 2.8824 0.9168 3.0386, 2.893 0.7733 3.1276, 2.9038 0.6159 3.1919, 2.9143 0.4512 3.2288, 2.9242 0.2861 3.238, 2.9344 0.1205 3.22, 2.945 -0.0426 3.1741, 2.9558 -0.1962 3.1015, 2.9662 -0.3341 3.0054, 2.976 -0.4521 2.8903, 2.9864 -0.5514 2.7553, 2.9971 -0.6278 2.6037, 3.0078 -0.6779 2.4416, 3.0181 -0.7001 2.2759, 3.0279 -0.6951 2.111, 3.0384 -0.6624 1.9458, 3.0491 -0.6022 1.7869, 3.0598 -0.5167 1.6409, 3.0698 -0.4103 1.5133, 3.0798 -0.2847 1.405, 3.0904 -0.1403 1.3172, 3.1012 0.0176 1.2543, 3.1117 0.1825 1.2188, 3.1216 0.3475 1.2111, 3.1318 0.5132 1.2305, 3.1425 0.6759 1.2778, 3.1532 0.8289 1.3518, 3.1636 0.9658 1.4489, 3.1734 1.0828 1.5651, 3.1838 1.181 1.7011, 3.1945 1.2561 1.8534, 3.2052 1.3048 2.0158, 3.2154 1.3255 2.1815, 3.2253 1.3191 2.3465, 3.2358 1.285 2.5115, 3.2466 1.2233 2.6699, 3.2572 1.1366 2.8151, 3.2672 1.0292 2.9416, 3.2772 0.9026 3.0489, 3.2878 0.7574 3.1356, 3.2986 0.5989 3.1971, 3.3091 0.4339 3.2311, 3.319 0.2689 3.2374, 3.3292 0.1032 3.2165, 3.3399 -0.0592 3.1678, 3.3506 -0.2114 3.0925, 3.361 -0.3474 2.9943, 3.3708 -0.4634 2.8771, 3.3812 -0.5605 2.7401, 3.3919 -0.6343 2.5872, 3.4026 -0.6815 2.4244, 3.4128 -0.7009 2.2587, 3.4227 -0.693 2.0937, 3.4332 -0.6574 1.9288, 3.444 -0.5944 1.7709, 3.4546 -0.5065 1.6266, 3.4645 -0.3981 1.5012, 3.4746 -0.2705 1.3948, 3.4852 -0.1244 1.3094, 3.496 0.0346 1.2493, 3.5065 0.1998 1.2167, 3.5163 0.3647 1.2118, 3.5266 0.5304 1.2342, 3.5373 0.6925 1.2843, 3.548 0.844 1.3609, 3.5583 0.9789 1.4602, 3.5682 1.094 1.5784, 3.5786 1.19 1.7163, 3.5893 1.2625 1.87, 3.6 1.3082 2.0331, 3.6101 1.3261 2.1987, 3.6201 1.3168 2.3638, 3.6306 1.2798 2.5285, 3.6414 1.2154 2.6858, 3.6519 1.1263 2.8293, 3.6619 1.017 2.9536, 3.672 0.8883 3.059, 3.6826 0.7413 3.1432, 3.6934 0.5819 3.2019, 3.7039 0.4166 3.233, 3.7137 0.2517 3.2365, 3.724 0.086 3.2127, 3.7347 -0.0757 3.1611, 3.7454 -0.2265 3.0832, 3.7557 -0.3604 2.9829, 3.7655 -0.4745 2.8637, 3.776 -0.5694 2.7248, 3.7867 -0.6406 2.5705, 3.7974 -0.6849 2.4071, 3.8075 -0.7013 2.2415, 3.8174 -0.6906 2.0763, 3.828 -0.6521 1.9119, 3.8388 -0.5863 1.7551, 3.8493 -0.496 1.6125, 3.8593 -0.3858 1.4892, 3.8694 -0.256 1.3848, 3.8801 -0.1083 1.3019, 3.8908 0.0517 1.2446, 3.9012 0.2171 1.215, 3.9111 0.382 1.2128, 3.9214 0.5476 1.2381, 3.9321 0.7089 1.2912, 3.9428 0.8589 1.3703, 3.9531 0.9919 1.4717, 3.9629 1.105 1.5919, 3.9734 1.1987 1.7317, 3.9842 1.2685 1.8867, 3.9948 1.3114 2.0504, 4.0049 1.3264 2.2159, 4.0148 1.3143 2.3811, 4.0254 1.2743 2.5454, 4.0362 1.2072 2.7015, 4.0467 1.1157 2.8432, 4.0566 1.0045 2.9655, 4.0668 0.8737 3.0689, 4.0775 0.7252 3.1506, 4.0882 0.5648 3.2065, 4.0986 0.3993 3.2346, 4.1084 0.2344 3.2353, 4.1188 0.0688 3.2086, 4.1295 -0.092 3.1542, 4.1402 -0.2413 3.0737, 4.1504 -0.3732 2.9713, 4.1603 -0.4854 2.8501, 4.1708 -0.578 2.7093, 4.1816 -0.6465 2.5538, 2.8809 1.159 2.8092, 2.8702 1.2445 2.6602, 2.8594 1.3042 2.4984, 2.849 1.3358 2.3307, 2.8392 1.3395 2.1634, 2.8289 1.3155 1.9953, 2.8182 1.2632 1.8312, 2.8074 1.1843 1.6781, 2.7972 1.0826 1.5422, 2.7873 0.9618 1.4263, 2.7769 0.8209 1.33, 2.7661 0.6644 1.2576, 2.7555 0.4986 1.2126, 2.7454 0.3306 1.1957, 2.7354 0.163 1.2065, 2.7248 -0.0039 1.2454, 2.7141 -0.163 1.3121, 2.7035 -0.3078 1.4036, 2.6936 -0.433 1.5153, 2.6835 -0.539 1.647, 2.6728 -0.6232 1.7968, 2.662 -0.6815 1.959, 2.6516 -0.7117 2.1269, 2.6418 -0.714 2.2942, 2.6315 -0.6885 2.4623, 2.6207 -0.6347 2.6259, 2.61 -0.5545 2.7782, 2.5998 -0.4517 2.9132, 2.5899 -0.3299 3.028, 2.5795 -0.1881 3.1233, 2.5687 -0.0309 3.1942, 2.5581 0.1352 3.2378, 2.548 0.3031 3.2532, 2.538 0.4708 3.241, 2.5274 0.6375 3.2006, 2.5167 0.796 3.1326, 2.5061 0.9398 3.0399, 2.4962 1.0639 2.9271, 2.4861 1.169 2.7944, 2.4754 1.252 2.6438, 2.4646 1.3088 2.4811, 2.4542 1.3375 2.3132, 2.4444 1.3383 2.1459, 2.4341 1.3113 1.9778, 2.4233 1.2562 1.8146, 2.4126 1.1747 1.6631, 2.4024 1.0708 1.5291, 2.3926 0.948 1.4153, 2.3821 0.8052 1.3212, 2.3713 0.6474 1.2516, 2.3607 0.481 1.2095, 2.3506 0.3132 1.1956, 2.3406 0.1454 1.2092, 2.33 -0.021 1.2511, 2.3192 -0.1789 1.3205, 2.3087 -0.3218 1.4144, 2.2989 -0.4449 1.5281, 2.2887 -0.5489 1.6618, 2.278 -0.6306 1.8133, 2.2672 -0.686 1.9764, 2.2569 -0.7132 2.1444, 2.2471 -0.7126 2.3117, 2.2367 -0.6842 2.4797, 2.2259 -0.6276 2.6425, 2.2152 -0.5448 2.7932, 2.2051 -0.4399 2.9261, 2.1952 -0.316 3.039, 2.1847 -0.1723 3.1319, 2.1739 -0.0139 3.2001, 2.1633 0.1528 3.2408, 2.1533 0.3205 3.2532, 2.1432 0.4884 3.2381, 2.1326 0.6545 3.1947, 2.1218 0.8118 3.124, 4.2107 -0.7025 2.3922, 4.24 -0.7256 2.2244, 2.891 1.0519 2.9398, 2.9009 0.9257 3.0506, 2.9115 0.78 3.1409, 2.9223 0.6203 3.2061, 2.9328 0.4532 3.2436, 2.9427 0.2857 3.2529, 2.9529 0.1176 3.2346, 2.9635 -0.0478 3.1881, 2.9743 -0.2037 3.1144, 2.9847 -0.3436 3.0169, 2.9945 -0.4634 2.9001, 3.0048 -0.564 2.7631, 3.0156 -0.6416 2.6093, 3.0263 -0.6924 2.4448, 3.0365 -0.715 2.2767, 3.0464 -0.7099 2.1093, 3.0569 -0.6767 1.9417, 3.0676 -0.6156 1.7805, 3.0783 -0.5289 1.6323, 3.0883 -0.4209 1.5028, 3.0983 -0.2935 1.393, 3.1089 -0.147 1.3039, 3.1197 0.0133 1.2401, 3.1302 0.1805 1.2041, 3.1401 0.348 1.1962, 3.1503 0.5161 1.2159, 3.1609 0.6813 1.2639, 3.1717 0.8364 1.339, 3.1821 0.9753 1.4376, 3.1919 1.0941 1.5554, 3.2022 1.1937 1.6934, 3.213 1.27 1.8479, 3.2237 1.3193 2.0128, 3.2339 1.3404 2.1809, 3.2438 1.3338 2.3483, 3.2543 1.2992 2.5157, 3.265 1.2367 2.6765, 3.2756 1.1487 2.8238, 3.2857 1.0397 2.9521, 3.2957 0.9113 3.061, 3.3063 0.7639 3.1489, 3.3171 0.6031 3.2113, 3.3276 0.4357 3.2458, 3.3374 0.2683 3.2523, 3.3477 0.1001 3.2311, 3.3583 -0.0647 3.1816, 3.3691 -0.2191 3.1052, 3.3794 -0.3571 3.0056, 3.3893 -0.4748 2.8867, 3.3996 -0.5733 2.7477, 3.4104 -0.6482 2.5925, 3.4211 -0.6961 2.4273, 3.4313 -0.7157 2.2592, 3.4411 -0.7077 2.0917, 3.4517 -0.6716 1.9245, 3.4625 -0.6077 1.7643, 3.473 -0.5185 1.6178, 3.483 -0.4086 1.4906, 3.4931 -0.279 1.3826, 3.5037 -0.1308 1.296, 3.5145 0.0305 1.235, 3.525 0.1981 1.202, 3.5348 0.3655 1.1969, 3.5451 0.5336 1.2196, 3.5558 0.698 1.2706, 3.5665 0.8518 1.3482, 3.5768 0.9887 1.449, 3.5866 1.1054 1.5689, 3.5971 1.2028 1.7089, 3.6078 1.2764 1.8648, 3.6185 1.3228 2.0303, 3.6286 1.341 2.1983, 3.6385 1.3316 2.3659, 3.6491 1.294 2.5329, 3.6599 1.2286 2.6926, 3.6704 1.1382 2.8382, 3.6804 1.0273 2.9643, 3.6905 0.8967 3.0713, 3.7011 0.7476 3.1567, 3.7119 0.5858 3.2163, 3.7223 0.4181 3.2478, 3.7322 0.2508 3.2514, 3.7425 0.0827 3.2272, 3.7532 -0.0814 3.1749, 3.7639 -0.2344 3.0958, 3.7742 -0.3703 2.994, 3.784 -0.486 2.8731, 3.7945 -0.5823 2.7322, 3.8052 -0.6545 2.5756, 3.8159 -0.6995 2.4098, 3.826 -0.7162 2.2418, 3.8359 -0.7053 2.0742, 3.8465 -0.6662 1.9073, 3.8573 -0.5995 1.7482, 3.8678 -0.5079 1.6036, 3.8777 -0.3961 1.4785, 3.8879 -0.2643 1.3725, 3.8985 -0.1145 1.2884, 3.9093 0.0478 1.2302, 3.9197 0.2157 1.2001, 3.9295 0.383 1.198, 3.9399 0.5511 1.2236, 3.9506 0.7147 1.2775, 3.9613 0.867 1.3578, 3.9716 1.0018 1.4607, 3.9814 1.1166 1.5826, 3.9919 1.2117 1.7245, 4.0026 1.2826 1.8817, 4.0133 1.3261 2.0478, 4.0233 1.3413 2.2157, 4.0333 1.329 2.3834, 4.0439 1.2884 2.5501, 4.0547 1.2203 2.7085, 4.0652 1.1275 2.8523, 4.0751 1.0147 2.9763, 4.0853 0.8819 3.0813, 4.096 0.7312 3.1642, 4.1067 0.5685 3.2209, 4.1171 0.4005 3.2495, 4.1269 0.2332 3.2502, 4.1373 0.0652 3.2231, 4.148 -0.098 3.1678, 4.1587 -0.2495 3.0862, 4.1689 -0.3833 2.9823, 4.1788 -0.4971 2.8593, 4.1893 -0.591 2.7165, 4.2001 -0.6605 2.5586, 2.9002 1.1666 2.8145, 2.8896 1.2529 2.6642, 2.8788 1.3131 2.5009, 2.8684 1.3451 2.3317, 2.8585 1.3488 2.1628, 2.8482 1.3245 1.9932, 2.8375 1.2718 1.8277, 2.8268 1.1922 1.6732, 2.8165 1.0895 1.536, 2.8067 0.9676 1.4191, 2.7962 0.8255 1.3219, 2.7855 0.6676 1.2489, 2.7748 0.5003 1.2034, 2.7647 0.3307 1.1864, 2.7548 0.1616 1.1973, 2.7442 -0.0068 1.2366, 2.7334 -0.1673 1.3038, 2.7229 -0.3134 1.3962, 2.713 -0.4397 1.5089, 2.7028 -0.5467 1.6417, 2.6922 -0.6317 1.7929, 2.6814 -0.6905 1.9566, 2.671 -0.7209 2.126, 2.6612 -0.7232 2.2948, 2.6508 -0.6975 2.4644, 2.6401 -0.6433 2.6296, 2.6294 -0.5624 2.7833, 2.6191 -0.4586 2.9194, 2.6093 -0.3357 3.0353, 2.5988 -0.1926 3.1314, 2.5881 -0.034 3.203, 2.5774 0.1336 3.247, 2.5674 0.303 3.2625, 2.5574 0.4722 3.2502, 2.5468 0.6404 3.2094, 2.536 0.8004 3.1408, 2.5255 0.9455 3.0472, 2.5156 1.0707 2.9335, 2.5054 1.1767 2.7996, 2.4947 1.2604 2.6476, 2.484 1.3178 2.4834, 2.4736 1.3468 2.314, 2.4638 1.3476 2.1451, 2.4534 1.3204 1.9756, 2.4427 1.2647 1.8109, 2.432 1.1825 1.658, 2.4218 1.0777 1.5229, 2.4119 0.9537 1.408, 2.4014 0.8096 1.3131, 2.3906 0.6504 1.2428, 2.38 0.4826 1.2003, 2.37 0.3132 1.1863, 2.36 0.1439 1.2001, 2.3494 -0.024 1.2423, 2.3386 -0.1833 1.3124, 2.3281 -0.3275 1.4071, 2.3182 -0.4517 1.5218, 2.308 -0.5567 1.6568, 2.2973 -0.6391 1.8095, 2.2866 -0.695 1.9742, 2.2762 -0.7225 2.1437, 2.2664 -0.7219 2.3125, 2.256 -0.6932 2.482, 2.2453 -0.636 2.6463, 2.2346 -0.5525 2.7984, 2.2244 -0.4467 2.9324, 2.2145 -0.3216 3.0463, 2.204 -0.1767 3.1401, 2.1932 -0.0168 3.2089, 2.1826 0.1513 3.2499, 2.1727 0.3205 3.2625, 2.1626 0.49 3.2473, 2.152 0.6576 3.2035, 2.1412 0.8163 3.1321, 2.1307 0.9596 3.0362, 2.1209 1.0827 2.9205, 4.23 -0.7117 2.3937, 4.2604 -0.7304 2.2244, 2.9103 1.0586 2.9462, 2.9203 0.9312 3.058, 2.9308 0.7842 3.1492, 2.9416 0.6231 3.215, 2.9522 0.4545 3.2528, 2.9621 0.2855 3.2622, 2.9722 0.1159 3.2437, 2.9829 -0.0511 3.1968, 2.9936 -0.2083 3.1224, 3.0041 -0.3495 3.0241, 3.0139 -0.4704 2.9062, 3.0242 -0.572 2.7679, 3.0349 -0.6503 2.6127, 3.0456 -0.7015 2.4468, 3.0559 -0.7243 2.2772, 3.0657 -0.7191 2.1083, 3.0762 -0.6857 1.9392, 3.087 -0.624 1.7764, 3.0976 -0.5365 1.6269, 3.1077 -0.4275 1.4963, 3.1177 -0.299 1.3855, 3.1282 -0.1511 1.2956, 3.139 0.0106 1.2312, 3.1495 0.1794 1.1949, 3.1594 0.3483 1.1869, 3.1696 0.518 1.2068, 3.1803 0.6846 1.2553, 3.191 0.8412 1.331, 3.2014 0.9813 1.4305, 3.2113 1.1012 1.5494, 3.2216 1.2017 1.6886, 3.2323 1.2786 1.8445, 3.243 1.3284 2.0108, 3.2533 1.3497 2.1805, 3.2631 1.3431 2.3494, 3.2736 1.3081 2.5184, 3.2844 1.245 2.6806, 3.295 1.1563 2.8292, 3.305 1.0463 2.9587, 3.315 0.9167 3.0686, 3.3257 0.768 3.1573, 3.3364 0.6057 3.2203, 3.3469 0.4368 3.2551, 3.3568 0.2679 3.2616, 3.367 0.0982 3.2402, 3.3777 -0.0681 3.1903, 3.3885 -0.2239 3.1132, 3.3988 -0.3631 3.0126, 3.4086 -0.4819 2.8927, 3.419 -0.5813 2.7524, 3.4298 -0.6569 2.5958, 3.4404 -0.7052 2.4291, 3.4506 -0.725 2.2595, 3.4605 -0.717 2.0905, 3.471 -0.6805 1.9218, 3.4818 -0.616 1.7601, 3.4924 -0.526 1.6123, 3.5024 -0.4151 1.4839, 3.5124 -0.2844 1.375, 3.5231 -0.1348 1.2876, 3.5338 0.028 1.226, 3.5443 0.1971 1.1927, 3.5542 0.366 1.1877, 3.5644 0.5356 1.2105, 3.5751 0.7015 1.2619, 3.5859 0.8567 1.3403, 3.5962 0.9948 1.442, 3.606 1.1126 1.563, 3.6164 1.2109 1.7042, 3.6272 1.2851 1.8615, 3.6378 1.332 2.0285, 3.648 1.3503 2.1981, 3.6579 1.3408 2.3671, 3.6684 1.3028 2.5357, 3.6792 1.2369 2.6968, 3.6898 1.1457 2.8437, 3.6997 1.0338 2.971, 3.7098 0.902 3.0789, 3.7205 0.7516 3.1651, 3.7313 0.5883 3.2252, 3.7417 0.419 3.257, 3.7515 0.2502 3.2607, 3.7618 0.0806 3.2363, 3.7725 -0.0849 3.1834, 3.7833 -0.2393 3.1037, 3.7935 -0.3765 3.001, 3.8034 -0.4933 2.879, 3.8138 -0.5904 2.7368, 3.8246 -0.6633 2.5788, 3.8352 -0.7086 2.4115, 3.8453 -0.7255 2.2419, 3.8553 -0.7145 2.0728, 3.8659 -0.6751 1.9044, 3.8766 -0.6077 1.7439, 3.8872 -0.5153 1.598, 3.8971 -0.4025 1.4717, 3.9072 -0.2696 1.3648, 3.9179 -0.1183 1.2799, 3.9287 0.0455 1.2212, 3.9391 0.2148 1.1909, 3.9489 0.3836 1.1887, 3.9592 0.5532 1.2146, 3.97 0.7183 1.2689, 3.9807 0.872 1.3499, 3.9909 1.008 1.4538, 4.0008 1.1238 1.5768, 4.0112 1.2198 1.72, 4.022 1.2913 1.8786, 4.0326 1.3352 2.0462, 4.0427 1.3506 2.2156, 4.0527 1.3381 2.3849, 4.0633 1.2972 2.553, 4.074 1.2285 2.7129, 4.0846 1.1349 2.858, 4.0945 1.021 2.9831, 4.1046 0.8871 3.089, 4.1153 0.735 3.1727, 4.1261 0.5708 3.2299, 4.1364 0.4013 3.2587, 4.1463 0.2325 3.2594, 4.1566 0.063 3.2321, 4.1674 -0.1017 3.1763, 4.1781 -0.2545 3.094, 4.1883 -0.3896 2.9891, 4.1981 -0.5044 2.865, 4.2086 -0.5992 2.7209, 4.2194 -0.6693 2.5616, 2.9206 1.1706 2.8172, 2.9099 1.2572 2.6662, 2.8991 1.3178 2.5022, 2.8887 1.3498 2.3322, 2.8789 1.3536 2.1625, 2.8686 1.3292 1.9921, 2.8578 1.2763 1.8258, 2.8471 1.1963 1.6707, 2.8368 1.0931 1.5328, 2.827 0.9707 1.4154, 2.8166 0.8279 1.3177, 2.8058 0.6692 1.2444, 2.7951 0.5011 1.1987, 2.785 0.3308 1.1816, 2.7751 0.1609 1.1926, 2.7645 -0.0082 1.232, 2.7538 -0.1695 1.2996, 2.7432 -0.3163 1.3923, 2.7333 -0.4432 1.5056, 2.7232 -0.5507 1.639, 2.7125 -0.6361 1.7909, 2.7017 -0.6951 1.9554, 2.6913 -0.7257 2.1255, 2.6815 -0.728 2.2952, 2.6712 -0.7022 2.4655, 2.6604 -0.6477 2.6314, 2.6497 -0.5664 2.7858, 2.6395 -0.4622 2.9226, 2.6296 -0.3387 3.0391, 2.6192 -0.1949 3.1356, 2.6084 -0.0356 3.2075, 2.5978 0.1328 3.2517, 2.5877 0.303 3.2673, 2.5777 0.473 3.2549, 2.5671 0.6419 3.2139, 2.5563 0.8026 3.145, 2.5458 0.9484 3.051, 2.5359 1.0742 2.9368, 2.5258 1.1807 2.8023, 2.5151 1.2648 2.6496, 2.5043 1.3224 2.4846, 2.4939 1.3515 2.3144, 2.4841 1.3524 2.1448, 2.4738 1.325 1.9745, 2.463 1.2691 1.809, 2.4523 1.1865 1.6554, 2.4421 1.0812 1.5196, 2.4322 0.9567 1.4042, 2.4217 0.8119 1.3089, 2.411 0.652 1.2383, 2.4004 0.4833 1.1956, 2.3903 0.3132 1.1815, 2.3803 0.1431 1.1953, 2.3697 -0.0256 1.2378, 2.3589 -0.1856 1.3081, 2.3484 -0.3305 1.4033, 2.3386 -0.4553 1.5186, 2.3284 -0.5607 1.6541, 2.3177 -0.6435 1.8076, 2.3069 -0.6997 1.973, 2.2966 -0.7273 2.1433, 2.2867 -0.7267 2.3129, 2.2764 -0.6978 2.4832, 2.2656 -0.6404 2.6482, 2.2549 -0.5565 2.801, 2.2447 -0.4502 2.9357, 2.2349 -0.3246 3.0501, 2.2243 -0.1789 3.1443, 2.2136 -0.0183 3.2135, 2.203 0.1506 3.2547, 2.193 0.3206 3.2673, 2.1829 0.4908 3.252, 2.1723 0.6592 3.208, 2.1615 0.8186 3.1363, 2.1511 0.9625 3.04, 2.1412 1.0862 2.9237, 2.131 1.1906 2.7871, 2.1202 1.2721 2.6328, 4.2504 -0.7165 2.3945, 4.2727 -0.7312 2.2244, 2.9306 1.0621 2.9496, 2.9406 0.9341 3.0619, 2.9512 0.7864 3.1534, 2.9619 0.6245 3.2196, 2.9725 0.4552 3.2575, 2.9824 0.2853 3.267, 2.9925 0.115 3.2485, 3.0032 -0.0528 3.2013, 3.014 -0.2108 3.1266, 3.0244 -0.3526 3.0278, 3.0342 -0.474 2.9093, 3.0445 -0.5761 2.7705, 3.0553 -0.6547 2.6145, 3.066 -0.7062 2.4478, 3.0762 -0.7291 2.2774, 3.0861 -0.7239 2.1077, 3.0965 -0.6903 1.9379, 3.1073 -0.6283 1.7744, 3.1179 -0.5404 1.6242, 3.128 -0.4309 1.4929, 3.138 -0.3018 1.3816, 3.1486 -0.1533 1.2913, 3.1594 0.0092 1.2266, 3.1699 0.1787 1.1901, 3.1798 0.3485 1.1821, 3.1899 0.5189 1.2021, 3.2006 0.6863 1.2508, 3.2114 0.8436 1.3268, 3.2218 0.9844 1.4268, 3.2316 1.1048 1.5462, 3.2419 1.2058 1.6861, 3.2527 1.2831 1.8428, 3.2634 1.3331 2.0099, 3.2736 1.3545 2.1803, 3.2835 1.3478 2.35, 3.294 1.3127 2.5197, 3.3047 1.2494 2.6827, 3.3153 1.1602 2.832, 3.3254 1.0497 2.9621, 3.3354 0.9195 3.0725, 3.346 0.7701 3.1616, 3.3568 0.6071 3.2249, 3.3673 0.4374 3.2598, 3.3771 0.2676 3.2664, 3.3873 0.0972 3.2449, 3.398 -0.0698 3.1947, 3.4088 -0.2264 3.1173, 3.4191 -0.3662 3.0163, 3.429 -0.4856 2.8958, 3.4393 -0.5854 2.7549, 3.4501 -0.6614 2.5975, 3.4608 -0.7099 2.4301, 3.4709 -0.7298 2.2597, 3.4808 -0.7217 2.0899, 3.4914 -0.6851 1.9204, 3.5021 -0.6203 1.758, 3.5127 -0.5299 1.6095, 3.5227 -0.4185 1.4805, 3.5328 -0.2871 1.3711, 3.5434 -0.1369 1.2833, 3.5542 0.0267 1.2214, 3.5646 0.1966 1.1879, 3.5745 0.3662 1.1829, 3.5847 0.5366 1.2059, 3.5955 0.7033 1.2575, 3.6062 0.8592 1.3362, 3.6165 0.998 1.4384, 3.6263 1.1163 1.5599, 3.6367 1.215 1.7018, 3.6475 1.2896 1.8598, 3.6582 1.3367 2.0276, 3.6683 1.3551 2.198, 3.6782 1.3455 2.3678, 3.6888 1.3074 2.5372, 3.6996 1.2412 2.699, 3.7101 1.1495 2.8466, 3.7201 1.0371 2.9745, 3.7302 0.9047 3.0829, 3.7408 0.7536 3.1695, 3.7516 0.5896 3.2299, 3.762 0.4195 3.2618, 3.7719 0.2499 3.2655, 3.7821 0.0795 3.241, 3.7929 -0.0868 3.1879, 3.8036 -0.2419 3.1078, 3.8139 -0.3796 3.0046, 3.8237 -0.497 2.882, 3.8341 -0.5946 2.7391, 3.8449 -0.6678 2.5804, 3.8556 -0.7134 2.4123, 3.8657 -0.7303 2.242, 3.8756 -0.7192 2.0721, 3.8862 -0.6797 1.903, 3.897 -0.612 1.7417, 3.9075 -0.5191 1.5951, 3.9174 -0.4058 1.4682, 3.9276 -0.2722 1.3608, 3.9382 -0.1203 1.2755, 3.949 0.0442 1.2166, 3.9594 0.2144 1.1861, 3.9692 0.384 1.1839, 3.9795 0.5543 1.2099, 3.9903 0.7202 1.2645, 4.001 0.8745 1.3459, 4.0112 1.0113 1.4502, 4.0211 1.1276 1.5738, 4.0316 1.224 1.7176, 4.0423 1.2959 1.877, 4.053 1.3399 2.0454, 4.063 1.3554 2.2156, 4.073 1.3429 2.3856, 4.0836 1.3018 2.5545, 4.0944 1.2327 2.7152, 4.1049 1.1387 2.8609, 4.1148 1.0243 2.9866, 4.125 0.8897 3.093, 4.1356 0.737 3.177, 4.1464 0.572 3.2345, 4.1568 0.4017 3.2635, 4.1666 0.2321 3.2642, 4.1769 0.0618 3.2368, 4.1877 -0.1036 3.1807, 4.1984 -0.2572 3.098, 4.2086 -0.3928 2.9927, 4.2185 -0.5082 2.868, 4.229 -0.6034 2.7232, 4.2397 -0.6739 2.5632, 1.8922 1.3755 0.0, 1.8922 1.8479 3.5866, 1.8922 1.8479 -1.063, 1.8922 1.2574 0.0, 1.8922 1.2574 0.7874, 1.8922 1.8454 3.606, 1.8922 1.7731 3.6614, 1.8922 1.3755 -1.063, 1.8922 1.8399 -1.1241, 1.8922 1.8163 -1.1811, 1.8922 -1.2204 3.606, 1.8922 -1.2129 3.624, 1.8922 -0.9473 3.6614, 1.8922 -0.6324 0.0, 1.8922 -1.2229 0.0, 1.8922 -0.6324 0.7874, 1.8922 -1.2229 3.5866, 1.8922 1.7787 -1.23, 1.8922 1.7298 -1.2676, 1.8922 1.6729 -1.2912, 1.8922 1.6117 -1.2992, 1.8922 1.5506 -1.2912, 1.8922 1.4936 -1.2676, 1.8922 1.4447 -1.23, 1.8922 1.4071 -1.1811, 1.8922 1.3835 -1.1241, 1.8922 1.5723 3.6614, 1.8922 1.5723 3.7362, 1.8922 1.5742 3.7196, 1.8922 -1.1481 3.6614, 1.8922 -1.0221 3.6614, 1.8922 -0.9847 3.6714, 1.8922 -0.9693 3.6833, 1.8922 0.0373 1.3177, 1.8922 0.0382 1.3192, 1.8922 0.0385 1.3202, 1.8922 1.5798 3.7038, 1.8922 1.5887 3.6896, 1.8922 1.6005 3.6777, 1.8922 -1.0028 3.664, 1.8922 0.0387 1.3222, 1.8922 0.0383 1.3244, 1.8922 0.0378 1.3256, 1.8922 -0.2051 1.5073, 1.8922 -0.2223 1.5237, 1.8922 0.0217 1.3434, 1.8922 -0.2757 1.5745, 1.8922 -0.9574 3.6988, 1.8922 -0.9499 3.7169, 1.8922 -0.9473 3.7362, 1.8922 0.0344 1.315, 1.8922 0.0293 1.3128, 1.8922 0.0283 1.3124, 1.8922 0.0351 1.3155, 1.8922 0.037 1.3172, 1.8922 0.0387 1.3218, 1.8922 1.6147 3.6688, 1.8922 1.6305 3.6633, 1.8922 1.6471 3.6614, 1.8922 -0.4524 1.8326, 1.8922 -0.4882 1.9233, 1.8922 0.0323 1.3336, 1.8922 -0.4901 1.9283, 1.8922 -0.4976 1.956, 1.8922 -0.0748 1.4088, 1.8922 -0.0789 1.4116, 1.8922 -0.0114 1.3671, 1.8922 -0.0822 1.4138, 1.8922 -0.1115 1.4341, 1.8922 -1.201 3.6395, 1.8922 -1.1855 3.6514, 1.8922 -1.1675 3.6589, 1.8922 1.7925 3.6589, 1.8922 1.8105 3.6514, 1.8922 1.826 3.6395, 1.8922 0.0092 1.3524, 1.8922 -0.1947 1.4993, 1.8922 -0.0525 1.3169, 1.8922 -0.0148 1.3124, 1.8922 0.0057 1.31, 1.8922 0.0094 1.3101, 1.8922 -0.517 2.0281, 1.8922 -0.5266 2.0903, 1.8922 0.0358 1.3293, 1.8922 -0.5316 2.1226, 1.8922 -0.5361 2.2244, 1.8922 -0.295 1.5969, 1.8922 -0.3451 1.6551, 1.8922 -0.3776 1.7028, 1.8922 -0.5374 1.6492, 1.8922 -0.5367 1.648, 1.8922 -0.1756 1.3564, 1.8922 -0.1416 1.3443, 1.8922 1.8379 3.624, 1.8922 -0.7295 2.2244, 1.8922 -0.7245 2.135, 1.8922 -0.3131 1.4321, 1.8922 -0.2636 1.401, 1.8922 -0.2613 1.3995, 1.8922 -0.1159 1.3352, 1.8922 -0.0892 1.3257, 1.8922 -0.3794 1.7054, 1.8922 -0.4045 1.7423, 1.8922 -0.4488 1.8259, 1.8922 -0.5058 1.6108, 1.8922 -0.4701 1.5678, 1.8922 -0.395 1.4952, 1.8922 -0.3942 1.4945, 1.8922 -0.3237 1.4403, 1.8922 -0.6699 1.899, 1.8922 -0.6438 1.8312, 1.8922 -0.6783 1.9207, 1.8922 -0.6003 1.7466, 1.8922 -0.5953 1.7369, 1.8922 -0.7129 2.0606, 1.8922 -0.7081 2.0293, 1.8922 -0.6802 1.9256, -2.7141 -0.7505 -0.0, -2.7141 -0.6324 -0.0, -2.5172 -0.7505 -0.0, -2.5172 -0.6324 -0.0, -2.5172 1.2574 0.7874, -2.5172 -0.6324 0.7874, -2.7141 1.2574 0.7874, -2.7141 -0.6324 0.7874, -1.966 -1.2229 0.7874, -2.4385 -1.2229 0.7874, -1.966 -1.0261 0.7874, -2.4385 -1.0261 0.7874, 1.341 -1.0261 0.7874, 1.8135 -1.0261 0.7874, 1.341 -1.2229 0.7874, 1.8135 -1.2229 0.7874, -1.3755 1.8479 0.4724, -1.1786 1.8479 0.4724, -1.3755 1.6511 0.4724, -1.1786 1.6511 0.4724, 0.5536 1.6511 0.4724, 0.5536 1.8479 0.4724, 0.7505 1.6511 0.4724, 0.7505 1.8479 0.4724, 0.5536 1.8479 0.7874, 0.5536 1.6511 0.7874, -1.1786 1.8479 0.7874, -1.1786 1.6511 0.7874, -2.4385 1.6511 0.7874, -2.4385 1.8479 0.7874, -1.966 1.6511 0.7874, -1.966 1.8479 0.7874, 1.8135 1.8479 0.7874, 1.8135 1.6511 0.7874, 1.341 1.8479 0.7874, 1.341 1.6511 0.7874, 1.8135 1.5723 3.937, 1.516 0.3125 3.937, 1.8135 -0.9473 3.937, 1.5123 0.2832 3.937, 1.4615 0.412 3.937, 1.4842 0.3931 3.937, 1.5015 0.3692 3.937, 1.5123 0.3418 3.937, 1.5015 0.2558 3.937, 1.4842 0.2319 3.937, 1.4615 0.213 3.937, 0.3856 0.7579 3.937, 0.4135 0.7589 3.937, 0.2888 0.6688 3.937, 0.2985 0.6949 3.937, 0.0024 0.8046 3.937, 0.3856 -0.1329 3.937, 0.3588 -0.1254 3.937, 0.0024 -0.1796 3.937, 0.4407 0.7533 3.937, 1.4349 0.4246 3.937, 1.4349 0.2004 3.937, 0.4407 -0.1283 3.937, 0.4135 -0.1339 3.937, 0.3345 -0.1119 3.937, 0.314 -0.0931 3.937, 0.2985 -0.0699 3.937, 0.314 0.7181 3.937, 0.3345 0.7369 3.937, 0.3588 0.7504 3.937, -2.4385 -0.9473 3.937, -0.3913 -0.1796 3.937, -2.4385 1.5723 3.937, -0.3913 0.8046 3.937, 0.2888 -0.0438 3.937, 0.2856 -0.0162 3.937, 0.2856 0.6412 3.937, 1.8135 1.5723 3.7402, 0.0024 0.8046 3.7402, -2.4385 1.5723 3.7402, -0.3913 0.8046 3.7402, -2.4385 -0.9473 3.7402, -0.3913 -0.1796 3.7402, 1.8135 -0.9473 3.7402, 0.0024 -0.1796 3.7402, 1.4842 0.2319 3.7402, 1.5015 0.2558 3.7402, 1.5015 0.3692 3.7402, 1.4842 0.3931 3.7402, 1.5123 0.2832 3.7402, 1.516 0.3125 3.7402, 1.5123 0.3418 3.7402, 0.314 0.7181 3.7402, 0.2985 0.6949 3.7402, 0.3345 0.7369 3.7402, 0.2888 0.6688 3.7402, 0.2856 0.6412 3.7402, 0.2856 -0.0162 3.7402, 0.2888 -0.0438 3.7402, 0.2985 -0.0699 3.7402, 0.314 -0.0931 3.7402, 0.3345 -0.1119 3.7402, 0.4407 -0.1283 3.7402, 1.4349 0.2004 3.7402, 1.4615 0.213 3.7402, 1.4615 0.412 3.7402, 1.4349 0.4246 3.7402, 0.4407 0.7533 3.7402, 0.3588 -0.1254 3.7402, 0.3856 -0.1329 3.7402, 0.4135 -0.1339 3.7402, 0.4135 0.7589 3.7402, 0.3856 0.7579 3.7402, 0.3588 0.7504 3.7402, -2.4385 1.6471 3.686, -2.4385 1.6471 3.9267, -2.4385 1.7101 3.9001, -2.4385 1.8479 3.6614, -2.4385 1.6511 3.6614, -2.4385 1.8385 3.7327, -2.4385 1.6484 3.6818, -2.4385 1.811 3.7992, -2.4385 1.7672 3.8563, 1.8135 1.6484 3.6818, 1.8135 1.6511 3.6614, 1.8135 1.8479 3.6614, 1.8135 1.7101 3.9001, 1.8135 1.6471 3.9267, 1.8135 1.6471 3.686, 1.8135 1.8385 3.7327, 1.8135 1.811 3.7992, 1.8135 1.7672 3.8563, -2.4539 1.6017 3.9354, -2.4604 1.5943 3.9361, 1.8289 1.6016 3.9354, 1.8235 1.6097 3.9345, -2.441 1.6278 3.9314, -2.4485 1.6097 3.9345, 1.8354 1.5943 3.9361, -2.4442 1.6185 3.9331, 1.8136 1.6437 3.9276, 1.8192 1.6186 3.9331, 1.816 1.6278 3.9314, -2.4386 1.6437 3.9276, -2.5133 1.5723 3.7402, -2.5035 1.573 3.7402, -2.4939 1.5749 3.7401, -2.4846 1.5781 3.74, -2.4759 1.5824 3.7395, -2.462 1.5927 3.7375, 1.8596 1.578 3.74, 1.8689 1.5749 3.7401, 1.8785 1.573 3.7402, 1.8883 1.5723 3.7402, 1.8235 1.6097 3.7307, 1.8288 1.6018 3.7345, 1.8226 1.6116 3.7295, -2.4604 1.5943 3.737, -2.4539 1.6017 3.7345, 1.8355 1.5943 3.7369, 1.837 1.5927 3.7375, 1.8509 1.5824 3.7395, -2.4486 1.6098 3.7305, -2.4474 1.6117 3.7296, 1.8186 1.62 3.7241, -2.4436 1.62 3.7241, 1.816 1.628 3.7171, 1.816 1.6278 3.7173, -2.441 1.6278 3.7173, -2.441 1.628 3.7171, 1.8145 1.6348 3.7094, 1.8138 1.6405 3.7008, -2.4395 1.6348 3.7094, -2.4388 1.6405 3.7008, 1.341 1.8479 0.4724, -1.966 1.8479 0.4724, -1.966 1.6511 0.4724, 1.341 1.6511 0.4724, 1.8135 -1.0221 3.686, 1.8135 -1.0221 3.9267, 1.8135 -1.0851 3.9001, 1.8135 -1.2229 3.6614, 1.8135 -1.0261 3.6614, 1.8135 -1.2135 3.7327, 1.8135 -1.0234 3.6818, 1.8135 -1.186 3.7992, 1.8135 -1.1422 3.8563, -2.4385 -1.0851 3.9001, -2.4385 -1.0221 3.9267, -2.4385 -1.0221 3.686, -2.4385 -1.1422 3.8563, -2.4385 -1.0261 3.6614, -2.4385 -1.2229 3.6614, -2.4385 -1.0234 3.6818, -2.4385 -1.2135 3.7327, -2.4385 -1.186 3.7992, 1.8289 -0.9767 3.9354, 1.8354 -0.9693 3.9361, -2.4539 -0.9766 3.9354, -2.4485 -0.9847 3.9345, 1.816 -1.0028 3.9314, 1.8235 -0.9847 3.9345, -2.4604 -0.9693 3.9361, 1.8192 -0.9935 3.9331, -2.4386 -1.0187 3.9276, -2.4442 -0.9936 3.9331, -2.441 -1.0028 3.9314, 1.8136 -1.0187 3.9276, 1.8883 -0.9473 3.7402, 1.8785 -0.948 3.7402, 1.8689 -0.9499 3.7401, 1.8596 -0.9531 3.74, 1.8509 -0.9574 3.7395, 1.837 -0.9677 3.7375, -2.4846 -0.953 3.74, -2.4939 -0.9499 3.7401, -2.5035 -0.948 3.7402, -2.5133 -0.9473 3.7402, -2.4485 -0.9847 3.7307, -2.4538 -0.9768 3.7345, -2.4476 -0.9866 3.7295, 1.8354 -0.9693 3.737, 1.8289 -0.9767 3.7345, -2.4605 -0.9694 3.7369, -2.462 -0.9677 3.7375, -2.4759 -0.9574 3.7395, 1.8236 -0.9848 3.7305, 1.8224 -0.9867 3.7296, -2.4436 -0.995 3.7241, 1.8186 -0.995 3.7241, -2.441 -1.003 3.7171, -2.441 -1.0028 3.7173, 1.816 -1.0028 3.7173, 1.816 -1.003 3.7171, -2.4395 -1.0098 3.7094, -2.4388 -1.0155 3.7008, 1.8145 -1.0098 3.7094, 1.8138 -1.0155 3.7008, -1.966 -1.2229 0.4724, -1.1786 -1.2229 0.7874, -1.3755 -1.2229 0.4724, -1.1786 -1.2229 0.4724, 0.5536 -1.2229 0.7874, 0.5536 -1.2229 0.4724, 0.7505 -1.2229 0.4724, 1.341 -1.2229 0.4724, 1.341 -1.0261 0.4724, 0.5536 -1.0261 0.7874, 0.7505 -1.0261 0.4724, 0.5536 -1.0261 0.4724, -1.1786 -1.0261 0.7874, -1.1786 -1.0261 0.4724, -1.3755 -1.0261 0.4724, -1.966 -1.0261 0.4724, 1.8339 1.5723 3.7375, 1.8895 1.5723 3.6818, 1.8883 1.5723 3.9267, 1.9513 1.5723 3.9001, 2.0084 1.5723 3.8563, 2.0522 1.5723 3.7992, 2.0787 1.5723 3.7362, 1.8817 1.5723 3.7008, 1.8692 1.5723 3.7171, 1.8529 1.5723 3.7296, 1.8895 -0.9473 3.6818, 1.8817 -0.9473 3.7008, 2.0787 -0.9473 3.7362, 2.0522 -0.9473 3.7992, 2.0084 -0.9473 3.8563, 1.9513 -0.9473 3.9001, 1.8883 -0.9473 3.9267, 1.8339 -0.9473 3.7375, 1.8529 -0.9473 3.7296, 1.8692 -0.9473 3.7171, 1.8509 -0.9574 3.9345, 1.8689 1.5749 3.9314, 1.8428 -0.9628 3.9354, 1.8848 -0.9474 3.9276, 1.8848 1.5724 3.9276, 1.8689 -0.9499 3.9314, 1.8597 -0.953 3.9331, 1.8597 1.578 3.9331, 1.8509 1.5824 3.9345, 1.8428 1.5878 3.9354, 2.0796 1.5727 3.7327, 2.0886 1.6005 3.6777, 2.0876 1.5887 3.6896, 2.0891 1.6305 3.6633, 2.089 1.6147 3.6688, 2.0852 -0.953 3.7076, 2.0865 -0.9574 3.6988, 2.0829 1.5742 3.7196, 2.0797 -0.9474 3.7327, 2.0834 -0.9499 3.7169, 2.0875 -0.9628 3.6907, 2.0882 -0.9693 3.6833, 2.0886 -0.9766 3.6769, 2.0889 -0.9847 3.6714, 2.089 -0.9935 3.6671, 2.0891 -1.0028 3.664, 2.0858 1.5798 3.7038, 2.0891 -1.0124 3.6621, -2.4589 -0.9473 3.7375, -2.5133 -0.9473 3.9267, -2.5763 -0.9473 3.9001, -2.6334 -0.9473 3.8563, -2.5172 -0.9473 3.7362, -2.6772 -0.9473 3.7992, -2.7037 -0.9473 3.7362, -2.5172 -0.9473 3.6614, -2.5145 -0.9473 3.6818, -2.5067 -0.9473 3.7008, -2.4942 -0.9473 3.7171, -2.4779 -0.9473 3.7296, -2.5172 1.5723 3.6614, -2.5172 1.5723 3.7362, -2.5145 1.5723 3.6818, -2.5067 1.5723 3.7008, -2.7037 1.5723 3.7362, -2.6772 1.5723 3.7992, -2.6334 1.5723 3.8563, -2.5763 1.5723 3.9001, -2.5133 1.5723 3.9267, -2.4589 1.5723 3.7375, -2.4779 1.5723 3.7296, -2.4942 1.5723 3.7171, -2.4759 1.5824 3.9345, -2.4939 -0.9499 3.9314, -2.4678 1.5878 3.9354, -2.5098 1.5724 3.9276, -2.5098 -0.9474 3.9276, -2.4939 1.5749 3.9314, -2.4847 1.578 3.9331, -2.4847 -0.953 3.9331, -2.4759 -0.9574 3.9345, -2.4678 -0.9628 3.9354, -2.7046 -0.9477 3.7327, -2.714 -0.9897 3.6688, -2.7141 1.6471 3.6614, -2.7141 -1.0055 3.6633, -2.7141 -1.0221 3.6614, -2.7108 1.5798 3.7038, -2.7108 -0.9548 3.7038, -2.7079 -0.9492 3.7196, -2.7046 1.5727 3.7327, -2.7079 1.5742 3.7196, -2.7136 1.6005 3.6777, -2.714 1.6147 3.6688, -2.7126 -0.9637 3.6896, -2.7126 1.5887 3.6896, -2.7136 -0.9755 3.6777, -2.7141 1.6305 3.6633, -2.7141 1.7731 3.6614, -2.5172 1.7731 3.6614, -2.5172 1.6471 3.6614, -2.5172 -1.2229 -1.063, -2.5172 -1.2229 3.5866, -2.7141 -1.2229 -1.063, -2.7141 -1.2229 3.5866, -2.5172 1.8479 3.5866, -2.5172 1.8479 -0.0, -2.7141 1.8479 3.5866, -2.7141 1.8479 -0.0, -2.7141 1.8454 3.606, -2.7141 1.2574 -0.0, -2.7141 -1.1481 3.6614, -2.7141 -0.7585 -1.1241, -2.7141 -0.7821 -1.1811, -2.7141 -0.8197 -1.23, -2.7141 -1.2149 -1.1241, -2.7141 -0.7505 -1.063, -2.7141 -1.2204 3.606, -2.7141 -1.2129 3.624, -2.7141 -1.201 3.6395, -2.7141 -1.1855 3.6514, -2.7141 -1.1675 3.6589, -2.7141 1.7925 3.6589, -2.7141 1.8105 3.6514, -2.7141 1.826 3.6395, -2.7141 1.8379 3.624, -2.7141 -0.8686 -1.2676, -2.7141 -0.9256 -1.2912, -2.7141 -1.1913 -1.1811, -2.7141 -1.1537 -1.23, -2.7141 -0.9867 -1.2992, -2.7141 -1.0479 -1.2912, -2.7141 -1.1048 -1.2676, -2.5172 1.2574 -0.0, -2.5172 1.6305 3.6633, -2.5172 1.6147 3.6688, -2.5172 1.6005 3.6777, -2.5172 1.5887 3.6896, -2.5172 -0.8686 -1.2676, -2.5172 -0.8197 -1.23, -2.5172 -1.2149 -1.1241, -2.5172 -0.7585 -1.1241, -2.5172 -0.7505 -1.063, -2.5172 -0.9548 3.7038, -2.5172 -0.9492 3.7196, -2.5172 -0.9637 3.6896, -2.5172 -0.9755 3.6777, -2.5172 -0.9897 3.6688, -2.5172 -1.0055 3.6633, -2.5172 -1.0221 3.6614, -2.5172 1.8454 3.606, -2.5172 1.8379 3.624, -2.5172 1.5798 3.7038, -2.5172 1.5742 3.7196, -2.5172 1.826 3.6395, -2.5172 1.8105 3.6514, -2.5172 1.7925 3.6589, -2.5172 -0.7821 -1.1811, -2.5172 -1.2129 3.624, -2.5172 -1.1675 3.6589, -2.5172 -1.201 3.6395, -2.5172 -1.1855 3.6514, -2.5172 -1.1481 3.6614, -2.5172 -1.2204 3.606, -2.5172 -0.9256 -1.2912, -2.5172 -1.1913 -1.1811, -2.5172 -1.1537 -1.23, -2.5172 -1.1048 -1.2676, -2.5172 -1.0479 -1.2912, -2.5172 -0.9867 -1.2992, 0.7505 1.6484 0.4521, 0.7505 1.8385 0.4011, 0.7505 1.6405 0.4331, 0.7505 1.811 0.3346, 0.7505 1.628 0.4168, 0.7505 1.7672 0.2776, 0.7505 1.6117 0.4042, 0.7505 1.7101 0.2338, 0.7505 1.5927 0.3964, 0.7505 1.6437 0.2062, 0.7505 1.5723 0.3937, 0.7505 1.5723 0.1969, 1.341 1.5723 0.3937, 1.341 1.5723 0.1969, 1.341 1.5927 0.3964, 1.341 1.6437 0.2062, 1.341 1.6117 0.4042, 1.341 1.7101 0.2338, 1.341 1.628 0.4168, 1.341 1.7672 0.2776, 1.341 1.6405 0.4331, 1.341 1.811 0.3346, 1.341 1.6484 0.4521, 1.341 1.8385 0.4011, 1.341 1.3755 0.3937, 1.341 1.3755 0.1969, 0.7505 1.3755 0.1969, 0.7505 1.3755 0.3937, -1.966 1.6484 0.4521, -1.966 1.8385 0.4011, -1.966 1.6405 0.4331, -1.966 1.811 0.3346, -1.966 1.628 0.4168, -1.966 1.7672 0.2776, -1.966 1.6117 0.4042, -1.966 1.7101 0.2338, -1.966 1.5927 0.3964, -1.966 1.6437 0.2062, -1.966 1.5723 0.3937, -1.966 1.5723 0.1969, -1.3755 1.5723 0.3937, -1.3755 1.5723 0.1969, -1.3755 1.5927 0.3964, -1.3755 1.6437 0.2062, -1.3755 1.6117 0.4042, -1.3755 1.7101 0.2338, -1.3755 1.628 0.4168, -1.3755 1.7672 0.2776, -1.3755 1.6405 0.4331, -1.3755 1.811 0.3346, -1.3755 1.6484 0.4521, -1.3755 1.8385 0.4011, -1.966 1.3755 0.1969, -1.966 1.3755 0.3937, -1.3755 1.3755 0.3937, -1.3755 1.3755 0.1969, 1.341 -1.0234 0.4521, 1.341 -1.2135 0.4011, 1.341 -1.0155 0.4331, 1.341 -1.186 0.3346, 1.341 -1.003 0.4168, 1.341 -1.1422 0.2776, 1.341 -0.9867 0.4042, 1.341 -1.0851 0.2338, 1.341 -0.9677 0.3964, 1.341 -1.0187 0.2062, 1.341 -0.9473 0.3937, 1.341 -0.9473 0.1969, 0.7505 -0.9473 0.3937, 0.7505 -0.9473 0.1969, 0.7505 -0.9677 0.3964, 0.7505 -1.0187 0.2062, 0.7505 -0.9867 0.4042, 0.7505 -1.0851 0.2338, 0.7505 -1.003 0.4168, 0.7505 -1.1422 0.2776, 0.7505 -1.0155 0.4331, 0.7505 -1.186 0.3346, 0.7505 -1.0234 0.4521, 0.7505 -1.2135 0.4011, 1.341 -0.7505 0.1969, 1.341 -0.7505 0.3937, 0.7505 -0.7505 0.3937, 0.7505 -0.7505 0.1969, -1.3755 -1.0234 0.4521, -1.3755 -1.2135 0.4011, -1.3755 -1.0155 0.4331, -1.3755 -1.186 0.3346, -1.3755 -1.003 0.4168, -1.3755 -1.1422 0.2776, -1.3755 -0.9867 0.4042, -1.3755 -1.0851 0.2338, -1.3755 -0.9677 0.3964, -1.3755 -1.0187 0.2062, -1.3755 -0.9473 0.3937, -1.3755 -0.9473 0.1969, -1.966 -0.9473 0.3937, -1.966 -0.9473 0.1969, -1.966 -0.9677 0.3964, -1.966 -1.0187 0.2062, -1.966 -0.9867 0.4042, -1.966 -1.0851 0.2338, -1.966 -1.003 0.4168, -1.966 -1.1422 0.2776, -1.966 -1.0155 0.4331, -1.966 -1.186 0.3346, -1.966 -1.0234 0.4521, -1.966 -1.2135 0.4011, -1.966 -0.7505 0.3937, -1.966 -0.7505 0.1969, -1.3755 -0.7505 0.1969, -1.3755 -0.7505 0.3937, 1.8794 -0.5325 2.0894, 1.8818 -0.4552 1.8225, 1.885 -0.3013 1.5905, 1.8853 -0.1081 1.351, 1.8746 -0.6618 1.9017, 1.8834 -0.7111 2.0609, 1.8644 -0.701 2.0625, 1.867 -0.5826 1.7558, 1.8851 -0.5968 1.7484, 1.8772 -0.4958 1.6182, 1.8738 -0.3772 1.5121, 1.8869 -0.3903 1.4985, 1.875 -0.2432 1.4301, 1.8835 -0.2558 1.412, 1.8823 -0.0976 1.3727, 1.8847 -0.0882 1.3924, 1.8822 -0.2044 1.4856, 1.8914 -0.3801 1.705, 1.8754 -0.3934 1.695, 1.8897 -0.4998 1.9553, 1.8745 -0.2168 1.4677, 1.872 -0.2294 1.4498, 1.8653 -0.3618 1.528, 1.8623 -0.345 1.5453, 1.8647 -0.3299 1.561, 1.8724 -0.3147 1.5766, 1.8628 -0.4089 1.6834, 1.8551 -0.4263 1.6704, 1.8526 -0.4437 1.6573, 1.8557 -0.463 1.6428, 1.8642 -0.4807 1.6295, 1.8652 -0.4692 1.8152, 1.8526 -0.4864 1.8062, 1.8449 -0.5056 1.7961, 1.8424 -0.525 1.786, 1.8454 -0.5463 1.7748, 1.854 -0.5659 1.7646, 1.8714 -0.5101 1.9519, 1.8547 -0.5251 1.947, 1.8422 -0.5435 1.9409, 1.8345 -0.5641 1.934, 1.832 -0.5848 1.9272, 1.835 -0.6077 1.9196, 1.8435 -0.6287 1.9126, 1.8566 -0.6466 1.9067, 1.8611 -0.5432 2.0877, 1.8445 -0.5588 2.0852, 1.8319 -0.5779 2.0821, 1.8242 -0.5994 2.0787, 1.8218 -0.6209 2.0753, 1.8248 -0.6448 2.0715, 1.8333 -0.6666 2.068, 1.8464 -0.6852 2.065, 1.8697 -0.5432 2.2244, 1.8515 -0.554 2.2244, 1.8348 -0.5699 2.2244, 1.8223 -0.5892 2.2244, 1.8145 -0.611 2.2244, 1.8121 -0.6328 2.2244, 1.8151 -0.6569 2.2244, 1.8236 -0.679 2.2244, 1.8367 -0.6979 2.2244, 1.8547 -0.7139 2.2244, 1.8737 -0.7241 2.2244, 4.2727 -0.6328 2.2244, 4.2727 -0.6328 2.2244
            ]
        }
        coordIndex [
            0,1,2,-1,2,1,3,-1,2,3,4,-1,5,6,7,-1,7,6,8,-1,7,8,9,-1,10,11,12,-1,5,7,3,-1,3,7,13,-1,3,13,14,-1,14,15,3,-1,3,15,16,-1,3,16,4,-1,9,8,12,-1,12,8,17,-1,12,17,10,-1,1,18,3,-1,3,18,19,-1,18,20,19,-1,19,20,21,-1,19,21,22,-1,23,24,25,-1,22,26,19,-1,19,26,27,-1,19,27,28,-1,29,30,31,-1,28,32,19,-1,19,32,23,-1,19,23,33,-1,33,23,25,-1,23,34,24,-1,24,34,29,-1,24,29,35,-1,35,29,31,-1,21,20,2,-1,2,20,0,-1,20,18,0,-1,0,18,1,-1,3,19,33,-1,3,33,5,-1,5,33,25,-1,5,25,6,-1,6,25,24,-1,6,24,8,-1,8,24,35,-1,8,35,17,-1,17,35,31,-1,17,31,10,-1,10,31,30,-1,10,30,11,-1,11,30,29,-1,11,29,12,-1,12,29,34,-1,12,34,9,-1,9,34,23,-1,9,23,7,-1,7,23,32,-1,7,32,13,-1,13,32,28,-1,13,28,14,-1,14,28,27,-1,14,27,15,-1,15,27,26,-1,15,26,16,-1,16,26,22,-1,16,22,4,-1,4,22,21,-1,4,21,2,-1,36,37,38,-1,38,39,36,-1,36,39,40,-1,36,40,41,-1,42,43,44,-1,44,43,45,-1,46,47,48,-1,48,47,43,-1,48,43,49,-1,49,43,42,-1,46,48,40,-1,40,48,50,-1,40,50,51,-1,51,52,40,-1,40,52,53,-1,40,53,41,-1,38,54,39,-1,39,54,55,-1,55,54,56,-1,57,58,59,-1,59,58,55,-1,59,55,60,-1,56,61,55,-1,55,61,62,-1,55,62,63,-1,63,64,55,-1,55,64,65,-1,55,65,60,-1,66,67,68,-1,68,67,69,-1,68,69,70,-1,66,68,59,-1,59,68,71,-1,59,71,57,-1,61,56,36,-1,36,56,37,-1,56,54,37,-1,37,54,38,-1,39,55,58,-1,39,58,40,-1,40,58,57,-1,40,57,46,-1,46,57,71,-1,46,71,47,-1,47,71,68,-1,47,68,43,-1,43,68,70,-1,43,70,45,-1,45,70,69,-1,45,69,44,-1,44,69,67,-1,44,67,42,-1,42,67,66,-1,42,66,49,-1,49,66,59,-1,49,59,48,-1,48,59,60,-1,48,60,50,-1,50,60,65,-1,50,65,51,-1,51,65,64,-1,51,64,52,-1,52,64,63,-1,52,63,53,-1,53,63,62,-1,53,62,41,-1,41,62,61,-1,41,61,36,-1,72,73,74,-1,74,73,75,-1,76,77,78,-1,79,80,81,-1,75,82,77,-1,77,82,83,-1,77,83,78,-1,77,84,75,-1,75,84,85,-1,75,85,86,-1,76,78,81,-1,81,78,87,-1,81,87,79,-1,86,88,75,-1,75,88,89,-1,75,89,74,-1,73,90,75,-1,75,90,91,-1,90,92,91,-1,91,92,93,-1,91,93,94,-1,95,96,97,-1,94,98,91,-1,91,98,99,-1,91,99,100,-1,101,102,103,-1,100,104,91,-1,91,104,95,-1,91,95,105,-1,105,95,97,-1,95,106,96,-1,96,106,101,-1,96,101,107,-1,107,101,103,-1,93,92,74,-1,74,92,72,-1,92,90,72,-1,72,90,73,-1,75,91,105,-1,75,105,82,-1,82,105,97,-1,82,97,83,-1,83,97,96,-1,83,96,78,-1,78,96,107,-1,78,107,87,-1,87,107,103,-1,87,103,79,-1,79,103,102,-1,79,102,80,-1,80,102,101,-1,80,101,81,-1,81,101,106,-1,81,106,76,-1,76,106,95,-1,76,95,77,-1,77,95,104,-1,77,104,84,-1,84,104,100,-1,84,100,85,-1,85,100,99,-1,85,99,86,-1,86,99,98,-1,86,98,88,-1,88,98,94,-1,88,94,89,-1,89,94,93,-1,89,93,74,-1,108,109,110,-1,111,112,113,-1,114,115,110,-1,110,115,116,-1,110,116,117,-1,118,119,110,-1,110,119,120,-1,110,120,121,-1,121,122,110,-1,110,122,123,-1,110,123,114,-1,108,110,113,-1,113,110,124,-1,113,124,111,-1,125,126,127,-1,112,128,113,-1,113,128,125,-1,113,125,129,-1,129,125,127,-1,129,127,130,-1,130,127,131,-1,109,132,110,-1,110,132,133,-1,110,133,118,-1,134,135,136,-1,137,138,139,-1,140,141,134,-1,142,143,144,-1,144,143,145,-1,144,145,136,-1,136,145,146,-1,136,146,134,-1,147,148,149,-1,149,148,150,-1,149,150,139,-1,150,151,139,-1,139,151,152,-1,139,152,153,-1,153,154,139,-1,139,154,155,-1,139,155,137,-1,156,157,158,-1,158,157,159,-1,158,159,160,-1,160,159,144,-1,144,159,161,-1,144,161,162,-1,163,164,139,-1,139,164,165,-1,139,165,166,-1,167,168,149,-1,149,168,169,-1,169,170,149,-1,149,170,171,-1,149,171,172,-1,149,173,174,-1,175,176,147,-1,177,178,179,-1,162,180,144,-1,144,180,181,-1,144,181,142,-1,134,141,139,-1,139,141,182,-1,139,182,183,-1,172,184,149,-1,149,184,185,-1,149,185,173,-1,175,147,186,-1,176,187,147,-1,147,187,188,-1,147,188,148,-1,148,188,189,-1,148,189,190,-1,190,191,148,-1,148,191,192,-1,148,192,179,-1,179,192,193,-1,179,193,177,-1,194,195,179,-1,179,195,196,-1,179,196,197,-1,197,196,198,-1,197,198,199,-1,199,200,197,-1,197,200,201,-1,197,201,202,-1,183,203,139,-1,139,203,204,-1,139,204,205,-1,206,207,149,-1,149,207,208,-1,149,208,167,-1,209,210,149,-1,178,211,179,-1,179,211,212,-1,179,212,194,-1,202,213,197,-1,197,213,214,-1,197,214,215,-1,216,217,134,-1,205,218,139,-1,139,218,219,-1,139,219,163,-1,166,220,139,-1,139,220,221,-1,139,221,149,-1,149,221,222,-1,149,222,206,-1,149,223,224,-1,225,226,147,-1,174,227,149,-1,149,227,228,-1,149,228,223,-1,225,147,229,-1,215,230,197,-1,197,230,231,-1,197,231,232,-1,224,233,149,-1,149,233,234,-1,149,234,235,-1,236,237,149,-1,149,237,238,-1,149,238,239,-1,226,240,147,-1,147,240,241,-1,147,241,186,-1,242,243,146,-1,146,243,244,-1,244,245,146,-1,146,245,246,-1,146,246,247,-1,247,248,146,-1,146,248,249,-1,146,249,250,-1,217,251,134,-1,134,251,252,-1,134,252,140,-1,235,253,149,-1,149,253,254,-1,149,254,209,-1,255,147,256,-1,256,147,257,-1,232,258,197,-1,197,258,259,-1,197,259,260,-1,260,259,261,-1,250,262,146,-1,146,262,263,-1,146,263,264,-1,265,266,134,-1,134,266,267,-1,134,267,268,-1,269,270,134,-1,134,270,271,-1,134,271,216,-1,210,272,149,-1,149,272,273,-1,149,273,274,-1,274,275,149,-1,149,275,276,-1,149,276,236,-1,242,146,277,-1,277,146,278,-1,277,278,279,-1,268,280,134,-1,134,280,281,-1,134,281,269,-1,255,282,147,-1,147,282,283,-1,147,283,229,-1,279,284,277,-1,277,284,285,-1,277,285,261,-1,261,285,286,-1,261,286,260,-1,264,287,146,-1,146,287,288,-1,146,288,289,-1,290,291,134,-1,292,293,134,-1,134,293,294,-1,134,294,295,-1,290,134,296,-1,291,297,134,-1,134,297,298,-1,134,298,292,-1,295,299,134,-1,134,299,300,-1,134,300,265,-1,289,301,146,-1,146,301,302,-1,146,302,134,-1,134,302,303,-1,134,303,296,-1,304,305,306,-1,307,308,309,-1,310,311,312,-1,313,314,315,-1,316,317,318,-1,319,320,321,-1,322,323,324,-1,325,326,327,-1,328,329,330,-1,331,332,333,-1,334,335,336,-1,337,338,339,-1,340,341,342,-1,343,344,345,-1,346,347,348,-1,349,350,351,-1,352,353,354,-1,355,356,357,-1,358,359,360,-1,361,362,363,-1,364,365,366,-1,367,368,369,-1,370,371,372,-1,373,374,375,-1,376,377,378,-1,379,380,381,-1,382,383,384,-1,385,386,387,-1,388,389,390,-1,391,392,393,-1,394,395,396,-1,397,398,399,-1,400,401,402,-1,403,404,405,-1,406,407,408,-1,409,410,411,-1,412,413,414,-1,415,416,417,-1,418,419,420,-1,421,422,423,-1,424,425,426,-1,427,428,429,-1,430,431,432,-1,433,434,435,-1,436,437,438,-1,439,440,441,-1,442,443,444,-1,445,446,447,-1,448,449,450,-1,451,452,453,-1,454,455,456,-1,457,458,459,-1,460,461,462,-1,463,464,465,-1,465,464,466,-1,467,468,469,-1,470,471,472,-1,473,474,475,-1,476,477,478,-1,479,480,481,-1,482,483,484,-1,485,486,487,-1,488,489,490,-1,491,492,493,-1,494,495,496,-1,497,498,499,-1,500,501,502,-1,503,504,505,-1,122,121,506,-1,119,118,507,-1,132,109,508,-1,131,127,509,-1,510,511,512,-1,513,514,515,-1,219,516,517,-1,298,297,518,-1,191,190,519,-1,282,255,520,-1,521,522,523,-1,524,525,526,-1,527,528,529,-1,523,522,530,-1,522,531,530,-1,530,531,532,-1,530,532,525,-1,525,532,533,-1,525,533,526,-1,534,535,523,-1,523,535,536,-1,523,536,521,-1,537,538,539,-1,537,539,540,-1,539,541,540,-1,540,541,542,-1,540,542,534,-1,534,542,543,-1,534,543,535,-1,538,537,544,-1,544,537,545,-1,544,545,546,-1,546,545,547,-1,547,545,548,-1,547,548,549,-1,550,551,548,-1,548,551,552,-1,548,552,549,-1,256,257,553,-1,255,256,520,-1,520,256,553,-1,520,553,550,-1,550,553,554,-1,550,554,551,-1,225,229,555,-1,555,229,283,-1,186,241,556,-1,556,241,240,-1,556,240,557,-1,519,190,558,-1,558,190,189,-1,558,189,188,-1,188,187,558,-1,558,187,176,-1,558,176,175,-1,559,211,178,-1,178,177,559,-1,559,177,193,-1,559,193,192,-1,196,560,198,-1,198,560,561,-1,198,561,199,-1,199,561,200,-1,196,195,560,-1,560,195,194,-1,560,194,212,-1,562,214,213,-1,562,213,563,-1,563,213,202,-1,563,202,201,-1,258,232,564,-1,564,232,231,-1,564,231,565,-1,565,231,230,-1,565,230,215,-1,566,261,567,-1,567,261,259,-1,244,243,568,-1,568,243,242,-1,568,242,566,-1,566,242,277,-1,566,277,261,-1,245,569,246,-1,246,569,570,-1,246,570,247,-1,262,250,571,-1,571,250,249,-1,571,249,570,-1,570,249,248,-1,570,248,247,-1,287,264,572,-1,572,264,263,-1,572,263,573,-1,301,289,574,-1,574,289,288,-1,575,296,303,-1,302,301,576,-1,576,301,574,-1,576,574,572,-1,572,574,288,-1,572,288,287,-1,296,575,290,-1,290,575,577,-1,290,577,291,-1,299,295,578,-1,578,295,294,-1,578,294,579,-1,579,294,293,-1,579,293,292,-1,265,300,580,-1,265,580,266,-1,581,280,582,-1,582,280,268,-1,582,268,267,-1,271,270,583,-1,583,270,269,-1,583,269,281,-1,217,216,584,-1,217,584,251,-1,251,584,585,-1,251,585,252,-1,586,141,140,-1,218,205,587,-1,587,205,204,-1,587,204,203,-1,219,517,163,-1,166,165,517,-1,517,165,164,-1,517,164,163,-1,184,172,588,-1,166,517,588,-1,588,517,589,-1,588,589,184,-1,222,221,588,-1,588,221,220,-1,588,220,166,-1,172,171,588,-1,588,171,170,-1,588,170,169,-1,208,207,588,-1,588,207,206,-1,588,206,222,-1,169,168,588,-1,588,168,167,-1,588,167,208,-1,224,223,590,-1,590,223,228,-1,590,228,589,-1,589,228,227,-1,589,227,174,-1,174,173,589,-1,589,173,185,-1,589,185,184,-1,209,254,591,-1,591,254,253,-1,235,234,592,-1,592,234,233,-1,592,233,593,-1,594,595,210,-1,274,273,595,-1,595,273,272,-1,595,272,210,-1,275,596,276,-1,276,596,597,-1,276,597,236,-1,236,597,237,-1,239,238,598,-1,598,238,599,-1,598,599,600,-1,600,599,601,-1,600,601,602,-1,602,601,603,-1,603,601,604,-1,603,604,605,-1,605,604,606,-1,606,604,607,-1,606,607,608,-1,609,610,611,-1,611,610,612,-1,611,612,613,-1,614,615,607,-1,607,615,616,-1,607,616,608,-1,617,618,619,-1,515,514,618,-1,618,514,620,-1,618,620,619,-1,512,511,515,-1,515,511,621,-1,515,621,513,-1,622,623,512,-1,512,623,624,-1,512,624,510,-1,110,623,124,-1,124,623,622,-1,124,622,111,-1,111,622,112,-1,126,125,625,-1,108,113,626,-1,626,113,129,-1,626,129,627,-1,131,509,130,-1,132,508,133,-1,502,505,123,-1,117,116,504,-1,504,116,115,-1,504,115,505,-1,505,115,114,-1,505,114,123,-1,502,501,505,-1,505,501,628,-1,505,628,503,-1,629,630,631,-1,629,631,632,-1,631,633,632,-1,632,633,634,-1,632,634,502,-1,502,634,635,-1,502,635,500,-1,630,629,636,-1,636,629,637,-1,636,637,638,-1,639,640,641,-1,641,640,642,-1,641,642,637,-1,637,642,643,-1,637,643,638,-1,644,645,639,-1,639,645,646,-1,639,646,640,-1,647,648,649,-1,529,650,527,-1,527,650,651,-1,527,651,647,-1,647,651,652,-1,647,652,648,-1,653,654,655,-1,656,657,658,-1,658,657,659,-1,658,659,660,-1,499,498,661,-1,498,662,661,-1,661,662,663,-1,661,663,654,-1,654,663,664,-1,654,664,655,-1,665,666,499,-1,499,666,667,-1,499,667,497,-1,668,669,670,-1,670,671,668,-1,668,671,672,-1,668,672,665,-1,665,672,673,-1,665,673,666,-1,674,675,669,-1,669,675,676,-1,669,676,670,-1,677,678,679,-1,679,678,680,-1,679,680,674,-1,674,680,681,-1,674,681,675,-1,677,679,682,-1,682,679,683,-1,682,683,684,-1,684,683,685,-1,684,685,686,-1,686,685,687,-1,687,685,688,-1,687,688,689,-1,689,688,690,-1,690,688,691,-1,690,691,692,-1,494,693,694,-1,692,691,693,-1,693,691,695,-1,693,695,694,-1,492,696,697,-1,697,696,698,-1,697,698,699,-1,700,701,493,-1,493,701,702,-1,493,702,491,-1,703,704,705,-1,705,706,703,-1,703,706,707,-1,703,707,700,-1,700,707,708,-1,700,708,701,-1,709,710,704,-1,704,710,711,-1,704,711,705,-1,488,712,489,-1,489,712,713,-1,489,713,709,-1,709,713,714,-1,709,714,710,-1,715,716,717,-1,717,716,718,-1,717,718,490,-1,490,718,719,-1,490,719,488,-1,486,485,717,-1,717,485,720,-1,717,720,715,-1,721,722,723,-1,723,722,724,-1,723,724,725,-1,726,727,728,-1,729,730,731,-1,484,483,730,-1,730,483,732,-1,730,732,731,-1,733,734,484,-1,484,734,735,-1,484,735,482,-1,736,737,738,-1,736,738,739,-1,738,740,739,-1,739,740,741,-1,739,741,733,-1,733,741,742,-1,733,742,734,-1,737,736,743,-1,743,736,744,-1,743,744,745,-1,745,744,746,-1,746,744,747,-1,746,747,748,-1,749,750,751,-1,751,750,752,-1,751,752,747,-1,747,752,753,-1,747,753,748,-1,754,755,756,-1,756,755,757,-1,756,757,749,-1,749,757,758,-1,749,758,750,-1,756,759,754,-1,754,759,760,-1,754,760,761,-1,761,760,762,-1,763,764,765,-1,763,765,766,-1,767,768,769,-1,769,768,766,-1,769,766,770,-1,770,766,765,-1,481,480,769,-1,769,480,771,-1,769,771,767,-1,772,773,481,-1,481,773,774,-1,481,774,479,-1,775,776,777,-1,777,778,775,-1,775,778,779,-1,775,779,772,-1,772,779,780,-1,772,780,773,-1,781,782,776,-1,776,782,783,-1,776,783,777,-1,476,784,477,-1,477,784,785,-1,477,785,781,-1,781,785,786,-1,781,786,782,-1,787,788,478,-1,478,788,789,-1,478,789,476,-1,790,791,787,-1,791,792,787,-1,787,792,793,-1,787,793,788,-1,728,794,726,-1,726,794,790,-1,726,790,795,-1,795,790,787,-1,796,797,798,-1,799,800,801,-1,802,803,804,-1,804,803,805,-1,804,805,797,-1,797,805,806,-1,797,806,798,-1,475,474,807,-1,808,809,475,-1,475,809,810,-1,475,810,473,-1,811,812,813,-1,813,814,811,-1,811,814,815,-1,811,815,808,-1,808,815,816,-1,808,816,809,-1,817,818,812,-1,812,818,819,-1,812,819,813,-1,820,821,822,-1,822,821,823,-1,822,823,817,-1,817,823,824,-1,817,824,818,-1,820,822,825,-1,825,822,826,-1,825,826,827,-1,827,826,828,-1,827,828,829,-1,829,828,830,-1,830,828,831,-1,830,831,832,-1,832,831,833,-1,832,833,834,-1,835,836,837,-1,838,839,840,-1,838,840,841,-1,842,843,844,-1,844,843,841,-1,844,841,845,-1,845,841,840,-1,472,471,844,-1,844,471,846,-1,844,846,842,-1,847,848,472,-1,472,848,849,-1,472,849,470,-1,850,851,852,-1,852,853,850,-1,850,853,854,-1,850,854,847,-1,847,854,855,-1,847,855,848,-1,856,857,851,-1,851,857,858,-1,851,858,852,-1,467,859,468,-1,468,859,860,-1,468,860,856,-1,856,860,861,-1,856,861,857,-1,862,863,469,-1,469,863,864,-1,469,864,467,-1,865,866,862,-1,862,866,867,-1,862,867,863,-1,801,868,799,-1,799,868,869,-1,799,869,865,-1,865,869,870,-1,865,870,866,-1,871,872,873,-1,874,875,876,-1,877,878,879,-1,879,880,877,-1,877,880,881,-1,877,881,872,-1,872,881,882,-1,872,882,873,-1,883,884,878,-1,878,884,885,-1,878,885,879,-1,886,887,888,-1,888,887,889,-1,890,891,892,-1,890,892,886,-1,886,892,893,-1,886,893,887,-1,891,890,894,-1,894,890,895,-1,894,895,896,-1,896,895,897,-1,897,895,898,-1,897,898,899,-1,900,901,898,-1,898,901,902,-1,898,902,899,-1,903,463,904,-1,904,463,465,-1,904,465,900,-1,900,465,466,-1,900,466,901,-1,905,906,907,-1,908,909,910,-1,911,912,913,-1,911,913,914,-1,915,916,917,-1,917,916,914,-1,917,914,918,-1,918,914,913,-1,462,461,917,-1,917,461,919,-1,917,919,915,-1,920,921,462,-1,462,921,922,-1,462,922,460,-1,923,924,925,-1,925,924,926,-1,925,926,920,-1,920,926,927,-1,920,927,921,-1,923,925,928,-1,928,925,929,-1,928,929,930,-1,930,929,931,-1,930,931,932,-1,933,934,931,-1,931,934,935,-1,931,935,932,-1,936,937,933,-1,933,937,938,-1,933,938,934,-1,939,940,936,-1,936,940,941,-1,936,941,937,-1,942,943,939,-1,939,943,944,-1,939,944,940,-1,876,945,874,-1,874,945,946,-1,874,946,942,-1,942,946,947,-1,942,947,943,-1,948,949,950,-1,951,952,953,-1,459,458,954,-1,458,955,954,-1,954,955,956,-1,954,956,949,-1,949,956,957,-1,949,957,950,-1,958,959,459,-1,459,959,960,-1,459,960,457,-1,961,962,963,-1,963,964,961,-1,961,964,965,-1,961,965,958,-1,958,965,966,-1,958,966,959,-1,967,968,962,-1,962,968,969,-1,962,969,963,-1,970,971,972,-1,972,971,973,-1,972,973,967,-1,967,973,974,-1,967,974,968,-1,970,972,975,-1,975,972,976,-1,975,976,977,-1,977,976,978,-1,978,976,979,-1,978,979,980,-1,980,979,981,-1,981,979,982,-1,981,982,983,-1,983,982,984,-1,984,982,985,-1,984,985,986,-1,987,988,989,-1,986,985,988,-1,988,985,990,-1,988,990,989,-1,991,992,993,-1,993,992,987,-1,993,987,994,-1,995,996,997,-1,997,996,998,-1,997,998,993,-1,993,998,999,-1,993,999,991,-1,1000,1001,1002,-1,1002,1001,1003,-1,1004,1005,1006,-1,1006,1007,1004,-1,1004,1007,1008,-1,1004,1008,1000,-1,1000,1008,1009,-1,1000,1009,1001,-1,1010,1011,1005,-1,1005,1011,1012,-1,1005,1012,1006,-1,1013,1014,1015,-1,1015,1014,1016,-1,1015,1016,1010,-1,1010,1016,1017,-1,1010,1017,1011,-1,1013,1015,1018,-1,1018,1015,1019,-1,1018,1019,1020,-1,1020,1019,1021,-1,1021,1019,1022,-1,1021,1022,1023,-1,1024,1025,1026,-1,1026,1025,1027,-1,953,1028,951,-1,951,1028,1029,-1,951,1029,1027,-1,1027,1029,1030,-1,1027,1030,1026,-1,1031,1032,1033,-1,1031,1033,1034,-1,1035,1036,1037,-1,1037,1036,1034,-1,1037,1034,1038,-1,1038,1034,1033,-1,456,455,1037,-1,1037,455,1039,-1,1037,1039,1035,-1,1040,1041,456,-1,456,1041,1042,-1,456,1042,454,-1,1043,1044,1045,-1,1045,1046,1043,-1,1043,1046,1047,-1,1043,1047,1040,-1,1040,1047,1048,-1,1040,1048,1041,-1,1049,1050,1044,-1,1044,1050,1051,-1,1044,1051,1045,-1,451,1052,452,-1,452,1052,1053,-1,452,1053,1049,-1,1049,1053,1054,-1,1049,1054,1050,-1,1055,1056,453,-1,453,1056,1057,-1,453,1057,451,-1,448,1058,449,-1,449,1058,1059,-1,449,1059,1055,-1,1055,1059,1060,-1,1055,1060,1056,-1,1061,1062,1063,-1,1064,1065,450,-1,450,1065,1066,-1,450,1066,448,-1,1067,1068,1069,-1,1069,1068,1070,-1,1069,1070,1062,-1,1062,1070,1071,-1,1062,1071,1063,-1,447,446,1072,-1,1073,1074,447,-1,447,1074,1075,-1,447,1075,445,-1,1076,1077,1078,-1,1076,1078,1079,-1,1078,1080,1079,-1,1079,1080,1081,-1,1079,1081,1073,-1,1073,1081,1082,-1,1073,1082,1074,-1,1077,1076,1083,-1,1083,1076,1084,-1,1083,1084,1085,-1,1085,1084,1086,-1,1086,1084,1087,-1,1086,1087,1088,-1,1089,1090,1091,-1,1091,1090,1092,-1,1091,1092,1093,-1,1093,1092,1094,-1,1093,1094,1087,-1,1087,1094,1095,-1,1087,1095,1088,-1,1091,1096,1089,-1,1089,1096,1097,-1,1089,1097,1098,-1,1098,1097,1099,-1,1100,1101,1102,-1,1103,1104,1105,-1,1103,1105,1106,-1,1107,1108,1109,-1,1109,1108,1106,-1,1109,1106,1110,-1,1110,1106,1105,-1,444,443,1109,-1,1109,443,1111,-1,1109,1111,1107,-1,1112,1113,444,-1,444,1113,1114,-1,444,1114,442,-1,1115,1116,1117,-1,1117,1116,1118,-1,1117,1118,1112,-1,1112,1118,1119,-1,1112,1119,1113,-1,1120,1121,1122,-1,1122,1121,1123,-1,1122,1123,1124,-1,1124,1123,1125,-1,1126,1127,1128,-1,1128,1127,1129,-1,1128,1129,1123,-1,1123,1129,1130,-1,1123,1130,1125,-1,1131,1132,1133,-1,1134,1135,1131,-1,1131,1135,1136,-1,1131,1136,1132,-1,1137,1138,1134,-1,1134,1138,1139,-1,1134,1139,1135,-1,439,1140,440,-1,440,1140,1141,-1,440,1141,1137,-1,1137,1141,1142,-1,1137,1142,1138,-1,1143,1144,1145,-1,1146,1147,441,-1,441,1147,1148,-1,441,1148,439,-1,438,437,1149,-1,437,1150,1149,-1,1149,1150,1151,-1,1149,1151,1144,-1,1144,1151,1152,-1,1144,1152,1145,-1,434,1153,435,-1,435,1153,1154,-1,435,1154,438,-1,438,1154,1155,-1,438,1155,436,-1,432,431,1156,-1,430,432,1157,-1,1157,432,1158,-1,1157,1158,1159,-1,428,1160,429,-1,429,1160,1161,-1,429,1161,1162,-1,1162,1161,1163,-1,1162,1163,1158,-1,1158,1163,1164,-1,1158,1164,1159,-1,429,1165,427,-1,427,1165,1166,-1,427,1166,1167,-1,1167,1166,1168,-1,1169,1170,1171,-1,1172,1173,1174,-1,1175,1176,1177,-1,1178,1179,1180,-1,1180,1179,1181,-1,1180,1181,1182,-1,1183,1184,1185,-1,1185,1184,1182,-1,1186,1187,1188,-1,1188,1187,1189,-1,1188,1189,1185,-1,1185,1189,1190,-1,1185,1190,1183,-1,1191,1192,1193,-1,1193,1192,1194,-1,1195,1196,1197,-1,1197,1198,1195,-1,1195,1198,1199,-1,1195,1199,1191,-1,1191,1199,1200,-1,1191,1200,1192,-1,1201,1202,1196,-1,1196,1202,1203,-1,1196,1203,1197,-1,424,1204,425,-1,425,1204,1205,-1,425,1205,1201,-1,1201,1205,1206,-1,1201,1206,1202,-1,1207,1208,426,-1,426,1208,1209,-1,426,1209,424,-1,1210,1211,1207,-1,1207,1211,1212,-1,1207,1212,1208,-1,1213,1214,1215,-1,1215,1214,1216,-1,1215,1216,1217,-1,1218,1219,1220,-1,1221,1222,1213,-1,1213,1222,1223,-1,1213,1223,1214,-1,423,422,1224,-1,422,1225,1224,-1,1224,1225,1226,-1,1224,1226,1219,-1,1219,1226,1227,-1,1219,1227,1220,-1,1228,1229,423,-1,423,1229,1230,-1,423,1230,421,-1,1231,1232,1233,-1,1231,1233,1234,-1,1233,1235,1234,-1,1234,1235,1236,-1,1234,1236,1228,-1,1228,1236,1237,-1,1228,1237,1229,-1,1232,1231,1238,-1,1238,1231,1239,-1,1238,1239,1240,-1,1240,1239,1241,-1,1241,1239,1242,-1,1241,1242,1243,-1,1244,1245,1242,-1,1242,1245,1246,-1,1242,1246,1243,-1,1247,1248,1244,-1,1244,1248,1249,-1,1244,1249,1245,-1,1250,1251,1247,-1,1247,1251,1252,-1,1247,1252,1248,-1,1180,1253,1178,-1,1178,1253,1254,-1,1178,1254,1250,-1,1250,1254,1255,-1,1250,1255,1251,-1,1256,1257,1258,-1,1259,1260,1261,-1,420,419,1262,-1,419,1263,1262,-1,1262,1263,1264,-1,1262,1264,1257,-1,1257,1264,1265,-1,1257,1265,1258,-1,1266,1267,420,-1,420,1267,1268,-1,420,1268,418,-1,1269,1270,1271,-1,1271,1272,1269,-1,1269,1272,1273,-1,1269,1273,1266,-1,1266,1273,1274,-1,1266,1274,1267,-1,1275,1276,1270,-1,1270,1276,1277,-1,1270,1277,1271,-1,1278,1279,1280,-1,1280,1279,1281,-1,1280,1281,1275,-1,1275,1281,1282,-1,1275,1282,1276,-1,1278,1280,1283,-1,1283,1280,1284,-1,1283,1284,1285,-1,1285,1284,1286,-1,1285,1286,1287,-1,1287,1286,1288,-1,1288,1286,1289,-1,1288,1289,1290,-1,1290,1289,1291,-1,1291,1289,1292,-1,1291,1292,1293,-1,1294,1295,1296,-1,1293,1292,1295,-1,1295,1292,1297,-1,1295,1297,1296,-1,1298,1299,1300,-1,1300,1299,1294,-1,417,416,1301,-1,1301,416,1302,-1,1301,1302,1300,-1,1300,1302,1303,-1,1300,1303,1298,-1,1304,1305,417,-1,417,1305,1306,-1,417,1306,415,-1,1307,1308,1309,-1,1309,1310,1307,-1,1307,1310,1311,-1,1307,1311,1304,-1,1304,1311,1312,-1,1304,1312,1305,-1,1313,1314,1308,-1,1308,1314,1315,-1,1308,1315,1309,-1,412,1316,413,-1,413,1316,1317,-1,413,1317,1313,-1,1313,1317,1318,-1,1313,1318,1314,-1,1319,1320,414,-1,414,1320,1321,-1,414,1321,412,-1,1322,1323,1319,-1,1319,1323,1324,-1,1319,1324,1320,-1,1261,1325,1259,-1,1259,1325,1326,-1,1259,1326,1327,-1,1327,1326,1328,-1,1327,1328,1329,-1,1330,1331,1332,-1,1333,1334,1335,-1,411,410,1336,-1,410,1337,1336,-1,1336,1337,1338,-1,1336,1338,1331,-1,1331,1338,1339,-1,1331,1339,1332,-1,1340,1341,411,-1,411,1341,1342,-1,411,1342,409,-1,1343,1344,1345,-1,1345,1346,1343,-1,1343,1346,1347,-1,1343,1347,1340,-1,1340,1347,1348,-1,1340,1348,1341,-1,1349,1350,1344,-1,1344,1350,1351,-1,1344,1351,1345,-1,1352,1353,1354,-1,1354,1353,1355,-1,1354,1355,1349,-1,1349,1355,1356,-1,1349,1356,1350,-1,1352,1354,1357,-1,1357,1354,1358,-1,1357,1358,1359,-1,1359,1358,1360,-1,1359,1360,1361,-1,1361,1360,1362,-1,1362,1360,1363,-1,1362,1363,1364,-1,1364,1363,1365,-1,1365,1363,1366,-1,1365,1366,1367,-1,1368,1369,1370,-1,1367,1366,1369,-1,1369,1366,1371,-1,1369,1371,1370,-1,1372,1373,1374,-1,1374,1373,1375,-1,1374,1375,1368,-1,407,1376,1372,-1,1372,1376,1377,-1,1372,1377,1373,-1,406,408,1378,-1,1379,1380,1381,-1,1382,1383,1384,-1,1385,1386,1387,-1,1388,1389,1390,-1,1391,1392,1393,-1,1392,1394,1393,-1,1393,1394,1395,-1,1393,1395,1396,-1,1397,1398,1399,-1,1399,1398,1400,-1,1399,1400,1401,-1,1402,1403,1404,-1,1405,1406,1407,-1,399,398,1406,-1,1406,398,1408,-1,1406,1408,1407,-1,1409,1410,399,-1,399,1410,1411,-1,399,1411,397,-1,1412,1413,1414,-1,1412,1414,1415,-1,1414,1416,1415,-1,1415,1416,1417,-1,1415,1417,1409,-1,1409,1417,1418,-1,1409,1418,1410,-1,1413,1412,1419,-1,1419,1412,1420,-1,1419,1420,1421,-1,1421,1420,1422,-1,1422,1420,1423,-1,1422,1423,1424,-1,1425,1426,1427,-1,1427,1426,1428,-1,1427,1428,1423,-1,1423,1428,1429,-1,1423,1429,1424,-1,1430,1431,1432,-1,1432,1433,1430,-1,1430,1433,1434,-1,1430,1434,1425,-1,1425,1434,1435,-1,1425,1435,1426,-1,1436,1437,1438,-1,1439,1440,1441,-1,1439,1441,1442,-1,1443,1444,1445,-1,1445,1444,1442,-1,1445,1442,1446,-1,1446,1442,1441,-1,396,395,1445,-1,1445,395,1447,-1,1445,1447,1443,-1,1448,1449,396,-1,396,1449,1450,-1,396,1450,394,-1,1451,1452,1453,-1,1453,1454,1451,-1,1451,1454,1455,-1,1451,1455,1448,-1,1448,1455,1456,-1,1448,1456,1449,-1,1457,1458,1452,-1,1452,1458,1459,-1,1452,1459,1453,-1,391,1460,392,-1,392,1460,1461,-1,392,1461,1457,-1,1457,1461,1462,-1,1457,1462,1458,-1,1463,1464,393,-1,393,1464,1465,-1,393,1465,391,-1,1466,1467,1463,-1,1463,1467,1468,-1,1463,1468,1464,-1,1404,1469,1402,-1,1402,1469,1470,-1,1402,1470,1466,-1,1466,1470,1471,-1,1466,1471,1467,-1,1472,1473,1474,-1,1474,1473,1475,-1,1474,1475,1476,-1,1477,1478,1479,-1,1480,1481,1482,-1,390,389,1481,-1,1481,389,1483,-1,1481,1483,1482,-1,1484,1485,390,-1,390,1485,1486,-1,390,1486,388,-1,1487,1488,1489,-1,1487,1489,1490,-1,1489,1491,1490,-1,1490,1491,1492,-1,1490,1492,1484,-1,1484,1492,1493,-1,1484,1493,1485,-1,1488,1487,1494,-1,1494,1487,1495,-1,1494,1495,1496,-1,1496,1495,1497,-1,1497,1495,1498,-1,1497,1498,1499,-1,1500,1501,1502,-1,1502,1501,1503,-1,1502,1503,1498,-1,1498,1503,1504,-1,1498,1504,1499,-1,1505,1506,1507,-1,1507,1506,1508,-1,1507,1508,1500,-1,1500,1508,1509,-1,1500,1509,1501,-1,1507,1510,1505,-1,1505,1510,1511,-1,1505,1511,1512,-1,1512,1511,1513,-1,1514,1515,1516,-1,1514,1516,1517,-1,1518,1519,1517,-1,1520,1521,1518,-1,1518,1521,1522,-1,1518,1522,1519,-1,386,1523,1524,-1,1524,1523,1525,-1,1524,1525,1520,-1,385,387,1526,-1,1527,1528,1529,-1,1529,1528,1530,-1,1529,1530,1526,-1,1531,1532,1527,-1,1527,1532,1533,-1,1527,1533,1528,-1,382,1534,383,-1,383,1534,1535,-1,383,1535,1531,-1,1531,1535,1536,-1,1531,1536,1532,-1,1537,1538,384,-1,384,1538,1539,-1,384,1539,382,-1,1540,1541,1537,-1,1541,1542,1537,-1,1537,1542,1543,-1,1537,1543,1538,-1,1479,1544,1477,-1,1477,1544,1540,-1,1477,1540,1545,-1,1545,1540,1537,-1,1546,1547,1548,-1,1549,1550,1551,-1,1551,1550,1552,-1,1551,1552,1553,-1,381,380,1554,-1,380,1555,1554,-1,1554,1555,1556,-1,1554,1556,1547,-1,1547,1556,1557,-1,1547,1557,1548,-1,1558,1559,381,-1,381,1559,1560,-1,381,1560,379,-1,1561,1562,1563,-1,1563,1564,1561,-1,1561,1564,1565,-1,1561,1565,1558,-1,1558,1565,1566,-1,1558,1566,1559,-1,1567,1568,1562,-1,1562,1568,1569,-1,1562,1569,1563,-1,1570,1571,1572,-1,1572,1571,1573,-1,1572,1573,1567,-1,1567,1573,1574,-1,1567,1574,1568,-1,1570,1572,1575,-1,1575,1572,1576,-1,1575,1576,1577,-1,1577,1576,1578,-1,1577,1578,1579,-1,1579,1578,1580,-1,1580,1578,1581,-1,1580,1581,1582,-1,1582,1581,1583,-1,1583,1581,1584,-1,1583,1584,1585,-1,1586,1587,1588,-1,1585,1584,1587,-1,1587,1584,1589,-1,1587,1589,1588,-1,1590,1591,1586,-1,377,1592,1593,-1,1593,1592,1594,-1,1593,1594,1590,-1,1590,1594,1595,-1,1590,1595,1591,-1,1596,1597,378,-1,378,1597,1598,-1,378,1598,376,-1,1599,1600,1601,-1,1601,1602,1599,-1,1599,1602,1603,-1,1599,1603,1596,-1,1596,1603,1604,-1,1596,1604,1597,-1,1605,1606,1600,-1,1600,1606,1607,-1,1600,1607,1601,-1,373,1608,374,-1,374,1608,1609,-1,374,1609,1605,-1,1605,1609,1610,-1,1605,1610,1606,-1,1611,1612,1613,-1,1613,1612,1614,-1,1613,1614,375,-1,375,1614,1615,-1,375,1615,373,-1,371,370,1613,-1,1613,370,1616,-1,1613,1616,1611,-1,1617,1618,1619,-1,1619,1618,1620,-1,1619,1620,1621,-1,1622,1623,1624,-1,1624,1623,1621,-1,1624,1621,1625,-1,1626,1627,1624,-1,1624,1627,1628,-1,1624,1628,1622,-1,368,1629,369,-1,369,1629,1630,-1,369,1630,1626,-1,1626,1630,1631,-1,1626,1631,1627,-1,1632,1633,1634,-1,1634,1633,1635,-1,1634,1635,1636,-1,1636,1635,1637,-1,1637,1635,1638,-1,1637,1638,1639,-1,1640,1641,1642,-1,1642,1641,1643,-1,1642,1643,1638,-1,1638,1643,1644,-1,1638,1644,1639,-1,1645,1646,1640,-1,1640,1646,1647,-1,1640,1647,1641,-1,1648,1649,1645,-1,1645,1649,1650,-1,1645,1650,1646,-1,364,1651,365,-1,365,1651,1652,-1,365,1652,1653,-1,1653,1652,1654,-1,1653,1654,1655,-1,1656,1657,1658,-1,1659,1660,366,-1,366,1660,1661,-1,366,1661,364,-1,363,362,1662,-1,362,1663,1662,-1,1662,1663,1664,-1,1662,1664,1657,-1,1657,1664,1665,-1,1657,1665,1658,-1,1666,1667,363,-1,363,1667,1668,-1,363,1668,361,-1,1669,1670,1671,-1,1669,1671,1672,-1,1671,1673,1672,-1,1672,1673,1674,-1,1672,1674,1666,-1,1666,1674,1675,-1,1666,1675,1667,-1,1670,1669,1676,-1,1676,1669,1677,-1,1676,1677,1678,-1,1678,1677,1679,-1,1679,1677,1680,-1,1679,1680,1681,-1,1682,1683,1680,-1,1680,1683,1684,-1,1680,1684,1681,-1,1685,1686,1682,-1,1682,1686,1687,-1,1682,1687,1683,-1,1688,1689,1685,-1,1685,1689,1690,-1,1685,1690,1686,-1,1619,1691,1617,-1,1617,1691,1692,-1,1617,1692,1688,-1,1688,1692,1693,-1,1688,1693,1689,-1,1694,1695,1696,-1,1694,1696,1697,-1,1698,1699,1700,-1,1700,1699,1697,-1,1700,1697,1701,-1,1701,1697,1696,-1,360,359,1700,-1,1700,359,1702,-1,1700,1702,1698,-1,1703,1704,360,-1,360,1704,1705,-1,360,1705,358,-1,1706,1707,1708,-1,1706,1708,1709,-1,1708,1710,1709,-1,1709,1710,1711,-1,1709,1711,1703,-1,1703,1711,1712,-1,1703,1712,1704,-1,1707,1706,1713,-1,1713,1706,1714,-1,1713,1714,1715,-1,1715,1714,1716,-1,1716,1714,1717,-1,1716,1717,1718,-1,1719,1720,1717,-1,1717,1720,1721,-1,1717,1721,1718,-1,1722,1723,1719,-1,1719,1723,1724,-1,1719,1724,1720,-1,355,1725,356,-1,356,1725,1726,-1,356,1726,1722,-1,1722,1726,1727,-1,1722,1727,1723,-1,1728,1729,1730,-1,1731,1732,357,-1,357,1732,1733,-1,357,1733,355,-1,1734,1735,1729,-1,1729,1735,1736,-1,1729,1736,1730,-1,353,1737,354,-1,354,1737,1738,-1,354,1738,1734,-1,1734,1738,1739,-1,1734,1739,1735,-1,1740,1741,1742,-1,1743,1744,1745,-1,1745,1746,1743,-1,1743,1746,1747,-1,1743,1747,1741,-1,1741,1747,1748,-1,1741,1748,1742,-1,1749,1750,1744,-1,1744,1750,1751,-1,1744,1751,1745,-1,1752,1753,1754,-1,1754,1753,1755,-1,1754,1755,1749,-1,1749,1755,1756,-1,1749,1756,1750,-1,1752,1754,1757,-1,1757,1754,1758,-1,1757,1758,1759,-1,1759,1758,1760,-1,1760,1758,1761,-1,1760,1761,1762,-1,1762,1761,1763,-1,1762,1763,1764,-1,1765,1766,1767,-1,1768,1769,1770,-1,1771,1772,1773,-1,1774,1775,1776,-1,351,350,1777,-1,350,1778,1777,-1,1777,1778,1779,-1,1777,1779,1772,-1,1772,1779,1780,-1,1772,1780,1773,-1,1781,1782,351,-1,351,1782,1783,-1,351,1783,349,-1,1784,1785,1786,-1,1786,1787,1784,-1,1784,1787,1788,-1,1784,1788,1781,-1,1781,1788,1789,-1,1781,1789,1782,-1,1790,1791,1785,-1,1785,1791,1792,-1,1785,1792,1786,-1,1793,1794,1795,-1,1795,1794,1796,-1,1795,1796,1790,-1,1790,1796,1797,-1,1790,1797,1791,-1,1793,1795,1798,-1,1798,1795,1799,-1,1798,1799,1800,-1,1800,1799,1801,-1,1800,1801,1802,-1,1802,1801,1803,-1,1803,1801,1804,-1,1803,1804,1805,-1,1805,1804,1806,-1,1806,1804,1807,-1,1806,1807,1808,-1,1809,1810,1811,-1,1808,1807,1810,-1,1810,1807,1812,-1,1810,1812,1811,-1,1813,1814,1815,-1,1815,1814,1809,-1,348,347,1816,-1,1816,347,1817,-1,1816,1817,1815,-1,1815,1817,1818,-1,1815,1818,1813,-1,1819,1820,348,-1,348,1820,1821,-1,348,1821,346,-1,1822,1823,1824,-1,1824,1825,1822,-1,1822,1825,1826,-1,1822,1826,1819,-1,1819,1826,1827,-1,1819,1827,1820,-1,1828,1829,1823,-1,1823,1829,1830,-1,1823,1830,1824,-1,343,1831,344,-1,344,1831,1832,-1,344,1832,1828,-1,1828,1832,1833,-1,1828,1833,1829,-1,1834,1835,345,-1,345,1835,1836,-1,345,1836,343,-1,1837,1838,1834,-1,1834,1838,1839,-1,1834,1839,1835,-1,1776,1840,1774,-1,1774,1840,1841,-1,1774,1841,1842,-1,1842,1841,1843,-1,1842,1843,1844,-1,1845,1846,1847,-1,1848,1849,1850,-1,342,341,1851,-1,341,1852,1851,-1,1851,1852,1853,-1,1851,1853,1846,-1,1846,1853,1854,-1,1846,1854,1847,-1,1855,1856,342,-1,342,1856,1857,-1,342,1857,340,-1,1858,1859,1860,-1,1860,1859,1861,-1,1860,1861,1855,-1,1855,1861,1862,-1,1855,1862,1856,-1,1863,1864,1865,-1,1865,1864,1866,-1,1865,1866,1867,-1,1867,1866,1868,-1,339,338,1866,-1,1866,338,1869,-1,1866,1869,1868,-1,1870,1871,1872,-1,339,1873,337,-1,337,1873,1870,-1,337,1870,1874,-1,1874,1870,1872,-1,1875,1876,1877,-1,1878,1879,1880,-1,1881,1882,1883,-1,1884,1885,1886,-1,1887,1888,1889,-1,1889,1888,1890,-1,1891,1892,1893,-1,1893,1892,1887,-1,1893,1887,1894,-1,336,335,1893,-1,1893,335,1895,-1,1893,1895,1891,-1,1896,1897,1898,-1,1898,1897,1899,-1,1898,1899,336,-1,336,1899,1900,-1,336,1900,334,-1,1901,1902,1903,-1,1903,1902,1904,-1,1905,1906,1907,-1,1907,1906,1908,-1,1907,1908,1901,-1,1901,1908,1909,-1,1901,1909,1902,-1,1905,1907,1910,-1,1910,1907,1911,-1,1910,1911,1912,-1,1912,1911,1913,-1,1912,1913,1914,-1,1915,1916,1913,-1,1913,1916,1917,-1,1913,1917,1914,-1,1918,1919,1920,-1,1920,1919,1921,-1,1920,1921,1922,-1,1923,1924,1918,-1,1918,1924,1925,-1,1918,1925,1919,-1,1850,1926,1848,-1,1848,1926,1927,-1,1848,1927,1923,-1,1923,1927,1928,-1,1923,1928,1924,-1,1929,1930,1931,-1,1932,1933,1934,-1,1935,1936,1937,-1,1937,1936,1938,-1,1937,1938,1930,-1,1930,1938,1939,-1,1930,1939,1931,-1,333,332,1940,-1,1941,1942,333,-1,333,1942,1943,-1,333,1943,331,-1,1944,1945,1946,-1,1946,1947,1944,-1,1944,1947,1948,-1,1944,1948,1941,-1,1941,1948,1949,-1,1941,1949,1942,-1,1950,1951,1945,-1,1945,1951,1952,-1,1945,1952,1946,-1,1953,1954,1955,-1,1955,1954,1956,-1,1955,1956,1950,-1,1950,1956,1957,-1,1950,1957,1951,-1,1953,1955,1958,-1,1958,1955,1959,-1,1958,1959,1960,-1,1960,1959,1961,-1,1961,1959,1962,-1,1961,1962,1963,-1,1963,1962,1964,-1,1963,1964,1965,-1,1966,1967,1968,-1,1969,1970,1971,-1,1972,1973,1974,-1,1972,1974,1975,-1,1976,1977,1978,-1,1978,1977,1975,-1,1978,1975,1979,-1,1979,1975,1974,-1,330,329,1978,-1,1978,329,1980,-1,1978,1980,1976,-1,1981,1982,330,-1,330,1982,1983,-1,330,1983,328,-1,1984,1985,1986,-1,1986,1987,1984,-1,1984,1987,1988,-1,1984,1988,1981,-1,1981,1988,1989,-1,1981,1989,1982,-1,1990,1991,1985,-1,1985,1991,1992,-1,1985,1992,1986,-1,325,1993,326,-1,326,1993,1994,-1,326,1994,1990,-1,1990,1994,1995,-1,1990,1995,1991,-1,1996,1997,327,-1,327,1997,1998,-1,327,1998,325,-1,1999,2000,1996,-1,1996,2000,2001,-1,1996,2001,1997,-1,1934,2002,1932,-1,1932,2002,2003,-1,1932,2003,1999,-1,1999,2003,2004,-1,1999,2004,2000,-1,2005,2006,2007,-1,2008,2009,2010,-1,2011,2012,2013,-1,2013,2012,2014,-1,2013,2014,2006,-1,2006,2014,2015,-1,2006,2015,2007,-1,324,323,2016,-1,2017,2018,324,-1,324,2018,2019,-1,324,2019,322,-1,2020,2021,2022,-1,2022,2023,2020,-1,2020,2023,2024,-1,2020,2024,2017,-1,2017,2024,2025,-1,2017,2025,2018,-1,2026,2027,2021,-1,2021,2027,2028,-1,2021,2028,2022,-1,2029,2030,2031,-1,2031,2030,2032,-1,2031,2032,2026,-1,2026,2032,2033,-1,2026,2033,2027,-1,2029,2031,2034,-1,2034,2031,2035,-1,2034,2035,2036,-1,2036,2035,2037,-1,2036,2037,2038,-1,2038,2037,2039,-1,2039,2037,2040,-1,2039,2040,2041,-1,2041,2040,2042,-1,2041,2042,2043,-1,2044,2045,2046,-1,2047,2048,2049,-1,2047,2049,2050,-1,2051,2052,2053,-1,2053,2052,2050,-1,2053,2050,2054,-1,2054,2050,2049,-1,321,320,2053,-1,2053,320,2055,-1,2053,2055,2051,-1,2056,2057,321,-1,321,2057,2058,-1,321,2058,319,-1,2059,2060,2061,-1,2061,2062,2059,-1,2059,2062,2063,-1,2059,2063,2056,-1,2056,2063,2064,-1,2056,2064,2057,-1,2065,2066,2060,-1,2060,2066,2067,-1,2060,2067,2061,-1,316,2068,317,-1,317,2068,2069,-1,317,2069,2065,-1,2065,2069,2070,-1,2065,2070,2066,-1,2071,2072,318,-1,318,2072,2073,-1,318,2073,316,-1,2074,2075,2071,-1,2071,2075,2076,-1,2071,2076,2072,-1,2010,2077,2008,-1,2008,2077,2078,-1,2008,2078,2074,-1,2074,2078,2079,-1,2074,2079,2075,-1,2080,2081,2082,-1,2083,2084,2085,-1,2085,2084,2086,-1,2085,2086,2087,-1,315,314,2086,-1,2086,314,2088,-1,2086,2088,2087,-1,2089,2090,315,-1,315,2090,2091,-1,315,2091,313,-1,2092,2093,2094,-1,2092,2094,2095,-1,2094,2096,2095,-1,2095,2096,2097,-1,2095,2097,2089,-1,2089,2097,2098,-1,2089,2098,2090,-1,2093,2092,2099,-1,2099,2092,2100,-1,2099,2100,2101,-1,2101,2100,2102,-1,2102,2100,2103,-1,2102,2103,2104,-1,2105,2106,2107,-1,2107,2106,2108,-1,2107,2108,2103,-1,2103,2108,2109,-1,2103,2109,2104,-1,2110,2111,2105,-1,2105,2111,2112,-1,2105,2112,2106,-1,311,310,2113,-1,2113,310,2114,-1,2113,2114,2110,-1,2110,2114,2115,-1,2110,2115,2111,-1,2116,2117,2118,-1,2116,2118,2119,-1,2120,2121,2119,-1,2122,2123,2120,-1,2120,2123,2124,-1,2120,2124,2121,-1,2125,2126,2127,-1,2127,2126,2128,-1,2127,2128,2122,-1,2129,2130,2131,-1,2131,2132,2129,-1,2129,2132,2133,-1,2129,2133,2134,-1,2134,2133,2135,-1,2134,2135,2125,-1,2136,2137,2130,-1,2130,2137,2138,-1,2130,2138,2131,-1,307,2139,308,-1,308,2139,2140,-1,308,2140,2136,-1,2136,2140,2141,-1,2136,2141,2137,-1,2142,2143,309,-1,309,2143,2144,-1,309,2144,307,-1,2145,2146,2147,-1,2147,2146,2148,-1,2147,2148,2149,-1,2149,2148,2150,-1,2149,2150,2142,-1,2142,2150,2151,-1,2142,2151,2143,-1,2152,2153,2154,-1,2155,2156,2157,-1,306,305,2158,-1,305,2159,2158,-1,2158,2159,2160,-1,2158,2160,2153,-1,2153,2160,2161,-1,2153,2161,2154,-1,2162,2163,306,-1,306,2163,2164,-1,306,2164,304,-1,2165,2166,2167,-1,2167,2168,2165,-1,2165,2168,2169,-1,2165,2169,2162,-1,2162,2169,2170,-1,2162,2170,2163,-1,2171,2172,2166,-1,2166,2172,2173,-1,2166,2173,2167,-1,2174,2175,2176,-1,2176,2175,2177,-1,2176,2177,2171,-1,2171,2177,2178,-1,2171,2178,2172,-1,2174,2176,2179,-1,2179,2176,2180,-1,2179,2180,2181,-1,2181,2180,2182,-1,2181,2182,2183,-1,2183,2182,2184,-1,2184,2182,2185,-1,2184,2185,2186,-1,2186,2185,2187,-1,2187,2185,2188,-1,2187,2188,2189,-1,2190,2191,2192,-1,2189,2188,2191,-1,2191,2188,2193,-1,2191,2193,2192,-1,2194,2195,2196,-1,2196,2195,2197,-1,2196,2197,2190,-1,2194,2196,2198,-1,2198,2196,2199,-1,2198,2199,2200,-1,2200,2199,2201,-1,2200,2201,2202,-1,2203,2204,2201,-1,2201,2204,2205,-1,2201,2205,2202,-1,2206,2207,2208,-1,2206,2208,2209,-1,2208,2210,2209,-1,2209,2210,2211,-1,2209,2211,2203,-1,2203,2211,2212,-1,2203,2212,2204,-1,2207,2206,2213,-1,2213,2206,2214,-1,2213,2214,2215,-1,2215,2214,2216,-1,2216,2214,2217,-1,2216,2217,2218,-1,2218,2217,2219,-1,2219,2217,2220,-1,2219,2220,2221,-1,2221,2220,2222,-1,2222,2220,2223,-1,2222,2223,2224,-1,2224,2223,2225,-1,2225,2223,2226,-1,2225,2226,2227,-1,2157,2228,2155,-1,2155,2228,2229,-1,2155,2229,2230,-1,2230,2229,2231,-1,2232,183,586,-1,586,183,182,-1,586,182,141,-1,2233,2234,2235,-1,2235,2234,2236,-1,2235,2236,2237,-1,2237,2236,2238,-1,2237,2238,2239,-1,2239,2238,2240,-1,2239,2240,2241,-1,2241,2240,2242,-1,2241,2242,2243,-1,2243,2242,2244,-1,2243,2244,2245,-1,2245,2244,2246,-1,2245,2246,1775,-1,1775,2246,1771,-1,1775,1771,1776,-1,1776,1771,1773,-1,2247,2248,2249,-1,2249,2248,2250,-1,2249,2250,2251,-1,2251,2250,2252,-1,2251,2252,2253,-1,2253,2252,2254,-1,2253,2254,2255,-1,2255,2254,2256,-1,2255,2256,2257,-1,2257,2256,2258,-1,2257,2258,2259,-1,2259,2258,2260,-1,2259,2260,2009,-1,2009,2260,2005,-1,2009,2005,2010,-1,2010,2005,2007,-1,2261,2262,2263,-1,2263,2262,2264,-1,2263,2264,2265,-1,2265,2264,2266,-1,2265,2266,2267,-1,2267,2266,2268,-1,2267,2268,2269,-1,2269,2268,2270,-1,2269,2270,2271,-1,2271,2270,2272,-1,2271,2272,2273,-1,2273,2272,2274,-1,2273,2274,1221,-1,1221,2274,1218,-1,1221,1218,1222,-1,1222,1218,1220,-1,2275,2276,2277,-1,2277,2276,2278,-1,2277,2278,2279,-1,2279,2278,2280,-1,2279,2280,2281,-1,2281,2280,2282,-1,2281,2282,2283,-1,2283,2282,2284,-1,2283,2284,2285,-1,2285,2284,2286,-1,2285,2286,2287,-1,2287,2286,2288,-1,2287,2288,1403,-1,1403,2288,1401,-1,1403,1401,1404,-1,1404,1401,1400,-1,2289,2290,2291,-1,2291,2290,2292,-1,2291,2292,2293,-1,2293,2292,2294,-1,2293,2294,2295,-1,2295,2294,2296,-1,2295,2296,2297,-1,2297,2296,2298,-1,2297,2298,2299,-1,2299,2298,2300,-1,2299,2300,2301,-1,2301,2300,2302,-1,2301,2302,952,-1,952,2302,948,-1,952,948,953,-1,953,948,950,-1,2303,2304,2305,-1,2305,2304,2306,-1,2305,2306,2307,-1,2307,2306,2308,-1,2307,2308,2309,-1,2309,2308,2310,-1,2309,2310,2311,-1,2311,2310,2312,-1,2311,2312,2313,-1,2313,2312,2314,-1,2313,2314,2315,-1,2315,2314,2316,-1,2315,2316,727,-1,727,2316,725,-1,727,725,728,-1,728,725,724,-1,2317,2318,2319,-1,2319,2318,2320,-1,2319,2320,2321,-1,2321,2320,2322,-1,2321,2322,2323,-1,2323,2322,2324,-1,2323,2324,2325,-1,2325,2324,2326,-1,2325,2326,2327,-1,2327,2326,2328,-1,2327,2328,2329,-1,2329,2328,2330,-1,2329,2330,1659,-1,1659,2330,1656,-1,1659,1656,1660,-1,1660,1656,1658,-1,2331,2332,2333,-1,2333,2332,2334,-1,2333,2334,2335,-1,2335,2334,2336,-1,2335,2336,2337,-1,2337,2336,2338,-1,2337,2338,2339,-1,2339,2338,2340,-1,2339,2340,2341,-1,2341,2340,2342,-1,2341,2342,2343,-1,2343,2342,2344,-1,2343,2344,1478,-1,1478,2344,1476,-1,1478,1476,1479,-1,1479,1476,1475,-1,2345,2346,2347,-1,2347,2346,2348,-1,2347,2348,2349,-1,2349,2348,2350,-1,2349,2350,2351,-1,2351,2350,2352,-1,2351,2352,2353,-1,2353,2352,2354,-1,2353,2354,2355,-1,2355,2354,2356,-1,2355,2356,2357,-1,2357,2356,2358,-1,2357,2358,1849,-1,1849,2358,1845,-1,1849,1845,1850,-1,1850,1845,1847,-1,2359,2360,2361,-1,2361,2360,2362,-1,2361,2362,2363,-1,2363,2362,2364,-1,2363,2364,2365,-1,2365,2364,2366,-1,2365,2366,2367,-1,2367,2366,2368,-1,2367,2368,2369,-1,2369,2368,2370,-1,2369,2370,2371,-1,2371,2370,2372,-1,2371,2372,2080,-1,2080,2372,2083,-1,2080,2083,2081,-1,2081,2083,2085,-1,2373,2359,2374,-1,2374,2359,2361,-1,2374,2361,2375,-1,2375,2361,2363,-1,2375,2363,2376,-1,2376,2363,2365,-1,2376,2365,2377,-1,2377,2365,2367,-1,2377,2367,2378,-1,2378,2367,2369,-1,2378,2369,2379,-1,2379,2369,2371,-1,2379,2371,2145,-1,2145,2371,2080,-1,2145,2080,2146,-1,2146,2080,2082,-1,2380,2381,2382,-1,2382,2381,2383,-1,2382,2383,2384,-1,2384,2383,2385,-1,2384,2385,2386,-1,2386,2385,2387,-1,2386,2387,2388,-1,2388,2387,2389,-1,2388,2389,2390,-1,2390,2389,2391,-1,2390,2391,2392,-1,2392,2391,2393,-1,2392,2393,1146,-1,1146,2393,1143,-1,1146,1143,1147,-1,1147,1143,1145,-1,2394,2395,2396,-1,2396,2395,2397,-1,2396,2397,2398,-1,2398,2397,2399,-1,2398,2399,2400,-1,2400,2399,2401,-1,2400,2401,2402,-1,2402,2401,2403,-1,2402,2403,2404,-1,2404,2403,2405,-1,2404,2405,2406,-1,2406,2405,2407,-1,2406,2407,1334,-1,1334,2407,1330,-1,1334,1330,1335,-1,1335,1330,1332,-1,2408,2409,2410,-1,2410,2409,2411,-1,2410,2411,2412,-1,2412,2411,2413,-1,2412,2413,2414,-1,2414,2413,2415,-1,2414,2415,2416,-1,2416,2415,2417,-1,2416,2417,2418,-1,2418,2417,2419,-1,2418,2419,2420,-1,2420,2419,2421,-1,2420,2421,875,-1,875,2421,871,-1,875,871,876,-1,876,871,873,-1,2422,2423,2424,-1,2424,2423,2425,-1,2424,2425,2426,-1,2426,2425,2427,-1,2426,2427,2428,-1,2428,2427,2429,-1,2428,2429,2430,-1,2430,2429,2431,-1,2430,2431,2432,-1,2432,2431,2433,-1,2432,2433,2434,-1,2434,2433,2435,-1,2434,2435,656,-1,656,2435,653,-1,656,653,657,-1,657,653,655,-1,2436,2437,2438,-1,2438,2437,2439,-1,2438,2439,2440,-1,2440,2439,2441,-1,2440,2441,2442,-1,2442,2441,2443,-1,2442,2443,2444,-1,2444,2443,2445,-1,2444,2445,2446,-1,2446,2445,2447,-1,2446,2447,2448,-1,2448,2447,2449,-1,2448,2449,1731,-1,1731,2449,1728,-1,1731,1728,1732,-1,1732,1728,1730,-1,2450,2451,2452,-1,2452,2451,2453,-1,2452,2453,2454,-1,2454,2453,2455,-1,2454,2455,2456,-1,2456,2455,2457,-1,2456,2457,2458,-1,2458,2457,2459,-1,2458,2459,2460,-1,2460,2459,2461,-1,2460,2461,2462,-1,2462,2461,2463,-1,2462,2463,1549,-1,1549,2463,1546,-1,1549,1546,1550,-1,1550,1546,1548,-1,2464,2465,2466,-1,2466,2465,2467,-1,2466,2467,2468,-1,2468,2467,2469,-1,2468,2469,2470,-1,2470,2469,2471,-1,2470,2471,2472,-1,2472,2471,2473,-1,2472,2473,2474,-1,2474,2473,2475,-1,2474,2475,2476,-1,2476,2475,2477,-1,2476,2477,1933,-1,1933,2477,1929,-1,1933,1929,1934,-1,1934,1929,1931,-1,2478,2479,2480,-1,2480,2479,2481,-1,2480,2481,2482,-1,2482,2481,2483,-1,2482,2483,2484,-1,2484,2483,2485,-1,2484,2485,2486,-1,2486,2485,2487,-1,2486,2487,2488,-1,2488,2487,2489,-1,2488,2489,2490,-1,2490,2489,2491,-1,2490,2491,2156,-1,2156,2491,2152,-1,2156,2152,2157,-1,2157,2152,2154,-1,2492,2493,2494,-1,2494,2493,2495,-1,2494,2495,2496,-1,2496,2495,2497,-1,2496,2497,2498,-1,2498,2497,2499,-1,2498,2499,2500,-1,2500,2499,2501,-1,2500,2501,2502,-1,2502,2501,2503,-1,2502,2503,2504,-1,2504,2503,2505,-1,2504,2505,1064,-1,1064,2505,1061,-1,1064,1061,1065,-1,1065,1061,1063,-1,2506,2507,2508,-1,2508,2507,2509,-1,2508,2509,2510,-1,2510,2509,2511,-1,2510,2511,2512,-1,2512,2511,2513,-1,2512,2513,2514,-1,2514,2513,2515,-1,2514,2515,2516,-1,2516,2515,2517,-1,2516,2517,2518,-1,2518,2517,2519,-1,2518,2519,1260,-1,1260,2519,1256,-1,1260,1256,1261,-1,1261,1256,1258,-1,2520,2521,2522,-1,2522,2521,2523,-1,2522,2523,2524,-1,2524,2523,2525,-1,2524,2525,2526,-1,2526,2525,2527,-1,2526,2527,2528,-1,2528,2527,2529,-1,2528,2529,2530,-1,2530,2529,2531,-1,2530,2531,2532,-1,2532,2531,2533,-1,2532,2533,800,-1,800,2533,796,-1,800,796,801,-1,801,796,798,-1,2534,2535,2536,-1,2536,2535,2537,-1,2536,2537,2538,-1,2538,2537,2539,-1,2538,2539,2540,-1,2540,2539,2541,-1,2540,2541,2542,-1,2542,2541,2543,-1,2542,2543,2544,-1,2544,2543,2545,-1,2544,2545,2546,-1,2546,2545,2547,-1,2546,2547,528,-1,528,2547,524,-1,528,524,529,-1,529,524,526,-1,267,266,582,-1,582,266,580,-1,582,580,581,-1,581,580,2548,-1,581,2548,2549,-1,2549,2548,2550,-1,2549,2550,2551,-1,2551,2550,2552,-1,2551,2552,2553,-1,2553,2552,2554,-1,2553,2554,614,-1,614,2554,613,-1,614,613,615,-1,615,613,612,-1,2276,2555,2278,-1,2278,2555,2556,-1,2278,2556,2280,-1,2280,2556,2557,-1,2280,2557,2282,-1,2282,2557,2558,-1,2282,2558,2284,-1,2284,2558,2559,-1,2284,2559,2286,-1,2286,2559,2560,-1,2286,2560,2288,-1,2288,2560,2561,-1,2288,2561,1401,-1,1401,2561,2562,-1,1401,2562,1399,-1,1399,2562,1405,-1,1399,1405,1397,-1,1397,1405,1407,-1,2304,2563,2306,-1,2306,2563,2564,-1,2306,2564,2308,-1,2308,2564,2565,-1,2308,2565,2310,-1,2310,2565,2566,-1,2310,2566,2312,-1,2312,2566,2567,-1,2312,2567,2314,-1,2314,2567,2568,-1,2314,2568,2316,-1,2316,2568,2569,-1,2316,2569,725,-1,725,2569,2570,-1,725,2570,723,-1,723,2570,729,-1,723,729,721,-1,721,729,731,-1,2332,2571,2334,-1,2334,2571,2572,-1,2334,2572,2336,-1,2336,2572,2573,-1,2336,2573,2338,-1,2338,2573,2574,-1,2338,2574,2340,-1,2340,2574,2575,-1,2340,2575,2342,-1,2342,2575,2576,-1,2342,2576,2344,-1,2344,2576,2577,-1,2344,2577,1476,-1,1476,2577,2578,-1,1476,2578,1474,-1,1474,2578,1480,-1,1474,1480,1472,-1,1472,1480,1482,-1,2579,2394,2580,-1,2580,2394,2396,-1,2580,2396,2581,-1,2581,2396,2398,-1,2581,2398,2582,-1,2582,2398,2400,-1,2582,2400,2583,-1,2583,2400,2402,-1,2583,2402,2584,-1,2584,2402,2404,-1,2584,2404,2585,-1,2585,2404,2406,-1,2585,2406,2586,-1,2586,2406,1334,-1,2586,1334,2587,-1,2587,1334,1333,-1,2588,2422,2589,-1,2589,2422,2424,-1,2589,2424,2590,-1,2590,2424,2426,-1,2590,2426,2591,-1,2591,2426,2428,-1,2591,2428,2592,-1,2592,2428,2430,-1,2592,2430,2593,-1,2593,2430,2432,-1,2593,2432,2594,-1,2594,2432,2434,-1,2594,2434,2595,-1,2595,2434,656,-1,2595,656,487,-1,487,656,658,-1,487,658,485,-1,485,658,660,-1,2596,2450,2597,-1,2597,2450,2452,-1,2597,2452,2598,-1,2598,2452,2454,-1,2598,2454,2599,-1,2599,2454,2456,-1,2599,2456,2600,-1,2600,2456,2458,-1,2600,2458,2601,-1,2601,2458,2460,-1,2601,2460,2602,-1,2602,2460,2462,-1,2602,2462,2603,-1,2603,2462,1549,-1,2603,1549,372,-1,372,1549,1551,-1,372,1551,370,-1,370,1551,1553,-1,300,299,580,-1,580,299,578,-1,580,578,2548,-1,2548,578,2604,-1,2548,2604,2550,-1,2550,2604,2605,-1,2550,2605,2552,-1,2552,2605,2606,-1,2552,2606,2554,-1,2554,2606,2607,-1,2554,2607,613,-1,613,2607,2608,-1,613,2608,611,-1,611,2608,617,-1,611,617,609,-1,609,617,619,-1,219,218,516,-1,516,218,587,-1,516,587,517,-1,517,587,2609,-1,517,2609,589,-1,589,2609,2610,-1,589,2610,590,-1,590,2610,593,-1,590,593,224,-1,224,593,233,-1,2611,2233,2612,-1,2612,2233,2235,-1,2612,2235,2613,-1,2613,2235,2237,-1,2613,2237,2614,-1,2614,2237,2239,-1,2614,2239,2615,-1,2615,2239,2241,-1,2615,2241,2616,-1,2616,2241,2243,-1,2616,2243,2617,-1,2617,2243,2245,-1,2617,2245,2618,-1,2618,2245,1775,-1,2618,1775,2619,-1,2619,1775,1774,-1,2619,1774,1837,-1,1837,1774,1842,-1,1837,1842,1838,-1,1838,1842,1844,-1,2248,2620,2250,-1,2250,2620,2621,-1,2250,2621,2252,-1,2252,2621,2622,-1,2252,2622,2254,-1,2254,2622,2623,-1,2254,2623,2256,-1,2256,2623,2624,-1,2256,2624,2258,-1,2258,2624,2625,-1,2258,2625,2260,-1,2260,2625,2626,-1,2260,2626,2005,-1,2005,2626,2627,-1,2005,2627,2006,-1,2006,2627,2628,-1,2006,2628,2013,-1,2013,2628,2016,-1,2013,2016,2011,-1,2011,2016,323,-1,2629,2261,2630,-1,2630,2261,2263,-1,2630,2263,2631,-1,2631,2263,2265,-1,2631,2265,2632,-1,2632,2265,2267,-1,2632,2267,2633,-1,2633,2267,2269,-1,2633,2269,2634,-1,2634,2269,2271,-1,2634,2271,2635,-1,2635,2271,2273,-1,2635,2273,2636,-1,2636,2273,1221,-1,2636,1221,2637,-1,2637,1221,1213,-1,2637,1213,1210,-1,1210,1213,1215,-1,1210,1215,1211,-1,1211,1215,1217,-1,2638,2579,2639,-1,2639,2579,2580,-1,2639,2580,2640,-1,2640,2580,2581,-1,2640,2581,2641,-1,2641,2581,2582,-1,2641,2582,2642,-1,2642,2582,2583,-1,2642,2583,2643,-1,2643,2583,2584,-1,2643,2584,2644,-1,2644,2584,2585,-1,2644,2585,2645,-1,2645,2585,2586,-1,2645,2586,2646,-1,2646,2586,2587,-1,2646,2587,2647,-1,2647,2587,2648,-1,2647,2648,2649,-1,2465,2650,2467,-1,2467,2650,2651,-1,2467,2651,2469,-1,2469,2651,2652,-1,2469,2652,2471,-1,2471,2652,2653,-1,2471,2653,2473,-1,2473,2653,2654,-1,2473,2654,2475,-1,2475,2654,2655,-1,2475,2655,2477,-1,2477,2655,2656,-1,2477,2656,1929,-1,1929,2656,2657,-1,1929,2657,1930,-1,1930,2657,2658,-1,1930,2658,1937,-1,1937,2658,1940,-1,1937,1940,1935,-1,1935,1940,332,-1,2659,2478,2660,-1,2660,2478,2480,-1,2660,2480,2661,-1,2661,2480,2482,-1,2661,2482,2662,-1,2662,2482,2484,-1,2662,2484,2663,-1,2663,2484,2486,-1,2663,2486,2664,-1,2664,2486,2488,-1,2664,2488,2665,-1,2665,2488,2490,-1,2665,2490,2666,-1,2666,2490,2156,-1,2666,2156,2667,-1,2667,2156,2155,-1,2667,2155,2226,-1,2226,2155,2230,-1,2226,2230,2227,-1,2227,2230,2231,-1,2493,2668,2495,-1,2495,2668,2669,-1,2495,2669,2497,-1,2497,2669,2670,-1,2497,2670,2499,-1,2499,2670,2671,-1,2499,2671,2501,-1,2501,2671,2672,-1,2501,2672,2503,-1,2503,2672,2673,-1,2503,2673,2505,-1,2505,2673,2674,-1,2505,2674,1061,-1,1061,2674,2675,-1,1061,2675,1062,-1,1062,2675,2676,-1,1062,2676,1069,-1,1069,2676,1072,-1,1069,1072,1067,-1,1067,1072,446,-1,2677,2506,2678,-1,2678,2506,2508,-1,2678,2508,2679,-1,2679,2508,2510,-1,2679,2510,2680,-1,2680,2510,2512,-1,2680,2512,2681,-1,2681,2512,2514,-1,2681,2514,2682,-1,2682,2514,2516,-1,2682,2516,2683,-1,2683,2516,2518,-1,2683,2518,2684,-1,2684,2518,1260,-1,2684,1260,2685,-1,2685,1260,1259,-1,2685,1259,1322,-1,1322,1259,1327,-1,1322,1327,1323,-1,1323,1327,1329,-1,2521,2686,2523,-1,2523,2686,2687,-1,2523,2687,2525,-1,2525,2687,2688,-1,2525,2688,2527,-1,2527,2688,2689,-1,2527,2689,2529,-1,2529,2689,2690,-1,2529,2690,2531,-1,2531,2690,2691,-1,2531,2691,2533,-1,2533,2691,2692,-1,2533,2692,796,-1,796,2692,2693,-1,796,2693,797,-1,797,2693,2694,-1,797,2694,804,-1,804,2694,807,-1,804,807,802,-1,802,807,474,-1,2695,2534,2696,-1,2696,2534,2536,-1,2696,2536,2697,-1,2697,2536,2538,-1,2697,2538,2698,-1,2698,2538,2540,-1,2698,2540,2699,-1,2699,2540,2542,-1,2699,2542,2700,-1,2700,2542,2544,-1,2700,2544,2701,-1,2701,2544,2546,-1,2701,2546,2702,-1,2702,2546,528,-1,2702,528,2703,-1,2703,528,527,-1,2703,527,644,-1,644,527,647,-1,644,647,645,-1,645,647,649,-1,140,252,586,-1,586,252,585,-1,586,585,2232,-1,2232,585,2704,-1,2232,2704,2705,-1,2705,2704,2706,-1,2705,2706,2707,-1,2707,2706,2708,-1,2707,2708,2709,-1,2709,2708,2710,-1,2709,2710,591,-1,591,2710,594,-1,591,594,209,-1,209,594,210,-1,203,183,587,-1,587,183,2232,-1,587,2232,2609,-1,2609,2232,2705,-1,2609,2705,2610,-1,2610,2705,2707,-1,2610,2707,593,-1,593,2707,2709,-1,593,2709,592,-1,592,2709,591,-1,592,591,235,-1,235,591,253,-1,2711,2289,2712,-1,2712,2289,2291,-1,2712,2291,2713,-1,2713,2291,2293,-1,2713,2293,2714,-1,2714,2293,2295,-1,2714,2295,2715,-1,2715,2295,2297,-1,2715,2297,2716,-1,2716,2297,2299,-1,2716,2299,2717,-1,2717,2299,2301,-1,2717,2301,2718,-1,2718,2301,952,-1,2718,952,2719,-1,2719,952,951,-1,2719,951,2720,-1,2720,951,1027,-1,2720,1027,1022,-1,1022,1027,1025,-1,1022,1025,1023,-1,1023,1025,1024,-1,2721,2317,2722,-1,2722,2317,2319,-1,2722,2319,2723,-1,2723,2319,2321,-1,2723,2321,2724,-1,2724,2321,2323,-1,2724,2323,2725,-1,2725,2323,2325,-1,2725,2325,2726,-1,2726,2325,2327,-1,2726,2327,2727,-1,2727,2327,2329,-1,2727,2329,2728,-1,2728,2329,1659,-1,2728,1659,2729,-1,2729,1659,366,-1,2729,366,2730,-1,2730,366,365,-1,2730,365,1648,-1,1648,365,1653,-1,1648,1653,1649,-1,1649,1653,1655,-1,2731,2638,2732,-1,2732,2638,2639,-1,2732,2639,2733,-1,2733,2639,2640,-1,2733,2640,2734,-1,2734,2640,2641,-1,2734,2641,2735,-1,2735,2641,2642,-1,2735,2642,2736,-1,2736,2642,2643,-1,2736,2643,2737,-1,2737,2643,2644,-1,2737,2644,2738,-1,2738,2644,2645,-1,2738,2645,2739,-1,2739,2645,2646,-1,2739,2646,2740,-1,2740,2646,2647,-1,2740,2647,2741,-1,2741,2647,2649,-1,2741,2649,2742,-1,2409,2743,2411,-1,2411,2743,2744,-1,2411,2744,2413,-1,2413,2744,2745,-1,2413,2745,2415,-1,2415,2745,2746,-1,2415,2746,2417,-1,2417,2746,2747,-1,2417,2747,2419,-1,2419,2747,2748,-1,2419,2748,2421,-1,2421,2748,2749,-1,2421,2749,871,-1,871,2749,2750,-1,871,2750,872,-1,872,2750,2751,-1,872,2751,877,-1,877,2751,2752,-1,877,2752,878,-1,878,2752,2753,-1,878,2753,883,-1,883,2753,888,-1,883,888,2754,-1,2754,888,889,-1,2437,2755,2439,-1,2439,2755,2756,-1,2439,2756,2441,-1,2441,2756,2757,-1,2441,2757,2443,-1,2443,2757,2758,-1,2443,2758,2445,-1,2445,2758,2759,-1,2445,2759,2447,-1,2447,2759,2760,-1,2447,2760,2449,-1,2449,2760,2761,-1,2449,2761,1728,-1,1728,2761,2762,-1,1728,2762,1729,-1,1729,2762,2763,-1,1729,2763,1734,-1,1734,2763,2764,-1,1734,2764,354,-1,354,2764,1740,-1,354,1740,352,-1,352,1740,1742,-1,216,271,584,-1,584,271,583,-1,584,583,585,-1,585,583,2765,-1,585,2765,2704,-1,2704,2765,2766,-1,2704,2766,2706,-1,2706,2766,2767,-1,2706,2767,2708,-1,2708,2767,2768,-1,2708,2768,2710,-1,2710,2768,2769,-1,2710,2769,594,-1,594,2769,2770,-1,594,2770,595,-1,595,2770,596,-1,595,596,274,-1,274,596,275,-1,2771,2345,2772,-1,2772,2345,2347,-1,2772,2347,2773,-1,2773,2347,2349,-1,2773,2349,2774,-1,2774,2349,2351,-1,2774,2351,2775,-1,2775,2351,2353,-1,2775,2353,2776,-1,2776,2353,2355,-1,2776,2355,2777,-1,2777,2355,2357,-1,2777,2357,2778,-1,2778,2357,1849,-1,2778,1849,2779,-1,2779,1849,1848,-1,2779,1848,2780,-1,2780,1848,1923,-1,2780,1923,2781,-1,2781,1923,1918,-1,2781,1918,1915,-1,1915,1918,1920,-1,1915,1920,1916,-1,1916,1920,1922,-1,2381,2782,2383,-1,2383,2782,2783,-1,2383,2783,2385,-1,2385,2783,2784,-1,2385,2784,2387,-1,2387,2784,2785,-1,2387,2785,2389,-1,2389,2785,2786,-1,2389,2786,2391,-1,2391,2786,2787,-1,2391,2787,2393,-1,2393,2787,2788,-1,2393,2788,1143,-1,1143,2788,2789,-1,1143,2789,1144,-1,1144,2789,2790,-1,1144,2790,1149,-1,1149,2790,2791,-1,1149,2791,438,-1,438,2791,2792,-1,438,2792,435,-1,435,2792,1156,-1,435,1156,433,-1,433,1156,431,-1,2793,1393,1388,-1,1388,1393,1396,-1,1388,1396,1389,-1,2794,2731,2795,-1,2795,2731,2732,-1,2795,2732,2796,-1,2796,2732,2733,-1,2796,2733,2797,-1,2797,2733,2734,-1,2797,2734,2798,-1,2798,2734,2735,-1,2798,2735,2799,-1,2799,2735,2736,-1,2799,2736,2800,-1,2800,2736,2737,-1,2800,2737,2801,-1,2801,2737,2738,-1,2801,2738,2802,-1,2802,2738,2739,-1,2802,2739,2803,-1,2803,2739,2740,-1,2803,2740,2804,-1,2804,2740,2741,-1,2804,2741,2805,-1,2805,2741,2742,-1,2805,2742,2806,-1,281,280,583,-1,583,280,581,-1,583,581,2765,-1,2765,581,2549,-1,2765,2549,2766,-1,2766,2549,2551,-1,2766,2551,2767,-1,2767,2551,2553,-1,2767,2553,2768,-1,2768,2553,614,-1,2768,614,2769,-1,2769,614,607,-1,2769,607,2770,-1,2770,607,604,-1,2770,604,596,-1,596,604,601,-1,596,601,597,-1,597,601,599,-1,597,599,237,-1,237,599,238,-1,2346,2807,2348,-1,2348,2807,2808,-1,2348,2808,2350,-1,2350,2808,2809,-1,2350,2809,2352,-1,2352,2809,2810,-1,2352,2810,2354,-1,2354,2810,2811,-1,2354,2811,2356,-1,2356,2811,2812,-1,2356,2812,2358,-1,2358,2812,2813,-1,2358,2813,1845,-1,1845,2813,2814,-1,1845,2814,1846,-1,1846,2814,2815,-1,1846,2815,1851,-1,1851,2815,2816,-1,1851,2816,342,-1,342,2816,2817,-1,342,2817,1855,-1,1855,2817,2818,-1,1855,2818,1860,-1,1860,2818,1864,-1,1860,1864,1858,-1,1858,1864,1863,-1,2819,2380,2820,-1,2820,2380,2382,-1,2820,2382,2821,-1,2821,2382,2384,-1,2821,2384,2822,-1,2822,2384,2386,-1,2822,2386,2823,-1,2823,2386,2388,-1,2823,2388,2824,-1,2824,2388,2390,-1,2824,2390,2825,-1,2825,2390,2392,-1,2825,2392,2826,-1,2826,2392,1146,-1,2826,1146,2827,-1,2827,1146,441,-1,2827,441,2828,-1,2828,441,440,-1,2828,440,2829,-1,2829,440,1137,-1,2829,1137,2830,-1,2830,1137,1134,-1,2830,1134,1126,-1,1126,1134,1131,-1,1126,1131,1127,-1,1127,1131,1133,-1,2831,2793,2832,-1,2832,2793,1388,-1,2832,1388,1385,-1,1385,1388,1390,-1,1385,1390,1386,-1,2833,2794,2834,-1,2834,2794,2795,-1,2834,2795,2835,-1,2835,2795,2796,-1,2835,2796,2836,-1,2836,2796,2797,-1,2836,2797,2837,-1,2837,2797,2798,-1,2837,2798,2838,-1,2838,2798,2799,-1,2838,2799,2839,-1,2839,2799,2800,-1,2839,2800,2840,-1,2840,2800,2801,-1,2840,2801,2841,-1,2841,2801,2802,-1,2841,2802,2842,-1,2842,2802,2803,-1,2842,2803,2843,-1,2843,2803,2804,-1,2843,2804,2844,-1,2844,2804,2805,-1,2844,2805,2845,-1,2845,2805,2806,-1,2845,2806,2846,-1,292,298,579,-1,579,298,518,-1,579,518,578,-1,578,518,2847,-1,578,2847,2604,-1,2604,2847,2848,-1,2604,2848,2605,-1,2605,2848,2849,-1,2605,2849,2606,-1,2606,2849,2850,-1,2606,2850,2607,-1,2607,2850,2851,-1,2607,2851,2608,-1,2608,2851,2852,-1,2608,2852,617,-1,617,2852,2853,-1,617,2853,618,-1,618,2853,2854,-1,618,2854,515,-1,515,2854,2855,-1,515,2855,512,-1,512,2855,2856,-1,512,2856,622,-1,622,2856,2857,-1,622,2857,112,-1,112,2857,625,-1,112,625,128,-1,128,625,125,-1,2858,2831,2859,-1,2859,2831,2832,-1,2859,2832,2860,-1,2860,2832,1385,-1,2860,1385,1382,-1,1382,1385,1387,-1,1382,1387,1383,-1,2861,2833,2862,-1,2862,2833,2834,-1,2862,2834,2863,-1,2863,2834,2835,-1,2863,2835,2864,-1,2864,2835,2836,-1,2864,2836,2865,-1,2865,2836,2837,-1,2865,2837,2866,-1,2866,2837,2838,-1,2866,2838,2867,-1,2867,2838,2839,-1,2867,2839,2868,-1,2868,2839,2840,-1,2868,2840,2869,-1,2869,2840,2841,-1,2869,2841,2870,-1,2870,2841,2842,-1,2870,2842,2871,-1,2871,2842,2843,-1,2871,2843,2872,-1,2872,2843,2844,-1,2872,2844,2873,-1,2873,2844,2845,-1,2873,2845,2874,-1,2874,2845,2846,-1,2874,2846,2875,-1,303,302,575,-1,575,302,576,-1,575,576,577,-1,577,576,2876,-1,577,2876,2877,-1,2877,2876,2878,-1,2877,2878,2879,-1,2879,2878,2880,-1,2879,2880,2881,-1,2881,2880,2882,-1,2881,2882,2883,-1,2883,2882,2884,-1,2883,2884,2885,-1,2885,2884,2886,-1,2885,2886,2887,-1,2887,2886,2888,-1,2887,2888,2889,-1,2889,2888,2890,-1,2889,2890,2891,-1,2891,2890,2892,-1,2891,2892,2893,-1,2893,2892,2894,-1,2893,2894,2895,-1,2895,2894,2896,-1,2895,2896,2897,-1,2897,2896,2898,-1,2897,2898,509,-1,509,2898,627,-1,509,627,130,-1,130,627,129,-1,297,291,518,-1,518,291,577,-1,518,577,2847,-1,2847,577,2877,-1,2847,2877,2848,-1,2848,2877,2879,-1,2848,2879,2849,-1,2849,2879,2881,-1,2849,2881,2850,-1,2850,2881,2883,-1,2850,2883,2851,-1,2851,2883,2885,-1,2851,2885,2852,-1,2852,2885,2887,-1,2852,2887,2853,-1,2853,2887,2889,-1,2853,2889,2854,-1,2854,2889,2891,-1,2854,2891,2855,-1,2855,2891,2893,-1,2855,2893,2856,-1,2856,2893,2895,-1,2856,2895,2857,-1,2857,2895,2897,-1,2857,2897,625,-1,625,2897,509,-1,625,509,126,-1,126,509,127,-1,2899,2858,2900,-1,2900,2858,2859,-1,2900,2859,2901,-1,2901,2859,2860,-1,2901,2860,2902,-1,2902,2860,1382,-1,2902,1382,1379,-1,1379,1382,1384,-1,1379,1384,1380,-1,2903,2861,2904,-1,2904,2861,2862,-1,2904,2862,2905,-1,2905,2862,2863,-1,2905,2863,2906,-1,2906,2863,2864,-1,2906,2864,2907,-1,2907,2864,2865,-1,2907,2865,2908,-1,2908,2865,2866,-1,2908,2866,2909,-1,2909,2866,2867,-1,2909,2867,2910,-1,2910,2867,2868,-1,2910,2868,2911,-1,2911,2868,2869,-1,2911,2869,2912,-1,2912,2869,2870,-1,2912,2870,2913,-1,2913,2870,2871,-1,2913,2871,2914,-1,2914,2871,2872,-1,2914,2872,2915,-1,2915,2872,2873,-1,2915,2873,2916,-1,2916,2873,2874,-1,2916,2874,2917,-1,2917,2874,2875,-1,2917,2875,2918,-1,2919,2920,2921,-1,2921,2920,2922,-1,2921,2922,2923,-1,2923,2922,2924,-1,2923,2924,2925,-1,2925,2924,2926,-1,2925,2926,2927,-1,2927,2926,2928,-1,2927,2928,2929,-1,2929,2928,2930,-1,2929,2930,2931,-1,2931,2930,2932,-1,2931,2932,2933,-1,2933,2932,2934,-1,2933,2934,2935,-1,2935,2934,2936,-1,2935,2936,2937,-1,2937,2936,2938,-1,2937,2938,2939,-1,2939,2938,2940,-1,2939,2940,2941,-1,2941,2940,2942,-1,2941,2942,2943,-1,2943,2942,2944,-1,2943,2944,2945,-1,2945,2944,2946,-1,2945,2946,507,-1,507,2946,2947,-1,507,2947,119,-1,119,2947,506,-1,119,506,120,-1,120,506,121,-1,2948,2919,2949,-1,2949,2919,2921,-1,2949,2921,2950,-1,2950,2921,2923,-1,2950,2923,2951,-1,2951,2923,2925,-1,2951,2925,2952,-1,2952,2925,2927,-1,2952,2927,2953,-1,2953,2927,2929,-1,2953,2929,2954,-1,2954,2929,2931,-1,2954,2931,2955,-1,2955,2931,2933,-1,2955,2933,2956,-1,2956,2933,2935,-1,2956,2935,2957,-1,2957,2935,2937,-1,2957,2937,2958,-1,2958,2937,2939,-1,2958,2939,2959,-1,2959,2939,2941,-1,2959,2941,2960,-1,2960,2941,2943,-1,2960,2943,2961,-1,2961,2943,2945,-1,2961,2945,508,-1,508,2945,507,-1,508,507,133,-1,133,507,118,-1,576,2948,2876,-1,2876,2948,2949,-1,2876,2949,2878,-1,2878,2949,2950,-1,2878,2950,2880,-1,2880,2950,2951,-1,2880,2951,2882,-1,2882,2951,2952,-1,2882,2952,2884,-1,2884,2952,2953,-1,2884,2953,2886,-1,2886,2953,2954,-1,2886,2954,2888,-1,2888,2954,2955,-1,2888,2955,2890,-1,2890,2955,2956,-1,2890,2956,2892,-1,2892,2956,2957,-1,2892,2957,2894,-1,2894,2957,2958,-1,2894,2958,2896,-1,2896,2958,2959,-1,2896,2959,2898,-1,2898,2959,2960,-1,2898,2960,627,-1,627,2960,2961,-1,627,2961,626,-1,626,2961,508,-1,626,508,108,-1,108,508,109,-1,2962,2331,2963,-1,2963,2331,2333,-1,2963,2333,2964,-1,2964,2333,2335,-1,2964,2335,2965,-1,2965,2335,2337,-1,2965,2337,2966,-1,2966,2337,2339,-1,2966,2339,2967,-1,2967,2339,2341,-1,2967,2341,2968,-1,2968,2341,2343,-1,2968,2343,2969,-1,2969,2343,1478,-1,2969,1478,2970,-1,2970,1478,1477,-1,2970,1477,2971,-1,2971,1477,1545,-1,2971,1545,2972,-1,2972,1545,1537,-1,2972,1537,2973,-1,2973,1537,384,-1,2973,384,2974,-1,2974,384,383,-1,2974,383,2975,-1,2975,383,1531,-1,2975,1531,2976,-1,2976,1531,1527,-1,2976,1527,2977,-1,2977,1527,1529,-1,2978,2962,2979,-1,2979,2962,2963,-1,2979,2963,2980,-1,2980,2963,2964,-1,2980,2964,2981,-1,2981,2964,2965,-1,2981,2965,2982,-1,2982,2965,2966,-1,2982,2966,2983,-1,2983,2966,2967,-1,2983,2967,2984,-1,2984,2967,2968,-1,2984,2968,2985,-1,2985,2968,2969,-1,2985,2969,2986,-1,2986,2969,2970,-1,2986,2970,2987,-1,2987,2970,2971,-1,2987,2971,2988,-1,2988,2971,2972,-1,2988,2972,2989,-1,2989,2972,2973,-1,2989,2973,2990,-1,2990,2973,2974,-1,2990,2974,2991,-1,2991,2974,2975,-1,2991,2975,2992,-1,2992,2975,2976,-1,2992,2976,2993,-1,2993,2976,2977,-1,2994,2978,2995,-1,2995,2978,2979,-1,2995,2979,2996,-1,2996,2979,2980,-1,2996,2980,2997,-1,2997,2980,2981,-1,2997,2981,2998,-1,2998,2981,2982,-1,2998,2982,2999,-1,2999,2982,2983,-1,2999,2983,3000,-1,3000,2983,2984,-1,3000,2984,3001,-1,3001,2984,2985,-1,3001,2985,3002,-1,3002,2985,2986,-1,3002,2986,3003,-1,3003,2986,2987,-1,3003,2987,3004,-1,3004,2987,2988,-1,3004,2988,3005,-1,3005,2988,2989,-1,3005,2989,3006,-1,3006,2989,2990,-1,3006,2990,3007,-1,3007,2990,2991,-1,3007,2991,3008,-1,3008,2991,2992,-1,3008,2992,3009,-1,3009,2992,2993,-1,3010,2994,3011,-1,3011,2994,2995,-1,3011,2995,3012,-1,3012,2995,2996,-1,3012,2996,3013,-1,3013,2996,2997,-1,3013,2997,3014,-1,3014,2997,2998,-1,3014,2998,3015,-1,3015,2998,2999,-1,3015,2999,3016,-1,3016,2999,3000,-1,3016,3000,3017,-1,3017,3000,3001,-1,3017,3001,3018,-1,3018,3001,3002,-1,3018,3002,3019,-1,3019,3002,3003,-1,3019,3003,3020,-1,3020,3003,3004,-1,3020,3004,3021,-1,3021,3004,3005,-1,3021,3005,3022,-1,3022,3005,3006,-1,3022,3006,3023,-1,3023,3006,3007,-1,3023,3007,3024,-1,3024,3007,3008,-1,3024,3008,3025,-1,3025,3008,3009,-1,3026,3010,3027,-1,3027,3010,3011,-1,3027,3011,3028,-1,3028,3011,3012,-1,3028,3012,3029,-1,3029,3012,3013,-1,3029,3013,3030,-1,3030,3013,3014,-1,3030,3014,3031,-1,3031,3014,3015,-1,3031,3015,3032,-1,3032,3015,3016,-1,3032,3016,3033,-1,3033,3016,3017,-1,3033,3017,3034,-1,3034,3017,3018,-1,3034,3018,3035,-1,3035,3018,3019,-1,3035,3019,3036,-1,3036,3019,3020,-1,3036,3020,3037,-1,3037,3020,3021,-1,3037,3021,3038,-1,3038,3021,3022,-1,3038,3022,3039,-1,3039,3022,3023,-1,3039,3023,3040,-1,3040,3023,3024,-1,3040,3024,3041,-1,3041,3024,3025,-1,3042,3026,3043,-1,3043,3026,3027,-1,3043,3027,3044,-1,3044,3027,3028,-1,3044,3028,3045,-1,3045,3028,3029,-1,3045,3029,3046,-1,3046,3029,3030,-1,3046,3030,3047,-1,3047,3030,3031,-1,3047,3031,3048,-1,3048,3031,3032,-1,3048,3032,3049,-1,3049,3032,3033,-1,3049,3033,3050,-1,3050,3033,3034,-1,3050,3034,3051,-1,3051,3034,3035,-1,3051,3035,3052,-1,3052,3035,3036,-1,3052,3036,3053,-1,3053,3036,3037,-1,3053,3037,3054,-1,3054,3037,3038,-1,3054,3038,3055,-1,3055,3038,3039,-1,3055,3039,3056,-1,3056,3039,3040,-1,3056,3040,3057,-1,3057,3040,3041,-1,2807,3042,2808,-1,2808,3042,3043,-1,2808,3043,2809,-1,2809,3043,3044,-1,2809,3044,2810,-1,2810,3044,3045,-1,2810,3045,2811,-1,2811,3045,3046,-1,2811,3046,2812,-1,2812,3046,3047,-1,2812,3047,2813,-1,2813,3047,3048,-1,2813,3048,2814,-1,2814,3048,3049,-1,2814,3049,2815,-1,2815,3049,3050,-1,2815,3050,2816,-1,2816,3050,3051,-1,2816,3051,2817,-1,2817,3051,3052,-1,2817,3052,2818,-1,2818,3052,3053,-1,2818,3053,1864,-1,1864,3053,3054,-1,1864,3054,1866,-1,1866,3054,3055,-1,1866,3055,339,-1,339,3055,3056,-1,339,3056,1873,-1,1873,3056,3057,-1,3058,2899,3059,-1,3059,2899,2900,-1,3059,2900,3060,-1,3060,2900,2901,-1,3060,2901,3061,-1,3061,2901,2902,-1,3061,2902,3062,-1,3062,2902,1379,-1,3062,1379,402,-1,402,1379,1381,-1,402,1381,400,-1,2743,2903,2744,-1,2744,2903,2904,-1,2744,2904,2745,-1,2745,2904,2905,-1,2745,2905,2746,-1,2746,2905,2906,-1,2746,2906,2747,-1,2747,2906,2907,-1,2747,2907,2748,-1,2748,2907,2908,-1,2748,2908,2749,-1,2749,2908,2909,-1,2749,2909,2750,-1,2750,2909,2910,-1,2750,2910,2751,-1,2751,2910,2911,-1,2751,2911,2752,-1,2752,2911,2912,-1,2752,2912,2753,-1,2753,2912,2913,-1,2753,2913,888,-1,888,2913,2914,-1,888,2914,886,-1,886,2914,2915,-1,886,2915,890,-1,890,2915,2916,-1,890,2916,895,-1,895,2916,2917,-1,895,2917,898,-1,898,2917,2918,-1,898,2918,900,-1,2920,2695,2922,-1,2922,2695,2696,-1,2922,2696,2924,-1,2924,2696,2697,-1,2924,2697,2926,-1,2926,2697,2698,-1,2926,2698,2928,-1,2928,2698,2699,-1,2928,2699,2930,-1,2930,2699,2700,-1,2930,2700,2932,-1,2932,2700,2701,-1,2932,2701,2934,-1,2934,2701,2702,-1,2934,2702,2936,-1,2936,2702,2703,-1,2936,2703,2938,-1,2938,2703,644,-1,2938,644,2940,-1,2940,644,639,-1,2940,639,2942,-1,2942,639,641,-1,2942,641,2944,-1,2944,641,637,-1,2944,637,2946,-1,2946,637,629,-1,2946,629,2947,-1,2947,629,632,-1,2947,632,506,-1,506,632,502,-1,506,502,122,-1,122,502,123,-1,1526,387,1529,-1,1529,387,3063,-1,1529,3063,2977,-1,2977,3063,3064,-1,2977,3064,2993,-1,2993,3064,3065,-1,2993,3065,3009,-1,3009,3065,3066,-1,3009,3066,3025,-1,3025,3066,3067,-1,3025,3067,3041,-1,3041,3067,3068,-1,3041,3068,3057,-1,3057,3068,3069,-1,3057,3069,1873,-1,1873,3069,1875,-1,1873,1875,1870,-1,1870,1875,1877,-1,1870,1877,1871,-1,3070,2373,3071,-1,3071,2373,2374,-1,3071,2374,3072,-1,3072,2374,2375,-1,3072,2375,3073,-1,3073,2375,2376,-1,3073,2376,3074,-1,3074,2376,2377,-1,3074,2377,3075,-1,3075,2377,2378,-1,3075,2378,3076,-1,3076,2378,2379,-1,3076,2379,3077,-1,3077,2379,2145,-1,3077,2145,3078,-1,3078,2145,2147,-1,3078,2147,3079,-1,3079,2147,2149,-1,3079,2149,3080,-1,3080,2149,2142,-1,3080,2142,3081,-1,3081,2142,309,-1,3081,309,3082,-1,3082,309,308,-1,3082,308,3083,-1,3083,308,2136,-1,3083,2136,3084,-1,3084,2136,2130,-1,3084,2130,3085,-1,3085,2130,2129,-1,3085,2129,3086,-1,3086,2129,2134,-1,3087,3070,3088,-1,3088,3070,3071,-1,3088,3071,3089,-1,3089,3071,3072,-1,3089,3072,3090,-1,3090,3072,3073,-1,3090,3073,3091,-1,3091,3073,3074,-1,3091,3074,3092,-1,3092,3074,3075,-1,3092,3075,3093,-1,3093,3075,3076,-1,3093,3076,3094,-1,3094,3076,3077,-1,3094,3077,3095,-1,3095,3077,3078,-1,3095,3078,3096,-1,3096,3078,3079,-1,3096,3079,3097,-1,3097,3079,3080,-1,3097,3080,3098,-1,3098,3080,3081,-1,3098,3081,3099,-1,3099,3081,3082,-1,3099,3082,3100,-1,3100,3082,3083,-1,3100,3083,3101,-1,3101,3083,3084,-1,3101,3084,3102,-1,3102,3084,3085,-1,3102,3085,3103,-1,3103,3085,3086,-1,3104,3087,3105,-1,3105,3087,3088,-1,3105,3088,3106,-1,3106,3088,3089,-1,3106,3089,3107,-1,3107,3089,3090,-1,3107,3090,3108,-1,3108,3090,3091,-1,3108,3091,3109,-1,3109,3091,3092,-1,3109,3092,3110,-1,3110,3092,3093,-1,3110,3093,3111,-1,3111,3093,3094,-1,3111,3094,3112,-1,3112,3094,3095,-1,3112,3095,3113,-1,3113,3095,3096,-1,3113,3096,3114,-1,3114,3096,3097,-1,3114,3097,3115,-1,3115,3097,3098,-1,3115,3098,3116,-1,3116,3098,3099,-1,3116,3099,3117,-1,3117,3099,3100,-1,3117,3100,3118,-1,3118,3100,3101,-1,3118,3101,3119,-1,3119,3101,3102,-1,3119,3102,3120,-1,3120,3102,3103,-1,3121,3104,3122,-1,3122,3104,3105,-1,3122,3105,3123,-1,3123,3105,3106,-1,3123,3106,3124,-1,3124,3106,3107,-1,3124,3107,3125,-1,3125,3107,3108,-1,3125,3108,3126,-1,3126,3108,3109,-1,3126,3109,3127,-1,3127,3109,3110,-1,3127,3110,3128,-1,3128,3110,3111,-1,3128,3111,3129,-1,3129,3111,3112,-1,3129,3112,3130,-1,3130,3112,3113,-1,3130,3113,3131,-1,3131,3113,3114,-1,3131,3114,3132,-1,3132,3114,3115,-1,3132,3115,3133,-1,3133,3115,3116,-1,3133,3116,3134,-1,3134,3116,3117,-1,3134,3117,3135,-1,3135,3117,3118,-1,3135,3118,3136,-1,3136,3118,3119,-1,3136,3119,3137,-1,3137,3119,3120,-1,3138,3121,3139,-1,3139,3121,3122,-1,3139,3122,3140,-1,3140,3122,3123,-1,3140,3123,3141,-1,3141,3123,3124,-1,3141,3124,3142,-1,3142,3124,3125,-1,3142,3125,3143,-1,3143,3125,3126,-1,3143,3126,3144,-1,3144,3126,3127,-1,3144,3127,3145,-1,3145,3127,3128,-1,3145,3128,3146,-1,3146,3128,3129,-1,3146,3129,3147,-1,3147,3129,3130,-1,3147,3130,3148,-1,3148,3130,3131,-1,3148,3131,3149,-1,3149,3131,3132,-1,3149,3132,3150,-1,3150,3132,3133,-1,3150,3133,3151,-1,3151,3133,3134,-1,3151,3134,3152,-1,3152,3134,3135,-1,3152,3135,3153,-1,3153,3135,3136,-1,3153,3136,3154,-1,3154,3136,3137,-1,3155,3138,3156,-1,3156,3138,3139,-1,3156,3139,3157,-1,3157,3139,3140,-1,3157,3140,3158,-1,3158,3140,3141,-1,3158,3141,3159,-1,3159,3141,3142,-1,3159,3142,3160,-1,3160,3142,3143,-1,3160,3143,3161,-1,3161,3143,3144,-1,3161,3144,3162,-1,3162,3144,3145,-1,3162,3145,3163,-1,3163,3145,3146,-1,3163,3146,3164,-1,3164,3146,3147,-1,3164,3147,3165,-1,3165,3147,3148,-1,3165,3148,3166,-1,3166,3148,3149,-1,3166,3149,3167,-1,3167,3149,3150,-1,3167,3150,3168,-1,3168,3150,3151,-1,3168,3151,3169,-1,3169,3151,3152,-1,3169,3152,3170,-1,3170,3152,3153,-1,3170,3153,3171,-1,3171,3153,3154,-1,2782,3155,2783,-1,2783,3155,3156,-1,2783,3156,2784,-1,2784,3156,3157,-1,2784,3157,2785,-1,2785,3157,3158,-1,2785,3158,2786,-1,2786,3158,3159,-1,2786,3159,2787,-1,2787,3159,3160,-1,2787,3160,2788,-1,2788,3160,3161,-1,2788,3161,2789,-1,2789,3161,3162,-1,2789,3162,2790,-1,2790,3162,3163,-1,2790,3163,2791,-1,2791,3163,3164,-1,2791,3164,2792,-1,2792,3164,3165,-1,2792,3165,1156,-1,1156,3165,3166,-1,1156,3166,432,-1,432,3166,3167,-1,432,3167,1158,-1,1158,3167,3168,-1,1158,3168,1162,-1,1162,3168,3169,-1,1162,3169,429,-1,429,3169,3170,-1,429,3170,1165,-1,1165,3170,3171,-1,3172,3058,3173,-1,3173,3058,3059,-1,3173,3059,3174,-1,3174,3059,3060,-1,3174,3060,3175,-1,3175,3060,3061,-1,3175,3061,3176,-1,3176,3061,3062,-1,3176,3062,3177,-1,3177,3062,402,-1,3177,402,405,-1,405,402,401,-1,405,401,403,-1,386,1524,387,-1,387,1524,3178,-1,387,3178,3063,-1,3063,3178,3179,-1,3063,3179,3064,-1,3064,3179,3180,-1,3064,3180,3065,-1,3065,3180,3181,-1,3065,3181,3066,-1,3066,3181,3182,-1,3066,3182,3067,-1,3067,3182,3183,-1,3067,3183,3068,-1,3068,3183,3184,-1,3068,3184,3069,-1,3069,3184,1878,-1,3069,1878,1875,-1,1875,1878,1880,-1,1875,1880,1876,-1,2125,2127,2134,-1,2134,2127,3185,-1,2134,3185,3086,-1,3086,3185,3186,-1,3086,3186,3103,-1,3103,3186,3187,-1,3103,3187,3120,-1,3120,3187,3188,-1,3120,3188,3137,-1,3137,3188,3189,-1,3137,3189,3154,-1,3154,3189,3190,-1,3154,3190,3171,-1,3171,3190,3191,-1,3171,3191,1165,-1,1165,3191,1169,-1,1165,1169,1166,-1,1166,1169,1171,-1,1166,1171,1168,-1,3192,3172,3193,-1,3193,3172,3173,-1,3193,3173,3194,-1,3194,3173,3174,-1,3194,3174,3195,-1,3195,3174,3175,-1,3195,3175,3196,-1,3196,3175,3176,-1,3196,3176,3197,-1,3197,3176,3177,-1,3197,3177,3198,-1,3198,3177,405,-1,3198,405,408,-1,408,405,404,-1,408,404,1378,-1,1335,3199,1333,-1,1333,3199,3200,-1,1333,3200,2587,-1,2587,3200,1391,-1,2587,1391,2648,-1,2648,1391,1393,-1,2648,1393,2649,-1,2649,1393,2793,-1,2649,2793,2742,-1,2742,2793,2831,-1,2742,2831,2806,-1,2806,2831,2858,-1,2806,2858,2846,-1,2846,2858,2899,-1,2846,2899,2875,-1,2875,2899,3058,-1,2875,3058,2918,-1,2918,3058,3172,-1,2918,3172,900,-1,900,3172,3192,-1,900,3192,904,-1,3201,2588,3202,-1,3202,2588,2589,-1,3202,2589,3203,-1,3203,2589,2590,-1,3203,2590,3204,-1,3204,2590,2591,-1,3204,2591,3205,-1,3205,2591,2592,-1,3205,2592,3206,-1,3206,2592,2593,-1,3206,2593,3207,-1,3207,2593,2594,-1,3207,2594,3208,-1,3208,2594,2595,-1,3208,2595,3209,-1,3209,2595,487,-1,3209,487,3210,-1,3210,487,486,-1,3210,486,3211,-1,3211,486,717,-1,3211,717,3212,-1,3212,717,490,-1,3212,490,3213,-1,3213,490,489,-1,3213,489,3214,-1,3214,489,709,-1,3214,709,3215,-1,3215,709,704,-1,3215,704,3216,-1,3216,704,703,-1,3216,703,3217,-1,3217,703,700,-1,3217,700,3218,-1,3218,700,493,-1,3219,3201,3220,-1,3220,3201,3202,-1,3220,3202,3221,-1,3221,3202,3203,-1,3221,3203,3222,-1,3222,3203,3204,-1,3222,3204,3223,-1,3223,3204,3205,-1,3223,3205,3224,-1,3224,3205,3206,-1,3224,3206,3225,-1,3225,3206,3207,-1,3225,3207,3226,-1,3226,3207,3208,-1,3226,3208,3227,-1,3227,3208,3209,-1,3227,3209,3228,-1,3228,3209,3210,-1,3228,3210,3229,-1,3229,3210,3211,-1,3229,3211,3230,-1,3230,3211,3212,-1,3230,3212,3231,-1,3231,3212,3213,-1,3231,3213,3232,-1,3232,3213,3214,-1,3232,3214,3233,-1,3233,3214,3215,-1,3233,3215,3234,-1,3234,3215,3216,-1,3234,3216,3235,-1,3235,3216,3217,-1,3235,3217,3236,-1,3236,3217,3218,-1,3237,3219,3238,-1,3238,3219,3220,-1,3238,3220,3239,-1,3239,3220,3221,-1,3239,3221,3240,-1,3240,3221,3222,-1,3240,3222,3241,-1,3241,3222,3223,-1,3241,3223,3242,-1,3242,3223,3224,-1,3242,3224,3243,-1,3243,3224,3225,-1,3243,3225,3244,-1,3244,3225,3226,-1,3244,3226,3245,-1,3245,3226,3227,-1,3245,3227,3246,-1,3246,3227,3228,-1,3246,3228,3247,-1,3247,3228,3229,-1,3247,3229,3248,-1,3248,3229,3230,-1,3248,3230,3249,-1,3249,3230,3231,-1,3249,3231,3250,-1,3250,3231,3232,-1,3250,3232,3251,-1,3251,3232,3233,-1,3251,3233,3252,-1,3252,3233,3234,-1,3252,3234,3253,-1,3253,3234,3235,-1,3253,3235,3254,-1,3254,3235,3236,-1,3255,3237,3256,-1,3256,3237,3238,-1,3256,3238,3257,-1,3257,3238,3239,-1,3257,3239,3258,-1,3258,3239,3240,-1,3258,3240,3259,-1,3259,3240,3241,-1,3259,3241,3260,-1,3260,3241,3242,-1,3260,3242,3261,-1,3261,3242,3243,-1,3261,3243,3262,-1,3262,3243,3244,-1,3262,3244,3263,-1,3263,3244,3245,-1,3263,3245,3264,-1,3264,3245,3246,-1,3264,3246,3265,-1,3265,3246,3247,-1,3265,3247,3266,-1,3266,3247,3248,-1,3266,3248,3267,-1,3267,3248,3249,-1,3267,3249,3268,-1,3268,3249,3250,-1,3268,3250,3269,-1,3269,3250,3251,-1,3269,3251,3270,-1,3270,3251,3252,-1,3270,3252,3271,-1,3271,3252,3253,-1,3271,3253,3272,-1,3272,3253,3254,-1,3273,3255,3274,-1,3274,3255,3256,-1,3274,3256,3275,-1,3275,3256,3257,-1,3275,3257,3276,-1,3276,3257,3258,-1,3276,3258,3277,-1,3277,3258,3259,-1,3277,3259,3278,-1,3278,3259,3260,-1,3278,3260,3279,-1,3279,3260,3261,-1,3279,3261,3280,-1,3280,3261,3262,-1,3280,3262,3281,-1,3281,3262,3263,-1,3281,3263,3282,-1,3282,3263,3264,-1,3282,3264,3283,-1,3283,3264,3265,-1,3283,3265,3284,-1,3284,3265,3266,-1,3284,3266,3285,-1,3285,3266,3267,-1,3285,3267,3286,-1,3286,3267,3268,-1,3286,3268,3287,-1,3287,3268,3269,-1,3287,3269,3288,-1,3288,3269,3270,-1,3288,3270,3289,-1,3289,3270,3271,-1,3289,3271,3290,-1,3290,3271,3272,-1,3291,3273,3292,-1,3292,3273,3274,-1,3292,3274,3293,-1,3293,3274,3275,-1,3293,3275,3294,-1,3294,3275,3276,-1,3294,3276,3295,-1,3295,3276,3277,-1,3295,3277,3296,-1,3296,3277,3278,-1,3296,3278,3297,-1,3297,3278,3279,-1,3297,3279,3298,-1,3298,3279,3280,-1,3298,3280,3299,-1,3299,3280,3281,-1,3299,3281,3300,-1,3300,3281,3282,-1,3300,3282,3301,-1,3301,3282,3283,-1,3301,3283,3302,-1,3302,3283,3284,-1,3302,3284,3303,-1,3303,3284,3285,-1,3303,3285,3304,-1,3304,3285,3286,-1,3304,3286,3305,-1,3305,3286,3287,-1,3305,3287,3306,-1,3306,3287,3288,-1,3306,3288,3307,-1,3307,3288,3289,-1,3307,3289,3308,-1,3308,3289,3290,-1,2755,3291,2756,-1,2756,3291,3292,-1,2756,3292,2757,-1,2757,3292,3293,-1,2757,3293,2758,-1,2758,3293,3294,-1,2758,3294,2759,-1,2759,3294,3295,-1,2759,3295,2760,-1,2760,3295,3296,-1,2760,3296,2761,-1,2761,3296,3297,-1,2761,3297,2762,-1,2762,3297,3298,-1,2762,3298,2763,-1,2763,3298,3299,-1,2763,3299,2764,-1,2764,3299,3300,-1,2764,3300,1740,-1,1740,3300,3301,-1,1740,3301,1741,-1,1741,3301,3302,-1,1741,3302,1743,-1,1743,3302,3303,-1,1743,3303,1744,-1,1744,3303,3304,-1,1744,3304,1749,-1,1749,3304,3305,-1,1749,3305,1754,-1,1754,3305,3306,-1,1754,3306,1758,-1,1758,3306,3307,-1,1758,3307,1761,-1,1761,3307,3308,-1,3309,2596,3310,-1,3310,2596,2597,-1,3310,2597,3311,-1,3311,2597,2598,-1,3311,2598,3312,-1,3312,2598,2599,-1,3312,2599,3313,-1,3313,2599,2600,-1,3313,2600,3314,-1,3314,2600,2601,-1,3314,2601,3315,-1,3315,2601,2602,-1,3315,2602,3316,-1,3316,2602,2603,-1,3316,2603,3317,-1,3317,2603,372,-1,3317,372,3318,-1,3318,372,371,-1,3318,371,3319,-1,3319,371,1613,-1,3319,1613,3320,-1,3320,1613,375,-1,3320,375,3321,-1,3321,375,374,-1,3321,374,3322,-1,3322,374,1605,-1,3322,1605,3323,-1,3323,1605,1600,-1,3323,1600,3324,-1,3324,1600,1599,-1,3324,1599,3325,-1,3325,1599,1596,-1,3325,1596,3326,-1,3326,1596,378,-1,3327,3309,3328,-1,3328,3309,3310,-1,3328,3310,3329,-1,3329,3310,3311,-1,3329,3311,3330,-1,3330,3311,3312,-1,3330,3312,3331,-1,3331,3312,3313,-1,3331,3313,3332,-1,3332,3313,3314,-1,3332,3314,3333,-1,3333,3314,3315,-1,3333,3315,3334,-1,3334,3315,3316,-1,3334,3316,3335,-1,3335,3316,3317,-1,3335,3317,3336,-1,3336,3317,3318,-1,3336,3318,3337,-1,3337,3318,3319,-1,3337,3319,3338,-1,3338,3319,3320,-1,3338,3320,3339,-1,3339,3320,3321,-1,3339,3321,3340,-1,3340,3321,3322,-1,3340,3322,3341,-1,3341,3322,3323,-1,3341,3323,3342,-1,3342,3323,3324,-1,3342,3324,3343,-1,3343,3324,3325,-1,3343,3325,3344,-1,3344,3325,3326,-1,3345,3327,3346,-1,3346,3327,3328,-1,3346,3328,3347,-1,3347,3328,3329,-1,3347,3329,3348,-1,3348,3329,3330,-1,3348,3330,3349,-1,3349,3330,3331,-1,3349,3331,3350,-1,3350,3331,3332,-1,3350,3332,3351,-1,3351,3332,3333,-1,3351,3333,3352,-1,3352,3333,3334,-1,3352,3334,3353,-1,3353,3334,3335,-1,3353,3335,3354,-1,3354,3335,3336,-1,3354,3336,3355,-1,3355,3336,3337,-1,3355,3337,3356,-1,3356,3337,3338,-1,3356,3338,3357,-1,3357,3338,3339,-1,3357,3339,3358,-1,3358,3339,3340,-1,3358,3340,3359,-1,3359,3340,3341,-1,3359,3341,3360,-1,3360,3341,3342,-1,3360,3342,3361,-1,3361,3342,3343,-1,3361,3343,3362,-1,3362,3343,3344,-1,3363,3345,3364,-1,3364,3345,3346,-1,3364,3346,3365,-1,3365,3346,3347,-1,3365,3347,3366,-1,3366,3347,3348,-1,3366,3348,3367,-1,3367,3348,3349,-1,3367,3349,3368,-1,3368,3349,3350,-1,3368,3350,3369,-1,3369,3350,3351,-1,3369,3351,3370,-1,3370,3351,3352,-1,3370,3352,3371,-1,3371,3352,3353,-1,3371,3353,3372,-1,3372,3353,3354,-1,3372,3354,3373,-1,3373,3354,3355,-1,3373,3355,3374,-1,3374,3355,3356,-1,3374,3356,3375,-1,3375,3356,3357,-1,3375,3357,3376,-1,3376,3357,3358,-1,3376,3358,3377,-1,3377,3358,3359,-1,3377,3359,3378,-1,3378,3359,3360,-1,3378,3360,3379,-1,3379,3360,3361,-1,3379,3361,3380,-1,3380,3361,3362,-1,3381,3363,3382,-1,3382,3363,3364,-1,3382,3364,3383,-1,3383,3364,3365,-1,3383,3365,3384,-1,3384,3365,3366,-1,3384,3366,3385,-1,3385,3366,3367,-1,3385,3367,3386,-1,3386,3367,3368,-1,3386,3368,3387,-1,3387,3368,3369,-1,3387,3369,3388,-1,3388,3369,3370,-1,3388,3370,3389,-1,3389,3370,3371,-1,3389,3371,3390,-1,3390,3371,3372,-1,3390,3372,3391,-1,3391,3372,3373,-1,3391,3373,3392,-1,3392,3373,3374,-1,3392,3374,3393,-1,3393,3374,3375,-1,3393,3375,3394,-1,3394,3375,3376,-1,3394,3376,3395,-1,3395,3376,3377,-1,3395,3377,3396,-1,3396,3377,3378,-1,3396,3378,3397,-1,3397,3378,3379,-1,3397,3379,3398,-1,3398,3379,3380,-1,3399,3381,3400,-1,3400,3381,3382,-1,3400,3382,3401,-1,3401,3382,3383,-1,3401,3383,3402,-1,3402,3383,3384,-1,3402,3384,3403,-1,3403,3384,3385,-1,3403,3385,3404,-1,3404,3385,3386,-1,3404,3386,3405,-1,3405,3386,3387,-1,3405,3387,3406,-1,3406,3387,3388,-1,3406,3388,3407,-1,3407,3388,3389,-1,3407,3389,3408,-1,3408,3389,3390,-1,3408,3390,3409,-1,3409,3390,3391,-1,3409,3391,3410,-1,3410,3391,3392,-1,3410,3392,3411,-1,3411,3392,3393,-1,3411,3393,3412,-1,3412,3393,3394,-1,3412,3394,3413,-1,3413,3394,3395,-1,3413,3395,3414,-1,3414,3395,3396,-1,3414,3396,3415,-1,3415,3396,3397,-1,3415,3397,3416,-1,3416,3397,3398,-1,2650,3399,2651,-1,2651,3399,3400,-1,2651,3400,2652,-1,2652,3400,3401,-1,2652,3401,2653,-1,2653,3401,3402,-1,2653,3402,2654,-1,2654,3402,3403,-1,2654,3403,2655,-1,2655,3403,3404,-1,2655,3404,2656,-1,2656,3404,3405,-1,2656,3405,2657,-1,2657,3405,3406,-1,2657,3406,2658,-1,2658,3406,3407,-1,2658,3407,1940,-1,1940,3407,3408,-1,1940,3408,333,-1,333,3408,3409,-1,333,3409,1941,-1,1941,3409,3410,-1,1941,3410,1944,-1,1944,3410,3411,-1,1944,3411,1945,-1,1945,3411,3412,-1,1945,3412,1950,-1,1950,3412,3413,-1,1950,3413,1955,-1,1955,3413,3414,-1,1955,3414,1959,-1,1959,3414,3415,-1,1959,3415,1962,-1,1962,3415,3416,-1,3417,3418,3419,-1,3419,3418,3420,-1,3419,3420,3421,-1,3421,3420,3422,-1,3421,3422,3423,-1,3423,3422,3424,-1,3423,3424,3425,-1,3425,3424,3426,-1,3425,3426,3427,-1,3427,3426,3428,-1,3427,3428,3429,-1,3429,3428,3430,-1,3429,3430,3431,-1,3431,3430,3432,-1,3431,3432,3433,-1,3433,3432,3434,-1,3433,3434,3435,-1,3435,3434,3436,-1,3435,3436,3437,-1,3437,3436,3438,-1,3437,3438,3439,-1,3439,3438,3440,-1,3439,3440,3441,-1,3441,3440,3442,-1,3441,3442,3443,-1,3443,3442,3444,-1,3443,3444,3445,-1,3445,3444,3446,-1,3445,3446,3447,-1,3447,3446,3448,-1,3447,3448,3449,-1,3449,3448,3450,-1,3449,3450,555,-1,555,3450,3451,-1,555,3451,225,-1,225,3451,557,-1,225,557,226,-1,226,557,240,-1,2535,3417,2537,-1,2537,3417,3419,-1,2537,3419,2539,-1,2539,3419,3421,-1,2539,3421,2541,-1,2541,3421,3423,-1,2541,3423,2543,-1,2543,3423,3425,-1,2543,3425,2545,-1,2545,3425,3427,-1,2545,3427,2547,-1,2547,3427,3429,-1,2547,3429,524,-1,524,3429,3431,-1,524,3431,525,-1,525,3431,3433,-1,525,3433,530,-1,530,3433,3435,-1,530,3435,523,-1,523,3435,3437,-1,523,3437,534,-1,534,3437,3439,-1,534,3439,540,-1,540,3439,3441,-1,540,3441,537,-1,537,3441,3443,-1,537,3443,545,-1,545,3443,3445,-1,545,3445,548,-1,548,3445,3447,-1,548,3447,550,-1,550,3447,3449,-1,550,3449,520,-1,520,3449,555,-1,520,555,282,-1,282,555,283,-1,3452,2611,3453,-1,3453,2611,2612,-1,3453,2612,3454,-1,3454,2612,2613,-1,3454,2613,3455,-1,3455,2613,2614,-1,3455,2614,3456,-1,3456,2614,2615,-1,3456,2615,3457,-1,3457,2615,2616,-1,3457,2616,3458,-1,3458,2616,2617,-1,3458,2617,3459,-1,3459,2617,2618,-1,3459,2618,3460,-1,3460,2618,2619,-1,3460,2619,3461,-1,3461,2619,1837,-1,3461,1837,3462,-1,3462,1837,1834,-1,3462,1834,3463,-1,3463,1834,345,-1,3463,345,3464,-1,3464,345,344,-1,3464,344,3465,-1,3465,344,1828,-1,3465,1828,3466,-1,3466,1828,1823,-1,3466,1823,3467,-1,3467,1823,1822,-1,3467,1822,3468,-1,3468,1822,1819,-1,3468,1819,3469,-1,3469,1819,348,-1,3469,348,3470,-1,3470,348,1816,-1,3471,3452,3472,-1,3472,3452,3453,-1,3472,3453,3473,-1,3473,3453,3454,-1,3473,3454,3474,-1,3474,3454,3455,-1,3474,3455,3475,-1,3475,3455,3456,-1,3475,3456,3476,-1,3476,3456,3457,-1,3476,3457,3477,-1,3477,3457,3458,-1,3477,3458,3478,-1,3478,3458,3459,-1,3478,3459,3479,-1,3479,3459,3460,-1,3479,3460,3480,-1,3480,3460,3461,-1,3480,3461,3481,-1,3481,3461,3462,-1,3481,3462,3482,-1,3482,3462,3463,-1,3482,3463,3483,-1,3483,3463,3464,-1,3483,3464,3484,-1,3484,3464,3465,-1,3484,3465,3485,-1,3485,3465,3466,-1,3485,3466,3486,-1,3486,3466,3467,-1,3486,3467,3487,-1,3487,3467,3468,-1,3487,3468,3488,-1,3488,3468,3469,-1,3488,3469,3489,-1,3489,3469,3470,-1,3490,3471,3491,-1,3491,3471,3472,-1,3491,3472,3492,-1,3492,3472,3473,-1,3492,3473,3493,-1,3493,3473,3474,-1,3493,3474,3494,-1,3494,3474,3475,-1,3494,3475,3495,-1,3495,3475,3476,-1,3495,3476,3496,-1,3496,3476,3477,-1,3496,3477,3497,-1,3497,3477,3478,-1,3497,3478,3498,-1,3498,3478,3479,-1,3498,3479,3499,-1,3499,3479,3480,-1,3499,3480,3500,-1,3500,3480,3481,-1,3500,3481,3501,-1,3501,3481,3482,-1,3501,3482,3502,-1,3502,3482,3483,-1,3502,3483,3503,-1,3503,3483,3484,-1,3503,3484,3504,-1,3504,3484,3485,-1,3504,3485,3505,-1,3505,3485,3486,-1,3505,3486,3506,-1,3506,3486,3487,-1,3506,3487,3507,-1,3507,3487,3488,-1,3507,3488,3508,-1,3508,3488,3489,-1,3509,3490,3510,-1,3510,3490,3491,-1,3510,3491,3511,-1,3511,3491,3492,-1,3511,3492,3512,-1,3512,3492,3493,-1,3512,3493,3513,-1,3513,3493,3494,-1,3513,3494,3514,-1,3514,3494,3495,-1,3514,3495,3515,-1,3515,3495,3496,-1,3515,3496,3516,-1,3516,3496,3497,-1,3516,3497,3517,-1,3517,3497,3498,-1,3517,3498,3518,-1,3518,3498,3499,-1,3518,3499,3519,-1,3519,3499,3500,-1,3519,3500,3520,-1,3520,3500,3501,-1,3520,3501,3521,-1,3521,3501,3502,-1,3521,3502,3522,-1,3522,3502,3503,-1,3522,3503,3523,-1,3523,3503,3504,-1,3523,3504,3524,-1,3524,3504,3505,-1,3524,3505,3525,-1,3525,3505,3506,-1,3525,3506,3526,-1,3526,3506,3507,-1,3526,3507,3527,-1,3527,3507,3508,-1,3528,3509,3529,-1,3529,3509,3510,-1,3529,3510,3530,-1,3530,3510,3511,-1,3530,3511,3531,-1,3531,3511,3512,-1,3531,3512,3532,-1,3532,3512,3513,-1,3532,3513,3533,-1,3533,3513,3514,-1,3533,3514,3534,-1,3534,3514,3515,-1,3534,3515,3535,-1,3535,3515,3516,-1,3535,3516,3536,-1,3536,3516,3517,-1,3536,3517,3537,-1,3537,3517,3518,-1,3537,3518,3538,-1,3538,3518,3519,-1,3538,3519,3539,-1,3539,3519,3520,-1,3539,3520,3540,-1,3540,3520,3521,-1,3540,3521,3541,-1,3541,3521,3522,-1,3541,3522,3542,-1,3542,3522,3523,-1,3542,3523,3543,-1,3543,3523,3524,-1,3543,3524,3544,-1,3544,3524,3525,-1,3544,3525,3545,-1,3545,3525,3526,-1,3545,3526,3546,-1,3546,3526,3527,-1,3547,3528,3548,-1,3548,3528,3529,-1,3548,3529,3549,-1,3549,3529,3530,-1,3549,3530,3550,-1,3550,3530,3531,-1,3550,3531,3551,-1,3551,3531,3532,-1,3551,3532,3552,-1,3552,3532,3533,-1,3552,3533,3553,-1,3553,3533,3534,-1,3553,3534,3554,-1,3554,3534,3535,-1,3554,3535,3555,-1,3555,3535,3536,-1,3555,3536,3556,-1,3556,3536,3537,-1,3556,3537,3557,-1,3557,3537,3538,-1,3557,3538,3558,-1,3558,3538,3539,-1,3558,3539,3559,-1,3559,3539,3540,-1,3559,3540,3560,-1,3560,3540,3541,-1,3560,3541,3561,-1,3561,3541,3542,-1,3561,3542,3562,-1,3562,3542,3543,-1,3562,3543,3563,-1,3563,3543,3544,-1,3563,3544,3564,-1,3564,3544,3545,-1,3564,3545,3565,-1,3565,3545,3546,-1,2620,3547,2621,-1,2621,3547,3548,-1,2621,3548,2622,-1,2622,3548,3549,-1,2622,3549,2623,-1,2623,3549,3550,-1,2623,3550,2624,-1,2624,3550,3551,-1,2624,3551,2625,-1,2625,3551,3552,-1,2625,3552,2626,-1,2626,3552,3553,-1,2626,3553,2627,-1,2627,3553,3554,-1,2627,3554,2628,-1,2628,3554,3555,-1,2628,3555,2016,-1,2016,3555,3556,-1,2016,3556,324,-1,324,3556,3557,-1,324,3557,2017,-1,2017,3557,3558,-1,2017,3558,2020,-1,2020,3558,3559,-1,2020,3559,2021,-1,2021,3559,3560,-1,2021,3560,2026,-1,2026,3560,3561,-1,2026,3561,2031,-1,2031,3561,3562,-1,2031,3562,2035,-1,2035,3562,3563,-1,2035,3563,2037,-1,2037,3563,3564,-1,2037,3564,2040,-1,2040,3564,3565,-1,1194,1186,1193,-1,1193,1186,1188,-1,1193,1188,3566,-1,3566,1188,1185,-1,3567,2629,3568,-1,3568,2629,2630,-1,3568,2630,3569,-1,3569,2630,2631,-1,3569,2631,3570,-1,3570,2631,2632,-1,3570,2632,3571,-1,3571,2632,2633,-1,3571,2633,3572,-1,3572,2633,2634,-1,3572,2634,3573,-1,3573,2634,2635,-1,3573,2635,3574,-1,3574,2635,2636,-1,3574,2636,3575,-1,3575,2636,2637,-1,3575,2637,3576,-1,3576,2637,1210,-1,3576,1210,3577,-1,3577,1210,1207,-1,3577,1207,3578,-1,3578,1207,426,-1,3578,426,3579,-1,3579,426,425,-1,3579,425,3580,-1,3580,425,1201,-1,3580,1201,3581,-1,3581,1201,1196,-1,3581,1196,3582,-1,3582,1196,1195,-1,3582,1195,3583,-1,3583,1195,1191,-1,3583,1191,3584,-1,3584,1191,1193,-1,3584,1193,3585,-1,3585,1193,3566,-1,3586,3567,3587,-1,3587,3567,3568,-1,3587,3568,3588,-1,3588,3568,3569,-1,3588,3569,3589,-1,3589,3569,3570,-1,3589,3570,3590,-1,3590,3570,3571,-1,3590,3571,3591,-1,3591,3571,3572,-1,3591,3572,3592,-1,3592,3572,3573,-1,3592,3573,3593,-1,3593,3573,3574,-1,3593,3574,3594,-1,3594,3574,3575,-1,3594,3575,3595,-1,3595,3575,3576,-1,3595,3576,3596,-1,3596,3576,3577,-1,3596,3577,3597,-1,3597,3577,3578,-1,3597,3578,3598,-1,3598,3578,3579,-1,3598,3579,3599,-1,3599,3579,3580,-1,3599,3580,3600,-1,3600,3580,3581,-1,3600,3581,3601,-1,3601,3581,3582,-1,3601,3582,3602,-1,3602,3582,3583,-1,3602,3583,3603,-1,3603,3583,3584,-1,3603,3584,3604,-1,3604,3584,3585,-1,3605,3586,3606,-1,3606,3586,3587,-1,3606,3587,3607,-1,3607,3587,3588,-1,3607,3588,3608,-1,3608,3588,3589,-1,3608,3589,3609,-1,3609,3589,3590,-1,3609,3590,3610,-1,3610,3590,3591,-1,3610,3591,3611,-1,3611,3591,3592,-1,3611,3592,3612,-1,3612,3592,3593,-1,3612,3593,3613,-1,3613,3593,3594,-1,3613,3594,3614,-1,3614,3594,3595,-1,3614,3595,3615,-1,3615,3595,3596,-1,3615,3596,3616,-1,3616,3596,3597,-1,3616,3597,3617,-1,3617,3597,3598,-1,3617,3598,3618,-1,3618,3598,3599,-1,3618,3599,3619,-1,3619,3599,3600,-1,3619,3600,3620,-1,3620,3600,3601,-1,3620,3601,3621,-1,3621,3601,3602,-1,3621,3602,3622,-1,3622,3602,3603,-1,3622,3603,3623,-1,3623,3603,3604,-1,3624,3605,3625,-1,3625,3605,3606,-1,3625,3606,3626,-1,3626,3606,3607,-1,3626,3607,3627,-1,3627,3607,3608,-1,3627,3608,3628,-1,3628,3608,3609,-1,3628,3609,3629,-1,3629,3609,3610,-1,3629,3610,3630,-1,3630,3610,3611,-1,3630,3611,3631,-1,3631,3611,3612,-1,3631,3612,3632,-1,3632,3612,3613,-1,3632,3613,3633,-1,3633,3613,3614,-1,3633,3614,3634,-1,3634,3614,3615,-1,3634,3615,3635,-1,3635,3615,3616,-1,3635,3616,3636,-1,3636,3616,3617,-1,3636,3617,3637,-1,3637,3617,3618,-1,3637,3618,3638,-1,3638,3618,3619,-1,3638,3619,3639,-1,3639,3619,3620,-1,3639,3620,3640,-1,3640,3620,3621,-1,3640,3621,3641,-1,3641,3621,3622,-1,3641,3622,3642,-1,3642,3622,3623,-1,3643,3624,3644,-1,3644,3624,3625,-1,3644,3625,3645,-1,3645,3625,3626,-1,3645,3626,3646,-1,3646,3626,3627,-1,3646,3627,3647,-1,3647,3627,3628,-1,3647,3628,3648,-1,3648,3628,3629,-1,3648,3629,3649,-1,3649,3629,3630,-1,3649,3630,3650,-1,3650,3630,3631,-1,3650,3631,3651,-1,3651,3631,3632,-1,3651,3632,3652,-1,3652,3632,3633,-1,3652,3633,3653,-1,3653,3633,3634,-1,3653,3634,3654,-1,3654,3634,3635,-1,3654,3635,3655,-1,3655,3635,3636,-1,3655,3636,3656,-1,3656,3636,3637,-1,3656,3637,3657,-1,3657,3637,3638,-1,3657,3638,3658,-1,3658,3638,3639,-1,3658,3639,3659,-1,3659,3639,3640,-1,3659,3640,3660,-1,3660,3640,3641,-1,3660,3641,3661,-1,3661,3641,3642,-1,3662,3643,3663,-1,3663,3643,3644,-1,3663,3644,3664,-1,3664,3644,3645,-1,3664,3645,3665,-1,3665,3645,3646,-1,3665,3646,3666,-1,3666,3646,3647,-1,3666,3647,3667,-1,3667,3647,3648,-1,3667,3648,3668,-1,3668,3648,3649,-1,3668,3649,3669,-1,3669,3649,3650,-1,3669,3650,3670,-1,3670,3650,3651,-1,3670,3651,3671,-1,3671,3651,3652,-1,3671,3652,3672,-1,3672,3652,3653,-1,3672,3653,3673,-1,3673,3653,3654,-1,3673,3654,3674,-1,3674,3654,3655,-1,3674,3655,3675,-1,3675,3655,3656,-1,3675,3656,3676,-1,3676,3656,3657,-1,3676,3657,3677,-1,3677,3657,3658,-1,3677,3658,3678,-1,3678,3658,3659,-1,3678,3659,3679,-1,3679,3659,3660,-1,3679,3660,3680,-1,3680,3660,3661,-1,2555,3662,2556,-1,2556,3662,3663,-1,2556,3663,2557,-1,2557,3663,3664,-1,2557,3664,2558,-1,2558,3664,3665,-1,2558,3665,2559,-1,2559,3665,3666,-1,2559,3666,2560,-1,2560,3666,3667,-1,2560,3667,2561,-1,2561,3667,3668,-1,2561,3668,2562,-1,2562,3668,3669,-1,2562,3669,1405,-1,1405,3669,3670,-1,1405,3670,1406,-1,1406,3670,3671,-1,1406,3671,399,-1,399,3671,3672,-1,399,3672,1409,-1,1409,3672,3673,-1,1409,3673,1415,-1,1415,3673,3674,-1,1415,3674,1412,-1,1412,3674,3675,-1,1412,3675,1420,-1,1420,3675,3676,-1,1420,3676,1423,-1,1423,3676,3677,-1,1423,3677,1427,-1,1427,3677,3678,-1,1427,3678,1425,-1,1425,3678,3679,-1,1425,3679,1430,-1,1430,3679,3680,-1,1520,1518,1524,-1,1524,1518,3681,-1,1524,3681,3178,-1,3178,3681,3682,-1,3178,3682,3179,-1,3179,3682,3683,-1,3179,3683,3180,-1,3180,3683,3684,-1,3180,3684,3181,-1,3181,3684,3685,-1,3181,3685,3182,-1,3182,3685,3686,-1,3182,3686,3183,-1,3183,3686,3687,-1,3183,3687,3184,-1,3184,3687,1883,-1,3184,1883,1878,-1,1878,1883,1882,-1,1878,1882,1879,-1,2122,2120,2127,-1,2127,2120,3688,-1,2127,3688,3185,-1,3185,3688,3689,-1,3185,3689,3186,-1,3186,3689,3690,-1,3186,3690,3187,-1,3187,3690,3691,-1,3187,3691,3188,-1,3188,3691,3692,-1,3188,3692,3189,-1,3189,3692,3693,-1,3189,3693,3190,-1,3190,3693,3694,-1,3190,3694,3191,-1,3191,3694,1174,-1,3191,1174,1169,-1,1169,1174,1173,-1,1169,1173,1170,-1,407,1372,408,-1,408,1372,3695,-1,408,3695,3198,-1,3198,3695,3696,-1,3198,3696,3197,-1,3197,3696,3697,-1,3197,3697,3196,-1,3196,3697,3698,-1,3196,3698,3195,-1,3195,3698,3699,-1,3195,3699,3194,-1,3194,3699,3700,-1,3194,3700,3193,-1,3193,3700,3701,-1,3193,3701,3192,-1,3192,3701,907,-1,3192,907,904,-1,904,907,906,-1,904,906,903,-1,492,697,493,-1,493,697,3702,-1,493,3702,3218,-1,3218,3702,3703,-1,3218,3703,3236,-1,3236,3703,3704,-1,3236,3704,3254,-1,3254,3704,3705,-1,3254,3705,3272,-1,3272,3705,3706,-1,3272,3706,3290,-1,3290,3706,3707,-1,3290,3707,3308,-1,3308,3707,3708,-1,3308,3708,1761,-1,1761,3708,1767,-1,1761,1767,1763,-1,1763,1767,1766,-1,1763,1766,1764,-1,377,1593,378,-1,378,1593,3709,-1,378,3709,3326,-1,3326,3709,3710,-1,3326,3710,3344,-1,3344,3710,3711,-1,3344,3711,3362,-1,3362,3711,3712,-1,3362,3712,3380,-1,3380,3712,3713,-1,3380,3713,3398,-1,3398,3713,3714,-1,3398,3714,3416,-1,3416,3714,3715,-1,3416,3715,1962,-1,1962,3715,1968,-1,1962,1968,1964,-1,1964,1968,1967,-1,1964,1967,1965,-1,3716,2659,3717,-1,3717,2659,2660,-1,3717,2660,3718,-1,3718,2660,2661,-1,3718,2661,3719,-1,3719,2661,2662,-1,3719,2662,3720,-1,3720,2662,2663,-1,3720,2663,3721,-1,3721,2663,2664,-1,3721,2664,3722,-1,3722,2664,2665,-1,3722,2665,3723,-1,3723,2665,2666,-1,3723,2666,3724,-1,3724,2666,2667,-1,3724,2667,3725,-1,3725,2667,2226,-1,3725,2226,3726,-1,3726,2226,2223,-1,3726,2223,3727,-1,3727,2223,2220,-1,3727,2220,3728,-1,3728,2220,2217,-1,3728,2217,3729,-1,3729,2217,2214,-1,3729,2214,3730,-1,3730,2214,2206,-1,3730,2206,3731,-1,3731,2206,2209,-1,3731,2209,3732,-1,3732,2209,2203,-1,3732,2203,3733,-1,3733,2203,2201,-1,3733,2201,3734,-1,3734,2201,2199,-1,3735,3716,3736,-1,3736,3716,3717,-1,3736,3717,3737,-1,3737,3717,3718,-1,3737,3718,3738,-1,3738,3718,3719,-1,3738,3719,3739,-1,3739,3719,3720,-1,3739,3720,3740,-1,3740,3720,3721,-1,3740,3721,3741,-1,3741,3721,3722,-1,3741,3722,3742,-1,3742,3722,3723,-1,3742,3723,3743,-1,3743,3723,3724,-1,3743,3724,3744,-1,3744,3724,3725,-1,3744,3725,3745,-1,3745,3725,3726,-1,3745,3726,3746,-1,3746,3726,3727,-1,3746,3727,3747,-1,3747,3727,3728,-1,3747,3728,3748,-1,3748,3728,3729,-1,3748,3729,3749,-1,3749,3729,3730,-1,3749,3730,3750,-1,3750,3730,3731,-1,3750,3731,3751,-1,3751,3731,3732,-1,3751,3732,3752,-1,3752,3732,3733,-1,3752,3733,3753,-1,3753,3733,3734,-1,3754,3735,3755,-1,3755,3735,3736,-1,3755,3736,3756,-1,3756,3736,3737,-1,3756,3737,3757,-1,3757,3737,3738,-1,3757,3738,3758,-1,3758,3738,3739,-1,3758,3739,3759,-1,3759,3739,3740,-1,3759,3740,3760,-1,3760,3740,3741,-1,3760,3741,3761,-1,3761,3741,3742,-1,3761,3742,3762,-1,3762,3742,3743,-1,3762,3743,3763,-1,3763,3743,3744,-1,3763,3744,3764,-1,3764,3744,3745,-1,3764,3745,3765,-1,3765,3745,3746,-1,3765,3746,3766,-1,3766,3746,3747,-1,3766,3747,3767,-1,3767,3747,3748,-1,3767,3748,3768,-1,3768,3748,3749,-1,3768,3749,3769,-1,3769,3749,3750,-1,3769,3750,3770,-1,3770,3750,3751,-1,3770,3751,3771,-1,3771,3751,3752,-1,3771,3752,3772,-1,3772,3752,3753,-1,3773,3754,3774,-1,3774,3754,3755,-1,3774,3755,3775,-1,3775,3755,3756,-1,3775,3756,3776,-1,3776,3756,3757,-1,3776,3757,3777,-1,3777,3757,3758,-1,3777,3758,3778,-1,3778,3758,3759,-1,3778,3759,3779,-1,3779,3759,3760,-1,3779,3760,3780,-1,3780,3760,3761,-1,3780,3761,3781,-1,3781,3761,3762,-1,3781,3762,3782,-1,3782,3762,3763,-1,3782,3763,3783,-1,3783,3763,3764,-1,3783,3764,3784,-1,3784,3764,3765,-1,3784,3765,3785,-1,3785,3765,3766,-1,3785,3766,3786,-1,3786,3766,3767,-1,3786,3767,3787,-1,3787,3767,3768,-1,3787,3768,3788,-1,3788,3768,3769,-1,3788,3769,3789,-1,3789,3769,3770,-1,3789,3770,3790,-1,3790,3770,3771,-1,3790,3771,3791,-1,3791,3771,3772,-1,3792,3773,3793,-1,3793,3773,3774,-1,3793,3774,3794,-1,3794,3774,3775,-1,3794,3775,3795,-1,3795,3775,3776,-1,3795,3776,3796,-1,3796,3776,3777,-1,3796,3777,3797,-1,3797,3777,3778,-1,3797,3778,3798,-1,3798,3778,3779,-1,3798,3779,3799,-1,3799,3779,3780,-1,3799,3780,3800,-1,3800,3780,3781,-1,3800,3781,3801,-1,3801,3781,3782,-1,3801,3782,3802,-1,3802,3782,3783,-1,3802,3783,3803,-1,3803,3783,3784,-1,3803,3784,3804,-1,3804,3784,3785,-1,3804,3785,3805,-1,3805,3785,3786,-1,3805,3786,3806,-1,3806,3786,3787,-1,3806,3787,3807,-1,3807,3787,3788,-1,3807,3788,3808,-1,3808,3788,3789,-1,3808,3789,3809,-1,3809,3789,3790,-1,3809,3790,3810,-1,3810,3790,3791,-1,3811,3792,3812,-1,3812,3792,3793,-1,3812,3793,3813,-1,3813,3793,3794,-1,3813,3794,3814,-1,3814,3794,3795,-1,3814,3795,3815,-1,3815,3795,3796,-1,3815,3796,3816,-1,3816,3796,3797,-1,3816,3797,3817,-1,3817,3797,3798,-1,3817,3798,3818,-1,3818,3798,3799,-1,3818,3799,3819,-1,3819,3799,3800,-1,3819,3800,3820,-1,3820,3800,3801,-1,3820,3801,3821,-1,3821,3801,3802,-1,3821,3802,3822,-1,3822,3802,3803,-1,3822,3803,3823,-1,3823,3803,3804,-1,3823,3804,3824,-1,3824,3804,3805,-1,3824,3805,3825,-1,3825,3805,3806,-1,3825,3806,3826,-1,3826,3806,3807,-1,3826,3807,3827,-1,3827,3807,3808,-1,3827,3808,3828,-1,3828,3808,3809,-1,3828,3809,3829,-1,3829,3809,3810,-1,2668,3811,2669,-1,2669,3811,3812,-1,2669,3812,2670,-1,2670,3812,3813,-1,2670,3813,2671,-1,2671,3813,3814,-1,2671,3814,2672,-1,2672,3814,3815,-1,2672,3815,2673,-1,2673,3815,3816,-1,2673,3816,2674,-1,2674,3816,3817,-1,2674,3817,2675,-1,2675,3817,3818,-1,2675,3818,2676,-1,2676,3818,3819,-1,2676,3819,1072,-1,1072,3819,3820,-1,1072,3820,447,-1,447,3820,3821,-1,447,3821,1073,-1,1073,3821,3822,-1,1073,3822,1079,-1,1079,3822,3823,-1,1079,3823,1076,-1,1076,3823,3824,-1,1076,3824,1084,-1,1084,3824,3825,-1,1084,3825,1087,-1,1087,3825,3826,-1,1087,3826,1093,-1,1093,3826,3827,-1,1093,3827,1091,-1,1091,3827,3828,-1,1091,3828,1096,-1,1096,3828,3829,-1,3830,2677,3831,-1,3831,2677,2678,-1,3831,2678,3832,-1,3832,2678,2679,-1,3832,2679,3833,-1,3833,2679,2680,-1,3833,2680,3834,-1,3834,2680,2681,-1,3834,2681,3835,-1,3835,2681,2682,-1,3835,2682,3836,-1,3836,2682,2683,-1,3836,2683,3837,-1,3837,2683,2684,-1,3837,2684,3838,-1,3838,2684,2685,-1,3838,2685,3839,-1,3839,2685,1322,-1,3839,1322,3840,-1,3840,1322,1319,-1,3840,1319,3841,-1,3841,1319,414,-1,3841,414,3842,-1,3842,414,413,-1,3842,413,3843,-1,3843,413,1313,-1,3843,1313,3844,-1,3844,1313,1308,-1,3844,1308,3845,-1,3845,1308,1307,-1,3845,1307,3846,-1,3846,1307,1304,-1,3846,1304,3847,-1,3847,1304,417,-1,3847,417,3848,-1,3848,417,1301,-1,3849,3830,3850,-1,3850,3830,3831,-1,3850,3831,3851,-1,3851,3831,3832,-1,3851,3832,3852,-1,3852,3832,3833,-1,3852,3833,3853,-1,3853,3833,3834,-1,3853,3834,3854,-1,3854,3834,3835,-1,3854,3835,3855,-1,3855,3835,3836,-1,3855,3836,3856,-1,3856,3836,3837,-1,3856,3837,3857,-1,3857,3837,3838,-1,3857,3838,3858,-1,3858,3838,3839,-1,3858,3839,3859,-1,3859,3839,3840,-1,3859,3840,3860,-1,3860,3840,3841,-1,3860,3841,3861,-1,3861,3841,3842,-1,3861,3842,3862,-1,3862,3842,3843,-1,3862,3843,3863,-1,3863,3843,3844,-1,3863,3844,3864,-1,3864,3844,3845,-1,3864,3845,3865,-1,3865,3845,3846,-1,3865,3846,3866,-1,3866,3846,3847,-1,3866,3847,3867,-1,3867,3847,3848,-1,3868,3849,3869,-1,3869,3849,3850,-1,3869,3850,3870,-1,3870,3850,3851,-1,3870,3851,3871,-1,3871,3851,3852,-1,3871,3852,3872,-1,3872,3852,3853,-1,3872,3853,3873,-1,3873,3853,3854,-1,3873,3854,3874,-1,3874,3854,3855,-1,3874,3855,3875,-1,3875,3855,3856,-1,3875,3856,3876,-1,3876,3856,3857,-1,3876,3857,3877,-1,3877,3857,3858,-1,3877,3858,3878,-1,3878,3858,3859,-1,3878,3859,3879,-1,3879,3859,3860,-1,3879,3860,3880,-1,3880,3860,3861,-1,3880,3861,3881,-1,3881,3861,3862,-1,3881,3862,3882,-1,3882,3862,3863,-1,3882,3863,3883,-1,3883,3863,3864,-1,3883,3864,3884,-1,3884,3864,3865,-1,3884,3865,3885,-1,3885,3865,3866,-1,3885,3866,3886,-1,3886,3866,3867,-1,3887,3868,3888,-1,3888,3868,3869,-1,3888,3869,3889,-1,3889,3869,3870,-1,3889,3870,3890,-1,3890,3870,3871,-1,3890,3871,3891,-1,3891,3871,3872,-1,3891,3872,3892,-1,3892,3872,3873,-1,3892,3873,3893,-1,3893,3873,3874,-1,3893,3874,3894,-1,3894,3874,3875,-1,3894,3875,3895,-1,3895,3875,3876,-1,3895,3876,3896,-1,3896,3876,3877,-1,3896,3877,3897,-1,3897,3877,3878,-1,3897,3878,3898,-1,3898,3878,3879,-1,3898,3879,3899,-1,3899,3879,3880,-1,3899,3880,3900,-1,3900,3880,3881,-1,3900,3881,3901,-1,3901,3881,3882,-1,3901,3882,3902,-1,3902,3882,3883,-1,3902,3883,3903,-1,3903,3883,3884,-1,3903,3884,3904,-1,3904,3884,3885,-1,3904,3885,3905,-1,3905,3885,3886,-1,3906,3887,3907,-1,3907,3887,3888,-1,3907,3888,3908,-1,3908,3888,3889,-1,3908,3889,3909,-1,3909,3889,3890,-1,3909,3890,3910,-1,3910,3890,3891,-1,3910,3891,3911,-1,3911,3891,3892,-1,3911,3892,3912,-1,3912,3892,3893,-1,3912,3893,3913,-1,3913,3893,3894,-1,3913,3894,3914,-1,3914,3894,3895,-1,3914,3895,3915,-1,3915,3895,3896,-1,3915,3896,3916,-1,3916,3896,3897,-1,3916,3897,3917,-1,3917,3897,3898,-1,3917,3898,3918,-1,3918,3898,3899,-1,3918,3899,3919,-1,3919,3899,3900,-1,3919,3900,3920,-1,3920,3900,3901,-1,3920,3901,3921,-1,3921,3901,3902,-1,3921,3902,3922,-1,3922,3902,3903,-1,3922,3903,3923,-1,3923,3903,3904,-1,3923,3904,3924,-1,3924,3904,3905,-1,3925,3906,3926,-1,3926,3906,3907,-1,3926,3907,3927,-1,3927,3907,3908,-1,3927,3908,3928,-1,3928,3908,3909,-1,3928,3909,3929,-1,3929,3909,3910,-1,3929,3910,3930,-1,3930,3910,3911,-1,3930,3911,3931,-1,3931,3911,3912,-1,3931,3912,3932,-1,3932,3912,3913,-1,3932,3913,3933,-1,3933,3913,3914,-1,3933,3914,3934,-1,3934,3914,3915,-1,3934,3915,3935,-1,3935,3915,3916,-1,3935,3916,3936,-1,3936,3916,3917,-1,3936,3917,3937,-1,3937,3917,3918,-1,3937,3918,3938,-1,3938,3918,3919,-1,3938,3919,3939,-1,3939,3919,3920,-1,3939,3920,3940,-1,3940,3920,3921,-1,3940,3921,3941,-1,3941,3921,3922,-1,3941,3922,3942,-1,3942,3922,3923,-1,3942,3923,3943,-1,3943,3923,3924,-1,2686,3925,2687,-1,2687,3925,3926,-1,2687,3926,2688,-1,2688,3926,3927,-1,2688,3927,2689,-1,2689,3927,3928,-1,2689,3928,2690,-1,2690,3928,3929,-1,2690,3929,2691,-1,2691,3929,3930,-1,2691,3930,2692,-1,2692,3930,3931,-1,2692,3931,2693,-1,2693,3931,3932,-1,2693,3932,2694,-1,2694,3932,3933,-1,2694,3933,807,-1,807,3933,3934,-1,807,3934,475,-1,475,3934,3935,-1,475,3935,808,-1,808,3935,3936,-1,808,3936,811,-1,811,3936,3937,-1,811,3937,812,-1,812,3937,3938,-1,812,3938,817,-1,817,3938,3939,-1,817,3939,822,-1,822,3939,3940,-1,822,3940,826,-1,826,3940,3941,-1,826,3941,828,-1,828,3941,3942,-1,828,3942,831,-1,831,3942,3943,-1,1809,3944,1815,-1,1815,3944,3945,-1,1815,3945,1816,-1,1816,3945,3946,-1,1816,3946,3470,-1,3470,3946,3947,-1,3470,3947,3489,-1,3489,3947,3948,-1,3489,3948,3508,-1,3508,3948,3949,-1,3508,3949,3527,-1,3527,3949,3950,-1,3527,3950,3546,-1,3546,3950,3951,-1,3546,3951,3565,-1,3565,3951,3952,-1,3565,3952,2040,-1,2040,3952,2044,-1,2040,2044,2042,-1,2042,2044,2046,-1,2042,2046,2043,-1,1182,3953,1185,-1,1185,3953,3954,-1,1185,3954,3566,-1,3566,3954,3955,-1,3566,3955,3585,-1,3585,3955,3956,-1,3585,3956,3604,-1,3604,3956,3957,-1,3604,3957,3623,-1,3623,3957,3958,-1,3623,3958,3642,-1,3642,3958,3959,-1,3642,3959,3661,-1,3661,3959,3960,-1,3661,3960,3680,-1,3680,3960,3961,-1,3680,3961,1430,-1,1430,3961,1436,-1,1430,1436,1431,-1,1431,1436,1438,-1,1431,1438,1432,-1,1003,995,1002,-1,1002,995,997,-1,1002,997,3962,-1,3962,997,993,-1,3962,993,3963,-1,3963,993,994,-1,3964,2711,3965,-1,3965,2711,2712,-1,3965,2712,3966,-1,3966,2712,2713,-1,3966,2713,3967,-1,3967,2713,2714,-1,3967,2714,3968,-1,3968,2714,2715,-1,3968,2715,3969,-1,3969,2715,2716,-1,3969,2716,3970,-1,3970,2716,2717,-1,3970,2717,3971,-1,3971,2717,2718,-1,3971,2718,3972,-1,3972,2718,2719,-1,3972,2719,3973,-1,3973,2719,2720,-1,3973,2720,3974,-1,3974,2720,1022,-1,3974,1022,3975,-1,3975,1022,1019,-1,3975,1019,3976,-1,3976,1019,1015,-1,3976,1015,3977,-1,3977,1015,1010,-1,3977,1010,3978,-1,3978,1010,1005,-1,3978,1005,3979,-1,3979,1005,1004,-1,3979,1004,3980,-1,3980,1004,1000,-1,3980,1000,3981,-1,3981,1000,1002,-1,3981,1002,3982,-1,3982,1002,3962,-1,3982,3962,3983,-1,3983,3962,3963,-1,3984,3964,3985,-1,3985,3964,3965,-1,3985,3965,3986,-1,3986,3965,3966,-1,3986,3966,3987,-1,3987,3966,3967,-1,3987,3967,3988,-1,3988,3967,3968,-1,3988,3968,3989,-1,3989,3968,3969,-1,3989,3969,3990,-1,3990,3969,3970,-1,3990,3970,3991,-1,3991,3970,3971,-1,3991,3971,3992,-1,3992,3971,3972,-1,3992,3972,3993,-1,3993,3972,3973,-1,3993,3973,3994,-1,3994,3973,3974,-1,3994,3974,3995,-1,3995,3974,3975,-1,3995,3975,3996,-1,3996,3975,3976,-1,3996,3976,3997,-1,3997,3976,3977,-1,3997,3977,3998,-1,3998,3977,3978,-1,3998,3978,3999,-1,3999,3978,3979,-1,3999,3979,4000,-1,4000,3979,3980,-1,4000,3980,4001,-1,4001,3980,3981,-1,4001,3981,4002,-1,4002,3981,3982,-1,4002,3982,4003,-1,4003,3982,3983,-1,4004,3984,4005,-1,4005,3984,3985,-1,4005,3985,4006,-1,4006,3985,3986,-1,4006,3986,4007,-1,4007,3986,3987,-1,4007,3987,4008,-1,4008,3987,3988,-1,4008,3988,4009,-1,4009,3988,3989,-1,4009,3989,4010,-1,4010,3989,3990,-1,4010,3990,4011,-1,4011,3990,3991,-1,4011,3991,4012,-1,4012,3991,3992,-1,4012,3992,4013,-1,4013,3992,3993,-1,4013,3993,4014,-1,4014,3993,3994,-1,4014,3994,4015,-1,4015,3994,3995,-1,4015,3995,4016,-1,4016,3995,3996,-1,4016,3996,4017,-1,4017,3996,3997,-1,4017,3997,4018,-1,4018,3997,3998,-1,4018,3998,4019,-1,4019,3998,3999,-1,4019,3999,4020,-1,4020,3999,4000,-1,4020,4000,4021,-1,4021,4000,4001,-1,4021,4001,4022,-1,4022,4001,4002,-1,4022,4002,4023,-1,4023,4002,4003,-1,4024,4004,4025,-1,4025,4004,4005,-1,4025,4005,4026,-1,4026,4005,4006,-1,4026,4006,4027,-1,4027,4006,4007,-1,4027,4007,4028,-1,4028,4007,4008,-1,4028,4008,4029,-1,4029,4008,4009,-1,4029,4009,4030,-1,4030,4009,4010,-1,4030,4010,4031,-1,4031,4010,4011,-1,4031,4011,4032,-1,4032,4011,4012,-1,4032,4012,4033,-1,4033,4012,4013,-1,4033,4013,4034,-1,4034,4013,4014,-1,4034,4014,4035,-1,4035,4014,4015,-1,4035,4015,4036,-1,4036,4015,4016,-1,4036,4016,4037,-1,4037,4016,4017,-1,4037,4017,4038,-1,4038,4017,4018,-1,4038,4018,4039,-1,4039,4018,4019,-1,4039,4019,4040,-1,4040,4019,4020,-1,4040,4020,4041,-1,4041,4020,4021,-1,4041,4021,4042,-1,4042,4021,4022,-1,4042,4022,4043,-1,4043,4022,4023,-1,4044,4024,4045,-1,4045,4024,4025,-1,4045,4025,4046,-1,4046,4025,4026,-1,4046,4026,4047,-1,4047,4026,4027,-1,4047,4027,4048,-1,4048,4027,4028,-1,4048,4028,4049,-1,4049,4028,4029,-1,4049,4029,4050,-1,4050,4029,4030,-1,4050,4030,4051,-1,4051,4030,4031,-1,4051,4031,4052,-1,4052,4031,4032,-1,4052,4032,4053,-1,4053,4032,4033,-1,4053,4033,4054,-1,4054,4033,4034,-1,4054,4034,4055,-1,4055,4034,4035,-1,4055,4035,4056,-1,4056,4035,4036,-1,4056,4036,4057,-1,4057,4036,4037,-1,4057,4037,4058,-1,4058,4037,4038,-1,4058,4038,4059,-1,4059,4038,4039,-1,4059,4039,4060,-1,4060,4039,4040,-1,4060,4040,4061,-1,4061,4040,4041,-1,4061,4041,4062,-1,4062,4041,4042,-1,4062,4042,4063,-1,4063,4042,4043,-1,4064,4044,4065,-1,4065,4044,4045,-1,4065,4045,4066,-1,4066,4045,4046,-1,4066,4046,4067,-1,4067,4046,4047,-1,4067,4047,4068,-1,4068,4047,4048,-1,4068,4048,4069,-1,4069,4048,4049,-1,4069,4049,4070,-1,4070,4049,4050,-1,4070,4050,4071,-1,4071,4050,4051,-1,4071,4051,4072,-1,4072,4051,4052,-1,4072,4052,4073,-1,4073,4052,4053,-1,4073,4053,4074,-1,4074,4053,4054,-1,4074,4054,4075,-1,4075,4054,4055,-1,4075,4055,4076,-1,4076,4055,4056,-1,4076,4056,4077,-1,4077,4056,4057,-1,4077,4057,4078,-1,4078,4057,4058,-1,4078,4058,4079,-1,4079,4058,4059,-1,4079,4059,4080,-1,4080,4059,4060,-1,4080,4060,4081,-1,4081,4060,4061,-1,4081,4061,4082,-1,4082,4061,4062,-1,4082,4062,4083,-1,4083,4062,4063,-1,2563,4064,2564,-1,2564,4064,4065,-1,2564,4065,2565,-1,2565,4065,4066,-1,2565,4066,2566,-1,2566,4066,4067,-1,2566,4067,2567,-1,2567,4067,4068,-1,2567,4068,2568,-1,2568,4068,4069,-1,2568,4069,2569,-1,2569,4069,4070,-1,2569,4070,2570,-1,2570,4070,4071,-1,2570,4071,729,-1,729,4071,4072,-1,729,4072,730,-1,730,4072,4073,-1,730,4073,484,-1,484,4073,4074,-1,484,4074,733,-1,733,4074,4075,-1,733,4075,739,-1,739,4075,4076,-1,739,4076,736,-1,736,4076,4077,-1,736,4077,744,-1,744,4077,4078,-1,744,4078,747,-1,747,4078,4079,-1,747,4079,751,-1,751,4079,4080,-1,751,4080,749,-1,749,4080,4081,-1,749,4081,756,-1,756,4081,4082,-1,756,4082,759,-1,759,4082,4083,-1,1632,367,1633,-1,1633,367,369,-1,1633,369,4084,-1,4084,369,1626,-1,4084,1626,4085,-1,4085,1626,1624,-1,4085,1624,4086,-1,4086,1624,1625,-1,4087,2721,4088,-1,4088,2721,2722,-1,4088,2722,4089,-1,4089,2722,2723,-1,4089,2723,4090,-1,4090,2723,2724,-1,4090,2724,4091,-1,4091,2724,2725,-1,4091,2725,4092,-1,4092,2725,2726,-1,4092,2726,4093,-1,4093,2726,2727,-1,4093,2727,4094,-1,4094,2727,2728,-1,4094,2728,4095,-1,4095,2728,2729,-1,4095,2729,4096,-1,4096,2729,2730,-1,4096,2730,4097,-1,4097,2730,1648,-1,4097,1648,4098,-1,4098,1648,1645,-1,4098,1645,4099,-1,4099,1645,1640,-1,4099,1640,4100,-1,4100,1640,1642,-1,4100,1642,4101,-1,4101,1642,1638,-1,4101,1638,4102,-1,4102,1638,1635,-1,4102,1635,4103,-1,4103,1635,1633,-1,4103,1633,4104,-1,4104,1633,4084,-1,4104,4084,4105,-1,4105,4084,4085,-1,4105,4085,4106,-1,4106,4085,4086,-1,4107,4087,4108,-1,4108,4087,4088,-1,4108,4088,4109,-1,4109,4088,4089,-1,4109,4089,4110,-1,4110,4089,4090,-1,4110,4090,4111,-1,4111,4090,4091,-1,4111,4091,4112,-1,4112,4091,4092,-1,4112,4092,4113,-1,4113,4092,4093,-1,4113,4093,4114,-1,4114,4093,4094,-1,4114,4094,4115,-1,4115,4094,4095,-1,4115,4095,4116,-1,4116,4095,4096,-1,4116,4096,4117,-1,4117,4096,4097,-1,4117,4097,4118,-1,4118,4097,4098,-1,4118,4098,4119,-1,4119,4098,4099,-1,4119,4099,4120,-1,4120,4099,4100,-1,4120,4100,4121,-1,4121,4100,4101,-1,4121,4101,4122,-1,4122,4101,4102,-1,4122,4102,4123,-1,4123,4102,4103,-1,4123,4103,4124,-1,4124,4103,4104,-1,4124,4104,4125,-1,4125,4104,4105,-1,4125,4105,4126,-1,4126,4105,4106,-1,4127,4107,4128,-1,4128,4107,4108,-1,4128,4108,4129,-1,4129,4108,4109,-1,4129,4109,4130,-1,4130,4109,4110,-1,4130,4110,4131,-1,4131,4110,4111,-1,4131,4111,4132,-1,4132,4111,4112,-1,4132,4112,4133,-1,4133,4112,4113,-1,4133,4113,4134,-1,4134,4113,4114,-1,4134,4114,4135,-1,4135,4114,4115,-1,4135,4115,4136,-1,4136,4115,4116,-1,4136,4116,4137,-1,4137,4116,4117,-1,4137,4117,4138,-1,4138,4117,4118,-1,4138,4118,4139,-1,4139,4118,4119,-1,4139,4119,4140,-1,4140,4119,4120,-1,4140,4120,4141,-1,4141,4120,4121,-1,4141,4121,4142,-1,4142,4121,4122,-1,4142,4122,4143,-1,4143,4122,4123,-1,4143,4123,4144,-1,4144,4123,4124,-1,4144,4124,4145,-1,4145,4124,4125,-1,4145,4125,4146,-1,4146,4125,4126,-1,4147,4127,4148,-1,4148,4127,4128,-1,4148,4128,4149,-1,4149,4128,4129,-1,4149,4129,4150,-1,4150,4129,4130,-1,4150,4130,4151,-1,4151,4130,4131,-1,4151,4131,4152,-1,4152,4131,4132,-1,4152,4132,4153,-1,4153,4132,4133,-1,4153,4133,4154,-1,4154,4133,4134,-1,4154,4134,4155,-1,4155,4134,4135,-1,4155,4135,4156,-1,4156,4135,4136,-1,4156,4136,4157,-1,4157,4136,4137,-1,4157,4137,4158,-1,4158,4137,4138,-1,4158,4138,4159,-1,4159,4138,4139,-1,4159,4139,4160,-1,4160,4139,4140,-1,4160,4140,4161,-1,4161,4140,4141,-1,4161,4141,4162,-1,4162,4141,4142,-1,4162,4142,4163,-1,4163,4142,4143,-1,4163,4143,4164,-1,4164,4143,4144,-1,4164,4144,4165,-1,4165,4144,4145,-1,4165,4145,4166,-1,4166,4145,4146,-1,4167,4147,4168,-1,4168,4147,4148,-1,4168,4148,4169,-1,4169,4148,4149,-1,4169,4149,4170,-1,4170,4149,4150,-1,4170,4150,4171,-1,4171,4150,4151,-1,4171,4151,4172,-1,4172,4151,4152,-1,4172,4152,4173,-1,4173,4152,4153,-1,4173,4153,4174,-1,4174,4153,4154,-1,4174,4154,4175,-1,4175,4154,4155,-1,4175,4155,4176,-1,4176,4155,4156,-1,4176,4156,4177,-1,4177,4156,4157,-1,4177,4157,4178,-1,4178,4157,4158,-1,4178,4158,4179,-1,4179,4158,4159,-1,4179,4159,4180,-1,4180,4159,4160,-1,4180,4160,4181,-1,4181,4160,4161,-1,4181,4161,4182,-1,4182,4161,4162,-1,4182,4162,4183,-1,4183,4162,4163,-1,4183,4163,4184,-1,4184,4163,4164,-1,4184,4164,4185,-1,4185,4164,4165,-1,4185,4165,4186,-1,4186,4165,4166,-1,4187,4167,4188,-1,4188,4167,4168,-1,4188,4168,4189,-1,4189,4168,4169,-1,4189,4169,4190,-1,4190,4169,4170,-1,4190,4170,4191,-1,4191,4170,4171,-1,4191,4171,4192,-1,4192,4171,4172,-1,4192,4172,4193,-1,4193,4172,4173,-1,4193,4173,4194,-1,4194,4173,4174,-1,4194,4174,4195,-1,4195,4174,4175,-1,4195,4175,4196,-1,4196,4175,4176,-1,4196,4176,4197,-1,4197,4176,4177,-1,4197,4177,4198,-1,4198,4177,4178,-1,4198,4178,4199,-1,4199,4178,4179,-1,4199,4179,4200,-1,4200,4179,4180,-1,4200,4180,4201,-1,4201,4180,4181,-1,4201,4181,4202,-1,4202,4181,4182,-1,4202,4182,4203,-1,4203,4182,4183,-1,4203,4183,4204,-1,4204,4183,4184,-1,4204,4184,4205,-1,4205,4184,4185,-1,4205,4185,4206,-1,4206,4185,4186,-1,2571,4187,2572,-1,2572,4187,4188,-1,2572,4188,2573,-1,2573,4188,4189,-1,2573,4189,2574,-1,2574,4189,4190,-1,2574,4190,2575,-1,2575,4190,4191,-1,2575,4191,2576,-1,2576,4191,4192,-1,2576,4192,2577,-1,2577,4192,4193,-1,2577,4193,2578,-1,2578,4193,4194,-1,2578,4194,1480,-1,1480,4194,4195,-1,1480,4195,1481,-1,1481,4195,4196,-1,1481,4196,390,-1,390,4196,4197,-1,390,4197,1484,-1,1484,4197,4198,-1,1484,4198,1490,-1,1490,4198,4199,-1,1490,4199,1487,-1,1487,4199,4200,-1,1487,4200,1495,-1,1495,4200,4201,-1,1495,4201,1498,-1,1498,4201,4202,-1,1498,4202,1502,-1,1502,4202,4203,-1,1502,4203,1500,-1,1500,4203,4204,-1,1500,4204,1507,-1,1507,4204,4205,-1,1507,4205,1510,-1,1510,4205,4206,-1,1517,4207,1518,-1,1518,4207,4208,-1,1518,4208,3681,-1,3681,4208,4209,-1,3681,4209,3682,-1,3682,4209,4210,-1,3682,4210,3683,-1,3683,4210,4211,-1,3683,4211,3684,-1,3684,4211,4212,-1,3684,4212,3685,-1,3685,4212,4213,-1,3685,4213,3686,-1,3686,4213,4214,-1,3686,4214,3687,-1,3687,4214,1884,-1,3687,1884,1883,-1,1883,1884,1886,-1,1883,1886,1881,-1,1904,1896,1903,-1,1903,1896,1898,-1,1903,1898,4215,-1,4215,1898,336,-1,4215,336,4216,-1,4216,336,1893,-1,4216,1893,4217,-1,4217,1893,1894,-1,4218,2771,4219,-1,4219,2771,2772,-1,4219,2772,4220,-1,4220,2772,2773,-1,4220,2773,4221,-1,4221,2773,2774,-1,4221,2774,4222,-1,4222,2774,2775,-1,4222,2775,4223,-1,4223,2775,2776,-1,4223,2776,4224,-1,4224,2776,2777,-1,4224,2777,4225,-1,4225,2777,2778,-1,4225,2778,4226,-1,4226,2778,2779,-1,4226,2779,4227,-1,4227,2779,2780,-1,4227,2780,4228,-1,4228,2780,2781,-1,4228,2781,4229,-1,4229,2781,1915,-1,4229,1915,4230,-1,4230,1915,1913,-1,4230,1913,4231,-1,4231,1913,1911,-1,4231,1911,4232,-1,4232,1911,1907,-1,4232,1907,4233,-1,4233,1907,1901,-1,4233,1901,4234,-1,4234,1901,1903,-1,4234,1903,4235,-1,4235,1903,4215,-1,4235,4215,4236,-1,4236,4215,4216,-1,4236,4216,4237,-1,4237,4216,4217,-1,4238,4218,4239,-1,4239,4218,4219,-1,4239,4219,4240,-1,4240,4219,4220,-1,4240,4220,4241,-1,4241,4220,4221,-1,4241,4221,4242,-1,4242,4221,4222,-1,4242,4222,4243,-1,4243,4222,4223,-1,4243,4223,4244,-1,4244,4223,4224,-1,4244,4224,4245,-1,4245,4224,4225,-1,4245,4225,4246,-1,4246,4225,4226,-1,4246,4226,4247,-1,4247,4226,4227,-1,4247,4227,4248,-1,4248,4227,4228,-1,4248,4228,4249,-1,4249,4228,4229,-1,4249,4229,4250,-1,4250,4229,4230,-1,4250,4230,4251,-1,4251,4230,4231,-1,4251,4231,4252,-1,4252,4231,4232,-1,4252,4232,4253,-1,4253,4232,4233,-1,4253,4233,4254,-1,4254,4233,4234,-1,4254,4234,4255,-1,4255,4234,4235,-1,4255,4235,4256,-1,4256,4235,4236,-1,4256,4236,4257,-1,4257,4236,4237,-1,4258,4238,4259,-1,4259,4238,4239,-1,4259,4239,4260,-1,4260,4239,4240,-1,4260,4240,4261,-1,4261,4240,4241,-1,4261,4241,4262,-1,4262,4241,4242,-1,4262,4242,4263,-1,4263,4242,4243,-1,4263,4243,4264,-1,4264,4243,4244,-1,4264,4244,4265,-1,4265,4244,4245,-1,4265,4245,4266,-1,4266,4245,4246,-1,4266,4246,4267,-1,4267,4246,4247,-1,4267,4247,4268,-1,4268,4247,4248,-1,4268,4248,4269,-1,4269,4248,4249,-1,4269,4249,4270,-1,4270,4249,4250,-1,4270,4250,4271,-1,4271,4250,4251,-1,4271,4251,4272,-1,4272,4251,4252,-1,4272,4252,4273,-1,4273,4252,4253,-1,4273,4253,4274,-1,4274,4253,4254,-1,4274,4254,4275,-1,4275,4254,4255,-1,4275,4255,4276,-1,4276,4255,4256,-1,4276,4256,4277,-1,4277,4256,4257,-1,4278,4258,4279,-1,4279,4258,4259,-1,4279,4259,4280,-1,4280,4259,4260,-1,4280,4260,4281,-1,4281,4260,4261,-1,4281,4261,4282,-1,4282,4261,4262,-1,4282,4262,4283,-1,4283,4262,4263,-1,4283,4263,4284,-1,4284,4263,4264,-1,4284,4264,4285,-1,4285,4264,4265,-1,4285,4265,4286,-1,4286,4265,4266,-1,4286,4266,4287,-1,4287,4266,4267,-1,4287,4267,4288,-1,4288,4267,4268,-1,4288,4268,4289,-1,4289,4268,4269,-1,4289,4269,4290,-1,4290,4269,4270,-1,4290,4270,4291,-1,4291,4270,4271,-1,4291,4271,4292,-1,4292,4271,4272,-1,4292,4272,4293,-1,4293,4272,4273,-1,4293,4273,4294,-1,4294,4273,4274,-1,4294,4274,4295,-1,4295,4274,4275,-1,4295,4275,4296,-1,4296,4275,4276,-1,4296,4276,4297,-1,4297,4276,4277,-1,4298,4278,4299,-1,4299,4278,4279,-1,4299,4279,4300,-1,4300,4279,4280,-1,4300,4280,4301,-1,4301,4280,4281,-1,4301,4281,4302,-1,4302,4281,4282,-1,4302,4282,4303,-1,4303,4282,4283,-1,4303,4283,4304,-1,4304,4283,4284,-1,4304,4284,4305,-1,4305,4284,4285,-1,4305,4285,4306,-1,4306,4285,4286,-1,4306,4286,4307,-1,4307,4286,4287,-1,4307,4287,4308,-1,4308,4287,4288,-1,4308,4288,4309,-1,4309,4288,4289,-1,4309,4289,4310,-1,4310,4289,4290,-1,4310,4290,4311,-1,4311,4290,4291,-1,4311,4291,4312,-1,4312,4291,4292,-1,4312,4292,4313,-1,4313,4292,4293,-1,4313,4293,4314,-1,4314,4293,4294,-1,4314,4294,4315,-1,4315,4294,4295,-1,4315,4295,4316,-1,4316,4295,4296,-1,4316,4296,4317,-1,4317,4296,4297,-1,4318,4298,4319,-1,4319,4298,4299,-1,4319,4299,4320,-1,4320,4299,4300,-1,4320,4300,4321,-1,4321,4300,4301,-1,4321,4301,4322,-1,4322,4301,4302,-1,4322,4302,4323,-1,4323,4302,4303,-1,4323,4303,4324,-1,4324,4303,4304,-1,4324,4304,4325,-1,4325,4304,4305,-1,4325,4305,4326,-1,4326,4305,4306,-1,4326,4306,4327,-1,4327,4306,4307,-1,4327,4307,4328,-1,4328,4307,4308,-1,4328,4308,4329,-1,4329,4308,4309,-1,4329,4309,4330,-1,4330,4309,4310,-1,4330,4310,4331,-1,4331,4310,4311,-1,4331,4311,4332,-1,4332,4311,4312,-1,4332,4312,4333,-1,4333,4312,4313,-1,4333,4313,4334,-1,4334,4313,4314,-1,4334,4314,4335,-1,4335,4314,4315,-1,4335,4315,4336,-1,4336,4315,4316,-1,4336,4316,4337,-1,4337,4316,4317,-1,2360,4318,2362,-1,2362,4318,4319,-1,2362,4319,2364,-1,2364,4319,4320,-1,2364,4320,2366,-1,2366,4320,4321,-1,2366,4321,2368,-1,2368,4321,4322,-1,2368,4322,2370,-1,2370,4322,4323,-1,2370,4323,2372,-1,2372,4323,4324,-1,2372,4324,2083,-1,2083,4324,4325,-1,2083,4325,2084,-1,2084,4325,4326,-1,2084,4326,2086,-1,2086,4326,4327,-1,2086,4327,315,-1,315,4327,4328,-1,315,4328,2089,-1,2089,4328,4329,-1,2089,4329,2095,-1,2095,4329,4330,-1,2095,4330,2092,-1,2092,4330,4331,-1,2092,4331,2100,-1,2100,4331,4332,-1,2100,4332,2103,-1,2103,4332,4333,-1,2103,4333,2107,-1,2107,4333,4334,-1,2107,4334,2105,-1,2105,4334,4335,-1,2105,4335,2110,-1,2110,4335,4336,-1,2110,4336,2113,-1,2113,4336,4337,-1,2119,4338,2120,-1,2120,4338,4339,-1,2120,4339,3688,-1,3688,4339,4340,-1,3688,4340,3689,-1,3689,4340,4341,-1,3689,4341,3690,-1,3690,4341,4342,-1,3690,4342,3691,-1,3691,4342,4343,-1,3691,4343,3692,-1,3692,4343,4344,-1,3692,4344,3693,-1,3693,4344,4345,-1,3693,4345,3694,-1,3694,4345,1175,-1,3694,1175,1174,-1,1174,1175,1177,-1,1174,1177,1172,-1,1374,4346,1372,-1,1372,4346,4347,-1,1372,4347,3695,-1,3695,4347,4348,-1,3695,4348,3696,-1,3696,4348,4349,-1,3696,4349,3697,-1,3697,4349,4350,-1,3697,4350,3698,-1,3698,4350,4351,-1,3698,4351,3699,-1,3699,4351,4352,-1,3699,4352,3700,-1,3700,4352,4353,-1,3700,4353,3701,-1,3701,4353,908,-1,3701,908,907,-1,907,908,910,-1,907,910,905,-1,496,495,699,-1,699,495,4354,-1,699,4354,697,-1,697,4354,4355,-1,697,4355,3702,-1,3702,4355,4356,-1,3702,4356,3703,-1,3703,4356,4357,-1,3703,4357,3704,-1,3704,4357,4358,-1,3704,4358,3705,-1,3705,4358,4359,-1,3705,4359,3706,-1,3706,4359,4360,-1,3706,4360,3707,-1,3707,4360,4361,-1,3707,4361,3708,-1,3708,4361,1768,-1,3708,1768,1767,-1,1767,1768,1770,-1,1767,1770,1765,-1,1586,4362,1590,-1,1590,4362,4363,-1,1590,4363,1593,-1,1593,4363,4364,-1,1593,4364,3709,-1,3709,4364,4365,-1,3709,4365,3710,-1,3710,4365,4366,-1,3710,4366,3711,-1,3711,4366,4367,-1,3711,4367,3712,-1,3712,4367,4368,-1,3712,4368,3713,-1,3713,4368,4369,-1,3713,4369,3714,-1,3714,4369,4370,-1,3714,4370,3715,-1,3715,4370,1969,-1,3715,1969,1968,-1,1968,1969,1971,-1,1968,1971,1966,-1,2190,4371,2196,-1,2196,4371,4372,-1,2196,4372,2199,-1,2199,4372,4373,-1,2199,4373,3734,-1,3734,4373,4374,-1,3734,4374,3753,-1,3753,4374,4375,-1,3753,4375,3772,-1,3772,4375,4376,-1,3772,4376,3791,-1,3791,4376,4377,-1,3791,4377,3810,-1,3810,4377,4378,-1,3810,4378,3829,-1,3829,4378,4379,-1,3829,4379,1096,-1,1096,4379,1100,-1,1096,1100,1097,-1,1097,1100,1102,-1,1097,1102,1099,-1,1294,4380,1300,-1,1300,4380,4381,-1,1300,4381,1301,-1,1301,4381,4382,-1,1301,4382,3848,-1,3848,4382,4383,-1,3848,4383,3867,-1,3867,4383,4384,-1,3867,4384,3886,-1,3886,4384,4385,-1,3886,4385,3905,-1,3905,4385,4386,-1,3905,4386,3924,-1,3924,4386,4387,-1,3924,4387,3943,-1,3943,4387,4388,-1,3943,4388,831,-1,831,4388,835,-1,831,835,833,-1,833,835,837,-1,833,837,834,-1,3418,4389,3420,-1,3420,4389,4390,-1,3420,4390,3422,-1,3422,4390,4391,-1,3422,4391,3424,-1,3424,4391,4392,-1,3424,4392,3426,-1,3426,4392,4393,-1,3426,4393,3428,-1,3428,4393,4394,-1,3428,4394,3430,-1,3430,4394,4395,-1,3430,4395,3432,-1,3432,4395,4396,-1,3432,4396,3434,-1,3434,4396,4397,-1,3434,4397,3436,-1,3436,4397,4398,-1,3436,4398,3438,-1,3438,4398,4399,-1,3438,4399,3440,-1,3440,4399,4400,-1,3440,4400,3442,-1,3442,4400,4401,-1,3442,4401,3444,-1,3444,4401,4402,-1,3444,4402,3446,-1,3446,4402,4403,-1,3446,4403,3448,-1,3448,4403,4404,-1,3448,4404,3450,-1,3450,4404,4405,-1,3450,4405,3451,-1,3451,4405,4406,-1,3451,4406,557,-1,557,4406,4407,-1,557,4407,556,-1,556,4407,558,-1,556,558,186,-1,186,558,175,-1,4408,4409,4410,-1,4410,4409,4411,-1,4410,4411,4412,-1,4412,4411,4413,-1,4412,4413,4414,-1,4414,4413,4415,-1,4414,4415,4416,-1,4416,4415,4417,-1,4416,4417,4418,-1,4418,4417,4419,-1,4418,4419,4420,-1,4420,4419,4421,-1,4420,4421,4422,-1,4422,4421,4423,-1,4422,4423,4424,-1,4424,4423,4425,-1,4424,4425,4426,-1,4426,4425,4427,-1,4426,4427,4428,-1,4428,4427,4429,-1,4428,4429,4430,-1,4430,4429,4431,-1,4430,4431,4432,-1,4432,4431,4433,-1,4432,4433,4434,-1,4434,4433,4435,-1,4434,4435,4436,-1,4436,4435,4437,-1,4436,4437,4438,-1,4438,4437,4439,-1,4438,4439,4440,-1,4440,4439,4441,-1,4440,4441,4442,-1,4442,4441,4443,-1,4442,4443,4444,-1,4444,4443,4445,-1,4444,4445,4446,-1,4446,4445,4447,-1,4446,4447,4448,-1,4448,4447,4449,-1,4450,4408,4451,-1,4451,4408,4410,-1,4451,4410,4452,-1,4452,4410,4412,-1,4452,4412,4453,-1,4453,4412,4414,-1,4453,4414,4454,-1,4454,4414,4416,-1,4454,4416,4455,-1,4455,4416,4418,-1,4455,4418,4456,-1,4456,4418,4420,-1,4456,4420,4457,-1,4457,4420,4422,-1,4457,4422,4458,-1,4458,4422,4424,-1,4458,4424,4459,-1,4459,4424,4426,-1,4459,4426,4460,-1,4460,4426,4428,-1,4460,4428,4461,-1,4461,4428,4430,-1,4461,4430,4462,-1,4462,4430,4432,-1,4462,4432,4463,-1,4463,4432,4434,-1,4463,4434,4464,-1,4464,4434,4436,-1,4464,4436,4465,-1,4465,4436,4438,-1,4465,4438,4466,-1,4466,4438,4440,-1,4466,4440,4467,-1,4467,4440,4442,-1,4467,4442,4468,-1,4468,4442,4444,-1,4468,4444,4469,-1,4469,4444,4446,-1,4469,4446,4470,-1,4470,4446,4448,-1,2234,4450,2236,-1,2236,4450,4451,-1,2236,4451,2238,-1,2238,4451,4452,-1,2238,4452,2240,-1,2240,4452,4453,-1,2240,4453,2242,-1,2242,4453,4454,-1,2242,4454,2244,-1,2244,4454,4455,-1,2244,4455,2246,-1,2246,4455,4456,-1,2246,4456,1771,-1,1771,4456,4457,-1,1771,4457,1772,-1,1772,4457,4458,-1,1772,4458,1777,-1,1777,4458,4459,-1,1777,4459,351,-1,351,4459,4460,-1,351,4460,1781,-1,1781,4460,4461,-1,1781,4461,1784,-1,1784,4461,4462,-1,1784,4462,1785,-1,1785,4462,4463,-1,1785,4463,1790,-1,1790,4463,4464,-1,1790,4464,1795,-1,1795,4464,4465,-1,1795,4465,1799,-1,1799,4465,4466,-1,1799,4466,1801,-1,1801,4466,4467,-1,1801,4467,1804,-1,1804,4467,4468,-1,1804,4468,1807,-1,1807,4468,4469,-1,1807,4469,1812,-1,1812,4469,4470,-1,1809,1811,3944,-1,3944,1811,4471,-1,3944,4471,3945,-1,3945,4471,4472,-1,3945,4472,3946,-1,3946,4472,4473,-1,3946,4473,3947,-1,3947,4473,4474,-1,3947,4474,3948,-1,3948,4474,4475,-1,3948,4475,3949,-1,3949,4475,4476,-1,3949,4476,3950,-1,3950,4476,4477,-1,3950,4477,3951,-1,3951,4477,4478,-1,3951,4478,3952,-1,3952,4478,2048,-1,3952,2048,2044,-1,2044,2048,2047,-1,2044,2047,2045,-1,4479,2247,4480,-1,4480,2247,2249,-1,4480,2249,4481,-1,4481,2249,2251,-1,4481,2251,4482,-1,4482,2251,2253,-1,4482,2253,4483,-1,4483,2253,2255,-1,4483,2255,4484,-1,4484,2255,2257,-1,4484,2257,4485,-1,4485,2257,2259,-1,4485,2259,4486,-1,4486,2259,2009,-1,4486,2009,4487,-1,4487,2009,2008,-1,4487,2008,4488,-1,4488,2008,2074,-1,4488,2074,4489,-1,4489,2074,2071,-1,4489,2071,4490,-1,4490,2071,318,-1,4490,318,4491,-1,4491,318,317,-1,4491,317,4492,-1,4492,317,2065,-1,4492,2065,4493,-1,4493,2065,2060,-1,4493,2060,4494,-1,4494,2060,2059,-1,4494,2059,4495,-1,4495,2059,2056,-1,4495,2056,4496,-1,4496,2056,321,-1,4496,321,4497,-1,4497,321,2053,-1,4497,2053,4498,-1,4498,2053,2054,-1,4498,2054,4499,-1,4499,2054,2049,-1,4500,4479,4501,-1,4501,4479,4480,-1,4501,4480,4502,-1,4502,4480,4481,-1,4502,4481,4503,-1,4503,4481,4482,-1,4503,4482,4504,-1,4504,4482,4483,-1,4504,4483,4505,-1,4505,4483,4484,-1,4505,4484,4506,-1,4506,4484,4485,-1,4506,4485,4507,-1,4507,4485,4486,-1,4507,4486,4508,-1,4508,4486,4487,-1,4508,4487,4509,-1,4509,4487,4488,-1,4509,4488,4510,-1,4510,4488,4489,-1,4510,4489,4511,-1,4511,4489,4490,-1,4511,4490,4512,-1,4512,4490,4491,-1,4512,4491,4513,-1,4513,4491,4492,-1,4513,4492,4514,-1,4514,4492,4493,-1,4514,4493,4515,-1,4515,4493,4494,-1,4515,4494,4516,-1,4516,4494,4495,-1,4516,4495,4517,-1,4517,4495,4496,-1,4517,4496,4518,-1,4518,4496,4497,-1,4518,4497,4519,-1,4519,4497,4498,-1,4519,4498,4520,-1,4520,4498,4499,-1,4521,4500,4522,-1,4522,4500,4501,-1,4522,4501,4523,-1,4523,4501,4502,-1,4523,4502,4524,-1,4524,4502,4503,-1,4524,4503,4525,-1,4525,4503,4504,-1,4525,4504,4526,-1,4526,4504,4505,-1,4526,4505,4527,-1,4527,4505,4506,-1,4527,4506,4528,-1,4528,4506,4507,-1,4528,4507,4529,-1,4529,4507,4508,-1,4529,4508,4530,-1,4530,4508,4509,-1,4530,4509,4531,-1,4531,4509,4510,-1,4531,4510,4532,-1,4532,4510,4511,-1,4532,4511,4533,-1,4533,4511,4512,-1,4533,4512,4534,-1,4534,4512,4513,-1,4534,4513,4535,-1,4535,4513,4514,-1,4535,4514,4536,-1,4536,4514,4515,-1,4536,4515,4537,-1,4537,4515,4516,-1,4537,4516,4538,-1,4538,4516,4517,-1,4538,4517,4539,-1,4539,4517,4518,-1,4539,4518,4540,-1,4540,4518,4519,-1,4540,4519,4541,-1,4541,4519,4520,-1,4542,4521,4543,-1,4543,4521,4522,-1,4543,4522,4544,-1,4544,4522,4523,-1,4544,4523,4545,-1,4545,4523,4524,-1,4545,4524,4546,-1,4546,4524,4525,-1,4546,4525,4547,-1,4547,4525,4526,-1,4547,4526,4548,-1,4548,4526,4527,-1,4548,4527,4549,-1,4549,4527,4528,-1,4549,4528,4550,-1,4550,4528,4529,-1,4550,4529,4551,-1,4551,4529,4530,-1,4551,4530,4552,-1,4552,4530,4531,-1,4552,4531,4553,-1,4553,4531,4532,-1,4553,4532,4554,-1,4554,4532,4533,-1,4554,4533,4555,-1,4555,4533,4534,-1,4555,4534,4556,-1,4556,4534,4535,-1,4556,4535,4557,-1,4557,4535,4536,-1,4557,4536,4558,-1,4558,4536,4537,-1,4558,4537,4559,-1,4559,4537,4538,-1,4559,4538,4560,-1,4560,4538,4539,-1,4560,4539,4561,-1,4561,4539,4540,-1,4561,4540,4562,-1,4562,4540,4541,-1,4563,4542,4564,-1,4564,4542,4543,-1,4564,4543,4565,-1,4565,4543,4544,-1,4565,4544,4566,-1,4566,4544,4545,-1,4566,4545,4567,-1,4567,4545,4546,-1,4567,4546,4568,-1,4568,4546,4547,-1,4568,4547,4569,-1,4569,4547,4548,-1,4569,4548,4570,-1,4570,4548,4549,-1,4570,4549,4571,-1,4571,4549,4550,-1,4571,4550,4572,-1,4572,4550,4551,-1,4572,4551,4573,-1,4573,4551,4552,-1,4573,4552,4574,-1,4574,4552,4553,-1,4574,4553,4575,-1,4575,4553,4554,-1,4575,4554,4576,-1,4576,4554,4555,-1,4576,4555,4577,-1,4577,4555,4556,-1,4577,4556,4578,-1,4578,4556,4557,-1,4578,4557,4579,-1,4579,4557,4558,-1,4579,4558,4580,-1,4580,4558,4559,-1,4580,4559,4581,-1,4581,4559,4560,-1,4581,4560,4582,-1,4582,4560,4561,-1,4582,4561,4583,-1,4583,4561,4562,-1,4584,4563,4585,-1,4585,4563,4564,-1,4585,4564,4586,-1,4586,4564,4565,-1,4586,4565,4587,-1,4587,4565,4566,-1,4587,4566,4588,-1,4588,4566,4567,-1,4588,4567,4589,-1,4589,4567,4568,-1,4589,4568,4590,-1,4590,4568,4569,-1,4590,4569,4591,-1,4591,4569,4570,-1,4591,4570,4592,-1,4592,4570,4571,-1,4592,4571,4593,-1,4593,4571,4572,-1,4593,4572,4594,-1,4594,4572,4573,-1,4594,4573,4595,-1,4595,4573,4574,-1,4595,4574,4596,-1,4596,4574,4575,-1,4596,4575,4597,-1,4597,4575,4576,-1,4597,4576,4598,-1,4598,4576,4577,-1,4598,4577,4599,-1,4599,4577,4578,-1,4599,4578,4600,-1,4600,4578,4579,-1,4600,4579,4601,-1,4601,4579,4580,-1,4601,4580,4602,-1,4602,4580,4581,-1,4602,4581,4603,-1,4603,4581,4582,-1,4603,4582,4604,-1,4604,4582,4583,-1,4605,4584,4606,-1,4606,4584,4585,-1,4606,4585,4607,-1,4607,4585,4586,-1,4607,4586,4608,-1,4608,4586,4587,-1,4608,4587,4609,-1,4609,4587,4588,-1,4609,4588,4610,-1,4610,4588,4589,-1,4610,4589,4611,-1,4611,4589,4590,-1,4611,4590,4612,-1,4612,4590,4591,-1,4612,4591,4613,-1,4613,4591,4592,-1,4613,4592,4614,-1,4614,4592,4593,-1,4614,4593,4615,-1,4615,4593,4594,-1,4615,4594,4616,-1,4616,4594,4595,-1,4616,4595,4617,-1,4617,4595,4596,-1,4617,4596,4618,-1,4618,4596,4597,-1,4618,4597,4619,-1,4619,4597,4598,-1,4619,4598,4620,-1,4620,4598,4599,-1,4620,4599,4621,-1,4621,4599,4600,-1,4621,4600,4622,-1,4622,4600,4601,-1,4622,4601,4623,-1,4623,4601,4602,-1,4623,4602,4624,-1,4624,4602,4603,-1,4624,4603,4625,-1,4625,4603,4604,-1,2262,4605,2264,-1,2264,4605,4606,-1,2264,4606,2266,-1,2266,4606,4607,-1,2266,4607,2268,-1,2268,4607,4608,-1,2268,4608,2270,-1,2270,4608,4609,-1,2270,4609,2272,-1,2272,4609,4610,-1,2272,4610,2274,-1,2274,4610,4611,-1,2274,4611,1218,-1,1218,4611,4612,-1,1218,4612,1219,-1,1219,4612,4613,-1,1219,4613,1224,-1,1224,4613,4614,-1,1224,4614,423,-1,423,4614,4615,-1,423,4615,1228,-1,1228,4615,4616,-1,1228,4616,1234,-1,1234,4616,4617,-1,1234,4617,1231,-1,1231,4617,4618,-1,1231,4618,1239,-1,1239,4618,4619,-1,1239,4619,1242,-1,1242,4619,4620,-1,1242,4620,1244,-1,1244,4620,4621,-1,1244,4621,1247,-1,1247,4621,4622,-1,1247,4622,1250,-1,1250,4622,4623,-1,1250,4623,1178,-1,1178,4623,4624,-1,1178,4624,1179,-1,1179,4624,4625,-1,1182,1181,3953,-1,3953,1181,4626,-1,3953,4626,3954,-1,3954,4626,4627,-1,3954,4627,3955,-1,3955,4627,4628,-1,3955,4628,3956,-1,3956,4628,4629,-1,3956,4629,3957,-1,3957,4629,4630,-1,3957,4630,3958,-1,3958,4630,4631,-1,3958,4631,3959,-1,3959,4631,4632,-1,3959,4632,3960,-1,3960,4632,4633,-1,3960,4633,3961,-1,3961,4633,1440,-1,3961,1440,1436,-1,1436,1440,1439,-1,1436,1439,1437,-1,4634,2275,4635,-1,4635,2275,2277,-1,4635,2277,4636,-1,4636,2277,2279,-1,4636,2279,4637,-1,4637,2279,2281,-1,4637,2281,4638,-1,4638,2281,2283,-1,4638,2283,4639,-1,4639,2283,2285,-1,4639,2285,4640,-1,4640,2285,2287,-1,4640,2287,4641,-1,4641,2287,1403,-1,4641,1403,4642,-1,4642,1403,1402,-1,4642,1402,4643,-1,4643,1402,1466,-1,4643,1466,4644,-1,4644,1466,1463,-1,4644,1463,4645,-1,4645,1463,393,-1,4645,393,4646,-1,4646,393,392,-1,4646,392,4647,-1,4647,392,1457,-1,4647,1457,4648,-1,4648,1457,1452,-1,4648,1452,4649,-1,4649,1452,1451,-1,4649,1451,4650,-1,4650,1451,1448,-1,4650,1448,4651,-1,4651,1448,396,-1,4651,396,4652,-1,4652,396,1445,-1,4652,1445,4653,-1,4653,1445,1446,-1,4653,1446,4654,-1,4654,1446,1441,-1,4655,4634,4656,-1,4656,4634,4635,-1,4656,4635,4657,-1,4657,4635,4636,-1,4657,4636,4658,-1,4658,4636,4637,-1,4658,4637,4659,-1,4659,4637,4638,-1,4659,4638,4660,-1,4660,4638,4639,-1,4660,4639,4661,-1,4661,4639,4640,-1,4661,4640,4662,-1,4662,4640,4641,-1,4662,4641,4663,-1,4663,4641,4642,-1,4663,4642,4664,-1,4664,4642,4643,-1,4664,4643,4665,-1,4665,4643,4644,-1,4665,4644,4666,-1,4666,4644,4645,-1,4666,4645,4667,-1,4667,4645,4646,-1,4667,4646,4668,-1,4668,4646,4647,-1,4668,4647,4669,-1,4669,4647,4648,-1,4669,4648,4670,-1,4670,4648,4649,-1,4670,4649,4671,-1,4671,4649,4650,-1,4671,4650,4672,-1,4672,4650,4651,-1,4672,4651,4673,-1,4673,4651,4652,-1,4673,4652,4674,-1,4674,4652,4653,-1,4674,4653,4675,-1,4675,4653,4654,-1,4676,4655,4677,-1,4677,4655,4656,-1,4677,4656,4678,-1,4678,4656,4657,-1,4678,4657,4679,-1,4679,4657,4658,-1,4679,4658,4680,-1,4680,4658,4659,-1,4680,4659,4681,-1,4681,4659,4660,-1,4681,4660,4682,-1,4682,4660,4661,-1,4682,4661,4683,-1,4683,4661,4662,-1,4683,4662,4684,-1,4684,4662,4663,-1,4684,4663,4685,-1,4685,4663,4664,-1,4685,4664,4686,-1,4686,4664,4665,-1,4686,4665,4687,-1,4687,4665,4666,-1,4687,4666,4688,-1,4688,4666,4667,-1,4688,4667,4689,-1,4689,4667,4668,-1,4689,4668,4690,-1,4690,4668,4669,-1,4690,4669,4691,-1,4691,4669,4670,-1,4691,4670,4692,-1,4692,4670,4671,-1,4692,4671,4693,-1,4693,4671,4672,-1,4693,4672,4694,-1,4694,4672,4673,-1,4694,4673,4695,-1,4695,4673,4674,-1,4695,4674,4696,-1,4696,4674,4675,-1,4697,4676,4698,-1,4698,4676,4677,-1,4698,4677,4699,-1,4699,4677,4678,-1,4699,4678,4700,-1,4700,4678,4679,-1,4700,4679,4701,-1,4701,4679,4680,-1,4701,4680,4702,-1,4702,4680,4681,-1,4702,4681,4703,-1,4703,4681,4682,-1,4703,4682,4704,-1,4704,4682,4683,-1,4704,4683,4705,-1,4705,4683,4684,-1,4705,4684,4706,-1,4706,4684,4685,-1,4706,4685,4707,-1,4707,4685,4686,-1,4707,4686,4708,-1,4708,4686,4687,-1,4708,4687,4709,-1,4709,4687,4688,-1,4709,4688,4710,-1,4710,4688,4689,-1,4710,4689,4711,-1,4711,4689,4690,-1,4711,4690,4712,-1,4712,4690,4691,-1,4712,4691,4713,-1,4713,4691,4692,-1,4713,4692,4714,-1,4714,4692,4693,-1,4714,4693,4715,-1,4715,4693,4694,-1,4715,4694,4716,-1,4716,4694,4695,-1,4716,4695,4717,-1,4717,4695,4696,-1,4718,4697,4719,-1,4719,4697,4698,-1,4719,4698,4720,-1,4720,4698,4699,-1,4720,4699,4721,-1,4721,4699,4700,-1,4721,4700,4722,-1,4722,4700,4701,-1,4722,4701,4723,-1,4723,4701,4702,-1,4723,4702,4724,-1,4724,4702,4703,-1,4724,4703,4725,-1,4725,4703,4704,-1,4725,4704,4726,-1,4726,4704,4705,-1,4726,4705,4727,-1,4727,4705,4706,-1,4727,4706,4728,-1,4728,4706,4707,-1,4728,4707,4729,-1,4729,4707,4708,-1,4729,4708,4730,-1,4730,4708,4709,-1,4730,4709,4731,-1,4731,4709,4710,-1,4731,4710,4732,-1,4732,4710,4711,-1,4732,4711,4733,-1,4733,4711,4712,-1,4733,4712,4734,-1,4734,4712,4713,-1,4734,4713,4735,-1,4735,4713,4714,-1,4735,4714,4736,-1,4736,4714,4715,-1,4736,4715,4737,-1,4737,4715,4716,-1,4737,4716,4738,-1,4738,4716,4717,-1,4739,4718,4740,-1,4740,4718,4719,-1,4740,4719,4741,-1,4741,4719,4720,-1,4741,4720,4742,-1,4742,4720,4721,-1,4742,4721,4743,-1,4743,4721,4722,-1,4743,4722,4744,-1,4744,4722,4723,-1,4744,4723,4745,-1,4745,4723,4724,-1,4745,4724,4746,-1,4746,4724,4725,-1,4746,4725,4747,-1,4747,4725,4726,-1,4747,4726,4748,-1,4748,4726,4727,-1,4748,4727,4749,-1,4749,4727,4728,-1,4749,4728,4750,-1,4750,4728,4729,-1,4750,4729,4751,-1,4751,4729,4730,-1,4751,4730,4752,-1,4752,4730,4731,-1,4752,4731,4753,-1,4753,4731,4732,-1,4753,4732,4754,-1,4754,4732,4733,-1,4754,4733,4755,-1,4755,4733,4734,-1,4755,4734,4756,-1,4756,4734,4735,-1,4756,4735,4757,-1,4757,4735,4736,-1,4757,4736,4758,-1,4758,4736,4737,-1,4758,4737,4759,-1,4759,4737,4738,-1,4760,4739,4761,-1,4761,4739,4740,-1,4761,4740,4762,-1,4762,4740,4741,-1,4762,4741,4763,-1,4763,4741,4742,-1,4763,4742,4764,-1,4764,4742,4743,-1,4764,4743,4765,-1,4765,4743,4744,-1,4765,4744,4766,-1,4766,4744,4745,-1,4766,4745,4767,-1,4767,4745,4746,-1,4767,4746,4768,-1,4768,4746,4747,-1,4768,4747,4769,-1,4769,4747,4748,-1,4769,4748,4770,-1,4770,4748,4749,-1,4770,4749,4771,-1,4771,4749,4750,-1,4771,4750,4772,-1,4772,4750,4751,-1,4772,4751,4773,-1,4773,4751,4752,-1,4773,4752,4774,-1,4774,4752,4753,-1,4774,4753,4775,-1,4775,4753,4754,-1,4775,4754,4776,-1,4776,4754,4755,-1,4776,4755,4777,-1,4777,4755,4756,-1,4777,4756,4778,-1,4778,4756,4757,-1,4778,4757,4779,-1,4779,4757,4758,-1,4779,4758,4780,-1,4780,4758,4759,-1,2290,4760,2292,-1,2292,4760,4761,-1,2292,4761,2294,-1,2294,4761,4762,-1,2294,4762,2296,-1,2296,4762,4763,-1,2296,4763,2298,-1,2298,4763,4764,-1,2298,4764,2300,-1,2300,4764,4765,-1,2300,4765,2302,-1,2302,4765,4766,-1,2302,4766,948,-1,948,4766,4767,-1,948,4767,949,-1,949,4767,4768,-1,949,4768,954,-1,954,4768,4769,-1,954,4769,459,-1,459,4769,4770,-1,459,4770,958,-1,958,4770,4771,-1,958,4771,961,-1,961,4771,4772,-1,961,4772,962,-1,962,4772,4773,-1,962,4773,967,-1,967,4773,4774,-1,967,4774,972,-1,972,4774,4775,-1,972,4775,976,-1,976,4775,4776,-1,976,4776,979,-1,979,4776,4777,-1,979,4777,982,-1,982,4777,4778,-1,982,4778,985,-1,985,4778,4779,-1,985,4779,990,-1,990,4779,4780,-1,987,989,994,-1,994,989,4781,-1,994,4781,3963,-1,3963,4781,4782,-1,3963,4782,3983,-1,3983,4782,4783,-1,3983,4783,4003,-1,4003,4783,4784,-1,4003,4784,4023,-1,4023,4784,4785,-1,4023,4785,4043,-1,4043,4785,4786,-1,4043,4786,4063,-1,4063,4786,4787,-1,4063,4787,4083,-1,4083,4787,4788,-1,4083,4788,759,-1,759,4788,764,-1,759,764,760,-1,760,764,763,-1,760,763,762,-1,4789,2303,4790,-1,4790,2303,2305,-1,4790,2305,4791,-1,4791,2305,2307,-1,4791,2307,4792,-1,4792,2307,2309,-1,4792,2309,4793,-1,4793,2309,2311,-1,4793,2311,4794,-1,4794,2311,2313,-1,4794,2313,4795,-1,4795,2313,2315,-1,4795,2315,4796,-1,4796,2315,727,-1,4796,727,4797,-1,4797,727,726,-1,4797,726,4798,-1,4798,726,795,-1,4798,795,4799,-1,4799,795,787,-1,4799,787,4800,-1,4800,787,478,-1,4800,478,4801,-1,4801,478,477,-1,4801,477,4802,-1,4802,477,781,-1,4802,781,4803,-1,4803,781,776,-1,4803,776,4804,-1,4804,776,775,-1,4804,775,4805,-1,4805,775,772,-1,4805,772,4806,-1,4806,772,481,-1,4806,481,4807,-1,4807,481,769,-1,4807,769,4808,-1,4808,769,770,-1,4808,770,4809,-1,4809,770,765,-1,4810,4789,4811,-1,4811,4789,4790,-1,4811,4790,4812,-1,4812,4790,4791,-1,4812,4791,4813,-1,4813,4791,4792,-1,4813,4792,4814,-1,4814,4792,4793,-1,4814,4793,4815,-1,4815,4793,4794,-1,4815,4794,4816,-1,4816,4794,4795,-1,4816,4795,4817,-1,4817,4795,4796,-1,4817,4796,4818,-1,4818,4796,4797,-1,4818,4797,4819,-1,4819,4797,4798,-1,4819,4798,4820,-1,4820,4798,4799,-1,4820,4799,4821,-1,4821,4799,4800,-1,4821,4800,4822,-1,4822,4800,4801,-1,4822,4801,4823,-1,4823,4801,4802,-1,4823,4802,4824,-1,4824,4802,4803,-1,4824,4803,4825,-1,4825,4803,4804,-1,4825,4804,4826,-1,4826,4804,4805,-1,4826,4805,4827,-1,4827,4805,4806,-1,4827,4806,4828,-1,4828,4806,4807,-1,4828,4807,4829,-1,4829,4807,4808,-1,4829,4808,4830,-1,4830,4808,4809,-1,4831,4810,4832,-1,4832,4810,4811,-1,4832,4811,4833,-1,4833,4811,4812,-1,4833,4812,4834,-1,4834,4812,4813,-1,4834,4813,4835,-1,4835,4813,4814,-1,4835,4814,4836,-1,4836,4814,4815,-1,4836,4815,4837,-1,4837,4815,4816,-1,4837,4816,4838,-1,4838,4816,4817,-1,4838,4817,4839,-1,4839,4817,4818,-1,4839,4818,4840,-1,4840,4818,4819,-1,4840,4819,4841,-1,4841,4819,4820,-1,4841,4820,4842,-1,4842,4820,4821,-1,4842,4821,4843,-1,4843,4821,4822,-1,4843,4822,4844,-1,4844,4822,4823,-1,4844,4823,4845,-1,4845,4823,4824,-1,4845,4824,4846,-1,4846,4824,4825,-1,4846,4825,4847,-1,4847,4825,4826,-1,4847,4826,4848,-1,4848,4826,4827,-1,4848,4827,4849,-1,4849,4827,4828,-1,4849,4828,4850,-1,4850,4828,4829,-1,4850,4829,4851,-1,4851,4829,4830,-1,4852,4831,4853,-1,4853,4831,4832,-1,4853,4832,4854,-1,4854,4832,4833,-1,4854,4833,4855,-1,4855,4833,4834,-1,4855,4834,4856,-1,4856,4834,4835,-1,4856,4835,4857,-1,4857,4835,4836,-1,4857,4836,4858,-1,4858,4836,4837,-1,4858,4837,4859,-1,4859,4837,4838,-1,4859,4838,4860,-1,4860,4838,4839,-1,4860,4839,4861,-1,4861,4839,4840,-1,4861,4840,4862,-1,4862,4840,4841,-1,4862,4841,4863,-1,4863,4841,4842,-1,4863,4842,4864,-1,4864,4842,4843,-1,4864,4843,4865,-1,4865,4843,4844,-1,4865,4844,4866,-1,4866,4844,4845,-1,4866,4845,4867,-1,4867,4845,4846,-1,4867,4846,4868,-1,4868,4846,4847,-1,4868,4847,4869,-1,4869,4847,4848,-1,4869,4848,4870,-1,4870,4848,4849,-1,4870,4849,4871,-1,4871,4849,4850,-1,4871,4850,4872,-1,4872,4850,4851,-1,4873,4852,4874,-1,4874,4852,4853,-1,4874,4853,4875,-1,4875,4853,4854,-1,4875,4854,4876,-1,4876,4854,4855,-1,4876,4855,4877,-1,4877,4855,4856,-1,4877,4856,4878,-1,4878,4856,4857,-1,4878,4857,4879,-1,4879,4857,4858,-1,4879,4858,4880,-1,4880,4858,4859,-1,4880,4859,4881,-1,4881,4859,4860,-1,4881,4860,4882,-1,4882,4860,4861,-1,4882,4861,4883,-1,4883,4861,4862,-1,4883,4862,4884,-1,4884,4862,4863,-1,4884,4863,4885,-1,4885,4863,4864,-1,4885,4864,4886,-1,4886,4864,4865,-1,4886,4865,4887,-1,4887,4865,4866,-1,4887,4866,4888,-1,4888,4866,4867,-1,4888,4867,4889,-1,4889,4867,4868,-1,4889,4868,4890,-1,4890,4868,4869,-1,4890,4869,4891,-1,4891,4869,4870,-1,4891,4870,4892,-1,4892,4870,4871,-1,4892,4871,4893,-1,4893,4871,4872,-1,4894,4873,4895,-1,4895,4873,4874,-1,4895,4874,4896,-1,4896,4874,4875,-1,4896,4875,4897,-1,4897,4875,4876,-1,4897,4876,4898,-1,4898,4876,4877,-1,4898,4877,4899,-1,4899,4877,4878,-1,4899,4878,4900,-1,4900,4878,4879,-1,4900,4879,4901,-1,4901,4879,4880,-1,4901,4880,4902,-1,4902,4880,4881,-1,4902,4881,4903,-1,4903,4881,4882,-1,4903,4882,4904,-1,4904,4882,4883,-1,4904,4883,4905,-1,4905,4883,4884,-1,4905,4884,4906,-1,4906,4884,4885,-1,4906,4885,4907,-1,4907,4885,4886,-1,4907,4886,4908,-1,4908,4886,4887,-1,4908,4887,4909,-1,4909,4887,4888,-1,4909,4888,4910,-1,4910,4888,4889,-1,4910,4889,4911,-1,4911,4889,4890,-1,4911,4890,4912,-1,4912,4890,4891,-1,4912,4891,4913,-1,4913,4891,4892,-1,4913,4892,4914,-1,4914,4892,4893,-1,4915,4894,4916,-1,4916,4894,4895,-1,4916,4895,4917,-1,4917,4895,4896,-1,4917,4896,4918,-1,4918,4896,4897,-1,4918,4897,4919,-1,4919,4897,4898,-1,4919,4898,4920,-1,4920,4898,4899,-1,4920,4899,4921,-1,4921,4899,4900,-1,4921,4900,4922,-1,4922,4900,4901,-1,4922,4901,4923,-1,4923,4901,4902,-1,4923,4902,4924,-1,4924,4902,4903,-1,4924,4903,4925,-1,4925,4903,4904,-1,4925,4904,4926,-1,4926,4904,4905,-1,4926,4905,4927,-1,4927,4905,4906,-1,4927,4906,4928,-1,4928,4906,4907,-1,4928,4907,4929,-1,4929,4907,4908,-1,4929,4908,4930,-1,4930,4908,4909,-1,4930,4909,4931,-1,4931,4909,4910,-1,4931,4910,4932,-1,4932,4910,4911,-1,4932,4911,4933,-1,4933,4911,4912,-1,4933,4912,4934,-1,4934,4912,4913,-1,4934,4913,4935,-1,4935,4913,4914,-1,2318,4915,2320,-1,2320,4915,4916,-1,2320,4916,2322,-1,2322,4916,4917,-1,2322,4917,2324,-1,2324,4917,4918,-1,2324,4918,2326,-1,2326,4918,4919,-1,2326,4919,2328,-1,2328,4919,4920,-1,2328,4920,2330,-1,2330,4920,4921,-1,2330,4921,1656,-1,1656,4921,4922,-1,1656,4922,1657,-1,1657,4922,4923,-1,1657,4923,1662,-1,1662,4923,4924,-1,1662,4924,363,-1,363,4924,4925,-1,363,4925,1666,-1,1666,4925,4926,-1,1666,4926,1672,-1,1672,4926,4927,-1,1672,4927,1669,-1,1669,4927,4928,-1,1669,4928,1677,-1,1677,4928,4929,-1,1677,4929,1680,-1,1680,4929,4930,-1,1680,4930,1682,-1,1682,4930,4931,-1,1682,4931,1685,-1,1685,4931,4932,-1,1685,4932,1688,-1,1688,4932,4933,-1,1688,4933,1617,-1,1617,4933,4934,-1,1617,4934,1618,-1,1618,4934,4935,-1,1621,1620,1625,-1,1625,1620,4936,-1,1625,4936,4086,-1,4086,4936,4937,-1,4086,4937,4106,-1,4106,4937,4938,-1,4106,4938,4126,-1,4126,4938,4939,-1,4126,4939,4146,-1,4146,4939,4940,-1,4146,4940,4166,-1,4166,4940,4941,-1,4166,4941,4186,-1,4186,4941,4942,-1,4186,4942,4206,-1,4206,4942,4943,-1,4206,4943,1510,-1,1510,4943,1515,-1,1510,1515,1511,-1,1511,1515,1514,-1,1511,1514,1513,-1,1517,1516,4207,-1,4207,1516,4944,-1,4207,4944,4208,-1,4208,4944,4945,-1,4208,4945,4209,-1,4209,4945,4946,-1,4209,4946,4210,-1,4210,4946,4947,-1,4210,4947,4211,-1,4211,4947,4948,-1,4211,4948,4212,-1,4212,4948,4949,-1,4212,4949,4213,-1,4213,4949,4950,-1,4213,4950,4214,-1,4214,4950,1890,-1,4214,1890,1884,-1,1884,1890,1888,-1,1884,1888,1885,-1,1887,1889,1894,-1,1894,1889,4951,-1,1894,4951,4217,-1,4217,4951,4952,-1,4217,4952,4237,-1,4237,4952,4953,-1,4237,4953,4257,-1,4257,4953,4954,-1,4257,4954,4277,-1,4277,4954,4955,-1,4277,4955,4297,-1,4297,4955,4956,-1,4297,4956,4317,-1,4317,4956,4957,-1,4317,4957,4337,-1,4337,4957,4958,-1,4337,4958,2113,-1,2113,4958,2117,-1,2113,2117,311,-1,311,2117,2116,-1,311,2116,312,-1,2119,2118,4338,-1,4338,2118,4959,-1,4338,4959,4339,-1,4339,4959,4960,-1,4339,4960,4340,-1,4340,4960,4961,-1,4340,4961,4341,-1,4341,4961,4962,-1,4341,4962,4342,-1,4342,4962,4963,-1,4342,4963,4343,-1,4343,4963,4964,-1,4343,4964,4344,-1,4344,4964,4965,-1,4344,4965,4345,-1,4345,4965,1104,-1,4345,1104,1175,-1,1175,1104,1103,-1,1175,1103,1176,-1,1120,1115,1121,-1,1121,1115,1117,-1,1121,1117,4966,-1,4966,1117,1112,-1,4966,1112,4967,-1,4967,1112,444,-1,4967,444,4968,-1,4968,444,1109,-1,4968,1109,4969,-1,4969,1109,1110,-1,4969,1110,4970,-1,4970,1110,1105,-1,4971,2819,4972,-1,4972,2819,2820,-1,4972,2820,4973,-1,4973,2820,2821,-1,4973,2821,4974,-1,4974,2821,2822,-1,4974,2822,4975,-1,4975,2822,2823,-1,4975,2823,4976,-1,4976,2823,2824,-1,4976,2824,4977,-1,4977,2824,2825,-1,4977,2825,4978,-1,4978,2825,2826,-1,4978,2826,4979,-1,4979,2826,2827,-1,4979,2827,4980,-1,4980,2827,2828,-1,4980,2828,4981,-1,4981,2828,2829,-1,4981,2829,4982,-1,4982,2829,2830,-1,4982,2830,4983,-1,4983,2830,1126,-1,4983,1126,4984,-1,4984,1126,1128,-1,4984,1128,4985,-1,4985,1128,1123,-1,4985,1123,4986,-1,4986,1123,1121,-1,4986,1121,4987,-1,4987,1121,4966,-1,4987,4966,4988,-1,4988,4966,4967,-1,4988,4967,4989,-1,4989,4967,4968,-1,4989,4968,4990,-1,4990,4968,4969,-1,4990,4969,4991,-1,4991,4969,4970,-1,4992,4971,4993,-1,4993,4971,4972,-1,4993,4972,4994,-1,4994,4972,4973,-1,4994,4973,4995,-1,4995,4973,4974,-1,4995,4974,4996,-1,4996,4974,4975,-1,4996,4975,4997,-1,4997,4975,4976,-1,4997,4976,4998,-1,4998,4976,4977,-1,4998,4977,4999,-1,4999,4977,4978,-1,4999,4978,5000,-1,5000,4978,4979,-1,5000,4979,5001,-1,5001,4979,4980,-1,5001,4980,5002,-1,5002,4980,4981,-1,5002,4981,5003,-1,5003,4981,4982,-1,5003,4982,5004,-1,5004,4982,4983,-1,5004,4983,5005,-1,5005,4983,4984,-1,5005,4984,5006,-1,5006,4984,4985,-1,5006,4985,5007,-1,5007,4985,4986,-1,5007,4986,5008,-1,5008,4986,4987,-1,5008,4987,5009,-1,5009,4987,4988,-1,5009,4988,5010,-1,5010,4988,4989,-1,5010,4989,5011,-1,5011,4989,4990,-1,5011,4990,5012,-1,5012,4990,4991,-1,5013,4992,5014,-1,5014,4992,4993,-1,5014,4993,5015,-1,5015,4993,4994,-1,5015,4994,5016,-1,5016,4994,4995,-1,5016,4995,5017,-1,5017,4995,4996,-1,5017,4996,5018,-1,5018,4996,4997,-1,5018,4997,5019,-1,5019,4997,4998,-1,5019,4998,5020,-1,5020,4998,4999,-1,5020,4999,5021,-1,5021,4999,5000,-1,5021,5000,5022,-1,5022,5000,5001,-1,5022,5001,5023,-1,5023,5001,5002,-1,5023,5002,5024,-1,5024,5002,5003,-1,5024,5003,5025,-1,5025,5003,5004,-1,5025,5004,5026,-1,5026,5004,5005,-1,5026,5005,5027,-1,5027,5005,5006,-1,5027,5006,5028,-1,5028,5006,5007,-1,5028,5007,5029,-1,5029,5007,5008,-1,5029,5008,5030,-1,5030,5008,5009,-1,5030,5009,5031,-1,5031,5009,5010,-1,5031,5010,5032,-1,5032,5010,5011,-1,5032,5011,5033,-1,5033,5011,5012,-1,5034,5013,5035,-1,5035,5013,5014,-1,5035,5014,5036,-1,5036,5014,5015,-1,5036,5015,5037,-1,5037,5015,5016,-1,5037,5016,5038,-1,5038,5016,5017,-1,5038,5017,5039,-1,5039,5017,5018,-1,5039,5018,5040,-1,5040,5018,5019,-1,5040,5019,5041,-1,5041,5019,5020,-1,5041,5020,5042,-1,5042,5020,5021,-1,5042,5021,5043,-1,5043,5021,5022,-1,5043,5022,5044,-1,5044,5022,5023,-1,5044,5023,5045,-1,5045,5023,5024,-1,5045,5024,5046,-1,5046,5024,5025,-1,5046,5025,5047,-1,5047,5025,5026,-1,5047,5026,5048,-1,5048,5026,5027,-1,5048,5027,5049,-1,5049,5027,5028,-1,5049,5028,5050,-1,5050,5028,5029,-1,5050,5029,5051,-1,5051,5029,5030,-1,5051,5030,5052,-1,5052,5030,5031,-1,5052,5031,5053,-1,5053,5031,5032,-1,5053,5032,5054,-1,5054,5032,5033,-1,5055,5034,5056,-1,5056,5034,5035,-1,5056,5035,5057,-1,5057,5035,5036,-1,5057,5036,5058,-1,5058,5036,5037,-1,5058,5037,5059,-1,5059,5037,5038,-1,5059,5038,5060,-1,5060,5038,5039,-1,5060,5039,5061,-1,5061,5039,5040,-1,5061,5040,5062,-1,5062,5040,5041,-1,5062,5041,5063,-1,5063,5041,5042,-1,5063,5042,5064,-1,5064,5042,5043,-1,5064,5043,5065,-1,5065,5043,5044,-1,5065,5044,5066,-1,5066,5044,5045,-1,5066,5045,5067,-1,5067,5045,5046,-1,5067,5046,5068,-1,5068,5046,5047,-1,5068,5047,5069,-1,5069,5047,5048,-1,5069,5048,5070,-1,5070,5048,5049,-1,5070,5049,5071,-1,5071,5049,5050,-1,5071,5050,5072,-1,5072,5050,5051,-1,5072,5051,5073,-1,5073,5051,5052,-1,5073,5052,5074,-1,5074,5052,5053,-1,5074,5053,5075,-1,5075,5053,5054,-1,5076,5055,5077,-1,5077,5055,5056,-1,5077,5056,5078,-1,5078,5056,5057,-1,5078,5057,5079,-1,5079,5057,5058,-1,5079,5058,5080,-1,5080,5058,5059,-1,5080,5059,5081,-1,5081,5059,5060,-1,5081,5060,5082,-1,5082,5060,5061,-1,5082,5061,5083,-1,5083,5061,5062,-1,5083,5062,5084,-1,5084,5062,5063,-1,5084,5063,5085,-1,5085,5063,5064,-1,5085,5064,5086,-1,5086,5064,5065,-1,5086,5065,5087,-1,5087,5065,5066,-1,5087,5066,5088,-1,5088,5066,5067,-1,5088,5067,5089,-1,5089,5067,5068,-1,5089,5068,5090,-1,5090,5068,5069,-1,5090,5069,5091,-1,5091,5069,5070,-1,5091,5070,5092,-1,5092,5070,5071,-1,5092,5071,5093,-1,5093,5071,5072,-1,5093,5072,5094,-1,5094,5072,5073,-1,5094,5073,5095,-1,5095,5073,5074,-1,5095,5074,5096,-1,5096,5074,5075,-1,2395,5076,2397,-1,2397,5076,5077,-1,2397,5077,2399,-1,2399,5077,5078,-1,2399,5078,2401,-1,2401,5078,5079,-1,2401,5079,2403,-1,2403,5079,5080,-1,2403,5080,2405,-1,2405,5080,5081,-1,2405,5081,2407,-1,2407,5081,5082,-1,2407,5082,1330,-1,1330,5082,5083,-1,1330,5083,1331,-1,1331,5083,5084,-1,1331,5084,1336,-1,1336,5084,5085,-1,1336,5085,411,-1,411,5085,5086,-1,411,5086,1340,-1,1340,5086,5087,-1,1340,5087,1343,-1,1343,5087,5088,-1,1343,5088,1344,-1,1344,5088,5089,-1,1344,5089,1349,-1,1349,5089,5090,-1,1349,5090,1354,-1,1354,5090,5091,-1,1354,5091,1358,-1,1358,5091,5092,-1,1358,5092,1360,-1,1360,5092,5093,-1,1360,5093,1363,-1,1363,5093,5094,-1,1363,5094,1366,-1,1366,5094,5095,-1,1366,5095,1371,-1,1371,5095,5096,-1,1368,1370,1374,-1,1374,1370,5097,-1,1374,5097,4346,-1,4346,5097,5098,-1,4346,5098,4347,-1,4347,5098,5099,-1,4347,5099,4348,-1,4348,5099,5100,-1,4348,5100,4349,-1,4349,5100,5101,-1,4349,5101,4350,-1,4350,5101,5102,-1,4350,5102,4351,-1,4351,5102,5103,-1,4351,5103,4352,-1,4352,5103,5104,-1,4352,5104,4353,-1,4353,5104,912,-1,4353,912,908,-1,908,912,911,-1,908,911,909,-1,5105,2408,5106,-1,5106,2408,2410,-1,5106,2410,5107,-1,5107,2410,2412,-1,5107,2412,5108,-1,5108,2412,2414,-1,5108,2414,5109,-1,5109,2414,2416,-1,5109,2416,5110,-1,5110,2416,2418,-1,5110,2418,5111,-1,5111,2418,2420,-1,5111,2420,5112,-1,5112,2420,875,-1,5112,875,5113,-1,5113,875,874,-1,5113,874,5114,-1,5114,874,942,-1,5114,942,5115,-1,5115,942,939,-1,5115,939,5116,-1,5116,939,936,-1,5116,936,5117,-1,5117,936,933,-1,5117,933,5118,-1,5118,933,931,-1,5118,931,5119,-1,5119,931,929,-1,5119,929,5120,-1,5120,929,925,-1,5120,925,5121,-1,5121,925,920,-1,5121,920,5122,-1,5122,920,462,-1,5122,462,5123,-1,5123,462,917,-1,5123,917,5124,-1,5124,917,918,-1,5124,918,5125,-1,5125,918,913,-1,5126,5105,5127,-1,5127,5105,5106,-1,5127,5106,5128,-1,5128,5106,5107,-1,5128,5107,5129,-1,5129,5107,5108,-1,5129,5108,5130,-1,5130,5108,5109,-1,5130,5109,5131,-1,5131,5109,5110,-1,5131,5110,5132,-1,5132,5110,5111,-1,5132,5111,5133,-1,5133,5111,5112,-1,5133,5112,5134,-1,5134,5112,5113,-1,5134,5113,5135,-1,5135,5113,5114,-1,5135,5114,5136,-1,5136,5114,5115,-1,5136,5115,5137,-1,5137,5115,5116,-1,5137,5116,5138,-1,5138,5116,5117,-1,5138,5117,5139,-1,5139,5117,5118,-1,5139,5118,5140,-1,5140,5118,5119,-1,5140,5119,5141,-1,5141,5119,5120,-1,5141,5120,5142,-1,5142,5120,5121,-1,5142,5121,5143,-1,5143,5121,5122,-1,5143,5122,5144,-1,5144,5122,5123,-1,5144,5123,5145,-1,5145,5123,5124,-1,5145,5124,5146,-1,5146,5124,5125,-1,5147,5126,5148,-1,5148,5126,5127,-1,5148,5127,5149,-1,5149,5127,5128,-1,5149,5128,5150,-1,5150,5128,5129,-1,5150,5129,5151,-1,5151,5129,5130,-1,5151,5130,5152,-1,5152,5130,5131,-1,5152,5131,5153,-1,5153,5131,5132,-1,5153,5132,5154,-1,5154,5132,5133,-1,5154,5133,5155,-1,5155,5133,5134,-1,5155,5134,5156,-1,5156,5134,5135,-1,5156,5135,5157,-1,5157,5135,5136,-1,5157,5136,5158,-1,5158,5136,5137,-1,5158,5137,5159,-1,5159,5137,5138,-1,5159,5138,5160,-1,5160,5138,5139,-1,5160,5139,5161,-1,5161,5139,5140,-1,5161,5140,5162,-1,5162,5140,5141,-1,5162,5141,5163,-1,5163,5141,5142,-1,5163,5142,5164,-1,5164,5142,5143,-1,5164,5143,5165,-1,5165,5143,5144,-1,5165,5144,5166,-1,5166,5144,5145,-1,5166,5145,5167,-1,5167,5145,5146,-1,5168,5147,5169,-1,5169,5147,5148,-1,5169,5148,5170,-1,5170,5148,5149,-1,5170,5149,5171,-1,5171,5149,5150,-1,5171,5150,5172,-1,5172,5150,5151,-1,5172,5151,5173,-1,5173,5151,5152,-1,5173,5152,5174,-1,5174,5152,5153,-1,5174,5153,5175,-1,5175,5153,5154,-1,5175,5154,5176,-1,5176,5154,5155,-1,5176,5155,5177,-1,5177,5155,5156,-1,5177,5156,5178,-1,5178,5156,5157,-1,5178,5157,5179,-1,5179,5157,5158,-1,5179,5158,5180,-1,5180,5158,5159,-1,5180,5159,5181,-1,5181,5159,5160,-1,5181,5160,5182,-1,5182,5160,5161,-1,5182,5161,5183,-1,5183,5161,5162,-1,5183,5162,5184,-1,5184,5162,5163,-1,5184,5163,5185,-1,5185,5163,5164,-1,5185,5164,5186,-1,5186,5164,5165,-1,5186,5165,5187,-1,5187,5165,5166,-1,5187,5166,5188,-1,5188,5166,5167,-1,5189,5168,5190,-1,5190,5168,5169,-1,5190,5169,5191,-1,5191,5169,5170,-1,5191,5170,5192,-1,5192,5170,5171,-1,5192,5171,5193,-1,5193,5171,5172,-1,5193,5172,5194,-1,5194,5172,5173,-1,5194,5173,5195,-1,5195,5173,5174,-1,5195,5174,5196,-1,5196,5174,5175,-1,5196,5175,5197,-1,5197,5175,5176,-1,5197,5176,5198,-1,5198,5176,5177,-1,5198,5177,5199,-1,5199,5177,5178,-1,5199,5178,5200,-1,5200,5178,5179,-1,5200,5179,5201,-1,5201,5179,5180,-1,5201,5180,5202,-1,5202,5180,5181,-1,5202,5181,5203,-1,5203,5181,5182,-1,5203,5182,5204,-1,5204,5182,5183,-1,5204,5183,5205,-1,5205,5183,5184,-1,5205,5184,5206,-1,5206,5184,5185,-1,5206,5185,5207,-1,5207,5185,5186,-1,5207,5186,5208,-1,5208,5186,5187,-1,5208,5187,5209,-1,5209,5187,5188,-1,5210,5189,5211,-1,5211,5189,5190,-1,5211,5190,5212,-1,5212,5190,5191,-1,5212,5191,5213,-1,5213,5191,5192,-1,5213,5192,5214,-1,5214,5192,5193,-1,5214,5193,5215,-1,5215,5193,5194,-1,5215,5194,5216,-1,5216,5194,5195,-1,5216,5195,5217,-1,5217,5195,5196,-1,5217,5196,5218,-1,5218,5196,5197,-1,5218,5197,5219,-1,5219,5197,5198,-1,5219,5198,5220,-1,5220,5198,5199,-1,5220,5199,5221,-1,5221,5199,5200,-1,5221,5200,5222,-1,5222,5200,5201,-1,5222,5201,5223,-1,5223,5201,5202,-1,5223,5202,5224,-1,5224,5202,5203,-1,5224,5203,5225,-1,5225,5203,5204,-1,5225,5204,5226,-1,5226,5204,5205,-1,5226,5205,5227,-1,5227,5205,5206,-1,5227,5206,5228,-1,5228,5206,5207,-1,5228,5207,5229,-1,5229,5207,5208,-1,5229,5208,5230,-1,5230,5208,5209,-1,5231,5210,5232,-1,5232,5210,5211,-1,5232,5211,5233,-1,5233,5211,5212,-1,5233,5212,5234,-1,5234,5212,5213,-1,5234,5213,5235,-1,5235,5213,5214,-1,5235,5214,5236,-1,5236,5214,5215,-1,5236,5215,5237,-1,5237,5215,5216,-1,5237,5216,5238,-1,5238,5216,5217,-1,5238,5217,5239,-1,5239,5217,5218,-1,5239,5218,5240,-1,5240,5218,5219,-1,5240,5219,5241,-1,5241,5219,5220,-1,5241,5220,5242,-1,5242,5220,5221,-1,5242,5221,5243,-1,5243,5221,5222,-1,5243,5222,5244,-1,5244,5222,5223,-1,5244,5223,5245,-1,5245,5223,5224,-1,5245,5224,5246,-1,5246,5224,5225,-1,5246,5225,5247,-1,5247,5225,5226,-1,5247,5226,5248,-1,5248,5226,5227,-1,5248,5227,5249,-1,5249,5227,5228,-1,5249,5228,5250,-1,5250,5228,5229,-1,5250,5229,5251,-1,5251,5229,5230,-1,2423,5231,2425,-1,2425,5231,5232,-1,2425,5232,2427,-1,2427,5232,5233,-1,2427,5233,2429,-1,2429,5233,5234,-1,2429,5234,2431,-1,2431,5234,5235,-1,2431,5235,2433,-1,2433,5235,5236,-1,2433,5236,2435,-1,2435,5236,5237,-1,2435,5237,653,-1,653,5237,5238,-1,653,5238,654,-1,654,5238,5239,-1,654,5239,661,-1,661,5239,5240,-1,661,5240,499,-1,499,5240,5241,-1,499,5241,665,-1,665,5241,5242,-1,665,5242,668,-1,668,5242,5243,-1,668,5243,669,-1,669,5243,5244,-1,669,5244,674,-1,674,5244,5245,-1,674,5245,679,-1,679,5245,5246,-1,679,5246,683,-1,683,5246,5247,-1,683,5247,685,-1,685,5247,5248,-1,685,5248,688,-1,688,5248,5249,-1,688,5249,691,-1,691,5249,5250,-1,691,5250,695,-1,695,5250,5251,-1,494,694,495,-1,495,694,5252,-1,495,5252,4354,-1,4354,5252,5253,-1,4354,5253,4355,-1,4355,5253,5254,-1,4355,5254,4356,-1,4356,5254,5255,-1,4356,5255,4357,-1,4357,5255,5256,-1,4357,5256,4358,-1,4358,5256,5257,-1,4358,5257,4359,-1,4359,5257,5258,-1,4359,5258,4360,-1,4360,5258,5259,-1,4360,5259,4361,-1,4361,5259,1695,-1,4361,1695,1768,-1,1768,1695,1694,-1,1768,1694,1769,-1,5260,2436,5261,-1,5261,2436,2438,-1,5261,2438,5262,-1,5262,2438,2440,-1,5262,2440,5263,-1,5263,2440,2442,-1,5263,2442,5264,-1,5264,2442,2444,-1,5264,2444,5265,-1,5265,2444,2446,-1,5265,2446,5266,-1,5266,2446,2448,-1,5266,2448,5267,-1,5267,2448,1731,-1,5267,1731,5268,-1,5268,1731,357,-1,5268,357,5269,-1,5269,357,356,-1,5269,356,5270,-1,5270,356,1722,-1,5270,1722,5271,-1,5271,1722,1719,-1,5271,1719,5272,-1,5272,1719,1717,-1,5272,1717,5273,-1,5273,1717,1714,-1,5273,1714,5274,-1,5274,1714,1706,-1,5274,1706,5275,-1,5275,1706,1709,-1,5275,1709,5276,-1,5276,1709,1703,-1,5276,1703,5277,-1,5277,1703,360,-1,5277,360,5278,-1,5278,360,1700,-1,5278,1700,5279,-1,5279,1700,1701,-1,5279,1701,5280,-1,5280,1701,1696,-1,5281,5260,5282,-1,5282,5260,5261,-1,5282,5261,5283,-1,5283,5261,5262,-1,5283,5262,5284,-1,5284,5262,5263,-1,5284,5263,5285,-1,5285,5263,5264,-1,5285,5264,5286,-1,5286,5264,5265,-1,5286,5265,5287,-1,5287,5265,5266,-1,5287,5266,5288,-1,5288,5266,5267,-1,5288,5267,5289,-1,5289,5267,5268,-1,5289,5268,5290,-1,5290,5268,5269,-1,5290,5269,5291,-1,5291,5269,5270,-1,5291,5270,5292,-1,5292,5270,5271,-1,5292,5271,5293,-1,5293,5271,5272,-1,5293,5272,5294,-1,5294,5272,5273,-1,5294,5273,5295,-1,5295,5273,5274,-1,5295,5274,5296,-1,5296,5274,5275,-1,5296,5275,5297,-1,5297,5275,5276,-1,5297,5276,5298,-1,5298,5276,5277,-1,5298,5277,5299,-1,5299,5277,5278,-1,5299,5278,5300,-1,5300,5278,5279,-1,5300,5279,5301,-1,5301,5279,5280,-1,5302,5281,5303,-1,5303,5281,5282,-1,5303,5282,5304,-1,5304,5282,5283,-1,5304,5283,5305,-1,5305,5283,5284,-1,5305,5284,5306,-1,5306,5284,5285,-1,5306,5285,5307,-1,5307,5285,5286,-1,5307,5286,5308,-1,5308,5286,5287,-1,5308,5287,5309,-1,5309,5287,5288,-1,5309,5288,5310,-1,5310,5288,5289,-1,5310,5289,5311,-1,5311,5289,5290,-1,5311,5290,5312,-1,5312,5290,5291,-1,5312,5291,5313,-1,5313,5291,5292,-1,5313,5292,5314,-1,5314,5292,5293,-1,5314,5293,5315,-1,5315,5293,5294,-1,5315,5294,5316,-1,5316,5294,5295,-1,5316,5295,5317,-1,5317,5295,5296,-1,5317,5296,5318,-1,5318,5296,5297,-1,5318,5297,5319,-1,5319,5297,5298,-1,5319,5298,5320,-1,5320,5298,5299,-1,5320,5299,5321,-1,5321,5299,5300,-1,5321,5300,5322,-1,5322,5300,5301,-1,5323,5302,5324,-1,5324,5302,5303,-1,5324,5303,5325,-1,5325,5303,5304,-1,5325,5304,5326,-1,5326,5304,5305,-1,5326,5305,5327,-1,5327,5305,5306,-1,5327,5306,5328,-1,5328,5306,5307,-1,5328,5307,5329,-1,5329,5307,5308,-1,5329,5308,5330,-1,5330,5308,5309,-1,5330,5309,5331,-1,5331,5309,5310,-1,5331,5310,5332,-1,5332,5310,5311,-1,5332,5311,5333,-1,5333,5311,5312,-1,5333,5312,5334,-1,5334,5312,5313,-1,5334,5313,5335,-1,5335,5313,5314,-1,5335,5314,5336,-1,5336,5314,5315,-1,5336,5315,5337,-1,5337,5315,5316,-1,5337,5316,5338,-1,5338,5316,5317,-1,5338,5317,5339,-1,5339,5317,5318,-1,5339,5318,5340,-1,5340,5318,5319,-1,5340,5319,5341,-1,5341,5319,5320,-1,5341,5320,5342,-1,5342,5320,5321,-1,5342,5321,5343,-1,5343,5321,5322,-1,5344,5323,5345,-1,5345,5323,5324,-1,5345,5324,5346,-1,5346,5324,5325,-1,5346,5325,5347,-1,5347,5325,5326,-1,5347,5326,5348,-1,5348,5326,5327,-1,5348,5327,5349,-1,5349,5327,5328,-1,5349,5328,5350,-1,5350,5328,5329,-1,5350,5329,5351,-1,5351,5329,5330,-1,5351,5330,5352,-1,5352,5330,5331,-1,5352,5331,5353,-1,5353,5331,5332,-1,5353,5332,5354,-1,5354,5332,5333,-1,5354,5333,5355,-1,5355,5333,5334,-1,5355,5334,5356,-1,5356,5334,5335,-1,5356,5335,5357,-1,5357,5335,5336,-1,5357,5336,5358,-1,5358,5336,5337,-1,5358,5337,5359,-1,5359,5337,5338,-1,5359,5338,5360,-1,5360,5338,5339,-1,5360,5339,5361,-1,5361,5339,5340,-1,5361,5340,5362,-1,5362,5340,5341,-1,5362,5341,5363,-1,5363,5341,5342,-1,5363,5342,5364,-1,5364,5342,5343,-1,5365,5344,5366,-1,5366,5344,5345,-1,5366,5345,5367,-1,5367,5345,5346,-1,5367,5346,5368,-1,5368,5346,5347,-1,5368,5347,5369,-1,5369,5347,5348,-1,5369,5348,5370,-1,5370,5348,5349,-1,5370,5349,5371,-1,5371,5349,5350,-1,5371,5350,5372,-1,5372,5350,5351,-1,5372,5351,5373,-1,5373,5351,5352,-1,5373,5352,5374,-1,5374,5352,5353,-1,5374,5353,5375,-1,5375,5353,5354,-1,5375,5354,5376,-1,5376,5354,5355,-1,5376,5355,5377,-1,5377,5355,5356,-1,5377,5356,5378,-1,5378,5356,5357,-1,5378,5357,5379,-1,5379,5357,5358,-1,5379,5358,5380,-1,5380,5358,5359,-1,5380,5359,5381,-1,5381,5359,5360,-1,5381,5360,5382,-1,5382,5360,5361,-1,5382,5361,5383,-1,5383,5361,5362,-1,5383,5362,5384,-1,5384,5362,5363,-1,5384,5363,5385,-1,5385,5363,5364,-1,5386,5365,5387,-1,5387,5365,5366,-1,5387,5366,5388,-1,5388,5366,5367,-1,5388,5367,5389,-1,5389,5367,5368,-1,5389,5368,5390,-1,5390,5368,5369,-1,5390,5369,5391,-1,5391,5369,5370,-1,5391,5370,5392,-1,5392,5370,5371,-1,5392,5371,5393,-1,5393,5371,5372,-1,5393,5372,5394,-1,5394,5372,5373,-1,5394,5373,5395,-1,5395,5373,5374,-1,5395,5374,5396,-1,5396,5374,5375,-1,5396,5375,5397,-1,5397,5375,5376,-1,5397,5376,5398,-1,5398,5376,5377,-1,5398,5377,5399,-1,5399,5377,5378,-1,5399,5378,5400,-1,5400,5378,5379,-1,5400,5379,5401,-1,5401,5379,5380,-1,5401,5380,5402,-1,5402,5380,5381,-1,5402,5381,5403,-1,5403,5381,5382,-1,5403,5382,5404,-1,5404,5382,5383,-1,5404,5383,5405,-1,5405,5383,5384,-1,5405,5384,5406,-1,5406,5384,5385,-1,2451,5386,2453,-1,2453,5386,5387,-1,2453,5387,2455,-1,2455,5387,5388,-1,2455,5388,2457,-1,2457,5388,5389,-1,2457,5389,2459,-1,2459,5389,5390,-1,2459,5390,2461,-1,2461,5390,5391,-1,2461,5391,2463,-1,2463,5391,5392,-1,2463,5392,1546,-1,1546,5392,5393,-1,1546,5393,1547,-1,1547,5393,5394,-1,1547,5394,1554,-1,1554,5394,5395,-1,1554,5395,381,-1,381,5395,5396,-1,381,5396,1558,-1,1558,5396,5397,-1,1558,5397,1561,-1,1561,5397,5398,-1,1561,5398,1562,-1,1562,5398,5399,-1,1562,5399,1567,-1,1567,5399,5400,-1,1567,5400,1572,-1,1572,5400,5401,-1,1572,5401,1576,-1,1576,5401,5402,-1,1576,5402,1578,-1,1578,5402,5403,-1,1578,5403,1581,-1,1581,5403,5404,-1,1581,5404,1584,-1,1584,5404,5405,-1,1584,5405,1589,-1,1589,5405,5406,-1,1586,1588,4362,-1,4362,1588,5407,-1,4362,5407,4363,-1,4363,5407,5408,-1,4363,5408,4364,-1,4364,5408,5409,-1,4364,5409,4365,-1,4365,5409,5410,-1,4365,5410,4366,-1,4366,5410,5411,-1,4366,5411,4367,-1,4367,5411,5412,-1,4367,5412,4368,-1,4368,5412,5413,-1,4368,5413,4369,-1,4369,5413,5414,-1,4369,5414,4370,-1,4370,5414,1973,-1,4370,1973,1969,-1,1969,1973,1972,-1,1969,1972,1970,-1,5415,2464,5416,-1,5416,2464,2466,-1,5416,2466,5417,-1,5417,2466,2468,-1,5417,2468,5418,-1,5418,2468,2470,-1,5418,2470,5419,-1,5419,2470,2472,-1,5419,2472,5420,-1,5420,2472,2474,-1,5420,2474,5421,-1,5421,2474,2476,-1,5421,2476,5422,-1,5422,2476,1933,-1,5422,1933,5423,-1,5423,1933,1932,-1,5423,1932,5424,-1,5424,1932,1999,-1,5424,1999,5425,-1,5425,1999,1996,-1,5425,1996,5426,-1,5426,1996,327,-1,5426,327,5427,-1,5427,327,326,-1,5427,326,5428,-1,5428,326,1990,-1,5428,1990,5429,-1,5429,1990,1985,-1,5429,1985,5430,-1,5430,1985,1984,-1,5430,1984,5431,-1,5431,1984,1981,-1,5431,1981,5432,-1,5432,1981,330,-1,5432,330,5433,-1,5433,330,1978,-1,5433,1978,5434,-1,5434,1978,1979,-1,5434,1979,5435,-1,5435,1979,1974,-1,5436,5415,5437,-1,5437,5415,5416,-1,5437,5416,5438,-1,5438,5416,5417,-1,5438,5417,5439,-1,5439,5417,5418,-1,5439,5418,5440,-1,5440,5418,5419,-1,5440,5419,5441,-1,5441,5419,5420,-1,5441,5420,5442,-1,5442,5420,5421,-1,5442,5421,5443,-1,5443,5421,5422,-1,5443,5422,5444,-1,5444,5422,5423,-1,5444,5423,5445,-1,5445,5423,5424,-1,5445,5424,5446,-1,5446,5424,5425,-1,5446,5425,5447,-1,5447,5425,5426,-1,5447,5426,5448,-1,5448,5426,5427,-1,5448,5427,5449,-1,5449,5427,5428,-1,5449,5428,5450,-1,5450,5428,5429,-1,5450,5429,5451,-1,5451,5429,5430,-1,5451,5430,5452,-1,5452,5430,5431,-1,5452,5431,5453,-1,5453,5431,5432,-1,5453,5432,5454,-1,5454,5432,5433,-1,5454,5433,5455,-1,5455,5433,5434,-1,5455,5434,5456,-1,5456,5434,5435,-1,5457,5436,5458,-1,5458,5436,5437,-1,5458,5437,5459,-1,5459,5437,5438,-1,5459,5438,5460,-1,5460,5438,5439,-1,5460,5439,5461,-1,5461,5439,5440,-1,5461,5440,5462,-1,5462,5440,5441,-1,5462,5441,5463,-1,5463,5441,5442,-1,5463,5442,5464,-1,5464,5442,5443,-1,5464,5443,5465,-1,5465,5443,5444,-1,5465,5444,5466,-1,5466,5444,5445,-1,5466,5445,5467,-1,5467,5445,5446,-1,5467,5446,5468,-1,5468,5446,5447,-1,5468,5447,5469,-1,5469,5447,5448,-1,5469,5448,5470,-1,5470,5448,5449,-1,5470,5449,5471,-1,5471,5449,5450,-1,5471,5450,5472,-1,5472,5450,5451,-1,5472,5451,5473,-1,5473,5451,5452,-1,5473,5452,5474,-1,5474,5452,5453,-1,5474,5453,5475,-1,5475,5453,5454,-1,5475,5454,5476,-1,5476,5454,5455,-1,5476,5455,5477,-1,5477,5455,5456,-1,5478,5457,5479,-1,5479,5457,5458,-1,5479,5458,5480,-1,5480,5458,5459,-1,5480,5459,5481,-1,5481,5459,5460,-1,5481,5460,5482,-1,5482,5460,5461,-1,5482,5461,5483,-1,5483,5461,5462,-1,5483,5462,5484,-1,5484,5462,5463,-1,5484,5463,5485,-1,5485,5463,5464,-1,5485,5464,5486,-1,5486,5464,5465,-1,5486,5465,5487,-1,5487,5465,5466,-1,5487,5466,5488,-1,5488,5466,5467,-1,5488,5467,5489,-1,5489,5467,5468,-1,5489,5468,5490,-1,5490,5468,5469,-1,5490,5469,5491,-1,5491,5469,5470,-1,5491,5470,5492,-1,5492,5470,5471,-1,5492,5471,5493,-1,5493,5471,5472,-1,5493,5472,5494,-1,5494,5472,5473,-1,5494,5473,5495,-1,5495,5473,5474,-1,5495,5474,5496,-1,5496,5474,5475,-1,5496,5475,5497,-1,5497,5475,5476,-1,5497,5476,5498,-1,5498,5476,5477,-1,5499,5478,5500,-1,5500,5478,5479,-1,5500,5479,5501,-1,5501,5479,5480,-1,5501,5480,5502,-1,5502,5480,5481,-1,5502,5481,5503,-1,5503,5481,5482,-1,5503,5482,5504,-1,5504,5482,5483,-1,5504,5483,5505,-1,5505,5483,5484,-1,5505,5484,5506,-1,5506,5484,5485,-1,5506,5485,5507,-1,5507,5485,5486,-1,5507,5486,5508,-1,5508,5486,5487,-1,5508,5487,5509,-1,5509,5487,5488,-1,5509,5488,5510,-1,5510,5488,5489,-1,5510,5489,5511,-1,5511,5489,5490,-1,5511,5490,5512,-1,5512,5490,5491,-1,5512,5491,5513,-1,5513,5491,5492,-1,5513,5492,5514,-1,5514,5492,5493,-1,5514,5493,5515,-1,5515,5493,5494,-1,5515,5494,5516,-1,5516,5494,5495,-1,5516,5495,5517,-1,5517,5495,5496,-1,5517,5496,5518,-1,5518,5496,5497,-1,5518,5497,5519,-1,5519,5497,5498,-1,5520,5499,5521,-1,5521,5499,5500,-1,5521,5500,5522,-1,5522,5500,5501,-1,5522,5501,5523,-1,5523,5501,5502,-1,5523,5502,5524,-1,5524,5502,5503,-1,5524,5503,5525,-1,5525,5503,5504,-1,5525,5504,5526,-1,5526,5504,5505,-1,5526,5505,5527,-1,5527,5505,5506,-1,5527,5506,5528,-1,5528,5506,5507,-1,5528,5507,5529,-1,5529,5507,5508,-1,5529,5508,5530,-1,5530,5508,5509,-1,5530,5509,5531,-1,5531,5509,5510,-1,5531,5510,5532,-1,5532,5510,5511,-1,5532,5511,5533,-1,5533,5511,5512,-1,5533,5512,5534,-1,5534,5512,5513,-1,5534,5513,5535,-1,5535,5513,5514,-1,5535,5514,5536,-1,5536,5514,5515,-1,5536,5515,5537,-1,5537,5515,5516,-1,5537,5516,5538,-1,5538,5516,5517,-1,5538,5517,5539,-1,5539,5517,5518,-1,5539,5518,5540,-1,5540,5518,5519,-1,5541,5520,5542,-1,5542,5520,5521,-1,5542,5521,5543,-1,5543,5521,5522,-1,5543,5522,5544,-1,5544,5522,5523,-1,5544,5523,5545,-1,5545,5523,5524,-1,5545,5524,5546,-1,5546,5524,5525,-1,5546,5525,5547,-1,5547,5525,5526,-1,5547,5526,5548,-1,5548,5526,5527,-1,5548,5527,5549,-1,5549,5527,5528,-1,5549,5528,5550,-1,5550,5528,5529,-1,5550,5529,5551,-1,5551,5529,5530,-1,5551,5530,5552,-1,5552,5530,5531,-1,5552,5531,5553,-1,5553,5531,5532,-1,5553,5532,5554,-1,5554,5532,5533,-1,5554,5533,5555,-1,5555,5533,5534,-1,5555,5534,5556,-1,5556,5534,5535,-1,5556,5535,5557,-1,5557,5535,5536,-1,5557,5536,5558,-1,5558,5536,5537,-1,5558,5537,5559,-1,5559,5537,5538,-1,5559,5538,5560,-1,5560,5538,5539,-1,5560,5539,5561,-1,5561,5539,5540,-1,2479,5541,2481,-1,2481,5541,5542,-1,2481,5542,2483,-1,2483,5542,5543,-1,2483,5543,2485,-1,2485,5543,5544,-1,2485,5544,2487,-1,2487,5544,5545,-1,2487,5545,2489,-1,2489,5545,5546,-1,2489,5546,2491,-1,2491,5546,5547,-1,2491,5547,2152,-1,2152,5547,5548,-1,2152,5548,2153,-1,2153,5548,5549,-1,2153,5549,2158,-1,2158,5549,5550,-1,2158,5550,306,-1,306,5550,5551,-1,306,5551,2162,-1,2162,5551,5552,-1,2162,5552,2165,-1,2165,5552,5553,-1,2165,5553,2166,-1,2166,5553,5554,-1,2166,5554,2171,-1,2171,5554,5555,-1,2171,5555,2176,-1,2176,5555,5556,-1,2176,5556,2180,-1,2180,5556,5557,-1,2180,5557,2182,-1,2182,5557,5558,-1,2182,5558,2185,-1,2185,5558,5559,-1,2185,5559,2188,-1,2188,5559,5560,-1,2188,5560,2193,-1,2193,5560,5561,-1,2190,2192,4371,-1,4371,2192,5562,-1,4371,5562,4372,-1,4372,5562,5563,-1,4372,5563,4373,-1,4373,5563,5564,-1,4373,5564,4374,-1,4374,5564,5565,-1,4374,5565,4375,-1,4375,5565,5566,-1,4375,5566,4376,-1,4376,5566,5567,-1,4376,5567,4377,-1,4377,5567,5568,-1,4377,5568,4378,-1,4378,5568,5569,-1,4378,5569,4379,-1,4379,5569,1032,-1,4379,1032,1100,-1,1100,1032,1031,-1,1100,1031,1101,-1,5570,2492,5571,-1,5571,2492,2494,-1,5571,2494,5572,-1,5572,2494,2496,-1,5572,2496,5573,-1,5573,2496,2498,-1,5573,2498,5574,-1,5574,2498,2500,-1,5574,2500,5575,-1,5575,2500,2502,-1,5575,2502,5576,-1,5576,2502,2504,-1,5576,2504,5577,-1,5577,2504,1064,-1,5577,1064,5578,-1,5578,1064,450,-1,5578,450,5579,-1,5579,450,449,-1,5579,449,5580,-1,5580,449,1055,-1,5580,1055,5581,-1,5581,1055,453,-1,5581,453,5582,-1,5582,453,452,-1,5582,452,5583,-1,5583,452,1049,-1,5583,1049,5584,-1,5584,1049,1044,-1,5584,1044,5585,-1,5585,1044,1043,-1,5585,1043,5586,-1,5586,1043,1040,-1,5586,1040,5587,-1,5587,1040,456,-1,5587,456,5588,-1,5588,456,1037,-1,5588,1037,5589,-1,5589,1037,1038,-1,5589,1038,5590,-1,5590,1038,1033,-1,5591,5570,5592,-1,5592,5570,5571,-1,5592,5571,5593,-1,5593,5571,5572,-1,5593,5572,5594,-1,5594,5572,5573,-1,5594,5573,5595,-1,5595,5573,5574,-1,5595,5574,5596,-1,5596,5574,5575,-1,5596,5575,5597,-1,5597,5575,5576,-1,5597,5576,5598,-1,5598,5576,5577,-1,5598,5577,5599,-1,5599,5577,5578,-1,5599,5578,5600,-1,5600,5578,5579,-1,5600,5579,5601,-1,5601,5579,5580,-1,5601,5580,5602,-1,5602,5580,5581,-1,5602,5581,5603,-1,5603,5581,5582,-1,5603,5582,5604,-1,5604,5582,5583,-1,5604,5583,5605,-1,5605,5583,5584,-1,5605,5584,5606,-1,5606,5584,5585,-1,5606,5585,5607,-1,5607,5585,5586,-1,5607,5586,5608,-1,5608,5586,5587,-1,5608,5587,5609,-1,5609,5587,5588,-1,5609,5588,5610,-1,5610,5588,5589,-1,5610,5589,5611,-1,5611,5589,5590,-1,5612,5591,5613,-1,5613,5591,5592,-1,5613,5592,5614,-1,5614,5592,5593,-1,5614,5593,5615,-1,5615,5593,5594,-1,5615,5594,5616,-1,5616,5594,5595,-1,5616,5595,5617,-1,5617,5595,5596,-1,5617,5596,5618,-1,5618,5596,5597,-1,5618,5597,5619,-1,5619,5597,5598,-1,5619,5598,5620,-1,5620,5598,5599,-1,5620,5599,5621,-1,5621,5599,5600,-1,5621,5600,5622,-1,5622,5600,5601,-1,5622,5601,5623,-1,5623,5601,5602,-1,5623,5602,5624,-1,5624,5602,5603,-1,5624,5603,5625,-1,5625,5603,5604,-1,5625,5604,5626,-1,5626,5604,5605,-1,5626,5605,5627,-1,5627,5605,5606,-1,5627,5606,5628,-1,5628,5606,5607,-1,5628,5607,5629,-1,5629,5607,5608,-1,5629,5608,5630,-1,5630,5608,5609,-1,5630,5609,5631,-1,5631,5609,5610,-1,5631,5610,5632,-1,5632,5610,5611,-1,5633,5612,5634,-1,5634,5612,5613,-1,5634,5613,5635,-1,5635,5613,5614,-1,5635,5614,5636,-1,5636,5614,5615,-1,5636,5615,5637,-1,5637,5615,5616,-1,5637,5616,5638,-1,5638,5616,5617,-1,5638,5617,5639,-1,5639,5617,5618,-1,5639,5618,5640,-1,5640,5618,5619,-1,5640,5619,5641,-1,5641,5619,5620,-1,5641,5620,5642,-1,5642,5620,5621,-1,5642,5621,5643,-1,5643,5621,5622,-1,5643,5622,5644,-1,5644,5622,5623,-1,5644,5623,5645,-1,5645,5623,5624,-1,5645,5624,5646,-1,5646,5624,5625,-1,5646,5625,5647,-1,5647,5625,5626,-1,5647,5626,5648,-1,5648,5626,5627,-1,5648,5627,5649,-1,5649,5627,5628,-1,5649,5628,5650,-1,5650,5628,5629,-1,5650,5629,5651,-1,5651,5629,5630,-1,5651,5630,5652,-1,5652,5630,5631,-1,5652,5631,5653,-1,5653,5631,5632,-1,5654,5633,5655,-1,5655,5633,5634,-1,5655,5634,5656,-1,5656,5634,5635,-1,5656,5635,5657,-1,5657,5635,5636,-1,5657,5636,5658,-1,5658,5636,5637,-1,5658,5637,5659,-1,5659,5637,5638,-1,5659,5638,5660,-1,5660,5638,5639,-1,5660,5639,5661,-1,5661,5639,5640,-1,5661,5640,5662,-1,5662,5640,5641,-1,5662,5641,5663,-1,5663,5641,5642,-1,5663,5642,5664,-1,5664,5642,5643,-1,5664,5643,5665,-1,5665,5643,5644,-1,5665,5644,5666,-1,5666,5644,5645,-1,5666,5645,5667,-1,5667,5645,5646,-1,5667,5646,5668,-1,5668,5646,5647,-1,5668,5647,5669,-1,5669,5647,5648,-1,5669,5648,5670,-1,5670,5648,5649,-1,5670,5649,5671,-1,5671,5649,5650,-1,5671,5650,5672,-1,5672,5650,5651,-1,5672,5651,5673,-1,5673,5651,5652,-1,5673,5652,5674,-1,5674,5652,5653,-1,5675,5654,5676,-1,5676,5654,5655,-1,5676,5655,5677,-1,5677,5655,5656,-1,5677,5656,5678,-1,5678,5656,5657,-1,5678,5657,5679,-1,5679,5657,5658,-1,5679,5658,5680,-1,5680,5658,5659,-1,5680,5659,5681,-1,5681,5659,5660,-1,5681,5660,5682,-1,5682,5660,5661,-1,5682,5661,5683,-1,5683,5661,5662,-1,5683,5662,5684,-1,5684,5662,5663,-1,5684,5663,5685,-1,5685,5663,5664,-1,5685,5664,5686,-1,5686,5664,5665,-1,5686,5665,5687,-1,5687,5665,5666,-1,5687,5666,5688,-1,5688,5666,5667,-1,5688,5667,5689,-1,5689,5667,5668,-1,5689,5668,5690,-1,5690,5668,5669,-1,5690,5669,5691,-1,5691,5669,5670,-1,5691,5670,5692,-1,5692,5670,5671,-1,5692,5671,5693,-1,5693,5671,5672,-1,5693,5672,5694,-1,5694,5672,5673,-1,5694,5673,5695,-1,5695,5673,5674,-1,5696,5675,5697,-1,5697,5675,5676,-1,5697,5676,5698,-1,5698,5676,5677,-1,5698,5677,5699,-1,5699,5677,5678,-1,5699,5678,5700,-1,5700,5678,5679,-1,5700,5679,5701,-1,5701,5679,5680,-1,5701,5680,5702,-1,5702,5680,5681,-1,5702,5681,5703,-1,5703,5681,5682,-1,5703,5682,5704,-1,5704,5682,5683,-1,5704,5683,5705,-1,5705,5683,5684,-1,5705,5684,5706,-1,5706,5684,5685,-1,5706,5685,5707,-1,5707,5685,5686,-1,5707,5686,5708,-1,5708,5686,5687,-1,5708,5687,5709,-1,5709,5687,5688,-1,5709,5688,5710,-1,5710,5688,5689,-1,5710,5689,5711,-1,5711,5689,5690,-1,5711,5690,5712,-1,5712,5690,5691,-1,5712,5691,5713,-1,5713,5691,5692,-1,5713,5692,5714,-1,5714,5692,5693,-1,5714,5693,5715,-1,5715,5693,5694,-1,5715,5694,5716,-1,5716,5694,5695,-1,2507,5696,2509,-1,2509,5696,5697,-1,2509,5697,2511,-1,2511,5697,5698,-1,2511,5698,2513,-1,2513,5698,5699,-1,2513,5699,2515,-1,2515,5699,5700,-1,2515,5700,2517,-1,2517,5700,5701,-1,2517,5701,2519,-1,2519,5701,5702,-1,2519,5702,1256,-1,1256,5702,5703,-1,1256,5703,1257,-1,1257,5703,5704,-1,1257,5704,1262,-1,1262,5704,5705,-1,1262,5705,420,-1,420,5705,5706,-1,420,5706,1266,-1,1266,5706,5707,-1,1266,5707,1269,-1,1269,5707,5708,-1,1269,5708,1270,-1,1270,5708,5709,-1,1270,5709,1275,-1,1275,5709,5710,-1,1275,5710,1280,-1,1280,5710,5711,-1,1280,5711,1284,-1,1284,5711,5712,-1,1284,5712,1286,-1,1286,5712,5713,-1,1286,5713,1289,-1,1289,5713,5714,-1,1289,5714,1292,-1,1292,5714,5715,-1,1292,5715,1297,-1,1297,5715,5716,-1,1294,1296,4380,-1,4380,1296,5717,-1,4380,5717,4381,-1,4381,5717,5718,-1,4381,5718,4382,-1,4382,5718,5719,-1,4382,5719,4383,-1,4383,5719,5720,-1,4383,5720,4384,-1,4384,5720,5721,-1,4384,5721,4385,-1,4385,5721,5722,-1,4385,5722,4386,-1,4386,5722,5723,-1,4386,5723,4387,-1,4387,5723,5724,-1,4387,5724,4388,-1,4388,5724,839,-1,4388,839,835,-1,835,839,838,-1,835,838,836,-1,5725,2520,5726,-1,5726,2520,2522,-1,5726,2522,5727,-1,5727,2522,2524,-1,5727,2524,5728,-1,5728,2524,2526,-1,5728,2526,5729,-1,5729,2526,2528,-1,5729,2528,5730,-1,5730,2528,2530,-1,5730,2530,5731,-1,5731,2530,2532,-1,5731,2532,5732,-1,5732,2532,800,-1,5732,800,5733,-1,5733,800,799,-1,5733,799,5734,-1,5734,799,865,-1,5734,865,5735,-1,5735,865,862,-1,5735,862,5736,-1,5736,862,469,-1,5736,469,5737,-1,5737,469,468,-1,5737,468,5738,-1,5738,468,856,-1,5738,856,5739,-1,5739,856,851,-1,5739,851,5740,-1,5740,851,850,-1,5740,850,5741,-1,5741,850,847,-1,5741,847,5742,-1,5742,847,472,-1,5742,472,5743,-1,5743,472,844,-1,5743,844,5744,-1,5744,844,845,-1,5744,845,5745,-1,5745,845,840,-1,5746,5725,5747,-1,5747,5725,5726,-1,5747,5726,5748,-1,5748,5726,5727,-1,5748,5727,5749,-1,5749,5727,5728,-1,5749,5728,5750,-1,5750,5728,5729,-1,5750,5729,5751,-1,5751,5729,5730,-1,5751,5730,5752,-1,5752,5730,5731,-1,5752,5731,5753,-1,5753,5731,5732,-1,5753,5732,5754,-1,5754,5732,5733,-1,5754,5733,5755,-1,5755,5733,5734,-1,5755,5734,5756,-1,5756,5734,5735,-1,5756,5735,5757,-1,5757,5735,5736,-1,5757,5736,5758,-1,5758,5736,5737,-1,5758,5737,5759,-1,5759,5737,5738,-1,5759,5738,5760,-1,5760,5738,5739,-1,5760,5739,5761,-1,5761,5739,5740,-1,5761,5740,5762,-1,5762,5740,5741,-1,5762,5741,5763,-1,5763,5741,5742,-1,5763,5742,5764,-1,5764,5742,5743,-1,5764,5743,5765,-1,5765,5743,5744,-1,5765,5744,5766,-1,5766,5744,5745,-1,5767,5746,5768,-1,5768,5746,5747,-1,5768,5747,5769,-1,5769,5747,5748,-1,5769,5748,5770,-1,5770,5748,5749,-1,5770,5749,5771,-1,5771,5749,5750,-1,5771,5750,5772,-1,5772,5750,5751,-1,5772,5751,5773,-1,5773,5751,5752,-1,5773,5752,5774,-1,5774,5752,5753,-1,5774,5753,5775,-1,5775,5753,5754,-1,5775,5754,5776,-1,5776,5754,5755,-1,5776,5755,5777,-1,5777,5755,5756,-1,5777,5756,5778,-1,5778,5756,5757,-1,5778,5757,5779,-1,5779,5757,5758,-1,5779,5758,5780,-1,5780,5758,5759,-1,5780,5759,5781,-1,5781,5759,5760,-1,5781,5760,5782,-1,5782,5760,5761,-1,5782,5761,5783,-1,5783,5761,5762,-1,5783,5762,5784,-1,5784,5762,5763,-1,5784,5763,5785,-1,5785,5763,5764,-1,5785,5764,5786,-1,5786,5764,5765,-1,5786,5765,5787,-1,5787,5765,5766,-1,5788,5767,5789,-1,5789,5767,5768,-1,5789,5768,5790,-1,5790,5768,5769,-1,5790,5769,5791,-1,5791,5769,5770,-1,5791,5770,5792,-1,5792,5770,5771,-1,5792,5771,5793,-1,5793,5771,5772,-1,5793,5772,5794,-1,5794,5772,5773,-1,5794,5773,5795,-1,5795,5773,5774,-1,5795,5774,5796,-1,5796,5774,5775,-1,5796,5775,5797,-1,5797,5775,5776,-1,5797,5776,5798,-1,5798,5776,5777,-1,5798,5777,5799,-1,5799,5777,5778,-1,5799,5778,5800,-1,5800,5778,5779,-1,5800,5779,5801,-1,5801,5779,5780,-1,5801,5780,5802,-1,5802,5780,5781,-1,5802,5781,5803,-1,5803,5781,5782,-1,5803,5782,5804,-1,5804,5782,5783,-1,5804,5783,5805,-1,5805,5783,5784,-1,5805,5784,5806,-1,5806,5784,5785,-1,5806,5785,5807,-1,5807,5785,5786,-1,5807,5786,5808,-1,5808,5786,5787,-1,4389,5788,4390,-1,4390,5788,5789,-1,4390,5789,4391,-1,4391,5789,5790,-1,4391,5790,4392,-1,4392,5790,5791,-1,4392,5791,4393,-1,4393,5791,5792,-1,4393,5792,4394,-1,4394,5792,5793,-1,4394,5793,4395,-1,4395,5793,5794,-1,4395,5794,4396,-1,4396,5794,5795,-1,4396,5795,4397,-1,4397,5795,5796,-1,4397,5796,4398,-1,4398,5796,5797,-1,4398,5797,4399,-1,4399,5797,5798,-1,4399,5798,4400,-1,4400,5798,5799,-1,4400,5799,4401,-1,4401,5799,5800,-1,4401,5800,4402,-1,4402,5800,5801,-1,4402,5801,4403,-1,4403,5801,5802,-1,4403,5802,4404,-1,4404,5802,5803,-1,4404,5803,4405,-1,4405,5803,5804,-1,4405,5804,4406,-1,4406,5804,5805,-1,4406,5805,4407,-1,4407,5805,5806,-1,4407,5806,558,-1,558,5806,5807,-1,558,5807,519,-1,519,5807,5808,-1,4409,5809,4411,-1,4411,5809,5810,-1,4411,5810,4413,-1,4413,5810,5811,-1,4413,5811,4415,-1,4415,5811,5812,-1,4415,5812,4417,-1,4417,5812,5813,-1,4417,5813,4419,-1,4419,5813,5814,-1,4419,5814,4421,-1,4421,5814,5815,-1,4421,5815,4423,-1,4423,5815,5816,-1,4423,5816,4425,-1,4425,5816,5817,-1,4425,5817,4427,-1,4427,5817,5818,-1,4427,5818,4429,-1,4429,5818,5819,-1,4429,5819,4431,-1,4431,5819,5820,-1,4431,5820,4433,-1,4433,5820,5821,-1,4433,5821,4435,-1,4435,5821,5822,-1,4435,5822,4437,-1,4437,5822,5823,-1,4437,5823,4439,-1,4439,5823,5824,-1,4439,5824,4441,-1,4441,5824,5825,-1,4441,5825,4443,-1,4443,5825,5826,-1,4443,5826,4445,-1,4445,5826,5827,-1,4445,5827,4447,-1,4447,5827,5828,-1,4447,5828,4449,-1,4449,5828,5829,-1,694,5830,5252,-1,5252,5830,5831,-1,5252,5831,5253,-1,5253,5831,5832,-1,5253,5832,5254,-1,5254,5832,5833,-1,5254,5833,5255,-1,5255,5833,5834,-1,5255,5834,5256,-1,5256,5834,5835,-1,5256,5835,5257,-1,5257,5835,5836,-1,5257,5836,5258,-1,5258,5836,5837,-1,5258,5837,5259,-1,5259,5837,5838,-1,5259,5838,1695,-1,1695,5838,5839,-1,1695,5839,1696,-1,1696,5839,5840,-1,1696,5840,5280,-1,5280,5840,5841,-1,5280,5841,5301,-1,5301,5841,5842,-1,5301,5842,5322,-1,5322,5842,5843,-1,5322,5843,5343,-1,5343,5843,5844,-1,5343,5844,5364,-1,5364,5844,5845,-1,5364,5845,5385,-1,5385,5845,5846,-1,5385,5846,5406,-1,5406,5846,5847,-1,5406,5847,1589,-1,1589,5847,5848,-1,1589,5848,1588,-1,1588,5848,5849,-1,1588,5849,5407,-1,5407,5849,5850,-1,5407,5850,5408,-1,5408,5850,5851,-1,5408,5851,5409,-1,5409,5851,5852,-1,5409,5852,5410,-1,5410,5852,5853,-1,5410,5853,5411,-1,5411,5853,5854,-1,5411,5854,5412,-1,5412,5854,5855,-1,5412,5855,5413,-1,5413,5855,5856,-1,5413,5856,5414,-1,5414,5856,5857,-1,5414,5857,1973,-1,1973,5857,5858,-1,1973,5858,1974,-1,1974,5858,5859,-1,1974,5859,5435,-1,5435,5859,5860,-1,5435,5860,5456,-1,5456,5860,5861,-1,5456,5861,5477,-1,5477,5861,5862,-1,5477,5862,5498,-1,5498,5862,5863,-1,5498,5863,5519,-1,5519,5863,5864,-1,5519,5864,5540,-1,5540,5864,5865,-1,5540,5865,5561,-1,5561,5865,5866,-1,5561,5866,2193,-1,2193,5866,5867,-1,2193,5867,2192,-1,2192,5867,5868,-1,2192,5868,5562,-1,5562,5868,5869,-1,5562,5869,5563,-1,5563,5869,5870,-1,5563,5870,5564,-1,5564,5870,5871,-1,5564,5871,5565,-1,5565,5871,5872,-1,5565,5872,5566,-1,5566,5872,5873,-1,5566,5873,5567,-1,5567,5873,5874,-1,5567,5874,5568,-1,5568,5874,5875,-1,5568,5875,5569,-1,5569,5875,5876,-1,5569,5876,1032,-1,1032,5876,5877,-1,1032,5877,1033,-1,1033,5877,5878,-1,1033,5878,5590,-1,5590,5878,5879,-1,5590,5879,5611,-1,5611,5879,5880,-1,5611,5880,5632,-1,5632,5880,5881,-1,5632,5881,5653,-1,5653,5881,5882,-1,5653,5882,5674,-1,5674,5882,5883,-1,5674,5883,5695,-1,5695,5883,5884,-1,5695,5884,5716,-1,5716,5884,5885,-1,5716,5885,1297,-1,1297,5885,5886,-1,1297,5886,1296,-1,1296,5886,5887,-1,1296,5887,5717,-1,5717,5887,5888,-1,5717,5888,5718,-1,5718,5888,5889,-1,5718,5889,5719,-1,5719,5889,5890,-1,5719,5890,5720,-1,5720,5890,5891,-1,5720,5891,5721,-1,5721,5891,5892,-1,5721,5892,5722,-1,5722,5892,5893,-1,5722,5893,5723,-1,5723,5893,5894,-1,5723,5894,5724,-1,5724,5894,5895,-1,5724,5895,839,-1,839,5895,5896,-1,839,5896,840,-1,840,5896,5897,-1,840,5897,5745,-1,5745,5897,5898,-1,5745,5898,5766,-1,5766,5898,5899,-1,5766,5899,5787,-1,5787,5899,5900,-1,5787,5900,5808,-1,5808,5900,559,-1,5808,559,519,-1,519,559,192,-1,519,192,191,-1,5901,5829,5902,-1,5830,694,5903,-1,5903,694,695,-1,5903,695,5904,-1,5904,695,5251,-1,5904,5251,5905,-1,5905,5251,5230,-1,5905,5230,5906,-1,5906,5230,5209,-1,5906,5209,5907,-1,5907,5209,5188,-1,5907,5188,5908,-1,5908,5188,5167,-1,5908,5167,5909,-1,5909,5167,5146,-1,5909,5146,5910,-1,5910,5146,5125,-1,5910,5125,5911,-1,5911,5125,913,-1,5911,913,5912,-1,5912,913,912,-1,5912,912,5913,-1,5913,912,5104,-1,5913,5104,5914,-1,5914,5104,5103,-1,5914,5103,5915,-1,5915,5103,5102,-1,5915,5102,5916,-1,5916,5102,5101,-1,5916,5101,5917,-1,5917,5101,5100,-1,5917,5100,5918,-1,5918,5100,5099,-1,5918,5099,5919,-1,5919,5099,5098,-1,5919,5098,5920,-1,5920,5098,5097,-1,5920,5097,5921,-1,5921,5097,1370,-1,5921,1370,5922,-1,5922,1370,1371,-1,5922,1371,5923,-1,5923,1371,5096,-1,5923,5096,5924,-1,5924,5096,5075,-1,5924,5075,5925,-1,5925,5075,5054,-1,5925,5054,5926,-1,5926,5054,5033,-1,5926,5033,5927,-1,5927,5033,5012,-1,5927,5012,5928,-1,5928,5012,4991,-1,5928,4991,5929,-1,5929,4991,4970,-1,5929,4970,5930,-1,5930,4970,1105,-1,5930,1105,5931,-1,5931,1105,1104,-1,5931,1104,5932,-1,5932,1104,4965,-1,5932,4965,5933,-1,5933,4965,4964,-1,5933,4964,5934,-1,5934,4964,4963,-1,5934,4963,5935,-1,5935,4963,4962,-1,5935,4962,5936,-1,5936,4962,4961,-1,5936,4961,5937,-1,5937,4961,4960,-1,5937,4960,5938,-1,5938,4960,4959,-1,5938,4959,5939,-1,5939,4959,2118,-1,5939,2118,5940,-1,5940,2118,2117,-1,5940,2117,5941,-1,5941,2117,4958,-1,5941,4958,5942,-1,5942,4958,4957,-1,5942,4957,5943,-1,5943,4957,4956,-1,5943,4956,5944,-1,5944,4956,4955,-1,5944,4955,5945,-1,5945,4955,4954,-1,5945,4954,5946,-1,5946,4954,4953,-1,5946,4953,5947,-1,5947,4953,4952,-1,5947,4952,5948,-1,5948,4952,4951,-1,5948,4951,5949,-1,5949,4951,1889,-1,5949,1889,5950,-1,5950,1889,1890,-1,5950,1890,5951,-1,5951,1890,4950,-1,5951,4950,5952,-1,5952,4950,4949,-1,5952,4949,5953,-1,5953,4949,4948,-1,5953,4948,5954,-1,5954,4948,4947,-1,5954,4947,5955,-1,5955,4947,4946,-1,5955,4946,5956,-1,5956,4946,4945,-1,5956,4945,5957,-1,5957,4945,4944,-1,5957,4944,5958,-1,5958,4944,1516,-1,5958,1516,5959,-1,5959,1516,1515,-1,5959,1515,5960,-1,5960,1515,4943,-1,5960,4943,5961,-1,5961,4943,4942,-1,5961,4942,5962,-1,5962,4942,4941,-1,5962,4941,5963,-1,5963,4941,4940,-1,5963,4940,5964,-1,5964,4940,4939,-1,5964,4939,5965,-1,5965,4939,4938,-1,5965,4938,5966,-1,5966,4938,4937,-1,5966,4937,5967,-1,5967,4937,4936,-1,5967,4936,5968,-1,5968,4936,1620,-1,5968,1620,5969,-1,5969,1620,1618,-1,5969,1618,5970,-1,5970,1618,4935,-1,5970,4935,5971,-1,5971,4935,4914,-1,5971,4914,5972,-1,5972,4914,4893,-1,5972,4893,5973,-1,5973,4893,4872,-1,5973,4872,5974,-1,5974,4872,4851,-1,5974,4851,5975,-1,5975,4851,4830,-1,5975,4830,5976,-1,5976,4830,4809,-1,5976,4809,5977,-1,5977,4809,765,-1,5977,765,5978,-1,5978,765,764,-1,5978,764,5979,-1,5979,764,4788,-1,5979,4788,5980,-1,5980,4788,4787,-1,5980,4787,5981,-1,5981,4787,4786,-1,5981,4786,5982,-1,5982,4786,4785,-1,5982,4785,5983,-1,5983,4785,4784,-1,5983,4784,5984,-1,5984,4784,4783,-1,5984,4783,5985,-1,5985,4783,4782,-1,5985,4782,5986,-1,5986,4782,4781,-1,5986,4781,5987,-1,5987,4781,989,-1,5987,989,5988,-1,5988,989,990,-1,5988,990,5989,-1,5989,990,4780,-1,5989,4780,5990,-1,5990,4780,4759,-1,5990,4759,5991,-1,5991,4759,4738,-1,5991,4738,5992,-1,5992,4738,4717,-1,5992,4717,5993,-1,5993,4717,4696,-1,5993,4696,5994,-1,5994,4696,4675,-1,5994,4675,5995,-1,5995,4675,4654,-1,5995,4654,5996,-1,5996,4654,1441,-1,5996,1441,5997,-1,5997,1441,1440,-1,5997,1440,5998,-1,5998,1440,4633,-1,5998,4633,5999,-1,5999,4633,4632,-1,5999,4632,6000,-1,6000,4632,4631,-1,6000,4631,6001,-1,6001,4631,4630,-1,6001,4630,6002,-1,6002,4630,4629,-1,6002,4629,6003,-1,6003,4629,4628,-1,6003,4628,6004,-1,6004,4628,4627,-1,6004,4627,6005,-1,6005,4627,4626,-1,6005,4626,6006,-1,6006,4626,1181,-1,6006,1181,6007,-1,6007,1181,1179,-1,6007,1179,6008,-1,6008,1179,4625,-1,6008,4625,6009,-1,6009,4625,4604,-1,6009,4604,6010,-1,6010,4604,4583,-1,6010,4583,6011,-1,6011,4583,4562,-1,6011,4562,6012,-1,6012,4562,4541,-1,6012,4541,6013,-1,6013,4541,4520,-1,6013,4520,6014,-1,6014,4520,4499,-1,6014,4499,6015,-1,6015,4499,2049,-1,6015,2049,6016,-1,6016,2049,2048,-1,6016,2048,6017,-1,6017,2048,4478,-1,6017,4478,6018,-1,6018,4478,4477,-1,6018,4477,6019,-1,6019,4477,4476,-1,6019,4476,6020,-1,6020,4476,4475,-1,6020,4475,6021,-1,6021,4475,4474,-1,6021,4474,6022,-1,6022,4474,4473,-1,6022,4473,6023,-1,6023,4473,4472,-1,6023,4472,6024,-1,6024,4472,4471,-1,6024,4471,6025,-1,6025,4471,1811,-1,6025,1811,6026,-1,6026,1811,1812,-1,6026,1812,6027,-1,6027,1812,4470,-1,6027,4470,6028,-1,6028,4470,4448,-1,6028,4448,6029,-1,6029,4448,4449,-1,6029,4449,5901,-1,5901,4449,5829,-1,5903,6030,5830,-1,5830,6030,6031,-1,5830,6031,5831,-1,5831,6031,6032,-1,5831,6032,5832,-1,5832,6032,6033,-1,5832,6033,5833,-1,5833,6033,6034,-1,5833,6034,5834,-1,5834,6034,6035,-1,5834,6035,5835,-1,5835,6035,6036,-1,5835,6036,5836,-1,5836,6036,6037,-1,5836,6037,5837,-1,5837,6037,6038,-1,5837,6038,5838,-1,5838,6038,6039,-1,5838,6039,5839,-1,5839,6039,6040,-1,5839,6040,5840,-1,5840,6040,6041,-1,5840,6041,5841,-1,5841,6041,6042,-1,5841,6042,5842,-1,5842,6042,6043,-1,5842,6043,5843,-1,5843,6043,6044,-1,5843,6044,5844,-1,5844,6044,6045,-1,5844,6045,5845,-1,5845,6045,6046,-1,5845,6046,5846,-1,5846,6046,6047,-1,5846,6047,5847,-1,5847,6047,6048,-1,5847,6048,5848,-1,5848,6048,6049,-1,5848,6049,5849,-1,5849,6049,6050,-1,5849,6050,5850,-1,5850,6050,6051,-1,5850,6051,5851,-1,5851,6051,6052,-1,5851,6052,5852,-1,5852,6052,6053,-1,5852,6053,5853,-1,5853,6053,6054,-1,5853,6054,5854,-1,5854,6054,6055,-1,5854,6055,5855,-1,5855,6055,6056,-1,5855,6056,5856,-1,5856,6056,6057,-1,5856,6057,5857,-1,5857,6057,6058,-1,5857,6058,5858,-1,5858,6058,6059,-1,5858,6059,5859,-1,5859,6059,6060,-1,5859,6060,5860,-1,5860,6060,6061,-1,5860,6061,5861,-1,5861,6061,6062,-1,5861,6062,5862,-1,5862,6062,6063,-1,5862,6063,5863,-1,5863,6063,6064,-1,5863,6064,5864,-1,5864,6064,6065,-1,5864,6065,5865,-1,5865,6065,6066,-1,5865,6066,5866,-1,5866,6066,6067,-1,5866,6067,5867,-1,5867,6067,6068,-1,5867,6068,5868,-1,5868,6068,6069,-1,5868,6069,5869,-1,5869,6069,6070,-1,5869,6070,5870,-1,5870,6070,6071,-1,5870,6071,5871,-1,5871,6071,6072,-1,5871,6072,5872,-1,5872,6072,6073,-1,5872,6073,5873,-1,5873,6073,6074,-1,5873,6074,5874,-1,5874,6074,6075,-1,5874,6075,5875,-1,5875,6075,6076,-1,5875,6076,5876,-1,5876,6076,6077,-1,5876,6077,5877,-1,5877,6077,6078,-1,5877,6078,5878,-1,5878,6078,6079,-1,5878,6079,5879,-1,5879,6079,6080,-1,5879,6080,5880,-1,5880,6080,6081,-1,5880,6081,5881,-1,5881,6081,6082,-1,5881,6082,5882,-1,5882,6082,6083,-1,5882,6083,5883,-1,5883,6083,6084,-1,5883,6084,5884,-1,5884,6084,6085,-1,5884,6085,5885,-1,5885,6085,6086,-1,5885,6086,5886,-1,5886,6086,6087,-1,5886,6087,5887,-1,5887,6087,6088,-1,5887,6088,5888,-1,5888,6088,6089,-1,5888,6089,5889,-1,5889,6089,6090,-1,5889,6090,5890,-1,5890,6090,6091,-1,5890,6091,5891,-1,5891,6091,6092,-1,5891,6092,5892,-1,5892,6092,6093,-1,5892,6093,5893,-1,5893,6093,6094,-1,5893,6094,5894,-1,5894,6094,6095,-1,5894,6095,5895,-1,5895,6095,6096,-1,5895,6096,5896,-1,5896,6096,6097,-1,5896,6097,5897,-1,5897,6097,6098,-1,5897,6098,5898,-1,5898,6098,6099,-1,5898,6099,5899,-1,5899,6099,6100,-1,5899,6100,5900,-1,5900,6100,560,-1,5900,560,559,-1,559,560,212,-1,559,212,211,-1,6101,5902,6102,-1,6030,5903,6103,-1,6103,5903,5904,-1,6103,5904,6104,-1,6104,5904,5905,-1,6104,5905,6105,-1,6105,5905,5906,-1,6105,5906,6106,-1,6106,5906,5907,-1,6106,5907,6107,-1,6107,5907,5908,-1,6107,5908,6108,-1,6108,5908,5909,-1,6108,5909,6109,-1,6109,5909,5910,-1,6109,5910,6110,-1,6110,5910,5911,-1,6110,5911,6111,-1,6111,5911,5912,-1,6111,5912,6112,-1,6112,5912,5913,-1,6112,5913,6113,-1,6113,5913,5914,-1,6113,5914,6114,-1,6114,5914,5915,-1,6114,5915,6115,-1,6115,5915,5916,-1,6115,5916,6116,-1,6116,5916,5917,-1,6116,5917,6117,-1,6117,5917,5918,-1,6117,5918,6118,-1,6118,5918,5919,-1,6118,5919,6119,-1,6119,5919,5920,-1,6119,5920,6120,-1,6120,5920,5921,-1,6120,5921,6121,-1,6121,5921,5922,-1,6121,5922,6122,-1,6122,5922,5923,-1,6122,5923,6123,-1,6123,5923,5924,-1,6123,5924,6124,-1,6124,5924,5925,-1,6124,5925,6125,-1,6125,5925,5926,-1,6125,5926,6126,-1,6126,5926,5927,-1,6126,5927,6127,-1,6127,5927,5928,-1,6127,5928,6128,-1,6128,5928,5929,-1,6128,5929,6129,-1,6129,5929,5930,-1,6129,5930,6130,-1,6130,5930,5931,-1,6130,5931,6131,-1,6131,5931,5932,-1,6131,5932,6132,-1,6132,5932,5933,-1,6132,5933,6133,-1,6133,5933,5934,-1,6133,5934,6134,-1,6134,5934,5935,-1,6134,5935,6135,-1,6135,5935,5936,-1,6135,5936,6136,-1,6136,5936,5937,-1,6136,5937,6137,-1,6137,5937,5938,-1,6137,5938,6138,-1,6138,5938,5939,-1,6138,5939,6139,-1,6139,5939,5940,-1,6139,5940,6140,-1,6140,5940,5941,-1,6140,5941,6141,-1,6141,5941,5942,-1,6141,5942,6142,-1,6142,5942,5943,-1,6142,5943,6143,-1,6143,5943,5944,-1,6143,5944,6144,-1,6144,5944,5945,-1,6144,5945,6145,-1,6145,5945,5946,-1,6145,5946,6146,-1,6146,5946,5947,-1,6146,5947,6147,-1,6147,5947,5948,-1,6147,5948,6148,-1,6148,5948,5949,-1,6148,5949,6149,-1,6149,5949,5950,-1,6149,5950,6150,-1,6150,5950,5951,-1,6150,5951,6151,-1,6151,5951,5952,-1,6151,5952,6152,-1,6152,5952,5953,-1,6152,5953,6153,-1,6153,5953,5954,-1,6153,5954,6154,-1,6154,5954,5955,-1,6154,5955,6155,-1,6155,5955,5956,-1,6155,5956,6156,-1,6156,5956,5957,-1,6156,5957,6157,-1,6157,5957,5958,-1,6157,5958,6158,-1,6158,5958,5959,-1,6158,5959,6159,-1,6159,5959,5960,-1,6159,5960,6160,-1,6160,5960,5961,-1,6160,5961,6161,-1,6161,5961,5962,-1,6161,5962,6162,-1,6162,5962,5963,-1,6162,5963,6163,-1,6163,5963,5964,-1,6163,5964,6164,-1,6164,5964,5965,-1,6164,5965,6165,-1,6165,5965,5966,-1,6165,5966,6166,-1,6166,5966,5967,-1,6166,5967,6167,-1,6167,5967,5968,-1,6167,5968,6168,-1,6168,5968,5969,-1,6168,5969,6169,-1,6169,5969,5970,-1,6169,5970,6170,-1,6170,5970,5971,-1,6170,5971,6171,-1,6171,5971,5972,-1,6171,5972,6172,-1,6172,5972,5973,-1,6172,5973,6173,-1,6173,5973,5974,-1,6173,5974,6174,-1,6174,5974,5975,-1,6174,5975,6175,-1,6175,5975,5976,-1,6175,5976,6176,-1,6176,5976,5977,-1,6176,5977,6177,-1,6177,5977,5978,-1,6177,5978,6178,-1,6178,5978,5979,-1,6178,5979,6179,-1,6179,5979,5980,-1,6179,5980,6180,-1,6180,5980,5981,-1,6180,5981,6181,-1,6181,5981,5982,-1,6181,5982,6182,-1,6182,5982,5983,-1,6182,5983,6183,-1,6183,5983,5984,-1,6183,5984,6184,-1,6184,5984,5985,-1,6184,5985,6185,-1,6185,5985,5986,-1,6185,5986,6186,-1,6186,5986,5987,-1,6186,5987,6187,-1,6187,5987,5988,-1,6187,5988,6188,-1,6188,5988,5989,-1,6188,5989,6189,-1,6189,5989,5990,-1,6189,5990,6190,-1,6190,5990,5991,-1,6190,5991,6191,-1,6191,5991,5992,-1,6191,5992,6192,-1,6192,5992,5993,-1,6192,5993,6193,-1,6193,5993,5994,-1,6193,5994,6194,-1,6194,5994,5995,-1,6194,5995,6195,-1,6195,5995,5996,-1,6195,5996,6196,-1,6196,5996,5997,-1,6196,5997,6197,-1,6197,5997,5998,-1,6197,5998,6198,-1,6198,5998,5999,-1,6198,5999,6199,-1,6199,5999,6000,-1,6199,6000,6200,-1,6200,6000,6001,-1,6200,6001,6201,-1,6201,6001,6002,-1,6201,6002,6202,-1,6202,6002,6003,-1,6202,6003,6203,-1,6203,6003,6004,-1,6203,6004,6204,-1,6204,6004,6005,-1,6204,6005,6205,-1,6205,6005,6006,-1,6205,6006,6206,-1,6206,6006,6007,-1,6206,6007,6207,-1,6207,6007,6008,-1,6207,6008,6208,-1,6208,6008,6009,-1,6208,6009,6209,-1,6209,6009,6010,-1,6209,6010,6210,-1,6210,6010,6011,-1,6210,6011,6211,-1,6211,6011,6012,-1,6211,6012,6212,-1,6212,6012,6013,-1,6212,6013,6213,-1,6213,6013,6014,-1,6213,6014,6214,-1,6214,6014,6015,-1,6214,6015,6215,-1,6215,6015,6016,-1,6215,6016,6216,-1,6216,6016,6017,-1,6216,6017,6217,-1,6217,6017,6018,-1,6217,6018,6218,-1,6218,6018,6019,-1,6218,6019,6219,-1,6219,6019,6020,-1,6219,6020,6220,-1,6220,6020,6021,-1,6220,6021,6221,-1,6221,6021,6022,-1,6221,6022,6222,-1,6222,6022,6023,-1,6222,6023,6223,-1,6223,6023,6024,-1,6223,6024,6224,-1,6224,6024,6025,-1,6224,6025,6225,-1,6225,6025,6026,-1,6225,6026,6226,-1,6226,6026,6027,-1,6226,6027,6227,-1,6227,6027,6028,-1,6227,6028,6228,-1,6228,6028,6029,-1,6228,6029,6229,-1,6229,6029,5901,-1,6229,5901,6101,-1,6101,5901,5902,-1,6103,6230,6030,-1,6030,6230,6231,-1,6030,6231,6031,-1,6031,6231,6232,-1,6031,6232,6032,-1,6032,6232,6233,-1,6032,6233,6033,-1,6033,6233,6234,-1,6033,6234,6034,-1,6034,6234,6235,-1,6034,6235,6035,-1,6035,6235,6236,-1,6035,6236,6036,-1,6036,6236,6237,-1,6036,6237,6037,-1,6037,6237,6238,-1,6037,6238,6038,-1,6038,6238,6239,-1,6038,6239,6039,-1,6039,6239,6240,-1,6039,6240,6040,-1,6040,6240,6241,-1,6040,6241,6041,-1,6041,6241,6242,-1,6041,6242,6042,-1,6042,6242,6243,-1,6042,6243,6043,-1,6043,6243,6244,-1,6043,6244,6044,-1,6044,6244,6245,-1,6044,6245,6045,-1,6045,6245,6246,-1,6045,6246,6046,-1,6046,6246,6247,-1,6046,6247,6047,-1,6047,6247,6248,-1,6047,6248,6048,-1,6048,6248,6249,-1,6048,6249,6049,-1,6049,6249,6250,-1,6049,6250,6050,-1,6050,6250,6251,-1,6050,6251,6051,-1,6051,6251,6252,-1,6051,6252,6052,-1,6052,6252,6253,-1,6052,6253,6053,-1,6053,6253,6254,-1,6053,6254,6054,-1,6054,6254,6255,-1,6054,6255,6055,-1,6055,6255,6256,-1,6055,6256,6056,-1,6056,6256,6257,-1,6056,6257,6057,-1,6057,6257,6258,-1,6057,6258,6058,-1,6058,6258,6259,-1,6058,6259,6059,-1,6059,6259,6260,-1,6059,6260,6060,-1,6060,6260,6261,-1,6060,6261,6061,-1,6061,6261,6262,-1,6061,6262,6062,-1,6062,6262,6263,-1,6062,6263,6063,-1,6063,6263,6264,-1,6063,6264,6064,-1,6064,6264,6265,-1,6064,6265,6065,-1,6065,6265,6266,-1,6065,6266,6066,-1,6066,6266,6267,-1,6066,6267,6067,-1,6067,6267,6268,-1,6067,6268,6068,-1,6068,6268,6269,-1,6068,6269,6069,-1,6069,6269,6270,-1,6069,6270,6070,-1,6070,6270,6271,-1,6070,6271,6071,-1,6071,6271,6272,-1,6071,6272,6072,-1,6072,6272,6273,-1,6072,6273,6073,-1,6073,6273,6274,-1,6073,6274,6074,-1,6074,6274,6275,-1,6074,6275,6075,-1,6075,6275,6276,-1,6075,6276,6076,-1,6076,6276,6277,-1,6076,6277,6077,-1,6077,6277,6278,-1,6077,6278,6078,-1,6078,6278,6279,-1,6078,6279,6079,-1,6079,6279,6280,-1,6079,6280,6080,-1,6080,6280,6281,-1,6080,6281,6081,-1,6081,6281,6282,-1,6081,6282,6082,-1,6082,6282,6283,-1,6082,6283,6083,-1,6083,6283,6284,-1,6083,6284,6084,-1,6084,6284,6285,-1,6084,6285,6085,-1,6085,6285,6286,-1,6085,6286,6086,-1,6086,6286,6287,-1,6086,6287,6087,-1,6087,6287,6288,-1,6087,6288,6088,-1,6088,6288,6289,-1,6088,6289,6089,-1,6089,6289,6290,-1,6089,6290,6090,-1,6090,6290,6291,-1,6090,6291,6091,-1,6091,6291,6292,-1,6091,6292,6092,-1,6092,6292,6293,-1,6092,6293,6093,-1,6093,6293,6294,-1,6093,6294,6094,-1,6094,6294,6295,-1,6094,6295,6095,-1,6095,6295,6296,-1,6095,6296,6096,-1,6096,6296,6297,-1,6096,6297,6097,-1,6097,6297,6298,-1,6097,6298,6098,-1,6098,6298,6299,-1,6098,6299,6099,-1,6099,6299,6300,-1,6099,6300,6100,-1,6100,6300,6301,-1,6100,6301,560,-1,560,6301,563,-1,560,563,561,-1,561,563,201,-1,561,201,200,-1,6302,6102,6303,-1,6230,6103,6304,-1,6304,6103,6104,-1,6304,6104,6305,-1,6305,6104,6105,-1,6305,6105,6306,-1,6306,6105,6106,-1,6306,6106,6307,-1,6307,6106,6107,-1,6307,6107,6308,-1,6308,6107,6108,-1,6308,6108,6309,-1,6309,6108,6109,-1,6309,6109,6310,-1,6310,6109,6110,-1,6310,6110,6311,-1,6311,6110,6111,-1,6311,6111,6312,-1,6312,6111,6112,-1,6312,6112,6313,-1,6313,6112,6113,-1,6313,6113,6314,-1,6314,6113,6114,-1,6314,6114,6315,-1,6315,6114,6115,-1,6315,6115,6316,-1,6316,6115,6116,-1,6316,6116,6317,-1,6317,6116,6117,-1,6317,6117,6318,-1,6318,6117,6118,-1,6318,6118,6319,-1,6319,6118,6119,-1,6319,6119,6320,-1,6320,6119,6120,-1,6320,6120,6321,-1,6321,6120,6121,-1,6321,6121,6322,-1,6322,6121,6122,-1,6322,6122,6323,-1,6323,6122,6123,-1,6323,6123,6324,-1,6324,6123,6124,-1,6324,6124,6325,-1,6325,6124,6125,-1,6325,6125,6326,-1,6326,6125,6126,-1,6326,6126,6327,-1,6327,6126,6127,-1,6327,6127,6328,-1,6328,6127,6128,-1,6328,6128,6329,-1,6329,6128,6129,-1,6329,6129,6330,-1,6330,6129,6130,-1,6330,6130,6331,-1,6331,6130,6131,-1,6331,6131,6332,-1,6332,6131,6132,-1,6332,6132,6333,-1,6333,6132,6133,-1,6333,6133,6334,-1,6334,6133,6134,-1,6334,6134,6335,-1,6335,6134,6135,-1,6335,6135,6336,-1,6336,6135,6136,-1,6336,6136,6337,-1,6337,6136,6137,-1,6337,6137,6338,-1,6338,6137,6138,-1,6338,6138,6339,-1,6339,6138,6139,-1,6339,6139,6340,-1,6340,6139,6140,-1,6340,6140,6341,-1,6341,6140,6141,-1,6341,6141,6342,-1,6342,6141,6142,-1,6342,6142,6343,-1,6343,6142,6143,-1,6343,6143,6344,-1,6344,6143,6144,-1,6344,6144,6345,-1,6345,6144,6145,-1,6345,6145,6346,-1,6346,6145,6146,-1,6346,6146,6347,-1,6347,6146,6147,-1,6347,6147,6348,-1,6348,6147,6148,-1,6348,6148,6349,-1,6349,6148,6149,-1,6349,6149,6350,-1,6350,6149,6150,-1,6350,6150,6351,-1,6351,6150,6151,-1,6351,6151,6352,-1,6352,6151,6152,-1,6352,6152,6353,-1,6353,6152,6153,-1,6353,6153,6354,-1,6354,6153,6154,-1,6354,6154,6355,-1,6355,6154,6155,-1,6355,6155,6356,-1,6356,6155,6156,-1,6356,6156,6357,-1,6357,6156,6157,-1,6357,6157,6358,-1,6358,6157,6158,-1,6358,6158,6359,-1,6359,6158,6159,-1,6359,6159,6360,-1,6360,6159,6160,-1,6360,6160,6361,-1,6361,6160,6161,-1,6361,6161,6362,-1,6362,6161,6162,-1,6362,6162,6363,-1,6363,6162,6163,-1,6363,6163,6364,-1,6364,6163,6164,-1,6364,6164,6365,-1,6365,6164,6165,-1,6365,6165,6366,-1,6366,6165,6166,-1,6366,6166,6367,-1,6367,6166,6167,-1,6367,6167,6368,-1,6368,6167,6168,-1,6368,6168,6369,-1,6369,6168,6169,-1,6369,6169,6370,-1,6370,6169,6170,-1,6370,6170,6371,-1,6371,6170,6171,-1,6371,6171,6372,-1,6372,6171,6172,-1,6372,6172,6373,-1,6373,6172,6173,-1,6373,6173,6374,-1,6374,6173,6174,-1,6374,6174,6375,-1,6375,6174,6175,-1,6375,6175,6376,-1,6376,6175,6176,-1,6376,6176,6377,-1,6377,6176,6177,-1,6377,6177,6378,-1,6378,6177,6178,-1,6378,6178,6379,-1,6379,6178,6179,-1,6379,6179,6380,-1,6380,6179,6180,-1,6380,6180,6381,-1,6381,6180,6181,-1,6381,6181,6382,-1,6382,6181,6182,-1,6382,6182,6383,-1,6383,6182,6183,-1,6383,6183,6384,-1,6384,6183,6184,-1,6384,6184,6385,-1,6385,6184,6185,-1,6385,6185,6386,-1,6386,6185,6186,-1,6386,6186,6387,-1,6387,6186,6187,-1,6387,6187,6388,-1,6388,6187,6188,-1,6388,6188,6389,-1,6389,6188,6189,-1,6389,6189,6390,-1,6390,6189,6190,-1,6390,6190,6391,-1,6391,6190,6191,-1,6391,6191,6392,-1,6392,6191,6192,-1,6392,6192,6393,-1,6393,6192,6193,-1,6393,6193,6394,-1,6394,6193,6194,-1,6394,6194,6395,-1,6395,6194,6195,-1,6395,6195,6396,-1,6396,6195,6196,-1,6396,6196,6397,-1,6397,6196,6197,-1,6397,6197,6398,-1,6398,6197,6198,-1,6398,6198,6399,-1,6399,6198,6199,-1,6399,6199,6400,-1,6400,6199,6200,-1,6400,6200,6401,-1,6401,6200,6201,-1,6401,6201,6402,-1,6402,6201,6202,-1,6402,6202,6403,-1,6403,6202,6203,-1,6403,6203,6404,-1,6404,6203,6204,-1,6404,6204,6405,-1,6405,6204,6205,-1,6405,6205,6406,-1,6406,6205,6206,-1,6406,6206,6407,-1,6407,6206,6207,-1,6407,6207,6408,-1,6408,6207,6208,-1,6408,6208,6409,-1,6409,6208,6209,-1,6409,6209,6410,-1,6410,6209,6210,-1,6410,6210,6411,-1,6411,6210,6211,-1,6411,6211,6412,-1,6412,6211,6212,-1,6412,6212,6413,-1,6413,6212,6213,-1,6413,6213,6414,-1,6414,6213,6214,-1,6414,6214,6415,-1,6415,6214,6215,-1,6415,6215,6416,-1,6416,6215,6216,-1,6416,6216,6417,-1,6417,6216,6217,-1,6417,6217,6418,-1,6418,6217,6218,-1,6418,6218,6419,-1,6419,6218,6219,-1,6419,6219,6420,-1,6420,6219,6220,-1,6420,6220,6421,-1,6421,6220,6221,-1,6421,6221,6422,-1,6422,6221,6222,-1,6422,6222,6423,-1,6423,6222,6223,-1,6423,6223,6424,-1,6424,6223,6224,-1,6424,6224,6425,-1,6425,6224,6225,-1,6425,6225,6426,-1,6426,6225,6226,-1,6426,6226,6427,-1,6427,6226,6227,-1,6427,6227,6428,-1,6428,6227,6228,-1,6428,6228,6429,-1,6429,6228,6229,-1,6429,6229,6430,-1,6430,6229,6101,-1,6430,6101,6302,-1,6302,6101,6102,-1,6304,6431,6230,-1,6230,6431,6432,-1,6230,6432,6231,-1,6231,6432,6433,-1,6231,6433,6232,-1,6232,6433,6434,-1,6232,6434,6233,-1,6233,6434,6435,-1,6233,6435,6234,-1,6234,6435,6436,-1,6234,6436,6235,-1,6235,6436,6437,-1,6235,6437,6236,-1,6236,6437,6438,-1,6236,6438,6237,-1,6237,6438,6439,-1,6237,6439,6238,-1,6238,6439,6440,-1,6238,6440,6239,-1,6239,6440,6441,-1,6239,6441,6240,-1,6240,6441,6442,-1,6240,6442,6241,-1,6241,6442,6443,-1,6241,6443,6242,-1,6242,6443,6444,-1,6242,6444,6243,-1,6243,6444,6445,-1,6243,6445,6244,-1,6244,6445,6446,-1,6244,6446,6245,-1,6245,6446,6447,-1,6245,6447,6246,-1,6246,6447,6448,-1,6246,6448,6247,-1,6247,6448,6449,-1,6247,6449,6248,-1,6248,6449,6450,-1,6248,6450,6249,-1,6249,6450,6451,-1,6249,6451,6250,-1,6250,6451,6452,-1,6250,6452,6251,-1,6251,6452,6453,-1,6251,6453,6252,-1,6252,6453,6454,-1,6252,6454,6253,-1,6253,6454,6455,-1,6253,6455,6254,-1,6254,6455,6456,-1,6254,6456,6255,-1,6255,6456,6457,-1,6255,6457,6256,-1,6256,6457,6458,-1,6256,6458,6257,-1,6257,6458,6459,-1,6257,6459,6258,-1,6258,6459,6460,-1,6258,6460,6259,-1,6259,6460,6461,-1,6259,6461,6260,-1,6260,6461,6462,-1,6260,6462,6261,-1,6261,6462,6463,-1,6261,6463,6262,-1,6262,6463,6464,-1,6262,6464,6263,-1,6263,6464,6465,-1,6263,6465,6264,-1,6264,6465,6466,-1,6264,6466,6265,-1,6265,6466,6467,-1,6265,6467,6266,-1,6266,6467,6468,-1,6266,6468,6267,-1,6267,6468,6469,-1,6267,6469,6268,-1,6268,6469,6470,-1,6268,6470,6269,-1,6269,6470,6471,-1,6269,6471,6270,-1,6270,6471,6472,-1,6270,6472,6271,-1,6271,6472,6473,-1,6271,6473,6272,-1,6272,6473,6474,-1,6272,6474,6273,-1,6273,6474,6475,-1,6273,6475,6274,-1,6274,6475,6476,-1,6274,6476,6275,-1,6275,6476,6477,-1,6275,6477,6276,-1,6276,6477,6478,-1,6276,6478,6277,-1,6277,6478,6479,-1,6277,6479,6278,-1,6278,6479,6480,-1,6278,6480,6279,-1,6279,6480,6481,-1,6279,6481,6280,-1,6280,6481,6482,-1,6280,6482,6281,-1,6281,6482,6483,-1,6281,6483,6282,-1,6282,6483,6484,-1,6282,6484,6283,-1,6283,6484,6485,-1,6283,6485,6284,-1,6284,6485,6486,-1,6284,6486,6285,-1,6285,6486,6487,-1,6285,6487,6286,-1,6286,6487,6488,-1,6286,6488,6287,-1,6287,6488,6489,-1,6287,6489,6288,-1,6288,6489,6490,-1,6288,6490,6289,-1,6289,6490,6491,-1,6289,6491,6290,-1,6290,6491,6492,-1,6290,6492,6291,-1,6291,6492,6493,-1,6291,6493,6292,-1,6292,6493,6494,-1,6292,6494,6293,-1,6293,6494,6495,-1,6293,6495,6294,-1,6294,6495,6496,-1,6294,6496,6295,-1,6295,6496,6497,-1,6295,6497,6296,-1,6296,6497,6498,-1,6296,6498,6297,-1,6297,6498,6499,-1,6297,6499,6298,-1,6298,6499,6500,-1,6298,6500,6299,-1,6299,6500,6501,-1,6299,6501,6300,-1,6300,6501,6502,-1,6300,6502,6301,-1,6301,6502,6503,-1,6301,6503,563,-1,563,6503,565,-1,563,565,562,-1,562,565,215,-1,562,215,214,-1,6504,6303,6505,-1,6431,6304,6506,-1,6506,6304,6305,-1,6506,6305,6507,-1,6507,6305,6306,-1,6507,6306,6508,-1,6508,6306,6307,-1,6508,6307,6509,-1,6509,6307,6308,-1,6509,6308,6510,-1,6510,6308,6309,-1,6510,6309,6511,-1,6511,6309,6310,-1,6511,6310,6512,-1,6512,6310,6311,-1,6512,6311,6513,-1,6513,6311,6312,-1,6513,6312,6514,-1,6514,6312,6313,-1,6514,6313,6515,-1,6515,6313,6314,-1,6515,6314,6516,-1,6516,6314,6315,-1,6516,6315,6517,-1,6517,6315,6316,-1,6517,6316,6518,-1,6518,6316,6317,-1,6518,6317,6519,-1,6519,6317,6318,-1,6519,6318,6520,-1,6520,6318,6319,-1,6520,6319,6521,-1,6521,6319,6320,-1,6521,6320,6522,-1,6522,6320,6321,-1,6522,6321,6523,-1,6523,6321,6322,-1,6523,6322,6524,-1,6524,6322,6323,-1,6524,6323,6525,-1,6525,6323,6324,-1,6525,6324,6526,-1,6526,6324,6325,-1,6526,6325,6527,-1,6527,6325,6326,-1,6527,6326,6528,-1,6528,6326,6327,-1,6528,6327,6529,-1,6529,6327,6328,-1,6529,6328,6530,-1,6530,6328,6329,-1,6530,6329,6531,-1,6531,6329,6330,-1,6531,6330,6532,-1,6532,6330,6331,-1,6532,6331,6533,-1,6533,6331,6332,-1,6533,6332,6534,-1,6534,6332,6333,-1,6534,6333,6535,-1,6535,6333,6334,-1,6535,6334,6536,-1,6536,6334,6335,-1,6536,6335,6537,-1,6537,6335,6336,-1,6537,6336,6538,-1,6538,6336,6337,-1,6538,6337,6539,-1,6539,6337,6338,-1,6539,6338,6540,-1,6540,6338,6339,-1,6540,6339,6541,-1,6541,6339,6340,-1,6541,6340,6542,-1,6542,6340,6341,-1,6542,6341,6543,-1,6543,6341,6342,-1,6543,6342,6544,-1,6544,6342,6343,-1,6544,6343,6545,-1,6545,6343,6344,-1,6545,6344,6546,-1,6546,6344,6345,-1,6546,6345,6547,-1,6547,6345,6346,-1,6547,6346,6548,-1,6548,6346,6347,-1,6548,6347,6549,-1,6549,6347,6348,-1,6549,6348,6550,-1,6550,6348,6349,-1,6550,6349,6551,-1,6551,6349,6350,-1,6551,6350,6552,-1,6552,6350,6351,-1,6552,6351,6553,-1,6553,6351,6352,-1,6553,6352,6554,-1,6554,6352,6353,-1,6554,6353,6555,-1,6555,6353,6354,-1,6555,6354,6556,-1,6556,6354,6355,-1,6556,6355,6557,-1,6557,6355,6356,-1,6557,6356,6558,-1,6558,6356,6357,-1,6558,6357,6559,-1,6559,6357,6358,-1,6559,6358,6560,-1,6560,6358,6359,-1,6560,6359,6561,-1,6561,6359,6360,-1,6561,6360,6562,-1,6562,6360,6361,-1,6562,6361,6563,-1,6563,6361,6362,-1,6563,6362,6564,-1,6564,6362,6363,-1,6564,6363,6565,-1,6565,6363,6364,-1,6565,6364,6566,-1,6566,6364,6365,-1,6566,6365,6567,-1,6567,6365,6366,-1,6567,6366,6568,-1,6568,6366,6367,-1,6568,6367,6569,-1,6569,6367,6368,-1,6569,6368,6570,-1,6570,6368,6369,-1,6570,6369,6571,-1,6571,6369,6370,-1,6571,6370,6572,-1,6572,6370,6371,-1,6572,6371,6573,-1,6573,6371,6372,-1,6573,6372,6574,-1,6574,6372,6373,-1,6574,6373,6575,-1,6575,6373,6374,-1,6575,6374,6576,-1,6576,6374,6375,-1,6576,6375,6577,-1,6577,6375,6376,-1,6577,6376,6578,-1,6578,6376,6377,-1,6578,6377,6579,-1,6579,6377,6378,-1,6579,6378,6580,-1,6580,6378,6379,-1,6580,6379,6581,-1,6581,6379,6380,-1,6581,6380,6582,-1,6582,6380,6381,-1,6582,6381,6583,-1,6583,6381,6382,-1,6583,6382,6584,-1,6584,6382,6383,-1,6584,6383,6585,-1,6585,6383,6384,-1,6585,6384,6586,-1,6586,6384,6385,-1,6586,6385,6587,-1,6587,6385,6386,-1,6587,6386,6588,-1,6588,6386,6387,-1,6588,6387,6589,-1,6589,6387,6388,-1,6589,6388,6590,-1,6590,6388,6389,-1,6590,6389,6591,-1,6591,6389,6390,-1,6591,6390,6592,-1,6592,6390,6391,-1,6592,6391,6593,-1,6593,6391,6392,-1,6593,6392,6594,-1,6594,6392,6393,-1,6594,6393,6595,-1,6595,6393,6394,-1,6595,6394,6596,-1,6596,6394,6395,-1,6596,6395,6597,-1,6597,6395,6396,-1,6597,6396,6598,-1,6598,6396,6397,-1,6598,6397,6599,-1,6599,6397,6398,-1,6599,6398,6600,-1,6600,6398,6399,-1,6600,6399,6601,-1,6601,6399,6400,-1,6601,6400,6602,-1,6602,6400,6401,-1,6602,6401,6603,-1,6603,6401,6402,-1,6603,6402,6604,-1,6604,6402,6403,-1,6604,6403,6605,-1,6605,6403,6404,-1,6605,6404,6606,-1,6606,6404,6405,-1,6606,6405,6607,-1,6607,6405,6406,-1,6607,6406,6608,-1,6608,6406,6407,-1,6608,6407,6609,-1,6609,6407,6408,-1,6609,6408,6610,-1,6610,6408,6409,-1,6610,6409,6611,-1,6611,6409,6410,-1,6611,6410,6612,-1,6612,6410,6411,-1,6612,6411,6613,-1,6613,6411,6412,-1,6613,6412,6614,-1,6614,6412,6413,-1,6614,6413,6615,-1,6615,6413,6414,-1,6615,6414,6616,-1,6616,6414,6415,-1,6616,6415,6617,-1,6617,6415,6416,-1,6617,6416,6618,-1,6618,6416,6417,-1,6618,6417,6619,-1,6619,6417,6418,-1,6619,6418,6620,-1,6620,6418,6419,-1,6620,6419,6621,-1,6621,6419,6420,-1,6621,6420,6622,-1,6622,6420,6421,-1,6622,6421,6623,-1,6623,6421,6422,-1,6623,6422,6624,-1,6624,6422,6423,-1,6624,6423,6625,-1,6625,6423,6424,-1,6625,6424,6626,-1,6626,6424,6425,-1,6626,6425,6627,-1,6627,6425,6426,-1,6627,6426,6628,-1,6628,6426,6427,-1,6628,6427,6629,-1,6629,6427,6428,-1,6629,6428,6630,-1,6630,6428,6429,-1,6630,6429,6631,-1,6631,6429,6430,-1,6631,6430,6632,-1,6632,6430,6302,-1,6632,6302,6504,-1,6504,6302,6303,-1,6506,6633,6431,-1,6431,6633,6634,-1,6431,6634,6432,-1,6432,6634,6635,-1,6432,6635,6433,-1,6433,6635,6636,-1,6433,6636,6434,-1,6434,6636,6637,-1,6434,6637,6435,-1,6435,6637,6638,-1,6435,6638,6436,-1,6436,6638,6639,-1,6436,6639,6437,-1,6437,6639,6640,-1,6437,6640,6438,-1,6438,6640,6641,-1,6438,6641,6439,-1,6439,6641,6642,-1,6439,6642,6440,-1,6440,6642,6643,-1,6440,6643,6441,-1,6441,6643,6644,-1,6441,6644,6442,-1,6442,6644,6645,-1,6442,6645,6443,-1,6443,6645,6646,-1,6443,6646,6444,-1,6444,6646,6647,-1,6444,6647,6445,-1,6445,6647,6648,-1,6445,6648,6446,-1,6446,6648,6649,-1,6446,6649,6447,-1,6447,6649,6650,-1,6447,6650,6448,-1,6448,6650,6651,-1,6448,6651,6449,-1,6449,6651,6652,-1,6449,6652,6450,-1,6450,6652,6653,-1,6450,6653,6451,-1,6451,6653,6654,-1,6451,6654,6452,-1,6452,6654,6655,-1,6452,6655,6453,-1,6453,6655,6656,-1,6453,6656,6454,-1,6454,6656,6657,-1,6454,6657,6455,-1,6455,6657,6658,-1,6455,6658,6456,-1,6456,6658,6659,-1,6456,6659,6457,-1,6457,6659,6660,-1,6457,6660,6458,-1,6458,6660,6661,-1,6458,6661,6459,-1,6459,6661,6662,-1,6459,6662,6460,-1,6460,6662,6663,-1,6460,6663,6461,-1,6461,6663,6664,-1,6461,6664,6462,-1,6462,6664,6665,-1,6462,6665,6463,-1,6463,6665,6666,-1,6463,6666,6464,-1,6464,6666,6667,-1,6464,6667,6465,-1,6465,6667,6668,-1,6465,6668,6466,-1,6466,6668,6669,-1,6466,6669,6467,-1,6467,6669,6670,-1,6467,6670,6468,-1,6468,6670,6671,-1,6468,6671,6469,-1,6469,6671,6672,-1,6469,6672,6470,-1,6470,6672,6673,-1,6470,6673,6471,-1,6471,6673,6674,-1,6471,6674,6472,-1,6472,6674,6675,-1,6472,6675,6473,-1,6473,6675,6676,-1,6473,6676,6474,-1,6474,6676,6677,-1,6474,6677,6475,-1,6475,6677,6678,-1,6475,6678,6476,-1,6476,6678,6679,-1,6476,6679,6477,-1,6477,6679,6680,-1,6477,6680,6478,-1,6478,6680,6681,-1,6478,6681,6479,-1,6479,6681,6682,-1,6479,6682,6480,-1,6480,6682,6683,-1,6480,6683,6481,-1,6481,6683,6684,-1,6481,6684,6482,-1,6482,6684,6685,-1,6482,6685,6483,-1,6483,6685,6686,-1,6483,6686,6484,-1,6484,6686,6687,-1,6484,6687,6485,-1,6485,6687,6688,-1,6485,6688,6486,-1,6486,6688,6689,-1,6486,6689,6487,-1,6487,6689,6690,-1,6487,6690,6488,-1,6488,6690,6691,-1,6488,6691,6489,-1,6489,6691,6692,-1,6489,6692,6490,-1,6490,6692,6693,-1,6490,6693,6491,-1,6491,6693,6694,-1,6491,6694,6492,-1,6492,6694,6695,-1,6492,6695,6493,-1,6493,6695,6696,-1,6493,6696,6494,-1,6494,6696,6697,-1,6494,6697,6495,-1,6495,6697,6698,-1,6495,6698,6496,-1,6496,6698,6699,-1,6496,6699,6497,-1,6497,6699,6700,-1,6497,6700,6498,-1,6498,6700,6701,-1,6498,6701,6499,-1,6499,6701,6702,-1,6499,6702,6500,-1,6500,6702,6703,-1,6500,6703,6501,-1,6501,6703,6704,-1,6501,6704,6502,-1,6502,6704,6705,-1,6502,6705,6503,-1,6503,6705,6706,-1,6503,6706,565,-1,565,6706,567,-1,565,567,564,-1,564,567,259,-1,564,259,258,-1,6707,6505,6708,-1,6633,6506,6709,-1,6709,6506,6507,-1,6709,6507,6710,-1,6710,6507,6508,-1,6710,6508,6711,-1,6711,6508,6509,-1,6711,6509,6712,-1,6712,6509,6510,-1,6712,6510,6713,-1,6713,6510,6511,-1,6713,6511,6714,-1,6714,6511,6512,-1,6714,6512,6715,-1,6715,6512,6513,-1,6715,6513,6716,-1,6716,6513,6514,-1,6716,6514,6717,-1,6717,6514,6515,-1,6717,6515,6718,-1,6718,6515,6516,-1,6718,6516,6719,-1,6719,6516,6517,-1,6719,6517,6720,-1,6720,6517,6518,-1,6720,6518,6721,-1,6721,6518,6519,-1,6721,6519,6722,-1,6722,6519,6520,-1,6722,6520,6723,-1,6723,6520,6521,-1,6723,6521,6724,-1,6724,6521,6522,-1,6724,6522,6725,-1,6725,6522,6523,-1,6725,6523,6726,-1,6726,6523,6524,-1,6726,6524,6727,-1,6727,6524,6525,-1,6727,6525,6728,-1,6728,6525,6526,-1,6728,6526,6729,-1,6729,6526,6527,-1,6729,6527,6730,-1,6730,6527,6528,-1,6730,6528,6731,-1,6731,6528,6529,-1,6731,6529,6732,-1,6732,6529,6530,-1,6732,6530,6733,-1,6733,6530,6531,-1,6733,6531,6734,-1,6734,6531,6532,-1,6734,6532,6735,-1,6735,6532,6533,-1,6735,6533,6736,-1,6736,6533,6534,-1,6736,6534,6737,-1,6737,6534,6535,-1,6737,6535,6738,-1,6738,6535,6536,-1,6738,6536,6739,-1,6739,6536,6537,-1,6739,6537,6740,-1,6740,6537,6538,-1,6740,6538,6741,-1,6741,6538,6539,-1,6741,6539,6742,-1,6742,6539,6540,-1,6742,6540,6743,-1,6743,6540,6541,-1,6743,6541,6744,-1,6744,6541,6542,-1,6744,6542,6745,-1,6745,6542,6543,-1,6745,6543,6746,-1,6746,6543,6544,-1,6746,6544,6747,-1,6747,6544,6545,-1,6747,6545,6748,-1,6748,6545,6546,-1,6748,6546,6749,-1,6749,6546,6547,-1,6749,6547,6750,-1,6750,6547,6548,-1,6750,6548,6751,-1,6751,6548,6549,-1,6751,6549,6752,-1,6752,6549,6550,-1,6752,6550,6753,-1,6753,6550,6551,-1,6753,6551,6754,-1,6754,6551,6552,-1,6754,6552,6755,-1,6755,6552,6553,-1,6755,6553,6756,-1,6756,6553,6554,-1,6756,6554,6757,-1,6757,6554,6555,-1,6757,6555,6758,-1,6758,6555,6556,-1,6758,6556,6759,-1,6759,6556,6557,-1,6759,6557,6760,-1,6760,6557,6558,-1,6760,6558,6761,-1,6761,6558,6559,-1,6761,6559,6762,-1,6762,6559,6560,-1,6762,6560,6763,-1,6763,6560,6561,-1,6763,6561,6764,-1,6764,6561,6562,-1,6764,6562,6765,-1,6765,6562,6563,-1,6765,6563,6766,-1,6766,6563,6564,-1,6766,6564,6767,-1,6767,6564,6565,-1,6767,6565,6768,-1,6768,6565,6566,-1,6768,6566,6769,-1,6769,6566,6567,-1,6769,6567,6770,-1,6770,6567,6568,-1,6770,6568,6771,-1,6771,6568,6569,-1,6771,6569,6772,-1,6772,6569,6570,-1,6772,6570,6773,-1,6773,6570,6571,-1,6773,6571,6774,-1,6774,6571,6572,-1,6774,6572,6775,-1,6775,6572,6573,-1,6775,6573,6776,-1,6776,6573,6574,-1,6776,6574,6777,-1,6777,6574,6575,-1,6777,6575,6778,-1,6778,6575,6576,-1,6778,6576,6779,-1,6779,6576,6577,-1,6779,6577,6780,-1,6780,6577,6578,-1,6780,6578,6781,-1,6781,6578,6579,-1,6781,6579,6782,-1,6782,6579,6580,-1,6782,6580,6783,-1,6783,6580,6581,-1,6783,6581,6784,-1,6784,6581,6582,-1,6784,6582,6785,-1,6785,6582,6583,-1,6785,6583,6786,-1,6786,6583,6584,-1,6786,6584,6787,-1,6787,6584,6585,-1,6787,6585,6788,-1,6788,6585,6586,-1,6788,6586,6789,-1,6789,6586,6587,-1,6789,6587,6790,-1,6790,6587,6588,-1,6790,6588,6791,-1,6791,6588,6589,-1,6791,6589,6792,-1,6792,6589,6590,-1,6792,6590,6793,-1,6793,6590,6591,-1,6793,6591,6794,-1,6794,6591,6592,-1,6794,6592,6795,-1,6795,6592,6593,-1,6795,6593,6796,-1,6796,6593,6594,-1,6796,6594,6797,-1,6797,6594,6595,-1,6797,6595,6798,-1,6798,6595,6596,-1,6798,6596,6799,-1,6799,6596,6597,-1,6799,6597,6800,-1,6800,6597,6598,-1,6800,6598,6801,-1,6801,6598,6599,-1,6801,6599,6802,-1,6802,6599,6600,-1,6802,6600,6803,-1,6803,6600,6601,-1,6803,6601,6804,-1,6804,6601,6602,-1,6804,6602,6805,-1,6805,6602,6603,-1,6805,6603,6806,-1,6806,6603,6604,-1,6806,6604,6807,-1,6807,6604,6605,-1,6807,6605,6808,-1,6808,6605,6606,-1,6808,6606,6809,-1,6809,6606,6607,-1,6809,6607,6810,-1,6810,6607,6608,-1,6810,6608,6811,-1,6811,6608,6609,-1,6811,6609,6812,-1,6812,6609,6610,-1,6812,6610,6813,-1,6813,6610,6611,-1,6813,6611,6814,-1,6814,6611,6612,-1,6814,6612,6815,-1,6815,6612,6613,-1,6815,6613,6816,-1,6816,6613,6614,-1,6816,6614,6817,-1,6817,6614,6615,-1,6817,6615,6818,-1,6818,6615,6616,-1,6818,6616,6819,-1,6819,6616,6617,-1,6819,6617,6820,-1,6820,6617,6618,-1,6820,6618,6821,-1,6821,6618,6619,-1,6821,6619,6822,-1,6822,6619,6620,-1,6822,6620,6823,-1,6823,6620,6621,-1,6823,6621,6824,-1,6824,6621,6622,-1,6824,6622,6825,-1,6825,6622,6623,-1,6825,6623,6826,-1,6826,6623,6624,-1,6826,6624,6827,-1,6827,6624,6625,-1,6827,6625,6828,-1,6828,6625,6626,-1,6828,6626,6829,-1,6829,6626,6627,-1,6829,6627,6830,-1,6830,6627,6628,-1,6830,6628,6831,-1,6831,6628,6629,-1,6831,6629,6832,-1,6832,6629,6630,-1,6832,6630,6833,-1,6833,6630,6631,-1,6833,6631,6834,-1,6834,6631,6632,-1,6834,6632,6835,-1,6835,6632,6504,-1,6835,6504,6707,-1,6707,6504,6505,-1,6709,6836,6633,-1,6633,6836,6837,-1,6633,6837,6634,-1,6634,6837,6838,-1,6634,6838,6635,-1,6635,6838,6839,-1,6635,6839,6636,-1,6636,6839,6840,-1,6636,6840,6637,-1,6637,6840,6841,-1,6637,6841,6638,-1,6638,6841,6842,-1,6638,6842,6639,-1,6639,6842,6843,-1,6639,6843,6640,-1,6640,6843,6844,-1,6640,6844,6641,-1,6641,6844,6845,-1,6641,6845,6642,-1,6642,6845,6846,-1,6642,6846,6643,-1,6643,6846,6847,-1,6643,6847,6644,-1,6644,6847,6848,-1,6644,6848,6645,-1,6645,6848,6849,-1,6645,6849,6646,-1,6646,6849,6850,-1,6646,6850,6647,-1,6647,6850,6851,-1,6647,6851,6648,-1,6648,6851,6852,-1,6648,6852,6649,-1,6649,6852,6853,-1,6649,6853,6650,-1,6650,6853,6854,-1,6650,6854,6651,-1,6651,6854,6855,-1,6651,6855,6652,-1,6652,6855,6856,-1,6652,6856,6653,-1,6653,6856,6857,-1,6653,6857,6654,-1,6654,6857,6858,-1,6654,6858,6655,-1,6655,6858,6859,-1,6655,6859,6656,-1,6656,6859,6860,-1,6656,6860,6657,-1,6657,6860,6861,-1,6657,6861,6658,-1,6658,6861,6862,-1,6658,6862,6659,-1,6659,6862,6863,-1,6659,6863,6660,-1,6660,6863,6864,-1,6660,6864,6661,-1,6661,6864,6865,-1,6661,6865,6662,-1,6662,6865,6866,-1,6662,6866,6663,-1,6663,6866,6867,-1,6663,6867,6664,-1,6664,6867,6868,-1,6664,6868,6665,-1,6665,6868,6869,-1,6665,6869,6666,-1,6666,6869,6870,-1,6666,6870,6667,-1,6667,6870,6871,-1,6667,6871,6668,-1,6668,6871,6872,-1,6668,6872,6669,-1,6669,6872,6873,-1,6669,6873,6670,-1,6670,6873,6874,-1,6670,6874,6671,-1,6671,6874,6875,-1,6671,6875,6672,-1,6672,6875,6876,-1,6672,6876,6673,-1,6673,6876,6877,-1,6673,6877,6674,-1,6674,6877,6878,-1,6674,6878,6675,-1,6675,6878,6879,-1,6675,6879,6676,-1,6676,6879,6880,-1,6676,6880,6677,-1,6677,6880,6881,-1,6677,6881,6678,-1,6678,6881,6882,-1,6678,6882,6679,-1,6679,6882,6883,-1,6679,6883,6680,-1,6680,6883,6884,-1,6680,6884,6681,-1,6681,6884,6885,-1,6681,6885,6682,-1,6682,6885,6886,-1,6682,6886,6683,-1,6683,6886,6887,-1,6683,6887,6684,-1,6684,6887,6888,-1,6684,6888,6685,-1,6685,6888,6889,-1,6685,6889,6686,-1,6686,6889,6890,-1,6686,6890,6687,-1,6687,6890,6891,-1,6687,6891,6688,-1,6688,6891,6892,-1,6688,6892,6689,-1,6689,6892,6893,-1,6689,6893,6690,-1,6690,6893,6894,-1,6690,6894,6691,-1,6691,6894,6895,-1,6691,6895,6692,-1,6692,6895,6896,-1,6692,6896,6693,-1,6693,6896,6897,-1,6693,6897,6694,-1,6694,6897,6898,-1,6694,6898,6695,-1,6695,6898,6899,-1,6695,6899,6696,-1,6696,6899,6900,-1,6696,6900,6697,-1,6697,6900,6901,-1,6697,6901,6698,-1,6698,6901,6902,-1,6698,6902,6699,-1,6699,6902,6903,-1,6699,6903,6700,-1,6700,6903,6904,-1,6700,6904,6701,-1,6701,6904,6905,-1,6701,6905,6702,-1,6702,6905,6906,-1,6702,6906,6703,-1,6703,6906,6907,-1,6703,6907,6704,-1,6704,6907,6908,-1,6704,6908,6705,-1,6705,6908,6909,-1,6705,6909,6706,-1,6706,6909,6910,-1,6706,6910,567,-1,567,6910,6911,-1,567,6911,566,-1,566,6911,569,-1,566,569,568,-1,568,569,245,-1,568,245,244,-1,6912,6708,6913,-1,6836,6709,6914,-1,6914,6709,6710,-1,6914,6710,6915,-1,6915,6710,6711,-1,6915,6711,6916,-1,6916,6711,6712,-1,6916,6712,6917,-1,6917,6712,6713,-1,6917,6713,6918,-1,6918,6713,6714,-1,6918,6714,6919,-1,6919,6714,6715,-1,6919,6715,6920,-1,6920,6715,6716,-1,6920,6716,6921,-1,6921,6716,6717,-1,6921,6717,6922,-1,6922,6717,6718,-1,6922,6718,6923,-1,6923,6718,6719,-1,6923,6719,6924,-1,6924,6719,6720,-1,6924,6720,6925,-1,6925,6720,6721,-1,6925,6721,6926,-1,6926,6721,6722,-1,6926,6722,6927,-1,6927,6722,6723,-1,6927,6723,6928,-1,6928,6723,6724,-1,6928,6724,6929,-1,6929,6724,6725,-1,6929,6725,6930,-1,6930,6725,6726,-1,6930,6726,6931,-1,6931,6726,6727,-1,6931,6727,6932,-1,6932,6727,6728,-1,6932,6728,6933,-1,6933,6728,6729,-1,6933,6729,6934,-1,6934,6729,6730,-1,6934,6730,6935,-1,6935,6730,6731,-1,6935,6731,6936,-1,6936,6731,6732,-1,6936,6732,6937,-1,6937,6732,6733,-1,6937,6733,6938,-1,6938,6733,6734,-1,6938,6734,6939,-1,6939,6734,6735,-1,6939,6735,6940,-1,6940,6735,6736,-1,6940,6736,6941,-1,6941,6736,6737,-1,6941,6737,6942,-1,6942,6737,6738,-1,6942,6738,6943,-1,6943,6738,6739,-1,6943,6739,6944,-1,6944,6739,6740,-1,6944,6740,6945,-1,6945,6740,6741,-1,6945,6741,6946,-1,6946,6741,6742,-1,6946,6742,6947,-1,6947,6742,6743,-1,6947,6743,6948,-1,6948,6743,6744,-1,6948,6744,6949,-1,6949,6744,6745,-1,6949,6745,6950,-1,6950,6745,6746,-1,6950,6746,6951,-1,6951,6746,6747,-1,6951,6747,6952,-1,6952,6747,6748,-1,6952,6748,6953,-1,6953,6748,6749,-1,6953,6749,6954,-1,6954,6749,6750,-1,6954,6750,6955,-1,6955,6750,6751,-1,6955,6751,6956,-1,6956,6751,6752,-1,6956,6752,6957,-1,6957,6752,6753,-1,6957,6753,6958,-1,6958,6753,6754,-1,6958,6754,6959,-1,6959,6754,6755,-1,6959,6755,6960,-1,6960,6755,6756,-1,6960,6756,6961,-1,6961,6756,6757,-1,6961,6757,6962,-1,6962,6757,6758,-1,6962,6758,6963,-1,6963,6758,6759,-1,6963,6759,6964,-1,6964,6759,6760,-1,6964,6760,6965,-1,6965,6760,6761,-1,6965,6761,6966,-1,6966,6761,6762,-1,6966,6762,6967,-1,6967,6762,6763,-1,6967,6763,6968,-1,6968,6763,6764,-1,6968,6764,6969,-1,6969,6764,6765,-1,6969,6765,6970,-1,6970,6765,6766,-1,6970,6766,6971,-1,6971,6766,6767,-1,6971,6767,6972,-1,6972,6767,6768,-1,6972,6768,6973,-1,6973,6768,6769,-1,6973,6769,6974,-1,6974,6769,6770,-1,6974,6770,6975,-1,6975,6770,6771,-1,6975,6771,6976,-1,6976,6771,6772,-1,6976,6772,6977,-1,6977,6772,6773,-1,6977,6773,6978,-1,6978,6773,6774,-1,6978,6774,6979,-1,6979,6774,6775,-1,6979,6775,6980,-1,6980,6775,6776,-1,6980,6776,6981,-1,6981,6776,6777,-1,6981,6777,6982,-1,6982,6777,6778,-1,6982,6778,6983,-1,6983,6778,6779,-1,6983,6779,6984,-1,6984,6779,6780,-1,6984,6780,6985,-1,6985,6780,6781,-1,6985,6781,6986,-1,6986,6781,6782,-1,6986,6782,6987,-1,6987,6782,6783,-1,6987,6783,6988,-1,6988,6783,6784,-1,6988,6784,6989,-1,6989,6784,6785,-1,6989,6785,6990,-1,6990,6785,6786,-1,6990,6786,6991,-1,6991,6786,6787,-1,6991,6787,6992,-1,6992,6787,6788,-1,6992,6788,6993,-1,6993,6788,6789,-1,6993,6789,6994,-1,6994,6789,6790,-1,6994,6790,6995,-1,6995,6790,6791,-1,6995,6791,6996,-1,6996,6791,6792,-1,6996,6792,6997,-1,6997,6792,6793,-1,6997,6793,6998,-1,6998,6793,6794,-1,6998,6794,6999,-1,6999,6794,6795,-1,6999,6795,7000,-1,7000,6795,6796,-1,7000,6796,7001,-1,7001,6796,6797,-1,7001,6797,7002,-1,7002,6797,6798,-1,7002,6798,7003,-1,7003,6798,6799,-1,7003,6799,7004,-1,7004,6799,6800,-1,7004,6800,7005,-1,7005,6800,6801,-1,7005,6801,7006,-1,7006,6801,6802,-1,7006,6802,7007,-1,7007,6802,6803,-1,7007,6803,7008,-1,7008,6803,6804,-1,7008,6804,7009,-1,7009,6804,6805,-1,7009,6805,7010,-1,7010,6805,6806,-1,7010,6806,7011,-1,7011,6806,6807,-1,7011,6807,7012,-1,7012,6807,6808,-1,7012,6808,7013,-1,7013,6808,6809,-1,7013,6809,7014,-1,7014,6809,6810,-1,7014,6810,7015,-1,7015,6810,6811,-1,7015,6811,7016,-1,7016,6811,6812,-1,7016,6812,7017,-1,7017,6812,6813,-1,7017,6813,7018,-1,7018,6813,6814,-1,7018,6814,7019,-1,7019,6814,6815,-1,7019,6815,7020,-1,7020,6815,6816,-1,7020,6816,7021,-1,7021,6816,6817,-1,7021,6817,7022,-1,7022,6817,6818,-1,7022,6818,7023,-1,7023,6818,6819,-1,7023,6819,7024,-1,7024,6819,6820,-1,7024,6820,7025,-1,7025,6820,6821,-1,7025,6821,7026,-1,7026,6821,6822,-1,7026,6822,7027,-1,7027,6822,6823,-1,7027,6823,7028,-1,7028,6823,6824,-1,7028,6824,7029,-1,7029,6824,6825,-1,7029,6825,7030,-1,7030,6825,6826,-1,7030,6826,7031,-1,7031,6826,6827,-1,7031,6827,7032,-1,7032,6827,6828,-1,7032,6828,7033,-1,7033,6828,6829,-1,7033,6829,7034,-1,7034,6829,6830,-1,7034,6830,7035,-1,7035,6830,6831,-1,7035,6831,7036,-1,7036,6831,6832,-1,7036,6832,7037,-1,7037,6832,6833,-1,7037,6833,7038,-1,7038,6833,6834,-1,7038,6834,7039,-1,7039,6834,6835,-1,7039,6835,7040,-1,7040,6835,6707,-1,7040,6707,6912,-1,6912,6707,6708,-1,6914,7041,6836,-1,6836,7041,7042,-1,6836,7042,6837,-1,6837,7042,7043,-1,6837,7043,6838,-1,6838,7043,7044,-1,6838,7044,6839,-1,6839,7044,7045,-1,6839,7045,6840,-1,6840,7045,7046,-1,6840,7046,6841,-1,6841,7046,7047,-1,6841,7047,6842,-1,6842,7047,7048,-1,6842,7048,6843,-1,6843,7048,7049,-1,6843,7049,6844,-1,6844,7049,7050,-1,6844,7050,6845,-1,6845,7050,7051,-1,6845,7051,6846,-1,6846,7051,7052,-1,6846,7052,6847,-1,6847,7052,7053,-1,6847,7053,6848,-1,6848,7053,7054,-1,6848,7054,6849,-1,6849,7054,7055,-1,6849,7055,6850,-1,6850,7055,7056,-1,6850,7056,6851,-1,6851,7056,7057,-1,6851,7057,6852,-1,6852,7057,7058,-1,6852,7058,6853,-1,6853,7058,7059,-1,6853,7059,6854,-1,6854,7059,7060,-1,6854,7060,6855,-1,6855,7060,7061,-1,6855,7061,6856,-1,6856,7061,7062,-1,6856,7062,6857,-1,6857,7062,7063,-1,6857,7063,6858,-1,6858,7063,7064,-1,6858,7064,6859,-1,6859,7064,7065,-1,6859,7065,6860,-1,6860,7065,7066,-1,6860,7066,6861,-1,6861,7066,7067,-1,6861,7067,6862,-1,6862,7067,7068,-1,6862,7068,6863,-1,6863,7068,7069,-1,6863,7069,6864,-1,6864,7069,7070,-1,6864,7070,6865,-1,6865,7070,7071,-1,6865,7071,6866,-1,6866,7071,7072,-1,6866,7072,6867,-1,6867,7072,7073,-1,6867,7073,6868,-1,6868,7073,7074,-1,6868,7074,6869,-1,6869,7074,7075,-1,6869,7075,6870,-1,6870,7075,7076,-1,6870,7076,6871,-1,6871,7076,7077,-1,6871,7077,6872,-1,6872,7077,7078,-1,6872,7078,6873,-1,6873,7078,7079,-1,6873,7079,6874,-1,6874,7079,7080,-1,6874,7080,6875,-1,6875,7080,7081,-1,6875,7081,6876,-1,6876,7081,7082,-1,6876,7082,6877,-1,6877,7082,7083,-1,6877,7083,6878,-1,6878,7083,7084,-1,6878,7084,6879,-1,6879,7084,7085,-1,6879,7085,6880,-1,6880,7085,7086,-1,6880,7086,6881,-1,6881,7086,7087,-1,6881,7087,6882,-1,6882,7087,7088,-1,6882,7088,6883,-1,6883,7088,7089,-1,6883,7089,6884,-1,6884,7089,7090,-1,6884,7090,6885,-1,6885,7090,7091,-1,6885,7091,6886,-1,6886,7091,7092,-1,6886,7092,6887,-1,6887,7092,7093,-1,6887,7093,6888,-1,6888,7093,7094,-1,6888,7094,6889,-1,6889,7094,7095,-1,6889,7095,6890,-1,6890,7095,7096,-1,6890,7096,6891,-1,6891,7096,7097,-1,6891,7097,6892,-1,6892,7097,7098,-1,6892,7098,6893,-1,6893,7098,7099,-1,6893,7099,6894,-1,6894,7099,7100,-1,6894,7100,6895,-1,6895,7100,7101,-1,6895,7101,6896,-1,6896,7101,7102,-1,6896,7102,6897,-1,6897,7102,7103,-1,6897,7103,6898,-1,6898,7103,7104,-1,6898,7104,6899,-1,6899,7104,7105,-1,6899,7105,6900,-1,6900,7105,7106,-1,6900,7106,6901,-1,6901,7106,7107,-1,6901,7107,6902,-1,6902,7107,7108,-1,6902,7108,6903,-1,6903,7108,7109,-1,6903,7109,6904,-1,6904,7109,7110,-1,6904,7110,6905,-1,6905,7110,7111,-1,6905,7111,6906,-1,6906,7111,7112,-1,6906,7112,6907,-1,6907,7112,7113,-1,6907,7113,6908,-1,6908,7113,7114,-1,6908,7114,6909,-1,6909,7114,7115,-1,6909,7115,6910,-1,6910,7115,7116,-1,6910,7116,6911,-1,6911,7116,7117,-1,6911,7117,569,-1,569,7117,7118,-1,569,7118,570,-1,570,7118,573,-1,570,573,571,-1,571,573,263,-1,571,263,262,-1,7119,6913,7120,-1,7041,6914,7121,-1,7121,6914,6915,-1,7121,6915,7122,-1,7122,6915,6916,-1,7122,6916,7123,-1,7123,6916,6917,-1,7123,6917,7124,-1,7124,6917,6918,-1,7124,6918,7125,-1,7125,6918,6919,-1,7125,6919,7126,-1,7126,6919,6920,-1,7126,6920,7127,-1,7127,6920,6921,-1,7127,6921,7128,-1,7128,6921,6922,-1,7128,6922,7129,-1,7129,6922,6923,-1,7129,6923,7130,-1,7130,6923,6924,-1,7130,6924,7131,-1,7131,6924,6925,-1,7131,6925,7132,-1,7132,6925,6926,-1,7132,6926,7133,-1,7133,6926,6927,-1,7133,6927,7134,-1,7134,6927,6928,-1,7134,6928,7135,-1,7135,6928,6929,-1,7135,6929,7136,-1,7136,6929,6930,-1,7136,6930,7137,-1,7137,6930,6931,-1,7137,6931,7138,-1,7138,6931,6932,-1,7138,6932,7139,-1,7139,6932,6933,-1,7139,6933,7140,-1,7140,6933,6934,-1,7140,6934,7141,-1,7141,6934,6935,-1,7141,6935,7142,-1,7142,6935,6936,-1,7142,6936,7143,-1,7143,6936,6937,-1,7143,6937,7144,-1,7144,6937,6938,-1,7144,6938,7145,-1,7145,6938,6939,-1,7145,6939,7146,-1,7146,6939,6940,-1,7146,6940,7147,-1,7147,6940,6941,-1,7147,6941,7148,-1,7148,6941,6942,-1,7148,6942,7149,-1,7149,6942,6943,-1,7149,6943,7150,-1,7150,6943,6944,-1,7150,6944,7151,-1,7151,6944,6945,-1,7151,6945,7152,-1,7152,6945,6946,-1,7152,6946,7153,-1,7153,6946,6947,-1,7153,6947,7154,-1,7154,6947,6948,-1,7154,6948,7155,-1,7155,6948,6949,-1,7155,6949,7156,-1,7156,6949,6950,-1,7156,6950,7157,-1,7157,6950,6951,-1,7157,6951,7158,-1,7158,6951,6952,-1,7158,6952,7159,-1,7159,6952,6953,-1,7159,6953,7160,-1,7160,6953,6954,-1,7160,6954,7161,-1,7161,6954,6955,-1,7161,6955,7162,-1,7162,6955,6956,-1,7162,6956,7163,-1,7163,6956,6957,-1,7163,6957,7164,-1,7164,6957,6958,-1,7164,6958,7165,-1,7165,6958,6959,-1,7165,6959,7166,-1,7166,6959,6960,-1,7166,6960,7167,-1,7167,6960,6961,-1,7167,6961,7168,-1,7168,6961,6962,-1,7168,6962,7169,-1,7169,6962,6963,-1,7169,6963,7170,-1,7170,6963,6964,-1,7170,6964,7171,-1,7171,6964,6965,-1,7171,6965,7172,-1,7172,6965,6966,-1,7172,6966,7173,-1,7173,6966,6967,-1,7173,6967,7174,-1,7174,6967,6968,-1,7174,6968,7175,-1,7175,6968,6969,-1,7175,6969,7176,-1,7176,6969,6970,-1,7176,6970,7177,-1,7177,6970,6971,-1,7177,6971,7178,-1,7178,6971,6972,-1,7178,6972,7179,-1,7179,6972,6973,-1,7179,6973,7180,-1,7180,6973,6974,-1,7180,6974,7181,-1,7181,6974,6975,-1,7181,6975,7182,-1,7182,6975,6976,-1,7182,6976,7183,-1,7183,6976,6977,-1,7183,6977,7184,-1,7184,6977,6978,-1,7184,6978,7185,-1,7185,6978,6979,-1,7185,6979,7186,-1,7186,6979,6980,-1,7186,6980,7187,-1,7187,6980,6981,-1,7187,6981,7188,-1,7188,6981,6982,-1,7188,6982,7189,-1,7189,6982,6983,-1,7189,6983,7190,-1,7190,6983,6984,-1,7190,6984,7191,-1,7191,6984,6985,-1,7191,6985,7192,-1,7192,6985,6986,-1,7192,6986,7193,-1,7193,6986,6987,-1,7193,6987,7194,-1,7194,6987,6988,-1,7194,6988,7195,-1,7195,6988,6989,-1,7195,6989,7196,-1,7196,6989,6990,-1,7196,6990,7197,-1,7197,6990,6991,-1,7197,6991,7198,-1,7198,6991,6992,-1,7198,6992,7199,-1,7199,6992,6993,-1,7199,6993,7200,-1,7200,6993,6994,-1,7200,6994,7201,-1,7201,6994,6995,-1,7201,6995,7202,-1,7202,6995,6996,-1,7202,6996,7203,-1,7203,6996,6997,-1,7203,6997,7204,-1,7204,6997,6998,-1,7204,6998,7205,-1,7205,6998,6999,-1,7205,6999,7206,-1,7206,6999,7000,-1,7206,7000,7207,-1,7207,7000,7001,-1,7207,7001,7208,-1,7208,7001,7002,-1,7208,7002,7209,-1,7209,7002,7003,-1,7209,7003,7210,-1,7210,7003,7004,-1,7210,7004,7211,-1,7211,7004,7005,-1,7211,7005,7212,-1,7212,7005,7006,-1,7212,7006,7213,-1,7213,7006,7007,-1,7213,7007,7214,-1,7214,7007,7008,-1,7214,7008,7215,-1,7215,7008,7009,-1,7215,7009,7216,-1,7216,7009,7010,-1,7216,7010,7217,-1,7217,7010,7011,-1,7217,7011,7218,-1,7218,7011,7012,-1,7218,7012,7219,-1,7219,7012,7013,-1,7219,7013,7220,-1,7220,7013,7014,-1,7220,7014,7221,-1,7221,7014,7015,-1,7221,7015,7222,-1,7222,7015,7016,-1,7222,7016,7223,-1,7223,7016,7017,-1,7223,7017,7224,-1,7224,7017,7018,-1,7224,7018,7225,-1,7225,7018,7019,-1,7225,7019,7226,-1,7226,7019,7020,-1,7226,7020,7227,-1,7227,7020,7021,-1,7227,7021,7228,-1,7228,7021,7022,-1,7228,7022,7229,-1,7229,7022,7023,-1,7229,7023,7230,-1,7230,7023,7024,-1,7230,7024,7231,-1,7231,7024,7025,-1,7231,7025,7232,-1,7232,7025,7026,-1,7232,7026,7233,-1,7233,7026,7027,-1,7233,7027,7234,-1,7234,7027,7028,-1,7234,7028,7235,-1,7235,7028,7029,-1,7235,7029,7236,-1,7236,7029,7030,-1,7236,7030,7237,-1,7237,7030,7031,-1,7237,7031,7238,-1,7238,7031,7032,-1,7238,7032,7239,-1,7239,7032,7033,-1,7239,7033,7240,-1,7240,7033,7034,-1,7240,7034,7241,-1,7241,7034,7035,-1,7241,7035,7242,-1,7242,7035,7036,-1,7242,7036,7243,-1,7243,7036,7037,-1,7243,7037,7244,-1,7244,7037,7038,-1,7244,7038,7245,-1,7245,7038,7039,-1,7245,7039,7246,-1,7246,7039,7040,-1,7246,7040,7247,-1,7247,7040,6912,-1,7247,6912,7119,-1,7119,6912,6913,-1,2345,7169,2346,-1,2346,7169,7170,-1,2346,7170,2807,-1,2807,7170,7171,-1,2807,7171,3042,-1,3042,7171,7172,-1,3042,7172,3026,-1,3026,7172,7173,-1,3026,7173,3010,-1,3010,7173,7174,-1,3010,7174,2994,-1,2994,7174,7175,-1,2994,7175,2978,-1,2978,7175,7176,-1,2978,7176,2962,-1,2962,7176,7177,-1,2962,7177,2331,-1,2331,7177,7178,-1,2331,7178,2332,-1,2332,7178,7179,-1,2332,7179,2571,-1,2571,7179,7180,-1,2571,7180,4187,-1,4187,7180,7181,-1,4187,7181,4167,-1,4167,7181,7182,-1,4167,7182,4147,-1,4147,7182,7183,-1,4147,7183,4127,-1,4127,7183,7184,-1,4127,7184,4107,-1,4107,7184,7185,-1,4107,7185,4087,-1,4087,7185,7186,-1,4087,7186,2721,-1,2721,7186,7187,-1,2721,7187,2317,-1,2317,7187,7188,-1,2317,7188,2318,-1,2318,7188,7189,-1,2318,7189,4915,-1,4915,7189,7190,-1,4915,7190,4894,-1,4894,7190,7191,-1,4894,7191,4873,-1,4873,7191,7192,-1,4873,7192,4852,-1,4852,7192,7193,-1,4852,7193,4831,-1,4831,7193,7194,-1,4831,7194,4810,-1,4810,7194,7195,-1,4810,7195,4789,-1,4789,7195,7196,-1,4789,7196,2303,-1,2303,7196,7197,-1,2303,7197,2304,-1,2304,7197,7198,-1,2304,7198,2563,-1,2563,7198,7199,-1,2563,7199,4064,-1,4064,7199,7200,-1,4064,7200,4044,-1,4044,7200,7201,-1,4044,7201,4024,-1,4024,7201,7202,-1,4024,7202,4004,-1,4004,7202,7203,-1,4004,7203,3984,-1,3984,7203,7204,-1,3984,7204,3964,-1,3964,7204,7205,-1,3964,7205,2711,-1,2711,7205,7206,-1,2711,7206,2289,-1,2289,7206,7207,-1,2289,7207,2290,-1,2290,7207,7208,-1,2290,7208,4760,-1,4760,7208,7209,-1,4760,7209,4739,-1,4739,7209,7210,-1,4739,7210,4718,-1,4718,7210,7211,-1,4718,7211,4697,-1,4697,7211,7212,-1,4697,7212,4676,-1,4676,7212,7213,-1,4676,7213,4655,-1,4655,7213,7214,-1,4655,7214,4634,-1,4634,7214,7215,-1,4634,7215,2275,-1,2275,7215,7216,-1,2275,7216,2276,-1,2276,7216,7217,-1,2276,7217,2555,-1,2555,7217,7218,-1,2555,7218,3662,-1,3662,7218,7219,-1,3662,7219,3643,-1,3643,7219,7220,-1,3643,7220,3624,-1,3624,7220,7221,-1,3624,7221,3605,-1,3605,7221,7222,-1,3605,7222,3586,-1,3586,7222,7223,-1,3586,7223,3567,-1,3567,7223,7224,-1,3567,7224,2629,-1,2629,7224,7225,-1,2629,7225,2261,-1,2261,7225,7226,-1,2261,7226,2262,-1,2262,7226,7227,-1,2262,7227,4605,-1,4605,7227,7228,-1,4605,7228,4584,-1,4584,7228,7229,-1,4584,7229,4563,-1,4563,7229,7230,-1,4563,7230,4542,-1,4542,7230,7231,-1,4542,7231,4521,-1,4521,7231,7232,-1,4521,7232,4500,-1,4500,7232,7233,-1,4500,7233,4479,-1,4479,7233,7234,-1,4479,7234,2247,-1,2247,7234,7235,-1,2247,7235,2248,-1,2248,7235,7236,-1,2248,7236,2620,-1,2620,7236,7237,-1,2620,7237,3547,-1,3547,7237,7238,-1,3547,7238,3528,-1,3528,7238,7239,-1,3528,7239,3509,-1,3509,7239,7240,-1,3509,7240,3490,-1,3490,7240,7241,-1,3490,7241,3471,-1,3471,7241,7242,-1,3471,7242,3452,-1,3452,7242,7243,-1,3452,7243,2611,-1,2611,7243,7244,-1,2611,7244,2233,-1,2233,7244,7245,-1,2233,7245,2234,-1,2234,7245,7246,-1,2234,7246,4450,-1,4450,7246,7247,-1,4450,7247,4408,-1,4408,7247,7119,-1,4408,7119,4409,-1,4409,7119,7120,-1,4409,7120,5809,-1,7169,2345,7168,-1,7168,2345,2771,-1,7168,2771,7167,-1,7167,2771,4218,-1,7167,4218,7166,-1,7166,4218,4238,-1,7166,4238,7165,-1,7165,4238,4258,-1,7165,4258,7164,-1,7164,4258,4278,-1,7164,4278,7163,-1,7163,4278,4298,-1,7163,4298,7162,-1,7162,4298,4318,-1,7162,4318,7161,-1,7161,4318,2360,-1,7161,2360,7160,-1,7160,2360,2359,-1,7160,2359,7159,-1,7159,2359,2373,-1,7159,2373,7158,-1,7158,2373,3070,-1,7158,3070,7157,-1,7157,3070,3087,-1,7157,3087,7156,-1,7156,3087,3104,-1,7156,3104,7155,-1,7155,3104,3121,-1,7155,3121,7154,-1,7154,3121,3138,-1,7154,3138,7153,-1,7153,3138,3155,-1,7153,3155,7152,-1,7152,3155,2782,-1,7152,2782,7151,-1,7151,2782,2381,-1,7151,2381,7150,-1,7150,2381,2380,-1,7150,2380,7149,-1,7149,2380,2819,-1,7149,2819,7148,-1,7148,2819,4971,-1,7148,4971,7147,-1,7147,4971,4992,-1,7147,4992,7146,-1,7146,4992,5013,-1,7146,5013,7145,-1,7145,5013,5034,-1,7145,5034,7144,-1,7144,5034,5055,-1,7144,5055,7143,-1,7143,5055,5076,-1,7143,5076,7142,-1,7142,5076,2395,-1,7142,2395,7141,-1,7141,2395,2394,-1,7141,2394,7140,-1,7140,2394,2579,-1,7140,2579,7139,-1,7139,2579,2638,-1,7139,2638,7138,-1,7138,2638,2731,-1,7138,2731,7137,-1,7137,2731,2794,-1,7137,2794,7136,-1,7136,2794,2833,-1,7136,2833,7135,-1,7135,2833,2861,-1,7135,2861,7134,-1,7134,2861,2903,-1,7134,2903,7133,-1,7133,2903,2743,-1,7133,2743,7132,-1,7132,2743,2409,-1,7132,2409,7131,-1,7131,2409,2408,-1,7131,2408,7130,-1,7130,2408,5105,-1,7130,5105,7129,-1,7129,5105,5126,-1,7129,5126,7128,-1,7128,5126,5147,-1,7128,5147,7127,-1,7127,5147,5168,-1,7127,5168,7126,-1,7126,5168,5189,-1,7126,5189,7125,-1,7125,5189,5210,-1,7125,5210,7124,-1,7124,5210,5231,-1,7124,5231,7123,-1,7123,5231,2423,-1,7123,2423,7122,-1,7122,2423,2422,-1,7122,2422,7121,-1,7121,2422,2588,-1,7121,2588,7041,-1,7041,2588,3201,-1,7041,3201,7042,-1,7042,3201,3219,-1,7042,3219,7043,-1,7043,3219,3237,-1,7043,3237,7044,-1,7044,3237,3255,-1,7044,3255,7045,-1,7045,3255,3273,-1,7045,3273,7046,-1,7046,3273,3291,-1,7046,3291,7047,-1,7047,3291,2755,-1,7047,2755,7048,-1,7048,2755,2437,-1,7048,2437,7049,-1,7049,2437,2436,-1,7049,2436,7050,-1,7050,2436,5260,-1,7050,5260,7051,-1,7051,5260,5281,-1,7051,5281,7052,-1,7052,5281,5302,-1,7052,5302,7053,-1,7053,5302,5323,-1,7053,5323,7054,-1,7054,5323,5344,-1,7054,5344,7055,-1,7055,5344,5365,-1,7055,5365,7056,-1,7056,5365,5386,-1,7056,5386,7057,-1,7057,5386,2451,-1,7057,2451,7058,-1,7058,2451,2450,-1,7058,2450,7059,-1,7059,2450,2596,-1,7059,2596,7060,-1,7060,2596,3309,-1,7060,3309,7061,-1,7061,3309,3327,-1,7061,3327,7062,-1,7062,3327,3345,-1,7062,3345,7063,-1,7063,3345,3363,-1,7063,3363,7064,-1,7064,3363,3381,-1,7064,3381,7065,-1,7065,3381,3399,-1,7065,3399,7066,-1,7066,3399,2650,-1,7066,2650,7067,-1,7067,2650,2465,-1,7067,2465,7068,-1,7068,2465,2464,-1,7068,2464,7069,-1,7069,2464,5415,-1,7069,5415,7070,-1,7070,5415,5436,-1,7070,5436,7071,-1,7071,5436,5457,-1,7071,5457,7072,-1,7072,5457,5478,-1,7072,5478,7073,-1,7073,5478,5499,-1,7073,5499,7074,-1,7074,5499,5520,-1,7074,5520,7075,-1,7075,5520,5541,-1,7075,5541,7076,-1,7076,5541,2479,-1,7076,2479,7077,-1,7077,2479,2478,-1,7077,2478,7078,-1,7078,2478,2659,-1,7078,2659,7079,-1,7079,2659,3716,-1,7079,3716,7080,-1,7080,3716,3735,-1,7080,3735,7081,-1,7081,3735,3754,-1,7081,3754,7082,-1,7082,3754,3773,-1,7082,3773,7083,-1,7083,3773,3792,-1,7083,3792,7084,-1,7084,3792,3811,-1,7084,3811,7085,-1,7085,3811,2668,-1,7085,2668,7086,-1,7086,2668,2493,-1,7086,2493,7087,-1,7087,2493,2492,-1,7087,2492,7088,-1,7088,2492,5570,-1,7088,5570,7089,-1,7089,5570,5591,-1,7089,5591,7090,-1,7090,5591,5612,-1,7090,5612,7091,-1,7091,5612,5633,-1,7091,5633,7092,-1,7092,5633,5654,-1,7092,5654,7093,-1,7093,5654,5675,-1,7093,5675,7094,-1,7094,5675,5696,-1,7094,5696,7095,-1,7095,5696,2507,-1,7095,2507,7096,-1,7096,2507,2506,-1,7096,2506,7097,-1,7097,2506,2677,-1,7097,2677,7098,-1,7098,2677,3830,-1,7098,3830,7099,-1,7099,3830,3849,-1,7099,3849,7100,-1,7100,3849,3868,-1,7100,3868,7101,-1,7101,3868,3887,-1,7101,3887,7102,-1,7102,3887,3906,-1,7102,3906,7103,-1,7103,3906,3925,-1,7103,3925,7104,-1,7104,3925,2686,-1,7104,2686,7105,-1,7105,2686,2521,-1,7105,2521,7106,-1,7106,2521,2520,-1,7106,2520,7107,-1,7107,2520,5725,-1,7107,5725,7108,-1,7108,5725,5746,-1,7108,5746,7109,-1,7109,5746,5767,-1,7109,5767,7110,-1,7110,5767,5788,-1,7110,5788,7111,-1,7111,5788,4389,-1,7111,4389,7112,-1,7112,4389,3418,-1,7112,3418,7113,-1,7113,3418,3417,-1,7113,3417,7114,-1,7114,3417,2535,-1,7114,2535,7115,-1,7115,2535,2534,-1,7115,2534,7116,-1,7116,2534,2695,-1,7116,2695,7117,-1,7117,2695,2920,-1,7117,2920,7118,-1,7118,2920,2919,-1,7118,2919,573,-1,573,2919,2948,-1,573,2948,572,-1,572,2948,576,-1,7248,7249,7250,-1,7248,7251,7252,-1,7253,7249,7254,-1,7248,7250,7255,-1,7255,7250,7256,-1,7255,7256,7257,-1,7258,7259,7260,-1,7261,7262,7263,-1,7263,7262,7264,-1,7257,7265,7255,-1,7255,7265,7266,-1,7255,7266,7267,-1,7267,7268,7255,-1,7255,7268,7269,-1,7255,7269,7270,-1,7270,7271,7255,-1,7255,7271,7272,-1,7255,7272,7273,-1,7258,7260,7264,-1,7274,7275,7276,-1,7277,7278,7259,-1,7279,7280,7260,-1,7281,7282,7252,-1,7252,7282,7283,-1,7276,7284,7274,-1,7274,7284,7285,-1,7274,7285,7286,-1,7259,7278,7260,-1,7260,7278,7287,-1,7260,7287,7279,-1,7288,7289,7274,-1,7274,7289,7290,-1,7274,7290,7260,-1,7291,7292,7293,-1,7293,7292,7294,-1,7280,7295,7260,-1,7260,7295,7296,-1,7260,7296,7297,-1,7298,7252,7299,-1,7299,7252,7300,-1,7298,7301,7252,-1,7252,7301,7302,-1,7252,7302,7281,-1,7248,7252,7249,-1,7249,7252,7283,-1,7249,7283,7274,-1,7274,7283,7303,-1,7274,7303,7288,-1,7286,7304,7274,-1,7274,7304,7305,-1,7274,7305,7249,-1,7249,7305,7306,-1,7249,7306,7254,-1,7307,7308,7309,-1,7309,7308,7310,-1,7309,7310,7311,-1,7312,7313,7314,-1,7314,7313,7315,-1,7314,7315,7316,-1,7317,7318,7259,-1,7259,7318,7319,-1,7259,7319,7277,-1,7320,7321,7322,-1,7293,7323,7291,-1,7291,7323,7314,-1,7291,7314,7324,-1,7324,7314,7316,-1,7325,7326,7263,-1,7263,7326,7327,-1,7263,7327,7252,-1,7252,7327,7328,-1,7252,7328,7300,-1,7311,7329,7309,-1,7309,7329,7330,-1,7309,7330,7331,-1,7331,7330,7332,-1,7331,7332,7333,-1,7294,7334,7293,-1,7293,7334,7335,-1,7293,7335,7336,-1,7337,7338,7263,-1,7263,7339,7340,-1,7320,7322,7254,-1,7254,7322,7341,-1,7254,7341,7253,-1,7290,7331,7260,-1,7260,7331,7333,-1,7260,7333,7264,-1,7264,7333,7342,-1,7264,7342,7343,-1,7344,7345,7263,-1,7263,7345,7346,-1,7263,7346,7339,-1,7340,7347,7263,-1,7263,7347,7348,-1,7263,7348,7325,-1,7336,7349,7293,-1,7293,7349,7350,-1,7293,7350,7309,-1,7309,7350,7351,-1,7309,7351,7307,-1,7338,7352,7263,-1,7263,7352,7353,-1,7263,7353,7354,-1,7354,7355,7263,-1,7263,7355,7356,-1,7263,7356,7344,-1,7357,7358,7263,-1,7357,7263,7359,-1,7358,7360,7263,-1,7263,7360,7361,-1,7263,7361,7337,-1,7343,7362,7264,-1,7264,7362,7363,-1,7264,7363,7263,-1,7263,7363,7364,-1,7263,7364,7359,-1,7365,7366,7367,-1,7367,7366,7368,-1,135,7251,136,-1,136,7251,7248,-1,7369,7370,7371,-1,7371,7370,7372,-1,7263,7252,139,-1,139,7252,134,-1,7373,7374,7375,-1,7375,7374,7376,-1,7377,7378,7379,-1,7379,7378,7380,-1,7381,7382,7383,-1,7383,7382,7384,-1,7385,7386,7387,-1,7387,7386,7388,-1,7389,7390,7391,-1,7391,7390,7392,-1,7393,7394,7395,-1,7395,7394,7396,-1,7397,7398,7399,-1,7399,7398,7400,-1,7401,7402,7403,-1,7403,7402,7404,-1,7405,7406,7401,-1,7406,7407,7401,-1,7401,7407,7408,-1,7401,7408,7402,-1,7404,7409,7403,-1,7403,7409,7410,-1,7403,7410,7411,-1,7412,7413,7401,-1,7414,7415,7416,-1,7417,7418,7419,-1,7413,7420,7401,-1,7401,7420,7421,-1,7401,7421,7405,-1,7411,7422,7403,-1,7403,7422,7423,-1,7403,7423,7424,-1,7418,7425,7419,-1,7419,7425,7426,-1,7419,7426,7427,-1,7415,7428,7416,-1,7416,7428,7429,-1,7416,7429,7430,-1,7424,7417,7403,-1,7403,7417,7419,-1,7403,7419,7431,-1,7431,7419,7432,-1,7431,7432,7433,-1,7433,7432,7434,-1,7433,7434,7401,-1,7401,7434,7416,-1,7401,7416,7412,-1,7412,7416,7430,-1,7427,7435,7419,-1,7419,7435,7436,-1,7419,7436,7416,-1,7416,7436,7437,-1,7416,7437,7414,-1,7438,7439,7440,-1,7440,7439,7441,-1,7440,7441,7442,-1,7442,7441,7443,-1,7442,7443,7444,-1,7444,7443,7445,-1,7446,7447,7444,-1,7448,7449,7438,-1,7447,7450,7444,-1,7444,7450,7451,-1,7444,7451,7438,-1,7438,7451,7452,-1,7438,7452,7448,-1,7453,7454,7439,-1,7453,7439,7455,-1,7454,7456,7439,-1,7439,7456,7457,-1,7439,7457,7445,-1,7445,7457,7458,-1,7445,7458,7459,-1,7459,7460,7445,-1,7445,7460,7461,-1,7445,7461,7462,-1,7463,7464,7444,-1,7444,7464,7465,-1,7444,7465,7446,-1,7449,7466,7438,-1,7438,7466,7467,-1,7438,7467,7468,-1,7462,7469,7445,-1,7445,7469,7470,-1,7445,7470,7444,-1,7444,7470,7471,-1,7444,7471,7463,-1,7468,7472,7438,-1,7438,7472,7473,-1,7438,7473,7439,-1,7439,7473,7474,-1,7439,7474,7455,-1,7475,7476,7477,-1,7478,7479,7480,-1,7480,7479,7481,-1,7480,7481,7482,-1,7482,7481,7475,-1,7482,7475,7483,-1,7483,7475,7477,-1,7484,7485,7486,-1,7487,7488,7489,-1,7486,7490,7484,-1,7484,7490,7491,-1,7484,7491,7489,-1,7489,7491,7492,-1,7489,7492,7487,-1,7493,7494,7433,-1,7495,7496,7497,-1,7493,7433,7498,-1,7499,7495,7401,-1,7401,7495,7497,-1,7401,7497,7433,-1,7433,7497,7500,-1,7433,7500,7498,-1,7501,7488,7477,-1,7496,7502,7497,-1,7497,7502,7503,-1,7497,7503,7504,-1,7504,7503,7501,-1,7504,7501,7476,-1,7476,7501,7477,-1,7488,7487,7477,-1,7477,7487,7492,-1,7477,7492,7483,-1,7483,7492,7491,-1,7483,7491,7482,-1,7482,7491,7490,-1,7482,7490,7480,-1,7480,7490,7486,-1,7480,7486,7478,-1,7505,7506,7440,-1,7440,7506,7507,-1,7440,7507,7508,-1,7508,7509,7440,-1,7440,7509,7510,-1,7440,7510,7438,-1,7511,7512,7438,-1,7438,7512,7513,-1,7438,7513,7514,-1,7515,7516,7510,-1,7515,7510,7517,-1,7517,7510,7518,-1,7517,7518,7519,-1,7516,7520,7510,-1,7510,7520,7521,-1,7510,7521,7438,-1,7438,7521,7522,-1,7438,7522,7511,-1,7519,7523,7517,-1,7517,7523,7524,-1,7517,7524,7525,-1,7526,7527,7524,-1,7524,7527,7528,-1,7524,7528,7525,-1,7526,7529,7527,-1,7527,7529,7530,-1,7527,7530,7531,-1,7531,7530,7532,-1,7530,7533,7532,-1,7532,7533,7534,-1,7532,7534,7489,-1,7489,7534,7484,-1,7479,7485,7481,-1,7481,7485,7484,-1,7481,7484,7475,-1,7475,7484,7534,-1,7398,7397,7485,-1,7485,7397,7486,-1,7394,7393,7478,-1,7478,7393,7479,-1,7396,7394,7478,-1,7486,7397,7478,-1,7478,7397,7399,-1,7399,7535,7389,-1,7389,7535,7388,-1,7389,7388,7386,-1,7391,7382,7381,-1,7399,7389,7478,-1,7478,7389,7391,-1,7478,7391,7396,-1,7396,7391,7381,-1,7396,7381,7536,-1,7400,7398,7485,-1,7479,7393,7485,-1,7485,7393,7395,-1,7395,7537,7392,-1,7392,7537,7383,-1,7392,7383,7384,-1,7390,7385,7387,-1,7395,7392,7485,-1,7485,7392,7390,-1,7485,7390,7400,-1,7400,7390,7387,-1,7400,7387,7538,-1,7539,7540,7541,-1,7542,7543,7544,-1,7544,7543,7545,-1,7544,7545,7546,-1,7546,7545,7539,-1,7546,7539,7547,-1,7547,7539,7541,-1,7548,7549,7550,-1,7548,7550,7551,-1,7552,7553,7554,-1,7554,7553,7555,-1,7554,7555,7550,-1,7550,7555,7556,-1,7550,7556,7551,-1,7557,7558,7403,-1,7559,7560,7561,-1,7557,7403,7562,-1,7563,7559,7431,-1,7431,7559,7561,-1,7431,7561,7403,-1,7403,7561,7564,-1,7403,7564,7562,-1,7565,7549,7541,-1,7560,7566,7561,-1,7561,7566,7567,-1,7561,7567,7568,-1,7568,7567,7565,-1,7568,7565,7540,-1,7540,7565,7541,-1,7549,7548,7541,-1,7541,7548,7551,-1,7541,7551,7547,-1,7547,7551,7556,-1,7547,7556,7546,-1,7546,7556,7555,-1,7546,7555,7544,-1,7544,7555,7553,-1,7544,7553,7542,-1,7569,7570,7444,-1,7444,7570,7571,-1,7444,7571,7572,-1,7572,7573,7444,-1,7444,7573,7574,-1,7444,7574,7442,-1,7575,7576,7442,-1,7442,7576,7577,-1,7442,7577,7578,-1,7579,7580,7574,-1,7579,7574,7581,-1,7581,7574,7582,-1,7581,7582,7583,-1,7580,7584,7574,-1,7574,7584,7585,-1,7574,7585,7442,-1,7442,7585,7586,-1,7442,7586,7575,-1,7583,7587,7581,-1,7581,7587,7588,-1,7581,7588,7589,-1,7590,7591,7588,-1,7588,7591,7592,-1,7588,7592,7589,-1,7590,7593,7591,-1,7591,7593,7594,-1,7591,7594,7595,-1,7595,7594,7596,-1,7594,7597,7596,-1,7596,7597,7598,-1,7596,7598,7550,-1,7550,7598,7554,-1,7543,7552,7545,-1,7545,7552,7554,-1,7545,7554,7539,-1,7539,7554,7598,-1,7376,7374,7552,-1,7552,7374,7553,-1,7380,7378,7542,-1,7542,7378,7543,-1,7379,7380,7542,-1,7553,7374,7542,-1,7542,7374,7373,-1,7373,7599,7600,-1,7600,7599,7601,-1,7600,7601,7602,-1,7603,7604,7605,-1,7373,7600,7542,-1,7542,7600,7603,-1,7542,7603,7379,-1,7379,7603,7605,-1,7379,7605,7606,-1,7375,7376,7552,-1,7377,7607,7608,-1,7608,7607,7609,-1,7608,7609,7610,-1,7611,7612,7613,-1,7378,7377,7543,-1,7543,7377,7608,-1,7543,7608,7552,-1,7552,7608,7611,-1,7552,7611,7375,-1,7375,7611,7613,-1,7375,7613,7614,-1,7611,7608,7600,-1,7600,7608,7603,-1,7615,7438,7514,-1,7275,7274,7616,-1,7617,7618,7514,-1,7514,7618,7619,-1,7514,7619,7275,-1,7275,7619,7620,-1,7275,7620,7621,-1,7616,7622,7275,-1,7275,7622,7623,-1,7275,7623,7514,-1,7514,7623,7624,-1,7514,7624,7615,-1,7260,7297,7625,-1,7625,7297,7626,-1,7627,7628,7297,-1,7297,7628,7629,-1,7297,7629,7569,-1,7569,7629,7630,-1,7569,7630,7631,-1,7444,7632,7569,-1,7569,7632,7633,-1,7569,7633,7297,-1,7297,7633,7634,-1,7297,7634,7626,-1,7635,7636,7637,-1,7637,7636,7403,-1,7637,7403,7558,-1,7638,7639,7640,-1,7640,7639,7636,-1,7640,7636,7641,-1,7641,7636,7635,-1,7636,7642,7403,-1,7403,7642,7643,-1,7403,7643,7401,-1,7401,7643,7644,-1,7401,7644,7499,-1,7631,7618,7638,-1,7638,7618,7617,-1,7638,7617,7639,-1,7628,7619,7629,-1,7629,7619,7618,-1,7629,7618,7630,-1,7630,7618,7631,-1,7645,7621,7628,-1,7628,7621,7620,-1,7628,7620,7619,-1,7646,7647,179,-1,197,7648,179,-1,179,7648,7649,-1,179,7649,7646,-1,7650,7651,7652,-1,7628,7627,7645,-1,7645,7627,7653,-1,7645,7653,7652,-1,7652,7653,7654,-1,7652,7654,7650,-1,7651,7655,7652,-1,7652,7655,7656,-1,7652,7656,7657,-1,7657,7658,7652,-1,7652,7658,7659,-1,7652,7659,7660,-1,7647,7661,179,-1,179,7661,7652,-1,179,7652,7662,-1,7662,7652,7660,-1,7274,7260,7616,-1,7616,7260,7625,-1,7616,7625,7622,-1,7622,7625,7626,-1,7622,7626,7623,-1,7623,7626,7634,-1,7623,7634,7624,-1,7624,7634,7633,-1,7624,7633,7615,-1,7615,7633,7632,-1,7615,7632,7438,-1,7438,7632,7444,-1,148,179,7277,-1,7277,179,7278,-1,7264,7262,155,-1,155,7262,137,-1,7250,7249,145,-1,145,7249,146,-1,7254,7306,260,-1,260,7306,197,-1,7663,7442,7578,-1,7664,7665,7578,-1,7578,7665,7666,-1,7578,7666,7667,-1,7667,7666,7668,-1,7667,7668,7669,-1,7667,7670,7671,-1,7671,7672,7667,-1,7667,7672,7673,-1,7667,7673,7578,-1,7578,7673,7674,-1,7578,7674,7663,-1,7675,7676,7677,-1,7677,7676,7678,-1,7679,7680,7676,-1,7676,7680,7681,-1,7676,7681,7505,-1,7505,7681,7682,-1,7505,7682,7683,-1,7440,7684,7505,-1,7505,7684,7685,-1,7505,7685,7676,-1,7676,7685,7686,-1,7676,7686,7678,-1,7687,7688,7689,-1,7689,7688,7433,-1,7689,7433,7494,-1,7690,7691,7692,-1,7692,7691,7688,-1,7692,7688,7693,-1,7693,7688,7687,-1,7688,7694,7433,-1,7433,7694,7695,-1,7433,7695,7431,-1,7431,7695,7696,-1,7431,7696,7563,-1,7683,7665,7690,-1,7690,7665,7664,-1,7690,7664,7691,-1,7680,7666,7681,-1,7681,7666,7665,-1,7681,7665,7682,-1,7682,7665,7683,-1,7697,7669,7680,-1,7680,7669,7668,-1,7680,7668,7666,-1,7698,7699,7700,-1,7700,7699,7701,-1,7702,7703,7704,-1,7680,7679,7697,-1,7697,7679,7705,-1,7697,7705,7704,-1,7704,7705,7706,-1,7704,7706,7702,-1,7707,7708,7709,-1,7703,7702,7709,-1,7709,7702,7710,-1,7709,7710,7707,-1,7698,7711,7699,-1,7699,7711,7709,-1,7699,7709,7712,-1,7712,7709,7708,-1,7670,7675,7671,-1,7671,7675,7677,-1,7671,7677,7672,-1,7672,7677,7678,-1,7672,7678,7673,-1,7673,7678,7686,-1,7673,7686,7674,-1,7674,7686,7685,-1,7674,7685,7663,-1,7663,7685,7684,-1,7663,7684,7442,-1,7442,7684,7440,-1,7713,7699,7714,-1,7714,7699,7715,-1,7716,7717,7718,-1,7718,7717,7719,-1,7720,7721,7722,-1,7722,7721,7723,-1,7724,7722,7371,-1,7371,7722,7723,-1,7371,7723,7725,-1,7366,7365,7372,-1,7372,7365,7719,-1,7699,7371,7701,-1,7701,7371,7372,-1,7701,7372,7726,-1,7727,7728,7718,-1,7718,7728,7729,-1,7718,7729,7730,-1,7719,7365,7718,-1,7718,7365,7731,-1,7718,7731,7727,-1,7719,7732,7372,-1,7372,7732,7733,-1,7372,7733,7734,-1,7734,7735,7372,-1,7372,7735,7736,-1,7372,7736,7726,-1,7699,7713,7371,-1,7371,7713,7737,-1,7371,7737,7738,-1,7738,7739,7371,-1,7371,7739,7740,-1,7371,7740,7724,-1,7729,7741,7730,-1,7730,7741,7742,-1,7730,7742,7743,-1,7743,7742,7744,-1,7745,7746,7742,-1,7742,7746,7747,-1,7742,7747,7744,-1,7748,7721,7369,-1,7369,7721,7720,-1,7749,7750,7675,-1,7675,7750,7751,-1,7675,7751,7752,-1,7753,7754,7755,-1,7756,7757,7716,-1,7716,7757,7367,-1,7716,7367,7717,-1,7758,7670,7759,-1,7759,7670,7667,-1,7758,7760,7670,-1,7670,7760,7761,-1,7670,7761,7762,-1,7763,7764,7717,-1,7715,7720,7714,-1,7714,7720,7765,-1,7714,7765,7766,-1,7752,7767,7675,-1,7675,7767,7768,-1,7675,7768,7676,-1,7715,7749,7720,-1,7720,7749,7675,-1,7720,7675,7369,-1,7369,7675,7670,-1,7369,7670,7370,-1,7762,7763,7670,-1,7670,7763,7717,-1,7670,7717,7370,-1,7370,7717,7367,-1,7370,7367,7368,-1,7769,7770,7766,-1,7766,7770,7771,-1,7766,7771,7714,-1,7755,7754,7716,-1,7716,7754,7772,-1,7716,7772,7756,-1,7773,7774,7775,-1,7775,7774,7776,-1,7764,7777,7717,-1,7717,7777,7774,-1,7717,7774,7778,-1,7778,7774,7773,-1,7753,7755,7779,-1,7779,7755,7780,-1,7779,7780,7781,-1,7781,7782,7779,-1,7779,7782,7783,-1,7779,7783,7784,-1,7777,7764,7726,-1,7726,7764,7701,-1,7538,7535,7400,-1,7400,7535,7399,-1,7386,7385,7389,-1,7389,7385,7390,-1,7384,7382,7392,-1,7392,7382,7391,-1,7536,7537,7396,-1,7396,7537,7395,-1,7387,7388,7785,-1,7785,7388,7786,-1,7785,7786,7787,-1,7787,7786,7788,-1,7787,7788,7789,-1,7789,7788,7790,-1,7789,7790,7791,-1,7791,7790,7792,-1,7791,7792,7793,-1,7793,7792,7794,-1,7793,7794,7795,-1,7795,7794,7796,-1,7797,7798,7799,-1,7799,7798,7800,-1,7799,7800,7801,-1,7801,7800,7802,-1,7801,7802,7803,-1,7803,7802,7804,-1,7803,7804,7805,-1,7805,7804,7806,-1,7805,7806,7807,-1,7807,7806,7808,-1,7807,7808,7538,-1,7538,7808,7535,-1,7388,7535,7808,-1,7388,7808,7786,-1,7786,7808,7806,-1,7786,7806,7788,-1,7788,7806,7804,-1,7788,7804,7790,-1,7790,7804,7802,-1,7790,7802,7792,-1,7792,7802,7800,-1,7792,7800,7794,-1,7794,7800,7798,-1,7794,7798,7796,-1,7795,7797,7793,-1,7793,7797,7799,-1,7793,7799,7791,-1,7791,7799,7801,-1,7791,7801,7789,-1,7789,7801,7803,-1,7789,7803,7787,-1,7787,7803,7805,-1,7787,7805,7785,-1,7785,7805,7807,-1,7785,7807,7387,-1,7387,7807,7538,-1,7809,7810,7797,-1,7797,7810,7798,-1,7811,7812,7796,-1,7796,7812,7795,-1,7810,7811,7798,-1,7798,7811,7796,-1,7795,7812,7797,-1,7797,7812,7809,-1,7811,7810,7812,-1,7812,7810,7809,-1,7537,7536,7813,-1,7813,7536,7814,-1,7813,7814,7815,-1,7815,7814,7816,-1,7815,7816,7817,-1,7817,7816,7818,-1,7817,7818,7819,-1,7819,7818,7820,-1,7819,7820,7821,-1,7821,7820,7822,-1,7821,7822,7823,-1,7823,7822,7824,-1,7825,7826,7827,-1,7827,7826,7828,-1,7827,7828,7829,-1,7829,7828,7830,-1,7829,7830,7831,-1,7831,7830,7832,-1,7831,7832,7833,-1,7833,7832,7834,-1,7833,7834,7835,-1,7835,7834,7836,-1,7835,7836,7383,-1,7383,7836,7381,-1,7536,7381,7836,-1,7536,7836,7814,-1,7814,7836,7834,-1,7814,7834,7816,-1,7816,7834,7832,-1,7816,7832,7818,-1,7818,7832,7830,-1,7818,7830,7820,-1,7820,7830,7828,-1,7820,7828,7822,-1,7822,7828,7826,-1,7822,7826,7824,-1,7823,7825,7821,-1,7821,7825,7827,-1,7821,7827,7819,-1,7819,7827,7829,-1,7819,7829,7817,-1,7817,7829,7831,-1,7817,7831,7815,-1,7815,7831,7833,-1,7815,7833,7813,-1,7813,7833,7835,-1,7813,7835,7537,-1,7537,7835,7383,-1,7824,7837,7823,-1,7823,7837,7838,-1,7825,7839,7826,-1,7826,7839,7840,-1,7840,7837,7826,-1,7826,7837,7824,-1,7823,7838,7825,-1,7825,7838,7839,-1,7837,7840,7838,-1,7838,7840,7839,-1,7610,7604,7608,-1,7608,7604,7603,-1,7606,7607,7379,-1,7379,7607,7377,-1,7605,7604,7609,-1,7609,7604,7610,-1,7614,7599,7375,-1,7375,7599,7373,-1,7602,7612,7600,-1,7600,7612,7611,-1,7612,7602,7613,-1,7613,7602,7601,-1,7607,7606,7841,-1,7841,7606,7842,-1,7841,7842,7843,-1,7843,7842,7844,-1,7843,7844,7845,-1,7845,7844,7846,-1,7845,7846,7847,-1,7847,7846,7848,-1,7847,7848,7849,-1,7849,7848,7850,-1,7849,7850,7851,-1,7851,7850,7852,-1,7853,7854,7855,-1,7855,7854,7856,-1,7855,7856,7857,-1,7857,7856,7858,-1,7857,7858,7859,-1,7859,7858,7860,-1,7859,7860,7861,-1,7861,7860,7862,-1,7861,7862,7863,-1,7863,7862,7864,-1,7863,7864,7609,-1,7609,7864,7605,-1,7606,7605,7864,-1,7606,7864,7842,-1,7842,7864,7862,-1,7842,7862,7844,-1,7844,7862,7860,-1,7844,7860,7846,-1,7846,7860,7858,-1,7846,7858,7848,-1,7848,7858,7856,-1,7848,7856,7850,-1,7850,7856,7854,-1,7850,7854,7852,-1,7851,7853,7849,-1,7849,7853,7855,-1,7849,7855,7847,-1,7847,7855,7857,-1,7847,7857,7845,-1,7845,7857,7859,-1,7845,7859,7843,-1,7843,7859,7861,-1,7843,7861,7841,-1,7841,7861,7863,-1,7841,7863,7607,-1,7607,7863,7609,-1,7852,7865,7851,-1,7851,7865,7866,-1,7853,7867,7854,-1,7854,7867,7868,-1,7868,7865,7854,-1,7854,7865,7852,-1,7851,7866,7853,-1,7853,7866,7867,-1,7865,7868,7866,-1,7866,7868,7867,-1,7613,7601,7869,-1,7869,7601,7870,-1,7869,7870,7871,-1,7871,7870,7872,-1,7871,7872,7873,-1,7873,7872,7874,-1,7873,7874,7875,-1,7875,7874,7876,-1,7875,7876,7877,-1,7877,7876,7878,-1,7877,7878,7879,-1,7879,7878,7880,-1,7881,7882,7883,-1,7883,7882,7884,-1,7883,7884,7885,-1,7885,7884,7886,-1,7885,7886,7887,-1,7887,7886,7888,-1,7887,7888,7889,-1,7889,7888,7890,-1,7889,7890,7891,-1,7891,7890,7892,-1,7891,7892,7614,-1,7614,7892,7599,-1,7601,7599,7892,-1,7601,7892,7870,-1,7870,7892,7890,-1,7870,7890,7872,-1,7872,7890,7888,-1,7872,7888,7874,-1,7874,7888,7886,-1,7874,7886,7876,-1,7876,7886,7884,-1,7876,7884,7878,-1,7878,7884,7882,-1,7878,7882,7880,-1,7879,7881,7877,-1,7877,7881,7883,-1,7877,7883,7875,-1,7875,7883,7885,-1,7875,7885,7873,-1,7873,7885,7887,-1,7873,7887,7871,-1,7871,7887,7889,-1,7871,7889,7869,-1,7869,7889,7891,-1,7869,7891,7613,-1,7613,7891,7614,-1,7893,7894,7881,-1,7881,7894,7882,-1,7895,7896,7880,-1,7880,7896,7879,-1,7894,7895,7882,-1,7882,7895,7880,-1,7879,7896,7881,-1,7881,7896,7893,-1,7895,7894,7896,-1,7896,7894,7893,-1,7251,135,7252,-1,7252,135,134,-1,138,7261,139,-1,139,7261,7263,-1,7261,138,7262,-1,7262,138,137,-1,7368,7366,7370,-1,7370,7366,7372,-1,7725,7748,7371,-1,7371,7748,7369,-1,7721,7748,7723,-1,7723,7748,7725,-1,7720,7722,7724,-1,7720,7724,7765,-1,7765,7724,7740,-1,7765,7740,7766,-1,7766,7740,7739,-1,7766,7739,7769,-1,7769,7739,7738,-1,7769,7738,7770,-1,7770,7738,7737,-1,7770,7737,7771,-1,7771,7737,7713,-1,7771,7713,7714,-1,7679,7676,7705,-1,7705,7676,7768,-1,7705,7768,7706,-1,7706,7768,7767,-1,7706,7767,7702,-1,7702,7767,7752,-1,7702,7752,7710,-1,7710,7752,7751,-1,7710,7751,7707,-1,7707,7751,7750,-1,7707,7750,7708,-1,7708,7750,7749,-1,7708,7749,7712,-1,7712,7749,7715,-1,7712,7715,7699,-1,7476,7475,7534,-1,7534,7533,7476,-1,7476,7533,7530,-1,7476,7530,7504,-1,7504,7530,7529,-1,7504,7529,7497,-1,7529,7526,7497,-1,7497,7526,7524,-1,7497,7524,7500,-1,7500,7524,7523,-1,7500,7523,7498,-1,7498,7523,7519,-1,7498,7519,7493,-1,7493,7519,7518,-1,7493,7518,7494,-1,7494,7518,7510,-1,7494,7510,7689,-1,7689,7510,7509,-1,7689,7509,7687,-1,7687,7509,7508,-1,7687,7508,7693,-1,7693,7508,7507,-1,7505,7683,7506,-1,7506,7683,7690,-1,7506,7690,7507,-1,7507,7690,7692,-1,7507,7692,7693,-1,7664,7578,7691,-1,7691,7578,7577,-1,7691,7577,7688,-1,7688,7577,7576,-1,7688,7576,7694,-1,7694,7576,7575,-1,7694,7575,7695,-1,7695,7575,7586,-1,7695,7586,7696,-1,7696,7586,7585,-1,7696,7585,7563,-1,7563,7585,7584,-1,7563,7584,7559,-1,7559,7584,7580,-1,7559,7580,7560,-1,7560,7580,7579,-1,7560,7579,7566,-1,7566,7579,7581,-1,7566,7581,7567,-1,7567,7581,7589,-1,7567,7589,7592,-1,7591,7595,7549,-1,7549,7595,7596,-1,7549,7596,7550,-1,7591,7549,7592,-1,7592,7549,7565,-1,7592,7565,7567,-1,7777,7726,7736,-1,7777,7736,7774,-1,7774,7736,7735,-1,7774,7735,7776,-1,7776,7735,7734,-1,7776,7734,7775,-1,7775,7734,7733,-1,7775,7733,7773,-1,7773,7733,7732,-1,7773,7732,7778,-1,7778,7732,7719,-1,7778,7719,7717,-1,7701,7764,7763,-1,7701,7763,7700,-1,7700,7763,7762,-1,7700,7762,7698,-1,7698,7762,7761,-1,7698,7761,7711,-1,7711,7761,7760,-1,7711,7760,7709,-1,7709,7760,7758,-1,7709,7758,7703,-1,7703,7758,7759,-1,7703,7759,7704,-1,7667,7669,7759,-1,7759,7669,7697,-1,7759,7697,7704,-1,7264,155,154,-1,7264,154,7258,-1,7258,154,153,-1,7258,153,7259,-1,7259,153,152,-1,7259,152,7317,-1,7317,152,151,-1,7317,151,7318,-1,7318,151,150,-1,7318,150,7319,-1,7319,150,148,-1,7319,148,7277,-1,7627,7297,7653,-1,7653,7297,7296,-1,7653,7296,7654,-1,7654,7296,7650,-1,7650,7296,7295,-1,7650,7295,7651,-1,7651,7295,7655,-1,7655,7295,7280,-1,7655,7280,7656,-1,7656,7280,7657,-1,7657,7280,7279,-1,7657,7279,7658,-1,7658,7279,7659,-1,7659,7279,7287,-1,7659,7287,7660,-1,7660,7287,7662,-1,7662,7287,7278,-1,7662,7278,179,-1,7540,7539,7598,-1,7598,7597,7540,-1,7540,7597,7594,-1,7540,7594,7568,-1,7568,7594,7593,-1,7568,7593,7561,-1,7593,7590,7561,-1,7561,7590,7588,-1,7561,7588,7564,-1,7564,7588,7587,-1,7564,7587,7562,-1,7562,7587,7583,-1,7562,7583,7557,-1,7557,7583,7582,-1,7557,7582,7558,-1,7558,7582,7574,-1,7558,7574,7637,-1,7637,7574,7573,-1,7637,7573,7635,-1,7635,7573,7572,-1,7635,7572,7641,-1,7641,7572,7571,-1,7569,7631,7570,-1,7570,7631,7638,-1,7570,7638,7571,-1,7571,7638,7640,-1,7571,7640,7641,-1,7254,260,286,-1,7254,286,7320,-1,7320,286,285,-1,7320,285,7321,-1,7321,285,284,-1,7321,284,7322,-1,7322,284,279,-1,7322,279,7341,-1,7341,279,278,-1,7341,278,7253,-1,7253,278,146,-1,7253,146,7249,-1,197,7306,7305,-1,197,7305,7648,-1,7648,7305,7304,-1,7648,7304,7649,-1,7649,7304,7286,-1,7649,7286,7646,-1,7646,7286,7285,-1,7646,7285,7647,-1,7647,7285,7284,-1,7647,7284,7661,-1,7661,7284,7276,-1,7661,7276,7652,-1,7275,7621,7276,-1,7276,7621,7645,-1,7276,7645,7652,-1,7617,7514,7639,-1,7639,7514,7513,-1,7639,7513,7636,-1,7636,7513,7512,-1,7636,7512,7642,-1,7642,7512,7511,-1,7642,7511,7643,-1,7643,7511,7522,-1,7643,7522,7644,-1,7644,7522,7521,-1,7644,7521,7499,-1,7499,7521,7520,-1,7499,7520,7495,-1,7495,7520,7516,-1,7495,7516,7496,-1,7496,7516,7515,-1,7496,7515,7502,-1,7502,7515,7517,-1,7502,7517,7503,-1,7503,7517,7525,-1,7503,7525,7528,-1,7527,7531,7488,-1,7488,7531,7532,-1,7488,7532,7489,-1,7527,7488,7528,-1,7528,7488,7501,-1,7528,7501,7503,-1,144,136,7255,-1,7255,136,7248,-1,7731,7365,7757,-1,7757,7365,7367,-1,7332,7330,7897,-1,7307,7351,7898,-1,7335,7334,7899,-1,7348,7347,7900,-1,7358,7357,7901,-1,7359,7902,7903,-1,7902,7362,7343,-1,7359,7364,7902,-1,7902,7364,7363,-1,7902,7363,7362,-1,7358,7901,7360,-1,7904,7337,7905,-1,7905,7337,7361,-1,7354,7353,7906,-1,7906,7353,7352,-1,7906,7352,7338,-1,7345,7344,7907,-1,7907,7344,7356,-1,7907,7356,7908,-1,7908,7356,7355,-1,7909,7340,7910,-1,7910,7340,7339,-1,7910,7339,7346,-1,7281,7911,7282,-1,7282,7911,7283,-1,7281,7302,7911,-1,7911,7302,7301,-1,7911,7301,7298,-1,7298,7299,7911,-1,7911,7299,7300,-1,7911,7300,7328,-1,7328,7327,7911,-1,7911,7327,7326,-1,7911,7326,7900,-1,7900,7326,7325,-1,7900,7325,7348,-1,7289,7288,7911,-1,7911,7288,7303,-1,7911,7303,7283,-1,7309,7331,7911,-1,7911,7331,7290,-1,7911,7290,7289,-1,7315,7313,7912,-1,7912,7313,7312,-1,7312,7314,7912,-1,7912,7314,7323,-1,7912,7323,7911,-1,7911,7323,7293,-1,7911,7293,7309,-1,7334,7294,7899,-1,7899,7294,7292,-1,7899,7292,7913,-1,7913,7292,7291,-1,7913,7291,7324,-1,7350,7349,7914,-1,7914,7349,7336,-1,7914,7336,7915,-1,7307,7898,7308,-1,7329,7311,7916,-1,7332,7897,7333,-1,7324,7316,7913,-1,7913,7316,7315,-1,7913,7315,7917,-1,7917,7315,7912,-1,7917,7912,7918,-1,7918,7912,7911,-1,7918,7911,7909,-1,7909,7911,7900,-1,7909,7900,7340,-1,7340,7900,7347,-1,7346,7345,7910,-1,7910,7345,7907,-1,7910,7907,7909,-1,7909,7907,7919,-1,7909,7919,7918,-1,7918,7919,7920,-1,7918,7920,7917,-1,7917,7920,7921,-1,7917,7921,7913,-1,7913,7921,7922,-1,7913,7922,7899,-1,7336,7335,7915,-1,7915,7335,7899,-1,7915,7899,7923,-1,7923,7899,7922,-1,7923,7922,7924,-1,7924,7922,7921,-1,7924,7921,7925,-1,7925,7921,7920,-1,7925,7920,7926,-1,7926,7920,7919,-1,7926,7919,7927,-1,7927,7919,7907,-1,7927,7907,7906,-1,7906,7907,7908,-1,7906,7908,7354,-1,7354,7908,7355,-1,7351,7350,7898,-1,7898,7350,7914,-1,7898,7914,7928,-1,7928,7914,7915,-1,7928,7915,7929,-1,7929,7915,7923,-1,7929,7923,7930,-1,7930,7923,7924,-1,7930,7924,7931,-1,7931,7924,7925,-1,7931,7925,7932,-1,7932,7925,7926,-1,7932,7926,7933,-1,7933,7926,7927,-1,7933,7927,7904,-1,7904,7927,7906,-1,7904,7906,7337,-1,7337,7906,7338,-1,7311,7310,7916,-1,7916,7310,7308,-1,7916,7308,7934,-1,7934,7308,7898,-1,7934,7898,7935,-1,7935,7898,7928,-1,7935,7928,7936,-1,7936,7928,7929,-1,7936,7929,7937,-1,7937,7929,7930,-1,7937,7930,7938,-1,7938,7930,7931,-1,7938,7931,7939,-1,7939,7931,7932,-1,7939,7932,7940,-1,7940,7932,7933,-1,7940,7933,7941,-1,7941,7933,7904,-1,7941,7904,7901,-1,7901,7904,7905,-1,7901,7905,7360,-1,7360,7905,7361,-1,7330,7329,7897,-1,7897,7329,7916,-1,7897,7916,7942,-1,7942,7916,7934,-1,7942,7934,7943,-1,7943,7934,7935,-1,7943,7935,7944,-1,7944,7935,7936,-1,7944,7936,7945,-1,7945,7936,7937,-1,7945,7937,7946,-1,7946,7937,7938,-1,7946,7938,7947,-1,7947,7938,7939,-1,7947,7939,7948,-1,7948,7939,7940,-1,7948,7940,7949,-1,7949,7940,7941,-1,7949,7941,7903,-1,7903,7941,7901,-1,7903,7901,7359,-1,7359,7901,7357,-1,7333,7897,7950,-1,7950,7897,7942,-1,7950,7942,7951,-1,7951,7942,7943,-1,7951,7943,7952,-1,7952,7943,7944,-1,7952,7944,7953,-1,7953,7944,7945,-1,7953,7945,7954,-1,7954,7945,7946,-1,7954,7946,7955,-1,7955,7946,7947,-1,7955,7947,7956,-1,7956,7947,7948,-1,7956,7948,7957,-1,7957,7948,7949,-1,7957,7949,7958,-1,7958,7949,7903,-1,7958,7903,7959,-1,7959,7903,7902,-1,7959,7902,7960,-1,7960,7902,7343,-1,7960,7343,7342,-1,7960,7342,7333,-1,7333,7950,7960,-1,7960,7950,7951,-1,7960,7951,7952,-1,7955,7956,7957,-1,7952,7953,7960,-1,7960,7953,7954,-1,7960,7954,7959,-1,7959,7954,7955,-1,7959,7955,7958,-1,7958,7955,7957,-1,7120,6913,7961,-1,5811,5810,7961,-1,7961,5810,5809,-1,7961,5809,7120,-1,5814,5813,7961,-1,7961,5813,5812,-1,7961,5812,5811,-1,5817,5816,7961,-1,7961,5816,5815,-1,7961,5815,5814,-1,5820,5819,7961,-1,7961,5819,5818,-1,7961,5818,5817,-1,5823,5822,7961,-1,7961,5822,5821,-1,7961,5821,5820,-1,5826,5825,7961,-1,7961,5825,5824,-1,7961,5824,5823,-1,5829,5828,7961,-1,7961,5828,5827,-1,7961,5827,5826,-1,6303,6102,7961,-1,7961,6102,5902,-1,7961,5902,5829,-1,6913,6708,7961,-1,7961,6708,6505,-1,7961,6505,6303,-1,
        ]
    }
}
Shape{
    appearance Appearance {
        material  Material 	{
            diffuseColor 0.10980392156862745 0.10980392156862745 0.10980392156862745
            specularColor 0.0784313725490196 0.0784313725490196 0.0784313725490196
            ambientIntensity 0.2
            transparency 0
            shininess 0.5
        }
    }
    geometry IndexedFaceSet {
        ccw TRUE
        solid FALSE
        coord DEF co Coordinate {
            point [
                2.1248 0.9621 2.7734, 2.1311 0.9621 2.771, 2.0891 0.9621 1.6757, 2.1405 0.9621 2.769, 2.146 0.9621 2.7679, 2.1182 0.9621 1.6541, 2.1128 0.9621 1.6589, 2.1553 0.9621 2.7678, 2.1051 0.9621 2.7862, 2.0994 0.9621 2.7925, 2.0891 0.9621 2.804, 2.1025 0.9621 1.6682, 2.0962 0.9621 1.6722, 2.0942 0.9621 1.6732, 2.1098 0.9621 2.7824, 2.1189 0.9621 2.777, 2.3571 0.9621 1.5748, 2.1529 0.9621 1.5748, 2.1503 0.9621 1.5846, 2.1439 0.9621 1.6082, 2.1422 0.9621 1.6145, 2.1419 0.9621 1.6151, 3.8049 0.9621 2.8221, 4.0289 0.9621 1.681, 3.7949 0.9621 2.8093, 4.0214 0.9621 1.6802, 3.7831 0.9621 2.7942, 2.7963 0.9621 1.6568, 2.7938 0.9621 1.6546, 2.5555 0.9621 2.7686, 2.4239 0.9621 1.672, 2.4065 0.9621 1.6605, 2.4001 0.9621 1.6546, 2.3826 0.9621 1.6322, 2.1388 0.9621 1.6222, 2.1281 0.9621 1.64, 2.1231 0.9621 1.6482, 3.811 0.9621 2.8331, 4.0303 0.9621 2.874, 4.1506 0.9621 2.7752, 4.4513 0.9621 1.5748, 4.1469 0.9621 2.7735, 4.1303 0.9621 2.7686, 4.1513 0.9621 2.7757, 4.1704 0.9621 2.7884, 4.1768 0.9621 2.7942, 4.2163 0.9621 2.8643, 4.2198 0.9621 2.874, 4.4513 0.9621 2.874, 4.205 0.9621 2.8338, 3.4112 0.9621 2.8221, 3.6352 0.9621 1.681, 3.4012 0.9621 2.8093, 3.6277 0.9621 1.6802, 3.3894 0.9621 2.7942, 3.234 0.9621 1.6802, 3.0075 0.9621 2.8093, 3.2415 0.9621 1.681, 3.0175 0.9621 2.8221, 2.8692 0.9621 1.6784, 2.8629 0.9621 1.68, 2.9417 0.9621 2.7678, 2.6238 0.9621 2.8221, 2.8478 0.9621 1.681, 2.6138 0.9621 2.8093, 2.8403 0.9621 1.6802, 2.602 0.9621 2.7942, 2.6292 0.9621 2.8319, 2.6299 0.9621 2.8331, 2.8492 0.9621 2.874, 2.1714 0.9621 2.7709, 2.1761 0.9621 2.7726, 2.4466 0.9621 1.6802, 2.1827 0.9621 2.7762, 2.1951 0.9621 2.783, 2.38 0.9621 1.6289, 2.3783 0.9621 1.6267, 2.3722 0.9621 1.6157, 4.0428 0.9621 1.6801, 4.1077 0.9621 2.7689, 3.8113 0.9621 2.8338, 3.8226 0.9621 2.8643, 3.8261 0.9621 2.874, 4.1886 0.9621 2.8093, 4.1986 0.9621 2.8221, 4.2047 0.9621 2.8331, 3.9774 0.9621 1.6568, 3.9749 0.9621 1.6546, 3.7366 0.9621 2.7686, 3.9574 0.9621 1.6322, 3.7291 0.9621 2.7678, 3.9531 0.9621 1.6267, 3.4173 0.9621 2.8331, 3.6366 0.9621 2.874, 3.4289 0.9621 2.8643, 3.4324 0.9621 2.874, 3.5837 0.9621 1.6568, 3.5812 0.9621 1.6546, 3.3429 0.9621 2.7686, 3.5637 0.9621 1.6322, 3.3354 0.9621 2.7678, 3.5594 0.9621 1.6267, 2.9492 0.9621 2.7686, 3.17 0.9621 1.6322, 3.1657 0.9621 1.6267, 3.1939 0.9621 1.6605, 3.19 0.9621 1.6568, 3.1875 0.9621 1.6546, 2.7894 0.9621 1.649, 2.7763 0.9621 1.6322, 2.548 0.9621 2.7678, 2.772 0.9621 1.6267, 2.2232 0.9621 2.8117, 2.2295 0.9621 2.8211, 2.4555 0.9621 2.874, 2.2357 0.9621 2.8346, 2.2475 0.9621 2.8604, 2.2485 0.9621 2.8639, 2.2513 0.9621 2.874, 2.3682 0.9621 1.605, 2.3572 0.9621 1.575, 4.071 0.9621 1.6682, 4.065 0.9621 1.672, 4.1228 0.9621 2.7678, 4.0503 0.9621 1.6784, 4.044 0.9621 1.68, 3.7153 0.9621 2.7688, 3.6503 0.9621 1.68, 3.947 0.9621 1.6157, 3.7277 0.9621 1.5748, 3.5533 0.9621 1.6157, 3.334 0.9621 1.5748, 3.0236 0.9621 2.8331, 3.2429 0.9621 2.874, 3.0239 0.9621 2.8338, 3.031 0.9621 2.853, 3.0352 0.9621 2.8643, 3.0387 0.9621 2.874, 2.9279 0.9621 2.7688, 3.1596 0.9621 1.6157, 2.9403 0.9621 1.5748, 2.6302 0.9621 2.8338, 2.6415 0.9621 2.8643, 2.645 0.9621 2.874, 2.9702 0.9621 2.7757, 2.9893 0.9621 2.7884, 2.9957 0.9621 2.7942, 2.4902 0.9621 1.672, 2.4755 0.9621 1.6784, 2.4692 0.9621 1.68, 2.5342 0.9621 2.7688, 2.7659 0.9621 1.6157, 2.5466 0.9621 1.5748, 2.2014 0.9621 2.788, 2.2204 0.9621 2.8086, 2.4541 0.9621 1.681, 2.223 0.9621 2.8115, 4.1188 0.9621 1.5846, 4.1107 0.9621 1.6145, 4.0807 0.9621 2.7806, 4.0867 0.9621 2.7768, 4.1015 0.9621 2.7704, 4.109 0.9621 2.7688, 3.6773 0.9621 1.6682, 3.6713 0.9621 1.672, 3.6566 0.9621 1.6784, 3.943 0.9621 1.605, 3.932 0.9621 1.575, 3.9319 0.9621 1.5748, 4.0048 0.9621 1.6753, 4.0012 0.9621 1.6736, 3.9987 0.9621 1.672, 3.9813 0.9621 1.6605, 3.3203 0.9621 2.7689, 3.2566 0.9621 1.68, 3.3216 0.9621 2.7688, 3.5493 0.9621 1.605, 3.5383 0.9621 1.575, 3.5382 0.9621 1.5748, 3.6111 0.9621 1.6753, 3.6075 0.9621 1.6736, 3.605 0.9621 1.672, 3.5876 0.9621 1.6605, 3.1556 0.9621 1.605, 3.1446 0.9621 1.575, 3.1445 0.9621 1.5748, 3.2174 0.9621 1.6753, 3.2137 0.9621 1.6736, 2.7619 0.9621 1.605, 2.7509 0.9621 1.575, 2.7508 0.9621 1.5748, 2.8237 0.9621 1.6753, 2.82 0.9621 1.6736, 2.8176 0.9621 1.672, 2.8002 0.9621 1.6605, 4.1214 0.9621 1.5748, 4.0966 0.9621 1.64, 4.0916 0.9621 1.6482, 4.0867 0.9621 1.6541, 4.0813 0.9621 1.6589, 4.0385 0.9621 2.8437, 4.041 0.9621 2.8344, 3.687 0.9621 2.7806, 3.693 0.9621 2.7768, 3.7078 0.9621 2.7704, 3.714 0.9621 2.7689, 3.6491 0.9621 1.6801, 3.7569 0.9621 2.7752, 3.7576 0.9621 2.7757, 3.7767 0.9621 2.7884, 3.2776 0.9621 1.672, 3.2833 0.9621 1.6684, 3.2836 0.9621 1.6682, 3.2753 0.9621 1.673, 3.2629 0.9621 1.6784, 3.2933 0.9621 2.7806, 3.2993 0.9621 2.7768, 3.3141 0.9621 2.7704, 3.3632 0.9621 2.7752, 3.3639 0.9621 2.7757, 3.383 0.9621 2.7884, 2.9002 0.9621 1.6589, 2.8899 0.9621 1.6682, 2.8839 0.9621 1.672, 2.8996 0.9621 2.7806, 2.9056 0.9621 2.7768, 2.9204 0.9621 2.7704, 2.9266 0.9621 2.7689, 2.8616 0.9621 1.6801, 3.2113 0.9621 1.672, 3.2061 0.9621 1.6685, 2.5119 0.9621 1.6541, 2.5065 0.9621 1.6589, 2.4962 0.9621 1.6682, 2.5059 0.9621 2.7806, 2.5119 0.9621 2.7768, 2.5267 0.9621 2.7704, 2.5329 0.9621 2.7689, 2.4679 0.9621 1.6801, 2.5758 0.9621 2.7752, 2.5765 0.9621 2.7757, 2.5956 0.9621 2.7884, 2.162 0.9621 2.7691, 2.43 0.9621 1.6753, 2.4263 0.9621 1.6736, 4.0601 0.9621 2.8006, 4.0651 0.9621 2.7947, 4.0678 0.9621 2.7922, 3.7251 0.9621 1.5846, 3.717 0.9621 1.6145, 3.7029 0.9621 1.64, 3.6979 0.9621 1.6482, 3.693 0.9621 1.6541, 3.6876 0.9621 1.6589, 3.3314 0.9621 1.5846, 3.3233 0.9621 1.6145, 3.3092 0.9621 1.64, 3.3042 0.9621 1.6482, 3.2993 0.9621 1.6541, 3.2939 0.9621 1.6589, 2.9377 0.9621 1.5846, 2.9296 0.9621 1.6145, 2.9155 0.9621 1.64, 2.9105 0.9621 1.6482, 2.544 0.9621 1.5846, 2.5359 0.9621 1.6145, 4.1104 0.9621 1.6151, 4.1073 0.9621 1.6222, 4.0304 0.9621 2.8738, 4.0444 0.9621 2.8266, 4.0504 0.9621 2.8167, 3.6448 0.9621 2.8437, 3.6473 0.9621 2.8344, 3.6664 0.9621 2.8006, 3.6714 0.9621 2.7947, 3.6741 0.9621 2.7922, 3.7532 0.9621 2.7735, 3.2511 0.9621 2.8437, 3.2536 0.9621 2.8344, 3.2727 0.9621 2.8006, 3.2777 0.9621 2.7947, 3.2804 0.9621 2.7922, 3.3595 0.9621 2.7735, 2.9099 0.9621 1.6489, 2.9056 0.9621 1.6541, 2.8574 0.9621 2.8437, 2.8599 0.9621 2.8344, 2.879 0.9621 2.8006, 2.884 0.9621 2.7947, 2.8867 0.9621 2.7922, 3.2338 0.9621 1.6802, 2.9658 0.9621 2.7735, 2.9695 0.9621 2.7752, 2.5285 0.9621 1.6289, 2.5218 0.9621 1.64, 2.5168 0.9621 1.6482, 2.4637 0.9621 2.8437, 2.4662 0.9621 2.8344, 2.4756 0.9621 2.8167, 2.4853 0.9621 2.8006, 2.4903 0.9621 2.7947, 2.493 0.9621 2.7922, 2.5721 0.9621 2.7735, 3.7167 0.9621 1.6151, 3.7136 0.9621 1.6222, 3.6367 0.9621 2.8738, 3.6507 0.9621 2.8266, 3.6567 0.9621 2.8167, 3.323 0.9621 1.6151, 3.3199 0.9621 1.6222, 3.243 0.9621 2.8738, 3.257 0.9621 2.8266, 3.263 0.9621 2.8167, 2.9293 0.9621 1.6151, 2.9262 0.9621 1.6222, 2.8549 0.9621 2.8529, 2.8633 0.9621 2.8266, 2.8693 0.9621 2.8167, 2.5356 0.9621 1.6151, 2.5325 0.9621 1.6222, 2.4556 0.9621 2.8738, 2.8493 0.9621 2.8738, 2.4673 0.9621 2.8319, 2.4696 0.9621 2.8266, 4.2287 -0.2317 2.874, 4.2212 -0.2309 2.874, 2.3285 -0.2852 2.874, 2.5526 0.8559 2.874, 2.3185 -0.2724 2.874, 2.545 0.8567 2.874, 2.3067 -0.2573 2.874, 2.0891 -0.3371 2.874, 2.1513 0.8567 2.874, 2.1347 0.8616 2.874, 2.1311 0.8633 2.874, 2.1286 0.8649 2.874, 2.1112 0.8765 2.874, 2.1073 0.8801 2.874, 2.1049 0.8823 2.874, 2.0891 0.901 2.874, 4.1999 -0.2335 2.874, 4.2062 -0.2319 2.874, 4.1274 0.8559 2.874, 3.9033 -0.2852 2.874, 3.9095 -0.2962 2.874, 4.1287 -0.3371 2.874, 4.2454 -0.2366 2.874, 4.249 -0.2383 2.874, 4.2497 -0.2388 2.874, 4.2688 -0.2515 2.874, 4.2752 -0.2573 2.874, 4.287 -0.2724 2.874, 4.3147 -0.3274 2.874, 4.3183 -0.3371 2.874, 4.4513 -0.3371 2.874, 4.3034 -0.2969 2.874, 2.7222 -0.2852 2.874, 2.9463 0.8559 2.874, 2.7122 -0.2724 2.874, 2.9387 0.8567 2.874, 2.7004 -0.2573 2.874, 2.8705 0.9102 2.874, 2.6464 -0.2309 2.874, 2.8747 0.9047 2.874, 2.6539 -0.2317 2.874, 2.8923 0.8823 2.874, 2.3346 -0.2962 2.874, 2.5539 -0.3371 2.874, 4.1851 -0.2399 2.874, 4.2074 -0.2319 2.874, 4.1424 0.8569 2.874, 3.9097 -0.2969 2.874, 3.921 -0.3274 2.874, 3.9246 -0.3371 2.874, 4.296 -0.2839 2.874, 4.297 -0.2852 2.874, 4.3032 -0.2962 2.874, 3.7261 0.8567 2.874, 3.4996 -0.2724 2.874, 3.7337 0.8559 2.874, 3.5096 -0.2852 2.874, 3.8763 -0.2525 2.874, 3.8815 -0.2573 2.874, 4.1198 0.8567 2.874, 3.8933 -0.2724 2.874, 3.8865 -0.2637 2.874, 3.0889 -0.2525 2.874, 3.0941 -0.2573 2.874, 3.3324 0.8567 2.874, 3.1059 -0.2724 2.874, 3.34 0.8559 2.874, 3.1159 -0.2852 2.874, 3.0476 -0.2317 2.874, 3.2684 0.9047 2.874, 3.0401 -0.2309 2.874, 3.2642 0.9102 2.874, 2.7283 -0.2962 2.874, 2.9476 -0.3371 2.874, 3.3097 0.8649 2.874, 3.2923 0.8765 2.874, 3.286 0.8823 2.874, 2.6326 -0.2319 2.874, 2.5676 0.8569 2.874, 2.8643 0.9212 2.874, 2.3349 -0.2969 2.874, 2.3462 -0.3274 2.874, 2.3498 -0.3371 2.874, 2.4768 0.9102 2.874, 2.2527 -0.2309 2.874, 2.481 0.9047 2.874, 2.2602 -0.2317 2.874, 2.4986 0.8823 2.874, 4.1694 0.8687 2.874, 4.1635 0.8649 2.874, 4.1487 0.8585 2.874, 3.8062 -0.2335 2.874, 3.8125 -0.2319 2.874, 4.0516 0.9102 2.874, 3.8275 -0.2309 2.874, 4.0558 0.9047 2.874, 3.835 -0.2317 2.874, 4.0734 0.8823 2.874, 4.0466 0.9191 2.874, 4.0454 0.9212 2.874, 3.5157 -0.2962 2.874, 3.735 -0.3371 2.874, 3.4413 -0.2317 2.874, 3.6621 0.9047 2.874, 3.4338 -0.2309 2.874, 3.6579 0.9102 2.874, 3.122 -0.2962 2.874, 3.3413 -0.3371 2.874, 3.7034 0.8649 2.874, 3.686 0.8765 2.874, 3.6797 0.8823 2.874, 3.258 0.9212 2.874, 3.2541 0.9319 2.874, 2.7286 -0.2969 2.874, 2.7399 -0.3274 2.874, 2.7435 -0.3371 2.874, 2.5946 0.8687 2.874, 2.5887 0.8649 2.874, 2.5739 0.8585 2.874, 2.8604 0.9319 2.874, 2.8493 0.9619 2.874, 2.9221 0.8616 2.874, 2.9185 0.8633 2.874, 2.916 0.8649 2.874, 2.8986 0.8765 2.874, 2.2389 -0.2319 2.874, 2.1739 0.8569 2.874, 2.4706 0.9212 2.874, 4.1412 0.8569 2.874, 3.7914 -0.2399 2.874, 3.8137 -0.2319 2.874, 3.7487 0.8569 2.874, 3.516 -0.2969 2.874, 3.5273 -0.3274 2.874, 3.5309 -0.3371 2.874, 3.1223 -0.2969 2.874, 3.1336 -0.3274 2.874, 3.1372 -0.3371 2.874, 3.4814 -0.2515 2.874, 3.4826 -0.2525 2.874, 3.4878 -0.2573 2.874, 2.9883 0.8687 2.874, 2.9824 0.8649 2.874, 2.9676 0.8585 2.874, 2.9613 0.8569 2.874, 3.0251 -0.2319 2.874, 2.9601 0.8569 2.874, 2.6043 -0.2437 2.874, 2.6103 -0.2399 2.874, 2.6251 -0.2335 2.874, 2.6314 -0.2319 2.874, 2.5664 0.8569 2.874, 2.6742 -0.2383 2.874, 2.6749 -0.2388 2.874, 2.694 -0.2515 2.874, 2.2009 0.8687 2.874, 2.195 0.8649 2.874, 2.1802 0.8585 2.874, 2.4667 0.9319 2.874, 2.4556 0.9619 2.874, 2.5284 0.8616 2.874, 2.5248 0.8633 2.874, 2.5223 0.8649 2.874, 2.5049 0.8765 2.874, 4.195 0.8969 2.874, 4.19 0.8887 2.874, 4.1851 0.8828 2.874, 4.1798 0.878 2.874, 4.1635 -0.2578 2.874, 4.1662 -0.2553 2.874, 4.1791 -0.2437 2.874, 3.7757 0.8687 2.874, 3.7698 0.8649 2.874, 3.755 0.8585 2.874, 4.0415 0.9319 2.874, 4.0304 0.9619 2.874, 4.1032 0.8616 2.874, 4.0996 0.8633 2.874, 4.0971 0.8649 2.874, 4.0797 0.8765 2.874, 3.382 0.8687 2.874, 3.3761 0.8649 2.874, 3.3613 0.8585 2.874, 3.355 0.8569 2.874, 3.4188 -0.2319 2.874, 3.3538 0.8569 2.874, 3.6517 0.9212 2.874, 3.6478 0.9319 2.874, 3.6447 0.9402 2.874, 3.6367 0.9619 2.874, 2.998 -0.2437 2.874, 3.004 -0.2399 2.874, 3.2431 0.9617 2.874, 3.243 0.9619 2.874, 3.0643 -0.2366 2.874, 3.0679 -0.2383 2.874, 3.0877 -0.2515 2.874, 2.6424 0.9523 2.874, 2.6343 0.9225 2.874, 2.6202 0.8969 2.874, 2.6152 0.8887 2.874, 2.6103 0.8828 2.874, 2.605 0.878 2.874, 2.2106 -0.2437 2.874, 2.2166 -0.2399 2.874, 2.1589 0.8559 2.874, 2.2314 -0.2335 2.874, 2.2377 -0.2319 2.874, 2.1727 0.8569 2.874, 2.2805 -0.2383 2.874, 2.2812 -0.2388 2.874, 2.3003 -0.2515 2.874, 3.7475 0.8569 2.874, 3.8553 -0.2383 2.874, 3.856 -0.2388 2.874, 3.8751 -0.2515 2.874, 3.458 -0.2366 2.874, 3.4616 -0.2383 2.874, 3.0361 0.9523 2.874, 3.028 0.9225 2.874, 3.0139 0.8969 2.874, 3.0089 0.8887 2.874, 3.004 0.8828 2.874, 2.9987 0.878 2.874, 3.0046 -0.2397 2.874, 3.0188 -0.2335 2.874, 2.5621 -0.3068 2.874, 2.5647 -0.2975 2.874, 2.5838 -0.2637 2.874, 2.5887 -0.2578 2.874, 2.5914 -0.2553 2.874, 2.6706 -0.2366 2.874, 2.2487 0.9523 2.874, 2.2406 0.9225 2.874, 2.2265 0.8969 2.874, 2.2215 0.8887 2.874, 2.2166 0.8828 2.874, 2.2113 0.878 2.874, 4.2172 0.9523 2.874, 4.2091 0.9225 2.874, 4.2089 0.9219 2.874, 4.1288 -0.3369 2.874, 4.1369 -0.3068 2.874, 4.1395 -0.2975 2.874, 4.1428 -0.2897 2.874, 4.1464 -0.2838 2.874, 4.1488 -0.2797 2.874, 4.1586 -0.2637 2.874, 3.8202 0.9401 2.874, 3.8154 0.9225 2.874, 3.8013 0.8969 2.874, 3.7963 0.8887 2.874, 3.7914 0.8828 2.874, 3.7861 0.878 2.874, 3.7698 -0.2578 2.874, 3.7725 -0.2553 2.874, 3.7854 -0.2437 2.874, 3.4298 0.9523 2.874, 3.4217 0.9225 2.874, 3.4026 0.8887 2.874, 3.3977 0.8828 2.874, 3.3924 0.878 2.874, 3.3977 -0.2399 2.874, 3.3983 -0.2397 2.874, 3.4125 -0.2335 2.874, 3.4623 -0.2388 2.874, 3.4704 -0.2442 2.874, 2.9558 -0.3068 2.874, 2.9584 -0.2975 2.874, 2.9775 -0.2637 2.874, 2.9824 -0.2578 2.874, 2.9851 -0.2553 2.874, 3.0479 -0.2317 2.874, 3.3158 0.8616 2.874, 3.3122 0.8633 2.874, 2.6341 0.9219 2.874, 2.6309 0.9147 2.874, 2.554 -0.3369 2.874, 2.568 -0.2897 2.874, 2.574 -0.2797 2.874, 2.1684 -0.3068 2.874, 2.171 -0.2975 2.874, 2.1603 -0.3369 2.874, 2.1901 -0.2637 2.874, 2.195 -0.2578 2.874, 2.1977 -0.2553 2.874, 2.2769 -0.2366 2.874, 4.2077 0.9191 2.874, 4.2058 0.9147 2.874, 3.8235 0.9523 2.874, 3.8517 -0.2366 2.874, 3.4323 0.9617 2.874, 3.4184 0.9147 2.874, 3.4076 0.8969 2.874, 3.3495 -0.3068 2.874, 3.3521 -0.2975 2.874, 3.3788 -0.2553 2.874, 3.3761 -0.2578 2.874, 3.3712 -0.2637 2.874, 3.3911 -0.2443 2.874, 3.3917 -0.2437 2.874, 3.4416 -0.2317 2.874, 3.7095 0.8616 2.874, 3.7059 0.8633 2.874, 3.0278 0.9219 2.874, 3.0246 0.9147 2.874, 2.9477 -0.3369 2.874, 2.9617 -0.2897 2.874, 2.9677 -0.2797 2.874, 2.2404 0.9219 2.874, 2.2372 0.9147 2.874, 2.1602 -0.3371 2.874, 2.1743 -0.2897 2.874, 2.1803 -0.2797 2.874, 3.8152 0.9219 2.874, 3.8121 0.9147 2.874, 3.7351 -0.3369 2.874, 3.7432 -0.3068 2.874, 3.7458 -0.2975 2.874, 3.7491 -0.2897 2.874, 3.7551 -0.2797 2.874, 3.7648 -0.2638 2.874, 3.7649 -0.2637 2.874, 3.3414 -0.3369 2.874, 3.3554 -0.2897 2.874, 3.3614 -0.2797 2.874, 3.9799 -0.3371 1.6546, 3.9917 -0.3371 1.6395, 4.2183 -0.3371 2.7686, 4.2258 -0.3371 2.7678, 4.0017 -0.3371 1.6267, 4.0079 -0.3371 1.6157, 4.4513 -0.3371 1.5748, 4.2408 -0.3371 2.7689, 4.023 -0.3371 1.5748, 4.2396 -0.3371 2.7688, 3.608 -0.3371 1.6267, 3.8321 -0.3371 2.7678, 3.598 -0.3371 1.6395, 3.8246 -0.3371 2.7686, 3.5862 -0.3371 1.6546, 2.4051 -0.3371 1.6546, 2.4169 -0.3371 1.6395, 2.6435 -0.3371 2.7686, 4.2679 -0.3371 2.7806, 4.2619 -0.3371 2.7768, 4.2471 -0.3371 2.7704, 4.0081 -0.3371 1.615, 4.0194 -0.3371 1.5845, 4.15 -0.3371 2.8221, 3.9259 -0.3371 1.681, 4.1543 -0.3371 2.8166, 3.9335 -0.3371 1.6802, 4.1718 -0.3371 2.7942, 3.6142 -0.3371 1.6157, 3.8335 -0.3371 1.5748, 3.4597 -0.3371 2.7704, 3.4534 -0.3371 2.7689, 3.5322 -0.3371 1.681, 3.2143 -0.3371 1.6267, 3.4384 -0.3371 2.7678, 3.2043 -0.3371 1.6395, 3.4309 -0.3371 2.7686, 3.1925 -0.3371 1.6546, 3.066 -0.3371 2.7704, 3.0597 -0.3371 2.7689, 3.1385 -0.3371 1.681, 2.8206 -0.3371 1.6267, 3.0447 -0.3371 2.7678, 2.8106 -0.3371 1.6395, 3.0372 -0.3371 2.7686, 2.7988 -0.3371 1.6546, 3.8459 -0.3371 2.7688, 3.9109 -0.3371 1.68, 4.1439 -0.3371 2.8331, 3.6144 -0.3371 1.615, 3.6257 -0.3371 1.5845, 3.6293 -0.3371 1.5748, 3.7805 -0.3371 2.792, 3.7781 -0.3371 2.7942, 3.5398 -0.3371 1.6802, 3.7606 -0.3371 2.8166, 3.7563 -0.3371 2.8221, 3.0808 -0.3371 2.7768, 3.1461 -0.3371 1.6802, 3.3669 -0.3371 2.8166, 3.3626 -0.3371 2.8221, 3.4081 -0.3371 2.7768, 3.3908 -0.3371 2.7884, 3.3868 -0.3371 2.792, 3.3844 -0.3371 2.7942, 2.7524 -0.3371 1.6802, 2.9732 -0.3371 2.8166, 2.7448 -0.3371 1.681, 2.9689 -0.3371 2.8221, 2.651 -0.3371 2.7678, 2.4266 -0.3371 1.6272, 2.4269 -0.3371 1.6267, 2.9952 -0.3371 2.7901, 2.9931 -0.3371 2.792, 2.9907 -0.3371 2.7942, 2.2295 -0.3371 2.7752, 2.0891 -0.3371 1.5748, 2.2331 -0.3371 2.7735, 2.2498 -0.3371 2.7686, 2.227 -0.3371 2.7768, 2.2097 -0.3371 2.7884, 2.2033 -0.3371 2.7942, 4.3075 -0.3371 2.8344, 4.3156 -0.3371 2.8642, 4.2884 -0.3371 2.8006, 4.2835 -0.3371 2.7947, 4.2782 -0.3371 2.7899, 3.8742 -0.3371 2.7806, 3.8682 -0.3371 2.7768, 3.8534 -0.3371 2.7704, 3.8471 -0.3371 2.7689, 4.1399 -0.3371 2.8439, 4.1288 -0.3371 2.8738, 4.2016 -0.3371 2.7735, 4.198 -0.3371 2.7752, 4.1955 -0.3371 2.7768, 4.1782 -0.3371 2.7884, 3.5184 -0.3371 1.6801, 3.7501 -0.3371 2.8331, 3.2205 -0.3371 1.6157, 3.4398 -0.3371 1.5748, 3.2207 -0.3371 1.615, 3.2318 -0.3371 1.5851, 3.232 -0.3371 1.5845, 3.2356 -0.3371 1.5748, 3.0585 -0.3371 2.7688, 3.1235 -0.3371 1.68, 3.3564 -0.3371 2.8331, 2.8268 -0.3371 1.6157, 3.0461 -0.3371 1.5748, 2.827 -0.3371 1.615, 2.8302 -0.3371 1.6065, 2.8383 -0.3371 1.5845, 2.8419 -0.3371 1.5748, 2.6871 -0.3371 2.7768, 2.6723 -0.3371 2.7704, 2.666 -0.3371 2.7689, 2.731 -0.3371 1.6801, 2.9627 -0.3371 2.8331, 2.4331 -0.3371 1.6157, 2.4333 -0.3371 1.615, 2.6524 -0.3371 1.5748, 2.4446 -0.3371 1.5845, 2.4482 -0.3371 1.5748, 2.3298 -0.3371 1.6784, 2.3361 -0.3371 1.68, 2.2573 -0.3371 2.7678, 2.1858 -0.3371 2.8166, 2.1815 -0.3371 2.8221, 2.177 -0.3371 2.8302, 2.1753 -0.3371 2.8331, 2.1714 -0.3371 2.8439, 2.1603 -0.3371 2.8738, 3.8839 -0.3371 1.6682, 3.8898 -0.3371 1.672, 3.9046 -0.3371 1.6784, 3.9121 -0.3371 1.6801, 3.9537 -0.3371 1.6736, 3.9544 -0.3371 1.6732, 3.9736 -0.3371 1.6605, 3.4805 -0.3371 2.7806, 3.4745 -0.3371 2.7768, 3.7462 -0.3371 2.8439, 3.7351 -0.3371 2.8738, 3.8079 -0.3371 2.7735, 3.8043 -0.3371 2.7752, 3.8018 -0.3371 2.7768, 3.7845 -0.3371 2.7884, 3.3525 -0.3371 2.8439, 3.3414 -0.3371 2.8738, 2.9588 -0.3371 2.8439, 2.9477 -0.3371 2.8738, 3.0205 -0.3371 2.7735, 3.0169 -0.3371 2.7752, 3.0144 -0.3371 2.7768, 2.9971 -0.3371 2.7884, 2.315 -0.3371 1.672, 2.2934 -0.3371 2.7768, 2.2786 -0.3371 2.7704, 2.3511 -0.3371 1.681, 2.2723 -0.3371 2.7689, 2.3373 -0.3371 1.6801, 2.5994 -0.3371 2.792, 2.597 -0.3371 2.7942, 2.3587 -0.3371 1.6802, 2.5848 -0.3371 2.8098, 2.5795 -0.3371 2.8166, 2.5752 -0.3371 2.8221, 2.569 -0.3371 2.8331, 4.3073 -0.3371 2.8338, 4.3042 -0.3371 2.8266, 4.2934 -0.3371 2.8089, 3.9219 -0.3371 2.8642, 3.9138 -0.3371 2.8344, 3.8997 -0.3371 2.8089, 3.8947 -0.3371 2.8006, 3.8898 -0.3371 2.7947, 3.8845 -0.3371 2.7899, 3.4902 -0.3371 1.6682, 3.4961 -0.3371 1.672, 3.5109 -0.3371 1.6784, 3.5172 -0.3371 1.68, 3.4522 -0.3371 2.7688, 3.56 -0.3371 1.6736, 3.5607 -0.3371 1.6732, 3.5799 -0.3371 1.6605, 3.0965 -0.3371 1.6682, 3.1024 -0.3371 1.672, 3.1172 -0.3371 1.6784, 3.1247 -0.3371 1.6801, 3.1627 -0.3371 1.6753, 3.1663 -0.3371 1.6736, 3.167 -0.3371 1.6732, 3.1862 -0.3371 1.6605, 2.7087 -0.3371 2.7947, 2.7034 -0.3371 2.7899, 2.6931 -0.3371 2.7806, 2.7028 -0.3371 1.6682, 2.7087 -0.3371 1.672, 2.7235 -0.3371 1.6784, 2.7298 -0.3371 1.68, 2.6648 -0.3371 2.7688, 2.7726 -0.3371 1.6736, 2.7733 -0.3371 1.6732, 2.7925 -0.3371 1.6605, 2.5651 -0.3371 2.8439, 2.554 -0.3371 2.8738, 2.6268 -0.3371 2.7735, 2.6232 -0.3371 2.7752, 2.6207 -0.3371 2.7768, 2.6034 -0.3371 2.7884, 3.8417 -0.3371 1.6051, 3.8442 -0.3371 1.6145, 3.8633 -0.3371 1.6482, 3.8682 -0.3371 1.6541, 3.8709 -0.3371 1.6566, 3.9501 -0.3371 1.6753, 3.5282 -0.3371 2.8642, 3.5201 -0.3371 2.8344, 3.506 -0.3371 2.8089, 3.501 -0.3371 2.8006, 3.4961 -0.3371 2.7947, 3.4908 -0.3371 2.7899, 3.4721 -0.3371 2.7758, 3.4607 -0.3371 2.7708, 3.448 -0.3371 1.6051, 3.4505 -0.3371 1.6145, 3.1345 -0.3371 2.8642, 3.1264 -0.3371 2.8344, 3.1123 -0.3371 2.8089, 3.1073 -0.3371 2.8006, 3.1024 -0.3371 2.7947, 3.0972 -0.3371 2.79, 3.0971 -0.3371 2.7899, 3.0868 -0.3371 2.7806, 3.0543 -0.3371 1.6051, 3.0568 -0.3371 1.6145, 3.4234 -0.3371 2.7708, 3.4142 -0.3371 2.7735, 3.4106 -0.3371 2.7752, 2.7408 -0.3371 2.8642, 2.7327 -0.3371 2.8344, 2.315 -0.3371 2.7947, 2.3097 -0.3371 2.7899, 2.2994 -0.3371 2.7806, 2.2711 -0.3371 2.7688, 2.3789 -0.3371 1.6736, 2.3796 -0.3371 1.6732, 2.3988 -0.3371 1.6605, 3.9136 -0.3371 2.8338, 3.9105 -0.3371 2.8266, 3.8335 -0.3371 1.575, 3.8475 -0.3371 1.6222, 3.8536 -0.3371 1.6322, 3.4696 -0.3371 1.6482, 3.4745 -0.3371 1.6541, 3.4772 -0.3371 1.6566, 3.5564 -0.3371 1.6753, 3.0759 -0.3371 1.6482, 3.0808 -0.3371 1.6541, 3.0835 -0.3371 1.6566, 2.7192 -0.3371 2.8098, 2.7186 -0.3371 2.8089, 2.7136 -0.3371 2.8006, 2.6822 -0.3371 1.6482, 2.6871 -0.3371 1.6541, 2.6898 -0.3371 1.6566, 2.769 -0.3371 1.6753, 2.3471 -0.3371 2.8642, 2.339 -0.3371 2.8344, 2.2934 -0.3371 1.6541, 2.2961 -0.3371 1.6566, 2.3091 -0.3371 1.6682, 3.5199 -0.3371 2.8338, 3.5168 -0.3371 2.8266, 3.4398 -0.3371 1.575, 3.4538 -0.3371 1.6222, 3.4599 -0.3371 1.6322, 3.1262 -0.3371 2.8338, 3.1231 -0.3371 2.8266, 3.0489 -0.3371 1.5852, 3.0601 -0.3371 1.6222, 3.0662 -0.3371 1.6322, 3.4306 -0.3371 2.7687, 2.7325 -0.3371 2.8338, 2.7294 -0.3371 2.8266, 2.6524 -0.3371 1.575, 2.6606 -0.3371 1.6051, 2.6609 -0.3371 1.6065, 2.6631 -0.3371 1.6145, 2.6664 -0.3371 1.6222, 2.6725 -0.3371 1.6322, 2.3357 -0.3371 2.8266, 2.3249 -0.3371 2.8089, 2.3199 -0.3371 2.8006, 2.2587 -0.3371 1.575, 2.2669 -0.3371 1.6051, 2.3753 -0.3371 1.6753, 3.0461 -0.3371 1.575, 2.2587 -0.3371 1.5748, 2.2694 -0.3371 1.6145, 2.2727 -0.3371 1.6222, 2.2758 -0.3371 1.6272, 2.2788 -0.3371 1.6322, 2.2885 -0.3371 1.6482, 2.3388 -0.3371 2.8338, 2.3372 -0.3371 2.8302, 2.2587 -0.3369 1.5748, 3.8335 -0.3369 1.5748, 2.1378 0.9223 1.5748, 2.14 0.9257 1.5748, 2.3081 -0.2515 1.5748, 2.3017 -0.2573 1.5748, 2.0891 0.8662 1.5748, 3.923 -0.2317 1.5748, 3.6965 0.8974 1.5748, 3.9305 -0.2309 1.5748, 3.7065 0.9102 1.5748, 2.1218 0.8968 1.5748, 2.3254 -0.2399 1.5748, 3.7126 0.9212 1.5748, 4.0485 0.8616 1.5748, 4.0521 0.8633 1.5748, 4.4513 -0.2441 1.5748, 4.0528 0.8638 1.5748, 4.072 0.8765 1.5748, 4.0784 0.8823 1.5748, 4.4513 0.8691 1.5748, 4.0902 0.8974 1.5748, 4.0912 0.8987 1.5748, 4.1178 0.9524 1.5748, 3.5293 -0.2317 1.5748, 3.3027 0.8974 1.5748, 3.5368 -0.2309 1.5748, 3.3128 0.9102 1.5748, 2.6736 -0.2852 1.5748, 2.4496 0.8559 1.5748, 2.6779 -0.2797 1.5748, 2.4571 0.8567 1.5748, 2.6954 -0.2573 1.5748, 2.1458 0.9393 1.5748, 2.1498 0.9521 1.5748, 3.9883 0.8649 1.5748, 4.003 0.8585 1.5748, 4.0093 0.8569 1.5748, 3.9443 -0.2319 1.5748, 3.7129 0.9219 1.5748, 3.7241 0.9524 1.5748, 4.1002 0.9102 1.5748, 4.1063 0.9212 1.5748, 4.1066 0.9219 1.5748, 3.6382 0.8567 1.5748, 3.859 -0.2797 1.5748, 3.6307 0.8559 1.5748, 3.8547 -0.2852 1.5748, 3.3189 0.9212 1.5748, 3.9003 -0.2399 1.5748, 3.8829 -0.2515 1.5748, 3.8765 -0.2573 1.5748, 2.5254 0.9102 1.5748, 2.7494 -0.2309 1.5748, 2.5153 0.8974 1.5748, 2.7419 -0.2317 1.5748, 2.5036 0.8823 1.5748, 2.9191 0.9102 1.5748, 3.1431 -0.2309 1.5748, 2.909 0.8974 1.5748, 3.1356 -0.2317 1.5748, 2.8973 0.8823 1.5748, 2.892 0.8775 1.5748, 2.3695 -0.2319 1.5748, 2.3557 -0.2309 1.5748, 2.4345 0.8569 1.5748, 2.6675 -0.2962 1.5748, 2.2698 -0.3069 1.5748, 3.9726 -0.2437 1.5748, 3.9666 -0.2399 1.5748, 4.0244 0.8559 1.5748, 3.9518 -0.2335 1.5748, 3.9456 -0.2319 1.5748, 3.8486 -0.2962 1.5748, 3.3192 0.9219 1.5748, 3.3304 0.9524 1.5748, 3.2156 0.8585 1.5748, 3.2219 0.8569 1.5748, 3.2445 0.8567 1.5748, 3.4653 -0.2797 1.5748, 3.237 0.8559 1.5748, 3.461 -0.2852 1.5748, 2.9252 0.9212 1.5748, 3.5066 -0.2399 1.5748, 3.4892 -0.2515 1.5748, 3.4828 -0.2573 1.5748, 3.0673 -0.2852 1.5748, 2.8433 0.8559 1.5748, 3.0716 -0.2797 1.5748, 2.8508 0.8567 1.5748, 3.0891 -0.2573 1.5748, 2.5315 0.9212 1.5748, 2.3978 -0.2437 1.5748, 2.3918 -0.2399 1.5748, 2.377 -0.2335 1.5748, 2.3708 -0.2319 1.5748, 2.6635 -0.3069 1.5748, 2.6524 -0.3369 1.5748, 2.7253 -0.2366 1.5748, 2.7216 -0.2383 1.5748, 2.7191 -0.2399 1.5748, 2.7018 -0.2515 1.5748, 2.1101 0.8826 1.5748, 2.3482 -0.2317 1.5748, 2.1045 0.8782 1.5748, 2.3316 -0.2366 1.5748, 2.3279 -0.2383 1.5748, 2.2842 -0.2797 1.5748, 2.2799 -0.2852 1.5748, 2.2738 -0.2962 1.5748, 4.0142 -0.3045 1.5748, 4.0123 -0.2975 1.5748, 4.0106 0.8569 1.5748, 3.5789 -0.2437 1.5748, 3.5729 -0.2399 1.5748, 3.5581 -0.2335 1.5748, 3.5519 -0.2319 1.5748, 3.6156 0.8569 1.5748, 3.5506 -0.2319 1.5748, 3.6794 0.8775 1.5748, 3.6811 0.879 1.5748, 3.6847 0.8823 1.5748, 3.2231 0.8569 1.5748, 3.1582 -0.2319 1.5748, 3.4549 -0.2962 1.5748, 3.4509 -0.3069 1.5748, 2.9255 0.9219 1.5748, 2.9367 0.9524 1.5748, 3.2654 0.8638 1.5748, 3.2846 0.8765 1.5748, 3.2857 0.8775 1.5748, 3.291 0.8823 1.5748, 2.7632 -0.2319 1.5748, 2.8282 0.8569 1.5748, 3.0612 -0.2962 1.5748, 2.5318 0.9219 1.5748, 2.543 0.9524 1.5748, 2.4075 0.8687 1.5748, 2.4135 0.8649 1.5748, 2.4282 0.8585 1.5748, 2.4357 0.8569 1.5748, 2.4773 0.8633 1.5748, 2.478 0.8638 1.5748, 2.4972 0.8765 1.5748, 4.0203 -0.3273 1.5748, 3.9982 -0.2719 1.5748, 3.9932 -0.2637 1.5748, 3.9882 -0.2578 1.5748, 3.9829 -0.253 1.5748, 3.9666 0.8828 1.5748, 3.9694 0.8803 1.5748, 3.9823 0.8687 1.5748, 3.8455 -0.3046 1.5748, 3.8446 -0.3069 1.5748, 3.6548 0.8616 1.5748, 3.6584 0.8633 1.5748, 3.6783 0.8765 1.5748, 3.1852 -0.2437 1.5748, 3.1792 -0.2399 1.5748, 3.1644 -0.2335 1.5748, 2.7915 -0.2437 1.5748, 2.7855 -0.2399 1.5748, 2.7707 -0.2335 1.5748, 2.7645 -0.2319 1.5748, 3.0572 -0.3069 1.5748, 3.0461 -0.3369 1.5748, 3.119 -0.2366 1.5748, 3.1153 -0.2383 1.5748, 3.1129 -0.2399 1.5748, 3.0955 -0.2515 1.5748, 2.4455 -0.3273 1.5748, 2.4375 -0.2975 1.5748, 2.4234 -0.2719 1.5748, 2.4184 -0.2637 1.5748, 2.4134 -0.2578 1.5748, 2.4081 -0.253 1.5748, 4.0319 0.8567 1.5748, 3.6262 -0.3258 1.5748, 3.6186 -0.2975 1.5748, 3.6045 -0.2719 1.5748, 3.5995 -0.2637 1.5748, 3.5945 -0.2578 1.5748, 3.5892 -0.253 1.5748, 3.5946 0.8649 1.5748, 3.5952 0.8647 1.5748, 3.6093 0.8585 1.5748, 3.1949 0.8687 1.5748, 3.2009 0.8649 1.5748, 3.1569 -0.2319 1.5748, 3.4439 -0.3259 1.5748, 3.4398 -0.3369 1.5748, 2.8012 0.8687 1.5748, 2.8072 0.8649 1.5748, 2.8219 0.8585 1.5748, 2.8294 0.8569 1.5748, 2.871 0.8633 1.5748, 2.8717 0.8638 1.5748, 2.8909 0.8765 1.5748, 2.3653 0.9318 1.5748, 2.3678 0.9225 1.5748, 2.3571 0.9619 1.5748, 2.3869 0.8887 1.5748, 2.3918 0.8828 1.5748, 2.3946 0.8803 1.5748, 2.4737 0.8616 1.5748, 4.012 -0.2969 1.5748, 4.0089 -0.2897 1.5748, 3.9319 0.9619 1.5748, 3.9401 0.9318 1.5748, 3.9426 0.9225 1.5748, 3.946 0.9147 1.5748, 3.952 0.9047 1.5748, 3.9557 0.8987 1.5748, 3.9617 0.8887 1.5748, 3.6266 -0.3273 1.5748, 3.5464 0.9318 1.5748, 3.5489 0.9225 1.5748, 3.5757 0.8803 1.5748, 3.5729 0.8828 1.5748, 3.568 0.8887 1.5748, 3.5773 0.8789 1.5748, 3.5886 0.8687 1.5748, 3.6384 0.8568 1.5748, 3.9064 -0.2366 1.5748, 3.9027 -0.2383 1.5748, 3.2329 -0.3273 1.5748, 3.2249 -0.2975 1.5748, 3.2108 -0.2719 1.5748, 3.2058 -0.2637 1.5748, 3.2008 -0.2578 1.5748, 3.1955 -0.253 1.5748, 3.2545 0.8597 1.5748, 3.2611 0.8616 1.5748, 3.2647 0.8633 1.5748, 2.8392 -0.3273 1.5748, 2.8312 -0.2975 1.5748, 2.8171 -0.2719 1.5748, 2.8121 -0.2637 1.5748, 2.8071 -0.2578 1.5748, 2.8018 -0.253 1.5748, 2.4372 -0.2969 1.5748, 2.4341 -0.2897 1.5748, 2.119 0.8923 1.5748, 2.3712 0.9147 1.5748, 2.3772 0.9047 1.5748, 3.6183 -0.2969 1.5748, 3.6152 -0.2897 1.5748, 3.5382 0.9619 1.5748, 3.5523 0.9147 1.5748, 3.5583 0.9047 1.5748, 3.1527 0.9318 1.5748, 3.1552 0.9225 1.5748, 3.1743 0.8887 1.5748, 3.1792 0.8828 1.5748, 3.182 0.8803 1.5748, 3.2015 0.8647 1.5748, 3.2129 0.8597 1.5748, 2.759 0.9318 1.5748, 2.7615 0.9225 1.5748, 2.7806 0.8887 1.5748, 2.7855 0.8828 1.5748, 2.7883 0.8803 1.5748, 2.8674 0.8616 1.5748, 3.2246 -0.2969 1.5748, 3.2215 -0.2897 1.5748, 3.1445 0.9619 1.5748, 3.1586 0.9147 1.5748, 3.1646 0.9047 1.5748, 3.2447 0.8568 1.5748, 3.5127 -0.2366 1.5748, 3.509 -0.2383 1.5748, 2.8309 -0.2969 1.5748, 2.8278 -0.2897 1.5748, 2.7508 0.9619 1.5748, 2.7649 0.9147 1.5748, 2.7709 0.9047 1.5748, 2.7709 0.9047 1.5748
            ]
        }
        coordIndex [
            0,1,2,-1,2,1,3,-1,2,3,4,-1,5,6,7,-1,8,2,9,-1,9,2,10,-1,6,11,7,-1,7,11,12,-1,7,12,4,-1,4,12,13,-1,4,13,2,-1,8,14,2,-1,2,14,15,-1,2,15,0,-1,16,17,18,-1,18,19,16,-1,16,19,20,-1,16,20,21,-1,22,23,24,-1,24,23,25,-1,24,25,26,-1,27,28,29,-1,30,31,7,-1,7,31,32,-1,7,32,33,-1,21,34,16,-1,16,34,35,-1,16,35,7,-1,7,35,36,-1,7,36,5,-1,22,37,38,-1,39,40,41,-1,41,40,42,-1,39,43,40,-1,40,43,44,-1,40,44,45,-1,46,47,48,-1,46,48,49,-1,50,51,52,-1,52,51,53,-1,52,53,54,-1,55,56,57,-1,57,56,58,-1,59,60,61,-1,62,63,64,-1,64,63,65,-1,64,65,66,-1,67,68,69,-1,70,71,72,-1,72,71,73,-1,72,73,74,-1,33,75,7,-1,7,75,76,-1,7,76,77,-1,78,23,79,-1,37,80,38,-1,38,80,81,-1,38,81,82,-1,45,83,40,-1,40,83,84,-1,40,84,48,-1,48,84,85,-1,48,85,49,-1,86,87,88,-1,88,87,89,-1,88,89,90,-1,90,89,91,-1,50,92,93,-1,93,92,94,-1,93,94,95,-1,96,97,98,-1,98,97,99,-1,98,99,100,-1,100,99,101,-1,102,103,61,-1,61,103,104,-1,105,106,102,-1,102,106,107,-1,102,107,103,-1,28,108,29,-1,29,108,109,-1,29,109,110,-1,110,109,111,-1,112,113,114,-1,114,113,115,-1,115,116,114,-1,114,116,117,-1,114,117,118,-1,77,119,7,-1,7,119,120,-1,7,120,16,-1,121,122,123,-1,123,122,124,-1,123,124,125,-1,126,90,127,-1,91,128,129,-1,101,130,131,-1,58,132,133,-1,133,132,134,-1,134,135,133,-1,133,135,136,-1,133,136,137,-1,61,60,138,-1,104,139,140,-1,67,69,62,-1,68,141,69,-1,69,141,142,-1,69,142,143,-1,144,145,55,-1,55,145,146,-1,55,146,56,-1,147,148,110,-1,110,148,149,-1,110,149,150,-1,111,151,152,-1,74,153,72,-1,72,153,154,-1,72,154,155,-1,155,154,156,-1,155,156,112,-1,157,158,123,-1,159,160,23,-1,23,160,161,-1,23,161,79,-1,78,79,125,-1,125,79,162,-1,125,162,123,-1,163,164,90,-1,90,164,165,-1,90,165,127,-1,128,166,129,-1,129,166,167,-1,129,167,168,-1,169,170,88,-1,170,171,88,-1,88,171,172,-1,88,172,86,-1,57,173,174,-1,174,173,175,-1,174,175,100,-1,130,176,131,-1,131,176,177,-1,131,177,178,-1,179,180,98,-1,180,181,98,-1,98,181,182,-1,98,182,96,-1,139,183,140,-1,140,183,184,-1,140,184,185,-1,186,187,102,-1,151,188,152,-1,152,188,189,-1,152,189,190,-1,191,192,29,-1,192,193,29,-1,29,193,194,-1,29,194,27,-1,42,40,123,-1,123,40,195,-1,123,195,157,-1,196,197,123,-1,197,198,123,-1,123,198,199,-1,123,199,121,-1,200,201,23,-1,202,203,51,-1,51,203,204,-1,51,204,205,-1,126,127,205,-1,205,127,206,-1,205,206,51,-1,207,208,25,-1,25,208,209,-1,25,209,26,-1,210,100,211,-1,211,100,212,-1,210,213,100,-1,100,213,214,-1,100,214,174,-1,215,216,57,-1,57,216,217,-1,57,217,173,-1,218,219,53,-1,53,219,220,-1,53,220,54,-1,221,222,61,-1,61,222,223,-1,61,223,59,-1,224,225,63,-1,63,225,226,-1,63,226,227,-1,138,60,227,-1,227,60,228,-1,227,228,63,-1,187,229,102,-1,102,229,230,-1,102,230,105,-1,231,232,110,-1,110,232,233,-1,110,233,147,-1,234,235,155,-1,155,235,236,-1,155,236,237,-1,150,149,237,-1,237,149,238,-1,237,238,155,-1,239,240,65,-1,65,240,241,-1,65,241,66,-1,70,72,242,-1,242,72,243,-1,242,243,7,-1,7,243,244,-1,7,244,30,-1,245,246,23,-1,23,246,247,-1,23,247,159,-1,91,129,90,-1,90,129,248,-1,90,248,249,-1,250,251,90,-1,251,252,90,-1,90,252,253,-1,90,253,163,-1,101,131,100,-1,100,131,254,-1,100,254,255,-1,256,257,100,-1,257,258,100,-1,100,258,259,-1,100,259,212,-1,104,140,61,-1,61,140,260,-1,61,260,261,-1,262,263,61,-1,111,152,110,-1,110,152,264,-1,110,264,265,-1,158,266,123,-1,123,266,267,-1,123,267,196,-1,22,38,23,-1,23,38,268,-1,23,268,200,-1,201,269,23,-1,23,269,270,-1,23,270,245,-1,271,272,51,-1,273,274,51,-1,51,274,275,-1,51,275,202,-1,169,88,25,-1,25,88,276,-1,25,276,207,-1,277,278,57,-1,279,280,57,-1,57,280,281,-1,57,281,215,-1,179,98,53,-1,53,98,282,-1,53,282,218,-1,263,283,61,-1,61,283,284,-1,61,284,221,-1,285,286,63,-1,287,288,63,-1,63,288,289,-1,63,289,224,-1,186,102,290,-1,290,102,291,-1,290,291,55,-1,55,291,292,-1,55,292,144,-1,293,294,110,-1,110,294,295,-1,110,295,231,-1,296,297,155,-1,298,299,155,-1,299,300,155,-1,155,300,301,-1,155,301,234,-1,191,29,65,-1,65,29,302,-1,65,302,239,-1,249,303,90,-1,90,303,304,-1,90,304,250,-1,50,93,51,-1,51,93,305,-1,51,305,271,-1,272,306,51,-1,51,306,307,-1,51,307,273,-1,255,308,100,-1,100,308,309,-1,100,309,256,-1,58,133,57,-1,57,133,310,-1,57,310,277,-1,278,311,57,-1,57,311,312,-1,57,312,279,-1,261,313,61,-1,61,313,314,-1,61,314,262,-1,285,63,315,-1,286,316,63,-1,63,316,317,-1,63,317,287,-1,265,318,110,-1,110,318,319,-1,110,319,293,-1,112,114,155,-1,155,114,320,-1,155,320,296,-1,62,69,63,-1,63,69,321,-1,63,321,315,-1,297,322,155,-1,155,322,323,-1,155,323,298,-1,324,48,325,-1,325,48,47,-1,326,327,328,-1,328,327,329,-1,328,329,330,-1,331,332,333,-1,333,334,331,-1,331,334,335,-1,331,335,336,-1,336,337,331,-1,331,337,338,-1,331,338,339,-1,340,341,342,-1,343,344,345,-1,324,346,48,-1,48,346,347,-1,48,347,348,-1,348,349,48,-1,48,349,350,-1,48,350,351,-1,352,353,354,-1,352,354,355,-1,356,357,358,-1,358,357,359,-1,358,359,360,-1,361,362,363,-1,363,362,364,-1,363,364,365,-1,326,366,367,-1,340,342,368,-1,369,325,370,-1,344,371,345,-1,345,371,372,-1,345,372,373,-1,351,374,48,-1,48,374,375,-1,48,375,354,-1,354,375,376,-1,354,376,355,-1,377,378,379,-1,379,378,380,-1,381,382,383,-1,343,342,384,-1,384,342,383,-1,384,383,385,-1,385,383,382,-1,386,387,388,-1,388,387,389,-1,388,389,390,-1,390,389,391,-1,392,393,394,-1,394,393,395,-1,356,396,397,-1,398,399,392,-1,392,399,400,-1,392,400,393,-1,401,362,402,-1,361,403,143,-1,366,404,367,-1,367,404,405,-1,367,405,406,-1,407,408,409,-1,409,408,410,-1,409,410,411,-1,412,413,325,-1,325,413,414,-1,325,414,370,-1,415,416,379,-1,417,418,419,-1,419,418,420,-1,419,420,421,-1,422,423,82,-1,380,424,425,-1,426,427,428,-1,428,427,429,-1,391,430,431,-1,432,433,426,-1,426,433,434,-1,426,434,427,-1,395,435,137,-1,137,435,436,-1,396,437,397,-1,397,437,438,-1,397,438,439,-1,440,441,362,-1,362,441,442,-1,362,442,402,-1,403,443,143,-1,143,443,444,-1,143,444,69,-1,445,446,364,-1,446,447,364,-1,364,447,448,-1,364,448,365,-1,449,408,450,-1,407,451,118,-1,369,370,341,-1,341,370,452,-1,341,452,342,-1,415,379,453,-1,454,418,455,-1,424,456,425,-1,425,456,457,-1,425,457,458,-1,430,459,431,-1,431,459,460,-1,431,460,461,-1,462,463,377,-1,377,463,464,-1,377,464,378,-1,394,465,466,-1,466,467,394,-1,394,467,468,-1,394,468,469,-1,469,468,470,-1,469,470,357,-1,471,472,327,-1,327,472,473,-1,327,473,474,-1,401,402,474,-1,474,402,475,-1,474,475,327,-1,476,477,359,-1,359,477,478,-1,359,478,360,-1,479,480,408,-1,408,480,481,-1,408,481,450,-1,451,482,118,-1,118,482,483,-1,118,483,114,-1,484,485,410,-1,485,486,410,-1,410,486,487,-1,410,487,411,-1,488,489,325,-1,489,490,325,-1,325,490,491,-1,325,491,412,-1,492,493,342,-1,342,493,494,-1,342,494,368,-1,495,496,418,-1,418,496,497,-1,418,497,455,-1,422,82,417,-1,423,498,82,-1,82,498,499,-1,82,499,38,-1,500,501,420,-1,501,502,420,-1,420,502,503,-1,420,503,421,-1,428,504,505,-1,505,506,428,-1,428,506,507,-1,428,507,508,-1,508,507,509,-1,508,509,390,-1,429,510,95,-1,95,510,511,-1,511,512,95,-1,95,512,513,-1,95,513,93,-1,357,514,515,-1,436,516,137,-1,137,516,517,-1,137,517,133,-1,518,519,388,-1,388,519,520,-1,388,520,386,-1,361,143,362,-1,362,143,521,-1,362,521,522,-1,523,524,362,-1,524,525,362,-1,362,525,526,-1,362,526,440,-1,527,528,529,-1,529,528,530,-1,529,530,531,-1,449,450,531,-1,531,450,532,-1,531,532,529,-1,533,534,329,-1,329,534,535,-1,329,535,330,-1,454,455,416,-1,416,455,536,-1,416,536,379,-1,537,538,383,-1,383,538,539,-1,383,539,381,-1,540,541,377,-1,395,137,394,-1,394,137,542,-1,394,542,543,-1,544,545,394,-1,545,546,394,-1,394,546,547,-1,394,547,465,-1,515,548,357,-1,357,548,549,-1,357,549,469,-1,550,551,327,-1,552,553,327,-1,327,553,554,-1,327,554,471,-1,445,364,359,-1,359,364,555,-1,359,555,476,-1,407,118,408,-1,408,118,556,-1,408,556,557,-1,558,559,408,-1,559,560,408,-1,408,560,561,-1,408,561,479,-1,47,562,325,-1,325,562,563,-1,325,563,564,-1,343,345,342,-1,342,345,565,-1,342,565,566,-1,566,567,342,-1,342,567,568,-1,342,568,569,-1,569,570,342,-1,342,570,571,-1,342,571,492,-1,572,573,418,-1,574,575,418,-1,575,576,418,-1,418,576,577,-1,418,577,495,-1,578,579,379,-1,379,579,580,-1,379,580,453,-1,581,582,428,-1,583,584,428,-1,428,584,585,-1,428,585,504,-1,586,587,390,-1,390,587,588,-1,390,588,508,-1,541,589,377,-1,377,589,590,-1,377,590,462,-1,591,592,357,-1,593,594,357,-1,357,594,595,-1,357,595,514,-1,518,388,596,-1,596,388,597,-1,596,597,392,-1,392,597,598,-1,392,598,398,-1,522,599,362,-1,362,599,600,-1,362,600,523,-1,326,367,327,-1,327,367,601,-1,327,601,550,-1,551,602,327,-1,327,602,603,-1,327,603,552,-1,604,605,529,-1,604,529,606,-1,607,608,529,-1,529,608,609,-1,529,609,527,-1,484,410,329,-1,329,410,610,-1,329,610,533,-1,564,611,325,-1,325,611,612,-1,325,612,488,-1,417,82,418,-1,418,82,613,-1,418,613,572,-1,500,420,383,-1,383,420,614,-1,383,614,537,-1,429,95,428,-1,428,95,615,-1,428,615,581,-1,582,616,428,-1,428,616,617,-1,428,617,583,-1,618,619,390,-1,620,390,621,-1,621,390,622,-1,620,623,390,-1,390,623,624,-1,390,624,586,-1,540,377,625,-1,625,377,626,-1,625,626,426,-1,426,626,627,-1,426,627,432,-1,543,628,394,-1,394,628,629,-1,394,629,544,-1,356,397,357,-1,357,397,630,-1,357,630,591,-1,592,631,357,-1,357,631,632,-1,357,632,593,-1,557,633,408,-1,408,633,634,-1,408,634,558,-1,332,331,529,-1,529,331,635,-1,529,635,606,-1,605,636,529,-1,529,636,637,-1,529,637,607,-1,573,638,418,-1,418,638,639,-1,418,639,574,-1,380,425,379,-1,379,425,640,-1,379,640,641,-1,641,642,379,-1,379,642,643,-1,379,643,644,-1,644,645,379,-1,379,645,646,-1,379,646,578,-1,391,431,390,-1,390,431,647,-1,390,647,618,-1,619,648,390,-1,390,648,649,-1,390,649,622,-1,650,651,652,-1,652,651,653,-1,653,651,654,-1,653,654,655,-1,656,657,658,-1,658,657,659,-1,658,659,653,-1,660,661,662,-1,662,661,663,-1,662,663,664,-1,665,666,667,-1,668,669,656,-1,656,669,670,-1,656,670,657,-1,655,671,653,-1,653,671,672,-1,653,672,658,-1,673,674,675,-1,675,674,676,-1,675,676,677,-1,660,678,679,-1,680,681,682,-1,683,684,685,-1,685,684,686,-1,685,686,687,-1,688,689,690,-1,691,692,693,-1,693,692,694,-1,693,694,695,-1,696,661,697,-1,673,698,373,-1,678,699,679,-1,679,699,700,-1,679,700,701,-1,702,703,704,-1,704,703,705,-1,704,705,682,-1,682,705,706,-1,688,690,707,-1,708,709,690,-1,690,709,710,-1,711,712,708,-1,712,713,708,-1,708,713,714,-1,708,714,709,-1,715,716,717,-1,717,716,718,-1,667,666,719,-1,719,666,720,-1,719,720,721,-1,722,723,715,-1,715,723,724,-1,715,724,716,-1,725,726,727,-1,727,726,728,-1,725,729,726,-1,726,729,730,-1,726,730,731,-1,732,354,733,-1,733,354,353,-1,734,735,656,-1,656,735,736,-1,656,736,668,-1,737,738,674,-1,674,738,739,-1,674,739,740,-1,698,741,373,-1,373,741,742,-1,373,742,345,-1,743,744,676,-1,744,745,676,-1,676,745,746,-1,676,746,677,-1,682,681,747,-1,706,748,458,-1,683,749,750,-1,750,749,751,-1,751,752,750,-1,750,752,753,-1,750,753,754,-1,755,692,756,-1,710,757,461,-1,691,758,759,-1,759,758,760,-1,760,761,759,-1,759,761,762,-1,759,762,763,-1,764,765,717,-1,717,765,766,-1,717,766,767,-1,718,768,439,-1,769,770,771,-1,771,770,772,-1,771,772,773,-1,774,775,776,-1,731,777,726,-1,726,777,778,-1,726,778,331,-1,331,778,779,-1,331,779,780,-1,780,781,331,-1,331,781,782,-1,331,782,635,-1,783,784,661,-1,661,784,785,-1,661,785,697,-1,696,697,740,-1,740,697,786,-1,740,786,674,-1,787,788,652,-1,652,788,789,-1,652,789,650,-1,682,790,791,-1,748,792,458,-1,458,792,793,-1,458,793,425,-1,794,795,704,-1,795,796,704,-1,704,796,797,-1,704,797,702,-1,757,798,461,-1,461,798,799,-1,461,799,431,-1,768,800,439,-1,439,800,801,-1,439,801,397,-1,802,803,715,-1,803,804,715,-1,715,804,805,-1,715,805,722,-1,774,776,806,-1,807,808,809,-1,809,808,810,-1,809,810,811,-1,812,813,814,-1,814,813,815,-1,814,815,809,-1,809,815,816,-1,809,816,817,-1,817,818,406,-1,732,819,354,-1,354,819,820,-1,354,820,656,-1,656,820,821,-1,656,821,734,-1,673,373,674,-1,674,373,822,-1,674,822,823,-1,824,825,674,-1,825,826,674,-1,674,826,827,-1,674,827,737,-1,828,829,684,-1,684,829,830,-1,684,830,831,-1,747,681,831,-1,831,681,832,-1,831,832,684,-1,833,834,663,-1,663,834,835,-1,663,835,664,-1,836,837,692,-1,692,837,838,-1,692,838,756,-1,755,756,689,-1,689,756,839,-1,689,839,690,-1,840,841,686,-1,841,842,686,-1,686,842,843,-1,686,843,687,-1,844,845,717,-1,717,845,846,-1,717,846,764,-1,847,848,719,-1,719,848,849,-1,719,849,850,-1,767,766,850,-1,850,766,851,-1,850,851,719,-1,852,853,694,-1,694,853,854,-1,694,854,695,-1,818,855,406,-1,406,855,856,-1,406,856,367,-1,857,858,814,-1,858,859,814,-1,814,859,860,-1,814,860,812,-1,861,862,661,-1,863,864,661,-1,661,864,865,-1,661,865,783,-1,743,676,652,-1,652,676,866,-1,652,866,787,-1,706,458,682,-1,682,458,867,-1,682,867,868,-1,869,870,682,-1,870,871,682,-1,682,871,872,-1,682,872,790,-1,791,873,682,-1,682,873,874,-1,682,874,680,-1,875,876,684,-1,710,461,690,-1,690,461,877,-1,690,877,878,-1,879,880,690,-1,690,880,881,-1,690,881,882,-1,882,883,690,-1,690,883,884,-1,690,884,707,-1,885,886,692,-1,887,888,708,-1,708,888,889,-1,708,889,711,-1,718,439,717,-1,717,439,890,-1,717,890,891,-1,892,893,809,-1,809,893,894,-1,809,894,807,-1,811,810,775,-1,775,810,895,-1,775,895,776,-1,896,897,667,-1,667,897,898,-1,667,898,665,-1,823,899,674,-1,674,899,900,-1,674,900,824,-1,660,679,661,-1,661,679,901,-1,661,901,861,-1,862,902,661,-1,661,902,903,-1,661,903,863,-1,904,905,684,-1,684,905,906,-1,684,906,828,-1,794,704,663,-1,663,704,907,-1,663,907,833,-1,908,909,692,-1,692,909,910,-1,692,910,836,-1,911,912,717,-1,717,912,913,-1,717,913,844,-1,914,915,719,-1,719,915,916,-1,719,916,847,-1,802,715,694,-1,694,715,917,-1,694,917,852,-1,817,406,809,-1,809,406,918,-1,809,918,919,-1,920,921,776,-1,776,921,922,-1,776,922,806,-1,868,923,682,-1,682,923,924,-1,682,924,869,-1,683,750,684,-1,684,750,925,-1,684,925,875,-1,876,926,684,-1,684,926,927,-1,684,927,904,-1,878,928,690,-1,690,928,929,-1,690,929,879,-1,885,692,930,-1,886,931,692,-1,692,931,932,-1,692,932,908,-1,840,686,708,-1,708,686,933,-1,708,933,887,-1,891,934,717,-1,717,934,935,-1,717,935,911,-1,936,719,771,-1,771,719,721,-1,771,721,769,-1,936,937,719,-1,719,937,938,-1,719,938,939,-1,939,940,719,-1,719,940,941,-1,719,941,914,-1,942,943,809,-1,809,943,944,-1,809,944,892,-1,945,946,776,-1,857,814,667,-1,667,814,947,-1,667,947,896,-1,691,759,692,-1,692,759,948,-1,692,948,930,-1,728,726,776,-1,776,726,949,-1,776,949,945,-1,946,950,776,-1,776,950,951,-1,776,951,952,-1,952,953,776,-1,776,953,954,-1,776,954,920,-1,919,955,809,-1,809,955,956,-1,809,956,942,-1,957,949,726,-1,958,679,701,-1,959,960,16,-1,961,962,963,-1,964,965,966,-1,966,965,967,-1,959,16,968,-1,961,963,969,-1,967,970,168,-1,971,972,973,-1,973,972,974,-1,974,975,973,-1,973,975,976,-1,973,976,977,-1,977,976,978,-1,977,978,979,-1,980,195,40,-1,981,982,983,-1,983,982,984,-1,985,986,987,-1,987,986,988,-1,987,988,989,-1,960,990,16,-1,16,990,991,-1,16,991,17,-1,992,993,966,-1,966,993,994,-1,966,994,995,-1,970,996,168,-1,168,996,997,-1,168,997,129,-1,979,998,977,-1,977,998,999,-1,977,999,40,-1,40,999,1000,-1,40,1000,980,-1,1001,1002,1003,-1,1003,1002,1004,-1,984,1005,178,-1,1006,1007,1001,-1,1001,1007,1008,-1,1001,1008,1002,-1,1009,1010,1011,-1,1011,1010,1012,-1,1011,1012,1013,-1,1014,1015,1016,-1,1016,1015,1017,-1,1016,1017,1018,-1,1018,1017,1019,-1,1020,1021,1022,-1,985,1023,773,-1,957,726,1024,-1,1025,1026,1027,-1,1027,1026,1028,-1,1027,1028,1029,-1,1004,1030,701,-1,1005,1031,178,-1,178,1031,1032,-1,178,1032,131,-1,1033,1034,1015,-1,1035,1036,1037,-1,1037,1036,1038,-1,1014,1039,185,-1,1040,1041,1035,-1,1035,1041,1042,-1,1035,1042,1036,-1,1043,1044,1045,-1,1045,1044,1046,-1,1045,1046,1047,-1,1009,1048,190,-1,1049,1050,986,-1,986,1050,1051,-1,986,1051,1052,-1,1023,1053,773,-1,773,1053,1054,-1,773,1054,771,-1,1055,1056,988,-1,1056,1057,988,-1,988,1057,1058,-1,988,1058,989,-1,1059,1060,1061,-1,1061,1060,1062,-1,1061,1062,963,-1,963,1062,1063,-1,963,1063,969,-1,962,1064,963,-1,963,1064,1065,-1,963,1065,726,-1,726,1065,1066,-1,726,1066,1024,-1,1067,1068,1027,-1,995,994,1029,-1,1029,994,1069,-1,1029,1069,1027,-1,1003,1070,1071,-1,1071,1072,1003,-1,1003,1072,1073,-1,1003,1073,1074,-1,1074,1073,1075,-1,1074,1075,983,-1,1076,1077,964,-1,964,1077,1078,-1,964,1078,965,-1,1079,1037,1080,-1,1038,1081,754,-1,754,1081,1082,-1,1039,1083,185,-1,185,1083,1084,-1,185,1084,140,-1,1085,1086,981,-1,1086,1087,981,-1,981,1087,1088,-1,981,1088,982,-1,1089,1010,1090,-1,1043,1091,763,-1,1048,1092,190,-1,190,1092,1093,-1,190,1093,152,-1,1094,1095,1021,-1,1021,1095,1096,-1,1021,1096,1022,-1,1020,1022,1052,-1,1052,1022,1097,-1,1052,1097,986,-1,1098,1099,1012,-1,1012,1099,1100,-1,1012,1100,1013,-1,1067,1027,1101,-1,1102,1103,1027,-1,1103,1104,1027,-1,1027,1104,1105,-1,1027,1105,1025,-1,1106,1107,966,-1,966,1107,1108,-1,966,1108,992,-1,1030,1109,701,-1,701,1109,1110,-1,701,1110,958,-1,1111,1112,964,-1,964,1112,1113,-1,964,1113,1076,-1,1114,1115,1037,-1,1037,1115,1116,-1,1037,1116,1080,-1,1117,1118,1044,-1,1044,1118,1119,-1,1044,1119,1120,-1,1091,1121,763,-1,763,1121,1122,-1,763,1122,759,-1,1123,1124,1046,-1,1124,1125,1046,-1,1046,1125,1126,-1,1046,1126,1047,-1,985,773,986,-1,986,773,1127,-1,986,1127,1128,-1,1129,1130,986,-1,1130,1131,986,-1,986,1131,1132,-1,986,1132,1049,-1,971,973,1133,-1,1133,973,656,-1,1133,656,1027,-1,1027,656,658,-1,1027,658,1101,-1,1134,1135,1003,-1,1136,1137,1003,-1,1137,1138,1003,-1,1003,1138,1139,-1,1003,1139,1070,-1,1140,1141,983,-1,983,1141,1142,-1,983,1142,1074,-1,1015,1143,1144,-1,1079,1080,1034,-1,1034,1080,1145,-1,1034,1145,1015,-1,1082,1146,754,-1,754,1146,1147,-1,754,1147,750,-1,1148,1149,1010,-1,1010,1149,1150,-1,1010,1150,1090,-1,1089,1090,1120,-1,1120,1090,1151,-1,1120,1151,1044,-1,1152,1153,1017,-1,1017,1153,1154,-1,1017,1154,1019,-1,1155,1156,1021,-1,1155,1021,1157,-1,1158,1159,1021,-1,1021,1159,1160,-1,1021,1160,1094,-1,1055,988,1012,-1,1012,988,1161,-1,1012,1161,1098,-1,1068,1162,1027,-1,1027,1162,1163,-1,1027,1163,1102,-1,967,168,966,-1,966,168,1164,-1,966,1164,1165,-1,1165,1166,966,-1,966,1166,1167,-1,966,1167,1168,-1,1168,1169,966,-1,966,1169,1170,-1,966,1170,1106,-1,1004,701,1003,-1,1003,701,1171,-1,1003,1171,1134,-1,1172,1173,983,-1,1174,983,1175,-1,1175,983,1176,-1,1174,1177,983,-1,983,1177,1178,-1,983,1178,1140,-1,1111,964,1179,-1,1179,964,1180,-1,1179,1180,1001,-1,1001,1180,1181,-1,1001,1181,1006,-1,1038,754,1037,-1,1037,754,1182,-1,1037,1182,1183,-1,1184,1185,1037,-1,1185,1186,1037,-1,1037,1186,1187,-1,1037,1187,1114,-1,1188,1189,981,-1,981,1189,1190,-1,981,1190,1085,-1,1043,763,1044,-1,1044,763,1191,-1,1044,1191,1192,-1,1193,1194,1044,-1,1194,1195,1044,-1,1044,1195,1196,-1,1044,1196,1117,-1,1128,1197,986,-1,986,1197,1198,-1,986,1198,1129,-1,1059,1199,1060,-1,1060,1199,968,-1,1060,968,1021,-1,1021,968,16,-1,1021,16,1157,-1,1156,1200,1021,-1,1021,1200,1201,-1,1021,1201,1158,-1,1135,1202,1003,-1,1003,1202,1203,-1,1003,1203,1136,-1,984,178,983,-1,983,178,1204,-1,983,1204,1172,-1,1173,1205,983,-1,983,1205,1206,-1,983,1206,1176,-1,1207,1208,1015,-1,1209,1210,1015,-1,1015,1210,1211,-1,1015,1211,1143,-1,1144,1212,1015,-1,1015,1212,1213,-1,1015,1213,1033,-1,1214,1215,1010,-1,1216,1217,1010,-1,1010,1217,1218,-1,1010,1218,1148,-1,1123,1046,1017,-1,1017,1046,1219,-1,1017,1219,1152,-1,1183,1220,1037,-1,1037,1220,1221,-1,1037,1221,1184,-1,1014,185,1015,-1,1015,185,1222,-1,1015,1222,1207,-1,1208,1223,1015,-1,1015,1223,1224,-1,1015,1224,1209,-1,1188,981,1225,-1,1225,981,1226,-1,1225,1226,1035,-1,1035,1226,1227,-1,1035,1227,1040,-1,1192,1228,1044,-1,1044,1228,1229,-1,1044,1229,1193,-1,1009,190,1010,-1,1010,190,1230,-1,1010,1230,1214,-1,1215,1231,1010,-1,1010,1231,1232,-1,1010,1232,1216,-1,
        ]
    }
}
Shape{
    appearance Appearance {
        material  Material 	{
            diffuseColor 0.7764705882352941 0.7568627450980392 0.7372549019607844
            specularColor 0.38823529411764707 0.3764705882352941 0.3686274509803922
            ambientIntensity 0.2
            transparency 0
            shininess 0.5
        }
    }
    geometry IndexedFaceSet {
        ccw TRUE
        solid FALSE
        coord DEF co Coordinate {
            point [
                4.4513 1.0236 1.2533, 4.4513 0.8691 1.5748, 4.4513 0.9621 1.5748, 4.4513 1.2975 1.1686, 4.4513 1.2504 1.1487, 4.4513 1.1997 1.1417, 4.4513 1.338 1.1999, 4.4513 1.1562 1.1469, 4.4513 1.1149 1.1616, 4.4513 1.3885 1.2879, 4.4513 1.369 1.2406, 4.4513 1.0778 1.1851, 4.4513 1.0469 1.2161, 4.4513 -0.744 1.2406, 4.4513 -0.3371 1.5748, 4.4513 -0.713 1.1999, 4.4513 -0.2441 1.5748, 4.4513 -0.3986 1.2533, 4.4513 -0.4219 1.2161, 4.4513 -0.4528 1.1851, 4.4513 -0.4899 1.1616, 4.4513 -0.5312 1.1469, 4.4513 -0.5747 1.1417, 4.4513 -0.6725 1.1686, 4.4513 -0.6254 1.1487, 4.4513 1.3688 3.2087, 4.4513 1.3885 3.1612, 4.4513 0.9621 2.874, 4.4513 1.3952 3.1102, 4.4513 1.3952 1.3386, 4.4513 -0.6718 3.2807, 4.4513 -0.6243 3.3004, 4.4513 -0.3371 2.874, 4.4513 -0.5733 3.3071, 4.4513 1.1983 3.3071, 4.4513 1.2493 3.3004, 4.4513 -0.7635 1.2879, 4.4513 -0.7702 1.3386, 4.4513 -0.7702 3.1102, 4.4513 -0.7635 3.1612, 4.4513 1.2968 3.2807, 4.4513 1.3375 3.2494, 4.4513 -0.7438 3.2087, 4.4513 -0.7125 3.2494, 4.6481 1.3952 3.1102, 4.6481 1.3952 1.3386, 4.6481 1.1983 3.3071, 4.6481 -0.5733 3.3071, 4.6481 -0.7702 3.1102, 4.6481 -0.7702 1.3386, 4.6481 -0.744 1.2406, 4.6481 -0.713 1.1999, 4.6481 -0.3371 1.5748, 4.6481 -0.6725 1.1686, 4.6481 -0.6254 1.1487, 4.6481 -0.5747 1.1417, 4.6481 -0.4899 1.1616, 4.6481 -0.4528 1.1851, 4.6481 -0.7635 1.2879, 4.6481 -0.5312 1.1469, 4.6481 -0.2441 1.5748, 4.6481 -0.3986 1.2533, 4.6481 -0.4219 1.2161, 4.6481 -0.7438 3.2087, 4.6481 -0.7635 3.1612, 4.6481 -0.3371 2.874, 4.6481 1.2968 3.2807, 4.6481 1.2493 3.3004, 4.6481 0.9621 2.874, 4.6481 -0.6243 3.3004, 4.6481 1.369 1.2406, 4.6481 0.9621 1.5748, 4.6481 1.338 1.1999, 4.6481 0.8691 1.5748, 4.6481 1.0236 1.2533, 4.6481 -0.6718 3.2807, 4.6481 -0.7125 3.2494, 4.6481 1.3885 3.1612, 4.6481 1.3688 3.2087, 4.6481 1.3375 3.2494, 4.6481 1.3885 1.2879, 4.6481 1.1149 1.1616, 4.6481 1.1562 1.1469, 4.6481 1.1997 1.1417, 4.6481 1.2975 1.1686, 4.6481 1.2504 1.1487, 4.6481 1.0469 1.2161, 4.6481 1.0778 1.1851, 4.4513 -0.2178 1.6295, 4.4513 0.8428 1.6295, 4.6481 -0.2178 1.6295, 4.6481 0.8428 1.6295, 4.6481 0.8428 1.6295
            ]
        }
        coordIndex [
            0,1,2,-1,3,4,5,-1,3,5,6,-1,6,5,7,-1,6,7,8,-1,9,10,2,-1,2,10,6,-1,2,6,0,-1,8,11,6,-1,6,11,12,-1,6,12,0,-1,13,14,15,-1,15,14,16,-1,15,16,17,-1,17,18,15,-1,15,18,19,-1,15,19,20,-1,20,21,15,-1,15,21,22,-1,15,22,23,-1,23,22,24,-1,25,26,27,-1,27,26,28,-1,27,28,2,-1,2,28,29,-1,2,29,9,-1,30,31,32,-1,32,31,33,-1,32,33,27,-1,27,33,34,-1,27,34,35,-1,13,36,14,-1,14,36,37,-1,14,37,32,-1,32,37,38,-1,32,38,39,-1,35,40,27,-1,27,40,41,-1,27,41,25,-1,39,42,32,-1,32,42,43,-1,32,43,30,-1,44,45,28,-1,28,45,29,-1,34,33,46,-1,46,33,47,-1,38,37,48,-1,48,37,49,-1,50,51,52,-1,53,54,55,-1,56,57,51,-1,50,52,58,-1,53,55,51,-1,51,55,59,-1,51,59,56,-1,60,52,61,-1,61,52,51,-1,61,51,62,-1,62,51,57,-1,63,64,65,-1,65,64,48,-1,65,48,52,-1,52,48,49,-1,52,49,58,-1,66,67,68,-1,68,67,46,-1,68,46,65,-1,65,46,47,-1,65,47,69,-1,70,71,72,-1,72,71,73,-1,72,73,74,-1,69,75,65,-1,65,75,76,-1,65,76,63,-1,77,78,68,-1,68,78,79,-1,68,79,66,-1,70,80,71,-1,71,80,45,-1,71,45,68,-1,68,45,44,-1,68,44,77,-1,81,82,72,-1,72,82,83,-1,72,83,84,-1,84,83,85,-1,74,86,72,-1,72,86,87,-1,72,87,81,-1,88,16,89,-1,89,16,1,-1,61,17,60,-1,60,17,16,-1,60,16,90,-1,90,16,88,-1,88,89,90,-1,90,89,91,-1,91,89,73,-1,73,89,1,-1,73,1,74,-1,74,1,0,-1,44,28,26,-1,44,26,77,-1,77,26,25,-1,77,25,78,-1,78,25,41,-1,78,41,79,-1,79,41,40,-1,79,40,66,-1,66,40,35,-1,66,35,67,-1,67,35,34,-1,67,34,46,-1,47,33,31,-1,47,31,69,-1,69,31,30,-1,69,30,75,-1,75,30,43,-1,75,43,76,-1,76,43,42,-1,76,42,63,-1,63,42,39,-1,63,39,64,-1,64,39,38,-1,64,38,48,-1,17,61,62,-1,17,62,18,-1,18,62,57,-1,18,57,19,-1,19,57,56,-1,19,56,20,-1,20,56,59,-1,20,59,21,-1,21,59,55,-1,21,55,22,-1,49,37,36,-1,49,36,58,-1,58,36,13,-1,58,13,50,-1,50,13,15,-1,50,15,51,-1,51,15,23,-1,51,23,53,-1,53,23,24,-1,53,24,54,-1,54,24,22,-1,54,22,55,-1,5,83,82,-1,5,82,7,-1,7,82,81,-1,7,81,8,-1,8,81,87,-1,8,87,11,-1,11,87,86,-1,11,86,12,-1,12,86,74,-1,12,74,0,-1,83,5,4,-1,83,4,85,-1,85,4,3,-1,85,3,84,-1,84,3,6,-1,84,6,72,-1,72,6,10,-1,72,10,70,-1,70,10,9,-1,70,9,80,-1,80,9,29,-1,80,29,45,-1,
        ]
    }
}
Shape{
    appearance Appearance {
        material  Material 	{
            diffuseColor 0.10980392156862745 0.10980392156862745 0.10980392156862745
            specularColor 0.0784313725490196 0.0784313725490196 0.0784313725490196
            ambientIntensity 0.2
            transparency 0
            shininess 0.5
        }
    }
    geometry IndexedFaceSet {
        ccw TRUE
        solid FALSE
        coord DEF co Coordinate {
            point [
                5.3174 0.9621 2.874, 5.3174 0.9621 1.5748, 4.6481 0.9621 2.874, 4.6481 0.9621 1.5748, 5.3174 -0.3371 2.874, 4.6481 -0.3371 2.874, 5.3174 -0.3371 1.5748, 4.6481 -0.3371 1.5748, 4.6481 0.8691 1.5748, 4.6481 -0.2441 1.5748, 5.3174 0.8046 2.7165, 5.3174 -0.1796 2.7165, 5.3174 -0.1796 1.7323, 5.3174 0.8046 1.7323, 4.6481 0.8428 1.6295, 4.6481 -0.2178 1.6295, 6.1048 0.8046 2.7165, 6.1048 0.8046 1.7323, 6.1048 -0.1796 2.7165, 6.1048 -0.1796 1.7323, 6.1048 -0.3371 1.5748, 6.1048 -0.3371 2.874, 6.1048 0.9621 2.874, 6.1048 0.9621 1.5748, 7.0891 0.9621 1.5748, 7.0891 -0.3371 1.5748, 7.0891 0.9621 2.874, 7.0891 -0.3371 2.874, 7.0891 -0.3371 2.874
            ]
        }
        coordIndex [
            0,1,2,-1,2,1,3,-1,4,0,5,-1,5,0,2,-1,6,4,7,-1,7,4,5,-1,8,3,1,-1,8,1,9,-1,9,1,6,-1,9,6,7,-1,10,0,11,-1,11,0,4,-1,11,4,12,-1,12,4,6,-1,12,6,13,-1,13,6,1,-1,13,1,10,-1,10,1,0,-1,14,8,15,-1,15,8,9,-1,16,17,10,-1,10,17,13,-1,18,16,11,-1,11,16,10,-1,19,18,12,-1,12,18,11,-1,17,19,13,-1,13,19,12,-1,19,20,18,-1,18,20,21,-1,18,21,16,-1,16,21,22,-1,16,22,17,-1,17,22,23,-1,17,23,19,-1,19,23,20,-1,24,25,23,-1,23,25,20,-1,26,24,22,-1,22,24,23,-1,27,26,21,-1,21,26,22,-1,25,27,20,-1,20,27,21,-1,26,27,24,-1,24,27,25,-1,
        ]
    }
}
Shape{
    appearance Appearance {
        material  Material 	{
            diffuseColor 0.7764705882352941 0.7568627450980392 0.7372549019607844
            specularColor 0.38823529411764707 0.3764705882352941 0.3686274509803922
            ambientIntensity 0.2
            transparency 0
            shininess 0.5
        }
    }
    geometry IndexedFaceSet {
        ccw TRUE
        solid FALSE
        coord DEF co Coordinate {
            point [
                -2.7141 -0.9867 -1.2992, -2.5172 -0.9867 -1.2992, -2.5172 -1.0479 -1.2912, -2.7141 -1.0479 -1.2912, -2.5172 -1.1048 -1.2676, -2.7141 -1.1048 -1.2676, -2.5172 -1.1537 -1.23, -2.7141 -1.1537 -1.23, -2.5172 -1.1913 -1.1811, -2.7141 -1.1913 -1.1811, -2.5172 -1.2149 -1.1241, -2.7141 -1.2149 -1.1241, -2.5172 -1.2229 -1.063, -2.7141 -1.2229 -1.063, -2.7141 -0.7505 -1.063, -2.5172 -0.7505 -1.063, -2.5172 -0.7585 -1.1241, -2.7141 -0.7585 -1.1241, -2.5172 -0.7821 -1.1811, -2.7141 -0.7821 -1.1811, -2.5172 -0.8197 -1.23, -2.7141 -0.8197 -1.23, -2.5172 -0.8686 -1.2676, -2.7141 -0.8686 -1.2676, -2.5172 -0.9256 -1.2912, -2.7141 -0.9256 -1.2912, 2.0891 1.3755 -1.063, 1.8922 1.3755 -1.063, 1.8922 1.3835 -1.1241, 2.0891 1.3835 -1.1241, 1.8922 1.4071 -1.1811, 2.0891 1.4071 -1.1811, 1.8922 1.4447 -1.23, 2.0891 1.4447 -1.23, 1.8922 1.4936 -1.2676, 2.0891 1.4936 -1.2676, 1.8922 1.5506 -1.2912, 2.0891 1.5506 -1.2912, 1.8922 1.6117 -1.2992, 2.0891 1.6117 -1.2992, 1.8922 1.6729 -1.2912, 2.0891 1.6729 -1.2912, 1.8922 1.7298 -1.2676, 2.0891 1.7298 -1.2676, 1.8922 1.7787 -1.23, 2.0891 1.7787 -1.23, 1.8922 1.8163 -1.1811, 2.0891 1.8163 -1.1811, 1.8922 1.8399 -1.1241, 2.0891 1.8399 -1.1241, 1.8922 1.8479 -1.063, 2.0891 1.8479 -1.063, 0.4407 0.7533 3.7402, 0.4407 0.7533 3.937, 0.4135 0.7589 3.7402, 0.4135 0.7589 3.937, 0.3856 0.7579 3.7402, 0.3856 0.7579 3.937, 0.3588 0.7504 3.7402, 0.3588 0.7504 3.937, 0.3345 0.7369 3.7402, 0.3345 0.7369 3.937, 0.314 0.7181 3.7402, 0.314 0.7181 3.937, 0.2985 0.6949 3.7402, 0.2985 0.6949 3.937, 0.2888 0.6688 3.7402, 0.2888 0.6688 3.937, 0.2856 0.6412 3.7402, 0.2856 0.6412 3.937, 1.4349 0.4246 3.7402, 1.4349 0.4246 3.937, 1.4349 0.2004 3.7402, 1.4349 0.2004 3.937, 1.4615 0.213 3.7402, 1.4615 0.213 3.937, 1.4842 0.2319 3.7402, 1.4842 0.2319 3.937, 1.5015 0.2558 3.7402, 1.5015 0.2558 3.937, 1.5123 0.2832 3.7402, 1.5123 0.2832 3.937, 1.516 0.3125 3.7402, 1.516 0.3125 3.937, 1.5123 0.3418 3.7402, 1.5123 0.3418 3.937, 1.5015 0.3692 3.7402, 1.5015 0.3692 3.937, 1.4842 0.3931 3.7402, 1.4842 0.3931 3.937, 1.4615 0.412 3.7402, 1.4615 0.412 3.937, 0.4407 -0.1283 3.7402, 0.4407 -0.1283 3.937, 0.2856 -0.0162 3.7402, 0.2856 -0.0162 3.937, 0.2888 -0.0438 3.7402, 0.2888 -0.0438 3.937, 0.2985 -0.0699 3.7402, 0.2985 -0.0699 3.937, 0.314 -0.0931 3.7402, 0.314 -0.0931 3.937, 0.3345 -0.1119 3.7402, 0.3345 -0.1119 3.937, 0.3588 -0.1254 3.7402, 0.3588 -0.1254 3.937, 0.3856 -0.1329 3.7402, 0.3856 -0.1329 3.937, 0.4135 -0.1339 3.7402, 0.4135 -0.1339 3.937, 0.0024 0.8046 3.7402, 0.0024 -0.1796 3.7402, 0.0024 0.8046 3.937, 0.0024 -0.1796 3.937, -0.3913 -0.1796 3.7402, -0.3913 -0.1796 3.937, -0.3913 0.8046 3.7402, -0.3913 0.8046 3.937, -0.3913 0.8046 3.937
            ]
        }
        coordIndex [
            0,1,2,-1,0,2,3,-1,3,2,4,-1,3,4,5,-1,5,4,6,-1,5,6,7,-1,7,6,8,-1,7,8,9,-1,9,8,10,-1,9,10,11,-1,11,10,12,-1,11,12,13,-1,14,15,16,-1,14,16,17,-1,17,16,18,-1,17,18,19,-1,19,18,20,-1,19,20,21,-1,21,20,22,-1,21,22,23,-1,23,22,24,-1,23,24,25,-1,25,24,1,-1,25,1,0,-1,26,27,28,-1,26,28,29,-1,29,28,30,-1,29,30,31,-1,31,30,32,-1,31,32,33,-1,33,32,34,-1,33,34,35,-1,35,34,36,-1,35,36,37,-1,37,36,38,-1,37,38,39,-1,39,38,40,-1,39,40,41,-1,41,40,42,-1,41,42,43,-1,43,42,44,-1,43,44,45,-1,45,44,46,-1,45,46,47,-1,47,46,48,-1,47,48,49,-1,49,48,50,-1,49,50,51,-1,52,53,54,-1,54,53,55,-1,54,55,56,-1,56,55,57,-1,56,57,58,-1,58,57,59,-1,58,59,60,-1,60,59,61,-1,60,61,62,-1,62,61,63,-1,62,63,64,-1,64,63,65,-1,64,65,66,-1,66,65,67,-1,66,67,68,-1,68,67,69,-1,52,70,53,-1,53,70,71,-1,72,73,74,-1,74,73,75,-1,74,75,76,-1,76,75,77,-1,76,77,78,-1,78,77,79,-1,78,79,80,-1,80,79,81,-1,80,81,82,-1,82,81,83,-1,82,83,84,-1,84,83,85,-1,84,85,86,-1,86,85,87,-1,86,87,88,-1,88,87,89,-1,88,89,90,-1,90,89,91,-1,90,91,70,-1,70,91,71,-1,72,92,73,-1,73,92,93,-1,94,95,96,-1,96,95,97,-1,96,97,98,-1,98,97,99,-1,98,99,100,-1,100,99,101,-1,100,101,102,-1,102,101,103,-1,102,103,104,-1,104,103,105,-1,104,105,106,-1,106,105,107,-1,106,107,108,-1,108,107,109,-1,108,109,92,-1,92,109,93,-1,94,68,95,-1,95,68,69,-1,110,111,112,-1,112,111,113,-1,111,114,113,-1,113,114,115,-1,114,116,115,-1,115,116,117,-1,116,110,117,-1,117,110,112,-1,
        ]
    }
}