ISO-10303-21;
HEADER;
FILE_DESCRIPTION (( 'STEP AP214' ),
    '1' );
FILE_NAME ('TO-277A_L5.9-W4.4-LS6.5-TR.STEP',
    '2022-02-13T02:44:27',
    ( '' ),
    ( '' ),
    'SwSTEP 2.0',
    'SolidWorks 2020',
    '' );
FILE_SCHEMA (( 'AUTOMOTIVE_DESIGN' ));
ENDSEC;

DATA;
#1 = CARTESIAN_POINT ( 'NONE',  ( -0.2912629008076173531, 0.1225950992474840601, -0.3599999999999999867 ) ) ;
#2 = DIRECTION ( 'NONE',  ( -1.000000000000000000, 0.000000000000000000, 0.000000000000000000 ) ) ;
#3 = LINE ( 'NONE', #350, #3397 ) ;
#4 = VECTOR ( 'NONE', #3700, 1000.000000000000000 ) ;
#5 = SURFACE_SIDE_STYLE ('',( #377 ) ) ;
#6 = SURFACE_STYLE_USAGE ( .BOTH. , #804 ) ;
#7 = VERTEX_POINT ( 'NONE', #2282 ) ;
#8 = CARTESIAN_POINT ( 'NONE',  ( 0.3046346757367298097, 0.03408469680043450106, -0.3599999999999999867 ) ) ;
#9 = DIRECTION ( 'NONE',  ( -1.953517427901809713E-16, 1.000000000000000000, -0.000000000000000000 ) ) ;
#10 = SURFACE_STYLE_FILL_AREA ( #834 ) ;
#11 = ORIENTED_EDGE ( 'NONE', *, *, #2191, .F. ) ;
#12 = SURFACE_SIDE_STYLE ('',( #3533 ) ) ;
#13 =( LENGTH_UNIT ( ) NAMED_UNIT ( * ) SI_UNIT ( .MILLI., .METRE. ) );
#14 = SURFACE_STYLE_FILL_AREA ( #4675 ) ;
#15 = ORIENTED_EDGE ( 'NONE', *, *, #118, .T. ) ;
#16 = DIRECTION ( 'NONE',  ( 1.000000000000000000, 0.000000000000000000, 0.000000000000000000 ) ) ;
#17 = EDGE_CURVE ( 'NONE', #1881, #4349, #344, .T. ) ;
#18 =( NAMED_UNIT ( * ) SI_UNIT ( $, .STERADIAN. ) SOLID_ANGLE_UNIT ( ) );
#19 = DIRECTION ( 'NONE',  ( -0.9406672605435405510, 0.3393303772748776925, 0.000000000000000000 ) ) ;
#20 = ORIENTED_EDGE ( 'NONE', *, *, #931, .T. ) ;
#21 = STYLED_ITEM ( 'NONE', ( #3749 ), #581 ) ;
#22 = SURFACE_STYLE_FILL_AREA ( #3544 ) ;
#23 = CARTESIAN_POINT ( 'NONE',  ( 0.1509931094452620082, 0.1594148825189504182, -0.3699999999999999956 ) ) ;
#24 = CARTESIAN_POINT ( 'NONE',  ( 0.2742424410518792266, 0.1044956494203139880, -0.3699999999999999956 ) ) ;
#25 = LINE ( 'NONE', #3169, #1471 ) ;
#26 = ADVANCED_FACE ( 'NONE', ( #4651 ), #4245, .T. ) ;
#27 = CARTESIAN_POINT ( 'NONE',  ( 0.2355958888821589881, 0.09310087971301687915, -0.3699999999999999956 ) ) ;
#28 =( NAMED_UNIT ( * ) PLANE_ANGLE_UNIT ( ) SI_UNIT ( $, .RADIAN. ) );
#29 = CARTESIAN_POINT ( 'NONE',  ( 0.000000000000000000, -0.1442186507357328673, -0.3599999999999999867 ) ) ;
#30 = VERTEX_POINT ( 'NONE', #3805 ) ;
#31 = SURFACE_SIDE_STYLE ('',( #357 ) ) ;
#32 = UNCERTAINTY_MEASURE_WITH_UNIT (LENGTH_MEASURE( 1.000000000000000082E-05 ), #3519, 'distance_accuracy_value', 'NONE');
#33 = LINE ( 'NONE', #4264, #2294 ) ;
#34 = LINE ( 'NONE', #1635, #2476 ) ;
#35 = VERTEX_POINT ( 'NONE', #3438 ) ;
#36 = DIRECTION ( 'NONE',  ( -0.000000000000000000, 1.000000000000000000, 0.000000000000000000 ) ) ;
#37 = VECTOR ( 'NONE', #1938, 1000.000000000000000 ) ;
#38 = PRESENTATION_LAYER_ASSIGNMENT (  '', '', ( #2275 ) ) ;
#39 = CARTESIAN_POINT ( 'NONE',  ( -0.4106529328241146359, 0.09469363453941040398, -0.3599999999999999867 ) ) ;
#40 = CARTESIAN_POINT ( 'NONE',  ( 0.1608836066567985446, -0.1149503580528060537, -0.3599999999999999867 ) ) ;
#41 = ORIENTED_EDGE ( 'NONE', *, *, #588, .F. ) ;
#42 = AXIS2_PLACEMENT_3D ( 'NONE', #3992, #1286, #3756 ) ;
#43 = AXIS2_PLACEMENT_3D ( 'NONE', #2049, #2844, #4007 ) ;
#44 = ORIENTED_EDGE ( 'NONE', *, *, #1664, .F. ) ;
#45 =( NAMED_UNIT ( * ) PLANE_ANGLE_UNIT ( ) SI_UNIT ( $, .RADIAN. ) );
#46 = VECTOR ( 'NONE', #3723, 1000.000000000000000 ) ;
#47 = CARTESIAN_POINT ( 'NONE',  ( -2.955000000000000071, -2.220000000000000195, 0.000000000000000000 ) ) ;
#48 = CARTESIAN_POINT ( 'NONE',  ( 0.1664285761689936749, -0.1478771873210987242, -0.3599999999999999867 ) ) ;
#49 = ORIENTED_EDGE ( 'NONE', *, *, #2990, .T. ) ;
#50 = FILL_AREA_STYLE_COLOUR ( '', #4169 ) ;
#51 = VECTOR ( 'NONE', #4106, 1000.000000000000000 ) ;
#52 = CARTESIAN_POINT ( 'NONE',  ( 0.09884154362707472941, 0.1528407492083996289, -0.3699999999999999956 ) ) ;
#53 = CARTESIAN_POINT ( 'NONE',  ( -0.1209952043188111531, -0.008852797077196295286, -0.3699999999999999956 ) ) ;
#54 = SURFACE_STYLE_USAGE ( .BOTH. , #2024 ) ;
#55 = CARTESIAN_POINT ( 'NONE',  ( 0.1354085993080318684, 0.1253982272896367045, -0.3699999999999999956 ) ) ;
#56 =( LENGTH_UNIT ( ) NAMED_UNIT ( * ) SI_UNIT ( .MILLI., .METRE. ) );
#57 = ORIENTED_EDGE ( 'NONE', *, *, #4590, .F. ) ;
#58 = STYLED_ITEM ( 'NONE', ( #2037 ), #2603 ) ;
#59 =( NAMED_UNIT ( * ) PLANE_ANGLE_UNIT ( ) SI_UNIT ( $, .RADIAN. ) );
#60 = DIRECTION ( 'NONE',  ( 0.000000000000000000, 0.000000000000000000, -1.000000000000000000 ) ) ;
#61 = VECTOR ( 'NONE', #2036, 1000.000000000000000 ) ;
#62 = CARTESIAN_POINT ( 'NONE',  ( 1.250000000000000222, 1.674999999999999378, 0.000000000000000000 ) ) ;
#63 = ORIENTED_EDGE ( 'NONE', *, *, #474, .F. ) ;
#64 = COLOUR_RGB ( '',0.000000000000000000, 0.000000000000000000, 0.000000000000000000 ) ;
#65 = CARTESIAN_POINT ( 'NONE',  ( -2.705000000000000071, -1.050000000000000044, -0.3699999999999999956 ) ) ;
#66 = CARTESIAN_POINT ( 'NONE',  ( 0.1582029883868833198, 0.1264256557555470117, -0.3599999999999999867 ) ) ;
#67 = VECTOR ( 'NONE', #2447, 1000.000000000000000 ) ;
#68 = CARTESIAN_POINT ( 'NONE',  ( 0.4863218688519204691, -0.1442186507357328673, -0.3699999999999999956 ) ) ;
#69 = ORIENTED_EDGE ( 'NONE', *, *, #4643, .F. ) ;
#70 = EDGE_CURVE ( 'NONE', #3358, #693, #3952, .T. ) ;
#71 = CARTESIAN_POINT ( 'NONE',  ( 0.1501181069388438372, -0.1148090157112084536, -0.3699999999999999956 ) ) ;
#72 =( GEOMETRIC_REPRESENTATION_CONTEXT ( 3 ) GLOBAL_UNCERTAINTY_ASSIGNED_CONTEXT ( ( #3263 ) ) GLOBAL_UNIT_ASSIGNED_CONTEXT ( ( #2058, #1042, #3465 ) ) REPRESENTATION_CONTEXT ( 'NONE', 'WORKASPACE' ) );
#73 =( NAMED_UNIT ( * ) SI_UNIT ( $, .STERADIAN. ) SOLID_ANGLE_UNIT ( ) );
#74 = SURFACE_STYLE_USAGE ( .BOTH. , #964 ) ;
#75 = VERTEX_POINT ( 'NONE', #2334 ) ;
#76 = CARTESIAN_POINT ( 'NONE',  ( 0.1501181069388438372, -0.1148090157112084536, -0.3699999999999999956 ) ) ;
#77 = VERTEX_POINT ( 'NONE', #1545 ) ;
#78 = PRESENTATION_LAYER_ASSIGNMENT (  '', '', ( #4669 ) ) ;
#79 = AXIS2_PLACEMENT_3D ( 'NONE', #1355, #3632, #4103 ) ;
#80 = CARTESIAN_POINT ( 'NONE',  ( 0.000000000000000000, 0.1557813492642670938, -0.3599999999999999867 ) ) ;
#81 = SURFACE_SIDE_STYLE ('',( #604 ) ) ;
#82 = FILL_AREA_STYLE_COLOUR ( '', #2551 ) ;
#83 = ORIENTED_EDGE ( 'NONE', *, *, #4620, .F. ) ;
#84 = CARTESIAN_POINT ( 'NONE',  ( -0.4184667509257145590, 0.08261296315852707794, -0.3699999999999999956 ) ) ;
#85 =( LENGTH_UNIT ( ) NAMED_UNIT ( * ) SI_UNIT ( .MILLI., .METRE. ) );
#86 = FILL_AREA_STYLE ('',( #532 ) ) ;
#87 = CARTESIAN_POINT ( 'NONE',  ( -8.377925878297076244E-17, -0.4249999999999997113, -0.3499999999999999778 ) ) ;
#88 = CARTESIAN_POINT ( 'NONE',  ( 0.09185096131180757462, 0.1119358156204578458, -0.3699999999999999956 ) ) ;
#89 = PRESENTATION_STYLE_ASSIGNMENT (( #2137 ) ) ;
#90 = ORIENTED_EDGE ( 'NONE', *, *, #3203, .T. ) ;
#91 = ADVANCED_FACE ( 'NONE', ( #3880 ), #4325, .T. ) ;
#92 = ADVANCED_FACE ( 'NONE', ( #2051 ), #2772, .T. ) ;
#93 = CARTESIAN_POINT ( 'NONE',  ( 0.2493153149155493131, 0.07483393537897954639, -0.3599999999999999867 ) ) ;
#94 = ORIENTED_EDGE ( 'NONE', *, *, #444, .T. ) ;
#95 = FILL_AREA_STYLE ('',( #1378 ) ) ;
#96 = CARTESIAN_POINT ( 'NONE',  ( 0.1293814737519952129, -0.1123981574320418453, -0.3699999999999999956 ) ) ;
#97 =( NAMED_UNIT ( * ) PLANE_ANGLE_UNIT ( ) SI_UNIT ( $, .RADIAN. ) );
#98 = ORIENTED_EDGE ( 'NONE', *, *, #1091, .T. ) ;
#99 = EDGE_CURVE ( 'NONE', #2005, #1916, #1617, .T. ) ;
#100 = CARTESIAN_POINT ( 'NONE',  ( 2.955000000000000959, -1.675000000000000266, -0.3499999999999999778 ) ) ;
#101 = ORIENTED_EDGE ( 'NONE', *, *, #1592, .T. ) ;
#102 = FILL_AREA_STYLE ('',( #4352 ) ) ;
#103 = FILL_AREA_STYLE ('',( #1282 ) ) ;
#104 = ORIENTED_EDGE ( 'NONE', *, *, #1908, .T. ) ;
#105 = CARTESIAN_POINT ( 'NONE',  ( -0.4355096002921423626, 0.01499230508922090414, -0.3599999999999998757 ) ) ;
#106 = CARTESIAN_POINT ( 'NONE',  ( 0.2668096737299692767, 0.002580129752071980663, -0.3599999999999999867 ) ) ;
#107 = CARTESIAN_POINT ( 'NONE',  ( -0.4296373147478410037, 0.05579224307623937423, -0.3699999999999999956 ) ) ;
#108 = FILL_AREA_STYLE ('',( #1677 ) ) ;
#109 = PRESENTATION_LAYER_ASSIGNMENT (  '', '', ( #194 ) ) ;
#110 = FILL_AREA_STYLE_COLOUR ( '', #2372 ) ;
#111 = CARTESIAN_POINT ( 'NONE',  ( 0.1582029883868833198, 0.1264256557555470117, -0.3699999999999999956 ) ) ;
#112 = FILL_AREA_STYLE ('',( #4336 ) ) ;
#113 = EDGE_LOOP ( 'NONE', ( #4275, #1678, #1268, #830 ) ) ;
#114 = DIRECTION ( 'NONE',  ( 1.000000000000000000, 0.000000000000000000, 0.000000000000000000 ) ) ;
#115 =( NAMED_UNIT ( * ) PLANE_ANGLE_UNIT ( ) SI_UNIT ( $, .RADIAN. ) );
#116 = EDGE_LOOP ( 'NONE', ( #2647, #3506, #249, #1747 ) ) ;
#117 = DIRECTION ( 'NONE',  ( -8.260587980841938780E-16, -1.000000000000000000, 0.000000000000000000 ) ) ;
#118 = EDGE_CURVE ( 'NONE', #3735, #3614, #152, .T. ) ;
#119 = VERTEX_POINT ( 'NONE', #2825 ) ;
#120 = VERTEX_POINT ( 'NONE', #2952 ) ;
#121 = EDGE_CURVE ( 'NONE', #1351, #956, #846, .T. ) ;
#122 =( NAMED_UNIT ( * ) SI_UNIT ( $, .STERADIAN. ) SOLID_ANGLE_UNIT ( ) );
#123 = MECHANICAL_DESIGN_GEOMETRIC_PRESENTATION_REPRESENTATION (  '', ( #2941 ), #552 ) ;
#124 = UNCERTAINTY_MEASURE_WITH_UNIT (LENGTH_MEASURE( 1.000000000000000082E-05 ), #373, 'distance_accuracy_value', 'NONE');
#125 = CIRCLE ( 'NONE', #2533, 0.1824730906783015028 ) ;
#126 = CARTESIAN_POINT ( 'NONE',  ( 0.2548103249818366445, 0.06462608135264470699, -0.3699999999999999956 ) ) ;
#127 = UNCERTAINTY_MEASURE_WITH_UNIT (LENGTH_MEASURE( 1.000000000000000082E-05 ), #1620, 'distance_accuracy_value', 'NONE');
#128 = PLANE ( 'NONE',  #3121 ) ;
#129 = ORIENTED_EDGE ( 'NONE', *, *, #2062, .F. ) ;
#130 = CARTESIAN_POINT ( 'NONE',  ( -0.4352754433037684945, 0.02562581536601655705, -0.3599999999999998757 ) ) ;
#131 = VECTOR ( 'NONE', #2015, 1000.000000000000000 ) ;
#132 = DIRECTION ( 'NONE',  ( -0.9407669869669987861, 0.3390537954853695135, 0.000000000000000000 ) ) ;
#133 = CARTESIAN_POINT ( 'NONE',  ( -2.955000000000000071, -2.220000000000000195, -0.3499999999999999778 ) ) ;
#134 = DIRECTION ( 'NONE',  ( -0.000000000000000000, -0.000000000000000000, 1.000000000000000000 ) ) ;
#135 = PRESENTATION_LAYER_ASSIGNMENT (  '', '', ( #3096 ) ) ;
#136 =( LENGTH_UNIT ( ) NAMED_UNIT ( * ) SI_UNIT ( .MILLI., .METRE. ) );
#137 = FACE_OUTER_BOUND ( 'NONE', #2989, .T. ) ;
#138 = SURFACE_STYLE_USAGE ( .BOTH. , #1318 ) ;
#139 = STYLED_ITEM ( 'NONE', ( #4320 ), #2396 ) ;
#140 = DIRECTION ( 'NONE',  ( -1.000000000000000000, 0.000000000000000000, 0.000000000000000000 ) ) ;
#141 = PRESENTATION_LAYER_ASSIGNMENT (  '', '', ( #1646 ) ) ;
#142 = LINE ( 'NONE', #62, #4318 ) ;
#143 = ORIENTED_EDGE ( 'NONE', *, *, #582, .T. ) ;
#144 = FILL_AREA_STYLE ('',( #2561 ) ) ;
#145 = SURFACE_STYLE_USAGE ( .BOTH. , #4388 ) ;
#146 = CARTESIAN_POINT ( 'NONE',  ( 0.1664285761689936749, -0.1478771873210987242, -0.3599999999999997646 ) ) ;
#147 = VERTEX_POINT ( 'NONE', #4867 ) ;
#148 = DIRECTION ( 'NONE',  ( 1.000000000000000000, 0.000000000000000000, 0.000000000000000000 ) ) ;
#149 = CARTESIAN_POINT ( 'NONE',  ( 0.08627088151487280476, 0.1485189988364559732, -0.3599999999999999867 ) ) ;
#150 = ORIENTED_EDGE ( 'NONE', *, *, #710, .F. ) ;
#151 = AXIS2_PLACEMENT_3D ( 'NONE', #5029, #3050, #2213 ) ;
#152 = LINE ( 'NONE', #3287, #3845 ) ;
#153 = LINE ( 'NONE', #2899, #733 ) ;
#154 = EDGE_LOOP ( 'NONE', ( #1536, #1260, #2086, #83 ) ) ;
#155 = COLOUR_RGB ( '',0.000000000000000000, 0.000000000000000000, 0.000000000000000000 ) ;
#156 = STYLED_ITEM ( 'NONE', ( #3196 ), #3666 ) ;
#157 = EDGE_CURVE ( 'NONE', #1671, #2005, #2923, .T. ) ;
#158 = CARTESIAN_POINT ( 'NONE',  ( 0.1994550712755065736, 0.1183682978988042922, -0.3600000000000000422 ) ) ;
#159 = EDGE_CURVE ( 'NONE', #2558, #4872, #4398, .T. ) ;
#160 = FACE_BOUND ( 'NONE', #3688, .T. ) ;
#161 = VERTEX_POINT ( 'NONE', #1464 ) ;
#162 = CARTESIAN_POINT ( 'NONE',  ( -0.4330947589935272846, 0.04113221569209225825, -0.3599999999999998757 ) ) ;
#163 = MECHANICAL_DESIGN_GEOMETRIC_PRESENTATION_REPRESENTATION (  '', ( #4351 ), #837 ) ;
#164 = DIRECTION ( 'NONE',  ( 1.000000000000000000, 1.971276677246372012E-16, 0.000000000000000000 ) ) ;
#165 = DIRECTION ( 'NONE',  ( -0.000000000000000000, -0.000000000000000000, 1.000000000000000000 ) ) ;
#166 = VECTOR ( 'NONE', #4780, 1000.000000000000000 ) ;
#167 = CARTESIAN_POINT ( 'NONE',  ( 0.1174194052077093958, 0.1217988941494188154, -0.3599999999999999867 ) ) ;
#168 = EDGE_LOOP ( 'NONE', ( #934, #512, #2586, #767 ) ) ;
#169 = EDGE_CURVE ( 'NONE', #3342, #4918, #1077, .T. ) ;
#170 =( NAMED_UNIT ( * ) PLANE_ANGLE_UNIT ( ) SI_UNIT ( $, .RADIAN. ) );
#171 = PLANE ( 'NONE',  #4000 ) ;
#172 = CARTESIAN_POINT ( 'NONE',  ( 0.1647376091601636394, -0.1148510286276410580, -0.3599999999999999867 ) ) ;
#173 =( LENGTH_UNIT ( ) NAMED_UNIT ( * ) SI_UNIT ( .MILLI., .METRE. ) );
#174 = ORIENTED_EDGE ( 'NONE', *, *, #3980, .F. ) ;
#175 = SURFACE_STYLE_USAGE ( .BOTH. , #3301 ) ;
#176 = ORIENTED_EDGE ( 'NONE', *, *, #348, .F. ) ;
#177 = FACE_OUTER_BOUND ( 'NONE', #810, .T. ) ;
#178 = DIRECTION ( 'NONE',  ( 0.000000000000000000, 1.000000000000000000, 0.000000000000000000 ) ) ;
#179 = ORIENTED_EDGE ( 'NONE', *, *, #2635, .F. ) ;
#180 =( LENGTH_UNIT ( ) NAMED_UNIT ( * ) SI_UNIT ( .MILLI., .METRE. ) );
#181 = LINE ( 'NONE', #3694, #465 ) ;
#182 = CARTESIAN_POINT ( 'NONE',  ( -0.3833620352128393471, -0.05247482224957597530, -0.3699999999999999956 ) ) ;
#183 = DIRECTION ( 'NONE',  ( -0.000000000000000000, -0.000000000000000000, 1.000000000000000000 ) ) ;
#184 = VERTEX_POINT ( 'NONE', #3007 ) ;
#185 = SURFACE_SIDE_STYLE ('',( #216 ) ) ;
#186 = ADVANCED_FACE ( 'NONE', ( #2591 ), #4183, .T. ) ;
#187 = ADVANCED_FACE ( 'NONE', ( #707 ), #1861, .T. ) ;
#188 = CARTESIAN_POINT ( 'NONE',  ( -0.4015262965513699545, 0.1059600366383136316, -0.3699999999999999956 ) ) ;
#189 = DIRECTION ( 'NONE',  ( -0.000000000000000000, -0.000000000000000000, 1.000000000000000000 ) ) ;
#190 = SURFACE_STYLE_FILL_AREA ( #2939 ) ;
#191 = SURFACE_STYLE_USAGE ( .BOTH. , #985 ) ;
#192 = ADVANCED_FACE ( 'NONE', ( #4486 ), #2192, .T. ) ;
#193 = CARTESIAN_POINT ( 'NONE',  ( 0.1608836066567985446, -0.1149503580528060537, -0.3699999999999999956 ) ) ;
#194 = STYLED_ITEM ( 'NONE', ( #894 ), #543 ) ;
#195 = DIRECTION ( 'NONE',  ( -1.000000000000000000, 0.000000000000000000, 0.000000000000000000 ) ) ;
#196 = VERTEX_POINT ( 'NONE', #2109 ) ;
#197 = PRESENTATION_LAYER_ASSIGNMENT (  '', '', ( #616 ) ) ;
#198 = SURFACE_STYLE_USAGE ( .BOTH. , #2863 ) ;
#199 = LINE ( 'NONE', #1785, #2720 ) ;
#200 = CARTESIAN_POINT ( 'NONE',  ( 0.2668096737299692767, 0.002580129752071980663, -0.3699999999999999956 ) ) ;
#201 = VERTEX_POINT ( 'NONE', #2520 ) ;
#202 = CARTESIAN_POINT ( 'NONE',  ( -0.2344098384651526479, -0.1112918214674401829, -0.3599999999999999867 ) ) ;
#203 = LINE ( 'NONE', #4864, #1706 ) ;
#204 = CARTESIAN_POINT ( 'NONE',  ( -0.01489764334320145545, 0.1228545199959744372, -0.3699999999999999956 ) ) ;
#205 = FACE_OUTER_BOUND ( 'NONE', #4118, .T. ) ;
#206 = FACE_OUTER_BOUND ( 'NONE', #3903, .T. ) ;
#207 = UNCERTAINTY_MEASURE_WITH_UNIT (LENGTH_MEASURE( 1.000000000000000082E-05 ), #1994, 'distance_accuracy_value', 'NONE');
#208 = ORIENTED_EDGE ( 'NONE', *, *, #2534, .F. ) ;
#209 =( LENGTH_UNIT ( ) NAMED_UNIT ( * ) SI_UNIT ( .MILLI., .METRE. ) );
#210 = UNCERTAINTY_MEASURE_WITH_UNIT (LENGTH_MEASURE( 1.000000000000000082E-05 ), #4530, 'distance_accuracy_value', 'NONE');
#211 = CARTESIAN_POINT ( 'NONE',  ( -0.2786552652944209174, 0.1228545199959744372, -0.3699999999999999956 ) ) ;
#212 =( GEOMETRIC_REPRESENTATION_CONTEXT ( 3 ) GLOBAL_UNCERTAINTY_ASSIGNED_CONTEXT ( ( #260 ) ) GLOBAL_UNIT_ASSIGNED_CONTEXT ( ( #4649, #2676, #2350 ) ) REPRESENTATION_CONTEXT ( 'NONE', 'WORKASPACE' ) );
#213 = FACE_BOUND ( 'NONE', #2376, .T. ) ;
#214 = ORIENTED_EDGE ( 'NONE', *, *, #1059, .F. ) ;
#215 = FILL_AREA_STYLE_COLOUR ( '', #1416 ) ;
#216 = SURFACE_STYLE_FILL_AREA ( #1425 ) ;
#217 = VECTOR ( 'NONE', #4510, 1000.000000000000000 ) ;
#218 = VECTOR ( 'NONE', #4735, 1000.000000000000000 ) ;
#219 = CARTESIAN_POINT ( 'NONE',  ( 0.1544454360758090450, -0.1477366452568213973, -0.3699999999999999956 ) ) ;
#220 = FILL_AREA_STYLE_COLOUR ( '', #4646 ) ;
#221 = PRESENTATION_STYLE_ASSIGNMENT (( #1451 ) ) ;
#222 = ORIENTED_EDGE ( 'NONE', *, *, #4492, .T. ) ;
#223 = VECTOR ( 'NONE', #5038, 1000.000000000000000 ) ;
#224 = SURFACE_STYLE_FILL_AREA ( #1905 ) ;
#225 = COLOUR_RGB ( '',0.2509803921568627416, 0.2509803921568627416, 0.2509803921568627416 ) ;
#226 = PRESENTATION_STYLE_ASSIGNMENT (( #191 ) ) ;
#227 = CARTESIAN_POINT ( 'NONE',  ( 0.2219156207858505869, -0.09725902325214949573, -0.3699999999999999956 ) ) ;
#228 = CARTESIAN_POINT ( 'NONE',  ( 2.149999999999999911, 1.674999999999999822, -0.3699999999999999956 ) ) ;
#229 = COLOUR_RGB ( '',0.000000000000000000, 0.000000000000000000, 0.000000000000000000 ) ;
#230 = ORIENTED_EDGE ( 'NONE', *, *, #393, .T. ) ;
#231 = PRESENTATION_LAYER_ASSIGNMENT (  '', '', ( #2708 ) ) ;
#232 = DIRECTION ( 'NONE',  ( -0.000000000000000000, -1.000000000000000000, -0.000000000000000000 ) ) ;
#233 = SURFACE_STYLE_FILL_AREA ( #617 ) ;
#234 = EDGE_CURVE ( 'NONE', #3514, #4031, #986, .T. ) ;
#235 = CARTESIAN_POINT ( 'NONE',  ( 0.3070535761689936471, 0.0001220504837793170202, -0.3699999999999999956 ) ) ;
#236 = VERTEX_POINT ( 'NONE', #565 ) ;
#237 = LINE ( 'NONE', #1045, #628 ) ;
#238 = CARTESIAN_POINT ( 'NONE',  ( -0.2757398689529575453, -0.1442186507357328673, -0.3699999999999999956 ) ) ;
#239 = CARTESIAN_POINT ( 'NONE',  ( -0.3709140308609102932, 0.08677236924533798801, -0.3699999999999999956 ) ) ;
#240 = CARTESIAN_POINT ( 'NONE',  ( -0.4352706938203698694, -0.007219024521522401754, -0.3599999999999999867 ) ) ;
#241 = B_SPLINE_CURVE_WITH_KNOTS ( 'NONE', 3,
 ( #3386, #4197, #2220, #1113, #3078, #2661, #1068 ),
 .UNSPECIFIED., .F., .F.,
 ( 4, 1, 1, 1, 4 ),
 ( 0.000000000000000000, 0.1744817153170506174, 0.3982857591281120935, 0.6738978473986667606, 1.000000000000000000 ),
 .UNSPECIFIED. ) ;
#242 = FILL_AREA_STYLE_COLOUR ( '', #2365 ) ;
#243 = MECHANICAL_DESIGN_GEOMETRIC_PRESENTATION_REPRESENTATION (  '', ( #2458 ), #3337 ) ;
#244 = VERTEX_POINT ( 'NONE', #3704 ) ;
#245 = PRODUCT_CONTEXT ( 'NONE', #5065, 'mechanical' ) ;
#246 = CARTESIAN_POINT ( 'NONE',  ( -0.3830529604272192579, 0.06879119568705835408, -0.3699999999999999956 ) ) ;
#247 = STYLED_ITEM ( 'NONE', ( #221 ), #3484 ) ;
#248 = CARTESIAN_POINT ( 'NONE',  ( -0.3715408724058772427, -0.07155276390435244549, -0.3599999999999999312 ) ) ;
#249 = ORIENTED_EDGE ( 'NONE', *, *, #3820, .T. ) ;
#250 = MECHANICAL_DESIGN_GEOMETRIC_PRESENTATION_REPRESENTATION (  '', ( #3112 ), #1656 ) ;
#251 =( GEOMETRIC_REPRESENTATION_CONTEXT ( 3 ) GLOBAL_UNCERTAINTY_ASSIGNED_CONTEXT ( ( #4148 ) ) GLOBAL_UNIT_ASSIGNED_CONTEXT ( ( #180, #3305, #4770 ) ) REPRESENTATION_CONTEXT ( 'NONE', 'WORKASPACE' ) );
#252 = LINE ( 'NONE', #613, #1894 ) ;
#253 = ORIENTED_EDGE ( 'NONE', *, *, #1277, .F. ) ;
#254 = CARTESIAN_POINT ( 'NONE',  ( -2.955000000000000071, -1.050000000000000044, 0.000000000000000000 ) ) ;
#255 = PRESENTATION_LAYER_ASSIGNMENT (  '', '', ( #2886 ) ) ;
#256 = VECTOR ( 'NONE', #1950, 1000.000000000000000 ) ;
#257 = VERTEX_POINT ( 'NONE', #228 ) ;
#258 = CARTESIAN_POINT ( 'NONE',  ( -3.249999999999999112, -1.050000000000000044, 0.000000000000000000 ) ) ;
#259 = CARTESIAN_POINT ( 'NONE',  ( 0.2668096737299692767, 0.002580129752071980663, -0.3699999999999999956 ) ) ;
#260 = UNCERTAINTY_MEASURE_WITH_UNIT (LENGTH_MEASURE( 1.000000000000000082E-05 ), #4649, 'distance_accuracy_value', 'NONE');
#261 = CARTESIAN_POINT ( 'NONE',  ( 0.1316704326258600621, -0.1453386893373674604, -0.3699999999999999956 ) ) ;
#262 = ADVANCED_FACE ( 'NONE', ( #3683 ), #4792, .T. ) ;
#263 = EDGE_CURVE ( 'NONE', #3686, #1217, #298, .T. ) ;
#264 = CARTESIAN_POINT ( 'NONE',  ( -0.5864341075543622051, 0.1024824918741132906, -0.3599999999999999867 ) ) ;
#265 = PRESENTATION_STYLE_ASSIGNMENT (( #3773 ) ) ;
#266 = ORIENTED_EDGE ( 'NONE', *, *, #2539, .F. ) ;
#267 = EDGE_CURVE ( 'NONE', #3514, #4521, #241, .T. ) ;
#268 = CARTESIAN_POINT ( 'NONE',  ( -0.3459526605449442238, 0.1069150020471588414, -0.3599999999999999867 ) ) ;
#269 = FILL_AREA_STYLE_COLOUR ( '', #650 ) ;
#270 = DIRECTION ( 'NONE',  ( -1.000000000000000000, -0.000000000000000000, -0.000000000000000000 ) ) ;
#271 = DIRECTION ( 'NONE',  ( 0.000000000000000000, -0.9961946980917455452, 0.08715574274765837404 ) ) ;
#272 = CARTESIAN_POINT ( 'NONE',  ( 0.2742424410518792266, 0.1044956494203139880, -0.3699999999999999956 ) ) ;
#273 = CARTESIAN_POINT ( 'NONE',  ( -0.7283122774895428586, -0.1442186507357328673, -0.3699999999999999956 ) ) ;
#274 = CARTESIAN_POINT ( 'NONE',  ( 0.2240403334988031459, -0.1379518590056747762, -0.3599999999999999867 ) ) ;
#275 = CARTESIAN_POINT ( 'NONE',  ( 0.2668096737299692767, 0.002580129752071980663, -0.3699999999999999956 ) ) ;
#276 =( LENGTH_UNIT ( ) NAMED_UNIT ( * ) SI_UNIT ( .MILLI., .METRE. ) );
#277 = DIRECTION ( 'NONE',  ( -1.000000000000000000, 0.000000000000000000, -0.000000000000000000 ) ) ;
#278 = UNCERTAINTY_MEASURE_WITH_UNIT (LENGTH_MEASURE( 1.000000000000000082E-05 ), #1885, 'distance_accuracy_value', 'NONE');
#279 = PLANE ( 'NONE',  #2022 ) ;
#280 = VECTOR ( 'NONE', #4182, 1000.000000000000000 ) ;
#281 = DIRECTION ( 'NONE',  ( 1.971276677246372012E-16, 1.000000000000000000, 0.000000000000000000 ) ) ;
#282 = DIRECTION ( 'NONE',  ( 1.000000000000000000, 0.000000000000000000, 0.000000000000000000 ) ) ;
#283 = ORIENTED_EDGE ( 'NONE', *, *, #1028, .T. ) ;
#284 = EDGE_CURVE ( 'NONE', #4381, #3454, #1456, .T. ) ;
#285 = DIRECTION ( 'NONE',  ( -0.3635424856527064708, -0.9315776194850602376, 0.000000000000000000 ) ) ;
#286 = CARTESIAN_POINT ( 'NONE',  ( -0.3709140308609102932, 0.08677236924533798801, -0.3699999999999999956 ) ) ;
#287 = EDGE_CURVE ( 'NONE', #818, #4004, #2288, .T. ) ;
#288 = CARTESIAN_POINT ( 'NONE',  ( -0.3397452170420304784, -0.1339558957061179612, -0.3699999999999999956 ) ) ;
#289 = SURFACE_STYLE_USAGE ( .BOTH. , #3800 ) ;
#290 = DIRECTION ( 'NONE',  ( -0.000000000000000000, -0.000000000000000000, 1.000000000000000000 ) ) ;
#291 = CARTESIAN_POINT ( 'NONE',  ( -0.5402406311480795198, -0.02714548000402556768, -0.3699999999999999956 ) ) ;
#292 = CARTESIAN_POINT ( 'NONE',  ( 0.2009463979323953542, 0.1535399564683955775, -0.3699999999999999956 ) ) ;
#293 = DIRECTION ( 'NONE',  ( 0.000000000000000000, -1.000000000000000000, 0.000000000000000000 ) ) ;
#294 = VERTEX_POINT ( 'NONE', #647 ) ;
#295 = CARTESIAN_POINT ( 'NONE',  ( 0.3067763242935421797, -0.01595292822235866784, -0.3599999999999999867 ) ) ;
#296 = STYLED_ITEM ( 'NONE', ( #3036 ), #1067 ) ;
#297 = VECTOR ( 'NONE', #4125, 1000.000000000000000 ) ;
#298 = LINE ( 'NONE', #4947, #3376 ) ;
#299 = PRESENTATION_STYLE_ASSIGNMENT (( #1554 ) ) ;
#300 =( LENGTH_UNIT ( ) NAMED_UNIT ( * ) SI_UNIT ( .MILLI., .METRE. ) );
#301 =( NAMED_UNIT ( * ) SI_UNIT ( $, .STERADIAN. ) SOLID_ANGLE_UNIT ( ) );
#302 = CARTESIAN_POINT ( 'NONE',  ( -0.6540554177334452213, -0.06007230927231824863, -0.3599999999999999867 ) ) ;
#303 = VECTOR ( 'NONE', #2726, 1000.000000000000000 ) ;
#304 =( GEOMETRIC_REPRESENTATION_CONTEXT ( 3 ) GLOBAL_UNCERTAINTY_ASSIGNED_CONTEXT ( ( #1281 ) ) GLOBAL_UNIT_ASSIGNED_CONTEXT ( ( #5014, #1911, #2712 ) ) REPRESENTATION_CONTEXT ( 'NONE', 'WORKASPACE' ) );
#305 = CARTESIAN_POINT ( 'NONE',  ( 2.149999999999999911, -1.674999999999999822, -0.3699999999999999956 ) ) ;
#306 =( LENGTH_UNIT ( ) NAMED_UNIT ( * ) SI_UNIT ( .MILLI., .METRE. ) );
#307 = CARTESIAN_POINT ( 'NONE',  ( 2.149999999999999911, -0.4250000000000001554, 0.000000000000000000 ) ) ;
#308 = CARTESIAN_POINT ( 'NONE',  ( -0.3795063536428158191, -0.1121763980455833531, -0.3599999999999999867 ) ) ;
#309 = CARTESIAN_POINT ( 'NONE',  ( 0.3326633322665546455, -0.1442186507357328673, -0.3699999999999999956 ) ) ;
#310 = ORIENTED_EDGE ( 'NONE', *, *, #4373, .F. ) ;
#311 = COLOUR_RGB ( '',0.5019607843137254832, 0.2509803921568627416, 0.000000000000000000 ) ;
#312 = MECHANICAL_DESIGN_GEOMETRIC_PRESENTATION_REPRESENTATION (  '', ( #2228 ), #1649 ) ;
#313 = DIRECTION ( 'NONE',  ( 0.000000000000000000, 0.000000000000000000, -1.000000000000000000 ) ) ;
#314 = MECHANICAL_DESIGN_GEOMETRIC_PRESENTATION_REPRESENTATION (  '', ( #247 ), #4345 ) ;
#315 = VECTOR ( 'NONE', #1096, 1000.000000000000000 ) ;
#316 = ADVANCED_FACE ( 'NONE', ( #4168 ), #2684, .T. ) ;
#317 = CARTESIAN_POINT ( 'NONE',  ( 0.2965267129139009805, 0.06487216324082616115, -0.3599999999999998201 ) ) ;
#318 = EDGE_CURVE ( 'NONE', #835, #594, #2358, .T. ) ;
#319 = FILL_AREA_STYLE ('',( #3051 ) ) ;
#320 = AXIS2_PLACEMENT_3D ( 'NONE', #386, #1192, #5075 ) ;
#321 = EDGE_LOOP ( 'NONE', ( #918, #230, #3975, #1685 ) ) ;
#322 =( GEOMETRIC_REPRESENTATION_CONTEXT ( 3 ) GLOBAL_UNCERTAINTY_ASSIGNED_CONTEXT ( ( #124 ) ) GLOBAL_UNIT_ASSIGNED_CONTEXT ( ( #373, #3499, #1285 ) ) REPRESENTATION_CONTEXT ( 'NONE', 'WORKASPACE' ) );
#323 = CARTESIAN_POINT ( 'NONE',  ( -0.6540554177334452213, -0.06007230927231824863, -0.3699999999999999956 ) ) ;
#324 = CARTESIAN_POINT ( 'NONE',  ( -0.3709140308609102932, 0.08677236924533798801, -0.3599999999999999867 ) ) ;
#325 = EDGE_CURVE ( 'NONE', #2924, #1351, #3885, .T. ) ;
#326 = AXIS2_PLACEMENT_3D ( 'NONE', #4772, #36, #148 ) ;
#327 = DIRECTION ( 'NONE',  ( 0.08715574274765836016, 0.000000000000000000, -0.9961946980917455452 ) ) ;
#328 =( NAMED_UNIT ( * ) SI_UNIT ( $, .STERADIAN. ) SOLID_ANGLE_UNIT ( ) );
#329 = LINE ( 'NONE', #1512, #2862 ) ;
#330 = DIRECTION ( 'NONE',  ( 0.000000000000000000, 0.000000000000000000, 1.000000000000000000 ) ) ;
#331 = LINE ( 'NONE', #2029, #2134 ) ;
#332 = DIRECTION ( 'NONE',  ( -1.000000000000000000, 0.000000000000000000, -0.000000000000000000 ) ) ;
#333 =( GEOMETRIC_REPRESENTATION_CONTEXT ( 3 ) GLOBAL_UNCERTAINTY_ASSIGNED_CONTEXT ( ( #953 ) ) GLOBAL_UNIT_ASSIGNED_CONTEXT ( ( #1072, #2225, #2293 ) ) REPRESENTATION_CONTEXT ( 'NONE', 'WORKASPACE' ) );
#334 =( GEOMETRIC_REPRESENTATION_CONTEXT ( 3 ) GLOBAL_UNCERTAINTY_ASSIGNED_CONTEXT ( ( #2102 ) ) GLOBAL_UNIT_ASSIGNED_CONTEXT ( ( #875, #1726, #946 ) ) REPRESENTATION_CONTEXT ( 'NONE', 'WORKASPACE' ) );
#335 = DIRECTION ( 'NONE',  ( 1.000000000000000000, 0.000000000000000000, 0.000000000000000000 ) ) ;
#336 = DIRECTION ( 'NONE',  ( -1.953517427901809960E-16, 1.000000000000000000, 0.000000000000000000 ) ) ;
#337 = SURFACE_SIDE_STYLE ('',( #5047 ) ) ;
#338 = CARTESIAN_POINT ( 'NONE',  ( -0.5941755614914523420, 0.1020886018567585679, -0.3699999999999999956 ) ) ;
#339 = EDGE_LOOP ( 'NONE', ( #2124, #1079, #425, #2150 ) ) ;
#340 = DIRECTION ( 'NONE',  ( 0.000000000000000000, -0.000000000000000000, 1.000000000000000000 ) ) ;
#341 = CARTESIAN_POINT ( 'NONE',  ( -2.955000000000000071, 2.220000000000000195, 0.000000000000000000 ) ) ;
#342 = DIRECTION ( 'NONE',  ( -0.000000000000000000, 0.000000000000000000, 1.000000000000000000 ) ) ;
#343 = DIRECTION ( 'NONE',  ( 1.000000000000000000, -0.000000000000000000, 0.000000000000000000 ) ) ;
#344 = LINE ( 'NONE', #3119, #2644 ) ;
#345 = SURFACE_STYLE_USAGE ( .BOTH. , #3075 ) ;
#346 = ORIENTED_EDGE ( 'NONE', *, *, #2723, .F. ) ;
#347 = EDGE_CURVE ( 'NONE', #2790, #488, #3498, .T. ) ;
#348 = EDGE_CURVE ( 'NONE', #926, #2790, #2654, .T. ) ;
#349 = LINE ( 'NONE', #2316, #3651 ) ;
#350 = CARTESIAN_POINT ( 'NONE',  ( -0.01489764334320145545, 0.02407403219109637352, -0.3699999999999999956 ) ) ;
#351 = SURFACE_STYLE_USAGE ( .BOTH. , #2317 ) ;
#352 = FACE_OUTER_BOUND ( 'NONE', #3587, .T. ) ;
#353 = SURFACE_SIDE_STYLE ('',( #3389 ) ) ;
#354 = EDGE_CURVE ( 'NONE', #4058, #1390, #404, .T. ) ;
#355 = CARTESIAN_POINT ( 'NONE',  ( 0.4460779664128960431, 0.1557813492642670938, -0.3699999999999999956 ) ) ;
#356 = DIRECTION ( 'NONE',  ( -1.953517427901809713E-16, 1.000000000000000000, -0.000000000000000000 ) ) ;
#357 = SURFACE_STYLE_FILL_AREA ( #3554 ) ;
#358 = PRESENTATION_LAYER_ASSIGNMENT (  '', '', ( #1140 ) ) ;
#359 = EDGE_LOOP ( 'NONE', ( #434, #94, #999, #2914 ) ) ;
#360 = EDGE_CURVE ( 'NONE', #3428, #1796, #2340, .T. ) ;
#361 = FILL_AREA_STYLE_COLOUR ( '', #3195 ) ;
#362 = AXIS2_PLACEMENT_3D ( 'NONE', #3863, #3001, #2830 ) ;
#363 = SURFACE_STYLE_USAGE ( .BOTH. , #1125 ) ;
#364 = CARTESIAN_POINT ( 'NONE',  ( 0.2131074767446255180, -0.1026987213013820649, -0.3599999999999999867 ) ) ;
#365 = DIRECTION ( 'NONE',  ( -1.000000000000000000, 0.000000000000000000, 0.000000000000000000 ) ) ;
#366 = CARTESIAN_POINT ( 'NONE',  ( 0.08669786169417338650, -0.1302236451488958668, -0.3599999999999999867 ) ) ;
#367 = CARTESIAN_POINT ( 'NONE',  ( 0.1664285761689936749, -0.1478771873210987242, -0.3700000000000000511 ) ) ;
#368 = FILL_AREA_STYLE ('',( #4584 ) ) ;
#369 = LINE ( 'NONE', #2407, #4438 ) ;
#370 = ORIENTED_EDGE ( 'NONE', *, *, #1507, .F. ) ;
#371 = SURFACE_SIDE_STYLE ('',( #3905 ) ) ;
#372 = DIRECTION ( 'NONE',  ( -0.000000000000000000, -0.000000000000000000, 1.000000000000000000 ) ) ;
#373 =( LENGTH_UNIT ( ) NAMED_UNIT ( * ) SI_UNIT ( .MILLI., .METRE. ) );
#374 = SURFACE_STYLE_FILL_AREA ( #3886 ) ;
#375 = CARTESIAN_POINT ( 'NONE',  ( 0.08388284446167661168, -0.09574304097963531879, -0.3699999999999999956 ) ) ;
#376 = CARTESIAN_POINT ( 'NONE',  ( 0.2668096737299692767, 0.002580129752071980663, -0.3600000000000000422 ) ) ;
#377 = SURFACE_STYLE_FILL_AREA ( #3912 ) ;
#378 = CARTESIAN_POINT ( 'NONE',  ( -0.2769974909041769684, -0.1112918214674401829, -0.3599999999999999312 ) ) ;
#379 = PRODUCT_DEFINITION_CONTEXT ( 'detailed design', #4483, 'design' ) ;
#380 = STYLED_ITEM ( 'NONE', ( #489 ), #3916 ) ;
#381 = PRESENTATION_LAYER_ASSIGNMENT (  '', '', ( #4228 ) ) ;
#382 = MECHANICAL_DESIGN_GEOMETRIC_PRESENTATION_REPRESENTATION (  '', ( #1711 ), #4319 ) ;
#383 = EDGE_CURVE ( 'NONE', #4004, #1671, #1233, .T. ) ;
#384 = EDGE_CURVE ( 'NONE', #3180, #2900, #3467, .T. ) ;
#385 = PRESENTATION_STYLE_ASSIGNMENT (( #4368 ) ) ;
#386 = CARTESIAN_POINT ( 'NONE',  ( 0.000000000000000000, 0.000000000000000000, -0.3699999999999999956 ) ) ;
#387 = SURFACE_STYLE_USAGE ( .BOTH. , #4294 ) ;
#388 = DIRECTION ( 'NONE',  ( -1.000000000000000000, 0.000000000000000000, -0.000000000000000000 ) ) ;
#389 = ORIENTED_EDGE ( 'NONE', *, *, #4620, .T. ) ;
#390 = STYLED_ITEM ( 'NONE', ( #4199 ), #2887 ) ;
#391 = DIRECTION ( 'NONE',  ( 0.000000000000000000, 0.000000000000000000, -1.000000000000000000 ) ) ;
#392 = B_SPLINE_CURVE_WITH_KNOTS ( 'NONE', 3,
 ( #3964, #111, #1733, #4856, #2030, #3199, #4764, #2634, #3033, #4196, #3807, #1430, #4902, #2166, #1402, #4509, #4120, #1454, #275 ),
 .UNSPECIFIED., .F., .F.,
 ( 4, 1, 1, 1, 1, 1, 1, 1, 1, 1, 1, 1, 1, 1, 1, 1, 4 ),
 ( 0.000000000000000000, 0.06460397028839207079, 0.1267024139629471247, 0.1867568140356180850, 0.2455056873654374028, 0.3036520244499753551, 0.3615030739706253105, 0.4202402229284672996, 0.4800333407766963489, 0.5406781347755159617, 0.6011918063807816237, 0.6623335024774423818, 0.7247395102972316039, 0.7894677361728865694, 0.8565048600438305293, 0.9263120958391900528, 1.000000000000000000 ),
 .UNSPECIFIED. ) ;
#393 = EDGE_CURVE ( 'NONE', #3661, #2517, #3573, .T. ) ;
#394 = MECHANICAL_DESIGN_GEOMETRIC_PRESENTATION_REPRESENTATION (  '', ( #4075 ), #4821 ) ;
#395 = SURFACE_STYLE_USAGE ( .BOTH. , #2743 ) ;
#396 = VERTEX_POINT ( 'NONE', #2386 ) ;
#397 = CARTESIAN_POINT ( 'NONE',  ( 0.000000000000000000, -0.1442186507357328673, -0.3599999999999999867 ) ) ;
#398 =( GEOMETRIC_REPRESENTATION_CONTEXT ( 3 ) GLOBAL_UNCERTAINTY_ASSIGNED_CONTEXT ( ( #3693 ) ) GLOBAL_UNIT_ASSIGNED_CONTEXT ( ( #3178, #1249, #787 ) ) REPRESENTATION_CONTEXT ( 'NONE', 'WORKASPACE' ) );
#399 = ORIENTED_EDGE ( 'NONE', *, *, #1160, .T. ) ;
#400 = EDGE_LOOP ( 'NONE', ( #1276, #3123, #4801, #1465 ) ) ;
#401 = DIRECTION ( 'NONE',  ( 1.000000000000000000, 0.000000000000000000, 0.000000000000000000 ) ) ;
#402 = LINE ( 'NONE', #3124, #1742 ) ;
#403 = CARTESIAN_POINT ( 'NONE',  ( -0.3150204152879975128, 0.1190635380330715282, -0.3599999999999999867 ) ) ;
#404 = LINE ( 'NONE', #3524, #3135 ) ;
#405 = CARTESIAN_POINT ( 'NONE',  ( 2.955000000000000071, 2.220000000000000195, -0.3499999999999999778 ) ) ;
#406 = CARTESIAN_POINT ( 'NONE',  ( -2.889383502355557187, 2.154383502355556868, 0.7500000000000001110 ) ) ;
#407 = PRESENTATION_LAYER_ASSIGNMENT (  '', '', ( #1972 ) ) ;
#408 = MECHANICAL_DESIGN_GEOMETRIC_PRESENTATION_REPRESENTATION (  '', ( #1331 ), #72 ) ;
#409 = CARTESIAN_POINT ( 'NONE',  ( -0.5301224909041769573, -0.06007230927231824863, -0.3599999999999999867 ) ) ;
#410 = CARTESIAN_POINT ( 'NONE',  ( 2.149999999999999911, -1.674999999999999822, -0.3499999999999999778 ) ) ;
#411 = DIRECTION ( 'NONE',  ( -0.000000000000000000, 1.000000000000000000, 0.000000000000000000 ) ) ;
#412 = SURFACE_STYLE_FILL_AREA ( #809 ) ;
#413 = CARTESIAN_POINT ( 'NONE',  ( -0.5919577839164610333, 0.1126344153226785244, -0.3599999999999999867 ) ) ;
#414 = ORIENTED_EDGE ( 'NONE', *, *, #4742, .T. ) ;
#415 = COLOUR_RGB ( '',0.000000000000000000, 0.000000000000000000, 0.000000000000000000 ) ;
#416 = CARTESIAN_POINT ( 'NONE',  ( -0.01489764334320145545, 0.1228545199959744372, -0.3699999999999999956 ) ) ;
#417 = FACE_OUTER_BOUND ( 'NONE', #2683, .T. ) ;
#418 = EDGE_CURVE ( 'NONE', #4899, #860, #429, .T. ) ;
#419 = EDGE_CURVE ( 'NONE', #1877, #3162, #778, .T. ) ;
#420 = MECHANICAL_DESIGN_GEOMETRIC_PRESENTATION_REPRESENTATION (  '', ( #5081 ), #1748 ) ;
#421 =( NAMED_UNIT ( * ) PLANE_ANGLE_UNIT ( ) SI_UNIT ( $, .RADIAN. ) );
#422 = CARTESIAN_POINT ( 'NONE',  ( 0.1572609804870715999, -0.1149027958885799061, -0.3699999999999999956 ) ) ;
#423 = ADVANCED_FACE ( 'NONE', ( #3168 ), #4728, .T. ) ;
#424 = DIRECTION ( 'NONE',  ( -0.000000000000000000, -0.000000000000000000, 1.000000000000000000 ) ) ;
#425 = ORIENTED_EDGE ( 'NONE', *, *, #4247, .T. ) ;
#426 = LINE ( 'NONE', #1550, #490 ) ;
#427 = CARTESIAN_POINT ( 'NONE',  ( -0.4106648791155154132, -0.07962830409127695519, -0.3699999999999999956 ) ) ;
#428 = CARTESIAN_POINT ( 'NONE',  ( 0.2555645717649959181, -0.05625662400186551282, -0.3699999999999999956 ) ) ;
#429 = LINE ( 'NONE', #3546, #3534 ) ;
#430 = CARTESIAN_POINT ( 'NONE',  ( -0.6405645640749086933, -0.02714548000402556768, -0.3599999999999999867 ) ) ;
#431 = ORIENTED_EDGE ( 'NONE', *, *, #263, .T. ) ;
#432 = PRESENTATION_STYLE_ASSIGNMENT (( #2344 ) ) ;
#433 = PRESENTATION_STYLE_ASSIGNMENT (( #6 ) ) ;
#434 = ORIENTED_EDGE ( 'NONE', *, *, #777, .F. ) ;
#435 = CARTESIAN_POINT ( 'NONE',  ( 0.1598995207233224469, 0.1593138183455969359, -0.3599999999999999867 ) ) ;
#436 = EDGE_LOOP ( 'NONE', ( #3186, #3775, #1593, #4859, #4868, #1256 ) ) ;
#437 = CARTESIAN_POINT ( 'NONE',  ( -0.4355096002921423626, 0.01499230508922090414, -0.3599999999999999867 ) ) ;
#438 = EDGE_LOOP ( 'NONE', ( #764, #143, #2537, #4006 ) ) ;
#439 = LINE ( 'NONE', #496, #4239 ) ;
#440 = ORIENTED_EDGE ( 'NONE', *, *, #2504, .T. ) ;
#441 = STYLED_ITEM ( 'NONE', ( #3785 ), #316 ) ;
#442 =( NAMED_UNIT ( * ) PLANE_ANGLE_UNIT ( ) SI_UNIT ( $, .RADIAN. ) );
#443 = SURFACE_STYLE_USAGE ( .BOTH. , #1973 ) ;
#444 = EDGE_CURVE ( 'NONE', #3440, #4381, #903, .T. ) ;
#445 = LINE ( 'NONE', #3120, #256 ) ;
#446 = VERTEX_POINT ( 'NONE', #2496 ) ;
#447 = PLANE ( 'NONE',  #2239 ) ;
#448 = CARTESIAN_POINT ( 'NONE',  ( 0.1544811676324083227, 0.1594398858496329507, -0.3699999999999999956 ) ) ;
#449 = SURFACE_STYLE_FILL_AREA ( #3959 ) ;
#450 = CARTESIAN_POINT ( 'NONE',  ( 0.1263080137059646169, 0.1239532440757923765, -0.3699999999999999956 ) ) ;
#451 = CARTESIAN_POINT ( 'NONE',  ( 0.09884154362707472941, 0.1528407492083996289, -0.3599999999999999867 ) ) ;
#452 = ORIENTED_EDGE ( 'NONE', *, *, #1028, .F. ) ;
#453 = COLOUR_RGB ( '',0.7529411764705882248, 0.7529411764705882248, 0.7529411764705882248 ) ;
#454 = FILL_AREA_STYLE_COLOUR ( '', #4078 ) ;
#455 = SURFACE_SIDE_STYLE ('',( #1193 ) ) ;
#456 = ORIENTED_EDGE ( 'NONE', *, *, #3727, .T. ) ;
#457 = FILL_AREA_STYLE_COLOUR ( '', #916 ) ;
#458 = CARTESIAN_POINT ( 'NONE',  ( 0.1428068553964643717, -0.1467847503533976361, -0.3599999999999999867 ) ) ;
#459 = VECTOR ( 'NONE', #3909, 1000.000000000000000 ) ;
#460 = VECTOR ( 'NONE', #3219, 1000.000000000000000 ) ;
#461 = CARTESIAN_POINT ( 'NONE',  ( 0.1341937371002616952, 0.1587539497198087179, -0.3699999999999999956 ) ) ;
#462 = ORIENTED_EDGE ( 'NONE', *, *, #544, .F. ) ;
#463 =( GEOMETRIC_REPRESENTATION_CONTEXT ( 3 ) GLOBAL_UNCERTAINTY_ASSIGNED_CONTEXT ( ( #2759 ) ) GLOBAL_UNIT_ASSIGNED_CONTEXT ( ( #4818, #1313, #2466 ) ) REPRESENTATION_CONTEXT ( 'NONE', 'WORKASPACE' ) );
#464 = ORIENTED_EDGE ( 'NONE', *, *, #3319, .T. ) ;
#465 = VECTOR ( 'NONE', #1005, 1000.000000000000000 ) ;
#466 =( NAMED_UNIT ( * ) PLANE_ANGLE_UNIT ( ) SI_UNIT ( $, .RADIAN. ) );
#467 = COLOUR_RGB ( '',0.5019607843137254832, 0.2509803921568627416, 0.000000000000000000 ) ;
#468 =( NAMED_UNIT ( * ) PLANE_ANGLE_UNIT ( ) SI_UNIT ( $, .RADIAN. ) );
#469 = MECHANICAL_DESIGN_GEOMETRIC_PRESENTATION_REPRESENTATION (  '', ( #2708 ), #897 ) ;
#470 = EDGE_LOOP ( 'NONE', ( #3013, #3918, #4798, #4387 ) ) ;
#471 = CARTESIAN_POINT ( 'NONE',  ( -0.3910568138838307339, 0.1162614829846664449, -0.3599999999999998757 ) ) ;
#472 = COLOUR_RGB ( '',0.7529411764705882248, 0.7529411764705882248, 0.7529411764705882248 ) ;
#473 = CARTESIAN_POINT ( 'NONE',  ( 0.08388284446167661168, 0.1475496419471939435, -0.3699999999999999956 ) ) ;
#474 = EDGE_CURVE ( 'NONE', #1351, #2311, #981, .T. ) ;
#475 = CARTESIAN_POINT ( 'NONE',  ( 0.2830607314043689926, 0.09218325648412858953, -0.3699999999999999956 ) ) ;
#476 =( NAMED_UNIT ( * ) SI_UNIT ( $, .STERADIAN. ) SOLID_ANGLE_UNIT ( ) );
#477 = EDGE_CURVE ( 'NONE', #3356, #1101, #533, .T. ) ;
#478 = CARTESIAN_POINT ( 'NONE',  ( 0.2131074767446255180, -0.1026987213013820649, -0.3599999999999999867 ) ) ;
#479 = PRESENTATION_LAYER_ASSIGNMENT (  '', '', ( #2458 ) ) ;
#480 = SURFACE_STYLE_FILL_AREA ( #563 ) ;
#481 = EDGE_CURVE ( 'NONE', #3342, #4134, #2161, .T. ) ;
#482 = PRESENTATION_LAYER_ASSIGNMENT (  '', '', ( #3269 ) ) ;
#483 = DIRECTION ( 'NONE',  ( 0.000000000000000000, 0.000000000000000000, 1.000000000000000000 ) ) ;
#484 = ORIENTED_EDGE ( 'NONE', *, *, #2368, .F. ) ;
#485 =( GEOMETRIC_REPRESENTATION_CONTEXT ( 3 ) GLOBAL_UNCERTAINTY_ASSIGNED_CONTEXT ( ( #207 ) ) GLOBAL_UNIT_ASSIGNED_CONTEXT ( ( #1994, #2173, #3982 ) ) REPRESENTATION_CONTEXT ( 'NONE', 'WORKASPACE' ) );
#486 = FACE_OUTER_BOUND ( 'NONE', #436, .T. ) ;
#487 = CIRCLE ( 'NONE', #1396, 0.1824730906783015028 ) ;
#488 = VERTEX_POINT ( 'NONE', #948 ) ;
#489 = PRESENTATION_STYLE_ASSIGNMENT (( #4422 ) ) ;
#490 = VECTOR ( 'NONE', #1202, 1000.000000000000000 ) ;
#491 = PRESENTATION_LAYER_ASSIGNMENT (  '', '', ( #4923 ) ) ;
#492 = FACE_OUTER_BOUND ( 'NONE', #2449, .T. ) ;
#493 = PRESENTATION_STYLE_ASSIGNMENT (( #74 ) ) ;
#494 = EDGE_LOOP ( 'NONE', ( #3214, #4536, #41, #2963 ) ) ;
#495 = VECTOR ( 'NONE', #4817, 1000.000000000000000 ) ;
#496 = CARTESIAN_POINT ( 'NONE',  ( 0.4460779664128960431, 0.1557813492642670938, -0.3699999999999999956 ) ) ;
#497 = EDGE_LOOP ( 'NONE', ( #2503, #4958, #3134, #910 ) ) ;
#498 = COLOUR_RGB ( '',0.000000000000000000, 0.000000000000000000, 0.000000000000000000 ) ;
#499 = UNCERTAINTY_MEASURE_WITH_UNIT (LENGTH_MEASURE( 1.000000000000000082E-05 ), #1515, 'distance_accuracy_value', 'NONE');
#500 = CARTESIAN_POINT ( 'NONE',  ( -0.01489764334320145545, -0.008852797077196295286, -0.3699999999999999956 ) ) ;
#501 = ORIENTED_EDGE ( 'NONE', *, *, #2223, .T. ) ;
#502 = SURFACE_STYLE_USAGE ( .BOTH. , #2848 ) ;
#503 = CARTESIAN_POINT ( 'NONE',  ( -0.2788267591968598968, 0.1557813492642670938, -0.3699999999999999956 ) ) ;
#504 =( NAMED_UNIT ( * ) PLANE_ANGLE_UNIT ( ) SI_UNIT ( $, .RADIAN. ) );
#505 = CARTESIAN_POINT ( 'NONE',  ( 0.1861107637981004870, 0.1569521269146952891, -0.3699999999999999956 ) ) ;
#506 = CARTESIAN_POINT ( 'NONE',  ( 2.149999999999999911, 1.674999999999999822, -0.3699999999999999956 ) ) ;
#507 = CARTESIAN_POINT ( 'NONE',  ( 0.1509725409147035236, 0.1264651944024386410, -0.3599999999999999867 ) ) ;
#508 =( NAMED_UNIT ( * ) PLANE_ANGLE_UNIT ( ) SI_UNIT ( $, .RADIAN. ) );
#509 = EDGE_CURVE ( 'NONE', #3686, #4296, #4876, .T. ) ;
#510 = CARTESIAN_POINT ( 'NONE',  ( -0.2757398689529575453, -0.1442186507357328673, -0.3699999999999999956 ) ) ;
#511 = CARTESIAN_POINT ( 'NONE',  ( 0.1572609804870715999, -0.1149027958885799061, -0.3599999999999999867 ) ) ;
#512 = ORIENTED_EDGE ( 'NONE', *, *, #5051, .T. ) ;
#513 = ADVANCED_FACE ( 'NONE', ( #2785 ), #1660, .T. ) ;
#514 = PRESENTATION_STYLE_ASSIGNMENT (( #145 ) ) ;
#515 = CARTESIAN_POINT ( 'NONE',  ( 0.2690176314198517993, -0.1074499456535168845, -0.3699999999999999956 ) ) ;
#516 = ORIENTED_EDGE ( 'NONE', *, *, #3728, .T. ) ;
#517 = UNCERTAINTY_MEASURE_WITH_UNIT (LENGTH_MEASURE( 1.000000000000000082E-05 ), #2773, 'distance_accuracy_value', 'NONE');
#518 = SURFACE_SIDE_STYLE ('',( #574 ) ) ;
#519 = CARTESIAN_POINT ( 'NONE',  ( -3.249999999999999112, 1.050000000000000044, 0.000000000000000000 ) ) ;
#520 = FILL_AREA_STYLE_COLOUR ( '', #740 ) ;
#521 = ORIENTED_EDGE ( 'NONE', *, *, #1307, .T. ) ;
#522 = SURFACE_SIDE_STYLE ('',( #2594 ) ) ;
#523 = ORIENTED_EDGE ( 'NONE', *, *, #3089, .F. ) ;
#524 = FACE_OUTER_BOUND ( 'NONE', #438, .T. ) ;
#525 = SURFACE_SIDE_STYLE ('',( #2050 ) ) ;
#526 = CARTESIAN_POINT ( 'NONE',  ( 0.2665034621458938213, 0.01623757769637020065, -0.3600000000000000422 ) ) ;
#527 = SURFACE_STYLE_USAGE ( .BOTH. , #4917 ) ;
#528 = SURFACE_STYLE_FILL_AREA ( #103 ) ;
#529 = ORIENTED_EDGE ( 'NONE', *, *, #383, .F. ) ;
#530 = CARTESIAN_POINT ( 'NONE',  ( -0.1356293506602746501, -0.1442186507357328673, -0.3699999999999999956 ) ) ;
#531 = B_SPLINE_CURVE_WITH_KNOTS ( 'NONE', 3,
 ( #4127, #661, #240, #1439, #1049, #4154, #2235, #3774, #1491, #3813, #308, #1888, #3426, #5001, #4293, #2418, #807, #3871, #1605 ),
 .UNSPECIFIED., .F., .F.,
 ( 4, 1, 1, 1, 1, 1, 1, 1, 1, 1, 1, 1, 1, 1, 1, 1, 4 ),
 ( 0.000000000000000000, 0.06806869584499398995, 0.1334274328189550829, 0.1961460338131565395, 0.2570485924493127738, 0.3168826631591620813, 0.3761872086663216042, 0.4359603353635461143, 0.4965352368627262702, 0.5574653434807333996, 0.6176868634101471134, 0.6779436406969063800, 0.7388052848060405742, 0.8009493367665843078, 0.8648146674702267278, 0.9310247810786573819, 1.000000000000000000 ),
 .UNSPECIFIED. ) ;
#532 = FILL_AREA_STYLE_COLOUR ( '', #225 ) ;
#533 = LINE ( 'NONE', #3646, #4612 ) ;
#534 = CARTESIAN_POINT ( 'NONE',  ( -0.4330947589935272846, 0.04113221569209225825, -0.3699999999999999956 ) ) ;
#535 = PRESENTATION_LAYER_ASSIGNMENT (  '', '', ( #3629 ) ) ;
#536 = SURFACE_STYLE_USAGE ( .BOTH. , #4410 ) ;
#537 = PRESENTATION_STYLE_ASSIGNMENT (( #2083 ) ) ;
#538 = CARTESIAN_POINT ( 'NONE',  ( 0.1938551448260234511, -0.1106969391237354605, -0.3699999999999999956 ) ) ;
#539 = ORIENTED_EDGE ( 'NONE', *, *, #1723, .F. ) ;
#540 = CARTESIAN_POINT ( 'NONE',  ( 0.2668096737299692767, 0.002580129752071980663, -0.3599999999999999867 ) ) ;
#541 = ORIENTED_EDGE ( 'NONE', *, *, #1308, .T. ) ;
#542 = CARTESIAN_POINT ( 'NONE',  ( -2.955000000000000071, 2.220000000000000195, -0.3499999999999999778 ) ) ;
#543 = ADVANCED_FACE ( 'NONE', ( #2084 ), #1323, .T. ) ;
#544 = EDGE_CURVE ( 'NONE', #77, #2558, #1007, .T. ) ;
#545 = FILL_AREA_STYLE ('',( #520 ) ) ;
#546 = ORIENTED_EDGE ( 'NONE', *, *, #4273, .T. ) ;
#547 = CARTESIAN_POINT ( 'NONE',  ( -0.5954045030992989318, 0.09815939804475490305, -0.3599999999999999867 ) ) ;
#548 = ORIENTED_EDGE ( 'NONE', *, *, #509, .T. ) ;
#549 = VECTOR ( 'NONE', #290, 1000.000000000000000 ) ;
#550 = CARTESIAN_POINT ( 'NONE',  ( 2.955000000000000959, -2.220000000000000195, -0.3499999999999999778 ) ) ;
#551 =( NAMED_UNIT ( * ) PLANE_ANGLE_UNIT ( ) SI_UNIT ( $, .RADIAN. ) );
#552 =( GEOMETRIC_REPRESENTATION_CONTEXT ( 3 ) GLOBAL_UNCERTAINTY_ASSIGNED_CONTEXT ( ( #3767 ) ) GLOBAL_UNIT_ASSIGNED_CONTEXT ( ( #806, #4619, #2296 ) ) REPRESENTATION_CONTEXT ( 'NONE', 'WORKASPACE' ) );
#553 = CARTESIAN_POINT ( 'NONE',  ( -0.3779975821652651335, -0.06244061089691634037, -0.3699999999999999956 ) ) ;
#554 = UNCERTAINTY_MEASURE_WITH_UNIT (LENGTH_MEASURE( 1.000000000000000082E-05 ), #56, 'distance_accuracy_value', 'NONE');
#555 = SURFACE_STYLE_FILL_AREA ( #2516 ) ;
#556 = ORIENTED_EDGE ( 'NONE', *, *, #4046, .T. ) ;
#557 = FACE_OUTER_BOUND ( 'NONE', #4206, .T. ) ;
#558 = LINE ( 'NONE', #397, #2536 ) ;
#559 = STYLED_ITEM ( 'NONE', ( #1440 ), #3122 ) ;
#560 = SURFACE_STYLE_FILL_AREA ( #2136 ) ;
#561 = SURFACE_STYLE_FILL_AREA ( #108 ) ;
#562 = ORIENTED_EDGE ( 'NONE', *, *, #588, .T. ) ;
#563 = FILL_AREA_STYLE ('',( #110 ) ) ;
#564 = PRESENTATION_LAYER_ASSIGNMENT (  '', '', ( #4413 ) ) ;
#565 = CARTESIAN_POINT ( 'NONE',  ( -0.6405645640749088043, -0.02714548000402557809, -0.3699999999999999956 ) ) ;
#566 = PRESENTATION_LAYER_ASSIGNMENT (  '', '', ( #58 ) ) ;
#567 = FACE_OUTER_BOUND ( 'NONE', #321, .T. ) ;
#568 = EDGE_LOOP ( 'NONE', ( #414, #2673, #1304, #1381, #3762, #3242 ) ) ;
#569 =( NAMED_UNIT ( * ) SI_UNIT ( $, .STERADIAN. ) SOLID_ANGLE_UNIT ( ) );
#570 = CARTESIAN_POINT ( 'NONE',  ( -0.5014830091968599524, -0.1442186507357328673, -0.3699999999999999956 ) ) ;
#571 = CARTESIAN_POINT ( 'NONE',  ( 0.1966983115935921900, -0.1456233357682783502, -0.3699999999999999956 ) ) ;
#572 = ORIENTED_EDGE ( 'NONE', *, *, #3034, .F. ) ;
#573 = PRESENTATION_LAYER_ASSIGNMENT (  '', '', ( #3037 ) ) ;
#574 = SURFACE_STYLE_FILL_AREA ( #2948 ) ;
#575 = CARTESIAN_POINT ( 'NONE',  ( 1.250000000000000222, -1.674999999999999378, -0.3699999999999999956 ) ) ;
#576 = MECHANICAL_DESIGN_GEOMETRIC_PRESENTATION_REPRESENTATION (  '', ( #3840 ), #3345 ) ;
#577 = PLANE ( 'NONE',  #1895 ) ;
#578 = COLOUR_RGB ( '',0.7529411764705882248, 0.7529411764705882248, 0.7529411764705882248 ) ;
#579 = DIRECTION ( 'NONE',  ( -0.000000000000000000, -0.000000000000000000, 1.000000000000000000 ) ) ;
#580 = EDGE_LOOP ( 'NONE', ( #101, #2821, #4073, #4049 ) ) ;
#581 = ADVANCED_FACE ( 'NONE', ( #1847 ), #1929, .T. ) ;
#582 = EDGE_CURVE ( 'NONE', #1844, #4826, #4914, .T. ) ;
#583 = B_SPLINE_CURVE_WITH_KNOTS ( 'NONE', 3,
 ( #938, #1741, #71, #1219, #96, #4832, #2486, #4001, #1669, #2395, #1273 ),
 .UNSPECIFIED., .F., .F.,
 ( 4, 1, 1, 1, 1, 1, 1, 1, 4 ),
 ( 0.000000000000000000, 0.1352946047634291660, 0.2667656579247484339, 0.3948160188358723621, 0.5200516544342456138, 0.6421757029708219378, 0.7626518205584231769, 0.8818340043805017459, 1.000000000000000000 ),
 .UNSPECIFIED. ) ;
#584 = MECHANICAL_DESIGN_GEOMETRIC_PRESENTATION_REPRESENTATION (  '', ( #2802 ), #1242 ) ;
#585 = CARTESIAN_POINT ( 'NONE',  ( -0.3878042822774080967, -0.04175423544607553134, -0.3699999999999999956 ) ) ;
#586 = DIRECTION ( 'NONE',  ( 0.000000000000000000, 0.000000000000000000, -1.000000000000000000 ) ) ;
#587 = CARTESIAN_POINT ( 'NONE',  ( -0.6844098384651525757, -0.1442186507357328673, -0.3599999999999999867 ) ) ;
#588 = EDGE_CURVE ( 'NONE', #1161, #1377, #3332, .T. ) ;
#589 = ORIENTED_EDGE ( 'NONE', *, *, #3673, .T. ) ;
#590 =( GEOMETRIC_REPRESENTATION_CONTEXT ( 3 ) GLOBAL_UNCERTAINTY_ASSIGNED_CONTEXT ( ( #4050 ) ) GLOBAL_UNIT_ASSIGNED_CONTEXT ( ( #1891, #1940, #1863 ) ) REPRESENTATION_CONTEXT ( 'NONE', 'WORKASPACE' ) );
#591 = CARTESIAN_POINT ( 'NONE',  ( -0.3405427723710704457, 0.1460812949306222741, -0.3599999999999998757 ) ) ;
#592 = COLOUR_RGB ( '',0.000000000000000000, 0.000000000000000000, 0.000000000000000000 ) ;
#593 = FACE_OUTER_BOUND ( 'NONE', #2576, .T. ) ;
#594 = VERTEX_POINT ( 'NONE', #4346 ) ;
#595 = B_SPLINE_CURVE_WITH_KNOTS ( 'NONE', 3,
 ( #367, #3071, #2746, #2332, #3435, #1947, #3518, #772, #3878, #3823, #4300, #1590, #4626, #1921, #3899, #5058, #3459, #5028, #4607 ),
 .UNSPECIFIED., .F., .F.,
 ( 4, 1, 1, 1, 1, 1, 1, 1, 1, 1, 1, 1, 1, 1, 1, 1, 4 ),
 ( 0.000000000000000000, 0.06783324845577354267, 0.1326555365079041537, 0.1950508840508276553, 0.2555829330687771073, 0.3147998341472897366, 0.3736004728263744856, 0.4325455953267434706, 0.4924306292835652910, 0.5526712559629693988, 0.6125130441881163623, 0.6726102503570062785, 0.7338383693139458597, 0.7965942385677737825, 0.8614497992905730817, 0.9291989423509052770, 0.9999999999999998890 ),
 .UNSPECIFIED. ) ;
#596 = PRESENTATION_STYLE_ASSIGNMENT (( #1017 ) ) ;
#597 = ORIENTED_EDGE ( 'NONE', *, *, #1474, .F. ) ;
#598 = SURFACE_STYLE_FILL_AREA ( #4026 ) ;
#599 = CARTESIAN_POINT ( 'NONE',  ( 0.2690176314198517993, -0.1074499456535168845, -0.3599999999999997646 ) ) ;
#600 = ORIENTED_EDGE ( 'NONE', *, *, #1995, .T. ) ;
#601 = CARTESIAN_POINT ( 'NONE',  ( 0.08388284446167662556, -0.1286698702479280032, -0.3699999999999999956 ) ) ;
#602 = PRESENTATION_LAYER_ASSIGNMENT (  '', '', ( #4686 ) ) ;
#603 = ORIENTED_EDGE ( 'NONE', *, *, #354, .T. ) ;
#604 = SURFACE_STYLE_FILL_AREA ( #1372 ) ;
#605 = CARTESIAN_POINT ( 'NONE',  ( -0.3715408724058772427, -0.07155276390435244549, -0.3699999999999999956 ) ) ;
#606 = EDGE_LOOP ( 'NONE', ( #672, #3897, #2093, #890, #1441, #2014 ) ) ;
#607 = PRODUCT_DEFINITION_SHAPE ( 'NONE', 'NONE',  #3604 ) ;
#608 = CARTESIAN_POINT ( 'NONE',  ( -0.1941659360261283052, 0.1557813492642670938, -0.3599999999999999867 ) ) ;
#609 = CARTESIAN_POINT ( 'NONE',  ( -0.2757398689529575453, -0.1442186507357328673, -0.3599999999999999867 ) ) ;
#610 =( NAMED_UNIT ( * ) SI_UNIT ( $, .STERADIAN. ) SOLID_ANGLE_UNIT ( ) );
#611 = EDGE_CURVE ( 'NONE', #1254, #4487, #1564, .T. ) ;
#612 = DIRECTION ( 'NONE',  ( 1.000000000000000000, -3.942553354492744024E-16, 0.000000000000000000 ) ) ;
#613 = CARTESIAN_POINT ( 'NONE',  ( 0.000000000000000000, -0.1112918214674401829, -0.3599999999999999867 ) ) ;
#614 =( GEOMETRIC_REPRESENTATION_CONTEXT ( 3 ) GLOBAL_UNCERTAINTY_ASSIGNED_CONTEXT ( ( #801 ) ) GLOBAL_UNIT_ASSIGNED_CONTEXT ( ( #4130, #551, #2128 ) ) REPRESENTATION_CONTEXT ( 'NONE', 'WORKASPACE' ) );
#615 = EDGE_LOOP ( 'NONE', ( #1561, #4611, #5089, #179, #4044, #3588, #1738, #3053, #2820, #4514 ) ) ;
#616 = STYLED_ITEM ( 'NONE', ( #596 ), #192 ) ;
#617 = FILL_AREA_STYLE ('',( #1840 ) ) ;
#618 = CARTESIAN_POINT ( 'NONE',  ( 0.3069598116214524719, -0.005314389225277332471, -0.3599999999999997646 ) ) ;
#619 = VERTEX_POINT ( 'NONE', #40 ) ;
#620 = UNCERTAINTY_MEASURE_WITH_UNIT (LENGTH_MEASURE( 1.000000000000000082E-05 ), #3592, 'distance_accuracy_value', 'NONE');
#621 = LINE ( 'NONE', #238, #2266 ) ;
#622 = CARTESIAN_POINT ( 'NONE',  ( -0.3875747195352416963, 0.05845489370278813407, -0.3699999999999999956 ) ) ;
#623 = UNCERTAINTY_MEASURE_WITH_UNIT (LENGTH_MEASURE( 1.000000000000000082E-05 ), #1591, 'distance_accuracy_value', 'NONE');
#624 = ORIENTED_EDGE ( 'NONE', *, *, #3799, .T. ) ;
#625 = CARTESIAN_POINT ( 'NONE',  ( 0.000000000000000000, 0.000000000000000000, 0.000000000000000000 ) ) ;
#626 = UNCERTAINTY_MEASURE_WITH_UNIT (LENGTH_MEASURE( 1.000000000000000082E-05 ), #136, 'distance_accuracy_value', 'NONE');
#627 = CARTESIAN_POINT ( 'NONE',  ( -0.3875747195352416963, 0.05845489370278813407, -0.3699999999999999956 ) ) ;
#628 = VECTOR ( 'NONE', #657, 1000.000000000000000 ) ;
#629 = FACE_BOUND ( 'NONE', #2998, .T. ) ;
#630 = VERTEX_POINT ( 'NONE', #2767 ) ;
#631 = CARTESIAN_POINT ( 'NONE',  ( -0.4330999602307618046, -0.02342868304514087591, -0.3699999999999999956 ) ) ;
#632 = DIRECTION ( 'NONE',  ( -0.000000000000000000, 1.000000000000000000, 0.000000000000000000 ) ) ;
#633 = MECHANICAL_DESIGN_GEOMETRIC_PRESENTATION_REPRESENTATION (  '', ( #805 ), #1385 ) ;
#634 = VECTOR ( 'NONE', #4055, 1000.000000000000000 ) ;
#635 = SURFACE_SIDE_STYLE ('',( #2627 ) ) ;
#636 = VECTOR ( 'NONE', #1914, 1000.000000000000114 ) ;
#637 = CARTESIAN_POINT ( 'NONE',  ( 0.1544811676324083227, 0.1594398858496329507, -0.3699999999999999956 ) ) ;
#638 = SURFACE_STYLE_USAGE ( .BOTH. , #1852 ) ;
#639 = ORIENTED_EDGE ( 'NONE', *, *, #2397, .F. ) ;
#640 = PRESENTATION_LAYER_ASSIGNMENT (  '', '', ( #2032 ) ) ;
#641 = CARTESIAN_POINT ( 'NONE',  ( 0.1664285761689936749, -0.1478771873210987242, -0.3599999999999999867 ) ) ;
#642 =( GEOMETRIC_REPRESENTATION_CONTEXT ( 3 ) GLOBAL_UNCERTAINTY_ASSIGNED_CONTEXT ( ( #1210 ) ) GLOBAL_UNIT_ASSIGNED_CONTEXT ( ( #4897, #2135, #610 ) ) REPRESENTATION_CONTEXT ( 'NONE', 'WORKASPACE' ) );
#643 = CARTESIAN_POINT ( 'NONE',  ( 0.2131074767446255180, -0.1026987213013820649, -0.3699999999999999956 ) ) ;
#644 = EDGE_CURVE ( 'NONE', #3358, #77, #3483, .T. ) ;
#645 = EDGE_CURVE ( 'NONE', #3155, #3358, #4317, .T. ) ;
#646 = COLOUR_RGB ( '',0.000000000000000000, 0.000000000000000000, 0.000000000000000000 ) ;
#647 = CARTESIAN_POINT ( 'NONE',  ( -2.705000000000000071, -1.050000000000000044, -0.3499999999999999778 ) ) ;
#648 = STYLED_ITEM ( 'NONE', ( #2546 ), #4113 ) ;
#649 = ORIENTED_EDGE ( 'NONE', *, *, #4912, .T. ) ;
#650 = COLOUR_RGB ( '',0.000000000000000000, 0.000000000000000000, 0.000000000000000000 ) ;
#651 = CARTESIAN_POINT ( 'NONE',  ( -0.1209952043188111531, 0.02407403219109637352, -0.3699999999999999956 ) ) ;
#652 = DIRECTION ( 'NONE',  ( -1.000000000000000000, 0.000000000000000000, 0.000000000000000000 ) ) ;
#653 = CARTESIAN_POINT ( 'NONE',  ( 2.889383502355557187, 2.154383502355556868, 0.7500000000000001110 ) ) ;
#654 = UNCERTAINTY_MEASURE_WITH_UNIT (LENGTH_MEASURE( 1.000000000000000082E-05 ), #306, 'distance_accuracy_value', 'NONE');
#655 = EDGE_CURVE ( 'NONE', #4326, #1881, #3536, .T. ) ;
#656 = CARTESIAN_POINT ( 'NONE',  ( -0.3397452170420304784, -0.1339558957061179612, -0.3599999999999998757 ) ) ;
#657 = DIRECTION ( 'NONE',  ( 0.000000000000000000, 1.000000000000000000, 0.000000000000000000 ) ) ;
#658 = LINE ( 'NONE', #305, #1058 ) ;
#659 = CARTESIAN_POINT ( 'NONE',  ( -0.4356293506602745835, 0.009554215117925639322, -0.3699999999999999956 ) ) ;
#660 = CARTESIAN_POINT ( 'NONE',  ( -0.3633409663330195438, 0.09436524096466546163, -0.3699999999999999956 ) ) ;
#661 = CARTESIAN_POINT ( 'NONE',  ( -0.4355081904994810293, 0.003887939766020777170, -0.3599999999999999867 ) ) ;
#662 = CARTESIAN_POINT ( 'NONE',  ( 0.1608836066567985446, -0.1149503580528060537, -0.3699999999999999956 ) ) ;
#663 = ORIENTED_EDGE ( 'NONE', *, *, #4778, .T. ) ;
#664 = PRESENTATION_LAYER_ASSIGNMENT (  '', '', ( #4335 ) ) ;
#665 = CARTESIAN_POINT ( 'NONE',  ( -0.3549517588805319868, 0.1010404710017236557, -0.3599999999999999867 ) ) ;
#666 =( GEOMETRIC_REPRESENTATION_CONTEXT ( 3 ) GLOBAL_UNCERTAINTY_ASSIGNED_CONTEXT ( ( #1338 ) ) GLOBAL_UNIT_ASSIGNED_CONTEXT ( ( #2630, #1876, #2970 ) ) REPRESENTATION_CONTEXT ( 'NONE', 'WORKASPACE' ) );
#667 = CARTESIAN_POINT ( 'NONE',  ( -0.4355081904994810293, 0.003887939766020777170, -0.3699999999999999956 ) ) ;
#668 = VECTOR ( 'NONE', #1927, 999.9999999999998863 ) ;
#669 = LINE ( 'NONE', #3360, #2451 ) ;
#670 = CARTESIAN_POINT ( 'NONE',  ( 0.2284663211624797241, 0.1425646006859553894, -0.3699999999999999956 ) ) ;
#671 = DIRECTION ( 'NONE',  ( 1.000000000000000000, -1.971276677246372012E-16, 0.000000000000000000 ) ) ;
#672 = ORIENTED_EDGE ( 'NONE', *, *, #3837, .T. ) ;
#673 = LINE ( 'NONE', #4139, #1336 ) ;
#674 = VECTOR ( 'NONE', #4695, 1000.000000000000000 ) ;
#675 = MECHANICAL_DESIGN_GEOMETRIC_PRESENTATION_REPRESENTATION (  '', ( #2886 ), #3046 ) ;
#676 = CARTESIAN_POINT ( 'NONE',  ( -0.01489764334320145545, -0.1112918214674401829, -0.3699999999999999956 ) ) ;
#677 = FILL_AREA_STYLE_COLOUR ( '', #949 ) ;
#678 =( GEOMETRIC_REPRESENTATION_CONTEXT ( 3 ) GLOBAL_UNCERTAINTY_ASSIGNED_CONTEXT ( ( #3283 ) ) GLOBAL_UNIT_ASSIGNED_CONTEXT ( ( #1837, #2972, #2581 ) ) REPRESENTATION_CONTEXT ( 'NONE', 'WORKASPACE' ) );
#679 = SURFACE_STYLE_FILL_AREA ( #4170 ) ;
#680 = ORIENTED_EDGE ( 'NONE', *, *, #4462, .F. ) ;
#681 = EDGE_CURVE ( 'NONE', #3722, #619, #4652, .T. ) ;
#682 = ADVANCED_FACE ( 'NONE', ( #813 ), #841, .T. ) ;
#683 = FILL_AREA_STYLE_COLOUR ( '', #472 ) ;
#684 = SURFACE_SIDE_STYLE ('',( #3369 ) ) ;
#685 = CARTESIAN_POINT ( 'NONE',  ( 0.1428068553964643717, -0.1467847503533976361, -0.3699999999999999956 ) ) ;
#686 = DIRECTION ( 'NONE',  ( -0.000000000000000000, -0.000000000000000000, 1.000000000000000000 ) ) ;
#687 = SURFACE_SIDE_STYLE ('',( #4597 ) ) ;
#688 = EDGE_CURVE ( 'NONE', #4138, #3356, #3852, .T. ) ;
#689 =( NAMED_UNIT ( * ) PLANE_ANGLE_UNIT ( ) SI_UNIT ( $, .RADIAN. ) );
#690 = CARTESIAN_POINT ( 'NONE',  ( -0.5014830091968599524, -0.1442186507357328673, -0.3699999999999999956 ) ) ;
#691 =( NAMED_UNIT ( * ) PLANE_ANGLE_UNIT ( ) SI_UNIT ( $, .RADIAN. ) );
#692 = CARTESIAN_POINT ( 'NONE',  ( 2.955000000000000515, -0.4250000000000000444, -0.3499999999999999778 ) ) ;
#693 = VERTEX_POINT ( 'NONE', #3456 ) ;
#694 = CARTESIAN_POINT ( 'NONE',  ( -0.2912629008076173531, 0.1225950992474840601, -0.3699999999999999956 ) ) ;
#695 = CARTESIAN_POINT ( 'NONE',  ( -0.3910860991132646958, -0.1024187288010029034, -0.3699999999999999956 ) ) ;
#696 = FILL_AREA_STYLE ('',( #4162 ) ) ;
#697 = DIRECTION ( 'NONE',  ( 1.000000000000000000, -0.000000000000000000, 0.000000000000000000 ) ) ;
#698 = CARTESIAN_POINT ( 'NONE',  ( 0.3019482220559115415, -0.04619478471778566686, -0.3599999999999999867 ) ) ;
#699 = SURFACE_STYLE_FILL_AREA ( #4412 ) ;
#700 = CARTESIAN_POINT ( 'NONE',  ( 0.3326633322665546455, -0.1112918214674401829, -0.3699999999999999956 ) ) ;
#701 = DIRECTION ( 'NONE',  ( -1.000000000000000000, 0.000000000000000000, 0.000000000000000000 ) ) ;
#702 = FACE_OUTER_BOUND ( 'NONE', #2215, .T. ) ;
#703 = CARTESIAN_POINT ( 'NONE',  ( 0.000000000000000000, 0.000000000000000000, -0.3699999999999999956 ) ) ;
#704 = CARTESIAN_POINT ( 'NONE',  ( -0.6844098384651525757, -0.1442186507357328673, -0.3699999999999999956 ) ) ;
#705 = CARTESIAN_POINT ( 'NONE',  ( 2.149999999999999911, 0.4250000000000001554, 0.000000000000000000 ) ) ;
#706 = LINE ( 'NONE', #1792, #2010 ) ;
#707 = FACE_OUTER_BOUND ( 'NONE', #4500, .T. ) ;
#708 = VERTEX_POINT ( 'NONE', #5026 ) ;
#709 = MECHANICAL_DESIGN_GEOMETRIC_PRESENTATION_REPRESENTATION (  '', ( #2927 ), #3841 ) ;
#710 = EDGE_CURVE ( 'NONE', #926, #2530, #4645, .T. ) ;
#711 = EDGE_CURVE ( 'NONE', #1405, #4872, #3586, .T. ) ;
#712 = CARTESIAN_POINT ( 'NONE',  ( 0.1195532484959101888, -0.1102661430154575489, -0.3699999999999999956 ) ) ;
#713 = ADVANCED_FACE ( 'NONE', ( #4393 ), #4207, .T. ) ;
#714 = CARTESIAN_POINT ( 'NONE',  ( 0.1109803029881593350, -0.1405473097442303532, -0.3599999999999999867 ) ) ;
#715 = DIRECTION ( 'NONE',  ( 0.000000000000000000, -1.000000000000000000, 0.000000000000000000 ) ) ;
#716 = CARTESIAN_POINT ( 'NONE',  ( 0.2830607314043689926, 0.09218325648412858953, -0.3699999999999999956 ) ) ;
#717 = SURFACE_STYLE_USAGE ( .BOTH. , #1015 ) ;
#718 = ORIENTED_EDGE ( 'NONE', *, *, #582, .F. ) ;
#719 = VECTOR ( 'NONE', #2889, 1000.000000000000000 ) ;
#720 = LINE ( 'NONE', #323, #4839 ) ;
#721 = PRESENTATION_LAYER_ASSIGNMENT (  '', '', ( #969 ) ) ;
#722 = CARTESIAN_POINT ( 'NONE',  ( -0.4356293506602745835, 0.009554215117925639322, -0.3599999999999998757 ) ) ;
#723 = STYLED_ITEM ( 'NONE', ( #3104 ), #1203 ) ;
#724 = STYLED_ITEM ( 'NONE', ( #2071 ), #4340 ) ;
#725 = CARTESIAN_POINT ( 'NONE',  ( 2.955000000000000071, 0.4250000000000003220, 0.000000000000000000 ) ) ;
#726 = CARTESIAN_POINT ( 'NONE',  ( 0.4460779664128960431, -0.1112918214674401829, -0.3599999999999999867 ) ) ;
#727 = AXIS2_PLACEMENT_3D ( 'NONE', #4308, #2686, #2363 ) ;
#728 = CARTESIAN_POINT ( 'NONE',  ( -0.5907741677334452657, 0.1191959834106085941, -0.3699999999999999956 ) ) ;
#729 = CARTESIAN_POINT ( 'NONE',  ( 0.3070535761689936471, 0.0001220504837793170202, -0.3699999999999999956 ) ) ;
#730 = DIRECTION ( 'NONE',  ( -1.000000000000000000, -0.000000000000000000, -0.000000000000000000 ) ) ;
#731 = LINE ( 'NONE', #2298, #4929 ) ;
#732 = ORIENTED_EDGE ( 'NONE', *, *, #2368, .T. ) ;
#733 = VECTOR ( 'NONE', #2489, 1000.000000000000000 ) ;
#734 =( LENGTH_UNIT ( ) NAMED_UNIT ( * ) SI_UNIT ( .MILLI., .METRE. ) );
#735 =( GEOMETRIC_REPRESENTATION_CONTEXT ( 3 ) GLOBAL_UNCERTAINTY_ASSIGNED_CONTEXT ( ( #2958 ) ) GLOBAL_UNIT_ASSIGNED_CONTEXT ( ( #4828, #1328, #3659 ) ) REPRESENTATION_CONTEXT ( 'NONE', 'WORKASPACE' ) );
#736 = ADVANCED_FACE ( 'NONE', ( #4003 ), #577, .F. ) ;
#737 = PRODUCT_RELATED_PRODUCT_CATEGORY ( 'part', '', ( #2377 ) ) ;
#738 = PRESENTATION_LAYER_ASSIGNMENT (  '', '', ( #1229 ) ) ;
#739 = CARTESIAN_POINT ( 'NONE',  ( 0.02534625909582290462, -0.1442186507357328673, -0.3699999999999999956 ) ) ;
#740 = COLOUR_RGB ( '',0.7529411764705882248, 0.7529411764705882248, 0.7529411764705882248 ) ;
#741 = CARTESIAN_POINT ( 'NONE',  ( 0.2641343687046827093, 0.1158061972264109174, -0.3599999999999998201 ) ) ;
#742 = PRESENTATION_LAYER_ASSIGNMENT (  '', '', ( #4504 ) ) ;
#743 = CARTESIAN_POINT ( 'NONE',  ( -0.3936594711329887697, -0.01795309844892320830, -0.3599999999999999867 ) ) ;
#744 = EDGE_CURVE ( 'NONE', #201, #5090, #4126, .T. ) ;
#745 = MECHANICAL_DESIGN_GEOMETRIC_PRESENTATION_REPRESENTATION (  '', ( #2976 ), #3188 ) ;
#746 = ORIENTED_EDGE ( 'NONE', *, *, #159, .T. ) ;
#747 =( GEOMETRIC_REPRESENTATION_CONTEXT ( 3 ) GLOBAL_UNCERTAINTY_ASSIGNED_CONTEXT ( ( #1750 ) ) GLOBAL_UNIT_ASSIGNED_CONTEXT ( ( #4382, #4848, #3217 ) ) REPRESENTATION_CONTEXT ( 'NONE', 'WORKASPACE' ) );
#748 = CARTESIAN_POINT ( 'NONE',  ( 2.149999999999999911, -0.4250000000000001554, -0.3499999999999999778 ) ) ;
#749 = AXIS2_PLACEMENT_3D ( 'NONE', #4955, #1463, #763 ) ;
#750 = LINE ( 'NONE', #2385, #4016 ) ;
#751 = SURFACE_STYLE_USAGE ( .BOTH. , #2248 ) ;
#752 = FILL_AREA_STYLE ('',( #4253 ) ) ;
#753 = CARTESIAN_POINT ( 'NONE',  ( 2.149999999999999911, 1.674999999999999822, 0.000000000000000000 ) ) ;
#754 = DIRECTION ( 'NONE',  ( -0.000000000000000000, -1.000000000000000000, -0.000000000000000000 ) ) ;
#755 =( GEOMETRIC_REPRESENTATION_CONTEXT ( 3 ) GLOBAL_UNCERTAINTY_ASSIGNED_CONTEXT ( ( #925 ) ) GLOBAL_UNIT_ASSIGNED_CONTEXT ( ( #3229, #2566, #992 ) ) REPRESENTATION_CONTEXT ( 'NONE', 'WORKASPACE' ) );
#756 = EDGE_CURVE ( 'NONE', #244, #630, #3393, .T. ) ;
#757 = PLANE ( 'NONE',  #727 ) ;
#758 = CARTESIAN_POINT ( 'NONE',  ( 0.1155971785596784374, 0.1565398505835829956, -0.3599999999999999867 ) ) ;
#759 = DIRECTION ( 'NONE',  ( -0.000000000000000000, 0.000000000000000000, 1.000000000000000000 ) ) ;
#760 =( NAMED_UNIT ( * ) SI_UNIT ( $, .STERADIAN. ) SOLID_ANGLE_UNIT ( ) );
#761 = AXIS2_PLACEMENT_3D ( 'NONE', #3479, #282, #4233 ) ;
#762 = FILL_AREA_STYLE ('',( #2715 ) ) ;
#763 = DIRECTION ( 'NONE',  ( 0.3363908276654481444, -0.9417224702971437322, 0.000000000000000000 ) ) ;
#764 = ORIENTED_EDGE ( 'NONE', *, *, #3509, .T. ) ;
#765 = FILL_AREA_STYLE ('',( #3477 ) ) ;
#766 = PLANE ( 'NONE',  #1812 ) ;
#767 = ORIENTED_EDGE ( 'NONE', *, *, #808, .F. ) ;
#768 = SURFACE_STYLE_FILL_AREA ( #1943 ) ;
#769 = SURFACE_STYLE_FILL_AREA ( #3113 ) ;
#770 = CARTESIAN_POINT ( 'NONE',  ( 0.1009740244072690613, -0.1042451238282473963, -0.3699999999999999956 ) ) ;
#771 = FILL_AREA_STYLE ('',( #5057 ) ) ;
#772 = CARTESIAN_POINT ( 'NONE',  ( 0.2482258414208625419, -0.1252885565774562726, -0.3699999999999999956 ) ) ;
#773 = VECTOR ( 'NONE', #2, 1000.000000000000000 ) ;
#774 = CARTESIAN_POINT ( 'NONE',  ( -0.3266227212339867791, -0.1036538228529943900, -0.3599999999999999867 ) ) ;
#775 = ORIENTED_EDGE ( 'NONE', *, *, #1878, .T. ) ;
#776 = CARTESIAN_POINT ( 'NONE',  ( -0.2788267591968598968, 0.1557813492642670938, -0.3599999999999999867 ) ) ;
#777 = EDGE_CURVE ( 'NONE', #3440, #4425, #2665, .T. ) ;
#778 = LINE ( 'NONE', #3101, #1104 ) ;
#779 = CARTESIAN_POINT ( 'NONE',  ( 0.02534625909582290462, -0.1442186507357328673, -0.3699999999999999956 ) ) ;
#780 = SURFACE_SIDE_STYLE ('',( #2710 ) ) ;
#781 = SURFACE_STYLE_USAGE ( .BOTH. , #2002 ) ;
#782 = CARTESIAN_POINT ( 'NONE',  ( -0.3371600373284353025, -0.09914013664025703165, -0.3599999999999999312 ) ) ;
#783 = EDGE_CURVE ( 'NONE', #3983, #790, #621, .T. ) ;
#784 = B_SPLINE_SURFACE_WITH_KNOTS ( 'NONE', 3, 1, ( 
 ( #4316, #2092 ),
 ( #4833, #1744 ),
 ( #3285, #3392 ),
 ( #4263, #1937 ),
 ( #264, #2232 ),
 ( #2271, #4974 ),
 ( #1514, #4549 ) ),
 .UNSPECIFIED., .F., .F., .F.,
 ( 4, 1, 1, 1, 4 ),
 ( 2, 2 ),
 ( 0.000000000000000000, 0.3005411131585108975, 0.5677471464836001402, 0.8000336137369825629, 0.9999999999999998890 ),
 ( 0.000000000000000000, 1.000000000000000000 ),
 .UNSPECIFIED. ) ;
#785 = CARTESIAN_POINT ( 'NONE',  ( 0.2530709822879048665, 0.1260582491767815172, -0.3599999999999999867 ) ) ;
#786 =( LENGTH_UNIT ( ) NAMED_UNIT ( * ) SI_UNIT ( .MILLI., .METRE. ) );
#787 =( NAMED_UNIT ( * ) SI_UNIT ( $, .STERADIAN. ) SOLID_ANGLE_UNIT ( ) );
#788 = EDGE_LOOP ( 'NONE', ( #1354, #4302, #1608, #2121 ) ) ;
#789 = SURFACE_STYLE_USAGE ( .BOTH. , #1148 ) ;
#790 = VERTEX_POINT ( 'NONE', #1024 ) ;
#791 = PRESENTATION_STYLE_ASSIGNMENT (( #4299 ) ) ;
#792 = PRESENTATION_STYLE_ASSIGNMENT (( #3409 ) ) ;
#793 = EDGE_LOOP ( 'NONE', ( #4304, #2354, #4062, #310 ) ) ;
#794 =( NAMED_UNIT ( * ) PLANE_ANGLE_UNIT ( ) SI_UNIT ( $, .RADIAN. ) );
#795 = CARTESIAN_POINT ( 'NONE',  ( -0.4330999602307618046, -0.02342868304514087591, -0.3699999999999999956 ) ) ;
#796 = DIRECTION ( 'NONE',  ( -0.000000000000000000, -1.000000000000000000, -0.000000000000000000 ) ) ;
#797 =( NAMED_UNIT ( * ) SI_UNIT ( $, .STERADIAN. ) SOLID_ANGLE_UNIT ( ) );
#798 = DIRECTION ( 'NONE',  ( -1.096538227545390183E-16, -1.000000000000000000, 0.000000000000000000 ) ) ;
#799 = FILL_AREA_STYLE_COLOUR ( '', #646 ) ;
#800 = CARTESIAN_POINT ( 'NONE',  ( -0.3560119307822369739, -0.08727771133359787936, -0.3599999999999999312 ) ) ;
#801 = UNCERTAINTY_MEASURE_WITH_UNIT (LENGTH_MEASURE( 1.000000000000000082E-05 ), #4130, 'distance_accuracy_value', 'NONE');
#802 = EDGE_CURVE ( 'NONE', #3187, #4668, #706, .T. ) ;
#803 = EDGE_CURVE ( 'NONE', #2908, #3931, #4153, .T. ) ;
#804 = SURFACE_SIDE_STYLE ('',( #1189 ) ) ;
#805 = STYLED_ITEM ( 'NONE', ( #3348 ), #1178 ) ;
#806 =( LENGTH_UNIT ( ) NAMED_UNIT ( * ) SI_UNIT ( .MILLI., .METRE. ) );
#807 = CARTESIAN_POINT ( 'NONE',  ( -0.2927363180895394268, -0.1439111407444400581, -0.3599999999999999867 ) ) ;
#808 = EDGE_CURVE ( 'NONE', #488, #2938, #2201, .T. ) ;
#809 = FILL_AREA_STYLE ('',( #454 ) ) ;
#810 = EDGE_LOOP ( 'NONE', ( #5078, #283, #4653, #4724 ) ) ;
#811 = VECTOR ( 'NONE', #3617, 1000.000000000000000 ) ;
#812 = VECTOR ( 'NONE', #1862, 1000.000000000000000 ) ;
#813 = FACE_OUTER_BOUND ( 'NONE', #4738, .T. ) ;
#814 = MECHANICAL_DESIGN_GEOMETRIC_PRESENTATION_REPRESENTATION (  '', ( #139 ), #4907 ) ;
#815 = CARTESIAN_POINT ( 'NONE',  ( 0.09236872376590510303, -0.1333537301274849429, -0.3699999999999999956 ) ) ;
#816 = FILL_AREA_STYLE ('',( #3215 ) ) ;
#817 = FILL_AREA_STYLE_COLOUR ( '', #2719 ) ;
#818 = VERTEX_POINT ( 'NONE', #2590 ) ;
#819 = LINE ( 'NONE', #3860, #668 ) ;
#820 = CARTESIAN_POINT ( 'NONE',  ( -0.5402406311480795198, -0.02714548000402552605, -0.3599999999999999867 ) ) ;
#821 = DIRECTION ( 'NONE',  ( 0.000000000000000000, 0.000000000000000000, -1.000000000000000000 ) ) ;
#822 = DIRECTION ( 'NONE',  ( 1.000000000000000000, 0.000000000000000000, 0.000000000000000000 ) ) ;
#823 = MECHANICAL_DESIGN_GEOMETRIC_PRESENTATION_REPRESENTATION (  '', ( #3037 ), #4983 ) ;
#824 = SURFACE_STYLE_FILL_AREA ( #3528 ) ;
#825 = SURFACE_STYLE_FILL_AREA ( #4634 ) ;
#826 = PRESENTATION_LAYER_ASSIGNMENT (  '', '', ( #2879 ) ) ;
#827 =( GEOMETRIC_REPRESENTATION_CONTEXT ( 3 ) GLOBAL_UNCERTAINTY_ASSIGNED_CONTEXT ( ( #654 ) ) GLOBAL_UNIT_ASSIGNED_CONTEXT ( ( #306, #4999, #4516 ) ) REPRESENTATION_CONTEXT ( 'NONE', 'WORKASPACE' ) );
#828 = VECTOR ( 'NONE', #4682, 1000.000000000000114 ) ;
#829 = CARTESIAN_POINT ( 'NONE',  ( -2.955000000000000071, 2.220000000000000195, 0.000000000000000000 ) ) ;
#830 = ORIENTED_EDGE ( 'NONE', *, *, #3615, .F. ) ;
#831 = CARTESIAN_POINT ( 'NONE',  ( 0.2150869703328210369, 0.1487887776089791558, -0.3599999999999999867 ) ) ;
#832 = UNCERTAINTY_MEASURE_WITH_UNIT (LENGTH_MEASURE( 1.000000000000000082E-05 ), #996, 'distance_accuracy_value', 'NONE');
#833 = LINE ( 'NONE', #2393, #4579 ) ;
#834 = FILL_AREA_STYLE ('',( #2347 ) ) ;
#835 = VERTEX_POINT ( 'NONE', #204 ) ;
#836 = MECHANICAL_DESIGN_GEOMETRIC_PRESENTATION_REPRESENTATION (  '', ( #1980 ), #1423 ) ;
#837 =( GEOMETRIC_REPRESENTATION_CONTEXT ( 3 ) GLOBAL_UNCERTAINTY_ASSIGNED_CONTEXT ( ( #924 ) ) GLOBAL_UNIT_ASSIGNED_CONTEXT ( ( #85, #504, #3237 ) ) REPRESENTATION_CONTEXT ( 'NONE', 'WORKASPACE' ) );
#838 = SURFACE_SIDE_STYLE ('',( #2507 ) ) ;
#839 = ADVANCED_FACE ( 'NONE', ( #3741 ), #3006, .T. ) ;
#840 = COLOUR_RGB ( '',0.2509803921568627416, 0.2509803921568627416, 0.2509803921568627416 ) ;
#841 = PLANE ( 'NONE',  #2301 ) ;
#842 = CARTESIAN_POINT ( 'NONE',  ( 0.1293814737519952129, -0.1123981574320418453, -0.3599999999999999867 ) ) ;
#843 = VERTEX_POINT ( 'NONE', #729 ) ;
#844 = SURFACE_STYLE_USAGE ( .BOTH. , #4753 ) ;
#845 = CARTESIAN_POINT ( 'NONE',  ( -3.249999999999999112, 1.050000000000000044, -0.3699999999999999956 ) ) ;
#846 = LINE ( 'NONE', #47, #1659 ) ;
#847 = DIRECTION ( 'NONE',  ( -0.000000000000000000, -0.000000000000000000, 1.000000000000000000 ) ) ;
#848 = ORIENTED_EDGE ( 'NONE', *, *, #3980, .T. ) ;
#849 = CARTESIAN_POINT ( 'NONE',  ( 0.2628997058309910373, -0.03469801282502854578, -0.3699999999999999956 ) ) ;
#850 = DIRECTION ( 'NONE',  ( 0.000000000000000000, 1.000000000000000000, 0.000000000000000000 ) ) ;
#851 = EDGE_LOOP ( 'NONE', ( #589, #4931, #516, #4866, #2748 ) ) ;
#852 = DIRECTION ( 'NONE',  ( 0.000000000000000000, -1.000000000000000000, 0.000000000000000000 ) ) ;
#853 = CARTESIAN_POINT ( 'NONE',  ( 3.250000000000000000, 0.4250000000000003775, -0.3699999999999999956 ) ) ;
#854 = CARTESIAN_POINT ( 'NONE',  ( -0.3538323495807843000, -0.1280647394221991198, -0.3699999999999999956 ) ) ;
#855 = LINE ( 'NONE', #1265, #218 ) ;
#856 = DIRECTION ( 'NONE',  ( -0.000000000000000000, 1.000000000000000000, 0.000000000000000000 ) ) ;
#857 = ORIENTED_EDGE ( 'NONE', *, *, #866, .T. ) ;
#858 = CARTESIAN_POINT ( 'NONE',  ( 2.955000000000000071, 2.220000000000000195, 0.000000000000000000 ) ) ;
#859 = DIRECTION ( 'NONE',  ( -0.3536223923290754967, 0.9353882635801357148, 0.000000000000000000 ) ) ;
#860 = VERTEX_POINT ( 'NONE', #1960 ) ;
#861 = DIRECTION ( 'NONE',  ( 1.000000000000000000, 0.000000000000000000, 0.000000000000000000 ) ) ;
#862 = CARTESIAN_POINT ( 'NONE',  ( 0.08388284446167662556, -0.1286698702479280032, -0.3599999999999999867 ) ) ;
#863 = CARTESIAN_POINT ( 'NONE',  ( 0.08388284446167661168, 0.1475496419471939435, -0.3699999999999999956 ) ) ;
#864 = ORIENTED_EDGE ( 'NONE', *, *, #1062, .F. ) ;
#865 = ORIENTED_EDGE ( 'NONE', *, *, #4679, .F. ) ;
#866 = EDGE_CURVE ( 'NONE', #4711, #3552, #4337, .T. ) ;
#867 = DIRECTION ( 'NONE',  ( 1.000000000000000000, 0.000000000000000000, 0.000000000000000000 ) ) ;
#868 = CARTESIAN_POINT ( 'NONE',  ( -0.5930557191006782247, 0.1068043197289153534, -0.3699999999999999956 ) ) ;
#869 = FILL_AREA_STYLE_COLOUR ( '', #155 ) ;
#870 = CARTESIAN_POINT ( 'NONE',  ( -0.1941659360261283052, -0.1442186507357328673, -0.3699999999999999956 ) ) ;
#871 = EDGE_CURVE ( 'NONE', #4826, #1101, #2786, .T. ) ;
#872 = ORIENTED_EDGE ( 'NONE', *, *, #3264, .T. ) ;
#873 = PRESENTATION_LAYER_ASSIGNMENT (  '', '', ( #21 ) ) ;
#874 = CARTESIAN_POINT ( 'NONE',  ( -0.3543044125856724125, 0.1405477875670739230, -0.3599999999999998757 ) ) ;
#875 =( LENGTH_UNIT ( ) NAMED_UNIT ( * ) SI_UNIT ( .MILLI., .METRE. ) );
#876 = DIRECTION ( 'NONE',  ( 0.000000000000000000, -0.000000000000000000, -1.000000000000000000 ) ) ;
#877 = CARTESIAN_POINT ( 'NONE',  ( 0.1086961637412333509, 0.1191309939005135432, -0.3699999999999999956 ) ) ;
#878 = ORIENTED_EDGE ( 'NONE', *, *, #4137, .T. ) ;
#879 = LINE ( 'NONE', #4788, #971 ) ;
#880 = SURFACE_STYLE_USAGE ( .BOTH. , #2502 ) ;
#881 = VERTEX_POINT ( 'NONE', #1601 ) ;
#882 = CARTESIAN_POINT ( 'NONE',  ( 0.1544811676324083227, 0.1594398858496329507, -0.3599999999999999867 ) ) ;
#883 = LINE ( 'NONE', #3969, #674 ) ;
#884 = ORIENTED_EDGE ( 'NONE', *, *, #1308, .F. ) ;
#885 = LINE ( 'NONE', #1686, #1791 ) ;
#886 = PRESENTATION_LAYER_ASSIGNMENT (  '', '', ( #3092 ) ) ;
#887 = CARTESIAN_POINT ( 'NONE',  ( -0.5898023689529575675, 0.1191959834106085941, -0.3699999999999999956 ) ) ;
#888 = ORIENTED_EDGE ( 'NONE', *, *, #1255, .F. ) ;
#889 = COLOUR_RGB ( '',0.000000000000000000, 0.000000000000000000, 0.000000000000000000 ) ;
#890 = ORIENTED_EDGE ( 'NONE', *, *, #5015, .T. ) ;
#891 = SURFACE_STYLE_FILL_AREA ( #102 ) ;
#892 = DIRECTION ( 'NONE',  ( 0.000000000000000000, -1.000000000000000000, 0.000000000000000000 ) ) ;
#893 = VECTOR ( 'NONE', #313, 1000.000000000000000 ) ;
#894 = PRESENTATION_STYLE_ASSIGNMENT (( #1280 ) ) ;
#895 = EDGE_CURVE ( 'NONE', #4248, #3162, #4638, .T. ) ;
#896 = EDGE_CURVE ( 'NONE', #4053, #4134, #1214, .T. ) ;
#897 =( GEOMETRIC_REPRESENTATION_CONTEXT ( 3 ) GLOBAL_UNCERTAINTY_ASSIGNED_CONTEXT ( ( #1417 ) ) GLOBAL_UNIT_ASSIGNED_CONTEXT ( ( #2646, #3427, #3355 ) ) REPRESENTATION_CONTEXT ( 'NONE', 'WORKASPACE' ) );
#898 = ORIENTED_EDGE ( 'NONE', *, *, #1119, .F. ) ;
#899 = CARTESIAN_POINT ( 'NONE',  ( -0.2951449381031370778, 0.1554176320650331733, -0.3599999999999998757 ) ) ;
#900 = PRESENTATION_LAYER_ASSIGNMENT (  '', '', ( #4730 ) ) ;
#901 = FILL_AREA_STYLE ('',( #3676 ) ) ;
#902 = CARTESIAN_POINT ( 'NONE',  ( 0.2009463979323953542, 0.1535399564683955775, -0.3699999999999999956 ) ) ;
#903 = LINE ( 'NONE', #929, #2253 ) ;
#904 = CARTESIAN_POINT ( 'NONE',  ( 0.1541381798275302528, 0.1265130565813402663, -0.3699999999999999956 ) ) ;
#905 =( NAMED_UNIT ( * ) PLANE_ANGLE_UNIT ( ) SI_UNIT ( $, .RADIAN. ) );
#906 = CARTESIAN_POINT ( 'NONE',  ( 0.1174194052077093958, 0.1217988941494188154, -0.3699999999999999956 ) ) ;
#907 = DIRECTION ( 'NONE',  ( -0.000000000000000000, 0.000000000000000000, 1.000000000000000000 ) ) ;
#908 = SURFACE_STYLE_FILL_AREA ( #1403 ) ;
#909 = CARTESIAN_POINT ( 'NONE',  ( 0.09217965687080373338, -0.1004161973122731366, -0.3599999999999999867 ) ) ;
#910 = ORIENTED_EDGE ( 'NONE', *, *, #2402, .F. ) ;
#911 = STYLED_ITEM ( 'NONE', ( #4105 ), #92 ) ;
#912 = CARTESIAN_POINT ( 'NONE',  ( 0.1994550712755065736, 0.1183682978988042922, -0.3599999999999999867 ) ) ;
#913 = CARTESIAN_POINT ( 'NONE',  ( 0.3067763242935421797, -0.01595292822235866784, -0.3699999999999999956 ) ) ;
#914 = ORIENTED_EDGE ( 'NONE', *, *, #3728, .F. ) ;
#915 =( NAMED_UNIT ( * ) SI_UNIT ( $, .STERADIAN. ) SOLID_ANGLE_UNIT ( ) );
#916 = COLOUR_RGB ( '',0.000000000000000000, 0.000000000000000000, 0.000000000000000000 ) ;
#917 = CARTESIAN_POINT ( 'NONE',  ( 0.1509931094452620082, 0.1594148825189504182, -0.3599999999999999867 ) ) ;
#918 = ORIENTED_EDGE ( 'NONE', *, *, #3115, .F. ) ;
#919 = STYLED_ITEM ( 'NONE', ( #4209 ), #1622 ) ;
#920 = ORIENTED_EDGE ( 'NONE', *, *, #2126, .T. ) ;
#921 = STYLED_ITEM ( 'NONE', ( #3439 ), #1317 ) ;
#922 = CARTESIAN_POINT ( 'NONE',  ( 0.3070535761689936471, 0.0001220504837793170202, -0.3599999999999999867 ) ) ;
#923 = CARTESIAN_POINT ( 'NONE',  ( -0.2903359409389668633, -0.1110034901395172274, -0.3699999999999999956 ) ) ;
#924 = UNCERTAINTY_MEASURE_WITH_UNIT (LENGTH_MEASURE( 1.000000000000000082E-05 ), #85, 'distance_accuracy_value', 'NONE');
#925 = UNCERTAINTY_MEASURE_WITH_UNIT (LENGTH_MEASURE( 1.000000000000000082E-05 ), #3229, 'distance_accuracy_value', 'NONE');
#926 = VERTEX_POINT ( 'NONE', #1142 ) ;
#927 = CARTESIAN_POINT ( 'NONE',  ( -0.2344098384651526479, -0.1112918214674401829, -0.3699999999999999956 ) ) ;
#928 = CARTESIAN_POINT ( 'NONE',  ( 0.1705289743607911190, 0.1590665054320865579, -0.3699999999999999956 ) ) ;
#929 = CARTESIAN_POINT ( 'NONE',  ( -2.705000000000000071, 1.674999999999998934, 0.000000000000000000 ) ) ;
#930 = CARTESIAN_POINT ( 'NONE',  ( -0.4355096002921423626, 0.01499230508922090414, -0.3699999999999999956 ) ) ;
#931 = EDGE_CURVE ( 'NONE', #257, #1360, #1582, .T. ) ;
#932 = DIRECTION ( 'NONE',  ( 0.000000000000000000, 0.000000000000000000, -1.000000000000000000 ) ) ;
#933 = LINE ( 'NONE', #2065, #3895 ) ;
#934 = ORIENTED_EDGE ( 'NONE', *, *, #347, .F. ) ;
#935 = CARTESIAN_POINT ( 'NONE',  ( 0.3070535761689936471, 0.0001220504837793170202, -0.3599999999999997646 ) ) ;
#936 = ORIENTED_EDGE ( 'NONE', *, *, #4591, .T. ) ;
#937 = EDGE_CURVE ( 'NONE', #1916, #7, #2390, .T. ) ;
#938 = CARTESIAN_POINT ( 'NONE',  ( 0.1608836066567985446, -0.1149503580528060537, -0.3699999999999999956 ) ) ;
#939 = CARTESIAN_POINT ( 'NONE',  ( 0.1155971785596784374, 0.1565398505835829956, -0.3599999999999999867 ) ) ;
#940 = ORIENTED_EDGE ( 'NONE', *, *, #1091, .F. ) ;
#941 = ORIENTED_EDGE ( 'NONE', *, *, #655, .F. ) ;
#942 = CARTESIAN_POINT ( 'NONE',  ( 0.2355958888821589881, 0.09310087971301687915, -0.3600000000000000422 ) ) ;
#943 = FILL_AREA_STYLE_COLOUR ( '', #4329 ) ;
#944 = PRESENTATION_STYLE_ASSIGNMENT (( #2875 ) ) ;
#945 = ORIENTED_EDGE ( 'NONE', *, *, #710, .T. ) ;
#946 =( NAMED_UNIT ( * ) SI_UNIT ( $, .STERADIAN. ) SOLID_ANGLE_UNIT ( ) );
#947 = DIRECTION ( 'NONE',  ( 0.000000000000000000, -1.000000000000000000, 0.000000000000000000 ) ) ;
#948 = CARTESIAN_POINT ( 'NONE',  ( -0.5850005396846648109, 0.09815939804475490305, -0.3699999999999999956 ) ) ;
#949 = COLOUR_RGB ( '',0.000000000000000000, 0.000000000000000000, 0.000000000000000000 ) ;
#950 = CARTESIAN_POINT ( 'NONE',  ( 0.1001931907959474344, 0.1157889524482869359, -0.3699999999999999956 ) ) ;
#951 = VERTEX_POINT ( 'NONE', #2004 ) ;
#952 = VECTOR ( 'NONE', #391, 1000.000000000000000 ) ;
#953 = UNCERTAINTY_MEASURE_WITH_UNIT (LENGTH_MEASURE( 1.000000000000000082E-05 ), #1072, 'distance_accuracy_value', 'NONE');
#954 = PRESENTATION_STYLE_ASSIGNMENT (( #4066 ) ) ;
#955 = CARTESIAN_POINT ( 'NONE',  ( 0.1195532484959101888, -0.1102661430154575489, -0.3599999999999999867 ) ) ;
#956 = VERTEX_POINT ( 'NONE', #5044 ) ;
#957 = ADVANCED_FACE ( 'NONE', ( #3106 ), #2762, .T. ) ;
#958 = EDGE_CURVE ( 'NONE', #294, #3686, #933, .T. ) ;
#959 = FACE_OUTER_BOUND ( 'NONE', #1969, .T. ) ;
#960 = CARTESIAN_POINT ( 'NONE',  ( 0.2548103249818366445, 0.06462608135264470699, -0.3599999999999999867 ) ) ;
#961 = CARTESIAN_POINT ( 'NONE',  ( 0.1716362946344440754, -0.1477610401956433450, -0.3699999999999999956 ) ) ;
#962 = ORIENTED_EDGE ( 'NONE', *, *, #2465, .T. ) ;
#963 = DIRECTION ( 'NONE',  ( 1.000000000000000000, 0.000000000000000000, 0.000000000000000000 ) ) ;
#964 = SURFACE_SIDE_STYLE ('',( #3613 ) ) ;
#965 = ADVANCED_FACE ( 'NONE', ( #4386 ), #4366, .T. ) ;
#966 = CARTESIAN_POINT ( 'NONE',  ( 0.4863218688519204691, -0.1442186507357328673, -0.3699999999999999956 ) ) ;
#967 = ORIENTED_EDGE ( 'NONE', *, *, #2184, .T. ) ;
#968 =( GEOMETRIC_REPRESENTATION_CONTEXT ( 3 ) GLOBAL_UNCERTAINTY_ASSIGNED_CONTEXT ( ( #4177 ) ) GLOBAL_UNIT_ASSIGNED_CONTEXT ( ( #4540, #4905, #1373 ) ) REPRESENTATION_CONTEXT ( 'NONE', 'WORKASPACE' ) );
#969 = STYLED_ITEM ( 'NONE', ( #4515 ), #3948 ) ;
#970 = DIRECTION ( 'NONE',  ( 0.000000000000000000, 0.000000000000000000, 1.000000000000000000 ) ) ;
#971 = VECTOR ( 'NONE', #4878, 1000.000000000000000 ) ;
#972 = CARTESIAN_POINT ( 'NONE',  ( -0.3833620352128393471, -0.05247482224957597530, -0.3699999999999999956 ) ) ;
#973 = VECTOR ( 'NONE', #1141, 1000.000000000000000 ) ;
#974 = CARTESIAN_POINT ( 'NONE',  ( 0.1541381798275302528, 0.1265130565813402663, -0.3600000000000000422 ) ) ;
#975 = SURFACE_STYLE_FILL_AREA ( #2993 ) ;
#976 = ORIENTED_EDGE ( 'NONE', *, *, #4648, .T. ) ;
#977 = CARTESIAN_POINT ( 'NONE',  ( -0.3405427723710704457, 0.1460812949306222741, -0.3699999999999999956 ) ) ;
#978 = DIRECTION ( 'NONE',  ( -0.000000000000000000, 1.000000000000000000, 0.000000000000000000 ) ) ;
#979 = SURFACE_STYLE_FILL_AREA ( #3028 ) ;
#980 = CARTESIAN_POINT ( 'NONE',  ( 3.250000000000000000, 1.675000000000000266, 0.000000000000000000 ) ) ;
#981 = LINE ( 'NONE', #4482, #4 ) ;
#982 = MECHANICAL_DESIGN_GEOMETRIC_PRESENTATION_REPRESENTATION (  '', ( #4903 ), #1388 ) ;
#983 = CARTESIAN_POINT ( 'NONE',  ( -0.3795703801435087454, 0.1255261934698293225, -0.3699999999999999956 ) ) ;
#984 = ORIENTED_EDGE ( 'NONE', *, *, #3293, .T. ) ;
#985 = SURFACE_SIDE_STYLE ('',( #4508 ) ) ;
#986 = LINE ( 'NONE', #2167, #1603 ) ;
#987 = AXIS2_PLACEMENT_3D ( 'NONE', #3707, #1841, #652 ) ;
#988 = VERTEX_POINT ( 'NONE', #3655 ) ;
#989 = DIRECTION ( 'NONE',  ( 0.000000000000000000, 0.000000000000000000, -1.000000000000000000 ) ) ;
#990 = CARTESIAN_POINT ( 'NONE',  ( 0.3048745831034839204, -0.03147356978802472866, -0.3699999999999999956 ) ) ;
#991 = VERTEX_POINT ( 'NONE', #2913 ) ;
#992 =( NAMED_UNIT ( * ) SI_UNIT ( $, .STERADIAN. ) SOLID_ANGLE_UNIT ( ) );
#993 = DIRECTION ( 'NONE',  ( 1.000000000000000000, -0.000000000000000000, 0.000000000000000000 ) ) ;
#994 = VECTOR ( 'NONE', #3826, 1000.000000000000000 ) ;
#995 = VECTOR ( 'NONE', #4935, 1000.000000000000000 ) ;
#996 =( LENGTH_UNIT ( ) NAMED_UNIT ( * ) SI_UNIT ( .MILLI., .METRE. ) );
#997 = PRESENTATION_LAYER_ASSIGNMENT (  '', '', ( #3112 ) ) ;
#998 = SURFACE_STYLE_USAGE ( .BOTH. , #4380 ) ;
#999 = ORIENTED_EDGE ( 'NONE', *, *, #1868, .F. ) ;
#1000 = COLOUR_RGB ( '',0.000000000000000000, 0.000000000000000000, 0.000000000000000000 ) ;
#1001 =( GEOMETRIC_REPRESENTATION_CONTEXT ( 3 ) GLOBAL_UNCERTAINTY_ASSIGNED_CONTEXT ( ( #1414 ) ) GLOBAL_UNIT_ASSIGNED_CONTEXT ( ( #4989, #4218, #1110 ) ) REPRESENTATION_CONTEXT ( 'NONE', 'WORKASPACE' ) );
#1002 = EDGE_CURVE ( 'NONE', #4248, #1407, #3277, .T. ) ;
#1003 = SHAPE_DEFINITION_REPRESENTATION ( #607, #4260 ) ;
#1004 = UNCERTAINTY_MEASURE_WITH_UNIT (LENGTH_MEASURE( 1.000000000000000082E-05 ), #2195, 'distance_accuracy_value', 'NONE');
#1005 = DIRECTION ( 'NONE',  ( 1.000000000000000000, 0.000000000000000000, 0.000000000000000000 ) ) ;
#1006 = CARTESIAN_POINT ( 'NONE',  ( -0.3779975821652651335, -0.06244061089691634037, -0.3699999999999999956 ) ) ;
#1007 = B_SPLINE_CURVE_WITH_KNOTS ( 'NONE', 3,
 ( #3262, #4808, #923, #1306, #4082, #3668, #4841, #4474, #4056, #2492, #1337, #553, #972, #585, #1772, #2959, #4110, #3776, #1828 ),
 .UNSPECIFIED., .F., .F.,
 ( 4, 1, 1, 1, 1, 1, 1, 1, 1, 1, 1, 1, 1, 1, 1, 1, 4 ),
 ( 0.000000000000000000, 0.07082657255516286443, 0.1381690332798000409, 0.2024753315338425896, 0.2639737544135197234, 0.3233803205980374518, 0.3817976227131853473, 0.4393900745193891622, 0.4969027245459973763, 0.5546621696093698706, 0.6127418784921973005, 0.6715388363911721781, 0.7316557220901981351, 0.7942978116139530753, 0.8594822049793584551, 0.9276813254527899177, 1.000000000000000000 ),
 .UNSPECIFIED. ) ;
#1008 = ORIENTED_EDGE ( 'NONE', *, *, #808, .T. ) ;
#1009 = CARTESIAN_POINT ( 'NONE',  ( -0.4015567139837757371, -0.09151626162057617531, -0.3699999999999999956 ) ) ;
#1010 = EDGE_CURVE ( 'NONE', #2175, #184, #1350, .T. ) ;
#1011 = LINE ( 'NONE', #2160, #5050 ) ;
#1012 = CARTESIAN_POINT ( 'NONE',  ( -2.955000000000000071, 2.220000000000000195, -0.3499999999999999778 ) ) ;
#1013 = DIRECTION ( 'NONE',  ( 0.000000000000000000, -0.08715574274765836016, 0.9961946980917455452 ) ) ;
#1014 = ORIENTED_EDGE ( 'NONE', *, *, #4021, .F. ) ;
#1015 = SURFACE_SIDE_STYLE ('',( #224 ) ) ;
#1016 = DIRECTION ( 'NONE',  ( -0.000000000000000000, 1.000000000000000000, 0.000000000000000000 ) ) ;
#1017 = SURFACE_STYLE_USAGE ( .BOTH. , #4857 ) ;
#1018 = PRESENTATION_STYLE_ASSIGNMENT (( #2168 ) ) ;
#1019 = ORIENTED_EDGE ( 'NONE', *, *, #3947, .T. ) ;
#1020 = CARTESIAN_POINT ( 'NONE',  ( 0.1818205730339499115, -0.1475339014459610687, -0.3599999999999997646 ) ) ;
#1021 = ORIENTED_EDGE ( 'NONE', *, *, #871, .T. ) ;
#1022 = B_SPLINE_CURVE_WITH_KNOTS ( 'NONE', 3,
 ( #4786, #2852, #3127, #3574, #4409, #3935, #1979, #55, #3525, #2779, #904 ),
 .UNSPECIFIED., .F., .F.,
 ( 4, 1, 1, 1, 1, 1, 1, 1, 4 ),
 ( 0.000000000000000000, 0.1252796967356261115, 0.2494199707420509948, 0.3733567994928191913, 0.4966812787822861841, 0.6202029157439823415, 0.7450863201614561504, 0.8712691950190973866, 1.000000000000000000 ),
 .UNSPECIFIED. ) ;
#1023 = VECTOR ( 'NONE', #4281, 1000.000000000000000 ) ;
#1024 = CARTESIAN_POINT ( 'NONE',  ( -0.1941659360261283052, -0.1442186507357328673, -0.3699999999999999956 ) ) ;
#1025 = CARTESIAN_POINT ( 'NONE',  ( -2.955000000000000071, -1.050000000000000044, -0.3499999999999999778 ) ) ;
#1026 = VERTEX_POINT ( 'NONE', #1704 ) ;
#1027 = CARTESIAN_POINT ( 'NONE',  ( -0.3950960225116355584, 0.02222487475919282876, -0.3699999999999999956 ) ) ;
#1028 = EDGE_CURVE ( 'NONE', #1696, #3454, #142, .T. ) ;
#1029 = CARTESIAN_POINT ( 'NONE',  ( 0.1994550712755065736, 0.1183682978988042922, -0.3699999999999999956 ) ) ;
#1030 = EDGE_CURVE ( 'NONE', #619, #3210, #2527, .T. ) ;
#1031 = CARTESIAN_POINT ( 'NONE',  ( -0.3779975821652651335, -0.06244061089691634037, -0.3599999999999999312 ) ) ;
#1032 = ORIENTED_EDGE ( 'NONE', *, *, #4852, .T. ) ;
#1033 =( NAMED_UNIT ( * ) SI_UNIT ( $, .STERADIAN. ) SOLID_ANGLE_UNIT ( ) );
#1034 = PLANE ( 'NONE',  #1155 ) ;
#1035 = ADVANCED_FACE ( 'NONE', ( #567 ), #4023, .T. ) ;
#1036 = DIRECTION ( 'NONE',  ( -1.953517427901809960E-16, 1.000000000000000000, 0.000000000000000000 ) ) ;
#1037 = CARTESIAN_POINT ( 'NONE',  ( 0.2301103481678029861, -0.09074198515539391718, -0.3699999999999999956 ) ) ;
#1038 = B_SPLINE_CURVE_WITH_KNOTS ( 'NONE', 3,
 ( #259, #4289, #3223, #1319, #1732, #4791, #2471, #4928, #4141, #2608, #1037, #227, #643, #1811, #3724, #3344, #1429, #3000, #4538 ),
 .UNSPECIFIED., .F., .F.,
 ( 4, 1, 1, 1, 1, 1, 1, 1, 1, 1, 1, 1, 1, 1, 1, 1, 4 ),
 ( 0.000000000000000000, 0.07377411937406347375, 0.1440791147260412630, 0.2113485183089114094, 0.2760768857398837040, 0.3385209158196765267, 0.3998851166931335355, 0.4602540674652130792, 0.5205889643912476883, 0.5802076845630441682, 0.6386329085525456195, 0.6963645494905237321, 0.7540017746600127246, 0.8128056813744977127, 0.8727544255255601513, 0.9351819969782668718, 1.000000000000000000 ),
 .UNSPECIFIED. ) ;
#1039 = ORIENTED_EDGE ( 'NONE', *, *, #3406, .F. ) ;
#1040 = DIRECTION ( 'NONE',  ( 0.000000000000000000, -0.000000000000000000, -1.000000000000000000 ) ) ;
#1041 = PRESENTATION_STYLE_ASSIGNMENT (( #4615 ) ) ;
#1042 =( NAMED_UNIT ( * ) PLANE_ANGLE_UNIT ( ) SI_UNIT ( $, .RADIAN. ) );
#1043 = UNCERTAINTY_MEASURE_WITH_UNIT (LENGTH_MEASURE( 1.000000000000000082E-05 ), #3605, 'distance_accuracy_value', 'NONE');
#1044 = CARTESIAN_POINT ( 'NONE',  ( -0.2814820840466599194, -0.1441147591228861824, -0.3699999999999999956 ) ) ;
#1045 = CARTESIAN_POINT ( 'NONE',  ( -0.1941659360261283052, 0.000000000000000000, -0.3599999999999999867 ) ) ;
#1046 = DIRECTION ( 'NONE',  ( 0.000000000000000000, 0.000000000000000000, -1.000000000000000000 ) ) ;
#1047 = SURFACE_STYLE_USAGE ( .BOTH. , #687 ) ;
#1048 = CARTESIAN_POINT ( 'NONE',  ( -0.2786552652944209174, 0.1228545199959744372, -0.3699999999999999956 ) ) ;
#1049 = CARTESIAN_POINT ( 'NONE',  ( -0.4296347514057135553, -0.03878779292782149474, -0.3599999999999999867 ) ) ;
#1050 = PRESENTATION_STYLE_ASSIGNMENT (( #2123 ) ) ;
#1051 = UNCERTAINTY_MEASURE_WITH_UNIT (LENGTH_MEASURE( 1.000000000000000082E-05 ), #4603, 'distance_accuracy_value', 'NONE');
#1052 = EDGE_LOOP ( 'NONE', ( #1300, #4609, #2818, #4602 ) ) ;
#1053 = SURFACE_STYLE_USAGE ( .BOTH. , #4624 ) ;
#1054 = AXIS2_PLACEMENT_3D ( 'NONE', #4467, #3303, #963 ) ;
#1055 = CARTESIAN_POINT ( 'NONE',  ( 0.1195532484959101888, -0.1102661430154575489, -0.3599999999999999867 ) ) ;
#1056 = CARTESIAN_POINT ( 'NONE',  ( -0.4247706228476870183, -0.05328762837945356240, -0.3699999999999999956 ) ) ;
#1057 = MECHANICAL_DESIGN_GEOMETRIC_PRESENTATION_REPRESENTATION (  '', ( #4228 ), #4717 ) ;
#1058 = VECTOR ( 'NONE', #3021, 1000.000000000000000 ) ;
#1059 = EDGE_CURVE ( 'NONE', #2900, #4124, #2585, .T. ) ;
#1060 = SURFACE_STYLE_USAGE ( .BOTH. , #1472 ) ;
#1061 = CARTESIAN_POINT ( 'NONE',  ( 2.955000000000000071, 2.220000000000000195, 0.000000000000000000 ) ) ;
#1062 = EDGE_CURVE ( 'NONE', #2530, #488, #3240, .T. ) ;
#1063 = CARTESIAN_POINT ( 'NONE',  ( 0.2742424410518792266, 0.1044956494203139880, -0.3599999999999998201 ) ) ;
#1064 = FACE_OUTER_BOUND ( 'NONE', #1987, .T. ) ;
#1065 = DIRECTION ( 'NONE',  ( -0.000000000000000000, -0.000000000000000000, 1.000000000000000000 ) ) ;
#1066 =( NAMED_UNIT ( * ) PLANE_ANGLE_UNIT ( ) SI_UNIT ( $, .RADIAN. ) );
#1067 = ADVANCED_FACE ( 'NONE', ( #702 ), #2638, .T. ) ;
#1068 = CARTESIAN_POINT ( 'NONE',  ( -0.5907741677334452657, 0.1191959834106085941, -0.3599999999999999867 ) ) ;
#1069 = CARTESIAN_POINT ( 'NONE',  ( -0.5850005396846648109, 0.09815939804475490305, -0.3699999999999999956 ) ) ;
#1070 = EDGE_LOOP ( 'NONE', ( #2869, #521 ) ) ;
#1071 = STYLED_ITEM ( 'NONE', ( #4270 ), #2345 ) ;
#1072 =( LENGTH_UNIT ( ) NAMED_UNIT ( * ) SI_UNIT ( .MILLI., .METRE. ) );
#1073 = UNCERTAINTY_MEASURE_WITH_UNIT (LENGTH_MEASURE( 1.000000000000000082E-05 ), #4737, 'distance_accuracy_value', 'NONE');
#1074 = CARTESIAN_POINT ( 'NONE',  ( 0.000000000000000000, 0.000000000000000000, 0.7400000000000001021 ) ) ;
#1075 = CARTESIAN_POINT ( 'NONE',  ( 0.1544454360758090450, -0.1477366452568213973, -0.3699999999999999956 ) ) ;
#1076 = LINE ( 'NONE', #705, #1798 ) ;
#1077 = LINE ( 'NONE', #2617, #1332 ) ;
#1078 = FILL_AREA_STYLE ('',( #4601 ) ) ;
#1079 = ORIENTED_EDGE ( 'NONE', *, *, #3027, .F. ) ;
#1080 = CARTESIAN_POINT ( 'NONE',  ( -0.3259664771218051538, 0.1159007719631220679, -0.3599999999999999867 ) ) ;
#1081 = VECTOR ( 'NONE', #140, 1000.000000000000000 ) ;
#1082 =( NAMED_UNIT ( * ) PLANE_ANGLE_UNIT ( ) SI_UNIT ( $, .RADIAN. ) );
#1083 = B_SPLINE_CURVE_WITH_KNOTS ( 'NONE', 3,
 ( #601, #1820, #2230, #1435, #3769, #1461, #261, #685, #1075, #1842, #2252 ),
 .UNSPECIFIED., .F., .F.,
 ( 4, 1, 1, 1, 1, 1, 1, 1, 4 ),
 ( 0.000000000000000000, 0.1124483899088008915, 0.2265276752126775817, 0.3444019493260279674, 0.4658649724874582843, 0.5916594493521163400, 0.7221684870248873400, 0.8586063875549263535, 1.000000000000000000 ),
 .UNSPECIFIED. ) ;
#1084 = CARTESIAN_POINT ( 'NONE',  ( 0.1664285761689936749, -0.1478771873210987242, -0.3699999999999999956 ) ) ;
#1085 = CARTESIAN_POINT ( 'NONE',  ( -0.2786552652944209174, 0.1228545199959744372, -0.3699999999999999956 ) ) ;
#1086 = DIRECTION ( 'NONE',  ( 0.000000000000000000, 0.000000000000000000, -1.000000000000000000 ) ) ;
#1087 = CARTESIAN_POINT ( 'NONE',  ( 0.2923939255803769122, -0.07318948680172249199, -0.3599999999999999867 ) ) ;
#1088 = VECTOR ( 'NONE', #1159, 1000.000000000000000 ) ;
#1089 = B_SPLINE_CURVE_WITH_KNOTS ( 'NONE', 3,
 ( #3166, #2709, #4330, #2287, #4306, #3143, #3934, #5034, #324, #4251, #1907, #2314, #3444, #3907, #403, #3523, #1, #3077, #4630 ),
 .UNSPECIFIED., .F., .F.,
 ( 4, 1, 1, 1, 1, 1, 1, 1, 1, 1, 1, 1, 1, 1, 1, 1, 4 ),
 ( 0.000000000000000000, 0.07430379644281587259, 0.1443936103644179736, 0.2104994961032798373, 0.2735426065034681775, 0.3338247445790735735, 0.3925296724085028388, 0.4500874545995854348, 0.5078206115557880596, 0.5654649127768465178, 0.6231487223336197312, 0.6812971927909353687, 0.7409134981565806966, 0.8018557521958579182, 0.8652412377209434124, 0.9309416570467443641, 1.000000000000000000 ),
 .UNSPECIFIED. ) ;
#1090 = DIRECTION ( 'NONE',  ( 1.000000000000000000, 0.000000000000000000, 0.000000000000000000 ) ) ;
#1091 = EDGE_CURVE ( 'NONE', #3493, #3568, #1186, .T. ) ;
#1092 = PLANE ( 'NONE',  #1890 ) ;
#1093 = EDGE_CURVE ( 'NONE', #446, #860, #3914, .T. ) ;
#1094 = DIRECTION ( 'NONE',  ( -0.000000000000000000, -1.000000000000000000, -0.000000000000000000 ) ) ;
#1095 = SURFACE_STYLE_FILL_AREA ( #762 ) ;
#1096 = DIRECTION ( 'NONE',  ( -0.000000000000000000, -0.000000000000000000, 1.000000000000000000 ) ) ;
#1097 = ORIENTED_EDGE ( 'NONE', *, *, #1627, .F. ) ;
#1098 = EDGE_CURVE ( 'NONE', #2922, #2894, #3, .T. ) ;
#1099 = FACE_OUTER_BOUND ( 'NONE', #3829, .T. ) ;
#1100 = SURFACE_STYLE_USAGE ( .BOTH. , #4576 ) ;
#1101 = VERTEX_POINT ( 'NONE', #1596 ) ;
#1102 = CARTESIAN_POINT ( 'NONE',  ( -0.2788267591968598968, 0.1557813492642670938, -0.3599999999999999867 ) ) ;
#1103 =( NAMED_UNIT ( * ) PLANE_ANGLE_UNIT ( ) SI_UNIT ( $, .RADIAN. ) );
#1104 = VECTOR ( 'NONE', #1624, 1000.000000000000000 ) ;
#1105 = CARTESIAN_POINT ( 'NONE',  ( 0.09217965687080373338, -0.1004161973122731366, -0.3699999999999999956 ) ) ;
#1106 = CARTESIAN_POINT ( 'NONE',  ( -0.2927363180895394268, -0.1439111407444400581, -0.3699999999999999956 ) ) ;
#1107 = DIRECTION ( 'NONE',  ( 1.000000000000000000, 0.000000000000000000, 0.000000000000000000 ) ) ;
#1108 = CARTESIAN_POINT ( 'NONE',  ( 0.1544811676324083227, 0.1594398858496329507, -0.3599999999999998201 ) ) ;
#1109 = DIRECTION ( 'NONE',  ( -1.000000000000000000, 0.000000000000000000, 0.000000000000000000 ) ) ;
#1110 =( NAMED_UNIT ( * ) SI_UNIT ( $, .STERADIAN. ) SOLID_ANGLE_UNIT ( ) );
#1111 = DIRECTION ( 'NONE',  ( 1.000000000000000000, 0.000000000000000000, 0.000000000000000000 ) ) ;
#1112 = ORIENTED_EDGE ( 'NONE', *, *, #3319, .F. ) ;
#1113 = CARTESIAN_POINT ( 'NONE',  ( -0.5930557191006782247, 0.1068043197289153534, -0.3599999999999999867 ) ) ;
#1114 = CARTESIAN_POINT ( 'NONE',  ( 3.250000000000000000, -1.675000000000000266, 0.000000000000000000 ) ) ;
#1115 = DIRECTION ( 'NONE',  ( 1.000000000000000000, -0.000000000000000000, 0.000000000000000000 ) ) ;
#1116 = DIRECTION ( 'NONE',  ( 0.000000000000000000, -1.000000000000000000, 0.000000000000000000 ) ) ;
#1117 = PLANE ( 'NONE',  #1725 ) ;
#1118 = FILL_AREA_STYLE ('',( #3868 ) ) ;
#1119 = EDGE_CURVE ( 'NONE', #75, #1283, #2780, .T. ) ;
#1120 = EDGE_CURVE ( 'NONE', #3210, #951, #3527, .T. ) ;
#1121 = LINE ( 'NONE', #4152, #4401 ) ;
#1122 = CARTESIAN_POINT ( 'NONE',  ( 0.000000000000000000, 0.1228545199959744372, -0.3599999999999999867 ) ) ;
#1123 = EDGE_LOOP ( 'NONE', ( #546, #2394, #253, #2490 ) ) ;
#1124 = EDGE_CURVE ( 'NONE', #3493, #2796, #2685, .T. ) ;
#1125 = SURFACE_SIDE_STYLE ('',( #2274 ) ) ;
#1126 = CARTESIAN_POINT ( 'NONE',  ( -0.3952871140465268884, 0.01329301114699041678, -0.3599999999999999867 ) ) ;
#1127 = SURFACE_STYLE_FILL_AREA ( #4190 ) ;
#1128 = FILL_AREA_STYLE_COLOUR ( '', #1379 ) ;
#1129 = VECTOR ( 'NONE', #1297, 1000.000000000000000 ) ;
#1130 =( LENGTH_UNIT ( ) NAMED_UNIT ( * ) SI_UNIT ( .MILLI., .METRE. ) );
#1131 = CARTESIAN_POINT ( 'NONE',  ( -0.3911987879255714451, -0.03023160741535454651, -0.3599999999999999867 ) ) ;
#1132 = ORIENTED_EDGE ( 'NONE', *, *, #4119, .F. ) ;
#1133 = PRESENTATION_LAYER_ASSIGNMENT (  '', '', ( #2941 ) ) ;
#1134 = VECTOR ( 'NONE', #2806, 1000.000000000000000 ) ;
#1135 = AXIS2_PLACEMENT_3D ( 'NONE', #1983, #4687, #2737 ) ;
#1136 = PLANE ( 'NONE',  #2469 ) ;
#1137 = STYLED_ITEM ( 'NONE', ( #3987 ), #4704 ) ;
#1138 = PRESENTATION_LAYER_ASSIGNMENT (  '', '', ( #1640 ) ) ;
#1139 =( NAMED_UNIT ( * ) PLANE_ANGLE_UNIT ( ) SI_UNIT ( $, .RADIAN. ) );
#1140 = STYLED_ITEM ( 'NONE', ( #3748 ), #4260 ) ;
#1141 = DIRECTION ( 'NONE',  ( 1.000000000000000000, -1.971276677246372012E-16, 0.000000000000000000 ) ) ;
#1142 = CARTESIAN_POINT ( 'NONE',  ( -0.5898023689529575675, 0.1191959834106085941, -0.3599999999999999867 ) ) ;
#1143 = PLANE ( 'NONE',  #320 ) ;
#1144 = DIRECTION ( 'NONE',  ( 0.08682659386424777803, 0.08682659386424779191, -0.9924325091389669673 ) ) ;
#1145 = ORIENTED_EDGE ( 'NONE', *, *, #4374, .T. ) ;
#1146 = VECTOR ( 'NONE', #2346, 1000.000000000000000 ) ;
#1147 = PLANE ( 'NONE',  #4719 ) ;
#1148 = SURFACE_SIDE_STYLE ('',( #769 ) ) ;
#1149 =( GEOMETRIC_REPRESENTATION_CONTEXT ( 3 ) GLOBAL_UNCERTAINTY_ASSIGNED_CONTEXT ( ( #4811 ) ) GLOBAL_UNIT_ASSIGNED_CONTEXT ( ( #4763, #4855, #4363 ) ) REPRESENTATION_CONTEXT ( 'NONE', 'WORKASPACE' ) );
#1150 = SURFACE_STYLE_USAGE ( .BOTH. , #3377 ) ;
#1151 = ADVANCED_FACE ( 'NONE', ( #1206 ), #4658, .F. ) ;
#1152 = B_SPLINE_SURFACE_WITH_KNOTS ( 'NONE', 3, 1, ( 
 ( #4043, #2907 ),
 ( #507, #2107 ),
 ( #1701, #3962 ),
 ( #3241, #2081 ),
 ( #4455, #450 ),
 ( #167, #906 ),
 ( #3648, #877 ),
 ( #1757, #950 ),
 ( #4820, #88 ),
 ( #4787, #1315 ),
 ( #2026, #2438 ) ),
 .UNSPECIFIED., .F., .F., .F.,
 ( 4, 1, 1, 1, 1, 1, 1, 1, 4 ),
 ( 2, 2 ),
 ( 0.000000000000000000, 0.1287308049809026134, 0.2549136798385438496, 0.3797970842560176585, 0.5033187212177138159, 0.6266432005071808087, 0.7505800292579489774, 0.8747203032643738885, 1.000000000000000000 ),
 ( 0.000000000000000000, 1.000000000000000000 ),
 .UNSPECIFIED. ) ;
#1153 = PLANE ( 'NONE',  #1211 ) ;
#1154 = LINE ( 'NONE', #291, #303 ) ;
#1155 = AXIS2_PLACEMENT_3D ( 'NONE', #2658, #3408, #1013 ) ;
#1156 =( NAMED_UNIT ( * ) PLANE_ANGLE_UNIT ( ) SI_UNIT ( $, .RADIAN. ) );
#1157 = CARTESIAN_POINT ( 'NONE',  ( -0.3715408724058772427, -0.07155276390435244549, -0.3599999999999999867 ) ) ;
#1158 =( GEOMETRIC_REPRESENTATION_CONTEXT ( 3 ) GLOBAL_UNCERTAINTY_ASSIGNED_CONTEXT ( ( #2178 ) ) GLOBAL_UNIT_ASSIGNED_CONTEXT ( ( #786, #4666, #3108 ) ) REPRESENTATION_CONTEXT ( 'NONE', 'WORKASPACE' ) );
#1159 = DIRECTION ( 'NONE',  ( -0.000000000000000000, -0.000000000000000000, 1.000000000000000000 ) ) ;
#1160 = EDGE_CURVE ( 'NONE', #2299, #3210, #3887, .T. ) ;
#1161 = VERTEX_POINT ( 'NONE', #5069 ) ;
#1162 = CARTESIAN_POINT ( 'NONE',  ( -0.3910860991132646958, -0.1024187288010029034, -0.3599999999999998757 ) ) ;
#1163 = PRESENTATION_STYLE_ASSIGNMENT (( #54 ) ) ;
#1164 = COLOUR_RGB ( '',0.000000000000000000, 0.000000000000000000, 0.000000000000000000 ) ;
#1165 = FILL_AREA_STYLE_COLOUR ( '', #4167 ) ;
#1166 = SURFACE_STYLE_USAGE ( .BOTH. , #5068 ) ;
#1167 = DIRECTION ( 'NONE',  ( -0.000000000000000000, 0.000000000000000000, 1.000000000000000000 ) ) ;
#1168 = CARTESIAN_POINT ( 'NONE',  ( 0.1341937371002616952, 0.1587539497198087179, -0.3599999999999999867 ) ) ;
#1169 = VECTOR ( 'NONE', #4186, 1000.000000000000000 ) ;
#1170 = FILL_AREA_STYLE_COLOUR ( '', #2057 ) ;
#1171 = DIRECTION ( 'NONE',  ( 1.000000000000000000, -0.000000000000000000, 0.000000000000000000 ) ) ;
#1172 = CARTESIAN_POINT ( 'NONE',  ( -0.5907741677334452657, 0.1191959834106085941, -0.3599999999999999867 ) ) ;
#1173 = ORIENTED_EDGE ( 'NONE', *, *, #481, .F. ) ;
#1174 = CARTESIAN_POINT ( 'NONE',  ( 0.2377095126741098075, -0.08332128952234961472, -0.3599999999999999867 ) ) ;
#1175 =( NAMED_UNIT ( * ) PLANE_ANGLE_UNIT ( ) SI_UNIT ( $, .RADIAN. ) );
#1176 = CARTESIAN_POINT ( 'NONE',  ( -0.1356293506602746501, -0.1442186507357328673, -0.3699999999999999956 ) ) ;
#1177 = CARTESIAN_POINT ( 'NONE',  ( 0.08388284446167661168, 0.1475496419471939435, -0.3699999999999999956 ) ) ;
#1178 = ADVANCED_FACE ( 'NONE', ( #1576 ), #3056, .T. ) ;
#1179 = CARTESIAN_POINT ( 'NONE',  ( -0.5950301315622814613, 0.09935634838068797825, -0.3699999999999999956 ) ) ;
#1180 = EDGE_CURVE ( 'NONE', #1672, #4793, #2096, .T. ) ;
#1181 = ORIENTED_EDGE ( 'NONE', *, *, #2465, .F. ) ;
#1182 = EDGE_LOOP ( 'NONE', ( #2550, #3302, #3335, #3706 ) ) ;
#1183 =( NAMED_UNIT ( * ) PLANE_ANGLE_UNIT ( ) SI_UNIT ( $, .RADIAN. ) );
#1184 = CARTESIAN_POINT ( 'NONE',  ( -0.7283122774895428586, -0.1442186507357328673, -0.3699999999999999956 ) ) ;
#1185 = EDGE_CURVE ( 'NONE', #3746, #1809, #3129, .T. ) ;
#1186 = LINE ( 'NONE', #405, #2116 ) ;
#1187 = CARTESIAN_POINT ( 'NONE',  ( -0.3152819674448746334, -0.1070589713006972754, -0.3699999999999999956 ) ) ;
#1188 = CARTESIAN_POINT ( 'NONE',  ( -0.3538323495807843000, -0.1280647394221991198, -0.3599999999999998757 ) ) ;
#1189 = SURFACE_STYLE_FILL_AREA ( #2475 ) ;
#1190 = CARTESIAN_POINT ( 'NONE',  ( 2.955000000000000071, 2.220000000000000195, -0.3499999999999999778 ) ) ;
#1191 = LINE ( 'NONE', #1986, #4585 ) ;
#1192 = DIRECTION ( 'NONE',  ( 0.000000000000000000, 0.000000000000000000, -1.000000000000000000 ) ) ;
#1193 = SURFACE_STYLE_FILL_AREA ( #2370 ) ;
#1194 = ORIENTED_EDGE ( 'NONE', *, *, #70, .T. ) ;
#1195 = CARTESIAN_POINT ( 'NONE',  ( -0.4296373147478410037, 0.05579224307623937423, -0.3599999999999999867 ) ) ;
#1196 = CARTESIAN_POINT ( 'NONE',  ( 0.2037680505417300281, -0.1072094915658033804, -0.3599999999999999867 ) ) ;
#1197 = ORIENTED_EDGE ( 'NONE', *, *, #121, .F. ) ;
#1198 = LINE ( 'NONE', #4754, #4151 ) ;
#1199 = SURFACE_SIDE_STYLE ('',( #4889 ) ) ;
#1200 = CARTESIAN_POINT ( 'NONE',  ( 0.02534625909582290462, 0.1557813492642670938, -0.3699999999999999956 ) ) ;
#1201 = ORIENTED_EDGE ( 'NONE', *, *, #2636, .T. ) ;
#1202 = DIRECTION ( 'NONE',  ( -0.3536223923290754967, 0.9353882635801357148, 0.000000000000000000 ) ) ;
#1203 = ADVANCED_FACE ( 'NONE', ( #352 ), #4256, .T. ) ;
#1204 = CARTESIAN_POINT ( 'NONE',  ( -0.5854539668636069560, 0.09952676144678354597, -0.3599999999999999867 ) ) ;
#1205 = FACE_OUTER_BOUND ( 'NONE', #2524, .T. ) ;
#1206 = FACE_OUTER_BOUND ( 'NONE', #3537, .T. ) ;
#1208 = CARTESIAN_POINT ( 'NONE',  ( 0.1544811676324083227, 0.1594398858496329507, -0.3599999999999999867 ) ) ;
#1207 = B_SPLINE_CURVE_WITH_KNOTS ( 'NONE', 3,
 ( #2996, #2936, #3623, #4061, #2882, #3272, #2468, #1397, #983, #2906, #188, #3296, #4437, #1314, #107, #534, #2106, #930, #3720 ),
 .UNSPECIFIED., .F., .F.,
 ( 4, 1, 1, 1, 1, 1, 1, 1, 1, 1, 1, 1, 1, 1, 1, 1, 4 ),
 ( 0.000000000000000000, 0.06863117867660142868, 0.1345664660386773626, 0.1983281540108812191, 0.2607897666408453552, 0.3219991514841584745, 0.3827217465030195442, 0.4435374740357288514, 0.5051334294849251227, 0.5662138747646719983, 0.6261058646175456932, 0.6853493221605165830, 0.7449958703477973510, 0.8054158418145627163, 0.8676362663459531444, 0.9323077823023293575, 1.000000000000000000 ),
 .UNSPECIFIED. ) ;
#1209 = CARTESIAN_POINT ( 'NONE',  ( -0.3642224492380368162, -0.07987519311996330029, -0.3599999999999999312 ) ) ;
#1210 = UNCERTAINTY_MEASURE_WITH_UNIT (LENGTH_MEASURE( 1.000000000000000082E-05 ), #4897, 'distance_accuracy_value', 'NONE');
#1211 = AXIS2_PLACEMENT_3D ( 'NONE', #3261, #4840, #4377 ) ;
#1212 = ADVANCED_FACE ( 'NONE', ( #4287 ), #4732, .F. ) ;
#1213 = VECTOR ( 'NONE', #2513, 1000.000000000000000 ) ;
#1214 = LINE ( 'NONE', #829, #3246 ) ;
#1215 = ORIENTED_EDGE ( 'NONE', *, *, #1664, .T. ) ;
#1216 = CARTESIAN_POINT ( 'NONE',  ( 0.2284663211624797241, 0.1425646006859553894, -0.3599999999999999867 ) ) ;
#1217 = VERTEX_POINT ( 'NONE', #1347 ) ;
#1218 = VECTOR ( 'NONE', #4721, 1000.000000000000000 ) ;
#1219 = CARTESIAN_POINT ( 'NONE',  ( 0.1395845423865400836, -0.1138466232265503003, -0.3699999999999999956 ) ) ;
#1220 = PRESENTATION_LAYER_ASSIGNMENT (  '', '', ( #1956 ) ) ;
#1221 = CARTESIAN_POINT ( 'NONE',  ( -0.4184667509257145590, 0.08261296315852707794, -0.3599999999999999867 ) ) ;
#1222 = ORIENTED_EDGE ( 'NONE', *, *, #4852, .F. ) ;
#1223 =( NAMED_UNIT ( * ) SI_UNIT ( $, .STERADIAN. ) SOLID_ANGLE_UNIT ( ) );
#1224 = CARTESIAN_POINT ( 'NONE',  ( -0.4575805701724697250, -0.1442186507357328673, -0.3599999999999999867 ) ) ;
#1225 = CARTESIAN_POINT ( 'NONE',  ( -0.5954045030992990428, 0.09815939804475490305, -0.3699999999999999956 ) ) ;
#1226 = DIRECTION ( 'NONE',  ( -1.000000000000000000, 0.000000000000000000, -0.000000000000000000 ) ) ;
#1227 = SURFACE_STYLE_FILL_AREA ( #4587 ) ;
#1228 = ORIENTED_EDGE ( 'NONE', *, *, #1444, .F. ) ;
#1229 = STYLED_ITEM ( 'NONE', ( #5040 ), #1789 ) ;
#1230 = CARTESIAN_POINT ( 'NONE',  ( -0.6112391067578356596, 0.1557813492642670938, -0.3699999999999999956 ) ) ;
#1231 = CARTESIAN_POINT ( 'NONE',  ( 0.1246695539618508930, 0.1578888371043608296, -0.3699999999999999956 ) ) ;
#1232 = CARTESIAN_POINT ( 'NONE',  ( 0.3069229191324448491, 0.005958703816718434292, -0.3699999999999999956 ) ) ;
#1233 = LINE ( 'NONE', #2753, #3784 ) ;
#1234 = CARTESIAN_POINT ( 'NONE',  ( 0.000000000000000000, -1.050000000000000044, -0.3499999999999999778 ) ) ;
#1235 = VECTOR ( 'NONE', #114, 1000.000000000000000 ) ;
#1236 = FILL_AREA_STYLE ('',( #1165 ) ) ;
#1237 = VERTEX_POINT ( 'NONE', #3298 ) ;
#1238 = CARTESIAN_POINT ( 'NONE',  ( 0.2429784658149145293, 0.08441194858005281187, -0.3600000000000000422 ) ) ;
#1239 =( LENGTH_UNIT ( ) NAMED_UNIT ( * ) SI_UNIT ( .MILLI., .METRE. ) );
#1240 = CARTESIAN_POINT ( 'NONE',  ( 0.000000000000000000, 0.000000000000000000, -0.3699999999999999956 ) ) ;
#1241 =( GEOMETRIC_REPRESENTATION_CONTEXT ( 3 ) GLOBAL_UNCERTAINTY_ASSIGNED_CONTEXT ( ( #3669 ) ) GLOBAL_UNIT_ASSIGNED_CONTEXT ( ( #4358, #794, #3933 ) ) REPRESENTATION_CONTEXT ( 'NONE', 'WORKASPACE' ) );
#1242 =( GEOMETRIC_REPRESENTATION_CONTEXT ( 3 ) GLOBAL_UNCERTAINTY_ASSIGNED_CONTEXT ( ( #2642 ) ) GLOBAL_UNIT_ASSIGNED_CONTEXT ( ( #1989, #3430, #3066 ) ) REPRESENTATION_CONTEXT ( 'NONE', 'WORKASPACE' ) );
#1243 = CARTESIAN_POINT ( 'NONE',  ( -0.5301224909041769573, -0.06007230927231824863, -0.3699999999999999956 ) ) ;
#1244 = ORIENTED_EDGE ( 'NONE', *, *, #895, .T. ) ;
#1245 = EDGE_CURVE ( 'NONE', #1316, #956, #879, .T. ) ;
#1246 = ADVANCED_FACE ( 'NONE', ( #2831 ), #2440, .T. ) ;
#1247 = SURFACE_SIDE_STYLE ('',( #3476 ) ) ;
#1248 = SURFACE_STYLE_USAGE ( .BOTH. , #31 ) ;
#1249 =( NAMED_UNIT ( * ) PLANE_ANGLE_UNIT ( ) SI_UNIT ( $, .RADIAN. ) );
#1250 = ORIENTED_EDGE ( 'NONE', *, *, #4305, .F. ) ;
#1251 = STYLED_ITEM ( 'NONE', ( #4488 ), #1755 ) ;
#1252 =( NAMED_UNIT ( * ) PLANE_ANGLE_UNIT ( ) SI_UNIT ( $, .RADIAN. ) );
#1253 = DIRECTION ( 'NONE',  ( -0.000000000000000000, -1.000000000000000000, -0.000000000000000000 ) ) ;
#1254 = VERTEX_POINT ( 'NONE', #4165 ) ;
#1255 = EDGE_CURVE ( 'NONE', #991, #4024, #4610, .T. ) ;
#1256 = ORIENTED_EDGE ( 'NONE', *, *, #4435, .F. ) ;
#1257 = LINE ( 'NONE', #80, #1218 ) ;
#1258 = FACE_OUTER_BOUND ( 'NONE', #1309, .T. ) ;
#1259 = CARTESIAN_POINT ( 'NONE',  ( -0.3953854482212502131, 0.008696745605730516609, -0.3699999999999999956 ) ) ;
#1260 = ORIENTED_EDGE ( 'NONE', *, *, #1093, .T. ) ;
#1261 = PLANE ( 'NONE',  #4097 ) ;
#1262 = CARTESIAN_POINT ( 'NONE',  ( -0.3795703801435087454, 0.1255261934698293225, -0.3599999999999998757 ) ) ;
#1263 = PRESENTATION_STYLE_ASSIGNMENT (( #4874 ) ) ;
#1264 = CARTESIAN_POINT ( 'NONE',  ( 0.2555645717649959181, -0.05625662400186551282, -0.3599999999999999867 ) ) ;
#1265 = CARTESIAN_POINT ( 'NONE',  ( -2.705000000000000071, -1.674999999999998934, -0.3699999999999999956 ) ) ;
#1266 = PRESENTATION_STYLE_ASSIGNMENT (( #2858 ) ) ;
#1267 = CARTESIAN_POINT ( 'NONE',  ( 0.1100661703026094285, -0.1075973421604590197, -0.3599999999999999867 ) ) ;
#1268 = ORIENTED_EDGE ( 'NONE', *, *, #5085, .F. ) ;
#1269 = CARTESIAN_POINT ( 'NONE',  ( 0.2009463979323953542, 0.1535399564683955775, -0.3599999999999999867 ) ) ;
#1270 =( NAMED_UNIT ( * ) SI_UNIT ( $, .STERADIAN. ) SOLID_ANGLE_UNIT ( ) );
#1271 = DIRECTION ( 'NONE',  ( -0.000000000000000000, -1.000000000000000000, -0.000000000000000000 ) ) ;
#1272 = VERTEX_POINT ( 'NONE', #4219 ) ;
#1273 = CARTESIAN_POINT ( 'NONE',  ( 0.08388284446167661168, -0.09574304097963531879, -0.3699999999999999956 ) ) ;
#1274 = CARTESIAN_POINT ( 'NONE',  ( 0.1544811676324083227, 0.1594398858496329507, -0.3599999999999999867 ) ) ;
#1275 = ORIENTED_EDGE ( 'NONE', *, *, #318, .F. ) ;
#1276 = ORIENTED_EDGE ( 'NONE', *, *, #3083, .T. ) ;
#1277 = EDGE_CURVE ( 'NONE', #4711, #1881, #4195, .T. ) ;
#1278 = PLANE ( 'NONE',  #43 ) ;
#1279 =( LENGTH_UNIT ( ) NAMED_UNIT ( * ) SI_UNIT ( .MILLI., .METRE. ) );
#1280 = SURFACE_STYLE_USAGE ( .BOTH. , #81 ) ;
#1281 = UNCERTAINTY_MEASURE_WITH_UNIT (LENGTH_MEASURE( 1.000000000000000082E-05 ), #5014, 'distance_accuracy_value', 'NONE');
#1282 = FILL_AREA_STYLE_COLOUR ( '', #840 ) ;
#1283 = VERTEX_POINT ( 'NONE', #4507 ) ;
#1284 = CARTESIAN_POINT ( 'NONE',  ( 0.3012996182156932323, 0.04992289543699308940, -0.3699999999999999956 ) ) ;
#1285 =( NAMED_UNIT ( * ) SI_UNIT ( $, .STERADIAN. ) SOLID_ANGLE_UNIT ( ) );
#1286 = DIRECTION ( 'NONE',  ( -1.000000000000000000, 0.000000000000000000, 0.000000000000000000 ) ) ;
#1287 = PLANE ( 'NONE',  #2208 ) ;
#1288 = DIRECTION ( 'NONE',  ( 1.000000000000000000, 0.000000000000000000, 0.000000000000000000 ) ) ;
#1289 = CARTESIAN_POINT ( 'NONE',  ( 0.000000000000000000, -0.1112918214674401829, -0.3599999999999999867 ) ) ;
#1290 = ORIENTED_EDGE ( 'NONE', *, *, #234, .F. ) ;
#1291 = VECTOR ( 'NONE', #2041, 1000.000000000000000 ) ;
#1292 = FILL_AREA_STYLE_COLOUR ( '', #578 ) ;
#1293 = PLANE ( 'NONE',  #987 ) ;
#1294 =( NAMED_UNIT ( * ) PLANE_ANGLE_UNIT ( ) SI_UNIT ( $, .RADIAN. ) );
#1295 = ORIENTED_EDGE ( 'NONE', *, *, #1119, .T. ) ;
#1296 = SURFACE_STYLE_FILL_AREA ( #95 ) ;
#1297 = DIRECTION ( 'NONE',  ( -1.000000000000000000, 3.942553354492744024E-16, -0.000000000000000000 ) ) ;
#1298 = COLOUR_RGB ( '',0.7529411764705882248, 0.7529411764705882248, 0.7529411764705882248 ) ;
#1299 = AXIS2_PLACEMENT_3D ( 'NONE', #4365, #856, #3965 ) ;
#1300 = ORIENTED_EDGE ( 'NONE', *, *, #1185, .T. ) ;
#1301 = CIRCLE ( 'NONE', #2532, 0.1824730906783015028 ) ;
#1302 = VECTOR ( 'NONE', #4964, 1000.000000000000000 ) ;
#1303 = DIRECTION ( 'NONE',  ( 0.000000000000000000, 0.000000000000000000, -1.000000000000000000 ) ) ;
#1304 = ORIENTED_EDGE ( 'NONE', *, *, #2374, .T. ) ;
#1305 =( GEOMETRIC_REPRESENTATION_CONTEXT ( 3 ) GLOBAL_UNCERTAINTY_ASSIGNED_CONTEXT ( ( #4402 ) ) GLOBAL_UNIT_ASSIGNED_CONTEXT ( ( #3867, #4659, #3888 ) ) REPRESENTATION_CONTEXT ( 'NONE', 'WORKASPACE' ) );
#1306 = CARTESIAN_POINT ( 'NONE',  ( -0.3031869079023177815, -0.1094897496556361538, -0.3699999999999999956 ) ) ;
#1307 = EDGE_CURVE ( 'NONE', #3713, #1445, #1301, .T. ) ;
#1308 = EDGE_CURVE ( 'NONE', #3224, #77, #2999, .T. ) ;
#1309 = EDGE_LOOP ( 'NONE', ( #4993, #4449, #2039, #2077 ) ) ;
#1310 = CARTESIAN_POINT ( 'NONE',  ( -0.4106529328241146359, 0.09469363453941040398, -0.3699999999999999956 ) ) ;
#1311 = COLOUR_RGB ( '',0.000000000000000000, 0.000000000000000000, 0.000000000000000000 ) ;
#1312 = CARTESIAN_POINT ( 'NONE',  ( -0.6405645640749086933, -0.02714548000402556768, -0.3699999999999999956 ) ) ;
#1313 =( NAMED_UNIT ( * ) PLANE_ANGLE_UNIT ( ) SI_UNIT ( $, .RADIAN. ) );
#1314 = CARTESIAN_POINT ( 'NONE',  ( -0.4247548182130407302, 0.06962250180253479193, -0.3699999999999999956 ) ) ;
#1315 = CARTESIAN_POINT ( 'NONE',  ( 0.08654696015000426512, 0.1088537914056132427, -0.3699999999999999956 ) ) ;
#1316 = VERTEX_POINT ( 'NONE', #254 ) ;
#1317 = ADVANCED_FACE ( 'NONE', ( #2682 ), #4926, .T. ) ;
#1318 = SURFACE_SIDE_STYLE ('',( #190 ) ) ;
#1319 = CARTESIAN_POINT ( 'NONE',  ( 0.2651650791039724675, -0.02287599627162749047, -0.3699999999999999956 ) ) ;
#1320 = DIRECTION ( 'NONE',  ( -1.000000000000000000, 0.000000000000000000, 0.000000000000000000 ) ) ;
#1321 =( GEOMETRIC_REPRESENTATION_CONTEXT ( 3 ) GLOBAL_UNCERTAINTY_ASSIGNED_CONTEXT ( ( #32 ) ) GLOBAL_UNIT_ASSIGNED_CONTEXT ( ( #3519, #468, #18 ) ) REPRESENTATION_CONTEXT ( 'NONE', 'WORKASPACE' ) );
#1322 =( NAMED_UNIT ( * ) PLANE_ANGLE_UNIT ( ) SI_UNIT ( $, .RADIAN. ) );
#1323 = PLANE ( 'NONE',  #4789 ) ;
#1324 = AXIS2_PLACEMENT_3D ( 'NONE', #3834, #5036, #327 ) ;
#1325 = DIRECTION ( 'NONE',  ( 0.3222024856061132536, -0.9466707760722532505, 0.000000000000000000 ) ) ;
#1326 = ORIENTED_EDGE ( 'NONE', *, *, #4240, .F. ) ;
#1327 = PRESENTATION_LAYER_ASSIGNMENT (  '', '', ( #911 ) ) ;
#1328 =( NAMED_UNIT ( * ) PLANE_ANGLE_UNIT ( ) SI_UNIT ( $, .RADIAN. ) );
#1329 = VERTEX_POINT ( 'NONE', #4586 ) ;
#1330 = CARTESIAN_POINT ( 'NONE',  ( 0.1544454360758090450, -0.1477366452568213973, -0.3599999999999999867 ) ) ;
#1331 = STYLED_ITEM ( 'NONE', ( #1728 ), #3603 ) ;
#1332 = VECTOR ( 'NONE', #4551, 1000.000000000000000 ) ;
#1333 = EDGE_LOOP ( 'NONE', ( #2588, #541, #4146, #746, #1839 ) ) ;
#1334 = AXIS2_PLACEMENT_3D ( 'NONE', #2068, #4389, #3505 ) ;
#1335 = ORIENTED_EDGE ( 'NONE', *, *, #3673, .F. ) ;
#1336 = VECTOR ( 'NONE', #2216, 1000.000000000000000 ) ;
#1337 = CARTESIAN_POINT ( 'NONE',  ( -0.3715408724058772427, -0.07155276390435244549, -0.3699999999999999956 ) ) ;
#1338 = UNCERTAINTY_MEASURE_WITH_UNIT (LENGTH_MEASURE( 1.000000000000000082E-05 ), #2630, 'distance_accuracy_value', 'NONE');
#1339 = CARTESIAN_POINT ( 'NONE',  ( 0.2274945459322799124, 0.1009581908892485530, -0.3699999999999999956 ) ) ;
#1340 = CARTESIAN_POINT ( 'NONE',  ( -0.3952819134151311919, 0.004081983154532647928, -0.3699999999999999956 ) ) ;
#1341 = ORIENTED_EDGE ( 'NONE', *, *, #1010, .T. ) ;
#1342 = CARTESIAN_POINT ( 'NONE',  ( 2.150639552201751403, -1.737640255338846140, 0.7400000000000001021 ) ) ;
#1343 = CARTESIAN_POINT ( 'NONE',  ( 0.08388284446167661168, -0.09574304097963531879, -0.3599999999999999867 ) ) ;
#1344 = EDGE_CURVE ( 'NONE', #3304, #1729, #673, .T. ) ;
#1345 = CARTESIAN_POINT ( 'NONE',  ( 0.2667263277749312156, -0.001806231956659383811, -0.3599999999999999867 ) ) ;
#1346 =( NAMED_UNIT ( * ) PLANE_ANGLE_UNIT ( ) SI_UNIT ( $, .RADIAN. ) );
#1347 = CARTESIAN_POINT ( 'NONE',  ( -2.705000000000000071, -1.674999999999998934, -0.3699999999999999956 ) ) ;
#1348 = EDGE_CURVE ( 'NONE', #1494, #4235, #3364, .T. ) ;
#1349 =( NAMED_UNIT ( * ) PLANE_ANGLE_UNIT ( ) SI_UNIT ( $, .RADIAN. ) );
#1350 = LINE ( 'NONE', #1289, #719 ) ;
#1351 = VERTEX_POINT ( 'NONE', #3052 ) ;
#1352 = LINE ( 'NONE', #2837, #5059 ) ;
#1353 = CARTESIAN_POINT ( 'NONE',  ( 2.955000000000000071, 2.220000000000000195, 0.000000000000000000 ) ) ;
#1354 = ORIENTED_EDGE ( 'NONE', *, *, #418, .T. ) ;
#1355 = CARTESIAN_POINT ( 'NONE',  ( 0.000000000000000000, 0.000000000000000000, -0.3499999999999999778 ) ) ;
#1356 = SURFACE_STYLE_FILL_AREA ( #2531 ) ;
#1357 = DIRECTION ( 'NONE',  ( 0.000000000000000000, 0.000000000000000000, -1.000000000000000000 ) ) ;
#1358 = ORIENTED_EDGE ( 'NONE', *, *, #477, .T. ) ;
#1359 = DIRECTION ( 'NONE',  ( -0.000000000000000000, 0.000000000000000000, 1.000000000000000000 ) ) ;
#1360 = VERTEX_POINT ( 'NONE', #2335 ) ;
#1361 = SURFACE_STYLE_FILL_AREA ( #2957 ) ;
#1362 = MECHANICAL_DESIGN_GEOMETRIC_PRESENTATION_REPRESENTATION (  '', ( #1140 ), #614 ) ;
#1363 = CARTESIAN_POINT ( 'NONE',  ( 0.2187131976151631130, 0.1077669466016128036, -0.3600000000000000422 ) ) ;
#1364 = PRESENTATION_LAYER_ASSIGNMENT (  '', '', ( #441 ) ) ;
#1365 = CARTESIAN_POINT ( 'NONE',  ( -0.3950807415497060160, -0.004884666860091987396, -0.3699999999999999956 ) ) ;
#1366 = ORIENTED_EDGE ( 'NONE', *, *, #4029, .F. ) ;
#1367 = CARTESIAN_POINT ( 'NONE',  ( 0.1623869780789160555, -0.1478297861779807876, -0.3599999999999999867 ) ) ;
#1368 = SURFACE_STYLE_USAGE ( .BOTH. , #2967 ) ;
#1369 = CARTESIAN_POINT ( 'NONE',  ( -1.836701531138527611E-16, -1.674999999999999156, -0.3499999999999999778 ) ) ;
#1370 = CARTESIAN_POINT ( 'NONE',  ( 1.250000000000000222, 1.674999999999999378, -0.3699999999999999956 ) ) ;
#1371 = FILL_AREA_STYLE ('',( #4822 ) ) ;
#1372 = FILL_AREA_STYLE ('',( #2888 ) ) ;
#1373 =( NAMED_UNIT ( * ) SI_UNIT ( $, .STERADIAN. ) SOLID_ANGLE_UNIT ( ) );
#1374 = ORIENTED_EDGE ( 'NONE', *, *, #4046, .F. ) ;
#1375 = EDGE_CURVE ( 'NONE', #3176, #951, #2308, .T. ) ;
#1376 = CARTESIAN_POINT ( 'NONE',  ( 0.1966983115935921900, -0.1456233357682783502, -0.3599999999999997646 ) ) ;
#1377 = VERTEX_POINT ( 'NONE', #2706 ) ;
#1378 = FILL_AREA_STYLE_COLOUR ( '', #2063 ) ;
#1379 = COLOUR_RGB ( '',0.2509803921568627416, 0.2509803921568627416, 0.2509803921568627416 ) ;
#1380 = DIRECTION ( 'NONE',  ( 0.000000000000000000, 0.000000000000000000, -1.000000000000000000 ) ) ;
#1381 = ORIENTED_EDGE ( 'NONE', *, *, #2305, .T. ) ;
#1382 = MECHANICAL_DESIGN_GEOMETRIC_PRESENTATION_REPRESENTATION (  '', ( #2206 ), #3485 ) ;
#1383 = FILL_AREA_STYLE_COLOUR ( '', #4434 ) ;
#1384 = SURFACE_STYLE_USAGE ( .BOTH. , #1770 ) ;
#1385 =( GEOMETRIC_REPRESENTATION_CONTEXT ( 3 ) GLOBAL_UNCERTAINTY_ASSIGNED_CONTEXT ( ( #3390 ) ) GLOBAL_UNIT_ASSIGNED_CONTEXT ( ( #4147, #4949, #301 ) ) REPRESENTATION_CONTEXT ( 'NONE', 'WORKASPACE' ) );
#1386 = PRESENTATION_LAYER_ASSIGNMENT (  '', '', ( #2206 ) ) ;
#1387 = CARTESIAN_POINT ( 'NONE',  ( 0.1889296218799201565, 0.1220534130824724728, -0.3699999999999999956 ) ) ;
#1388 =( GEOMETRIC_REPRESENTATION_CONTEXT ( 3 ) GLOBAL_UNCERTAINTY_ASSIGNED_CONTEXT ( ( #1695 ) ) GLOBAL_UNIT_ASSIGNED_CONTEXT ( ( #4564, #1066, #4992 ) ) REPRESENTATION_CONTEXT ( 'NONE', 'WORKASPACE' ) );
#1389 = DIRECTION ( 'NONE',  ( 0.000000000000000000, 0.000000000000000000, -1.000000000000000000 ) ) ;
#1390 = VERTEX_POINT ( 'NONE', #1200 ) ;
#1391 = CARTESIAN_POINT ( 'NONE',  ( -0.4352706938203698694, -0.007219024521522401754, -0.3699999999999999956 ) ) ;
#1392 = B_SPLINE_CURVE_WITH_KNOTS ( 'NONE', 3,
 ( #1102, #3817, #3067, #4623, #3455, #1538, #3090, #1612, #4697, #5082, #3511, #39, #1221, #2423, #1195, #2043, #2349, #437, #4002 ),
 .UNSPECIFIED., .F., .F.,
 ( 4, 1, 1, 1, 1, 1, 1, 1, 1, 1, 1, 1, 1, 1, 1, 1, 4 ),
 ( 0.000000000000000000, 0.06863117867660142868, 0.1345664660386773626, 0.1983281540108812191, 0.2607897666408453552, 0.3219991514841584745, 0.3827217465030195442, 0.4435374740357288514, 0.5051334294849251227, 0.5662138747646719983, 0.6261058646175456932, 0.6853493221605165830, 0.7449958703477973510, 0.8054158418145627163, 0.8676362663459531444, 0.9323077823023293575, 1.000000000000000000 ),
 .UNSPECIFIED. ) ;
#1393 = LINE ( 'NONE', #4962, #2810 ) ;
#1394 = FACE_OUTER_BOUND ( 'NONE', #4033, .T. ) ;
#1395 = DIRECTION ( 'NONE',  ( 0.000000000000000000, 0.000000000000000000, 1.000000000000000000 ) ) ;
#1396 = AXIS2_PLACEMENT_3D ( 'NONE', #4932, #3388, #1090 ) ;
#1397 = CARTESIAN_POINT ( 'NONE',  ( -0.3672662089271160335, 0.1336157800495013925, -0.3699999999999999956 ) ) ;
#1398 = DIRECTION ( 'NONE',  ( 1.000000000000000000, 0.000000000000000000, 0.000000000000000000 ) ) ;
#1399 = ORIENTED_EDGE ( 'NONE', *, *, #866, .F. ) ;
#1400 = SURFACE_SIDE_STYLE ('',( #699 ) ) ;
#1401 = COLOUR_RGB ( '',0.000000000000000000, 0.000000000000000000, 0.000000000000000000 ) ;
#1402 = CARTESIAN_POINT ( 'NONE',  ( 0.2626185681323071064, 0.04186809512193345045, -0.3699999999999999956 ) ) ;
#1403 = FILL_AREA_STYLE ('',( #2856 ) ) ;
#1404 = MECHANICAL_DESIGN_GEOMETRIC_PRESENTATION_REPRESENTATION (  '', ( #4730 ), #735 ) ;
#1405 = VERTEX_POINT ( 'NONE', #4303 ) ;
#1406 = CARTESIAN_POINT ( 'NONE',  ( 2.149999999999999911, 0.4250000000000001554, 0.000000000000000000 ) ) ;
#1407 = VERTEX_POINT ( 'NONE', #1618 ) ;
#1408 =( GEOMETRIC_REPRESENTATION_CONTEXT ( 3 ) GLOBAL_UNCERTAINTY_ASSIGNED_CONTEXT ( ( #1663 ) ) GLOBAL_UNIT_ASSIGNED_CONTEXT ( ( #3279, #4794, #569 ) ) REPRESENTATION_CONTEXT ( 'NONE', 'WORKASPACE' ) );
#1409 = CARTESIAN_POINT ( 'NONE',  ( 0.08388284446167661168, 0.1073057395081695176, -0.3699999999999999956 ) ) ;
#1410 = MECHANICAL_DESIGN_GEOMETRIC_PRESENTATION_REPRESENTATION (  '', ( #2879 ), #666 ) ;
#1411 = EDGE_CURVE ( 'NONE', #3250, #2530, #369, .T. ) ;
#1412 = AXIS2_PLACEMENT_3D ( 'NONE', #2088, #2526, #3997 ) ;
#1413 = CARTESIAN_POINT ( 'NONE',  ( -0.3259664771218051538, 0.1159007719631220679, -0.3699999999999999956 ) ) ;
#1414 = UNCERTAINTY_MEASURE_WITH_UNIT (LENGTH_MEASURE( 1.000000000000000082E-05 ), #4989, 'distance_accuracy_value', 'NONE');
#1415 = ORIENTED_EDGE ( 'NONE', *, *, #2990, .F. ) ;
#1416 = COLOUR_RGB ( '',0.000000000000000000, 0.000000000000000000, 0.000000000000000000 ) ;
#1417 = UNCERTAINTY_MEASURE_WITH_UNIT (LENGTH_MEASURE( 1.000000000000000082E-05 ), #2646, 'distance_accuracy_value', 'NONE');
#1418 = CARTESIAN_POINT ( 'NONE',  ( -0.3150204152879975128, 0.1190635380330715282, -0.3599999999999999867 ) ) ;
#1419 = COLOUR_RGB ( '',0.000000000000000000, 0.000000000000000000, 0.000000000000000000 ) ;
#1420 = CARTESIAN_POINT ( 'NONE',  ( 0.2093858004155465247, 0.1136120887952457581, -0.3699999999999999956 ) ) ;
#1421 = CARTESIAN_POINT ( 'NONE',  ( -0.3953854482212502131, 0.008696745605730516609, -0.3699999999999999956 ) ) ;
#1422 = ORIENTED_EDGE ( 'NONE', *, *, #4995, .F. ) ;
#1423 =( GEOMETRIC_REPRESENTATION_CONTEXT ( 3 ) GLOBAL_UNCERTAINTY_ASSIGNED_CONTEXT ( ( #2500 ) ) GLOBAL_UNIT_ASSIGNED_CONTEXT ( ( #1684, #3226, #4797 ) ) REPRESENTATION_CONTEXT ( 'NONE', 'WORKASPACE' ) );
#1424 = MECHANICAL_DESIGN_GEOMETRIC_PRESENTATION_REPRESENTATION (  '', ( #1652 ), #3508 ) ;
#1425 = FILL_AREA_STYLE ('',( #2183 ) ) ;
#1426 =( NAMED_UNIT ( * ) SI_UNIT ( $, .STERADIAN. ) SOLID_ANGLE_UNIT ( ) );
#1427 = LINE ( 'NONE', #2997, #2729 ) ;
#1428 = CARTESIAN_POINT ( 'NONE',  ( 2.955000000000000071, 2.220000000000000195, -0.3499999999999999778 ) ) ;
#1429 = CARTESIAN_POINT ( 'NONE',  ( 0.1723034819070019541, -0.1146560329601086642, -0.3699999999999999956 ) ) ;
#1430 = CARTESIAN_POINT ( 'NONE',  ( 0.2493153149155493131, 0.07483393537897954639, -0.3699999999999999956 ) ) ;
#1431 =( NAMED_UNIT ( * ) PLANE_ANGLE_UNIT ( ) SI_UNIT ( $, .RADIAN. ) );
#1432 = CARTESIAN_POINT ( 'NONE',  ( -0.5894525442112205083, 0.1170597157241423381, -0.3699999999999999956 ) ) ;
#1433 = ORIENTED_EDGE ( 'NONE', *, *, #2735, .F. ) ;
#1434 =( LENGTH_UNIT ( ) NAMED_UNIT ( * ) SI_UNIT ( .MILLI., .METRE. ) );
#1435 = CARTESIAN_POINT ( 'NONE',  ( 0.1014376231112838478, -0.1372159571611425710, -0.3699999999999999956 ) ) ;
#1436 = CARTESIAN_POINT ( 'NONE',  ( -0.6844098384651525757, -0.1442186507357328673, -0.3699999999999999956 ) ) ;
#1437 = CARTESIAN_POINT ( 'NONE',  ( -0.5850005396846648109, 0.09815939804475490305, -0.3699999999999999956 ) ) ;
#1438 = CARTESIAN_POINT ( 'NONE',  ( -0.3911173627373846773, 0.04726526966009465119, -0.3699999999999999956 ) ) ;
#1439 = CARTESIAN_POINT ( 'NONE',  ( -0.4330999602307618046, -0.02342868304514087591, -0.3599999999999999867 ) ) ;
#1440 = PRESENTATION_STYLE_ASSIGNMENT (( #3354 ) ) ;
#1441 = ORIENTED_EDGE ( 'NONE', *, *, #2087, .F. ) ;
#1442 = CARTESIAN_POINT ( 'NONE',  ( -0.3953854482212502131, 0.008696745605730516609, -0.3699999999999999956 ) ) ;
#1443 =( NAMED_UNIT ( * ) PLANE_ANGLE_UNIT ( ) SI_UNIT ( $, .RADIAN. ) );
#1444 = EDGE_CURVE ( 'NONE', #2074, #1026, #4246, .T. ) ;
#1445 = VERTEX_POINT ( 'NONE', #3954 ) ;
#1446 = SURFACE_STYLE_USAGE ( .BOTH. , #3752 ) ;
#1447 =( NAMED_UNIT ( * ) PLANE_ANGLE_UNIT ( ) SI_UNIT ( $, .RADIAN. ) );
#1448 = DIRECTION ( 'NONE',  ( -0.000000000000000000, -1.000000000000000000, -0.000000000000000000 ) ) ;
#1449 = CARTESIAN_POINT ( 'NONE',  ( -2.955000000000000071, -2.220000000000000195, 0.000000000000000000 ) ) ;
#1450 = CARTESIAN_POINT ( 'NONE',  ( 0.2150869703328210369, 0.1487887776089791558, -0.3699999999999999956 ) ) ;
#1451 = SURFACE_STYLE_USAGE ( .BOTH. , #4091 ) ;
#1452 = CARTESIAN_POINT ( 'NONE',  ( 0.2482258414208625419, -0.1252885565774562726, -0.3599999999999999867 ) ) ;
#1453 = LINE ( 'NONE', #3019, #1480 ) ;
#1454 = CARTESIAN_POINT ( 'NONE',  ( 0.2667057793861358772, 0.007213957034917484711, -0.3699999999999999956 ) ) ;
#1455 = PRESENTATION_LAYER_ASSIGNMENT (  '', '', ( #1528 ) ) ;
#1456 = LINE ( 'NONE', #3414, #2512 ) ;
#1457 = ORIENTED_EDGE ( 'NONE', *, *, #4376, .T. ) ;
#1458 = DIRECTION ( 'NONE',  ( 0.000000000000000000, 0.000000000000000000, -1.000000000000000000 ) ) ;
#1459 = PRESENTATION_STYLE_ASSIGNMENT (( #4616 ) ) ;
#1460 = UNCERTAINTY_MEASURE_WITH_UNIT (LENGTH_MEASURE( 1.000000000000000082E-05 ), #2626, 'distance_accuracy_value', 'NONE');
#1461 = CARTESIAN_POINT ( 'NONE',  ( 0.1210802867319678011, -0.1432037646126414765, -0.3699999999999999956 ) ) ;
#1462 = DIRECTION ( 'NONE',  ( -0.000000000000000000, 0.000000000000000000, 1.000000000000000000 ) ) ;
#1463 = DIRECTION ( 'NONE',  ( 0.9417224702971437322, 0.3363908276654481444, 0.000000000000000000 ) ) ;
#1464 = CARTESIAN_POINT ( 'NONE',  ( 0.08388284446167661168, 0.1073057395081695176, -0.3699999999999999956 ) ) ;
#1465 = ORIENTED_EDGE ( 'NONE', *, *, #3862, .F. ) ;
#1466 = CARTESIAN_POINT ( 'NONE',  ( -0.3150204152879975128, 0.1190635380330715282, -0.3699999999999999956 ) ) ;
#1467 =( GEOMETRIC_REPRESENTATION_CONTEXT ( 3 ) GLOBAL_UNCERTAINTY_ASSIGNED_CONTEXT ( ( #2227 ) ) GLOBAL_UNIT_ASSIGNED_CONTEXT ( ( #2172, #2589, #2920 ) ) REPRESENTATION_CONTEXT ( 'NONE', 'WORKASPACE' ) );
#1468 = CARTESIAN_POINT ( 'NONE',  ( -0.4356293506602745835, 0.009554215117925639322, -0.3699999999999999956 ) ) ;
#1469 = FILL_AREA_STYLE_COLOUR ( '', #592 ) ;
#1470 = AXIS2_PLACEMENT_3D ( 'NONE', #1243, #1737, #1325 ) ;
#1471 = VECTOR ( 'NONE', #796, 1000.000000000000000 ) ;
#1472 = SURFACE_SIDE_STYLE ('',( #979 ) ) ;
#1473 = PRESENTATION_STYLE_ASSIGNMENT (( #1368 ) ) ;
#1474 = EDGE_CURVE ( 'NONE', #3568, #4053, #445, .T. ) ;
#1475 = CARTESIAN_POINT ( 'NONE',  ( 0.1861107637981004870, 0.1569521269146952891, -0.3599999999999998201 ) ) ;
#1476 = CARTESIAN_POINT ( 'NONE',  ( -0.2786552652944209174, 0.1228545199959744372, -0.3699999999999999956 ) ) ;
#1477 = CARTESIAN_POINT ( 'NONE',  ( 0.2779541369103371573, -0.09688091353519337479, -0.3599999999999999867 ) ) ;
#1478 = FILL_AREA_STYLE_COLOUR ( '', #3821 ) ;
#1479 = VECTOR ( 'NONE', #16, 1000.000000000000000 ) ;
#1480 = VECTOR ( 'NONE', #2632, 1000.000000000000000 ) ;
#1481 = DIRECTION ( 'NONE',  ( 0.000000000000000000, -1.000000000000000000, 0.000000000000000000 ) ) ;
#1482 = ADVANCED_FACE ( 'NONE', ( #1546 ), #3542, .T. ) ;
#1483 = VECTOR ( 'NONE', #1984, 1000.000000000000000 ) ;
#1484 =( NAMED_UNIT ( * ) PLANE_ANGLE_UNIT ( ) SI_UNIT ( $, .RADIAN. ) );
#1485 = UNCERTAINTY_MEASURE_WITH_UNIT (LENGTH_MEASURE( 1.000000000000000082E-05 ), #3577, 'distance_accuracy_value', 'NONE');
#1486 = CARTESIAN_POINT ( 'NONE',  ( -0.1941659360261283052, 0.1557813492642670938, -0.3699999999999999956 ) ) ;
#1487 = STYLED_ITEM ( 'NONE', ( #4950 ), #2699 ) ;
#1488 = LINE ( 'NONE', #2690, #4569 ) ;
#1489 = DIRECTION ( 'NONE',  ( 0.3363908276654481444, -0.9417224702971437322, 0.000000000000000000 ) ) ;
#1490 = CARTESIAN_POINT ( 'NONE',  ( -0.3150204152879975128, 0.1190635380330715282, -0.3699999999999999956 ) ) ;
#1491 = CARTESIAN_POINT ( 'NONE',  ( -0.4015567139837757371, -0.09151626162057617531, -0.3599999999999999867 ) ) ;
#1492 = CARTESIAN_POINT ( 'NONE',  ( -0.2344098384651526479, -0.1112918214674401829, -0.3699999999999999956 ) ) ;
#1493 = MECHANICAL_DESIGN_GEOMETRIC_PRESENTATION_REPRESENTATION (  '', ( #3269 ), #1321 ) ;
#1494 = VERTEX_POINT ( 'NONE', #48 ) ;
#1495 = MECHANICAL_DESIGN_GEOMETRIC_PRESENTATION_REPRESENTATION (  '', ( #4335 ), #4498 ) ;
#1496 = CARTESIAN_POINT ( 'NONE',  ( -0.3362656066868656146, 0.1118474941523986410, -0.3599999999999999867 ) ) ;
#1497 = PRESENTATION_LAYER_ASSIGNMENT (  '', '', ( #3589 ) ) ;
#1498 = DIRECTION ( 'NONE',  ( 0.000000000000000000, -1.000000000000000000, 0.000000000000000000 ) ) ;
#1499 = MECHANICAL_DESIGN_GEOMETRIC_PRESENTATION_REPRESENTATION (  '', ( #911 ), #1974 ) ;
#1500 = FILL_AREA_STYLE ('',( #1128 ) ) ;
#1501 = CARTESIAN_POINT ( 'NONE',  ( 0.1541381798275302528, 0.1265130565813402663, -0.3699999999999999956 ) ) ;
#1502 = FACE_OUTER_BOUND ( 'NONE', #4338, .T. ) ;
#1503 = CARTESIAN_POINT ( 'NONE',  ( -0.3031869079023177815, -0.1094897496556361538, -0.3599999999999999867 ) ) ;
#1504 = CARTESIAN_POINT ( 'NONE',  ( 0.2365461428764656648, -0.1322887356958114824, -0.3599999999999999867 ) ) ;
#1505 = COLOUR_RGB ( '',0.7529411764705882248, 0.7529411764705882248, 0.7529411764705882248 ) ;
#1506 = ORIENTED_EDGE ( 'NONE', *, *, #803, .F. ) ;
#1507 = EDGE_CURVE ( 'NONE', #790, #1272, #2460, .T. ) ;
#1508 = EDGE_CURVE ( 'NONE', #3552, #4349, #4403, .T. ) ;
#1509 = PRESENTATION_LAYER_ASSIGNMENT (  '', '', ( #3689 ) ) ;
#1510 = CARTESIAN_POINT ( 'NONE',  ( -0.1283122774895428531, 0.1557813492642670938, -0.3699999999999999956 ) ) ;
#1511 = CARTESIAN_POINT ( 'NONE',  ( 0.08388284446167661168, 0.1073057395081695176, -0.3599999999999999867 ) ) ;
#1512 = CARTESIAN_POINT ( 'NONE',  ( 2.955000000000000071, 2.220000000000000195, -0.3499999999999999778 ) ) ;
#1513 = EDGE_CURVE ( 'NONE', #1161, #991, #3672, .T. ) ;
#1514 = CARTESIAN_POINT ( 'NONE',  ( -0.5850005396846648109, 0.09815939804475490305, -0.3599999999999999867 ) ) ;
#1515 =( LENGTH_UNIT ( ) NAMED_UNIT ( * ) SI_UNIT ( .MILLI., .METRE. ) );
#1516 = ORIENTED_EDGE ( 'NONE', *, *, #2919, .T. ) ;
#1517 = SURFACE_STYLE_USAGE ( .BOTH. , #3481 ) ;
#1518 = CARTESIAN_POINT ( 'NONE',  ( -0.3911173627373846773, 0.04726526966009465119, -0.3699999999999999956 ) ) ;
#1519 = CARTESIAN_POINT ( 'NONE',  ( 0.08388284446167661168, -0.09574304097963531879, -0.3699999999999999956 ) ) ;
#1520 =( NAMED_UNIT ( * ) SI_UNIT ( $, .STERADIAN. ) SOLID_ANGLE_UNIT ( ) );
#1521 = CARTESIAN_POINT ( 'NONE',  ( 0.3012996182156932323, 0.04992289543699308940, -0.3699999999999999956 ) ) ;
#1522 = CARTESIAN_POINT ( 'NONE',  ( -0.6540554177334452213, -0.06007230927231824863, -0.3699999999999999956 ) ) ;
#1523 = CARTESIAN_POINT ( 'NONE',  ( -0.3779975821652651335, -0.06244061089691634037, -0.3599999999999999867 ) ) ;
#1524 = ORIENTED_EDGE ( 'NONE', *, *, #3979, .T. ) ;
#1525 = FILL_AREA_STYLE_COLOUR ( '', #4083 ) ;
#1526 = CARTESIAN_POINT ( 'NONE',  ( 0.1263080137059646169, 0.1239532440757923765, -0.3599999999999999867 ) ) ;
#1527 = CARTESIAN_POINT ( 'NONE',  ( -0.2903359409389668633, -0.1110034901395172274, -0.3599999999999999312 ) ) ;
#1528 = STYLED_ITEM ( 'NONE', ( #537 ), #262 ) ;
#1529 = CARTESIAN_POINT ( 'NONE',  ( 0.02534625909582290462, 0.1557813492642670938, -0.3699999999999999956 ) ) ;
#1530 = DIRECTION ( 'NONE',  ( 1.000000000000000000, 0.000000000000000000, 0.000000000000000000 ) ) ;
#1531 = ORIENTED_EDGE ( 'NONE', *, *, #2254, .F. ) ;
#1532 = EDGE_CURVE ( 'NONE', #147, #2908, #4012, .T. ) ;
#1533 = SURFACE_STYLE_USAGE ( .BOTH. , #4713 ) ;
#1534 = CARTESIAN_POINT ( 'NONE',  ( -0.1356293506602746501, -0.1112918214674401829, -0.3699999999999999956 ) ) ;
#1535 = LINE ( 'NONE', #2739, #1169 ) ;
#1536 = ORIENTED_EDGE ( 'NONE', *, *, #4021, .T. ) ;
#1537 = COLOUR_RGB ( '',0.000000000000000000, 0.000000000000000000, 0.000000000000000000 ) ;
#1538 = CARTESIAN_POINT ( 'NONE',  ( -0.3405427723710704457, 0.1460812949306222741, -0.3599999999999999867 ) ) ;
#1539 = FILL_AREA_STYLE_COLOUR ( '', #2267 ) ;
#1540 = ADVANCED_FACE ( 'NONE', ( #3620 ), #128, .T. ) ;
#1541 = LINE ( 'NONE', #4938, #4158 ) ;
#1542 =( LENGTH_UNIT ( ) NAMED_UNIT ( * ) SI_UNIT ( .MILLI., .METRE. ) );
#1543 = LINE ( 'NONE', #2262, #4572 ) ;
#1544 = STYLED_ITEM ( 'NONE', ( #791 ), #4175 ) ;
#1545 = CARTESIAN_POINT ( 'NONE',  ( -0.2769974909041769684, -0.1112918214674401829, -0.3699999999999999956 ) ) ;
#1546 = FACE_OUTER_BOUND ( 'NONE', #2008, .T. ) ;
#1547 = ORIENTED_EDGE ( 'NONE', *, *, #4674, .T. ) ;
#1548 =( GEOMETRIC_REPRESENTATION_CONTEXT ( 3 ) GLOBAL_UNCERTAINTY_ASSIGNED_CONTEXT ( ( #278 ) ) GLOBAL_UNIT_ASSIGNED_CONTEXT ( ( #1885, #3418, #4224 ) ) REPRESENTATION_CONTEXT ( 'NONE', 'WORKASPACE' ) );
#1549 = SURFACE_STYLE_FILL_AREA ( #5033 ) ;
#1550 = CARTESIAN_POINT ( 'NONE',  ( -0.4575805701724697250, -0.1442186507357328673, -0.3699999999999999956 ) ) ;
#1551 = CARTESIAN_POINT ( 'NONE',  ( 0.1069770777154270130, 0.1549340227660187808, -0.3699999999999999956 ) ) ;
#1552 = DIRECTION ( 'NONE',  ( -0.000000000000000000, -0.000000000000000000, 1.000000000000000000 ) ) ;
#1553 = COLOUR_RGB ( '',0.000000000000000000, 0.000000000000000000, 0.000000000000000000 ) ;
#1554 = SURFACE_STYLE_USAGE ( .BOTH. , #780 ) ;
#1555 = FILL_AREA_STYLE ('',( #799 ) ) ;
#1556 = CARTESIAN_POINT ( 'NONE',  ( 3.250000000000000000, 1.675000000000000266, 0.000000000000000000 ) ) ;
#1557 = STYLED_ITEM ( 'NONE', ( #432 ), #2226 ) ;
#1558 = CARTESIAN_POINT ( 'NONE',  ( 0.3326633322665546455, -0.1442186507357328673, -0.3699999999999999956 ) ) ;
#1559 =( NAMED_UNIT ( * ) SI_UNIT ( $, .STERADIAN. ) SOLID_ANGLE_UNIT ( ) );
#1560 = CARTESIAN_POINT ( 'NONE',  ( -0.5907741677334452657, 0.1191959834106085941, -0.3699999999999999956 ) ) ;
#1561 = ORIENTED_EDGE ( 'NONE', *, *, #1120, .F. ) ;
#1562 =( GEOMETRIC_REPRESENTATION_CONTEXT ( 3 ) GLOBAL_UNCERTAINTY_ASSIGNED_CONTEXT ( ( #1004 ) ) GLOBAL_UNIT_ASSIGNED_CONTEXT ( ( #2195, #1786, #3787 ) ) REPRESENTATION_CONTEXT ( 'NONE', 'WORKASPACE' ) );
#1563 = EDGE_CURVE ( 'NONE', #4456, #7, #2902, .T. ) ;
#1564 = LINE ( 'NONE', #5083, #2842 ) ;
#1565 = FILL_AREA_STYLE_COLOUR ( '', #311 ) ;
#1566 = COLOUR_RGB ( '',0.000000000000000000, 0.000000000000000000, 0.000000000000000000 ) ;
#1567 = CARTESIAN_POINT ( 'NONE',  ( 0.1316704326258600621, -0.1453386893373674604, -0.3699999999999999956 ) ) ;
#1568 =( GEOMETRIC_REPRESENTATION_CONTEXT ( 3 ) GLOBAL_UNCERTAINTY_ASSIGNED_CONTEXT ( ( #2872 ) ) GLOBAL_UNIT_ASSIGNED_CONTEXT ( ( #3441, #1183, #3932 ) ) REPRESENTATION_CONTEXT ( 'NONE', 'WORKASPACE' ) );
#1569 = CARTESIAN_POINT ( 'NONE',  ( 0.2668096737299692767, 0.002580129752071980663, -0.3699999999999999956 ) ) ;
#1570 = ORIENTED_EDGE ( 'NONE', *, *, #4887, .F. ) ;
#1571 = VERTEX_POINT ( 'NONE', #587 ) ;
#1572 = PRESENTATION_LAYER_ASSIGNMENT (  '', '', ( #3760 ) ) ;
#1573 = LINE ( 'NONE', #1230, #828 ) ;
#1574 = CARTESIAN_POINT ( 'NONE',  ( -0.4296347514057135553, -0.03878779292782149474, -0.3599999999999998757 ) ) ;
#1575 = VECTOR ( 'NONE', #183, 1000.000000000000000 ) ;
#1576 = FACE_OUTER_BOUND ( 'NONE', #2801, .T. ) ;
#1577 = DIRECTION ( 'NONE',  ( 1.000000000000000000, 0.000000000000000000, 0.000000000000000000 ) ) ;
#1578 = CARTESIAN_POINT ( 'NONE',  ( 0.1246695539618508930, 0.1578888371043608296, -0.3599999999999999867 ) ) ;
#1579 = CARTESIAN_POINT ( 'NONE',  ( -0.3266227212339867791, -0.1036538228529943900, -0.3699999999999999956 ) ) ;
#1580 = UNCERTAINTY_MEASURE_WITH_UNIT (LENGTH_MEASURE( 1.000000000000000082E-05 ), #1279, 'distance_accuracy_value', 'NONE');
#1581 = VECTOR ( 'NONE', #4057, 1000.000000000000000 ) ;
#1582 = LINE ( 'NONE', #2324, #3212 ) ;
#1583 = CARTESIAN_POINT ( 'NONE',  ( -0.3953854482212502131, 0.008696745605730516609, -0.3699999999999999956 ) ) ;
#1584 = ORIENTED_EDGE ( 'NONE', *, *, #3416, .F. ) ;
#1585 = CARTESIAN_POINT ( 'NONE',  ( 0.2651650791039724675, -0.02287599627162749047, -0.3599999999999999867 ) ) ;
#1586 = ADVANCED_FACE ( 'NONE', ( #2132 ), #3567, .T. ) ;
#1587 = EDGE_CURVE ( 'NONE', #4004, #4906, #2326, .T. ) ;
#1588 = EDGE_LOOP ( 'NONE', ( #2181, #4122, #1951, #1295 ) ) ;
#1589 = CARTESIAN_POINT ( 'NONE',  ( 0.1428068553964643717, -0.1467847503533976361, -0.3699999999999999956 ) ) ;
#1590 = CARTESIAN_POINT ( 'NONE',  ( 0.2857763610072547866, -0.08544890808992541831, -0.3699999999999999956 ) ) ;
#1591 =( LENGTH_UNIT ( ) NAMED_UNIT ( * ) SI_UNIT ( .MILLI., .METRE. ) );
#1592 = EDGE_CURVE ( 'NONE', #3983, #3236, #3794, .T. ) ;
#1593 = ORIENTED_EDGE ( 'NONE', *, *, #4111, .F. ) ;
#1594 = CARTESIAN_POINT ( 'NONE',  ( -0.4247706228476870183, -0.05328762837945356240, -0.3699999999999999956 ) ) ;
#1595 = CARTESIAN_POINT ( 'NONE',  ( 2.149999999999999911, -0.4250000000000001554, 0.000000000000000000 ) ) ;
#1596 = CARTESIAN_POINT ( 'NONE',  ( -0.5014830091968599524, -0.1442186507357328673, -0.3599999999999999867 ) ) ;
#1597 = LINE ( 'NONE', #5070, #2286 ) ;
#1598 = FILL_AREA_STYLE ('',( #3147 ) ) ;
#1599 = CARTESIAN_POINT ( 'NONE',  ( -0.3560119307822369739, -0.08727771133359787936, -0.3699999999999999956 ) ) ;
#1600 = CARTESIAN_POINT ( 'NONE',  ( 3.250000000000000000, -1.675000000000000266, 0.000000000000000000 ) ) ;
#1601 = CARTESIAN_POINT ( 'NONE',  ( 2.955000000000000959, -1.675000000000000044, 0.000000000000000000 ) ) ;
#1602 = VERTEX_POINT ( 'NONE', #3064 ) ;
#1603 = VECTOR ( 'NONE', #2555, 1000.000000000000000 ) ;
#1604 = CARTESIAN_POINT ( 'NONE',  ( 0.2965267129139009805, 0.06487216324082616115, -0.3599999999999999867 ) ) ;
#1605 = CARTESIAN_POINT ( 'NONE',  ( -0.2757398689529575453, -0.1442186507357328673, -0.3599999999999999867 ) ) ;
#1606 = CARTESIAN_POINT ( 'NONE',  ( 0.3326633322665546455, 0.000000000000000000, -0.3599999999999999867 ) ) ;
#1607 = PRESENTATION_STYLE_ASSIGNMENT (( #2038 ) ) ;
#1608 = ORIENTED_EDGE ( 'NONE', *, *, #1957, .F. ) ;
#1609 = SURFACE_STYLE_USAGE ( .BOTH. , #12 ) ;
#1610 = FILL_AREA_STYLE_COLOUR ( '', #3770 ) ;
#1611 = PRESENTATION_STYLE_ASSIGNMENT (( #1517 ) ) ;
#1612 = CARTESIAN_POINT ( 'NONE',  ( -0.3672662089271160335, 0.1336157800495013925, -0.3599999999999999867 ) ) ;
#1613 = CARTESIAN_POINT ( 'NONE',  ( 0.2667263277749312156, -0.001806231956659383811, -0.3599999999999999867 ) ) ;
#1614 = VECTOR ( 'NONE', #4698, 1000.000000000000000 ) ;
#1615 = ORIENTED_EDGE ( 'NONE', *, *, #1444, .T. ) ;
#1616 = SURFACE_STYLE_USAGE ( .BOTH. , #525 ) ;
#1617 = LINE ( 'NONE', #3161, #3423 ) ;
#1618 = CARTESIAN_POINT ( 'NONE',  ( 2.955000000000000959, -2.220000000000000195, 0.000000000000000000 ) ) ;
#1619 = ORIENTED_EDGE ( 'NONE', *, *, #2315, .F. ) ;
#1620 =( LENGTH_UNIT ( ) NAMED_UNIT ( * ) SI_UNIT ( .MILLI., .METRE. ) );
#1621 = SURFACE_SIDE_STYLE ('',( #22 ) ) ;
#1622 = ADVANCED_FACE ( 'NONE', ( #4976 ), #3453, .T. ) ;
#1623 = CARTESIAN_POINT ( 'NONE',  ( 0.2505497879392727945, -0.06601062625796634553, -0.3599999999999999867 ) ) ;
#1624 = DIRECTION ( 'NONE',  ( 1.000000000000000000, -3.942553354492744024E-16, 0.000000000000000000 ) ) ;
#1625 = EDGE_CURVE ( 'NONE', #1026, #594, #4667, .T. ) ;
#1626 = CARTESIAN_POINT ( 'NONE',  ( 0.1661749606119374556, 0.1262542437577869325, -0.3600000000000000422 ) ) ;
#1627 = EDGE_CURVE ( 'NONE', #1831, #4053, #731, .T. ) ;
#1628 = MECHANICAL_DESIGN_GEOMETRIC_PRESENTATION_REPRESENTATION (  '', ( #5049 ), #3324 ) ;
#1629 = PRESENTATION_LAYER_ASSIGNMENT (  '', '', ( #1711 ) ) ;
#1630 =( LENGTH_UNIT ( ) NAMED_UNIT ( * ) SI_UNIT ( .MILLI., .METRE. ) );
#1631 = DIRECTION ( 'NONE',  ( -1.000000000000000000, 0.000000000000000000, 0.000000000000000000 ) ) ;
#1632 = ORIENTED_EDGE ( 'NONE', *, *, #1592, .F. ) ;
#1633 = FILL_AREA_STYLE ('',( #4313 ) ) ;
#1634 = LINE ( 'NONE', #3133, #1146 ) ;
#1635 = CARTESIAN_POINT ( 'NONE',  ( 0.4460779664128960431, 0.000000000000000000, -0.3599999999999999867 ) ) ;
#1636 = CARTESIAN_POINT ( 'NONE',  ( -0.5911901765341632808, 0.1168897712193104621, -0.3599999999999999867 ) ) ;
#1637 = EDGE_LOOP ( 'NONE', ( #2847, #3044, #2113, #3451 ) ) ;
#1638 = VECTOR ( 'NONE', #4035, 1000.000000000000000 ) ;
#1639 = CARTESIAN_POINT ( 'NONE',  ( 0.09236872376590510303, -0.1333537301274849429, -0.3599999999999999867 ) ) ;
#1640 = STYLED_ITEM ( 'NONE', ( #4614 ), #2951 ) ;
#1641 = DIRECTION ( 'NONE',  ( -0.9961946980917455452, 0.000000000000000000, 0.08715574274765836016 ) ) ;
#1642 = ORIENTED_EDGE ( 'NONE', *, *, #2473, .T. ) ;
#1643 = VECTOR ( 'NONE', #365, 1000.000000000000000 ) ;
#1644 = ORIENTED_EDGE ( 'NONE', *, *, #2374, .F. ) ;
#1645 = LINE ( 'NONE', #3950, #1638 ) ;
#1646 = STYLED_ITEM ( 'NONE', ( #89 ), #2752 ) ;
#1647 = FILL_AREA_STYLE_COLOUR ( '', #2070 ) ;
#1648 = ORIENTED_EDGE ( 'NONE', *, *, #1307, .F. ) ;
#1649 =( GEOMETRIC_REPRESENTATION_CONTEXT ( 3 ) GLOBAL_UNCERTAINTY_ASSIGNED_CONTEXT ( ( #832 ) ) GLOBAL_UNIT_ASSIGNED_CONTEXT ( ( #996, #3102, #1793 ) ) REPRESENTATION_CONTEXT ( 'NONE', 'WORKASPACE' ) );
#1650 = DIRECTION ( 'NONE',  ( 1.000000000000000000, 0.000000000000000000, 0.000000000000000000 ) ) ;
#1651 = CARTESIAN_POINT ( 'NONE',  ( 3.250000000000000000, -0.4250000000000003775, 0.000000000000000000 ) ) ;
#1652 = STYLED_ITEM ( 'NONE', ( #1923 ), #3515 ) ;
#1653 = MECHANICAL_DESIGN_GEOMETRIC_PRESENTATION_REPRESENTATION (  '', ( #4084 ), #4499 ) ;
#1654 = PLANE ( 'NONE',  #1802 ) ;
#1655 = DIRECTION ( 'NONE',  ( 0.000000000000000000, 0.000000000000000000, -1.000000000000000000 ) ) ;
#1656 =( GEOMETRIC_REPRESENTATION_CONTEXT ( 3 ) GLOBAL_UNCERTAINTY_ASSIGNED_CONTEXT ( ( #1771 ) ) GLOBAL_UNIT_ASSIGNED_CONTEXT ( ( #1962, #2816, #3503 ) ) REPRESENTATION_CONTEXT ( 'NONE', 'WORKASPACE' ) );
#1657 = CARTESIAN_POINT ( 'NONE',  ( -0.01489764334320145545, -0.008852797077196295286, -0.3699999999999999956 ) ) ;
#1658 = EDGE_CURVE ( 'NONE', #4425, #4918, #1535, .T. ) ;
#1659 = VECTOR ( 'NONE', #2406, 1000.000000000000114 ) ;
#1660 = PLANE ( 'NONE',  #2079 ) ;
#1661 = DIRECTION ( 'NONE',  ( 0.000000000000000000, 0.000000000000000000, -1.000000000000000000 ) ) ;
#1662 = ORIENTED_EDGE ( 'NONE', *, *, #4881, .T. ) ;
#1663 = UNCERTAINTY_MEASURE_WITH_UNIT (LENGTH_MEASURE( 1.000000000000000082E-05 ), #3279, 'distance_accuracy_value', 'NONE');
#1664 = EDGE_CURVE ( 'NONE', #2511, #147, #4295, .T. ) ;
#1665 = CARTESIAN_POINT ( 'NONE',  ( 0.2665034621458938213, 0.01623757769637020065, -0.3599999999999999867 ) ) ;
#1666 = ORIENTED_EDGE ( 'NONE', *, *, #3057, .T. ) ;
#1667 = COLOUR_RGB ( '',0.7529411764705882248, 0.7529411764705882248, 0.7529411764705882248 ) ;
#1668 = STYLED_ITEM ( 'NONE', ( #4524 ), #3140 ) ;
#1669 = CARTESIAN_POINT ( 'NONE',  ( 0.09217965687080373338, -0.1004161973122731366, -0.3699999999999999956 ) ) ;
#1670 = CARTESIAN_POINT ( 'NONE',  ( -0.2786552652944209174, 0.1228545199959744372, -0.3699999999999999956 ) ) ;
#1671 = VERTEX_POINT ( 'NONE', #68 ) ;
#1672 = VERTEX_POINT ( 'NONE', #4342 ) ;
#1673 = CARTESIAN_POINT ( 'NONE',  ( -0.01489764334320145545, -0.008852797077196295286, -0.3699999999999999956 ) ) ;
#1674 = VERTEX_POINT ( 'NONE', #5077 ) ;
#1675 = FACE_OUTER_BOUND ( 'NONE', #4568, .T. ) ;
#1676 = CARTESIAN_POINT ( 'NONE',  ( 0.2597160033216770469, -0.04582832217890599191, -0.3699999999999999956 ) ) ;
#1677 = FILL_AREA_STYLE_COLOUR ( '', #2383 ) ;
#1678 = ORIENTED_EDGE ( 'NONE', *, *, #4305, .T. ) ;
#1679 =( NAMED_UNIT ( * ) SI_UNIT ( $, .STERADIAN. ) SOLID_ANGLE_UNIT ( ) );
#1680 = ORIENTED_EDGE ( 'NONE', *, *, #1563, .T. ) ;
#1681 = FACE_BOUND ( 'NONE', #5062, .T. ) ;
#1682 = CARTESIAN_POINT ( 'NONE',  ( 2.149999999999999911, -1.674999999999999822, -0.3699999999999999956 ) ) ;
#1683 = CARTESIAN_POINT ( 'NONE',  ( 0.2626185681323071064, 0.04186809512193345045, -0.3599999999999999867 ) ) ;
#1684 =( LENGTH_UNIT ( ) NAMED_UNIT ( * ) SI_UNIT ( .MILLI., .METRE. ) );
#1685 = ORIENTED_EDGE ( 'NONE', *, *, #5015, .F. ) ;
#1686 = CARTESIAN_POINT ( 'NONE',  ( 0.08388284446167661168, 0.1475496419471939435, -0.3699999999999999956 ) ) ;
#1687 = EDGE_CURVE ( 'NONE', #4231, #988, #883, .T. ) ;
#1688 = SURFACE_STYLE_USAGE ( .BOTH. , #4834 ) ;
#1689 = ORIENTED_EDGE ( 'NONE', *, *, #2439, .F. ) ;
#1690 = VECTOR ( 'NONE', #1655, 1000.000000000000000 ) ;
#1691 = MECHANICAL_DESIGN_GEOMETRIC_PRESENTATION_REPRESENTATION (  '', ( #3629 ), #827 ) ;
#1692 = ADVANCED_FACE ( 'NONE', ( #2448 ), #2007, .T. ) ;
#1693 = PLANE ( 'NONE',  #3328 ) ;
#1694 = DIRECTION ( 'NONE',  ( -1.000000000000000000, 0.000000000000000000, 0.000000000000000000 ) ) ;
#1695 = UNCERTAINTY_MEASURE_WITH_UNIT (LENGTH_MEASURE( 1.000000000000000082E-05 ), #4564, 'distance_accuracy_value', 'NONE');
#1696 = VERTEX_POINT ( 'NONE', #3609 ) ;
#1697 = CARTESIAN_POINT ( 'NONE',  ( -0.3672662089271160335, 0.1336157800495013925, -0.3699999999999999956 ) ) ;
#1698 = SURFACE_STYLE_FILL_AREA ( #86 ) ;
#1699 =( NAMED_UNIT ( * ) PLANE_ANGLE_UNIT ( ) SI_UNIT ( $, .RADIAN. ) );
#1700 = DIRECTION ( 'NONE',  ( -3.942553354492744024E-16, -1.000000000000000000, 0.000000000000000000 ) ) ;
#1701 = CARTESIAN_POINT ( 'NONE',  ( 0.1447039196283806950, 0.1263704173663537378, -0.3599999999999999867 ) ) ;
#1702 = SURFACE_SIDE_STYLE ('',( #2583 ) ) ;
#1703 = B_SPLINE_CURVE_WITH_KNOTS ( 'NONE', 3,
 ( #3107, #5074, #4665, #8, #2788, #1604, #3152, #4292, #3891, #4712, #785, #2446, #1216, #831, #1269, #4692, #2835, #435, #882 ),
 .UNSPECIFIED., .F., .F.,
 ( 4, 1, 1, 1, 1, 1, 1, 1, 1, 1, 1, 1, 1, 1, 1, 1, 4 ),
 ( 0.000000000000000000, 0.07064371857535416133, 0.1382567155089047262, 0.2033641242175800445, 0.2663240938030567717, 0.3279047615429894758, 0.3887377151730921909, 0.4494235281093024170, 0.5108610114593156171, 0.5720793960475146767, 0.6317344287314453632, 0.6911172105788376818, 0.7503600294901704437, 0.8100329005312620900, 0.8713624508287363124, 0.9344271412311533354, 1.000000000000000000 ),
 .UNSPECIFIED. ) ;
#1704 = CARTESIAN_POINT ( 'NONE',  ( -0.1283122774895428531, 0.1228545199959744372, -0.3599999999999999867 ) ) ;
#1705 = ORIENTED_EDGE ( 'NONE', *, *, #4247, .F. ) ;
#1706 = VECTOR ( 'NONE', #4179, 1000.000000000000000 ) ;
#1707 = LINE ( 'NONE', #4174, #4919 ) ;
#1708 = ORIENTED_EDGE ( 'NONE', *, *, #2473, .F. ) ;
#1709 = DIRECTION ( 'NONE',  ( -1.000000000000000000, 0.000000000000000000, -0.000000000000000000 ) ) ;
#1710 = AXIS2_PLACEMENT_3D ( 'NONE', #4332, #798, #4685 ) ;
#1711 = STYLED_ITEM ( 'NONE', ( #1897 ), #4282 ) ;
#1712 = EDGE_LOOP ( 'NONE', ( #4489, #3076, #4781, #3786 ) ) ;
#1713 = PRESENTATION_LAYER_ASSIGNMENT (  '', '', ( #2122 ) ) ;
#1714 = ORIENTED_EDGE ( 'NONE', *, *, #1508, .T. ) ;
#1715 = EDGE_CURVE ( 'NONE', #7, #2175, #34, .T. ) ;
#1716 = ADVANCED_FACE ( 'NONE', ( #3892 ), #4370, .T. ) ;
#1717 = VECTOR ( 'NONE', #586, 1000.000000000000000 ) ;
#1718 = DIRECTION ( 'NONE',  ( 0.000000000000000000, 0.000000000000000000, -1.000000000000000000 ) ) ;
#1719 = MECHANICAL_DESIGN_GEOMETRIC_PRESENTATION_REPRESENTATION (  '', ( #1557 ), #3906 ) ;
#1720 = CARTESIAN_POINT ( 'NONE',  ( -2.955000000000000071, -2.220000000000000195, -0.3499999999999999778 ) ) ;
#1721 = DIRECTION ( 'NONE',  ( -1.000000000000000000, 0.000000000000000000, -0.000000000000000000 ) ) ;
#1722 = CARTESIAN_POINT ( 'NONE',  ( -2.955000000000000071, 2.220000000000000195, -0.3499999999999999778 ) ) ;
#1723 = EDGE_CURVE ( 'NONE', #5090, #1809, #3206, .T. ) ;
#1724 = ORIENTED_EDGE ( 'NONE', *, *, #3890, .F. ) ;
#1725 = AXIS2_PLACEMENT_3D ( 'NONE', #1600, #3472, #4660 ) ;
#1726 =( NAMED_UNIT ( * ) PLANE_ANGLE_UNIT ( ) SI_UNIT ( $, .RADIAN. ) );
#1727 = CARTESIAN_POINT ( 'NONE',  ( 0.2284663211624797241, 0.1425646006859553894, -0.3699999999999999956 ) ) ;
#1728 = PRESENTATION_STYLE_ASSIGNMENT (( #2808 ) ) ;
#1729 = VERTEX_POINT ( 'NONE', #4768 ) ;
#1730 = PRESENTATION_STYLE_ASSIGNMENT (( #138 ) ) ;
#1731 = SURFACE_SIDE_STYLE ('',( #480 ) ) ;
#1732 = CARTESIAN_POINT ( 'NONE',  ( 0.2628997058309910373, -0.03469801282502854578, -0.3699999999999999956 ) ) ;
#1733 = CARTESIAN_POINT ( 'NONE',  ( 0.1661749606119374556, 0.1262542437577869325, -0.3699999999999999956 ) ) ;
#1734 =( NAMED_UNIT ( * ) SI_UNIT ( $, .STERADIAN. ) SOLID_ANGLE_UNIT ( ) );
#1735 = CARTESIAN_POINT ( 'NONE',  ( 0.2037680505417300281, -0.1072094915658033804, -0.3599999999999999867 ) ) ;
#1736 = PRESENTATION_LAYER_ASSIGNMENT (  '', '', ( #3840 ) ) ;
#1737 = DIRECTION ( 'NONE',  ( 0.9466707760722533616, 0.3222024856061133091, 0.000000000000000000 ) ) ;
#1738 = ORIENTED_EDGE ( 'NONE', *, *, #1180, .F. ) ;
#1739 =( NAMED_UNIT ( * ) SI_UNIT ( $, .STERADIAN. ) SOLID_ANGLE_UNIT ( ) );
#1740 = ORIENTED_EDGE ( 'NONE', *, *, #4029, .T. ) ;
#1741 = CARTESIAN_POINT ( 'NONE',  ( 0.1572609804870715999, -0.1149027958885799061, -0.3699999999999999956 ) ) ;
#1742 = VECTOR ( 'NONE', #2750, 1000.000000000000000 ) ;
#1743 = COLOUR_RGB ( '',0.7529411764705882248, 0.7529411764705882248, 0.7529411764705882248 ) ;
#1744 = CARTESIAN_POINT ( 'NONE',  ( -0.5894525442112205083, 0.1170597157241423381, -0.3699999999999999956 ) ) ;
#1745 = ORIENTED_EDGE ( 'NONE', *, *, #1508, .F. ) ;
#1746 = MECHANICAL_DESIGN_GEOMETRIC_PRESENTATION_REPRESENTATION (  '', ( #1251 ), #4751 ) ;
#1747 = ORIENTED_EDGE ( 'NONE', *, *, #2572, .F. ) ;
#1748 =( GEOMETRIC_REPRESENTATION_CONTEXT ( 3 ) GLOBAL_UNCERTAINTY_ASSIGNED_CONTEXT ( ( #517 ) ) GLOBAL_UNIT_ASSIGNED_CONTEXT ( ( #2773, #3141, #2727 ) ) REPRESENTATION_CONTEXT ( 'NONE', 'WORKASPACE' ) );
#1749 = APPLICATION_PROTOCOL_DEFINITION ( 'draft international standard', 'automotive_design', 1998, #5065 ) ;
#1750 = UNCERTAINTY_MEASURE_WITH_UNIT (LENGTH_MEASURE( 1.000000000000000082E-05 ), #4382, 'distance_accuracy_value', 'NONE');
#1751 =( NAMED_UNIT ( * ) PLANE_ANGLE_UNIT ( ) SI_UNIT ( $, .RADIAN. ) );
#1752 = ORIENTED_EDGE ( 'NONE', *, *, #4960, .F. ) ;
#1753 = CARTESIAN_POINT ( 'NONE',  ( -0.4330947589935272846, 0.04113221569209225825, -0.3699999999999999956 ) ) ;
#1754 = DIRECTION ( 'NONE',  ( 0.000000000000000000, 0.000000000000000000, -1.000000000000000000 ) ) ;
#1755 = ADVANCED_FACE ( 'NONE', ( #2143 ), #3502, .T. ) ;
#1756 = LINE ( 'NONE', #506, #3103 ) ;
#1757 = CARTESIAN_POINT ( 'NONE',  ( 0.1001931907959474344, 0.1157889524482869359, -0.3599999999999999867 ) ) ;
#1758 = EDGE_LOOP ( 'NONE', ( #3946, #936, #1014, #4769 ) ) ;
#1759 = CARTESIAN_POINT ( 'NONE',  ( -2.955000000000000071, 1.050000000000000044, 0.000000000000000000 ) ) ;
#1760 =( LENGTH_UNIT ( ) NAMED_UNIT ( * ) SI_UNIT ( .MILLI., .METRE. ) );
#1761 = EDGE_CURVE ( 'NONE', #881, #147, #2587, .T. ) ;
#1762 = VERTEX_POINT ( 'NONE', #200 ) ;
#1763 = CARTESIAN_POINT ( 'NONE',  ( 0.1664285761689936749, -0.1478771873210987242, -0.3700000000000000511 ) ) ;
#1764 = CARTESIAN_POINT ( 'NONE',  ( 0.3019482220559115415, -0.04619478471778566686, -0.3599999999999997646 ) ) ;
#1765 = ORIENTED_EDGE ( 'NONE', *, *, #419, .T. ) ;
#1766 = LINE ( 'NONE', #4547, #2111 ) ;
#1767 = CARTESIAN_POINT ( 'NONE',  ( -0.3936091582512195042, 0.03517917711934805125, -0.3699999999999999956 ) ) ;
#1768 = ORIENTED_EDGE ( 'NONE', *, *, #3443, .T. ) ;
#1769 = CARTESIAN_POINT ( 'NONE',  ( -0.4575805701724697250, -0.1442186507357328673, -0.3699999999999999956 ) ) ;
#1770 = SURFACE_SIDE_STYLE ('',( #1361 ) ) ;
#1771 = UNCERTAINTY_MEASURE_WITH_UNIT (LENGTH_MEASURE( 1.000000000000000082E-05 ), #1962, 'distance_accuracy_value', 'NONE');
#1772 = CARTESIAN_POINT ( 'NONE',  ( -0.3911987879255714451, -0.03023160741535454651, -0.3699999999999999956 ) ) ;
#1773 = CARTESIAN_POINT ( 'NONE',  ( 0.2274945459322799124, 0.1009581908892485530, -0.3600000000000000422 ) ) ;
#1774 = CARTESIAN_POINT ( 'NONE',  ( -0.3950807415497060160, -0.004884666860091987396, -0.3599999999999999312 ) ) ;
#1775 = EDGE_LOOP ( 'NONE', ( #57, #3023, #4371, #2391, #1366 ) ) ;
#1776 = CARTESIAN_POINT ( 'NONE',  ( -0.2951449381031370778, 0.1554176320650331733, -0.3699999999999999956 ) ) ;
#1777 = FILL_AREA_STYLE_COLOUR ( '', #4411 ) ;
#1778 = DIRECTION ( 'NONE',  ( -1.953517427901809960E-16, 1.000000000000000000, 0.000000000000000000 ) ) ;
#1779 = PLANE ( 'NONE',  #2792 ) ;
#1780 = LINE ( 'NONE', #1836, #4736 ) ;
#1781 = PLANE ( 'NONE',  #3490 ) ;
#1782 = EDGE_CURVE ( 'NONE', #818, #184, #3321, .T. ) ;
#1783 = ADVANCED_FACE ( 'NONE', ( #2714 ), #2250, .T. ) ;
#1784 = ORIENTED_EDGE ( 'NONE', *, *, #4523, .F. ) ;
#1785 = CARTESIAN_POINT ( 'NONE',  ( 2.149999999999999911, 0.000000000000000000, -0.3499999999999999778 ) ) ;
#1786 =( NAMED_UNIT ( * ) PLANE_ANGLE_UNIT ( ) SI_UNIT ( $, .RADIAN. ) );
#1787 = CARTESIAN_POINT ( 'NONE',  ( 0.2779541369103371573, -0.09688091353519337479, -0.3599999999999997646 ) ) ;
#1788 = EDGE_LOOP ( 'NONE', ( #4925, #1215, #4068, #1965, #5032, #4432 ) ) ;
#1789 = ADVANCED_FACE ( 'NONE', ( #4176, #3473 ), #1092, .T. ) ;
#1790 = LINE ( 'NONE', #3323, #1948 ) ;
#1791 = VECTOR ( 'NONE', #3208, 1000.000000000000000 ) ;
#1792 = CARTESIAN_POINT ( 'NONE',  ( 0.000000000000000000, -0.02714548000402552605, -0.3599999999999999867 ) ) ;
#1793 =( NAMED_UNIT ( * ) SI_UNIT ( $, .STERADIAN. ) SOLID_ANGLE_UNIT ( ) );
#1794 = SURFACE_STYLE_FILL_AREA ( #3326 ) ;
#1795 =( LENGTH_UNIT ( ) NAMED_UNIT ( * ) SI_UNIT ( .MILLI., .METRE. ) );
#1796 = VERTEX_POINT ( 'NONE', #704 ) ;
#1797 = AXIS2_PLACEMENT_3D ( 'NONE', #4067, #4443, #1631 ) ;
#1798 = VECTOR ( 'NONE', #2645, 1000.000000000000000 ) ;
#1799 = APPLICATION_PROTOCOL_DEFINITION ( 'draft international standard', 'automotive_design', 1998, #4483 ) ;
#1800 = VECTOR ( 'NONE', #1065, 1000.000000000000000 ) ;
#1801 = DIRECTION ( 'NONE',  ( 1.000000000000000000, -0.000000000000000000, 0.000000000000000000 ) ) ;
#1802 = AXIS2_PLACEMENT_3D ( 'NONE', #133, #947, #876 ) ;
#1803 = VECTOR ( 'NONE', #4232, 1000.000000000000000 ) ;
#1804 = FILL_AREA_STYLE_COLOUR ( '', #2540 ) ;
#1805 = ORIENTED_EDGE ( 'NONE', *, *, #3509, .F. ) ;
#1806 = FILL_AREA_STYLE ('',( #215 ) ) ;
#1807 = MECHANICAL_DESIGN_GEOMETRIC_PRESENTATION_REPRESENTATION (  '', ( #4816 ), #642 ) ;
#1808 = FILL_AREA_STYLE ('',( #220 ) ) ;
#1809 = VERTEX_POINT ( 'NONE', #2270 ) ;
#1810 =( LENGTH_UNIT ( ) NAMED_UNIT ( * ) SI_UNIT ( .MILLI., .METRE. ) );
#1811 = CARTESIAN_POINT ( 'NONE',  ( 0.2037680505417300281, -0.1072094915658033804, -0.3699999999999999956 ) ) ;
#1812 = AXIS2_PLACEMENT_3D ( 'NONE', #1534, #5076, #3942 ) ;
#1813 = ORIENTED_EDGE ( 'NONE', *, *, #267, .T. ) ;
#1814 = DIRECTION ( 'NONE',  ( -1.000000000000000000, 0.000000000000000000, 0.000000000000000000 ) ) ;
#1815 = SURFACE_SIDE_STYLE ('',( #233 ) ) ;
#1816 = CARTESIAN_POINT ( 'NONE',  ( 0.2977636320302595174, -0.06009591939553122347, -0.3599999999999997646 ) ) ;
#1817 = UNCERTAINTY_MEASURE_WITH_UNIT (LENGTH_MEASURE( 1.000000000000000082E-05 ), #3558, 'distance_accuracy_value', 'NONE');
#1818 = PRESENTATION_LAYER_ASSIGNMENT (  '', '', ( #2228 ) ) ;
#1819 = CARTESIAN_POINT ( 'NONE',  ( -0.2757398689529575453, -0.1442186507357328673, -0.3699999999999999956 ) ) ;
#1820 = CARTESIAN_POINT ( 'NONE',  ( 0.08669786169417338650, -0.1302236451488958668, -0.3699999999999999956 ) ) ;
#1821 = STYLED_ITEM ( 'NONE', ( #3085 ), #2017 ) ;
#1822 = CARTESIAN_POINT ( 'NONE',  ( -0.3459526605449442238, 0.1069150020471588414, -0.3699999999999999956 ) ) ;
#1823 =( NAMED_UNIT ( * ) SI_UNIT ( $, .STERADIAN. ) SOLID_ANGLE_UNIT ( ) );
#1824 = UNCERTAINTY_MEASURE_WITH_UNIT (LENGTH_MEASURE( 1.000000000000000082E-05 ), #4975, 'distance_accuracy_value', 'NONE');
#1825 = EDGE_LOOP ( 'NONE', ( #2012, #3626, #2749, #4315 ) ) ;
#1826 = MECHANICAL_DESIGN_GEOMETRIC_PRESENTATION_REPRESENTATION (  '', ( #1972 ), #322 ) ;
#1827 =( GEOMETRIC_REPRESENTATION_CONTEXT ( 3 ) GLOBAL_UNCERTAINTY_ASSIGNED_CONTEXT ( ( #4831 ) ) GLOBAL_UNIT_ASSIGNED_CONTEXT ( ( #4640, #5022, #1559 ) ) REPRESENTATION_CONTEXT ( 'NONE', 'WORKASPACE' ) );
#1828 = CARTESIAN_POINT ( 'NONE',  ( -0.3953854482212502131, 0.008696745605730516609, -0.3699999999999999956 ) ) ;
#1829 = VECTOR ( 'NONE', #4759, 1000.000000000000000 ) ;
#1830 = CARTESIAN_POINT ( 'NONE',  ( -0.3833620352128393471, -0.05247482224957597530, -0.3599999999999999312 ) ) ;
#1831 = VERTEX_POINT ( 'NONE', #653 ) ;
#1832 =( GEOMETRIC_REPRESENTATION_CONTEXT ( 3 ) GLOBAL_UNCERTAINTY_ASSIGNED_CONTEXT ( ( #3631 ) ) GLOBAL_UNIT_ASSIGNED_CONTEXT ( ( #4039, #1751, #3642 ) ) REPRESENTATION_CONTEXT ( 'NONE', 'WORKASPACE' ) );
#1833 = FACE_OUTER_BOUND ( 'NONE', #116, .T. ) ;
#1834 = PLANE ( 'NONE',  #2285 ) ;
#1835 = CARTESIAN_POINT ( 'NONE',  ( 0.2284663211624797241, 0.1425646006859553894, -0.3599999999999998201 ) ) ;
#1836 = CARTESIAN_POINT ( 'NONE',  ( -2.955000000000000071, 2.220000000000000195, 0.000000000000000000 ) ) ;
#1837 =( LENGTH_UNIT ( ) NAMED_UNIT ( * ) SI_UNIT ( .MILLI., .METRE. ) );
#1838 = CARTESIAN_POINT ( 'NONE',  ( -2.705000000000000071, 1.050000000000000044, 0.000000000000000000 ) ) ;
#1839 = ORIENTED_EDGE ( 'NONE', *, *, #3406, .T. ) ;
#1840 = FILL_AREA_STYLE_COLOUR ( '', #2854 ) ;
#1841 = DIRECTION ( 'NONE',  ( -0.000000000000000000, -1.000000000000000000, -0.000000000000000000 ) ) ;
#1842 = CARTESIAN_POINT ( 'NONE',  ( 0.1623869780789160555, -0.1478297861779807876, -0.3699999999999999956 ) ) ;
#1843 = DIRECTION ( 'NONE',  ( -1.000000000000000000, -0.000000000000000000, -0.000000000000000000 ) ) ;
#1844 = VERTEX_POINT ( 'NONE', #302 ) ;
#1845 = EDGE_CURVE ( 'NONE', #1762, #708, #1038, .T. ) ;
#1846 = EDGE_CURVE ( 'NONE', #4977, #2908, #5045, .T. ) ;
#1847 = FACE_OUTER_BOUND ( 'NONE', #1712, .T. ) ;
#1848 = CARTESIAN_POINT ( 'NONE',  ( 2.889383502355558075, -2.154383502355556868, 0.7500000000000001110 ) ) ;
#1849 = CARTESIAN_POINT ( 'NONE',  ( -0.4296347514057135553, -0.03878779292782149474, -0.3699999999999999956 ) ) ;
#1850 = DIRECTION ( 'NONE',  ( 1.000000000000000000, 0.000000000000000000, 0.000000000000000000 ) ) ;
#1851 = CARTESIAN_POINT ( 'NONE',  ( 0.4863218688519204691, -0.1442186507357328673, -0.3699999999999999956 ) ) ;
#1852 = SURFACE_SIDE_STYLE ('',( #4193 ) ) ;
#1853 = DIRECTION ( 'NONE',  ( 0.000000000000000000, 0.000000000000000000, -1.000000000000000000 ) ) ;
#1854 = SURFACE_STYLE_USAGE ( .BOTH. , #1400 ) ;
#1855 = SURFACE_SIDE_STYLE ('',( #679 ) ) ;
#1856 = DIRECTION ( 'NONE',  ( 0.000000000000000000, -1.000000000000000000, 0.000000000000000000 ) ) ;
#1857 = SURFACE_STYLE_FILL_AREA ( #2224 ) ;
#1858 =( LENGTH_UNIT ( ) NAMED_UNIT ( * ) SI_UNIT ( .MILLI., .METRE. ) );
#1859 = CARTESIAN_POINT ( 'NONE',  ( -0.01489764334320145545, 0.000000000000000000, -0.3599999999999999867 ) ) ;
#1860 =( LENGTH_UNIT ( ) NAMED_UNIT ( * ) SI_UNIT ( .MILLI., .METRE. ) );
#1861 = PLANE ( 'NONE',  #2649 ) ;
#1862 = DIRECTION ( 'NONE',  ( 0.000000000000000000, 0.000000000000000000, 1.000000000000000000 ) ) ;
#1863 =( NAMED_UNIT ( * ) SI_UNIT ( $, .STERADIAN. ) SOLID_ANGLE_UNIT ( ) );
#1864 = ORIENTED_EDGE ( 'NONE', *, *, #1846, .F. ) ;
#1865 =( NAMED_UNIT ( * ) SI_UNIT ( $, .STERADIAN. ) SOLID_ANGLE_UNIT ( ) );
#1866 = PRESENTATION_LAYER_ASSIGNMENT (  '', '', ( #805 ) ) ;
#1867 = VECTOR ( 'NONE', #1448, 1000.000000000000000 ) ;
#1868 = EDGE_CURVE ( 'NONE', #1237, #4381, #3940, .T. ) ;
#1869 = CARTESIAN_POINT ( 'NONE',  ( -0.4106648791155154132, -0.07962830409127695519, -0.3699999999999999956 ) ) ;
#1870 = DIRECTION ( 'NONE',  ( 0.000000000000000000, -1.000000000000000000, 0.000000000000000000 ) ) ;
#1871 = COLOUR_RGB ( '',0.000000000000000000, 0.000000000000000000, 0.000000000000000000 ) ;
#1872 = VECTOR ( 'NONE', #3084, 1000.000000000000000 ) ;
#1873 = FACE_BOUND ( 'NONE', #4541, .T. ) ;
#1874 = SURFACE_STYLE_USAGE ( .BOTH. , #4215 ) ;
#1875 = CARTESIAN_POINT ( 'NONE',  ( 0.2150869703328210369, 0.1487887776089791558, -0.3599999999999998201 ) ) ;
#1876 =( NAMED_UNIT ( * ) PLANE_ANGLE_UNIT ( ) SI_UNIT ( $, .RADIAN. ) );
#1877 = VERTEX_POINT ( 'NONE', #410 ) ;
#1878 = EDGE_CURVE ( 'NONE', #3746, #1254, #1191, .T. ) ;
#1879 = CARTESIAN_POINT ( 'NONE',  ( 0.2857763610072547866, -0.08544890808992541831, -0.3599999999999999867 ) ) ;
#1880 =( NAMED_UNIT ( * ) SI_UNIT ( $, .STERADIAN. ) SOLID_ANGLE_UNIT ( ) );
#1881 = VERTEX_POINT ( 'NONE', #3553 ) ;
#1882 = VECTOR ( 'NONE', #2279, 1000.000000000000000 ) ;
#1883 = MECHANICAL_DESIGN_GEOMETRIC_PRESENTATION_REPRESENTATION (  '', ( #559 ), #2477 ) ;
#1884 = DIRECTION ( 'NONE',  ( 0.000000000000000000, 0.000000000000000000, -1.000000000000000000 ) ) ;
#1885 =( LENGTH_UNIT ( ) NAMED_UNIT ( * ) SI_UNIT ( .MILLI., .METRE. ) );
#1886 = FACE_OUTER_BOUND ( 'NONE', #1588, .T. ) ;
#1887 = LINE ( 'NONE', #1436, #4810 ) ;
#1888 = CARTESIAN_POINT ( 'NONE',  ( -0.3671239027587649972, -0.1208544417235564994, -0.3599999999999999867 ) ) ;
#1889 = PLANE ( 'NONE',  #4973 ) ;
#1890 = AXIS2_PLACEMENT_3D ( 'NONE', #2320, #4201, #3766 ) ;
#1891 =( LENGTH_UNIT ( ) NAMED_UNIT ( * ) SI_UNIT ( .MILLI., .METRE. ) );
#1892 = ORIENTED_EDGE ( 'NONE', *, *, #509, .F. ) ;
#1893 = PLANE ( 'NONE',  #326 ) ;
#1894 = VECTOR ( 'NONE', #4965, 1000.000000000000000 ) ;
#1895 = AXIS2_PLACEMENT_3D ( 'NONE', #2568, #4493, #3040 ) ;
#1896 = MECHANICAL_DESIGN_GEOMETRIC_PRESENTATION_REPRESENTATION (  '', ( #1821 ), #1158 ) ;
#1897 = PRESENTATION_STYLE_ASSIGNMENT (( #363 ) ) ;
#1898 = CARTESIAN_POINT ( 'NONE',  ( -0.3950960225116355584, 0.02222487475919282876, -0.3599999999999999867 ) ) ;
#1899 = AXIS2_PLACEMENT_3D ( 'NONE', #1074, #4701, #2732 ) ;
#1900 = PRESENTATION_LAYER_ASSIGNMENT (  '', '', ( #2802 ) ) ;
#1901 = CARTESIAN_POINT ( 'NONE',  ( 0.1014376231112838478, -0.1372159571611425710, -0.3599999999999999867 ) ) ;
#1902 = CARTESIAN_POINT ( 'NONE',  ( -2.955000000000000071, 1.050000000000000044, -0.3499999999999999778 ) ) ;
#1903 = CARTESIAN_POINT ( 'NONE',  ( 0.2965267129139009805, 0.06487216324082616115, -0.3699999999999999956 ) ) ;
#1904 = CARTESIAN_POINT ( 'NONE',  ( -0.3560119307822369739, -0.08727771133359787936, -0.3599999999999999867 ) ) ;
#1905 = FILL_AREA_STYLE ('',( #4563 ) ) ;
#1906 = ORIENTED_EDGE ( 'NONE', *, *, #4594, .T. ) ;
#1907 = CARTESIAN_POINT ( 'NONE',  ( -0.3549517588805319868, 0.1010404710017236557, -0.3599999999999999867 ) ) ;
#1908 = EDGE_CURVE ( 'NONE', #4235, #1672, #1703, .T. ) ;
#1909 = PRESENTATION_STYLE_ASSIGNMENT (( #2341 ) ) ;
#1910 = CARTESIAN_POINT ( 'NONE',  ( 0.1509725409147035236, 0.1264651944024386410, -0.3599999999999999867 ) ) ;
#1911 =( NAMED_UNIT ( * ) PLANE_ANGLE_UNIT ( ) SI_UNIT ( $, .RADIAN. ) );
#1912 = LINE ( 'NONE', #3130, #3257 ) ;
#1913 = PLANE ( 'NONE',  #1299 ) ;
#1914 = DIRECTION ( 'NONE',  ( 0.3222024856061132536, -0.9466707760722532505, 0.000000000000000000 ) ) ;
#1915 = FACE_OUTER_BOUND ( 'NONE', #3412, .T. ) ;
#1916 = VERTEX_POINT ( 'NONE', #2006 ) ;
#1917 =( NAMED_UNIT ( * ) PLANE_ANGLE_UNIT ( ) SI_UNIT ( $, .RADIAN. ) );
#1918 = CARTESIAN_POINT ( 'NONE',  ( -0.5301224909041769573, -0.06007230927231824863, -0.3699999999999999956 ) ) ;
#1919 = VECTOR ( 'NONE', #1395, 1000.000000000000000 ) ;
#1920 = SURFACE_SIDE_STYLE ('',( #4985 ) ) ;
#1921 = CARTESIAN_POINT ( 'NONE',  ( 0.2977636320302595174, -0.06009591939553122347, -0.3699999999999999956 ) ) ;
#1922 = CARTESIAN_POINT ( 'NONE',  ( 0.2411336351349273044, 0.1350043760190603459, -0.3699999999999999956 ) ) ;
#1923 = PRESENTATION_STYLE_ASSIGNMENT (( #5030 ) ) ;
#1924 = PRESENTATION_STYLE_ASSIGNMENT (( #345 ) ) ;
#1925 = ORIENTED_EDGE ( 'NONE', *, *, #1277, .T. ) ;
#1926 = FACE_OUTER_BOUND ( 'NONE', #3692, .T. ) ;
#1927 = DIRECTION ( 'NONE',  ( 0.3390537954853695135, 0.9407669869669987861, 0.000000000000000000 ) ) ;
#1928 = CARTESIAN_POINT ( 'NONE',  ( -0.4184729970146141564, -0.06691773098428886735, -0.3599999999999998757 ) ) ;
#1929 = B_SPLINE_SURFACE_WITH_KNOTS ( 'NONE', 3, 1, ( 
 ( #3399, #1442 ),
 ( #1126, #2598 ),
 ( #1898, #1027 ),
 ( #2238, #4578 ),
 ( #4131, #1518 ),
 ( #2621, #627 ),
 ( #2207, #246 ),
 ( #3798, #2674 ),
 ( #4159, #286 ),
 ( #4980, #3375 ),
 ( #665, #2696 ),
 ( #268, #3715 ),
 ( #1496, #4959 ),
 ( #1080, #3011 ),
 ( #1418, #1466 ),
 ( #2652, #5004 ),
 ( #4189, #694 ),
 ( #3818, #4212 ),
 ( #3068, #211 ) ),
 .UNSPECIFIED., .F., .F., .F.,
 ( 4, 1, 1, 1, 1, 1, 1, 1, 1, 1, 1, 1, 1, 1, 1, 1, 4 ),
 ( 2, 2 ),
 ( 0.000000000000000000, 0.07430379644281587259, 0.1443936103644179736, 0.2104994961032798373, 0.2735426065034681775, 0.3338247445790735735, 0.3925296724085028388, 0.4500874545995854348, 0.5078206115557880596, 0.5654649127768465178, 0.6231487223336197312, 0.6812971927909353687, 0.7409134981565806966, 0.8018557521958579182, 0.8652412377209434124, 0.9309416570467443641, 1.000000000000000000 ),
 ( 0.000000000000000000, 1.000000000000000000 ),
 .UNSPECIFIED. ) ;
#1930 = DIRECTION ( 'NONE',  ( 1.000000000000000000, 3.942553354492744024E-16, 0.000000000000000000 ) ) ;
#1931 = FACE_OUTER_BOUND ( 'NONE', #788, .T. ) ;
#1932 = CARTESIAN_POINT ( 'NONE',  ( 0.1509931094452620082, 0.1594148825189504182, -0.3599999999999999867 ) ) ;
#1933 = ADVANCED_FACE ( 'NONE', ( #486 ), #1961, .T. ) ;
#1934 = CARTESIAN_POINT ( 'NONE',  ( 2.149999999999999911, 1.674999999999999822, 0.000000000000000000 ) ) ;
#1935 = ADVANCED_FACE ( 'NONE', ( #1681, #959 ), #4192, .T. ) ;
#1936 = COLOUR_RGB ( '',0.000000000000000000, 0.000000000000000000, 0.000000000000000000 ) ;
#1937 = CARTESIAN_POINT ( 'NONE',  ( -0.5876761497311044913, 0.1073694352411243974, -0.3699999999999999956 ) ) ;
#1938 = DIRECTION ( 'NONE',  ( -1.000000000000000000, 0.000000000000000000, -0.000000000000000000 ) ) ;
#1939 = ADVANCED_FACE ( 'NONE', ( #4608 ), #4581, .T. ) ;
#1940 =( NAMED_UNIT ( * ) PLANE_ANGLE_UNIT ( ) SI_UNIT ( $, .RADIAN. ) );
#1941 = CARTESIAN_POINT ( 'NONE',  ( -0.5911901765341632808, 0.1168897712193104621, -0.3699999999999999956 ) ) ;
#1942 = ORIENTED_EDGE ( 'NONE', *, *, #1715, .F. ) ;
#1943 = FILL_AREA_STYLE ('',( #361 ) ) ;
#1944 = DIRECTION ( 'NONE',  ( -0.000000000000000000, -0.000000000000000000, 1.000000000000000000 ) ) ;
#1945 = CARTESIAN_POINT ( 'NONE',  ( 0.1009740244072690613, -0.1042451238282473963, -0.3599999999999999867 ) ) ;
#1946 = DIRECTION ( 'NONE',  ( 1.000000000000000000, -0.000000000000000000, 0.000000000000000000 ) ) ;
#1947 = CARTESIAN_POINT ( 'NONE',  ( 0.2240403334988031459, -0.1379518590056747762, -0.3699999999999999956 ) ) ;
#1948 = VECTOR ( 'NONE', #993, 1000.000000000000000 ) ;
#1949 = CARTESIAN_POINT ( 'NONE',  ( -0.3878042822774080967, -0.04175423544607553134, -0.3599999999999999867 ) ) ;
#1950 = DIRECTION ( 'NONE',  ( 0.000000000000000000, 0.000000000000000000, 1.000000000000000000 ) ) ;
#1951 = ORIENTED_EDGE ( 'NONE', *, *, #3211, .F. ) ;
#1952 = VECTOR ( 'NONE', #1843, 1000.000000000000000 ) ;
#1953 = DIRECTION ( 'NONE',  ( -0.000000000000000000, -1.000000000000000000, -0.000000000000000000 ) ) ;
#1954 = CARTESIAN_POINT ( 'NONE',  ( -1.836701531138527611E-16, 1.674999999999999156, -0.3499999999999999778 ) ) ;
#1955 = SURFACE_SIDE_STYLE ('',( #5037 ) ) ;
#1956 = STYLED_ITEM ( 'NONE', ( #3470 ), #3017 ) ;
#1957 = EDGE_CURVE ( 'NONE', #1762, #3722, #3879, .T. ) ;
#1958 = EDGE_CURVE ( 'NONE', #4031, #3250, #4807, .T. ) ;
#1959 =( GEOMETRIC_REPRESENTATION_CONTEXT ( 3 ) GLOBAL_UNCERTAINTY_ASSIGNED_CONTEXT ( ( #4526 ) ) GLOBAL_UNIT_ASSIGNED_CONTEXT ( ( #4214, #1082, #3854 ) ) REPRESENTATION_CONTEXT ( 'NONE', 'WORKASPACE' ) );
#1960 = CARTESIAN_POINT ( 'NONE',  ( 0.1541381798275302528, 0.1265130565813402663, -0.3599999999999999867 ) ) ;
#1961 = PLANE ( 'NONE',  #3504 ) ;
#1962 =( LENGTH_UNIT ( ) NAMED_UNIT ( * ) SI_UNIT ( .MILLI., .METRE. ) );
#1963 = CARTESIAN_POINT ( 'NONE',  ( -0.1356293506602746224, -0.1112918214674401829, -0.3699999999999999956 ) ) ;
#1964 = LINE ( 'NONE', #4117, #3747 ) ;
#1965 = ORIENTED_EDGE ( 'NONE', *, *, #3211, .T. ) ;
#1966 = VECTOR ( 'NONE', #4743, 1000.000000000000000 ) ;
#1967 = ADVANCED_FACE ( 'NONE', ( #1258 ), #3951, .T. ) ;
#1968 = CARTESIAN_POINT ( 'NONE',  ( 0.2445539826133306671, -0.07504628174828233134, -0.3599999999999999867 ) ) ;
#1969 = EDGE_LOOP ( 'NONE', ( #1250, #4079, #539, #5011, #4883, #718, #2426, #3286 ) ) ;
#1970 = CARTESIAN_POINT ( 'NONE',  ( 0.1316704326258600621, -0.1453386893373674604, -0.3599999999999999867 ) ) ;
#1971 =( LENGTH_UNIT ( ) NAMED_UNIT ( * ) SI_UNIT ( .MILLI., .METRE. ) );
#1972 = STYLED_ITEM ( 'NONE', ( #1909 ), #3541 ) ;
#1973 = SURFACE_SIDE_STYLE ('',( #4379 ) ) ;
#1974 =( GEOMETRIC_REPRESENTATION_CONTEXT ( 3 ) GLOBAL_UNCERTAINTY_ASSIGNED_CONTEXT ( ( #623 ) ) GLOBAL_UNIT_ASSIGNED_CONTEXT ( ( #1591, #4077, #3566 ) ) REPRESENTATION_CONTEXT ( 'NONE', 'WORKASPACE' ) );
#1975 = ORIENTED_EDGE ( 'NONE', *, *, #4708, .F. ) ;
#1976 = SURFACE_SIDE_STYLE ('',( #4565 ) ) ;
#1977 = FACE_OUTER_BOUND ( 'NONE', #1070, .T. ) ;
#1978 = CARTESIAN_POINT ( 'NONE',  ( -0.4330999602307618046, -0.02342868304514087591, -0.3599999999999998757 ) ) ;
#1979 = CARTESIAN_POINT ( 'NONE',  ( 0.1263080137059646169, 0.1239532440757923765, -0.3699999999999999956 ) ) ;
#1980 = STYLED_ITEM ( 'NONE', ( #1607 ), #1716 ) ;
#1981 = CARTESIAN_POINT ( 'NONE',  ( 0.1086961637412333509, 0.1191309939005135432, -0.3599999999999999867 ) ) ;
#1982 = STYLED_ITEM ( 'NONE', ( #4407 ), #3230 ) ;
#1983 = CARTESIAN_POINT ( 'NONE',  ( -0.1283122774895428531, 0.1228545199959744372, -0.3699999999999999956 ) ) ;
#1984 = DIRECTION ( 'NONE',  ( 0.000000000000000000, -1.000000000000000000, 0.000000000000000000 ) ) ;
#1985 = COLOUR_RGB ( '',0.2509803921568627416, 0.2509803921568627416, 0.2509803921568627416 ) ;
#1986 = CARTESIAN_POINT ( 'NONE',  ( -0.5709952043188111226, 0.1557813492642670938, -0.3699999999999999956 ) ) ;
#1987 = EDGE_LOOP ( 'NONE', ( #3346, #484, #3207, #4775 ) ) ;
#1988 = FILL_AREA_STYLE ('',( #457 ) ) ;
#1989 =( LENGTH_UNIT ( ) NAMED_UNIT ( * ) SI_UNIT ( .MILLI., .METRE. ) );
#1990 = CARTESIAN_POINT ( 'NONE',  ( -2.955000000000000071, 2.220000000000000195, 0.000000000000000000 ) ) ;
#1991 = ADVANCED_FACE ( 'NONE', ( #205 ), #3469, .T. ) ;
#1992 = ADVANCED_FACE ( 'NONE', ( #3500 ), #1136, .T. ) ;
#1993 = COLOUR_RGB ( '',0.000000000000000000, 0.000000000000000000, 0.000000000000000000 ) ;
#1994 =( LENGTH_UNIT ( ) NAMED_UNIT ( * ) SI_UNIT ( .MILLI., .METRE. ) );
#1995 = EDGE_CURVE ( 'NONE', #630, #3236, #531, .T. ) ;
#1996 = ORIENTED_EDGE ( 'NONE', *, *, #2723, .T. ) ;
#1997 = FILL_AREA_STYLE_COLOUR ( '', #1000 ) ;
#1998 = DIRECTION ( 'NONE',  ( -1.953517427901809713E-16, 1.000000000000000000, -0.000000000000000000 ) ) ;
#1999 = CARTESIAN_POINT ( 'NONE',  ( -0.5850005396846648109, 0.09815939804475490305, -0.3699999999999999956 ) ) ;
#2000 = LINE ( 'NONE', #4729, #1134 ) ;
#2001 = CARTESIAN_POINT ( 'NONE',  ( 0.2626185681323071064, 0.04186809512193345045, -0.3600000000000000422 ) ) ;
#2002 = SURFACE_SIDE_STYLE ('',( #4333 ) ) ;
#2003 = SURFACE_SIDE_STYLE ('',( #825 ) ) ;
#2004 = CARTESIAN_POINT ( 'NONE',  ( 0.08388284446167662556, -0.1286698702479280032, -0.3599999999999999867 ) ) ;
#2005 = VERTEX_POINT ( 'NONE', #4639 ) ;
#2006 = CARTESIAN_POINT ( 'NONE',  ( 0.4863218688519204691, 0.1557813492642670938, -0.3599999999999999867 ) ) ;
#2007 = PLANE ( 'NONE',  #1334 ) ;
#2008 = EDGE_LOOP ( 'NONE', ( #3010, #501, #3870, #4013, #2580, #1433 ) ) ;
#2009 = CARTESIAN_POINT ( 'NONE',  ( 0.1664285761689936749, -0.1478771873210987242, -0.3599999999999999867 ) ) ;
#2010 = VECTOR ( 'NONE', #3711, 1000.000000000000000 ) ;
#2011 = CARTESIAN_POINT ( 'NONE',  ( 0.1647376091601636394, -0.1148510286276410580, -0.3599999999999999867 ) ) ;
#2012 = ORIENTED_EDGE ( 'NONE', *, *, #4673, .T. ) ;
#2013 = PRESENTATION_LAYER_ASSIGNMENT (  '', '', ( #2927 ) ) ;
#2014 = ORIENTED_EDGE ( 'NONE', *, *, #4204, .F. ) ;
#2015 = DIRECTION ( 'NONE',  ( -1.000000000000000000, 0.000000000000000000, -0.000000000000000000 ) ) ;
#2016 = EDGE_CURVE ( 'NONE', #1407, #881, #4741, .T. ) ;
#2017 = ADVANCED_FACE ( 'NONE', ( #5019 ), #1143, .T. ) ;
#2018 = FILL_AREA_STYLE ('',( #3492 ) ) ;
#2019 = ORIENTED_EDGE ( 'NONE', *, *, #5020, .F. ) ;
#2020 = PLANE ( 'NONE',  #5079 ) ;
#2021 = LINE ( 'NONE', #3270, #1829 ) ;
#2022 = AXIS2_PLACEMENT_3D ( 'NONE', #4571, #4074, #2199 ) ;
#2023 = SURFACE_STYLE_USAGE ( .BOTH. , #3218 ) ;
#2024 = SURFACE_SIDE_STYLE ('',( #449 ) ) ;
#2025 = ADVANCED_FACE ( 'NONE', ( #4693 ), #5046, .T. ) ;
#2026 = CARTESIAN_POINT ( 'NONE',  ( 0.08388284446167661168, 0.1073057395081695176, -0.3599999999999999867 ) ) ;
#2027 = VECTOR ( 'NONE', #483, 1000.000000000000000 ) ;
#2028 = VECTOR ( 'NONE', #1930, 1000.000000000000000 ) ;
#2029 = CARTESIAN_POINT ( 'NONE',  ( 2.150639552201751403, -1.737640255338846140, 0.7500000000000001110 ) ) ;
#2030 = CARTESIAN_POINT ( 'NONE',  ( 0.1889296218799201565, 0.1220534130824724728, -0.3699999999999999956 ) ) ;
#2031 = CARTESIAN_POINT ( 'NONE',  ( -0.3671239027587649972, -0.1208544417235564994, -0.3599999999999998757 ) ) ;
#2032 = STYLED_ITEM ( 'NONE', ( #3529 ), #1212 ) ;
#2033 =( NAMED_UNIT ( * ) PLANE_ANGLE_UNIT ( ) SI_UNIT ( $, .RADIAN. ) );
#2034 = ORIENTED_EDGE ( 'NONE', *, *, #4778, .F. ) ;
#2035 = VECTOR ( 'NONE', #730, 1000.000000000000000 ) ;
#2036 = DIRECTION ( 'NONE',  ( 0.000000000000000000, 1.000000000000000000, 0.000000000000000000 ) ) ;
#2037 = PRESENTATION_STYLE_ASSIGNMENT (( #387 ) ) ;
#2038 = SURFACE_STYLE_USAGE ( .BOTH. , #3179 ) ;
#2039 = ORIENTED_EDGE ( 'NONE', *, *, #4374, .F. ) ;
#2040 = CARTESIAN_POINT ( 'NONE',  ( 0.2131074767446255180, -0.1026987213013820649, -0.3699999999999999956 ) ) ;
#2041 = DIRECTION ( 'NONE',  ( -0.000000000000000000, -0.000000000000000000, 1.000000000000000000 ) ) ;
#2042 = PRESENTATION_LAYER_ASSIGNMENT (  '', '', ( #4075 ) ) ;
#2043 = CARTESIAN_POINT ( 'NONE',  ( -0.4330947589935272846, 0.04113221569209225825, -0.3599999999999999867 ) ) ;
#2044 = CARTESIAN_POINT ( 'NONE',  ( 0.1069770777154270130, 0.1549340227660187808, -0.3599999999999999867 ) ) ;
#2045 = ORIENTED_EDGE ( 'NONE', *, *, #1124, .T. ) ;
#2046 = VECTOR ( 'NONE', #3154, 1000.000000000000000 ) ;
#2047 = CARTESIAN_POINT ( 'NONE',  ( 0.1572609804870715999, -0.1149027958885799061, -0.3599999999999999867 ) ) ;
#2048 = EDGE_LOOP ( 'NONE', ( #529, #2169, #1201, #4748 ) ) ;
#2049 = CARTESIAN_POINT ( 'NONE',  ( -0.6540554177334452213, -0.06007230927231824863, -0.3699999999999999956 ) ) ;
#2050 = SURFACE_STYLE_FILL_AREA ( #816 ) ;
#2051 = FACE_OUTER_BOUND ( 'NONE', #2073, .T. ) ;
#2052 = EDGE_LOOP ( 'NONE', ( #4863, #3893, #898, #4877 ) ) ;
#2053 =( GEOMETRIC_REPRESENTATION_CONTEXT ( 3 ) GLOBAL_UNCERTAINTY_ASSIGNED_CONTEXT ( ( #4065 ) ) GLOBAL_UNIT_ASSIGNED_CONTEXT ( ( #1858, #4545, #760 ) ) REPRESENTATION_CONTEXT ( 'NONE', 'WORKASPACE' ) );
#2054 = CARTESIAN_POINT ( 'NONE',  ( -0.4247548182130407302, 0.06962250180253479193, -0.3599999999999998757 ) ) ;
#2055 = MECHANICAL_DESIGN_GEOMETRIC_PRESENTATION_REPRESENTATION (  '', ( #3922 ), #1568 ) ;
#2056 = CARTESIAN_POINT ( 'NONE',  ( 0.2445539826133306671, -0.07504628174828233134, -0.3599999999999999867 ) ) ;
#2057 = COLOUR_RGB ( '',0.000000000000000000, 0.000000000000000000, 0.000000000000000000 ) ;
#2058 =( LENGTH_UNIT ( ) NAMED_UNIT ( * ) SI_UNIT ( .MILLI., .METRE. ) );
#2059 = PRESENTATION_LAYER_ASSIGNMENT (  '', '', ( #4262 ) ) ;
#2060 = VECTOR ( 'NONE', #579, 1000.000000000000000 ) ;
#2061 = CARTESIAN_POINT ( 'NONE',  ( 2.515585733558354686, -1.737640255338846140, 0.7500000000000001110 ) ) ;
#2062 = EDGE_CURVE ( 'NONE', #4668, #236, #4025, .T. ) ;
#2063 = COLOUR_RGB ( '',0.000000000000000000, 0.000000000000000000, 0.000000000000000000 ) ;
#2064 =( NAMED_UNIT ( * ) PLANE_ANGLE_UNIT ( ) SI_UNIT ( $, .RADIAN. ) );
#2065 = CARTESIAN_POINT ( 'NONE',  ( -2.705000000000000071, 0.000000000000000000, -0.3499999999999999778 ) ) ;
#2066 = ORIENTED_EDGE ( 'NONE', *, *, #17, .T. ) ;
#2067 = CARTESIAN_POINT ( 'NONE',  ( 0.2274945459322799124, 0.1009581908892485530, -0.3599999999999999867 ) ) ;
#2068 = CARTESIAN_POINT ( 'NONE',  ( 0.000000000000000000, 0.000000000000000000, -0.3599999999999999867 ) ) ;
#2069 = VERTEX_POINT ( 'NONE', #1763 ) ;
#2070 = COLOUR_RGB ( '',0.7529411764705882248, 0.7529411764705882248, 0.7529411764705882248 ) ;
#2071 = PRESENTATION_STYLE_ASSIGNMENT (( #2794 ) ) ;
#2072 =( NAMED_UNIT ( * ) PLANE_ANGLE_UNIT ( ) SI_UNIT ( $, .RADIAN. ) );
#2073 = EDGE_LOOP ( 'NONE', ( #2210, #1864, #3557, #3521 ) ) ;
#2074 = VERTEX_POINT ( 'NONE', #3205 ) ;
#2075 = CARTESIAN_POINT ( 'NONE',  ( 3.250000000000000000, 0.4250000000000003775, 0.000000000000000000 ) ) ;
#2076 = CARTESIAN_POINT ( 'NONE',  ( 2.955000000000000071, 2.220000000000000195, 0.000000000000000000 ) ) ;
#2077 = ORIENTED_EDGE ( 'NONE', *, *, #354, .F. ) ;
#2078 = CARTESIAN_POINT ( 'NONE',  ( -0.4355096002921423626, 0.01499230508922090414, -0.3699999999999999956 ) ) ;
#2079 = AXIS2_PLACEMENT_3D ( 'NONE', #510, #4823, #1288 ) ;
#2080 = CARTESIAN_POINT ( 'NONE',  ( 0.2597160033216770469, -0.04582832217890599191, -0.3599999999999999867 ) ) ;
#2081 = CARTESIAN_POINT ( 'NONE',  ( 0.1354085993080318684, 0.1253982272896367045, -0.3699999999999999956 ) ) ;
#2082 = CARTESIAN_POINT ( 'NONE',  ( 2.149999999999999911, 1.674999999999999822, 0.000000000000000000 ) ) ;
#2083 = SURFACE_STYLE_USAGE ( .BOTH. , #2474 ) ;
#2084 = FACE_OUTER_BOUND ( 'NONE', #1637, .T. ) ;
#2085 = FILL_AREA_STYLE ('',( #2140 ) ) ;
#2086 = ORIENTED_EDGE ( 'NONE', *, *, #418, .F. ) ;
#2087 = EDGE_CURVE ( 'NONE', #119, #3584, #4860, .T. ) ;
#2088 = CARTESIAN_POINT ( 'NONE',  ( 0.000000000000000000, 0.000000000000000000, 0.000000000000000000 ) ) ;
#2089 = CARTESIAN_POINT ( 'NONE',  ( 0.2650783173411573324, 0.02941851072211622981, -0.3599999999999999867 ) ) ;
#2090 = CARTESIAN_POINT ( 'NONE',  ( 0.2590021380223349601, -0.1168961929633580837, -0.3699999999999999956 ) ) ;
#2091 = ORIENTED_EDGE ( 'NONE', *, *, #3327, .T. ) ;
#2092 = CARTESIAN_POINT ( 'NONE',  ( -0.5898023689529575675, 0.1191959834106085941, -0.3699999999999999956 ) ) ;
#2093 = ORIENTED_EDGE ( 'NONE', *, *, #419, .F. ) ;
#2094 = EDGE_CURVE ( 'NONE', #3187, #2938, #2562, .T. ) ;
#2095 = EDGE_LOOP ( 'NONE', ( #3311, #3268, #3216, #1039 ) ) ;
#2096 = B_SPLINE_CURVE_WITH_KNOTS ( 'NONE', 3,
 ( #1208, #1932, #2364, #1168, #1578, #758, #3548, #451, #2343, #2757, #2318 ),
 .UNSPECIFIED., .F., .F.,
 ( 4, 1, 1, 1, 1, 1, 1, 1, 4 ),
 ( 0.000000000000000000, 0.1451868664724697833, 0.2834426109197299426, 0.4165243659288289657, 0.5431811235350828548, 0.6651530826377138883, 0.7813602063127152997, 0.8927566556418089494, 1.000000000000000000 ),
 .UNSPECIFIED. ) ;
#2097 = CARTESIAN_POINT ( 'NONE',  ( 3.250000000000000000, -1.675000000000000266, 0.000000000000000000 ) ) ;
#2098 = LINE ( 'NONE', #4353, #3654 ) ;
#2099 =( LENGTH_UNIT ( ) NAMED_UNIT ( * ) SI_UNIT ( .MILLI., .METRE. ) );
#2100 = UNCERTAINTY_MEASURE_WITH_UNIT (LENGTH_MEASURE( 1.000000000000000082E-05 ), #3494, 'distance_accuracy_value', 'NONE');
#2101 = CARTESIAN_POINT ( 'NONE',  ( 0.2592107183589956176, 0.05360929228267453245, -0.3600000000000000422 ) ) ;
#2102 = UNCERTAINTY_MEASURE_WITH_UNIT (LENGTH_MEASURE( 1.000000000000000082E-05 ), #875, 'distance_accuracy_value', 'NONE');
#2103 = ORIENTED_EDGE ( 'NONE', *, *, #2504, .F. ) ;
#2104 = CARTESIAN_POINT ( 'NONE',  ( -0.3795703801435087454, 0.1255261934698293225, -0.3699999999999999956 ) ) ;
#2105 = SURFACE_STYLE_FILL_AREA ( #901 ) ;
#2106 = CARTESIAN_POINT ( 'NONE',  ( -0.4352754433037684945, 0.02562581536601655705, -0.3699999999999999956 ) ) ;
#2107 = CARTESIAN_POINT ( 'NONE',  ( 0.1509725409147035236, 0.1264651944024386410, -0.3699999999999999956 ) ) ;
#2108 = ORIENTED_EDGE ( 'NONE', *, *, #4887, .T. ) ;
#2109 = CARTESIAN_POINT ( 'NONE',  ( -0.1356293506602746501, -0.1442186507357328673, -0.3599999999999999867 ) ) ;
#2110 = VERTEX_POINT ( 'NONE', #65 ) ;
#2111 = VECTOR ( 'NONE', #2145, 1000.000000000000000 ) ;
#2112 = CARTESIAN_POINT ( 'NONE',  ( 0.1818205730339499115, -0.1475339014459610687, -0.3699999999999999956 ) ) ;
#2113 = ORIENTED_EDGE ( 'NONE', *, *, #4273, .F. ) ;
#2114 = UNCERTAINTY_MEASURE_WITH_UNIT (LENGTH_MEASURE( 1.000000000000000082E-05 ), #2764, 'distance_accuracy_value', 'NONE');
#2115 = CARTESIAN_POINT ( 'NONE',  ( 0.1014376231112838478, -0.1372159571611425710, -0.3599999999999999867 ) ) ;
#2116 = VECTOR ( 'NONE', #3836, 1000.000000000000000 ) ;
#2117 = VECTOR ( 'NONE', #3449, 1000.000000000000000 ) ;
#2118 = ADVANCED_FACE ( 'NONE', ( #2836 ), #2480, .F. ) ;
#2119 = EDGE_CURVE ( 'NONE', #3356, #201, #4070, .T. ) ;
#2120 = FILL_AREA_STYLE ('',( #4865 ) ) ;
#2121 = ORIENTED_EDGE ( 'NONE', *, *, #3327, .F. ) ;
#2122 = STYLED_ITEM ( 'NONE', ( #3404 ), #4843 ) ;
#2123 = SURFACE_STYLE_USAGE ( .BOTH. , #522 ) ;
#2124 = ORIENTED_EDGE ( 'NONE', *, *, #3947, .F. ) ;
#2125 =( GEOMETRIC_REPRESENTATION_CONTEXT ( 3 ) GLOBAL_UNCERTAINTY_ASSIGNED_CONTEXT ( ( #499 ) ) GLOBAL_UNIT_ASSIGNED_CONTEXT ( ( #1515, #691, #1823 ) ) REPRESENTATION_CONTEXT ( 'NONE', 'WORKASPACE' ) );
#2126 = EDGE_CURVE ( 'NONE', #1602, #196, #1707, .T. ) ;
#2127 = LINE ( 'NONE', #3667, #3816 ) ;
#2128 =( NAMED_UNIT ( * ) SI_UNIT ( $, .STERADIAN. ) SOLID_ANGLE_UNIT ( ) );
#2129 = COLOUR_RGB ( '',0.000000000000000000, 0.000000000000000000, 0.000000000000000000 ) ;
#2130 = CARTESIAN_POINT ( 'NONE',  ( 0.2667057793861358772, 0.007213957034917484711, -0.3600000000000000422 ) ) ;
#2131 = SURFACE_STYLE_USAGE ( .BOTH. , #2542 ) ;
#2132 = FACE_OUTER_BOUND ( 'NONE', #3367, .T. ) ;
#2133 = ORIENTED_EDGE ( 'NONE', *, *, #477, .F. ) ;
#2134 = VECTOR ( 'NONE', #907, 1000.000000000000000 ) ;
#2135 =( NAMED_UNIT ( * ) PLANE_ANGLE_UNIT ( ) SI_UNIT ( $, .RADIAN. ) );
#2136 = FILL_AREA_STYLE ('',( #4853 ) ) ;
#2137 = SURFACE_STYLE_USAGE ( .BOTH. , #1731 ) ;
#2138 = UNCERTAINTY_MEASURE_WITH_UNIT (LENGTH_MEASURE( 1.000000000000000082E-05 ), #3967, 'distance_accuracy_value', 'NONE');
#2139 = VECTOR ( 'NONE', #9, 1000.000000000000000 ) ;
#2140 = FILL_AREA_STYLE_COLOUR ( '', #1298 ) ;
#2141 = ORIENTED_EDGE ( 'NONE', *, *, #2881, .F. ) ;
#2142 = CARTESIAN_POINT ( 'NONE',  ( 0.2429784658149145293, 0.08441194858005281187, -0.3599999999999999867 ) ) ;
#2143 = FACE_OUTER_BOUND ( 'NONE', #4367, .T. ) ;
#2144 = ORIENTED_EDGE ( 'NONE', *, *, #4080, .T. ) ;
#2145 = DIRECTION ( 'NONE',  ( 1.000000000000000000, 0.000000000000000000, 0.000000000000000000 ) ) ;
#2146 = COLOUR_RGB ( '',0.7529411764705882248, 0.7529411764705882248, 0.7529411764705882248 ) ;
#2147 = CARTESIAN_POINT ( 'NONE',  ( -0.3950960225116355584, 0.02222487475919282876, -0.3699999999999999956 ) ) ;
#2148 = PRESENTATION_LAYER_ASSIGNMENT (  '', '', ( #4350 ) ) ;
#2149 = COLOUR_RGB ( '',0.000000000000000000, 0.000000000000000000, 0.000000000000000000 ) ;
#2150 = ORIENTED_EDGE ( 'NONE', *, *, #1002, .T. ) ;
#2151 = MECHANICAL_DESIGN_GEOMETRIC_PRESENTATION_REPRESENTATION (  '', ( #3689 ), #1832 ) ;
#2152 = CARTESIAN_POINT ( 'NONE',  ( 0.02534625909582290462, -0.1442186507357328673, -0.3599999999999999867 ) ) ;
#2153 = CARTESIAN_POINT ( 'NONE',  ( -0.01489764334320145545, 0.02407403219109637352, -0.3699999999999999956 ) ) ;
#2154 = EDGE_CURVE ( 'NONE', #2796, #2417, #199, .T. ) ;
#2155 = DIRECTION ( 'NONE',  ( 0.000000000000000000, -0.000000000000000000, 1.000000000000000000 ) ) ;
#2156 = ORIENTED_EDGE ( 'NONE', *, *, #644, .T. ) ;
#2157 = CARTESIAN_POINT ( 'NONE',  ( -0.3109921813589765494, 0.1535879454921497411, -0.3599999999999998757 ) ) ;
#2158 = FACE_OUTER_BOUND ( 'NONE', #3373, .T. ) ;
#2159 = CARTESIAN_POINT ( 'NONE',  ( 0.02534625909582290462, -0.1442186507357328673, -0.3699999999999999956 ) ) ;
#2160 = CARTESIAN_POINT ( 'NONE',  ( 2.921527473134823527, -2.186527473134823207, 0.3825927327745635709 ) ) ;
#2161 = LINE ( 'NONE', #2905, #1919 ) ;
#2162 = LINE ( 'NONE', #1476, #2974 ) ;
#2163 = ORIENTED_EDGE ( 'NONE', *, *, #3639, .T. ) ;
#2164 = EDGE_CURVE ( 'NONE', #35, #3300, #487, .T. ) ;
#2165 =( NAMED_UNIT ( * ) PLANE_ANGLE_UNIT ( ) SI_UNIT ( $, .RADIAN. ) );
#2166 = CARTESIAN_POINT ( 'NONE',  ( 0.2592107183589956176, 0.05360929228267453245, -0.3699999999999999956 ) ) ;
#2167 = CARTESIAN_POINT ( 'NONE',  ( -0.5954045030992989318, 0.09815939804475490305, -0.3699999999999999956 ) ) ;
#2168 = SURFACE_STYLE_USAGE ( .BOTH. , #2833 ) ;
#2169 = ORIENTED_EDGE ( 'NONE', *, *, #1587, .T. ) ;
#2170 = CARTESIAN_POINT ( 'NONE',  ( 0.2365461428764656648, -0.1322887356958114824, -0.3599999999999997646 ) ) ;
#2171 = EDGE_LOOP ( 'NONE', ( #1784, #1524, #945, #3087 ) ) ;
#2172 =( LENGTH_UNIT ( ) NAMED_UNIT ( * ) SI_UNIT ( .MILLI., .METRE. ) );
#2173 =( NAMED_UNIT ( * ) PLANE_ANGLE_UNIT ( ) SI_UNIT ( $, .RADIAN. ) );
#2174 = UNCERTAINTY_MEASURE_WITH_UNIT (LENGTH_MEASURE( 1.000000000000000082E-05 ), #2099, 'distance_accuracy_value', 'NONE');
#2175 = VERTEX_POINT ( 'NONE', #726 ) ;
#2176 = LINE ( 'NONE', #3714, #634 ) ;
#2177 = AXIS2_PLACEMENT_3D ( 'NONE', #625, #970, #4525 ) ;
#2178 = UNCERTAINTY_MEASURE_WITH_UNIT (LENGTH_MEASURE( 1.000000000000000082E-05 ), #786, 'distance_accuracy_value', 'NONE');
#2179 = CARTESIAN_POINT ( 'NONE',  ( 0.2493153149155493131, 0.07483393537897954639, -0.3699999999999999956 ) ) ;
#2180 =( GEOMETRIC_REPRESENTATION_CONTEXT ( 3 ) GLOBAL_UNCERTAINTY_ASSIGNED_CONTEXT ( ( #2595 ) ) GLOBAL_UNIT_ASSIGNED_CONTEXT ( ( #276, #1431, #4631 ) ) REPRESENTATION_CONTEXT ( 'NONE', 'WORKASPACE' ) );
#2181 = ORIENTED_EDGE ( 'NONE', *, *, #4204, .T. ) ;
#2182 = PLANE ( 'NONE',  #3114 ) ;
#2183 = FILL_AREA_STYLE_COLOUR ( '', #2149 ) ;
#2184 = EDGE_CURVE ( 'NONE', #4757, #4977, #5039, .T. ) ;
#2185 = DIRECTION ( 'NONE',  ( 1.000000000000000000, 0.000000000000000000, 0.000000000000000000 ) ) ;
#2186 = MECHANICAL_DESIGN_GEOMETRIC_PRESENTATION_REPRESENTATION (  '', ( #616 ), #3073 ) ;
#2187 = LINE ( 'NONE', #1963, #4495 ) ;
#2188 = DIRECTION ( 'NONE',  ( 1.000000000000000000, 1.953517427901809960E-16, -0.000000000000000000 ) ) ;
#2189 = MECHANICAL_DESIGN_GEOMETRIC_PRESENTATION_REPRESENTATION (  '', ( #21 ), #3468 ) ;
#2190 = DIRECTION ( 'NONE',  ( -1.000000000000000000, 0.000000000000000000, 0.000000000000000000 ) ) ;
#2191 = EDGE_CURVE ( 'NONE', #1445, #3300, #1912, .T. ) ;
#2192 = PLANE ( 'NONE',  #4211 ) ;
#2193 = CARTESIAN_POINT ( 'NONE',  ( 2.149999999999999911, -1.674999999999999822, 0.000000000000000000 ) ) ;
#2194 = ORIENTED_EDGE ( 'NONE', *, *, #3989, .F. ) ;
#2195 =( LENGTH_UNIT ( ) NAMED_UNIT ( * ) SI_UNIT ( .MILLI., .METRE. ) );
#2196 = CARTESIAN_POINT ( 'NONE',  ( 0.2240403334988031459, -0.1379518590056747762, -0.3699999999999999956 ) ) ;
#2197 = ORIENTED_EDGE ( 'NONE', *, *, #99, .F. ) ;
#2198 =( LENGTH_UNIT ( ) NAMED_UNIT ( * ) SI_UNIT ( .MILLI., .METRE. ) );
#2199 = DIRECTION ( 'NONE',  ( -1.000000000000000000, -1.096538227545390183E-16, 0.000000000000000000 ) ) ;
#2200 = PRESENTATION_LAYER_ASSIGNMENT (  '', '', ( #1544 ) ) ;
#2201 = LINE ( 'NONE', #1437, #4384 ) ;
#2202 = CARTESIAN_POINT ( 'NONE',  ( -0.3830529604272192579, 0.06879119568705835408, -0.3699999999999999956 ) ) ;
#2203 = LINE ( 'NONE', #4957, #2445 ) ;
#2204 = ORIENTED_EDGE ( 'NONE', *, *, #1658, .F. ) ;
#2205 = AXIS2_PLACEMENT_3D ( 'NONE', #3080, #1167, #2342 ) ;
#2206 = STYLED_ITEM ( 'NONE', ( #2255 ), #4559 ) ;
#2207 = CARTESIAN_POINT ( 'NONE',  ( -0.3830529604272192579, 0.06879119568705835408, -0.3599999999999999867 ) ) ;
#2208 = AXIS2_PLACEMENT_3D ( 'NONE', #2973, #1016, #3411 ) ;
#2209 =( NAMED_UNIT ( * ) PLANE_ANGLE_UNIT ( ) SI_UNIT ( $, .RADIAN. ) );
#2210 = ORIENTED_EDGE ( 'NONE', *, *, #4805, .F. ) ;
#2211 = STYLED_ITEM ( 'NONE', ( #1473 ), #4804 ) ;
#2212 = CARTESIAN_POINT ( 'NONE',  ( -0.5301224909041769573, -0.06007230927231824863, -0.3699999999999999956 ) ) ;
#2213 = DIRECTION ( 'NONE',  ( -1.000000000000000000, 0.000000000000000000, -0.000000000000000000 ) ) ;
#2214 = FILL_AREA_STYLE_COLOUR ( '', #3038 ) ;
#2215 = EDGE_LOOP ( 'NONE', ( #1892, #431, #865, #3562 ) ) ;
#2216 = DIRECTION ( 'NONE',  ( -1.000000000000000000, -1.971276677246372012E-16, -0.000000000000000000 ) ) ;
#2217 = LINE ( 'NONE', #1838, #46 ) ;
#2218 =( GEOMETRIC_REPRESENTATION_CONTEXT ( 3 ) GLOBAL_UNCERTAINTY_ASSIGNED_CONTEXT ( ( #626 ) ) GLOBAL_UNIT_ASSIGNED_CONTEXT ( ( #136, #905, #3679 ) ) REPRESENTATION_CONTEXT ( 'NONE', 'WORKASPACE' ) );
#2219 = FACE_OUTER_BOUND ( 'NONE', #4416, .T. ) ;
#2220 = CARTESIAN_POINT ( 'NONE',  ( -0.5941755614914523420, 0.1020886018567585679, -0.3599999999999999867 ) ) ;
#2221 = CARTESIAN_POINT ( 'NONE',  ( 0.1723034819070019541, -0.1146560329601086642, -0.3699999999999999956 ) ) ;
#2222 = ORIENTED_EDGE ( 'NONE', *, *, #802, .T. ) ;
#2223 = EDGE_CURVE ( 'NONE', #3493, #4465, #2292, .T. ) ;
#2224 = FILL_AREA_STYLE ('',( #4971 ) ) ;
#2225 =( NAMED_UNIT ( * ) PLANE_ANGLE_UNIT ( ) SI_UNIT ( $, .RADIAN. ) );
#2226 = ADVANCED_FACE ( 'NONE', ( #3937 ), #4656, .T. ) ;
#2227 = UNCERTAINTY_MEASURE_WITH_UNIT (LENGTH_MEASURE( 1.000000000000000082E-05 ), #2172, 'distance_accuracy_value', 'NONE');
#2228 = STYLED_ITEM ( 'NONE', ( #2569 ), #1991 ) ;
#2229 = SURFACE_STYLE_USAGE ( .BOTH. , #4799 ) ;
#2230 = CARTESIAN_POINT ( 'NONE',  ( 0.09236872376590510303, -0.1333537301274849429, -0.3699999999999999956 ) ) ;
#2231 = MECHANICAL_DESIGN_GEOMETRIC_PRESENTATION_REPRESENTATION (  '', ( #3589 ), #4930 ) ;
#2232 = CARTESIAN_POINT ( 'NONE',  ( -0.5864341075543622051, 0.1024824918741132906, -0.3699999999999999956 ) ) ;
#2233 = CARTESIAN_POINT ( 'NONE',  ( 2.955000000000000515, 0.4250000000000002665, -0.3499999999999999778 ) ) ;
#2234 = CARTESIAN_POINT ( 'NONE',  ( -0.3034610030582222673, 0.1212588183141980747, -0.3699999999999999956 ) ) ;
#2235 = CARTESIAN_POINT ( 'NONE',  ( -0.4184729970146141564, -0.06691773098428886735, -0.3599999999999999867 ) ) ;
#2236 = ORIENTED_EDGE ( 'NONE', *, *, #4458, .F. ) ;
#2237 = AXIS2_PLACEMENT_3D ( 'NONE', #3109, #4621, #3043 ) ;
#2238 = CARTESIAN_POINT ( 'NONE',  ( -0.3936091582512195042, 0.03517917711934805125, -0.3599999999999999867 ) ) ;
#2239 = AXIS2_PLACEMENT_3D ( 'NONE', #1312, #132, #4059 ) ;
#2240 = DIRECTION ( 'NONE',  ( -1.000000000000000000, 0.000000000000000000, 0.000000000000000000 ) ) ;
#2241 = VECTOR ( 'NONE', #847, 1000.000000000000000 ) ;
#2242 =( NAMED_UNIT ( * ) SI_UNIT ( $, .STERADIAN. ) SOLID_ANGLE_UNIT ( ) );
#2243 = CARTESIAN_POINT ( 'NONE',  ( 0.1623869780789160555, -0.1478297861779807876, -0.3699999999999999956 ) ) ;
#2244 = CARTESIAN_POINT ( 'NONE',  ( 0.08388284446167661168, 0.1475496419471939435, -0.3599999999999999867 ) ) ;
#2245 = CARTESIAN_POINT ( 'NONE',  ( 0.2530709822879048665, 0.1260582491767815172, -0.3699999999999999956 ) ) ;
#2246 = CARTESIAN_POINT ( 'NONE',  ( 0.1818205730339499115, -0.1475339014459610687, -0.3599999999999999867 ) ) ;
#2247 = PLANE ( 'NONE',  #4069 ) ;
#2248 = SURFACE_SIDE_STYLE ('',( #3759 ) ) ;
#2249 = EDGE_LOOP ( 'NONE', ( #1680, #2981, #1584, #1644 ) ) ;
#2250 = PLANE ( 'NONE',  #3198 ) ;
#2251 = UNCERTAINTY_MEASURE_WITH_UNIT (LENGTH_MEASURE( 1.000000000000000082E-05 ), #173, 'distance_accuracy_value', 'NONE');
#2252 = CARTESIAN_POINT ( 'NONE',  ( 0.1664285761689936749, -0.1478771873210987242, -0.3700000000000000511 ) ) ;
#2253 = VECTOR ( 'NONE', #1754, 1000.000000000000000 ) ;
#2254 = EDGE_CURVE ( 'NONE', #1360, #3304, #3963, .T. ) ;
#2255 = PRESENTATION_STYLE_ASSIGNMENT (( #4574 ) ) ;
#2256 = DIRECTION ( 'NONE',  ( 1.000000000000000000, 0.000000000000000000, 0.000000000000000000 ) ) ;
#2257 = SURFACE_SIDE_STYLE ('',( #1794 ) ) ;
#2258 = ORIENTED_EDGE ( 'NONE', *, *, #1411, .T. ) ;
#2259 = ADVANCED_FACE ( 'NONE', ( #3357, #160, #4476, #213, #2962, #629 ), #3641, .T. ) ;
#2260 = FILL_AREA_STYLE_COLOUR ( '', #1537 ) ;
#2261 = CARTESIAN_POINT ( 'NONE',  ( -0.1283122774895428531, 0.1557813492642670938, -0.3699999999999999956 ) ) ;
#2262 = CARTESIAN_POINT ( 'NONE',  ( -0.1209952043188111531, 0.02407403219109637352, -0.3699999999999999956 ) ) ;
#2263 = MECHANICAL_DESIGN_GEOMETRIC_PRESENTATION_REPRESENTATION (  '', ( #441 ), #2180 ) ;
#2264 = SURFACE_SIDE_STYLE ('',( #4678 ) ) ;
#2265 = DIRECTION ( 'NONE',  ( -1.000000000000000000, 0.000000000000000000, 0.000000000000000000 ) ) ;
#2266 = VECTOR ( 'NONE', #2256, 1000.000000000000000 ) ;
#2267 = COLOUR_RGB ( '',0.2509803921568627416, 0.2509803921568627416, 0.2509803921568627416 ) ;
#2268 = DIRECTION ( 'NONE',  ( 1.000000000000000000, 0.000000000000000000, 0.000000000000000000 ) ) ;
#2269 = CARTESIAN_POINT ( 'NONE',  ( 0.08388284446167661168, 0.000000000000000000, -0.3599999999999999867 ) ) ;
#2270 = CARTESIAN_POINT ( 'NONE',  ( -0.5709952043188111226, 0.1557813492642670938, -0.3599999999999999867 ) ) ;
#2271 = CARTESIAN_POINT ( 'NONE',  ( -0.5854539668636069560, 0.09952676144678354597, -0.3599999999999999867 ) ) ;
#2272 = CARTESIAN_POINT ( 'NONE',  ( -0.3362656066868656146, 0.1118474941523986410, -0.3699999999999999956 ) ) ;
#2273 = ORIENTED_EDGE ( 'NONE', *, *, #2636, .F. ) ;
#2274 = SURFACE_STYLE_FILL_AREA ( #5052 ) ;
#2275 = STYLED_ITEM ( 'NONE', ( #2403 ), #4203 ) ;
#2276 = ADVANCED_FACE ( 'NONE', ( #4845 ), #4452, .T. ) ;
#2277 =( GEOMETRIC_REPRESENTATION_CONTEXT ( 3 ) GLOBAL_UNCERTAINTY_ASSIGNED_CONTEXT ( ( #620 ) ) GLOBAL_UNIT_ASSIGNED_CONTEXT ( ( #3592, #45, #3189 ) ) REPRESENTATION_CONTEXT ( 'NONE', 'WORKASPACE' ) );
#2278 = PRESENTATION_STYLE_ASSIGNMENT (( #2725 ) ) ;
#2279 = DIRECTION ( 'NONE',  ( -0.000000000000000000, -0.000000000000000000, 1.000000000000000000 ) ) ;
#2280 = CARTESIAN_POINT ( 'NONE',  ( 0.2904488058483333246, 0.07895270511595078866, -0.3599999999999998201 ) ) ;
#2281 = CARTESIAN_POINT ( 'NONE',  ( 2.955000000000000959, 1.675000000000000044, -0.3499999999999999778 ) ) ;
#2282 = CARTESIAN_POINT ( 'NONE',  ( 0.4460779664128960431, 0.1557813492642670938, -0.3599999999999999867 ) ) ;
#2283 = CARTESIAN_POINT ( 'NONE',  ( -3.249999999999999112, 1.050000000000000044, 0.000000000000000000 ) ) ;
#2284 = ORIENTED_EDGE ( 'NONE', *, *, #1658, .T. ) ;
#2285 = AXIS2_PLACEMENT_3D ( 'NONE', #1449, #271, #4558 ) ;
#2286 = VECTOR ( 'NONE', #3081, 1000.000000000000000 ) ;
#2287 = CARTESIAN_POINT ( 'NONE',  ( -0.3936091582512195042, 0.03517917711934805125, -0.3599999999999999867 ) ) ;
#2288 = LINE ( 'NONE', #700, #4880 ) ;
#2289 = SURFACE_SIDE_STYLE ('',( #4223 ) ) ;
#2290 = VECTOR ( 'NONE', #1303, 1000.000000000000000 ) ;
#2291 = FILL_AREA_STYLE_COLOUR ( '', #2623 ) ;
#2292 = LINE ( 'NONE', #3148, #3578 ) ;
#2293 =( NAMED_UNIT ( * ) SI_UNIT ( $, .STERADIAN. ) SOLID_ANGLE_UNIT ( ) );
#2294 = VECTOR ( 'NONE', #4369, 1000.000000000000000 ) ;
#2295 = CARTESIAN_POINT ( 'NONE',  ( -2.705000000000000071, 1.050000000000000044, -0.3499999999999999778 ) ) ;
#2296 =( NAMED_UNIT ( * ) SI_UNIT ( $, .STERADIAN. ) SOLID_ANGLE_UNIT ( ) );
#2297 = CARTESIAN_POINT ( 'NONE',  ( 2.955000000000000071, 2.220000000000000195, -0.3499999999999999778 ) ) ;
#2298 = CARTESIAN_POINT ( 'NONE',  ( 2.910445352753783688, 2.175445352753783812, 0.5092619483553311177 ) ) ;
#2299 = VERTEX_POINT ( 'NONE', #1519 ) ;
#2300 = DIRECTION ( 'NONE',  ( -1.000000000000000000, 0.000000000000000000, 0.000000000000000000 ) ) ;
#2301 = AXIS2_PLACEMENT_3D ( 'NONE', #341, #1641, #2303 ) ;
#2302 = VECTOR ( 'NONE', #989, 1000.000000000000000 ) ;
#2303 = DIRECTION ( 'NONE',  ( 0.08715574274765836016, 0.000000000000000000, 0.9961946980917455452 ) ) ;
#2304 = DIRECTION ( 'NONE',  ( -0.000000000000000000, -0.000000000000000000, 1.000000000000000000 ) ) ;
#2305 = EDGE_CURVE ( 'NONE', #4396, #818, #2698, .T. ) ;
#2306 = SURFACE_STYLE_FILL_AREA ( #319 ) ;
#2307 = CARTESIAN_POINT ( 'NONE',  ( -0.3950807415497060160, -0.004884666860091987396, -0.3599999999999999867 ) ) ;
#2308 = LINE ( 'NONE', #3881, #1088 ) ;
#2309 = MECHANICAL_DESIGN_GEOMETRIC_PRESENTATION_REPRESENTATION (  '', ( #2650 ), #590 ) ;
#2310 = PRESENTATION_LAYER_ASSIGNMENT (  '', '', ( #3118 ) ) ;
#2311 = VERTEX_POINT ( 'NONE', #1848 ) ;
#2312 = DIRECTION ( 'NONE',  ( -0.000000000000000000, -1.000000000000000000, -0.000000000000000000 ) ) ;
#2313 = CARTESIAN_POINT ( 'NONE',  ( -2.705000000000000071, -1.674999999999998934, -0.3499999999999999778 ) ) ;
#2314 = CARTESIAN_POINT ( 'NONE',  ( -0.3459526605449442238, 0.1069150020471588414, -0.3599999999999999867 ) ) ;
#2315 = EDGE_CURVE ( 'NONE', #4349, #4745, #3093, .T. ) ;
#2316 = CARTESIAN_POINT ( 'NONE',  ( 0.000000000000000000, -0.1442186507357328673, -0.3599999999999999867 ) ) ;
#2317 = SURFACE_SIDE_STYLE ('',( #4633 ) ) ;
#2318 = CARTESIAN_POINT ( 'NONE',  ( 0.08388284446167661168, 0.1475496419471939435, -0.3599999999999999867 ) ) ;
#2319 = CARTESIAN_POINT ( 'NONE',  ( -0.3266227212339867791, -0.1036538228529943900, -0.3599999999999999312 ) ) ;
#2320 = CARTESIAN_POINT ( 'NONE',  ( 0.000000000000000000, 0.000000000000000000, -0.3599999999999999867 ) ) ;
#2321 = CARTESIAN_POINT ( 'NONE',  ( -0.3795063536428158191, -0.1121763980455833531, -0.3599999999999998757 ) ) ;
#2322 = PLANE ( 'NONE',  #4094 ) ;
#2323 = SURFACE_SIDE_STYLE ('',( #1095 ) ) ;
#2324 = CARTESIAN_POINT ( 'NONE',  ( 2.149999999999999911, 1.674999999999999822, -0.3699999999999999956 ) ) ;
#2325 = ORIENTED_EDGE ( 'NONE', *, *, #3203, .F. ) ;
#2326 = LINE ( 'NONE', #309, #1575 ) ;
#2327 = ORIENTED_EDGE ( 'NONE', *, *, #1245, .F. ) ;
#2328 = CARTESIAN_POINT ( 'NONE',  ( 0.2668096737299692767, 0.002580129752071980663, -0.3599999999999999867 ) ) ;
#2329 = CARTESIAN_POINT ( 'NONE',  ( 0.09217965687080373338, -0.1004161973122731366, -0.3599999999999999867 ) ) ;
#2330 = PRESENTATION_STYLE_ASSIGNMENT (( #289 ) ) ;
#2331 = SURFACE_STYLE_FILL_AREA ( #771 ) ;
#2332 = CARTESIAN_POINT ( 'NONE',  ( 0.1966983115935921900, -0.1456233357682783502, -0.3699999999999999956 ) ) ;
#2333 = CARTESIAN_POINT ( 'NONE',  ( 0.3070535761689936471, 0.0001220504837793170202, -0.3599999999999998201 ) ) ;
#2334 = CARTESIAN_POINT ( 'NONE',  ( 3.250000000000000000, -0.4250000000000003775, 0.000000000000000000 ) ) ;
#2335 = CARTESIAN_POINT ( 'NONE',  ( 3.250000000000000000, 1.675000000000000266, -0.3699999999999999956 ) ) ;
#2336 = EDGE_LOOP ( 'NONE', ( #1648, #1996, #2917, #11 ) ) ;
#2337 = PRESENTATION_STYLE_ASSIGNMENT (( #2731 ) ) ;
#2338 = EDGE_CURVE ( 'NONE', #988, #3224, #1541, .T. ) ;
#2339 = CARTESIAN_POINT ( 'NONE',  ( 0.08388284446167662556, -0.1286698702479280032, -0.3699999999999999956 ) ) ;
#2340 = LINE ( 'NONE', #1184, #1023 ) ;
#2341 = SURFACE_STYLE_USAGE ( .BOTH. , #2289 ) ;
#2342 = DIRECTION ( 'NONE',  ( 1.000000000000000000, 0.000000000000000000, 0.000000000000000000 ) ) ;
#2343 = CARTESIAN_POINT ( 'NONE',  ( 0.09113943472675825608, 0.1504952519227987784, -0.3599999999999999867 ) ) ;
#2344 = SURFACE_STYLE_USAGE ( .BOTH. , #2003 ) ;
#2345 = ADVANCED_FACE ( 'NONE', ( #3777 ), #3919, .T. ) ;
#2346 = DIRECTION ( 'NONE',  ( -0.000000000000000000, 1.000000000000000000, -0.000000000000000000 ) ) ;
#2347 = FILL_AREA_STYLE_COLOUR ( '', #1667 ) ;
#2348 = ORIENTED_EDGE ( 'NONE', *, *, #1532, .F. ) ;
#2349 = CARTESIAN_POINT ( 'NONE',  ( -0.4352754433037684945, 0.02562581536601655705, -0.3599999999999999867 ) ) ;
#2350 =( NAMED_UNIT ( * ) SI_UNIT ( $, .STERADIAN. ) SOLID_ANGLE_UNIT ( ) );
#2351 = LINE ( 'NONE', #4241, #1882 ) ;
#2352 = MECHANICAL_DESIGN_GEOMETRIC_PRESENTATION_REPRESENTATION (  '', ( #1544 ), #3391 ) ;
#2353 = CARTESIAN_POINT ( 'NONE',  ( 0.3066672104424770229, 0.01738160928729471505, -0.3599999999999998201 ) ) ;
#2354 = ORIENTED_EDGE ( 'NONE', *, *, #3057, .F. ) ;
#2355 = STYLED_ITEM ( 'NONE', ( #299 ), #1151 ) ;
#2356 = LINE ( 'NONE', #4279, #3191 ) ;
#2357 = CARTESIAN_POINT ( 'NONE',  ( -0.4015567139837757371, -0.09151626162057617531, -0.3599999999999998757 ) ) ;
#2358 = LINE ( 'NONE', #2437, #5025 ) ;
#2359 = LINE ( 'NONE', #87, #460 ) ;
#2360 = DIRECTION ( 'NONE',  ( -1.000000000000000000, 0.000000000000000000, 0.000000000000000000 ) ) ;
#2361 = B_SPLINE_CURVE_WITH_KNOTS ( 'NONE', 3,
 ( #1468, #667, #1391, #631, #1849, #1056, #4605, #1869, #1009, #695, #2964, #4940, #4116, #288, #3336, #4135, #1106, #3402, #4501 ),
 .UNSPECIFIED., .F., .F.,
 ( 4, 1, 1, 1, 1, 1, 1, 1, 1, 1, 1, 1, 1, 1, 1, 1, 4 ),
 ( 0.000000000000000000, 0.06806869584499398995, 0.1334274328189550829, 0.1961460338131565395, 0.2570485924493127738, 0.3168826631591620813, 0.3761872086663216042, 0.4359603353635461143, 0.4965352368627262702, 0.5574653434807333996, 0.6176868634101471134, 0.6779436406969063800, 0.7388052848060405742, 0.8009493367665843078, 0.8648146674702267278, 0.9310247810786573819, 1.000000000000000000 ),
 .UNSPECIFIED. ) ;
#2362 = PRESENTATION_LAYER_ASSIGNMENT (  '', '', ( #4816 ) ) ;
#2363 = DIRECTION ( 'NONE',  ( 0.000000000000000000, -1.000000000000000000, 0.000000000000000000 ) ) ;
#2364 = CARTESIAN_POINT ( 'NONE',  ( 0.1441835105908630676, 0.1593660694995462923, -0.3599999999999999867 ) ) ;
#2365 = COLOUR_RGB ( '',0.2509803921568627416, 0.2509803921568627416, 0.2509803921568627416 ) ;
#2366 =( NAMED_UNIT ( * ) SI_UNIT ( $, .STERADIAN. ) SOLID_ANGLE_UNIT ( ) );
#2367 = VECTOR ( 'NONE', #4395, 1000.000000000000114 ) ;
#2368 = EDGE_CURVE ( 'NONE', #2924, #4134, #3137, .T. ) ;
#2369 = CARTESIAN_POINT ( 'NONE',  ( -2.705000000000000071, 1.050000000000000044, -0.3699999999999999956 ) ) ;
#2370 = FILL_AREA_STYLE ('',( #4715 ) ) ;
#2371 = ORIENTED_EDGE ( 'NONE', *, *, #1180, .T. ) ;
#2372 = COLOUR_RGB ( '',0.2509803921568627416, 0.2509803921568627416, 0.2509803921568627416 ) ;
#2373 = PLANE ( 'NONE',  #79 ) ;
#2374 = EDGE_CURVE ( 'NONE', #4456, #4396, #439, .T. ) ;
#2375 = CARTESIAN_POINT ( 'NONE',  ( 0.1608836066567985446, -0.1149503580528060537, -0.3699999999999999956 ) ) ;
#2376 = EDGE_LOOP ( 'NONE', ( #4835, #4532, #3002, #3815, #4913, #775, #2768, #4420 ) ) ;
#2377 = PRODUCT ( 'TO-277A_L5.9-W4.4-LS6.5-TR', 'TO-277A_L5.9-W4.4-LS6.5-TR', '', ( #245 ) ) ;
#2378 = MECHANICAL_DESIGN_GEOMETRIC_PRESENTATION_REPRESENTATION (  '', ( #2462 ), #1408 ) ;
#2379 = CARTESIAN_POINT ( 'NONE',  ( -0.5850005396846648109, 0.09815939804475490305, -0.3599999999999999867 ) ) ;
#2380 = DIRECTION ( 'NONE',  ( -0.000000000000000000, -0.000000000000000000, 1.000000000000000000 ) ) ;
#2381 = FILL_AREA_STYLE ('',( #817 ) ) ;
#2382 = ORIENTED_EDGE ( 'NONE', *, *, #263, .F. ) ;
#2383 = COLOUR_RGB ( '',0.000000000000000000, 0.000000000000000000, 0.000000000000000000 ) ;
#2384 = CYLINDRICAL_SURFACE ( 'NONE', #2798, 0.1824730906783015028 ) ;
#2385 = CARTESIAN_POINT ( 'NONE',  ( 2.955000000000000071, 2.220000000000000195, 0.000000000000000000 ) ) ;
#2386 = CARTESIAN_POINT ( 'NONE',  ( 0.02534625909582290462, 0.1557813492642670938, -0.3599999999999999867 ) ) ;
#2387 = ORIENTED_EDGE ( 'NONE', *, *, #5020, .T. ) ;
#2388 = MECHANICAL_DESIGN_GEOMETRIC_PRESENTATION_REPRESENTATION (  '', ( #1982 ), #334 ) ;
#2389 = VECTOR ( 'NONE', #2430, 1000.000000000000000 ) ;
#2390 = LINE ( 'NONE', #4710, #37 ) ;
#2391 = ORIENTED_EDGE ( 'NONE', *, *, #118, .F. ) ;
#2392 = DIRECTION ( 'NONE',  ( 1.000000000000000000, 0.000000000000000000, 0.000000000000000000 ) ) ;
#2393 = CARTESIAN_POINT ( 'NONE',  ( -0.6844098384651525757, -0.1442186507357328673, -0.3699999999999999956 ) ) ;
#2394 = ORIENTED_EDGE ( 'NONE', *, *, #655, .T. ) ;
#2395 = CARTESIAN_POINT ( 'NONE',  ( 0.08664054350032754370, -0.09729630723304658058, -0.3699999999999999956 ) ) ;
#2396 = MANIFOLD_SOLID_BREP ( '°ü¸²2', #2560 ) ;
#2397 = EDGE_CURVE ( 'NONE', #881, #3162, #2954, .T. ) ;
#2398 = EDGE_CURVE ( 'NONE', #5002, #161, #5056, .T. ) ;
#2399 = DIRECTION ( 'NONE',  ( 0.000000000000000000, 0.000000000000000000, -1.000000000000000000 ) ) ;
#2400 = ORIENTED_EDGE ( 'NONE', *, *, #1344, .T. ) ;
#2401 = ORIENTED_EDGE ( 'NONE', *, *, #2016, .T. ) ;
#2402 = EDGE_CURVE ( 'NONE', #2865, #4456, #153, .T. ) ;
#2403 = PRESENTATION_STYLE_ASSIGNMENT (( #844 ) ) ;
#2404 =( LENGTH_UNIT ( ) NAMED_UNIT ( * ) SI_UNIT ( .MILLI., .METRE. ) );
#2405 = PRESENTATION_LAYER_ASSIGNMENT (  '', '', ( #2663 ) ) ;
#2406 = DIRECTION ( 'NONE',  ( -0.08682659386424779191, -0.08682659386424779191, -0.9924325091389669673 ) ) ;
#2407 = CARTESIAN_POINT ( 'NONE',  ( -0.5907741677334452657, 0.1191959834106085941, -0.3699999999999999956 ) ) ;
#2408 = ORIENTED_EDGE ( 'NONE', *, *, #1002, .F. ) ;
#2409 = DIRECTION ( 'NONE',  ( -1.000000000000000000, 0.000000000000000000, 0.000000000000000000 ) ) ;
#2410 = LINE ( 'NONE', #1651, #495 ) ;
#2411 = CARTESIAN_POINT ( 'NONE',  ( 0.2641343687046827093, 0.1158061972264109174, -0.3699999999999999956 ) ) ;
#2412 = FILL_AREA_STYLE_COLOUR ( '', #4032 ) ;
#2413 = PRESENTATION_STYLE_ASSIGNMENT (( #536 ) ) ;
#2414 = ORIENTED_EDGE ( 'NONE', *, *, #4842, .T. ) ;
#2415 = LINE ( 'NONE', #3624, #1081 ) ;
#2416 = FILL_AREA_STYLE ('',( #2814 ) ) ;
#2417 = VERTEX_POINT ( 'NONE', #3712 ) ;
#2418 = CARTESIAN_POINT ( 'NONE',  ( -0.3091937362501553377, -0.1418176151619261749, -0.3599999999999999867 ) ) ;
#2419 = UNCERTAINTY_MEASURE_WITH_UNIT (LENGTH_MEASURE( 1.000000000000000082E-05 ), #3864, 'distance_accuracy_value', 'NONE');
#2420 = SURFACE_STYLE_USAGE ( .BOTH. , #455 ) ;
#2421 = ORIENTED_EDGE ( 'NONE', *, *, #3115, .T. ) ;
#2422 = CARTESIAN_POINT ( 'NONE',  ( 0.08669786169417338650, -0.1302236451488958668, -0.3599999999999999867 ) ) ;
#2423 = CARTESIAN_POINT ( 'NONE',  ( -0.4247548182130407302, 0.06962250180253479193, -0.3599999999999999867 ) ) ;
#2424 = CARTESIAN_POINT ( 'NONE',  ( 0.1341937371002616952, 0.1587539497198087179, -0.3599999999999999867 ) ) ;
#2425 = ORIENTED_EDGE ( 'NONE', *, *, #1098, .T. ) ;
#2426 = ORIENTED_EDGE ( 'NONE', *, *, #3727, .F. ) ;
#2427 = PRESENTATION_STYLE_ASSIGNMENT (( #1616 ) ) ;
#2428 = CARTESIAN_POINT ( 'NONE',  ( 0.3046346757367298097, 0.03408469680043450106, -0.3599999999999998201 ) ) ;
#2429 = ADVANCED_FACE ( 'NONE', ( #206 ), #3457, .T. ) ;
#2430 = DIRECTION ( 'NONE',  ( -0.000000000000000000, -0.000000000000000000, 1.000000000000000000 ) ) ;
#2431 = ORIENTED_EDGE ( 'NONE', *, *, #2667, .F. ) ;
#2432 = FILL_AREA_STYLE ('',( #1383 ) ) ;
#2433 = CARTESIAN_POINT ( 'NONE',  ( -0.3261109342619269436, 0.1504128445495063193, -0.3699999999999999956 ) ) ;
#2434 = CARTESIAN_POINT ( 'NONE',  ( 0.09113943472675825608, 0.1504952519227987784, -0.3699999999999999956 ) ) ;
#2435 = STYLED_ITEM ( 'NONE', ( #2278 ), #4143 ) ;
#2436 = CARTESIAN_POINT ( 'NONE',  ( 0.2667263277749312156, -0.001806231956659383811, -0.3699999999999999956 ) ) ;
#2437 = CARTESIAN_POINT ( 'NONE',  ( -0.01489764334320145545, 0.1228545199959744372, -0.3699999999999999956 ) ) ;
#2438 = CARTESIAN_POINT ( 'NONE',  ( 0.08388284446167661168, 0.1073057395081695176, -0.3699999999999999956 ) ) ;
#2439 = EDGE_CURVE ( 'NONE', #4088, #1026, #1964, .T. ) ;
#2440 = PLANE ( 'NONE',  #42 ) ;
#2441 = VECTOR ( 'NONE', #4690, 1000.000000000000000 ) ;
#2442 = PRESENTATION_LAYER_ASSIGNMENT (  '', '', ( #723 ) ) ;
#2443 =( GEOMETRIC_REPRESENTATION_CONTEXT ( 3 ) GLOBAL_UNCERTAINTY_ASSIGNED_CONTEXT ( ( #1043 ) ) GLOBAL_UNIT_ASSIGNED_CONTEXT ( ( #3605, #1322, #4442 ) ) REPRESENTATION_CONTEXT ( 'NONE', 'WORKASPACE' ) );
#2444 = EDGE_LOOP ( 'NONE', ( #440, #920, #1132, #214 ) ) ;
#2445 = VECTOR ( 'NONE', #4552, 1000.000000000000000 ) ;
#2446 = CARTESIAN_POINT ( 'NONE',  ( 0.2411336351349273044, 0.1350043760190603459, -0.3599999999999999867 ) ) ;
#2447 = DIRECTION ( 'NONE',  ( -1.000000000000000000, 3.942553354492744024E-16, -0.000000000000000000 ) ) ;
#2448 = FACE_OUTER_BOUND ( 'NONE', #615, .T. ) ;
#2449 = EDGE_LOOP ( 'NONE', ( #150, #4040, #3322, #864 ) ) ;
#2450 = DIRECTION ( 'NONE',  ( 0.000000000000000000, -1.000000000000000000, 0.000000000000000000 ) ) ;
#2451 = VECTOR ( 'NONE', #4503, 1000.000000000000000 ) ;
#2452 = PLANE ( 'NONE',  #4226 ) ;
#2453 = ORIENTED_EDGE ( 'NONE', *, *, #3202, .F. ) ;
#2454 = PRESENTATION_LAYER_ASSIGNMENT (  '', '', ( #3750 ) ) ;
#2455 = DIRECTION ( 'NONE',  ( 0.000000000000000000, -1.000000000000000000, 0.000000000000000000 ) ) ;
#2456 = EDGE_LOOP ( 'NONE', ( #370, #5024, #1740, #266 ) ) ;
#2457 =( NAMED_UNIT ( * ) PLANE_ANGLE_UNIT ( ) SI_UNIT ( $, .RADIAN. ) );
#2458 = STYLED_ITEM ( 'NONE', ( #2552 ), #2783 ) ;
#2459 = UNCERTAINTY_MEASURE_WITH_UNIT (LENGTH_MEASURE( 1.000000000000000082E-05 ), #300, 'distance_accuracy_value', 'NONE');
#2460 = LINE ( 'NONE', #870, #4599 ) ;
#2461 = EDGE_LOOP ( 'NONE', ( #2639, #2371, #1724, #2325 ) ) ;
#2462 = STYLED_ITEM ( 'NONE', ( #4123 ), #1935 ) ;
#2463 = CARTESIAN_POINT ( 'NONE',  ( -0.2843383184167648237, 0.1556585016784924613, -0.3699999999999999956 ) ) ;
#2464 = VECTOR ( 'NONE', #671, 1000.000000000000000 ) ;
#2465 = EDGE_CURVE ( 'NONE', #4231, #3155, #4454, .T. ) ;
#2466 =( NAMED_UNIT ( * ) SI_UNIT ( $, .STERADIAN. ) SOLID_ANGLE_UNIT ( ) );
#2467 = LINE ( 'NONE', #1954, #3317 ) ;
#2468 = CARTESIAN_POINT ( 'NONE',  ( -0.3543044125856724125, 0.1405477875670739230, -0.3699999999999999956 ) ) ;
#2469 = AXIS2_PLACEMENT_3D ( 'NONE', #690, #2592, #3394 ) ;
#2470 = SURFACE_STYLE_FILL_AREA ( #4360 ) ;
#2471 = CARTESIAN_POINT ( 'NONE',  ( 0.2555645717649959181, -0.05625662400186551282, -0.3699999999999999956 ) ) ;
#2472 = MECHANICAL_DESIGN_GEOMETRIC_PRESENTATION_REPRESENTATION (  '', ( #4011 ), #4844 ) ;
#2473 = EDGE_CURVE ( 'NONE', #1729, #257, #1756, .T. ) ;
#2474 = SURFACE_SIDE_STYLE ('',( #908 ) ) ;
#2475 = FILL_AREA_STYLE ('',( #3938 ) ) ;
#2476 = VECTOR ( 'NONE', #1271, 1000.000000000000000 ) ;
#2477 =( GEOMETRIC_REPRESENTATION_CONTEXT ( 3 ) GLOBAL_UNCERTAINTY_ASSIGNED_CONTEXT ( ( #127 ) ) GLOBAL_UNIT_ASSIGNED_CONTEXT ( ( #1620, #3598, #3306 ) ) REPRESENTATION_CONTEXT ( 'NONE', 'WORKASPACE' ) );
#2478 = CARTESIAN_POINT ( 'NONE',  ( 0.08664054350032754370, -0.09729630723304658058, -0.3599999999999999867 ) ) ;
#2479 = ORIENTED_EDGE ( 'NONE', *, *, #4960, .T. ) ;
#2480 = PLANE ( 'NONE',  #1412 ) ;
#2481 = CARTESIAN_POINT ( 'NONE',  ( 0.2667057793861358772, 0.007213957034917484711, -0.3599999999999999867 ) ) ;
#2482 = CARTESIAN_POINT ( 'NONE',  ( 0.3048745831034839204, -0.03147356978802472866, -0.3599999999999997646 ) ) ;
#2483 = ORIENTED_EDGE ( 'NONE', *, *, #1782, .F. ) ;
#2484 = AXIS2_PLACEMENT_3D ( 'NONE', #4276, #4680, #3290 ) ;
#2485 = UNCERTAINTY_MEASURE_WITH_UNIT (LENGTH_MEASURE( 1.000000000000000082E-05 ), #4093, 'distance_accuracy_value', 'NONE');
#2486 = CARTESIAN_POINT ( 'NONE',  ( 0.1100661703026094285, -0.1075973421604590197, -0.3699999999999999956 ) ) ;
#2487 = CARTESIAN_POINT ( 'NONE',  ( 0.1509931094452620082, 0.1594148825189504182, -0.3699999999999999956 ) ) ;
#2488 = VERTEX_POINT ( 'NONE', #4924 ) ;
#2489 = DIRECTION ( 'NONE',  ( -1.000000000000000000, 0.000000000000000000, 0.000000000000000000 ) ) ;
#2490 = ORIENTED_EDGE ( 'NONE', *, *, #4881, .F. ) ;
#2491 = DIRECTION ( 'NONE',  ( 0.000000000000000000, 0.000000000000000000, -1.000000000000000000 ) ) ;
#2492 = CARTESIAN_POINT ( 'NONE',  ( -0.3642224492380368162, -0.07987519311996330029, -0.3699999999999999956 ) ) ;
#2493 = EDGE_LOOP ( 'NONE', ( #3260, #600, #1632, #914 ) ) ;
#2494 = PLANE ( 'NONE',  #3853 ) ;
#2495 = CARTESIAN_POINT ( 'NONE',  ( 0.2628997058309910373, -0.03469801282502854578, -0.3599999999999999867 ) ) ;
#2496 = CARTESIAN_POINT ( 'NONE',  ( 0.08388284446167661168, 0.1073057395081695176, -0.3599999999999999867 ) ) ;
#2497 = EDGE_CURVE ( 'NONE', #30, #244, #1207, .T. ) ;
#2498 = DIRECTION ( 'NONE',  ( -1.000000000000000000, 0.000000000000000000, 0.000000000000000000 ) ) ;
#2499 = ADVANCED_FACE ( 'NONE', ( #4090 ), #1779, .T. ) ;
#2500 = UNCERTAINTY_MEASURE_WITH_UNIT (LENGTH_MEASURE( 1.000000000000000082E-05 ), #1684, 'distance_accuracy_value', 'NONE');
#2501 = CARTESIAN_POINT ( 'NONE',  ( 0.1938551448260234511, -0.1106969391237354605, -0.3599999999999999867 ) ) ;
#2502 = SURFACE_SIDE_STYLE ('',( #3995 ) ) ;
#2503 = ORIENTED_EDGE ( 'NONE', *, *, #2640, .T. ) ;
#2504 = EDGE_CURVE ( 'NONE', #2900, #1602, #2187, .T. ) ;
#2505 = CARTESIAN_POINT ( 'NONE',  ( 0.2857763610072547866, -0.08544890808992541831, -0.3599999999999997646 ) ) ;
#2506 = ORIENTED_EDGE ( 'NONE', *, *, #3063, .T. ) ;
#2507 = SURFACE_STYLE_FILL_AREA ( #3284 ) ;
#2508 = CARTESIAN_POINT ( 'NONE',  ( 0.1155971785596784374, 0.1565398505835829956, -0.3699999999999999956 ) ) ;
#2509 = ORIENTED_EDGE ( 'NONE', *, *, #384, .F. ) ;
#2510 = FILL_AREA_STYLE ('',( #2988 ) ) ;
#2511 = VERTEX_POINT ( 'NONE', #4341 ) ;
#2512 = VECTOR ( 'NONE', #4222, 1000.000000000000000 ) ;
#2513 = DIRECTION ( 'NONE',  ( -0.000000000000000000, -0.000000000000000000, 1.000000000000000000 ) ) ;
#2514 = UNCERTAINTY_MEASURE_WITH_UNIT (LENGTH_MEASURE( 1.000000000000000082E-05 ), #1130, 'distance_accuracy_value', 'NONE');
#2515 = CARTESIAN_POINT ( 'NONE',  ( 0.1889296218799201565, 0.1220534130824724728, -0.3600000000000000422 ) ) ;
#2516 = FILL_AREA_STYLE ('',( #943 ) ) ;
#2517 = VERTEX_POINT ( 'NONE', #4694 ) ;
#2518 = CARTESIAN_POINT ( 'NONE',  ( -0.2344098384651526479, 0.000000000000000000, -0.3599999999999999867 ) ) ;
#2519 = DIRECTION ( 'NONE',  ( 0.000000000000000000, 0.000000000000000000, 1.000000000000000000 ) ) ;
#2520 = CARTESIAN_POINT ( 'NONE',  ( -0.4575805701724697250, -0.1442186507357328673, -0.3699999999999999956 ) ) ;
#2521 = CARTESIAN_POINT ( 'NONE',  ( 0.1833502037326852074, -0.1131417621677787561, -0.3699999999999999956 ) ) ;
#2522 = PRESENTATION_LAYER_ASSIGNMENT (  '', '', ( #3243 ) ) ;
#2523 =( NAMED_UNIT ( * ) SI_UNIT ( $, .STERADIAN. ) SOLID_ANGLE_UNIT ( ) );
#2524 = EDGE_LOOP ( 'NONE', ( #1714, #3297, #2141, #2717 ) ) ;
#2525 = MECHANICAL_DESIGN_GEOMETRIC_PRESENTATION_REPRESENTATION (  '', ( #2435 ), #212 ) ;
#2526 = DIRECTION ( 'NONE',  ( 0.000000000000000000, 0.000000000000000000, -1.000000000000000000 ) ) ;
#2527 = B_SPLINE_CURVE_WITH_KNOTS ( 'NONE', 3,
 ( #4460, #511, #2860, #4415, #4765, #955, #1267, #3249, #909, #2478, #4825 ),
 .UNSPECIFIED., .F., .F.,
 ( 4, 1, 1, 1, 1, 1, 1, 1, 4 ),
 ( 0.000000000000000000, 0.1352946047634291660, 0.2667656579247484339, 0.3948160188358723621, 0.5200516544342456138, 0.6421757029708219378, 0.7626518205584231769, 0.8818340043805017459, 1.000000000000000000 ),
 .UNSPECIFIED. ) ;
#2528 = CARTESIAN_POINT ( 'NONE',  ( 0.4863218688519204691, 0.1557813492642670938, -0.3699999999999999956 ) ) ;
#2529 = DIRECTION ( 'NONE',  ( -1.953517427901809713E-16, 1.000000000000000000, -0.000000000000000000 ) ) ;
#2530 = VERTEX_POINT ( 'NONE', #4714 ) ;
#2531 = FILL_AREA_STYLE ('',( #4150 ) ) ;
#2532 = AXIS2_PLACEMENT_3D ( 'NONE', #2631, #2607, #1111 ) ;
#2533 = AXIS2_PLACEMENT_3D ( 'NONE', #3846, #1462, #335 ) ;
#2534 = EDGE_CURVE ( 'NONE', #184, #4906, #3478, .T. ) ;
#2535 = SURFACE_STYLE_FILL_AREA ( #4494 ) ;
#2536 = VECTOR ( 'NONE', #343, 1000.000000000000000 ) ;
#2537 = ORIENTED_EDGE ( 'NONE', *, *, #4733, .F. ) ;
#2538 = VECTOR ( 'NONE', #3384, 1000.000000000000000 ) ;
#2539 = EDGE_CURVE ( 'NONE', #1272, #3735, #2817, .T. ) ;
#2540 = COLOUR_RGB ( '',0.7529411764705882248, 0.7529411764705882248, 0.7529411764705882248 ) ;
#2541 = CARTESIAN_POINT ( 'NONE',  ( 0.1541381798275302528, 0.1265130565813402663, -0.3699999999999999956 ) ) ;
#2542 = SURFACE_SIDE_STYLE ('',( #555 ) ) ;
#2543 = EDGE_LOOP ( 'NONE', ( #3970, #1194, #2978, #462 ) ) ;
#2544 = CARTESIAN_POINT ( 'NONE',  ( -0.3910568138838307339, 0.1162614829846664449, -0.3699999999999999956 ) ) ;
#2545 = MECHANICAL_DESIGN_GEOMETRIC_PRESENTATION_REPRESENTATION (  '', ( #3830 ), #2218 ) ;
#2546 = PRESENTATION_STYLE_ASSIGNMENT (( #1060 ) ) ;
#2547 = PRESENTATION_STYLE_ASSIGNMENT (( #3309 ) ) ;
#2548 = DIRECTION ( 'NONE',  ( 1.000000000000000000, -1.096538227545390183E-16, 0.000000000000000000 ) ) ;
#2549 = SURFACE_STYLE_FILL_AREA ( #3382 ) ;
#2550 = ORIENTED_EDGE ( 'NONE', *, *, #1957, .T. ) ;
#2551 = COLOUR_RGB ( '',0.000000000000000000, 0.000000000000000000, 0.000000000000000000 ) ;
#2552 = PRESENTATION_STYLE_ASSIGNMENT (( #1854 ) ) ;
#2553 = PRESENTATION_LAYER_ASSIGNMENT (  '', '', ( #247 ) ) ;
#2554 = STYLED_ITEM ( 'NONE', ( #493 ), #736 ) ;
#2555 = DIRECTION ( 'NONE',  ( 0.000000000000000000, 0.000000000000000000, -1.000000000000000000 ) ) ;
#2556 = PRESENTATION_LAYER_ASSIGNMENT (  '', '', ( #2976 ) ) ;
#2557 = MECHANICAL_DESIGN_GEOMETRIC_PRESENTATION_REPRESENTATION (  '', ( #4009 ), #4593 ) ;
#2558 = VERTEX_POINT ( 'NONE', #1583 ) ;
#2559 =( NAMED_UNIT ( * ) PLANE_ANGLE_UNIT ( ) SI_UNIT ( $, .RADIAN. ) );
#2560 = CLOSED_SHELL ( 'NONE', ( #1212, #2259, #1317, #423, #1540, #3515, #3442, #682, #4804, #4143, #3116, #4704, #2752, #4282, #3145, #1716, #1067, #187, #3948, #192, #1178, #2783, #3916, #736, #1035, #2699, #186, #2499, #2118, #26, #92, #1783, #1933, #1586, #1482, #1151, #3603, #3666, #91, #4203, #965, #1992, #3122, #957, #4175, #3772, #1935, #2429, #4773, #4340, #839, #2819, #3230, #3763, #3705, #3174, #513, #1246, #1789, #2887, #2226, #581, #4559, #5017, #1967, #3352, #1991, #1203, #3736, #543, #262, #3273, #3541, #3484, #2603, #3234, #1622, #1755, #1939, #713, #4843, #3571, #3017, #4703, #2345, #3295, #4113, #1692, #3140, #2694, #2951, #2276, #316, #2025, #3378, #2017, #2695 ) ) ;
#2561 = FILL_AREA_STYLE_COLOUR ( '', #2795 ) ;
#2562 = LINE ( 'NONE', #3581, #4744 ) ;
#2563 = CARTESIAN_POINT ( 'NONE',  ( 0.000000000000000000, -0.1442186507357328673, -0.3599999999999999867 ) ) ;
#2564 = FILL_AREA_STYLE_COLOUR ( '', #1164 ) ;
#2565 = ORIENTED_EDGE ( 'NONE', *, *, #2846, .T. ) ;
#2566 =( NAMED_UNIT ( * ) PLANE_ANGLE_UNIT ( ) SI_UNIT ( $, .RADIAN. ) );
#2567 = CARTESIAN_POINT ( 'NONE',  ( 0.3326633322665546455, -0.1442186507357328673, -0.3699999999999999956 ) ) ;
#2568 = CARTESIAN_POINT ( 'NONE',  ( 0.000000000000000000, 0.000000000000000000, 0.000000000000000000 ) ) ;
#2569 = PRESENTATION_STYLE_ASSIGNMENT (( #1166 ) ) ;
#2570 = PRESENTATION_LAYER_ASSIGNMENT (  '', '', ( #4351 ) ) ;
#2571 = ORIENTED_EDGE ( 'NONE', *, *, #1375, .F. ) ;
#2572 = EDGE_CURVE ( 'NONE', #2069, #1494, #33, .T. ) ;
#2573 = CARTESIAN_POINT ( 'NONE',  ( 0.2650783173411573324, 0.02941851072211622981, -0.3699999999999999956 ) ) ;
#2574 = CARTESIAN_POINT ( 'NONE',  ( -0.3878042822774080967, -0.04175423544607553134, -0.3599999999999999312 ) ) ;
#2575 = EDGE_CURVE ( 'NONE', #1217, #2110, #1634, .T. ) ;
#2576 = EDGE_LOOP ( 'NONE', ( #399, #4444, #2571, #3674 ) ) ;
#2577 = LINE ( 'NONE', #1851, #3248 ) ;
#2578 = CARTESIAN_POINT ( 'NONE',  ( 2.149999999999999911, -1.674999999999999822, 0.000000000000000000 ) ) ;
#2579 = CARTESIAN_POINT ( 'NONE',  ( -2.705000000000000071, 1.674999999999998934, -0.3499999999999999778 ) ) ;
#2580 = ORIENTED_EDGE ( 'NONE', *, *, #931, .F. ) ;
#2581 =( NAMED_UNIT ( * ) SI_UNIT ( $, .STERADIAN. ) SOLID_ANGLE_UNIT ( ) );
#2582 = CARTESIAN_POINT ( 'NONE',  ( -0.5402406311480795198, -0.02714548000402556768, -0.3699999999999999956 ) ) ;
#2583 = SURFACE_STYLE_FILL_AREA ( #4208 ) ;
#2584 = MECHANICAL_DESIGN_GEOMETRIC_PRESENTATION_REPRESENTATION (  '', ( #2663 ), #2741 ) ;
#2585 = LINE ( 'NONE', #4121, #217 ) ;
#2586 = ORIENTED_EDGE ( 'NONE', *, *, #2094, .T. ) ;
#2587 = LINE ( 'NONE', #1353, #4267 ) ;
#2588 = ORIENTED_EDGE ( 'NONE', *, *, #2338, .T. ) ;
#2589 =( NAMED_UNIT ( * ) PLANE_ANGLE_UNIT ( ) SI_UNIT ( $, .RADIAN. ) );
#2590 = CARTESIAN_POINT ( 'NONE',  ( 0.3326633322665546455, -0.1112918214674401829, -0.3699999999999999956 ) ) ;
#2591 = FACE_OUTER_BOUND ( 'NONE', #1788, .T. ) ;
#2592 = DIRECTION ( 'NONE',  ( -0.000000000000000000, 1.000000000000000000, 0.000000000000000000 ) ) ;
#2593 = FILL_AREA_STYLE ('',( #2987 ) ) ;
#2594 = SURFACE_STYLE_FILL_AREA ( #2510 ) ;
#2595 = UNCERTAINTY_MEASURE_WITH_UNIT (LENGTH_MEASURE( 1.000000000000000082E-05 ), #276, 'distance_accuracy_value', 'NONE');
#2596 = ORIENTED_EDGE ( 'NONE', *, *, #287, .F. ) ;
#2597 = UNCERTAINTY_MEASURE_WITH_UNIT (LENGTH_MEASURE( 1.000000000000000082E-05 ), #1795, 'distance_accuracy_value', 'NONE');
#2598 = CARTESIAN_POINT ( 'NONE',  ( -0.3952871140465268884, 0.01329301114699041678, -0.3699999999999999956 ) ) ;
#2599 = CARTESIAN_POINT ( 'NONE',  ( 0.2665034621458938213, 0.01623757769637020065, -0.3699999999999999956 ) ) ;
#2600 = VECTOR ( 'NONE', #1953, 1000.000000000000000 ) ;
#2601 = CARTESIAN_POINT ( 'NONE',  ( -0.3911987879255714451, -0.03023160741535454651, -0.3699999999999999956 ) ) ;
#2602 = ORIENTED_EDGE ( 'NONE', *, *, #474, .T. ) ;
#2603 = ADVANCED_FACE ( 'NONE', ( #4314 ), #766, .T. ) ;
#2604 = CARTESIAN_POINT ( 'NONE',  ( 0.1861107637981004870, 0.1569521269146952891, -0.3699999999999999956 ) ) ;
#2605 = CARTESIAN_POINT ( 'NONE',  ( 0.000000000000000000, 0.000000000000000000, -0.3599999999999999867 ) ) ;
#2606 = EDGE_LOOP ( 'NONE', ( #4777, #3637, #878, #4894 ) ) ;
#2607 = DIRECTION ( 'NONE',  ( -0.000000000000000000, 0.000000000000000000, 1.000000000000000000 ) ) ;
#2608 = CARTESIAN_POINT ( 'NONE',  ( 0.2377095126741098075, -0.08332128952234961472, -0.3699999999999999956 ) ) ;
#2609 = DIRECTION ( 'NONE',  ( 1.000000000000000000, 0.000000000000000000, 0.000000000000000000 ) ) ;
#2610 = EDGE_CURVE ( 'NONE', #1796, #3945, #833, .T. ) ;
#2611 = CARTESIAN_POINT ( 'NONE',  ( -0.5876761497311044913, 0.1073694352411243974, -0.3699999999999999956 ) ) ;
#2612 = ORIENTED_EDGE ( 'NONE', *, *, #3796, .T. ) ;
#2613 = UNCERTAINTY_MEASURE_WITH_UNIT (LENGTH_MEASURE( 1.000000000000000082E-05 ), #3635, 'distance_accuracy_value', 'NONE');
#2614 = SURFACE_SIDE_STYLE ('',( #1356 ) ) ;
#2615 = PRESENTATION_LAYER_ASSIGNMENT (  '', '', ( #2435 ) ) ;
#2616 = FACE_OUTER_BOUND ( 'NONE', #2095, .T. ) ;
#2617 = CARTESIAN_POINT ( 'NONE',  ( -2.955000000000000071, 2.220000000000000195, -0.3499999999999999778 ) ) ;
#2618 = SURFACE_SIDE_STYLE ('',( #4128 ) ) ;
#2619 = ORIENTED_EDGE ( 'NONE', *, *, #4734, .T. ) ;
#2620 = COLOUR_RGB ( '',0.7529411764705882248, 0.7529411764705882248, 0.7529411764705882248 ) ;
#2621 = CARTESIAN_POINT ( 'NONE',  ( -0.3875747195352416963, 0.05845489370278813407, -0.3599999999999999867 ) ) ;
#2622 = VECTOR ( 'NONE', #2304, 1000.000000000000000 ) ;
#2623 = COLOUR_RGB ( '',0.000000000000000000, 0.000000000000000000, 0.000000000000000000 ) ;
#2624 =( LENGTH_UNIT ( ) NAMED_UNIT ( * ) SI_UNIT ( .MILLI., .METRE. ) );
#2625 = LINE ( 'NONE', #4941, #4670 ) ;
#2626 =( LENGTH_UNIT ( ) NAMED_UNIT ( * ) SI_UNIT ( .MILLI., .METRE. ) );
#2627 = SURFACE_STYLE_FILL_AREA ( #3294 ) ;
#2628 = AXIS2_PLACEMENT_3D ( 'NONE', #3433, #3012, #2240 ) ;
#2629 = SURFACE_STYLE_FILL_AREA ( #696 ) ;
#2630 =( LENGTH_UNIT ( ) NAMED_UNIT ( * ) SI_UNIT ( .MILLI., .METRE. ) );
#2631 = CARTESIAN_POINT ( 'NONE',  ( 2.333112642880053045, -1.737640255338846140, 0.7400000000000001021 ) ) ;
#2632 = DIRECTION ( 'NONE',  ( -0.000000000000000000, -1.000000000000000000, -0.000000000000000000 ) ) ;
#2633 =( GEOMETRIC_REPRESENTATION_CONTEXT ( 3 ) GLOBAL_UNCERTAINTY_ASSIGNED_CONTEXT ( ( #3266 ) ) GLOBAL_UNIT_ASSIGNED_CONTEXT ( ( #3320, #1484, #5016 ) ) REPRESENTATION_CONTEXT ( 'NONE', 'WORKASPACE' ) );
#2634 = CARTESIAN_POINT ( 'NONE',  ( 0.2187131976151631130, 0.1077669466016128036, -0.3699999999999999956 ) ) ;
#2635 = EDGE_CURVE ( 'NONE', #860, #3722, #3448, .T. ) ;
#2636 = EDGE_CURVE ( 'NONE', #4906, #2005, #3998, .T. ) ;
#2637 =( NAMED_UNIT ( * ) SI_UNIT ( $, .STERADIAN. ) SOLID_ANGLE_UNIT ( ) );
#2638 = PLANE ( 'NONE',  #1710 ) ;
#2639 = ORIENTED_EDGE ( 'NONE', *, *, #4240, .T. ) ;
#2640 = EDGE_CURVE ( 'NONE', #2865, #1916, #3582, .T. ) ;
#2641 = CARTESIAN_POINT ( 'NONE',  ( 0.1544811676324083227, 0.1594398858496329507, -0.3699999999999999956 ) ) ;
#2642 = UNCERTAINTY_MEASURE_WITH_UNIT (LENGTH_MEASURE( 1.000000000000000082E-05 ), #1989, 'distance_accuracy_value', 'NONE');
#2643 = CARTESIAN_POINT ( 'NONE',  ( -0.6540554177334452213, -0.06007230927231824863, -0.3699999999999999956 ) ) ;
#2644 = VECTOR ( 'NONE', #697, 1000.000000000000000 ) ;
#2645 = DIRECTION ( 'NONE',  ( 0.000000000000000000, 0.000000000000000000, -1.000000000000000000 ) ) ;
#2646 =( LENGTH_UNIT ( ) NAMED_UNIT ( * ) SI_UNIT ( .MILLI., .METRE. ) );
#2647 = ORIENTED_EDGE ( 'NONE', *, *, #4045, .F. ) ;
#2648 = PRESENTATION_LAYER_ASSIGNMENT (  '', '', ( #156 ) ) ;
#2649 = AXIS2_PLACEMENT_3D ( 'NONE', #4441, #3247, #932 ) ;
#2650 = STYLED_ITEM ( 'NONE', ( #3086 ), #1586 ) ;
#2651 = LINE ( 'NONE', #4188, #3165 ) ;
#2652 = CARTESIAN_POINT ( 'NONE',  ( -0.3034610030582222673, 0.1212588183141980747, -0.3599999999999999867 ) ) ;
#2653 = MECHANICAL_DESIGN_GEOMETRIC_PRESENTATION_REPRESENTATION (  '', ( #1668 ), #3685 ) ;
#2654 = B_SPLINE_CURVE_WITH_KNOTS ( 'NONE', 3,
 ( #2734, #3908, #5066, #2805, #3126, #1204, #4359 ),
 .UNSPECIFIED., .F., .F.,
 ( 4, 1, 1, 1, 4 ),
 ( 0.000000000000000000, 0.3005411131585108975, 0.5677471464836001402, 0.8000336137369825629, 0.9999999999999998890 ),
 .UNSPECIFIED. ) ;
#2655 = LINE ( 'NONE', #3822, #3594 ) ;
#2656 = FILL_AREA_STYLE ('',( #1469 ) ) ;
#2657 = CARTESIAN_POINT ( 'NONE',  ( 0.1705289743607911190, 0.1590665054320865579, -0.3699999999999999956 ) ) ;
#2658 = CARTESIAN_POINT ( 'NONE',  ( -2.955000000000000071, 2.220000000000000195, 0.000000000000000000 ) ) ;
#2659 = DIRECTION ( 'NONE',  ( -1.000000000000000000, 0.000000000000000000, -0.000000000000000000 ) ) ;
#2660 = CARTESIAN_POINT ( 'NONE',  ( 0.2977636320302595174, -0.06009591939553122347, -0.3599999999999999867 ) ) ;
#2661 = CARTESIAN_POINT ( 'NONE',  ( -0.5911901765341632808, 0.1168897712193104621, -0.3599999999999999867 ) ) ;
#2662 = DIRECTION ( 'NONE',  ( -0.000000000000000000, -0.000000000000000000, 1.000000000000000000 ) ) ;
#2663 = STYLED_ITEM ( 'NONE', ( #1266 ), #513 ) ;
#2664 = LINE ( 'NONE', #3062, #2117 ) ;
#2665 = LINE ( 'NONE', #3425, #280 ) ;
#2666 = ORIENTED_EDGE ( 'NONE', *, *, #17, .F. ) ;
#2667 = EDGE_CURVE ( 'NONE', #4129, #4326, #1352, .T. ) ;
#2668 = DIRECTION ( 'NONE',  ( -1.000000000000000000, 1.971276677246372012E-16, 0.000000000000000000 ) ) ;
#2669 = SURFACE_STYLE_FILL_AREA ( #4600 ) ;
#2670 = COLOUR_RGB ( '',0.000000000000000000, 0.000000000000000000, 0.000000000000000000 ) ;
#2671 = SURFACE_STYLE_USAGE ( .BOTH. , #337 ) ;
#2672 = CARTESIAN_POINT ( 'NONE',  ( -0.5954045030992989318, 0.09815939804475490305, -0.3699999999999999956 ) ) ;
#2673 = ORIENTED_EDGE ( 'NONE', *, *, #2402, .T. ) ;
#2674 = CARTESIAN_POINT ( 'NONE',  ( -0.3774850109771598072, 0.07821495421578678053, -0.3699999999999999956 ) ) ;
#2675 = CARTESIAN_POINT ( 'NONE',  ( 0.1100661703026094285, -0.1075973421604590197, -0.3599999999999999867 ) ) ;
#2676 =( NAMED_UNIT ( * ) PLANE_ANGLE_UNIT ( ) SI_UNIT ( $, .RADIAN. ) );
#2677 = LINE ( 'NONE', #3856, #893 ) ;
#2678 =( LENGTH_UNIT ( ) NAMED_UNIT ( * ) SI_UNIT ( .MILLI., .METRE. ) );
#2679 = AXIS2_PLACEMENT_3D ( 'NONE', #3445, #2609, #4144 ) ;
#2680 = DIRECTION ( 'NONE',  ( -0.000000000000000000, -1.000000000000000000, -0.000000000000000000 ) ) ;
#2681 = CARTESIAN_POINT ( 'NONE',  ( -0.3469789212067190265, -0.09372345709736770725, -0.3599999999999999867 ) ) ;
#2682 = FACE_OUTER_BOUND ( 'NONE', #4357, .T. ) ;
#2683 = EDGE_LOOP ( 'NONE', ( #3480, #4453, #1415, #1906, #2421, #1765, #4847, #1705, #2834, #2942, #3927, #548, #4054, #976, #3882, #2284, #3874, #4477, #940, #2045 ) ) ;
#2684 = PLANE ( 'NONE',  #362 ) ;
#2685 = LINE ( 'NONE', #5013, #3564 ) ;
#2686 = DIRECTION ( 'NONE',  ( 1.000000000000000000, 0.000000000000000000, 0.000000000000000000 ) ) ;
#2687 = SURFACE_SIDE_STYLE ('',( #1857 ) ) ;
#2688 = FILL_AREA_STYLE ('',( #3809 ) ) ;
#2689 = B_SPLINE_CURVE_WITH_KNOTS ( 'NONE', 3,
 ( #4383, #1232, #2880, #4436, #1284, #3197, #2904, #475, #24, #2411, #3271, #2851, #1727, #4408, #902, #505, #928, #4851, #448 ),
 .UNSPECIFIED., .F., .F.,
 ( 4, 1, 1, 1, 1, 1, 1, 1, 1, 1, 1, 1, 1, 1, 1, 1, 4 ),
 ( 0.000000000000000000, 0.07064371857535416133, 0.1382567155089047262, 0.2033641242175800445, 0.2663240938030567717, 0.3279047615429894758, 0.3887377151730921909, 0.4494235281093024170, 0.5108610114593156171, 0.5720793960475146767, 0.6317344287314453632, 0.6911172105788376818, 0.7503600294901704437, 0.8100329005312620900, 0.8713624508287363124, 0.9344271412311533354, 1.000000000000000000 ),
 .UNSPECIFIED. ) ;
#2690 = CARTESIAN_POINT ( 'NONE',  ( 1.250000000000000222, 0.000000000000000000, -0.3499999999999999778 ) ) ;
#2691 = EDGE_LOOP ( 'NONE', ( #4472, #2787, #4099, #3074 ) ) ;
#2692 = CARTESIAN_POINT ( 'NONE',  ( -0.5950301315622814613, 0.09935634838068797825, -0.3599999999999999867 ) ) ;
#2693 = ORIENTED_EDGE ( 'NONE', *, *, #4966, .F. ) ;
#2694 = ADVANCED_FACE ( 'NONE', ( #2892 ), #1293, .T. ) ;
#2695 = ADVANCED_FACE ( 'NONE', ( #3368 ), #3058, .T. ) ;
#2696 = CARTESIAN_POINT ( 'NONE',  ( -0.3549517588805319868, 0.1010404710017236557, -0.3699999999999999956 ) ) ;
#2697 = VECTOR ( 'NONE', #1046, 1000.000000000000000 ) ;
#2698 = LINE ( 'NONE', #3047, #1643 ) ;
#2699 = ADVANCED_FACE ( 'NONE', ( #1886 ), #1117, .T. ) ;
#2700 = MECHANICAL_DESIGN_GEOMETRIC_PRESENTATION_REPRESENTATION (  '', ( #723 ), #2857 ) ;
#2701 = CARTESIAN_POINT ( 'NONE',  ( -0.01489764334320145545, 0.02407403219109637352, -0.3599999999999999867 ) ) ;
#2702 = LINE ( 'NONE', #739, #2622 ) ;
#2703 =( NAMED_UNIT ( * ) PLANE_ANGLE_UNIT ( ) SI_UNIT ( $, .RADIAN. ) );
#2704 = MECHANICAL_DESIGN_GEOMETRIC_PRESENTATION_REPRESENTATION (  '', ( #1640 ), #1305 ) ;
#2705 = CARTESIAN_POINT ( 'NONE',  ( -0.5954045030992990428, 0.09815939804475490305, -0.3599999999999999867 ) ) ;
#2706 = CARTESIAN_POINT ( 'NONE',  ( -3.249999999999999112, -1.050000000000000044, -0.3699999999999999956 ) ) ;
#2707 = ORIENTED_EDGE ( 'NONE', *, *, #1625, .F. ) ;
#2708 = STYLED_ITEM ( 'NONE', ( #1050 ), #2429 ) ;
#2709 = CARTESIAN_POINT ( 'NONE',  ( -0.3952871140465268884, 0.01329301114699041678, -0.3599999999999999867 ) ) ;
#2710 = SURFACE_STYLE_FILL_AREA ( #4284 ) ;
#2711 = VECTOR ( 'NONE', #4819, 1000.000000000000000 ) ;
#2712 =( NAMED_UNIT ( * ) SI_UNIT ( $, .STERADIAN. ) SOLID_ANGLE_UNIT ( ) );
#2713 = CARTESIAN_POINT ( 'NONE',  ( -0.3152819674448746334, -0.1070589713006972754, -0.3599999999999999312 ) ) ;
#2714 = FACE_OUTER_BOUND ( 'NONE', #3065, .T. ) ;
#2715 = FILL_AREA_STYLE_COLOUR ( '', #3398 ) ;
#2716 = AXIS2_PLACEMENT_3D ( 'NONE', #779, #701, #3835 ) ;
#2717 = ORIENTED_EDGE ( 'NONE', *, *, #5086, .F. ) ;
#2718 = PRESENTATION_LAYER_ASSIGNMENT (  '', '', ( #1652 ) ) ;
#2719 = COLOUR_RGB ( '',0.7529411764705882248, 0.7529411764705882248, 0.7529411764705882248 ) ;
#2720 = VECTOR ( 'NONE', #1856, 1000.000000000000000 ) ;
#2721 = DIRECTION ( 'NONE',  ( 0.3222024856061132536, -0.9466707760722532505, 0.000000000000000000 ) ) ;
#2722 = PRESENTATION_LAYER_ASSIGNMENT (  '', '', ( #4009 ) ) ;
#2723 = EDGE_CURVE ( 'NONE', #3713, #35, #331, .T. ) ;
#2724 =( GEOMETRIC_REPRESENTATION_CONTEXT ( 3 ) GLOBAL_UNCERTAINTY_ASSIGNED_CONTEXT ( ( #4038 ) ) GLOBAL_UNIT_ASSIGNED_CONTEXT ( ( #2198, #3843, #4595 ) ) REPRESENTATION_CONTEXT ( 'NONE', 'WORKASPACE' ) );
#2725 = SURFACE_STYLE_USAGE ( .BOTH. , #1920 ) ;
#2726 = DIRECTION ( 'NONE',  ( -1.000000000000000000, 0.000000000000000000, 0.000000000000000000 ) ) ;
#2727 =( NAMED_UNIT ( * ) SI_UNIT ( $, .STERADIAN. ) SOLID_ANGLE_UNIT ( ) );
#2728 = VECTOR ( 'NONE', #2662, 1000.000000000000000 ) ;
#2729 = VECTOR ( 'NONE', #189, 1000.000000000000000 ) ;
#2730 = ORIENTED_EDGE ( 'NONE', *, *, #4373, .T. ) ;
#2731 = SURFACE_STYLE_USAGE ( .BOTH. , #4278 ) ;
#2732 = DIRECTION ( 'NONE',  ( 1.000000000000000000, 0.000000000000000000, 0.000000000000000000 ) ) ;
#2733 = CARTESIAN_POINT ( 'NONE',  ( -0.3910860991132646958, -0.1024187288010029034, -0.3699999999999999956 ) ) ;
#2734 = CARTESIAN_POINT ( 'NONE',  ( -0.5898023689529575675, 0.1191959834106085941, -0.3599999999999999867 ) ) ;
#2735 = EDGE_CURVE ( 'NONE', #2796, #257, #3222, .T. ) ;
#2736 = FACE_OUTER_BOUND ( 'NONE', #2249, .T. ) ;
#2737 = DIRECTION ( 'NONE',  ( 1.000000000000000000, 0.000000000000000000, 0.000000000000000000 ) ) ;
#2738 =( NAMED_UNIT ( * ) SI_UNIT ( $, .STERADIAN. ) SOLID_ANGLE_UNIT ( ) );
#2739 = CARTESIAN_POINT ( 'NONE',  ( 0.000000000000000000, 1.050000000000000044, -0.3499999999999999778 ) ) ;
#2740 = ORIENTED_EDGE ( 'NONE', *, *, #3608, .F. ) ;
#2741 =( GEOMETRIC_REPRESENTATION_CONTEXT ( 3 ) GLOBAL_UNCERTAINTY_ASSIGNED_CONTEXT ( ( #3009 ) ) GLOBAL_UNIT_ASSIGNED_CONTEXT ( ( #1630, #2064, #1679 ) ) REPRESENTATION_CONTEXT ( 'NONE', 'WORKASPACE' ) );
#2742 = CARTESIAN_POINT ( 'NONE',  ( 0.2555645717649959181, -0.05625662400186551282, -0.3599999999999999867 ) ) ;
#2743 = SURFACE_SIDE_STYLE ('',( #14 ) ) ;
#2744 = ORIENTED_EDGE ( 'NONE', *, *, #4805, .T. ) ;
#2745 = SURFACE_SIDE_STYLE ('',( #2331 ) ) ;
#2746 = CARTESIAN_POINT ( 'NONE',  ( 0.1818205730339499115, -0.1475339014459610687, -0.3699999999999999956 ) ) ;
#2747 = CARTESIAN_POINT ( 'NONE',  ( 0.3069229191324448491, 0.005958703816718434292, -0.3699999999999999956 ) ) ;
#2748 = ORIENTED_EDGE ( 'NONE', *, *, #1507, .T. ) ;
#2749 = ORIENTED_EDGE ( 'NONE', *, *, #756, .F. ) ;
#2750 = DIRECTION ( 'NONE',  ( -8.260587980841937794E-16, 1.000000000000000000, 0.000000000000000000 ) ) ;
#2751 = CARTESIAN_POINT ( 'NONE',  ( -0.4352706938203698694, -0.007219024521522401754, -0.3599999999999998757 ) ) ;
#2752 = ADVANCED_FACE ( 'NONE', ( #3274 ), #171, .T. ) ;
#2753 = CARTESIAN_POINT ( 'NONE',  ( 0.3326633322665546455, -0.1442186507357328673, -0.3699999999999999956 ) ) ;
#2754 = B_SPLINE_SURFACE_WITH_KNOTS ( 'NONE', 3, 1, ( 
 ( #3690, #1819 ),
 ( #4202, #1044 ),
 ( #3061, #4149 ),
 ( #3350, #3004 ),
 ( #4617, #3768 ),
 ( #656, #4707 ),
 ( #1188, #854 ),
 ( #2031, #4261 ),
 ( #2321, #3474 ),
 ( #1162, #2733 ),
 ( #2357, #3832 ),
 ( #5012, #427 ),
 ( #1928, #4280 ),
 ( #4702, #1594 ),
 ( #1574, #3466 ),
 ( #1978, #795 ),
 ( #2751, #3497 ),
 ( #5064, #3884 ),
 ( #722, #3125 ) ),
 .UNSPECIFIED., .F., .F., .F.,
 ( 4, 1, 1, 1, 1, 1, 1, 1, 1, 1, 1, 1, 1, 1, 1, 1, 4 ),
 ( 2, 2 ),
 ( 0.000000000000000000, 0.06897521892134261812, 0.1351853325297732722, 0.1990506632334156922, 0.2611947151939594258, 0.3220563593030936200, 0.3823131365898528866, 0.4425346565192666004, 0.5034647631372737298, 0.5640396646364538302, 0.6238127913336783958, 0.6831173368408378632, 0.7429514075506872262, 0.8038539661868434605, 0.8665725671810449171, 0.9319313041550060239, 1.000000000000000000 ),
 ( 0.000000000000000000, 1.000000000000000000 ),
 .UNSPECIFIED. ) ;
#2755 = CARTESIAN_POINT ( 'NONE',  ( 0.1001931907959474344, 0.1157889524482869359, -0.3599999999999999867 ) ) ;
#2756 = CARTESIAN_POINT ( 'NONE',  ( -0.01489764334320145545, 0.02407403219109637352, -0.3699999999999999956 ) ) ;
#2757 = CARTESIAN_POINT ( 'NONE',  ( 0.08627088151487280476, 0.1485189988364559732, -0.3599999999999999867 ) ) ;
#2758 = CARTESIAN_POINT ( 'NONE',  ( -0.3469789212067190265, -0.09372345709736770725, -0.3699999999999999956 ) ) ;
#2759 = UNCERTAINTY_MEASURE_WITH_UNIT (LENGTH_MEASURE( 1.000000000000000082E-05 ), #4818, 'distance_accuracy_value', 'NONE');
#2760 =( GEOMETRIC_REPRESENTATION_CONTEXT ( 3 ) GLOBAL_UNCERTAINTY_ASSIGNED_CONTEXT ( ( #4156 ) ) GLOBAL_UNIT_ASSIGNED_CONTEXT ( ( #1760, #3313, #2637 ) ) REPRESENTATION_CONTEXT ( 'NONE', 'WORKASPACE' ) );
#2761 = EDGE_CURVE ( 'NONE', #4265, #396, #3993, .T. ) ;
#2762 = PLANE ( 'NONE',  #1797 ) ;
#2763 = PRESENTATION_STYLE_ASSIGNMENT (( #1248 ) ) ;
#2764 =( LENGTH_UNIT ( ) NAMED_UNIT ( * ) SI_UNIT ( .MILLI., .METRE. ) );
#2765 = VERTEX_POINT ( 'NONE', #1759 ) ;
#2766 = DIRECTION ( 'NONE',  ( 0.000000000000000000, 1.000000000000000000, 0.000000000000000000 ) ) ;
#2767 = CARTESIAN_POINT ( 'NONE',  ( -0.4356293506602745835, 0.009554215117925639322, -0.3599999999999999867 ) ) ;
#2768 = ORIENTED_EDGE ( 'NONE', *, *, #3615, .T. ) ;
#2769 =( NAMED_UNIT ( * ) SI_UNIT ( $, .STERADIAN. ) SOLID_ANGLE_UNIT ( ) );
#2770 = CARTESIAN_POINT ( 'NONE',  ( 0.1210802867319678011, -0.1432037646126414765, -0.3699999999999999956 ) ) ;
#2771 = LINE ( 'NONE', #845, #1479 ) ;
#2772 = PLANE ( 'NONE',  #3678 ) ;
#2773 =( LENGTH_UNIT ( ) NAMED_UNIT ( * ) SI_UNIT ( .MILLI., .METRE. ) );
#2774 = ORIENTED_EDGE ( 'NONE', *, *, #3608, .T. ) ;
#2775 = AXIS2_PLACEMENT_3D ( 'NONE', #2193, #195, #4567 ) ;
#2776 = FACE_OUTER_BOUND ( 'NONE', #1825, .T. ) ;
#2777 = COLOUR_RGB ( '',0.2509803921568627416, 0.2509803921568627416, 0.2509803921568627416 ) ;
#2778 = DIRECTION ( 'NONE',  ( 1.000000000000000000, 0.000000000000000000, 0.000000000000000000 ) ) ;
#2779 = CARTESIAN_POINT ( 'NONE',  ( 0.1509725409147035236, 0.1264651944024386410, -0.3699999999999999956 ) ) ;
#2780 = LINE ( 'NONE', #1114, #459 ) ;
#2781 = PRESENTATION_LAYER_ASSIGNMENT (  '', '', ( #2211 ) ) ;
#2782 = CARTESIAN_POINT ( 'NONE',  ( -0.3031869079023177815, -0.1094897496556361538, -0.3599999999999999312 ) ) ;
#2783 = ADVANCED_FACE ( 'NONE', ( #3299 ), #1287, .T. ) ;
#2784 = COLOUR_RGB ( '',0.000000000000000000, 0.000000000000000000, 0.000000000000000000 ) ;
#2785 = FACE_OUTER_BOUND ( 'NONE', #580, .T. ) ;
#2786 = LINE ( 'NONE', #409, #636 ) ;
#2787 = ORIENTED_EDGE ( 'NONE', *, *, #99, .T. ) ;
#2788 = CARTESIAN_POINT ( 'NONE',  ( 0.3012996182156932323, 0.04992289543699308940, -0.3599999999999999867 ) ) ;
#2789 = CARTESIAN_POINT ( 'NONE',  ( -2.705000000000000071, -1.050000000000000044, 0.000000000000000000 ) ) ;
#2790 = VERTEX_POINT ( 'NONE', #4140 ) ;
#2791 = PRESENTATION_STYLE_ASSIGNMENT (( #1609 ) ) ;
#2792 = AXIS2_PLACEMENT_3D ( 'NONE', #2578, #1700, #612 ) ;
#2793 = CARTESIAN_POINT ( 'NONE',  ( -0.1283122774895428531, 0.1557813492642670938, -0.3699999999999999956 ) ) ;
#2794 = SURFACE_STYLE_USAGE ( .BOTH. , #4718 ) ;
#2795 = COLOUR_RGB ( '',0.000000000000000000, 0.000000000000000000, 0.000000000000000000 ) ;
#2796 = VERTEX_POINT ( 'NONE', #4946 ) ;
#2797 =( GEOMETRIC_REPRESENTATION_CONTEXT ( 3 ) GLOBAL_UNCERTAINTY_ASSIGNED_CONTEXT ( ( #2419 ) ) GLOBAL_UNIT_ASSIGNED_CONTEXT ( ( #3864, #4019, #797 ) ) REPRESENTATION_CONTEXT ( 'NONE', 'WORKASPACE' ) );
#2798 = AXIS2_PLACEMENT_3D ( 'NONE', #3883, #2803, #1650 ) ;
#2799 = CARTESIAN_POINT ( 'NONE',  ( -0.5911901765341632808, 0.1168897712193104621, -0.3699999999999999956 ) ) ;
#2800 = CARTESIAN_POINT ( 'NONE',  ( 0.000000000000000000, 0.000000000000000000, 0.000000000000000000 ) ) ;
#2801 = EDGE_LOOP ( 'NONE', ( #69, #4450, #2730, #562, #3939, #572 ) ) ;
#2802 = STYLED_ITEM ( 'NONE', ( #1611 ), #3772 ) ;
#2803 = DIRECTION ( 'NONE',  ( -0.000000000000000000, 0.000000000000000000, 1.000000000000000000 ) ) ;
#2804 = CARTESIAN_POINT ( 'NONE',  ( 0.1341937371002616952, 0.1587539497198087179, -0.3699999999999999956 ) ) ;
#2805 = CARTESIAN_POINT ( 'NONE',  ( -0.5876761497311044913, 0.1073694352411243974, -0.3599999999999999867 ) ) ;
#2806 = DIRECTION ( 'NONE',  ( -0.000000000000000000, -0.000000000000000000, 1.000000000000000000 ) ) ;
#2807 = MECHANICAL_DESIGN_GEOMETRIC_PRESENTATION_REPRESENTATION (  '', ( #4350 ), #333 ) ;
#2808 = SURFACE_STYLE_USAGE ( .BOTH. , #2883 ) ;
#2809 = ORIENTED_EDGE ( 'NONE', *, *, #2305, .F. ) ;
#2810 = VECTOR ( 'NONE', #1870, 1000.000000000000000 ) ;
#2811 = CARTESIAN_POINT ( 'NONE',  ( 0.1582029883868833198, 0.1264256557555470117, -0.3699999999999999956 ) ) ;
#2812 =( NAMED_UNIT ( * ) SI_UNIT ( $, .STERADIAN. ) SOLID_ANGLE_UNIT ( ) );
#2813 = SURFACE_STYLE_FILL_AREA ( #112 ) ;
#2814 = FILL_AREA_STYLE_COLOUR ( '', #3650 ) ;
#2815 = EDGE_LOOP ( 'NONE', ( #3636, #4909, #4577, #2382 ) ) ;
#2816 =( NAMED_UNIT ( * ) PLANE_ANGLE_UNIT ( ) SI_UNIT ( $, .RADIAN. ) );
#2817 = LINE ( 'NONE', #3968, #2046 ) ;
#2818 = ORIENTED_EDGE ( 'NONE', *, *, #611, .F. ) ;
#2819 = ADVANCED_FACE ( 'NONE', ( #4901 ), #1781, .T. ) ;
#2820 = ORIENTED_EDGE ( 'NONE', *, *, #1348, .F. ) ;
#2821 = ORIENTED_EDGE ( 'NONE', *, *, #4590, .T. ) ;
#2822 = LINE ( 'NONE', #3593, #131 ) ;
#2823 =( GEOMETRIC_REPRESENTATION_CONTEXT ( 3 ) GLOBAL_UNCERTAINTY_ASSIGNED_CONTEXT ( ( #4936 ) ) GLOBAL_UNIT_ASSIGNED_CONTEXT ( ( #2968, #1699, #476 ) ) REPRESENTATION_CONTEXT ( 'NONE', 'WORKASPACE' ) );
#2824 = CARTESIAN_POINT ( 'NONE',  ( 0.3046346757367298097, 0.03408469680043450106, -0.3699999999999999956 ) ) ;
#2825 = CARTESIAN_POINT ( 'NONE',  ( 3.250000000000000000, -1.675000000000000266, -0.3699999999999999956 ) ) ;
#2826 = ORIENTED_EDGE ( 'NONE', *, *, #2016, .F. ) ;
#2827 = CARTESIAN_POINT ( 'NONE',  ( -0.2788267591968598968, 0.1557813492642670938, -0.3599999999999998757 ) ) ;
#2828 = CARTESIAN_POINT ( 'NONE',  ( 0.08627088151487280476, 0.1485189988364559732, -0.3699999999999999956 ) ) ;
#2829 = FACE_OUTER_BOUND ( 'NONE', #339, .T. ) ;
#2830 = DIRECTION ( 'NONE',  ( 0.000000000000000000, -1.000000000000000000, 0.000000000000000000 ) ) ;
#2831 = FACE_OUTER_BOUND ( 'NONE', #2456, .T. ) ;
#2832 =( NAMED_UNIT ( * ) PLANE_ANGLE_UNIT ( ) SI_UNIT ( $, .RADIAN. ) );
#2833 = SURFACE_SIDE_STYLE ('',( #3175 ) ) ;
#2834 = ORIENTED_EDGE ( 'NONE', *, *, #3796, .F. ) ;
#2835 = CARTESIAN_POINT ( 'NONE',  ( 0.1705289743607911190, 0.1590665054320865579, -0.3599999999999999867 ) ) ;
#2836 = FACE_OUTER_BOUND ( 'NONE', #2052, .T. ) ;
#2837 = CARTESIAN_POINT ( 'NONE',  ( 0.000000000000000000, 0.02407403219109637352, -0.3599999999999999867 ) ) ;
#2838 = CARTESIAN_POINT ( 'NONE',  ( -0.4575805701724697250, -0.1442186507357328673, -0.3599999999999999867 ) ) ;
#2839 = EDGE_LOOP ( 'NONE', ( #3291, #4291, #2903, #2596 ) ) ;
#2840 = CARTESIAN_POINT ( 'NONE',  ( 0.1210802867319678011, -0.1432037646126414765, -0.3599999999999999867 ) ) ;
#2841 = EDGE_LOOP ( 'NONE', ( #2843, #4424, #2258, #4171, #1008, #2108 ) ) ;
#2842 = VECTOR ( 'NONE', #1944, 1000.000000000000000 ) ;
#2843 = ORIENTED_EDGE ( 'NONE', *, *, #4966, .T. ) ;
#2844 = DIRECTION ( 'NONE',  ( -0.000000000000000000, 1.000000000000000000, 0.000000000000000000 ) ) ;
#2845 = SURFACE_SIDE_STYLE ('',( #528 ) ) ;
#2846 = EDGE_CURVE ( 'NONE', #4425, #1237, #2217, .T. ) ;
#2847 = ORIENTED_EDGE ( 'NONE', *, *, #3634, .T. ) ;
#2848 = SURFACE_SIDE_STYLE ('',( #4782 ) ) ;
#2849 = CARTESIAN_POINT ( 'NONE',  ( -0.4184667509257145590, 0.08261296315852707794, -0.3599999999999998757 ) ) ;
#2850 = MECHANICAL_DESIGN_GEOMETRIC_PRESENTATION_REPRESENTATION (  '', ( #648 ), #4480 ) ;
#2851 = CARTESIAN_POINT ( 'NONE',  ( 0.2411336351349273044, 0.1350043760190603459, -0.3699999999999999956 ) ) ;
#2852 = CARTESIAN_POINT ( 'NONE',  ( 0.08654696015000426512, 0.1088537914056132427, -0.3699999999999999956 ) ) ;
#2853 = CARTESIAN_POINT ( 'NONE',  ( 2.955000000000000071, 2.220000000000000195, -0.3499999999999999778 ) ) ;
#2854 = COLOUR_RGB ( '',0.7529411764705882248, 0.7529411764705882248, 0.7529411764705882248 ) ;
#2855 = FILL_AREA_STYLE_COLOUR ( '', #3105 ) ;
#2856 = FILL_AREA_STYLE_COLOUR ( '', #3960 ) ;
#2857 =( GEOMETRIC_REPRESENTATION_CONTEXT ( 3 ) GLOBAL_UNCERTAINTY_ASSIGNED_CONTEXT ( ( #1485 ) ) GLOBAL_UNIT_ASSIGNED_CONTEXT ( ( #3577, #59, #4762 ) ) REPRESENTATION_CONTEXT ( 'NONE', 'WORKASPACE' ) );
#2858 = SURFACE_STYLE_USAGE ( .BOTH. , #3550 ) ;
#2859 =( GEOMETRIC_REPRESENTATION_CONTEXT ( 3 ) GLOBAL_UNCERTAINTY_ASSIGNED_CONTEXT ( ( #4689 ) ) GLOBAL_UNIT_ASSIGNED_CONTEXT ( ( #2404, #442, #2926 ) ) REPRESENTATION_CONTEXT ( 'NONE', 'WORKASPACE' ) );
#2860 = CARTESIAN_POINT ( 'NONE',  ( 0.1501181069388438372, -0.1148090157112084536, -0.3599999999999999867 ) ) ;
#2861 = ORIENTED_EDGE ( 'NONE', *, *, #2254, .T. ) ;
#2862 = VECTOR ( 'NONE', #4225, 1000.000000000000000 ) ;
#2863 = SURFACE_SIDE_STYLE ('',( #2944 ) ) ;
#2864 = PRESENTATION_STYLE_ASSIGNMENT (( #2420 ) ) ;
#2865 = VERTEX_POINT ( 'NONE', #3366 ) ;
#2866 = FACE_OUTER_BOUND ( 'NONE', #494, .T. ) ;
#2867 = CARTESIAN_POINT ( 'NONE',  ( 0.08627088151487280476, 0.1485189988364559732, -0.3699999999999999956 ) ) ;
#2868 = ORIENTED_EDGE ( 'NONE', *, *, #3799, .F. ) ;
#2869 = ORIENTED_EDGE ( 'NONE', *, *, #3924, .T. ) ;
#2870 = CARTESIAN_POINT ( 'NONE',  ( -2.955000000000000071, -2.220000000000000195, -0.3499999999999999778 ) ) ;
#2871 =( NAMED_UNIT ( * ) SI_UNIT ( $, .STERADIAN. ) SOLID_ANGLE_UNIT ( ) );
#2872 = UNCERTAINTY_MEASURE_WITH_UNIT (LENGTH_MEASURE( 1.000000000000000082E-05 ), #3441, 'distance_accuracy_value', 'NONE');
#2873 = EDGE_CURVE ( 'NONE', #120, #119, #1453, .T. ) ;
#2874 = UNCERTAINTY_MEASURE_WITH_UNIT (LENGTH_MEASURE( 1.000000000000000082E-05 ), #1810, 'distance_accuracy_value', 'NONE');
#2875 = SURFACE_STYLE_USAGE ( .BOTH. , #2845 ) ;
#2876 = ORIENTED_EDGE ( 'NONE', *, *, #2119, .F. ) ;
#2877 = PRESENTATION_LAYER_ASSIGNMENT (  '', '', ( #5067 ) ) ;
#2878 = CARTESIAN_POINT ( 'NONE',  ( -0.3261109342619269436, 0.1504128445495063193, -0.3599999999999998757 ) ) ;
#2879 = STYLED_ITEM ( 'NONE', ( #3341 ), #3442 ) ;
#2880 = CARTESIAN_POINT ( 'NONE',  ( 0.3066672104424770229, 0.01738160928729471505, -0.3699999999999999956 ) ) ;
#2881 = EDGE_CURVE ( 'NONE', #3180, #4745, #4166, .T. ) ;
#2882 = CARTESIAN_POINT ( 'NONE',  ( -0.3261109342619269436, 0.1504128445495063193, -0.3699999999999999956 ) ) ;
#2883 = SURFACE_SIDE_STYLE ('',( #2470 ) ) ;
#2884 = ORIENTED_EDGE ( 'NONE', *, *, #1868, .T. ) ;
#2885 = VECTOR ( 'NONE', #1171, 1000.000000000000000 ) ;
#2886 = STYLED_ITEM ( 'NONE', ( #4161 ), #3273 ) ;
#2887 = ADVANCED_FACE ( 'NONE', ( #4968 ), #2247, .T. ) ;
#2888 = FILL_AREA_STYLE_COLOUR ( '', #2670 ) ;
#2889 = DIRECTION ( 'NONE',  ( -1.000000000000000000, 0.000000000000000000, -0.000000000000000000 ) ) ;
#2890 = ORIENTED_EDGE ( 'NONE', *, *, #802, .F. ) ;
#2891 = DIRECTION ( 'NONE',  ( 1.000000000000000000, 1.971276677246372012E-16, 0.000000000000000000 ) ) ;
#2892 = FACE_OUTER_BOUND ( 'NONE', #497, .T. ) ;
#2893 = CARTESIAN_POINT ( 'NONE',  ( 0.2923939255803769122, -0.07318948680172249199, -0.3599999999999997646 ) ) ;
#2894 = VERTEX_POINT ( 'NONE', #651 ) ;
#2895 = UNCERTAINTY_MEASURE_WITH_UNIT (LENGTH_MEASURE( 1.000000000000000082E-05 ), #1239, 'distance_accuracy_value', 'NONE');
#2896 = LINE ( 'NONE', #4051, #3482 ) ;
#2897 = PRESENTATION_STYLE_ASSIGNMENT (( #1688 ) ) ;
#2898 = ORIENTED_EDGE ( 'NONE', *, *, #3181, .F. ) ;
#2899 = CARTESIAN_POINT ( 'NONE',  ( 0.4863218688519204691, 0.1557813492642670938, -0.3699999999999999956 ) ) ;
#2900 = VERTEX_POINT ( 'NONE', #3764 ) ;
#2901 = CARTESIAN_POINT ( 'NONE',  ( -2.705000000000000071, -1.050000000000000044, 0.000000000000000000 ) ) ;
#2902 = LINE ( 'NONE', #4087, #1581 ) ;
#2903 = ORIENTED_EDGE ( 'NONE', *, *, #1587, .F. ) ;
#2904 = CARTESIAN_POINT ( 'NONE',  ( 0.2904488058483333246, 0.07895270511595078866, -0.3699999999999999956 ) ) ;
#2905 = CARTESIAN_POINT ( 'NONE',  ( -2.955000000000000071, 2.220000000000000195, -0.3499999999999999778 ) ) ;
#2906 = CARTESIAN_POINT ( 'NONE',  ( -0.3910568138838307339, 0.1162614829846664449, -0.3699999999999999956 ) ) ;
#2907 = CARTESIAN_POINT ( 'NONE',  ( 0.1541381798275302528, 0.1265130565813402663, -0.3699999999999999956 ) ) ;
#2908 = VERTEX_POINT ( 'NONE', #725 ) ;
#2909 = DIRECTION ( 'NONE',  ( 0.000000000000000000, -1.000000000000000000, 0.000000000000000000 ) ) ;
#2910 = EDGE_CURVE ( 'NONE', #4102, #2074, #1597, .T. ) ;
#2911 = EDGE_CURVE ( 'NONE', #1405, #4231, #3055, .T. ) ;
#2912 = UNCERTAINTY_MEASURE_WITH_UNIT (LENGTH_MEASURE( 1.000000000000000082E-05 ), #1434, 'distance_accuracy_value', 'NONE');
#2913 = CARTESIAN_POINT ( 'NONE',  ( -3.249999999999999112, 1.050000000000000044, 0.000000000000000000 ) ) ;
#2914 = ORIENTED_EDGE ( 'NONE', *, *, #2846, .F. ) ;
#2915 = SURFACE_STYLE_FILL_AREA ( #4827 ) ;
#2916 = CARTESIAN_POINT ( 'NONE',  ( 0.2107731946276145130, -0.1424335812992550965, -0.3599999999999997646 ) ) ;
#2917 = ORIENTED_EDGE ( 'NONE', *, *, #2164, .T. ) ;
#2918 = B_SPLINE_CURVE_WITH_KNOTS ( 'NONE', 3,
 ( #3545, #23, #4726, #2804, #1231, #3861, #1551, #52, #2434, #2828, #473 ),
 .UNSPECIFIED., .F., .F.,
 ( 4, 1, 1, 1, 1, 1, 1, 1, 4 ),
 ( 0.000000000000000000, 0.1451868664724697833, 0.2834426109197299426, 0.4165243659288289657, 0.5431811235350828548, 0.6651530826377138883, 0.7813602063127152997, 0.8927566556418089494, 1.000000000000000000 ),
 .UNSPECIFIED. ) ;
#2919 = EDGE_CURVE ( 'NONE', #2074, #835, #4286, .T. ) ;
#2920 =( NAMED_UNIT ( * ) SI_UNIT ( $, .STERADIAN. ) SOLID_ANGLE_UNIT ( ) );
#2921 = CARTESIAN_POINT ( 'NONE',  ( 0.09113943472675825608, 0.1504952519227987784, -0.3599999999999999867 ) ) ;
#2922 = VERTEX_POINT ( 'NONE', #2756 ) ;
#2923 = LINE ( 'NONE', #966, #2060 ) ;
#2924 = VERTEX_POINT ( 'NONE', #406 ) ;
#2925 = CARTESIAN_POINT ( 'NONE',  ( 0.2219156207858505869, -0.09725902325214949573, -0.3599999999999999867 ) ) ;
#2926 =( NAMED_UNIT ( * ) SI_UNIT ( $, .STERADIAN. ) SOLID_ANGLE_UNIT ( ) );
#2927 = STYLED_ITEM ( 'NONE', ( #3091 ), #682 ) ;
#2928 = CARTESIAN_POINT ( 'NONE',  ( 0.1582029883868833198, 0.1264256557555470117, -0.3600000000000000422 ) ) ;
#2929 = CARTESIAN_POINT ( 'NONE',  ( 3.250000000000000000, 1.675000000000000266, -0.3699999999999999956 ) ) ;
#2930 = DIRECTION ( 'NONE',  ( -8.260587980841937794E-16, 1.000000000000000000, 0.000000000000000000 ) ) ;
#2931 = EDGE_LOOP ( 'NONE', ( #2163, #2387, #2884, #4716, #1457, #3795, #3580, #2144 ) ) ;
#2932 = CARTESIAN_POINT ( 'NONE',  ( -0.4106529328241146359, 0.09469363453941040398, -0.3599999999999998757 ) ) ;
#2933 = PLANE ( 'NONE',  #4997 ) ;
#2934 = DIRECTION ( 'NONE',  ( 0.000000000000000000, 1.000000000000000000, 0.000000000000000000 ) ) ;
#2935 = CARTESIAN_POINT ( 'NONE',  ( 2.955000000000000071, 2.220000000000000195, -0.3499999999999999778 ) ) ;
#2936 = CARTESIAN_POINT ( 'NONE',  ( -0.2843383184167648237, 0.1556585016784924613, -0.3699999999999999956 ) ) ;
#2937 = LINE ( 'NONE', #4943, #2464 ) ;
#2938 = VERTEX_POINT ( 'NONE', #4706 ) ;
#2939 = FILL_AREA_STYLE ('',( #3244 ) ) ;
#2940 =( NAMED_UNIT ( * ) SI_UNIT ( $, .STERADIAN. ) SOLID_ANGLE_UNIT ( ) );
#2941 = STYLED_ITEM ( 'NONE', ( #3450 ), #957 ) ;
#2942 = ORIENTED_EDGE ( 'NONE', *, *, #4643, .T. ) ;
#2943 = MECHANICAL_DESIGN_GEOMETRIC_PRESENTATION_REPRESENTATION (  '', ( #380 ), #3565 ) ;
#2944 = SURFACE_STYLE_FILL_AREA ( #144 ) ;
#2945 = CARTESIAN_POINT ( 'NONE',  ( -0.6405645640749086933, -0.02714548000402556768, -0.3699999999999999956 ) ) ;
#2946 = CARTESIAN_POINT ( 'NONE',  ( 0.2592107183589956176, 0.05360929228267453245, -0.3599999999999999867 ) ) ;
#2947 = ORIENTED_EDGE ( 'NONE', *, *, #3979, .F. ) ;
#2948 = FILL_AREA_STYLE ('',( #1610 ) ) ;
#2949 = AXIS2_PLACEMENT_3D ( 'NONE', #3221, #3602, #4020 ) ;
#2950 = VECTOR ( 'NONE', #1115, 1000.000000000000000 ) ;
#2951 = ADVANCED_FACE ( 'NONE', ( #2736 ), #757, .T. ) ;
#2952 = CARTESIAN_POINT ( 'NONE',  ( 3.250000000000000000, -0.4250000000000003775, -0.3699999999999999956 ) ) ;
#2953 =( GEOMETRIC_REPRESENTATION_CONTEXT ( 3 ) GLOBAL_UNCERTAINTY_ASSIGNED_CONTEXT ( ( #1580 ) ) GLOBAL_UNIT_ASSIGNED_CONTEXT ( ( #1279, #2457, #122 ) ) REPRESENTATION_CONTEXT ( 'NONE', 'WORKASPACE' ) );
#2954 = LINE ( 'NONE', #100, #2290 ) ;
#2955 = ORIENTED_EDGE ( 'NONE', *, *, #267, .F. ) ;
#2956 =( GEOMETRIC_REPRESENTATION_CONTEXT ( 3 ) GLOBAL_UNCERTAINTY_ASSIGNED_CONTEXT ( ( #2459 ) ) GLOBAL_UNIT_ASSIGNED_CONTEXT ( ( #300, #2559, #3318 ) ) REPRESENTATION_CONTEXT ( 'NONE', 'WORKASPACE' ) );
#2957 = FILL_AREA_STYLE ('',( #2991 ) ) ;
#2958 = UNCERTAINTY_MEASURE_WITH_UNIT (LENGTH_MEASURE( 1.000000000000000082E-05 ), #4828, 'distance_accuracy_value', 'NONE');
#2959 = CARTESIAN_POINT ( 'NONE',  ( -0.3936594711329887697, -0.01795309844892320830, -0.3699999999999999956 ) ) ;
#2960 = VECTOR ( 'NONE', #4580, 1000.000000000000000 ) ;
#2961 = LINE ( 'NONE', #1720, #4237 ) ;
#2962 = FACE_OUTER_BOUND ( 'NONE', #2931, .T. ) ;
#2963 = ORIENTED_EDGE ( 'NONE', *, *, #1513, .T. ) ;
#2964 = CARTESIAN_POINT ( 'NONE',  ( -0.3795063536428158191, -0.1121763980455833531, -0.3699999999999999956 ) ) ;
#2965 = MECHANICAL_DESIGN_GEOMETRIC_PRESENTATION_REPRESENTATION (  '', ( #58 ), #398 ) ;
#2966 = CARTESIAN_POINT ( 'NONE',  ( 2.955000000000000071, 2.220000000000000195, 0.000000000000000000 ) ) ;
#2967 = SURFACE_SIDE_STYLE ('',( #3339 ) ) ;
#2968 =( LENGTH_UNIT ( ) NAMED_UNIT ( * ) SI_UNIT ( .MILLI., .METRE. ) );
#2969 = SURFACE_SIDE_STYLE ('',( #560 ) ) ;
#2970 =( NAMED_UNIT ( * ) SI_UNIT ( $, .STERADIAN. ) SOLID_ANGLE_UNIT ( ) );
#2971 = VECTOR ( 'NONE', #2380, 1000.000000000000000 ) ;
#2972 =( NAMED_UNIT ( * ) PLANE_ANGLE_UNIT ( ) SI_UNIT ( $, .RADIAN. ) );
#2973 = CARTESIAN_POINT ( 'NONE',  ( -3.249999999999999112, 1.050000000000000044, 0.000000000000000000 ) ) ;
#2974 = VECTOR ( 'NONE', #1398, 1000.000000000000000 ) ;
#2975 = PRESENTATION_LAYER_ASSIGNMENT (  '', '', ( #4084 ) ) ;
#2976 = STYLED_ITEM ( 'NONE', ( #4418 ), #2118 ) ;
#2977 = CARTESIAN_POINT ( 'NONE',  ( 0.1833502037326852074, -0.1131417621677787561, -0.3599999999999999867 ) ) ;
#2978 = ORIENTED_EDGE ( 'NONE', *, *, #3231, .T. ) ;
#2979 = CARTESIAN_POINT ( 'NONE',  ( 0.2301103481678029861, -0.09074198515539391718, -0.3599999999999999867 ) ) ;
#2980 = CARTESIAN_POINT ( 'NONE',  ( 0.2365461428764656648, -0.1322887356958114824, -0.3699999999999999956 ) ) ;
#2981 = ORIENTED_EDGE ( 'NONE', *, *, #1715, .T. ) ;
#2982 = SURFACE_STYLE_USAGE ( .BOTH. , #2614 ) ;
#2983 = PRESENTATION_STYLE_ASSIGNMENT (( #1047 ) ) ;
#2984 = CARTESIAN_POINT ( 'NONE',  ( -0.3549517588805319868, 0.1010404710017236557, -0.3699999999999999956 ) ) ;
#2985 = MECHANICAL_DESIGN_GEOMETRIC_PRESENTATION_REPRESENTATION (  '', ( #919 ), #1827 ) ;
#2986 = PRESENTATION_LAYER_ASSIGNMENT (  '', '', ( #1668 ) ) ;
#2987 = FILL_AREA_STYLE_COLOUR ( '', #2784 ) ;
#2988 = FILL_AREA_STYLE_COLOUR ( '', #1401 ) ;
#2989 = EDGE_LOOP ( 'NONE', ( #346, #4814, #3665, #4766 ) ) ;
#2990 = EDGE_CURVE ( 'NONE', #2511, #3931, #329, .T. ) ;
#2991 = FILL_AREA_STYLE_COLOUR ( '', #467 ) ;
#2992 = CARTESIAN_POINT ( 'NONE',  ( -3.249999999999999112, -1.050000000000000044, 0.000000000000000000 ) ) ;
#2993 = FILL_AREA_STYLE ('',( #1804 ) ) ;
#2994 = ORIENTED_EDGE ( 'NONE', *, *, #1474, .T. ) ;
#2995 = CARTESIAN_POINT ( 'NONE',  ( 0.1428068553964643717, -0.1467847503533976361, -0.3599999999999999867 ) ) ;
#2996 = CARTESIAN_POINT ( 'NONE',  ( -0.2788267591968598968, 0.1557813492642670938, -0.3699999999999999956 ) ) ;
#2997 = CARTESIAN_POINT ( 'NONE',  ( 0.4460779664128960431, -0.1112918214674401829, -0.3699999999999999956 ) ) ;
#2998 = EDGE_LOOP ( 'NONE', ( #4470, #2414, #3158, #90, #4343, #389, #2091, #4092, #3020, #984 ) ) ;
#2999 = LINE ( 'NONE', #3383, #3739 ) ;
#3000 = CARTESIAN_POINT ( 'NONE',  ( 0.1647376091601636394, -0.1148510286276410580, -0.3699999999999999956 ) ) ;
#3001 = DIRECTION ( 'NONE',  ( 1.000000000000000000, 0.000000000000000000, 0.000000000000000000 ) ) ;
#3002 = ORIENTED_EDGE ( 'NONE', *, *, #688, .T. ) ;
#3003 = UNCERTAINTY_MEASURE_WITH_UNIT (LENGTH_MEASURE( 1.000000000000000082E-05 ), #1860, 'distance_accuracy_value', 'NONE');
#3004 = CARTESIAN_POINT ( 'NONE',  ( -0.3091937362501553377, -0.1418176151619261749, -0.3699999999999999956 ) ) ;
#3005 = LINE ( 'NONE', #1529, #1872 ) ;
#3006 = PLANE ( 'NONE',  #749 ) ;
#3007 = CARTESIAN_POINT ( 'NONE',  ( 0.3326633322665546455, -0.1112918214674401829, -0.3599999999999999867 ) ) ;
#3008 = LINE ( 'NONE', #1492, #4644 ) ;
#3009 = UNCERTAINTY_MEASURE_WITH_UNIT (LENGTH_MEASURE( 1.000000000000000082E-05 ), #1630, 'distance_accuracy_value', 'NONE');
#3010 = ORIENTED_EDGE ( 'NONE', *, *, #1124, .F. ) ;
#3011 = CARTESIAN_POINT ( 'NONE',  ( -0.3259664771218051538, 0.1159007719631220679, -0.3699999999999999956 ) ) ;
#3012 = DIRECTION ( 'NONE',  ( -0.000000000000000000, -1.000000000000000000, -0.000000000000000000 ) ) ;
#3013 = ORIENTED_EDGE ( 'NONE', *, *, #2873, .T. ) ;
#3014 = PRESENTATION_STYLE_ASSIGNMENT (( #1446 ) ) ;
#3015 = LINE ( 'NONE', #3338, #3810 ) ;
#3016 = DIRECTION ( 'NONE',  ( -1.000000000000000000, 0.000000000000000000, -0.000000000000000000 ) ) ;
#3017 = ADVANCED_FACE ( 'NONE', ( #1931 ), #4298, .T. ) ;
#3018 = CARTESIAN_POINT ( 'NONE',  ( 0.2590021380223349601, -0.1168961929633580837, -0.3599999999999999867 ) ) ;
#3019 = CARTESIAN_POINT ( 'NONE',  ( 3.250000000000000000, -1.675000000000000266, -0.3699999999999999956 ) ) ;
#3020 = ORIENTED_EDGE ( 'NONE', *, *, #3862, .T. ) ;
#3021 = DIRECTION ( 'NONE',  ( 0.000000000000000000, 1.000000000000000000, 0.000000000000000000 ) ) ;
#3022 = SURFACE_STYLE_FILL_AREA ( #3695 ) ;
#3023 = ORIENTED_EDGE ( 'NONE', *, *, #1995, .F. ) ;
#3024 = VECTOR ( 'NONE', #3190, 999.9999999999998863 ) ;
#3025 = DIRECTION ( 'NONE',  ( 0.3393303772748776370, 0.9406672605435404400, 0.000000000000000000 ) ) ;
#3026 = SURFACE_STYLE_USAGE ( .BOTH. , #185 ) ;
#3027 = EDGE_CURVE ( 'NONE', #4937, #956, #2961, .T. ) ;
#3028 = FILL_AREA_STYLE ('',( #3778 ) ) ;
#3029 = PRESENTATION_LAYER_ASSIGNMENT (  '', '', ( #139 ) ) ;
#3030 = FILL_AREA_STYLE ('',( #2214 ) ) ;
#3031 = ORIENTED_EDGE ( 'NONE', *, *, #481, .T. ) ;
#3032 = MECHANICAL_DESIGN_GEOMETRIC_PRESENTATION_REPRESENTATION (  '', ( #1646 ), #1149 ) ;
#3033 = CARTESIAN_POINT ( 'NONE',  ( 0.2274945459322799124, 0.1009581908892485530, -0.3699999999999999956 ) ) ;
#3034 = EDGE_CURVE ( 'NONE', #294, #2110, #4085, .T. ) ;
#3035 = B_SPLINE_SURFACE_WITH_KNOTS ( 'NONE', 3, 1, ( 
 ( #3719, #1084 ),
 ( #1367, #2243 ),
 ( #4963, #219 ),
 ( #2995, #1589 ),
 ( #1970, #1567 ),
 ( #4699, #2770 ),
 ( #714, #4606 ),
 ( #1901, #4321 ),
 ( #3517, #815 ),
 ( #366, #3403 ),
 ( #3458, #3802 ) ),
 .UNSPECIFIED., .F., .F., .F.,
 ( 4, 1, 1, 1, 1, 1, 1, 1, 4 ),
 ( 2, 2 ),
 ( 0.000000000000000000, 0.1413936124450736465, 0.2778315129751126600, 0.4083405506478836600, 0.5341350275125417157, 0.6555980506739720326, 0.7734723247873224183, 0.8875516100911990947, 1.000000000000000000 ),
 ( 0.000000000000000000, 1.000000000000000000 ),
 .UNSPECIFIED. ) ;
#3036 = PRESENTATION_STYLE_ASSIGNMENT (( #4969 ) ) ;
#3037 = STYLED_ITEM ( 'NONE', ( #3072 ), #1939 ) ;
#3038 = COLOUR_RGB ( '',0.2509803921568627416, 0.2509803921568627416, 0.2509803921568627416 ) ;
#3039 = DIRECTION ( 'NONE',  ( 0.000000000000000000, 0.000000000000000000, -1.000000000000000000 ) ) ;
#3040 = DIRECTION ( 'NONE',  ( -1.000000000000000000, 0.000000000000000000, -0.000000000000000000 ) ) ;
#3041 = FILL_AREA_STYLE_COLOUR ( '', #1743 ) ;
#3042 = CARTESIAN_POINT ( 'NONE',  ( -2.955000000000000071, 2.220000000000000195, -0.3499999999999999778 ) ) ;
#3043 = DIRECTION ( 'NONE',  ( -1.000000000000000000, 0.000000000000000000, -0.000000000000000000 ) ) ;
#3044 = ORIENTED_EDGE ( 'NONE', *, *, #2667, .T. ) ;
#3045 = MECHANICAL_DESIGN_GEOMETRIC_PRESENTATION_REPRESENTATION (  '', ( #156 ), #1241 ) ;
#3046 =( GEOMETRIC_REPRESENTATION_CONTEXT ( 3 ) GLOBAL_UNCERTAINTY_ASSIGNED_CONTEXT ( ( #4809 ) ) GLOBAL_UNIT_ASSIGNED_CONTEXT ( ( #3359, #1447, #2242 ) ) REPRESENTATION_CONTEXT ( 'NONE', 'WORKASPACE' ) );
#3047 = CARTESIAN_POINT ( 'NONE',  ( 0.4460779664128960431, -0.1112918214674401829, -0.3699999999999999956 ) ) ;
#3048 = COLOUR_RGB ( '',0.7529411764705882248, 0.7529411764705882248, 0.7529411764705882248 ) ;
#3049 = CARTESIAN_POINT ( 'NONE',  ( 0.3326633322665546455, -0.1442186507357328673, -0.3599999999999999867 ) ) ;
#3050 = DIRECTION ( 'NONE',  ( 0.000000000000000000, 0.000000000000000000, -1.000000000000000000 ) ) ;
#3051 = FILL_AREA_STYLE_COLOUR ( '', #4915 ) ;
#3052 = CARTESIAN_POINT ( 'NONE',  ( -2.889383502355557187, -2.154383502355556868, 0.7500000000000001110 ) ) ;
#3053 = ORIENTED_EDGE ( 'NONE', *, *, #1908, .F. ) ;
#3054 = DIRECTION ( 'NONE',  ( 0.000000000000000000, -1.000000000000000000, 0.000000000000000000 ) ) ;
#3055 = LINE ( 'NONE', #3911, #2950 ) ;
#3056 = PLANE ( 'NONE',  #4642 ) ;
#3057 = EDGE_CURVE ( 'NONE', #991, #2765, #181, .T. ) ;
#3058 = PLANE ( 'NONE',  #4414 ) ;
#3059 = DIRECTION ( 'NONE',  ( -0.000000000000000000, 0.000000000000000000, 1.000000000000000000 ) ) ;
#3060 = EDGE_CURVE ( 'NONE', #1674, #1316, #4112, .T. ) ;
#3061 = CARTESIAN_POINT ( 'NONE',  ( -0.2927363180895394268, -0.1439111407444400581, -0.3599999999999998757 ) ) ;
#3062 = CARTESIAN_POINT ( 'NONE',  ( -2.955000000000000071, 2.220000000000000195, 0.000000000000000000 ) ) ;
#3063 = EDGE_CURVE ( 'NONE', #3568, #3342, #4155, .T. ) ;
#3064 = CARTESIAN_POINT ( 'NONE',  ( -0.1356293506602746224, -0.1112918214674401829, -0.3599999999999999867 ) ) ;
#3065 = EDGE_LOOP ( 'NONE', ( #3098, #5048, #1708, #680 ) ) ;
#3066 =( NAMED_UNIT ( * ) SI_UNIT ( $, .STERADIAN. ) SOLID_ANGLE_UNIT ( ) );
#3067 = CARTESIAN_POINT ( 'NONE',  ( -0.2951449381031370778, 0.1554176320650331733, -0.3599999999999999867 ) ) ;
#3068 = CARTESIAN_POINT ( 'NONE',  ( -0.2786552652944209174, 0.1228545199959744372, -0.3599999999999999867 ) ) ;
#3069 = CARTESIAN_POINT ( 'NONE',  ( -0.01489764334320145545, 0.000000000000000000, -0.3599999999999999867 ) ) ;
#3070 = LINE ( 'NONE', #4271, #549 ) ;
#3071 = CARTESIAN_POINT ( 'NONE',  ( 0.1716362946344440754, -0.1477610401956433450, -0.3699999999999999956 ) ) ;
#3072 = PRESENTATION_STYLE_ASSIGNMENT (( #3361 ) ) ;
#3073 =( GEOMETRIC_REPRESENTATION_CONTEXT ( 3 ) GLOBAL_UNCERTAINTY_ASSIGNED_CONTEXT ( ( #4520 ) ) GLOBAL_UNIT_ASSIGNED_CONTEXT ( ( #4022, #1349, #2940 ) ) REPRESENTATION_CONTEXT ( 'NONE', 'WORKASPACE' ) );
#3074 = ORIENTED_EDGE ( 'NONE', *, *, #4742, .F. ) ;
#3075 = SURFACE_SIDE_STYLE ('',( #5010 ) ) ;
#3076 = ORIENTED_EDGE ( 'NONE', *, *, #3181, .T. ) ;
#3077 = CARTESIAN_POINT ( 'NONE',  ( -0.2829270481563528339, 0.1227666217452460934, -0.3599999999999999867 ) ) ;
#3078 = CARTESIAN_POINT ( 'NONE',  ( -0.5919577839164610333, 0.1126344153226785244, -0.3599999999999999867 ) ) ;
#3079 = VECTOR ( 'NONE', #1801, 1000.000000000000000 ) ;
#3080 = CARTESIAN_POINT ( 'NONE',  ( 0.000000000000000000, 0.000000000000000000, -0.3699999999999999956 ) ) ;
#3081 = DIRECTION ( 'NONE',  ( 0.000000000000000000, -1.000000000000000000, 0.000000000000000000 ) ) ;
#3082 = CARTESIAN_POINT ( 'NONE',  ( -0.3031869079023177815, -0.1094897496556361538, -0.3699999999999999956 ) ) ;
#3083 = EDGE_CURVE ( 'NONE', #708, #619, #3372, .T. ) ;
#3084 = DIRECTION ( 'NONE',  ( -0.000000000000000000, -0.000000000000000000, 1.000000000000000000 ) ) ;
#3085 = PRESENTATION_STYLE_ASSIGNMENT (( #1533 ) ) ;
#3086 = PRESENTATION_STYLE_ASSIGNMENT (( #1100 ) ) ;
#3087 = ORIENTED_EDGE ( 'NONE', *, *, #1411, .F. ) ;
#3088 = COLOUR_RGB ( '',0.000000000000000000, 0.000000000000000000, 0.000000000000000000 ) ;
#3089 = EDGE_CURVE ( 'NONE', #3155, #3224, #3008, .T. ) ;
#3090 = CARTESIAN_POINT ( 'NONE',  ( -0.3543044125856724125, 0.1405477875670739230, -0.3599999999999999867 ) ) ;
#3091 = PRESENTATION_STYLE_ASSIGNMENT (( #789 ) ) ;
#3092 = STYLED_ITEM ( 'NONE', ( #433 ), #4703 ) ;
#3093 = LINE ( 'NONE', #3069, #2960 ) ;
#3094 = COLOUR_RGB ( '',0.7529411764705882248, 0.7529411764705882248, 0.7529411764705882248 ) ;
#3095 = PRESENTATION_LAYER_ASSIGNMENT (  '', '', ( #1137 ) ) ;
#3096 = STYLED_ITEM ( 'NONE', ( #4185 ), #3116 ) ;
#3097 = CARTESIAN_POINT ( 'NONE',  ( -0.3152819674448746334, -0.1070589713006972754, -0.3599999999999999867 ) ) ;
#3098 = ORIENTED_EDGE ( 'NONE', *, *, #2154, .F. ) ;
#3099 = AXIS2_PLACEMENT_3D ( 'NONE', #1177, #1107, #715 ) ;
#3100 = LINE ( 'NONE', #4655, #3513 ) ;
#3101 = CARTESIAN_POINT ( 'NONE',  ( -6.603776868775343306E-16, -1.674999999999998934, -0.3499999999999999778 ) ) ;
#3102 =( NAMED_UNIT ( * ) PLANE_ANGLE_UNIT ( ) SI_UNIT ( $, .RADIAN. ) );
#3103 = VECTOR ( 'NONE', #4898, 1000.000000000000000 ) ;
#3104 = PRESENTATION_STYLE_ASSIGNMENT (( #3936 ) ) ;
#3105 = COLOUR_RGB ( '',0.7529411764705882248, 0.7529411764705882248, 0.7529411764705882248 ) ;
#3106 = FACE_OUTER_BOUND ( 'NONE', #1052, .T. ) ;
#3107 = CARTESIAN_POINT ( 'NONE',  ( 0.3070535761689936471, 0.0001220504837793170202, -0.3599999999999999867 ) ) ;
#3108 =( NAMED_UNIT ( * ) SI_UNIT ( $, .STERADIAN. ) SOLID_ANGLE_UNIT ( ) );
#3109 = CARTESIAN_POINT ( 'NONE',  ( 0.000000000000000000, 0.000000000000000000, -0.3599999999999999867 ) ) ;
#3110 = ORIENTED_EDGE ( 'NONE', *, *, #384, .T. ) ;
#3111 = COLOUR_RGB ( '',0.000000000000000000, 0.000000000000000000, 0.000000000000000000 ) ;
#3112 = STYLED_ITEM ( 'NONE', ( #2763 ), #2025 ) ;
#3113 = FILL_AREA_STYLE ('',( #1539 ) ) ;
#3114 = AXIS2_PLACEMENT_3D ( 'NONE', #416, #861, #2450 ) ;
#3115 = EDGE_CURVE ( 'NONE', #3661, #1877, #2203, .T. ) ;
#3116 = ADVANCED_FACE ( 'NONE', ( #1099 ), #1889, .T. ) ;
#3117 = MECHANICAL_DESIGN_GEOMETRIC_PRESENTATION_REPRESENTATION (  '', ( #4669 ), #3276 ) ;
#3118 = STYLED_ITEM ( 'NONE', ( #3611 ), #3145 ) ;
#3119 = CARTESIAN_POINT ( 'NONE',  ( 0.000000000000000000, -0.008852797077196295286, -0.3599999999999999867 ) ) ;
#3120 = CARTESIAN_POINT ( 'NONE',  ( 2.955000000000000071, 2.220000000000000195, -0.3499999999999999778 ) ) ;
#3121 = AXIS2_PLACEMENT_3D ( 'NONE', #1722, #3267, #4846 ) ;
#3122 = ADVANCED_FACE ( 'NONE', ( #1915 ), #2020, .T. ) ;
#3123 = ORIENTED_EDGE ( 'NONE', *, *, #1030, .T. ) ;
#3124 = CARTESIAN_POINT ( 'NONE',  ( -3.249999999999999112, -1.050000000000000044, -0.3699999999999999956 ) ) ;
#3125 = CARTESIAN_POINT ( 'NONE',  ( -0.4356293506602745835, 0.009554215117925639322, -0.3699999999999999956 ) ) ;
#3126 = CARTESIAN_POINT ( 'NONE',  ( -0.5864341075543622051, 0.1024824918741132906, -0.3599999999999999867 ) ) ;
#3127 = CARTESIAN_POINT ( 'NONE',  ( 0.09185096131180757462, 0.1119358156204578458, -0.3699999999999999956 ) ) ;
#3128 = CARTESIAN_POINT ( 'NONE',  ( -0.1283122774895428531, 0.1228545199959744372, -0.3699999999999999956 ) ) ;
#3129 = LINE ( 'NONE', #4309, #223 ) ;
#3130 = CARTESIAN_POINT ( 'NONE',  ( 2.515585733558354686, -1.737640255338846140, 0.7500000000000001110 ) ) ;
#3131 = DIRECTION ( 'NONE',  ( 1.000000000000000000, 3.942553354492744024E-16, 0.000000000000000000 ) ) ;
#3132 = ORIENTED_EDGE ( 'NONE', *, *, #3447, .F. ) ;
#3133 = CARTESIAN_POINT ( 'NONE',  ( -2.705000000000000071, -1.050000000000000044, -0.3699999999999999956 ) ) ;
#3134 = ORIENTED_EDGE ( 'NONE', *, *, #1563, .F. ) ;
#3135 = VECTOR ( 'NONE', #850, 1000.000000000000000 ) ;
#3136 = CARTESIAN_POINT ( 'NONE',  ( 0.2505497879392727945, -0.06601062625796634553, -0.3599999999999999867 ) ) ;
#3137 = LINE ( 'NONE', #1990, #2367 ) ;
#3138 = EDGE_LOOP ( 'NONE', ( #4720, #1768, #2103, #2509 ) ) ;
#3139 = FILL_AREA_STYLE_COLOUR ( '', #229 ) ;
#3140 = ADVANCED_FACE ( 'NONE', ( #3330 ), #1261, .T. ) ;
#3141 =( NAMED_UNIT ( * ) PLANE_ANGLE_UNIT ( ) SI_UNIT ( $, .RADIAN. ) );
#3142 = EDGE_LOOP ( 'NONE', ( #3281, #1021, #2133, #3329 ) ) ;
#3143 = CARTESIAN_POINT ( 'NONE',  ( -0.3875747195352416963, 0.05845489370278813407, -0.3599999999999999867 ) ) ;
#3144 = B_SPLINE_SURFACE_WITH_KNOTS ( 'NONE', 3, 1, ( 
 ( #4328, #4089 ),
 ( #105, #2078 ),
 ( #130, #4783 ),
 ( #162, #1753 ),
 ( #4041, #4873 ),
 ( #2054, #3985 ),
 ( #2849, #84 ),
 ( #2932, #1310 ),
 ( #4015, #4478 ),
 ( #471, #2544 ),
 ( #1262, #2104 ),
 ( #3697, #1697 ),
 ( #874, #4815 ),
 ( #591, #977 ),
 ( #2878, #2433 ),
 ( #2157, #4406 ),
 ( #899, #1776 ),
 ( #4758, #2463 ),
 ( #2827, #503 ) ),
 .UNSPECIFIED., .F., .F., .F.,
 ( 4, 1, 1, 1, 1, 1, 1, 1, 1, 1, 1, 1, 1, 1, 1, 1, 4 ),
 ( 2, 2 ),
 ( 0.000000000000000000, 0.06769221769767064245, 0.1323637336540468556, 0.1945841581854372837, 0.2550041296522026490, 0.3146506778394834170, 0.3738941353824543068, 0.4337861252353280017, 0.4948665705150748773, 0.5564625259642711486, 0.6172782534969805113, 0.6780008485158415255, 0.7392102333591545893, 0.8016718459891187809, 0.8654335339613226097, 0.9313688213233985991, 1.000000000000000000 ),
 ( 0.000000000000000000, 1.000000000000000000 ),
 .UNSPECIFIED. ) ;
#3145 = ADVANCED_FACE ( 'NONE', ( #417 ), #2373, .F. ) ;
#3146 = DIRECTION ( 'NONE',  ( -1.000000000000000000, -3.942553354492744024E-16, 0.000000000000000000 ) ) ;
#3147 = FILL_AREA_STYLE_COLOUR ( '', #3094 ) ;
#3148 = CARTESIAN_POINT ( 'NONE',  ( 2.955000000000000071, 1.675000000000000266, -0.3499999999999999778 ) ) ;
#3149 = MECHANICAL_DESIGN_GEOMETRIC_PRESENTATION_REPRESENTATION (  '', ( #194 ), #4625 ) ;
#3150 = DIRECTION ( 'NONE',  ( -1.000000000000000000, -0.000000000000000000, -0.000000000000000000 ) ) ;
#3151 = ORIENTED_EDGE ( 'NONE', *, *, #5086, .T. ) ;
#3152 = CARTESIAN_POINT ( 'NONE',  ( 0.2904488058483333246, 0.07895270511595078866, -0.3599999999999999867 ) ) ;
#3153 = SURFACE_STYLE_FILL_AREA ( #765 ) ;
#3154 = DIRECTION ( 'NONE',  ( -0.000000000000000000, -0.000000000000000000, 1.000000000000000000 ) ) ;
#3155 = VERTEX_POINT ( 'NONE', #202 ) ;
#3156 = CARTESIAN_POINT ( 'NONE',  ( 0.2628997058309910373, -0.03469801282502854578, -0.3599999999999999867 ) ) ;
#3157 = CARTESIAN_POINT ( 'NONE',  ( 0.1395845423865400836, -0.1138466232265503003, -0.3699999999999999956 ) ) ;
#3158 = ORIENTED_EDGE ( 'NONE', *, *, #4708, .T. ) ;
#3159 = CARTESIAN_POINT ( 'NONE',  ( -0.2344098384651526479, 0.1228545199959744372, -0.3699999999999999956 ) ) ;
#3160 = COLOUR_RGB ( '',0.000000000000000000, 0.000000000000000000, 0.000000000000000000 ) ;
#3161 = CARTESIAN_POINT ( 'NONE',  ( 0.4863218688519204691, 0.000000000000000000, -0.3599999999999999867 ) ) ;
#3162 = VERTEX_POINT ( 'NONE', #4466 ) ;
#3163 = PRESENTATION_LAYER_ASSIGNMENT (  '', '', ( #5049 ) ) ;
#3164 = SURFACE_STYLE_USAGE ( .BOTH. , #1621 ) ;
#3165 = VECTOR ( 'NONE', #285, 1000.000000000000114 ) ;
#3166 = CARTESIAN_POINT ( 'NONE',  ( -0.3953854482212502131, 0.008696745605730516609, -0.3599999999999999867 ) ) ;
#3167 = CARTESIAN_POINT ( 'NONE',  ( 0.2651650791039724675, -0.02287599627162749047, -0.3599999999999999867 ) ) ;
#3168 = FACE_OUTER_BOUND ( 'NONE', #3709, .T. ) ;
#3169 = CARTESIAN_POINT ( 'NONE',  ( 0.08388284446167661168, 0.000000000000000000, -0.3599999999999999867 ) ) ;
#3170 = PLANE ( 'NONE',  #4994 ) ;
#3171 = STYLED_ITEM ( 'NONE', ( #2427 ), #5017 ) ;
#3172 = CARTESIAN_POINT ( 'NONE',  ( -0.2815177615356488916, -0.1111941087924034344, -0.3699999999999999956 ) ) ;
#3173 = COLOUR_RGB ( '',0.000000000000000000, 0.000000000000000000, 0.000000000000000000 ) ;
#3174 = ADVANCED_FACE ( 'NONE', ( #4391 ), #2754, .T. ) ;
#3175 = SURFACE_STYLE_FILL_AREA ( #2085 ) ;
#3176 = VERTEX_POINT ( 'NONE', #2339 ) ;
#3177 = DIRECTION ( 'NONE',  ( -1.000000000000000000, -1.971276677246372012E-16, -0.000000000000000000 ) ) ;
#3178 =( LENGTH_UNIT ( ) NAMED_UNIT ( * ) SI_UNIT ( .MILLI., .METRE. ) );
#3179 = SURFACE_SIDE_STYLE ('',( #10 ) ) ;
#3180 = VERTEX_POINT ( 'NONE', #4683 ) ;
#3181 = EDGE_CURVE ( 'NONE', #693, #1405, #1089, .T. ) ;
#3182 = VECTOR ( 'NONE', #60, 1000.000000000000000 ) ;
#3183 =( NAMED_UNIT ( * ) SI_UNIT ( $, .STERADIAN. ) SOLID_ANGLE_UNIT ( ) );
#3184 =( NAMED_UNIT ( * ) PLANE_ANGLE_UNIT ( ) SI_UNIT ( $, .RADIAN. ) );
#3185 = CARTESIAN_POINT ( 'NONE',  ( 0.2301103481678029861, -0.09074198515539391718, -0.3599999999999999867 ) ) ;
#3186 = ORIENTED_EDGE ( 'NONE', *, *, #1846, .T. ) ;
#3187 = VERTEX_POINT ( 'NONE', #820 ) ;
#3188 =( GEOMETRIC_REPRESENTATION_CONTEXT ( 3 ) GLOBAL_UNCERTAINTY_ASSIGNED_CONTEXT ( ( #4109 ) ) GLOBAL_UNIT_ASSIGNED_CONTEXT ( ( #3252, #4767, #1270 ) ) REPRESENTATION_CONTEXT ( 'NONE', 'WORKASPACE' ) );
#3189 =( NAMED_UNIT ( * ) SI_UNIT ( $, .STERADIAN. ) SOLID_ANGLE_UNIT ( ) );
#3190 = DIRECTION ( 'NONE',  ( 0.3390537954853695135, 0.9407669869669987861, 0.000000000000000000 ) ) ;
#3191 = VECTOR ( 'NONE', #2409, 1000.000000000000000 ) ;
#3192 = CARTESIAN_POINT ( 'NONE',  ( -0.5919577839164610333, 0.1126344153226785244, -0.3699999999999999956 ) ) ;
#3193 = SURFACE_STYLE_USAGE ( .BOTH. , #1199 ) ;
#3194 = EDGE_LOOP ( 'NONE', ( #523, #4506, #2156, #884 ) ) ;
#3195 = COLOUR_RGB ( '',0.000000000000000000, 0.000000000000000000, 0.000000000000000000 ) ;
#3196 = PRESENTATION_STYLE_ASSIGNMENT (( #5063 ) ) ;
#3197 = CARTESIAN_POINT ( 'NONE',  ( 0.2965267129139009805, 0.06487216324082616115, -0.3699999999999999956 ) ) ;
#3198 = AXIS2_PLACEMENT_3D ( 'NONE', #1934, #332, #3059 ) ;
#3199 = CARTESIAN_POINT ( 'NONE',  ( 0.1994550712755065736, 0.1183682978988042922, -0.3699999999999999956 ) ) ;
#3200 = DIRECTION ( 'NONE',  ( 0.000000000000000000, -1.000000000000000000, 0.000000000000000000 ) ) ;
#3201 = ORIENTED_EDGE ( 'NONE', *, *, #2761, .F. ) ;
#3202 = EDGE_CURVE ( 'NONE', #4465, #4053, #750, .T. ) ;
#3203 = EDGE_CURVE ( 'NONE', #3607, #5002, #2918, .T. ) ;
#3204 =( NAMED_UNIT ( * ) PLANE_ANGLE_UNIT ( ) SI_UNIT ( $, .RADIAN. ) );
#3205 = CARTESIAN_POINT ( 'NONE',  ( -0.1283122774895428531, 0.1228545199959744372, -0.3699999999999999956 ) ) ;
#3206 = LINE ( 'NONE', #2838, #4996 ) ;
#3207 = ORIENTED_EDGE ( 'NONE', *, *, #3797, .F. ) ;
#3208 = DIRECTION ( 'NONE',  ( -0.000000000000000000, -0.000000000000000000, 1.000000000000000000 ) ) ;
#3209 = CARTESIAN_POINT ( 'NONE',  ( 0.1246695539618508930, 0.1578888371043608296, -0.3699999999999999956 ) ) ;
#3210 = VERTEX_POINT ( 'NONE', #1343 ) ;
#3211 = EDGE_CURVE ( 'NONE', #75, #120, #2410, .T. ) ;
#3212 = VECTOR ( 'NONE', #3131, 1000.000000000000000 ) ;
#3213 = CARTESIAN_POINT ( 'NONE',  ( 0.1395845423865400836, -0.1138466232265503003, -0.3599999999999999867 ) ) ;
#3214 = ORIENTED_EDGE ( 'NONE', *, *, #1255, .T. ) ;
#3215 = FILL_AREA_STYLE_COLOUR ( '', #4972 ) ;
#3216 = ORIENTED_EDGE ( 'NONE', *, *, #1687, .T. ) ;
#3217 =( NAMED_UNIT ( * ) SI_UNIT ( $, .STERADIAN. ) SOLID_ANGLE_UNIT ( ) );
#3218 = SURFACE_SIDE_STYLE ('',( #1698 ) ) ;
#3219 = DIRECTION ( 'NONE',  ( -1.000000000000000000, 1.971276677246372012E-16, -0.000000000000000000 ) ) ;
#3220 = FILL_AREA_STYLE_COLOUR ( '', #2146 ) ;
#3221 = CARTESIAN_POINT ( 'NONE',  ( 2.333112642880053045, -1.737640255338846140, 0.7500000000000001110 ) ) ;
#3222 = LINE ( 'NONE', #2082, #3182 ) ;
#3223 = CARTESIAN_POINT ( 'NONE',  ( 0.2665635550909634666, -0.01037269289478079219, -0.3699999999999999956 ) ) ;
#3224 = VERTEX_POINT ( 'NONE', #927 ) ;
#3225 = DIRECTION ( 'NONE',  ( 1.000000000000000000, -0.000000000000000000, 0.000000000000000000 ) ) ;
#3226 =( NAMED_UNIT ( * ) PLANE_ANGLE_UNIT ( ) SI_UNIT ( $, .RADIAN. ) );
#3227 = ORIENTED_EDGE ( 'NONE', *, *, #3447, .T. ) ;
#3228 = CARTESIAN_POINT ( 'NONE',  ( -0.5709952043188111226, 0.1557813492642670938, -0.3699999999999999956 ) ) ;
#3229 =( LENGTH_UNIT ( ) NAMED_UNIT ( * ) SI_UNIT ( .MILLI., .METRE. ) );
#3230 = ADVANCED_FACE ( 'NONE', ( #1675 ), #447, .T. ) ;
#3231 = EDGE_CURVE ( 'NONE', #693, #2558, #2021, .T. ) ;
#3232 =( LENGTH_UNIT ( ) NAMED_UNIT ( * ) SI_UNIT ( .MILLI., .METRE. ) );
#3233 = ORIENTED_EDGE ( 'NONE', *, *, #318, .T. ) ;
#3234 = ADVANCED_FACE ( 'NONE', ( #557 ), #2494, .T. ) ;
#3235 = LINE ( 'NONE', #2097, #4236 ) ;
#3236 = VERTEX_POINT ( 'NONE', #609 ) ;
#3237 =( NAMED_UNIT ( * ) SI_UNIT ( $, .STERADIAN. ) SOLID_ANGLE_UNIT ( ) );
#3238 = VECTOR ( 'NONE', #270, 1000.000000000000000 ) ;
#3239 = CARTESIAN_POINT ( 'NONE',  ( 0.2377095126741098075, -0.08332128952234961472, -0.3699999999999999956 ) ) ;
#3240 = B_SPLINE_CURVE_WITH_KNOTS ( 'NONE', 3,
 ( #3731, #1432, #4098, #2611, #3761, #4198, #1069 ),
 .UNSPECIFIED., .F., .F.,
 ( 4, 1, 1, 1, 4 ),
 ( 0.000000000000000000, 0.3005411131585108975, 0.5677471464836001402, 0.8000336137369825629, 0.9999999999999998890 ),
 .UNSPECIFIED. ) ;
#3241 = CARTESIAN_POINT ( 'NONE',  ( 0.1354085993080318684, 0.1253982272896367045, -0.3599999999999999867 ) ) ;
#3242 = ORIENTED_EDGE ( 'NONE', *, *, #383, .T. ) ;
#3243 = STYLED_ITEM ( 'NONE', ( #1018 ), #1035 ) ;
#3244 = FILL_AREA_STYLE_COLOUR ( '', #889 ) ;
#3245 = MECHANICAL_DESIGN_GEOMETRIC_PRESENTATION_REPRESENTATION (  '', ( #724 ), #4064 ) ;
#3246 = VECTOR ( 'NONE', #3150, 1000.000000000000000 ) ;
#3247 = DIRECTION ( 'NONE',  ( 1.000000000000000000, -0.000000000000000000, 0.000000000000000000 ) ) ;
#3248 = VECTOR ( 'NONE', #2934, 1000.000000000000000 ) ;
#3249 = CARTESIAN_POINT ( 'NONE',  ( 0.1009740244072690613, -0.1042451238282473963, -0.3599999999999999867 ) ) ;
#3250 = VERTEX_POINT ( 'NONE', #3698 ) ;
#3251 = PRESENTATION_LAYER_ASSIGNMENT (  '', '', ( #390 ) ) ;
#3252 =( LENGTH_UNIT ( ) NAMED_UNIT ( * ) SI_UNIT ( .MILLI., .METRE. ) );
#3253 = CARTESIAN_POINT ( 'NONE',  ( 0.1661749606119374556, 0.1262542437577869325, -0.3599999999999999867 ) ) ;
#3254 = CARTESIAN_POINT ( 'NONE',  ( 0.2923939255803769122, -0.07318948680172249199, -0.3699999999999999956 ) ) ;
#3255 = ORIENTED_EDGE ( 'NONE', *, *, #4813, .F. ) ;
#3256 = CARTESIAN_POINT ( 'NONE',  ( 2.149999999999999911, -1.674999999999999822, 0.000000000000000000 ) ) ;
#3257 = VECTOR ( 'NONE', #759, 1000.000000000000000 ) ;
#3258 =( NAMED_UNIT ( * ) SI_UNIT ( $, .STERADIAN. ) SOLID_ANGLE_UNIT ( ) );
#3259 = ORIENTED_EDGE ( 'NONE', *, *, #3060, .F. ) ;
#3260 = ORIENTED_EDGE ( 'NONE', *, *, #756, .T. ) ;
#3261 = CARTESIAN_POINT ( 'NONE',  ( -0.6112391067578356596, 0.1557813492642670938, -0.3699999999999999956 ) ) ;
#3262 = CARTESIAN_POINT ( 'NONE',  ( -0.2769974909041769684, -0.1112918214674401829, -0.3699999999999999956 ) ) ;
#3263 = UNCERTAINTY_MEASURE_WITH_UNIT (LENGTH_MEASURE( 1.000000000000000082E-05 ), #2058, 'distance_accuracy_value', 'NONE');
#3264 = EDGE_CURVE ( 'NONE', #2765, #4918, #2625, .T. ) ;
#3265 = CARTESIAN_POINT ( 'NONE',  ( 0.2187131976151631130, 0.1077669466016128036, -0.3699999999999999956 ) ) ;
#3266 = UNCERTAINTY_MEASURE_WITH_UNIT (LENGTH_MEASURE( 1.000000000000000082E-05 ), #3320, 'distance_accuracy_value', 'NONE');
#3267 = DIRECTION ( 'NONE',  ( -1.000000000000000000, 0.000000000000000000, 0.000000000000000000 ) ) ;
#3268 = ORIENTED_EDGE ( 'NONE', *, *, #2911, .T. ) ;
#3269 = STYLED_ITEM ( 'NONE', ( #3539 ), #1967 ) ;
#3270 = CARTESIAN_POINT ( 'NONE',  ( -0.3953854482212502131, 0.008696745605730516609, -0.3699999999999999956 ) ) ;
#3271 = CARTESIAN_POINT ( 'NONE',  ( 0.2530709822879048665, 0.1260582491767815172, -0.3699999999999999956 ) ) ;
#3272 = CARTESIAN_POINT ( 'NONE',  ( -0.3405427723710704457, 0.1460812949306222741, -0.3699999999999999956 ) ) ;
#3273 = ADVANCED_FACE ( 'NONE', ( #2158 ), #2933, .T. ) ;
#3274 = FACE_OUTER_BOUND ( 'NONE', #3278, .T. ) ;
#3275 = CARTESIAN_POINT ( 'NONE',  ( 0.2037680505417300281, -0.1072094915658033804, -0.3699999999999999956 ) ) ;
#3276 =( GEOMETRIC_REPRESENTATION_CONTEXT ( 3 ) GLOBAL_UNCERTAINTY_ASSIGNED_CONTEXT ( ( #2114 ) ) GLOBAL_UNIT_ASSIGNED_CONTEXT ( ( #2764, #1294, #3531 ) ) REPRESENTATION_CONTEXT ( 'NONE', 'WORKASPACE' ) );
#3277 = LINE ( 'NONE', #4858, #2027 ) ;
#3278 = EDGE_LOOP ( 'NONE', ( #4700, #3132, #1173, #3955 ) ) ;
#3279 =( LENGTH_UNIT ( ) NAMED_UNIT ( * ) SI_UNIT ( .MILLI., .METRE. ) );
#3280 = CARTESIAN_POINT ( 'NONE',  ( 0.1889296218799201565, 0.1220534130824724728, -0.3599999999999999867 ) ) ;
#3281 = ORIENTED_EDGE ( 'NONE', *, *, #4733, .T. ) ;
#3282 = MECHANICAL_DESIGN_GEOMETRIC_PRESENTATION_REPRESENTATION (  '', ( #921 ), #678 ) ;
#3283 = UNCERTAINTY_MEASURE_WITH_UNIT (LENGTH_MEASURE( 1.000000000000000082E-05 ), #1837, 'distance_accuracy_value', 'NONE');
#3284 = FILL_AREA_STYLE ('',( #3662 ) ) ;
#3285 = CARTESIAN_POINT ( 'NONE',  ( -0.5887916961934460680, 0.1130241284782913663, -0.3599999999999999867 ) ) ;
#3286 = ORIENTED_EDGE ( 'NONE', *, *, #4137, .F. ) ;
#3287 = CARTESIAN_POINT ( 'NONE',  ( 0.000000000000000000, 0.1557813492642670938, -0.3599999999999999867 ) ) ;
#3288 = ORIENTED_EDGE ( 'NONE', *, *, #121, .T. ) ;
#3289 = DIRECTION ( 'NONE',  ( -0.000000000000000000, -0.000000000000000000, 1.000000000000000000 ) ) ;
#3290 = DIRECTION ( 'NONE',  ( -1.000000000000000000, -3.942553354492744024E-16, 0.000000000000000000 ) ) ;
#3291 = ORIENTED_EDGE ( 'NONE', *, *, #1782, .T. ) ;
#3292 = SURFACE_SIDE_STYLE ('',( #4850 ) ) ;
#3293 = EDGE_CURVE ( 'NONE', #2299, #3176, #1393, .T. ) ;
#3294 = FILL_AREA_STYLE ('',( #1777 ) ) ;
#3295 = ADVANCED_FACE ( 'NONE', ( #593 ), #4895, .T. ) ;
#3296 = CARTESIAN_POINT ( 'NONE',  ( -0.4106529328241146359, 0.09469363453941040398, -0.3699999999999999956 ) ) ;
#3297 = ORIENTED_EDGE ( 'NONE', *, *, #2315, .T. ) ;
#3298 = CARTESIAN_POINT ( 'NONE',  ( -2.705000000000000071, 1.050000000000000044, -0.3699999999999999956 ) ) ;
#3299 = FACE_OUTER_BOUND ( 'NONE', #4622, .T. ) ;
#3300 = VERTEX_POINT ( 'NONE', #2061 ) ;
#3301 = SURFACE_SIDE_STYLE ('',( #4464 ) ) ;
#3302 = ORIENTED_EDGE ( 'NONE', *, *, #681, .T. ) ;
#3303 = DIRECTION ( 'NONE',  ( -0.000000000000000000, 0.000000000000000000, 1.000000000000000000 ) ) ;
#3304 = VERTEX_POINT ( 'NONE', #853 ) ;
#3305 =( NAMED_UNIT ( * ) PLANE_ANGLE_UNIT ( ) SI_UNIT ( $, .RADIAN. ) );
#3306 =( NAMED_UNIT ( * ) SI_UNIT ( $, .STERADIAN. ) SOLID_ANGLE_UNIT ( ) );
#3307 = CARTESIAN_POINT ( 'NONE',  ( 0.1778214039253879775, 0.1245712948521536245, -0.3600000000000000422 ) ) ;
#3308 = ORIENTED_EDGE ( 'NONE', *, *, #5051, .F. ) ;
#3309 = SURFACE_STYLE_USAGE ( .BOTH. , #635 ) ;
#3310 = PLANE ( 'NONE',  #5072 ) ;
#3311 = ORIENTED_EDGE ( 'NONE', *, *, #711, .F. ) ;
#3312 = DIRECTION ( 'NONE',  ( -0.000000000000000000, -1.000000000000000000, -0.000000000000000000 ) ) ;
#3313 =( NAMED_UNIT ( * ) PLANE_ANGLE_UNIT ( ) SI_UNIT ( $, .RADIAN. ) );
#3314 = CARTESIAN_POINT ( 'NONE',  ( 0.1647376091601636394, -0.1148510286276410580, -0.3699999999999999956 ) ) ;
#3315 = MECHANICAL_DESIGN_GEOMETRIC_PRESENTATION_REPRESENTATION (  '', ( #2355 ), #1548 ) ;
#3316 = ORIENTED_EDGE ( 'NONE', *, *, #3416, .T. ) ;
#3317 = VECTOR ( 'NONE', #4684, 1000.000000000000000 ) ;
#3318 =( NAMED_UNIT ( * ) SI_UNIT ( $, .STERADIAN. ) SOLID_ANGLE_UNIT ( ) );
#3319 = EDGE_CURVE ( 'NONE', #1390, #4102, #2415, .T. ) ;
#3320 =( LENGTH_UNIT ( ) NAMED_UNIT ( * ) SI_UNIT ( .MILLI., .METRE. ) );
#3321 = LINE ( 'NONE', #4951, #2728 ) ;
#3322 = ORIENTED_EDGE ( 'NONE', *, *, #347, .T. ) ;
#3323 = CARTESIAN_POINT ( 'NONE',  ( 0.000000000000000000, 0.1191959834106085941, -0.3599999999999999867 ) ) ;
#3324 =( GEOMETRIC_REPRESENTATION_CONTEXT ( 3 ) GLOBAL_UNCERTAINTY_ASSIGNED_CONTEXT ( ( #2485 ) ) GLOBAL_UNIT_ASSIGNED_CONTEXT ( ( #4093, #508, #3703 ) ) REPRESENTATION_CONTEXT ( 'NONE', 'WORKASPACE' ) );
#3325 = FILL_AREA_STYLE ('',( #4550 ) ) ;
#3326 = FILL_AREA_STYLE ('',( #3793 ) ) ;
#3327 = EDGE_CURVE ( 'NONE', #4899, #1762, #392, .T. ) ;
#3328 = AXIS2_PLACEMENT_3D ( 'NONE', #3159, #867, #892 ) ;
#3329 = ORIENTED_EDGE ( 'NONE', *, *, #688, .F. ) ;
#3330 = FACE_OUTER_BOUND ( 'NONE', #2691, .T. ) ;
#3331 = UNCERTAINTY_MEASURE_WITH_UNIT (LENGTH_MEASURE( 1.000000000000000082E-05 ), #2624, 'distance_accuracy_value', 'NONE');
#3332 = LINE ( 'NONE', #2992, #952 ) ;
#3333 = PRESENTATION_LAYER_ASSIGNMENT (  '', '', ( #1487 ) ) ;
#3334 = CARTESIAN_POINT ( 'NONE',  ( -0.3878042822774080967, -0.04175423544607553134, -0.3699999999999999956 ) ) ;
#3335 = ORIENTED_EDGE ( 'NONE', *, *, #3083, .F. ) ;
#3336 = CARTESIAN_POINT ( 'NONE',  ( -0.3248871435699927090, -0.1386331216251033560, -0.3699999999999999956 ) ) ;
#3337 =( GEOMETRIC_REPRESENTATION_CONTEXT ( 3 ) GLOBAL_UNCERTAINTY_ASSIGNED_CONTEXT ( ( #2874 ) ) GLOBAL_UNIT_ASSIGNED_CONTEXT ( ( #1810, #2165, #1880 ) ) REPRESENTATION_CONTEXT ( 'NONE', 'WORKASPACE' ) );
#3338 = CARTESIAN_POINT ( 'NONE',  ( -8.377925878297076244E-17, 0.4249999999999997113, -0.3499999999999999778 ) ) ;
#3339 = SURFACE_STYLE_FILL_AREA ( #1808 ) ;
#3340 = DIRECTION ( 'NONE',  ( -0.000000000000000000, -1.000000000000000000, -0.000000000000000000 ) ) ;
#3341 = PRESENTATION_STYLE_ASSIGNMENT (( #638 ) ) ;
#3342 = VERTEX_POINT ( 'NONE', #3385 ) ;
#3343 = COLOUR_RGB ( '',0.000000000000000000, 0.000000000000000000, 0.000000000000000000 ) ;
#3344 = CARTESIAN_POINT ( 'NONE',  ( 0.1833502037326852074, -0.1131417621677787561, -0.3699999999999999956 ) ) ;
#3345 =( GEOMETRIC_REPRESENTATION_CONTEXT ( 3 ) GLOBAL_UNCERTAINTY_ASSIGNED_CONTEXT ( ( #4036 ) ) GLOBAL_UNIT_ASSIGNED_CONTEXT ( ( #1542, #1175, #2769 ) ) REPRESENTATION_CONTEXT ( 'NONE', 'WORKASPACE' ) );
#3346 = ORIENTED_EDGE ( 'NONE', *, *, #896, .T. ) ;
#3347 = MECHANICAL_DESIGN_GEOMETRIC_PRESENTATION_REPRESENTATION (  '', ( #4923 ), #4173 ) ;
#3348 = PRESENTATION_STYLE_ASSIGNMENT (( #3839 ) ) ;
#3349 = CARTESIAN_POINT ( 'NONE',  ( 0.2977636320302595174, -0.06009591939553122347, -0.3699999999999999956 ) ) ;
#3350 = CARTESIAN_POINT ( 'NONE',  ( -0.3091937362501553377, -0.1418176151619261749, -0.3599999999999998757 ) ) ;
#3351 = LINE ( 'NONE', #1409, #297 ) ;
#3352 = ADVANCED_FACE ( 'NONE', ( #2219 ), #3725, .T. ) ;
#3353 = VECTOR ( 'NONE', #3848, 1000.000000000000000 ) ;
#3354 = SURFACE_STYLE_USAGE ( .BOTH. , #2618 ) ;
#3355 =( NAMED_UNIT ( * ) SI_UNIT ( $, .STERADIAN. ) SOLID_ANGLE_UNIT ( ) );
#3356 = VERTEX_POINT ( 'NONE', #4250 ) ;
#3357 = FACE_BOUND ( 'NONE', #568, .T. ) ;
#3358 = VERTEX_POINT ( 'NONE', #3413 ) ;
#3359 =( LENGTH_UNIT ( ) NAMED_UNIT ( * ) SI_UNIT ( .MILLI., .METRE. ) );
#3360 = CARTESIAN_POINT ( 'NONE',  ( 2.889383502355557187, 2.220000000000000195, 0.7500000000000001110 ) ) ;
#3361 = SURFACE_STYLE_USAGE ( .BOTH. , #4243 ) ;
#3362 =( NAMED_UNIT ( * ) SI_UNIT ( $, .STERADIAN. ) SOLID_ANGLE_UNIT ( ) );
#3363 = ORIENTED_EDGE ( 'NONE', *, *, #1532, .T. ) ;
#3364 = B_SPLINE_CURVE_WITH_KNOTS ( 'NONE', 3,
 ( #641, #3365, #2246, #4945, #3783, #274, #1504, #1452, #3018, #4967, #1477, #1879, #1087, #2660, #698, #3806, #295, #3410, #4991 ),
 .UNSPECIFIED., .F., .F.,
 ( 4, 1, 1, 1, 1, 1, 1, 1, 1, 1, 1, 1, 1, 1, 1, 1, 4 ),
 ( 0.000000000000000000, 0.06783324845577354267, 0.1326555365079041537, 0.1950508840508276553, 0.2555829330687771073, 0.3147998341472897366, 0.3736004728263744856, 0.4325455953267434706, 0.4924306292835652910, 0.5526712559629693988, 0.6125130441881163623, 0.6726102503570062785, 0.7338383693139458597, 0.7965942385677737825, 0.8614497992905730817, 0.9291989423509052770, 0.9999999999999998890 ),
 .UNSPECIFIED. ) ;
#3365 = CARTESIAN_POINT ( 'NONE',  ( 0.1716362946344440754, -0.1477610401956433450, -0.3599999999999999867 ) ) ;
#3366 = CARTESIAN_POINT ( 'NONE',  ( 0.4863218688519204691, 0.1557813492642670938, -0.3699999999999999956 ) ) ;
#3367 = EDGE_LOOP ( 'NONE', ( #4157, #1531, #1422, #967 ) ) ;
#3368 = FACE_OUTER_BOUND ( 'NONE', #1333, .T. ) ;
#3369 = SURFACE_STYLE_FILL_AREA ( #2688 ) ;
#3370 = UNCERTAINTY_MEASURE_WITH_UNIT (LENGTH_MEASURE( 1.000000000000000082E-05 ), #3949, 'distance_accuracy_value', 'NONE');
#3371 = LINE ( 'NONE', #4205, #4485 ) ;
#3372 = LINE ( 'NONE', #662, #1803 ) ;
#3373 = EDGE_LOOP ( 'NONE', ( #1925, #2066, #1745, #1399 ) ) ;
#3374 = EDGE_CURVE ( 'NONE', #3945, #4138, #720, .T. ) ;
#3375 = CARTESIAN_POINT ( 'NONE',  ( -0.3633409663330195438, 0.09436524096466546163, -0.3699999999999999956 ) ) ;
#3376 = VECTOR ( 'NONE', #1884, 1000.000000000000000 ) ;
#3377 = SURFACE_SIDE_STYLE ('',( #1127 ) ) ;
#3378 = ADVANCED_FACE ( 'NONE', ( #1926 ), #3310, .T. ) ;
#3379 = FACE_OUTER_BOUND ( 'NONE', #3561, .T. ) ;
#3380 = CARTESIAN_POINT ( 'NONE',  ( -3.249999999999999112, -1.050000000000000044, -0.3699999999999999956 ) ) ;
#3381 = LINE ( 'NONE', #1061, #1302 ) ;
#3382 = FILL_AREA_STYLE ('',( #4484 ) ) ;
#3383 = CARTESIAN_POINT ( 'NONE',  ( -0.2344098384651526479, -0.1112918214674401829, -0.3699999999999999956 ) ) ;
#3384 = DIRECTION ( 'NONE',  ( -0.000000000000000000, -0.000000000000000000, 1.000000000000000000 ) ) ;
#3385 = CARTESIAN_POINT ( 'NONE',  ( -2.955000000000000071, 2.220000000000000195, -0.3499999999999999778 ) ) ;
#3386 = CARTESIAN_POINT ( 'NONE',  ( -0.5954045030992990428, 0.09815939804475490305, -0.3599999999999999867 ) ) ;
#3387 = FILL_AREA_STYLE_COLOUR ( '', #2620 ) ;
#3388 = DIRECTION ( 'NONE',  ( -0.000000000000000000, 0.000000000000000000, 1.000000000000000000 ) ) ;
#3389 = SURFACE_STYLE_FILL_AREA ( #1118 ) ;
#3390 = UNCERTAINTY_MEASURE_WITH_UNIT (LENGTH_MEASURE( 1.000000000000000082E-05 ), #4147, 'distance_accuracy_value', 'NONE');
#3391 =( GEOMETRIC_REPRESENTATION_CONTEXT ( 3 ) GLOBAL_UNCERTAINTY_ASSIGNED_CONTEXT ( ( #3370 ) ) GLOBAL_UNIT_ASSIGNED_CONTEXT ( ( #3949, #466, #1223 ) ) REPRESENTATION_CONTEXT ( 'NONE', 'WORKASPACE' ) );
#3392 = CARTESIAN_POINT ( 'NONE',  ( -0.5887916961934460680, 0.1130241284782913663, -0.3699999999999999956 ) ) ;
#3393 = LINE ( 'NONE', #659, #995 ) ;
#3394 = DIRECTION ( 'NONE',  ( 1.000000000000000000, 0.000000000000000000, 0.000000000000000000 ) ) ;
#3395 = CARTESIAN_POINT ( 'NONE',  ( -0.2757398689529575453, -0.1442186507357328673, -0.3699999999999999956 ) ) ;
#3396 = ORIENTED_EDGE ( 'NONE', *, *, #2910, .F. ) ;
#3397 = VECTOR ( 'NONE', #2360, 1000.000000000000000 ) ;
#3398 = COLOUR_RGB ( '',0.000000000000000000, 0.000000000000000000, 0.000000000000000000 ) ;
#3399 = CARTESIAN_POINT ( 'NONE',  ( -0.3953854482212502131, 0.008696745605730516609, -0.3599999999999999867 ) ) ;
#3400 = AXIS2_PLACEMENT_3D ( 'NONE', #4875, #4583, #2185 ) ;
#3401 = PRESENTATION_LAYER_ASSIGNMENT (  '', '', ( #559 ) ) ;
#3402 = CARTESIAN_POINT ( 'NONE',  ( -0.2814820840466599194, -0.1441147591228861824, -0.3699999999999999956 ) ) ;
#3403 = CARTESIAN_POINT ( 'NONE',  ( 0.08669786169417338650, -0.1302236451488958668, -0.3699999999999999956 ) ) ;
#3404 = PRESENTATION_STYLE_ASSIGNMENT (( #1874 ) ) ;
#3405 = PRESENTATION_LAYER_ASSIGNMENT (  '', '', ( #1557 ) ) ;
#3406 = EDGE_CURVE ( 'NONE', #4872, #988, #2162, .T. ) ;
#3407 = CARTESIAN_POINT ( 'NONE',  ( 0.2530709822879048665, 0.1260582491767815172, -0.3599999999999998201 ) ) ;
#3408 = DIRECTION ( 'NONE',  ( 0.000000000000000000, 0.9961946980917455452, 0.08715574274765836016 ) ) ;
#3409 = SURFACE_STYLE_USAGE ( .BOTH. , #2264 ) ;
#3410 = CARTESIAN_POINT ( 'NONE',  ( 0.3069598116214524719, -0.005314389225277332471, -0.3599999999999999867 ) ) ;
#3411 = DIRECTION ( 'NONE',  ( 0.000000000000000000, -0.000000000000000000, 1.000000000000000000 ) ) ;
#3412 = EDGE_LOOP ( 'NONE', ( #3616, #4944, #3543, #4187 ) ) ;
#3413 = CARTESIAN_POINT ( 'NONE',  ( -0.2769974909041769684, -0.1112918214674401829, -0.3599999999999999867 ) ) ;
#3414 = CARTESIAN_POINT ( 'NONE',  ( -2.705000000000000071, 1.674999999999998934, -0.3699999999999999956 ) ) ;
#3415 = B_SPLINE_SURFACE_WITH_KNOTS ( 'NONE', 3, 1, ( 
 ( #4709, #193 ),
 ( #172, #3314 ),
 ( #3653, #2221 ),
 ( #2977, #2521 ),
 ( #2501, #538 ),
 ( #1735, #3275 ),
 ( #478, #2040 ),
 ( #2925, #3831 ),
 ( #2979, #3452 ),
 ( #3622, #3239 ),
 ( #2056, #3645 ),
 ( #1623, #3601 ),
 ( #1264, #428 ),
 ( #2080, #1676 ),
 ( #2495, #849 ),
 ( #3167, #3572 ),
 ( #4042, #4727 ),
 ( #1345, #2436 ),
 ( #106, #3958 ) ),
 .UNSPECIFIED., .F., .F., .F.,
 ( 4, 1, 1, 1, 1, 1, 1, 1, 1, 1, 1, 1, 1, 1, 1, 1, 4 ),
 ( 2, 2 ),
 ( 0.000000000000000000, 0.06481800302173312822, 0.1272455744744398487, 0.1871943186255022873, 0.2459982253399872754, 0.3036354505094762679, 0.3613670914474543805, 0.4197923154369558318, 0.4794110356087523117, 0.5397459325347868653, 0.6001148833068664645, 0.6614790841803235288, 0.7239231142601163516, 0.7886514816910885628, 0.8559208852739587092, 0.9262258806259364707, 1.000000000000000000 ),
 ( 0.000000000000000000, 1.000000000000000000 ),
 .UNSPECIFIED. ) ;
#3416 = EDGE_CURVE ( 'NONE', #4396, #2175, #1427, .T. ) ;
#3417 = FILL_AREA_STYLE_COLOUR ( '', #3343 ) ;
#3418 =( NAMED_UNIT ( * ) PLANE_ANGLE_UNIT ( ) SI_UNIT ( $, .RADIAN. ) );
#3419 = SURFACE_SIDE_STYLE ('',( #824 ) ) ;
#3420 = AXIS2_PLACEMENT_3D ( 'NONE', #3579, #4364, #2909 ) ;
#3421 =( GEOMETRIC_REPRESENTATION_CONTEXT ( 3 ) GLOBAL_UNCERTAINTY_ASSIGNED_CONTEXT ( ( #2613 ) ) GLOBAL_UNIT_ASSIGNED_CONTEXT ( ( #3635, #2072, #3258 ) ) REPRESENTATION_CONTEXT ( 'NONE', 'WORKASPACE' ) );
#3422 = PRESENTATION_LAYER_ASSIGNMENT (  '', '', ( #1331 ) ) ;
#3423 = VECTOR ( 'NONE', #178, 1000.000000000000000 ) ;
#3424 = CARTESIAN_POINT ( 'NONE',  ( -0.5907741677334452657, 0.1191959834106085941, -0.3599999999999999867 ) ) ;
#3425 = CARTESIAN_POINT ( 'NONE',  ( -2.705000000000000071, 0.000000000000000000, -0.3499999999999999778 ) ) ;
#3426 = CARTESIAN_POINT ( 'NONE',  ( -0.3538323495807843000, -0.1280647394221991198, -0.3599999999999999867 ) ) ;
#3427 =( NAMED_UNIT ( * ) PLANE_ANGLE_UNIT ( ) SI_UNIT ( $, .RADIAN. ) );
#3428 = VERTEX_POINT ( 'NONE', #273 ) ;
#3429 = VECTOR ( 'NONE', #4344, 1000.000000000000000 ) ;
#3430 =( NAMED_UNIT ( * ) PLANE_ANGLE_UNIT ( ) SI_UNIT ( $, .RADIAN. ) );
#3431 = CARTESIAN_POINT ( 'NONE',  ( 0.000000000000000000, -0.06007230927231824863, -0.3599999999999999867 ) ) ;
#3432 = STYLED_ITEM ( 'NONE', ( #3789 ), #3174 ) ;
#3433 = CARTESIAN_POINT ( 'NONE',  ( 0.4460779664128960431, -0.1112918214674401829, -0.3699999999999999956 ) ) ;
#3434 = CARTESIAN_POINT ( 'NONE',  ( 0.000000000000000000, -0.1442186507357328673, -0.3599999999999999867 ) ) ;
#3435 = CARTESIAN_POINT ( 'NONE',  ( 0.2107731946276145130, -0.1424335812992550965, -0.3699999999999999956 ) ) ;
#3436 = CARTESIAN_POINT ( 'NONE',  ( 0.3012996182156932323, 0.04992289543699308940, -0.3599999999999998201 ) ) ;
#3437 =( LENGTH_UNIT ( ) NAMED_UNIT ( * ) SI_UNIT ( .MILLI., .METRE. ) );
#3438 = CARTESIAN_POINT ( 'NONE',  ( 2.150639552201751403, -1.737640255338846140, 0.7500000000000001110 ) ) ;
#3439 = PRESENTATION_STYLE_ASSIGNMENT (( #717 ) ) ;
#3440 = VERTEX_POINT ( 'NONE', #2579 ) ;
#3441 =( LENGTH_UNIT ( ) NAMED_UNIT ( * ) SI_UNIT ( .MILLI., .METRE. ) );
#3442 = ADVANCED_FACE ( 'NONE', ( #1064 ), #1034, .T. ) ;
#3443 = EDGE_CURVE ( 'NONE', #4745, #1602, #252, .T. ) ;
#3444 = CARTESIAN_POINT ( 'NONE',  ( -0.3362656066868656146, 0.1118474941523986410, -0.3599999999999999867 ) ) ;
#3445 = CARTESIAN_POINT ( 'NONE',  ( -0.1209952043188111531, 0.02407403219109637352, -0.3699999999999999956 ) ) ;
#3446 = CARTESIAN_POINT ( 'NONE',  ( 0.08654696015000426512, 0.1088537914056132427, -0.3599999999999999867 ) ) ;
#3447 = EDGE_CURVE ( 'NONE', #4134, #2765, #1780, .T. ) ;
#3448 = B_SPLINE_CURVE_WITH_KNOTS ( 'NONE', 3,
 ( #4463, #66, #3253, #4884, #3280, #912, #4100, #4047, #2067, #4861, #2142, #93, #960, #2946, #1683, #2089, #1665, #2481, #540 ),
 .UNSPECIFIED., .F., .F.,
 ( 4, 1, 1, 1, 1, 1, 1, 1, 1, 1, 1, 1, 1, 1, 1, 1, 4 ),
 ( 0.000000000000000000, 0.06460397028839207079, 0.1267024139629471247, 0.1867568140356180850, 0.2455056873654374028, 0.3036520244499753551, 0.3615030739706253105, 0.4202402229284672996, 0.4800333407766963489, 0.5406781347755159617, 0.6011918063807816237, 0.6623335024774423818, 0.7247395102972316039, 0.7894677361728865694, 0.8565048600438305293, 0.9263120958391900528, 1.000000000000000000 ),
 .UNSPECIFIED. ) ;
#3449 = DIRECTION ( 'NONE',  ( 0.000000000000000000, -1.000000000000000000, 0.000000000000000000 ) ) ;
#3450 = PRESENTATION_STYLE_ASSIGNMENT (( #4691 ) ) ;
#3451 = ORIENTED_EDGE ( 'NONE', *, *, #1098, .F. ) ;
#3452 = CARTESIAN_POINT ( 'NONE',  ( 0.2301103481678029861, -0.09074198515539391718, -0.3699999999999999956 ) ) ;
#3453 = PLANE ( 'NONE',  #2237 ) ;
#3454 = VERTEX_POINT ( 'NONE', #1370 ) ;
#3455 = CARTESIAN_POINT ( 'NONE',  ( -0.3261109342619269436, 0.1504128445495063193, -0.3599999999999999867 ) ) ;
#3456 = CARTESIAN_POINT ( 'NONE',  ( -0.3953854482212502131, 0.008696745605730516609, -0.3599999999999999867 ) ) ;
#3457 = B_SPLINE_SURFACE_WITH_KNOTS ( 'NONE', 3, 1, ( 
 ( #547, #2672 ),
 ( #2692, #4234 ),
 ( #3849, #338 ),
 ( #5023, #3556 ),
 ( #413, #3873 ),
 ( #1636, #1941 ),
 ( #1172, #1560 ) ),
 .UNSPECIFIED., .F., .F., .F.,
 ( 4, 1, 1, 1, 4 ),
 ( 2, 2 ),
 ( 0.000000000000000000, 0.1744817153170506174, 0.3982857591281120935, 0.6738978473986667606, 1.000000000000000000 ),
 ( 0.000000000000000000, 1.000000000000000000 ),
 .UNSPECIFIED. ) ;
#3458 = CARTESIAN_POINT ( 'NONE',  ( 0.08388284446167662556, -0.1286698702479280032, -0.3599999999999999867 ) ) ;
#3459 = CARTESIAN_POINT ( 'NONE',  ( 0.3067763242935421797, -0.01595292822235866784, -0.3699999999999999956 ) ) ;
#3460 =( NAMED_UNIT ( * ) SI_UNIT ( $, .STERADIAN. ) SOLID_ANGLE_UNIT ( ) );
#3461 = CARTESIAN_POINT ( 'NONE',  ( -0.3952819134151311919, 0.004081983154532647928, -0.3599999999999999867 ) ) ;
#3462 = VECTOR ( 'NONE', #3812, 1000.000000000000000 ) ;
#3463 = ORIENTED_EDGE ( 'NONE', *, *, #896, .F. ) ;
#3464 = DIRECTION ( 'NONE',  ( -1.000000000000000000, 0.000000000000000000, 0.000000000000000000 ) ) ;
#3465 =( NAMED_UNIT ( * ) SI_UNIT ( $, .STERADIAN. ) SOLID_ANGLE_UNIT ( ) );
#3466 = CARTESIAN_POINT ( 'NONE',  ( -0.4296347514057135553, -0.03878779292782149474, -0.3699999999999999956 ) ) ;
#3467 = LINE ( 'NONE', #5035, #773 ) ;
#3468 =( GEOMETRIC_REPRESENTATION_CONTEXT ( 3 ) GLOBAL_UNCERTAINTY_ASSIGNED_CONTEXT ( ( #1051 ) ) GLOBAL_UNIT_ASSIGNED_CONTEXT ( ( #4603, #1103, #1865 ) ) REPRESENTATION_CONTEXT ( 'NONE', 'WORKASPACE' ) );
#3469 = PLANE ( 'NONE',  #3755 ) ;
#3470 = PRESENTATION_STYLE_ASSIGNMENT (( #3838 ) ) ;
#3471 = FILL_AREA_STYLE_COLOUR ( '', #1553 ) ;
#3472 = DIRECTION ( 'NONE',  ( 1.000000000000000000, -0.000000000000000000, 0.000000000000000000 ) ) ;
#3473 = FACE_OUTER_BOUND ( 'NONE', #1775, .T. ) ;
#3474 = CARTESIAN_POINT ( 'NONE',  ( -0.3795063536428158191, -0.1121763980455833531, -0.3699999999999999956 ) ) ;
#3475 = EDGE_CURVE ( 'NONE', #147, #75, #2937, .T. ) ;
#3476 = SURFACE_STYLE_FILL_AREA ( #1633 ) ;
#3477 = FILL_AREA_STYLE_COLOUR ( '', #3842 ) ;
#3478 = LINE ( 'NONE', #1606, #1966 ) ;
#3479 = CARTESIAN_POINT ( 'NONE',  ( 3.250000000000000000, 1.675000000000000266, 0.000000000000000000 ) ) ;
#3480 = ORIENTED_EDGE ( 'NONE', *, *, #2154, .T. ) ;
#3481 = SURFACE_SIDE_STYLE ('',( #768 ) ) ;
#3482 = VECTOR ( 'NONE', #1709, 1000.000000000000000 ) ;
#3483 = LINE ( 'NONE', #4672, #3801 ) ;
#3484 = ADVANCED_FACE ( 'NONE', ( #3781 ), #3721, .T. ) ;
#3485 =( GEOMETRIC_REPRESENTATION_CONTEXT ( 3 ) GLOBAL_UNCERTAINTY_ASSIGNED_CONTEXT ( ( #3003 ) ) GLOBAL_UNIT_ASSIGNED_CONTEXT ( ( #1860, #2832, #4663 ) ) REPRESENTATION_CONTEXT ( 'NONE', 'WORKASPACE' ) );
#3486 = VECTOR ( 'NONE', #356, 1000.000000000000000 ) ;
#3487 = FACE_OUTER_BOUND ( 'NONE', #3782, .T. ) ;
#3488 =( NAMED_UNIT ( * ) PLANE_ANGLE_UNIT ( ) SI_UNIT ( $, .RADIAN. ) );
#3489 = MECHANICAL_DESIGN_GEOMETRIC_PRESENTATION_REPRESENTATION (  '', ( #2211 ), #4904 ) ;
#3490 = AXIS2_PLACEMENT_3D ( 'NONE', #2582, #3312, #2190 ) ;
#3491 = CARTESIAN_POINT ( 'NONE',  ( -0.2769974909041769684, -0.1112918214674401829, -0.3599999999999999867 ) ) ;
#3492 = FILL_AREA_STYLE_COLOUR ( '', #3048 ) ;
#3493 = VERTEX_POINT ( 'NONE', #2281 ) ;
#3494 =( LENGTH_UNIT ( ) NAMED_UNIT ( * ) SI_UNIT ( .MILLI., .METRE. ) );
#3495 = PLANE ( 'NONE',  #1899 ) ;
#3496 = MECHANICAL_DESIGN_GEOMETRIC_PRESENTATION_REPRESENTATION (  '', ( #1071 ), #1959 ) ;
#3497 = CARTESIAN_POINT ( 'NONE',  ( -0.4352706938203698694, -0.007219024521522401754, -0.3699999999999999956 ) ) ;
#3498 = LINE ( 'NONE', #1999, #1690 ) ;
#3499 =( NAMED_UNIT ( * ) PLANE_ANGLE_UNIT ( ) SI_UNIT ( $, .RADIAN. ) );
#3500 = FACE_OUTER_BOUND ( 'NONE', #4394, .T. ) ;
#3501 = DIRECTION ( 'NONE',  ( -0.000000000000000000, -0.000000000000000000, 1.000000000000000000 ) ) ;
#3502 = B_SPLINE_SURFACE_WITH_KNOTS ( 'NONE', 3, 1, ( 
 ( #935, #235 ),
 ( #618, #3687 ),
 ( #4513, #913 ),
 ( #2482, #990 ),
 ( #1764, #4101 ),
 ( #1816, #3349 ),
 ( #2893, #3254 ),
 ( #2505, #4027 ),
 ( #1787, #4048 ),
 ( #599, #515 ),
 ( #4072, #2090 ),
 ( #3628, #4885 ),
 ( #2170, #2980 ),
 ( #3708, #2196 ),
 ( #2916, #4829 ),
 ( #1376, #571 ),
 ( #1020, #2112 ),
 ( #3660, #961 ),
 ( #146, #4862 ) ),
 .UNSPECIFIED., .F., .F., .F.,
 ( 4, 1, 1, 1, 1, 1, 1, 1, 1, 1, 1, 1, 1, 1, 1, 1, 4 ),
 ( 2, 2 ),
 ( 0.000000000000000000, 0.07080105764909461197, 0.1385502007094268073, 0.2034057614322261065, 0.2661616306860540293, 0.3273897496429936105, 0.3874869558118835267, 0.4473287440370304902, 0.5075693707164345980, 0.5674544046732563629, 0.6263995271736253478, 0.6852001658527101524, 0.7444170669312227817, 0.8049491159491721781, 0.8673444634920957075, 0.9321667515442263463, 0.9999999999999998890 ),
 ( 0.000000000000000000, 1.000000000000000000 ),
 .UNSPECIFIED. ) ;
#3503 =( NAMED_UNIT ( * ) SI_UNIT ( $, .STERADIAN. ) SOLID_ANGLE_UNIT ( ) );
#3504 = AXIS2_PLACEMENT_3D ( 'NONE', #1406, #3658, #2891 ) ;
#3505 = DIRECTION ( 'NONE',  ( -1.000000000000000000, 0.000000000000000000, -0.000000000000000000 ) ) ;
#3506 = ORIENTED_EDGE ( 'NONE', *, *, #1375, .T. ) ;
#3507 = CARTESIAN_POINT ( 'NONE',  ( 0.4863218688519204691, -0.1442186507357328673, -0.3699999999999999956 ) ) ;
#3508 =( GEOMETRIC_REPRESENTATION_CONTEXT ( 3 ) GLOBAL_UNCERTAINTY_ASSIGNED_CONTEXT ( ( #2514 ) ) GLOBAL_UNIT_ASSIGNED_CONTEXT ( ( #1130, #1156, #3526 ) ) REPRESENTATION_CONTEXT ( 'NONE', 'WORKASPACE' ) );
#3509 = EDGE_CURVE ( 'NONE', #3945, #1844, #4274, .T. ) ;
#3510 = MECHANICAL_DESIGN_GEOMETRIC_PRESENTATION_REPRESENTATION (  '', ( #3923 ), #485 ) ;
#3511 = CARTESIAN_POINT ( 'NONE',  ( -0.4015262965513699545, 0.1059600366383136316, -0.3599999999999999867 ) ) ;
#3512 = CARTESIAN_POINT ( 'NONE',  ( 0.1833502037326852074, -0.1131417621677787561, -0.3599999999999999867 ) ) ;
#3513 = VECTOR ( 'NONE', #4178, 1000.000000000000000 ) ;
#3514 = VERTEX_POINT ( 'NONE', #2705 ) ;
#3515 = ADVANCED_FACE ( 'NONE', ( #1502 ), #4627, .T. ) ;
#3516 = PRESENTATION_LAYER_ASSIGNMENT (  '', '', ( #919 ) ) ;
#3517 = CARTESIAN_POINT ( 'NONE',  ( 0.09236872376590510303, -0.1333537301274849429, -0.3599999999999999867 ) ) ;
#3518 = CARTESIAN_POINT ( 'NONE',  ( 0.2365461428764656648, -0.1322887356958114824, -0.3699999999999999956 ) ) ;
#3519 =( LENGTH_UNIT ( ) NAMED_UNIT ( * ) SI_UNIT ( .MILLI., .METRE. ) );
#3520 = CARTESIAN_POINT ( 'NONE',  ( 0.000000000000000000, 0.000000000000000000, -0.3699999999999999956 ) ) ;
#3521 = ORIENTED_EDGE ( 'NONE', *, *, #4561, .F. ) ;
#3522 = FILL_AREA_STYLE ('',( #50 ) ) ;
#3523 = CARTESIAN_POINT ( 'NONE',  ( -0.3034610030582222673, 0.1212588183141980747, -0.3599999999999999867 ) ) ;
#3524 = CARTESIAN_POINT ( 'NONE',  ( 0.02534625909582290462, -0.1442186507357328673, -0.3699999999999999956 ) ) ;
#3525 = CARTESIAN_POINT ( 'NONE',  ( 0.1447039196283806950, 0.1263704173663537378, -0.3699999999999999956 ) ) ;
#3526 =( NAMED_UNIT ( * ) SI_UNIT ( $, .STERADIAN. ) SOLID_ANGLE_UNIT ( ) );
#3527 = LINE ( 'NONE', #2269, #4063 ) ;
#3528 = FILL_AREA_STYLE ('',( #2291 ) ) ;
#3529 = PRESENTATION_STYLE_ASSIGNMENT (( #781 ) ) ;
#3530 = CARTESIAN_POINT ( 'NONE',  ( 2.149999999999999911, 0.4250000000000001554, 0.000000000000000000 ) ) ;
#3531 =( NAMED_UNIT ( * ) SI_UNIT ( $, .STERADIAN. ) SOLID_ANGLE_UNIT ( ) );
#3532 = ORIENTED_EDGE ( 'NONE', *, *, #2572, .T. ) ;
#3533 = SURFACE_STYLE_FILL_AREA ( #1988 ) ;
#3534 = VECTOR ( 'NONE', #1552, 1000.000000000000000 ) ;
#3535 = FILL_AREA_STYLE ('',( #3972 ) ) ;
#3536 = LINE ( 'NONE', #3894, #4468 ) ;
#3537 = EDGE_LOOP ( 'NONE', ( #1642, #20, #2861, #2400 ) ) ;
#3538 = FACE_OUTER_BOUND ( 'NONE', #3974, .T. ) ;
#3539 = PRESENTATION_STYLE_ASSIGNMENT (( #443 ) ) ;
#3540 = PRESENTATION_STYLE_ASSIGNMENT (( #998 ) ) ;
#3541 = ADVANCED_FACE ( 'NONE', ( #1205 ), #3170, .T. ) ;
#3542 = PLANE ( 'NONE',  #2484 ) ;
#3543 = ORIENTED_EDGE ( 'NONE', *, *, #1185, .F. ) ;
#3544 = FILL_AREA_STYLE ('',( #1997 ) ) ;
#3545 = CARTESIAN_POINT ( 'NONE',  ( 0.1544811676324083227, 0.1594398858496329507, -0.3699999999999999956 ) ) ;
#3546 = CARTESIAN_POINT ( 'NONE',  ( 0.1541381798275302528, 0.1265130565813402663, -0.3699999999999999956 ) ) ;
#3547 = CARTESIAN_POINT ( 'NONE',  ( 0.2668096737299692767, 0.002580129752071980663, -0.3699999999999999956 ) ) ;
#3548 = CARTESIAN_POINT ( 'NONE',  ( 0.1069770777154270130, 0.1549340227660187808, -0.3599999999999999867 ) ) ;
#3549 = UNCERTAINTY_MEASURE_WITH_UNIT (LENGTH_MEASURE( 1.000000000000000082E-05 ), #1971, 'distance_accuracy_value', 'NONE');
#3550 = SURFACE_SIDE_STYLE ('',( #2813 ) ) ;
#3551 = SURFACE_STYLE_FILL_AREA ( #4230 ) ;
#3552 = VERTEX_POINT ( 'NONE', #1657 ) ;
#3553 = CARTESIAN_POINT ( 'NONE',  ( -0.1209952043188111531, -0.008852797077196295286, -0.3599999999999999867 ) ) ;
#3554 = FILL_AREA_STYLE ('',( #1170 ) ) ;
#3555 = DIRECTION ( 'NONE',  ( 0.3393303772748776370, 0.9406672605435404400, 0.000000000000000000 ) ) ;
#3556 = CARTESIAN_POINT ( 'NONE',  ( -0.5930557191006782247, 0.1068043197289153534, -0.3699999999999999956 ) ) ;
#3557 = ORIENTED_EDGE ( 'NONE', *, *, #2184, .F. ) ;
#3558 =( LENGTH_UNIT ( ) NAMED_UNIT ( * ) SI_UNIT ( .MILLI., .METRE. ) );
#3559 = CARTESIAN_POINT ( 'NONE',  ( -0.1209952043188111531, 0.02407403219109637352, -0.3599999999999999867 ) ) ;
#3560 = CARTESIAN_POINT ( 'NONE',  ( 0.2597160033216770469, -0.04582832217890599191, -0.3599999999999999867 ) ) ;
#3561 = EDGE_LOOP ( 'NONE', ( #3233, #556, #3656, #2194 ) ) ;
#3562 = ORIENTED_EDGE ( 'NONE', *, *, #4912, .F. ) ;
#3563 = VECTOR ( 'NONE', #1946, 1000.000000000000000 ) ;
#3564 = VECTOR ( 'NONE', #3146, 1000.000000000000000 ) ;
#3565 =( GEOMETRIC_REPRESENTATION_CONTEXT ( 3 ) GLOBAL_UNCERTAINTY_ASSIGNED_CONTEXT ( ( #1817 ) ) GLOBAL_UNIT_ASSIGNED_CONTEXT ( ( #3558, #3184, #915 ) ) REPRESENTATION_CONTEXT ( 'NONE', 'WORKASPACE' ) );
#3566 =( NAMED_UNIT ( * ) SI_UNIT ( $, .STERADIAN. ) SOLID_ANGLE_UNIT ( ) );
#3567 = PLANE ( 'NONE',  #761 ) ;
#3568 = VERTEX_POINT ( 'NONE', #2853 ) ;
#3569 = DIRECTION ( 'NONE',  ( -0.3536223923290754967, 0.9353882635801357148, 0.000000000000000000 ) ) ;
#3570 = PRESENTATION_LAYER_ASSIGNMENT (  '', '', ( #724 ) ) ;
#3571 = ADVANCED_FACE ( 'NONE', ( #3575 ), #1152, .T. ) ;
#3572 = CARTESIAN_POINT ( 'NONE',  ( 0.2651650791039724675, -0.02287599627162749047, -0.3699999999999999956 ) ) ;
#3573 = LINE ( 'NONE', #1595, #4285 ) ;
#3574 = CARTESIAN_POINT ( 'NONE',  ( 0.1001931907959474344, 0.1157889524482869359, -0.3699999999999999956 ) ) ;
#3575 = FACE_OUTER_BOUND ( 'NONE', #154, .T. ) ;
#3576 = ORIENTED_EDGE ( 'NONE', *, *, #1010, .F. ) ;
#3577 =( LENGTH_UNIT ( ) NAMED_UNIT ( * ) SI_UNIT ( .MILLI., .METRE. ) );
#3578 = VECTOR ( 'NONE', #330, 1000.000000000000000 ) ;
#3579 = CARTESIAN_POINT ( 'NONE',  ( 0.08388284446167661168, -0.09574304097963531879, -0.3699999999999999956 ) ) ;
#3580 = ORIENTED_EDGE ( 'NONE', *, *, #2575, .T. ) ;
#3581 = CARTESIAN_POINT ( 'NONE',  ( -0.5402406311480795198, -0.02714548000402552605, -0.3699999999999999956 ) ) ;
#3582 = LINE ( 'NONE', #2528, #3994 ) ;
#3583 = DIRECTION ( 'NONE',  ( -0.000000000000000000, 0.000000000000000000, 1.000000000000000000 ) ) ;
#3584 = VERTEX_POINT ( 'NONE', #3990 ) ;
#3585 = CARTESIAN_POINT ( 'NONE',  ( 0.1623869780789160555, -0.1478297861779807876, -0.3599999999999999867 ) ) ;
#3586 = LINE ( 'NONE', #1670, #4258 ) ;
#3587 = EDGE_LOOP ( 'NONE', ( #1615, #3696, #1275, #4629 ) ) ;
#3588 = ORIENTED_EDGE ( 'NONE', *, *, #4591, .F. ) ;
#3589 = STYLED_ITEM ( 'NONE', ( #2337 ), #3378 ) ;
#3590 = PRESENTATION_LAYER_ASSIGNMENT (  '', '', ( #2554 ) ) ;
#3591 = AXIS2_PLACEMENT_3D ( 'NONE', #3520, #1086, #2659 ) ;
#3592 =( LENGTH_UNIT ( ) NAMED_UNIT ( * ) SI_UNIT ( .MILLI., .METRE. ) );
#3593 = CARTESIAN_POINT ( 'NONE',  ( 0.000000000000000000, 0.1557813492642670938, -0.3599999999999999867 ) ) ;
#3594 = VECTOR ( 'NONE', #3025, 1000.000000000000114 ) ;
#3595 = COLOUR_RGB ( '',0.7529411764705882248, 0.7529411764705882248, 0.7529411764705882248 ) ;
#3596 = CARTESIAN_POINT ( 'NONE',  ( -3.249999999999999112, -1.050000000000000044, 0.000000000000000000 ) ) ;
#3597 = ORIENTED_EDGE ( 'NONE', *, *, #3797, .T. ) ;
#3598 =( NAMED_UNIT ( * ) PLANE_ANGLE_UNIT ( ) SI_UNIT ( $, .RADIAN. ) );
#3599 = MECHANICAL_DESIGN_GEOMETRIC_PRESENTATION_REPRESENTATION (  '', ( #3118 ), #755 ) ;
#3600 = FILL_AREA_STYLE ('',( #4784 ) ) ;
#3601 = CARTESIAN_POINT ( 'NONE',  ( 0.2505497879392727945, -0.06601062625796634553, -0.3699999999999999956 ) ) ;
#3602 = DIRECTION ( 'NONE',  ( -0.000000000000000000, 0.000000000000000000, 1.000000000000000000 ) ) ;
#3603 = ADVANCED_FACE ( 'NONE', ( #137 ), #2384, .F. ) ;
#3604 = PRODUCT_DEFINITION ( 'Î´Öª', '', #5021, #379 ) ;
#3605 =( LENGTH_UNIT ( ) NAMED_UNIT ( * ) SI_UNIT ( .MILLI., .METRE. ) );
#3606 = PRESENTATION_STYLE_ASSIGNMENT (( #880 ) ) ;
#3607 = VERTEX_POINT ( 'NONE', #2641 ) ;
#3608 = EDGE_CURVE ( 'NONE', #4668, #3514, #819, .T. ) ;
#3609 = CARTESIAN_POINT ( 'NONE',  ( 1.250000000000000222, 1.674999999999999378, -0.3499999999999999778 ) ) ;
#3610 = ORIENTED_EDGE ( 'NONE', *, *, #4531, .F. ) ;
#3611 = PRESENTATION_STYLE_ASSIGNMENT (( #4421 ) ) ;
#3612 = LINE ( 'NONE', #2793, #1291 ) ;
#3613 = SURFACE_STYLE_FILL_AREA ( #545 ) ;
#3614 = VERTEX_POINT ( 'NONE', #776 ) ;
#3615 = EDGE_CURVE ( 'NONE', #1254, #3428, #1573, .T. ) ;
#3616 = ORIENTED_EDGE ( 'NONE', *, *, #744, .T. ) ;
#3617 = DIRECTION ( 'NONE',  ( 0.000000000000000000, 0.000000000000000000, -1.000000000000000000 ) ) ;
#3618 = DIRECTION ( 'NONE',  ( -0.000000000000000000, -1.000000000000000000, -0.000000000000000000 ) ) ;
#3619 = UNCERTAINTY_MEASURE_WITH_UNIT (LENGTH_MEASURE( 1.000000000000000082E-05 ), #209, 'distance_accuracy_value', 'NONE');
#3620 = FACE_OUTER_BOUND ( 'NONE', #4838, .T. ) ;
#3621 = ORIENTED_EDGE ( 'NONE', *, *, #937, .F. ) ;
#3622 = CARTESIAN_POINT ( 'NONE',  ( 0.2377095126741098075, -0.08332128952234961472, -0.3599999999999999867 ) ) ;
#3623 = CARTESIAN_POINT ( 'NONE',  ( -0.2951449381031370778, 0.1554176320650331733, -0.3699999999999999956 ) ) ;
#3624 = CARTESIAN_POINT ( 'NONE',  ( 0.02534625909582290462, 0.1557813492642670938, -0.3699999999999999956 ) ) ;
#3625 = DIRECTION ( 'NONE',  ( 0.000000000000000000, 0.000000000000000000, 1.000000000000000000 ) ) ;
#3626 = ORIENTED_EDGE ( 'NONE', *, *, #4311, .T. ) ;
#3627 = SURFACE_SIDE_STYLE ('',( #2915 ) ) ;
#3628 = CARTESIAN_POINT ( 'NONE',  ( 0.2482258414208625419, -0.1252885565774562726, -0.3599999999999997646 ) ) ;
#3629 = STYLED_ITEM ( 'NONE', ( #2983 ), #839 ) ;
#3630 = ORIENTED_EDGE ( 'NONE', *, *, #3443, .F. ) ;
#3631 = UNCERTAINTY_MEASURE_WITH_UNIT (LENGTH_MEASURE( 1.000000000000000082E-05 ), #4039, 'distance_accuracy_value', 'NONE');
#3632 = DIRECTION ( 'NONE',  ( -0.000000000000000000, 0.000000000000000000, 1.000000000000000000 ) ) ;
#3633 = DIRECTION ( 'NONE',  ( -1.000000000000000000, 8.260587980841938780E-16, 0.000000000000000000 ) ) ;
#3634 = EDGE_CURVE ( 'NONE', #2922, #4129, #3100, .T. ) ;
#3635 =( LENGTH_UNIT ( ) NAMED_UNIT ( * ) SI_UNIT ( .MILLI., .METRE. ) );
#3636 = ORIENTED_EDGE ( 'NONE', *, *, #958, .F. ) ;
#3637 = ORIENTED_EDGE ( 'NONE', *, *, #5085, .T. ) ;
#3638 = CARTESIAN_POINT ( 'NONE',  ( 0.1544811676324083227, 0.1594398858496329507, -0.3699999999999999956 ) ) ;
#3639 = EDGE_CURVE ( 'NONE', #1377, #4024, #402, .T. ) ;
#3640 = CARTESIAN_POINT ( 'NONE',  ( 0.08388284446167661168, 0.1475496419471939435, -0.3699999999999999956 ) ) ;
#3641 = PLANE ( 'NONE',  #3824 ) ;
#3642 =( NAMED_UNIT ( * ) SI_UNIT ( $, .STERADIAN. ) SOLID_ANGLE_UNIT ( ) );
#3643 = ORIENTED_EDGE ( 'NONE', *, *, #2094, .F. ) ;
#3644 = VECTOR ( 'NONE', #4490, 1000.000000000000000 ) ;
#3645 = CARTESIAN_POINT ( 'NONE',  ( 0.2445539826133306671, -0.07504628174828233134, -0.3699999999999999956 ) ) ;
#3646 = CARTESIAN_POINT ( 'NONE',  ( -0.5014830091968599524, -0.1442186507357328673, -0.3699999999999999956 ) ) ;
#3647 = SURFACE_STYLE_USAGE ( .BOTH. , #2969 ) ;
#3648 = CARTESIAN_POINT ( 'NONE',  ( 0.1086961637412333509, 0.1191309939005135432, -0.3599999999999999867 ) ) ;
#3649 = ORIENTED_EDGE ( 'NONE', *, *, #2439, .T. ) ;
#3650 = COLOUR_RGB ( '',0.000000000000000000, 0.000000000000000000, 0.000000000000000000 ) ;
#3651 = VECTOR ( 'NONE', #3865, 1000.000000000000000 ) ;
#3652 =( LENGTH_UNIT ( ) NAMED_UNIT ( * ) SI_UNIT ( .MILLI., .METRE. ) );
#3653 = CARTESIAN_POINT ( 'NONE',  ( 0.1723034819070019541, -0.1146560329601086642, -0.3599999999999999867 ) ) ;
#3654 = VECTOR ( 'NONE', #424, 1000.000000000000000 ) ;
#3655 = CARTESIAN_POINT ( 'NONE',  ( -0.2344098384651526479, 0.1228545199959744372, -0.3699999999999999956 ) ) ;
#3656 = ORIENTED_EDGE ( 'NONE', *, *, #3634, .F. ) ;
#3657 = MECHANICAL_DESIGN_GEOMETRIC_PRESENTATION_REPRESENTATION (  '', ( #3096 ), #2125 ) ;
#3658 = DIRECTION ( 'NONE',  ( 1.971276677246372012E-16, -1.000000000000000000, 0.000000000000000000 ) ) ;
#3659 =( NAMED_UNIT ( * ) SI_UNIT ( $, .STERADIAN. ) SOLID_ANGLE_UNIT ( ) );
#3660 = CARTESIAN_POINT ( 'NONE',  ( 0.1716362946344440754, -0.1477610401956433450, -0.3599999999999997646 ) ) ;
#3661 = VERTEX_POINT ( 'NONE', #748 ) ;
#3662 = FILL_AREA_STYLE_COLOUR ( '', #453 ) ;
#3663 = CARTESIAN_POINT ( 'NONE',  ( 0.09113943472675825608, 0.1504952519227987784, -0.3699999999999999956 ) ) ;
#3664 = EDGE_LOOP ( 'NONE', ( #4939, #15, #4277, #1335 ) ) ;
#3665 = ORIENTED_EDGE ( 'NONE', *, *, #2191, .T. ) ;
#3666 = ADVANCED_FACE ( 'NONE', ( #1977 ), #3495, .T. ) ;
#3667 = CARTESIAN_POINT ( 'NONE',  ( -0.1209952043188111531, 0.02407403219109637352, -0.3699999999999999956 ) ) ;
#3668 = CARTESIAN_POINT ( 'NONE',  ( -0.3266227212339867791, -0.1036538228529943900, -0.3699999999999999956 ) ) ;
#3669 = UNCERTAINTY_MEASURE_WITH_UNIT (LENGTH_MEASURE( 1.000000000000000082E-05 ), #4358, 'distance_accuracy_value', 'NONE');
#3670 = CARTESIAN_POINT ( 'NONE',  ( 0.2626185681323071064, 0.04186809512193345045, -0.3699999999999999956 ) ) ;
#3671 = PRESENTATION_STYLE_ASSIGNMENT (( #527 ) ) ;
#3672 = LINE ( 'NONE', #3596, #4356 ) ;
#3673 = EDGE_CURVE ( 'NONE', #1272, #30, #2356, .T. ) ;
#3674 = ORIENTED_EDGE ( 'NONE', *, *, #3293, .F. ) ;
#3675 = COLOUR_RGB ( '',0.000000000000000000, 0.000000000000000000, 0.000000000000000000 ) ;
#3676 = FILL_AREA_STYLE_COLOUR ( '', #1419 ) ;
#3677 =( NAMED_UNIT ( * ) PLANE_ANGLE_UNIT ( ) SI_UNIT ( $, .RADIAN. ) );
#3678 = AXIS2_PLACEMENT_3D ( 'NONE', #2800, #1359, #4354 ) ;
#3679 =( NAMED_UNIT ( * ) SI_UNIT ( $, .STERADIAN. ) SOLID_ANGLE_UNIT ( ) );
#3680 =( NAMED_UNIT ( * ) SI_UNIT ( $, .STERADIAN. ) SOLID_ANGLE_UNIT ( ) );
#3681 = ORIENTED_EDGE ( 'NONE', *, *, #2126, .F. ) ;
#3682 =( NAMED_UNIT ( * ) SI_UNIT ( $, .STERADIAN. ) SOLID_ANGLE_UNIT ( ) );
#3683 = FACE_OUTER_BOUND ( 'NONE', #1123, .T. ) ;
#3684 = AXIS2_PLACEMENT_3D ( 'NONE', #2789, #388, #3583 ) ;
#3685 =( GEOMETRIC_REPRESENTATION_CONTEXT ( 3 ) GLOBAL_UNCERTAINTY_ASSIGNED_CONTEXT ( ( #3619 ) ) GLOBAL_UNIT_ASSIGNED_CONTEXT ( ( #209, #4979, #3183 ) ) REPRESENTATION_CONTEXT ( 'NONE', 'WORKASPACE' ) );
#3686 = VERTEX_POINT ( 'NONE', #2313 ) ;
#3687 = CARTESIAN_POINT ( 'NONE',  ( 0.3069598116214524719, -0.005314389225277332471, -0.3699999999999999956 ) ) ;
#3688 = EDGE_LOOP ( 'NONE', ( #603, #464, #4375, #1516, #4210, #2425, #1662, #857, #3151, #3110, #3857, #848 ) ) ;
#3689 = STYLED_ITEM ( 'NONE', ( #944 ), #1540 ) ;
#3690 = CARTESIAN_POINT ( 'NONE',  ( -0.2757398689529575453, -0.1442186507357328673, -0.3599999999999998757 ) ) ;
#3691 = CARTESIAN_POINT ( 'NONE',  ( 0.1441835105908630676, 0.1593660694995462923, -0.3699999999999999956 ) ) ;
#3692 = EDGE_LOOP ( 'NONE', ( #208, #3576, #1942, #3621, #2197, #2273 ) ) ;
#3693 = UNCERTAINTY_MEASURE_WITH_UNIT (LENGTH_MEASURE( 1.000000000000000082E-05 ), #3178, 'distance_accuracy_value', 'NONE');
#3694 = CARTESIAN_POINT ( 'NONE',  ( -3.249999999999999112, 1.050000000000000044, 0.000000000000000000 ) ) ;
#3695 = FILL_AREA_STYLE ('',( #1647 ) ) ;
#3696 = ORIENTED_EDGE ( 'NONE', *, *, #1625, .T. ) ;
#3697 = CARTESIAN_POINT ( 'NONE',  ( -0.3672662089271160335, 0.1336157800495013925, -0.3599999999999998757 ) ) ;
#3698 = CARTESIAN_POINT ( 'NONE',  ( -0.5907741677334452657, 0.1191959834106085941, -0.3699999999999999956 ) ) ;
#3699 = FACE_OUTER_BOUND ( 'NONE', #2171, .T. ) ;
#3700 = DIRECTION ( 'NONE',  ( 1.000000000000000000, -0.000000000000000000, -0.000000000000000000 ) ) ;
#3701 = EDGE_CURVE ( 'NONE', #201, #3746, #426, .T. ) ;
#3702 = CARTESIAN_POINT ( 'NONE',  ( 1.250000000000000222, -1.674999999999999378, -0.3499999999999999778 ) ) ;
#3703 =( NAMED_UNIT ( * ) SI_UNIT ( $, .STERADIAN. ) SOLID_ANGLE_UNIT ( ) );
#3704 = CARTESIAN_POINT ( 'NONE',  ( -0.4356293506602745835, 0.009554215117925639322, -0.3699999999999999956 ) ) ;
#3705 = ADVANCED_FACE ( 'NONE', ( #2776 ), #3144, .T. ) ;
#3706 = ORIENTED_EDGE ( 'NONE', *, *, #1845, .F. ) ;
#3707 = CARTESIAN_POINT ( 'NONE',  ( 0.4863218688519204691, 0.1557813492642670938, -0.3699999999999999956 ) ) ;
#3708 = CARTESIAN_POINT ( 'NONE',  ( 0.2240403334988031459, -0.1379518590056747762, -0.3599999999999997646 ) ) ;
#3709 = EDGE_LOOP ( 'NONE', ( #4312, #98, #2994, #2453 ) ) ;
#3710 = CARTESIAN_POINT ( 'NONE',  ( 2.955000000000000959, 0.4250000000000003220, -0.3499999999999999778 ) ) ;
#3711 = DIRECTION ( 'NONE',  ( -1.000000000000000000, 0.000000000000000000, -0.000000000000000000 ) ) ;
#3712 = CARTESIAN_POINT ( 'NONE',  ( 2.149999999999999911, 0.4250000000000001554, -0.3499999999999999778 ) ) ;
#3713 = VERTEX_POINT ( 'NONE', #1342 ) ;
#3714 = CARTESIAN_POINT ( 'NONE',  ( -2.955000000000000071, -2.220000000000000195, -0.3499999999999999778 ) ) ;
#3715 = CARTESIAN_POINT ( 'NONE',  ( -0.3459526605449442238, 0.1069150020471588414, -0.3699999999999999956 ) ) ;
#3716 = CARTESIAN_POINT ( 'NONE',  ( 0.2093858004155465247, 0.1136120887952457581, -0.3600000000000000422 ) ) ;
#3717 = CARTESIAN_POINT ( 'NONE',  ( -0.3911987879255714451, -0.03023160741535454651, -0.3599999999999999312 ) ) ;
#3718 = ORIENTED_EDGE ( 'NONE', *, *, #325, .T. ) ;
#3719 = CARTESIAN_POINT ( 'NONE',  ( 0.1664285761689936749, -0.1478771873210987242, -0.3599999999999999867 ) ) ;
#3720 = CARTESIAN_POINT ( 'NONE',  ( -0.4356293506602745835, 0.009554215117925639322, -0.3699999999999999956 ) ) ;
#3721 = PLANE ( 'NONE',  #3758 ) ;
#3722 = VERTEX_POINT ( 'NONE', #4982 ) ;
#3723 = DIRECTION ( 'NONE',  ( 0.000000000000000000, 0.000000000000000000, -1.000000000000000000 ) ) ;
#3724 = CARTESIAN_POINT ( 'NONE',  ( 0.1938551448260234511, -0.1106969391237354605, -0.3699999999999999956 ) ) ;
#3725 = PLANE ( 'NONE',  #4588 ) ;
#3726 = AXIS2_PLACEMENT_3D ( 'NONE', #5027, #342, #5006 ) ;
#3727 = EDGE_CURVE ( 'NONE', #1571, #1844, #2655, .T. ) ;
#3728 = EDGE_CURVE ( 'NONE', #244, #3983, #2361, .T. ) ;
#3729 =( NAMED_UNIT ( * ) PLANE_ANGLE_UNIT ( ) SI_UNIT ( $, .RADIAN. ) );
#3730 =( GEOMETRIC_REPRESENTATION_CONTEXT ( 3 ) GLOBAL_UNCERTAINTY_ASSIGNED_CONTEXT ( ( #2251 ) ) GLOBAL_UNIT_ASSIGNED_CONTEXT ( ( #173, #4882, #328 ) ) REPRESENTATION_CONTEXT ( 'NONE', 'WORKASPACE' ) );
#3731 = CARTESIAN_POINT ( 'NONE',  ( -0.5898023689529575675, 0.1191959834106085941, -0.3699999999999999956 ) ) ;
#3732 = ORIENTED_EDGE ( 'NONE', *, *, #3202, .T. ) ;
#3733 = MECHANICAL_DESIGN_GEOMETRIC_PRESENTATION_REPRESENTATION (  '', ( #3092 ), #2443 ) ;
#3734 = CARTESIAN_POINT ( 'NONE',  ( -0.2344098384651526479, -0.1112918214674401829, -0.3699999999999999956 ) ) ;
#3735 = VERTEX_POINT ( 'NONE', #608 ) ;
#3736 = ADVANCED_FACE ( 'NONE', ( #3379 ), #2182, .T. ) ;
#3737 = UNCERTAINTY_MEASURE_WITH_UNIT (LENGTH_MEASURE( 1.000000000000000082E-05 ), #734, 'distance_accuracy_value', 'NONE');
#3738 = CARTESIAN_POINT ( 'NONE',  ( -0.01489764334320145545, 0.1228545199959744372, -0.3699999999999999956 ) ) ;
#3739 = VECTOR ( 'NONE', #2265, 1000.000000000000000 ) ;
#3740 = VECTOR ( 'NONE', #1577, 1000.000000000000000 ) ;
#3741 = FACE_OUTER_BOUND ( 'NONE', #168, .T. ) ;
#3742 = CARTESIAN_POINT ( 'NONE',  ( -0.2912629008076173531, 0.1225950992474840601, -0.3699999999999999956 ) ) ;
#3743 = SURFACE_STYLE_USAGE ( .BOTH. , #3814 ) ;
#3744 = PRESENTATION_LAYER_ASSIGNMENT (  '', '', ( #3171 ) ) ;
#3745 = UNCERTAINTY_MEASURE_WITH_UNIT (LENGTH_MEASURE( 1.000000000000000082E-05 ), #3652, 'distance_accuracy_value', 'NONE');
#3746 = VERTEX_POINT ( 'NONE', #3228 ) ;
#3747 = VECTOR ( 'NONE', #3340, 1000.000000000000000 ) ;
#3748 = PRESENTATION_STYLE_ASSIGNMENT (( #1384 ) ) ;
#3749 = PRESENTATION_STYLE_ASSIGNMENT (( #1053 ) ) ;
#3750 = STYLED_ITEM ( 'NONE', ( #1041 ), #2695 ) ;
#3751 = ORIENTED_EDGE ( 'NONE', *, *, #4523, .T. ) ;
#3752 = SURFACE_SIDE_STYLE ('',( #4920 ) ) ;
#3753 = CARTESIAN_POINT ( 'NONE',  ( 0.1705289743607911190, 0.1590665054320865579, -0.3599999999999998201 ) ) ;
#3754 = ORIENTED_EDGE ( 'NONE', *, *, #4347, .T. ) ;
#3755 = AXIS2_PLACEMENT_3D ( 'NONE', #1510, #2268, #3054 ) ;
#3756 = DIRECTION ( 'NONE',  ( 0.000000000000000000, 1.000000000000000000, 0.000000000000000000 ) ) ;
#3757 = FILL_AREA_STYLE_COLOUR ( '', #3173 ) ;
#3758 = AXIS2_PLACEMENT_3D ( 'NONE', #5008, #2680, #1109 ) ;
#3759 = SURFACE_STYLE_FILL_AREA ( #3833 ) ;
#3760 = STYLED_ITEM ( 'NONE', ( #2791 ), #3763 ) ;
#3761 = CARTESIAN_POINT ( 'NONE',  ( -0.5864341075543622051, 0.1024824918741132906, -0.3699999999999999956 ) ) ;
#3762 = ORIENTED_EDGE ( 'NONE', *, *, #287, .T. ) ;
#3763 = ADVANCED_FACE ( 'NONE', ( #3921 ), #2322, .T. ) ;
#3764 = CARTESIAN_POINT ( 'NONE',  ( -0.1356293506602746224, -0.1112918214674401829, -0.3699999999999999956 ) ) ;
#3765 = COLOUR_RGB ( '',0.7529411764705882248, 0.7529411764705882248, 0.7529411764705882248 ) ;
#3766 = DIRECTION ( 'NONE',  ( -1.000000000000000000, 0.000000000000000000, -0.000000000000000000 ) ) ;
#3767 = UNCERTAINTY_MEASURE_WITH_UNIT (LENGTH_MEASURE( 1.000000000000000082E-05 ), #806, 'distance_accuracy_value', 'NONE');
#3768 = CARTESIAN_POINT ( 'NONE',  ( -0.3248871435699927090, -0.1386331216251033560, -0.3699999999999999956 ) ) ;
#3769 = CARTESIAN_POINT ( 'NONE',  ( 0.1109803029881593350, -0.1405473097442303532, -0.3699999999999999956 ) ) ;
#3770 = COLOUR_RGB ( '',0.2509803921568627416, 0.2509803921568627416, 0.2509803921568627416 ) ;
#3771 = LINE ( 'NONE', #3869, #1952 ) ;
#3772 = ADVANCED_FACE ( 'NONE', ( #4266 ), #1893, .T. ) ;
#3773 = SURFACE_STYLE_USAGE ( .BOTH. , #2257 ) ;
#3774 = CARTESIAN_POINT ( 'NONE',  ( -0.4106648791155154132, -0.07962830409127695519, -0.3599999999999999867 ) ) ;
#3775 = ORIENTED_EDGE ( 'NONE', *, *, #803, .T. ) ;
#3776 = CARTESIAN_POINT ( 'NONE',  ( -0.3952819134151311919, 0.004081983154532647928, -0.3699999999999999956 ) ) ;
#3777 = FACE_OUTER_BOUND ( 'NONE', #400, .T. ) ;
#3778 = FILL_AREA_STYLE_COLOUR ( '', #3088 ) ;
#3779 =( LENGTH_UNIT ( ) NAMED_UNIT ( * ) SI_UNIT ( .MILLI., .METRE. ) );
#3780 = CARTESIAN_POINT ( 'NONE',  ( 0.2641343687046827093, 0.1158061972264109174, -0.3699999999999999956 ) ) ;
#3781 = FACE_OUTER_BOUND ( 'NONE', #3138, .T. ) ;
#3782 = EDGE_LOOP ( 'NONE', ( #663, #3597, #3718, #2602 ) ) ;
#3783 = CARTESIAN_POINT ( 'NONE',  ( 0.2107731946276145130, -0.1424335812992550965, -0.3599999999999999867 ) ) ;
#3784 = VECTOR ( 'NONE', #2778, 1000.000000000000000 ) ;
#3785 = PRESENTATION_STYLE_ASSIGNMENT (( #751 ) ) ;
#3786 = ORIENTED_EDGE ( 'NONE', *, *, #159, .F. ) ;
#3787 =( NAMED_UNIT ( * ) SI_UNIT ( $, .STERADIAN. ) SOLID_ANGLE_UNIT ( ) );
#3788 = SURFACE_STYLE_USAGE ( .BOTH. , #353 ) ;
#3789 = PRESENTATION_STYLE_ASSIGNMENT (( #2229 ) ) ;
#3790 = LINE ( 'NONE', #1859, #1867 ) ;
#3791 = CARTESIAN_POINT ( 'NONE',  ( 0.4460779664128960431, -0.1112918214674401829, -0.3699999999999999956 ) ) ;
#3792 = CARTESIAN_POINT ( 'NONE',  ( -0.4575805701724697250, -0.1442186507357328673, -0.3699999999999999956 ) ) ;
#3793 = FILL_AREA_STYLE_COLOUR ( '', #3765 ) ;
#3794 = LINE ( 'NONE', #3395, #3353 ) ;
#3795 = ORIENTED_EDGE ( 'NONE', *, *, #4679, .T. ) ;
#3796 = EDGE_CURVE ( 'NONE', #1674, #4937, #4372, .T. ) ;
#3797 = EDGE_CURVE ( 'NONE', #1831, #2924, #2896, .T. ) ;
#3798 = CARTESIAN_POINT ( 'NONE',  ( -0.3774850109771598072, 0.07821495421578678053, -0.3599999999999999867 ) ) ;
#3799 = EDGE_CURVE ( 'NONE', #4102, #4088, #3612, .T. ) ;
#3800 = SURFACE_SIDE_STYLE ('',( #4191 ) ) ;
#3801 = VECTOR ( 'NONE', #2399, 1000.000000000000000 ) ;
#3802 = CARTESIAN_POINT ( 'NONE',  ( 0.08388284446167662556, -0.1286698702479280032, -0.3699999999999999956 ) ) ;
#3803 = DIRECTION ( 'NONE',  ( 0.000000000000000000, -1.000000000000000000, 0.000000000000000000 ) ) ;
#3804 = CARTESIAN_POINT ( 'NONE',  ( 0.1598995207233224469, 0.1593138183455969359, -0.3599999999999998201 ) ) ;
#3805 = CARTESIAN_POINT ( 'NONE',  ( -0.2788267591968598968, 0.1557813492642670938, -0.3699999999999999956 ) ) ;
#3806 = CARTESIAN_POINT ( 'NONE',  ( 0.3048745831034839204, -0.03147356978802472866, -0.3599999999999999867 ) ) ;
#3807 = CARTESIAN_POINT ( 'NONE',  ( 0.2429784658149145293, 0.08441194858005281187, -0.3699999999999999956 ) ) ;
#3808 = FILL_AREA_STYLE_COLOUR ( '', #4145 ) ;
#3809 = FILL_AREA_STYLE_COLOUR ( '', #1505 ) ;
#3810 = VECTOR ( 'NONE', #164, 1000.000000000000000 ) ;
#3811 = CARTESIAN_POINT ( 'NONE',  ( -2.705000000000000071, 1.674999999999998934, -0.3699999999999999956 ) ) ;
#3812 = DIRECTION ( 'NONE',  ( 0.000000000000000000, 0.000000000000000000, -1.000000000000000000 ) ) ;
#3813 = CARTESIAN_POINT ( 'NONE',  ( -0.3910860991132646958, -0.1024187288010029034, -0.3599999999999999867 ) ) ;
#3814 = SURFACE_SIDE_STYLE ('',( #2669 ) ) ;
#3815 = ORIENTED_EDGE ( 'NONE', *, *, #2119, .T. ) ;
#3816 = VECTOR ( 'NONE', #3289, 1000.000000000000000 ) ;
#3817 = CARTESIAN_POINT ( 'NONE',  ( -0.2843383184167648237, 0.1556585016784924613, -0.3599999999999999867 ) ) ;
#3818 = CARTESIAN_POINT ( 'NONE',  ( -0.2829270481563528339, 0.1227666217452460934, -0.3599999999999999867 ) ) ;
#3819 = VECTOR ( 'NONE', #3929, 1000.000000000000114 ) ;
#3820 = EDGE_CURVE ( 'NONE', #951, #1494, #4557, .T. ) ;
#3821 = COLOUR_RGB ( '',0.000000000000000000, 0.000000000000000000, 0.000000000000000000 ) ;
#3822 = CARTESIAN_POINT ( 'NONE',  ( -0.6844098384651525757, -0.1442186507357328673, -0.3599999999999999867 ) ) ;
#3823 = CARTESIAN_POINT ( 'NONE',  ( 0.2690176314198517993, -0.1074499456535168845, -0.3699999999999999956 ) ) ;
#3824 = AXIS2_PLACEMENT_3D ( 'NONE', #1240, #1389, #1721 ) ;
#3825 = CARTESIAN_POINT ( 'NONE',  ( 0.2904488058483333246, 0.07895270511595078866, -0.3699999999999999956 ) ) ;
#3826 = DIRECTION ( 'NONE',  ( -0.000000000000000000, -0.000000000000000000, 1.000000000000000000 ) ) ;
#3827 = CARTESIAN_POINT ( 'NONE',  ( -0.3371600373284353025, -0.09914013664025703165, -0.3599999999999999867 ) ) ;
#3828 = CARTESIAN_POINT ( 'NONE',  ( -0.1209952043188111531, -0.008852797077196295286, -0.3699999999999999956 ) ) ;
#3829 = EDGE_LOOP ( 'NONE', ( #639, #2826, #2408, #1244 ) ) ;
#3830 = STYLED_ITEM ( 'NONE', ( #4505 ), #2499 ) ;
#3831 = CARTESIAN_POINT ( 'NONE',  ( 0.2219156207858505869, -0.09725902325214949573, -0.3699999999999999956 ) ) ;
#3832 = CARTESIAN_POINT ( 'NONE',  ( -0.4015567139837757371, -0.09151626162057617531, -0.3699999999999999956 ) ) ;
#3833 = FILL_AREA_STYLE ('',( #677 ) ) ;
#3834 = CARTESIAN_POINT ( 'NONE',  ( 2.955000000000000071, 2.220000000000000195, 0.000000000000000000 ) ) ;
#3835 = DIRECTION ( 'NONE',  ( 0.000000000000000000, 1.000000000000000000, 0.000000000000000000 ) ) ;
#3836 = DIRECTION ( 'NONE',  ( -1.953517427901809713E-16, 1.000000000000000000, -0.000000000000000000 ) ) ;
#3837 = EDGE_CURVE ( 'NONE', #1283, #881, #4392, .T. ) ;
#3838 = SURFACE_STYLE_USAGE ( .BOTH. , #3419 ) ;
#3839 = SURFACE_STYLE_USAGE ( .BOTH. , #1815 ) ;
#3840 = STYLED_ITEM ( 'NONE', ( #2330 ), #3295 ) ;
#3841 =( GEOMETRIC_REPRESENTATION_CONTEXT ( 3 ) GLOBAL_UNCERTAINTY_ASSIGNED_CONTEXT ( ( #4546 ) ) GLOBAL_UNIT_ASSIGNED_CONTEXT ( ( #13, #421, #4268 ) ) REPRESENTATION_CONTEXT ( 'NONE', 'WORKASPACE' ) );
#3842 = COLOUR_RGB ( '',0.7529411764705882248, 0.7529411764705882248, 0.7529411764705882248 ) ;
#3843 =( NAMED_UNIT ( * ) PLANE_ANGLE_UNIT ( ) SI_UNIT ( $, .RADIAN. ) );
#3844 = MECHANICAL_DESIGN_GEOMETRIC_PRESENTATION_REPRESENTATION (  '', ( #4746 ), #747 ) ;
#3845 = VECTOR ( 'NONE', #1226, 1000.000000000000000 ) ;
#3846 = CARTESIAN_POINT ( 'NONE',  ( 2.333112642880053045, -1.737640255338846140, 0.7500000000000001110 ) ) ;
#3847 = DIRECTION ( 'NONE',  ( 1.000000000000000000, 1.953517427901809960E-16, -0.000000000000000000 ) ) ;
#3848 = DIRECTION ( 'NONE',  ( -0.000000000000000000, -0.000000000000000000, 1.000000000000000000 ) ) ;
#3849 = CARTESIAN_POINT ( 'NONE',  ( -0.5941755614914523420, 0.1020886018567585679, -0.3599999999999999867 ) ) ;
#3850 = ORIENTED_EDGE ( 'NONE', *, *, #1348, .T. ) ;
#3851 =( GEOMETRIC_REPRESENTATION_CONTEXT ( 3 ) GLOBAL_UNCERTAINTY_ASSIGNED_CONTEXT ( ( #4570 ) ) GLOBAL_UNIT_ASSIGNED_CONTEXT ( ( #4635, #1139, #2366 ) ) REPRESENTATION_CONTEXT ( 'NONE', 'WORKASPACE' ) );
#3852 = LINE ( 'NONE', #1918, #4739 ) ;
#3853 = AXIS2_PLACEMENT_3D ( 'NONE', #530, #632, #4921 ) ;
#3854 =( NAMED_UNIT ( * ) SI_UNIT ( $, .STERADIAN. ) SOLID_ANGLE_UNIT ( ) );
#3855 = LINE ( 'NONE', #3434, #3563 ) ;
#3856 = CARTESIAN_POINT ( 'NONE',  ( 1.250000000000000222, -1.674999999999999378, 0.000000000000000000 ) ) ;
#3857 = ORIENTED_EDGE ( 'NONE', *, *, #1059, .T. ) ;
#3858 = DIRECTION ( 'NONE',  ( 1.000000000000000000, 0.000000000000000000, 0.000000000000000000 ) ) ;
#3859 = EDGE_LOOP ( 'NONE', ( #3463, #597, #2506, #3031 ) ) ;
#3860 = CARTESIAN_POINT ( 'NONE',  ( -0.6405645640749086933, -0.02714548000402556768, -0.3599999999999999867 ) ) ;
#3861 = CARTESIAN_POINT ( 'NONE',  ( 0.1155971785596784374, 0.1565398505835829956, -0.3699999999999999956 ) ) ;
#3862 = EDGE_CURVE ( 'NONE', #708, #2299, #583, .T. ) ;
#3863 = CARTESIAN_POINT ( 'NONE',  ( 0.3326633322665546455, -0.1112918214674401829, -0.3699999999999999956 ) ) ;
#3864 =( LENGTH_UNIT ( ) NAMED_UNIT ( * ) SI_UNIT ( .MILLI., .METRE. ) );
#3865 = DIRECTION ( 'NONE',  ( 1.000000000000000000, -0.000000000000000000, 0.000000000000000000 ) ) ;
#3866 = AXIS2_PLACEMENT_3D ( 'NONE', #2935, #4785, #1778 ) ;
#3867 =( LENGTH_UNIT ( ) NAMED_UNIT ( * ) SI_UNIT ( .MILLI., .METRE. ) );
#3868 = FILL_AREA_STYLE_COLOUR ( '', #3675 ) ;
#3869 = CARTESIAN_POINT ( 'NONE',  ( -3.249999999999999112, -1.050000000000000044, 0.000000000000000000 ) ) ;
#3870 = ORIENTED_EDGE ( 'NONE', *, *, #4561, .T. ) ;
#3871 = CARTESIAN_POINT ( 'NONE',  ( -0.2814820840466599194, -0.1441147591228861824, -0.3599999999999999867 ) ) ;
#3872 = DIRECTION ( 'NONE',  ( -0.000000000000000000, -0.000000000000000000, 1.000000000000000000 ) ) ;
#3873 = CARTESIAN_POINT ( 'NONE',  ( -0.5919577839164610333, 0.1126344153226785244, -0.3699999999999999956 ) ) ;
#3874 = ORIENTED_EDGE ( 'NONE', *, *, #169, .F. ) ;
#3875 = CARTESIAN_POINT ( 'NONE',  ( 0.2665635550909634666, -0.01037269289478079219, -0.3599999999999999867 ) ) ;
#3876 = CARTESIAN_POINT ( 'NONE',  ( 0.1100661703026094285, -0.1075973421604590197, -0.3699999999999999956 ) ) ;
#3877 = CARTESIAN_POINT ( 'NONE',  ( -2.955000000000000071, 2.220000000000000195, 0.000000000000000000 ) ) ;
#3878 = CARTESIAN_POINT ( 'NONE',  ( 0.2590021380223349601, -0.1168961929633580837, -0.3699999999999999956 ) ) ;
#3879 = LINE ( 'NONE', #1569, #2971 ) ;
#3880 = FACE_OUTER_BOUND ( 'NONE', #4446, .T. ) ;
#3881 = CARTESIAN_POINT ( 'NONE',  ( 0.08388284446167662556, -0.1286698702479280032, -0.3699999999999999956 ) ) ;
#3882 = ORIENTED_EDGE ( 'NONE', *, *, #777, .T. ) ;
#3883 = CARTESIAN_POINT ( 'NONE',  ( 2.333112642880053045, -1.737640255338846140, 0.7500000000000001110 ) ) ;
#3884 = CARTESIAN_POINT ( 'NONE',  ( -0.4355081904994810293, 0.003887939766020777170, -0.3699999999999999956 ) ) ;
#3885 = LINE ( 'NONE', #3988, #2600 ) ;
#3886 = FILL_AREA_STYLE ('',( #3417 ) ) ;
#3887 = LINE ( 'NONE', #375, #5041 ) ;
#3888 =( NAMED_UNIT ( * ) SI_UNIT ( $, .STERADIAN. ) SOLID_ANGLE_UNIT ( ) );
#3889 = CARTESIAN_POINT ( 'NONE',  ( -0.3371600373284353025, -0.09914013664025703165, -0.3699999999999999956 ) ) ;
#3890 = EDGE_CURVE ( 'NONE', #5002, #4793, #885, .T. ) ;
#3891 = CARTESIAN_POINT ( 'NONE',  ( 0.2742424410518792266, 0.1044956494203139880, -0.3599999999999999867 ) ) ;
#3892 = FACE_OUTER_BOUND ( 'NONE', #2815, .T. ) ;
#3893 = ORIENTED_EDGE ( 'NONE', *, *, #3837, .F. ) ;
#3894 = CARTESIAN_POINT ( 'NONE',  ( -0.1209952043188111531, 0.000000000000000000, -0.3599999999999999867 ) ) ;
#3895 = VECTOR ( 'NONE', #3200, 1000.000000000000000 ) ;
#3896 = CARTESIAN_POINT ( 'NONE',  ( 0.1293814737519952129, -0.1123981574320418453, -0.3699999999999999956 ) ) ;
#3897 = ORIENTED_EDGE ( 'NONE', *, *, #2397, .T. ) ;
#3898 = FACE_OUTER_BOUND ( 'NONE', #113, .T. ) ;
#3899 = CARTESIAN_POINT ( 'NONE',  ( 0.3019482220559115415, -0.04619478471778566686, -0.3699999999999999956 ) ) ;
#3900 =( GEOMETRIC_REPRESENTATION_CONTEXT ( 3 ) GLOBAL_UNCERTAINTY_ASSIGNED_CONTEXT ( ( #3549 ) ) GLOBAL_UNIT_ASSIGNED_CONTEXT ( ( #1971, #3488, #1520 ) ) REPRESENTATION_CONTEXT ( 'NONE', 'WORKASPACE' ) );
#3901 = CARTESIAN_POINT ( 'NONE',  ( -0.5941755614914523420, 0.1020886018567585679, -0.3699999999999999956 ) ) ;
#3902 = MECHANICAL_DESIGN_GEOMETRIC_PRESENTATION_REPRESENTATION (  '', ( #1956 ), #304 ) ;
#3903 = EDGE_LOOP ( 'NONE', ( #1290, #1813, #3751, #4497 ) ) ;
#3904 = CARTESIAN_POINT ( 'NONE',  ( 0.02534625909582290462, 0.1557813492642670938, -0.3699999999999999956 ) ) ;
#3905 = SURFACE_STYLE_FILL_AREA ( #3522 ) ;
#3906 =( GEOMETRIC_REPRESENTATION_CONTEXT ( 3 ) GLOBAL_UNCERTAINTY_ASSIGNED_CONTEXT ( ( #4891 ) ) GLOBAL_UNIT_ASSIGNED_CONTEXT ( ( #3913, #28, #2738 ) ) REPRESENTATION_CONTEXT ( 'NONE', 'WORKASPACE' ) );
#3907 = CARTESIAN_POINT ( 'NONE',  ( -0.3259664771218051538, 0.1159007719631220679, -0.3599999999999999867 ) ) ;
#3908 = CARTESIAN_POINT ( 'NONE',  ( -0.5894525442112205083, 0.1170597157241423381, -0.3599999999999999867 ) ) ;
#3909 = DIRECTION ( 'NONE',  ( -0.000000000000000000, -1.000000000000000000, -0.000000000000000000 ) ) ;
#3910 = MECHANICAL_DESIGN_GEOMETRIC_PRESENTATION_REPRESENTATION (  '', ( #1487 ), #2633 ) ;
#3911 = CARTESIAN_POINT ( 'NONE',  ( 0.000000000000000000, 0.1228545199959744372, -0.3599999999999999867 ) ) ;
#3912 = FILL_AREA_STYLE ('',( #3471 ) ) ;
#3913 =( LENGTH_UNIT ( ) NAMED_UNIT ( * ) SI_UNIT ( .MILLI., .METRE. ) );
#3914 = B_SPLINE_CURVE_WITH_KNOTS ( 'NONE', 3,
 ( #1511, #3446, #4705, #2755, #1981, #4632, #1526, #4613, #4255, #1910, #4307 ),
 .UNSPECIFIED., .F., .F.,
 ( 4, 1, 1, 1, 1, 1, 1, 1, 4 ),
 ( 0.000000000000000000, 0.1252796967356261115, 0.2494199707420509948, 0.3733567994928191913, 0.4966812787822861841, 0.6202029157439823415, 0.7450863201614561504, 0.8712691950190973866, 1.000000000000000000 ),
 .UNSPECIFIED. ) ;
#3915 = FACE_OUTER_BOUND ( 'NONE', #1182, .T. ) ;
#3916 = ADVANCED_FACE ( 'NONE', ( #2866 ), #2452, .T. ) ;
#3917 = CARTESIAN_POINT ( 'NONE',  ( -0.1209952043188111531, -0.008852797077196295286, -0.3699999999999999956 ) ) ;
#3918 = ORIENTED_EDGE ( 'NONE', *, *, #2087, .T. ) ;
#3919 = B_SPLINE_SURFACE_WITH_KNOTS ( 'NONE', 3, 1, ( 
 ( #4555, #4981 ),
 ( #4604, #5005 ),
 ( #2329, #1105 ),
 ( #1945, #770 ),
 ( #2675, #3876 ),
 ( #1055, #712 ),
 ( #842, #3896 ),
 ( #3213, #3157 ),
 ( #4776, #76 ),
 ( #2047, #422 ),
 ( #4749, #2375 ) ),
 .UNSPECIFIED., .F., .F., .F.,
 ( 4, 1, 1, 1, 1, 1, 1, 1, 4 ),
 ( 2, 2 ),
 ( 0.000000000000000000, 0.1181659956194982541, 0.2373481794415768231, 0.3578242970291780622, 0.4799483455657543862, 0.6051839811641276379, 0.7332343420752516217, 0.8647053952365708618, 1.000000000000000000 ),
 ( 0.000000000000000000, 1.000000000000000000 ),
 .UNSPECIFIED. ) ;
#3920 = ORIENTED_EDGE ( 'NONE', *, *, #4813, .T. ) ;
#3921 = FACE_OUTER_BOUND ( 'NONE', #3664, .T. ) ;
#3922 = STYLED_ITEM ( 'NONE', ( #4221 ), #3352 ) ;
#3923 = STYLED_ITEM ( 'NONE', ( #3540 ), #91 ) ;
#3924 = EDGE_CURVE ( 'NONE', #1445, #3713, #4397, .T. ) ;
#3925 = SURFACE_STYLE_FILL_AREA ( #3535 ) ;
#3926 = CARTESIAN_POINT ( 'NONE',  ( 0.000000000000000000, -0.1112918214674401829, -0.3599999999999999867 ) ) ;
#3927 = ORIENTED_EDGE ( 'NONE', *, *, #958, .T. ) ;
#3928 = PRESENTATION_LAYER_ASSIGNMENT (  '', '', ( #2650 ) ) ;
#3929 = DIRECTION ( 'NONE',  ( 0.3363908276654481444, -0.9417224702971437322, 0.000000000000000000 ) ) ;
#3930 = PRESENTATION_LAYER_ASSIGNMENT (  '', '', ( #921 ) ) ;
#3931 = VERTEX_POINT ( 'NONE', #3710 ) ;
#3932 =( NAMED_UNIT ( * ) SI_UNIT ( $, .STERADIAN. ) SOLID_ANGLE_UNIT ( ) );
#3933 =( NAMED_UNIT ( * ) SI_UNIT ( $, .STERADIAN. ) SOLID_ANGLE_UNIT ( ) );
#3934 = CARTESIAN_POINT ( 'NONE',  ( -0.3830529604272192579, 0.06879119568705835408, -0.3599999999999999867 ) ) ;
#3935 = CARTESIAN_POINT ( 'NONE',  ( 0.1174194052077093958, 0.1217988941494188154, -0.3699999999999999956 ) ) ;
#3936 = SURFACE_STYLE_USAGE ( .BOTH. , #5 ) ;
#3937 = FACE_OUTER_BOUND ( 'NONE', #2543, .T. ) ;
#3938 = FILL_AREA_STYLE_COLOUR ( '', #3978 ) ;
#3939 = ORIENTED_EDGE ( 'NONE', *, *, #4080, .F. ) ;
#3940 = LINE ( 'NONE', #2369, #61 ) ;
#3941 = UNCERTAINTY_MEASURE_WITH_UNIT (LENGTH_MEASURE( 1.000000000000000082E-05 ), #2678, 'distance_accuracy_value', 'NONE');
#3942 = DIRECTION ( 'NONE',  ( 0.000000000000000000, -1.000000000000000000, 0.000000000000000000 ) ) ;
#3943 = EDGE_LOOP ( 'NONE', ( #1032, #104, #1326, #1975 ) ) ;
#3944 = CARTESIAN_POINT ( 'NONE',  ( 0.2219156207858505869, -0.09725902325214949573, -0.3599999999999999867 ) ) ;
#3945 = VERTEX_POINT ( 'NONE', #2643 ) ;
#3946 = ORIENTED_EDGE ( 'NONE', *, *, #3890, .T. ) ;
#3947 = EDGE_CURVE ( 'NONE', #956, #1407, #203, .T. ) ;
#3948 = ADVANCED_FACE ( 'NONE', ( #177 ), #279, .T. ) ;
#3949 =( LENGTH_UNIT ( ) NAMED_UNIT ( * ) SI_UNIT ( .MILLI., .METRE. ) );
#3950 = CARTESIAN_POINT ( 'NONE',  ( -0.7283122774895428586, -0.1442186507357328673, -0.3699999999999999956 ) ) ;
#3951 = PLANE ( 'NONE',  #2716 ) ;
#3952 = B_SPLINE_CURVE_WITH_KNOTS ( 'NONE', 3,
 ( #3491, #5061, #4194, #1503, #3097, #774, #3827, #2681, #1904, #5009, #1157, #1523, #4628, #1949, #1131, #743, #2307, #3461, #5031 ),
 .UNSPECIFIED., .F., .F.,
 ( 4, 1, 1, 1, 1, 1, 1, 1, 1, 1, 1, 1, 1, 1, 1, 1, 4 ),
 ( 0.000000000000000000, 0.07082657255516286443, 0.1381690332798000409, 0.2024753315338425896, 0.2639737544135197234, 0.3233803205980374518, 0.3817976227131853473, 0.4393900745193891622, 0.4969027245459973763, 0.5546621696093698706, 0.6127418784921973005, 0.6715388363911721781, 0.7316557220901981351, 0.7942978116139530753, 0.8594822049793584551, 0.9276813254527899177, 1.000000000000000000 ),
 .UNSPECIFIED. ) ;
#3953 = DIRECTION ( 'NONE',  ( 0.3393303772748776370, 0.9406672605435404400, 0.000000000000000000 ) ) ;
#3954 = CARTESIAN_POINT ( 'NONE',  ( 2.515585733558354686, -1.737640255338846140, 0.7400000000000001021 ) ) ;
#3955 = ORIENTED_EDGE ( 'NONE', *, *, #169, .T. ) ;
#3956 = PRESENTATION_STYLE_ASSIGNMENT (( #3164 ) ) ;
#3957 = SURFACE_SIDE_STYLE ('',( #2105 ) ) ;
#3958 = CARTESIAN_POINT ( 'NONE',  ( 0.2668096737299692767, 0.002580129752071980663, -0.3699999999999999956 ) ) ;
#3959 = FILL_AREA_STYLE ('',( #2412 ) ) ;
#3960 = COLOUR_RGB ( '',0.000000000000000000, 0.000000000000000000, 0.000000000000000000 ) ;
#3961 = LINE ( 'NONE', #29, #2441 ) ;
#3962 = CARTESIAN_POINT ( 'NONE',  ( 0.1447039196283806950, 0.1263704173663537378, -0.3699999999999999956 ) ) ;
#3963 = LINE ( 'NONE', #2929, #4725 ) ;
#3964 = CARTESIAN_POINT ( 'NONE',  ( 0.1541381798275302528, 0.1265130565813402663, -0.3699999999999999956 ) ) ;
#3965 = DIRECTION ( 'NONE',  ( 1.000000000000000000, 0.000000000000000000, 0.000000000000000000 ) ) ;
#3966 = VERTEX_POINT ( 'NONE', #575 ) ;
#3967 =( LENGTH_UNIT ( ) NAMED_UNIT ( * ) SI_UNIT ( .MILLI., .METRE. ) );
#3968 = CARTESIAN_POINT ( 'NONE',  ( -0.1941659360261283052, 0.1557813492642670938, -0.3699999999999999956 ) ) ;
#3969 = CARTESIAN_POINT ( 'NONE',  ( -0.2344098384651526479, 0.1228545199959744372, -0.3699999999999999956 ) ) ;
#3970 = ORIENTED_EDGE ( 'NONE', *, *, #644, .F. ) ;
#3971 = CARTESIAN_POINT ( 'NONE',  ( 0.1316704326258600621, -0.1453386893373674604, -0.3599999999999999867 ) ) ;
#3972 = FILL_AREA_STYLE_COLOUR ( '', #5042 ) ;
#3973 = CARTESIAN_POINT ( 'NONE',  ( 0.09884154362707472941, 0.1528407492083996289, -0.3699999999999999956 ) ) ;
#3974 = EDGE_LOOP ( 'NONE', ( #962, #4641, #3996, #4948 ) ) ;
#3975 = ORIENTED_EDGE ( 'NONE', *, *, #4440, .F. ) ;
#3976 = COLOUR_RGB ( '',0.7529411764705882248, 0.7529411764705882248, 0.7529411764705882248 ) ;
#3977 = LINE ( 'NONE', #4322, #811 ) ;
#3978 = COLOUR_RGB ( '',0.000000000000000000, 0.000000000000000000, 0.000000000000000000 ) ;
#3979 = EDGE_CURVE ( 'NONE', #4521, #926, #1790, .T. ) ;
#3980 = EDGE_CURVE ( 'NONE', #4124, #4058, #1766, .T. ) ;
#3981 = VECTOR ( 'NONE', #1530, 1000.000000000000000 ) ;
#3982 =( NAMED_UNIT ( * ) SI_UNIT ( $, .STERADIAN. ) SOLID_ANGLE_UNIT ( ) );
#3983 = VERTEX_POINT ( 'NONE', #4910 ) ;
#3984 = VECTOR ( 'NONE', #1853, 1000.000000000000000 ) ;
#3985 = CARTESIAN_POINT ( 'NONE',  ( -0.4247548182130407302, 0.06962250180253479193, -0.3699999999999999956 ) ) ;
#3986 = MECHANICAL_DESIGN_GEOMETRIC_PRESENTATION_REPRESENTATION (  '', ( #1137 ), #463 ) ;
#3987 = PRESENTATION_STYLE_ASSIGNMENT (( #2023 ) ) ;
#3988 = CARTESIAN_POINT ( 'NONE',  ( -2.889383502355557187, 2.220000000000000195, 0.7500000000000001110 ) ) ;
#3989 = EDGE_CURVE ( 'NONE', #835, #2922, #4934, .T. ) ;
#3990 = CARTESIAN_POINT ( 'NONE',  ( 2.149999999999999911, -1.674999999999999822, -0.3699999999999999956 ) ) ;
#3991 = VECTOR ( 'NONE', #4428, 1000.000000000000000 ) ;
#3992 = CARTESIAN_POINT ( 'NONE',  ( -0.1941659360261283052, -0.1442186507357328673, -0.3699999999999999956 ) ) ;
#3993 = LINE ( 'NONE', #4457, #4654 ) ;
#3994 = VECTOR ( 'NONE', #4796, 1000.000000000000000 ) ;
#3995 = SURFACE_STYLE_FILL_AREA ( #2416 ) ;
#3996 = ORIENTED_EDGE ( 'NONE', *, *, #2338, .F. ) ;
#3997 = DIRECTION ( 'NONE',  ( -1.000000000000000000, 0.000000000000000000, -0.000000000000000000 ) ) ;
#3998 = LINE ( 'NONE', #2563, #4824 ) ;
#3999 = ORIENTED_EDGE ( 'NONE', *, *, #744, .F. ) ;
#4000 = AXIS2_PLACEMENT_3D ( 'NONE', #4439, #2498, #2519 ) ;
#4001 = CARTESIAN_POINT ( 'NONE',  ( 0.1009740244072690613, -0.1042451238282473963, -0.3699999999999999956 ) ) ;
#4002 = CARTESIAN_POINT ( 'NONE',  ( -0.4356293506602745835, 0.009554215117925639322, -0.3599999999999999867 ) ) ;
#4003 = FACE_OUTER_BOUND ( 'NONE', #793, .T. ) ;
#4004 = VERTEX_POINT ( 'NONE', #2567 ) ;
#4005 = PRESENTATION_LAYER_ASSIGNMENT (  '', '', ( #2462 ) ) ;
#4006 = ORIENTED_EDGE ( 'NONE', *, *, #3374, .F. ) ;
#4007 = DIRECTION ( 'NONE',  ( 1.000000000000000000, 0.000000000000000000, 0.000000000000000000 ) ) ;
#4008 = LINE ( 'NONE', #1673, #3991 ) ;
#4009 = STYLED_ITEM ( 'NONE', ( #2413 ), #3571 ) ;
#4010 =( NAMED_UNIT ( * ) PLANE_ANGLE_UNIT ( ) SI_UNIT ( $, .RADIAN. ) );
#4011 = STYLED_ITEM ( 'NONE', ( #954 ), #187 ) ;
#4012 = LINE ( 'NONE', #2076, #166 ) ;
#4013 = ORIENTED_EDGE ( 'NONE', *, *, #4995, .T. ) ;
#4014 = PRESENTATION_LAYER_ASSIGNMENT (  '', '', ( #1251 ) ) ;
#4015 = CARTESIAN_POINT ( 'NONE',  ( -0.4015262965513699545, 0.1059600366383136316, -0.3599999999999998757 ) ) ;
#4016 = VECTOR ( 'NONE', #1998, 1000.000000000000000 ) ;
#4017 = SURFACE_STYLE_USAGE ( .BOTH. , #3957 ) ;
#4018 = DIRECTION ( 'NONE',  ( 0.000000000000000000, -1.000000000000000000, 0.000000000000000000 ) ) ;
#4019 =( NAMED_UNIT ( * ) PLANE_ANGLE_UNIT ( ) SI_UNIT ( $, .RADIAN. ) );
#4020 = DIRECTION ( 'NONE',  ( 1.000000000000000000, 0.000000000000000000, 0.000000000000000000 ) ) ;
#4021 = EDGE_CURVE ( 'NONE', #161, #446, #3351, .T. ) ;
#4022 =( LENGTH_UNIT ( ) NAMED_UNIT ( * ) SI_UNIT ( .MILLI., .METRE. ) );
#4023 = PLANE ( 'NONE',  #2775 ) ;
#4024 = VERTEX_POINT ( 'NONE', #4104 ) ;
#4025 = LINE ( 'NONE', #2945, #2302 ) ;
#4026 = FILL_AREA_STYLE ('',( #4419 ) ) ;
#4027 = CARTESIAN_POINT ( 'NONE',  ( 0.2857763610072547866, -0.08544890808992541831, -0.3699999999999999956 ) ) ;
#4028 = ORIENTED_EDGE ( 'NONE', *, *, #4376, .F. ) ;
#4029 = EDGE_CURVE ( 'NONE', #1329, #3735, #237, .T. ) ;
#4030 = CARTESIAN_POINT ( 'NONE',  ( 0.09884154362707472941, 0.1528407492083996289, -0.3599999999999999867 ) ) ;
#4031 = VERTEX_POINT ( 'NONE', #4953 ) ;
#4032 = COLOUR_RGB ( '',0.2509803921568627416, 0.2509803921568627416, 0.2509803921568627416 ) ;
#4033 = EDGE_LOOP ( 'NONE', ( #1019, #4681, #63, #3288 ) ) ;
#4034 = LINE ( 'NONE', #3638, #1213 ) ;
#4035 = DIRECTION ( 'NONE',  ( -0.000000000000000000, -0.000000000000000000, 1.000000000000000000 ) ) ;
#4036 = UNCERTAINTY_MEASURE_WITH_UNIT (LENGTH_MEASURE( 1.000000000000000082E-05 ), #1542, 'distance_accuracy_value', 'NONE');
#4037 = CARTESIAN_POINT ( 'NONE',  ( 0.2667057793861358772, 0.007213957034917484711, -0.3699999999999999956 ) ) ;
#4038 = UNCERTAINTY_MEASURE_WITH_UNIT (LENGTH_MEASURE( 1.000000000000000082E-05 ), #2198, 'distance_accuracy_value', 'NONE');
#4039 =( LENGTH_UNIT ( ) NAMED_UNIT ( * ) SI_UNIT ( .MILLI., .METRE. ) );
#4040 = ORIENTED_EDGE ( 'NONE', *, *, #348, .T. ) ;
#4041 = CARTESIAN_POINT ( 'NONE',  ( -0.4296373147478410037, 0.05579224307623937423, -0.3599999999999998757 ) ) ;
#4042 = CARTESIAN_POINT ( 'NONE',  ( 0.2665635550909634666, -0.01037269289478079219, -0.3599999999999999867 ) ) ;
#4043 = CARTESIAN_POINT ( 'NONE',  ( 0.1541381798275302528, 0.1265130565813402663, -0.3599999999999999867 ) ) ;
#4044 = ORIENTED_EDGE ( 'NONE', *, *, #1093, .F. ) ;
#4045 = EDGE_CURVE ( 'NONE', #3176, #2069, #1083, .T. ) ;
#4046 = EDGE_CURVE ( 'NONE', #594, #4129, #3790, .T. ) ;
#4047 = CARTESIAN_POINT ( 'NONE',  ( 0.2187131976151631130, 0.1077669466016128036, -0.3599999999999999867 ) ) ;
#4048 = CARTESIAN_POINT ( 'NONE',  ( 0.2779541369103371573, -0.09688091353519337479, -0.3699999999999999956 ) ) ;
#4049 = ORIENTED_EDGE ( 'NONE', *, *, #783, .F. ) ;
#4050 = UNCERTAINTY_MEASURE_WITH_UNIT (LENGTH_MEASURE( 1.000000000000000082E-05 ), #1891, 'distance_accuracy_value', 'NONE');
#4051 = CARTESIAN_POINT ( 'NONE',  ( -2.955000000000000071, 2.154383502355556868, 0.7500000000000001110 ) ) ;
#4052 = CARTESIAN_POINT ( 'NONE',  ( 0.1544811676324083227, 0.1594398858496329507, -0.3699999999999999956 ) ) ;
#4053 = VERTEX_POINT ( 'NONE', #2966 ) ;
#4054 = ORIENTED_EDGE ( 'NONE', *, *, #4458, .T. ) ;
#4055 = DIRECTION ( 'NONE',  ( 1.000000000000000000, 0.000000000000000000, 0.000000000000000000 ) ) ;
#4056 = CARTESIAN_POINT ( 'NONE',  ( -0.3560119307822369739, -0.08727771133359787936, -0.3699999999999999956 ) ) ;
#4057 = DIRECTION ( 'NONE',  ( -0.000000000000000000, -0.000000000000000000, 1.000000000000000000 ) ) ;
#4058 = VERTEX_POINT ( 'NONE', #2159 ) ;
#4059 = DIRECTION ( 'NONE',  ( 0.3390537954853695135, 0.9407669869669987861, 0.000000000000000000 ) ) ;
#4060 = PLANE ( 'NONE',  #3400 ) ;
#4061 = CARTESIAN_POINT ( 'NONE',  ( -0.3109921813589765494, 0.1535879454921497411, -0.3699999999999999956 ) ) ;
#4062 = ORIENTED_EDGE ( 'NONE', *, *, #1513, .F. ) ;
#4063 = VECTOR ( 'NONE', #754, 1000.000000000000000 ) ;
#4064 =( GEOMETRIC_REPRESENTATION_CONTEXT ( 3 ) GLOBAL_UNCERTAINTY_ASSIGNED_CONTEXT ( ( #4933 ) ) GLOBAL_UNIT_ASSIGNED_CONTEXT ( ( #3232, #1252, #73 ) ) REPRESENTATION_CONTEXT ( 'NONE', 'WORKASPACE' ) );
#4065 = UNCERTAINTY_MEASURE_WITH_UNIT (LENGTH_MEASURE( 1.000000000000000082E-05 ), #1858, 'distance_accuracy_value', 'NONE');
#4066 = SURFACE_STYLE_USAGE ( .BOTH. , #1702 ) ;
#4067 = CARTESIAN_POINT ( 'NONE',  ( -0.5709952043188111226, 0.1557813492642670938, -0.3699999999999999956 ) ) ;
#4068 = ORIENTED_EDGE ( 'NONE', *, *, #3475, .T. ) ;
#4069 = AXIS2_PLACEMENT_3D ( 'NONE', #3734, #232, #1814 ) ;
#4070 = LINE ( 'NONE', #570, #1235 ) ;
#4071 = DIRECTION ( 'NONE',  ( -1.000000000000000000, 0.000000000000000000, -0.000000000000000000 ) ) ;
#4072 = CARTESIAN_POINT ( 'NONE',  ( 0.2590021380223349601, -0.1168961929633580837, -0.3599999999999997646 ) ) ;
#4073 = ORIENTED_EDGE ( 'NONE', *, *, #4961, .F. ) ;
#4074 = DIRECTION ( 'NONE',  ( -1.096538227545390183E-16, 1.000000000000000000, 0.000000000000000000 ) ) ;
#4075 = STYLED_ITEM ( 'NONE', ( #4086 ), #2276 ) ;
#4076 = SURFACE_STYLE_FILL_AREA ( #2120 ) ;
#4077 =( NAMED_UNIT ( * ) PLANE_ANGLE_UNIT ( ) SI_UNIT ( $, .RADIAN. ) );
#4078 = COLOUR_RGB ( '',0.000000000000000000, 0.000000000000000000, 0.000000000000000000 ) ;
#4079 = ORIENTED_EDGE ( 'NONE', *, *, #5043, .F. ) ;
#4080 = EDGE_CURVE ( 'NONE', #2110, #1377, #4534, .T. ) ;
#4081 = MECHANICAL_DESIGN_GEOMETRIC_PRESENTATION_REPRESENTATION (  '', ( #1229 ), #2053 ) ;
#4082 = CARTESIAN_POINT ( 'NONE',  ( -0.3152819674448746334, -0.1070589713006972754, -0.3699999999999999956 ) ) ;
#4083 = COLOUR_RGB ( '',0.000000000000000000, 0.000000000000000000, 0.000000000000000000 ) ;
#4084 = STYLED_ITEM ( 'NONE', ( #2897 ), #713 ) ;
#4085 = LINE ( 'NONE', #2901, #1717 ) ;
#4086 = PRESENTATION_STYLE_ASSIGNMENT (( #2131 ) ) ;
#4087 = CARTESIAN_POINT ( 'NONE',  ( 0.4460779664128960431, 0.1557813492642670938, -0.3699999999999999956 ) ) ;
#4088 = VERTEX_POINT ( 'NONE', #4582 ) ;
#4089 = CARTESIAN_POINT ( 'NONE',  ( -0.4356293506602745835, 0.009554215117925639322, -0.3699999999999999956 ) ) ;
#4090 = FACE_OUTER_BOUND ( 'NONE', #606, .T. ) ;
#4091 = SURFACE_SIDE_STYLE ('',( #2549 ) ) ;
#4092 = ORIENTED_EDGE ( 'NONE', *, *, #1845, .T. ) ;
#4093 =( LENGTH_UNIT ( ) NAMED_UNIT ( * ) SI_UNIT ( .MILLI., .METRE. ) );
#4094 = AXIS2_PLACEMENT_3D ( 'NONE', #1486, #1094, #2300 ) ;
#4095 = SURFACE_STYLE_FILL_AREA ( #1371 ) ;
#4096 = PRESENTATION_LAYER_ASSIGNMENT (  '', '', ( #1980 ) ) ;
#4097 = AXIS2_PLACEMENT_3D ( 'NONE', #3507, #5080, #2766 ) ;
#4098 = CARTESIAN_POINT ( 'NONE',  ( -0.5887916961934460680, 0.1130241284782913663, -0.3699999999999999956 ) ) ;
#4099 = ORIENTED_EDGE ( 'NONE', *, *, #2640, .F. ) ;
#4100 = CARTESIAN_POINT ( 'NONE',  ( 0.2093858004155465247, 0.1136120887952457581, -0.3599999999999999867 ) ) ;
#4101 = CARTESIAN_POINT ( 'NONE',  ( 0.3019482220559115415, -0.04619478471778566686, -0.3699999999999999956 ) ) ;
#4102 = VERTEX_POINT ( 'NONE', #2261 ) ;
#4103 = DIRECTION ( 'NONE',  ( 1.000000000000000000, 0.000000000000000000, 0.000000000000000000 ) ) ;
#4104 = CARTESIAN_POINT ( 'NONE',  ( -3.249999999999999112, 1.050000000000000044, -0.3699999999999999956 ) ) ;
#4105 = PRESENTATION_STYLE_ASSIGNMENT (( #3193 ) ) ;
#4106 = DIRECTION ( 'NONE',  ( 0.000000000000000000, -1.000000000000000000, 0.000000000000000000 ) ) ;
#4107 = ORIENTED_EDGE ( 'NONE', *, *, #2062, .T. ) ;
#4108 = DIRECTION ( 'NONE',  ( -0.9353882635801357148, -0.3536223923290754967, -0.000000000000000000 ) ) ;
#4109 = UNCERTAINTY_MEASURE_WITH_UNIT (LENGTH_MEASURE( 1.000000000000000082E-05 ), #3252, 'distance_accuracy_value', 'NONE');
#4110 = CARTESIAN_POINT ( 'NONE',  ( -0.3950807415497060160, -0.004884666860091987396, -0.3699999999999999956 ) ) ;
#4111 = EDGE_CURVE ( 'NONE', #2417, #3931, #3015, .T. ) ;
#4112 = LINE ( 'NONE', #1025, #812 ) ;
#4113 = ADVANCED_FACE ( 'NONE', ( #1833 ), #3035, .T. ) ;
#4114 = CARTESIAN_POINT ( 'NONE',  ( -0.3952819134151311919, 0.004081983154532647928, -0.3599999999999999312 ) ) ;
#4115 = ORIENTED_EDGE ( 'NONE', *, *, #325, .F. ) ;
#4116 = CARTESIAN_POINT ( 'NONE',  ( -0.3538323495807843000, -0.1280647394221991198, -0.3699999999999999956 ) ) ;
#4117 = CARTESIAN_POINT ( 'NONE',  ( -0.1283122774895428531, 0.000000000000000000, -0.3599999999999999867 ) ) ;
#4118 = EDGE_LOOP ( 'NONE', ( #624, #3649, #1228, #3396 ) ) ;
#4119 = EDGE_CURVE ( 'NONE', #4124, #196, #3070, .T. ) ;
#4120 = CARTESIAN_POINT ( 'NONE',  ( 0.2665034621458938213, 0.01623757769637020065, -0.3699999999999999956 ) ) ;
#4121 = CARTESIAN_POINT ( 'NONE',  ( -0.1356293506602746501, -0.1112918214674401829, -0.3699999999999999956 ) ) ;
#4122 = ORIENTED_EDGE ( 'NONE', *, *, #2873, .F. ) ;
#4123 = PRESENTATION_STYLE_ASSIGNMENT (( #198 ) ) ;
#4124 = VERTEX_POINT ( 'NONE', #1176 ) ;
#4125 = DIRECTION ( 'NONE',  ( -0.000000000000000000, -0.000000000000000000, 1.000000000000000000 ) ) ;
#4126 = LINE ( 'NONE', #3792, #315 ) ;
#4127 = CARTESIAN_POINT ( 'NONE',  ( -0.4356293506602745835, 0.009554215117925639322, -0.3599999999999999867 ) ) ;
#4128 = SURFACE_STYLE_FILL_AREA ( #2593 ) ;
#4129 = VERTEX_POINT ( 'NONE', #2701 ) ;
#4130 =( LENGTH_UNIT ( ) NAMED_UNIT ( * ) SI_UNIT ( .MILLI., .METRE. ) );
#4131 = CARTESIAN_POINT ( 'NONE',  ( -0.3911173627373846773, 0.04726526966009465119, -0.3599999999999999867 ) ) ;
#4132 = CARTESIAN_POINT ( 'NONE',  ( 0.2493153149155493131, 0.07483393537897954639, -0.3600000000000000422 ) ) ;
#4133 = CARTESIAN_POINT ( 'NONE',  ( -0.3953854482212502131, 0.008696745605730516609, -0.3599999999999999312 ) ) ;
#4134 = VERTEX_POINT ( 'NONE', #3877 ) ;
#4135 = CARTESIAN_POINT ( 'NONE',  ( -0.3091937362501553377, -0.1418176151619261749, -0.3699999999999999956 ) ) ;
#4136 = DIRECTION ( 'NONE',  ( 0.08682659386424780579, -0.08682659386424779191, -0.9924325091389669673 ) ) ;
#4137 = EDGE_CURVE ( 'NONE', #2488, #1571, #3855, .T. ) ;
#4138 = VERTEX_POINT ( 'NONE', #5087 ) ;
#4139 = CARTESIAN_POINT ( 'NONE',  ( 2.149999999999999911, 0.4250000000000001554, -0.3699999999999999956 ) ) ;
#4140 = CARTESIAN_POINT ( 'NONE',  ( -0.5850005396846648109, 0.09815939804475490305, -0.3599999999999999867 ) ) ;
#4141 = CARTESIAN_POINT ( 'NONE',  ( 0.2445539826133306671, -0.07504628174828233134, -0.3699999999999999956 ) ) ;
#4142 = PRESENTATION_LAYER_ASSIGNMENT (  '', '', ( #380 ) ) ;
#4143 = ADVANCED_FACE ( 'NONE', ( #1873, #3487 ), #4676, .T. ) ;
#4144 = DIRECTION ( 'NONE',  ( 0.000000000000000000, -1.000000000000000000, 0.000000000000000000 ) ) ;
#4145 = COLOUR_RGB ( '',0.7529411764705882248, 0.7529411764705882248, 0.7529411764705882248 ) ;
#4146 = ORIENTED_EDGE ( 'NONE', *, *, #544, .T. ) ;
#4147 =( LENGTH_UNIT ( ) NAMED_UNIT ( * ) SI_UNIT ( .MILLI., .METRE. ) );
#4148 = UNCERTAINTY_MEASURE_WITH_UNIT (LENGTH_MEASURE( 1.000000000000000082E-05 ), #180, 'distance_accuracy_value', 'NONE');
#4149 = CARTESIAN_POINT ( 'NONE',  ( -0.2927363180895394268, -0.1439111407444400581, -0.3699999999999999956 ) ) ;
#4150 = FILL_AREA_STYLE_COLOUR ( '', #3976 ) ;
#4151 = VECTOR ( 'NONE', #1718, 1000.000000000000000 ) ;
#4152 = CARTESIAN_POINT ( 'NONE',  ( 1.250000000000000222, -1.674999999999999378, -0.3699999999999999956 ) ) ;
#4153 = LINE ( 'NONE', #2233, #3462 ) ;
#4154 = CARTESIAN_POINT ( 'NONE',  ( -0.4247706228476870183, -0.05328762837945356240, -0.3599999999999999867 ) ) ;
#4155 = LINE ( 'NONE', #3042, #2035 ) ;
#4156 = UNCERTAINTY_MEASURE_WITH_UNIT (LENGTH_MEASURE( 1.000000000000000082E-05 ), #1760, 'distance_accuracy_value', 'NONE');
#4157 = ORIENTED_EDGE ( 'NONE', *, *, #4435, .T. ) ;
#4158 = VECTOR ( 'NONE', #1498, 1000.000000000000000 ) ;
#4159 = CARTESIAN_POINT ( 'NONE',  ( -0.3709140308609102932, 0.08677236924533798801, -0.3599999999999999867 ) ) ;
#4160 = COLOUR_RGB ( '',0.7529411764705882248, 0.7529411764705882248, 0.7529411764705882248 ) ;
#4161 = PRESENTATION_STYLE_ASSIGNMENT (( #3026 ) ) ;
#4162 = FILL_AREA_STYLE_COLOUR ( '', #4252 ) ;
#4163 =( NAMED_UNIT ( * ) PLANE_ANGLE_UNIT ( ) SI_UNIT ( $, .RADIAN. ) );
#4164 = COLOUR_RGB ( '',0.7529411764705882248, 0.7529411764705882248, 0.7529411764705882248 ) ;
#4165 = CARTESIAN_POINT ( 'NONE',  ( -0.6112391067578356596, 0.1557813492642670938, -0.3699999999999999956 ) ) ;
#4166 = LINE ( 'NONE', #676, #2538 ) ;
#4167 = COLOUR_RGB ( '',0.000000000000000000, 0.000000000000000000, 0.000000000000000000 ) ;
#4168 = FACE_OUTER_BOUND ( 'NONE', #2839, .T. ) ;
#4169 = COLOUR_RGB ( '',0.7529411764705882248, 0.7529411764705882248, 0.7529411764705882248 ) ;
#4170 = FILL_AREA_STYLE ('',( #3387 ) ) ;
#4171 = ORIENTED_EDGE ( 'NONE', *, *, #1062, .T. ) ;
#4172 = SURFACE_STYLE_USAGE ( .BOTH. , #4542 ) ;
#4173 =( GEOMETRIC_REPRESENTATION_CONTEXT ( 3 ) GLOBAL_UNCERTAINTY_ASSIGNED_CONTEXT ( ( #1824 ) ) GLOBAL_UNIT_ASSIGNED_CONTEXT ( ( #4975, #689, #4956 ) ) REPRESENTATION_CONTEXT ( 'NONE', 'WORKASPACE' ) );
#4174 = CARTESIAN_POINT ( 'NONE',  ( -0.1356293506602746224, 0.000000000000000000, -0.3599999999999999867 ) ) ;
#4175 = ADVANCED_FACE ( 'NONE', ( #3898 ), #1153, .T. ) ;
#4176 = FACE_BOUND ( 'NONE', #4830, .T. ) ;
#4177 = UNCERTAINTY_MEASURE_WITH_UNIT (LENGTH_MEASURE( 1.000000000000000082E-05 ), #4540, 'distance_accuracy_value', 'NONE');
#4178 = DIRECTION ( 'NONE',  ( -0.000000000000000000, -0.000000000000000000, 1.000000000000000000 ) ) ;
#4179 = DIRECTION ( 'NONE',  ( 1.000000000000000000, 0.000000000000000000, 0.000000000000000000 ) ) ;
#4180 = VECTOR ( 'NONE', #2155, 1000.000000000000000 ) ;
#4181 = CARTESIAN_POINT ( 'NONE',  ( 2.955000000000000071, 1.675000000000000044, 0.000000000000000000 ) ) ;
#4182 = DIRECTION ( 'NONE',  ( 0.000000000000000000, -1.000000000000000000, 0.000000000000000000 ) ) ;
#4183 = PLANE ( 'NONE',  #4662 ) ;
#4184 = PRESENTATION_LAYER_ASSIGNMENT (  '', '', ( #5081 ) ) ;
#4185 = PRESENTATION_STYLE_ASSIGNMENT (( #3743 ) ) ;
#4186 = DIRECTION ( 'NONE',  ( -1.000000000000000000, 0.000000000000000000, 0.000000000000000000 ) ) ;
#4187 = ORIENTED_EDGE ( 'NONE', *, *, #3701, .F. ) ;
#4188 = CARTESIAN_POINT ( 'NONE',  ( -0.6112391067578356596, 0.1557813492642670938, -0.3599999999999999867 ) ) ;
#4189 = CARTESIAN_POINT ( 'NONE',  ( -0.2912629008076173531, 0.1225950992474840601, -0.3599999999999999867 ) ) ;
#4190 = FILL_AREA_STYLE ('',( #269 ) ) ;
#4191 = SURFACE_STYLE_FILL_AREA ( #2656 ) ;
#4192 = PLANE ( 'NONE',  #151 ) ;
#4193 = SURFACE_STYLE_FILL_AREA ( #3030 ) ;
#4194 = CARTESIAN_POINT ( 'NONE',  ( -0.2903359409389668633, -0.1110034901395172274, -0.3599999999999999867 ) ) ;
#4195 = LINE ( 'NONE', #3828, #1800 ) ;
#4196 = CARTESIAN_POINT ( 'NONE',  ( 0.2355958888821589881, 0.09310087971301687915, -0.3699999999999999956 ) ) ;
#4197 = CARTESIAN_POINT ( 'NONE',  ( -0.5950301315622814613, 0.09935634838068797825, -0.3599999999999999867 ) ) ;
#4198 = CARTESIAN_POINT ( 'NONE',  ( -0.5854539668636069560, 0.09952676144678354597, -0.3699999999999999956 ) ) ;
#4199 = PRESENTATION_STYLE_ASSIGNMENT (( #4172 ) ) ;
#4200 = FILL_AREA_STYLE ('',( #683 ) ) ;
#4201 = DIRECTION ( 'NONE',  ( 0.000000000000000000, 0.000000000000000000, -1.000000000000000000 ) ) ;
#4202 = CARTESIAN_POINT ( 'NONE',  ( -0.2814820840466599194, -0.1441147591228861824, -0.3599999999999998757 ) ) ;
#4203 = ADVANCED_FACE ( 'NONE', ( #524 ), #1278, .T. ) ;
#4204 = EDGE_CURVE ( 'NONE', #1283, #119, #3235, .T. ) ;
#4205 = CARTESIAN_POINT ( 'NONE',  ( 3.250000000000000000, 0.4250000000000003775, 0.000000000000000000 ) ) ;
#4206 = EDGE_LOOP ( 'NONE', ( #174, #5084, #3920, #4886 ) ) ;
#4207 = B_SPLINE_SURFACE_WITH_KNOTS ( 'NONE', 3, 1, ( 
 ( #4469, #863 ),
 ( #149, #2867 ),
 ( #2921, #3663 ),
 ( #4030, #3973 ),
 ( #2044, #4423 ),
 ( #939, #2508 ),
 ( #4800, #3209 ),
 ( #2424, #461 ),
 ( #4774, #3691 ),
 ( #917, #2487 ),
 ( #1274, #4052 ) ),
 .UNSPECIFIED., .F., .F., .F.,
 ( 4, 1, 1, 1, 1, 1, 1, 1, 4 ),
 ( 2, 2 ),
 ( 0.000000000000000000, 0.1072433443581910506, 0.2186397936872847003, 0.3348469173622861117, 0.4568188764649171452, 0.5834756340711710898, 0.7165573890802701129, 0.8548131335275301890, 1.000000000000000000 ),
 ( 0.000000000000000000, 1.000000000000000000 ),
 .UNSPECIFIED. ) ;
#4208 = FILL_AREA_STYLE ('',( #3041 ) ) ;
#4209 = PRESENTATION_STYLE_ASSIGNMENT (( #2671 ) ) ;
#4210 = ORIENTED_EDGE ( 'NONE', *, *, #3989, .T. ) ;
#4211 = AXIS2_PLACEMENT_3D ( 'NONE', #4459, #1320, #3625 ) ;
#4212 = CARTESIAN_POINT ( 'NONE',  ( -0.2829270481563528339, 0.1227666217452460934, -0.3699999999999999956 ) ) ;
#4213 = COLOUR_RGB ( '',0.7529411764705882248, 0.7529411764705882248, 0.7529411764705882248 ) ;
#4214 =( LENGTH_UNIT ( ) NAMED_UNIT ( * ) SI_UNIT ( .MILLI., .METRE. ) );
#4215 = SURFACE_SIDE_STYLE ('',( #4272 ) ) ;
#4216 = CARTESIAN_POINT ( 'NONE',  ( 0.2009463979323953542, 0.1535399564683955775, -0.3599999999999998201 ) ) ;
#4217 =( NAMED_UNIT ( * ) PLANE_ANGLE_UNIT ( ) SI_UNIT ( $, .RADIAN. ) );
#4218 =( NAMED_UNIT ( * ) PLANE_ANGLE_UNIT ( ) SI_UNIT ( $, .RADIAN. ) );
#4219 = CARTESIAN_POINT ( 'NONE',  ( -0.1941659360261283052, 0.1557813492642670938, -0.3699999999999999956 ) ) ;
#4220 = ORIENTED_EDGE ( 'NONE', *, *, #1761, .T. ) ;
#4221 = PRESENTATION_STYLE_ASSIGNMENT (( #4327 ) ) ;
#4222 = DIRECTION ( 'NONE',  ( 1.000000000000000000, 1.096538227545390060E-16, 0.000000000000000000 ) ) ;
#4223 = SURFACE_STYLE_FILL_AREA ( #1236 ) ;
#4224 =( NAMED_UNIT ( * ) SI_UNIT ( $, .STERADIAN. ) SOLID_ANGLE_UNIT ( ) );
#4225 = DIRECTION ( 'NONE',  ( -1.953517427901809713E-16, 1.000000000000000000, -0.000000000000000000 ) ) ;
#4226 = AXIS2_PLACEMENT_3D ( 'NONE', #519, #3633, #117 ) ;
#4227 = SURFACE_STYLE_USAGE ( .BOTH. , #2687 ) ;
#4228 = STYLED_ITEM ( 'NONE', ( #3606 ), #965 ) ;
#4229 = DIRECTION ( 'NONE',  ( -0.000000000000000000, -1.000000000000000000, -0.000000000000000000 ) ) ;
#4230 = FILL_AREA_STYLE ('',( #4664 ) ) ;
#4231 = VERTEX_POINT ( 'NONE', #4427 ) ;
#4232 = DIRECTION ( 'NONE',  ( -0.000000000000000000, -0.000000000000000000, 1.000000000000000000 ) ) ;
#4233 = DIRECTION ( 'NONE',  ( 0.000000000000000000, 0.000000000000000000, -1.000000000000000000 ) ) ;
#4234 = CARTESIAN_POINT ( 'NONE',  ( -0.5950301315622814613, 0.09935634838068797825, -0.3699999999999999956 ) ) ;
#4235 = VERTEX_POINT ( 'NONE', #922 ) ;
#4236 = VECTOR ( 'NONE', #2491, 1000.000000000000000 ) ;
#4237 = VECTOR ( 'NONE', #4431, 1000.000000000000000 ) ;
#4238 =( NAMED_UNIT ( * ) SI_UNIT ( $, .STERADIAN. ) SOLID_ANGLE_UNIT ( ) );
#4239 = VECTOR ( 'NONE', #2455, 1000.000000000000000 ) ;
#4240 = EDGE_CURVE ( 'NONE', #3607, #1672, #4034, .T. ) ;
#4241 = CARTESIAN_POINT ( 'NONE',  ( 0.3070535761689936471, 0.0001220504837793170202, -0.3699999999999999956 ) ) ;
#4242 = PRESENTATION_LAYER_ASSIGNMENT (  '', '', ( #3830 ) ) ;
#4243 = SURFACE_SIDE_STYLE ('',( #2629 ) ) ;
#4244 = SURFACE_SIDE_STYLE ('',( #2306 ) ) ;
#4245 = PLANE ( 'NONE',  #3591 ) ;
#4246 = LINE ( 'NONE', #4355, #2241 ) ;
#4247 = EDGE_CURVE ( 'NONE', #4937, #4248, #2176, .T. ) ;
#4248 = VERTEX_POINT ( 'NONE', #550 ) ;
#4249 = COLOUR_RGB ( '',0.7529411764705882248, 0.7529411764705882248, 0.7529411764705882248 ) ;
#4250 = CARTESIAN_POINT ( 'NONE',  ( -0.5014830091968599524, -0.1442186507357328673, -0.3699999999999999956 ) ) ;
#4251 = CARTESIAN_POINT ( 'NONE',  ( -0.3633409663330195438, 0.09436524096466546163, -0.3599999999999999867 ) ) ;
#4252 = COLOUR_RGB ( '',0.000000000000000000, 0.000000000000000000, 0.000000000000000000 ) ;
#4253 = FILL_AREA_STYLE_COLOUR ( '', #1566 ) ;
#4254 = LINE ( 'NONE', #753, #2028 ) ;
#4255 = CARTESIAN_POINT ( 'NONE',  ( 0.1447039196283806950, 0.1263704173663537378, -0.3599999999999999867 ) ) ;
#4256 = PLANE ( 'NONE',  #1135 ) ;
#4257 = CARTESIAN_POINT ( 'NONE',  ( -0.2815177615356488916, -0.1111941087924034344, -0.3599999999999999312 ) ) ;
#4258 = VECTOR ( 'NONE', #1380, 1000.000000000000000 ) ;
#4259 = AXIS2_PLACEMENT_3D ( 'NONE', #4756, #19, #3953 ) ;
#4260 = ADVANCED_BREP_SHAPE_REPRESENTATION ( 'TO-277A_L5.9-W4.4-LS6.5-TR', ( #2396, #2177 ), #2859 ) ;
#4261 = CARTESIAN_POINT ( 'NONE',  ( -0.3671239027587649972, -0.1208544417235564994, -0.3699999999999999956 ) ) ;
#4262 = STYLED_ITEM ( 'NONE', ( #3014 ), #3736 ) ;
#4263 = CARTESIAN_POINT ( 'NONE',  ( -0.5876761497311044913, 0.1073694352411243974, -0.3599999999999999867 ) ) ;
#4264 = CARTESIAN_POINT ( 'NONE',  ( 0.1664285761689936749, -0.1478771873210987242, -0.3699999999999999956 ) ) ;
#4265 = VERTEX_POINT ( 'NONE', #2152 ) ;
#4266 = FACE_OUTER_BOUND ( 'NONE', #2606, .T. ) ;
#4267 = VECTOR ( 'NONE', #2529, 1000.000000000000000 ) ;
#4268 =( NAMED_UNIT ( * ) SI_UNIT ( $, .STERADIAN. ) SOLID_ANGLE_UNIT ( ) );
#4269 = COLOUR_RGB ( '',0.000000000000000000, 0.000000000000000000, 0.000000000000000000 ) ;
#4270 = PRESENTATION_STYLE_ASSIGNMENT (( #1150 ) ) ;
#4271 = CARTESIAN_POINT ( 'NONE',  ( -0.1356293506602746501, -0.1442186507357328673, -0.3699999999999999956 ) ) ;
#4272 = SURFACE_STYLE_FILL_AREA ( #4650 ) ;
#4273 = EDGE_CURVE ( 'NONE', #2894, #4326, #2127, .T. ) ;
#4274 = LINE ( 'NONE', #1522, #994 ) ;
#4275 = ORIENTED_EDGE ( 'NONE', *, *, #611, .T. ) ;
#4276 = CARTESIAN_POINT ( 'NONE',  ( 2.149999999999999911, 1.674999999999999822, 0.000000000000000000 ) ) ;
#4277 = ORIENTED_EDGE ( 'NONE', *, *, #4673, .F. ) ;
#4278 = SURFACE_SIDE_STYLE ('',( #1549 ) ) ;
#4279 = CARTESIAN_POINT ( 'NONE',  ( -0.1941659360261283052, 0.1557813492642670938, -0.3699999999999999956 ) ) ;
#4280 = CARTESIAN_POINT ( 'NONE',  ( -0.4184729970146141564, -0.06691773098428886735, -0.3699999999999999956 ) ) ;
#4281 = DIRECTION ( 'NONE',  ( 1.000000000000000000, 0.000000000000000000, 0.000000000000000000 ) ) ;
#4282 = ADVANCED_FACE ( 'NONE', ( #4869 ), #1147, .T. ) ;
#4283 = PRESENTATION_STYLE_ASSIGNMENT (( #4517 ) ) ;
#4284 = FILL_AREA_STYLE ('',( #3808 ) ) ;
#4285 = VECTOR ( 'NONE', #821, 1000.000000000000000 ) ;
#4286 = LINE ( 'NONE', #3128, #3740 ) ;
#4287 = FACE_OUTER_BOUND ( 'NONE', #2336, .T. ) ;
#4288 = CARTESIAN_POINT ( 'NONE',  ( -0.2769974909041769684, -0.1112918214674401829, -0.3699999999999999956 ) ) ;
#4289 = CARTESIAN_POINT ( 'NONE',  ( 0.2667263277749312156, -0.001806231956659383811, -0.3699999999999999956 ) ) ;
#4290 = SURFACE_SIDE_STYLE ('',( #3551 ) ) ;
#4291 = ORIENTED_EDGE ( 'NONE', *, *, #2534, .T. ) ;
#4292 = CARTESIAN_POINT ( 'NONE',  ( 0.2830607314043689926, 0.09218325648412858953, -0.3599999999999999867 ) ) ;
#4293 = CARTESIAN_POINT ( 'NONE',  ( -0.3248871435699927090, -0.1386331216251033560, -0.3599999999999999867 ) ) ;
#4294 = SURFACE_SIDE_STYLE ('',( #412 ) ) ;
#4295 = LINE ( 'NONE', #692, #4180 ) ;
#4296 = VERTEX_POINT ( 'NONE', #3702 ) ;
#4297 = CARTESIAN_POINT ( 'NONE',  ( 0.1723034819070019541, -0.1146560329601086642, -0.3599999999999999867 ) ) ;
#4298 = B_SPLINE_SURFACE_WITH_KNOTS ( 'NONE', 3, 1, ( 
 ( #376, #3547 ),
 ( #2130, #4037 ),
 ( #526, #2599 ),
 ( #4870, #2573 ),
 ( #2001, #3670 ),
 ( #2101, #4475 ),
 ( #4529, #126 ),
 ( #4132, #2179 ),
 ( #1238, #4916 ),
 ( #942, #27 ),
 ( #1773, #1339 ),
 ( #1363, #3265 ),
 ( #3716, #1420 ),
 ( #158, #1029 ),
 ( #2515, #1387 ),
 ( #3307, #4893 ),
 ( #1626, #4731 ),
 ( #2928, #2811 ),
 ( #974, #2541 ) ),
 .UNSPECIFIED., .F., .F., .F.,
 ( 4, 1, 1, 1, 1, 1, 1, 1, 1, 1, 1, 1, 1, 1, 1, 1, 4 ),
 ( 2, 2 ),
 ( 0.000000000000000000, 0.07368790416080994721, 0.1434951399561694707, 0.2105322638271134306, 0.2752604897027683961, 0.3376664975225576182, 0.3988081936192183763, 0.4593218652244840383, 0.5199666592233036511, 0.5797597770715327004, 0.6384969260293746895, 0.6963479755500245894, 0.7544943126345625695, 0.8132431859643819427, 0.8732975860370528753, 0.9353960297116079570, 1.000000000000000000 ),
 ( 0.000000000000000000, 1.000000000000000000 ),
 .UNSPECIFIED. ) ;
#4299 = SURFACE_STYLE_USAGE ( .BOTH. , #2745 ) ;
#4300 = CARTESIAN_POINT ( 'NONE',  ( 0.2779541369103371573, -0.09688091353519337479, -0.3699999999999999956 ) ) ;
#4301 = CARTESIAN_POINT ( 'NONE',  ( 0.3070535761689936471, 0.0001220504837793170202, -0.3699999999999999956 ) ) ;
#4302 = ORIENTED_EDGE ( 'NONE', *, *, #2635, .T. ) ;
#4303 = CARTESIAN_POINT ( 'NONE',  ( -0.2786552652944209174, 0.1228545199959744372, -0.3599999999999999867 ) ) ;
#4304 = ORIENTED_EDGE ( 'NONE', *, *, #4347, .F. ) ;
#4305 = EDGE_CURVE ( 'NONE', #4487, #2488, #2651, .T. ) ;
#4306 = CARTESIAN_POINT ( 'NONE',  ( -0.3911173627373846773, 0.04726526966009465119, -0.3599999999999999867 ) ) ;
#4307 = CARTESIAN_POINT ( 'NONE',  ( 0.1541381798275302528, 0.1265130565813402663, -0.3599999999999999867 ) ) ;
#4308 = CARTESIAN_POINT ( 'NONE',  ( 0.4460779664128960431, 0.1557813492642670938, -0.3699999999999999956 ) ) ;
#4309 = CARTESIAN_POINT ( 'NONE',  ( -0.5709952043188111226, 0.1557813492642670938, -0.3699999999999999956 ) ) ;
#4310 = FILL_AREA_STYLE_COLOUR ( '', #2129 ) ;
#4311 = EDGE_CURVE ( 'NONE', #3614, #630, #1392, .T. ) ;
#4312 = ORIENTED_EDGE ( 'NONE', *, *, #2223, .F. ) ;
#4313 = FILL_AREA_STYLE_COLOUR ( '', #4164 ) ;
#4314 = FACE_OUTER_BOUND ( 'NONE', #2444, .T. ) ;
#4315 = ORIENTED_EDGE ( 'NONE', *, *, #2497, .F. ) ;
#4316 = CARTESIAN_POINT ( 'NONE',  ( -0.5898023689529575675, 0.1191959834106085941, -0.3599999999999999867 ) ) ;
#4317 = LINE ( 'NONE', #3926, #1614 ) ;
#4318 = VECTOR ( 'NONE', #1661, 1000.000000000000000 ) ;
#4319 =( GEOMETRIC_REPRESENTATION_CONTEXT ( 3 ) GLOBAL_UNCERTAINTY_ASSIGNED_CONTEXT ( ( #3737 ) ) GLOBAL_UNIT_ASSIGNED_CONTEXT ( ( #734, #1917, #4238 ) ) REPRESENTATION_CONTEXT ( 'NONE', 'WORKASPACE' ) );
#4320 = PRESENTATION_STYLE_ASSIGNMENT (( #395 ) ) ;
#4321 = CARTESIAN_POINT ( 'NONE',  ( 0.1014376231112838478, -0.1372159571611425710, -0.3699999999999999956 ) ) ;
#4322 = CARTESIAN_POINT ( 'NONE',  ( 2.149999999999999911, -1.674999999999999822, 0.000000000000000000 ) ) ;
#4323 = VECTOR ( 'NONE', #165, 1000.000000000000000 ) ;
#4324 = CARTESIAN_POINT ( 'NONE',  ( -0.5907741677334452657, 0.1191959834106085941, -0.3699999999999999956 ) ) ;
#4325 = PLANE ( 'NONE',  #4259 ) ;
#4326 = VERTEX_POINT ( 'NONE', #3559 ) ;
#4327 = SURFACE_STYLE_USAGE ( .BOTH. , #1976 ) ;
#4328 = CARTESIAN_POINT ( 'NONE',  ( -0.4356293506602745835, 0.009554215117925639322, -0.3599999999999998757 ) ) ;
#4329 = COLOUR_RGB ( '',0.000000000000000000, 0.000000000000000000, 0.000000000000000000 ) ;
#4330 = CARTESIAN_POINT ( 'NONE',  ( -0.3950960225116355584, 0.02222487475919282876, -0.3599999999999999867 ) ) ;
#4331 = LINE ( 'NONE', #1234, #4636 ) ;
#4332 = CARTESIAN_POINT ( 'NONE',  ( -2.705000000000000071, -1.674999999999998934, 0.000000000000000000 ) ) ;
#4333 = SURFACE_STYLE_FILL_AREA ( #1598 ) ;
#4334 = CARTESIAN_POINT ( 'NONE',  ( -0.3642224492380368162, -0.07987519311996330029, -0.3699999999999999956 ) ) ;
#4335 = STYLED_ITEM ( 'NONE', ( #385 ), #1933 ) ;
#4336 = FILL_AREA_STYLE_COLOUR ( '', #1993 ) ;
#4337 = LINE ( 'NONE', #3917, #3981 ) ;
#4338 = EDGE_LOOP ( 'NONE', ( #2401, #4220, #3363, #2744, #3732, #1097, #2034, #2619 ) ) ;
#4339 = MECHANICAL_DESIGN_GEOMETRIC_PRESENTATION_REPRESENTATION (  '', ( #2554 ), #3421 ) ;
#4340 = ADVANCED_FACE ( 'NONE', ( #492 ), #784, .T. ) ;
#4341 = CARTESIAN_POINT ( 'NONE',  ( 2.955000000000000959, -0.4250000000000003220, -0.3499999999999999778 ) ) ;
#4342 = CARTESIAN_POINT ( 'NONE',  ( 0.1544811676324083227, 0.1594398858496329507, -0.3599999999999999867 ) ) ;
#4343 = ORIENTED_EDGE ( 'NONE', *, *, #2398, .T. ) ;
#4344 = DIRECTION ( 'NONE',  ( 0.000000000000000000, -1.000000000000000000, 0.000000000000000000 ) ) ;
#4345 =( GEOMETRIC_REPRESENTATION_CONTEXT ( 3 ) GLOBAL_UNCERTAINTY_ASSIGNED_CONTEXT ( ( #4451 ) ) GLOBAL_UNIT_ASSIGNED_CONTEXT ( ( #3437, #4217, #3460 ) ) REPRESENTATION_CONTEXT ( 'NONE', 'WORKASPACE' ) );
#4346 = CARTESIAN_POINT ( 'NONE',  ( -0.01489764334320145545, 0.1228545199959744372, -0.3599999999999999867 ) ) ;
#4347 = EDGE_CURVE ( 'NONE', #2765, #1316, #2664, .T. ) ;
#4348 = PRESENTATION_LAYER_ASSIGNMENT (  '', '', ( #4746 ) ) ;
#4349 = VERTEX_POINT ( 'NONE', #5018 ) ;
#4350 = STYLED_ITEM ( 'NONE', ( #1459 ), #1783 ) ;
#4351 = STYLED_ITEM ( 'NONE', ( #1263 ), #3234 ) ;
#4352 = FILL_AREA_STYLE_COLOUR ( '', #3160 ) ;
#4353 = CARTESIAN_POINT ( 'NONE',  ( -0.1941659360261283052, -0.1442186507357328673, -0.3699999999999999956 ) ) ;
#4354 = DIRECTION ( 'NONE',  ( 1.000000000000000000, 0.000000000000000000, 0.000000000000000000 ) ) ;
#4355 = CARTESIAN_POINT ( 'NONE',  ( -0.1283122774895428531, 0.1228545199959744372, -0.3699999999999999956 ) ) ;
#4356 = VECTOR ( 'NONE', #2930, 1000.000000000000000 ) ;
#4357 = EDGE_LOOP ( 'NONE', ( #1506, #2348, #44, #49 ) ) ;
#4358 =( LENGTH_UNIT ( ) NAMED_UNIT ( * ) SI_UNIT ( .MILLI., .METRE. ) );
#4359 = CARTESIAN_POINT ( 'NONE',  ( -0.5850005396846648109, 0.09815939804475490305, -0.3599999999999999867 ) ) ;
#4360 = FILL_AREA_STYLE ('',( #3220 ) ) ;
#4361 = ORIENTED_EDGE ( 'NONE', *, *, #2911, .F. ) ;
#4362 = CARTESIAN_POINT ( 'NONE',  ( -0.3936594711329887697, -0.01795309844892320830, -0.3699999999999999956 ) ) ;
#4363 =( NAMED_UNIT ( * ) SI_UNIT ( $, .STERADIAN. ) SOLID_ANGLE_UNIT ( ) );
#4364 = DIRECTION ( 'NONE',  ( 1.000000000000000000, 0.000000000000000000, 0.000000000000000000 ) ) ;
#4365 = CARTESIAN_POINT ( 'NONE',  ( -0.2786552652944209174, 0.1228545199959744372, -0.3699999999999999956 ) ) ;
#4366 = PLANE ( 'NONE',  #1470 ) ;
#4367 = EDGE_LOOP ( 'NONE', ( #3532, #3850, #1222, #4553 ) ) ;
#4368 = SURFACE_STYLE_USAGE ( .BOTH. , #1247 ) ;
#4369 = DIRECTION ( 'NONE',  ( -0.000000000000000000, -0.000000000000000000, 1.000000000000000000 ) ) ;
#4370 = PLANE ( 'NONE',  #3684 ) ;
#4371 = ORIENTED_EDGE ( 'NONE', *, *, #4311, .F. ) ;
#4372 = LINE ( 'NONE', #542, #3429 ) ;
#4373 = EDGE_CURVE ( 'NONE', #1316, #1161, #3771, .T. ) ;
#4374 = EDGE_CURVE ( 'NONE', #1390, #396, #3005, .T. ) ;
#4375 = ORIENTED_EDGE ( 'NONE', *, *, #2910, .T. ) ;
#4376 = EDGE_CURVE ( 'NONE', #3454, #3966, #1121, .T. ) ;
#4377 = DIRECTION ( 'NONE',  ( -0.3635424856527064708, -0.9315776194850602376, 0.000000000000000000 ) ) ;
#4378 = LINE ( 'NONE', #4399, #3024 ) ;
#4379 = SURFACE_STYLE_FILL_AREA ( #5060 ) ;
#4380 = SURFACE_SIDE_STYLE ('',( #2535 ) ) ;
#4381 = VERTEX_POINT ( 'NONE', #3811 ) ;
#4382 =( LENGTH_UNIT ( ) NAMED_UNIT ( * ) SI_UNIT ( .MILLI., .METRE. ) );
#4383 = CARTESIAN_POINT ( 'NONE',  ( 0.3070535761689936471, 0.0001220504837793170202, -0.3699999999999999956 ) ) ;
#4384 = VECTOR ( 'NONE', #1489, 1000.000000000000114 ) ;
#4385 = UNCERTAINTY_MEASURE_WITH_UNIT (LENGTH_MEASURE( 1.000000000000000082E-05 ), #3779, 'distance_accuracy_value', 'NONE');
#4386 = FACE_OUTER_BOUND ( 'NONE', #3142, .T. ) ;
#4387 = ORIENTED_EDGE ( 'NONE', *, *, #4522, .T. ) ;
#4388 = SURFACE_SIDE_STYLE ('',( #598 ) ) ;
#4389 = DIRECTION ( 'NONE',  ( 0.000000000000000000, 0.000000000000000000, -1.000000000000000000 ) ) ;
#4390 = ORIENTED_EDGE ( 'NONE', *, *, #2164, .F. ) ;
#4391 = FACE_OUTER_BOUND ( 'NONE', #2493, .T. ) ;
#4392 = LINE ( 'NONE', #3256, #1129 ) ;
#4393 = FACE_OUTER_BOUND ( 'NONE', #2461, .T. ) ;
#4394 = EDGE_LOOP ( 'NONE', ( #1358, #1547, #3999, #2876 ) ) ;
#4395 = DIRECTION ( 'NONE',  ( -0.08682659386424779191, 0.08682659386424779191, -0.9924325091389669673 ) ) ;
#4396 = VERTEX_POINT ( 'NONE', #3791 ) ;
#4397 = CIRCLE ( 'NONE', #1054, 0.1824730906783015028 ) ;
#4398 = B_SPLINE_CURVE_WITH_KNOTS ( 'NONE', 3,
 ( #1259, #4471, #2147, #1767, #1438, #622, #2202, #4598, #239, #660, #2984, #1822, #2272, #1413, #1490, #2234, #3742, #4518, #1048 ),
 .UNSPECIFIED., .F., .F.,
 ( 4, 1, 1, 1, 1, 1, 1, 1, 1, 1, 1, 1, 1, 1, 1, 1, 4 ),
 ( 0.000000000000000000, 0.07430379644281587259, 0.1443936103644179736, 0.2104994961032798373, 0.2735426065034681775, 0.3338247445790735735, 0.3925296724085028388, 0.4500874545995854348, 0.5078206115557880596, 0.5654649127768465178, 0.6231487223336197312, 0.6812971927909353687, 0.7409134981565806966, 0.8018557521958579182, 0.8652412377209434124, 0.9309416570467443641, 1.000000000000000000 ),
 .UNSPECIFIED. ) ;
#4399 = CARTESIAN_POINT ( 'NONE',  ( -0.6405645640749086933, -0.02714548000402556768, -0.3699999999999999956 ) ) ;
#4400 = PRESENTATION_LAYER_ASSIGNMENT (  '', '', ( #2355 ) ) ;
#4401 = VECTOR ( 'NONE', #4229, 1000.000000000000000 ) ;
#4402 = UNCERTAINTY_MEASURE_WITH_UNIT (LENGTH_MEASURE( 1.000000000000000082E-05 ), #3867, 'distance_accuracy_value', 'NONE');
#4403 = LINE ( 'NONE', #500, #2389 ) ;
#4404 = EDGE_LOOP ( 'NONE', ( #3316, #1341, #2483, #2809 ) ) ;
#4405 =( GEOMETRIC_REPRESENTATION_CONTEXT ( 3 ) GLOBAL_UNCERTAINTY_ASSIGNED_CONTEXT ( ( #2895 ) ) GLOBAL_UNIT_ASSIGNED_CONTEXT ( ( #1239, #170, #3682 ) ) REPRESENTATION_CONTEXT ( 'NONE', 'WORKASPACE' ) );
#4406 = CARTESIAN_POINT ( 'NONE',  ( -0.3109921813589765494, 0.1535879454921497411, -0.3699999999999999956 ) ) ;
#4407 = PRESENTATION_STYLE_ASSIGNMENT (( #4017 ) ) ;
#4408 = CARTESIAN_POINT ( 'NONE',  ( 0.2150869703328210369, 0.1487887776089791558, -0.3699999999999999956 ) ) ;
#4409 = CARTESIAN_POINT ( 'NONE',  ( 0.1086961637412333509, 0.1191309939005135432, -0.3699999999999999956 ) ) ;
#4410 = SURFACE_SIDE_STYLE ('',( #561 ) ) ;
#4411 = COLOUR_RGB ( '',0.000000000000000000, 0.000000000000000000, 0.000000000000000000 ) ;
#4412 = FILL_AREA_STYLE ('',( #2855 ) ) ;
#4413 = STYLED_ITEM ( 'NONE', ( #3671 ), #2259 ) ;
#4414 = AXIS2_PLACEMENT_3D ( 'NONE', #703, #1458, #277 ) ;
#4415 = CARTESIAN_POINT ( 'NONE',  ( 0.1395845423865400836, -0.1138466232265503003, -0.3599999999999999867 ) ) ;
#4416 = EDGE_LOOP ( 'NONE', ( #1145, #2479, #2868, #1112 ) ) ;
#4417 =( NAMED_UNIT ( * ) SI_UNIT ( $, .STERADIAN. ) SOLID_ANGLE_UNIT ( ) );
#4418 = PRESENTATION_STYLE_ASSIGNMENT (( #4795 ) ) ;
#4419 = FILL_AREA_STYLE_COLOUR ( '', #1311 ) ;
#4420 = ORIENTED_EDGE ( 'NONE', *, *, #360, .T. ) ;
#4421 = SURFACE_STYLE_USAGE ( .BOTH. , #518 ) ;
#4422 = SURFACE_STYLE_USAGE ( .BOTH. , #838 ) ;
#4423 = CARTESIAN_POINT ( 'NONE',  ( 0.1069770777154270130, 0.1549340227660187808, -0.3699999999999999956 ) ) ;
#4424 = ORIENTED_EDGE ( 'NONE', *, *, #1958, .T. ) ;
#4425 = VERTEX_POINT ( 'NONE', #2295 ) ;
#4426 = PRESENTATION_LAYER_ASSIGNMENT (  '', '', ( #3922 ) ) ;
#4427 = CARTESIAN_POINT ( 'NONE',  ( -0.2344098384651526479, 0.1228545199959744372, -0.3599999999999999867 ) ) ;
#4428 = DIRECTION ( 'NONE',  ( 0.000000000000000000, -1.000000000000000000, 0.000000000000000000 ) ) ;
#4429 = MECHANICAL_DESIGN_GEOMETRIC_PRESENTATION_REPRESENTATION (  '', ( #3760 ), #3851 ) ;
#4430 = PRESENTATION_LAYER_ASSIGNMENT (  '', '', ( #4011 ) ) ;
#4431 = DIRECTION ( 'NONE',  ( 0.000000000000000000, 0.000000000000000000, 1.000000000000000000 ) ) ;
#4432 = ORIENTED_EDGE ( 'NONE', *, *, #393, .F. ) ;
#4433 = COLOUR_RGB ( '',0.000000000000000000, 0.000000000000000000, 0.000000000000000000 ) ;
#4434 = COLOUR_RGB ( '',0.000000000000000000, 0.000000000000000000, 0.000000000000000000 ) ;
#4435 = EDGE_CURVE ( 'NONE', #4977, #3304, #3371, .T. ) ;
#4436 = CARTESIAN_POINT ( 'NONE',  ( 0.3046346757367298097, 0.03408469680043450106, -0.3699999999999999956 ) ) ;
#4437 = CARTESIAN_POINT ( 'NONE',  ( -0.4184667509257145590, 0.08261296315852707794, -0.3699999999999999956 ) ) ;
#4438 = VECTOR ( 'NONE', #3858, 1000.000000000000000 ) ;
#4439 = CARTESIAN_POINT ( 'NONE',  ( -2.955000000000000071, 2.220000000000000195, -0.3499999999999999778 ) ) ;
#4440 = EDGE_CURVE ( 'NONE', #3584, #2517, #658, .T. ) ;
#4441 = CARTESIAN_POINT ( 'NONE',  ( 1.250000000000000222, -1.674999999999999378, 0.000000000000000000 ) ) ;
#4442 =( NAMED_UNIT ( * ) SI_UNIT ( $, .STERADIAN. ) SOLID_ANGLE_UNIT ( ) );
#4443 = DIRECTION ( 'NONE',  ( -0.000000000000000000, -1.000000000000000000, -0.000000000000000000 ) ) ;
#4444 = ORIENTED_EDGE ( 'NONE', *, *, #1120, .T. ) ;
#4445 = DIRECTION ( 'NONE',  ( 0.000000000000000000, 0.000000000000000000, -1.000000000000000000 ) ) ;
#4446 = EDGE_LOOP ( 'NONE', ( #222, #456, #1805, #4511 ) ) ;
#4447 = CARTESIAN_POINT ( 'NONE',  ( 0.1109803029881593350, -0.1405473097442303532, -0.3599999999999999867 ) ) ;
#4448 =( LENGTH_UNIT ( ) NAMED_UNIT ( * ) SI_UNIT ( .MILLI., .METRE. ) );
#4449 = ORIENTED_EDGE ( 'NONE', *, *, #2761, .T. ) ;
#4450 = ORIENTED_EDGE ( 'NONE', *, *, #3060, .T. ) ;
#4451 = UNCERTAINTY_MEASURE_WITH_UNIT (LENGTH_MEASURE( 1.000000000000000082E-05 ), #3437, 'distance_accuracy_value', 'NONE');
#4452 = PLANE ( 'NONE',  #2628 ) ;
#4453 = ORIENTED_EDGE ( 'NONE', *, *, #4111, .T. ) ;
#4454 = LINE ( 'NONE', #2518, #2711 ) ;
#4455 = CARTESIAN_POINT ( 'NONE',  ( 0.1263080137059646169, 0.1239532440757923765, -0.3599999999999999867 ) ) ;
#4456 = VERTEX_POINT ( 'NONE', #355 ) ;
#4457 = CARTESIAN_POINT ( 'NONE',  ( 0.02534625909582290462, 0.000000000000000000, -0.3599999999999999867 ) ) ;
#4458 = EDGE_CURVE ( 'NONE', #4296, #1696, #1488, .T. ) ;
#4459 = CARTESIAN_POINT ( 'NONE',  ( -2.705000000000000071, 1.050000000000000044, 0.000000000000000000 ) ) ;
#4460 = CARTESIAN_POINT ( 'NONE',  ( 0.1608836066567985446, -0.1149503580528060537, -0.3599999999999999867 ) ) ;
#4461 = ORIENTED_EDGE ( 'NONE', *, *, #70, .F. ) ;
#4462 = EDGE_CURVE ( 'NONE', #2417, #1729, #1076, .T. ) ;
#4463 = CARTESIAN_POINT ( 'NONE',  ( 0.1541381798275302528, 0.1265130565813402663, -0.3599999999999999867 ) ) ;
#4464 = SURFACE_STYLE_FILL_AREA ( #4908 ) ;
#4465 = VERTEX_POINT ( 'NONE', #4181 ) ;
#4466 = CARTESIAN_POINT ( 'NONE',  ( 2.955000000000000959, -1.674999999999999822, -0.3499999999999999778 ) ) ;
#4467 = CARTESIAN_POINT ( 'NONE',  ( 2.333112642880053045, -1.737640255338846140, 0.7400000000000001021 ) ) ;
#4468 = VECTOR ( 'NONE', #1253, 1000.000000000000000 ) ;
#4469 = CARTESIAN_POINT ( 'NONE',  ( 0.08388284446167661168, 0.1475496419471939435, -0.3599999999999999867 ) ) ;
#4470 = ORIENTED_EDGE ( 'NONE', *, *, #4045, .T. ) ;
#4471 = CARTESIAN_POINT ( 'NONE',  ( -0.3952871140465268884, 0.01329301114699041678, -0.3699999999999999956 ) ) ;
#4472 = ORIENTED_EDGE ( 'NONE', *, *, #157, .T. ) ;
#4473 = FILL_AREA_STYLE_COLOUR ( '', #2777 ) ;
#4474 = CARTESIAN_POINT ( 'NONE',  ( -0.3469789212067190265, -0.09372345709736770725, -0.3699999999999999956 ) ) ;
#4475 = CARTESIAN_POINT ( 'NONE',  ( 0.2592107183589956176, 0.05360929228267453245, -0.3699999999999999956 ) ) ;
#4476 = FACE_BOUND ( 'NONE', #851, .T. ) ;
#4477 = ORIENTED_EDGE ( 'NONE', *, *, #3063, .F. ) ;
#4478 = CARTESIAN_POINT ( 'NONE',  ( -0.4015262965513699545, 0.1059600366383136316, -0.3699999999999999956 ) ) ;
#4479 = PRESENTATION_LAYER_ASSIGNMENT (  '', '', ( #296 ) ) ;
#4480 =( GEOMETRIC_REPRESENTATION_CONTEXT ( 3 ) GLOBAL_UNCERTAINTY_ASSIGNED_CONTEXT ( ( #1460 ) ) GLOBAL_UNIT_ASSIGNED_CONTEXT ( ( #2626, #4502, #1426 ) ) REPRESENTATION_CONTEXT ( 'NONE', 'WORKASPACE' ) );
#4481 = CARTESIAN_POINT ( 'NONE',  ( -0.01489764334320145545, -0.1112918214674401829, -0.3599999999999999867 ) ) ;
#4482 = CARTESIAN_POINT ( 'NONE',  ( -2.955000000000000071, -2.154383502355556868, 0.7500000000000001110 ) ) ;
#4483 = APPLICATION_CONTEXT ( 'automotive_design' ) ;
#4484 = FILL_AREA_STYLE_COLOUR ( '', #4269 ) ;
#4485 = VECTOR ( 'NONE', #3039, 1000.000000000000000 ) ;
#4486 = FACE_OUTER_BOUND ( 'NONE', #359, .T. ) ;
#4487 = VERTEX_POINT ( 'NONE', #4637 ) ;
#4488 = PRESENTATION_STYLE_ASSIGNMENT (( #175 ) ) ;
#4489 = ORIENTED_EDGE ( 'NONE', *, *, #3231, .F. ) ;
#4490 = DIRECTION ( 'NONE',  ( 0.000000000000000000, -1.000000000000000000, 0.000000000000000000 ) ) ;
#4491 = PRESENTATION_LAYER_ASSIGNMENT (  '', '', ( #1071 ) ) ;
#4492 = EDGE_CURVE ( 'NONE', #1796, #1571, #1887, .T. ) ;
#4493 = DIRECTION ( 'NONE',  ( 0.000000000000000000, 0.000000000000000000, -1.000000000000000000 ) ) ;
#4494 = FILL_AREA_STYLE ('',( #869 ) ) ;
#4495 = VECTOR ( 'NONE', #3872, 1000.000000000000000 ) ;
#4496 = CARTESIAN_POINT ( 'NONE',  ( 0.08388284446167661168, 0.1475496419471939435, -0.3699999999999999956 ) ) ;
#4497 = ORIENTED_EDGE ( 'NONE', *, *, #1958, .F. ) ;
#4498 =( GEOMETRIC_REPRESENTATION_CONTEXT ( 3 ) GLOBAL_UNCERTAINTY_ASSIGNED_CONTEXT ( ( #2138 ) ) GLOBAL_UNIT_ASSIGNED_CONTEXT ( ( #3967, #3204, #4417 ) ) REPRESENTATION_CONTEXT ( 'NONE', 'WORKASPACE' ) );
#4499 =( GEOMETRIC_REPRESENTATION_CONTEXT ( 3 ) GLOBAL_UNCERTAINTY_ASSIGNED_CONTEXT ( ( #4952 ) ) GLOBAL_UNIT_ASSIGNED_CONTEXT ( ( #4448, #97, #4888 ) ) REPRESENTATION_CONTEXT ( 'NONE', 'WORKASPACE' ) );
#4500 = EDGE_LOOP ( 'NONE', ( #2236, #649, #4028, #452 ) ) ;
#4501 = CARTESIAN_POINT ( 'NONE',  ( -0.2757398689529575453, -0.1442186507357328673, -0.3699999999999999956 ) ) ;
#4502 =( NAMED_UNIT ( * ) PLANE_ANGLE_UNIT ( ) SI_UNIT ( $, .RADIAN. ) );
#4503 = DIRECTION ( 'NONE',  ( -1.953517427901809713E-16, 1.000000000000000000, -0.000000000000000000 ) ) ;
#4504 = STYLED_ITEM ( 'NONE', ( #792 ), #26 ) ;
#4505 = PRESENTATION_STYLE_ASSIGNMENT (( #3647 ) ) ;
#4506 = ORIENTED_EDGE ( 'NONE', *, *, #645, .T. ) ;
#4507 = CARTESIAN_POINT ( 'NONE',  ( 3.250000000000000000, -1.675000000000000266, 0.000000000000000000 ) ) ;
#4508 = SURFACE_STYLE_FILL_AREA ( #4537 ) ;
#4509 = CARTESIAN_POINT ( 'NONE',  ( 0.2650783173411573324, 0.02941851072211622981, -0.3699999999999999956 ) ) ;
#4510 = DIRECTION ( 'NONE',  ( 0.000000000000000000, -1.000000000000000000, 0.000000000000000000 ) ) ;
#4511 = ORIENTED_EDGE ( 'NONE', *, *, #2610, .F. ) ;
#4512 = SURFACE_STYLE_FILL_AREA ( #4200 ) ;
#4513 = CARTESIAN_POINT ( 'NONE',  ( 0.3067763242935421797, -0.01595292822235866784, -0.3599999999999997646 ) ) ;
#4514 = ORIENTED_EDGE ( 'NONE', *, *, #3820, .F. ) ;
#4515 = PRESENTATION_STYLE_ASSIGNMENT (( #2982 ) ) ;
#4516 =( NAMED_UNIT ( * ) SI_UNIT ( $, .STERADIAN. ) SOLID_ANGLE_UNIT ( ) );
#4517 = SURFACE_STYLE_USAGE ( .BOTH. , #1955 ) ;
#4518 = CARTESIAN_POINT ( 'NONE',  ( -0.2829270481563528339, 0.1227666217452460934, -0.3699999999999999956 ) ) ;
#4519 =( NAMED_UNIT ( * ) PLANE_ANGLE_UNIT ( ) SI_UNIT ( $, .RADIAN. ) );
#4520 = UNCERTAINTY_MEASURE_WITH_UNIT (LENGTH_MEASURE( 1.000000000000000082E-05 ), #4022, 'distance_accuracy_value', 'NONE');
#4521 = VERTEX_POINT ( 'NONE', #3424 ) ;
#4522 = EDGE_CURVE ( 'NONE', #2517, #120, #4618, .T. ) ;
#4523 = EDGE_CURVE ( 'NONE', #4521, #3250, #4954, .T. ) ;
#4524 = PRESENTATION_STYLE_ASSIGNMENT (( #502 ) ) ;
#4525 = DIRECTION ( 'NONE',  ( 1.000000000000000000, 0.000000000000000000, 0.000000000000000000 ) ) ;
#4526 = UNCERTAINTY_MEASURE_WITH_UNIT (LENGTH_MEASURE( 1.000000000000000082E-05 ), #4214, 'distance_accuracy_value', 'NONE');
#4527 = FILL_AREA_STYLE ('',( #2260 ) ) ;
#4528 = MECHANICAL_DESIGN_GEOMETRIC_PRESENTATION_REPRESENTATION (  '', ( #4686 ), #2823 ) ;
#4529 = CARTESIAN_POINT ( 'NONE',  ( 0.2548103249818366445, 0.06462608135264470699, -0.3600000000000000422 ) ) ;
#4530 =( LENGTH_UNIT ( ) NAMED_UNIT ( * ) SI_UNIT ( .MILLI., .METRE. ) );
#4531 = EDGE_CURVE ( 'NONE', #3300, #35, #125, .T. ) ;
#4532 = ORIENTED_EDGE ( 'NONE', *, *, #3374, .T. ) ;
#4533 = CARTESIAN_POINT ( 'NONE',  ( -0.1209952043188111531, -0.008852797077196295286, -0.3699999999999999956 ) ) ;
#4534 = LINE ( 'NONE', #3380, #3238 ) ;
#4535 = CARTESIAN_POINT ( 'NONE',  ( 0.1598995207233224469, 0.1593138183455969359, -0.3699999999999999956 ) ) ;
#4536 = ORIENTED_EDGE ( 'NONE', *, *, #3639, .F. ) ;
#4537 = FILL_AREA_STYLE ('',( #3757 ) ) ;
#4538 = CARTESIAN_POINT ( 'NONE',  ( 0.1608836066567985446, -0.1149503580528060537, -0.3699999999999999956 ) ) ;
#4539 = FILL_AREA_STYLE_COLOUR ( '', #3111 ) ;
#4540 =( LENGTH_UNIT ( ) NAMED_UNIT ( * ) SI_UNIT ( .MILLI., .METRE. ) );
#4541 = EDGE_LOOP ( 'NONE', ( #3610, #4390 ) ) ;
#4542 = SURFACE_SIDE_STYLE ('',( #1227 ) ) ;
#4543 = DIRECTION ( 'NONE',  ( -0.000000000000000000, -1.000000000000000000, -0.000000000000000000 ) ) ;
#4544 = SURFACE_SIDE_STYLE ('',( #4512 ) ) ;
#4545 =( NAMED_UNIT ( * ) PLANE_ANGLE_UNIT ( ) SI_UNIT ( $, .RADIAN. ) );
#4546 = UNCERTAINTY_MEASURE_WITH_UNIT (LENGTH_MEASURE( 1.000000000000000082E-05 ), #13, 'distance_accuracy_value', 'NONE');
#4547 = CARTESIAN_POINT ( 'NONE',  ( -0.1356293506602746501, -0.1442186507357328673, -0.3699999999999999956 ) ) ;
#4548 = MECHANICAL_DESIGN_GEOMETRIC_PRESENTATION_REPRESENTATION (  '', ( #1528 ), #2760 ) ;
#4549 = CARTESIAN_POINT ( 'NONE',  ( -0.5850005396846648109, 0.09815939804475490305, -0.3699999999999999956 ) ) ;
#4550 = FILL_AREA_STYLE_COLOUR ( '', #1936 ) ;
#4551 = DIRECTION ( 'NONE',  ( 0.000000000000000000, -1.000000000000000000, 0.000000000000000000 ) ) ;
#4552 = DIRECTION ( 'NONE',  ( 0.000000000000000000, -1.000000000000000000, 0.000000000000000000 ) ) ;
#4553 = ORIENTED_EDGE ( 'NONE', *, *, #4842, .F. ) ;
#4554 = SURFACE_STYLE_FILL_AREA ( #4527 ) ;
#4555 = CARTESIAN_POINT ( 'NONE',  ( 0.08388284446167661168, -0.09574304097963531879, -0.3599999999999999867 ) ) ;
#4556 = ORIENTED_EDGE ( 'NONE', *, *, #645, .F. ) ;
#4557 = B_SPLINE_CURVE_WITH_KNOTS ( 'NONE', 3,
 ( #862, #2422, #1639, #2115, #4447, #2840, #3971, #458, #1330, #3585, #2009 ),
 .UNSPECIFIED., .F., .F.,
 ( 4, 1, 1, 1, 1, 1, 1, 1, 4 ),
 ( 0.000000000000000000, 0.1124483899088008915, 0.2265276752126775817, 0.3444019493260279674, 0.4658649724874582843, 0.5916594493521163400, 0.7221684870248873400, 0.8586063875549263535, 1.000000000000000000 ),
 .UNSPECIFIED. ) ;
#4558 = DIRECTION ( 'NONE',  ( 0.000000000000000000, -0.08715574274765837404, -0.9961946980917455452 ) ) ;
#4559 = ADVANCED_FACE ( 'NONE', ( #2616 ), #1913, .T. ) ;
#4560 = CARTESIAN_POINT ( 'NONE',  ( 0.2411336351349273044, 0.1350043760190603459, -0.3599999999999998201 ) ) ;
#4561 = EDGE_CURVE ( 'NONE', #4465, #4757, #4254, .T. ) ;
#4562 = DIRECTION ( 'NONE',  ( 0.000000000000000000, 0.000000000000000000, -1.000000000000000000 ) ) ;
#4563 = FILL_AREA_STYLE_COLOUR ( '', #1985 ) ;
#4564 =( LENGTH_UNIT ( ) NAMED_UNIT ( * ) SI_UNIT ( .MILLI., .METRE. ) );
#4565 = SURFACE_STYLE_FILL_AREA ( #4589 ) ;
#4566 = COLOUR_RGB ( '',0.000000000000000000, 0.000000000000000000, 0.000000000000000000 ) ;
#4567 = DIRECTION ( 'NONE',  ( 0.000000000000000000, 0.000000000000000000, 1.000000000000000000 ) ) ;
#4568 = EDGE_LOOP ( 'NONE', ( #2774, #4696, #2693, #129 ) ) ;
#4569 = VECTOR ( 'NONE', #4596, 1000.000000000000000 ) ;
#4570 = UNCERTAINTY_MEASURE_WITH_UNIT (LENGTH_MEASURE( 1.000000000000000082E-05 ), #4635, 'distance_accuracy_value', 'NONE');
#4571 = CARTESIAN_POINT ( 'NONE',  ( -2.705000000000000071, 1.674999999999998934, 0.000000000000000000 ) ) ;
#4572 = VECTOR ( 'NONE', #3803, 1000.000000000000000 ) ;
#4573 = PRESENTATION_LAYER_ASSIGNMENT (  '', '', ( #4903 ) ) ;
#4574 = SURFACE_STYLE_USAGE ( .BOTH. , #2323 ) ;
#4575 = DIRECTION ( 'NONE',  ( 0.000000000000000000, 0.000000000000000000, -1.000000000000000000 ) ) ;
#4576 = SURFACE_SIDE_STYLE ('',( #3022 ) ) ;
#4577 = ORIENTED_EDGE ( 'NONE', *, *, #2575, .F. ) ;
#4578 = CARTESIAN_POINT ( 'NONE',  ( -0.3936091582512195042, 0.03517917711934805125, -0.3699999999999999956 ) ) ;
#4579 = VECTOR ( 'NONE', #3555, 1000.000000000000114 ) ;
#4580 = DIRECTION ( 'NONE',  ( -0.000000000000000000, -1.000000000000000000, -0.000000000000000000 ) ) ;
#4581 = B_SPLINE_SURFACE_WITH_KNOTS ( 'NONE', 3, 1, ( 
 ( #1108, #637 ),
 ( #3804, #4535 ),
 ( #3753, #2657 ),
 ( #1475, #2604 ),
 ( #4216, #292 ),
 ( #1875, #1450 ),
 ( #1835, #670 ),
 ( #4560, #1922 ),
 ( #3407, #2245 ),
 ( #741, #3780 ),
 ( #1063, #272 ),
 ( #4988, #716 ),
 ( #2280, #3825 ),
 ( #317, #1903 ),
 ( #3436, #1521 ),
 ( #2428, #2824 ),
 ( #2353, #4677 ),
 ( #4755, #2747 ),
 ( #2333, #4301 ) ),
 .UNSPECIFIED., .F., .F., .F.,
 ( 4, 1, 1, 1, 1, 1, 1, 1, 1, 1, 1, 1, 1, 1, 1, 1, 4 ),
 ( 2, 2 ),
 ( 0.000000000000000000, 0.06557285876884666465, 0.1286375491712636876, 0.1899670994687379100, 0.2496399705098295563, 0.3088827894211623182, 0.3682655712685546368, 0.4279206039524853233, 0.4891389885406843829, 0.5505764718906975830, 0.6112622848269078091, 0.6720952384570104687, 0.7336759061969432283, 0.7966358757824198999, 0.8617432844910952738, 0.9293562814246458803, 1.000000000000000000 ),
 ( 0.000000000000000000, 1.000000000000000000 ),
 .UNSPECIFIED. ) ;
#4582 = CARTESIAN_POINT ( 'NONE',  ( -0.1283122774895428531, 0.1557813492642670938, -0.3599999999999999867 ) ) ;
#4583 = DIRECTION ( 'NONE',  ( -0.000000000000000000, 1.000000000000000000, 0.000000000000000000 ) ) ;
#4584 = FILL_AREA_STYLE_COLOUR ( '', #3595 ) ;
#4585 = VECTOR ( 'NONE', #4740, 1000.000000000000000 ) ;
#4586 = CARTESIAN_POINT ( 'NONE',  ( -0.1941659360261283052, -0.1442186507357328673, -0.3599999999999999867 ) ) ;
#4587 = FILL_AREA_STYLE ('',( #1478 ) ) ;
#4588 = AXIS2_PLACEMENT_3D ( 'NONE', #3904, #2312, #3464 ) ;
#4589 = FILL_AREA_STYLE ('',( #4539 ) ) ;
#4590 = EDGE_CURVE ( 'NONE', #3236, #1329, #349, .T. ) ;
#4591 = EDGE_CURVE ( 'NONE', #4793, #446, #25, .T. ) ;
#4592 = PRESENTATION_LAYER_ASSIGNMENT (  '', '', ( #3923 ) ) ;
#4593 =( GEOMETRIC_REPRESENTATION_CONTEXT ( 3 ) GLOBAL_UNCERTAINTY_ASSIGNED_CONTEXT ( ( #554 ) ) GLOBAL_UNIT_ASSIGNED_CONTEXT ( ( #56, #1346, #3680 ) ) REPRESENTATION_CONTEXT ( 'NONE', 'WORKASPACE' ) );
#4594 = EDGE_CURVE ( 'NONE', #2511, #3661, #2359, .T. ) ;
#4595 =( NAMED_UNIT ( * ) SI_UNIT ( $, .STERADIAN. ) SOLID_ANGLE_UNIT ( ) );
#4596 = DIRECTION ( 'NONE',  ( 0.000000000000000000, 1.000000000000000000, 0.000000000000000000 ) ) ;
#4597 = SURFACE_STYLE_FILL_AREA ( #3325 ) ;
#4598 = CARTESIAN_POINT ( 'NONE',  ( -0.3774850109771598072, 0.07821495421578678053, -0.3699999999999999956 ) ) ;
#4599 = VECTOR ( 'NONE', #4812, 1000.000000000000000 ) ;
#4600 = FILL_AREA_STYLE ('',( #242 ) ) ;
#4601 = FILL_AREA_STYLE_COLOUR ( '', #498 ) ;
#4602 = ORIENTED_EDGE ( 'NONE', *, *, #1878, .F. ) ;
#4603 =( LENGTH_UNIT ( ) NAMED_UNIT ( * ) SI_UNIT ( .MILLI., .METRE. ) );
#4604 = CARTESIAN_POINT ( 'NONE',  ( 0.08664054350032754370, -0.09729630723304658058, -0.3599999999999999867 ) ) ;
#4605 = CARTESIAN_POINT ( 'NONE',  ( -0.4184729970146141564, -0.06691773098428886735, -0.3699999999999999956 ) ) ;
#4606 = CARTESIAN_POINT ( 'NONE',  ( 0.1109803029881593350, -0.1405473097442303532, -0.3699999999999999956 ) ) ;
#4607 = CARTESIAN_POINT ( 'NONE',  ( 0.3070535761689936471, 0.0001220504837793170202, -0.3699999999999999956 ) ) ;
#4608 = FACE_OUTER_BOUND ( 'NONE', #3943, .T. ) ;
#4609 = ORIENTED_EDGE ( 'NONE', *, *, #5043, .T. ) ;
#4610 = LINE ( 'NONE', #2283, #3984 ) ;
#4611 = ORIENTED_EDGE ( 'NONE', *, *, #1030, .F. ) ;
#4612 = VECTOR ( 'NONE', #134, 1000.000000000000000 ) ;
#4613 = CARTESIAN_POINT ( 'NONE',  ( 0.1354085993080318684, 0.1253982272896367045, -0.3599999999999999867 ) ) ;
#4614 = PRESENTATION_STYLE_ASSIGNMENT (( #351 ) ) ;
#4615 = SURFACE_STYLE_USAGE ( .BOTH. , #4544 ) ;
#4616 = SURFACE_STYLE_USAGE ( .BOTH. , #684 ) ;
#4617 = CARTESIAN_POINT ( 'NONE',  ( -0.3248871435699927090, -0.1386331216251033560, -0.3599999999999998757 ) ) ;
#4618 = LINE ( 'NONE', #4998, #973 ) ;
#4619 =( NAMED_UNIT ( * ) PLANE_ANGLE_UNIT ( ) SI_UNIT ( $, .RADIAN. ) );
#4620 = EDGE_CURVE ( 'NONE', #161, #4899, #1022, .T. ) ;
#4621 = DIRECTION ( 'NONE',  ( 0.000000000000000000, 0.000000000000000000, -1.000000000000000000 ) ) ;
#4622 = EDGE_LOOP ( 'NONE', ( #1666, #872, #2204, #2565, #2019, #888 ) ) ;
#4623 = CARTESIAN_POINT ( 'NONE',  ( -0.3109921813589765494, 0.1535879454921497411, -0.3599999999999999867 ) ) ;
#4624 = SURFACE_SIDE_STYLE ('',( #4554 ) ) ;
#4625 =( GEOMETRIC_REPRESENTATION_CONTEXT ( 3 ) GLOBAL_UNCERTAINTY_ASSIGNED_CONTEXT ( ( #2174 ) ) GLOBAL_UNIT_ASSIGNED_CONTEXT ( ( #2099, #4010, #2871 ) ) REPRESENTATION_CONTEXT ( 'NONE', 'WORKASPACE' ) );
#4626 = CARTESIAN_POINT ( 'NONE',  ( 0.2923939255803769122, -0.07318948680172249199, -0.3699999999999999956 ) ) ;
#4627 = PLANE ( 'NONE',  #1324 ) ;
#4628 = CARTESIAN_POINT ( 'NONE',  ( -0.3833620352128393471, -0.05247482224957597530, -0.3599999999999999867 ) ) ;
#4629 = ORIENTED_EDGE ( 'NONE', *, *, #2919, .F. ) ;
#4630 = CARTESIAN_POINT ( 'NONE',  ( -0.2786552652944209174, 0.1228545199959744372, -0.3599999999999999867 ) ) ;
#4631 =( NAMED_UNIT ( * ) SI_UNIT ( $, .STERADIAN. ) SOLID_ANGLE_UNIT ( ) );
#4632 = CARTESIAN_POINT ( 'NONE',  ( 0.1174194052077093958, 0.1217988941494188154, -0.3599999999999999867 ) ) ;
#4633 = SURFACE_STYLE_FILL_AREA ( #1555 ) ;
#4634 = FILL_AREA_STYLE ('',( #4310 ) ) ;
#4635 =( LENGTH_UNIT ( ) NAMED_UNIT ( * ) SI_UNIT ( .MILLI., .METRE. ) );
#4636 = VECTOR ( 'NONE', #822, 1000.000000000000000 ) ;
#4637 = CARTESIAN_POINT ( 'NONE',  ( -0.6112391067578356596, 0.1557813492642670938, -0.3599999999999999867 ) ) ;
#4638 = LINE ( 'NONE', #1190, #3486 ) ;
#4639 = CARTESIAN_POINT ( 'NONE',  ( 0.4863218688519204691, -0.1442186507357328673, -0.3599999999999999867 ) ) ;
#4640 =( LENGTH_UNIT ( ) NAMED_UNIT ( * ) SI_UNIT ( .MILLI., .METRE. ) );
#4641 = ORIENTED_EDGE ( 'NONE', *, *, #3089, .T. ) ;
#4642 = AXIS2_PLACEMENT_3D ( 'NONE', #258, #1116, #1040 ) ;
#4643 = EDGE_CURVE ( 'NONE', #1674, #294, #4331, .T. ) ;
#4644 = VECTOR ( 'NONE', #4575, 1000.000000000000000 ) ;
#4645 = LINE ( 'NONE', #887, #4987 ) ;
#4646 = COLOUR_RGB ( '',0.2509803921568627416, 0.2509803921568627416, 0.2509803921568627416 ) ;
#4647 =( NAMED_UNIT ( * ) SI_UNIT ( $, .STERADIAN. ) SOLID_ANGLE_UNIT ( ) );
#4648 = EDGE_CURVE ( 'NONE', #1696, #3440, #2467, .T. ) ;
#4649 =( LENGTH_UNIT ( ) NAMED_UNIT ( * ) SI_UNIT ( .MILLI., .METRE. ) );
#4650 = FILL_AREA_STYLE ('',( #3139 ) ) ;
#4651 = FACE_OUTER_BOUND ( 'NONE', #470, .T. ) ;
#4652 = B_SPLINE_CURVE_WITH_KNOTS ( 'NONE', 3,
 ( #2328, #1613, #3875, #1585, #3156, #3560, #2742, #3136, #1968, #1174, #3185, #3944, #364, #1196, #4747, #3512, #4297, #2011, #5053 ),
 .UNSPECIFIED., .F., .F.,
 ( 4, 1, 1, 1, 1, 1, 1, 1, 1, 1, 1, 1, 1, 1, 1, 1, 4 ),
 ( 0.000000000000000000, 0.07377411937406347375, 0.1440791147260412630, 0.2113485183089114094, 0.2760768857398837040, 0.3385209158196765267, 0.3998851166931335355, 0.4602540674652130792, 0.5205889643912476883, 0.5802076845630441682, 0.6386329085525456195, 0.6963645494905237321, 0.7540017746600127246, 0.8128056813744977127, 0.8727544255255601513, 0.9351819969782668718, 1.000000000000000000 ),
 .UNSPECIFIED. ) ;
#4653 = ORIENTED_EDGE ( 'NONE', *, *, #284, .F. ) ;
#4654 = VECTOR ( 'NONE', #4790, 1000.000000000000000 ) ;
#4655 = CARTESIAN_POINT ( 'NONE',  ( -0.01489764334320145545, 0.02407403219109637352, -0.3699999999999999956 ) ) ;
#4656 = B_SPLINE_SURFACE_WITH_KNOTS ( 'NONE', 3, 1, ( 
 ( #378, #4288 ),
 ( #4257, #3172 ),
 ( #1527, #5071 ),
 ( #2782, #3082 ),
 ( #2713, #1187 ),
 ( #2319, #1579 ),
 ( #782, #3889 ),
 ( #4688, #2758 ),
 ( #800, #1599 ),
 ( #1209, #4334 ),
 ( #248, #605 ),
 ( #1031, #1006 ),
 ( #1830, #182 ),
 ( #2574, #3334 ),
 ( #3717, #2601 ),
 ( #4871, #4362 ),
 ( #1774, #1365 ),
 ( #4114, #1340 ),
 ( #4133, #1421 ) ),
 .UNSPECIFIED., .F., .F., .F.,
 ( 4, 1, 1, 1, 1, 1, 1, 1, 1, 1, 1, 1, 1, 1, 1, 1, 4 ),
 ( 2, 2 ),
 ( 0.000000000000000000, 0.07082657255516286443, 0.1381690332798000409, 0.2024753315338425896, 0.2639737544135197234, 0.3233803205980374518, 0.3817976227131853473, 0.4393900745193891622, 0.4969027245459973763, 0.5546621696093698706, 0.6127418784921973005, 0.6715388363911721781, 0.7316557220901981351, 0.7942978116139530753, 0.8594822049793584551, 0.9276813254527899177, 1.000000000000000000 ),
 ( 0.000000000000000000, 1.000000000000000000 ),
 .UNSPECIFIED. ) ;
#4657 = VECTOR ( 'NONE', #3177, 1000.000000000000000 ) ;
#4658 = PLANE ( 'NONE',  #2205 ) ;
#4659 =( NAMED_UNIT ( * ) PLANE_ANGLE_UNIT ( ) SI_UNIT ( $, .RADIAN. ) );
#4660 = DIRECTION ( 'NONE',  ( 0.000000000000000000, 0.000000000000000000, -1.000000000000000000 ) ) ;
#4661 = AXIS2_PLACEMENT_3D ( 'NONE', #1558, #411, #2392 ) ;
#4662 = AXIS2_PLACEMENT_3D ( 'NONE', #307, #281, #2668 ) ;
#4663 =( NAMED_UNIT ( * ) SI_UNIT ( $, .STERADIAN. ) SOLID_ANGLE_UNIT ( ) );
#4664 = FILL_AREA_STYLE_COLOUR ( '', #1871 ) ;
#4665 = CARTESIAN_POINT ( 'NONE',  ( 0.3066672104424770229, 0.01738160928729471505, -0.3599999999999999867 ) ) ;
#4666 =( NAMED_UNIT ( * ) PLANE_ANGLE_UNIT ( ) SI_UNIT ( $, .RADIAN. ) );
#4667 = LINE ( 'NONE', #1122, #2885 ) ;
#4668 = VERTEX_POINT ( 'NONE', #430 ) ;
#4669 = STYLED_ITEM ( 'NONE', ( #2864 ), #1692 ) ;
#4670 = VECTOR ( 'NONE', #4984, 1000.000000000000000 ) ;
#4671 = AXIS2_PLACEMENT_3D ( 'NONE', #1428, #2188, #1036 ) ;
#4672 = CARTESIAN_POINT ( 'NONE',  ( -0.2769974909041769684, -0.1112918214674401829, -0.3699999999999999956 ) ) ;
#4673 = EDGE_CURVE ( 'NONE', #30, #3614, #2000, .T. ) ;
#4674 = EDGE_CURVE ( 'NONE', #1101, #5090, #3961, .T. ) ;
#4675 = FILL_AREA_STYLE ('',( #1565 ) ) ;
#4676 = PLANE ( 'NONE',  #3726 ) ;
#4677 = CARTESIAN_POINT ( 'NONE',  ( 0.3066672104424770229, 0.01738160928729471505, -0.3699999999999999956 ) ) ;
#4678 = SURFACE_STYLE_FILL_AREA ( #368 ) ;
#4679 = EDGE_CURVE ( 'NONE', #3966, #1217, #855, .T. ) ;
#4680 = DIRECTION ( 'NONE',  ( -3.942553354492744024E-16, 1.000000000000000000, 0.000000000000000000 ) ) ;
#4681 = ORIENTED_EDGE ( 'NONE', *, *, #4734, .F. ) ;
#4682 = DIRECTION ( 'NONE',  ( -0.3635424856527064708, -0.9315776194850602376, 0.000000000000000000 ) ) ;
#4683 = CARTESIAN_POINT ( 'NONE',  ( -0.01489764334320145545, -0.1112918214674401829, -0.3699999999999999956 ) ) ;
#4684 = DIRECTION ( 'NONE',  ( -1.000000000000000000, -1.096538227545390183E-16, 0.000000000000000000 ) ) ;
#4685 = DIRECTION ( 'NONE',  ( 1.000000000000000000, -1.096538227545390183E-16, 0.000000000000000000 ) ) ;
#4686 = STYLED_ITEM ( 'NONE', ( #1163 ), #423 ) ;
#4687 = DIRECTION ( 'NONE',  ( -0.000000000000000000, 1.000000000000000000, 0.000000000000000000 ) ) ;
#4688 = CARTESIAN_POINT ( 'NONE',  ( -0.3469789212067190265, -0.09372345709736770725, -0.3599999999999999312 ) ) ;
#4689 = UNCERTAINTY_MEASURE_WITH_UNIT (LENGTH_MEASURE( 1.000000000000000082E-05 ), #2404, 'distance_accuracy_value', 'NONE');
#4690 = DIRECTION ( 'NONE',  ( 1.000000000000000000, -0.000000000000000000, 0.000000000000000000 ) ) ;
#4691 = SURFACE_STYLE_USAGE ( .BOTH. , #4290 ) ;
#4692 = CARTESIAN_POINT ( 'NONE',  ( 0.1861107637981004870, 0.1569521269146952891, -0.3599999999999999867 ) ) ;
#4693 = FACE_OUTER_BOUND ( 'NONE', #2048, .T. ) ;
#4694 = CARTESIAN_POINT ( 'NONE',  ( 2.149999999999999911, -0.4250000000000001554, -0.3699999999999999956 ) ) ;
#4695 = DIRECTION ( 'NONE',  ( 0.000000000000000000, 0.000000000000000000, -1.000000000000000000 ) ) ;
#4696 = ORIENTED_EDGE ( 'NONE', *, *, #234, .T. ) ;
#4697 = CARTESIAN_POINT ( 'NONE',  ( -0.3795703801435087454, 0.1255261934698293225, -0.3599999999999999867 ) ) ;
#4698 = DIRECTION ( 'NONE',  ( -1.000000000000000000, 0.000000000000000000, -0.000000000000000000 ) ) ;
#4699 = CARTESIAN_POINT ( 'NONE',  ( 0.1210802867319678011, -0.1432037646126414765, -0.3599999999999999867 ) ) ;
#4700 = ORIENTED_EDGE ( 'NONE', *, *, #3264, .F. ) ;
#4701 = DIRECTION ( 'NONE',  ( -0.000000000000000000, 0.000000000000000000, 1.000000000000000000 ) ) ;
#4702 = CARTESIAN_POINT ( 'NONE',  ( -0.4247706228476870183, -0.05328762837945356240, -0.3599999999999998757 ) ) ;
#4703 = ADVANCED_FACE ( 'NONE', ( #3915 ), #3415, .T. ) ;
#4704 = ADVANCED_FACE ( 'NONE', ( #2829 ), #1654, .T. ) ;
#4705 = CARTESIAN_POINT ( 'NONE',  ( 0.09185096131180757462, 0.1119358156204578458, -0.3599999999999999867 ) ) ;
#4706 = CARTESIAN_POINT ( 'NONE',  ( -0.5402406311480795198, -0.02714548000402552605, -0.3699999999999999956 ) ) ;
#4707 = CARTESIAN_POINT ( 'NONE',  ( -0.3397452170420304784, -0.1339558957061179612, -0.3699999999999999956 ) ) ;
#4708 = EDGE_CURVE ( 'NONE', #843, #3607, #2689, .T. ) ;
#4709 = CARTESIAN_POINT ( 'NONE',  ( 0.1608836066567985446, -0.1149503580528060537, -0.3599999999999999867 ) ) ;
#4710 = CARTESIAN_POINT ( 'NONE',  ( 0.000000000000000000, 0.1557813492642670938, -0.3599999999999999867 ) ) ;
#4711 = VERTEX_POINT ( 'NONE', #53 ) ;
#4712 = CARTESIAN_POINT ( 'NONE',  ( 0.2641343687046827093, 0.1158061972264109174, -0.3599999999999999867 ) ) ;
#4713 = SURFACE_SIDE_STYLE ('',( #3153 ) ) ;
#4714 = CARTESIAN_POINT ( 'NONE',  ( -0.5898023689529575675, 0.1191959834106085941, -0.3699999999999999956 ) ) ;
#4715 = FILL_AREA_STYLE_COLOUR ( '', #4433 ) ;
#4716 = ORIENTED_EDGE ( 'NONE', *, *, #284, .T. ) ;
#4717 =( GEOMETRIC_REPRESENTATION_CONTEXT ( 3 ) GLOBAL_UNCERTAINTY_ASSIGNED_CONTEXT ( ( #1073 ) ) GLOBAL_UNIT_ASSIGNED_CONTEXT ( ( #4737, #2033, #2523 ) ) REPRESENTATION_CONTEXT ( 'NONE', 'WORKASPACE' ) );
#4718 = SURFACE_SIDE_STYLE ('',( #3925 ) ) ;
#4719 = AXIS2_PLACEMENT_3D ( 'NONE', #1012, #5003, #340 ) ;
#4720 = ORIENTED_EDGE ( 'NONE', *, *, #2881, .T. ) ;
#4721 = DIRECTION ( 'NONE',  ( -1.000000000000000000, 0.000000000000000000, -0.000000000000000000 ) ) ;
#4722 = MECHANICAL_DESIGN_GEOMETRIC_PRESENTATION_REPRESENTATION (  '', ( #3171 ), #2953 ) ;
#4723 = MECHANICAL_DESIGN_GEOMETRIC_PRESENTATION_REPRESENTATION (  '', ( #390 ), #2956 ) ;
#4724 = ORIENTED_EDGE ( 'NONE', *, *, #444, .F. ) ;
#4725 = VECTOR ( 'NONE', #852, 1000.000000000000000 ) ;
#4726 = CARTESIAN_POINT ( 'NONE',  ( 0.1441835105908630676, 0.1593660694995462923, -0.3699999999999999956 ) ) ;
#4727 = CARTESIAN_POINT ( 'NONE',  ( 0.2665635550909634666, -0.01037269289478079219, -0.3699999999999999956 ) ) ;
#4728 = PLANE ( 'NONE',  #3866 ) ;
#4729 = CARTESIAN_POINT ( 'NONE',  ( -0.2788267591968598968, 0.1557813492642670938, -0.3699999999999999956 ) ) ;
#4730 = STYLED_ITEM ( 'NONE', ( #514 ), #2694 ) ;
#4731 = CARTESIAN_POINT ( 'NONE',  ( 0.1661749606119374556, 0.1262542437577869325, -0.3699999999999999956 ) ) ;
#4732 = CYLINDRICAL_SURFACE ( 'NONE', #2949, 0.1824730906783015028 ) ;
#4733 = EDGE_CURVE ( 'NONE', #4138, #4826, #4760, .T. ) ;
#4734 = EDGE_CURVE ( 'NONE', #2311, #1407, #1011, .T. ) ;
#4735 = DIRECTION ( 'NONE',  ( -1.000000000000000000, 1.096538227545390060E-16, -0.000000000000000000 ) ) ;
#4736 = VECTOR ( 'NONE', #293, 1000.000000000000000 ) ;
#4737 =( LENGTH_UNIT ( ) NAMED_UNIT ( * ) SI_UNIT ( .MILLI., .METRE. ) );
#4738 = EDGE_LOOP ( 'NONE', ( #3227, #3754, #4750, #1197, #4115, #732 ) ) ;
#4739 = VECTOR ( 'NONE', #2721, 1000.000000000000114 ) ;
#4740 = DIRECTION ( 'NONE',  ( -1.000000000000000000, 0.000000000000000000, 0.000000000000000000 ) ) ;
#4741 = LINE ( 'NONE', #858, #2139 ) ;
#4742 = EDGE_CURVE ( 'NONE', #1671, #2865, #2577, .T. ) ;
#4743 = DIRECTION ( 'NONE',  ( -0.000000000000000000, -1.000000000000000000, -0.000000000000000000 ) ) ;
#4744 = VECTOR ( 'NONE', #4445, 1000.000000000000000 ) ;
#4745 = VERTEX_POINT ( 'NONE', #4481 ) ;
#4746 = STYLED_ITEM ( 'NONE', ( #3956 ), #3705 ) ;
#4747 = CARTESIAN_POINT ( 'NONE',  ( 0.1938551448260234511, -0.1106969391237354605, -0.3599999999999999867 ) ) ;
#4748 = ORIENTED_EDGE ( 'NONE', *, *, #157, .F. ) ;
#4749 = CARTESIAN_POINT ( 'NONE',  ( 0.1608836066567985446, -0.1149503580528060537, -0.3599999999999999867 ) ) ;
#4750 = ORIENTED_EDGE ( 'NONE', *, *, #1245, .T. ) ;
#4751 =( GEOMETRIC_REPRESENTATION_CONTEXT ( 3 ) GLOBAL_UNCERTAINTY_ASSIGNED_CONTEXT ( ( #2912 ) ) GLOBAL_UNIT_ASSIGNED_CONTEXT ( ( #1434, #115, #1739 ) ) REPRESENTATION_CONTEXT ( 'NONE', 'WORKASPACE' ) );
#4752 = PRESENTATION_LAYER_ASSIGNMENT (  '', '', ( #1982 ) ) ;
#4753 = SURFACE_SIDE_STYLE ('',( #891 ) ) ;
#4754 = CARTESIAN_POINT ( 'NONE',  ( 3.250000000000000000, 1.675000000000000266, 0.000000000000000000 ) ) ;
#4755 = CARTESIAN_POINT ( 'NONE',  ( 0.3069229191324448491, 0.005958703816718434292, -0.3599999999999998201 ) ) ;
#4756 = CARTESIAN_POINT ( 'NONE',  ( -0.6844098384651525757, -0.1442186507357328673, -0.3699999999999999956 ) ) ;
#4757 = VERTEX_POINT ( 'NONE', #980 ) ;
#4758 = CARTESIAN_POINT ( 'NONE',  ( -0.2843383184167648237, 0.1556585016784924613, -0.3599999999999998757 ) ) ;
#4759 = DIRECTION ( 'NONE',  ( 0.000000000000000000, 0.000000000000000000, -1.000000000000000000 ) ) ;
#4760 = LINE ( 'NONE', #2212, #4323 ) ;
#4761 = DIRECTION ( 'NONE',  ( 1.000000000000000000, 0.000000000000000000, 0.000000000000000000 ) ) ;
#4762 =( NAMED_UNIT ( * ) SI_UNIT ( $, .STERADIAN. ) SOLID_ANGLE_UNIT ( ) );
#4763 =( LENGTH_UNIT ( ) NAMED_UNIT ( * ) SI_UNIT ( .MILLI., .METRE. ) );
#4764 = CARTESIAN_POINT ( 'NONE',  ( 0.2093858004155465247, 0.1136120887952457581, -0.3699999999999999956 ) ) ;
#4765 = CARTESIAN_POINT ( 'NONE',  ( 0.1293814737519952129, -0.1123981574320418453, -0.3599999999999999867 ) ) ;
#4766 = ORIENTED_EDGE ( 'NONE', *, *, #4531, .T. ) ;
#4767 =( NAMED_UNIT ( * ) PLANE_ANGLE_UNIT ( ) SI_UNIT ( $, .RADIAN. ) );
#4768 = CARTESIAN_POINT ( 'NONE',  ( 2.149999999999999911, 0.4250000000000001554, -0.3699999999999999956 ) ) ;
#4769 = ORIENTED_EDGE ( 'NONE', *, *, #2398, .F. ) ;
#4770 =( NAMED_UNIT ( * ) SI_UNIT ( $, .STERADIAN. ) SOLID_ANGLE_UNIT ( ) );
#4771 = VECTOR ( 'NONE', #2548, 1000.000000000000000 ) ;
#4772 = CARTESIAN_POINT ( 'NONE',  ( -0.7283122774895428586, -0.1442186507357328673, -0.3699999999999999956 ) ) ;
#4773 = ADVANCED_FACE ( 'NONE', ( #3699 ), #4060, .T. ) ;
#4774 = CARTESIAN_POINT ( 'NONE',  ( 0.1441835105908630676, 0.1593660694995462923, -0.3599999999999999867 ) ) ;
#4775 = ORIENTED_EDGE ( 'NONE', *, *, #1627, .T. ) ;
#4776 = CARTESIAN_POINT ( 'NONE',  ( 0.1501181069388438372, -0.1148090157112084536, -0.3599999999999999867 ) ) ;
#4777 = ORIENTED_EDGE ( 'NONE', *, *, #360, .F. ) ;
#4778 = EDGE_CURVE ( 'NONE', #2311, #1831, #669, .T. ) ;
#4779 = LINE ( 'NONE', #2379, #3819 ) ;
#4780 = DIRECTION ( 'NONE',  ( -1.953517427901809713E-16, 1.000000000000000000, -0.000000000000000000 ) ) ;
#4781 = ORIENTED_EDGE ( 'NONE', *, *, #711, .T. ) ;
#4782 = SURFACE_STYLE_FILL_AREA ( #2432 ) ;
#4783 = CARTESIAN_POINT ( 'NONE',  ( -0.4352754433037684945, 0.02562581536601655705, -0.3699999999999999956 ) ) ;
#4784 = FILL_AREA_STYLE_COLOUR ( '', #415 ) ;
#4785 = DIRECTION ( 'NONE',  ( 1.000000000000000000, 1.953517427901809960E-16, -0.000000000000000000 ) ) ;
#4786 = CARTESIAN_POINT ( 'NONE',  ( 0.08388284446167661168, 0.1073057395081695176, -0.3699999999999999956 ) ) ;
#4787 = CARTESIAN_POINT ( 'NONE',  ( 0.08654696015000426512, 0.1088537914056132427, -0.3599999999999999867 ) ) ;
#4788 = CARTESIAN_POINT ( 'NONE',  ( -2.955000000000000071, 2.220000000000000195, 0.000000000000000000 ) ) ;
#4789 = AXIS2_PLACEMENT_3D ( 'NONE', #2153, #3618, #1694 ) ;
#4790 = DIRECTION ( 'NONE',  ( 0.000000000000000000, 1.000000000000000000, 0.000000000000000000 ) ) ;
#4791 = CARTESIAN_POINT ( 'NONE',  ( 0.2597160033216770469, -0.04582832217890599191, -0.3699999999999999956 ) ) ;
#4792 = PLANE ( 'NONE',  #2679 ) ;
#4793 = VERTEX_POINT ( 'NONE', #2244 ) ;
#4794 =( NAMED_UNIT ( * ) PLANE_ANGLE_UNIT ( ) SI_UNIT ( $, .RADIAN. ) );
#4795 = SURFACE_STYLE_USAGE ( .BOTH. , #3627 ) ;
#4796 = DIRECTION ( 'NONE',  ( -0.000000000000000000, -0.000000000000000000, 1.000000000000000000 ) ) ;
#4797 =( NAMED_UNIT ( * ) SI_UNIT ( $, .STERADIAN. ) SOLID_ANGLE_UNIT ( ) );
#4798 = ORIENTED_EDGE ( 'NONE', *, *, #4440, .T. ) ;
#4799 = SURFACE_SIDE_STYLE ('',( #1296 ) ) ;
#4800 = CARTESIAN_POINT ( 'NONE',  ( 0.1246695539618508930, 0.1578888371043608296, -0.3599999999999999867 ) ) ;
#4801 = ORIENTED_EDGE ( 'NONE', *, *, #1160, .F. ) ;
#4802 = EDGE_LOOP ( 'NONE', ( #3643, #2222, #4107, #1570 ) ) ;
#4803 = PRESENTATION_LAYER_ASSIGNMENT (  '', '', ( #648 ) ) ;
#4804 = ADVANCED_FACE ( 'NONE', ( #1394 ), #1834, .T. ) ;
#4805 = EDGE_CURVE ( 'NONE', #2908, #4465, #3381, .T. ) ;
#4806 = MECHANICAL_DESIGN_GEOMETRIC_PRESENTATION_REPRESENTATION (  '', ( #3243 ), #968 ) ;
#4807 = B_SPLINE_CURVE_WITH_KNOTS ( 'NONE', 3,
 ( #1225, #1179, #3901, #868, #3192, #2799, #4324 ),
 .UNSPECIFIED., .F., .F.,
 ( 4, 1, 1, 1, 4 ),
 ( 0.000000000000000000, 0.1744817153170506174, 0.3982857591281120935, 0.6738978473986667606, 1.000000000000000000 ),
 .UNSPECIFIED. ) ;
#4808 = CARTESIAN_POINT ( 'NONE',  ( -0.2815177615356488916, -0.1111941087924034344, -0.3699999999999999956 ) ) ;
#4809 = UNCERTAINTY_MEASURE_WITH_UNIT (LENGTH_MEASURE( 1.000000000000000082E-05 ), #3359, 'distance_accuracy_value', 'NONE');
#4810 = VECTOR ( 'NONE', #686, 1000.000000000000000 ) ;
#4811 = UNCERTAINTY_MEASURE_WITH_UNIT (LENGTH_MEASURE( 1.000000000000000082E-05 ), #4763, 'distance_accuracy_value', 'NONE');
#4812 = DIRECTION ( 'NONE',  ( 0.000000000000000000, 1.000000000000000000, 0.000000000000000000 ) ) ;
#4813 = EDGE_CURVE ( 'NONE', #196, #4265, #558, .T. ) ;
#4814 = ORIENTED_EDGE ( 'NONE', *, *, #3924, .F. ) ;
#4815 = CARTESIAN_POINT ( 'NONE',  ( -0.3543044125856724125, 0.1405477875670739230, -0.3699999999999999956 ) ) ;
#4816 = STYLED_ITEM ( 'NONE', ( #2547 ), #4773 ) ;
#4817 = DIRECTION ( 'NONE',  ( 0.000000000000000000, 0.000000000000000000, -1.000000000000000000 ) ) ;
#4818 =( LENGTH_UNIT ( ) NAMED_UNIT ( * ) SI_UNIT ( .MILLI., .METRE. ) );
#4819 = DIRECTION ( 'NONE',  ( -0.000000000000000000, -1.000000000000000000, -0.000000000000000000 ) ) ;
#4820 = CARTESIAN_POINT ( 'NONE',  ( 0.09185096131180757462, 0.1119358156204578458, -0.3599999999999999867 ) ) ;
#4821 =( GEOMETRIC_REPRESENTATION_CONTEXT ( 3 ) GLOBAL_UNCERTAINTY_ASSIGNED_CONTEXT ( ( #3331 ) ) GLOBAL_UNIT_ASSIGNED_CONTEXT ( ( #2624, #1443, #4647 ) ) REPRESENTATION_CONTEXT ( 'NONE', 'WORKASPACE' ) );
#4822 = FILL_AREA_STYLE_COLOUR ( '', #4213 ) ;
#4823 = DIRECTION ( 'NONE',  ( -0.000000000000000000, 1.000000000000000000, 0.000000000000000000 ) ) ;
#4824 = VECTOR ( 'NONE', #3225, 1000.000000000000000 ) ;
#4825 = CARTESIAN_POINT ( 'NONE',  ( 0.08388284446167661168, -0.09574304097963531879, -0.3599999999999999867 ) ) ;
#4826 = VERTEX_POINT ( 'NONE', #5088 ) ;
#4827 = FILL_AREA_STYLE ('',( #1292 ) ) ;
#4828 =( LENGTH_UNIT ( ) NAMED_UNIT ( * ) SI_UNIT ( .MILLI., .METRE. ) );
#4829 = CARTESIAN_POINT ( 'NONE',  ( 0.2107731946276145130, -0.1424335812992550965, -0.3699999999999999956 ) ) ;
#4830 = EDGE_LOOP ( 'NONE', ( #1181, #4361, #2898, #4461, #4556 ) ) ;
#4831 = UNCERTAINTY_MEASURE_WITH_UNIT (LENGTH_MEASURE( 1.000000000000000082E-05 ), #4640, 'distance_accuracy_value', 'NONE');
#4832 = CARTESIAN_POINT ( 'NONE',  ( 0.1195532484959101888, -0.1102661430154575489, -0.3699999999999999956 ) ) ;
#4833 = CARTESIAN_POINT ( 'NONE',  ( -0.5894525442112205083, 0.1170597157241423381, -0.3599999999999999867 ) ) ;
#4834 = SURFACE_SIDE_STYLE ('',( #4076 ) ) ;
#4835 = ORIENTED_EDGE ( 'NONE', *, *, #2610, .T. ) ;
#4836 = MECHANICAL_DESIGN_GEOMETRIC_PRESENTATION_REPRESENTATION (  '', ( #5067 ), #2797 ) ;
#4837 =( NAMED_UNIT ( * ) SI_UNIT ( $, .STERADIAN. ) SOLID_ANGLE_UNIT ( ) );
#4838 = EDGE_LOOP ( 'NONE', ( #3259, #2612, #4890, #2327 ) ) ;
#4839 = VECTOR ( 'NONE', #401, 1000.000000000000000 ) ;
#4840 = DIRECTION ( 'NONE',  ( 0.9315776194850602376, -0.3635424856527064708, 0.000000000000000000 ) ) ;
#4841 = CARTESIAN_POINT ( 'NONE',  ( -0.3371600373284353025, -0.09914013664025703165, -0.3699999999999999956 ) ) ;
#4842 = EDGE_CURVE ( 'NONE', #2069, #843, #595, .T. ) ;
#4843 = ADVANCED_FACE ( 'NONE', ( #5007 ), #4986, .T. ) ;
#4844 =( GEOMETRIC_REPRESENTATION_CONTEXT ( 3 ) GLOBAL_UNCERTAINTY_ASSIGNED_CONTEXT ( ( #3745 ) ) GLOBAL_UNIT_ASSIGNED_CONTEXT ( ( #3652, #3729, #1734 ) ) REPRESENTATION_CONTEXT ( 'NONE', 'WORKASPACE' ) );
#4845 = FACE_OUTER_BOUND ( 'NONE', #4404, .T. ) ;
#4846 = DIRECTION ( 'NONE',  ( 0.000000000000000000, 0.000000000000000000, 1.000000000000000000 ) ) ;
#4847 = ORIENTED_EDGE ( 'NONE', *, *, #895, .F. ) ;
#4848 =( NAMED_UNIT ( * ) PLANE_ANGLE_UNIT ( ) SI_UNIT ( $, .RADIAN. ) );
#4849 = PRESENTATION_LAYER_ASSIGNMENT (  '', '', ( #3432 ) ) ;
#4850 = SURFACE_STYLE_FILL_AREA ( #3600 ) ;
#4851 = CARTESIAN_POINT ( 'NONE',  ( 0.1598995207233224469, 0.1593138183455969359, -0.3699999999999999956 ) ) ;
#4852 = EDGE_CURVE ( 'NONE', #843, #4235, #2351, .T. ) ;
#4853 = FILL_AREA_STYLE_COLOUR ( '', #4249 ) ;
#4854 = CARTESIAN_POINT ( 'NONE',  ( -0.01489764334320145545, -0.008852797077196295286, -0.3699999999999999956 ) ) ;
#4855 =( NAMED_UNIT ( * ) PLANE_ANGLE_UNIT ( ) SI_UNIT ( $, .RADIAN. ) );
#4856 = CARTESIAN_POINT ( 'NONE',  ( 0.1778214039253879775, 0.1245712948521536245, -0.3699999999999999956 ) ) ;
#4857 = SURFACE_SIDE_STYLE ('',( #4095 ) ) ;
#4858 = CARTESIAN_POINT ( 'NONE',  ( 2.955000000000000959, -2.220000000000000195, -0.3499999999999999778 ) ) ;
#4859 = ORIENTED_EDGE ( 'NONE', *, *, #4462, .T. ) ;
#4860 = LINE ( 'NONE', #1682, #67 ) ;
#4861 = CARTESIAN_POINT ( 'NONE',  ( 0.2355958888821589881, 0.09310087971301687915, -0.3599999999999999867 ) ) ;
#4862 = CARTESIAN_POINT ( 'NONE',  ( 0.1664285761689936749, -0.1478771873210987242, -0.3699999999999999956 ) ) ;
#4863 = ORIENTED_EDGE ( 'NONE', *, *, #1761, .F. ) ;
#4864 = CARTESIAN_POINT ( 'NONE',  ( -2.955000000000000071, -2.220000000000000195, 0.000000000000000000 ) ) ;
#4865 = FILL_AREA_STYLE_COLOUR ( '', #64 ) ;
#4866 = ORIENTED_EDGE ( 'NONE', *, *, #783, .T. ) ;
#4867 = CARTESIAN_POINT ( 'NONE',  ( 2.955000000000000959, -0.4250000000000003220, 0.000000000000000000 ) ) ;
#4868 = ORIENTED_EDGE ( 'NONE', *, *, #1344, .F. ) ;
#4869 = FACE_OUTER_BOUND ( 'NONE', #3859, .T. ) ;
#4870 = CARTESIAN_POINT ( 'NONE',  ( 0.2650783173411573324, 0.02941851072211622981, -0.3600000000000000422 ) ) ;
#4871 = CARTESIAN_POINT ( 'NONE',  ( -0.3936594711329887697, -0.01795309844892320830, -0.3599999999999999312 ) ) ;
#4872 = VERTEX_POINT ( 'NONE', #1085 ) ;
#4873 = CARTESIAN_POINT ( 'NONE',  ( -0.4296373147478410037, 0.05579224307623937423, -0.3699999999999999956 ) ) ;
#4874 = SURFACE_STYLE_USAGE ( .BOTH. , #3292 ) ;
#4875 = CARTESIAN_POINT ( 'NONE',  ( -0.5907741677334452657, 0.1191959834106085941, -0.3699999999999999956 ) ) ;
#4876 = LINE ( 'NONE', #1369, #4771 ) ;
#4877 = ORIENTED_EDGE ( 'NONE', *, *, #3475, .F. ) ;
#4878 = DIRECTION ( 'NONE',  ( 0.000000000000000000, -1.000000000000000000, 0.000000000000000000 ) ) ;
#4879 = EDGE_CURVE ( 'NONE', #4058, #4265, #2702, .T. ) ;
#4880 = VECTOR ( 'NONE', #1481, 1000.000000000000000 ) ;
#4881 = EDGE_CURVE ( 'NONE', #2894, #4711, #1543, .T. ) ;
#4882 =( NAMED_UNIT ( * ) PLANE_ANGLE_UNIT ( ) SI_UNIT ( $, .RADIAN. ) );
#4883 = ORIENTED_EDGE ( 'NONE', *, *, #871, .F. ) ;
#4884 = CARTESIAN_POINT ( 'NONE',  ( 0.1778214039253879775, 0.1245712948521536245, -0.3599999999999999867 ) ) ;
#4885 = CARTESIAN_POINT ( 'NONE',  ( 0.2482258414208625419, -0.1252885565774562726, -0.3699999999999999956 ) ) ;
#4886 = ORIENTED_EDGE ( 'NONE', *, *, #4879, .F. ) ;
#4887 = EDGE_CURVE ( 'NONE', #2938, #236, #1154, .T. ) ;
#4888 =( NAMED_UNIT ( * ) SI_UNIT ( $, .STERADIAN. ) SOLID_ANGLE_UNIT ( ) );
#4889 = SURFACE_STYLE_FILL_AREA ( #2381 ) ;
#4890 = ORIENTED_EDGE ( 'NONE', *, *, #3027, .T. ) ;
#4891 = UNCERTAINTY_MEASURE_WITH_UNIT (LENGTH_MEASURE( 1.000000000000000082E-05 ), #3913, 'distance_accuracy_value', 'NONE');
#4892 = MECHANICAL_DESIGN_GEOMETRIC_PRESENTATION_REPRESENTATION (  '', ( #969 ), #1467 ) ;
#4893 = CARTESIAN_POINT ( 'NONE',  ( 0.1778214039253879775, 0.1245712948521536245, -0.3699999999999999956 ) ) ;
#4894 = ORIENTED_EDGE ( 'NONE', *, *, #4492, .F. ) ;
#4895 = PLANE ( 'NONE',  #3420 ) ;
#4896 = MECHANICAL_DESIGN_GEOMETRIC_PRESENTATION_REPRESENTATION (  '', ( #296 ), #3730 ) ;
#4897 =( LENGTH_UNIT ( ) NAMED_UNIT ( * ) SI_UNIT ( .MILLI., .METRE. ) );
#4898 = DIRECTION ( 'NONE',  ( -0.000000000000000000, 1.000000000000000000, -0.000000000000000000 ) ) ;
#4899 = VERTEX_POINT ( 'NONE', #1501 ) ;
#4900 = MECHANICAL_DESIGN_GEOMETRIC_PRESENTATION_REPRESENTATION (  '', ( #2032 ), #4405 ) ;
#4901 = FACE_OUTER_BOUND ( 'NONE', #4802, .T. ) ;
#4902 = CARTESIAN_POINT ( 'NONE',  ( 0.2548103249818366445, 0.06462608135264470699, -0.3699999999999999956 ) ) ;
#4903 = STYLED_ITEM ( 'NONE', ( #226 ), #2819 ) ;
#4904 =( GEOMETRIC_REPRESENTATION_CONTEXT ( 3 ) GLOBAL_UNCERTAINTY_ASSIGNED_CONTEXT ( ( #4385 ) ) GLOBAL_UNIT_ASSIGNED_CONTEXT ( ( #3779, #3677, #1033 ) ) REPRESENTATION_CONTEXT ( 'NONE', 'WORKASPACE' ) );
#4905 =( NAMED_UNIT ( * ) PLANE_ANGLE_UNIT ( ) SI_UNIT ( $, .RADIAN. ) );
#4906 = VERTEX_POINT ( 'NONE', #3049 ) ;
#4907 =( GEOMETRIC_REPRESENTATION_CONTEXT ( 3 ) GLOBAL_UNCERTAINTY_ASSIGNED_CONTEXT ( ( #2597 ) ) GLOBAL_UNIT_ASSIGNED_CONTEXT ( ( #1795, #4519, #4837 ) ) REPRESENTATION_CONTEXT ( 'NONE', 'WORKASPACE' ) );
#4908 = FILL_AREA_STYLE ('',( #2564 ) ) ;
#4909 = ORIENTED_EDGE ( 'NONE', *, *, #3034, .T. ) ;
#4910 = CARTESIAN_POINT ( 'NONE',  ( -0.2757398689529575453, -0.1442186507357328673, -0.3699999999999999956 ) ) ;
#4911 = MECHANICAL_DESIGN_GEOMETRIC_PRESENTATION_REPRESENTATION (  '', ( #3750 ), #1562 ) ;
#4912 = EDGE_CURVE ( 'NONE', #4296, #3966, #2677, .T. ) ;
#4913 = ORIENTED_EDGE ( 'NONE', *, *, #3701, .T. ) ;
#4914 = LINE ( 'NONE', #3431, #3079 ) ;
#4915 = COLOUR_RGB ( '',0.2509803921568627416, 0.2509803921568627416, 0.2509803921568627416 ) ;
#4916 = CARTESIAN_POINT ( 'NONE',  ( 0.2429784658149145293, 0.08441194858005281187, -0.3699999999999999956 ) ) ;
#4917 = SURFACE_SIDE_STYLE ('',( #975 ) ) ;
#4918 = VERTEX_POINT ( 'NONE', #1902 ) ;
#4919 = VECTOR ( 'NONE', #4543, 1000.000000000000000 ) ;
#4920 = SURFACE_STYLE_FILL_AREA ( #1806 ) ;
#4921 = DIRECTION ( 'NONE',  ( 1.000000000000000000, 0.000000000000000000, 0.000000000000000000 ) ) ;
#4922 = MECHANICAL_DESIGN_GEOMETRIC_PRESENTATION_REPRESENTATION (  '', ( #4262 ), #251 ) ;
#4923 = STYLED_ITEM ( 'NONE', ( #265 ), #186 ) ;
#4924 = CARTESIAN_POINT ( 'NONE',  ( -0.7283122774895428586, -0.1442186507357328673, -0.3599999999999999867 ) ) ;
#4925 = ORIENTED_EDGE ( 'NONE', *, *, #4594, .F. ) ;
#4926 = PLANE ( 'NONE',  #4671 ) ;
#4927 = MECHANICAL_DESIGN_GEOMETRIC_PRESENTATION_REPRESENTATION (  '', ( #3432 ), #2724 ) ;
#4928 = CARTESIAN_POINT ( 'NONE',  ( 0.2505497879392727945, -0.06601062625796634553, -0.3699999999999999956 ) ) ;
#4929 = VECTOR ( 'NONE', #1144, 1000.000000000000114 ) ;
#4930 =( GEOMETRIC_REPRESENTATION_CONTEXT ( 3 ) GLOBAL_UNCERTAINTY_ASSIGNED_CONTEXT ( ( #2100 ) ) GLOBAL_UNIT_ASSIGNED_CONTEXT ( ( #3494, #4163, #3362 ) ) REPRESENTATION_CONTEXT ( 'NONE', 'WORKASPACE' ) );
#4931 = ORIENTED_EDGE ( 'NONE', *, *, #2497, .T. ) ;
#4932 = CARTESIAN_POINT ( 'NONE',  ( 2.333112642880053045, -1.737640255338846140, 0.7500000000000001110 ) ) ;
#4933 = UNCERTAINTY_MEASURE_WITH_UNIT (LENGTH_MEASURE( 1.000000000000000082E-05 ), #3232, 'distance_accuracy_value', 'NONE');
#4934 = LINE ( 'NONE', #3738, #3644 ) ;
#4935 = DIRECTION ( 'NONE',  ( -0.000000000000000000, -0.000000000000000000, 1.000000000000000000 ) ) ;
#4936 = UNCERTAINTY_MEASURE_WITH_UNIT (LENGTH_MEASURE( 1.000000000000000082E-05 ), #2968, 'distance_accuracy_value', 'NONE');
#4937 = VERTEX_POINT ( 'NONE', #2870 ) ;
#4938 = CARTESIAN_POINT ( 'NONE',  ( -0.2344098384651526479, 0.1228545199959744372, -0.3699999999999999956 ) ) ;
#4939 = ORIENTED_EDGE ( 'NONE', *, *, #2539, .T. ) ;
#4940 = CARTESIAN_POINT ( 'NONE',  ( -0.3671239027587649972, -0.1208544417235564994, -0.3699999999999999956 ) ) ;
#4941 = CARTESIAN_POINT ( 'NONE',  ( -2.955000000000000071, 1.050000000000000044, -0.3499999999999999778 ) ) ;
#4942 =( NAMED_UNIT ( * ) SI_UNIT ( $, .STERADIAN. ) SOLID_ANGLE_UNIT ( ) );
#4943 = CARTESIAN_POINT ( 'NONE',  ( 2.149999999999999911, -0.4250000000000001554, 0.000000000000000000 ) ) ;
#4944 = ORIENTED_EDGE ( 'NONE', *, *, #1723, .T. ) ;
#4945 = CARTESIAN_POINT ( 'NONE',  ( 0.1966983115935921900, -0.1456233357682783502, -0.3599999999999999867 ) ) ;
#4946 = CARTESIAN_POINT ( 'NONE',  ( 2.149999999999999911, 1.674999999999999822, -0.3499999999999999778 ) ) ;
#4947 = CARTESIAN_POINT ( 'NONE',  ( -2.705000000000000071, -1.674999999999998934, 0.000000000000000000 ) ) ;
#4948 = ORIENTED_EDGE ( 'NONE', *, *, #1687, .F. ) ;
#4949 =( NAMED_UNIT ( * ) PLANE_ANGLE_UNIT ( ) SI_UNIT ( $, .RADIAN. ) );
#4950 = PRESENTATION_STYLE_ASSIGNMENT (( #4227 ) ) ;
#4951 = CARTESIAN_POINT ( 'NONE',  ( 0.3326633322665546455, -0.1112918214674401829, -0.3699999999999999956 ) ) ;
#4952 = UNCERTAINTY_MEASURE_WITH_UNIT (LENGTH_MEASURE( 1.000000000000000082E-05 ), #4448, 'distance_accuracy_value', 'NONE');
#4953 = CARTESIAN_POINT ( 'NONE',  ( -0.5954045030992990428, 0.09815939804475490305, -0.3699999999999999956 ) ) ;
#4954 = LINE ( 'NONE', #728, #2697 ) ;
#4955 = CARTESIAN_POINT ( 'NONE',  ( -0.5850005396846648109, 0.09815939804475490305, -0.3699999999999999956 ) ) ;
#4956 =( NAMED_UNIT ( * ) SI_UNIT ( $, .STERADIAN. ) SOLID_ANGLE_UNIT ( ) );
#4957 = CARTESIAN_POINT ( 'NONE',  ( 2.149999999999999911, 0.000000000000000000, -0.3499999999999999778 ) ) ;
#4958 = ORIENTED_EDGE ( 'NONE', *, *, #937, .T. ) ;
#4959 = CARTESIAN_POINT ( 'NONE',  ( -0.3362656066868656146, 0.1118474941523986410, -0.3699999999999999956 ) ) ;
#4960 = EDGE_CURVE ( 'NONE', #396, #4088, #2822, .T. ) ;
#4961 = EDGE_CURVE ( 'NONE', #790, #1329, #2098, .T. ) ;
#4962 = CARTESIAN_POINT ( 'NONE',  ( 0.08388284446167661168, -0.09574304097963531879, -0.3699999999999999956 ) ) ;
#4963 = CARTESIAN_POINT ( 'NONE',  ( 0.1544454360758090450, -0.1477366452568213973, -0.3599999999999999867 ) ) ;
#4964 = DIRECTION ( 'NONE',  ( -1.953517427901809713E-16, 1.000000000000000000, -0.000000000000000000 ) ) ;
#4965 = DIRECTION ( 'NONE',  ( -1.000000000000000000, 0.000000000000000000, -0.000000000000000000 ) ) ;
#4966 = EDGE_CURVE ( 'NONE', #236, #4031, #4378, .T. ) ;
#4967 = CARTESIAN_POINT ( 'NONE',  ( 0.2690176314198517993, -0.1074499456535168845, -0.3599999999999999867 ) ) ;
#4968 = FACE_OUTER_BOUND ( 'NONE', #3194, .T. ) ;
#4969 = SURFACE_STYLE_USAGE ( .BOTH. , #1855 ) ;
#4970 = MECHANICAL_DESIGN_GEOMETRIC_PRESENTATION_REPRESENTATION (  '', ( #2275 ), #2277 ) ;
#4971 = FILL_AREA_STYLE_COLOUR ( '', #4160 ) ;
#4972 = COLOUR_RGB ( '',0.000000000000000000, 0.000000000000000000, 0.000000000000000000 ) ;
#4973 = AXIS2_PLACEMENT_3D ( 'NONE', #2297, #3847, #336 ) ;
#4974 = CARTESIAN_POINT ( 'NONE',  ( -0.5854539668636069560, 0.09952676144678354597, -0.3699999999999999956 ) ) ;
#4975 =( LENGTH_UNIT ( ) NAMED_UNIT ( * ) SI_UNIT ( .MILLI., .METRE. ) );
#4976 = FACE_OUTER_BOUND ( 'NONE', #5000, .T. ) ;
#4977 = VERTEX_POINT ( 'NONE', #2075 ) ;
#4978 = MECHANICAL_DESIGN_GEOMETRIC_PRESENTATION_REPRESENTATION (  '', ( #4413 ), #5055 ) ;
#4979 =( NAMED_UNIT ( * ) PLANE_ANGLE_UNIT ( ) SI_UNIT ( $, .RADIAN. ) );
#4980 = CARTESIAN_POINT ( 'NONE',  ( -0.3633409663330195438, 0.09436524096466546163, -0.3599999999999999867 ) ) ;
#4981 = CARTESIAN_POINT ( 'NONE',  ( 0.08388284446167661168, -0.09574304097963531879, -0.3699999999999999956 ) ) ;
#4982 = CARTESIAN_POINT ( 'NONE',  ( 0.2668096737299692767, 0.002580129752071980663, -0.3599999999999999867 ) ) ;
#4983 =( GEOMETRIC_REPRESENTATION_CONTEXT ( 3 ) GLOBAL_UNCERTAINTY_ASSIGNED_CONTEXT ( ( #3941 ) ) GLOBAL_UNIT_ASSIGNED_CONTEXT ( ( #2678, #2703, #4942 ) ) REPRESENTATION_CONTEXT ( 'NONE', 'WORKASPACE' ) );
#4984 = DIRECTION ( 'NONE',  ( 0.000000000000000000, 0.000000000000000000, -1.000000000000000000 ) ) ;
#4985 = SURFACE_STYLE_FILL_AREA ( #1500 ) ;
#4986 = PLANE ( 'NONE',  #3099 ) ;
#4987 = VECTOR ( 'NONE', #1357, 1000.000000000000000 ) ;
#4988 = CARTESIAN_POINT ( 'NONE',  ( 0.2830607314043689926, 0.09218325648412858953, -0.3599999999999998201 ) ) ;
#4989 =( LENGTH_UNIT ( ) NAMED_UNIT ( * ) SI_UNIT ( .MILLI., .METRE. ) );
#4990 = PRESENTATION_LAYER_ASSIGNMENT (  '', '', ( #1821 ) ) ;
#4991 = CARTESIAN_POINT ( 'NONE',  ( 0.3070535761689936471, 0.0001220504837793170202, -0.3599999999999999867 ) ) ;
#4992 =( NAMED_UNIT ( * ) SI_UNIT ( $, .STERADIAN. ) SOLID_ANGLE_UNIT ( ) );
#4993 = ORIENTED_EDGE ( 'NONE', *, *, #4879, .T. ) ;
#4994 = AXIS2_PLACEMENT_3D ( 'NONE', #4854, #4761, #4018 ) ;
#4995 = EDGE_CURVE ( 'NONE', #4757, #1360, #1198, .T. ) ;
#4996 = VECTOR ( 'NONE', #859, 1000.000000000000000 ) ;
#4997 = AXIS2_PLACEMENT_3D ( 'NONE', #4533, #978, #1850 ) ;
#4998 = CARTESIAN_POINT ( 'NONE',  ( 2.149999999999999911, -0.4250000000000001554, -0.3699999999999999956 ) ) ;
#4999 =( NAMED_UNIT ( * ) PLANE_ANGLE_UNIT ( ) SI_UNIT ( $, .RADIAN. ) );
#5000 = EDGE_LOOP ( 'NONE', ( #3681, #3630, #1619, #2666, #941, #2431, #1374, #2707, #1689, #1752, #3201, #3255 ) ) ;
#5001 = CARTESIAN_POINT ( 'NONE',  ( -0.3397452170420304784, -0.1339558957061179612, -0.3599999999999999867 ) ) ;
#5002 = VERTEX_POINT ( 'NONE', #3640 ) ;
#5003 = DIRECTION ( 'NONE',  ( 0.000000000000000000, 1.000000000000000000, 0.000000000000000000 ) ) ;
#5004 = CARTESIAN_POINT ( 'NONE',  ( -0.3034610030582222673, 0.1212588183141980747, -0.3699999999999999956 ) ) ;
#5005 = CARTESIAN_POINT ( 'NONE',  ( 0.08664054350032754370, -0.09729630723304658058, -0.3699999999999999956 ) ) ;
#5006 = DIRECTION ( 'NONE',  ( 1.000000000000000000, 0.000000000000000000, 0.000000000000000000 ) ) ;
#5007 = FACE_OUTER_BOUND ( 'NONE', #1758, .T. ) ;
#5008 = CARTESIAN_POINT ( 'NONE',  ( -0.01489764334320145545, -0.1112918214674401829, -0.3699999999999999956 ) ) ;
#5009 = CARTESIAN_POINT ( 'NONE',  ( -0.3642224492380368162, -0.07987519311996330029, -0.3599999999999999867 ) ) ;
#5010 = SURFACE_STYLE_FILL_AREA ( #2018 ) ;
#5011 = ORIENTED_EDGE ( 'NONE', *, *, #4674, .F. ) ;
#5012 = CARTESIAN_POINT ( 'NONE',  ( -0.4106648791155154132, -0.07962830409127695519, -0.3599999999999998757 ) ) ;
#5013 = CARTESIAN_POINT ( 'NONE',  ( -6.603776868775343306E-16, 1.674999999999998934, -0.3499999999999999778 ) ) ;
#5014 =( LENGTH_UNIT ( ) NAMED_UNIT ( * ) SI_UNIT ( .MILLI., .METRE. ) );
#5015 = EDGE_CURVE ( 'NONE', #1877, #3584, #3977, .T. ) ;
#5016 =( NAMED_UNIT ( * ) SI_UNIT ( $, .STERADIAN. ) SOLID_ANGLE_UNIT ( ) );
#5017 = ADVANCED_FACE ( 'NONE', ( #3538 ), #1693, .T. ) ;
#5018 = CARTESIAN_POINT ( 'NONE',  ( -0.01489764334320145545, -0.008852797077196295286, -0.3599999999999999867 ) ) ;
#5019 = FACE_OUTER_BOUND ( 'NONE', #2841, .T. ) ;
#5020 = EDGE_CURVE ( 'NONE', #4024, #1237, #2771, .T. ) ;
#5021 = PRODUCT_DEFINITION_FORMATION_WITH_SPECIFIED_SOURCE ( 'ÈÎºÎ', '', #2377, .NOT_KNOWN. ) ;
#5022 =( NAMED_UNIT ( * ) PLANE_ANGLE_UNIT ( ) SI_UNIT ( $, .RADIAN. ) );
#5023 = CARTESIAN_POINT ( 'NONE',  ( -0.5930557191006782247, 0.1068043197289153534, -0.3599999999999999867 ) ) ;
#5024 = ORIENTED_EDGE ( 'NONE', *, *, #4961, .T. ) ;
#5025 = VECTOR ( 'NONE', #372, 1000.000000000000000 ) ;
#5026 = CARTESIAN_POINT ( 'NONE',  ( 0.1608836066567985446, -0.1149503580528060537, -0.3699999999999999956 ) ) ;
#5027 = CARTESIAN_POINT ( 'NONE',  ( 0.000000000000000000, 0.000000000000000000, 0.7500000000000001110 ) ) ;
#5028 = CARTESIAN_POINT ( 'NONE',  ( 0.3069598116214524719, -0.005314389225277332471, -0.3699999999999999956 ) ) ;
#5029 = CARTESIAN_POINT ( 'NONE',  ( 0.000000000000000000, 0.000000000000000000, -0.3599999999999999867 ) ) ;
#5030 = SURFACE_STYLE_USAGE ( .BOTH. , #4244 ) ;
#5031 = CARTESIAN_POINT ( 'NONE',  ( -0.3953854482212502131, 0.008696745605730516609, -0.3599999999999999867 ) ) ;
#5032 = ORIENTED_EDGE ( 'NONE', *, *, #4522, .F. ) ;
#5033 = FILL_AREA_STYLE ('',( #1525 ) ) ;
#5034 = CARTESIAN_POINT ( 'NONE',  ( -0.3774850109771598072, 0.07821495421578678053, -0.3599999999999999867 ) ) ;
#5035 = CARTESIAN_POINT ( 'NONE',  ( -0.01489764334320145545, -0.1112918214674401829, -0.3699999999999999956 ) ) ;
#5036 = DIRECTION ( 'NONE',  ( 0.9961946980917455452, 1.946083704305606948E-16, 0.08715574274765836016 ) ) ;
#5037 = SURFACE_STYLE_FILL_AREA ( #752 ) ;
#5038 = DIRECTION ( 'NONE',  ( -0.000000000000000000, -0.000000000000000000, 1.000000000000000000 ) ) ;
#5039 = LINE ( 'NONE', #1556, #1483 ) ;
#5040 = PRESENTATION_STYLE_ASSIGNMENT (( #3788 ) ) ;
#5041 = VECTOR ( 'NONE', #3501, 1000.000000000000000 ) ;
#5042 = COLOUR_RGB ( '',0.000000000000000000, 0.000000000000000000, 0.000000000000000000 ) ;
#5043 = EDGE_CURVE ( 'NONE', #1809, #4487, #1257, .T. ) ;
#5044 = CARTESIAN_POINT ( 'NONE',  ( -2.955000000000000071, -2.220000000000000195, 0.000000000000000000 ) ) ;
#5045 = LINE ( 'NONE', #3530, #4657 ) ;
#5046 = PLANE ( 'NONE',  #4661 ) ;
#5047 = SURFACE_STYLE_FILL_AREA ( #1078 ) ;
#5048 = ORIENTED_EDGE ( 'NONE', *, *, #2735, .T. ) ;
#5049 = STYLED_ITEM ( 'NONE', ( #1730 ), #1246 ) ;
#5050 = VECTOR ( 'NONE', #4136, 1000.000000000000114 ) ;
#5051 = EDGE_CURVE ( 'NONE', #2790, #3187, #4779, .T. ) ;
#5052 = FILL_AREA_STYLE ('',( #4473 ) ) ;
#5053 = CARTESIAN_POINT ( 'NONE',  ( 0.1608836066567985446, -0.1149503580528060537, -0.3599999999999999867 ) ) ;
#5054 = MECHANICAL_DESIGN_GEOMETRIC_PRESENTATION_REPRESENTATION (  '', ( #2122 ), #3900 ) ;
#5055 =( GEOMETRIC_REPRESENTATION_CONTEXT ( 3 ) GLOBAL_UNCERTAINTY_ASSIGNED_CONTEXT ( ( #210 ) ) GLOBAL_UNIT_ASSIGNED_CONTEXT ( ( #4530, #2209, #2812 ) ) REPRESENTATION_CONTEXT ( 'NONE', 'WORKASPACE' ) );
#5056 = LINE ( 'NONE', #4496, #51 ) ;
#5057 = FILL_AREA_STYLE_COLOUR ( '', #4566 ) ;
#5058 = CARTESIAN_POINT ( 'NONE',  ( 0.3048745831034839204, -0.03147356978802472866, -0.3699999999999999956 ) ) ;
#5059 = VECTOR ( 'NONE', #4071, 1000.000000000000000 ) ;
#5060 = FILL_AREA_STYLE ('',( #82 ) ) ;
#5061 = CARTESIAN_POINT ( 'NONE',  ( -0.2815177615356488916, -0.1111941087924034344, -0.3599999999999999867 ) ) ;
#5062 = EDGE_LOOP ( 'NONE', ( #2740, #2890, #3308, #176, #2947, #2955 ) ) ;
#5063 = SURFACE_STYLE_USAGE ( .BOTH. , #371 ) ;
#5064 = CARTESIAN_POINT ( 'NONE',  ( -0.4355081904994810293, 0.003887939766020777170, -0.3599999999999998757 ) ) ;
#5065 = APPLICATION_CONTEXT ( 'automotive_design' ) ;
#5066 = CARTESIAN_POINT ( 'NONE',  ( -0.5887916961934460680, 0.1130241284782913663, -0.3599999999999999867 ) ) ;
#5067 = STYLED_ITEM ( 'NONE', ( #4283 ), #1992 ) ;
#5068 = SURFACE_SIDE_STYLE ('',( #374 ) ) ;
#5069 = CARTESIAN_POINT ( 'NONE',  ( -3.249999999999999112, -1.050000000000000044, 0.000000000000000000 ) ) ;
#5070 = CARTESIAN_POINT ( 'NONE',  ( -0.1283122774895428531, 0.1557813492642670938, -0.3699999999999999956 ) ) ;
#5071 = CARTESIAN_POINT ( 'NONE',  ( -0.2903359409389668633, -0.1110034901395172274, -0.3699999999999999956 ) ) ;
#5072 = AXIS2_PLACEMENT_3D ( 'NONE', #2605, #4562, #3016 ) ;
#5073 = MECHANICAL_DESIGN_GEOMETRIC_PRESENTATION_REPRESENTATION (  '', ( #4504 ), #1001 ) ;
#5074 = CARTESIAN_POINT ( 'NONE',  ( 0.3069229191324448491, 0.005958703816718434292, -0.3599999999999999867 ) ) ;
#5075 = DIRECTION ( 'NONE',  ( -1.000000000000000000, 0.000000000000000000, -0.000000000000000000 ) ) ;
#5076 = DIRECTION ( 'NONE',  ( 1.000000000000000000, 0.000000000000000000, 0.000000000000000000 ) ) ;
#5077 = CARTESIAN_POINT ( 'NONE',  ( -2.955000000000000071, -1.050000000000000044, -0.3499999999999999778 ) ) ;
#5078 = ORIENTED_EDGE ( 'NONE', *, *, #4648, .F. ) ;
#5079 = AXIS2_PLACEMENT_3D ( 'NONE', #1769, #4108, #3569 ) ;
#5080 = DIRECTION ( 'NONE',  ( -1.000000000000000000, 0.000000000000000000, 0.000000000000000000 ) ) ;
#5081 = STYLED_ITEM ( 'NONE', ( #1924 ), #1482 ) ;
#5082 = CARTESIAN_POINT ( 'NONE',  ( -0.3910568138838307339, 0.1162614829846664449, -0.3599999999999999867 ) ) ;
#5083 = CARTESIAN_POINT ( 'NONE',  ( -0.6112391067578356596, 0.1557813492642670938, -0.3699999999999999956 ) ) ;
#5084 = ORIENTED_EDGE ( 'NONE', *, *, #4119, .T. ) ;
#5085 = EDGE_CURVE ( 'NONE', #3428, #2488, #1645, .T. ) ;
#5086 = EDGE_CURVE ( 'NONE', #3552, #3180, #4008, .T. ) ;
#5087 = CARTESIAN_POINT ( 'NONE',  ( -0.5301224909041769573, -0.06007230927231824863, -0.3699999999999999956 ) ) ;
#5088 = CARTESIAN_POINT ( 'NONE',  ( -0.5301224909041769573, -0.06007230927231824863, -0.3599999999999999867 ) ) ;
#5089 = ORIENTED_EDGE ( 'NONE', *, *, #681, .F. ) ;
#5090 = VERTEX_POINT ( 'NONE', #1224 ) ;
ENDSEC;
END-ISO-10303-21;
