#VRML V2.0 utf8
# 3D model generated by easyeda2kicad.py (https://github.com/uPesy/easyeda2kicad.py)

Shape{
    appearance Appearance {
        material  Material 	{
            diffuseColor 0.6666666666666666 0.6666666666666666 0.6666666666666666
            specularColor 0.4666666666666667 0.4666666666666667 0.4666666666666667
            ambientIntensity 0.2
            transparency 0
            shininess 0.5
        }
    }
    geometry IndexedFaceSet {
        ccw TRUE
        solid FALSE
        coord DEF co Coordinate {
            point [
                1.866 -2.7624 1.0236, 1.866 -2.8982 1.0236, 1.927 -2.8982 1.0236, -0.9241 1.1024 1.0236, -2.874 1.1024 1.0236, -2.874 -0.8095 1.0236, 2.2705 -3.0055 1.0236, 2.319 -3.0055 1.0236, 2.319 -2.9618 1.0236, 2.2755 -2.9057 1.0236, 2.2602 -2.9116 1.0236, 2.2602 -2.9618 1.0236, 2.0734 -3.1593 1.0236, 2.0698 -3.158 1.0236, 2.0698 -3.16 1.0236, 2.106 -3.1597 1.0236, 2.1032 -3.16 1.0236, 2.1398 -3.16 1.0236, 2.172 -3.1892 1.0236, 2.1755 -3.1852 1.0236, 2.1755 -3.16 1.0236, 2.4392 -2.9156 1.0236, 2.4236 -2.8737 1.0236, 2.3674 -2.8737 1.0236, 2.4611 -2.9156 1.0236, 2.3674 -2.9618 1.0236, 2.874 -2.9618 1.0236, 2.874 -2.7611 1.0236, 2.4027 -2.7624 1.0236, 2.3674 -2.7611 1.0236, 2.3816 -2.7624 1.0236, 2.3674 -2.7997 1.0236, 2.3451 -2.9156 1.0236, 2.3232 -2.9156 1.0236, 2.3598 -2.8737 1.0236, 2.0698 -2.7611 1.0236, 2.0281 -2.7611 1.0236, 2.0317 -2.7614 1.0236, 2.048 -2.7661 1.0236, 2.048 -2.7868 1.0236, 2.0698 -2.9618 1.0236, 1.9944 -2.9176 1.0236, 1.9781 -2.9138 1.0236, 1.9401 -2.9618 1.0236, 2.0084 -2.9006 1.0236, 2.018 -2.9001 1.0236, 2.0454 -2.9106 1.0236, 2.0289 -2.916 1.0236, 2.0463 -2.7859 1.0236, 1.9542 -2.8466 1.0236, 1.9567 -2.8619 1.0236, 2.0349 -2.8964 1.0236, 2.048 -2.8903 1.0236, 2.048 -2.9093 1.0236, 2.0056 -2.9182 1.0236, 1.969 -2.7959 1.0236, 1.9616 -2.8066 1.0236, 1.9617 -2.8742 1.0236, 1.9691 -2.8844 1.0236, 1.9729 -2.8881 1.0236, 2.0119 -2.7777 1.0236, 2.0055 -2.778 1.0236, 1.9701 -2.7947 1.0236, 1.9922 -2.7806 1.0236, 1.9802 -2.7863 1.0236, 1.9565 -2.8198 1.0236, 1.954 -2.8407 1.0236, 1.9831 -2.895 1.0236, 1.9942 -2.899 1.0236, 1.9638 -2.9066 1.0236, 1.9529 -2.8973 1.0236, 1.9516 -2.8958 1.0236, 2.0307 -2.7799 1.0236, 1.9401 -2.7611 1.0236, 1.9443 -2.7969 1.0236, 1.9554 -2.7824 1.0236, 1.9588 -2.7791 1.0236, 1.9736 -2.7687 1.0236, 1.9896 -2.7625 1.0236, 1.9425 -2.8827 1.0236, 1.9401 -2.8767 1.0236, 1.9309 -2.9618 1.0236, 1.9309 -2.7611 1.0236, 1.937 -2.8139 1.0236, 1.9401 -2.8066 1.0236, 1.9363 -2.8667 1.0236, 1.9333 -2.8419 1.0236, 1.9335 -2.8339 1.0236, 2.2299 -3.0492 1.0236, 2.2498 -3.0492 1.0236, 2.2602 -3.16 1.0236, 2.1948 -3.1315 1.0236, 2.1972 -3.1405 1.0236, 2.1977 -3.1405 1.0236, 2.1755 -2.9618 1.0236, 2.1755 -3.0759 1.0236, 2.2001 -3.1316 1.0236, 2.1986 -3.1367 1.0236, 2.1448 -3.0492 1.0236, 2.1398 -2.9618 1.0236, 2.1755 -3.1274 1.0236, 2.1663 -3.0492 1.0236, 2.1871 -3.16 1.0236, 2.1877 -3.1584 1.0236, 2.1755 -3.1852 1.0236, 2.1793 -3.1783 1.0236, 2.1398 -3.2206 1.0236, 2.1487 -3.2086 1.0236, 2.1487 -3.1916 1.0236, 2.1755 -3.2068 1.0236, 2.1689 -3.2093 1.0236, 2.1755 -3.2206 1.0236, 2.1611 -3.2102 1.0236, 2.1569 -3.21 1.0236, 2.1596 -3.1938 1.0236, 2.1643 -3.1932 1.0236, 2.1685 -3.1916 1.0236, 2.2002 -3.1752 1.0236, 2.1915 -3.1921 1.0236, 2.2602 -3.2206 1.0236, 2.2062 -3.16 1.0236, 2.1845 -3.2005 1.0236, 2.1831 -3.2017 1.0236, 2.1764 -3.2064 1.0236, 2.1284 -3.1108 1.0236, 2.132 -3.1161 1.0236, 2.1296 -3.0702 1.0236, 2.1315 -3.1427 1.0236, 2.128 -3.1477 1.0236, 2.0676 -3.0605 1.0236, 2.0698 -3.0586 1.0236, 2.0733 -3.0554 1.0236, 2.0789 -3.0521 1.0236, 2.134 -3.1217 1.0236, 2.1348 -3.1289 1.0236, 2.1339 -3.1366 1.0236, 2.0894 -3.0483 1.0236, 2.1036 -3.0467 1.0236, 2.1296 -3.0516 1.0236, 2.1163 -3.0478 1.0236, 2.1225 -3.1526 1.0236, 2.1165 -3.156 1.0236, 2.1018 -3.0623 1.0236, 2.0961 -3.0627 1.0236, 2.0808 -3.077 1.0236, 2.0909 -3.0641 1.0236, 2.0866 -3.0664 1.0236, 2.081 -3.0796 1.0236, 2.0817 -3.0826 1.0236, 2.0831 -3.0852 1.0236, 2.085 -3.0872 1.0236, 2.0918 -3.0915 1.0236, 2.1148 -3.0639 1.0236, 2.1036 -3.0966 1.0236, 2.1257 -3.068 1.0236, 2.1111 -3.0996 1.0236, 2.1238 -3.1067 1.0236, 2.0837 -3.069 1.0236, 2.0821 -3.0714 1.0236, 2.0811 -3.074 1.0236, 1.9508 -3.1121 1.0236, 1.9546 -3.1066 1.0236, 1.9577 -3.0756 1.0236, 2.0609 -3.135 1.0236, 2.0349 -3.0882 1.0236, 2.0609 -3.1548 1.0236, 2.0349 -3.1587 1.0236, 2.0061 -3.1529 1.0236, 1.9994 -3.1573 1.0236, 2.0157 -3.1587 1.0236, 1.9921 -3.16 1.0236, 1.9401 -3.16 1.0236, 1.9502 -3.1446 1.0236, 1.9479 -3.1381 1.0236, 1.9628 -3.1571 1.0236, 1.9702 -3.1599 1.0236, 1.9706 -3.16 1.0236, 1.9605 -3.1015 1.0236, 1.9686 -3.0973 1.0236, 1.9697 -3.0678 1.0236, 1.9833 -3.0937 1.0236, 2.0 -3.063 1.0236, 1.9935 -3.0623 1.0236, 1.9817 -3.0636 1.0236, 1.9564 -3.1526 1.0236, 1.9542 -3.1505 1.0236, 1.947 -3.1294 1.0236, 1.9482 -3.1189 1.0236, 2.0157 -3.1417 1.0236, 2.0152 -3.1417 1.0236, 2.0122 -3.1464 1.0236, 1.9577 -3.0569 1.0236, 1.9617 -3.0546 1.0236, 1.976 -3.0491 1.0236, 2.0679 -3.1394 1.0236, 2.0698 -3.1401 1.0236, 2.0698 -3.0995 1.0236, 2.0618 -3.0719 1.0236, 2.0641 -3.0657 1.0236, 2.0263 -3.0586 1.0236, 2.0333 -3.0733 1.0236, 2.0618 -3.0862 1.0236, 1.9953 -3.0467 1.0236, 2.0066 -3.0477 1.0236, 2.0147 -3.0501 1.0236, 2.0157 -3.0891 1.0236, 2.015 -3.0806 1.0236, 2.0131 -3.0738 1.0236, 2.0108 -3.0698 1.0236, 2.0303 -3.0647 1.0236, 2.061 -3.0788 1.0236, 2.0212 -3.0537 1.0236, 2.0696 -3.0994 1.0236, 2.0665 -3.0961 1.0236, 2.064 -3.0921 1.0236, 2.0079 -3.0668 1.0236, 2.0045 -3.0646 1.0236, 2.0799 -3.144 1.0236, 2.0901 -3.1106 1.0236, 2.0786 -3.1053 1.0236, 2.0925 -3.1456 1.0236, 2.0933 -3.1456 1.0236, 2.1027 -3.1158 1.0236, 2.1032 -3.1445 1.0236, 2.1151 -3.1308 1.0236, 2.1149 -3.1284 1.0236, 2.1081 -3.1427 1.0236, 2.1099 -3.1416 1.0236, 2.1121 -3.1396 1.0236, 2.1137 -3.1372 1.0236, 2.1147 -3.1344 1.0236, 2.114 -3.1254 1.0236, 2.1126 -3.1228 1.0236, 2.1102 -3.1204 1.0236, 2.079 -3.16 1.0236, 2.0698 -3.2206 1.0236, 2.0906 -3.1612 1.0236, 2.1527 -3.1928 1.0236, 1.9817 -3.1612 1.0236, 1.9401 -3.2206 1.0236, 1.9916 -3.1601 1.0236, 1.5084 -2.7468 1.0236, 1.5294 -2.7611 1.0236, 1.7835 -2.7611 1.0236, 1.5541 -2.7779 1.0236, 1.5903 -2.8199 1.0236, 1.712 -2.9618 1.0236, 1.7835 -2.9618 1.0236, 1.7024 -2.9378 1.0236, 1.6802 -2.9069 1.0236, 1.6507 -2.8819 1.0236, 1.6129 -2.864 1.0236, 1.6182 -2.8658 1.0236, 1.454 -2.7267 1.0236, 1.7835 -0.8095 1.0236, 1.4059 -2.7213 1.0236, 1.3534 -2.7276 1.0236, 1.3031 -2.7466 1.0236, -0.9241 -0.8095 1.0236, 1.2796 -2.7611 1.0236, -0.9241 -2.7611 1.0236, 1.2752 -2.7638 1.0236, -0.9241 -2.9618 1.0236, 1.0286 -2.9618 1.0236, 1.0334 -2.9346 1.0236, 1.0508 -2.8954 1.0236, 1.077 -2.8618 1.0236, 1.1593 -2.8148 1.0236, 1.2023 -2.8095 1.0236, 1.2496 -2.7857 1.0236, 1.2148 -2.8102 1.0236, 1.2273 -2.8117 1.0236, 1.0843 -2.8549 1.0236, 1.119 -2.8305 1.0236, 1.1449 -3.1529 1.0236, 1.1055 -3.1337 1.0236, -0.9241 -3.16 1.0236, 1.0715 -3.1047 1.0236, 1.0467 -3.0692 1.0236, 1.0311 -3.0287 1.0236, 1.0258 -2.986 1.0236, 1.0261 -2.9756 1.0236, 1.1587 -3.157 1.0236, 1.1601 -3.16 1.0236, 1.1696 -3.1804 1.0236, 1.1858 -3.2004 1.0236, 1.3073 -3.2206 1.0236, 1.2886 -3.2278 1.0236, 1.7835 -3.4646 1.0236, 1.2622 -3.2311 1.0236, 1.258 -3.231 1.0236, -0.9241 -3.4646 1.0236, 1.2323 -3.227 1.0236, -0.9241 -3.2206 1.0236, 1.2171 -3.2206 1.0236, 1.2071 -3.2165 1.0236, 1.3642 -3.16 1.0236, 1.3641 -3.1604 1.0236, 1.7835 -3.2206 1.0236, 1.3512 -3.1847 1.0236, 1.3345 -3.2034 1.0236, 1.3128 -3.2185 1.0236, 1.5033 -3.0957 1.0236, 1.5108 -3.0927 1.0236, 1.5236 -3.0307 1.0236, 1.3439 -3.0492 1.0236, 1.4898 -2.9729 1.0236, 1.3248 -3.0318 1.0236, 1.3017 -3.0194 1.0236, 1.4966 -3.1004 1.0236, 1.7021 -3.08 1.0236, 1.6804 -3.1102 1.0236, 1.7835 -3.16 1.0236, 1.6527 -2.9982 1.0236, 1.6475 -2.9773 1.0236, 1.6392 -2.9618 1.0236, 1.0971 -2.9618 1.0236, 1.7158 -2.9711 1.0236, 1.7207 -3.0067 1.0236, 1.7158 -3.0456 1.0236, 1.5192 -3.0917 1.0236, 1.5203 -3.0917 1.0236, 1.5236 -3.0925 1.0236, 1.1036 -3.0273 1.0236, 1.1165 -3.0493 1.0236, 1.1718 -3.0606 1.0236, 1.136 -3.0694 1.0236, 1.1598 -3.084 1.0236, 1.2121 -3.0246 1.0236, 1.1898 -3.04 1.0236, 1.0944 -2.9838 1.0236, 1.0957 -3.0007 1.0236, 1.2361 -3.0154 1.0236, 1.2622 -3.0121 1.0236, 1.2754 -3.0129 1.0236, 1.6508 -3.1353 1.0236, 1.6176 -3.1515 1.0236, 1.5813 -3.1592 1.0236, 1.4855 -3.1254 1.0236, 1.4857 -3.1211 1.0236, 1.3711 -3.1113 1.0236, 1.4879 -3.1128 1.0236, 1.4921 -3.1054 1.0236, 1.6311 -3.0654 1.0236, 1.6431 -3.0484 1.0236, 1.6506 -3.029 1.0236, 1.6532 -3.0078 1.0236, 1.5171 -3.1592 1.0236, 1.5109 -3.1582 1.0236, 1.5037 -3.1554 1.0236, 1.4966 -3.1503 1.0236, 1.4941 -3.1478 1.0236, 1.4894 -3.1409 1.0236, 1.4865 -3.1335 1.0236, 1.3705 -3.1336 1.0236, 1.3711 -3.1222 1.0236, 1.5258 -3.0927 1.0236, 1.5748 -3.0927 1.0236, 1.5944 -3.089 1.0236, 1.6136 -3.0801 1.0236, 1.6297 -3.0669 1.0236, 1.536 -2.8573 1.0236, 1.5114 -2.828 1.0236, 1.2611 -2.8912 1.0236, 1.5088 -2.8255 1.0236, 1.4782 -2.8043 1.0236, 1.2777 -2.8568 1.0236, 1.2534 -2.887 1.0236, 1.229 -2.8781 1.0236, 1.6374 -2.9585 1.0236, 1.6249 -2.9445 1.0236, 1.5682 -2.9228 1.0236, 1.608 -2.9327 1.0236, 1.589 -2.9254 1.0236, 1.5595 -2.9228 1.0236, 1.5528 -2.8924 1.0236, 1.1651 -2.8819 1.0236, 1.1408 -2.8948 1.0236, 1.1919 -2.8755 1.0236, 1.1221 -2.9114 1.0236, 1.107 -2.9331 1.0236, 1.3022 -2.8276 1.0236, 1.444 -2.7912 1.0236, 1.3313 -2.8063 1.0236, 1.407 -2.7867 1.0236, 1.3669 -2.7918 1.0236, 1.2033 -2.8749 1.0236, 1.0977 -2.9574 1.0236, 2.2602 -2.7611 1.0236, 2.2602 -2.7661 1.0236, 2.319 -2.7611 1.0236, 2.2756 -2.7718 1.0236, 2.3066 -2.8014 1.0236, 2.3122 -2.8161 1.0236, 2.3147 -2.8371 1.0236, 2.2916 -2.7827 1.0236, 2.2971 -2.7881 1.0236, 2.3139 -2.8497 1.0236, 2.3097 -2.8672 1.0236, 2.3016 -2.8827 1.0236, 2.2916 -2.8942 1.0236, 2.1755 -2.7611 1.0236, 2.2337 -2.7624 1.0236, 2.2571 -2.765 1.0236, 2.258 -2.9125 1.0236, 2.2321 -2.9156 1.0236, 2.19 -2.9156 1.0236, 2.19 -2.7624 1.0236, 2.3494 -3.0055 1.0236, 2.3494 -3.0231 1.0236, 2.3529 -3.1412 1.0236, 2.3674 -3.16 1.0236, 2.3529 -3.1587 1.0236, 2.319 -3.16 1.0236, 2.2903 -3.0231 1.0236, 2.2903 -3.0721 1.0236, 2.319 -3.0231 1.0236, 2.319 -3.0721 1.0236, 2.3451 -3.0721 1.0236, 2.3451 -3.0897 1.0236, 2.319 -3.1412 1.0236, 2.319 -3.0897 1.0236, 2.2903 -3.1412 1.0236, 2.2903 -3.0897 1.0236, 2.319 -3.1587 1.0236, 2.2705 -3.1587 1.0236, 2.1576 -2.7624 1.0236, 2.1398 -2.7611 1.0236, 2.0984 -2.78 1.0236, 2.0984 -2.8291 1.0236, 2.1398 -2.78 1.0236, 2.1398 -2.8291 1.0236, 2.1576 -2.78 1.0236, 2.1532 -2.8291 1.0236, 2.161 -2.8982 1.0236, 2.1532 -2.8466 1.0236, 2.1398 -2.8982 1.0236, 2.1398 -2.8466 1.0236, 2.0984 -2.8982 1.0236, 2.0984 -2.8466 1.0236, 2.161 -2.9156 1.0236, 2.1398 -2.9156 1.0236, 2.0786 -2.9156 1.0236, 2.0786 -2.7624 1.0236, 2.1398 -2.7624 1.0236, 1.7835 1.1024 1.0236, 1.9309 1.1024 1.0236, 1.9309 -0.8095 1.0236, 1.9401 1.1024 1.0236, 1.9401 -0.8095 1.0236, 2.0698 1.1024 1.0236, 2.0698 -0.8095 1.0236, 2.1398 1.1024 1.0236, 2.1398 -0.8095 1.0236, 2.1755 1.1024 1.0236, 2.1755 -0.8095 1.0236, 2.2602 1.1024 1.0236, 2.2602 -0.8095 1.0236, 2.319 1.1024 1.0236, 2.319 -0.8095 1.0236, 2.3674 1.1024 1.0236, 2.3674 -0.8095 1.0236, 2.874 1.1024 1.0236, 2.874 -0.8095 1.0236, 2.001 -2.7611 1.0236, 2.0117 -2.7598 1.0236, 1.8462 -2.9156 1.0236, 1.8462 -2.7624 1.0236, 1.927 -2.9156 1.0236, 2.6154 -3.1168 1.0236, 2.5517 -3.1168 1.0236, 2.6311 -3.1587 1.0236, 2.5369 -3.1587 1.0236, 2.5058 -3.0928 1.0236, 2.5015 -3.1102 1.0236, 2.5151 -3.1587 1.0236, 2.874 -3.16 1.0236, 2.5946 -3.0055 1.0236, 2.5734 -3.0055 1.0236, 2.6529 -3.1587 1.0236, 2.4934 -3.1258 1.0236, 2.4835 -3.1372 1.0236, 2.4673 -3.1487 1.0236, 2.3818 -3.0055 1.0236, 2.3818 -3.1587 1.0236, 2.424 -3.1587 1.0236, 2.4498 -3.1555 1.0236, 2.5066 -3.0801 1.0236, 2.5041 -3.0591 1.0236, 2.4835 -3.0257 1.0236, 2.4889 -3.0311 1.0236, 2.4984 -3.0445 1.0236, 2.4255 -3.0055 1.0236, 2.4489 -3.008 1.0236, 2.4674 -3.0148 1.0236, 1.9286 -3.1412 1.0236, 1.9286 -3.1587 1.0236, 1.9309 -3.16 1.0236, 1.8462 -3.1587 1.0236, 1.9251 -3.0231 1.0236, 1.8462 -3.0055 1.0236, 1.9251 -3.0055 1.0236, 1.866 -3.0897 1.0236, 1.866 -3.1412 1.0236, 1.9208 -3.0897 1.0236, 1.9208 -3.0721 1.0236, 1.866 -3.0721 1.0236, 1.866 -3.0231 1.0236, 2.319 -3.2206 1.0236, 2.3674 -3.2206 1.0236, 2.874 -3.2206 1.0236, 1.9309 -3.2206 1.0236, 1.9309 -3.4646 1.0236, 1.9401 -3.4646 1.0236, 2.0698 -3.4646 1.0236, 2.1398 -3.4646 1.0236, 2.1755 -3.4646 1.0236, 2.2602 -3.4646 1.0236, 2.319 -3.4646 1.0236, 2.3674 -3.4646 1.0236, 2.874 -3.4646 1.0236, -2.874 -2.7611 1.0236, -2.874 -2.9618 1.0236, -2.874 -3.16 1.0236, -2.874 -3.2206 1.0236, -2.874 -3.4646 1.0236, -2.874 -3.4646 1.0236
            ]
        }
        coordIndex [
            0,1,2,-1,3,4,5,-1,6,7,8,-1,9,10,11,-1,12,13,14,-1,15,16,17,-1,18,19,20,-1,21,22,23,-1,24,21,25,-1,26,27,28,-1,28,27,29,-1,28,29,30,-1,30,29,31,-1,32,33,8,-1,21,23,25,-1,25,23,34,-1,25,34,32,-1,35,36,37,-1,37,38,35,-1,35,38,39,-1,35,39,40,-1,41,42,43,-1,39,44,45,-1,46,47,40,-1,48,49,39,-1,39,49,50,-1,45,51,39,-1,39,51,52,-1,39,52,40,-1,40,52,53,-1,40,53,46,-1,41,43,54,-1,48,55,56,-1,50,57,39,-1,39,57,58,-1,39,58,59,-1,60,61,62,-1,62,61,63,-1,62,63,64,-1,56,65,48,-1,48,65,66,-1,48,66,49,-1,59,67,39,-1,39,67,68,-1,39,68,44,-1,42,69,43,-1,43,69,70,-1,43,70,71,-1,55,48,62,-1,62,48,72,-1,62,72,60,-1,73,74,75,-1,75,76,73,-1,73,76,77,-1,73,77,78,-1,71,79,43,-1,43,79,80,-1,43,80,81,-1,82,83,73,-1,73,83,84,-1,73,84,74,-1,80,85,81,-1,81,85,86,-1,81,86,82,-1,82,86,87,-1,82,87,83,-1,88,89,11,-1,11,89,90,-1,91,92,93,-1,11,94,88,-1,88,94,95,-1,88,95,96,-1,96,95,91,-1,96,91,97,-1,97,91,93,-1,98,99,17,-1,98,17,100,-1,99,98,94,-1,94,98,101,-1,94,101,95,-1,17,20,100,-1,100,20,102,-1,100,102,103,-1,19,104,20,-1,20,104,105,-1,20,105,102,-1,106,107,108,-1,109,110,111,-1,111,110,112,-1,111,112,106,-1,106,112,113,-1,106,113,107,-1,114,115,20,-1,20,115,116,-1,20,116,18,-1,117,118,119,-1,117,119,120,-1,118,121,119,-1,119,121,122,-1,119,122,111,-1,111,122,123,-1,111,123,109,-1,124,125,126,-1,17,127,128,-1,129,130,40,-1,40,130,131,-1,40,131,132,-1,133,134,17,-1,17,134,135,-1,17,135,127,-1,132,136,40,-1,40,136,137,-1,40,137,99,-1,125,133,126,-1,126,133,17,-1,126,17,138,-1,138,17,99,-1,138,99,139,-1,139,99,137,-1,128,140,17,-1,17,140,141,-1,17,141,15,-1,142,143,144,-1,144,143,145,-1,144,145,146,-1,144,147,142,-1,142,147,148,-1,142,148,149,-1,149,150,142,-1,142,150,151,-1,142,151,152,-1,152,151,153,-1,152,153,154,-1,154,153,155,-1,154,155,126,-1,126,155,156,-1,126,156,124,-1,157,158,146,-1,146,158,159,-1,146,159,144,-1,160,161,162,-1,163,164,165,-1,165,164,166,-1,167,168,169,-1,169,168,170,-1,169,170,166,-1,171,172,173,-1,174,171,175,-1,175,171,176,-1,161,177,162,-1,162,177,178,-1,162,178,179,-1,179,178,180,-1,181,182,180,-1,180,182,183,-1,180,183,179,-1,174,184,171,-1,171,184,185,-1,171,185,172,-1,186,187,43,-1,188,189,169,-1,169,189,190,-1,169,190,167,-1,160,162,187,-1,187,162,191,-1,187,191,43,-1,43,191,192,-1,43,192,193,-1,194,195,196,-1,197,198,199,-1,200,164,201,-1,193,202,43,-1,43,202,203,-1,43,203,204,-1,205,206,180,-1,180,206,207,-1,180,207,208,-1,194,196,163,-1,199,209,197,-1,197,209,200,-1,197,200,210,-1,210,200,201,-1,47,54,40,-1,40,54,43,-1,40,43,129,-1,129,43,204,-1,129,204,198,-1,198,204,211,-1,198,211,199,-1,196,212,163,-1,163,212,213,-1,163,213,164,-1,164,213,214,-1,164,214,201,-1,208,215,180,-1,180,215,216,-1,180,216,181,-1,217,218,195,-1,195,218,219,-1,195,219,196,-1,217,220,218,-1,218,220,221,-1,218,221,222,-1,222,221,223,-1,222,224,225,-1,223,226,222,-1,222,226,227,-1,222,227,228,-1,228,229,222,-1,222,229,230,-1,222,230,224,-1,225,231,222,-1,222,231,232,-1,222,232,233,-1,12,14,234,-1,234,14,235,-1,234,235,236,-1,236,235,16,-1,16,235,106,-1,16,106,17,-1,17,106,108,-1,17,108,20,-1,20,108,237,-1,20,237,114,-1,238,239,240,-1,240,239,235,-1,240,235,170,-1,170,235,14,-1,170,14,166,-1,166,14,13,-1,166,13,165,-1,241,242,243,-1,243,242,244,-1,243,244,245,-1,246,247,248,-1,248,247,243,-1,248,243,249,-1,249,243,250,-1,245,251,243,-1,243,251,252,-1,243,252,250,-1,253,254,255,-1,255,254,256,-1,256,254,257,-1,257,254,258,-1,257,258,259,-1,259,258,260,-1,259,260,261,-1,260,262,263,-1,263,264,260,-1,260,264,265,-1,260,265,266,-1,260,267,261,-1,261,267,268,-1,261,268,269,-1,269,268,270,-1,269,270,271,-1,266,272,260,-1,260,272,273,-1,260,273,267,-1,274,275,276,-1,276,275,277,-1,276,277,278,-1,278,279,276,-1,276,279,280,-1,276,280,262,-1,262,280,281,-1,262,281,263,-1,282,274,283,-1,283,274,276,-1,283,276,284,-1,284,276,285,-1,286,287,288,-1,287,289,288,-1,288,289,290,-1,288,290,291,-1,291,290,292,-1,291,292,293,-1,293,292,294,-1,293,294,276,-1,276,294,295,-1,276,295,285,-1,296,297,298,-1,297,299,298,-1,298,299,300,-1,298,300,301,-1,302,303,304,-1,305,306,307,-1,307,306,308,-1,302,304,309,-1,310,311,312,-1,313,314,306,-1,306,314,315,-1,306,315,316,-1,246,317,247,-1,247,317,318,-1,247,318,312,-1,312,318,319,-1,312,319,310,-1,303,320,304,-1,304,320,321,-1,304,321,322,-1,323,324,325,-1,325,324,326,-1,325,326,327,-1,328,316,329,-1,329,316,330,-1,329,330,325,-1,325,330,331,-1,325,331,323,-1,328,332,316,-1,316,332,333,-1,316,333,306,-1,306,333,334,-1,306,334,308,-1,311,335,312,-1,312,335,336,-1,312,336,337,-1,338,339,340,-1,340,339,341,-1,340,341,304,-1,304,341,342,-1,304,342,309,-1,343,344,304,-1,304,344,345,-1,304,345,306,-1,306,345,346,-1,306,346,313,-1,347,348,296,-1,348,349,296,-1,296,349,350,-1,296,350,351,-1,351,352,296,-1,296,352,353,-1,296,353,354,-1,354,353,338,-1,354,338,355,-1,355,338,340,-1,322,356,304,-1,304,356,357,-1,304,357,358,-1,358,359,304,-1,304,359,360,-1,304,360,343,-1,361,362,363,-1,362,364,363,-1,363,364,365,-1,363,365,366,-1,315,363,316,-1,316,363,367,-1,316,367,368,-1,369,370,371,-1,371,370,372,-1,371,372,373,-1,369,371,315,-1,315,371,374,-1,315,374,363,-1,363,374,375,-1,363,375,361,-1,376,377,378,-1,378,377,379,-1,378,379,380,-1,366,365,381,-1,381,365,382,-1,381,382,383,-1,383,382,384,-1,383,384,385,-1,368,386,316,-1,316,386,378,-1,316,378,387,-1,387,378,380,-1,388,389,390,-1,390,389,391,-1,392,393,390,-1,390,393,394,-1,391,395,390,-1,390,395,396,-1,390,396,392,-1,397,398,8,-1,8,398,399,-1,8,399,400,-1,31,29,33,-1,33,29,390,-1,33,390,8,-1,8,390,394,-1,8,394,397,-1,401,402,388,-1,388,402,403,-1,388,403,389,-1,10,404,11,-1,11,404,405,-1,11,405,94,-1,94,405,406,-1,94,406,401,-1,401,406,407,-1,401,407,402,-1,32,8,25,-1,25,8,7,-1,25,7,408,-1,408,409,25,-1,25,409,410,-1,25,410,411,-1,411,410,412,-1,411,412,413,-1,414,415,416,-1,416,415,417,-1,416,417,409,-1,409,417,418,-1,409,418,410,-1,410,418,419,-1,410,419,420,-1,420,419,421,-1,420,421,422,-1,422,421,423,-1,412,424,413,-1,413,424,425,-1,413,425,90,-1,90,425,6,-1,90,6,11,-1,11,6,8,-1,11,8,9,-1,9,8,400,-1,426,401,427,-1,428,429,430,-1,430,429,431,-1,430,431,432,-1,432,431,433,-1,432,433,434,-1,434,433,435,-1,434,435,436,-1,436,435,437,-1,436,437,438,-1,438,437,439,-1,426,432,401,-1,401,432,434,-1,401,434,94,-1,94,434,440,-1,94,440,99,-1,99,440,441,-1,99,441,40,-1,40,441,442,-1,40,442,35,-1,35,442,443,-1,35,443,427,-1,427,443,444,-1,427,444,426,-1,3,258,445,-1,445,258,254,-1,445,254,446,-1,446,254,447,-1,446,447,448,-1,448,447,449,-1,448,449,450,-1,450,449,451,-1,450,451,452,-1,452,451,453,-1,452,453,454,-1,454,453,455,-1,454,455,456,-1,456,455,457,-1,456,457,458,-1,458,457,459,-1,458,459,460,-1,460,459,461,-1,460,461,462,-1,462,461,463,-1,464,465,449,-1,449,465,36,-1,449,36,451,-1,451,36,35,-1,451,35,453,-1,453,35,427,-1,453,427,455,-1,455,427,401,-1,455,401,457,-1,457,401,388,-1,457,388,459,-1,459,388,390,-1,459,390,461,-1,461,390,29,-1,461,29,463,-1,463,29,27,-1,253,241,254,-1,254,241,243,-1,254,243,447,-1,447,243,82,-1,447,82,449,-1,449,82,73,-1,449,73,464,-1,464,73,78,-1,466,467,243,-1,243,467,0,-1,243,0,82,-1,82,0,2,-1,82,2,81,-1,81,2,468,-1,81,468,247,-1,247,468,466,-1,247,466,243,-1,469,470,471,-1,471,470,472,-1,473,474,475,-1,476,26,477,-1,28,24,26,-1,26,24,25,-1,26,25,477,-1,477,25,478,-1,477,479,476,-1,476,479,471,-1,476,471,411,-1,411,471,472,-1,411,472,475,-1,474,480,475,-1,475,480,481,-1,475,481,482,-1,483,25,484,-1,484,25,411,-1,484,411,485,-1,485,411,475,-1,485,475,486,-1,486,475,482,-1,473,475,487,-1,487,475,478,-1,487,478,488,-1,489,490,478,-1,478,490,491,-1,478,491,488,-1,483,492,25,-1,25,492,493,-1,25,493,478,-1,478,493,494,-1,478,494,489,-1,495,496,497,-1,497,496,498,-1,497,498,312,-1,173,186,171,-1,171,186,43,-1,171,43,497,-1,497,43,81,-1,497,81,495,-1,495,81,499,-1,312,498,247,-1,247,498,500,-1,247,500,81,-1,81,500,501,-1,81,501,499,-1,502,503,504,-1,504,503,495,-1,504,495,505,-1,505,495,499,-1,505,499,506,-1,506,499,507,-1,89,120,90,-1,90,120,119,-1,90,119,413,-1,413,119,508,-1,413,508,411,-1,411,508,509,-1,411,509,476,-1,476,509,510,-1,238,176,239,-1,239,176,171,-1,239,171,511,-1,511,171,497,-1,511,497,298,-1,298,497,312,-1,298,312,296,-1,296,312,337,-1,296,337,347,-1,301,286,298,-1,298,286,288,-1,298,288,511,-1,511,288,512,-1,511,512,239,-1,239,512,513,-1,239,513,235,-1,235,513,514,-1,235,514,106,-1,106,514,515,-1,106,515,111,-1,111,515,516,-1,111,516,119,-1,119,516,517,-1,119,517,508,-1,508,517,518,-1,508,518,509,-1,509,518,519,-1,509,519,510,-1,510,519,520,-1,3,5,258,-1,258,5,521,-1,258,521,260,-1,260,521,522,-1,260,522,262,-1,262,522,523,-1,262,523,276,-1,276,523,524,-1,276,524,293,-1,293,524,525,-1,293,525,291,-1,
        ]
    }
}
Shape{
    appearance Appearance {
        material  Material 	{
            diffuseColor 0.20784313725490197 0.20784313725490197 0.20784313725490197
            specularColor 0.01568627450980392 0.01568627450980392 0.01568627450980392
            ambientIntensity 0.2
            transparency 0
            shininess 0.5
        }
    }
    geometry IndexedFaceSet {
        ccw TRUE
        solid FALSE
        coord DEF co Coordinate {
            point [
                3.3665 0.0748 0.4724, 3.3665 0.3504 0.4724, 2.9528 1.1024 0.4724, 3.5433 -0.0433 0.4724, 3.5433 0.0748 0.4724, 3.3665 -0.0433 0.4724, 3.3665 0.8622 0.4724, 3.3665 1.1378 0.4724, -3.5433 0.8622 0.4724, -3.5433 0.7441 0.4724, -3.3665 0.8622 0.4724, -3.3665 0.7441 0.4724, -3.3665 -1.1063 0.4724, -3.5433 -1.1063 0.4724, -3.5433 -1.2244 0.4724, 3.3665 0.7441 0.4724, 3.5433 0.7441 0.4724, 3.5433 0.8622 0.4724, 3.5433 1.5315 0.4724, 3.5433 1.8307 0.4724, 3.3665 1.5315 0.4724, 3.3665 1.8307 0.4724, -3.3665 -1.2244 0.4724, -3.3665 -1.5 0.4724, -2.9501 -3.4849 0.4724, -3.3665 -1.8937 0.4724, -3.5433 -1.8937 0.4724, -3.5433 -2.0118 0.4724, 3.3665 -2.0118 0.4724, 3.5433 -2.0118 0.4724, 3.5433 -1.8937 0.4724, 3.3665 0.4685 0.4724, 3.5433 0.4685 0.4724, 3.5433 0.3504 0.4724, -3.5433 2.2244 0.4724, -3.5433 2.1063 0.4724, -3.3665 2.2244 0.4724, -3.3665 2.1063 0.4724, -3.3665 -2.0118 0.4724, -3.3665 -2.2874 0.4724, -3.5433 3.4646 0.4724, -3.5433 2.5 0.4724, -3.3665 2.5 0.4724, -3.0709 3.937 0.4724, -0.8995 3.7962 0.4724, 3.5433 3.937 0.4724, 3.2467 3.7962 0.4724, 3.5433 2.1063 0.4724, 3.2467 2.3217 0.4724, 3.3665 2.1063 0.4724, 3.3665 1.2559 0.4724, 3.5433 1.2559 0.4724, 3.5433 1.1378 0.4724, -1.3658 2.788 0.4724, 2.8686 2.788 0.4724, 2.8686 3.3299 0.4724, -3.5433 1.8307 0.4724, -3.5433 1.7126 0.4724, -3.3665 1.8307 0.4724, -3.3665 1.7126 0.4724, -3.3665 0.0748 0.4724, -2.9528 -3.4646 0.4724, -3.3665 0.3504 0.4724, -3.3665 0.4685 0.4724, -3.5433 0.3504 0.4724, -3.5433 0.4685 0.4724, -3.3665 -1.6181 0.4724, -3.5433 -1.6181 0.4724, -3.5433 -1.5 0.4724, 3.3665 -1.2244 0.4724, 3.5433 -1.2244 0.4724, 3.5433 -1.1063 0.4724, -3.3071 3.8737 0.4724, -3.4049 3.7986 0.4724, -3.0118 3.4449 0.4724, -3.48 3.7008 0.4724, -3.5272 3.5868 0.4724, -3.0118 2.5787 0.4724, -2.1457 2.5787 0.4724, -0.8995 3.3299 0.4724, -2.1457 3.4449 0.4724, -3.1931 3.9209 0.4724, -3.3665 -0.3189 0.4724, -3.5433 -0.3189 0.4724, -3.5433 -0.437 0.4724, 2.9528 -3.4646 0.4724, 3.3665 -0.3189 0.4724, 2.8944 1.1784 0.4724, 2.9134 1.1706 0.4724, -1.3658 2.3217 0.4724, -3.5433 1.437 0.4724, -3.5433 1.1378 0.4724, -3.3665 1.437 0.4724, -3.3665 1.1378 0.4724, -2.9528 1.1024 0.4724, -3.5433 -2.2874 0.4724, -3.5433 -2.4055 0.4724, -3.3665 -2.4055 0.4724, -3.3665 -2.6811 0.4724, -2.9422 -3.5039 0.4724, 2.874 1.1811 0.4724, -2.874 1.1811 0.4724, -2.8944 1.1784 0.4724, -2.9501 1.1227 0.4724, -2.9422 1.1417 0.4724, -2.9297 1.158 0.4724, -2.9134 1.1706 0.4724, -3.3665 -0.437 0.4724, -3.3665 -0.0433 0.4724, -3.5433 -0.0433 0.4724, -3.5433 0.0748 0.4724, 3.3665 -2.7992 0.4724, 3.5433 -2.7992 0.4724, 3.5433 -2.6811 0.4724, 3.3665 -0.437 0.4724, 3.5433 -0.437 0.4724, 3.5433 -0.3189 0.4724, -3.5433 -0.7126 0.4724, -3.5433 -0.8307 0.4724, -3.3665 -0.7126 0.4724, -3.3665 -0.8307 0.4724, 3.3665 -2.6811 0.4724, 3.3665 -2.4055 0.4724, 2.9297 1.158 0.4724, 2.9422 1.1417 0.4724, 2.9501 1.1227 0.4724, -2.8944 -3.5406 0.4724, -2.9134 -3.5328 0.4724, -3.5433 -3.937 0.4724, -2.9297 -3.5202 0.4724, 2.9501 -3.4849 0.4724, 3.5433 -3.937 0.4724, -3.5433 -2.6811 0.4724, -3.5433 -2.7992 0.4724, -3.3665 -2.7992 0.4724, -3.3665 -3.0748 0.4724, -3.5433 -3.0748 0.4724, 3.3665 -1.8937 0.4724, 3.3665 -1.6181 0.4724, 2.9422 -3.5039 0.4724, 2.9297 -3.5202 0.4724, 2.9134 -3.5328 0.4724, 3.3665 -2.2874 0.4724, 3.5433 -2.2874 0.4724, 3.5433 -2.4055 0.4724, 3.3665 -3.0748 0.4724, 3.5433 -3.0748 0.4724, 3.3665 -1.1063 0.4724, 3.3665 -0.8307 0.4724, 3.3665 -1.5 0.4724, 3.5433 -1.5 0.4724, 3.5433 -1.6181 0.4724, 3.3665 -0.7126 0.4724, 3.5433 -0.7126 0.4724, 3.5433 -0.8307 0.4724, 2.8944 -3.5406 0.4724, 2.874 -3.5433 0.4724, -2.874 -3.5433 0.4724, -3.5433 2.1063 0.0, -3.5433 2.2244 0.0, -3.5433 1.7126 0.0, -3.5433 1.8307 0.0, -3.5433 1.1378 0.0, -3.5433 1.437 0.0, -3.5433 -2.7992 0.0, -3.5433 -2.6811 0.0, -3.5433 -2.4055 0.0, -3.5433 -2.2874 0.0, -3.5433 -2.0118 0.0, -3.5433 -1.8937 0.0, -3.5433 -1.6181 0.0, -3.5433 -1.5 0.0, -3.5433 -1.2244 0.0, -3.5433 -1.1063 0.0, -3.5433 -0.8307 0.0, -3.5433 -0.7126 0.0, -3.5433 -0.437 0.0, -3.5433 -0.3189 0.0, -3.5433 -0.0433 0.0, -3.5433 0.0748 0.0, -3.5433 0.3504 0.0, -3.5433 0.4685 0.0, -3.5433 0.7441 0.0, -3.5433 0.8622 0.0, -3.5433 -3.937 0.0, -3.5433 -3.0748 0.0, 3.5433 3.937 0.0, 3.5433 2.1063 0.0, 3.5433 -2.4055 0.0, 3.5433 -2.2874 0.0, 3.5433 -2.0118 0.0, 3.5433 -1.8937 0.0, 3.5433 -1.6181 0.0, 3.5433 -1.5 0.0, 3.5433 -1.2244 0.0, 3.5433 -1.1063 0.0, 3.5433 -0.8307 0.0, 3.5433 -0.7126 0.0, 3.5433 -0.437 0.0, 3.5433 -0.3189 0.0, 3.5433 -0.0433 0.0, 3.5433 0.0748 0.0, 3.5433 0.3504 0.0, 3.5433 0.4685 0.0, 3.5433 0.7441 0.0, 3.5433 0.8622 0.0, 3.5433 1.1378 0.0, 3.5433 1.2559 0.0, 3.5433 1.5315 0.0, 3.5433 1.8307 0.0, 3.5433 -2.7992 0.0, 3.5433 -2.6811 0.0, -3.5433 3.4646 0.0, -3.5433 2.5 0.0, -3.0709 3.937 0.0, 3.5433 -3.937 0.0, 3.5433 -3.0748 0.0, -3.2091 2.5 0.0, -3.2091 -0.0433 0.0, -3.2091 0.0748 0.0, -3.0413 1.6634 0.0, -3.2091 1.8307 0.0, -3.2091 -1.5 0.0, -3.2091 -1.2244 0.0, -3.2091 1.7126 0.0, -3.2091 1.437 0.0, -3.2091 1.1378 0.0, -3.2091 2.1063 0.0, -2.5307 2.3289 0.0, -2.6969 2.2601 0.0, -2.8395 2.1506 0.0, -2.949 2.0079 0.0, -3.0179 1.8417 0.0, 3.2091 2.1063 0.0, -3.2091 -2.2874 0.0, -3.2091 -2.0118 0.0, -3.2091 -1.6181 0.0, -3.2091 -1.1063 0.0, -3.5272 3.5868 0.0, 3.2091 1.8307 0.0, 3.2091 1.5315 0.0, -3.2091 -2.4055 0.0, -3.3071 3.8737 0.0, -3.1931 3.9209 0.0, -3.4049 3.7986 0.0, -3.48 3.7008 0.0, -3.2091 -3.0748 0.0, -3.2091 -1.8937 0.0, -3.2091 -0.8307 0.0, -3.2091 -0.7126 0.0, 3.2091 1.2559 0.0, 3.2091 1.1378 0.0, -1.8652 1.1762 0.0, -1.7557 1.3189 0.0, -3.2091 -0.437 0.0, -2.3524 0.9744 0.0, -2.174 0.9979 0.0, -3.2091 0.3504 0.0, -3.2091 0.4685 0.0, -3.2091 0.7441 0.0, -3.2091 0.8622 0.0, -3.2091 -2.7992 0.0, -3.2091 -2.6811 0.0, 3.2091 0.4685 0.0, -3.2091 -0.3189 0.0, 3.2091 0.3504 0.0, 3.2091 0.0748 0.0, -2.0079 1.0667 0.0, -1.6869 1.4851 0.0, -1.6634 1.6634 0.0, -1.6869 1.8417 0.0, -2.5307 0.9979 0.0, -2.6969 1.0667 0.0, -2.8395 1.1762 0.0, -3.0179 1.4851 0.0, -2.949 1.3189 0.0, 3.2091 0.8622 0.0, 3.2091 -0.3189 0.0, -1.7557 2.0079 0.0, -1.8652 2.1506 0.0, -2.0079 2.2601 0.0, -3.2091 2.2244 0.0, -2.3524 2.3524 0.0, -2.174 2.3289 0.0, 3.2091 0.7441 0.0, 3.2091 -0.437 0.0, 3.2091 -0.7126 0.0, 3.2091 -0.0433 0.0, 3.2091 -1.1063 0.0, 3.2091 -1.2244 0.0, 3.2091 -1.5 0.0, 3.2091 -0.8307 0.0, 3.2091 -2.2874 0.0, 3.2091 -1.6181 0.0, 3.2091 -1.8937 0.0, 3.2091 -2.4055 0.0, 3.2091 -2.6811 0.0, 3.2091 -2.0118 0.0, 3.2091 -3.0748 0.0, 3.2091 -2.7992 0.0, 3.2091 -2.7992 0.0
            ]
        }
        coordIndex [
            0,1,2,-1,3,4,5,-1,5,4,0,-1,6,7,2,-1,8,9,10,-1,10,9,11,-1,12,13,14,-1,15,16,17,-1,18,19,20,-1,20,19,21,-1,22,23,24,-1,25,26,27,-1,28,29,30,-1,17,6,15,-1,15,6,2,-1,15,2,31,-1,31,2,1,-1,31,1,32,-1,32,1,33,-1,34,35,36,-1,36,35,37,-1,38,39,24,-1,40,41,42,-1,43,44,45,-1,45,44,46,-1,45,46,47,-1,47,46,48,-1,47,48,49,-1,50,2,51,-1,51,2,7,-1,51,7,52,-1,53,54,55,-1,56,57,58,-1,58,57,59,-1,60,61,62,-1,62,61,63,-1,62,63,64,-1,64,63,65,-1,27,38,25,-1,25,38,24,-1,25,24,66,-1,66,24,23,-1,66,23,67,-1,67,23,68,-1,69,70,71,-1,72,73,74,-1,74,73,75,-1,74,75,76,-1,76,40,74,-1,74,40,42,-1,74,42,77,-1,77,42,78,-1,79,44,80,-1,80,44,43,-1,80,43,74,-1,74,43,81,-1,74,81,72,-1,82,83,84,-1,0,2,5,-1,5,2,85,-1,5,85,86,-1,87,88,20,-1,55,79,53,-1,53,79,80,-1,53,80,89,-1,89,80,78,-1,90,91,92,-1,92,91,93,-1,92,93,94,-1,94,93,10,-1,94,10,61,-1,61,10,11,-1,61,11,63,-1,95,96,39,-1,39,96,97,-1,39,97,24,-1,24,97,98,-1,24,98,99,-1,87,20,100,-1,42,36,78,-1,78,36,37,-1,78,37,89,-1,89,37,58,-1,89,58,101,-1,101,58,102,-1,94,103,92,-1,92,103,104,-1,92,104,59,-1,59,104,105,-1,59,105,58,-1,58,105,106,-1,58,106,102,-1,84,107,82,-1,82,107,61,-1,82,61,108,-1,108,61,60,-1,108,60,109,-1,109,60,110,-1,111,112,113,-1,114,115,116,-1,117,118,119,-1,119,118,120,-1,14,22,12,-1,12,22,24,-1,12,24,120,-1,120,24,61,-1,120,61,119,-1,119,61,107,-1,85,121,122,-1,49,48,21,-1,21,48,89,-1,21,89,20,-1,20,89,101,-1,20,101,100,-1,88,123,20,-1,20,123,124,-1,20,124,50,-1,50,124,125,-1,50,125,2,-1,126,127,128,-1,128,127,129,-1,85,130,131,-1,132,133,98,-1,98,133,134,-1,98,134,99,-1,99,134,135,-1,99,135,129,-1,129,135,136,-1,129,136,128,-1,137,138,85,-1,130,139,131,-1,131,139,140,-1,131,140,141,-1,30,137,28,-1,28,137,85,-1,28,85,142,-1,142,85,122,-1,142,122,143,-1,143,122,144,-1,113,121,111,-1,111,121,85,-1,111,85,145,-1,145,85,131,-1,145,131,146,-1,147,148,85,-1,71,147,69,-1,69,147,85,-1,69,85,149,-1,149,85,138,-1,149,138,150,-1,150,138,151,-1,116,86,114,-1,114,86,85,-1,114,85,152,-1,152,85,148,-1,152,148,153,-1,153,148,154,-1,141,155,131,-1,131,155,156,-1,131,156,128,-1,128,156,157,-1,128,157,126,-1,35,34,158,-1,158,34,159,-1,57,56,160,-1,160,56,161,-1,91,90,162,-1,162,90,163,-1,133,132,164,-1,164,132,165,-1,96,95,166,-1,166,95,167,-1,27,26,168,-1,168,26,169,-1,67,68,170,-1,170,68,171,-1,14,13,172,-1,172,13,173,-1,118,117,174,-1,174,117,175,-1,84,83,176,-1,176,83,177,-1,109,110,178,-1,178,110,179,-1,64,65,180,-1,180,65,181,-1,9,8,182,-1,182,8,183,-1,128,136,184,-1,184,136,185,-1,45,47,186,-1,186,47,187,-1,188,189,144,-1,144,189,143,-1,190,191,29,-1,29,191,30,-1,192,193,151,-1,151,193,150,-1,194,195,70,-1,70,195,71,-1,196,197,154,-1,154,197,153,-1,198,199,115,-1,115,199,116,-1,200,201,3,-1,3,201,4,-1,202,203,33,-1,33,203,32,-1,204,205,16,-1,16,205,17,-1,206,207,52,-1,52,207,51,-1,208,209,18,-1,18,209,19,-1,210,211,112,-1,112,211,113,-1,212,213,40,-1,40,213,41,-1,43,45,214,-1,214,45,186,-1,215,216,131,-1,131,216,146,-1,131,128,215,-1,215,128,184,-1,214,186,217,-1,178,179,218,-1,218,179,219,-1,220,161,221,-1,222,223,186,-1,160,161,224,-1,224,161,220,-1,224,220,225,-1,225,220,226,-1,225,226,163,-1,163,226,162,-1,227,228,229,-1,229,230,227,-1,227,230,231,-1,227,231,221,-1,221,231,232,-1,221,232,220,-1,186,187,233,-1,234,235,186,-1,236,170,171,-1,172,173,223,-1,223,173,237,-1,223,237,186,-1,217,213,214,-1,214,213,212,-1,214,212,238,-1,209,208,239,-1,239,208,240,-1,241,166,167,-1,242,243,244,-1,244,243,214,-1,244,214,245,-1,245,214,238,-1,184,185,246,-1,171,222,236,-1,236,222,186,-1,236,186,247,-1,247,186,235,-1,247,235,169,-1,169,235,168,-1,174,175,248,-1,248,175,249,-1,207,206,250,-1,250,206,251,-1,252,253,186,-1,254,255,256,-1,180,181,257,-1,257,181,258,-1,182,183,259,-1,259,183,260,-1,186,233,261,-1,167,234,241,-1,241,234,186,-1,241,186,262,-1,262,186,261,-1,262,261,165,-1,165,261,164,-1,263,203,202,-1,176,177,254,-1,254,177,264,-1,254,264,255,-1,265,266,184,-1,256,267,254,-1,254,267,252,-1,254,252,249,-1,249,252,186,-1,249,186,248,-1,248,186,237,-1,253,268,186,-1,186,268,269,-1,186,269,270,-1,264,218,255,-1,255,218,219,-1,255,219,271,-1,271,219,257,-1,271,257,272,-1,272,257,258,-1,272,258,273,-1,220,274,226,-1,226,274,275,-1,226,275,260,-1,260,275,273,-1,260,273,259,-1,259,273,258,-1,233,239,261,-1,261,239,240,-1,261,240,246,-1,246,240,250,-1,246,250,184,-1,184,250,251,-1,184,251,276,-1,277,199,198,-1,270,278,186,-1,186,278,279,-1,186,279,280,-1,158,159,227,-1,227,159,281,-1,227,281,228,-1,228,281,217,-1,228,217,282,-1,282,217,186,-1,282,186,283,-1,283,186,280,-1,202,265,263,-1,263,265,184,-1,263,184,284,-1,284,184,276,-1,284,276,204,-1,204,276,205,-1,285,286,184,-1,198,285,277,-1,277,285,184,-1,277,184,287,-1,287,184,266,-1,287,266,200,-1,200,266,201,-1,288,195,194,-1,289,290,184,-1,194,289,288,-1,288,289,184,-1,288,184,291,-1,291,184,286,-1,291,286,196,-1,196,286,197,-1,292,189,188,-1,193,192,290,-1,290,192,293,-1,290,293,184,-1,184,293,294,-1,295,296,184,-1,188,295,292,-1,292,295,184,-1,292,184,297,-1,297,184,294,-1,297,294,190,-1,190,294,191,-1,216,215,298,-1,298,215,184,-1,298,184,299,-1,299,184,296,-1,299,296,210,-1,210,296,211,-1,
        ]
    }
}
Shape{
    appearance Appearance {
        material  Material 	{
            diffuseColor 0.6666666666666666 0.6666666666666666 0.6666666666666666
            specularColor 0.4666666666666667 0.4666666666666667 0.4666666666666667
            ambientIntensity 0.2
            transparency 0
            shininess 0.5
        }
    }
    geometry IndexedFaceSet {
        ccw TRUE
        solid FALSE
        coord DEF co Coordinate {
            point [
                -2.9528 1.1024 0.4724, -2.9528 -3.4646 0.4724, -2.9528 1.1024 0.9449, -2.9528 -3.4646 0.9449, 2.874 1.1811 0.4724, -2.874 1.1811 0.4724, 2.874 1.1811 0.9449, -2.874 1.1811 0.9449, 2.9528 -3.4646 0.4724, 2.9528 1.1024 0.4724, 2.9528 -3.4646 0.9449, 2.9528 1.1024 0.9449, 2.874 -3.5433 0.9449, -2.874 -3.5433 0.9449, 2.874 -3.5433 0.4724, -2.874 -3.5433 0.4724, 2.9501 1.1227 0.4724, 2.9501 1.1227 0.9449, 2.9422 1.1417 0.4724, 2.9422 1.1417 0.9449, 2.9297 1.158 0.4724, 2.9297 1.158 0.9449, 2.9134 1.1706 0.4724, 2.9134 1.1706 0.9449, 2.8944 1.1784 0.4724, 2.8944 1.1784 0.9449, -2.874 1.1024 1.0236, 2.874 1.1024 1.0236, 2.874 1.1227 1.0209, -2.874 1.1227 1.0209, 2.874 1.1417 1.0131, -2.874 1.1417 1.0131, 2.874 1.158 1.0006, -2.874 1.158 1.0006, 2.874 1.1706 0.9843, -2.874 1.1706 0.9843, 2.874 1.1784 0.9653, -2.874 1.1784 0.9653, -2.8944 1.1784 0.4724, -2.8944 1.1784 0.9449, -2.9134 1.1706 0.4724, -2.9134 1.1706 0.9449, -2.9297 1.158 0.4724, -2.9297 1.158 0.9449, -2.9422 1.1417 0.4724, -2.9422 1.1417 0.9449, -2.9501 1.1227 0.4724, -2.9501 1.1227 0.9449, 2.8937 1.1758 0.9653, 2.8937 1.1365 1.0131, 2.8842 1.12 1.0209, 2.8884 1.1168 1.0209, 2.8944 1.1024 1.0209, 2.8937 1.1076 1.0209, 2.8793 1.122 1.0209, 2.8842 1.1404 1.0131, 2.8884 1.1561 1.0006, 2.9019 1.1302 1.0131, 2.8917 1.1126 1.0209, 2.9081 1.122 1.0131, 2.912 1.1126 1.0131, 2.9134 1.1024 1.0131, 2.9019 1.1506 1.0006, 2.9134 1.1417 1.0006, 2.9222 1.1302 1.0006, 2.9278 1.1168 1.0006, 2.9297 1.1024 1.0006, 2.8917 1.1682 0.9843, 2.9081 1.1614 0.9843, 2.9222 1.1506 0.9843, 2.9331 1.1365 0.9843, 2.9399 1.12 0.9843, 2.9422 1.1024 0.9843, 2.912 1.1682 0.9653, 2.9278 1.1561 0.9653, 2.9399 1.1404 0.9653, 2.9475 1.122 0.9653, 2.9501 1.1024 0.9653, -2.9501 1.1024 0.9653, -2.9475 1.122 0.9653, -2.9081 1.122 1.0131, -2.8917 1.1126 1.0209, -2.8884 1.1168 1.0209, -2.8793 1.122 1.0209, -2.8937 1.1076 1.0209, -2.912 1.1126 1.0131, -2.9278 1.1168 1.0006, -2.8944 1.1024 1.0209, -2.9019 1.1302 1.0131, -2.8842 1.12 1.0209, -2.8937 1.1365 1.0131, -2.8842 1.1404 1.0131, -2.9134 1.1024 1.0131, -2.9297 1.1024 1.0006, -2.9422 1.1024 0.9843, -2.9222 1.1302 1.0006, -2.9134 1.1417 1.0006, -2.9019 1.1506 1.0006, -2.8884 1.1561 1.0006, -2.9399 1.12 0.9843, -2.9331 1.1365 0.9843, -2.9222 1.1506 0.9843, -2.9081 1.1614 0.9843, -2.8917 1.1682 0.9843, -2.9399 1.1404 0.9653, -2.9278 1.1561 0.9653, -2.912 1.1682 0.9653, -2.8937 1.1758 0.9653, 2.8944 -3.5406 0.4724, 2.8944 -3.5406 0.9449, 2.9134 -3.5328 0.4724, 2.9134 -3.5328 0.9449, 2.9297 -3.5202 0.4724, 2.9297 -3.5202 0.9449, 2.9422 -3.5039 0.4724, 2.9422 -3.5039 0.9449, 2.9501 -3.4849 0.4724, 2.9501 -3.4849 0.9449, 2.874 -3.4646 1.0236, 2.8944 -3.4646 1.0209, 2.9134 -3.4646 1.0131, 2.9297 -3.4646 1.0006, 2.9422 -3.4646 0.9843, 2.9501 -3.4646 0.9653, -2.874 -3.4646 1.0236, -2.8944 -3.4646 1.0209, -2.9134 -3.4646 1.0131, -2.9297 -3.4646 1.0006, -2.9422 -3.4646 0.9843, -2.9501 -3.4646 0.9653, -2.9501 -3.4849 0.4724, -2.9501 -3.4849 0.9449, -2.9422 -3.5039 0.4724, -2.9422 -3.5039 0.9449, -2.9297 -3.5202 0.4724, -2.9297 -3.5202 0.9449, -2.9134 -3.5328 0.4724, -2.9134 -3.5328 0.9449, -2.8944 -3.5406 0.4724, -2.8944 -3.5406 0.9449, 2.9475 -3.4843 0.9653, 2.9081 -3.4843 1.0131, 2.8917 -3.4748 1.0209, 2.8884 -3.479 1.0209, 2.874 -3.4849 1.0209, 2.8793 -3.4843 1.0209, 2.8937 -3.4698 1.0209, 2.912 -3.4748 1.0131, 2.9278 -3.479 1.0006, 2.9019 -3.4924 1.0131, 2.8842 -3.4822 1.0209, 2.8937 -3.4987 1.0131, 2.8842 -3.5026 1.0131, 2.874 -3.5039 1.0131, 2.9222 -3.4924 1.0006, 2.9134 -3.5039 1.0006, 2.9019 -3.5128 1.0006, 2.8884 -3.5183 1.0006, 2.874 -3.5202 1.0006, 2.9399 -3.4822 0.9843, 2.9331 -3.4987 0.9843, 2.9222 -3.5128 0.9843, 2.9081 -3.5236 0.9843, 2.8917 -3.5304 0.9843, 2.874 -3.5328 0.9843, 2.9399 -3.5026 0.9653, 2.9278 -3.5183 0.9653, 2.912 -3.5304 0.9653, 2.8937 -3.538 0.9653, 2.874 -3.5406 0.9653, -2.874 -3.5406 0.9653, -2.8937 -3.538 0.9653, -2.8937 -3.4987 1.0131, -2.8842 -3.4822 1.0209, -2.8884 -3.479 1.0209, -2.8937 -3.4698 1.0209, -2.8793 -3.4843 1.0209, -2.8842 -3.5026 1.0131, -2.8884 -3.5183 1.0006, -2.874 -3.4849 1.0209, -2.9019 -3.4924 1.0131, -2.8917 -3.4748 1.0209, -2.9081 -3.4843 1.0131, -2.912 -3.4748 1.0131, -2.874 -3.5039 1.0131, -2.874 -3.5202 1.0006, -2.874 -3.5328 0.9843, -2.9019 -3.5128 1.0006, -2.9134 -3.5039 1.0006, -2.9222 -3.4924 1.0006, -2.9278 -3.479 1.0006, -2.8917 -3.5304 0.9843, -2.9081 -3.5236 0.9843, -2.9222 -3.5128 0.9843, -2.9331 -3.4987 0.9843, -2.9399 -3.4822 0.9843, -2.912 -3.5304 0.9653, -2.9278 -3.5183 0.9653, -2.9399 -3.5026 0.9653, -2.9475 -3.4843 0.9653, -2.9475 -3.4843 0.9653
            ]
        }
        coordIndex [
            0,1,2,-1,2,1,3,-1,4,5,6,-1,6,5,7,-1,8,9,10,-1,10,9,11,-1,12,13,14,-1,14,13,15,-1,11,9,16,-1,11,16,17,-1,17,16,18,-1,17,18,19,-1,19,18,20,-1,19,20,21,-1,21,20,22,-1,21,22,23,-1,23,22,24,-1,23,24,25,-1,25,24,4,-1,25,4,6,-1,26,27,28,-1,26,28,29,-1,29,28,30,-1,29,30,31,-1,31,30,32,-1,31,32,33,-1,33,32,34,-1,33,34,35,-1,35,34,36,-1,35,36,37,-1,37,36,6,-1,37,6,7,-1,7,5,38,-1,7,38,39,-1,39,38,40,-1,39,40,41,-1,41,40,42,-1,41,42,43,-1,43,42,44,-1,43,44,45,-1,45,44,46,-1,45,46,47,-1,47,46,0,-1,47,0,2,-1,6,36,48,-1,49,50,51,-1,27,52,53,-1,51,50,27,-1,54,27,50,-1,54,50,55,-1,55,50,49,-1,55,49,56,-1,28,27,54,-1,57,58,59,-1,59,58,53,-1,59,53,60,-1,60,53,52,-1,60,52,61,-1,28,54,30,-1,30,54,55,-1,30,55,32,-1,32,55,56,-1,32,56,34,-1,62,57,63,-1,63,57,59,-1,63,59,64,-1,64,59,60,-1,64,60,65,-1,65,60,61,-1,65,61,66,-1,67,62,68,-1,68,62,63,-1,68,63,69,-1,69,63,64,-1,69,64,70,-1,70,64,65,-1,70,65,71,-1,71,65,66,-1,71,66,72,-1,36,67,48,-1,48,67,68,-1,48,68,73,-1,73,68,69,-1,73,69,74,-1,74,69,70,-1,74,70,75,-1,75,70,71,-1,75,71,76,-1,76,71,72,-1,76,72,77,-1,6,48,25,-1,25,48,73,-1,25,73,23,-1,23,73,74,-1,23,74,21,-1,21,74,75,-1,21,75,19,-1,19,75,76,-1,19,76,17,-1,17,76,77,-1,17,77,11,-1,58,27,53,-1,36,34,67,-1,67,34,56,-1,67,56,62,-1,62,56,49,-1,62,49,57,-1,57,49,51,-1,57,51,58,-1,58,51,27,-1,2,78,79,-1,80,81,82,-1,26,29,83,-1,82,81,26,-1,84,26,81,-1,84,81,85,-1,85,81,80,-1,85,80,86,-1,87,26,84,-1,88,89,90,-1,90,89,83,-1,90,83,91,-1,91,83,29,-1,91,29,31,-1,87,84,92,-1,92,84,85,-1,92,85,93,-1,93,85,86,-1,93,86,94,-1,95,88,96,-1,96,88,90,-1,96,90,97,-1,97,90,91,-1,97,91,98,-1,98,91,31,-1,98,31,33,-1,99,95,100,-1,100,95,96,-1,100,96,101,-1,101,96,97,-1,101,97,102,-1,102,97,98,-1,102,98,103,-1,103,98,33,-1,103,33,35,-1,78,99,79,-1,79,99,100,-1,79,100,104,-1,104,100,101,-1,104,101,105,-1,105,101,102,-1,105,102,106,-1,106,102,103,-1,106,103,107,-1,107,103,35,-1,107,35,37,-1,2,79,47,-1,47,79,104,-1,47,104,45,-1,45,104,105,-1,45,105,43,-1,43,105,106,-1,43,106,41,-1,41,106,107,-1,41,107,39,-1,39,107,37,-1,39,37,7,-1,89,26,83,-1,78,94,99,-1,99,94,86,-1,99,86,95,-1,95,86,80,-1,95,80,88,-1,88,80,82,-1,88,82,89,-1,89,82,26,-1,12,14,108,-1,12,108,109,-1,109,108,110,-1,109,110,111,-1,111,110,112,-1,111,112,113,-1,113,112,114,-1,113,114,115,-1,115,114,116,-1,115,116,117,-1,117,116,8,-1,117,8,10,-1,27,118,119,-1,27,119,52,-1,52,119,120,-1,52,120,61,-1,61,120,121,-1,61,121,66,-1,66,121,122,-1,66,122,72,-1,72,122,123,-1,72,123,77,-1,77,123,10,-1,77,10,11,-1,124,26,87,-1,124,87,125,-1,125,87,92,-1,125,92,126,-1,126,92,93,-1,126,93,127,-1,127,93,94,-1,127,94,128,-1,128,94,78,-1,128,78,129,-1,129,78,2,-1,129,2,3,-1,3,1,130,-1,3,130,131,-1,131,130,132,-1,131,132,133,-1,133,132,134,-1,133,134,135,-1,135,134,136,-1,135,136,137,-1,137,136,138,-1,137,138,139,-1,139,138,15,-1,139,15,13,-1,10,123,140,-1,141,142,143,-1,118,144,145,-1,143,142,118,-1,146,118,142,-1,146,142,147,-1,147,142,141,-1,147,141,148,-1,119,118,146,-1,149,150,151,-1,151,150,145,-1,151,145,152,-1,152,145,144,-1,152,144,153,-1,119,146,120,-1,120,146,147,-1,120,147,121,-1,121,147,148,-1,121,148,122,-1,154,149,155,-1,155,149,151,-1,155,151,156,-1,156,151,152,-1,156,152,157,-1,157,152,153,-1,157,153,158,-1,159,154,160,-1,160,154,155,-1,160,155,161,-1,161,155,156,-1,161,156,162,-1,162,156,157,-1,162,157,163,-1,163,157,158,-1,163,158,164,-1,123,159,140,-1,140,159,160,-1,140,160,165,-1,165,160,161,-1,165,161,166,-1,166,161,162,-1,166,162,167,-1,167,162,163,-1,167,163,168,-1,168,163,164,-1,168,164,169,-1,10,140,117,-1,117,140,165,-1,117,165,115,-1,115,165,166,-1,115,166,113,-1,113,166,167,-1,113,167,111,-1,111,167,168,-1,111,168,109,-1,109,168,169,-1,109,169,12,-1,150,118,145,-1,123,122,159,-1,159,122,148,-1,159,148,154,-1,154,148,141,-1,154,141,149,-1,149,141,143,-1,149,143,150,-1,150,143,118,-1,13,170,171,-1,172,173,174,-1,124,125,175,-1,174,173,124,-1,176,124,173,-1,176,173,177,-1,177,173,172,-1,177,172,178,-1,179,124,176,-1,180,181,182,-1,182,181,175,-1,182,175,183,-1,183,175,125,-1,183,125,126,-1,179,176,184,-1,184,176,177,-1,184,177,185,-1,185,177,178,-1,185,178,186,-1,187,180,188,-1,188,180,182,-1,188,182,189,-1,189,182,183,-1,189,183,190,-1,190,183,126,-1,190,126,127,-1,191,187,192,-1,192,187,188,-1,192,188,193,-1,193,188,189,-1,193,189,194,-1,194,189,190,-1,194,190,195,-1,195,190,127,-1,195,127,128,-1,170,191,171,-1,171,191,192,-1,171,192,196,-1,196,192,193,-1,196,193,197,-1,197,193,194,-1,197,194,198,-1,198,194,195,-1,198,195,199,-1,199,195,128,-1,199,128,129,-1,13,171,139,-1,139,171,196,-1,139,196,137,-1,137,196,197,-1,137,197,135,-1,135,197,198,-1,135,198,133,-1,133,198,199,-1,133,199,131,-1,131,199,129,-1,131,129,3,-1,181,124,175,-1,170,186,191,-1,191,186,178,-1,191,178,187,-1,187,178,172,-1,187,172,180,-1,180,172,174,-1,180,174,181,-1,181,174,124,-1,118,124,179,-1,118,179,144,-1,144,179,184,-1,144,184,153,-1,153,184,185,-1,153,185,158,-1,158,185,186,-1,158,186,164,-1,164,186,170,-1,164,170,169,-1,169,170,13,-1,169,13,12,-1,
        ]
    }
}
Shape{
    appearance Appearance {
        material  Material 	{
            diffuseColor 0.8274509803921568 0.6666666666666666 0.12941176470588237
            specularColor 0.8274509803921568 0.6666666666666666 0.12941176470588237
            ambientIntensity 0.2
            transparency 0
            shininess 0.5
        }
    }
    geometry IndexedFaceSet {
        ccw TRUE
        solid FALSE
        coord DEF co Coordinate {
            point [
                3.3665 -2.7992 0.4724, 3.3665 -2.7992 0.4764, 3.5433 -2.7992 0.4724, 3.5437 -2.7992 0.4764, 3.5433 -2.7992 0.0, 3.5437 -2.7992 -0.0039, 3.2091 -2.7992 0.0, 3.2091 -2.7992 -0.0039, 3.3665 -3.0748 0.4764, 3.3665 -3.0748 0.4724, 3.2091 -3.0748 0.0, 3.2091 -3.0748 -0.0039, 3.5433 -3.0748 0.0, 3.5437 -3.0748 -0.0039, 3.5433 -3.0748 0.4724, 3.5437 -3.0748 0.4764, 3.5437 -2.8189 0.4764, 3.5433 -2.8189 0.4764, 3.5437 -2.8189 -0.0039, 3.5433 -2.8189 -0.0039, 3.5437 -3.0551 -0.0039, 3.5437 -3.0551 0.4764, 3.5433 -3.0551 -0.0039, 3.5433 -3.0551 0.4764, 3.4598 -2.8535 -0.0039, 3.441 -2.878 -0.0039, 3.441 -2.9961 -0.0039, 3.4598 -3.0205 -0.0039, 3.4292 -2.9064 -0.0039, 3.4252 -2.937 -0.0039, 3.4292 -2.9676 -0.0039, 3.5127 -2.8229 -0.0039, 3.4843 -2.8347 -0.0039, 3.4843 -3.0393 -0.0039, 3.5127 -3.0511 -0.0039, 3.4598 -3.0205 0.4764, 3.441 -2.9961 0.4764, 3.441 -2.878 0.4764, 3.4598 -2.8535 0.4764, 3.4292 -2.9676 0.4764, 3.4252 -2.937 0.4764, 3.4292 -2.9064 0.4764, 3.5127 -3.0511 0.4764, 3.4843 -3.0393 0.4764, 3.4843 -2.8347 0.4764, 3.5127 -2.8229 0.4764, 3.3665 -2.4055 0.4724, 3.3665 -2.4055 0.4764, 3.5433 -2.4055 0.4724, 3.5437 -2.4055 0.4764, 3.5433 -2.4055 0.0, 3.5437 -2.4055 -0.0039, 3.2091 -2.4055 0.0, 3.2091 -2.4055 -0.0039, 3.3665 -2.6811 0.4764, 3.3665 -2.6811 0.4724, 3.2091 -2.6811 0.0, 3.2091 -2.6811 -0.0039, 3.5433 -2.6811 0.0, 3.5437 -2.6811 -0.0039, 3.5433 -2.6811 0.4724, 3.5437 -2.6811 0.4764, 3.5437 -2.4252 0.4764, 3.5433 -2.4252 0.4764, 3.5437 -2.4252 -0.0039, 3.5433 -2.4252 -0.0039, 3.5437 -2.6614 -0.0039, 3.5437 -2.6614 0.4764, 3.5433 -2.6614 -0.0039, 3.5433 -2.6614 0.4764, 3.4598 -2.4598 -0.0039, 3.441 -2.4843 -0.0039, 3.441 -2.6024 -0.0039, 3.4598 -2.6268 -0.0039, 3.4292 -2.5127 -0.0039, 3.4252 -2.5433 -0.0039, 3.4292 -2.5739 -0.0039, 3.5127 -2.4292 -0.0039, 3.4843 -2.441 -0.0039, 3.4843 -2.6456 -0.0039, 3.5127 -2.6574 -0.0039, 3.4598 -2.6268 0.4764, 3.441 -2.6024 0.4764, 3.441 -2.4843 0.4764, 3.4598 -2.4598 0.4764, 3.4292 -2.5739 0.4764, 3.4252 -2.5433 0.4764, 3.4292 -2.5127 0.4764, 3.5127 -2.6574 0.4764, 3.4843 -2.6456 0.4764, 3.4843 -2.441 0.4764, 3.5127 -2.4292 0.4764, 3.3665 -2.0118 0.4724, 3.3665 -2.0118 0.4764, 3.5433 -2.0118 0.4724, 3.5437 -2.0118 0.4764, 3.5433 -2.0118 0.0, 3.5437 -2.0118 -0.0039, 3.2091 -2.0118 0.0, 3.2091 -2.0118 -0.0039, 3.3665 -2.2874 0.4764, 3.3665 -2.2874 0.4724, 3.2091 -2.2874 0.0, 3.2091 -2.2874 -0.0039, 3.5433 -2.2874 0.0, 3.5437 -2.2874 -0.0039, 3.5433 -2.2874 0.4724, 3.5437 -2.2874 0.4764, 3.5437 -2.0315 0.4764, 3.5433 -2.0315 0.4764, 3.5437 -2.0315 -0.0039, 3.5433 -2.0315 -0.0039, 3.5437 -2.2677 -0.0039, 3.5437 -2.2677 0.4764, 3.5433 -2.2677 -0.0039, 3.5433 -2.2677 0.4764, 3.4598 -2.0661 -0.0039, 3.441 -2.0906 -0.0039, 3.441 -2.2087 -0.0039, 3.4598 -2.2331 -0.0039, 3.4292 -2.119 -0.0039, 3.4252 -2.1496 -0.0039, 3.4292 -2.1802 -0.0039, 3.5127 -2.0355 -0.0039, 3.4843 -2.0473 -0.0039, 3.4843 -2.2519 -0.0039, 3.5127 -2.2637 -0.0039, 3.4598 -2.2331 0.4764, 3.441 -2.2087 0.4764, 3.441 -2.0906 0.4764, 3.4598 -2.0661 0.4764, 3.4292 -2.1802 0.4764, 3.4252 -2.1496 0.4764, 3.4292 -2.119 0.4764, 3.5127 -2.2637 0.4764, 3.4843 -2.2519 0.4764, 3.4843 -2.0473 0.4764, 3.5127 -2.0355 0.4764, 3.3665 -1.6181 0.4724, 3.3665 -1.6181 0.4764, 3.5433 -1.6181 0.4724, 3.5437 -1.6181 0.4764, 3.5433 -1.6181 0.0, 3.5437 -1.6181 -0.0039, 3.2091 -1.6181 0.0, 3.2091 -1.6181 -0.0039, 3.3665 -1.8937 0.4764, 3.3665 -1.8937 0.4724, 3.2091 -1.8937 0.0, 3.2091 -1.8937 -0.0039, 3.5433 -1.8937 0.0, 3.5437 -1.8937 -0.0039, 3.5433 -1.8937 0.4724, 3.5437 -1.8937 0.4764, 3.5437 -1.6378 0.4764, 3.5433 -1.6378 0.4764, 3.5437 -1.6378 -0.0039, 3.5433 -1.6378 -0.0039, 3.5437 -1.874 -0.0039, 3.5437 -1.874 0.4764, 3.5433 -1.874 -0.0039, 3.5433 -1.874 0.4764, 3.4598 -1.6724 -0.0039, 3.441 -1.6969 -0.0039, 3.441 -1.815 -0.0039, 3.4598 -1.8394 -0.0039, 3.4292 -1.7253 -0.0039, 3.4252 -1.7559 -0.0039, 3.4292 -1.7865 -0.0039, 3.5127 -1.6418 -0.0039, 3.4843 -1.6536 -0.0039, 3.4843 -1.8582 -0.0039, 3.5127 -1.87 -0.0039, 3.4598 -1.8394 0.4764, 3.441 -1.815 0.4764, 3.441 -1.6969 0.4764, 3.4598 -1.6724 0.4764, 3.4292 -1.7865 0.4764, 3.4252 -1.7559 0.4764, 3.4292 -1.7253 0.4764, 3.5127 -1.87 0.4764, 3.4843 -1.8582 0.4764, 3.4843 -1.6536 0.4764, 3.5127 -1.6418 0.4764, 3.3665 -1.2244 0.4724, 3.3665 -1.2244 0.4764, 3.5433 -1.2244 0.4724, 3.5437 -1.2244 0.4764, 3.5433 -1.2244 0.0, 3.5437 -1.2244 -0.0039, 3.2091 -1.2244 0.0, 3.2091 -1.2244 -0.0039, 3.3665 -1.5 0.4764, 3.3665 -1.5 0.4724, 3.2091 -1.5 0.0, 3.2091 -1.5 -0.0039, 3.5433 -1.5 0.0, 3.5437 -1.5 -0.0039, 3.5433 -1.5 0.4724, 3.5437 -1.5 0.4764, 3.5437 -1.2441 0.4764, 3.5433 -1.2441 0.4764, 3.5437 -1.2441 -0.0039, 3.5433 -1.2441 -0.0039, 3.5437 -1.4803 -0.0039, 3.5437 -1.4803 0.4764, 3.5433 -1.4803 -0.0039, 3.5433 -1.4803 0.4764, 3.4598 -1.2787 -0.0039, 3.441 -1.3031 -0.0039, 3.441 -1.4213 -0.0039, 3.4598 -1.4457 -0.0039, 3.5127 -1.2481 -0.0039, 3.4843 -1.2599 -0.0039, 3.4292 -1.3316 -0.0039, 3.4252 -1.3622 -0.0039, 3.4292 -1.3928 -0.0039, 3.4843 -1.4645 -0.0039, 3.5127 -1.4763 -0.0039, 3.4252 -1.3622 0.4764, 3.4292 -1.3316 0.4764, 3.441 -1.3031 0.4764, 3.4598 -1.2787 0.4764, 3.5127 -1.4763 0.4764, 3.4843 -1.4645 0.4764, 3.4598 -1.4457 0.4764, 3.441 -1.4213 0.4764, 3.4292 -1.3928 0.4764, 3.4843 -1.2599 0.4764, 3.5127 -1.2481 0.4764, 3.3665 -0.8307 0.4724, 3.3665 -0.8307 0.4764, 3.5433 -0.8307 0.4724, 3.5437 -0.8307 0.4764, 3.5433 -0.8307 0.0, 3.5437 -0.8307 -0.0039, 3.2091 -0.8307 0.0, 3.2091 -0.8307 -0.0039, 3.3665 -1.1063 0.4764, 3.3665 -1.1063 0.4724, 3.2091 -1.1063 0.0, 3.2091 -1.1063 -0.0039, 3.5433 -1.1063 0.0, 3.5437 -1.1063 -0.0039, 3.5433 -1.1063 0.4724, 3.5437 -1.1063 0.4764, 3.5437 -0.8504 0.4764, 3.5433 -0.8504 0.4764, 3.5437 -0.8504 -0.0039, 3.5433 -0.8504 -0.0039, 3.5437 -1.0866 -0.0039, 3.5437 -1.0866 0.4764, 3.5433 -1.0866 -0.0039, 3.5433 -1.0866 0.4764, 3.4598 -0.885 -0.0039, 3.441 -0.9094 -0.0039, 3.441 -1.0276 -0.0039, 3.4598 -1.052 -0.0039, 3.5127 -0.8544 -0.0039, 3.4843 -0.8662 -0.0039, 3.4292 -0.9379 -0.0039, 3.4252 -0.9685 -0.0039, 3.4292 -0.9991 -0.0039, 3.4843 -1.0708 -0.0039, 3.5127 -1.0826 -0.0039, 3.4252 -0.9685 0.4764, 3.4292 -0.9379 0.4764, 3.441 -0.9094 0.4764, 3.4598 -0.885 0.4764, 3.5127 -1.0826 0.4764, 3.4843 -1.0708 0.4764, 3.4598 -1.052 0.4764, 3.441 -1.0276 0.4764, 3.4292 -0.9991 0.4764, 3.4843 -0.8662 0.4764, 3.5127 -0.8544 0.4764, 3.3665 -0.437 0.4724, 3.3665 -0.437 0.4764, 3.5433 -0.437 0.4724, 3.5437 -0.437 0.4764, 3.5433 -0.437 0.0, 3.5437 -0.437 -0.0039, 3.2091 -0.437 0.0, 3.2091 -0.437 -0.0039, 3.3665 -0.7126 0.4764, 3.3665 -0.7126 0.4724, 3.2091 -0.7126 0.0, 3.2091 -0.7126 -0.0039, 3.5433 -0.7126 0.0, 3.5437 -0.7126 -0.0039, 3.5433 -0.7126 0.4724, 3.5437 -0.7126 0.4764, 3.5437 -0.4567 0.4764, 3.5433 -0.4567 0.4764, 3.5437 -0.4567 -0.0039, 3.5433 -0.4567 -0.0039, 3.5437 -0.6929 -0.0039, 3.5437 -0.6929 0.4764, 3.5433 -0.6929 -0.0039, 3.5433 -0.6929 0.4764, 3.441 -0.6339 -0.0039, 3.4598 -0.6583 -0.0039, 3.5127 -0.4607 -0.0039, 3.4843 -0.4725 -0.0039, 3.4598 -0.4913 -0.0039, 3.441 -0.5157 -0.0039, 3.4292 -0.5442 -0.0039, 3.4252 -0.5748 -0.0039, 3.4292 -0.6054 -0.0039, 3.4843 -0.6771 -0.0039, 3.5127 -0.6889 -0.0039, 3.441 -0.5157 0.4764, 3.4598 -0.4913 0.4764, 3.4598 -0.6583 0.4764, 3.441 -0.6339 0.4764, 3.4292 -0.6054 0.4764, 3.4252 -0.5748 0.4764, 3.4292 -0.5442 0.4764, 3.4843 -0.4725 0.4764, 3.5127 -0.4607 0.4764, 3.5127 -0.6889 0.4764, 3.4843 -0.6771 0.4764, 3.3665 -0.0433 0.4724, 3.3665 -0.0433 0.4764, 3.5433 -0.0433 0.4724, 3.5437 -0.0433 0.4764, 3.5433 -0.0433 0.0, 3.5437 -0.0433 -0.0039, 3.2091 -0.0433 0.0, 3.2091 -0.0433 -0.0039, 3.3665 -0.3189 0.4764, 3.3665 -0.3189 0.4724, 3.2091 -0.3189 0.0, 3.2091 -0.3189 -0.0039, 3.5433 -0.3189 0.0, 3.5437 -0.3189 -0.0039, 3.5433 -0.3189 0.4724, 3.5437 -0.3189 0.4764, 3.5437 -0.063 0.4764, 3.5433 -0.063 0.4764, 3.5437 -0.063 -0.0039, 3.5433 -0.063 -0.0039, 3.5437 -0.2992 -0.0039, 3.5437 -0.2992 0.4764, 3.5433 -0.2992 -0.0039, 3.5433 -0.2992 0.4764, 3.5127 -0.067 -0.0039, 3.4843 -0.0788 -0.0039, 3.4598 -0.0976 -0.0039, 3.441 -0.122 -0.0039, 3.441 -0.2402 -0.0039, 3.4598 -0.2646 -0.0039, 3.4292 -0.1505 -0.0039, 3.4252 -0.1811 -0.0039, 3.4292 -0.2117 -0.0039, 3.4843 -0.2834 -0.0039, 3.5127 -0.2952 -0.0039, 3.4252 -0.1811 0.4764, 3.4292 -0.1505 0.4764, 3.441 -0.122 0.4764, 3.4598 -0.0976 0.4764, 3.5127 -0.2952 0.4764, 3.4843 -0.2834 0.4764, 3.4598 -0.2646 0.4764, 3.441 -0.2402 0.4764, 3.4292 -0.2117 0.4764, 3.4843 -0.0788 0.4764, 3.5127 -0.067 0.4764, 3.3665 0.3504 0.4724, 3.3665 0.3504 0.4764, 3.5433 0.3504 0.4724, 3.5437 0.3504 0.4764, 3.5433 0.3504 0.0, 3.5437 0.3504 -0.0039, 3.2091 0.3504 0.0, 3.2091 0.3504 -0.0039, 3.3665 0.0748 0.4764, 3.3665 0.0748 0.4724, 3.2091 0.0748 0.0, 3.2091 0.0748 -0.0039, 3.5433 0.0748 0.0, 3.5437 0.0748 -0.0039, 3.5433 0.0748 0.4724, 3.5437 0.0748 0.4764, 3.5437 0.3307 0.4764, 3.5433 0.3307 0.4764, 3.5437 0.3307 -0.0039, 3.5433 0.3307 -0.0039, 3.5437 0.0945 -0.0039, 3.5437 0.0945 0.4764, 3.5433 0.0945 -0.0039, 3.5433 0.0945 0.4764, 3.5127 0.3267 -0.0039, 3.4843 0.3149 -0.0039, 3.4598 0.2961 -0.0039, 3.441 0.2717 -0.0039, 3.441 0.1535 -0.0039, 3.4598 0.1291 -0.0039, 3.4292 0.2432 -0.0039, 3.4252 0.2126 -0.0039, 3.4292 0.182 -0.0039, 3.4843 0.1103 -0.0039, 3.5127 0.0985 -0.0039, 3.4252 0.2126 0.4764, 3.4292 0.2432 0.4764, 3.441 0.2717 0.4764, 3.4598 0.2961 0.4764, 3.5127 0.0985 0.4764, 3.4843 0.1103 0.4764, 3.4598 0.1291 0.4764, 3.441 0.1535 0.4764, 3.4292 0.182 0.4764, 3.4843 0.3149 0.4764, 3.5127 0.3267 0.4764, 3.3665 0.7441 0.4724, 3.3665 0.7441 0.4764, 3.5433 0.7441 0.4724, 3.5437 0.7441 0.4764, 3.5433 0.7441 0.0, 3.5437 0.7441 -0.0039, 3.2091 0.7441 0.0, 3.2091 0.7441 -0.0039, 3.3665 0.4685 0.4764, 3.3665 0.4685 0.4724, 3.2091 0.4685 0.0, 3.2091 0.4685 -0.0039, 3.5433 0.4685 0.0, 3.5437 0.4685 -0.0039, 3.5433 0.4685 0.4724, 3.5437 0.4685 0.4764, 3.5437 0.7244 0.4764, 3.5433 0.7244 0.4764, 3.5437 0.7244 -0.0039, 3.5433 0.7244 -0.0039, 3.5437 0.4882 -0.0039, 3.5437 0.4882 0.4764, 3.5433 0.4882 -0.0039, 3.5433 0.4882 0.4764, 3.441 0.5472 -0.0039, 3.4598 0.5228 -0.0039, 3.5127 0.7204 -0.0039, 3.4843 0.7086 -0.0039, 3.4598 0.6898 -0.0039, 3.441 0.6654 -0.0039, 3.4292 0.6369 -0.0039, 3.4252 0.6063 -0.0039, 3.4292 0.5757 -0.0039, 3.4843 0.504 -0.0039, 3.5127 0.4922 -0.0039, 3.441 0.6654 0.4764, 3.4598 0.6898 0.4764, 3.4598 0.5228 0.4764, 3.441 0.5472 0.4764, 3.4292 0.5757 0.4764, 3.4252 0.6063 0.4764, 3.4292 0.6369 0.4764, 3.4843 0.7086 0.4764, 3.5127 0.7204 0.4764, 3.5127 0.4922 0.4764, 3.4843 0.504 0.4764, 3.3665 1.1378 0.4724, 3.3665 1.1378 0.4764, 3.5433 1.1378 0.4724, 3.5437 1.1378 0.4764, 3.5433 1.1378 0.0, 3.5437 1.1378 -0.0039, 3.2091 1.1378 0.0, 3.2091 1.1378 -0.0039, 3.3665 0.8622 0.4764, 3.3665 0.8622 0.4724, 3.2091 0.8622 0.0, 3.2091 0.8622 -0.0039, 3.5433 0.8622 0.0, 3.5437 0.8622 -0.0039, 3.5433 0.8622 0.4724, 3.5437 0.8622 0.4764, 3.5437 1.1181 0.4764, 3.5433 1.1181 0.4764, 3.5437 1.1181 -0.0039, 3.5433 1.1181 -0.0039, 3.5437 0.8819 -0.0039, 3.5437 0.8819 0.4764, 3.5433 0.8819 -0.0039, 3.5433 0.8819 0.4764, 3.4598 1.0835 -0.0039, 3.441 1.0591 -0.0039, 3.441 0.9409 -0.0039, 3.4598 0.9165 -0.0039, 3.5127 1.1141 -0.0039, 3.4843 1.1023 -0.0039, 3.4292 1.0306 -0.0039, 3.4252 1.0 -0.0039, 3.4292 0.9694 -0.0039, 3.4843 0.8977 -0.0039, 3.5127 0.8859 -0.0039, 3.4252 1.0 0.4764, 3.4292 1.0306 0.4764, 3.441 1.0591 0.4764, 3.4598 1.0835 0.4764, 3.5127 0.8859 0.4764, 3.4843 0.8977 0.4764, 3.4598 0.9165 0.4764, 3.441 0.9409 0.4764, 3.4292 0.9694 0.4764, 3.4843 1.1023 0.4764, 3.5127 1.1141 0.4764, 3.3665 1.5315 0.4724, 3.3665 1.5315 0.4764, 3.5433 1.5315 0.4724, 3.5437 1.5315 0.4764, 3.5433 1.5315 0.0, 3.5437 1.5315 -0.0039, 3.2091 1.5315 0.0, 3.2091 1.5315 -0.0039, 3.3665 1.2559 0.4764, 3.3665 1.2559 0.4724, 3.2091 1.2559 0.0, 3.2091 1.2559 -0.0039, 3.5433 1.2559 0.0, 3.5437 1.2559 -0.0039, 3.5433 1.2559 0.4724, 3.5437 1.2559 0.4764, 3.5437 1.5118 0.4764, 3.5433 1.5118 0.4764, 3.5437 1.5118 -0.0039, 3.5433 1.5118 -0.0039, 3.5437 1.2756 -0.0039, 3.5437 1.2756 0.4764, 3.5433 1.2756 -0.0039, 3.5433 1.2756 0.4764, 3.4598 1.4772 -0.0039, 3.441 1.4528 -0.0039, 3.441 1.3346 -0.0039, 3.4598 1.3102 -0.0039, 3.5127 1.5078 -0.0039, 3.4843 1.496 -0.0039, 3.4292 1.4243 -0.0039, 3.4252 1.3937 -0.0039, 3.4292 1.3631 -0.0039, 3.4843 1.2914 -0.0039, 3.5127 1.2796 -0.0039, 3.4252 1.3937 0.4764, 3.4292 1.4243 0.4764, 3.441 1.4528 0.4764, 3.4598 1.4772 0.4764, 3.5127 1.2796 0.4764, 3.4843 1.2914 0.4764, 3.4598 1.3102 0.4764, 3.441 1.3346 0.4764, 3.4292 1.3631 0.4764, 3.4843 1.496 0.4764, 3.5127 1.5078 0.4764, 3.3665 2.1063 0.4724, 3.3665 2.1063 0.4764, 3.5433 2.1063 0.4724, 3.5437 2.1063 0.4764, 3.5433 2.1063 0.0, 3.5437 2.1063 -0.0039, 3.2091 2.1063 0.0, 3.2091 2.1063 -0.0039, 3.3665 1.8307 0.4764, 3.3665 1.8307 0.4724, 3.2091 1.8307 0.0, 3.2091 1.8307 -0.0039, 3.5433 1.8307 0.0, 3.5437 1.8307 -0.0039, 3.5433 1.8307 0.4724, 3.5437 1.8307 0.4764, 3.5437 2.0866 0.4764, 3.5433 2.0866 0.4764, 3.5437 2.0866 -0.0039, 3.5433 2.0866 -0.0039, 3.5437 1.8504 -0.0039, 3.5437 1.8504 0.4764, 3.5433 1.8504 -0.0039, 3.5433 1.8504 0.4764, 3.4598 2.052 -0.0039, 3.441 2.0276 -0.0039, 3.441 1.9094 -0.0039, 3.4598 1.885 -0.0039, 3.4292 1.9991 -0.0039, 3.4252 1.9685 -0.0039, 3.4292 1.9379 -0.0039, 3.5127 2.0826 -0.0039, 3.4843 2.0708 -0.0039, 3.4843 1.8662 -0.0039, 3.5127 1.8544 -0.0039, 3.4598 1.885 0.4764, 3.441 1.9094 0.4764, 3.441 2.0276 0.4764, 3.4598 2.052 0.4764, 3.4292 1.9379 0.4764, 3.4252 1.9685 0.4764, 3.4292 1.9991 0.4764, 3.5127 1.8544 0.4764, 3.4843 1.8662 0.4764, 3.4843 2.0708 0.4764, 3.5127 2.0826 0.4764, -3.3665 -3.0748 0.4724, -3.3665 -3.0748 0.4764, -3.5433 -3.0748 0.4724, -3.5437 -3.0748 0.4764, -3.5433 -3.0748 0.0, -3.5437 -3.0748 -0.0039, -3.2091 -3.0748 0.0, -3.2091 -3.0748 -0.0039, -3.3665 -2.7992 0.4764, -3.3665 -2.7992 0.4724, -3.2091 -2.7992 0.0, -3.2091 -2.7992 -0.0039, -3.5433 -2.7992 0.0, -3.5437 -2.7992 -0.0039, -3.5433 -2.7992 0.4724, -3.5437 -2.7992 0.4764, -3.5437 -3.0551 0.4764, -3.5433 -3.0551 0.4764, -3.5437 -3.0551 -0.0039, -3.5433 -3.0551 -0.0039, -3.5437 -2.8189 -0.0039, -3.5437 -2.8189 0.4764, -3.5433 -2.8189 -0.0039, -3.5433 -2.8189 0.4764, -3.441 -2.878 -0.0039, -3.4598 -2.8535 -0.0039, -3.4598 -3.0205 -0.0039, -3.441 -2.9961 -0.0039, -3.4292 -2.9676 -0.0039, -3.4252 -2.937 -0.0039, -3.4292 -2.9064 -0.0039, -3.5127 -3.0511 -0.0039, -3.4843 -3.0393 -0.0039, -3.4843 -2.8347 -0.0039, -3.5127 -2.8229 -0.0039, -3.4598 -2.8535 0.4764, -3.441 -2.878 0.4764, -3.441 -2.9961 0.4764, -3.4598 -3.0205 0.4764, -3.4292 -2.9064 0.4764, -3.4252 -2.937 0.4764, -3.4292 -2.9676 0.4764, -3.4843 -3.0393 0.4764, -3.5127 -3.0511 0.4764, -3.5127 -2.8229 0.4764, -3.4843 -2.8347 0.4764, -3.4843 -2.8347 0.4764
            ]
        }
        coordIndex [
            0,1,2,-1,2,1,3,-1,2,3,4,-1,4,3,5,-1,4,5,6,-1,6,5,7,-1,8,1,9,-1,9,1,0,-1,10,11,12,-1,12,11,13,-1,12,13,14,-1,14,13,15,-1,14,15,9,-1,9,15,8,-1,16,17,18,-1,18,17,19,-1,5,3,18,-1,18,3,16,-1,20,21,13,-1,13,21,15,-1,22,23,20,-1,20,23,21,-1,7,24,25,-1,26,27,11,-1,25,28,7,-1,7,28,29,-1,7,29,11,-1,11,29,30,-1,11,30,26,-1,18,19,5,-1,5,19,31,-1,5,31,7,-1,7,31,32,-1,7,32,24,-1,27,33,11,-1,11,33,34,-1,11,34,13,-1,13,34,22,-1,13,22,20,-1,8,35,36,-1,37,38,1,-1,36,39,8,-1,8,39,40,-1,8,40,1,-1,1,40,41,-1,1,41,37,-1,21,23,15,-1,15,23,42,-1,15,42,8,-1,8,42,43,-1,8,43,35,-1,38,44,1,-1,1,44,45,-1,1,45,3,-1,3,45,17,-1,3,17,16,-1,19,17,31,-1,31,17,45,-1,31,45,32,-1,32,45,44,-1,32,44,24,-1,24,44,38,-1,24,38,25,-1,25,38,37,-1,25,37,28,-1,28,37,41,-1,28,41,29,-1,29,41,40,-1,29,40,30,-1,30,40,39,-1,30,39,26,-1,26,39,36,-1,26,36,27,-1,27,36,35,-1,27,35,33,-1,33,35,43,-1,33,43,34,-1,34,43,42,-1,34,42,22,-1,22,42,23,-1,10,6,11,-1,11,6,7,-1,46,47,48,-1,48,47,49,-1,48,49,50,-1,50,49,51,-1,50,51,52,-1,52,51,53,-1,54,47,55,-1,55,47,46,-1,56,57,58,-1,58,57,59,-1,58,59,60,-1,60,59,61,-1,60,61,55,-1,55,61,54,-1,62,63,64,-1,64,63,65,-1,51,49,64,-1,64,49,62,-1,66,67,59,-1,59,67,61,-1,68,69,66,-1,66,69,67,-1,53,70,71,-1,72,73,57,-1,71,74,53,-1,53,74,75,-1,53,75,57,-1,57,75,76,-1,57,76,72,-1,64,65,51,-1,51,65,77,-1,51,77,53,-1,53,77,78,-1,53,78,70,-1,73,79,57,-1,57,79,80,-1,57,80,59,-1,59,80,68,-1,59,68,66,-1,54,81,82,-1,83,84,47,-1,82,85,54,-1,54,85,86,-1,54,86,47,-1,47,86,87,-1,47,87,83,-1,67,69,61,-1,61,69,88,-1,61,88,54,-1,54,88,89,-1,54,89,81,-1,84,90,47,-1,47,90,91,-1,47,91,49,-1,49,91,63,-1,49,63,62,-1,65,63,77,-1,77,63,91,-1,77,91,78,-1,78,91,90,-1,78,90,70,-1,70,90,84,-1,70,84,71,-1,71,84,83,-1,71,83,74,-1,74,83,87,-1,74,87,75,-1,75,87,86,-1,75,86,76,-1,76,86,85,-1,76,85,72,-1,72,85,82,-1,72,82,73,-1,73,82,81,-1,73,81,79,-1,79,81,89,-1,79,89,80,-1,80,89,88,-1,80,88,68,-1,68,88,69,-1,92,93,94,-1,94,93,95,-1,94,95,96,-1,96,95,97,-1,96,97,98,-1,98,97,99,-1,100,93,101,-1,101,93,92,-1,102,103,104,-1,104,103,105,-1,104,105,106,-1,106,105,107,-1,106,107,101,-1,101,107,100,-1,108,109,110,-1,110,109,111,-1,97,95,110,-1,110,95,108,-1,112,113,105,-1,105,113,107,-1,114,115,112,-1,112,115,113,-1,99,116,117,-1,118,119,103,-1,117,120,99,-1,99,120,121,-1,99,121,103,-1,103,121,122,-1,103,122,118,-1,110,111,97,-1,97,111,123,-1,97,123,99,-1,99,123,124,-1,99,124,116,-1,119,125,103,-1,103,125,126,-1,103,126,105,-1,105,126,114,-1,105,114,112,-1,100,127,128,-1,129,130,93,-1,128,131,100,-1,100,131,132,-1,100,132,93,-1,93,132,133,-1,93,133,129,-1,113,115,107,-1,107,115,134,-1,107,134,100,-1,100,134,135,-1,100,135,127,-1,130,136,93,-1,93,136,137,-1,93,137,95,-1,95,137,109,-1,95,109,108,-1,111,109,123,-1,123,109,137,-1,123,137,124,-1,124,137,136,-1,124,136,116,-1,116,136,130,-1,116,130,117,-1,117,130,129,-1,117,129,120,-1,120,129,133,-1,120,133,121,-1,121,133,132,-1,121,132,122,-1,122,132,131,-1,122,131,118,-1,118,131,128,-1,118,128,119,-1,119,128,127,-1,119,127,125,-1,125,127,135,-1,125,135,126,-1,126,135,134,-1,126,134,114,-1,114,134,115,-1,138,139,140,-1,140,139,141,-1,140,141,142,-1,142,141,143,-1,142,143,144,-1,144,143,145,-1,146,139,147,-1,147,139,138,-1,148,149,150,-1,150,149,151,-1,150,151,152,-1,152,151,153,-1,152,153,147,-1,147,153,146,-1,154,155,156,-1,156,155,157,-1,143,141,156,-1,156,141,154,-1,158,159,151,-1,151,159,153,-1,160,161,158,-1,158,161,159,-1,145,162,163,-1,164,165,149,-1,163,166,145,-1,145,166,167,-1,145,167,149,-1,149,167,168,-1,149,168,164,-1,156,157,143,-1,143,157,169,-1,143,169,145,-1,145,169,170,-1,145,170,162,-1,165,171,149,-1,149,171,172,-1,149,172,151,-1,151,172,160,-1,151,160,158,-1,146,173,174,-1,175,176,139,-1,174,177,146,-1,146,177,178,-1,146,178,139,-1,139,178,179,-1,139,179,175,-1,159,161,153,-1,153,161,180,-1,153,180,146,-1,146,180,181,-1,146,181,173,-1,176,182,139,-1,139,182,183,-1,139,183,141,-1,141,183,155,-1,141,155,154,-1,157,155,169,-1,169,155,183,-1,169,183,170,-1,170,183,182,-1,170,182,162,-1,162,182,176,-1,162,176,163,-1,163,176,175,-1,163,175,166,-1,166,175,179,-1,166,179,167,-1,167,179,178,-1,167,178,168,-1,168,178,177,-1,168,177,164,-1,164,177,174,-1,164,174,165,-1,165,174,173,-1,165,173,171,-1,171,173,181,-1,171,181,172,-1,172,181,180,-1,172,180,160,-1,160,180,161,-1,184,185,186,-1,186,185,187,-1,186,187,188,-1,188,187,189,-1,188,189,190,-1,190,189,191,-1,192,185,193,-1,193,185,184,-1,194,195,196,-1,196,195,197,-1,196,197,198,-1,198,197,199,-1,198,199,193,-1,193,199,192,-1,200,201,202,-1,202,201,203,-1,189,187,202,-1,202,187,200,-1,204,205,197,-1,197,205,199,-1,206,207,204,-1,204,207,205,-1,191,208,209,-1,210,211,195,-1,202,203,189,-1,189,203,212,-1,189,212,191,-1,191,212,213,-1,191,213,208,-1,209,214,191,-1,191,214,215,-1,191,215,195,-1,195,215,216,-1,195,216,210,-1,211,217,195,-1,195,217,218,-1,195,218,197,-1,197,218,206,-1,197,206,204,-1,219,185,192,-1,219,220,185,-1,185,220,221,-1,185,221,222,-1,205,207,199,-1,199,207,223,-1,199,223,192,-1,192,223,224,-1,192,224,225,-1,225,226,192,-1,192,226,227,-1,192,227,219,-1,222,228,185,-1,185,228,229,-1,185,229,187,-1,187,229,201,-1,187,201,200,-1,203,201,212,-1,212,201,229,-1,212,229,213,-1,213,229,228,-1,213,228,208,-1,208,228,222,-1,208,222,209,-1,209,222,221,-1,209,221,214,-1,214,221,220,-1,214,220,215,-1,215,220,219,-1,215,219,216,-1,216,219,227,-1,216,227,210,-1,210,227,226,-1,210,226,211,-1,211,226,225,-1,211,225,217,-1,217,225,224,-1,217,224,218,-1,218,224,223,-1,218,223,206,-1,206,223,207,-1,230,231,232,-1,232,231,233,-1,232,233,234,-1,234,233,235,-1,234,235,236,-1,236,235,237,-1,238,231,239,-1,239,231,230,-1,240,241,242,-1,242,241,243,-1,242,243,244,-1,244,243,245,-1,244,245,239,-1,239,245,238,-1,246,247,248,-1,248,247,249,-1,235,233,248,-1,248,233,246,-1,250,251,243,-1,243,251,245,-1,252,253,250,-1,250,253,251,-1,237,254,255,-1,256,257,241,-1,248,249,235,-1,235,249,258,-1,235,258,237,-1,237,258,259,-1,237,259,254,-1,255,260,237,-1,237,260,261,-1,237,261,241,-1,241,261,262,-1,241,262,256,-1,257,263,241,-1,241,263,264,-1,241,264,243,-1,243,264,252,-1,243,252,250,-1,265,231,238,-1,265,266,231,-1,231,266,267,-1,231,267,268,-1,251,253,245,-1,245,253,269,-1,245,269,238,-1,238,269,270,-1,238,270,271,-1,271,272,238,-1,238,272,273,-1,238,273,265,-1,268,274,231,-1,231,274,275,-1,231,275,233,-1,233,275,247,-1,233,247,246,-1,249,247,258,-1,258,247,275,-1,258,275,259,-1,259,275,274,-1,259,274,254,-1,254,274,268,-1,254,268,255,-1,255,268,267,-1,255,267,260,-1,260,267,266,-1,260,266,261,-1,261,266,265,-1,261,265,262,-1,262,265,273,-1,262,273,256,-1,256,273,272,-1,256,272,257,-1,257,272,271,-1,257,271,263,-1,263,271,270,-1,263,270,264,-1,264,270,269,-1,264,269,252,-1,252,269,253,-1,276,277,278,-1,278,277,279,-1,278,279,280,-1,280,279,281,-1,280,281,282,-1,282,281,283,-1,284,277,285,-1,285,277,276,-1,286,287,288,-1,288,287,289,-1,288,289,290,-1,290,289,291,-1,290,291,285,-1,285,291,284,-1,292,293,294,-1,294,293,295,-1,281,279,294,-1,294,279,292,-1,296,297,289,-1,289,297,291,-1,298,299,296,-1,296,299,297,-1,300,301,287,-1,294,295,281,-1,281,295,302,-1,281,302,283,-1,302,303,283,-1,283,303,304,-1,283,304,305,-1,305,306,283,-1,283,306,307,-1,283,307,287,-1,287,307,308,-1,287,308,300,-1,301,309,287,-1,287,309,310,-1,287,310,289,-1,289,310,298,-1,289,298,296,-1,311,312,277,-1,284,313,314,-1,314,315,284,-1,284,315,316,-1,284,316,277,-1,277,316,317,-1,277,317,311,-1,312,318,277,-1,277,318,319,-1,277,319,279,-1,279,319,293,-1,279,293,292,-1,297,299,291,-1,291,299,320,-1,291,320,284,-1,284,320,321,-1,284,321,313,-1,295,293,302,-1,302,293,319,-1,302,319,303,-1,303,319,318,-1,303,318,304,-1,304,318,312,-1,304,312,305,-1,305,312,311,-1,305,311,306,-1,306,311,317,-1,306,317,307,-1,307,317,316,-1,307,316,308,-1,308,316,315,-1,308,315,300,-1,300,315,314,-1,300,314,301,-1,301,314,313,-1,301,313,309,-1,309,313,321,-1,309,321,310,-1,310,321,320,-1,310,320,298,-1,298,320,299,-1,322,323,324,-1,324,323,325,-1,324,325,326,-1,326,325,327,-1,326,327,328,-1,328,327,329,-1,330,323,331,-1,331,323,322,-1,332,333,334,-1,334,333,335,-1,334,335,336,-1,336,335,337,-1,336,337,331,-1,331,337,330,-1,338,339,340,-1,340,339,341,-1,327,325,340,-1,340,325,338,-1,342,343,335,-1,335,343,337,-1,344,345,342,-1,342,345,343,-1,340,341,327,-1,327,341,346,-1,327,346,329,-1,346,347,329,-1,329,347,348,-1,329,348,349,-1,350,351,333,-1,349,352,329,-1,329,352,353,-1,329,353,333,-1,333,353,354,-1,333,354,350,-1,351,355,333,-1,333,355,356,-1,333,356,335,-1,335,356,344,-1,335,344,342,-1,357,323,330,-1,357,358,323,-1,323,358,359,-1,323,359,360,-1,343,345,337,-1,337,345,361,-1,337,361,330,-1,330,361,362,-1,330,362,363,-1,363,364,330,-1,330,364,365,-1,330,365,357,-1,360,366,323,-1,323,366,367,-1,323,367,325,-1,325,367,339,-1,325,339,338,-1,341,339,346,-1,346,339,367,-1,346,367,347,-1,347,367,366,-1,347,366,348,-1,348,366,360,-1,348,360,349,-1,349,360,359,-1,349,359,352,-1,352,359,358,-1,352,358,353,-1,353,358,357,-1,353,357,354,-1,354,357,365,-1,354,365,350,-1,350,365,364,-1,350,364,351,-1,351,364,363,-1,351,363,355,-1,355,363,362,-1,355,362,356,-1,356,362,361,-1,356,361,344,-1,344,361,345,-1,368,369,370,-1,370,369,371,-1,370,371,372,-1,372,371,373,-1,372,373,374,-1,374,373,375,-1,376,369,377,-1,377,369,368,-1,378,379,380,-1,380,379,381,-1,380,381,382,-1,382,381,383,-1,382,383,377,-1,377,383,376,-1,384,385,386,-1,386,385,387,-1,373,371,386,-1,386,371,384,-1,388,389,381,-1,381,389,383,-1,390,391,388,-1,388,391,389,-1,386,387,373,-1,373,387,392,-1,373,392,375,-1,392,393,375,-1,375,393,394,-1,375,394,395,-1,396,397,379,-1,395,398,375,-1,375,398,399,-1,375,399,379,-1,379,399,400,-1,379,400,396,-1,397,401,379,-1,379,401,402,-1,379,402,381,-1,381,402,390,-1,381,390,388,-1,403,369,376,-1,403,404,369,-1,369,404,405,-1,369,405,406,-1,389,391,383,-1,383,391,407,-1,383,407,376,-1,376,407,408,-1,376,408,409,-1,409,410,376,-1,376,410,411,-1,376,411,403,-1,406,412,369,-1,369,412,413,-1,369,413,371,-1,371,413,385,-1,371,385,384,-1,387,385,392,-1,392,385,413,-1,392,413,393,-1,393,413,412,-1,393,412,394,-1,394,412,406,-1,394,406,395,-1,395,406,405,-1,395,405,398,-1,398,405,404,-1,398,404,399,-1,399,404,403,-1,399,403,400,-1,400,403,411,-1,400,411,396,-1,396,411,410,-1,396,410,397,-1,397,410,409,-1,397,409,401,-1,401,409,408,-1,401,408,402,-1,402,408,407,-1,402,407,390,-1,390,407,391,-1,414,415,416,-1,416,415,417,-1,416,417,418,-1,418,417,419,-1,418,419,420,-1,420,419,421,-1,422,415,423,-1,423,415,414,-1,424,425,426,-1,426,425,427,-1,426,427,428,-1,428,427,429,-1,428,429,423,-1,423,429,422,-1,430,431,432,-1,432,431,433,-1,419,417,432,-1,432,417,430,-1,434,435,427,-1,427,435,429,-1,436,437,434,-1,434,437,435,-1,438,439,425,-1,432,433,419,-1,419,433,440,-1,419,440,421,-1,440,441,421,-1,421,441,442,-1,421,442,443,-1,443,444,421,-1,421,444,445,-1,421,445,425,-1,425,445,446,-1,425,446,438,-1,439,447,425,-1,425,447,448,-1,425,448,427,-1,427,448,436,-1,427,436,434,-1,449,450,415,-1,422,451,452,-1,452,453,422,-1,422,453,454,-1,422,454,415,-1,415,454,455,-1,415,455,449,-1,450,456,415,-1,415,456,457,-1,415,457,417,-1,417,457,431,-1,417,431,430,-1,435,437,429,-1,429,437,458,-1,429,458,422,-1,422,458,459,-1,422,459,451,-1,433,431,440,-1,440,431,457,-1,440,457,441,-1,441,457,456,-1,441,456,442,-1,442,456,450,-1,442,450,443,-1,443,450,449,-1,443,449,444,-1,444,449,455,-1,444,455,445,-1,445,455,454,-1,445,454,446,-1,446,454,453,-1,446,453,438,-1,438,453,452,-1,438,452,439,-1,439,452,451,-1,439,451,447,-1,447,451,459,-1,447,459,448,-1,448,459,458,-1,448,458,436,-1,436,458,437,-1,460,461,462,-1,462,461,463,-1,462,463,464,-1,464,463,465,-1,464,465,466,-1,466,465,467,-1,468,461,469,-1,469,461,460,-1,470,471,472,-1,472,471,473,-1,472,473,474,-1,474,473,475,-1,474,475,469,-1,469,475,468,-1,476,477,478,-1,478,477,479,-1,465,463,478,-1,478,463,476,-1,480,481,473,-1,473,481,475,-1,482,483,480,-1,480,483,481,-1,467,484,485,-1,486,487,471,-1,478,479,465,-1,465,479,488,-1,465,488,467,-1,467,488,489,-1,467,489,484,-1,485,490,467,-1,467,490,491,-1,467,491,471,-1,471,491,492,-1,471,492,486,-1,487,493,471,-1,471,493,494,-1,471,494,473,-1,473,494,482,-1,473,482,480,-1,495,461,468,-1,495,496,461,-1,461,496,497,-1,461,497,498,-1,481,483,475,-1,475,483,499,-1,475,499,468,-1,468,499,500,-1,468,500,501,-1,501,502,468,-1,468,502,503,-1,468,503,495,-1,498,504,461,-1,461,504,505,-1,461,505,463,-1,463,505,477,-1,463,477,476,-1,479,477,488,-1,488,477,505,-1,488,505,489,-1,489,505,504,-1,489,504,484,-1,484,504,498,-1,484,498,485,-1,485,498,497,-1,485,497,490,-1,490,497,496,-1,490,496,491,-1,491,496,495,-1,491,495,492,-1,492,495,503,-1,492,503,486,-1,486,503,502,-1,486,502,487,-1,487,502,501,-1,487,501,493,-1,493,501,500,-1,493,500,494,-1,494,500,499,-1,494,499,482,-1,482,499,483,-1,506,507,508,-1,508,507,509,-1,508,509,510,-1,510,509,511,-1,510,511,512,-1,512,511,513,-1,514,507,515,-1,515,507,506,-1,516,517,518,-1,518,517,519,-1,518,519,520,-1,520,519,521,-1,520,521,515,-1,515,521,514,-1,522,523,524,-1,524,523,525,-1,511,509,524,-1,524,509,522,-1,526,527,519,-1,519,527,521,-1,528,529,526,-1,526,529,527,-1,513,530,531,-1,532,533,517,-1,524,525,511,-1,511,525,534,-1,511,534,513,-1,513,534,535,-1,513,535,530,-1,531,536,513,-1,513,536,537,-1,513,537,517,-1,517,537,538,-1,517,538,532,-1,533,539,517,-1,517,539,540,-1,517,540,519,-1,519,540,528,-1,519,528,526,-1,541,507,514,-1,541,542,507,-1,507,542,543,-1,507,543,544,-1,527,529,521,-1,521,529,545,-1,521,545,514,-1,514,545,546,-1,514,546,547,-1,547,548,514,-1,514,548,549,-1,514,549,541,-1,544,550,507,-1,507,550,551,-1,507,551,509,-1,509,551,523,-1,509,523,522,-1,525,523,534,-1,534,523,551,-1,534,551,535,-1,535,551,550,-1,535,550,530,-1,530,550,544,-1,530,544,531,-1,531,544,543,-1,531,543,536,-1,536,543,542,-1,536,542,537,-1,537,542,541,-1,537,541,538,-1,538,541,549,-1,538,549,532,-1,532,549,548,-1,532,548,533,-1,533,548,547,-1,533,547,539,-1,539,547,546,-1,539,546,540,-1,540,546,545,-1,540,545,528,-1,528,545,529,-1,56,52,57,-1,57,52,53,-1,102,98,103,-1,103,98,99,-1,148,144,149,-1,149,144,145,-1,194,190,195,-1,195,190,191,-1,240,236,241,-1,241,236,237,-1,286,282,287,-1,287,282,283,-1,332,328,333,-1,333,328,329,-1,378,374,379,-1,379,374,375,-1,424,420,425,-1,425,420,421,-1,470,466,471,-1,471,466,467,-1,516,512,517,-1,517,512,513,-1,552,553,554,-1,554,553,555,-1,554,555,556,-1,556,555,557,-1,556,557,558,-1,558,557,559,-1,560,553,561,-1,561,553,552,-1,562,563,564,-1,564,563,565,-1,564,565,566,-1,566,565,567,-1,566,567,561,-1,561,567,560,-1,568,569,570,-1,570,569,571,-1,557,555,570,-1,570,555,568,-1,572,573,565,-1,565,573,567,-1,574,575,572,-1,572,575,573,-1,559,576,577,-1,578,579,563,-1,577,580,559,-1,559,580,581,-1,559,581,563,-1,563,581,582,-1,563,582,578,-1,570,571,557,-1,557,571,583,-1,557,583,559,-1,559,583,584,-1,559,584,576,-1,579,585,563,-1,563,585,586,-1,563,586,565,-1,565,586,574,-1,565,574,572,-1,560,587,588,-1,589,590,553,-1,588,591,560,-1,560,591,592,-1,560,592,553,-1,553,592,593,-1,553,593,589,-1,573,575,567,-1,567,575,594,-1,567,594,560,-1,560,594,595,-1,560,595,587,-1,590,596,553,-1,553,596,597,-1,553,597,555,-1,555,597,569,-1,555,569,568,-1,571,569,583,-1,583,569,597,-1,583,597,584,-1,584,597,596,-1,584,596,576,-1,576,596,590,-1,576,590,577,-1,577,590,589,-1,577,589,580,-1,580,589,593,-1,580,593,581,-1,581,593,592,-1,581,592,582,-1,582,592,591,-1,582,591,578,-1,578,591,588,-1,578,588,579,-1,579,588,587,-1,579,587,585,-1,585,587,595,-1,585,595,586,-1,586,595,594,-1,586,594,574,-1,574,594,575,-1,562,558,563,-1,563,558,559,-1,598,599,600,-1,600,599,601,-1,600,601,602,-1,602,601,603,-1,602,603,604,-1,604,603,605,-1,606,599,607,-1,607,599,598,-1,608,609,610,-1,610,609,611,-1,610,611,612,-1,612,611,613,-1,612,613,607,-1,607,613,606,-1,614,615,616,-1,616,615,617,-1,603,601,616,-1,616,601,614,-1,618,619,611,-1,611,619,613,-1,620,621,618,-1,618,621,619,-1,622,623,609,-1,605,624,625,-1,625,626,605,-1,605,626,627,-1,605,627,609,-1,609,627,628,-1,609,628,622,-1,616,617,603,-1,603,617,629,-1,603,629,605,-1,605,629,630,-1,605,630,624,-1,623,631,609,-1,609,631,632,-1,609,632,611,-1,611,632,620,-1,611,620,618,-1,606,633,634,-1,635,636,599,-1,634,637,606,-1,606,637,638,-1,606,638,599,-1,599,638,639,-1,599,639,635,-1,636,640,599,-1,599,640,641,-1,599,641,601,-1,601,641,615,-1,601,615,614,-1,619,621,613,-1,613,621,642,-1,613,642,606,-1,606,642,643,-1,606,643,633,-1,617,615,629,-1,629,615,641,-1,629,641,630,-1,630,641,640,-1,630,640,624,-1,624,640,636,-1,624,636,625,-1,625,636,635,-1,625,635,626,-1,626,635,639,-1,626,639,627,-1,627,639,638,-1,627,638,628,-1,628,638,637,-1,628,637,622,-1,622,637,634,-1,622,634,623,-1,623,634,633,-1,623,633,631,-1,631,633,643,-1,631,643,632,-1,632,643,642,-1,632,642,620,-1,620,642,621,-1,
        ]
    }
}
Shape{
    appearance Appearance {
        material  Material 	{
            diffuseColor 1.0 1.0 1.0
            specularColor 0.8784313725490196 0.8784313725490196 0.8784313725490196
            ambientIntensity 0.2
            transparency 0
            shininess 0.5
        }
    }
    geometry IndexedFaceSet {
        ccw TRUE
        solid FALSE
        coord DEF co Coordinate {
            point [
                -3.2091 -2.7992 0.0, -3.2091 -3.0748 0.0, -3.2091 -2.7992 -0.0039, -3.2091 -3.0748 -0.0039, -3.2091 -3.0748 -0.0039
            ]
        }
        coordIndex [
            0,1,2,-1,2,1,3,-1,
        ]
    }
}
Shape{
    appearance Appearance {
        material  Material 	{
            diffuseColor 0.8274509803921568 0.6666666666666666 0.12941176470588237
            specularColor 0.8274509803921568 0.6666666666666666 0.12941176470588237
            ambientIntensity 0.2
            transparency 0
            shininess 0.5
        }
    }
    geometry IndexedFaceSet {
        ccw TRUE
        solid FALSE
        coord DEF co Coordinate {
            point [
                -3.3665 -2.6811 0.4724, -3.3665 -2.6811 0.4764, -3.5433 -2.6811 0.4724, -3.5437 -2.6811 0.4764, -3.5433 -2.6811 0.0, -3.5437 -2.6811 -0.0039, -3.2091 -2.6811 0.0, -3.2091 -2.6811 -0.0039, -3.3665 -2.4055 0.4764, -3.3665 -2.4055 0.4724, -3.2091 -2.4055 0.0, -3.2091 -2.4055 -0.0039, -3.5433 -2.4055 0.0, -3.5437 -2.4055 -0.0039, -3.5433 -2.4055 0.4724, -3.5437 -2.4055 0.4764, -3.5437 -2.6614 0.4764, -3.5433 -2.6614 0.4764, -3.5437 -2.6614 -0.0039, -3.5433 -2.6614 -0.0039, -3.5437 -2.4252 -0.0039, -3.5437 -2.4252 0.4764, -3.5433 -2.4252 -0.0039, -3.5433 -2.4252 0.4764, -3.4598 -2.6268 -0.0039, -3.441 -2.6024 -0.0039, -3.441 -2.4843 -0.0039, -3.4598 -2.4598 -0.0039, -3.5127 -2.6574 -0.0039, -3.4843 -2.6456 -0.0039, -3.4292 -2.5739 -0.0039, -3.4252 -2.5433 -0.0039, -3.4292 -2.5127 -0.0039, -3.4843 -2.441 -0.0039, -3.5127 -2.4292 -0.0039, -3.4598 -2.4598 0.4764, -3.441 -2.4843 0.4764, -3.441 -2.6024 0.4764, -3.4598 -2.6268 0.4764, -3.4292 -2.5127 0.4764, -3.4252 -2.5433 0.4764, -3.4292 -2.5739 0.4764, -3.4843 -2.6456 0.4764, -3.5127 -2.6574 0.4764, -3.5127 -2.4292 0.4764, -3.4843 -2.441 0.4764, -3.3665 -2.2874 0.4724, -3.3665 -2.2874 0.4764, -3.5433 -2.2874 0.4724, -3.5437 -2.2874 0.4764, -3.5433 -2.2874 0.0, -3.5437 -2.2874 -0.0039, -3.2091 -2.2874 0.0, -3.2091 -2.2874 -0.0039, -3.3665 -2.0118 0.4764, -3.3665 -2.0118 0.4724, -3.2091 -2.0118 0.0, -3.2091 -2.0118 -0.0039, -3.5433 -2.0118 0.0, -3.5437 -2.0118 -0.0039, -3.5433 -2.0118 0.4724, -3.5437 -2.0118 0.4764, -3.5437 -2.2677 0.4764, -3.5433 -2.2677 0.4764, -3.5437 -2.2677 -0.0039, -3.5433 -2.2677 -0.0039, -3.5437 -2.0315 -0.0039, -3.5437 -2.0315 0.4764, -3.5433 -2.0315 -0.0039, -3.5433 -2.0315 0.4764, -3.4598 -2.2331 -0.0039, -3.441 -2.2087 -0.0039, -3.441 -2.0906 -0.0039, -3.4598 -2.0661 -0.0039, -3.5127 -2.2637 -0.0039, -3.4843 -2.2519 -0.0039, -3.4292 -2.1802 -0.0039, -3.4252 -2.1496 -0.0039, -3.4292 -2.119 -0.0039, -3.4843 -2.0473 -0.0039, -3.5127 -2.0355 -0.0039, -3.4598 -2.0661 0.4764, -3.441 -2.0906 0.4764, -3.441 -2.2087 0.4764, -3.4598 -2.2331 0.4764, -3.4292 -2.119 0.4764, -3.4252 -2.1496 0.4764, -3.4292 -2.1802 0.4764, -3.4843 -2.2519 0.4764, -3.5127 -2.2637 0.4764, -3.5127 -2.0355 0.4764, -3.4843 -2.0473 0.4764, -3.3665 -1.8937 0.4724, -3.3665 -1.8937 0.4764, -3.5433 -1.8937 0.4724, -3.5437 -1.8937 0.4764, -3.5433 -1.8937 0.0, -3.5437 -1.8937 -0.0039, -3.2091 -1.8937 0.0, -3.2091 -1.8937 -0.0039, -3.3665 -1.6181 0.4764, -3.3665 -1.6181 0.4724, -3.2091 -1.6181 0.0, -3.2091 -1.6181 -0.0039, -3.5433 -1.6181 0.0, -3.5437 -1.6181 -0.0039, -3.5433 -1.6181 0.4724, -3.5437 -1.6181 0.4764, -3.5437 -1.874 0.4764, -3.5433 -1.874 0.4764, -3.5437 -1.874 -0.0039, -3.5433 -1.874 -0.0039, -3.5437 -1.6378 -0.0039, -3.5437 -1.6378 0.4764, -3.5433 -1.6378 -0.0039, -3.5433 -1.6378 0.4764, -3.4598 -1.8394 -0.0039, -3.441 -1.815 -0.0039, -3.441 -1.6969 -0.0039, -3.4598 -1.6724 -0.0039, -3.5127 -1.87 -0.0039, -3.4843 -1.8582 -0.0039, -3.4292 -1.7865 -0.0039, -3.4252 -1.7559 -0.0039, -3.4292 -1.7253 -0.0039, -3.4843 -1.6536 -0.0039, -3.5127 -1.6418 -0.0039, -3.5127 -1.6418 0.4764, -3.4843 -1.6536 0.4764, -3.4598 -1.6724 0.4764, -3.441 -1.6969 0.4764, -3.441 -1.815 0.4764, -3.4598 -1.8394 0.4764, -3.4292 -1.7253 0.4764, -3.4252 -1.7559 0.4764, -3.4292 -1.7865 0.4764, -3.4843 -1.8582 0.4764, -3.5127 -1.87 0.4764, -3.3665 -1.5 0.4724, -3.3665 -1.5 0.4764, -3.5433 -1.5 0.4724, -3.5437 -1.5 0.4764, -3.5433 -1.5 0.0, -3.5437 -1.5 -0.0039, -3.2091 -1.5 0.0, -3.2091 -1.5 -0.0039, -3.3665 -1.2244 0.4764, -3.3665 -1.2244 0.4724, -3.2091 -1.2244 0.0, -3.2091 -1.2244 -0.0039, -3.5433 -1.2244 0.0, -3.5437 -1.2244 -0.0039, -3.5433 -1.2244 0.4724, -3.5437 -1.2244 0.4764, -3.5437 -1.4803 0.4764, -3.5433 -1.4803 0.4764, -3.5437 -1.4803 -0.0039, -3.5433 -1.4803 -0.0039, -3.5437 -1.2441 -0.0039, -3.5437 -1.2441 0.4764, -3.5433 -1.2441 -0.0039, -3.5433 -1.2441 0.4764, -3.4598 -1.4457 -0.0039, -3.441 -1.4213 -0.0039, -3.441 -1.3031 -0.0039, -3.4598 -1.2787 -0.0039, -3.5127 -1.4763 -0.0039, -3.4843 -1.4645 -0.0039, -3.4292 -1.3928 -0.0039, -3.4252 -1.3622 -0.0039, -3.4292 -1.3316 -0.0039, -3.4843 -1.2599 -0.0039, -3.5127 -1.2481 -0.0039, -3.5127 -1.2481 0.4764, -3.441 -1.4213 0.4764, -3.4598 -1.4457 0.4764, -3.4843 -1.4645 0.4764, -3.5127 -1.4763 0.4764, -3.4843 -1.2599 0.4764, -3.4598 -1.2787 0.4764, -3.441 -1.3031 0.4764, -3.4292 -1.3316 0.4764, -3.4252 -1.3622 0.4764, -3.4292 -1.3928 0.4764, -3.3665 -1.1063 0.4724, -3.3665 -1.1063 0.4764, -3.5433 -1.1063 0.4724, -3.5437 -1.1063 0.4764, -3.5433 -1.1063 0.0, -3.5437 -1.1063 -0.0039, -3.2091 -1.1063 0.0, -3.2091 -1.1063 -0.0039, -3.3665 -0.8307 0.4764, -3.3665 -0.8307 0.4724, -3.2091 -0.8307 0.0, -3.2091 -0.8307 -0.0039, -3.5433 -0.8307 0.0, -3.5437 -0.8307 -0.0039, -3.5433 -0.8307 0.4724, -3.5437 -0.8307 0.4764, -3.5437 -1.0866 0.4764, -3.5433 -1.0866 0.4764, -3.5437 -1.0866 -0.0039, -3.5433 -1.0866 -0.0039, -3.5437 -0.8504 -0.0039, -3.5437 -0.8504 0.4764, -3.5433 -0.8504 -0.0039, -3.5433 -0.8504 0.4764, -3.4598 -1.052 -0.0039, -3.441 -1.0276 -0.0039, -3.441 -0.9094 -0.0039, -3.4598 -0.885 -0.0039, -3.5127 -1.0826 -0.0039, -3.4843 -1.0708 -0.0039, -3.4292 -0.9991 -0.0039, -3.4252 -0.9685 -0.0039, -3.4292 -0.9379 -0.0039, -3.4843 -0.8662 -0.0039, -3.5127 -0.8544 -0.0039, -3.5127 -0.8544 0.4764, -3.4843 -0.8662 0.4764, -3.4598 -0.885 0.4764, -3.441 -0.9094 0.4764, -3.441 -1.0276 0.4764, -3.4598 -1.052 0.4764, -3.4292 -0.9379 0.4764, -3.4252 -0.9685 0.4764, -3.4292 -0.9991 0.4764, -3.4843 -1.0708 0.4764, -3.5127 -1.0826 0.4764, -3.3665 -0.7126 0.4724, -3.3665 -0.7126 0.4764, -3.5433 -0.7126 0.4724, -3.5437 -0.7126 0.4764, -3.5433 -0.7126 0.0, -3.5437 -0.7126 -0.0039, -3.2091 -0.7126 0.0, -3.2091 -0.7126 -0.0039, -3.3665 -0.437 0.4764, -3.3665 -0.437 0.4724, -3.2091 -0.437 0.0, -3.2091 -0.437 -0.0039, -3.5433 -0.437 0.0, -3.5437 -0.437 -0.0039, -3.5433 -0.437 0.4724, -3.5437 -0.437 0.4764, -3.5437 -0.6929 0.4764, -3.5433 -0.6929 0.4764, -3.5437 -0.6929 -0.0039, -3.5433 -0.6929 -0.0039, -3.5437 -0.4567 -0.0039, -3.5437 -0.4567 0.4764, -3.5433 -0.4567 -0.0039, -3.5433 -0.4567 0.4764, -3.5127 -0.4607 -0.0039, -3.4843 -0.4725 -0.0039, -3.5127 -0.6889 -0.0039, -3.4843 -0.6771 -0.0039, -3.4598 -0.6583 -0.0039, -3.4292 -0.5442 -0.0039, -3.4252 -0.5748 -0.0039, -3.441 -0.5157 -0.0039, -3.4598 -0.4913 -0.0039, -3.441 -0.6339 -0.0039, -3.4292 -0.6054 -0.0039, -3.5127 -0.6889 0.4764, -3.5127 -0.4607 0.4764, -3.4843 -0.4725 0.4764, -3.4598 -0.4913 0.4764, -3.441 -0.5157 0.4764, -3.441 -0.6339 0.4764, -3.4598 -0.6583 0.4764, -3.4843 -0.6771 0.4764, -3.4292 -0.5442 0.4764, -3.4252 -0.5748 0.4764, -3.4292 -0.6054 0.4764, -3.3665 -0.3189 0.4724, -3.3665 -0.3189 0.4764, -3.5433 -0.3189 0.4724, -3.5437 -0.3189 0.4764, -3.5433 -0.3189 0.0, -3.5437 -0.3189 -0.0039, -3.2091 -0.3189 0.0, -3.2091 -0.3189 -0.0039, -3.3665 -0.0433 0.4764, -3.3665 -0.0433 0.4724, -3.2091 -0.0433 0.0, -3.2091 -0.0433 -0.0039, -3.5433 -0.0433 0.0, -3.5437 -0.0433 -0.0039, -3.5433 -0.0433 0.4724, -3.5437 -0.0433 0.4764, -3.5437 -0.2992 0.4764, -3.5433 -0.2992 0.4764, -3.5437 -0.2992 -0.0039, -3.5433 -0.2992 -0.0039, -3.5437 -0.063 -0.0039, -3.5437 -0.063 0.4764, -3.5433 -0.063 -0.0039, -3.5433 -0.063 0.4764, -3.441 -0.122 -0.0039, -3.4598 -0.0976 -0.0039, -3.5127 -0.2952 -0.0039, -3.4843 -0.2834 -0.0039, -3.4598 -0.2646 -0.0039, -3.4252 -0.1811 -0.0039, -3.4292 -0.1505 -0.0039, -3.4843 -0.0788 -0.0039, -3.5127 -0.067 -0.0039, -3.441 -0.2402 -0.0039, -3.4292 -0.2117 -0.0039, -3.5127 -0.2952 0.4764, -3.5127 -0.067 0.4764, -3.4843 -0.0788 0.4764, -3.4598 -0.0976 0.4764, -3.441 -0.122 0.4764, -3.441 -0.2402 0.4764, -3.4598 -0.2646 0.4764, -3.4843 -0.2834 0.4764, -3.4292 -0.1505 0.4764, -3.4252 -0.1811 0.4764, -3.4292 -0.2117 0.4764, -3.3665 0.0748 0.4724, -3.3665 0.0748 0.4764, -3.5433 0.0748 0.4724, -3.5437 0.0748 0.4764, -3.5433 0.0748 0.0, -3.5437 0.0748 -0.0039, -3.2091 0.0748 0.0, -3.2091 0.0748 -0.0039, -3.3665 0.3504 0.4764, -3.3665 0.3504 0.4724, -3.2091 0.3504 0.0, -3.2091 0.3504 -0.0039, -3.5433 0.3504 0.0, -3.5437 0.3504 -0.0039, -3.5433 0.3504 0.4724, -3.5437 0.3504 0.4764, -3.5437 0.0945 0.4764, -3.5433 0.0945 0.4764, -3.5437 0.0945 -0.0039, -3.5433 0.0945 -0.0039, -3.5437 0.3307 -0.0039, -3.5437 0.3307 0.4764, -3.5433 0.3307 -0.0039, -3.5433 0.3307 0.4764, -3.5127 0.0985 -0.0039, -3.4843 0.1103 -0.0039, -3.4598 0.1291 -0.0039, -3.441 0.1535 -0.0039, -3.441 0.2717 -0.0039, -3.4598 0.2961 -0.0039, -3.4843 0.3149 -0.0039, -3.5127 0.3267 -0.0039, -3.4292 0.182 -0.0039, -3.4252 0.2126 -0.0039, -3.4292 0.2432 -0.0039, -3.5127 0.0985 0.4764, -3.4843 0.1103 0.4764, -3.5127 0.3267 0.4764, -3.4843 0.3149 0.4764, -3.4598 0.2961 0.4764, -3.4292 0.182 0.4764, -3.4252 0.2126 0.4764, -3.441 0.1535 0.4764, -3.4598 0.1291 0.4764, -3.441 0.2717 0.4764, -3.4292 0.2432 0.4764, -3.3665 0.4685 0.4724, -3.3665 0.4685 0.4764, -3.5433 0.4685 0.4724, -3.5437 0.4685 0.4764, -3.5433 0.4685 0.0, -3.5437 0.4685 -0.0039, -3.2091 0.4685 0.0, -3.2091 0.4685 -0.0039, -3.3665 0.7441 0.4764, -3.3665 0.7441 0.4724, -3.2091 0.7441 0.0, -3.2091 0.7441 -0.0039, -3.5433 0.7441 0.0, -3.5437 0.7441 -0.0039, -3.5433 0.7441 0.4724, -3.5437 0.7441 0.4764, -3.5437 0.4882 0.4764, -3.5433 0.4882 0.4764, -3.5437 0.4882 -0.0039, -3.5433 0.4882 -0.0039, -3.5437 0.7244 -0.0039, -3.5437 0.7244 0.4764, -3.5433 0.7244 -0.0039, -3.5433 0.7244 0.4764, -3.5127 0.7204 -0.0039, -3.4843 0.7086 -0.0039, -3.5127 0.4922 -0.0039, -3.4843 0.504 -0.0039, -3.4598 0.5228 -0.0039, -3.4292 0.6369 -0.0039, -3.4252 0.6063 -0.0039, -3.441 0.6654 -0.0039, -3.4598 0.6898 -0.0039, -3.441 0.5472 -0.0039, -3.4292 0.5757 -0.0039, -3.5127 0.4922 0.4764, -3.5127 0.7204 0.4764, -3.4843 0.7086 0.4764, -3.4598 0.6898 0.4764, -3.441 0.6654 0.4764, -3.441 0.5472 0.4764, -3.4598 0.5228 0.4764, -3.4843 0.504 0.4764, -3.4292 0.6369 0.4764, -3.4252 0.6063 0.4764, -3.4292 0.5757 0.4764, -3.3665 0.8622 0.4724, -3.3665 0.8622 0.4764, -3.5433 0.8622 0.4724, -3.5437 0.8622 0.4764, -3.5433 0.8622 0.0, -3.5437 0.8622 -0.0039, -3.2091 0.8622 0.0, -3.2091 0.8622 -0.0039, -3.3665 1.1378 0.4764, -3.3665 1.1378 0.4724, -3.2091 1.1378 0.0, -3.2091 1.1378 -0.0039, -3.5433 1.1378 0.0, -3.5437 1.1378 -0.0039, -3.5433 1.1378 0.4724, -3.5437 1.1378 0.4764, -3.5437 0.8819 0.4764, -3.5433 0.8819 0.4764, -3.5437 0.8819 -0.0039, -3.5433 0.8819 -0.0039, -3.5437 1.1181 -0.0039, -3.5437 1.1181 0.4764, -3.5433 1.1181 -0.0039, -3.5433 1.1181 0.4764, -3.4598 0.9165 -0.0039, -3.441 0.9409 -0.0039, -3.441 1.0591 -0.0039, -3.4598 1.0835 -0.0039, -3.5127 0.8859 -0.0039, -3.4843 0.8977 -0.0039, -3.4292 0.9694 -0.0039, -3.4252 1.0 -0.0039, -3.4292 1.0306 -0.0039, -3.4843 1.1023 -0.0039, -3.5127 1.1141 -0.0039, -3.5127 1.1141 0.4764, -3.4843 1.1023 0.4764, -3.4598 1.0835 0.4764, -3.441 1.0591 0.4764, -3.441 0.9409 0.4764, -3.4598 0.9165 0.4764, -3.4292 1.0306 0.4764, -3.4252 1.0 0.4764, -3.4292 0.9694 0.4764, -3.4843 0.8977 0.4764, -3.5127 0.8859 0.4764, -3.3665 1.437 0.4724, -3.3665 1.437 0.4764, -3.5433 1.437 0.4724, -3.5437 1.437 0.4764, -3.5433 1.437 0.0, -3.5437 1.437 -0.0039, -3.2091 1.437 0.0, -3.2091 1.437 -0.0039, -3.3665 1.7126 0.4764, -3.3665 1.7126 0.4724, -3.2091 1.7126 0.0, -3.2091 1.7126 -0.0039, -3.5433 1.7126 0.0, -3.5437 1.7126 -0.0039, -3.5433 1.7126 0.4724, -3.5437 1.7126 0.4764, -3.5437 1.4567 0.4764, -3.5433 1.4567 0.4764, -3.5437 1.4567 -0.0039, -3.5433 1.4567 -0.0039, -3.5437 1.6929 -0.0039, -3.5437 1.6929 0.4764, -3.5433 1.6929 -0.0039, -3.5433 1.6929 0.4764, -3.441 1.6339 -0.0039, -3.4598 1.6583 -0.0039, -3.4598 1.4913 -0.0039, -3.441 1.5157 -0.0039, -3.4843 1.6771 -0.0039, -3.5127 1.6889 -0.0039, -3.5127 1.4607 -0.0039, -3.4843 1.4725 -0.0039, -3.4292 1.5442 -0.0039, -3.4252 1.5748 -0.0039, -3.4292 1.6054 -0.0039, -3.5127 1.6889 0.4764, -3.441 1.5157 0.4764, -3.4598 1.4913 0.4764, -3.4843 1.6771 0.4764, -3.4598 1.6583 0.4764, -3.441 1.6339 0.4764, -3.4843 1.4725 0.4764, -3.5127 1.4607 0.4764, -3.4292 1.6054 0.4764, -3.4252 1.5748 0.4764, -3.4292 1.5442 0.4764, -3.3665 1.8307 0.4724, -3.3665 1.8307 0.4764, -3.5433 1.8307 0.4724, -3.5437 1.8307 0.4764, -3.5433 1.8307 0.0, -3.5437 1.8307 -0.0039, -3.2091 1.8307 0.0, -3.2091 1.8307 -0.0039, -3.3665 2.1063 0.4764, -3.3665 2.1063 0.4724, -3.2091 2.1063 0.0, -3.2091 2.1063 -0.0039, -3.5433 2.1063 0.0, -3.5437 2.1063 -0.0039, -3.5433 2.1063 0.4724, -3.5437 2.1063 0.4764, -3.5437 1.8504 0.4764, -3.5433 1.8504 0.4764, -3.5437 1.8504 -0.0039, -3.5433 1.8504 -0.0039, -3.5437 2.0866 -0.0039, -3.5437 2.0866 0.4764, -3.5433 2.0866 -0.0039, -3.5433 2.0866 0.4764, -3.4598 1.885 -0.0039, -3.441 1.9094 -0.0039, -3.441 2.0276 -0.0039, -3.4598 2.052 -0.0039, -3.4843 2.0708 -0.0039, -3.5127 2.0826 -0.0039, -3.5127 1.8544 -0.0039, -3.4843 1.8662 -0.0039, -3.4292 1.9379 -0.0039, -3.4252 1.9685 -0.0039, -3.4292 1.9991 -0.0039, -3.4598 2.052 0.4764, -3.441 2.0276 0.4764, -3.5127 1.8544 0.4764, -3.5127 2.0826 0.4764, -3.4843 2.0708 0.4764, -3.441 1.9094 0.4764, -3.4598 1.885 0.4764, -3.4843 1.8662 0.4764, -3.4292 1.9991 0.4764, -3.4252 1.9685 0.4764, -3.4292 1.9379 0.4764, -3.3665 2.2244 0.4724, -3.3665 2.2244 0.4764, -3.5433 2.2244 0.4724, -3.5437 2.2244 0.4764, -3.5433 2.2244 0.0, -3.5437 2.2244 -0.0039, -3.2091 2.2244 0.0, -3.2091 2.2244 -0.0039, -3.3665 2.5 0.4764, -3.3665 2.5 0.4724, -3.2091 2.5 0.0, -3.2091 2.5 -0.0039, -3.5433 2.5 0.0, -3.5437 2.5 -0.0039, -3.5433 2.5 0.4724, -3.5437 2.5 0.4764, -3.5437 2.2441 0.4764, -3.5433 2.2441 0.4764, -3.5437 2.2441 -0.0039, -3.5433 2.2441 -0.0039, -3.5437 2.4803 -0.0039, -3.5437 2.4803 0.4764, -3.5433 2.4803 -0.0039, -3.5433 2.4803 0.4764, -3.5127 2.2481 -0.0039, -3.441 2.4213 -0.0039, -3.4598 2.4457 -0.0039, -3.4843 2.2599 -0.0039, -3.4598 2.2787 -0.0039, -3.441 2.3031 -0.0039, -3.4292 2.3316 -0.0039, -3.4252 2.3622 -0.0039, -3.4292 2.3928 -0.0039, -3.4843 2.4645 -0.0039, -3.5127 2.4763 -0.0039, -3.441 2.3031 0.4764, -3.4598 2.2787 0.4764, -3.5127 2.4763 0.4764, -3.4843 2.2599 0.4764, -3.5127 2.2481 0.4764, -3.4843 2.4645 0.4764, -3.4598 2.4457 0.4764, -3.441 2.4213 0.4764, -3.4292 2.3928 0.4764, -3.4252 2.3622 0.4764, -3.4292 2.3316 0.4764, -3.4292 2.3316 0.4764
            ]
        }
        coordIndex [
            0,1,2,-1,2,1,3,-1,2,3,4,-1,4,3,5,-1,4,5,6,-1,6,5,7,-1,8,1,9,-1,9,1,0,-1,10,11,12,-1,12,11,13,-1,12,13,14,-1,14,13,15,-1,14,15,9,-1,9,15,8,-1,16,17,18,-1,18,17,19,-1,5,3,18,-1,18,3,16,-1,20,21,13,-1,13,21,15,-1,22,23,20,-1,20,23,21,-1,7,24,25,-1,26,27,11,-1,18,19,5,-1,5,19,28,-1,5,28,7,-1,7,28,29,-1,7,29,24,-1,25,30,7,-1,7,30,31,-1,7,31,11,-1,11,31,32,-1,11,32,26,-1,27,33,11,-1,11,33,34,-1,11,34,13,-1,13,34,22,-1,13,22,20,-1,8,35,36,-1,37,38,1,-1,36,39,8,-1,8,39,40,-1,8,40,1,-1,1,40,41,-1,1,41,37,-1,38,42,1,-1,1,42,43,-1,1,43,3,-1,3,43,17,-1,3,17,16,-1,21,23,15,-1,15,23,44,-1,15,44,8,-1,8,44,45,-1,8,45,35,-1,19,17,28,-1,28,17,43,-1,28,43,29,-1,29,43,42,-1,29,42,24,-1,24,42,38,-1,24,38,25,-1,25,38,37,-1,25,37,30,-1,30,37,41,-1,30,41,31,-1,31,41,40,-1,31,40,32,-1,32,40,39,-1,32,39,26,-1,26,39,36,-1,26,36,27,-1,27,36,35,-1,27,35,33,-1,33,35,45,-1,33,45,34,-1,34,45,44,-1,34,44,22,-1,22,44,23,-1,46,47,48,-1,48,47,49,-1,48,49,50,-1,50,49,51,-1,50,51,52,-1,52,51,53,-1,54,47,55,-1,55,47,46,-1,56,57,58,-1,58,57,59,-1,58,59,60,-1,60,59,61,-1,60,61,55,-1,55,61,54,-1,62,63,64,-1,64,63,65,-1,51,49,64,-1,64,49,62,-1,66,67,59,-1,59,67,61,-1,68,69,66,-1,66,69,67,-1,53,70,71,-1,72,73,57,-1,64,65,51,-1,51,65,74,-1,51,74,53,-1,53,74,75,-1,53,75,70,-1,71,76,53,-1,53,76,77,-1,53,77,57,-1,57,77,78,-1,57,78,72,-1,73,79,57,-1,57,79,80,-1,57,80,59,-1,59,80,68,-1,59,68,66,-1,54,81,82,-1,83,84,47,-1,82,85,54,-1,54,85,86,-1,54,86,47,-1,47,86,87,-1,47,87,83,-1,84,88,47,-1,47,88,89,-1,47,89,49,-1,49,89,63,-1,49,63,62,-1,67,69,61,-1,61,69,90,-1,61,90,54,-1,54,90,91,-1,54,91,81,-1,65,63,74,-1,74,63,89,-1,74,89,75,-1,75,89,88,-1,75,88,70,-1,70,88,84,-1,70,84,71,-1,71,84,83,-1,71,83,76,-1,76,83,87,-1,76,87,77,-1,77,87,86,-1,77,86,78,-1,78,86,85,-1,78,85,72,-1,72,85,82,-1,72,82,73,-1,73,82,81,-1,73,81,79,-1,79,81,91,-1,79,91,80,-1,80,91,90,-1,80,90,68,-1,68,90,69,-1,92,93,94,-1,94,93,95,-1,94,95,96,-1,96,95,97,-1,96,97,98,-1,98,97,99,-1,100,93,101,-1,101,93,92,-1,102,103,104,-1,104,103,105,-1,104,105,106,-1,106,105,107,-1,106,107,101,-1,101,107,100,-1,108,109,110,-1,110,109,111,-1,97,95,110,-1,110,95,108,-1,112,113,105,-1,105,113,107,-1,114,115,112,-1,112,115,113,-1,99,116,117,-1,118,119,103,-1,110,111,97,-1,97,111,120,-1,97,120,99,-1,99,120,121,-1,99,121,116,-1,117,122,99,-1,99,122,123,-1,99,123,103,-1,103,123,124,-1,103,124,118,-1,119,125,103,-1,103,125,126,-1,103,126,105,-1,105,126,114,-1,105,114,112,-1,113,115,107,-1,107,115,127,-1,107,127,100,-1,127,128,100,-1,100,128,129,-1,100,129,130,-1,131,132,93,-1,130,133,100,-1,100,133,134,-1,100,134,93,-1,93,134,135,-1,93,135,131,-1,132,136,93,-1,93,136,137,-1,93,137,95,-1,95,137,109,-1,95,109,108,-1,111,109,120,-1,120,109,137,-1,120,137,121,-1,121,137,136,-1,121,136,116,-1,116,136,132,-1,116,132,117,-1,117,132,131,-1,117,131,122,-1,122,131,135,-1,122,135,123,-1,123,135,134,-1,123,134,124,-1,124,134,133,-1,124,133,118,-1,118,133,130,-1,118,130,119,-1,119,130,129,-1,119,129,125,-1,125,129,128,-1,125,128,126,-1,126,128,127,-1,126,127,114,-1,114,127,115,-1,138,139,140,-1,140,139,141,-1,140,141,142,-1,142,141,143,-1,142,143,144,-1,144,143,145,-1,146,139,147,-1,147,139,138,-1,148,149,150,-1,150,149,151,-1,150,151,152,-1,152,151,153,-1,152,153,147,-1,147,153,146,-1,154,155,156,-1,156,155,157,-1,143,141,156,-1,156,141,154,-1,158,159,151,-1,151,159,153,-1,160,161,158,-1,158,161,159,-1,145,162,163,-1,164,165,149,-1,156,157,143,-1,143,157,166,-1,143,166,145,-1,145,166,167,-1,145,167,162,-1,163,168,145,-1,145,168,169,-1,145,169,149,-1,149,169,170,-1,149,170,164,-1,165,171,149,-1,149,171,172,-1,149,172,151,-1,151,172,160,-1,151,160,158,-1,159,161,153,-1,153,161,173,-1,153,173,146,-1,174,175,139,-1,175,176,139,-1,139,176,177,-1,139,177,141,-1,141,177,155,-1,141,155,154,-1,173,178,146,-1,146,178,179,-1,146,179,180,-1,180,181,146,-1,146,181,182,-1,146,182,139,-1,139,182,183,-1,139,183,174,-1,157,155,166,-1,166,155,177,-1,166,177,167,-1,167,177,176,-1,167,176,162,-1,162,176,175,-1,162,175,163,-1,163,175,174,-1,163,174,168,-1,168,174,183,-1,168,183,169,-1,169,183,182,-1,169,182,170,-1,170,182,181,-1,170,181,164,-1,164,181,180,-1,164,180,165,-1,165,180,179,-1,165,179,171,-1,171,179,178,-1,171,178,172,-1,172,178,173,-1,172,173,160,-1,160,173,161,-1,184,185,186,-1,186,185,187,-1,186,187,188,-1,188,187,189,-1,188,189,190,-1,190,189,191,-1,192,185,193,-1,193,185,184,-1,194,195,196,-1,196,195,197,-1,196,197,198,-1,198,197,199,-1,198,199,193,-1,193,199,192,-1,200,201,202,-1,202,201,203,-1,189,187,202,-1,202,187,200,-1,204,205,197,-1,197,205,199,-1,206,207,204,-1,204,207,205,-1,191,208,209,-1,210,211,195,-1,202,203,189,-1,189,203,212,-1,189,212,191,-1,191,212,213,-1,191,213,208,-1,209,214,191,-1,191,214,215,-1,191,215,195,-1,195,215,216,-1,195,216,210,-1,211,217,195,-1,195,217,218,-1,195,218,197,-1,197,218,206,-1,197,206,204,-1,205,207,199,-1,199,207,219,-1,199,219,192,-1,219,220,192,-1,192,220,221,-1,192,221,222,-1,223,224,185,-1,222,225,192,-1,192,225,226,-1,192,226,185,-1,185,226,227,-1,185,227,223,-1,224,228,185,-1,185,228,229,-1,185,229,187,-1,187,229,201,-1,187,201,200,-1,203,201,212,-1,212,201,229,-1,212,229,213,-1,213,229,228,-1,213,228,208,-1,208,228,224,-1,208,224,209,-1,209,224,223,-1,209,223,214,-1,214,223,227,-1,214,227,215,-1,215,227,226,-1,215,226,216,-1,216,226,225,-1,216,225,210,-1,210,225,222,-1,210,222,211,-1,211,222,221,-1,211,221,217,-1,217,221,220,-1,217,220,218,-1,218,220,219,-1,218,219,206,-1,206,219,207,-1,230,231,232,-1,232,231,233,-1,232,233,234,-1,234,233,235,-1,234,235,236,-1,236,235,237,-1,238,231,239,-1,239,231,230,-1,240,241,242,-1,242,241,243,-1,242,243,244,-1,244,243,245,-1,244,245,239,-1,239,245,238,-1,246,247,248,-1,248,247,249,-1,235,233,248,-1,248,233,246,-1,250,251,243,-1,243,251,245,-1,252,253,250,-1,250,253,251,-1,252,250,243,-1,252,243,254,-1,254,243,241,-1,254,241,255,-1,248,249,235,-1,235,249,256,-1,235,256,237,-1,237,256,257,-1,237,257,258,-1,259,241,260,-1,260,241,237,-1,259,261,241,-1,241,261,262,-1,241,262,255,-1,258,263,237,-1,237,263,264,-1,237,264,260,-1,231,265,233,-1,233,265,247,-1,233,247,246,-1,251,253,245,-1,245,253,266,-1,245,266,238,-1,266,267,238,-1,238,267,268,-1,238,268,269,-1,270,271,231,-1,231,271,272,-1,231,272,265,-1,269,273,238,-1,238,273,274,-1,238,274,231,-1,231,274,275,-1,231,275,270,-1,249,247,256,-1,256,247,265,-1,256,265,257,-1,257,265,272,-1,257,272,258,-1,258,272,271,-1,258,271,263,-1,263,271,270,-1,263,270,264,-1,264,270,275,-1,264,275,260,-1,260,275,274,-1,260,274,259,-1,259,274,273,-1,259,273,261,-1,261,273,269,-1,261,269,262,-1,262,269,268,-1,262,268,255,-1,255,268,267,-1,255,267,254,-1,254,267,266,-1,254,266,252,-1,252,266,253,-1,276,277,278,-1,278,277,279,-1,278,279,280,-1,280,279,281,-1,280,281,282,-1,282,281,283,-1,284,277,285,-1,285,277,276,-1,286,287,288,-1,288,287,289,-1,288,289,290,-1,290,289,291,-1,290,291,285,-1,285,291,284,-1,292,293,294,-1,294,293,295,-1,281,279,294,-1,294,279,292,-1,296,297,289,-1,289,297,291,-1,298,299,296,-1,296,299,297,-1,300,301,287,-1,294,295,281,-1,281,295,302,-1,281,302,283,-1,283,302,303,-1,283,303,304,-1,283,305,287,-1,287,305,306,-1,287,306,300,-1,301,307,287,-1,287,307,308,-1,287,308,289,-1,289,308,298,-1,289,298,296,-1,304,309,283,-1,283,309,310,-1,283,310,305,-1,277,311,279,-1,279,311,293,-1,279,293,292,-1,297,299,291,-1,291,299,312,-1,291,312,284,-1,312,313,284,-1,284,313,314,-1,284,314,315,-1,316,317,277,-1,277,317,318,-1,277,318,311,-1,315,319,284,-1,284,319,320,-1,284,320,277,-1,277,320,321,-1,277,321,316,-1,295,293,302,-1,302,293,311,-1,302,311,303,-1,303,311,318,-1,303,318,304,-1,304,318,317,-1,304,317,309,-1,309,317,316,-1,309,316,310,-1,310,316,321,-1,310,321,305,-1,305,321,320,-1,305,320,306,-1,306,320,319,-1,306,319,300,-1,300,319,315,-1,300,315,301,-1,301,315,314,-1,301,314,307,-1,307,314,313,-1,307,313,308,-1,308,313,312,-1,308,312,298,-1,298,312,299,-1,322,323,324,-1,324,323,325,-1,324,325,326,-1,326,325,327,-1,326,327,328,-1,328,327,329,-1,330,323,331,-1,331,323,322,-1,332,333,334,-1,334,333,335,-1,334,335,336,-1,336,335,337,-1,336,337,331,-1,331,337,330,-1,338,339,340,-1,340,339,341,-1,327,325,340,-1,340,325,338,-1,342,343,335,-1,335,343,337,-1,344,345,342,-1,342,345,343,-1,340,341,327,-1,327,341,346,-1,327,346,329,-1,346,347,329,-1,329,347,348,-1,329,348,349,-1,350,351,333,-1,351,352,333,-1,333,352,353,-1,333,353,335,-1,335,353,344,-1,335,344,342,-1,349,354,329,-1,329,354,355,-1,329,355,333,-1,333,355,356,-1,333,356,350,-1,339,338,325,-1,339,325,357,-1,357,325,323,-1,357,323,358,-1,343,345,337,-1,337,345,359,-1,337,359,330,-1,330,359,360,-1,330,360,361,-1,362,323,363,-1,363,323,330,-1,362,364,323,-1,323,364,365,-1,323,365,358,-1,361,366,330,-1,330,366,367,-1,330,367,363,-1,341,339,346,-1,346,339,357,-1,346,357,347,-1,347,357,358,-1,347,358,348,-1,348,358,365,-1,348,365,349,-1,349,365,364,-1,349,364,354,-1,354,364,362,-1,354,362,355,-1,355,362,363,-1,355,363,356,-1,356,363,367,-1,356,367,350,-1,350,367,366,-1,350,366,351,-1,351,366,361,-1,351,361,352,-1,352,361,360,-1,352,360,353,-1,353,360,359,-1,353,359,344,-1,344,359,345,-1,368,369,370,-1,370,369,371,-1,370,371,372,-1,372,371,373,-1,372,373,374,-1,374,373,375,-1,376,369,377,-1,377,369,368,-1,378,379,380,-1,380,379,381,-1,380,381,382,-1,382,381,383,-1,382,383,377,-1,377,383,376,-1,384,385,386,-1,386,385,387,-1,373,371,386,-1,386,371,384,-1,388,389,381,-1,381,389,383,-1,390,391,388,-1,388,391,389,-1,390,388,381,-1,390,381,392,-1,392,381,379,-1,392,379,393,-1,386,387,373,-1,373,387,394,-1,373,394,375,-1,375,394,395,-1,375,395,396,-1,397,379,398,-1,398,379,375,-1,397,399,379,-1,379,399,400,-1,379,400,393,-1,396,401,375,-1,375,401,402,-1,375,402,398,-1,369,403,371,-1,371,403,385,-1,371,385,384,-1,389,391,383,-1,383,391,404,-1,383,404,376,-1,404,405,376,-1,376,405,406,-1,376,406,407,-1,408,409,369,-1,369,409,410,-1,369,410,403,-1,407,411,376,-1,376,411,412,-1,376,412,369,-1,369,412,413,-1,369,413,408,-1,387,385,394,-1,394,385,403,-1,394,403,395,-1,395,403,410,-1,395,410,396,-1,396,410,409,-1,396,409,401,-1,401,409,408,-1,401,408,402,-1,402,408,413,-1,402,413,398,-1,398,413,412,-1,398,412,397,-1,397,412,411,-1,397,411,399,-1,399,411,407,-1,399,407,400,-1,400,407,406,-1,400,406,393,-1,393,406,405,-1,393,405,392,-1,392,405,404,-1,392,404,390,-1,390,404,391,-1,414,415,416,-1,416,415,417,-1,416,417,418,-1,418,417,419,-1,418,419,420,-1,420,419,421,-1,422,415,423,-1,423,415,414,-1,424,425,426,-1,426,425,427,-1,426,427,428,-1,428,427,429,-1,428,429,423,-1,423,429,422,-1,430,431,432,-1,432,431,433,-1,419,417,432,-1,432,417,430,-1,434,435,427,-1,427,435,429,-1,436,437,434,-1,434,437,435,-1,421,438,439,-1,440,441,425,-1,432,433,419,-1,419,433,442,-1,419,442,421,-1,421,442,443,-1,421,443,438,-1,439,444,421,-1,421,444,445,-1,421,445,425,-1,425,445,446,-1,425,446,440,-1,441,447,425,-1,425,447,448,-1,425,448,427,-1,427,448,436,-1,427,436,434,-1,435,437,429,-1,429,437,449,-1,429,449,422,-1,449,450,422,-1,422,450,451,-1,422,451,452,-1,453,454,415,-1,452,455,422,-1,422,455,456,-1,422,456,415,-1,415,456,457,-1,415,457,453,-1,454,458,415,-1,415,458,459,-1,415,459,417,-1,417,459,431,-1,417,431,430,-1,433,431,442,-1,442,431,459,-1,442,459,443,-1,443,459,458,-1,443,458,438,-1,438,458,454,-1,438,454,439,-1,439,454,453,-1,439,453,444,-1,444,453,457,-1,444,457,445,-1,445,457,456,-1,445,456,446,-1,446,456,455,-1,446,455,440,-1,440,455,452,-1,440,452,441,-1,441,452,451,-1,441,451,447,-1,447,451,450,-1,447,450,448,-1,448,450,449,-1,448,449,436,-1,436,449,437,-1,10,6,11,-1,11,6,7,-1,56,52,57,-1,57,52,53,-1,102,98,103,-1,103,98,99,-1,148,144,149,-1,149,144,145,-1,194,190,195,-1,195,190,191,-1,240,236,241,-1,241,236,237,-1,286,282,287,-1,287,282,283,-1,332,328,333,-1,333,328,329,-1,378,374,379,-1,379,374,375,-1,424,420,425,-1,425,420,421,-1,460,461,462,-1,462,461,463,-1,462,463,464,-1,464,463,465,-1,464,465,466,-1,466,465,467,-1,468,461,469,-1,469,461,460,-1,470,471,472,-1,472,471,473,-1,472,473,474,-1,474,473,475,-1,474,475,469,-1,469,475,468,-1,476,477,478,-1,478,477,479,-1,465,463,478,-1,478,463,476,-1,480,481,473,-1,473,481,475,-1,482,483,480,-1,480,483,481,-1,484,485,471,-1,486,487,467,-1,485,488,471,-1,471,488,489,-1,471,489,473,-1,473,489,482,-1,473,482,480,-1,478,479,465,-1,465,479,490,-1,465,490,467,-1,467,490,491,-1,467,491,486,-1,487,492,467,-1,467,492,493,-1,467,493,471,-1,471,493,494,-1,471,494,484,-1,481,483,475,-1,475,483,495,-1,475,495,468,-1,461,496,497,-1,495,498,468,-1,468,498,499,-1,468,499,500,-1,497,501,461,-1,461,501,502,-1,461,502,463,-1,463,502,477,-1,463,477,476,-1,500,503,468,-1,468,503,504,-1,468,504,461,-1,461,504,505,-1,461,505,496,-1,479,477,490,-1,490,477,502,-1,490,502,491,-1,491,502,501,-1,491,501,486,-1,486,501,497,-1,486,497,487,-1,487,497,496,-1,487,496,492,-1,492,496,505,-1,492,505,493,-1,493,505,504,-1,493,504,494,-1,494,504,503,-1,494,503,484,-1,484,503,500,-1,484,500,485,-1,485,500,499,-1,485,499,488,-1,488,499,498,-1,488,498,489,-1,489,498,495,-1,489,495,482,-1,482,495,483,-1,470,466,471,-1,471,466,467,-1,506,507,508,-1,508,507,509,-1,508,509,510,-1,510,509,511,-1,510,511,512,-1,512,511,513,-1,514,507,515,-1,515,507,506,-1,516,517,518,-1,518,517,519,-1,518,519,520,-1,520,519,521,-1,520,521,515,-1,515,521,514,-1,522,523,524,-1,524,523,525,-1,511,509,524,-1,524,509,522,-1,526,527,519,-1,519,527,521,-1,528,529,526,-1,526,529,527,-1,530,531,513,-1,517,532,533,-1,533,534,517,-1,517,534,535,-1,517,535,519,-1,519,535,528,-1,519,528,526,-1,524,525,511,-1,511,525,536,-1,511,536,513,-1,513,536,537,-1,513,537,530,-1,531,538,513,-1,513,538,539,-1,513,539,517,-1,517,539,540,-1,517,540,532,-1,541,542,514,-1,507,543,509,-1,509,543,523,-1,509,523,522,-1,527,529,521,-1,521,529,544,-1,521,544,514,-1,514,544,545,-1,514,545,541,-1,546,547,507,-1,507,547,548,-1,507,548,543,-1,542,549,514,-1,514,549,550,-1,514,550,507,-1,507,550,551,-1,507,551,546,-1,525,523,536,-1,536,523,543,-1,536,543,537,-1,537,543,548,-1,537,548,530,-1,530,548,547,-1,530,547,531,-1,531,547,546,-1,531,546,538,-1,538,546,551,-1,538,551,539,-1,539,551,550,-1,539,550,540,-1,540,550,549,-1,540,549,532,-1,532,549,542,-1,532,542,533,-1,533,542,541,-1,533,541,534,-1,534,541,545,-1,534,545,535,-1,535,545,544,-1,535,544,528,-1,528,544,529,-1,516,512,517,-1,517,512,513,-1,552,553,554,-1,554,553,555,-1,554,555,556,-1,556,555,557,-1,556,557,558,-1,558,557,559,-1,560,553,561,-1,561,553,552,-1,562,563,564,-1,564,563,565,-1,564,565,566,-1,566,565,567,-1,566,567,561,-1,561,567,560,-1,568,569,570,-1,570,569,571,-1,557,555,570,-1,570,555,568,-1,572,573,565,-1,565,573,567,-1,574,575,572,-1,572,575,573,-1,570,571,557,-1,557,571,576,-1,557,576,559,-1,577,578,563,-1,576,579,559,-1,559,579,580,-1,559,580,581,-1,581,582,559,-1,559,582,583,-1,559,583,563,-1,563,583,584,-1,563,584,577,-1,578,585,563,-1,563,585,586,-1,563,586,565,-1,565,586,574,-1,565,574,572,-1,587,588,553,-1,573,575,567,-1,567,575,589,-1,567,589,560,-1,588,590,553,-1,553,590,591,-1,553,591,555,-1,555,591,569,-1,555,569,568,-1,589,592,560,-1,560,592,593,-1,560,593,594,-1,594,595,560,-1,560,595,596,-1,560,596,553,-1,553,596,597,-1,553,597,587,-1,571,569,576,-1,576,569,591,-1,576,591,579,-1,579,591,590,-1,579,590,580,-1,580,590,588,-1,580,588,581,-1,581,588,587,-1,581,587,582,-1,582,587,597,-1,582,597,583,-1,583,597,596,-1,583,596,584,-1,584,596,595,-1,584,595,577,-1,577,595,594,-1,577,594,578,-1,578,594,593,-1,578,593,585,-1,585,593,592,-1,585,592,586,-1,586,592,589,-1,586,589,574,-1,574,589,575,-1,562,558,563,-1,563,558,559,-1,
        ]
    }
}
Shape{
    appearance Appearance {
        material  Material 	{
            diffuseColor 0.20784313725490197 0.20784313725490197 0.20784313725490197
            specularColor 0.01568627450980392 0.01568627450980392 0.01568627450980392
            ambientIntensity 0.2
            transparency 0
            shininess 0.5
        }
    }
    geometry IndexedFaceSet {
        ccw TRUE
        solid FALSE
        coord DEF co Coordinate {
            point [
                -3.0709 3.937 0.4724, -3.0709 3.937 0.0, -3.1931 3.9209 0.0, -3.1931 3.9209 0.4724, -3.3071 3.8737 0.0, -3.3071 3.8737 0.4724, -3.4049 3.7986 0.0, -3.4049 3.7986 0.4724, -3.48 3.7008 0.0, -3.48 3.7008 0.4724, -3.5272 3.5868 0.0, -3.5272 3.5868 0.4724, -3.5433 3.4646 0.0, -3.5433 3.4646 0.4724, -3.5433 3.4646 0.4724
            ]
        }
        coordIndex [
            0,1,2,-1,0,2,3,-1,3,2,4,-1,3,4,5,-1,5,4,6,-1,5,6,7,-1,7,6,8,-1,7,8,9,-1,9,8,10,-1,9,10,11,-1,11,10,12,-1,11,12,13,-1,
        ]
    }
}
Shape{
    appearance Appearance {
        material  Material 	{
            diffuseColor 0.7019607843137254 0.7019607843137254 0.7019607843137254
            specularColor 0.050980392156862744 0.050980392156862744 0.050980392156862744
            ambientIntensity 0.2
            transparency 0
            shininess 0.5
        }
    }
    geometry IndexedFaceSet {
        ccw TRUE
        solid FALSE
        coord DEF co Coordinate {
            point [
                -3.0118 2.5787 0.5512, -3.0118 3.4449 0.5512, -3.0118 2.5787 0.4724, -3.0118 3.4449 0.4724, -2.1457 2.5787 0.5512, -2.1457 2.5787 0.4724, -2.1457 3.4449 0.5512, -2.1457 3.4449 0.4724, -2.2365 2.9201 0.5512, -2.2244 3.0118 0.5512, -2.2365 3.1035 0.5512, -2.7559 2.705 0.5512, -2.8293 2.7613 0.5512, -2.8856 2.8346 0.5512, -2.8856 3.189 0.5512, -2.8293 3.2624 0.5512, -2.7559 3.3187 0.5512, -2.6704 3.3541 0.5512, -2.5787 3.3661 0.5512, -2.487 3.3541 0.5512, -2.4016 3.3187 0.5512, -2.3282 3.2624 0.5512, -2.2719 3.189 0.5512, -2.2719 2.8346 0.5512, -2.3282 2.7613 0.5512, -2.4016 2.705 0.5512, -2.487 2.6696 0.5512, -2.5787 2.6575 0.5512, -2.6704 2.6696 0.5512, -2.921 2.9201 0.5512, -2.9331 3.0118 0.5512, -2.921 3.1035 0.5512, -2.921 3.1035 0.5512
            ]
        }
        coordIndex [
            0,1,2,-1,2,1,3,-1,4,0,5,-1,5,0,2,-1,6,4,7,-1,7,4,5,-1,1,6,3,-1,3,6,7,-1,8,4,9,-1,9,4,6,-1,9,6,10,-1,11,12,0,-1,0,12,13,-1,14,15,1,-1,1,15,16,-1,16,17,1,-1,1,17,18,-1,1,18,6,-1,6,18,19,-1,6,19,20,-1,20,21,6,-1,6,21,22,-1,6,22,10,-1,8,23,4,-1,4,23,24,-1,4,24,25,-1,25,26,4,-1,4,26,27,-1,4,27,0,-1,0,27,28,-1,0,28,11,-1,13,29,0,-1,0,29,30,-1,0,30,1,-1,1,30,31,-1,1,31,14,-1,
        ]
    }
}
Shape{
    appearance Appearance {
        material  Material 	{
            diffuseColor 0.8274509803921568 0.6666666666666666 0.12941176470588237
            specularColor 0.8274509803921568 0.6666666666666666 0.12941176470588237
            ambientIntensity 0.2
            transparency 0
            shininess 0.5
        }
    }
    geometry IndexedFaceSet {
        ccw TRUE
        solid FALSE
        coord DEF co Coordinate {
            point [
                -2.8015 3.2345 0.8268, -2.8293 3.2624 0.8268, -2.8515 3.1693 0.8268, -2.8856 3.189 0.8268, -2.883 3.0933 0.8268, -2.921 3.1035 0.8268, -2.8937 3.0118 0.8268, -2.9331 3.0118 0.8268, -2.883 2.9303 0.8268, -2.921 2.9201 0.8268, -2.8515 2.8543 0.8268, -2.8856 2.8346 0.8268, -2.8015 2.7891 0.8268, -2.8293 2.7613 0.8268, -2.7362 2.739 0.8268, -2.7559 2.705 0.8268, -2.6603 2.7076 0.8268, -2.6704 2.6696 0.8268, -2.5787 2.6969 0.8268, -2.5787 2.6575 0.8268, -2.4972 2.7076 0.8268, -2.487 2.6696 0.8268, -2.4213 2.739 0.8268, -2.4016 2.705 0.8268, -2.356 2.7891 0.8268, -2.3282 2.7613 0.8268, -2.306 2.8543 0.8268, -2.2719 2.8346 0.8268, -2.2745 2.9303 0.8268, -2.2365 2.9201 0.8268, -2.2638 3.0118 0.8268, -2.2244 3.0118 0.8268, -2.2745 3.0933 0.8268, -2.2365 3.1035 0.8268, -2.306 3.1693 0.8268, -2.2719 3.189 0.8268, -2.356 3.2345 0.8268, -2.3282 3.2624 0.8268, -2.4213 3.2846 0.8268, -2.4016 3.3187 0.8268, -2.4972 3.316 0.8268, -2.487 3.3541 0.8268, -2.5787 3.3268 0.8268, -2.5787 3.3661 0.8268, -2.6603 3.316 0.8268, -2.6704 3.3541 0.8268, -2.7362 3.2846 0.8268, -2.7559 3.3187 0.8268, -2.9331 3.0118 0.5512, -2.921 3.1035 0.5512, -2.8856 3.189 0.5512, -2.8293 3.2624 0.5512, -2.7559 3.3187 0.5512, -2.6704 3.3541 0.5512, -2.5787 3.3661 0.5512, -2.487 3.3541 0.5512, -2.4016 3.3187 0.5512, -2.3282 3.2624 0.5512, -2.2719 3.189 0.5512, -2.2365 3.1035 0.5512, -2.2244 3.0118 0.5512, -2.2365 2.9201 0.5512, -2.2719 2.8346 0.5512, -2.3282 2.7613 0.5512, -2.4016 2.705 0.5512, -2.487 2.6696 0.5512, -2.5787 2.6575 0.5512, -2.6704 2.6696 0.5512, -2.7559 2.705 0.5512, -2.8293 2.7613 0.5512, -2.8856 2.8346 0.5512, -2.921 2.9201 0.5512, -2.8937 3.0118 0.5512, -2.883 3.0933 0.5512, -2.8515 3.1693 0.5512, -2.8015 3.2345 0.5512, -2.7362 3.2846 0.5512, -2.6603 3.316 0.5512, -2.5787 3.3268 0.5512, -2.4972 3.316 0.5512, -2.4213 3.2846 0.5512, -2.356 3.2345 0.5512, -2.306 3.1693 0.5512, -2.2745 3.0933 0.5512, -2.2638 3.0118 0.5512, -2.2745 2.9303 0.5512, -2.306 2.8543 0.5512, -2.356 2.7891 0.5512, -2.4213 2.739 0.5512, -2.4972 2.7076 0.5512, -2.5787 2.6969 0.5512, -2.6603 2.7076 0.5512, -2.7362 2.739 0.5512, -2.8015 2.7891 0.5512, -2.8515 2.8543 0.5512, -2.883 2.9303 0.5512, -2.883 2.9303 0.5512
            ]
        }
        coordIndex [
            0,1,2,-1,2,1,3,-1,2,3,4,-1,4,3,5,-1,4,5,6,-1,6,5,7,-1,6,7,8,-1,8,7,9,-1,8,9,10,-1,10,9,11,-1,10,11,12,-1,12,11,13,-1,12,13,14,-1,14,13,15,-1,14,15,16,-1,16,15,17,-1,16,17,18,-1,18,17,19,-1,18,19,20,-1,20,19,21,-1,20,21,22,-1,22,21,23,-1,22,23,24,-1,24,23,25,-1,24,25,26,-1,26,25,27,-1,26,27,28,-1,28,27,29,-1,28,29,30,-1,30,29,31,-1,30,31,32,-1,32,31,33,-1,32,33,34,-1,34,33,35,-1,34,35,36,-1,36,35,37,-1,36,37,38,-1,38,37,39,-1,38,39,40,-1,40,39,41,-1,40,41,42,-1,42,41,43,-1,42,43,44,-1,44,43,45,-1,44,45,46,-1,46,45,47,-1,46,47,0,-1,0,47,1,-1,48,5,49,-1,49,5,3,-1,49,3,50,-1,50,3,1,-1,50,1,51,-1,51,1,47,-1,51,47,52,-1,52,47,45,-1,52,45,53,-1,53,45,43,-1,53,43,54,-1,54,43,41,-1,54,41,55,-1,55,41,39,-1,55,39,56,-1,56,39,37,-1,56,37,57,-1,57,37,35,-1,57,35,58,-1,58,35,33,-1,58,33,59,-1,59,33,31,-1,59,31,60,-1,60,31,29,-1,60,29,61,-1,61,29,27,-1,61,27,62,-1,62,27,25,-1,62,25,63,-1,63,25,23,-1,63,23,64,-1,64,23,21,-1,64,21,65,-1,65,21,19,-1,65,19,66,-1,66,19,17,-1,66,17,67,-1,67,17,15,-1,67,15,68,-1,68,15,13,-1,68,13,69,-1,69,13,11,-1,69,11,70,-1,70,11,9,-1,70,9,71,-1,71,9,7,-1,71,7,48,-1,48,7,5,-1,6,72,4,-1,4,72,73,-1,4,73,2,-1,2,73,74,-1,2,74,0,-1,0,74,75,-1,0,75,46,-1,46,75,76,-1,46,76,44,-1,44,76,77,-1,44,77,42,-1,42,77,78,-1,42,78,40,-1,40,78,79,-1,40,79,38,-1,38,79,80,-1,38,80,36,-1,36,80,81,-1,36,81,34,-1,34,81,82,-1,34,82,32,-1,32,82,83,-1,32,83,30,-1,30,83,84,-1,30,84,28,-1,28,84,85,-1,28,85,26,-1,26,85,86,-1,26,86,24,-1,24,86,87,-1,24,87,22,-1,22,87,88,-1,22,88,20,-1,20,88,89,-1,20,89,18,-1,18,89,90,-1,18,90,16,-1,16,90,91,-1,16,91,14,-1,14,91,92,-1,14,92,12,-1,12,92,93,-1,12,93,10,-1,10,93,94,-1,10,94,8,-1,8,94,95,-1,8,95,6,-1,6,95,72,-1,
        ]
    }
}
Shape{
    appearance Appearance {
        material  Material 	{
            diffuseColor 0.7019607843137254 0.7019607843137254 0.7019607843137254
            specularColor 0.050980392156862744 0.050980392156862744 0.050980392156862744
            ambientIntensity 0.2
            transparency 0
            shininess 0.5
        }
    }
    geometry IndexedFaceSet {
        ccw TRUE
        solid FALSE
        coord DEF co Coordinate {
            point [
                -2.6469 2.9724 0.5512, -2.8515 2.8543 0.5512, -2.6344 2.9561 0.5512, -2.8015 2.7891 0.5512, -2.6181 2.9436 0.5512, -2.7362 2.739 0.5512, -2.5991 2.9358 0.5512, -2.6603 2.7076 0.5512, -2.5787 2.9331 0.5512, -2.5787 2.6969 0.5512, -2.5584 2.9358 0.5512, -2.4972 2.7076 0.5512, -2.5394 2.9436 0.5512, -2.4213 2.739 0.5512, -2.5231 2.9561 0.5512, -2.356 2.7891 0.5512, -2.5105 2.9724 0.5512, -2.306 2.8543 0.5512, -2.5027 2.9914 0.5512, -2.2745 2.9303 0.5512, -2.5 3.0118 0.5512, -2.2638 3.0118 0.5512, -2.5027 3.0322 0.5512, -2.2745 3.0933 0.5512, -2.5105 3.0512 0.5512, -2.306 3.1693 0.5512, -2.5231 3.0675 0.5512, -2.356 3.2345 0.5512, -2.5394 3.08 0.5512, -2.4213 3.2846 0.5512, -2.5584 3.0879 0.5512, -2.4972 3.316 0.5512, -2.5787 3.0906 0.5512, -2.5787 3.3268 0.5512, -2.5991 3.0879 0.5512, -2.6603 3.316 0.5512, -2.6181 3.08 0.5512, -2.7362 3.2846 0.5512, -2.6344 3.0675 0.5512, -2.8015 3.2345 0.5512, -2.6469 3.0512 0.5512, -2.8515 3.1693 0.5512, -2.6548 3.0322 0.5512, -2.883 3.0933 0.5512, -2.6575 3.0118 0.5512, -2.8937 3.0118 0.5512, -2.6548 2.9914 0.5512, -2.883 2.9303 0.5512, -2.883 2.9303 0.5512
            ]
        }
        coordIndex [
            0,1,2,-1,2,1,3,-1,2,3,4,-1,4,3,5,-1,4,5,6,-1,6,5,7,-1,6,7,8,-1,8,7,9,-1,8,9,10,-1,10,9,11,-1,10,11,12,-1,12,11,13,-1,12,13,14,-1,14,13,15,-1,14,15,16,-1,16,15,17,-1,16,17,18,-1,18,17,19,-1,18,19,20,-1,20,19,21,-1,20,21,22,-1,22,21,23,-1,22,23,24,-1,24,23,25,-1,24,25,26,-1,26,25,27,-1,26,27,28,-1,28,27,29,-1,28,29,30,-1,30,29,31,-1,30,31,32,-1,32,31,33,-1,32,33,34,-1,34,33,35,-1,34,35,36,-1,36,35,37,-1,36,37,38,-1,38,37,39,-1,38,39,40,-1,40,39,41,-1,40,41,42,-1,42,41,43,-1,42,43,44,-1,44,43,45,-1,44,45,46,-1,46,45,47,-1,46,47,0,-1,0,47,1,-1,
        ]
    }
}
Shape{
    appearance Appearance {
        material  Material 	{
            diffuseColor 0.8274509803921568 0.6666666666666666 0.12941176470588237
            specularColor 0.8274509803921568 0.6666666666666666 0.12941176470588237
            ambientIntensity 0.2
            transparency 0
            shininess 0.5
        }
    }
    geometry IndexedFaceSet {
        ccw TRUE
        solid FALSE
        coord DEF co Coordinate {
            point [
                -2.6575 3.0118 0.5512, -2.6548 3.0322 0.748, -2.6548 3.0322 0.5512, -2.6469 3.0512 0.748, -2.6469 3.0512 0.5512, -2.6344 3.0675 0.748, -2.6344 3.0675 0.5512, -2.6181 3.08 0.748, -2.6181 3.08 0.5512, -2.5991 3.0879 0.748, -2.5991 3.0879 0.5512, -2.5787 3.0906 0.748, -2.5787 3.0906 0.5512, -2.5584 3.0879 0.748, -2.5584 3.0879 0.5512, -2.5394 3.08 0.748, -2.5394 3.08 0.5512, -2.5231 3.0675 0.748, -2.5231 3.0675 0.5512, -2.5105 3.0512 0.748, -2.5105 3.0512 0.5512, -2.5027 3.0322 0.748, -2.5027 3.0322 0.5512, -2.5 3.0118 0.748, -2.5 3.0118 0.5512, -2.5027 2.9914 0.748, -2.5027 2.9914 0.5512, -2.5105 2.9724 0.748, -2.5105 2.9724 0.5512, -2.5231 2.9561 0.748, -2.5231 2.9561 0.5512, -2.5394 2.9436 0.748, -2.5394 2.9436 0.5512, -2.5584 2.9358 0.748, -2.5584 2.9358 0.5512, -2.5787 2.9331 0.748, -2.5787 2.9331 0.5512, -2.5991 2.9358 0.748, -2.5991 2.9358 0.5512, -2.6181 2.9436 0.748, -2.6181 2.9436 0.5512, -2.6344 2.9561 0.748, -2.6344 2.9561 0.5512, -2.6469 2.9724 0.748, -2.6469 2.9724 0.5512, -2.6548 2.9914 0.748, -2.6548 2.9914 0.5512, -2.6575 3.0118 0.748, -2.5787 3.0118 0.8268, -2.5591 3.0171 0.8241, -2.5611 3.022 0.8241, -2.5584 3.0118 0.8241, -2.5686 3.0295 0.8241, -2.5735 3.0315 0.8241, -2.5643 3.0262 0.8241, -2.584 3.0315 0.8241, -2.5889 3.0295 0.8241, -2.5787 3.0322 0.8241, -2.5964 3.022 0.8241, -2.5984 3.0171 0.8241, -2.5932 3.0262 0.8241, -2.5984 3.0065 0.8241, -2.5964 3.0016 0.8241, -2.5991 3.0118 0.8241, -2.5889 2.9942 0.8241, -2.584 2.9921 0.8241, -2.5932 2.9974 0.8241, -2.5735 2.9921 0.8241, -2.5686 2.9942 0.8241, -2.5787 2.9914 0.8241, -2.5611 3.0016 0.8241, -2.5591 3.0065 0.8241, -2.5643 2.9974 0.8241, -2.5407 3.022 0.8162, -2.5446 3.0315 0.8162, -2.5509 3.0396 0.8162, -2.5591 3.0459 0.8162, -2.5686 3.0498 0.8162, -2.5787 3.0512 0.8162, -2.5889 3.0498 0.8162, -2.5984 3.0459 0.8162, -2.6066 3.0396 0.8162, -2.6128 3.0315 0.8162, -2.6168 3.022 0.8162, -2.6181 3.0118 0.8162, -2.6168 3.0016 0.8162, -2.6128 2.9921 0.8162, -2.6066 2.984 0.8162, -2.5984 2.9777 0.8162, -2.5889 2.9738 0.8162, -2.5787 2.9724 0.8162, -2.5686 2.9738 0.8162, -2.5591 2.9777 0.8162, -2.5509 2.984 0.8162, -2.5446 2.9921 0.8162, -2.5407 3.0016 0.8162, -2.5394 3.0118 0.8162, -2.525 3.0262 0.8037, -2.5305 3.0396 0.8037, -2.5394 3.0512 0.8037, -2.5509 3.06 0.8037, -2.5643 3.0656 0.8037, -2.5787 3.0675 0.8037, -2.5932 3.0656 0.8037, -2.6066 3.06 0.8037, -2.6181 3.0512 0.8037, -2.627 3.0396 0.8037, -2.6325 3.0262 0.8037, -2.6344 3.0118 0.8037, -2.6325 2.9974 0.8037, -2.627 2.984 0.8037, -2.6181 2.9724 0.8037, -2.6066 2.9636 0.8037, -2.5932 2.958 0.8037, -2.5787 2.9561 0.8037, -2.5643 2.958 0.8037, -2.5509 2.9636 0.8037, -2.5394 2.9724 0.8037, -2.5305 2.984 0.8037, -2.525 2.9974 0.8037, -2.5231 3.0118 0.8037, -2.5129 3.0295 0.7874, -2.5197 3.0459 0.7874, -2.5305 3.06 0.7874, -2.5446 3.0709 0.7874, -2.5611 3.0777 0.7874, -2.5787 3.08 0.7874, -2.5964 3.0777 0.7874, -2.6128 3.0709 0.7874, -2.627 3.06 0.7874, -2.6378 3.0459 0.7874, -2.6446 3.0295 0.7874, -2.6469 3.0118 0.7874, -2.6446 2.9942 0.7874, -2.6378 2.9777 0.7874, -2.627 2.9636 0.7874, -2.6128 2.9528 0.7874, -2.5964 2.9459 0.7874, -2.5787 2.9436 0.7874, -2.5611 2.9459 0.7874, -2.5446 2.9528 0.7874, -2.5305 2.9636 0.7874, -2.5197 2.9777 0.7874, -2.5129 2.9942 0.7874, -2.5105 3.0118 0.7874, -2.5053 3.0315 0.7684, -2.5129 3.0498 0.7684, -2.525 3.0656 0.7684, -2.5407 3.0777 0.7684, -2.5591 3.0853 0.7684, -2.5787 3.0879 0.7684, -2.5984 3.0853 0.7684, -2.6168 3.0777 0.7684, -2.6325 3.0656 0.7684, -2.6446 3.0498 0.7684, -2.6522 3.0315 0.7684, -2.6548 3.0118 0.7684, -2.6522 2.9921 0.7684, -2.6446 2.9738 0.7684, -2.6325 2.958 0.7684, -2.6168 2.9459 0.7684, -2.5984 2.9383 0.7684, -2.5787 2.9358 0.7684, -2.5591 2.9383 0.7684, -2.5407 2.9459 0.7684, -2.525 2.958 0.7684, -2.5129 2.9738 0.7684, -2.5053 2.9921 0.7684, -2.5027 3.0118 0.7684, -1.9193 1.6634 -0.0039, -1.9193 1.6634 -0.0, -1.934 1.7755 -0.0039, -1.934 1.7755 -0.0, -1.9773 1.8799 -0.0039, -1.9773 1.8799 -0.0, -2.0461 1.9696 -0.0039, -2.0461 1.9696 -0.0, -2.1358 2.0384 -0.0039, -2.1358 2.0384 -0.0, -2.2403 2.0817 -0.0039, -2.2403 2.0817 -0.0, -2.3524 2.0965 -0.0039, -2.3524 2.0965 -0.0, -2.4644 2.0817 -0.0039, -2.4644 2.0817 -0.0, -2.5689 2.0384 -0.0039, -2.5689 2.0384 -0.0, -2.6586 1.9696 -0.0039, -2.6586 1.9696 -0.0, -2.7274 1.8799 -0.0039, -2.7274 1.8799 -0.0, -2.7707 1.7755 -0.0039, -2.7707 1.7755 -0.0, -2.7854 1.6634 -0.0039, -2.7854 1.6634 -0.0, -2.7707 1.5513 -0.0039, -2.7707 1.5513 -0.0, -2.7274 1.4469 -0.0039, -2.7274 1.4469 -0.0, -2.6586 1.3572 -0.0039, -2.6586 1.3572 -0.0, -2.5689 1.2883 -0.0039, -2.5689 1.2883 -0.0, -2.4644 1.2451 -0.0039, -2.4644 1.2451 -0.0, -2.3524 1.2303 -0.0039, -2.3524 1.2303 -0.0, -2.2403 1.2451 -0.0039, -2.2403 1.2451 -0.0, -2.1358 1.2883 -0.0039, -2.1358 1.2883 -0.0, -2.0461 1.3572 -0.0039, -2.0461 1.3572 -0.0, -1.9773 1.4469 -0.0039, -1.9773 1.4469 -0.0, -1.934 1.5513 -0.0039, -1.934 1.5513 -0.0, -1.6634 1.6634 0.0, -1.6869 1.8417 -0.0039, -1.6869 1.8417 0.0, -1.7557 2.0079 -0.0039, -1.7557 2.0079 0.0, -1.8652 2.1506 -0.0039, -1.8652 2.1506 0.0, -2.0079 2.2601 -0.0039, -2.0079 2.2601 0.0, -2.174 2.3289 -0.0039, -2.174 2.3289 0.0, -2.3524 2.3524 -0.0039, -2.3524 2.3524 0.0, -2.5307 2.3289 -0.0039, -2.5307 2.3289 0.0, -2.6969 2.2601 -0.0039, -2.6969 2.2601 0.0, -2.8395 2.1506 -0.0039, -2.8395 2.1506 0.0, -2.949 2.0079 -0.0039, -2.949 2.0079 0.0, -3.0179 1.8417 -0.0039, -3.0179 1.8417 0.0, -3.0413 1.6634 -0.0039, -3.0413 1.6634 0.0, -3.0179 1.4851 -0.0039, -3.0179 1.4851 0.0, -2.949 1.3189 -0.0039, -2.949 1.3189 0.0, -2.8395 1.1762 -0.0039, -2.8395 1.1762 0.0, -2.6969 1.0667 -0.0039, -2.6969 1.0667 0.0, -2.5307 0.9979 -0.0039, -2.5307 0.9979 0.0, -2.3524 0.9744 -0.0039, -2.3524 0.9744 0.0, -2.174 0.9979 -0.0039, -2.174 0.9979 0.0, -2.0079 1.0667 -0.0039, -2.0079 1.0667 0.0, -1.8652 1.1762 -0.0039, -1.8652 1.1762 0.0, -1.7557 1.3189 -0.0039, -1.7557 1.3189 0.0, -1.6869 1.4851 -0.0039, -1.6869 1.4851 0.0, -1.6634 1.6634 -0.0039, -2.5399 1.5551 -0.0039, -2.5615 1.6073 -0.0039, -2.3524 1.6634 -0.0039, -2.5689 1.6634 -0.0039, -2.5615 1.7194 -0.0039, -2.4084 1.4542 -0.0039, -2.4606 1.4759 -0.0039, -2.5055 1.5103 -0.0039, -2.2441 1.4759 -0.0039, -2.2963 1.4542 -0.0039, -2.3524 1.4469 -0.0039, -2.1432 1.6073 -0.0039, -2.1648 1.5551 -0.0039, -2.1992 1.5103 -0.0039, -2.1648 1.7717 -0.0039, -2.1432 1.7194 -0.0039, -2.1358 1.6634 -0.0039, -2.2963 1.8725 -0.0039, -2.2441 1.8509 -0.0039, -2.1992 1.8165 -0.0039, -2.4606 1.8509 -0.0039, -2.4084 1.8725 -0.0039, -2.3524 1.8799 -0.0039, -2.5399 1.7717 -0.0039, -2.5055 1.8165 -0.0039, -2.1358 1.6634 -0.0, -2.1432 1.7194 -0.0, -2.1648 1.7717 -0.0, -2.1992 1.8165 -0.0, -2.2441 1.8509 -0.0, -2.2963 1.8725 -0.0, -2.3524 1.8799 -0.0, -2.4084 1.8725 -0.0, -2.4606 1.8509 -0.0, -2.5055 1.8165 -0.0, -2.5399 1.7717 -0.0, -2.5615 1.7194 -0.0, -2.5689 1.6634 -0.0, -2.5615 1.6073 -0.0, -2.5399 1.5551 -0.0, -2.5055 1.5103 -0.0, -2.4606 1.4759 -0.0, -2.4084 1.4542 -0.0, -2.3524 1.4469 -0.0, -2.2963 1.4542 -0.0, -2.2441 1.4759 -0.0, -2.1992 1.5103 -0.0, -2.1648 1.5551 -0.0, -2.1432 1.6073 -0.0, -2.1432 1.6073 -0.0
            ]
        }
        coordIndex [
            0,1,2,-1,2,1,3,-1,2,3,4,-1,4,3,5,-1,4,5,6,-1,6,5,7,-1,6,7,8,-1,8,7,9,-1,8,9,10,-1,10,9,11,-1,10,11,12,-1,12,11,13,-1,12,13,14,-1,14,13,15,-1,14,15,16,-1,16,15,17,-1,16,17,18,-1,18,17,19,-1,18,19,20,-1,20,19,21,-1,20,21,22,-1,22,21,23,-1,22,23,24,-1,24,23,25,-1,24,25,26,-1,26,25,27,-1,26,27,28,-1,28,27,29,-1,28,29,30,-1,30,29,31,-1,30,31,32,-1,32,31,33,-1,32,33,34,-1,34,33,35,-1,34,35,36,-1,36,35,37,-1,36,37,38,-1,38,37,39,-1,38,39,40,-1,40,39,41,-1,40,41,42,-1,42,41,43,-1,42,43,44,-1,44,43,45,-1,44,45,46,-1,46,45,47,-1,46,47,0,-1,0,47,1,-1,48,49,50,-1,51,49,48,-1,48,52,53,-1,54,52,48,-1,50,54,48,-1,48,55,56,-1,57,55,48,-1,53,57,48,-1,48,58,59,-1,60,58,48,-1,56,60,48,-1,48,61,62,-1,63,61,48,-1,59,63,48,-1,48,64,65,-1,66,64,48,-1,62,66,48,-1,48,67,68,-1,69,67,48,-1,65,69,48,-1,48,70,71,-1,72,70,48,-1,68,72,48,-1,71,51,48,-1,51,73,49,-1,49,73,74,-1,49,74,50,-1,50,74,75,-1,50,75,54,-1,54,75,76,-1,54,76,52,-1,52,76,77,-1,52,77,53,-1,53,77,78,-1,53,78,57,-1,57,78,79,-1,57,79,55,-1,55,79,80,-1,55,80,56,-1,56,80,81,-1,56,81,60,-1,60,81,82,-1,60,82,58,-1,58,82,83,-1,58,83,59,-1,59,83,84,-1,59,84,63,-1,63,84,85,-1,63,85,61,-1,61,85,86,-1,61,86,62,-1,62,86,87,-1,62,87,66,-1,66,87,88,-1,66,88,64,-1,64,88,89,-1,64,89,65,-1,65,89,90,-1,65,90,69,-1,69,90,91,-1,69,91,67,-1,67,91,92,-1,67,92,68,-1,68,92,93,-1,68,93,72,-1,72,93,94,-1,72,94,70,-1,70,94,95,-1,70,95,71,-1,71,95,96,-1,71,96,51,-1,51,96,73,-1,96,97,73,-1,73,97,98,-1,73,98,74,-1,74,98,99,-1,74,99,75,-1,75,99,100,-1,75,100,76,-1,76,100,101,-1,76,101,77,-1,77,101,102,-1,77,102,78,-1,78,102,103,-1,78,103,79,-1,79,103,104,-1,79,104,80,-1,80,104,105,-1,80,105,81,-1,81,105,106,-1,81,106,82,-1,82,106,107,-1,82,107,83,-1,83,107,108,-1,83,108,84,-1,84,108,109,-1,84,109,85,-1,85,109,110,-1,85,110,86,-1,86,110,111,-1,86,111,87,-1,87,111,112,-1,87,112,88,-1,88,112,113,-1,88,113,89,-1,89,113,114,-1,89,114,90,-1,90,114,115,-1,90,115,91,-1,91,115,116,-1,91,116,92,-1,92,116,117,-1,92,117,93,-1,93,117,118,-1,93,118,94,-1,94,118,119,-1,94,119,95,-1,95,119,120,-1,95,120,96,-1,96,120,97,-1,120,121,97,-1,97,121,122,-1,97,122,98,-1,98,122,123,-1,98,123,99,-1,99,123,124,-1,99,124,100,-1,100,124,125,-1,100,125,101,-1,101,125,126,-1,101,126,102,-1,102,126,127,-1,102,127,103,-1,103,127,128,-1,103,128,104,-1,104,128,129,-1,104,129,105,-1,105,129,130,-1,105,130,106,-1,106,130,131,-1,106,131,107,-1,107,131,132,-1,107,132,108,-1,108,132,133,-1,108,133,109,-1,109,133,134,-1,109,134,110,-1,110,134,135,-1,110,135,111,-1,111,135,136,-1,111,136,112,-1,112,136,137,-1,112,137,113,-1,113,137,138,-1,113,138,114,-1,114,138,139,-1,114,139,115,-1,115,139,140,-1,115,140,116,-1,116,140,141,-1,116,141,117,-1,117,141,142,-1,117,142,118,-1,118,142,143,-1,118,143,119,-1,119,143,144,-1,119,144,120,-1,120,144,121,-1,144,145,121,-1,121,145,146,-1,121,146,122,-1,122,146,147,-1,122,147,123,-1,123,147,148,-1,123,148,124,-1,124,148,149,-1,124,149,125,-1,125,149,150,-1,125,150,126,-1,126,150,151,-1,126,151,127,-1,127,151,152,-1,127,152,128,-1,128,152,153,-1,128,153,129,-1,129,153,154,-1,129,154,130,-1,130,154,155,-1,130,155,131,-1,131,155,156,-1,131,156,132,-1,132,156,157,-1,132,157,133,-1,133,157,158,-1,133,158,134,-1,134,158,159,-1,134,159,135,-1,135,159,160,-1,135,160,136,-1,136,160,161,-1,136,161,137,-1,137,161,162,-1,137,162,138,-1,138,162,163,-1,138,163,139,-1,139,163,164,-1,139,164,140,-1,140,164,165,-1,140,165,141,-1,141,165,166,-1,141,166,142,-1,142,166,167,-1,142,167,143,-1,143,167,168,-1,143,168,144,-1,144,168,145,-1,168,21,145,-1,145,21,19,-1,145,19,146,-1,146,19,17,-1,146,17,147,-1,147,17,15,-1,147,15,148,-1,148,15,13,-1,148,13,149,-1,149,13,11,-1,149,11,150,-1,150,11,9,-1,150,9,151,-1,151,9,7,-1,151,7,152,-1,152,7,5,-1,152,5,153,-1,153,5,3,-1,153,3,154,-1,154,3,1,-1,154,1,155,-1,155,1,47,-1,155,47,156,-1,156,47,45,-1,156,45,157,-1,157,45,43,-1,157,43,158,-1,158,43,41,-1,158,41,159,-1,159,41,39,-1,159,39,160,-1,160,39,37,-1,160,37,161,-1,161,37,35,-1,161,35,162,-1,162,35,33,-1,162,33,163,-1,163,33,31,-1,163,31,164,-1,164,31,29,-1,164,29,165,-1,165,29,27,-1,165,27,166,-1,166,27,25,-1,166,25,167,-1,167,25,23,-1,167,23,168,-1,168,23,21,-1,169,170,171,-1,171,170,172,-1,171,172,173,-1,173,172,174,-1,173,174,175,-1,175,174,176,-1,175,176,177,-1,177,176,178,-1,177,178,179,-1,179,178,180,-1,179,180,181,-1,181,180,182,-1,181,182,183,-1,183,182,184,-1,183,184,185,-1,185,184,186,-1,185,186,187,-1,187,186,188,-1,187,188,189,-1,189,188,190,-1,189,190,191,-1,191,190,192,-1,191,192,193,-1,193,192,194,-1,193,194,195,-1,195,194,196,-1,195,196,197,-1,197,196,198,-1,197,198,199,-1,199,198,200,-1,199,200,201,-1,201,200,202,-1,201,202,203,-1,203,202,204,-1,203,204,205,-1,205,204,206,-1,205,206,207,-1,207,206,208,-1,207,208,209,-1,209,208,210,-1,209,210,211,-1,211,210,212,-1,211,212,213,-1,213,212,214,-1,213,214,215,-1,215,214,216,-1,215,216,169,-1,169,216,170,-1,217,218,219,-1,219,218,220,-1,219,220,221,-1,221,220,222,-1,221,222,223,-1,223,222,224,-1,223,224,225,-1,225,224,226,-1,225,226,227,-1,227,226,228,-1,227,228,229,-1,229,228,230,-1,229,230,231,-1,231,230,232,-1,231,232,233,-1,233,232,234,-1,233,234,235,-1,235,234,236,-1,235,236,237,-1,237,236,238,-1,237,238,239,-1,239,238,240,-1,239,240,241,-1,241,240,242,-1,241,242,243,-1,243,242,244,-1,243,244,245,-1,245,244,246,-1,245,246,247,-1,247,246,248,-1,247,248,249,-1,249,248,250,-1,249,250,251,-1,251,250,252,-1,251,252,253,-1,253,252,254,-1,253,254,255,-1,255,254,256,-1,255,256,257,-1,257,256,258,-1,257,258,259,-1,259,258,260,-1,259,260,261,-1,261,260,262,-1,261,262,263,-1,263,262,264,-1,263,264,217,-1,217,264,218,-1,179,226,177,-1,177,226,224,-1,177,224,175,-1,175,224,222,-1,175,222,173,-1,173,222,220,-1,173,220,171,-1,171,220,218,-1,171,218,169,-1,169,218,264,-1,169,264,215,-1,215,264,262,-1,215,262,213,-1,213,262,260,-1,213,260,211,-1,211,260,258,-1,211,258,209,-1,209,258,256,-1,209,256,207,-1,207,256,254,-1,207,254,205,-1,205,254,252,-1,205,252,203,-1,203,252,250,-1,203,250,201,-1,201,250,248,-1,201,248,199,-1,199,248,246,-1,199,246,197,-1,197,246,244,-1,197,244,195,-1,195,244,242,-1,195,242,193,-1,193,242,240,-1,193,240,191,-1,191,240,238,-1,191,238,189,-1,189,238,236,-1,189,236,187,-1,187,236,234,-1,187,234,185,-1,185,234,232,-1,185,232,183,-1,183,232,230,-1,183,230,181,-1,181,230,228,-1,181,228,179,-1,179,228,226,-1,265,266,267,-1,267,266,268,-1,267,268,269,-1,270,271,267,-1,267,271,272,-1,267,272,265,-1,273,274,267,-1,267,274,275,-1,267,275,270,-1,276,277,267,-1,267,277,278,-1,267,278,273,-1,279,280,267,-1,267,280,281,-1,267,281,276,-1,282,283,267,-1,267,283,284,-1,267,284,279,-1,285,286,267,-1,267,286,287,-1,267,287,282,-1,269,288,267,-1,267,288,289,-1,267,289,285,-1,290,280,291,-1,291,280,279,-1,291,279,292,-1,292,279,284,-1,292,284,293,-1,293,284,283,-1,293,283,294,-1,294,283,282,-1,294,282,295,-1,295,282,287,-1,295,287,296,-1,296,287,286,-1,296,286,297,-1,297,286,285,-1,297,285,298,-1,298,285,289,-1,298,289,299,-1,299,289,288,-1,299,288,300,-1,300,288,269,-1,300,269,301,-1,301,269,268,-1,301,268,302,-1,302,268,266,-1,302,266,303,-1,303,266,265,-1,303,265,304,-1,304,265,272,-1,304,272,305,-1,305,272,271,-1,305,271,306,-1,306,271,270,-1,306,270,307,-1,307,270,275,-1,307,275,308,-1,308,275,274,-1,308,274,309,-1,309,274,273,-1,309,273,310,-1,310,273,278,-1,310,278,311,-1,311,278,277,-1,311,277,312,-1,312,277,276,-1,312,276,313,-1,313,276,281,-1,313,281,290,-1,290,281,280,-1,
        ]
    }
}
Shape{
    appearance Appearance {
        material  Material 	{
            diffuseColor 0.20784313725490197 0.20784313725490197 0.20784313725490197
            specularColor 0.01568627450980392 0.01568627450980392 0.01568627450980392
            ambientIntensity 0.2
            transparency 0
            shininess 0.5
        }
    }
    geometry IndexedFaceSet {
        ccw TRUE
        solid FALSE
        coord DEF co Coordinate {
            point [
                -2.5615 1.7194 -0.0, -2.7707 1.7755 -0.0, -2.5399 1.7717 -0.0, -2.7274 1.8799 -0.0, -2.5055 1.8165 -0.0, -2.6586 1.9696 -0.0, -2.4606 1.8509 -0.0, -2.5689 2.0384 -0.0, -2.4084 1.8725 -0.0, -2.4644 2.0817 -0.0, -2.3524 1.8799 -0.0, -2.3524 2.0965 -0.0, -2.2963 1.8725 -0.0, -2.2403 2.0817 -0.0, -2.2441 1.8509 -0.0, -2.1358 2.0384 -0.0, -2.1992 1.8165 -0.0, -2.0461 1.9696 -0.0, -2.1648 1.7717 -0.0, -1.9773 1.8799 -0.0, -2.1432 1.7194 -0.0, -1.934 1.7755 -0.0, -2.1358 1.6634 -0.0, -1.9193 1.6634 -0.0, -2.1432 1.6073 -0.0, -1.934 1.5513 -0.0, -2.1648 1.5551 -0.0, -1.9773 1.4469 -0.0, -2.1992 1.5103 -0.0, -2.0461 1.3572 -0.0, -2.2441 1.4759 -0.0, -2.1358 1.2883 -0.0, -2.2963 1.4542 -0.0, -2.2403 1.2451 -0.0, -2.3524 1.4469 -0.0, -2.3524 1.2303 -0.0, -2.4084 1.4542 -0.0, -2.4644 1.2451 -0.0, -2.4606 1.4759 -0.0, -2.5689 1.2883 -0.0, -2.5055 1.5103 -0.0, -2.6586 1.3572 -0.0, -2.5399 1.5551 -0.0, -2.7274 1.4469 -0.0, -2.5615 1.6073 -0.0, -2.7707 1.5513 -0.0, -2.5689 1.6634 -0.0, -2.7854 1.6634 -0.0, -2.7854 1.6634 -0.0
            ]
        }
        coordIndex [
            0,1,2,-1,2,1,3,-1,2,3,4,-1,4,3,5,-1,4,5,6,-1,6,5,7,-1,6,7,8,-1,8,7,9,-1,8,9,10,-1,10,9,11,-1,10,11,12,-1,12,11,13,-1,12,13,14,-1,14,13,15,-1,14,15,16,-1,16,15,17,-1,16,17,18,-1,18,17,19,-1,18,19,20,-1,20,19,21,-1,20,21,22,-1,22,21,23,-1,22,23,24,-1,24,23,25,-1,24,25,26,-1,26,25,27,-1,26,27,28,-1,28,27,29,-1,28,29,30,-1,30,29,31,-1,30,31,32,-1,32,31,33,-1,32,33,34,-1,34,33,35,-1,34,35,36,-1,36,35,37,-1,36,37,38,-1,38,37,39,-1,38,39,40,-1,40,39,41,-1,40,41,42,-1,42,41,43,-1,42,43,44,-1,44,43,45,-1,44,45,46,-1,46,45,47,-1,46,47,0,-1,0,47,1,-1,
        ]
    }
}
Shape{
    appearance Appearance {
        material  Material 	{
            diffuseColor 0.6666666666666666 0.6666666666666666 0.6666666666666666
            specularColor 0.4666666666666667 0.4666666666666667 0.4666666666666667
            ambientIntensity 0.2
            transparency 0
            shininess 0.5
        }
    }
    geometry IndexedFaceSet {
        ccw TRUE
        solid FALSE
        coord DEF co Coordinate {
            point [
                -0.8995 3.7962 0.4764, 3.2467 3.7962 0.4764, -0.8995 3.7962 0.4724, 3.2467 3.7962 0.4724, -0.8995 3.3299 0.4764, -0.8995 3.3299 0.4724, 2.8686 3.3299 0.4764, 2.8686 3.3299 0.4724, 2.8686 2.788 0.4764, 2.8686 2.788 0.4724, -1.3658 2.788 0.4764, -1.3658 2.788 0.4724, -1.3658 2.3217 0.4764, -1.3658 2.3217 0.4724, 3.2467 2.3217 0.4764, 3.2467 2.3217 0.4724, 3.2467 2.3217 0.4724
            ]
        }
        coordIndex [
            0,1,2,-1,2,1,3,-1,4,0,5,-1,5,0,2,-1,6,4,7,-1,7,4,5,-1,8,6,9,-1,9,6,7,-1,10,8,11,-1,11,8,9,-1,12,10,13,-1,13,10,11,-1,14,12,15,-1,15,12,13,-1,1,14,3,-1,3,14,15,-1,10,12,8,-1,8,12,14,-1,8,14,6,-1,6,14,1,-1,6,1,4,-1,4,1,0,-1,
        ]
    }
}
Shape{
    appearance Appearance {
        material  Material 	{
            diffuseColor 0.0 0.0 0.0
            specularColor 0.0 0.0 0.0
            ambientIntensity 0.2
            transparency 0
            shininess 0.5
        }
    }
    geometry IndexedFaceSet {
        ccw TRUE
        solid FALSE
        coord DEF co Coordinate {
            point [
                2.4771 -3.1156 1.0276, 2.4694 -3.1252 1.0276, 2.4835 -3.1372 1.0276, 2.4675 -3.127 1.0276, 2.4673 -3.1487 1.0276, 2.4576 -3.1338 1.0276, 2.4498 -3.1555 1.0276, 2.4449 -3.1387 1.0276, 2.424 -3.1587 1.0276, 2.4239 -3.1412 1.0276, 2.3818 -3.1587 1.0276, 2.4016 -3.1412 1.0276, 2.3818 -3.0055 1.0276, 2.4016 -3.0231 1.0276, 2.4255 -3.0055 1.0276, 2.4248 -3.0231 1.0276, 2.4489 -3.008 1.0276, 2.445 -3.0254 1.0276, 2.4674 -3.0148 1.0276, 2.4582 -3.0303 1.0276, 2.4835 -3.0257 1.0276, 2.469 -3.0375 1.0276, 2.4889 -3.0311 1.0276, 2.4746 -3.0434 1.0276, 2.4984 -3.0445 1.0276, 2.4802 -3.0524 1.0276, 2.5041 -3.0591 1.0276, 2.4842 -3.0644 1.0276, 2.5066 -3.0801 1.0276, 2.4858 -3.0806 1.0276, 2.5058 -3.0928 1.0276, 2.4853 -3.0901 1.0276, 2.5015 -3.1102 1.0276, 2.4824 -3.1042 1.0276, 2.4934 -3.1258 1.0276, 2.4835 -3.1372 1.0236, 2.4934 -3.1258 1.0236, 2.5015 -3.1102 1.0236, 2.5058 -3.0928 1.0236, 2.5066 -3.0801 1.0236, 2.5041 -3.0591 1.0236, 2.4984 -3.0445 1.0236, 2.4889 -3.0311 1.0236, 2.4835 -3.0257 1.0236, 2.4674 -3.0148 1.0236, 2.4489 -3.008 1.0236, 2.4255 -3.0055 1.0236, 2.3818 -3.0055 1.0236, 2.3818 -3.1587 1.0236, 2.424 -3.1587 1.0236, 2.4498 -3.1555 1.0236, 2.4673 -3.1487 1.0236, 2.469 -3.0375 1.0236, 2.4746 -3.0434 1.0236, 2.4802 -3.0524 1.0236, 2.4842 -3.0644 1.0236, 2.4858 -3.0806 1.0236, 2.4248 -3.0231 1.0236, 2.445 -3.0254 1.0236, 2.4582 -3.0303 1.0236, 2.4016 -3.0231 1.0236, 2.4016 -3.1412 1.0236, 2.4239 -3.1412 1.0236, 2.4694 -3.1252 1.0236, 2.4675 -3.127 1.0236, 2.4576 -3.1338 1.0236, 2.4449 -3.1387 1.0236, 2.4853 -3.0901 1.0236, 2.4824 -3.1042 1.0236, 2.4771 -3.1156 1.0236, 2.4771 -3.1156 1.0236
            ]
        }
        coordIndex [
            0,1,2,-1,2,1,3,-1,2,3,4,-1,4,3,5,-1,4,5,6,-1,6,5,7,-1,6,7,8,-1,8,7,9,-1,8,9,10,-1,10,9,11,-1,10,11,12,-1,12,11,13,-1,12,13,14,-1,14,13,15,-1,14,15,16,-1,16,15,17,-1,16,17,18,-1,18,17,19,-1,18,19,20,-1,20,19,21,-1,20,21,22,-1,22,21,23,-1,22,23,24,-1,24,23,25,-1,24,25,26,-1,26,25,27,-1,26,27,28,-1,28,27,29,-1,28,29,30,-1,30,29,31,-1,30,31,32,-1,32,31,33,-1,32,33,34,-1,34,33,0,-1,34,0,2,-1,2,35,36,-1,2,36,34,-1,34,36,37,-1,34,37,32,-1,32,37,38,-1,32,38,30,-1,30,38,39,-1,30,39,28,-1,28,39,40,-1,28,40,26,-1,26,40,41,-1,26,41,24,-1,24,41,42,-1,24,42,22,-1,22,42,43,-1,22,43,20,-1,20,43,44,-1,20,44,18,-1,18,44,45,-1,18,45,16,-1,16,45,46,-1,16,46,14,-1,12,14,47,-1,47,14,46,-1,10,12,48,-1,48,12,47,-1,8,10,49,-1,49,10,48,-1,8,49,50,-1,8,50,6,-1,6,50,51,-1,6,51,4,-1,4,51,35,-1,4,35,2,-1,21,52,53,-1,21,53,23,-1,23,53,54,-1,23,54,25,-1,25,54,55,-1,25,55,27,-1,27,55,56,-1,27,56,29,-1,15,57,58,-1,15,58,17,-1,17,58,59,-1,17,59,19,-1,19,59,52,-1,19,52,21,-1,15,13,57,-1,57,13,60,-1,13,11,60,-1,60,11,61,-1,11,9,61,-1,61,9,62,-1,1,63,64,-1,1,64,3,-1,3,64,65,-1,3,65,5,-1,5,65,66,-1,5,66,7,-1,7,66,62,-1,7,62,9,-1,29,56,67,-1,29,67,31,-1,31,67,68,-1,31,68,33,-1,33,68,69,-1,33,69,0,-1,0,69,63,-1,0,63,1,-1,
        ]
    }
}
Shape{
    appearance Appearance {
        material  Material 	{
            diffuseColor 1.0 1.0 1.0
            specularColor 0.8784313725490196 0.8784313725490196 0.8784313725490196
            ambientIntensity 0.2
            transparency 0
            shininess 0.5
        }
    }
    geometry IndexedFaceSet {
        ccw TRUE
        solid FALSE
        coord DEF co Coordinate {
            point [
                2.4016 -3.0231 1.0236, 2.4016 -3.1412 1.0236, 2.4248 -3.0231 1.0236, 2.4239 -3.1412 1.0236, 2.4449 -3.1387 1.0236, 2.4576 -3.1338 1.0236, 2.4675 -3.127 1.0236, 2.4858 -3.0806 1.0236, 2.469 -3.0375 1.0236, 2.4582 -3.0303 1.0236, 2.4694 -3.1252 1.0236, 2.4771 -3.1156 1.0236, 2.4824 -3.1042 1.0236, 2.4746 -3.0434 1.0236, 2.4842 -3.0644 1.0236, 2.4802 -3.0524 1.0236, 2.4853 -3.0901 1.0236, 2.445 -3.0254 1.0236, 2.445 -3.0254 1.0236
            ]
        }
        coordIndex [
            0,1,2,-1,2,1,3,-1,3,4,2,-1,2,4,5,-1,2,5,6,-1,7,8,9,-1,6,10,2,-1,2,10,11,-1,2,11,12,-1,8,7,13,-1,13,7,14,-1,13,14,15,-1,12,16,2,-1,2,16,7,-1,2,7,17,-1,17,7,9,-1,
        ]
    }
}
Shape{
    appearance Appearance {
        material  Material 	{
            diffuseColor 0.0 0.0 0.0
            specularColor 0.0 0.0 0.0
            ambientIntensity 0.2
            transparency 0
            shininess 0.5
        }
    }
    geometry IndexedFaceSet {
        ccw TRUE
        solid FALSE
        coord DEF co Coordinate {
            point [
                2.2001 -3.1316 1.0276, 2.2001 -3.1316 1.0236, 2.1986 -3.1367 1.0236, 2.1986 -3.1367 1.0276, 2.1977 -3.1405 1.0236, 2.1977 -3.1405 1.0276, 2.1972 -3.1405 1.0276, 2.1972 -3.1405 1.0236, 2.1948 -3.1315 1.0276, 2.1948 -3.1315 1.0236, 2.1663 -3.0492 1.0236, 2.1663 -3.0492 1.0276, 2.1755 -3.0759 1.0236, 2.1448 -3.0492 1.0276, 2.1448 -3.0492 1.0236, 2.1877 -3.1584 1.0236, 2.1877 -3.1584 1.0276, 2.1755 -3.1274 1.0236, 2.1793 -3.1783 1.0236, 2.1793 -3.1783 1.0276, 2.1871 -3.16 1.0236, 2.1755 -3.1852 1.0236, 2.1755 -3.1852 1.0276, 2.1755 -3.1852 1.0236, 2.172 -3.1892 1.0276, 2.172 -3.1892 1.0236, 2.1685 -3.1916 1.0236, 2.1685 -3.1916 1.0276, 2.1643 -3.1932 1.0236, 2.1643 -3.1932 1.0276, 2.1596 -3.1938 1.0236, 2.1596 -3.1938 1.0276, 2.1527 -3.1928 1.0236, 2.1527 -3.1928 1.0276, 2.1487 -3.1916 1.0236, 2.1487 -3.1916 1.0276, 2.1487 -3.2086 1.0276, 2.1487 -3.2086 1.0236, 2.1569 -3.21 1.0236, 2.1569 -3.21 1.0276, 2.1611 -3.2102 1.0236, 2.1611 -3.2102 1.0276, 2.1689 -3.2093 1.0236, 2.1689 -3.2093 1.0276, 2.1755 -3.2068 1.0236, 2.1764 -3.2064 1.0276, 2.1764 -3.2064 1.0236, 2.1831 -3.2017 1.0236, 2.1831 -3.2017 1.0276, 2.1845 -3.2005 1.0236, 2.1845 -3.2005 1.0276, 2.1915 -3.1921 1.0236, 2.1915 -3.1921 1.0276, 2.2002 -3.1752 1.0236, 2.2002 -3.1752 1.0276, 2.2498 -3.0492 1.0236, 2.2498 -3.0492 1.0276, 2.2062 -3.16 1.0236, 2.2299 -3.0492 1.0276, 2.2299 -3.0492 1.0236, 2.0906 -3.1612 1.0276, 2.0906 -3.1612 1.0236, 2.106 -3.1597 1.0276, 2.1032 -3.16 1.0236, 2.106 -3.1597 1.0236, 2.1165 -3.156 1.0236, 2.1165 -3.156 1.0276, 2.1225 -3.1526 1.0236, 2.1225 -3.1526 1.0276, 2.128 -3.1477 1.0236, 2.128 -3.1477 1.0276, 2.1315 -3.1427 1.0236, 2.1315 -3.1427 1.0276, 2.1339 -3.1366 1.0236, 2.1339 -3.1366 1.0276, 2.1348 -3.1289 1.0236, 2.1348 -3.1289 1.0276, 2.134 -3.1217 1.0236, 2.134 -3.1217 1.0276, 2.132 -3.1161 1.0236, 2.132 -3.1161 1.0276, 2.1284 -3.1108 1.0236, 2.1284 -3.1108 1.0276, 2.1238 -3.1067 1.0236, 2.1238 -3.1067 1.0276, 2.1111 -3.0996 1.0236, 2.1111 -3.0996 1.0276, 2.1036 -3.0966 1.0236, 2.1036 -3.0966 1.0276, 2.0918 -3.0915 1.0236, 2.0918 -3.0915 1.0276, 2.085 -3.0872 1.0236, 2.085 -3.0872 1.0276, 2.0831 -3.0852 1.0236, 2.0831 -3.0852 1.0276, 2.0817 -3.0826 1.0236, 2.0817 -3.0826 1.0276, 2.081 -3.0796 1.0236, 2.081 -3.0796 1.0276, 2.0808 -3.077 1.0236, 2.0808 -3.077 1.0276, 2.0811 -3.074 1.0236, 2.0811 -3.074 1.0276, 2.0821 -3.0714 1.0236, 2.0821 -3.0714 1.0276, 2.0837 -3.069 1.0236, 2.0837 -3.069 1.0276, 2.0866 -3.0664 1.0236, 2.0866 -3.0664 1.0276, 2.0909 -3.0641 1.0236, 2.0909 -3.0641 1.0276, 2.0961 -3.0627 1.0236, 2.0961 -3.0627 1.0276, 2.1018 -3.0623 1.0236, 2.1018 -3.0623 1.0276, 2.1148 -3.0639 1.0236, 2.1148 -3.0639 1.0276, 2.1257 -3.068 1.0236, 2.1257 -3.068 1.0276, 2.1296 -3.0702 1.0236, 2.1296 -3.0702 1.0276, 2.1296 -3.0516 1.0276, 2.1296 -3.0516 1.0236, 2.1163 -3.0478 1.0236, 2.1163 -3.0478 1.0276, 2.1036 -3.0467 1.0236, 2.1036 -3.0467 1.0276, 2.0894 -3.0483 1.0236, 2.0894 -3.0483 1.0276, 2.0789 -3.0521 1.0236, 2.0789 -3.0521 1.0276, 2.0733 -3.0554 1.0236, 2.0733 -3.0554 1.0276, 2.0676 -3.0605 1.0276, 2.0698 -3.0586 1.0236, 2.0676 -3.0605 1.0236, 2.0641 -3.0657 1.0236, 2.0641 -3.0657 1.0276, 2.0618 -3.0719 1.0236, 2.0618 -3.0719 1.0276, 2.061 -3.0788 1.0236, 2.061 -3.0788 1.0276, 2.0618 -3.0862 1.0236, 2.0618 -3.0862 1.0276, 2.064 -3.0921 1.0236, 2.064 -3.0921 1.0276, 2.0665 -3.0961 1.0236, 2.0665 -3.0961 1.0276, 2.0901 -3.1106 1.0236, 2.0901 -3.1106 1.0276, 2.0786 -3.1053 1.0276, 2.0696 -3.0994 1.0236, 2.0696 -3.0994 1.0276, 2.0698 -3.0995 1.0236, 2.0786 -3.1053 1.0236, 2.1027 -3.1158 1.0236, 2.1027 -3.1158 1.0276, 2.1102 -3.1204 1.0236, 2.1102 -3.1204 1.0276, 2.1126 -3.1228 1.0236, 2.1126 -3.1228 1.0276, 2.114 -3.1254 1.0236, 2.114 -3.1254 1.0276, 2.1149 -3.1284 1.0236, 2.1149 -3.1284 1.0276, 2.1151 -3.1308 1.0236, 2.1151 -3.1308 1.0276, 2.1147 -3.1344 1.0236, 2.1147 -3.1344 1.0276, 2.1137 -3.1372 1.0236, 2.1137 -3.1372 1.0276, 2.1121 -3.1396 1.0236, 2.1121 -3.1396 1.0276, 2.1099 -3.1416 1.0236, 2.1099 -3.1416 1.0276, 2.1081 -3.1427 1.0236, 2.1081 -3.1427 1.0276, 2.1032 -3.1445 1.0236, 2.1032 -3.1445 1.0276, 2.0933 -3.1456 1.0236, 2.0933 -3.1456 1.0276, 2.0925 -3.1456 1.0236, 2.0925 -3.1456 1.0276, 2.0609 -3.135 1.0236, 2.0609 -3.135 1.0276, 2.0679 -3.1394 1.0276, 2.0799 -3.144 1.0236, 2.0799 -3.144 1.0276, 2.0698 -3.1401 1.0236, 2.0679 -3.1394 1.0236, 2.0609 -3.1548 1.0276, 2.0609 -3.1548 1.0236, 2.0734 -3.1593 1.0276, 2.0698 -3.158 1.0236, 2.079 -3.16 1.0236, 2.0734 -3.1593 1.0236, 2.0157 -3.1587 1.0276, 2.0349 -3.1587 1.0276, 2.0157 -3.1417 1.0276, 2.0349 -3.0882 1.0276, 2.0157 -3.0891 1.0276, 1.974 -3.112 1.0276, 1.9785 -3.1099 1.0276, 2.0152 -3.1417 1.0276, 2.0051 -3.1389 1.0276, 2.0122 -3.1464 1.0276, 1.9997 -3.1426 1.0276, 1.9901 -3.1072 1.0276, 2.0157 -3.1038 1.0276, 2.0157 -3.1143 1.0276, 2.0157 -3.1155 1.0276, 2.0145 -3.1241 1.0276, 2.0116 -3.1309 1.0276, 2.0075 -3.1366 1.0276, 2.015 -3.0806 1.0276, 2.0333 -3.0733 1.0276, 2.0131 -3.0738 1.0276, 2.0303 -3.0647 1.0276, 2.0108 -3.0698 1.0276, 2.0263 -3.0586 1.0276, 2.0079 -3.0668 1.0276, 2.0212 -3.0537 1.0276, 2.0045 -3.0646 1.0276, 2.0147 -3.0501 1.0276, 2.0 -3.063 1.0276, 2.0066 -3.0477 1.0276, 1.9935 -3.0623 1.0276, 1.9953 -3.0467 1.0276, 1.9817 -3.0636 1.0276, 1.976 -3.0491 1.0276, 1.9697 -3.0678 1.0276, 1.9617 -3.0546 1.0276, 1.9577 -3.0756 1.0276, 1.9577 -3.0569 1.0276, 1.9704 -3.1389 1.0276, 1.9564 -3.1526 1.0276, 1.972 -3.1406 1.0276, 1.9628 -3.1571 1.0276, 1.9758 -3.1432 1.0276, 1.9702 -3.1599 1.0276, 1.9802 -3.1448 1.0276, 1.9817 -3.1612 1.0276, 1.9867 -3.1455 1.0276, 1.9916 -3.1601 1.0276, 1.9938 -3.1447 1.0276, 1.9994 -3.1573 1.0276, 2.0061 -3.1529 1.0276, 1.9833 -3.0937 1.0276, 1.9686 -3.0973 1.0276, 1.9715 -3.1139 1.0276, 1.9605 -3.1015 1.0276, 1.9692 -3.1168 1.0276, 1.9546 -3.1066 1.0276, 1.9676 -3.1204 1.0276, 1.9508 -3.1121 1.0276, 1.9666 -3.1248 1.0276, 1.9482 -3.1189 1.0276, 1.9664 -3.1278 1.0276, 1.947 -3.1294 1.0276, 1.9669 -3.1322 1.0276, 1.9479 -3.1381 1.0276, 1.9682 -3.1357 1.0276, 1.9502 -3.1446 1.0276, 1.9542 -3.1505 1.0276, 1.9935 -3.0623 1.0236, 2.0 -3.063 1.0236, 2.0045 -3.0646 1.0236, 2.0079 -3.0668 1.0236, 2.0108 -3.0698 1.0236, 2.0131 -3.0738 1.0236, 2.015 -3.0806 1.0236, 2.0157 -3.0891 1.0236, 1.9833 -3.0937 1.0236, 1.9686 -3.0973 1.0236, 1.9605 -3.1015 1.0236, 1.9546 -3.1066 1.0236, 1.9508 -3.1121 1.0236, 1.9482 -3.1189 1.0236, 1.947 -3.1294 1.0236, 1.9479 -3.1381 1.0236, 1.9502 -3.1446 1.0236, 1.9542 -3.1505 1.0236, 1.9564 -3.1526 1.0236, 1.9817 -3.1612 1.0236, 1.9706 -3.16 1.0236, 1.9702 -3.1599 1.0236, 1.9628 -3.1571 1.0236, 1.9916 -3.1601 1.0236, 1.9921 -3.16 1.0236, 1.9994 -3.1573 1.0236, 2.0061 -3.1529 1.0236, 2.0122 -3.1464 1.0236, 2.0152 -3.1417 1.0236, 2.0157 -3.1417 1.0236, 2.0157 -3.1587 1.0236, 2.0349 -3.1587 1.0236, 2.0349 -3.0882 1.0236, 2.0333 -3.0733 1.0236, 2.0303 -3.0647 1.0236, 2.0263 -3.0586 1.0236, 2.0212 -3.0537 1.0236, 2.0147 -3.0501 1.0236, 2.0066 -3.0477 1.0236, 1.9953 -3.0467 1.0236, 1.976 -3.0491 1.0236, 1.9617 -3.0546 1.0236, 1.9577 -3.0569 1.0236, 1.9577 -3.0756 1.0236, 1.9697 -3.0678 1.0236, 1.9817 -3.0636 1.0236, 2.0075 -3.1366 1.0236, 2.0051 -3.1389 1.0236, 1.9997 -3.1426 1.0236, 1.9938 -3.1447 1.0236, 1.9867 -3.1455 1.0236, 2.0157 -3.1143 1.0236, 2.0157 -3.1155 1.0236, 2.0145 -3.1241 1.0236, 2.0116 -3.1309 1.0236, 2.0157 -3.1038 1.0236, 1.9901 -3.1072 1.0236, 1.9715 -3.1139 1.0236, 1.974 -3.112 1.0236, 1.9785 -3.1099 1.0236, 1.9664 -3.1278 1.0236, 1.9666 -3.1248 1.0236, 1.9676 -3.1204 1.0236, 1.9692 -3.1168 1.0236, 1.972 -3.1406 1.0236, 1.9704 -3.1389 1.0236, 1.9682 -3.1357 1.0236, 1.9669 -3.1322 1.0236, 1.9802 -3.1448 1.0236, 1.9758 -3.1432 1.0236, 1.9758 -3.1432 1.0236
            ]
        }
        coordIndex [
            0,1,2,-1,0,2,3,-1,3,2,4,-1,3,4,5,-1,6,5,7,-1,7,5,4,-1,8,6,9,-1,9,6,7,-1,10,11,12,-1,12,11,8,-1,12,8,9,-1,13,11,14,-1,14,11,10,-1,15,16,17,-1,17,16,13,-1,17,13,14,-1,18,19,20,-1,20,19,16,-1,20,16,15,-1,19,18,21,-1,19,21,22,-1,22,21,23,-1,22,23,24,-1,23,25,24,-1,24,25,26,-1,24,26,27,-1,27,26,28,-1,27,28,29,-1,29,28,30,-1,29,30,31,-1,31,30,32,-1,31,32,33,-1,33,32,34,-1,33,34,35,-1,36,35,37,-1,37,35,34,-1,36,37,38,-1,36,38,39,-1,39,38,40,-1,39,40,41,-1,41,40,42,-1,41,42,43,-1,43,42,44,-1,43,44,45,-1,44,46,45,-1,45,46,47,-1,45,47,48,-1,48,47,49,-1,48,49,50,-1,50,49,51,-1,50,51,52,-1,52,51,53,-1,52,53,54,-1,55,56,57,-1,57,56,54,-1,57,54,53,-1,58,56,59,-1,59,56,55,-1,0,58,1,-1,1,58,59,-1,3,5,54,-1,56,58,54,-1,54,58,0,-1,54,0,3,-1,11,13,8,-1,8,13,16,-1,8,16,6,-1,35,36,33,-1,33,36,39,-1,33,39,31,-1,31,39,41,-1,31,41,29,-1,29,41,43,-1,29,43,27,-1,27,43,45,-1,27,45,24,-1,52,22,50,-1,50,22,24,-1,50,24,48,-1,48,24,45,-1,5,6,54,-1,54,6,16,-1,54,16,52,-1,52,16,19,-1,52,19,22,-1,60,61,62,-1,62,61,63,-1,63,64,62,-1,62,64,65,-1,62,65,66,-1,66,65,67,-1,66,67,68,-1,68,67,69,-1,68,69,70,-1,70,69,71,-1,70,71,72,-1,72,71,73,-1,72,73,74,-1,74,73,75,-1,74,75,76,-1,76,75,77,-1,76,77,78,-1,78,77,79,-1,78,79,80,-1,80,79,81,-1,80,81,82,-1,82,81,83,-1,82,83,84,-1,84,83,85,-1,84,85,86,-1,86,85,87,-1,86,87,88,-1,88,87,89,-1,88,89,90,-1,90,89,91,-1,90,91,92,-1,92,91,93,-1,92,93,94,-1,94,93,95,-1,94,95,96,-1,96,95,97,-1,96,97,98,-1,98,97,99,-1,98,99,100,-1,100,99,101,-1,100,101,102,-1,102,101,103,-1,102,103,104,-1,104,103,105,-1,104,105,106,-1,106,105,107,-1,106,107,108,-1,108,107,109,-1,108,109,110,-1,110,109,111,-1,110,111,112,-1,112,111,113,-1,112,113,114,-1,114,113,115,-1,114,115,116,-1,116,115,117,-1,116,117,118,-1,118,117,119,-1,118,119,120,-1,121,120,122,-1,122,120,119,-1,121,122,123,-1,121,123,124,-1,124,123,125,-1,124,125,126,-1,126,125,127,-1,126,127,128,-1,128,127,129,-1,128,129,130,-1,130,129,131,-1,130,131,132,-1,132,131,133,-1,133,131,134,-1,134,135,133,-1,133,135,136,-1,133,136,137,-1,137,136,138,-1,137,138,139,-1,139,138,140,-1,139,140,141,-1,141,140,142,-1,141,142,143,-1,143,142,144,-1,143,144,145,-1,145,144,146,-1,145,146,147,-1,148,149,150,-1,147,146,151,-1,147,151,152,-1,152,151,153,-1,152,153,150,-1,150,153,154,-1,150,154,148,-1,149,148,155,-1,149,155,156,-1,156,155,157,-1,156,157,158,-1,158,157,159,-1,158,159,160,-1,160,159,161,-1,160,161,162,-1,162,161,163,-1,162,163,164,-1,164,163,165,-1,164,165,166,-1,166,165,167,-1,166,167,168,-1,168,167,169,-1,168,169,170,-1,170,169,171,-1,170,171,172,-1,172,171,173,-1,172,173,174,-1,174,173,175,-1,174,175,176,-1,176,175,177,-1,176,177,178,-1,178,177,179,-1,178,179,180,-1,180,179,181,-1,180,181,182,-1,183,184,185,-1,182,181,186,-1,182,186,187,-1,187,186,188,-1,187,188,185,-1,185,188,189,-1,185,189,183,-1,190,184,191,-1,191,184,183,-1,190,191,192,-1,192,191,193,-1,61,60,194,-1,194,60,192,-1,194,192,195,-1,195,192,193,-1,106,108,130,-1,130,108,128,-1,156,88,149,-1,149,88,90,-1,66,68,172,-1,172,68,70,-1,172,70,170,-1,170,70,72,-1,170,72,168,-1,168,72,74,-1,168,74,166,-1,166,74,76,-1,166,76,164,-1,164,76,78,-1,164,78,162,-1,162,78,80,-1,162,80,160,-1,160,80,82,-1,160,82,158,-1,158,82,84,-1,158,84,156,-1,156,84,86,-1,156,86,88,-1,60,182,192,-1,192,182,187,-1,192,187,190,-1,190,187,185,-1,190,185,184,-1,108,110,128,-1,128,110,112,-1,128,112,126,-1,126,112,114,-1,126,114,124,-1,124,114,116,-1,124,116,121,-1,121,116,118,-1,121,118,120,-1,172,174,66,-1,66,174,176,-1,66,176,62,-1,62,176,178,-1,62,178,60,-1,60,178,180,-1,60,180,182,-1,130,132,106,-1,106,132,133,-1,106,133,104,-1,104,133,137,-1,104,137,102,-1,102,137,139,-1,102,139,100,-1,100,139,141,-1,100,141,98,-1,98,141,143,-1,98,143,96,-1,96,143,145,-1,96,145,94,-1,94,145,147,-1,94,147,92,-1,92,147,152,-1,92,152,90,-1,90,152,150,-1,90,150,149,-1,196,197,198,-1,198,197,199,-1,200,201,202,-1,203,204,205,-1,205,204,206,-1,207,208,199,-1,199,208,209,-1,209,210,199,-1,199,210,211,-1,199,211,198,-1,198,211,212,-1,198,212,203,-1,203,212,213,-1,203,213,204,-1,202,207,200,-1,200,207,199,-1,200,199,214,-1,214,199,215,-1,214,215,216,-1,216,215,217,-1,216,217,218,-1,218,217,219,-1,218,219,220,-1,220,219,221,-1,220,221,222,-1,222,221,223,-1,222,223,224,-1,224,223,225,-1,224,225,226,-1,226,225,227,-1,226,227,228,-1,228,227,229,-1,228,229,230,-1,230,229,231,-1,230,231,232,-1,232,231,233,-1,234,235,236,-1,236,235,237,-1,236,237,238,-1,238,237,239,-1,238,239,240,-1,240,239,241,-1,240,241,242,-1,242,241,243,-1,242,243,244,-1,244,243,245,-1,244,245,206,-1,206,245,246,-1,206,246,205,-1,200,247,201,-1,201,247,248,-1,201,248,249,-1,249,248,250,-1,249,250,251,-1,251,250,252,-1,251,252,253,-1,253,252,254,-1,253,254,255,-1,255,254,256,-1,255,256,257,-1,257,256,258,-1,257,258,259,-1,259,258,260,-1,259,260,261,-1,261,260,262,-1,261,262,234,-1,234,262,263,-1,234,263,235,-1,226,264,265,-1,226,265,224,-1,224,265,266,-1,224,266,222,-1,222,266,267,-1,222,267,220,-1,220,267,268,-1,220,268,218,-1,218,268,269,-1,218,269,216,-1,216,269,270,-1,216,270,214,-1,214,270,271,-1,214,271,200,-1,247,200,272,-1,272,200,271,-1,247,272,273,-1,247,273,248,-1,248,273,274,-1,248,274,250,-1,250,274,275,-1,250,275,252,-1,252,275,276,-1,252,276,254,-1,254,276,277,-1,254,277,256,-1,256,277,278,-1,256,278,258,-1,258,278,279,-1,258,279,260,-1,260,279,280,-1,260,280,262,-1,262,280,281,-1,262,281,263,-1,263,281,282,-1,263,282,235,-1,283,241,284,-1,284,241,239,-1,284,239,285,-1,285,239,237,-1,285,237,286,-1,286,237,235,-1,286,235,282,-1,241,283,287,-1,241,287,243,-1,243,287,288,-1,243,288,245,-1,288,289,245,-1,245,289,290,-1,245,290,246,-1,246,290,291,-1,246,291,205,-1,205,291,292,-1,205,292,203,-1,198,203,293,-1,293,203,292,-1,196,198,294,-1,294,198,293,-1,197,196,295,-1,295,196,294,-1,199,197,296,-1,296,197,295,-1,199,296,297,-1,199,297,215,-1,215,297,298,-1,215,298,217,-1,217,298,299,-1,217,299,219,-1,219,299,300,-1,219,300,221,-1,221,300,301,-1,221,301,223,-1,223,301,302,-1,223,302,225,-1,225,302,303,-1,225,303,227,-1,227,303,304,-1,227,304,229,-1,229,304,305,-1,229,305,231,-1,231,305,306,-1,231,306,233,-1,232,233,307,-1,307,233,306,-1,232,307,308,-1,232,308,230,-1,230,308,309,-1,230,309,228,-1,228,309,264,-1,228,264,226,-1,213,310,311,-1,213,311,204,-1,204,311,312,-1,204,312,206,-1,206,312,313,-1,206,313,244,-1,244,313,314,-1,244,314,242,-1,209,315,316,-1,209,316,210,-1,210,316,317,-1,210,317,211,-1,211,317,318,-1,211,318,212,-1,212,318,310,-1,212,310,213,-1,209,208,315,-1,315,208,319,-1,208,207,319,-1,319,207,320,-1,249,321,322,-1,249,322,201,-1,201,322,323,-1,201,323,202,-1,202,323,320,-1,202,320,207,-1,257,324,325,-1,257,325,255,-1,255,325,326,-1,255,326,253,-1,253,326,327,-1,253,327,251,-1,251,327,321,-1,251,321,249,-1,236,328,329,-1,236,329,234,-1,234,329,330,-1,234,330,261,-1,261,330,331,-1,261,331,259,-1,259,331,324,-1,259,324,257,-1,242,314,332,-1,242,332,240,-1,240,332,333,-1,240,333,238,-1,238,333,328,-1,238,328,236,-1,
        ]
    }
}
Shape{
    appearance Appearance {
        material  Material 	{
            diffuseColor 0.6666666666666666 0.6666666666666666 0.6666666666666666
            specularColor 0.4666666666666667 0.4666666666666667 0.4666666666666667
            ambientIntensity 0.2
            transparency 0
            shininess 0.5
        }
    }
    geometry IndexedFaceSet {
        ccw TRUE
        solid FALSE
        coord DEF co Coordinate {
            point [
                2.0157 -3.1155 1.0236, 2.0157 -3.1143 1.0236, 1.9715 -3.1139 1.0236, 2.0157 -3.1038 1.0236, 1.9901 -3.1072 1.0236, 1.9785 -3.1099 1.0236, 1.974 -3.112 1.0236, 2.0145 -3.1241 1.0236, 1.9692 -3.1168 1.0236, 2.0116 -3.1309 1.0236, 1.9704 -3.1389 1.0236, 1.972 -3.1406 1.0236, 2.0051 -3.1389 1.0236, 1.9682 -3.1357 1.0236, 1.9997 -3.1426 1.0236, 1.9938 -3.1447 1.0236, 1.9867 -3.1455 1.0236, 1.9676 -3.1204 1.0236, 1.9666 -3.1248 1.0236, 2.0075 -3.1366 1.0236, 1.9664 -3.1278 1.0236, 1.9669 -3.1322 1.0236, 1.9758 -3.1432 1.0236, 1.9802 -3.1448 1.0236, 1.9802 -3.1448 1.0236
            ]
        }
        coordIndex [
            0,1,2,-1,1,3,4,-1,4,5,1,-1,1,5,6,-1,1,6,2,-1,0,2,7,-1,7,2,8,-1,7,8,9,-1,10,11,12,-1,10,12,13,-1,14,12,15,-1,15,12,16,-1,8,17,9,-1,9,17,18,-1,9,18,19,-1,19,18,20,-1,19,20,12,-1,12,20,21,-1,12,21,13,-1,11,22,12,-1,12,22,23,-1,12,23,16,-1,
        ]
    }
}
Shape{
    appearance Appearance {
        material  Material 	{
            diffuseColor 0.0 0.0 0.0
            specularColor 0.0 0.0 0.0
            ambientIntensity 0.2
            transparency 0
            shininess 0.5
        }
    }
    geometry IndexedFaceSet {
        ccw TRUE
        solid FALSE
        coord DEF co Coordinate {
            point [
                1.1696 -3.1804 1.0276, 1.1858 -3.2004 1.0276, 1.1598 -3.084 1.0276, 1.1408 -2.8948 1.0276, 1.1651 -2.8819 1.0276, 1.1593 -2.8148 1.0276, 1.2273 -2.8117 1.0276, 1.2611 -2.8912 1.0276, 1.2777 -2.8568 1.0276, 1.136 -3.0694 1.0276, 1.1449 -3.1529 1.0276, 1.1587 -3.157 1.0276, 1.2023 -2.8095 1.0276, 1.2701 -3.0818 1.0276, 1.2803 -3.0854 1.0276, 1.3711 -3.1113 1.0276, 1.289 -3.0913 1.0276, 1.296 -3.0991 1.0276, 1.5236 -3.0307 1.0276, 1.4898 -2.9729 1.0276, 1.3439 -3.0492 1.0276, 1.2611 -3.0808 1.0276, 1.2504 -3.0821 1.0276, 1.2361 -3.0154 1.0276, 1.2409 -3.0859 1.0276, 1.2121 -3.0246 1.0276, 1.2324 -3.0919 1.0276, 1.1898 -3.04 1.0276, 1.2281 -3.0965 1.0276, 1.1718 -3.0606 1.0276, 1.2225 -3.1055 1.0276, 1.2192 -3.1158 1.0276, 1.2187 -3.1264 1.0276, 1.3017 -3.0194 1.0276, 1.2754 -3.0129 1.0276, 1.2622 -3.0121 1.0276, 1.3008 -3.1081 1.0276, 1.3033 -3.1182 1.0276, 1.3711 -3.1222 1.0276, 1.3033 -3.1281 1.0276, 1.3705 -3.1336 1.0276, 1.5595 -2.9228 1.0276, 1.5682 -2.9228 1.0276, 1.6129 -2.864 1.0276, 1.589 -2.9254 1.0276, 1.6182 -2.8658 1.0276, 1.608 -2.9327 1.0276, 1.6507 -2.8819 1.0276, 1.6802 -2.9069 1.0276, 1.2496 -2.7857 1.0276, 1.3022 -2.8276 1.0276, 1.2752 -2.7638 1.0276, 1.3313 -2.8063 1.0276, 1.3031 -2.7466 1.0276, 1.1919 -2.8755 1.0276, 1.2033 -2.8749 1.0276, 1.2148 -2.8102 1.0276, 1.229 -2.8781 1.0276, 1.2534 -2.887 1.0276, 1.3248 -3.0318 1.0276, 1.6804 -3.1102 1.0276, 1.6297 -3.0669 1.0276, 1.6508 -3.1353 1.0276, 1.6136 -3.0801 1.0276, 1.6176 -3.1515 1.0276, 1.5944 -3.089 1.0276, 1.5813 -3.1592 1.0276, 1.5748 -3.0927 1.0276, 1.5171 -3.1592 1.0276, 1.5258 -3.0927 1.0276, 1.5109 -3.1582 1.0276, 1.2207 -3.1366 1.0276, 1.225 -3.1457 1.0276, 1.6249 -2.9445 1.0276, 1.6374 -2.9585 1.0276, 1.7024 -2.9378 1.0276, 1.6475 -2.9773 1.0276, 1.7158 -2.9711 1.0276, 1.6527 -2.9982 1.0276, 1.7207 -3.0067 1.0276, 1.6532 -3.0078 1.0276, 1.7158 -3.0456 1.0276, 1.6506 -3.029 1.0276, 1.7021 -3.08 1.0276, 1.6431 -3.0484 1.0276, 1.6311 -3.0654 1.0276, 1.5541 -2.7779 1.0276, 1.5114 -2.828 1.0276, 1.5903 -2.8199 1.0276, 1.536 -2.8573 1.0276, 1.5528 -2.8924 1.0276, 1.0977 -2.9574 1.0276, 1.0261 -2.9756 1.0276, 1.0944 -2.9838 1.0276, 1.0258 -2.986 1.0276, 1.0957 -3.0007 1.0276, 1.0311 -3.0287 1.0276, 1.1036 -3.0273 1.0276, 1.0467 -3.0692 1.0276, 1.1165 -3.0493 1.0276, 1.0715 -3.1047 1.0276, 1.1055 -3.1337 1.0276, 1.3641 -3.1604 1.0276, 1.3007 -3.1386 1.0276, 1.3512 -3.1847 1.0276, 1.2956 -3.1479 1.0276, 1.3345 -3.2034 1.0276, 1.2897 -3.1546 1.0276, 1.3128 -3.2185 1.0276, 1.2814 -3.1606 1.0276, 1.2886 -3.2278 1.0276, 1.272 -3.1643 1.0276, 1.2622 -3.2311 1.0276, 1.2611 -3.1657 1.0276, 1.258 -3.231 1.0276, 1.2592 -3.1657 1.0276, 1.2323 -3.227 1.0276, 1.2494 -3.1641 1.0276, 1.2071 -3.2165 1.0276, 1.2396 -3.1599 1.0276, 1.2313 -3.1535 1.0276, 1.3534 -2.7276 1.0276, 1.3669 -2.7918 1.0276, 1.4059 -2.7213 1.0276, 1.407 -2.7867 1.0276, 1.454 -2.7267 1.0276, 1.444 -2.7912 1.0276, 1.5084 -2.7468 1.0276, 1.4782 -2.8043 1.0276, 1.5088 -2.8255 1.0276, 1.119 -2.8305 1.0276, 1.0843 -2.8549 1.0276, 1.1221 -2.9114 1.0276, 1.077 -2.8618 1.0276, 1.107 -2.9331 1.0276, 1.0508 -2.8954 1.0276, 1.0334 -2.9346 1.0276, 1.5203 -3.0917 1.0276, 1.4941 -3.1478 1.0276, 1.4966 -3.1503 1.0276, 1.5236 -3.0925 1.0276, 1.5037 -3.1554 1.0276, 1.4855 -3.1254 1.0276, 1.4865 -3.1335 1.0276, 1.4894 -3.1409 1.0276, 1.5108 -3.0927 1.0276, 1.5033 -3.0957 1.0276, 1.4857 -3.1211 1.0276, 1.4966 -3.1004 1.0276, 1.4921 -3.1054 1.0276, 1.4879 -3.1128 1.0276, 1.5192 -3.0917 1.0276, 1.7207 -3.0067 1.0236, 1.7158 -2.9711 1.0236, 1.712 -2.9618 1.0236, 1.7024 -2.9378 1.0236, 1.6802 -2.9069 1.0236, 1.6507 -2.8819 1.0236, 1.6182 -2.8658 1.0236, 1.6129 -2.864 1.0236, 1.5903 -2.8199 1.0236, 1.5541 -2.7779 1.0236, 1.5294 -2.7611 1.0236, 1.5084 -2.7468 1.0236, 1.454 -2.7267 1.0236, 1.4059 -2.7213 1.0236, 1.3534 -2.7276 1.0236, 1.3031 -2.7466 1.0236, 1.2796 -2.7611 1.0236, 1.2752 -2.7638 1.0236, 1.2496 -2.7857 1.0236, 1.2273 -2.8117 1.0236, 1.2148 -2.8102 1.0236, 1.2023 -2.8095 1.0236, 1.1593 -2.8148 1.0236, 1.119 -2.8305 1.0236, 1.0843 -2.8549 1.0236, 1.077 -2.8618 1.0236, 1.0258 -2.986 1.0236, 1.0508 -2.8954 1.0236, 1.0334 -2.9346 1.0236, 1.0286 -2.9618 1.0236, 1.0261 -2.9756 1.0236, 1.0311 -3.0287 1.0236, 1.0467 -3.0692 1.0236, 1.0715 -3.1047 1.0236, 1.1055 -3.1337 1.0236, 1.1449 -3.1529 1.0236, 1.1587 -3.157 1.0236, 1.1601 -3.16 1.0236, 1.1696 -3.1804 1.0236, 1.1858 -3.2004 1.0236, 1.2071 -3.2165 1.0236, 1.2171 -3.2206 1.0236, 1.2323 -3.227 1.0236, 1.258 -3.231 1.0236, 1.2622 -3.2311 1.0236, 1.3711 -3.1222 1.0236, 1.2886 -3.2278 1.0236, 1.3073 -3.2206 1.0236, 1.3128 -3.2185 1.0236, 1.3345 -3.2034 1.0236, 1.3512 -3.1847 1.0236, 1.3641 -3.1604 1.0236, 1.3642 -3.16 1.0236, 1.3705 -3.1336 1.0236, 1.3711 -3.1113 1.0236, 1.5236 -3.0307 1.0236, 1.4898 -2.9729 1.0236, 1.3439 -3.0492 1.0236, 1.3248 -3.0318 1.0236, 1.3017 -3.0194 1.0236, 1.2754 -3.0129 1.0236, 1.2622 -3.0121 1.0236, 1.2361 -3.0154 1.0236, 1.2121 -3.0246 1.0236, 1.1898 -3.04 1.0236, 1.1718 -3.0606 1.0236, 1.1598 -3.084 1.0236, 1.136 -3.0694 1.0236, 1.1165 -3.0493 1.0236, 1.1036 -3.0273 1.0236, 1.0957 -3.0007 1.0236, 1.0944 -2.9838 1.0236, 1.0971 -2.9618 1.0236, 1.0977 -2.9574 1.0236, 1.107 -2.9331 1.0236, 1.1221 -2.9114 1.0236, 1.1408 -2.8948 1.0236, 1.1651 -2.8819 1.0236, 1.1919 -2.8755 1.0236, 1.2033 -2.8749 1.0236, 1.229 -2.8781 1.0236, 1.2534 -2.887 1.0236, 1.2611 -2.8912 1.0236, 1.2777 -2.8568 1.0236, 1.3022 -2.8276 1.0236, 1.3313 -2.8063 1.0236, 1.3669 -2.7918 1.0236, 1.407 -2.7867 1.0236, 1.444 -2.7912 1.0236, 1.4782 -2.8043 1.0236, 1.5088 -2.8255 1.0236, 1.5114 -2.828 1.0236, 1.536 -2.8573 1.0236, 1.5528 -2.8924 1.0236, 1.5595 -2.9228 1.0236, 1.5682 -2.9228 1.0236, 1.589 -2.9254 1.0236, 1.608 -2.9327 1.0236, 1.6249 -2.9445 1.0236, 1.6374 -2.9585 1.0236, 1.6392 -2.9618 1.0236, 1.6475 -2.9773 1.0236, 1.6527 -2.9982 1.0236, 1.6532 -3.0078 1.0236, 1.6506 -3.029 1.0236, 1.6431 -3.0484 1.0236, 1.6311 -3.0654 1.0236, 1.6297 -3.0669 1.0236, 1.6136 -3.0801 1.0236, 1.5944 -3.089 1.0236, 1.5748 -3.0927 1.0236, 1.5258 -3.0927 1.0236, 1.5236 -3.0925 1.0236, 1.5203 -3.0917 1.0236, 1.5192 -3.0917 1.0236, 1.5108 -3.0927 1.0236, 1.5033 -3.0957 1.0236, 1.4966 -3.1004 1.0236, 1.4921 -3.1054 1.0236, 1.4879 -3.1128 1.0236, 1.4857 -3.1211 1.0236, 1.4855 -3.1254 1.0236, 1.4865 -3.1335 1.0236, 1.4894 -3.1409 1.0236, 1.4941 -3.1478 1.0236, 1.4966 -3.1503 1.0236, 1.5037 -3.1554 1.0236, 1.5109 -3.1582 1.0236, 1.5171 -3.1592 1.0236, 1.5813 -3.1592 1.0236, 1.6176 -3.1515 1.0236, 1.6508 -3.1353 1.0236, 1.6804 -3.1102 1.0236, 1.7021 -3.08 1.0236, 1.7158 -3.0456 1.0236, 1.2611 -3.0808 1.0236, 1.2701 -3.0818 1.0236, 1.2803 -3.0854 1.0236, 1.289 -3.0913 1.0236, 1.296 -3.0991 1.0236, 1.3008 -3.1081 1.0236, 1.3033 -3.1182 1.0236, 1.3033 -3.1281 1.0236, 1.3007 -3.1386 1.0236, 1.2956 -3.1479 1.0236, 1.2897 -3.1546 1.0236, 1.2814 -3.1606 1.0236, 1.272 -3.1643 1.0236, 1.2611 -3.1657 1.0236, 1.2592 -3.1657 1.0236, 1.2494 -3.1641 1.0236, 1.2396 -3.1599 1.0236, 1.2313 -3.1535 1.0236, 1.225 -3.1457 1.0236, 1.2207 -3.1366 1.0236, 1.2187 -3.1264 1.0236, 1.2192 -3.1158 1.0236, 1.2225 -3.1055 1.0236, 1.2281 -3.0965 1.0236, 1.2324 -3.0919 1.0236, 1.2409 -3.0859 1.0236, 1.2504 -3.0821 1.0236, 1.2504 -3.0821 1.0236
            ]
        }
        coordIndex [
            0,1,2,-1,3,4,5,-1,6,7,8,-1,9,10,2,-1,2,10,11,-1,2,11,0,-1,5,4,12,-1,13,14,15,-1,15,14,16,-1,15,16,17,-1,18,19,15,-1,15,19,20,-1,15,20,13,-1,13,20,21,-1,22,23,24,-1,24,23,25,-1,24,25,26,-1,26,25,27,-1,26,27,28,-1,28,27,29,-1,28,29,30,-1,30,29,2,-1,30,2,31,-1,31,2,32,-1,33,34,22,-1,22,34,35,-1,22,35,23,-1,17,36,15,-1,15,36,37,-1,15,37,38,-1,38,37,39,-1,38,39,40,-1,41,42,43,-1,43,42,44,-1,43,44,45,-1,45,44,46,-1,45,46,47,-1,47,46,48,-1,6,8,49,-1,49,8,50,-1,49,50,51,-1,51,50,52,-1,51,52,53,-1,4,54,12,-1,12,54,55,-1,12,55,56,-1,56,55,57,-1,56,57,6,-1,6,57,58,-1,6,58,7,-1,21,20,22,-1,22,20,59,-1,22,59,33,-1,60,61,62,-1,62,61,63,-1,62,63,64,-1,64,63,65,-1,64,65,66,-1,66,65,67,-1,66,67,68,-1,68,67,69,-1,68,69,70,-1,32,2,71,-1,71,2,1,-1,71,1,72,-1,46,73,48,-1,48,73,74,-1,48,74,75,-1,75,74,76,-1,75,76,77,-1,77,76,78,-1,77,78,79,-1,79,78,80,-1,79,80,81,-1,81,80,82,-1,81,82,83,-1,83,82,84,-1,83,84,60,-1,60,84,85,-1,60,85,61,-1,86,87,88,-1,88,87,89,-1,88,89,43,-1,43,89,90,-1,43,90,41,-1,91,92,93,-1,93,92,94,-1,93,94,95,-1,95,94,96,-1,95,96,97,-1,97,96,98,-1,97,98,99,-1,99,98,100,-1,99,100,9,-1,9,100,101,-1,9,101,10,-1,40,39,102,-1,102,39,103,-1,102,103,104,-1,104,103,105,-1,104,105,106,-1,106,105,107,-1,106,107,108,-1,108,107,109,-1,108,109,110,-1,110,109,111,-1,110,111,112,-1,112,111,113,-1,112,113,114,-1,114,113,115,-1,114,115,116,-1,116,115,117,-1,116,117,118,-1,118,117,119,-1,118,119,1,-1,1,119,120,-1,1,120,72,-1,53,52,121,-1,121,52,122,-1,121,122,123,-1,123,122,124,-1,123,124,125,-1,125,124,126,-1,125,126,127,-1,127,126,128,-1,127,128,86,-1,86,128,129,-1,86,129,87,-1,5,130,3,-1,3,130,131,-1,3,131,132,-1,132,131,133,-1,132,133,134,-1,134,133,135,-1,134,135,91,-1,91,135,136,-1,91,136,92,-1,137,138,139,-1,69,140,70,-1,70,140,137,-1,70,137,141,-1,141,137,139,-1,142,143,137,-1,137,143,144,-1,137,144,138,-1,145,146,147,-1,146,148,147,-1,147,148,149,-1,147,149,150,-1,142,137,147,-1,147,137,151,-1,147,151,145,-1,79,152,153,-1,79,153,77,-1,77,153,154,-1,77,154,75,-1,154,155,75,-1,75,155,156,-1,75,156,48,-1,48,156,157,-1,48,157,47,-1,47,157,158,-1,47,158,45,-1,45,158,159,-1,45,159,43,-1,43,159,160,-1,43,160,88,-1,88,160,161,-1,88,161,86,-1,127,86,162,-1,162,86,161,-1,162,163,127,-1,127,163,164,-1,127,164,125,-1,125,164,165,-1,125,165,123,-1,123,165,166,-1,123,166,121,-1,121,166,167,-1,121,167,53,-1,53,167,51,-1,51,167,168,-1,51,168,169,-1,51,169,170,-1,51,170,49,-1,49,170,171,-1,49,171,6,-1,6,171,172,-1,6,172,56,-1,56,172,173,-1,56,173,12,-1,12,173,174,-1,12,174,5,-1,5,174,175,-1,5,175,130,-1,130,175,176,-1,130,176,131,-1,131,176,177,-1,131,177,133,-1,178,94,92,-1,133,177,179,-1,133,179,135,-1,135,179,180,-1,135,180,136,-1,136,180,181,-1,136,181,92,-1,92,181,182,-1,92,182,178,-1,94,178,183,-1,94,183,96,-1,96,183,184,-1,96,184,98,-1,98,184,185,-1,98,185,100,-1,100,185,186,-1,100,186,101,-1,101,186,187,-1,101,187,10,-1,10,187,188,-1,10,188,11,-1,11,188,189,-1,11,189,0,-1,189,190,0,-1,0,190,191,-1,0,191,1,-1,1,191,192,-1,1,192,118,-1,118,192,193,-1,118,193,116,-1,193,194,116,-1,116,194,195,-1,116,195,114,-1,114,195,196,-1,114,196,112,-1,197,38,40,-1,112,196,198,-1,199,108,198,-1,198,108,110,-1,198,110,112,-1,199,200,108,-1,108,200,201,-1,108,201,106,-1,106,201,202,-1,106,202,104,-1,104,202,203,-1,104,203,102,-1,102,203,204,-1,102,204,40,-1,40,204,205,-1,40,205,197,-1,15,38,206,-1,206,38,197,-1,18,15,207,-1,207,15,206,-1,19,18,208,-1,208,18,207,-1,20,19,209,-1,209,19,208,-1,20,209,210,-1,20,210,59,-1,59,210,211,-1,59,211,33,-1,33,211,212,-1,33,212,34,-1,34,212,213,-1,34,213,35,-1,35,213,214,-1,35,214,23,-1,23,214,215,-1,23,215,25,-1,25,215,216,-1,25,216,27,-1,27,216,217,-1,27,217,29,-1,29,217,218,-1,29,218,2,-1,2,218,219,-1,2,219,9,-1,9,219,220,-1,9,220,99,-1,99,220,221,-1,99,221,97,-1,97,221,222,-1,97,222,95,-1,95,222,223,-1,95,223,93,-1,93,223,91,-1,91,223,224,-1,224,225,91,-1,91,225,226,-1,91,226,134,-1,134,226,227,-1,134,227,132,-1,132,227,228,-1,132,228,3,-1,3,228,229,-1,3,229,4,-1,4,229,230,-1,4,230,54,-1,54,230,231,-1,54,231,55,-1,55,231,232,-1,55,232,57,-1,57,232,233,-1,57,233,58,-1,58,233,234,-1,58,234,7,-1,7,234,235,-1,7,235,8,-1,8,235,236,-1,8,236,50,-1,50,236,237,-1,50,237,52,-1,52,237,238,-1,52,238,122,-1,122,238,239,-1,122,239,124,-1,124,239,240,-1,124,240,126,-1,126,240,241,-1,126,241,128,-1,128,241,242,-1,128,242,129,-1,129,242,243,-1,129,243,87,-1,87,243,244,-1,87,244,89,-1,89,244,245,-1,89,245,90,-1,90,245,246,-1,90,246,41,-1,42,41,247,-1,247,41,246,-1,42,247,248,-1,42,248,44,-1,44,248,249,-1,44,249,46,-1,46,249,250,-1,46,250,73,-1,73,250,251,-1,73,251,74,-1,74,251,252,-1,74,252,76,-1,252,253,76,-1,76,253,254,-1,76,254,78,-1,78,254,255,-1,78,255,80,-1,80,255,256,-1,80,256,82,-1,82,256,257,-1,82,257,84,-1,84,257,258,-1,84,258,85,-1,85,258,259,-1,85,259,61,-1,61,259,260,-1,61,260,63,-1,63,260,261,-1,63,261,65,-1,65,261,262,-1,65,262,67,-1,69,67,263,-1,263,67,262,-1,69,263,264,-1,69,264,140,-1,140,264,265,-1,140,265,137,-1,137,265,266,-1,137,266,151,-1,151,266,267,-1,151,267,145,-1,145,267,268,-1,145,268,146,-1,146,268,269,-1,146,269,148,-1,148,269,270,-1,148,270,149,-1,149,270,271,-1,149,271,150,-1,150,271,272,-1,150,272,147,-1,147,272,273,-1,147,273,142,-1,142,273,274,-1,142,274,143,-1,143,274,275,-1,143,275,144,-1,144,275,276,-1,144,276,138,-1,138,276,277,-1,138,277,139,-1,139,277,278,-1,139,278,141,-1,141,278,279,-1,141,279,70,-1,70,279,280,-1,70,280,68,-1,66,68,281,-1,281,68,280,-1,66,281,282,-1,66,282,64,-1,64,282,283,-1,64,283,62,-1,62,283,284,-1,62,284,60,-1,60,284,285,-1,60,285,83,-1,83,285,286,-1,83,286,81,-1,81,286,152,-1,81,152,79,-1,21,287,288,-1,21,288,13,-1,13,288,289,-1,13,289,14,-1,14,289,290,-1,14,290,16,-1,16,290,291,-1,16,291,17,-1,17,291,292,-1,17,292,36,-1,36,292,293,-1,36,293,37,-1,37,293,294,-1,37,294,39,-1,39,294,295,-1,39,295,103,-1,103,295,296,-1,103,296,105,-1,105,296,297,-1,105,297,107,-1,107,297,298,-1,107,298,109,-1,109,298,299,-1,109,299,111,-1,111,299,300,-1,111,300,113,-1,113,300,301,-1,113,301,115,-1,115,301,302,-1,115,302,117,-1,117,302,303,-1,117,303,119,-1,119,303,304,-1,119,304,120,-1,120,304,305,-1,120,305,72,-1,72,305,306,-1,72,306,71,-1,71,306,307,-1,71,307,32,-1,32,307,308,-1,32,308,31,-1,31,308,309,-1,31,309,30,-1,30,309,310,-1,30,310,28,-1,28,310,311,-1,28,311,26,-1,26,311,312,-1,26,312,24,-1,24,312,313,-1,24,313,22,-1,22,313,287,-1,22,287,21,-1,
        ]
    }
}
Shape{
    appearance Appearance {
        material  Material 	{
            diffuseColor 0.6666666666666666 0.6666666666666666 0.6666666666666666
            specularColor 0.4666666666666667 0.4666666666666667 0.4666666666666667
            ambientIntensity 0.2
            transparency 0
            shininess 0.5
        }
    }
    geometry IndexedFaceSet {
        ccw TRUE
        solid FALSE
        coord DEF co Coordinate {
            point [
                1.2592 -3.1657 1.0236, 1.2324 -3.0919 1.0236, 1.2281 -3.0965 1.0236, 1.272 -3.1643 1.0236, 1.2814 -3.1606 1.0236, 1.2701 -3.0818 1.0236, 1.2611 -3.0808 1.0236, 1.2504 -3.0821 1.0236, 1.2409 -3.0859 1.0236, 1.2207 -3.1366 1.0236, 1.225 -3.1457 1.0236, 1.2313 -3.1535 1.0236, 1.2611 -3.1657 1.0236, 1.2225 -3.1055 1.0236, 1.2192 -3.1158 1.0236, 1.2187 -3.1264 1.0236, 1.2396 -3.1599 1.0236, 1.2494 -3.1641 1.0236, 1.2897 -3.1546 1.0236, 1.2956 -3.1479 1.0236, 1.3007 -3.1386 1.0236, 1.3033 -3.1281 1.0236, 1.3033 -3.1182 1.0236, 1.3008 -3.1081 1.0236, 1.296 -3.0991 1.0236, 1.289 -3.0913 1.0236, 1.2803 -3.0854 1.0236, 1.2803 -3.0854 1.0236
            ]
        }
        coordIndex [
            0,1,2,-1,3,4,5,-1,6,7,0,-1,0,7,8,-1,0,8,1,-1,9,10,2,-1,2,10,11,-1,6,0,5,-1,5,0,12,-1,5,12,3,-1,13,14,2,-1,2,14,15,-1,2,15,9,-1,11,16,2,-1,2,16,17,-1,2,17,0,-1,4,18,5,-1,5,18,19,-1,5,19,20,-1,20,21,5,-1,5,21,22,-1,5,22,23,-1,23,24,5,-1,5,24,25,-1,5,25,26,-1,
        ]
    }
}
Shape{
    appearance Appearance {
        material  Material 	{
            diffuseColor 0.0 0.0 0.0
            specularColor 0.0 0.0 0.0
            ambientIntensity 0.2
            transparency 0
            shininess 0.5
        }
    }
    geometry IndexedFaceSet {
        ccw TRUE
        solid FALSE
        coord DEF co Coordinate {
            point [
                2.2853 -2.8726 1.0276, 2.2776 -2.8822 1.0276, 2.2916 -2.8942 1.0276, 2.2757 -2.8839 1.0276, 2.2755 -2.9057 1.0276, 2.2658 -2.8908 1.0276, 2.258 -2.9125 1.0276, 2.2531 -2.8957 1.0276, 2.2321 -2.9156 1.0276, 2.232 -2.8982 1.0276, 2.19 -2.9156 1.0276, 2.2098 -2.8982 1.0276, 2.19 -2.7624 1.0276, 2.2098 -2.78 1.0276, 2.2337 -2.7624 1.0276, 2.2329 -2.78 1.0276, 2.2571 -2.765 1.0276, 2.2532 -2.7823 1.0276, 2.2756 -2.7718 1.0276, 2.2664 -2.7872 1.0276, 2.2916 -2.7827 1.0276, 2.2771 -2.7944 1.0276, 2.2971 -2.7881 1.0276, 2.2828 -2.8003 1.0276, 2.3066 -2.8014 1.0276, 2.2884 -2.8093 1.0276, 2.3122 -2.8161 1.0276, 2.2923 -2.8213 1.0276, 2.3147 -2.8371 1.0276, 2.2939 -2.8376 1.0276, 2.3139 -2.8497 1.0276, 2.2934 -2.8471 1.0276, 2.3097 -2.8672 1.0276, 2.2905 -2.8612 1.0276, 2.3016 -2.8827 1.0276, 2.2916 -2.8942 1.0236, 2.3016 -2.8827 1.0236, 2.3097 -2.8672 1.0236, 2.3139 -2.8497 1.0236, 2.3147 -2.8371 1.0236, 2.3122 -2.8161 1.0236, 2.3066 -2.8014 1.0236, 2.2971 -2.7881 1.0236, 2.2916 -2.7827 1.0236, 2.2756 -2.7718 1.0236, 2.2602 -2.7661 1.0236, 2.2571 -2.765 1.0236, 2.2337 -2.7624 1.0236, 2.19 -2.7624 1.0236, 2.19 -2.9156 1.0236, 2.2321 -2.9156 1.0236, 2.258 -2.9125 1.0236, 2.2602 -2.9116 1.0236, 2.2755 -2.9057 1.0236, 2.2771 -2.7944 1.0236, 2.2828 -2.8003 1.0236, 2.2884 -2.8093 1.0236, 2.2923 -2.8213 1.0236, 2.2939 -2.8376 1.0236, 2.2329 -2.78 1.0236, 2.2532 -2.7823 1.0236, 2.2664 -2.7872 1.0236, 2.2098 -2.78 1.0236, 2.2098 -2.8982 1.0236, 2.232 -2.8982 1.0236, 2.2776 -2.8822 1.0236, 2.2757 -2.8839 1.0236, 2.2658 -2.8908 1.0236, 2.2531 -2.8957 1.0236, 2.2934 -2.8471 1.0236, 2.2905 -2.8612 1.0236, 2.2853 -2.8726 1.0236, 2.2853 -2.8726 1.0236
            ]
        }
        coordIndex [
            0,1,2,-1,2,1,3,-1,2,3,4,-1,4,3,5,-1,4,5,6,-1,6,5,7,-1,6,7,8,-1,8,7,9,-1,8,9,10,-1,10,9,11,-1,10,11,12,-1,12,11,13,-1,12,13,14,-1,14,13,15,-1,14,15,16,-1,16,15,17,-1,16,17,18,-1,18,17,19,-1,18,19,20,-1,20,19,21,-1,20,21,22,-1,22,21,23,-1,22,23,24,-1,24,23,25,-1,24,25,26,-1,26,25,27,-1,26,27,28,-1,28,27,29,-1,28,29,30,-1,30,29,31,-1,30,31,32,-1,32,31,33,-1,32,33,34,-1,34,33,0,-1,34,0,2,-1,2,35,36,-1,2,36,34,-1,34,36,37,-1,34,37,32,-1,32,37,38,-1,32,38,30,-1,30,38,39,-1,30,39,28,-1,28,39,40,-1,28,40,26,-1,26,40,41,-1,26,41,24,-1,24,41,42,-1,24,42,22,-1,22,42,43,-1,22,43,20,-1,20,43,44,-1,45,16,44,-1,44,16,18,-1,44,18,20,-1,45,46,16,-1,16,46,47,-1,16,47,14,-1,12,14,48,-1,48,14,47,-1,10,12,49,-1,49,12,48,-1,8,10,50,-1,50,10,49,-1,35,2,4,-1,8,50,51,-1,8,51,6,-1,6,51,52,-1,6,52,4,-1,4,52,53,-1,4,53,35,-1,21,54,55,-1,21,55,23,-1,23,55,56,-1,23,56,25,-1,25,56,57,-1,25,57,27,-1,27,57,58,-1,27,58,29,-1,15,59,60,-1,15,60,17,-1,17,60,61,-1,17,61,19,-1,19,61,54,-1,19,54,21,-1,15,13,59,-1,59,13,62,-1,13,11,62,-1,62,11,63,-1,11,9,63,-1,63,9,64,-1,1,65,66,-1,1,66,3,-1,3,66,67,-1,3,67,5,-1,5,67,68,-1,5,68,7,-1,7,68,64,-1,7,64,9,-1,29,58,69,-1,29,69,31,-1,31,69,70,-1,31,70,33,-1,33,70,71,-1,33,71,0,-1,0,71,65,-1,0,65,1,-1,
        ]
    }
}
Shape{
    appearance Appearance {
        material  Material 	{
            diffuseColor 0.6666666666666666 0.6666666666666666 0.6666666666666666
            specularColor 0.4666666666666667 0.4666666666666667 0.4666666666666667
            ambientIntensity 0.2
            transparency 0
            shininess 0.5
        }
    }
    geometry IndexedFaceSet {
        ccw TRUE
        solid FALSE
        coord DEF co Coordinate {
            point [
                2.2098 -2.78 1.0236, 2.2098 -2.8982 1.0236, 2.2329 -2.78 1.0236, 2.232 -2.8982 1.0236, 2.2531 -2.8957 1.0236, 2.2658 -2.8908 1.0236, 2.2757 -2.8839 1.0236, 2.2939 -2.8376 1.0236, 2.2771 -2.7944 1.0236, 2.2664 -2.7872 1.0236, 2.2776 -2.8822 1.0236, 2.2853 -2.8726 1.0236, 2.2905 -2.8612 1.0236, 2.2828 -2.8003 1.0236, 2.2923 -2.8213 1.0236, 2.2884 -2.8093 1.0236, 2.2934 -2.8471 1.0236, 2.2532 -2.7823 1.0236, 2.2532 -2.7823 1.0236
            ]
        }
        coordIndex [
            0,1,2,-1,2,1,3,-1,3,4,2,-1,2,4,5,-1,2,5,6,-1,7,8,9,-1,6,10,2,-1,2,10,11,-1,2,11,12,-1,8,7,13,-1,13,7,14,-1,13,14,15,-1,12,16,2,-1,2,16,7,-1,2,7,17,-1,17,7,9,-1,
        ]
    }
}
Shape{
    appearance Appearance {
        material  Material 	{
            diffuseColor 0.0 0.0 0.0
            specularColor 0.0 0.0 0.0
            ambientIntensity 0.2
            transparency 0
            shininess 0.5
        }
    }
    geometry IndexedFaceSet {
        ccw TRUE
        solid FALSE
        coord DEF co Coordinate {
            point [
                2.0084 -2.9006 1.0276, 2.0084 -2.9006 1.0236, 1.9942 -2.899 1.0236, 1.9942 -2.899 1.0276, 1.9831 -2.895 1.0236, 1.9831 -2.895 1.0276, 1.9729 -2.8881 1.0236, 1.9729 -2.8881 1.0276, 1.9691 -2.8844 1.0236, 1.9691 -2.8844 1.0276, 1.9617 -2.8742 1.0236, 1.9617 -2.8742 1.0276, 1.9567 -2.8619 1.0236, 1.9567 -2.8619 1.0276, 1.9542 -2.8466 1.0236, 1.9542 -2.8466 1.0276, 1.954 -2.8407 1.0236, 1.954 -2.8407 1.0276, 1.9565 -2.8198 1.0236, 1.9565 -2.8198 1.0276, 1.9616 -2.8066 1.0236, 1.9616 -2.8066 1.0276, 1.969 -2.7959 1.0236, 1.969 -2.7959 1.0276, 1.9701 -2.7947 1.0236, 1.9701 -2.7947 1.0276, 1.9802 -2.7863 1.0236, 1.9802 -2.7863 1.0276, 1.9922 -2.7806 1.0236, 1.9922 -2.7806 1.0276, 2.0055 -2.778 1.0236, 2.0055 -2.778 1.0276, 2.0119 -2.7777 1.0236, 2.0119 -2.7777 1.0276, 2.0307 -2.7799 1.0236, 2.0307 -2.7799 1.0276, 2.0463 -2.7859 1.0236, 2.0463 -2.7859 1.0276, 2.048 -2.7868 1.0236, 2.048 -2.7868 1.0276, 2.048 -2.7661 1.0276, 2.048 -2.7661 1.0236, 2.0117 -2.7598 1.0236, 2.0117 -2.7598 1.0276, 2.0281 -2.7611 1.0236, 2.0317 -2.7614 1.0276, 2.0317 -2.7614 1.0236, 2.001 -2.7611 1.0236, 1.9896 -2.7625 1.0276, 1.9896 -2.7625 1.0236, 1.9736 -2.7687 1.0236, 1.9736 -2.7687 1.0276, 1.9588 -2.7791 1.0236, 1.9588 -2.7791 1.0276, 1.9554 -2.7824 1.0236, 1.9554 -2.7824 1.0276, 1.9443 -2.7969 1.0236, 1.9401 -2.8066 1.0236, 1.937 -2.8139 1.0276, 1.9443 -2.7969 1.0276, 1.937 -2.8139 1.0236, 1.9335 -2.8339 1.0236, 1.9335 -2.8339 1.0276, 1.9333 -2.8419 1.0236, 1.9333 -2.8419 1.0276, 1.9363 -2.8667 1.0236, 1.9401 -2.8767 1.0236, 1.9425 -2.8827 1.0276, 1.9363 -2.8667 1.0276, 1.9425 -2.8827 1.0236, 1.9516 -2.8958 1.0236, 1.9516 -2.8958 1.0276, 1.9529 -2.8973 1.0236, 1.9529 -2.8973 1.0276, 1.9638 -2.9066 1.0236, 1.9638 -2.9066 1.0276, 1.9781 -2.9138 1.0236, 1.9781 -2.9138 1.0276, 1.9944 -2.9176 1.0236, 1.9944 -2.9176 1.0276, 2.0056 -2.9182 1.0236, 2.0056 -2.9182 1.0276, 2.0289 -2.916 1.0236, 2.0289 -2.916 1.0276, 2.0454 -2.9106 1.0236, 2.0454 -2.9106 1.0276, 2.048 -2.9093 1.0236, 2.048 -2.9093 1.0276, 2.048 -2.8903 1.0276, 2.048 -2.8903 1.0236, 2.0349 -2.8964 1.0236, 2.0349 -2.8964 1.0276, 2.018 -2.9001 1.0236, 2.018 -2.9001 1.0276, 2.5579 -3.0994 1.0276, 2.5517 -3.1168 1.0276, 2.6093 -3.0994 1.0276, 2.6154 -3.1168 1.0276, 2.5808 -3.0358 1.0276, 2.5734 -3.0055 1.0276, 2.5151 -3.1587 1.0276, 2.5369 -3.1587 1.0276, 2.5822 -3.0312 1.0276, 2.5833 -3.025 1.0276, 2.5946 -3.0055 1.0276, 2.5838 -3.025 1.0276, 2.585 -3.0315 1.0276, 2.5862 -3.0358 1.0276, 2.6529 -3.1587 1.0276, 2.6311 -3.1587 1.0276, 2.5734 -3.0055 1.0236, 2.5946 -3.0055 1.0236, 2.5151 -3.1587 1.0236, 2.5369 -3.1587 1.0236, 2.5517 -3.1168 1.0236, 2.6154 -3.1168 1.0236, 2.6311 -3.1587 1.0236, 2.6529 -3.1587 1.0236, 2.5808 -3.0358 1.0236, 2.5822 -3.0312 1.0236, 2.5833 -3.025 1.0236, 2.5579 -3.0994 1.0236, 2.6093 -3.0994 1.0236, 2.5862 -3.0358 1.0236, 2.5838 -3.025 1.0236, 2.585 -3.0315 1.0236, 2.585 -3.0315 1.0236
            ]
        }
        coordIndex [
            0,1,2,-1,0,2,3,-1,3,2,4,-1,3,4,5,-1,5,4,6,-1,5,6,7,-1,7,6,8,-1,7,8,9,-1,9,8,10,-1,9,10,11,-1,11,10,12,-1,11,12,13,-1,13,12,14,-1,13,14,15,-1,15,14,16,-1,15,16,17,-1,17,16,18,-1,17,18,19,-1,19,18,20,-1,19,20,21,-1,21,20,22,-1,21,22,23,-1,23,22,24,-1,23,24,25,-1,25,24,26,-1,25,26,27,-1,27,26,28,-1,27,28,29,-1,29,28,30,-1,29,30,31,-1,31,30,32,-1,31,32,33,-1,33,32,34,-1,33,34,35,-1,35,34,36,-1,35,36,37,-1,37,36,38,-1,37,38,39,-1,40,39,41,-1,41,39,38,-1,42,43,44,-1,44,43,45,-1,44,45,46,-1,46,45,40,-1,46,40,41,-1,43,42,47,-1,43,47,48,-1,47,49,48,-1,48,49,50,-1,48,50,51,-1,51,50,52,-1,51,52,53,-1,53,52,54,-1,53,54,55,-1,55,54,56,-1,57,58,56,-1,56,58,59,-1,56,59,55,-1,57,60,58,-1,58,60,61,-1,58,61,62,-1,62,61,63,-1,62,63,64,-1,64,63,65,-1,66,67,65,-1,65,67,68,-1,65,68,64,-1,66,69,67,-1,67,69,70,-1,67,70,71,-1,71,70,72,-1,71,72,73,-1,73,72,74,-1,73,74,75,-1,75,74,76,-1,75,76,77,-1,77,76,78,-1,77,78,79,-1,79,78,80,-1,79,80,81,-1,81,80,82,-1,81,82,83,-1,83,82,84,-1,83,84,85,-1,85,84,86,-1,85,86,87,-1,88,87,89,-1,89,87,86,-1,88,89,90,-1,88,90,91,-1,91,90,92,-1,91,92,93,-1,93,92,1,-1,93,1,0,-1,19,21,59,-1,27,29,48,-1,59,21,55,-1,48,29,43,-1,48,51,27,-1,27,51,53,-1,27,53,25,-1,25,53,55,-1,25,55,23,-1,23,55,21,-1,29,31,43,-1,43,31,33,-1,43,33,45,-1,45,33,35,-1,45,35,40,-1,40,35,37,-1,40,37,39,-1,64,17,62,-1,62,17,19,-1,62,19,58,-1,58,19,59,-1,87,88,85,-1,85,88,91,-1,85,91,83,-1,83,91,93,-1,83,93,81,-1,81,93,0,-1,81,0,79,-1,79,0,3,-1,79,3,77,-1,77,3,5,-1,77,5,75,-1,75,5,7,-1,75,7,73,-1,73,7,9,-1,73,9,71,-1,71,9,11,-1,71,11,67,-1,67,11,68,-1,68,11,13,-1,68,13,64,-1,64,13,15,-1,64,15,17,-1,94,95,96,-1,96,95,97,-1,98,99,94,-1,94,99,100,-1,94,100,95,-1,95,100,101,-1,98,102,99,-1,99,102,103,-1,99,103,104,-1,104,103,105,-1,104,105,106,-1,106,107,104,-1,104,107,96,-1,104,96,108,-1,108,96,97,-1,108,97,109,-1,99,104,110,-1,110,104,111,-1,100,99,112,-1,112,99,110,-1,101,100,113,-1,113,100,112,-1,95,101,114,-1,114,101,113,-1,97,95,115,-1,115,95,114,-1,109,97,116,-1,116,97,115,-1,108,109,117,-1,117,109,116,-1,104,108,111,-1,111,108,117,-1,98,118,119,-1,98,119,102,-1,102,119,120,-1,102,120,103,-1,98,94,118,-1,118,94,121,-1,94,96,121,-1,121,96,122,-1,96,107,122,-1,122,107,123,-1,105,124,125,-1,105,125,106,-1,106,125,123,-1,106,123,107,-1,105,103,124,-1,124,103,120,-1,
        ]
    }
}
Shape{
    appearance Appearance {
        material  Material 	{
            diffuseColor 0.6666666666666666 0.6666666666666666 0.6666666666666666
            specularColor 0.4666666666666667 0.4666666666666667 0.4666666666666667
            ambientIntensity 0.2
            transparency 0
            shininess 0.5
        }
    }
    geometry IndexedFaceSet {
        ccw TRUE
        solid FALSE
        coord DEF co Coordinate {
            point [
                2.5838 -3.025 1.0236, 2.5833 -3.025 1.0236, 2.585 -3.0315 1.0236, 2.5822 -3.0312 1.0236, 2.5862 -3.0358 1.0236, 2.5808 -3.0358 1.0236, 2.6093 -3.0994 1.0236, 2.5579 -3.0994 1.0236, 2.5579 -3.0994 1.0236
            ]
        }
        coordIndex [
            0,1,2,-1,2,1,3,-1,2,3,4,-1,4,3,5,-1,4,5,6,-1,6,5,7,-1,
        ]
    }
}
Shape{
    appearance Appearance {
        material  Material 	{
            diffuseColor 0.0 0.0 0.0
            specularColor 0.0 0.0 0.0
            ambientIntensity 0.2
            transparency 0
            shininess 0.5
        }
    }
    geometry IndexedFaceSet {
        ccw TRUE
        solid FALSE
        coord DEF co Coordinate {
            point [
                2.2903 -3.1412 1.0236, 2.2903 -3.1412 1.0276, 2.319 -3.1412 1.0236, 2.3529 -3.1412 1.0276, 2.3529 -3.1412 1.0236, 2.2903 -3.0897 1.0276, 2.2903 -3.0897 1.0236, 2.3451 -3.0897 1.0236, 2.3451 -3.0897 1.0276, 2.319 -3.0897 1.0236, 2.3451 -3.0721 1.0276, 2.3451 -3.0721 1.0236, 2.2903 -3.0721 1.0236, 2.2903 -3.0721 1.0276, 2.319 -3.0721 1.0236, 2.2903 -3.0231 1.0276, 2.2903 -3.0231 1.0236, 2.3494 -3.0231 1.0236, 2.3494 -3.0231 1.0276, 2.319 -3.0231 1.0236, 2.3494 -3.0055 1.0276, 2.3494 -3.0055 1.0236, 2.2705 -3.0055 1.0236, 2.2705 -3.0055 1.0276, 2.319 -3.0055 1.0236, 2.2705 -3.1587 1.0276, 2.2705 -3.1587 1.0236, 2.3529 -3.1587 1.0236, 2.3529 -3.1587 1.0276, 2.319 -3.1587 1.0236, 1.866 -3.1412 1.0276, 1.9286 -3.1412 1.0276, 1.866 -3.1412 1.0236, 1.9286 -3.1412 1.0236, 1.866 -3.0897 1.0276, 1.866 -3.0897 1.0236, 1.9208 -3.0897 1.0276, 1.9208 -3.0897 1.0236, 1.9208 -3.0721 1.0276, 1.9208 -3.0721 1.0236, 1.866 -3.0721 1.0276, 1.866 -3.0721 1.0236, 1.866 -3.0231 1.0276, 1.866 -3.0231 1.0236, 1.9251 -3.0231 1.0276, 1.9251 -3.0231 1.0236, 1.9251 -3.0055 1.0276, 1.9251 -3.0055 1.0236, 1.8462 -3.0055 1.0276, 1.8462 -3.0055 1.0236, 1.8462 -3.1587 1.0276, 1.8462 -3.1587 1.0236, 1.9286 -3.1587 1.0276, 1.9286 -3.1587 1.0236, 2.3661 -2.8564 1.0276, 2.3598 -2.8737 1.0276, 2.4175 -2.8564 1.0276, 2.4236 -2.8737 1.0276, 2.389 -2.7927 1.0276, 2.3816 -2.7624 1.0276, 2.3232 -2.9156 1.0276, 2.3451 -2.9156 1.0276, 2.3903 -2.7882 1.0276, 2.3915 -2.782 1.0276, 2.4027 -2.7624 1.0276, 2.3919 -2.782 1.0276, 2.3932 -2.7885 1.0276, 2.3943 -2.7927 1.0276, 2.4611 -2.9156 1.0276, 2.4392 -2.9156 1.0276, 2.3816 -2.7624 1.0236, 2.4027 -2.7624 1.0236, 2.3232 -2.9156 1.0236, 2.3674 -2.7997 1.0236, 2.3451 -2.9156 1.0236, 2.3598 -2.8737 1.0236, 2.4236 -2.8737 1.0236, 2.3674 -2.8737 1.0236, 2.4392 -2.9156 1.0236, 2.4611 -2.9156 1.0236, 2.389 -2.7927 1.0236, 2.3903 -2.7882 1.0236, 2.3915 -2.782 1.0236, 2.3661 -2.8564 1.0236, 2.4175 -2.8564 1.0236, 2.3943 -2.7927 1.0236, 2.3919 -2.782 1.0236, 2.3932 -2.7885 1.0236, 2.3932 -2.7885 1.0236
            ]
        }
        coordIndex [
            0,1,2,-1,2,1,3,-1,2,3,4,-1,5,1,6,-1,6,1,0,-1,7,8,9,-1,9,8,5,-1,9,5,6,-1,10,8,11,-1,11,8,7,-1,12,13,14,-1,14,13,10,-1,14,10,11,-1,15,13,16,-1,16,13,12,-1,17,18,19,-1,19,18,15,-1,19,15,16,-1,20,18,21,-1,21,18,17,-1,22,23,24,-1,24,23,20,-1,24,20,21,-1,25,23,26,-1,26,23,22,-1,27,28,29,-1,29,28,25,-1,29,25,26,-1,3,28,4,-1,4,28,27,-1,25,28,3,-1,3,1,25,-1,25,1,5,-1,25,5,23,-1,18,20,15,-1,15,20,23,-1,15,23,13,-1,13,23,5,-1,13,5,10,-1,10,5,8,-1,30,31,32,-1,32,31,33,-1,34,30,35,-1,35,30,32,-1,36,34,37,-1,37,34,35,-1,38,36,39,-1,39,36,37,-1,40,38,41,-1,41,38,39,-1,42,40,43,-1,43,40,41,-1,44,42,45,-1,45,42,43,-1,46,44,47,-1,47,44,45,-1,48,46,49,-1,49,46,47,-1,50,48,51,-1,51,48,49,-1,52,50,53,-1,53,50,51,-1,31,52,33,-1,33,52,53,-1,50,52,31,-1,31,30,50,-1,50,30,34,-1,50,34,48,-1,44,46,42,-1,42,46,48,-1,42,48,40,-1,40,48,34,-1,40,34,38,-1,38,34,36,-1,54,55,56,-1,56,55,57,-1,58,59,54,-1,54,59,60,-1,54,60,55,-1,55,60,61,-1,58,62,59,-1,59,62,63,-1,59,63,64,-1,64,63,65,-1,64,65,66,-1,66,67,64,-1,64,67,56,-1,64,56,68,-1,68,56,57,-1,68,57,69,-1,59,64,70,-1,70,64,71,-1,72,60,73,-1,73,60,59,-1,73,59,70,-1,61,60,74,-1,74,60,72,-1,55,61,75,-1,75,61,74,-1,76,57,77,-1,77,57,55,-1,77,55,75,-1,69,57,78,-1,78,57,76,-1,68,69,79,-1,79,69,78,-1,64,68,71,-1,71,68,79,-1,58,80,81,-1,58,81,62,-1,62,81,82,-1,62,82,63,-1,58,54,80,-1,80,54,83,-1,54,56,83,-1,83,56,84,-1,56,67,84,-1,84,67,85,-1,65,86,87,-1,65,87,66,-1,66,87,85,-1,66,85,67,-1,65,63,86,-1,86,63,82,-1,
        ]
    }
}
Shape{
    appearance Appearance {
        material  Material 	{
            diffuseColor 0.6666666666666666 0.6666666666666666 0.6666666666666666
            specularColor 0.4666666666666667 0.4666666666666667 0.4666666666666667
            ambientIntensity 0.2
            transparency 0
            shininess 0.5
        }
    }
    geometry IndexedFaceSet {
        ccw TRUE
        solid FALSE
        coord DEF co Coordinate {
            point [
                2.3919 -2.782 1.0236, 2.3915 -2.782 1.0236, 2.3932 -2.7885 1.0236, 2.3903 -2.7882 1.0236, 2.3943 -2.7927 1.0236, 2.389 -2.7927 1.0236, 2.4175 -2.8564 1.0236, 2.3661 -2.8564 1.0236, 2.3661 -2.8564 1.0236
            ]
        }
        coordIndex [
            0,1,2,-1,2,1,3,-1,2,3,4,-1,4,3,5,-1,4,5,6,-1,6,5,7,-1,
        ]
    }
}
Shape{
    appearance Appearance {
        material  Material 	{
            diffuseColor 0.0 0.0 0.0
            specularColor 0.0 0.0 0.0
            ambientIntensity 0.2
            transparency 0
            shininess 0.5
        }
    }
    geometry IndexedFaceSet {
        ccw TRUE
        solid FALSE
        coord DEF co Coordinate {
            point [
                2.0984 -2.8982 1.0236, 2.0984 -2.8982 1.0276, 2.1398 -2.8982 1.0236, 2.161 -2.8982 1.0276, 2.161 -2.8982 1.0236, 2.0984 -2.8466 1.0276, 2.0984 -2.8466 1.0236, 2.1532 -2.8466 1.0236, 2.1532 -2.8466 1.0276, 2.1398 -2.8466 1.0236, 2.1532 -2.8291 1.0276, 2.1532 -2.8291 1.0236, 2.0984 -2.8291 1.0236, 2.0984 -2.8291 1.0276, 2.1398 -2.8291 1.0236, 2.0984 -2.78 1.0276, 2.0984 -2.78 1.0236, 2.1576 -2.78 1.0236, 2.1576 -2.78 1.0276, 2.1398 -2.78 1.0236, 2.1576 -2.7624 1.0276, 2.1576 -2.7624 1.0236, 2.0786 -2.7624 1.0236, 2.0786 -2.7624 1.0276, 2.1398 -2.7624 1.0236, 2.0786 -2.9156 1.0276, 2.0786 -2.9156 1.0236, 2.161 -2.9156 1.0236, 2.161 -2.9156 1.0276, 2.1398 -2.9156 1.0236, 1.866 -2.8982 1.0276, 1.927 -2.8982 1.0276, 1.866 -2.8982 1.0236, 1.927 -2.8982 1.0236, 1.866 -2.7624 1.0276, 1.866 -2.7624 1.0236, 1.8462 -2.7624 1.0276, 1.8462 -2.7624 1.0236, 1.8462 -2.9156 1.0276, 1.8462 -2.9156 1.0236, 1.927 -2.9156 1.0276, 1.927 -2.9156 1.0236, 1.927 -2.9156 1.0236
            ]
        }
        coordIndex [
            0,1,2,-1,2,1,3,-1,2,3,4,-1,5,1,6,-1,6,1,0,-1,7,8,9,-1,9,8,5,-1,9,5,6,-1,10,8,11,-1,11,8,7,-1,12,13,14,-1,14,13,10,-1,14,10,11,-1,15,13,16,-1,16,13,12,-1,17,18,19,-1,19,18,15,-1,19,15,16,-1,20,18,21,-1,21,18,17,-1,22,23,24,-1,24,23,20,-1,24,20,21,-1,25,23,26,-1,26,23,22,-1,27,28,29,-1,29,28,25,-1,29,25,26,-1,3,28,4,-1,4,28,27,-1,25,28,3,-1,3,1,25,-1,25,1,5,-1,25,5,23,-1,18,20,15,-1,15,20,23,-1,15,23,13,-1,13,23,5,-1,13,5,10,-1,10,5,8,-1,30,31,32,-1,32,31,33,-1,34,30,35,-1,35,30,32,-1,36,34,37,-1,37,34,35,-1,38,36,39,-1,39,36,37,-1,40,38,41,-1,41,38,39,-1,31,40,33,-1,33,40,41,-1,34,36,30,-1,30,36,38,-1,30,38,31,-1,31,38,40,-1,
        ]
    }
}